1,2,827.06,372.14,141.16,293.78,1,-1,-1,-1
1,1,892.17,364.08,187.36,327.54,1,-1,-1,-1
2,3,863.92,376.62,134.24,304.54,1,-1,-1,-1
2,2,807.70,374.50,155.86,290.85,1,-1,-1,-1
2,1,897.22,368.64,190.27,323.97,1,-1,-1,-1
3,3,854.31,374.36,146.98,304.74,1,-1,-1,-1
3,2,793.23,376.93,163.45,286.58,1,-1,-1,-1
3,1,898.27,366.19,191.93,325.30,1,-1,-1,-1
4,2,782.67,384.97,172.26,273.95,1,-1,-1,-1
4,1,899.95,363.19,190.72,327.01,1,-1,-1,-1
5,3,847.94,374.69,133.30,295.92,1,-1,-1,-1
5,2,780.46,387.43,153.69,268.08,1,-1,-1,-1
5,1,900.40,358.82,190.29,329.42,1,-1,-1,-1
6,3,872.84,373.75,110.50,296.76,1,-1,-1,-1
6,2,778.82,384.27,144.99,274.14,1,-1,-1,-1
6,1,900.26,357.31,190.59,332.67,1,-1,-1,-1
7,3,871.99,372.15,102.43,294.89,1,-1,-1,-1
7,2,775.45,383.86,145.37,275.79,1,-1,-1,-1
7,1,925.80,356.51,165.91,331.47,1,-1,-1,-1
8,3,877.54,372.09,103.04,293.77,1,-1,-1,-1
8,2,773.00,382.79,127.56,276.92,1,-1,-1,-1
8,1,934.35,354.81,170.38,336.15,1,-1,-1,-1
9,3,881.09,369.78,102.82,296.08,1,-1,-1,-1
9,2,771.33,381.29,124.60,279.95,1,-1,-1,-1
9,1,936.00,352.06,182.76,338.54,1,-1,-1,-1
10,4,842.77,368.52,96.91,295.13,1,-1,-1,-1
9,4,839.62,370.76,99.90,291.48,1,-1,-1,-1
8,4,858.04,372.23,82.79,292.90,1,-1,-1,-1
10,3,885.56,367.53,102.36,295.93,1,-1,-1,-1
10,2,770.41,380.32,129.23,281.12,1,-1,-1,-1
10,1,937.03,351.42,198.86,340.05,1,-1,-1,-1
11,4,840.39,367.48,98.46,297.70,1,-1,-1,-1
11,3,886.25,365.34,101.58,298.61,1,-1,-1,-1
11,2,770.93,378.95,123.42,281.53,1,-1,-1,-1
11,1,935.88,350.49,209.47,343.12,1,-1,-1,-1
12,4,838.07,367.59,96.96,297.13,1,-1,-1,-1
12,3,886.30,363.64,100.29,299.73,1,-1,-1,-1
12,2,770.90,380.35,110.21,279.45,1,-1,-1,-1
12,1,936.41,352.36,219.38,342.26,1,-1,-1,-1
13,4,833.31,367.66,101.25,298.31,1,-1,-1,-1
13,3,884.47,364.22,101.22,303.70,1,-1,-1,-1
13,2,767.74,380.67,110.71,277.79,1,-1,-1,-1
13,1,935.68,352.69,206.48,341.03,1,-1,-1,-1
14,4,830.52,369.95,102.37,297.95,1,-1,-1,-1
14,3,885.72,362.47,97.40,307.17,1,-1,-1,-1
14,2,765.23,383.44,105.91,275.57,1,-1,-1,-1
14,1,936.48,351.99,214.84,339.60,1,-1,-1,-1
15,4,830.40,370.26,101.65,298.39,1,-1,-1,-1
15,3,885.52,361.48,96.82,309.27,1,-1,-1,-1
15,2,764.65,382.68,108.73,279.19,1,-1,-1,-1
15,1,936.32,351.85,204.02,339.93,1,-1,-1,-1
16,4,828.46,371.87,102.46,297.72,1,-1,-1,-1
16,3,886.35,363.29,99.17,309.27,1,-1,-1,-1
16,2,763.88,381.78,109.32,280.59,1,-1,-1,-1
16,1,935.96,352.06,212.27,340.71,1,-1,-1,-1
17,4,827.39,371.83,104.22,297.96,1,-1,-1,-1
17,3,886.26,364.66,98.66,309.06,1,-1,-1,-1
17,2,765.02,382.75,109.32,278.20,1,-1,-1,-1
17,1,935.72,350.56,204.32,342.68,1,-1,-1,-1
18,4,825.87,371.25,106.73,300.05,1,-1,-1,-1
18,3,882.68,364.96,101.78,310.27,1,-1,-1,-1
18,2,763.79,382.85,110.14,279.06,1,-1,-1,-1
18,1,937.22,350.29,194.15,344.55,1,-1,-1,-1
19,4,823.48,371.57,104.33,298.98,1,-1,-1,-1
19,3,883.64,363.96,94.91,308.23,1,-1,-1,-1
19,2,762.65,382.48,107.69,279.20,1,-1,-1,-1
19,1,937.43,351.00,169.37,345.78,1,-1,-1,-1
20,4,824.58,371.94,104.31,300.95,1,-1,-1,-1
20,3,880.97,363.68,97.29,312.18,1,-1,-1,-1
20,2,761.19,382.02,109.47,280.34,1,-1,-1,-1
20,1,936.97,350.32,163.63,348.10,1,-1,-1,-1
21,4,822.46,372.08,103.95,301.38,1,-1,-1,-1
21,3,882.25,362.70,96.82,314.98,1,-1,-1,-1
21,2,761.21,381.86,106.93,280.22,1,-1,-1,-1
21,1,935.65,348.70,162.76,349.75,1,-1,-1,-1
22,4,820.31,371.65,105.50,303.28,1,-1,-1,-1
22,3,883.97,362.35,93.21,314.82,1,-1,-1,-1
22,2,761.32,382.01,100.91,279.28,1,-1,-1,-1
22,1,935.65,347.55,163.64,351.08,1,-1,-1,-1
23,4,824.12,371.68,99.21,302.76,1,-1,-1,-1
23,3,882.80,361.66,94.76,317.91,1,-1,-1,-1
23,2,760.64,381.20,109.94,285.20,1,-1,-1,-1
23,1,935.47,348.20,166.02,350.95,1,-1,-1,-1
24,4,819.86,372.38,104.87,304.98,1,-1,-1,-1
24,3,883.22,362.24,102.03,324.32,1,-1,-1,-1
24,2,760.25,381.91,109.27,285.63,1,-1,-1,-1
24,1,936.43,344.41,166.76,356.19,1,-1,-1,-1
25,4,819.18,371.53,107.63,306.28,1,-1,-1,-1
25,3,877.51,360.09,105.35,323.34,1,-1,-1,-1
25,2,759.66,382.30,107.00,281.81,1,-1,-1,-1
25,1,937.99,343.87,167.02,359.67,1,-1,-1,-1
26,4,818.59,369.04,109.21,307.79,1,-1,-1,-1
26,3,879.26,360.26,105.96,320.50,1,-1,-1,-1
26,2,758.85,382.52,108.47,281.76,1,-1,-1,-1
26,1,938.72,344.15,167.87,361.07,1,-1,-1,-1
27,4,818.37,369.60,110.58,308.44,1,-1,-1,-1
27,3,881.43,361.39,108.00,320.98,1,-1,-1,-1
27,2,758.18,383.23,106.61,280.41,1,-1,-1,-1
27,1,940.65,344.30,166.51,359.78,1,-1,-1,-1
28,4,817.78,368.34,110.89,310.89,1,-1,-1,-1
28,3,881.68,361.82,104.91,322.69,1,-1,-1,-1
28,2,758.05,383.25,108.11,282.57,1,-1,-1,-1
28,1,938.79,343.30,169.59,358.21,1,-1,-1,-1
29,4,817.07,368.44,105.84,313.18,1,-1,-1,-1
29,3,883.71,362.97,100.89,323.10,1,-1,-1,-1
29,2,758.29,385.16,98.59,280.31,1,-1,-1,-1
29,1,938.54,344.31,172.11,360.83,1,-1,-1,-1
30,4,819.24,367.25,104.54,316.86,1,-1,-1,-1
30,3,885.23,363.02,102.54,325.49,1,-1,-1,-1
30,2,757.95,384.96,100.97,281.83,1,-1,-1,-1
30,1,941.94,344.57,169.90,359.10,1,-1,-1,-1
31,4,818.80,367.45,106.67,318.34,1,-1,-1,-1
31,3,885.85,362.24,101.51,327.30,1,-1,-1,-1
31,2,757.95,383.79,106.53,285.42,1,-1,-1,-1
31,1,941.08,344.28,171.19,361.83,1,-1,-1,-1
32,4,818.18,364.64,110.82,320.24,1,-1,-1,-1
32,3,884.78,362.86,102.57,321.44,1,-1,-1,-1
32,2,758.35,381.69,105.77,286.87,1,-1,-1,-1
32,1,938.96,344.11,173.87,364.30,1,-1,-1,-1
33,4,818.01,364.39,118.78,321.43,1,-1,-1,-1
33,3,884.96,362.95,102.69,320.00,1,-1,-1,-1
33,2,757.81,381.77,112.82,288.18,1,-1,-1,-1
33,1,939.68,344.72,173.36,365.21,1,-1,-1,-1
34,4,816.03,364.79,118.67,321.74,1,-1,-1,-1
34,3,885.97,363.06,106.35,319.08,1,-1,-1,-1
34,2,756.75,379.63,114.96,292.87,1,-1,-1,-1
34,1,934.44,344.89,178.18,369.12,1,-1,-1,-1
35,3,887.84,363.11,103.80,315.52,1,-1,-1,-1
35,2,754.59,379.03,118.91,295.90,1,-1,-1,-1
35,1,933.28,345.57,179.29,369.79,1,-1,-1,-1
36,3,882.06,361.96,113.72,329.00,1,-1,-1,-1
36,2,753.61,378.43,119.11,296.72,1,-1,-1,-1
36,1,933.87,344.80,179.05,371.47,1,-1,-1,-1
37,3,879.68,360.78,112.66,331.24,1,-1,-1,-1
37,2,753.01,377.37,115.37,294.67,1,-1,-1,-1
37,1,932.31,344.63,180.33,372.39,1,-1,-1,-1
38,4,809.41,364.17,110.30,323.18,1,-1,-1,-1
37,4,811.41,363.94,108.98,323.91,1,-1,-1,-1
36,4,813.25,363.77,108.36,324.09,1,-1,-1,-1
38,3,875.80,360.15,114.50,333.93,1,-1,-1,-1
38,2,752.14,376.65,111.03,295.30,1,-1,-1,-1
38,1,932.22,343.99,180.83,372.69,1,-1,-1,-1
39,4,809.85,364.80,108.75,325.58,1,-1,-1,-1
39,3,873.79,361.18,113.71,329.79,1,-1,-1,-1
39,2,747.98,377.28,113.61,299.88,1,-1,-1,-1
39,1,933.57,342.92,179.29,375.05,1,-1,-1,-1
40,4,809.27,364.29,104.94,325.39,1,-1,-1,-1
40,3,876.99,361.49,109.33,330.75,1,-1,-1,-1
40,2,747.97,376.89,115.26,302.25,1,-1,-1,-1
40,1,933.92,341.93,179.54,376.74,1,-1,-1,-1
41,4,808.94,362.89,108.37,325.37,1,-1,-1,-1
41,3,876.89,360.69,114.25,327.66,1,-1,-1,-1
41,2,747.88,377.14,117.86,302.22,1,-1,-1,-1
41,1,932.54,340.66,181.15,378.64,1,-1,-1,-1
42,4,808.44,360.46,109.10,329.86,1,-1,-1,-1
42,3,879.20,359.51,108.35,323.73,1,-1,-1,-1
42,2,747.09,376.59,112.65,303.27,1,-1,-1,-1
42,1,932.25,338.72,181.57,381.69,1,-1,-1,-1
43,4,806.56,360.30,111.23,335.63,1,-1,-1,-1
43,3,878.86,360.14,111.58,321.59,1,-1,-1,-1
43,2,745.90,375.01,114.33,304.87,1,-1,-1,-1
43,1,933.49,337.56,180.09,384.11,1,-1,-1,-1
44,4,805.68,360.66,113.85,335.95,1,-1,-1,-1
44,3,872.87,357.32,124.63,336.33,1,-1,-1,-1
44,2,741.19,373.10,121.07,309.02,1,-1,-1,-1
44,1,934.12,337.63,179.44,385.08,1,-1,-1,-1
45,4,806.67,360.84,110.14,331.22,1,-1,-1,-1
45,3,876.20,356.51,119.08,339.53,1,-1,-1,-1
45,2,740.02,373.30,123.93,308.14,1,-1,-1,-1
45,1,933.46,337.74,182.19,385.51,1,-1,-1,-1
46,4,805.68,359.42,117.50,336.54,1,-1,-1,-1
46,3,879.10,357.12,115.07,338.14,1,-1,-1,-1
46,2,740.61,373.32,124.87,308.45,1,-1,-1,-1
46,1,932.84,336.34,184.34,386.89,1,-1,-1,-1
47,4,806.55,360.52,111.48,332.43,1,-1,-1,-1
47,3,881.04,356.84,112.76,335.58,1,-1,-1,-1
47,2,742.54,373.34,122.86,307.61,1,-1,-1,-1
47,1,933.76,335.11,185.32,388.86,1,-1,-1,-1
48,4,806.14,358.32,110.62,335.82,1,-1,-1,-1
48,3,877.55,355.74,109.97,342.76,1,-1,-1,-1
48,2,743.83,374.16,122.52,308.30,1,-1,-1,-1
48,1,935.19,334.83,184.01,389.45,1,-1,-1,-1
49,4,808.52,358.36,107.24,337.35,1,-1,-1,-1
49,3,879.71,351.42,117.14,352.42,1,-1,-1,-1
49,2,744.58,373.50,127.66,311.00,1,-1,-1,-1
49,1,938.76,334.16,183.09,392.80,1,-1,-1,-1
50,4,809.85,357.99,115.03,342.20,1,-1,-1,-1
50,3,880.39,351.70,120.47,349.92,1,-1,-1,-1
50,2,745.46,372.90,127.00,310.58,1,-1,-1,-1
50,1,938.17,334.57,185.66,391.85,1,-1,-1,-1
51,4,809.06,357.06,123.94,343.70,1,-1,-1,-1
51,3,883.60,351.82,116.78,348.66,1,-1,-1,-1
51,2,745.22,371.90,127.32,313.50,1,-1,-1,-1
51,1,943.87,332.54,182.88,394.31,1,-1,-1,-1
52,4,811.49,356.09,123.16,345.46,1,-1,-1,-1
52,3,882.09,350.90,112.63,353.26,1,-1,-1,-1
52,2,745.74,371.51,120.71,315.59,1,-1,-1,-1
52,1,948.00,331.02,179.42,396.21,1,-1,-1,-1
53,4,812.96,357.22,117.80,345.31,1,-1,-1,-1
53,3,885.97,351.81,115.28,353.36,1,-1,-1,-1
53,2,746.70,371.18,120.06,315.34,1,-1,-1,-1
53,1,949.45,331.45,180.07,397.53,1,-1,-1,-1
54,4,813.91,356.69,109.81,342.47,1,-1,-1,-1
54,3,885.70,350.23,118.17,357.08,1,-1,-1,-1
54,2,745.28,370.29,126.25,317.44,1,-1,-1,-1
54,1,948.80,328.95,187.33,398.86,1,-1,-1,-1
55,4,813.90,356.18,101.45,341.11,1,-1,-1,-1
55,3,888.84,349.43,121.08,357.90,1,-1,-1,-1
55,2,744.47,370.13,134.93,320.23,1,-1,-1,-1
55,1,951.18,328.61,186.08,404.93,1,-1,-1,-1
56,4,814.14,356.26,124.76,347.00,1,-1,-1,-1
56,3,887.28,349.78,128.94,359.06,1,-1,-1,-1
56,2,745.99,370.25,126.63,321.39,1,-1,-1,-1
56,1,948.67,328.88,191.63,405.01,1,-1,-1,-1
57,4,814.26,356.05,124.85,346.86,1,-1,-1,-1
57,3,887.40,349.27,125.34,358.22,1,-1,-1,-1
57,2,746.84,370.72,122.84,320.43,1,-1,-1,-1
57,1,950.76,328.14,191.38,409.64,1,-1,-1,-1
58,4,814.36,355.51,108.46,345.21,1,-1,-1,-1
58,3,888.24,350.70,124.84,359.47,1,-1,-1,-1
58,2,748.10,371.26,122.34,319.84,1,-1,-1,-1
58,1,951.33,327.93,193.44,408.45,1,-1,-1,-1
59,4,814.49,355.90,113.40,347.37,1,-1,-1,-1
59,3,888.28,349.95,123.99,362.70,1,-1,-1,-1
59,2,749.27,370.43,129.90,324.90,1,-1,-1,-1
59,1,955.50,324.92,192.93,415.02,1,-1,-1,-1
60,4,814.14,356.70,118.84,347.68,1,-1,-1,-1
60,3,893.23,347.33,122.53,364.13,1,-1,-1,-1
60,2,750.54,370.39,129.68,321.71,1,-1,-1,-1
60,1,957.33,327.04,191.86,413.27,1,-1,-1,-1
61,4,812.74,355.82,118.07,348.20,1,-1,-1,-1
61,3,890.88,344.81,126.84,369.51,1,-1,-1,-1
61,2,751.76,369.54,130.99,323.48,1,-1,-1,-1
61,1,959.19,326.89,190.69,415.12,1,-1,-1,-1
62,4,811.37,354.95,116.89,349.33,1,-1,-1,-1
62,3,886.95,343.92,132.00,368.04,1,-1,-1,-1
62,2,751.81,370.59,130.70,327.45,1,-1,-1,-1
62,1,960.07,326.79,189.50,417.53,1,-1,-1,-1
63,4,812.44,354.74,113.88,352.68,1,-1,-1,-1
63,2,753.10,372.24,120.21,324.55,1,-1,-1,-1
63,1,964.45,326.13,182.39,418.75,1,-1,-1,-1
64,5,880.81,346.90,140.99,373.76,1,-1,-1,-1
63,5,888.42,345.20,127.16,367.53,1,-1,-1,-1
62,5,886.65,345.20,128.15,368.42,1,-1,-1,-1
64,4,788.92,357.44,131.77,348.00,1,-1,-1,-1
64,2,757.04,374.13,114.97,322.10,1,-1,-1,-1
64,1,943.89,335.16,202.68,404.40,1,-1,-1,-1
65,4,795.12,359.29,122.19,345.68,1,-1,-1,-1
65,2,757.88,376.14,122.59,322.31,1,-1,-1,-1
65,1,913.32,341.14,232.23,400.87,1,-1,-1,-1
66,4,780.22,366.40,133.63,338.73,1,-1,-1,-1
66,2,759.28,372.58,130.23,325.20,1,-1,-1,-1
66,1,904.31,348.83,242.60,392.11,1,-1,-1,-1
67,4,755.24,367.95,161.26,335.42,1,-1,-1,-1
67,2,749.77,370.84,141.01,324.26,1,-1,-1,-1
67,1,895.52,354.07,254.92,389.94,1,-1,-1,-1
68,5,866.23,348.41,206.41,378.96,1,-1,-1,-1
67,5,889.49,348.21,149.15,360.41,1,-1,-1,-1
66,5,883.74,346.52,163.00,368.66,1,-1,-1,-1
68,4,759.69,368.84,157.02,339.83,1,-1,-1,-1
68,2,712.57,375.90,186.91,317.43,1,-1,-1,-1
68,1,871.26,352.30,278.09,392.29,1,-1,-1,-1
69,4,692.41,368.75,234.19,338.57,1,-1,-1,-1
69,1,854.39,346.23,282.74,399.08,1,-1,-1,-1
70,4,699.31,363.85,226.74,350.07,1,-1,-1,-1
70,1,809.93,343.37,332.22,405.10,1,-1,-1,-1
71,4,696.11,358.15,219.76,357.86,1,-1,-1,-1
71,1,805.92,338.68,329.67,416.68,1,-1,-1,-1
72,4,694.95,355.63,187.19,359.19,1,-1,-1,-1
72,2,815.60,376.50,137.54,332.00,1,-1,-1,-1
71,2,803.01,379.76,174.40,325.45,1,-1,-1,-1
70,2,754.84,377.70,220.04,330.01,1,-1,-1,-1
72,1,824.22,329.10,269.81,413.24,1,-1,-1,-1
73,4,692.68,354.95,169.42,360.44,1,-1,-1,-1
73,3,967.40,340.16,143.28,365.21,1,-1,-1,-1
72,3,959.38,342.34,164.92,397.77,1,-1,-1,-1
71,3,916.22,341.40,212.97,394.09,1,-1,-1,-1
73,1,815.34,329.06,273.12,419.80,1,-1,-1,-1
74,4,689.34,350.53,161.46,365.66,1,-1,-1,-1
74,3,966.66,334.83,135.75,379.22,1,-1,-1,-1
74,1,815.99,321.36,262.32,436.90,1,-1,-1,-1
75,4,682.50,347.31,132.34,376.13,1,-1,-1,-1
75,3,982.60,332.75,151.20,400.42,1,-1,-1,-1
75,1,793.11,314.67,251.03,450.05,1,-1,-1,-1
76,4,666.30,345.53,145.32,378.33,1,-1,-1,-1
76,3,1008.80,333.51,153.25,388.56,1,-1,-1,-1
76,1,798.25,310.84,208.40,444.73,1,-1,-1,-1
77,4,650.63,345.04,152.84,376.04,1,-1,-1,-1
77,3,1014.25,338.78,176.70,395.51,1,-1,-1,-1
77,1,788.55,311.24,218.05,435.24,1,-1,-1,-1
78,4,629.91,339.80,157.50,382.57,1,-1,-1,-1
78,3,1022.32,332.52,183.94,401.52,1,-1,-1,-1
78,2,873.16,357.29,146.93,344.35,1,-1,-1,-1
77,2,826.86,318.13,194.60,381.36,1,-1,-1,-1
76,2,825.36,315.42,196.96,386.87,1,-1,-1,-1
78,1,773.81,313.36,192.23,432.98,1,-1,-1,-1
79,4,604.10,335.14,167.66,389.40,1,-1,-1,-1
79,3,1032.51,337.65,186.04,408.15,1,-1,-1,-1
79,2,882.93,357.15,136.79,344.68,1,-1,-1,-1
79,1,767.74,310.03,188.94,462.32,1,-1,-1,-1
80,4,579.87,328.33,178.97,398.59,1,-1,-1,-1
80,3,1050.83,327.25,172.38,419.48,1,-1,-1,-1
80,2,885.47,354.25,138.10,348.98,1,-1,-1,-1
80,1,764.08,309.43,170.36,465.52,1,-1,-1,-1
81,4,576.64,334.05,185.58,395.27,1,-1,-1,-1
81,3,1062.61,329.82,164.74,418.67,1,-1,-1,-1
81,2,887.23,354.34,137.13,350.81,1,-1,-1,-1
81,1,761.79,309.62,152.65,462.86,1,-1,-1,-1
82,4,572.72,334.75,201.65,394.90,1,-1,-1,-1
82,3,1064.49,332.71,168.26,417.37,1,-1,-1,-1
82,2,889.06,352.57,138.14,352.19,1,-1,-1,-1
82,1,751.11,310.56,156.11,467.18,1,-1,-1,-1
83,4,564.63,336.50,208.20,395.32,1,-1,-1,-1
83,3,1071.53,331.82,165.55,422.47,1,-1,-1,-1
83,2,889.89,351.83,137.83,353.73,1,-1,-1,-1
83,1,737.67,307.97,164.52,464.49,1,-1,-1,-1
84,4,565.24,332.07,173.02,403.22,1,-1,-1,-1
84,3,1074.19,330.53,165.51,428.19,1,-1,-1,-1
84,2,884.83,349.39,145.40,357.56,1,-1,-1,-1
84,1,724.44,308.81,175.80,467.87,1,-1,-1,-1
85,4,539.06,329.69,178.14,409.73,1,-1,-1,-1
85,3,1078.04,330.03,152.22,422.41,1,-1,-1,-1
85,2,891.65,348.65,142.27,357.96,1,-1,-1,-1
85,1,724.18,318.35,177.26,459.35,1,-1,-1,-1
86,4,528.95,333.18,172.65,407.53,1,-1,-1,-1
86,3,1076.91,332.98,156.30,422.07,1,-1,-1,-1
86,2,890.52,349.58,147.62,359.09,1,-1,-1,-1
86,1,724.78,328.16,174.91,451.36,1,-1,-1,-1
87,4,529.16,338.71,170.05,402.36,1,-1,-1,-1
87,3,1079.42,332.19,154.50,425.98,1,-1,-1,-1
87,2,889.70,351.77,150.98,358.29,1,-1,-1,-1
87,1,723.82,331.48,176.99,448.81,1,-1,-1,-1
88,4,524.44,344.84,171.06,398.33,1,-1,-1,-1
88,3,1080.38,330.64,157.20,434.42,1,-1,-1,-1
88,2,890.12,352.90,152.86,358.02,1,-1,-1,-1
88,1,725.28,332.56,176.66,446.77,1,-1,-1,-1
89,4,513.67,348.86,179.94,395.23,1,-1,-1,-1
89,3,1077.63,331.88,162.12,432.62,1,-1,-1,-1
89,2,891.74,354.07,150.56,357.29,1,-1,-1,-1
89,1,725.06,337.58,176.29,440.87,1,-1,-1,-1
90,4,506.35,354.79,195.78,391.67,1,-1,-1,-1
90,3,1079.09,334.62,164.90,434.32,1,-1,-1,-1
90,2,891.31,364.02,152.50,349.83,1,-1,-1,-1
90,1,724.42,340.97,176.64,442.74,1,-1,-1,-1
91,4,511.71,357.66,189.80,389.78,1,-1,-1,-1
91,3,1086.43,336.77,157.90,432.95,1,-1,-1,-1
91,2,891.56,365.37,154.79,349.72,1,-1,-1,-1
91,1,722.19,343.90,184.81,440.79,1,-1,-1,-1
92,4,513.61,359.48,192.26,388.84,1,-1,-1,-1
92,3,1090.16,339.25,156.51,434.58,1,-1,-1,-1
92,2,893.67,369.04,152.01,348.02,1,-1,-1,-1
92,1,720.74,344.61,186.19,439.97,1,-1,-1,-1
93,4,519.40,365.62,188.43,383.08,1,-1,-1,-1
93,3,1091.67,341.03,157.23,435.71,1,-1,-1,-1
93,2,892.30,370.93,155.23,346.83,1,-1,-1,-1
93,1,721.88,348.41,182.02,441.40,1,-1,-1,-1
94,4,522.58,365.15,184.81,386.63,1,-1,-1,-1
94,3,1092.14,340.73,161.32,436.84,1,-1,-1,-1
94,2,894.39,372.86,155.72,345.31,1,-1,-1,-1
94,1,718.00,350.22,189.03,440.25,1,-1,-1,-1
95,4,537.82,369.57,159.61,381.39,1,-1,-1,-1
95,3,1094.24,343.82,160.92,435.07,1,-1,-1,-1
95,2,895.95,373.44,156.23,345.54,1,-1,-1,-1
95,1,715.76,358.09,190.23,435.80,1,-1,-1,-1
96,4,533.16,370.34,162.68,384.36,1,-1,-1,-1
96,3,1097.73,345.89,157.88,430.84,1,-1,-1,-1
96,2,896.32,375.64,158.69,342.70,1,-1,-1,-1
96,1,716.78,360.41,183.02,435.93,1,-1,-1,-1
97,4,526.03,367.83,165.89,388.50,1,-1,-1,-1
97,3,1100.09,348.28,155.50,428.79,1,-1,-1,-1
97,2,896.83,377.95,156.01,343.32,1,-1,-1,-1
97,1,710.99,362.23,196.96,436.50,1,-1,-1,-1
98,4,523.24,366.45,166.15,390.02,1,-1,-1,-1
98,3,1099.76,349.82,157.71,429.02,1,-1,-1,-1
98,2,897.03,378.76,156.54,341.79,1,-1,-1,-1
98,1,707.91,366.85,201.07,432.79,1,-1,-1,-1
99,4,516.93,362.47,164.83,392.85,1,-1,-1,-1
99,3,1101.32,346.85,156.16,431.67,1,-1,-1,-1
99,2,896.59,379.21,158.10,342.60,1,-1,-1,-1
99,1,704.25,367.97,205.62,431.30,1,-1,-1,-1
100,4,505.05,355.41,173.25,405.27,1,-1,-1,-1
100,3,1100.88,351.90,162.31,429.92,1,-1,-1,-1
100,2,894.31,380.65,159.70,344.38,1,-1,-1,-1
100,1,701.60,371.58,208.56,430.15,1,-1,-1,-1
101,4,501.86,351.21,190.54,410.42,1,-1,-1,-1
101,3,1100.43,349.99,163.97,436.05,1,-1,-1,-1
101,2,894.53,381.98,160.14,343.65,1,-1,-1,-1
101,1,702.69,370.54,205.98,432.21,1,-1,-1,-1
102,4,506.77,346.41,185.76,415.27,1,-1,-1,-1
102,3,1100.04,349.49,166.42,436.66,1,-1,-1,-1
102,2,892.55,385.29,158.87,342.87,1,-1,-1,-1
102,1,699.36,369.19,208.26,436.61,1,-1,-1,-1
103,4,515.44,344.08,160.81,415.84,1,-1,-1,-1
103,3,1100.56,349.23,166.17,436.22,1,-1,-1,-1
103,2,890.74,386.42,160.82,342.48,1,-1,-1,-1
103,1,698.09,367.76,209.08,439.46,1,-1,-1,-1
104,4,524.87,345.70,159.80,415.79,1,-1,-1,-1
104,3,1100.01,349.65,168.88,437.95,1,-1,-1,-1
104,2,892.13,386.11,160.67,343.54,1,-1,-1,-1
104,1,689.48,365.58,218.81,441.61,1,-1,-1,-1
105,4,518.14,353.71,143.80,408.11,1,-1,-1,-1
105,3,1099.23,350.88,168.57,436.32,1,-1,-1,-1
105,2,891.02,386.30,163.18,344.37,1,-1,-1,-1
105,1,681.70,353.25,217.50,458.99,1,-1,-1,-1
106,4,514.38,354.81,133.71,405.50,1,-1,-1,-1
106,3,1098.39,351.10,170.92,443.42,1,-1,-1,-1
106,2,888.05,388.35,164.31,343.77,1,-1,-1,-1
106,1,676.25,352.97,226.64,460.87,1,-1,-1,-1
107,4,509.63,354.62,135.69,406.75,1,-1,-1,-1
107,3,1097.96,351.23,170.38,439.25,1,-1,-1,-1
107,2,888.84,386.62,161.48,346.08,1,-1,-1,-1
107,1,672.29,337.51,230.06,479.43,1,-1,-1,-1
108,4,508.45,354.49,134.47,407.24,1,-1,-1,-1
108,3,1097.12,351.79,172.30,449.28,1,-1,-1,-1
108,2,886.88,380.42,163.11,353.89,1,-1,-1,-1
108,1,672.20,327.00,227.43,490.62,1,-1,-1,-1
109,4,504.21,355.72,152.07,409.51,1,-1,-1,-1
109,3,1096.02,352.54,173.62,449.91,1,-1,-1,-1
109,2,883.42,376.69,166.15,359.62,1,-1,-1,-1
109,1,669.47,315.64,262.03,505.82,1,-1,-1,-1
110,4,497.16,353.94,138.19,415.32,1,-1,-1,-1
110,3,1095.00,353.84,174.54,449.17,1,-1,-1,-1
110,2,880.15,359.41,163.89,376.71,1,-1,-1,-1
111,4,496.46,350.60,135.52,417.67,1,-1,-1,-1
111,3,1094.87,348.90,173.62,455.04,1,-1,-1,-1
111,2,879.25,352.07,131.50,385.70,1,-1,-1,-1
112,7,638.01,290.31,185.28,534.09,1,-1,-1,-1
111,7,622.18,290.62,220.08,529.30,1,-1,-1,-1
110,7,590.87,294.55,276.49,533.57,1,-1,-1,-1
112,4,495.71,350.39,132.80,420.30,1,-1,-1,-1
112,3,1095.86,350.51,174.18,453.95,1,-1,-1,-1
112,2,877.23,347.68,126.29,390.45,1,-1,-1,-1
113,7,641.26,290.65,156.56,539.14,1,-1,-1,-1
113,4,492.22,350.78,134.43,421.42,1,-1,-1,-1
113,3,1099.15,347.73,176.47,467.90,1,-1,-1,-1
113,2,872.92,345.52,119.62,397.56,1,-1,-1,-1
114,7,638.96,294.97,154.32,541.67,1,-1,-1,-1
114,4,488.46,348.47,136.12,424.91,1,-1,-1,-1
114,3,1100.91,346.53,175.11,471.63,1,-1,-1,-1
114,2,869.54,333.59,121.74,409.24,1,-1,-1,-1
115,7,627.92,298.57,162.85,536.73,1,-1,-1,-1
115,4,481.07,347.94,142.73,426.51,1,-1,-1,-1
115,3,1101.19,335.97,182.12,484.71,1,-1,-1,-1
115,2,872.46,319.54,117.12,427.12,1,-1,-1,-1
116,7,625.42,297.62,163.27,539.31,1,-1,-1,-1
116,4,478.66,347.08,144.65,427.63,1,-1,-1,-1
116,3,1084.11,322.24,202.82,497.71,1,-1,-1,-1
116,2,868.08,322.37,120.81,422.57,1,-1,-1,-1
117,7,619.27,298.43,171.23,541.48,1,-1,-1,-1
117,4,478.79,347.80,145.29,427.77,1,-1,-1,-1
117,3,1051.99,317.17,230.19,504.72,1,-1,-1,-1
117,2,864.49,332.60,125.80,414.74,1,-1,-1,-1
118,7,614.85,299.51,175.95,541.76,1,-1,-1,-1
118,4,476.56,346.83,148.42,430.02,1,-1,-1,-1
118,3,1044.23,307.76,232.96,515.22,1,-1,-1,-1
118,2,863.10,345.09,127.79,404.56,1,-1,-1,-1
119,7,564.81,296.37,226.67,546.99,1,-1,-1,-1
119,4,467.23,345.37,159.93,431.52,1,-1,-1,-1
119,3,1063.36,308.08,194.72,518.41,1,-1,-1,-1
119,2,862.51,367.07,131.56,383.82,1,-1,-1,-1
120,4,469.02,339.87,167.06,440.83,1,-1,-1,-1
120,3,1083.18,298.93,165.99,533.21,1,-1,-1,-1
120,2,865.79,382.51,140.57,370.03,1,-1,-1,-1
121,4,472.58,338.87,169.38,440.06,1,-1,-1,-1
121,3,1086.44,301.30,167.61,531.47,1,-1,-1,-1
121,2,870.18,378.79,151.83,373.71,1,-1,-1,-1
121,1,500.77,291.22,302.00,552.09,1,-1,-1,-1
120,1,518.48,292.62,282.36,549.52,1,-1,-1,-1
119,1,547.58,291.89,245.44,547.34,1,-1,-1,-1
122,4,474.36,335.05,184.95,448.14,1,-1,-1,-1
122,3,1088.78,301.50,184.75,531.59,1,-1,-1,-1
122,2,857.31,374.90,174.46,375.38,1,-1,-1,-1
122,1,528.46,296.41,290.93,552.35,1,-1,-1,-1
123,4,481.65,328.93,191.39,457.38,1,-1,-1,-1
123,3,1093.62,300.14,201.85,537.39,1,-1,-1,-1
123,2,852.99,363.45,188.75,388.99,1,-1,-1,-1
123,1,499.93,289.70,344.13,562.38,1,-1,-1,-1
124,4,457.97,326.70,215.82,457.45,1,-1,-1,-1
124,3,1098.22,297.22,208.17,539.74,1,-1,-1,-1
124,2,856.85,352.92,214.32,400.05,1,-1,-1,-1
124,1,552.75,283.46,299.45,572.03,1,-1,-1,-1
125,4,463.57,338.98,237.25,446.16,1,-1,-1,-1
125,3,1103.87,296.81,325.54,541.22,1,-1,-1,-1
125,2,882.33,338.58,213.92,417.47,1,-1,-1,-1
125,1,551.55,288.53,391.92,570.59,1,-1,-1,-1
126,4,454.63,329.93,249.68,457.88,1,-1,-1,-1
126,3,1107.89,297.95,321.04,539.54,1,-1,-1,-1
126,2,876.45,324.16,218.57,432.16,1,-1,-1,-1
126,1,558.48,287.88,358.35,575.53,1,-1,-1,-1
127,4,456.11,325.21,230.82,466.47,1,-1,-1,-1
127,3,1109.86,295.56,302.98,543.23,1,-1,-1,-1
127,2,868.68,314.69,228.56,444.95,1,-1,-1,-1
127,1,563.98,288.66,326.37,573.87,1,-1,-1,-1
128,4,428.00,318.33,265.12,477.44,1,-1,-1,-1
128,3,1096.45,288.57,286.77,554.30,1,-1,-1,-1
128,2,874.70,307.20,224.60,454.71,1,-1,-1,-1
128,1,564.29,282.75,321.93,582.63,1,-1,-1,-1
129,4,392.90,312.52,306.92,484.41,1,-1,-1,-1
129,3,1089.77,286.35,264.34,562.03,1,-1,-1,-1
129,2,906.83,315.13,192.26,448.37,1,-1,-1,-1
129,1,571.70,277.34,326.03,591.96,1,-1,-1,-1
130,4,389.06,282.97,300.47,509.97,1,-1,-1,-1
130,3,1017.02,276.86,344.30,573.57,1,-1,-1,-1
130,2,892.49,343.70,208.39,421.28,1,-1,-1,-1
130,1,520.59,274.20,385.32,594.86,1,-1,-1,-1
131,4,386.58,290.85,295.76,509.03,1,-1,-1,-1
131,3,1014.60,279.38,344.01,573.00,1,-1,-1,-1
131,2,894.94,346.58,206.01,420.27,1,-1,-1,-1
131,1,531.53,287.09,384.17,594.17,1,-1,-1,-1
132,4,380.84,300.83,298.18,501.93,1,-1,-1,-1
132,3,1016.16,279.52,341.08,575.50,1,-1,-1,-1
132,2,891.92,345.53,209.94,421.93,1,-1,-1,-1
132,1,549.35,295.11,387.46,583.28,1,-1,-1,-1
133,4,378.18,311.80,293.49,491.73,1,-1,-1,-1
133,3,1033.42,289.59,323.44,568.81,1,-1,-1,-1
133,2,885.50,344.97,214.43,424.84,1,-1,-1,-1
133,1,597.82,313.22,342.50,564.57,1,-1,-1,-1
134,4,388.43,316.52,288.43,490.90,1,-1,-1,-1
134,3,1053.89,290.91,309.05,569.78,1,-1,-1,-1
134,1,653.40,319.76,269.29,556.20,1,-1,-1,-1
135,4,374.78,312.48,333.16,507.19,1,-1,-1,-1
135,3,1095.18,314.73,277.97,550.26,1,-1,-1,-1
135,1,597.03,299.31,338.97,583.68,1,-1,-1,-1
136,8,842.03,336.18,232.94,445.60,1,-1,-1,-1
135,8,850.43,332.75,237.73,444.47,1,-1,-1,-1
134,8,818.33,335.22,274.35,442.99,1,-1,-1,-1
136,4,358.50,276.21,285.15,552.09,1,-1,-1,-1
136,3,1094.67,313.53,306.20,550.59,1,-1,-1,-1
136,1,662.88,278.85,285.01,606.25,1,-1,-1,-1
137,8,839.65,340.92,224.21,448.20,1,-1,-1,-1
137,4,353.94,246.34,295.14,586.28,1,-1,-1,-1
137,3,1115.50,309.37,319.85,558.11,1,-1,-1,-1
137,1,637.34,271.14,319.80,629.02,1,-1,-1,-1
138,8,854.16,343.75,209.60,449.47,1,-1,-1,-1
138,4,417.64,244.77,231.95,599.52,1,-1,-1,-1
138,3,1117.65,301.52,333.36,568.63,1,-1,-1,-1
138,1,639.29,257.53,310.90,650.15,1,-1,-1,-1
139,8,881.32,358.02,180.96,437.01,1,-1,-1,-1
139,4,407.23,261.65,229.84,588.41,1,-1,-1,-1
139,3,1117.13,299.44,330.69,569.42,1,-1,-1,-1
139,1,644.95,235.86,315.67,688.50,1,-1,-1,-1
140,8,890.22,379.12,169.33,416.78,1,-1,-1,-1
140,4,398.34,315.24,235.26,535.50,1,-1,-1,-1
140,3,1116.41,276.40,324.71,594.13,1,-1,-1,-1
140,1,672.13,229.08,290.24,701.88,1,-1,-1,-1
141,8,871.62,361.71,184.71,431.49,1,-1,-1,-1
141,4,396.98,315.75,233.53,535.42,1,-1,-1,-1
141,3,1116.69,302.89,326.16,568.12,1,-1,-1,-1
141,1,670.88,214.15,295.41,715.55,1,-1,-1,-1
142,8,854.70,337.34,208.35,450.83,1,-1,-1,-1
142,4,393.06,303.71,244.80,544.85,1,-1,-1,-1
142,3,1119.69,314.01,323.06,556.48,1,-1,-1,-1
142,1,675.33,221.02,306.28,706.37,1,-1,-1,-1
143,8,847.00,329.68,217.00,458.03,1,-1,-1,-1
143,4,406.34,270.22,221.98,580.13,1,-1,-1,-1
143,3,1124.60,295.15,319.00,574.99,1,-1,-1,-1
143,1,693.36,246.97,320.57,678.08,1,-1,-1,-1
144,8,871.77,343.60,190.01,444.53,1,-1,-1,-1
144,4,389.90,252.66,238.26,607.39,1,-1,-1,-1
144,3,1127.55,265.29,314.19,604.32,1,-1,-1,-1
144,1,695.50,272.35,319.42,652.05,1,-1,-1,-1
145,8,876.84,327.13,188.74,464.39,1,-1,-1,-1
145,3,1152.50,227.69,285.72,635.64,1,-1,-1,-1
145,1,700.31,266.88,335.48,654.35,1,-1,-1,-1
146,3,1170.14,200.27,269.03,662.26,1,-1,-1,-1
146,1,715.73,267.15,327.86,672.53,1,-1,-1,-1
147,7,266.46,258.14,369.29,625.28,1,-1,-1,-1
146,7,260.82,248.36,369.67,624.17,1,-1,-1,-1
145,7,273.05,238.30,356.99,625.65,1,-1,-1,-1
147,3,1193.68,196.85,242.01,665.25,1,-1,-1,-1
147,1,701.81,268.40,348.20,693.26,1,-1,-1,-1
148,7,269.21,275.58,389.21,609.80,1,-1,-1,-1
148,3,1197.50,211.85,233.93,642.60,1,-1,-1,-1
148,1,698.88,264.27,357.33,698.82,1,-1,-1,-1
149,7,283.71,283.01,374.45,600.25,1,-1,-1,-1
149,3,1198.65,238.24,231.14,612.11,1,-1,-1,-1
149,1,706.14,265.44,357.06,697.27,1,-1,-1,-1
150,7,317.37,288.45,335.93,592.10,1,-1,-1,-1
150,3,1206.16,306.50,236.55,542.85,1,-1,-1,-1
150,1,734.38,270.10,357.14,692.10,1,-1,-1,-1
151,7,328.14,288.25,319.12,589.72,1,-1,-1,-1
151,3,1203.86,329.22,245.96,518.14,1,-1,-1,-1
151,1,781.71,276.61,350.04,678.32,1,-1,-1,-1
152,7,338.52,296.27,300.47,581.30,1,-1,-1,-1
152,3,1201.32,330.16,255.72,510.55,1,-1,-1,-1
152,1,823.58,271.93,349.40,685.60,1,-1,-1,-1
153,7,349.36,290.21,287.37,585.86,1,-1,-1,-1
153,3,1198.00,322.07,295.54,522.66,1,-1,-1,-1
153,2,751.73,343.97,266.78,454.14,1,-1,-1,-1
152,2,769.95,339.28,247.38,459.03,1,-1,-1,-1
151,2,781.82,337.67,252.47,457.95,1,-1,-1,-1
153,1,835.00,263.54,421.81,685.91,1,-1,-1,-1
154,7,420.10,288.70,233.16,595.45,1,-1,-1,-1
154,3,1191.58,321.78,327.28,510.40,1,-1,-1,-1
154,2,742.51,345.95,293.13,453.08,1,-1,-1,-1
154,1,857.70,264.11,449.20,684.72,1,-1,-1,-1
155,7,433.12,294.99,259.56,614.92,1,-1,-1,-1
155,3,1203.11,313.33,380.96,526.42,1,-1,-1,-1
155,1,932.61,277.34,412.17,672.31,1,-1,-1,-1
156,7,437.20,301.08,239.29,623.16,1,-1,-1,-1
156,3,1199.97,309.72,328.86,528.75,1,-1,-1,-1
156,1,934.66,284.62,416.09,665.33,1,-1,-1,-1
157,8,826.42,386.72,168.66,439.96,1,-1,-1,-1
156,8,828.96,389.40,167.45,434.89,1,-1,-1,-1
155,8,826.16,380.59,176.30,438.92,1,-1,-1,-1
157,7,439.67,310.78,208.36,613.72,1,-1,-1,-1
157,3,1198.91,310.30,318.60,524.89,1,-1,-1,-1
157,1,935.86,289.73,414.67,654.07,1,-1,-1,-1
158,8,829.63,375.90,168.57,449.58,1,-1,-1,-1
158,7,405.81,316.16,231.91,603.95,1,-1,-1,-1
158,3,1204.14,308.30,308.87,526.83,1,-1,-1,-1
158,1,935.90,292.66,412.38,647.70,1,-1,-1,-1
159,8,827.44,363.56,172.15,460.32,1,-1,-1,-1
159,7,363.99,314.63,277.23,603.55,1,-1,-1,-1
159,3,1212.67,336.53,296.84,499.91,1,-1,-1,-1
159,1,942.11,293.06,403.76,643.41,1,-1,-1,-1
160,8,790.97,339.96,197.69,471.66,1,-1,-1,-1
160,7,343.42,302.64,296.66,607.18,1,-1,-1,-1
160,3,1260.40,328.96,266.63,503.28,1,-1,-1,-1
160,1,1019.51,283.97,308.05,646.66,1,-1,-1,-1
161,7,304.00,297.88,344.14,608.45,1,-1,-1,-1
161,3,1243.72,326.98,281.81,499.49,1,-1,-1,-1
161,1,1060.82,279.21,258.16,648.17,1,-1,-1,-1
162,3,1250.15,323.87,252.27,501.89,1,-1,-1,-1
162,1,1084.19,280.93,230.51,639.79,1,-1,-1,-1
163,3,1268.43,324.45,234.81,496.19,1,-1,-1,-1
163,2,719.48,318.37,264.75,497.72,1,-1,-1,-1
162,2,732.64,334.06,253.68,481.31,1,-1,-1,-1
161,2,768.56,334.97,218.76,477.47,1,-1,-1,-1
163,1,1082.55,282.66,233.13,642.73,1,-1,-1,-1
164,4,235.14,299.12,421.00,600.58,1,-1,-1,-1
163,4,236.55,298.48,422.21,602.56,1,-1,-1,-1
162,4,236.22,297.96,419.62,604.88,1,-1,-1,-1
164,3,1262.00,327.38,247.51,494.27,1,-1,-1,-1
164,2,724.56,315.81,256.78,498.81,1,-1,-1,-1
164,1,1077.47,285.09,311.77,637.54,1,-1,-1,-1
165,3,1238.68,331.11,264.47,488.29,1,-1,-1,-1
165,2,726.55,335.23,260.97,476.88,1,-1,-1,-1
165,1,1087.80,283.32,307.23,632.38,1,-1,-1,-1
166,3,1230.55,324.22,265.86,494.46,1,-1,-1,-1
166,2,730.12,338.34,247.72,473.72,1,-1,-1,-1
166,1,1069.26,283.84,278.98,631.84,1,-1,-1,-1
167,7,383.02,307.91,274.90,578.86,1,-1,-1,-1
166,7,353.33,305.90,294.52,582.59,1,-1,-1,-1
165,7,317.50,304.42,333.68,587.25,1,-1,-1,-1
167,3,1231.62,314.47,273.88,504.76,1,-1,-1,-1
167,2,737.64,350.26,232.39,458.98,1,-1,-1,-1
167,1,1058.71,282.73,299.58,634.00,1,-1,-1,-1
168,8,740.53,350.30,216.26,457.79,1,-1,-1,-1
167,8,737.83,346.04,228.92,463.85,1,-1,-1,-1
166,8,731.11,339.57,247.25,472.45,1,-1,-1,-1
168,7,379.30,310.06,304.42,575.47,1,-1,-1,-1
168,3,1229.84,321.11,272.40,494.05,1,-1,-1,-1
168,2,740.70,353.69,218.25,453.89,1,-1,-1,-1
168,1,1074.62,282.21,317.26,628.23,1,-1,-1,-1
169,7,379.41,311.55,316.15,573.36,1,-1,-1,-1
169,3,1229.76,314.80,270.34,496.03,1,-1,-1,-1
169,2,737.70,343.30,230.48,463.03,1,-1,-1,-1
169,1,1093.91,282.02,305.95,622.97,1,-1,-1,-1
170,7,379.43,217.43,316.36,662.77,1,-1,-1,-1
170,3,1221.84,309.24,290.80,500.84,1,-1,-1,-1
170,2,720.54,335.07,237.82,469.29,1,-1,-1,-1
170,1,1100.96,201.45,295.08,691.91,1,-1,-1,-1
171,7,381.11,194.42,313.18,683.21,1,-1,-1,-1
171,3,1220.12,295.54,298.27,519.38,1,-1,-1,-1
171,1,1100.54,186.22,294.34,706.44,1,-1,-1,-1
172,7,383.00,198.87,310.07,675.00,1,-1,-1,-1
172,3,1215.85,257.41,315.27,557.43,1,-1,-1,-1
172,1,1094.33,178.81,299.42,713.48,1,-1,-1,-1
173,7,384.24,194.72,309.27,675.90,1,-1,-1,-1
173,3,1212.89,261.71,315.82,549.30,1,-1,-1,-1
173,1,1092.12,174.63,297.29,715.09,1,-1,-1,-1
174,7,386.75,199.27,305.59,669.08,1,-1,-1,-1
174,3,1221.40,261.45,296.47,547.39,1,-1,-1,-1
174,2,720.52,352.93,213.55,439.72,1,-1,-1,-1
173,2,724.20,336.86,211.21,458.25,1,-1,-1,-1
172,2,730.35,353.97,208.79,442.92,1,-1,-1,-1
174,1,1090.19,179.75,289.46,702.65,1,-1,-1,-1
175,7,395.45,206.77,298.62,655.22,1,-1,-1,-1
175,3,1248.50,261.47,264.50,543.06,1,-1,-1,-1
175,2,729.95,318.26,220.30,474.58,1,-1,-1,-1
175,1,1083.47,195.80,277.89,681.26,1,-1,-1,-1
176,7,397.17,222.41,296.00,639.49,1,-1,-1,-1
176,3,1249.82,281.42,269.55,525.98,1,-1,-1,-1
176,2,729.80,321.60,230.75,470.27,1,-1,-1,-1
176,1,1076.08,206.35,289.19,669.61,1,-1,-1,-1
177,7,399.66,252.64,294.09,608.08,1,-1,-1,-1
177,3,1245.60,285.81,288.27,520.36,1,-1,-1,-1
177,2,730.60,330.16,229.59,459.76,1,-1,-1,-1
177,1,1072.92,232.59,302.48,644.28,1,-1,-1,-1
178,7,400.78,306.58,294.21,550.41,1,-1,-1,-1
178,3,1243.91,293.38,297.19,511.17,1,-1,-1,-1
178,2,731.32,336.05,219.18,451.94,1,-1,-1,-1
178,1,1071.50,254.67,311.54,621.16,1,-1,-1,-1
179,7,402.98,316.12,292.56,538.97,1,-1,-1,-1
179,3,1231.94,305.31,320.36,497.23,1,-1,-1,-1
179,2,725.26,339.54,212.39,448.35,1,-1,-1,-1
179,1,1067.60,268.22,317.27,603.69,1,-1,-1,-1
180,7,411.84,322.51,282.02,527.52,1,-1,-1,-1
180,3,1238.87,322.35,301.24,472.50,1,-1,-1,-1
180,2,731.37,367.72,190.84,419.23,1,-1,-1,-1
180,1,1065.58,281.90,298.75,582.31,1,-1,-1,-1
181,7,414.27,323.82,278.99,525.10,1,-1,-1,-1
181,3,1239.81,329.80,290.50,460.10,1,-1,-1,-1
181,2,721.71,372.26,199.96,411.79,1,-1,-1,-1
181,1,1063.40,307.15,286.16,556.36,1,-1,-1,-1
182,7,414.96,324.87,278.23,522.12,1,-1,-1,-1
182,3,1235.93,331.79,291.74,457.47,1,-1,-1,-1
182,2,729.62,371.73,190.69,410.29,1,-1,-1,-1
182,1,1062.64,315.96,279.10,543.17,1,-1,-1,-1
183,7,416.24,324.15,278.49,520.43,1,-1,-1,-1
183,3,1234.12,331.44,291.72,457.44,1,-1,-1,-1
183,2,731.90,366.42,193.70,413.72,1,-1,-1,-1
183,1,1060.79,313.18,282.67,543.51,1,-1,-1,-1
184,7,418.71,315.32,276.94,526.82,1,-1,-1,-1
184,3,1239.01,335.25,288.76,451.54,1,-1,-1,-1
184,2,736.30,363.33,190.05,415.62,1,-1,-1,-1
184,1,1058.23,309.89,286.54,544.35,1,-1,-1,-1
185,7,422.56,326.34,277.01,512.57,1,-1,-1,-1
185,3,1235.89,343.90,291.70,444.65,1,-1,-1,-1
185,2,735.53,356.00,208.09,419.79,1,-1,-1,-1
185,1,1051.30,308.21,282.70,542.75,1,-1,-1,-1
186,7,424.16,329.58,274.05,506.97,1,-1,-1,-1
186,3,1232.82,348.93,295.22,439.16,1,-1,-1,-1
186,2,733.56,361.21,201.08,412.33,1,-1,-1,-1
186,1,1049.54,309.37,279.22,538.22,1,-1,-1,-1
187,7,425.46,331.37,273.08,503.66,1,-1,-1,-1
187,3,1235.65,350.61,289.70,433.49,1,-1,-1,-1
187,2,731.50,372.32,187.72,399.67,1,-1,-1,-1
187,1,1047.92,313.88,255.61,531.94,1,-1,-1,-1
188,7,428.68,333.14,268.92,499.31,1,-1,-1,-1
188,3,1229.90,354.67,290.53,425.51,1,-1,-1,-1
188,2,730.57,380.02,188.34,389.63,1,-1,-1,-1
188,1,1047.26,319.92,250.61,524.37,1,-1,-1,-1
189,7,430.15,337.68,267.60,494.57,1,-1,-1,-1
189,3,1225.53,358.48,287.66,420.19,1,-1,-1,-1
189,2,727.35,382.81,190.87,387.38,1,-1,-1,-1
189,1,1045.40,322.87,250.73,519.71,1,-1,-1,-1
190,7,433.97,336.13,262.36,491.37,1,-1,-1,-1
190,3,1223.31,367.71,244.74,409.32,1,-1,-1,-1
190,2,727.24,377.52,186.28,389.78,1,-1,-1,-1
190,1,1042.67,311.42,247.04,527.79,1,-1,-1,-1
191,7,406.01,331.18,290.10,497.37,1,-1,-1,-1
191,3,1223.39,364.66,243.95,409.96,1,-1,-1,-1
191,2,720.23,372.39,190.17,394.27,1,-1,-1,-1
191,1,994.57,306.27,292.36,532.34,1,-1,-1,-1
192,7,365.13,331.13,333.48,496.93,1,-1,-1,-1
192,3,1208.76,363.00,239.82,414.95,1,-1,-1,-1
192,2,678.11,370.13,234.37,396.93,1,-1,-1,-1
192,1,944.25,309.19,339.77,527.96,1,-1,-1,-1
193,7,335.56,328.73,360.60,494.77,1,-1,-1,-1
193,3,1180.74,357.90,258.64,416.44,1,-1,-1,-1
193,2,726.79,376.73,184.09,387.89,1,-1,-1,-1
193,1,930.68,311.22,350.20,522.56,1,-1,-1,-1
194,7,330.42,335.15,367.10,485.75,1,-1,-1,-1
194,3,1168.83,354.73,259.23,418.29,1,-1,-1,-1
194,2,690.61,374.05,219.97,389.89,1,-1,-1,-1
194,1,921.52,316.32,358.40,515.94,1,-1,-1,-1
195,7,321.65,336.71,392.89,482.45,1,-1,-1,-1
195,3,1182.94,350.94,229.46,418.30,1,-1,-1,-1
195,2,718.81,382.05,187.83,380.77,1,-1,-1,-1
195,1,907.12,326.25,370.42,503.12,1,-1,-1,-1
196,7,436.77,339.07,291.25,477.73,1,-1,-1,-1
196,3,1214.89,357.23,195.48,413.25,1,-1,-1,-1
196,2,720.84,381.96,184.44,380.16,1,-1,-1,-1
196,1,906.70,336.23,367.32,492.08,1,-1,-1,-1
197,7,325.59,342.90,392.31,473.13,1,-1,-1,-1
197,3,1216.76,357.70,187.02,409.61,1,-1,-1,-1
197,2,723.17,382.99,182.54,375.30,1,-1,-1,-1
197,1,907.98,337.83,359.97,485.75,1,-1,-1,-1
198,7,329.44,344.55,371.12,469.68,1,-1,-1,-1
198,3,1209.74,361.85,190.30,404.98,1,-1,-1,-1
198,2,718.33,382.26,190.72,375.88,1,-1,-1,-1
198,1,907.18,340.46,360.16,482.54,1,-1,-1,-1
199,7,333.40,346.61,372.85,466.14,1,-1,-1,-1
199,3,1188.16,363.21,207.61,404.21,1,-1,-1,-1
199,2,710.78,381.44,198.40,376.00,1,-1,-1,-1
199,1,911.23,340.34,354.66,480.31,1,-1,-1,-1
200,7,333.36,353.86,373.76,456.50,1,-1,-1,-1
200,3,1165.65,371.27,225.40,396.44,1,-1,-1,-1
200,2,708.38,379.21,200.19,376.79,1,-1,-1,-1
200,1,923.57,349.51,338.53,467.92,1,-1,-1,-1
201,7,326.77,354.19,372.61,454.91,1,-1,-1,-1
201,3,1166.61,373.93,219.98,393.35,1,-1,-1,-1
201,2,709.35,379.56,197.16,376.52,1,-1,-1,-1
201,1,931.92,353.55,327.33,465.84,1,-1,-1,-1
202,7,317.33,354.12,380.74,454.08,1,-1,-1,-1
202,3,1163.34,374.12,223.57,392.77,1,-1,-1,-1
202,2,720.25,379.39,186.58,376.90,1,-1,-1,-1
202,1,946.40,350.05,310.94,470.89,1,-1,-1,-1
203,7,318.87,351.37,379.09,455.80,1,-1,-1,-1
203,3,1164.97,370.39,225.42,396.80,1,-1,-1,-1
203,2,717.00,377.80,186.23,378.90,1,-1,-1,-1
203,1,1008.73,345.72,245.19,476.93,1,-1,-1,-1
204,7,335.52,352.09,357.79,455.27,1,-1,-1,-1
204,3,1200.57,369.41,202.53,400.68,1,-1,-1,-1
204,2,702.47,373.23,200.36,383.02,1,-1,-1,-1
204,1,1021.29,334.46,233.71,487.36,1,-1,-1,-1
205,7,460.63,352.53,203.31,454.89,1,-1,-1,-1
205,3,1206.00,367.41,220.54,399.40,1,-1,-1,-1
205,2,729.58,379.95,173.75,380.65,1,-1,-1,-1
205,1,1024.50,331.85,208.18,489.02,1,-1,-1,-1
206,7,459.83,363.19,205.74,445.91,1,-1,-1,-1
206,3,1204.40,366.59,226.17,401.73,1,-1,-1,-1
206,2,729.41,389.40,175.82,373.01,1,-1,-1,-1
206,1,1023.63,326.27,202.11,495.94,1,-1,-1,-1
207,7,460.97,372.42,211.89,438.09,1,-1,-1,-1
207,3,1197.75,370.97,232.95,400.25,1,-1,-1,-1
207,2,727.45,395.58,181.15,372.28,1,-1,-1,-1
207,1,1023.02,321.69,200.36,498.60,1,-1,-1,-1
208,7,462.21,387.22,196.64,421.33,1,-1,-1,-1
208,3,1203.05,372.26,227.25,403.95,1,-1,-1,-1
208,2,728.73,400.63,180.75,368.80,1,-1,-1,-1
208,1,1022.99,316.52,200.36,502.40,1,-1,-1,-1
209,7,466.09,395.37,189.42,412.83,1,-1,-1,-1
209,3,1208.85,376.53,221.05,400.72,1,-1,-1,-1
209,2,730.34,403.45,180.10,367.02,1,-1,-1,-1
209,1,1020.27,322.79,196.85,495.69,1,-1,-1,-1
210,7,470.15,407.46,188.99,399.91,1,-1,-1,-1
210,3,1208.45,399.39,217.22,378.05,1,-1,-1,-1
210,2,728.26,406.43,180.64,364.81,1,-1,-1,-1
211,7,465.98,401.93,201.12,404.60,1,-1,-1,-1
211,3,1214.92,403.52,209.28,371.28,1,-1,-1,-1
211,2,724.66,407.49,181.69,361.43,1,-1,-1,-1
212,10,1017.20,379.46,200.36,441.66,1,-1,-1,-1
211,10,1022.44,378.86,195.27,443.66,1,-1,-1,-1
210,10,1021.29,375.62,193.45,445.86,1,-1,-1,-1
212,7,460.75,392.71,211.51,412.12,1,-1,-1,-1
212,3,1227.46,400.60,196.27,375.28,1,-1,-1,-1
212,2,721.18,400.25,193.91,371.11,1,-1,-1,-1
213,10,1010.81,381.14,209.39,440.00,1,-1,-1,-1
213,7,453.52,385.52,212.49,418.06,1,-1,-1,-1
213,3,1240.59,395.40,182.06,387.61,1,-1,-1,-1
213,2,723.06,396.49,188.15,374.73,1,-1,-1,-1
214,10,1002.27,381.15,219.08,441.66,1,-1,-1,-1
214,7,428.43,379.92,233.15,423.26,1,-1,-1,-1
214,3,1245.22,392.13,179.59,397.78,1,-1,-1,-1
214,2,729.30,394.49,179.38,376.78,1,-1,-1,-1
215,10,963.35,385.71,251.73,433.46,1,-1,-1,-1
215,7,376.45,390.22,278.60,409.68,1,-1,-1,-1
215,3,1219.85,401.07,207.91,395.85,1,-1,-1,-1
215,2,727.32,392.89,183.45,383.47,1,-1,-1,-1
216,10,940.08,391.32,274.26,427.92,1,-1,-1,-1
216,7,368.05,391.55,287.77,408.98,1,-1,-1,-1
216,3,1216.99,409.01,212.71,387.03,1,-1,-1,-1
216,2,724.67,397.29,185.63,381.38,1,-1,-1,-1
217,10,948.30,393.21,266.60,423.56,1,-1,-1,-1
217,7,361.58,396.04,296.08,403.00,1,-1,-1,-1
217,3,1217.28,409.95,214.82,385.81,1,-1,-1,-1
217,2,722.89,400.83,187.46,378.99,1,-1,-1,-1
218,10,958.21,393.08,256.22,425.92,1,-1,-1,-1
218,7,359.75,407.71,299.41,391.57,1,-1,-1,-1
218,2,723.43,402.04,186.54,377.12,1,-1,-1,-1
219,10,982.98,389.31,233.17,426.72,1,-1,-1,-1
219,7,366.93,413.93,291.83,384.74,1,-1,-1,-1
219,2,721.91,402.62,187.33,375.53,1,-1,-1,-1
220,11,1262.17,399.45,181.03,394.28,1,-1,-1,-1
219,11,1257.69,417.10,175.20,375.39,1,-1,-1,-1
218,11,1229.32,416.88,204.58,377.95,1,-1,-1,-1
220,10,987.73,379.09,218.94,435.96,1,-1,-1,-1
220,7,415.96,395.76,245.00,397.62,1,-1,-1,-1
220,2,727.05,399.43,178.61,383.58,1,-1,-1,-1
221,11,1262.53,385.01,197.72,410.12,1,-1,-1,-1
221,10,987.88,364.25,212.85,449.39,1,-1,-1,-1
221,7,440.60,393.01,220.86,399.83,1,-1,-1,-1
221,2,728.14,394.92,176.19,383.80,1,-1,-1,-1
222,11,1262.71,374.75,212.92,420.38,1,-1,-1,-1
222,7,442.01,383.87,207.29,407.57,1,-1,-1,-1
222,2,730.37,390.87,172.33,390.55,1,-1,-1,-1
222,1,989.57,357.29,198.77,455.11,1,-1,-1,-1
221,1,987.60,368.78,210.47,443.40,1,-1,-1,-1
220,1,987.55,376.03,222.47,439.96,1,-1,-1,-1
223,11,1260.41,364.87,216.47,430.04,1,-1,-1,-1
223,7,439.87,376.39,204.16,415.41,1,-1,-1,-1
223,2,729.61,387.11,172.81,397.08,1,-1,-1,-1
223,1,992.83,357.40,184.19,452.58,1,-1,-1,-1
224,11,1261.04,363.32,214.36,431.89,1,-1,-1,-1
224,7,442.18,373.34,195.55,417.93,1,-1,-1,-1
224,2,731.61,382.01,171.60,408.32,1,-1,-1,-1
224,1,990.39,354.12,187.29,454.49,1,-1,-1,-1
225,11,1260.49,360.02,213.83,433.30,1,-1,-1,-1
225,7,440.48,367.59,179.20,422.90,1,-1,-1,-1
225,2,733.01,391.43,164.60,398.62,1,-1,-1,-1
225,1,987.99,351.13,195.20,453.25,1,-1,-1,-1
226,11,1260.22,364.43,214.04,429.05,1,-1,-1,-1
226,7,440.75,379.64,179.96,409.46,1,-1,-1,-1
226,2,732.74,398.26,163.45,392.29,1,-1,-1,-1
226,1,987.83,353.58,197.08,449.26,1,-1,-1,-1
227,11,1262.69,377.35,211.97,415.35,1,-1,-1,-1
227,7,433.57,382.56,185.37,404.55,1,-1,-1,-1
227,2,732.22,404.19,165.54,386.96,1,-1,-1,-1
227,1,988.04,363.94,194.73,435.12,1,-1,-1,-1
228,11,1263.48,379.89,211.03,410.62,1,-1,-1,-1
228,7,445.04,382.74,178.85,403.59,1,-1,-1,-1
228,2,731.22,398.31,167.54,392.14,1,-1,-1,-1
228,1,989.01,360.95,189.92,440.51,1,-1,-1,-1
229,11,1262.64,374.73,221.74,415.50,1,-1,-1,-1
229,7,439.83,373.92,189.83,410.05,1,-1,-1,-1
229,2,729.11,384.71,169.16,407.99,1,-1,-1,-1
229,1,993.93,355.74,185.19,437.46,1,-1,-1,-1
230,11,1260.92,366.57,216.89,422.49,1,-1,-1,-1
230,7,431.01,362.42,191.99,417.27,1,-1,-1,-1
230,2,721.25,364.04,175.32,419.05,1,-1,-1,-1
230,1,1006.78,356.30,170.27,437.04,1,-1,-1,-1
231,11,1259.17,363.20,218.74,424.38,1,-1,-1,-1
231,7,426.40,360.74,187.47,413.63,1,-1,-1,-1
231,2,717.93,359.26,182.09,422.27,1,-1,-1,-1
231,1,1007.50,358.77,170.15,432.15,1,-1,-1,-1
232,11,1256.92,359.75,220.43,424.73,1,-1,-1,-1
232,7,401.33,359.63,196.60,413.81,1,-1,-1,-1
232,2,702.33,357.87,197.20,423.60,1,-1,-1,-1
232,1,1006.70,360.94,167.06,428.47,1,-1,-1,-1
233,11,1255.75,358.76,221.26,423.52,1,-1,-1,-1
233,7,393.07,361.35,203.93,409.07,1,-1,-1,-1
233,2,687.42,358.12,212.26,424.55,1,-1,-1,-1
233,1,1006.68,358.71,168.38,428.95,1,-1,-1,-1
234,11,1255.42,358.24,221.50,422.80,1,-1,-1,-1
234,7,388.12,363.85,208.62,404.69,1,-1,-1,-1
234,2,684.29,359.69,214.46,422.50,1,-1,-1,-1
234,1,1006.47,352.66,169.92,434.25,1,-1,-1,-1
235,11,1256.15,352.44,220.25,425.98,1,-1,-1,-1
235,7,395.94,360.36,198.80,405.16,1,-1,-1,-1
235,2,668.11,357.63,228.28,422.21,1,-1,-1,-1
235,1,1004.11,345.44,189.28,440.90,1,-1,-1,-1
236,11,1254.80,347.88,222.34,427.93,1,-1,-1,-1
236,7,391.34,354.47,202.38,409.20,1,-1,-1,-1
236,2,673.05,353.87,224.40,423.59,1,-1,-1,-1
236,1,1001.99,342.86,197.96,441.04,1,-1,-1,-1
237,11,1252.89,346.34,229.66,428.41,1,-1,-1,-1
237,7,389.92,352.05,207.96,410.74,1,-1,-1,-1
237,2,694.75,351.72,205.00,426.22,1,-1,-1,-1
237,1,1002.13,338.87,200.95,448.38,1,-1,-1,-1
238,11,1253.57,347.23,227.36,427.57,1,-1,-1,-1
238,7,395.97,349.84,209.35,414.18,1,-1,-1,-1
238,3,1253.72,343.92,226.18,428.44,1,-1,-1,-1
237,3,1252.72,343.98,228.18,428.84,1,-1,-1,-1
236,3,1255.47,345.87,220.70,428.17,1,-1,-1,-1
238,2,713.14,350.39,182.92,424.76,1,-1,-1,-1
238,1,1003.72,331.07,203.86,456.70,1,-1,-1,-1
239,11,1258.39,347.56,224.28,426.39,1,-1,-1,-1
239,7,406.18,347.05,198.50,416.36,1,-1,-1,-1
239,3,1257.65,344.61,223.97,427.47,1,-1,-1,-1
239,2,712.75,350.27,182.49,425.46,1,-1,-1,-1
239,1,1005.85,325.76,209.18,459.81,1,-1,-1,-1
240,11,1259.77,347.56,223.45,426.76,1,-1,-1,-1
240,7,405.28,349.64,198.43,413.25,1,-1,-1,-1
240,2,711.22,348.24,184.75,430.11,1,-1,-1,-1
240,1,1003.62,330.68,222.32,453.33,1,-1,-1,-1
241,11,1260.95,347.15,231.39,428.26,1,-1,-1,-1
241,7,403.29,352.62,221.30,413.51,1,-1,-1,-1
241,2,708.65,345.90,217.93,434.28,1,-1,-1,-1
241,1,1004.22,332.59,251.55,453.53,1,-1,-1,-1
242,11,1261.99,348.20,247.86,428.29,1,-1,-1,-1
242,2,707.26,345.18,219.21,436.04,1,-1,-1,-1
242,1,1003.15,330.74,264.20,455.89,1,-1,-1,-1
243,2,706.81,343.09,239.38,438.21,1,-1,-1,-1
243,1,1003.91,333.55,258.85,454.45,1,-1,-1,-1
244,12,395.03,346.07,281.45,420.43,1,-1,-1,-1
243,12,399.79,352.36,261.56,414.49,1,-1,-1,-1
242,12,402.45,354.86,237.81,412.15,1,-1,-1,-1
244,2,706.44,344.44,239.58,437.02,1,-1,-1,-1
244,1,1002.15,339.41,239.87,448.82,1,-1,-1,-1
245,12,390.63,343.62,288.45,423.69,1,-1,-1,-1
245,3,1264.98,342.75,225.18,435.72,1,-1,-1,-1
244,3,1264.33,339.31,228.47,437.32,1,-1,-1,-1
243,3,1262.56,341.48,228.10,434.89,1,-1,-1,-1
245,1,989.71,344.72,232.08,443.81,1,-1,-1,-1
246,12,339.35,343.92,298.32,424.62,1,-1,-1,-1
246,8,656.33,366.61,231.41,415.51,1,-1,-1,-1
245,8,684.79,350.36,205.21,431.25,1,-1,-1,-1
244,8,706.43,346.12,196.71,435.00,1,-1,-1,-1
246,3,1266.92,352.69,226.07,424.44,1,-1,-1,-1
246,1,987.08,347.78,235.48,440.19,1,-1,-1,-1
247,12,334.99,349.77,285.90,421.21,1,-1,-1,-1
247,8,655.69,369.13,230.71,412.94,1,-1,-1,-1
247,3,1268.98,359.79,227.41,417.58,1,-1,-1,-1
247,1,990.62,343.99,234.93,445.13,1,-1,-1,-1
248,12,332.89,349.19,281.83,422.03,1,-1,-1,-1
248,8,657.77,367.95,231.16,416.78,1,-1,-1,-1
248,3,1269.45,358.34,231.21,420.58,1,-1,-1,-1
248,1,992.50,342.77,237.45,447.90,1,-1,-1,-1
249,12,332.05,348.16,283.20,423.32,1,-1,-1,-1
249,8,657.62,366.15,231.68,420.47,1,-1,-1,-1
249,3,1271.96,359.22,233.65,424.44,1,-1,-1,-1
249,1,992.90,343.13,239.99,448.73,1,-1,-1,-1
250,12,329.85,347.24,289.91,428.01,1,-1,-1,-1
250,8,655.41,362.11,234.71,425.57,1,-1,-1,-1
250,3,1274.04,357.97,233.04,429.22,1,-1,-1,-1
250,1,991.75,341.38,244.82,452.63,1,-1,-1,-1
251,12,319.12,345.48,304.98,433.28,1,-1,-1,-1
251,3,1277.63,353.78,237.99,437.92,1,-1,-1,-1
251,1,989.78,341.75,253.10,456.91,1,-1,-1,-1
252,12,314.48,348.26,309.23,428.81,1,-1,-1,-1
252,3,1280.87,352.66,240.46,439.78,1,-1,-1,-1
252,1,992.30,339.68,269.58,461.38,1,-1,-1,-1
253,12,306.50,349.21,320.94,428.75,1,-1,-1,-1
253,3,1282.78,344.82,239.09,449.73,1,-1,-1,-1
253,1,992.59,338.42,282.25,468.42,1,-1,-1,-1
254,12,301.52,345.18,332.66,434.51,1,-1,-1,-1
254,3,1284.31,334.54,276.42,460.98,1,-1,-1,-1
254,1,999.06,337.30,284.62,470.66,1,-1,-1,-1
255,12,300.64,342.01,341.73,445.66,1,-1,-1,-1
255,8,676.81,340.12,257.41,463.40,1,-1,-1,-1
254,8,654.10,345.62,312.28,453.44,1,-1,-1,-1
253,8,645.42,351.48,308.28,444.30,1,-1,-1,-1
255,3,1289.77,332.80,251.54,462.06,1,-1,-1,-1
255,1,1008.07,334.20,263.66,473.52,1,-1,-1,-1
256,12,339.58,334.99,279.51,453.30,1,-1,-1,-1
256,8,672.91,327.32,238.92,478.79,1,-1,-1,-1
256,3,1311.02,322.84,232.52,476.70,1,-1,-1,-1
256,1,1010.06,341.23,236.02,470.23,1,-1,-1,-1
257,8,668.75,326.08,240.36,481.09,1,-1,-1,-1
257,3,1315.60,322.35,231.36,478.81,1,-1,-1,-1
257,1,1011.34,341.37,240.68,472.68,1,-1,-1,-1
258,8,667.08,324.77,238.75,485.09,1,-1,-1,-1
258,3,1318.63,321.08,237.64,483.71,1,-1,-1,-1
258,1,1013.27,338.11,241.50,477.84,1,-1,-1,-1
259,8,667.40,325.41,238.17,486.40,1,-1,-1,-1
259,7,343.70,330.99,245.91,460.86,1,-1,-1,-1
258,7,346.82,328.86,244.12,461.53,1,-1,-1,-1
257,7,348.01,329.74,245.37,457.85,1,-1,-1,-1
259,3,1320.39,320.64,233.25,483.88,1,-1,-1,-1
259,1,1013.71,325.18,253.91,493.05,1,-1,-1,-1
260,8,671.07,320.65,237.10,494.73,1,-1,-1,-1
260,7,341.57,323.35,247.47,470.54,1,-1,-1,-1
260,3,1324.80,310.39,335.71,495.62,1,-1,-1,-1
260,1,1014.64,313.52,300.95,511.18,1,-1,-1,-1
261,8,678.07,320.62,251.05,500.98,1,-1,-1,-1
261,7,331.59,314.96,243.42,484.25,1,-1,-1,-1
261,3,1337.56,293.23,350.74,522.81,1,-1,-1,-1
261,1,1019.52,301.30,324.75,528.27,1,-1,-1,-1
262,8,676.60,302.52,276.55,516.06,1,-1,-1,-1
262,7,330.58,317.55,246.40,482.70,1,-1,-1,-1
262,3,1343.97,290.33,358.46,529.89,1,-1,-1,-1
262,1,1021.13,292.22,318.35,539.05,1,-1,-1,-1
263,8,668.25,308.38,285.01,517.11,1,-1,-1,-1
263,7,323.81,320.08,263.25,481.96,1,-1,-1,-1
263,3,1349.17,298.07,357.49,526.51,1,-1,-1,-1
263,1,1019.50,277.21,296.20,559.52,1,-1,-1,-1
264,8,653.73,317.72,271.33,513.72,1,-1,-1,-1
264,7,308.66,324.60,272.32,482.95,1,-1,-1,-1
264,3,1350.20,312.37,320.90,515.00,1,-1,-1,-1
264,1,1016.53,273.89,269.08,566.10,1,-1,-1,-1
265,8,641.94,319.36,262.51,521.46,1,-1,-1,-1
265,7,288.89,322.33,268.19,488.54,1,-1,-1,-1
265,3,1351.59,282.84,350.90,548.91,1,-1,-1,-1
265,1,1018.55,272.21,263.30,573.32,1,-1,-1,-1
266,8,574.64,307.32,337.70,536.98,1,-1,-1,-1
266,7,255.95,296.24,287.12,519.77,1,-1,-1,-1
266,1,989.11,245.12,279.86,603.86,1,-1,-1,-1
267,8,559.46,322.40,355.35,523.84,1,-1,-1,-1
267,1,979.50,243.91,279.30,609.56,1,-1,-1,-1
268,12,195.50,264.34,343.25,559.77,1,-1,-1,-1
267,12,202.00,264.61,337.92,555.98,1,-1,-1,-1
266,12,254.92,295.15,288.44,521.80,1,-1,-1,-1
268,11,1311.12,274.63,302.76,569.66,1,-1,-1,-1
267,11,1297.66,275.15,312.23,563.67,1,-1,-1,-1
266,11,1310.88,279.48,295.89,554.38,1,-1,-1,-1
268,8,568.94,313.92,345.24,534.47,1,-1,-1,-1
268,1,979.25,245.62,277.39,608.81,1,-1,-1,-1
269,12,208.67,268.03,328.36,559.29,1,-1,-1,-1
269,11,1325.55,262.25,302.96,586.76,1,-1,-1,-1
269,8,578.24,283.10,329.80,570.45,1,-1,-1,-1
269,1,982.27,248.70,278.87,608.42,1,-1,-1,-1
270,12,207.45,253.79,326.67,577.41,1,-1,-1,-1
270,11,1352.96,255.52,277.97,595.92,1,-1,-1,-1
270,8,591.33,262.39,313.31,593.55,1,-1,-1,-1
270,1,998.07,250.05,268.81,609.23,1,-1,-1,-1
271,12,215.56,243.31,304.24,598.99,1,-1,-1,-1
271,11,1370.26,287.51,278.56,572.22,1,-1,-1,-1
271,8,621.85,299.86,261.79,565.16,1,-1,-1,-1
271,1,1027.25,237.33,248.27,629.36,1,-1,-1,-1
272,12,227.94,235.47,282.09,613.09,1,-1,-1,-1
272,11,1382.55,308.33,274.20,564.57,1,-1,-1,-1
272,8,622.07,310.77,246.72,560.35,1,-1,-1,-1
272,1,1037.88,245.70,237.71,627.70,1,-1,-1,-1
273,12,233.15,226.04,271.28,629.93,1,-1,-1,-1
273,11,1390.73,294.12,277.35,597.78,1,-1,-1,-1
273,8,623.03,293.18,237.60,598.65,1,-1,-1,-1
273,1,1029.64,250.60,252.76,639.08,1,-1,-1,-1
274,11,1399.79,266.38,274.16,644.79,1,-1,-1,-1
274,8,624.09,247.44,224.83,662.50,1,-1,-1,-1
274,1,1004.37,246.30,285.15,655.02,1,-1,-1,-1
275,11,1403.36,234.79,274.85,693.49,1,-1,-1,-1
275,8,567.00,222.15,273.95,700.86,1,-1,-1,-1
275,1,988.12,247.49,300.54,669.19,1,-1,-1,-1
276,11,1329.64,264.05,364.53,678.69,1,-1,-1,-1
276,8,541.24,282.04,297.28,660.85,1,-1,-1,-1
276,1,998.06,275.86,286.30,673.36,1,-1,-1,-1
277,12,236.70,289.04,196.46,638.54,1,-1,-1,-1
276,12,208.17,272.29,232.30,629.78,1,-1,-1,-1
275,12,197.92,246.58,278.78,625.93,1,-1,-1,-1
277,11,1319.96,290.69,380.54,655.59,1,-1,-1,-1
277,8,552.09,286.30,285.50,666.16,1,-1,-1,-1
277,1,1026.93,302.59,257.50,651.66,1,-1,-1,-1
278,12,254.20,310.73,177.49,624.41,1,-1,-1,-1
278,11,1316.80,316.59,396.96,633.51,1,-1,-1,-1
278,8,570.56,309.52,256.29,649.07,1,-1,-1,-1
278,1,1061.72,326.73,225.22,631.06,1,-1,-1,-1
279,12,241.01,332.34,185.36,606.58,1,-1,-1,-1
279,11,1322.08,335.93,399.08,624.39,1,-1,-1,-1
279,8,582.90,315.64,237.72,648.45,1,-1,-1,-1
279,1,1080.59,334.36,209.97,628.52,1,-1,-1,-1
280,12,231.48,339.56,189.24,609.78,1,-1,-1,-1
280,11,1325.51,353.33,400.07,613.25,1,-1,-1,-1
280,8,600.50,324.26,217.50,649.30,1,-1,-1,-1
280,1,1087.92,334.56,207.44,635.26,1,-1,-1,-1
281,12,220.16,330.82,209.80,628.01,1,-1,-1,-1
281,11,1371.60,372.44,363.68,601.40,1,-1,-1,-1
281,8,614.17,335.55,198.40,651.07,1,-1,-1,-1
281,1,1083.70,335.03,220.31,647.72,1,-1,-1,-1
282,12,214.08,322.42,236.67,640.11,1,-1,-1,-1
282,11,1410.06,371.82,334.43,609.24,1,-1,-1,-1
282,8,615.18,335.61,195.70,663.45,1,-1,-1,-1
282,1,1080.10,333.38,227.28,655.00,1,-1,-1,-1
283,12,200.41,309.69,254.75,660.39,1,-1,-1,-1
283,11,1427.18,370.61,325.05,616.73,1,-1,-1,-1
283,8,616.19,337.57,192.32,664.75,1,-1,-1,-1
283,1,1081.49,332.05,227.31,661.69,1,-1,-1,-1
284,12,190.42,301.71,265.61,675.04,1,-1,-1,-1
284,11,1434.85,358.12,320.80,636.38,1,-1,-1,-1
284,8,615.83,334.32,191.54,667.25,1,-1,-1,-1
284,1,1084.35,321.49,227.98,678.64,1,-1,-1,-1
285,12,181.13,297.76,274.55,684.73,1,-1,-1,-1
285,11,1441.53,354.02,318.23,644.63,1,-1,-1,-1
285,8,618.32,322.27,189.80,686.71,1,-1,-1,-1
285,1,1094.81,310.61,217.38,695.26,1,-1,-1,-1
286,12,164.49,292.60,270.19,703.71,1,-1,-1,-1
286,11,1446.51,317.30,326.36,694.53,1,-1,-1,-1
286,8,620.23,297.45,188.43,723.60,1,-1,-1,-1
286,1,1106.49,266.94,211.11,751.20,1,-1,-1,-1
287,12,156.09,294.12,263.86,706.70,1,-1,-1,-1
287,11,1447.17,272.83,328.77,744.99,1,-1,-1,-1
287,8,616.76,296.02,191.31,730.33,1,-1,-1,-1
287,1,1101.75,263.26,216.27,760.32,1,-1,-1,-1
288,12,151.66,288.47,248.26,717.59,1,-1,-1,-1
288,11,1449.04,265.06,320.65,758.71,1,-1,-1,-1
288,8,611.25,297.51,192.94,732.84,1,-1,-1,-1
288,1,1076.13,235.42,241.86,794.54,1,-1,-1,-1
289,12,142.45,279.99,234.22,730.80,1,-1,-1,-1
289,11,1449.51,263.88,304.14,765.08,1,-1,-1,-1
289,8,536.28,303.50,249.85,730.84,1,-1,-1,-1
289,1,1050.45,227.52,263.13,801.95,1,-1,-1,-1
290,12,130.78,262.35,233.34,755.39,1,-1,-1,-1
290,11,1449.34,270.61,281.92,763.63,1,-1,-1,-1
290,8,504.94,279.85,273.06,762.10,1,-1,-1,-1
290,1,1018.69,227.01,289.17,809.37,1,-1,-1,-1
291,12,105.11,243.91,257.29,792.49,1,-1,-1,-1
291,11,1373.76,266.57,310.95,784.60,1,-1,-1,-1
291,8,540.14,305.12,243.06,751.17,1,-1,-1,-1
291,1,1008.65,232.74,287.23,822.07,1,-1,-1,-1
292,12,81.99,254.88,279.60,790.76,1,-1,-1,-1
292,11,1347.10,287.18,328.70,769.24,1,-1,-1,-1
292,8,551.80,321.03,231.59,746.73,1,-1,-1,-1
292,1,1011.55,234.98,287.61,828.26,1,-1,-1,-1
293,12,78.74,259.35,302.70,789.79,1,-1,-1,-1
293,11,1336.24,312.19,344.05,747.53,1,-1,-1,-1
293,8,553.41,340.30,227.69,736.71,1,-1,-1,-1
293,1,1031.20,257.92,258.93,810.69,1,-1,-1,-1
294,12,76.90,295.92,312.91,754.30,1,-1,-1,-1
294,11,1345.63,329.52,339.65,731.48,1,-1,-1,-1
294,8,552.09,344.20,219.39,734.14,1,-1,-1,-1
294,1,1089.01,294.76,193.27,775.73,1,-1,-1,-1
295,12,76.67,357.00,316.93,693.85,1,-1,-1,-1
295,11,1360.78,343.60,330.88,719.54,1,-1,-1,-1
295,8,550.74,343.69,213.55,734.96,1,-1,-1,-1
295,1,1104.92,340.95,182.18,737.95,1,-1,-1,-1
296,12,79.93,337.33,324.54,717.19,1,-1,-1,-1
296,11,1421.28,359.59,280.72,702.95,1,-1,-1,-1
296,8,549.20,312.19,204.75,766.57,1,-1,-1,-1
296,1,1098.75,293.23,175.02,786.77,1,-1,-1,-1
297,12,83.62,345.09,348.32,709.18,1,-1,-1,-1
297,11,1424.47,387.35,280.07,675.96,1,-1,-1,-1
297,8,549.28,337.28,206.43,740.74,1,-1,-1,-1
297,1,1096.65,335.28,176.24,744.72,1,-1,-1,-1
298,12,86.99,342.60,364.66,708.93,1,-1,-1,-1
298,11,1428.92,390.07,283.44,674.66,1,-1,-1,-1
298,8,550.66,314.84,206.56,762.87,1,-1,-1,-1
298,1,1093.31,350.79,179.90,729.21,1,-1,-1,-1
299,12,88.91,341.50,365.75,708.36,1,-1,-1,-1
299,11,1432.17,375.29,283.02,689.15,1,-1,-1,-1
299,8,553.13,353.44,204.39,723.83,1,-1,-1,-1
299,1,1089.70,354.01,183.18,725.99,1,-1,-1,-1
300,12,93.37,344.93,359.28,705.28,1,-1,-1,-1
300,11,1434.18,377.64,280.19,685.54,1,-1,-1,-1
300,8,554.58,354.69,204.05,719.60,1,-1,-1,-1
300,1,1085.20,356.66,187.84,723.34,1,-1,-1,-1
301,12,99.85,361.42,292.97,687.10,1,-1,-1,-1
301,11,1441.65,340.59,248.32,718.91,1,-1,-1,-1
301,8,558.44,354.64,200.93,719.38,1,-1,-1,-1
301,1,1082.66,355.45,191.83,724.55,1,-1,-1,-1
302,12,105.63,360.26,273.97,686.35,1,-1,-1,-1
302,11,1442.96,331.29,230.85,721.03,1,-1,-1,-1
302,8,560.27,352.83,202.85,721.46,1,-1,-1,-1
302,1,1061.41,349.96,214.12,729.62,1,-1,-1,-1
303,12,110.08,356.86,268.80,687.62,1,-1,-1,-1
303,11,1439.23,322.27,225.21,724.28,1,-1,-1,-1
303,8,562.03,347.41,202.35,718.87,1,-1,-1,-1
303,1,1015.35,340.09,259.30,730.99,1,-1,-1,-1
304,12,107.36,354.71,273.87,685.87,1,-1,-1,-1
304,11,1437.93,319.55,223.49,719.45,1,-1,-1,-1
304,8,565.03,336.47,205.49,728.98,1,-1,-1,-1
304,1,996.87,332.96,277.17,728.54,1,-1,-1,-1
305,12,106.42,349.36,281.62,684.88,1,-1,-1,-1
305,11,1433.38,317.50,226.59,713.18,1,-1,-1,-1
305,8,571.22,326.74,201.19,736.16,1,-1,-1,-1
305,1,988.97,324.59,286.22,733.24,1,-1,-1,-1
306,12,118.66,337.64,289.73,688.52,1,-1,-1,-1
306,11,1426.88,319.62,233.74,700.64,1,-1,-1,-1
306,8,576.18,319.68,201.18,732.02,1,-1,-1,-1
306,1,1013.47,312.40,253.00,735.58,1,-1,-1,-1
307,12,129.41,332.24,298.52,690.57,1,-1,-1,-1
307,11,1425.14,320.44,234.37,696.98,1,-1,-1,-1
307,8,580.14,318.59,251.99,722.58,1,-1,-1,-1
307,1,1056.46,304.22,208.67,741.96,1,-1,-1,-1
308,12,133.62,329.88,314.57,689.12,1,-1,-1,-1
308,11,1428.15,321.79,228.82,691.32,1,-1,-1,-1
308,8,578.33,321.06,259.37,715.33,1,-1,-1,-1
308,1,1092.06,303.63,182.19,735.88,1,-1,-1,-1
309,12,136.56,327.98,314.99,686.89,1,-1,-1,-1
309,11,1408.90,330.17,247.53,681.74,1,-1,-1,-1
309,8,567.34,326.80,262.49,701.95,1,-1,-1,-1
309,1,1067.05,301.72,202.95,732.86,1,-1,-1,-1
310,12,139.63,329.85,296.62,678.82,1,-1,-1,-1
310,11,1368.80,331.90,313.82,675.35,1,-1,-1,-1
310,8,553.77,330.93,256.75,696.92,1,-1,-1,-1
310,1,1054.72,296.56,239.36,728.84,1,-1,-1,-1
311,12,142.69,335.68,284.99,666.00,1,-1,-1,-1
311,11,1298.51,354.29,404.27,646.20,1,-1,-1,-1
311,8,543.09,335.25,296.96,683.32,1,-1,-1,-1
311,1,1037.50,307.38,290.81,708.08,1,-1,-1,-1
312,12,143.69,339.01,283.59,655.82,1,-1,-1,-1
312,11,1256.73,352.08,435.54,641.20,1,-1,-1,-1
312,8,542.19,335.22,287.75,677.36,1,-1,-1,-1
312,1,1046.14,313.98,240.77,700.47,1,-1,-1,-1
313,12,129.30,337.36,290.20,658.26,1,-1,-1,-1
313,11,1309.30,344.79,352.38,645.12,1,-1,-1,-1
313,8,547.49,332.81,251.00,677.47,1,-1,-1,-1
313,1,1033.73,314.73,278.45,695.13,1,-1,-1,-1
314,12,109.31,332.97,301.71,662.29,1,-1,-1,-1
314,11,1328.28,333.53,303.23,654.30,1,-1,-1,-1
314,8,559.63,329.32,229.66,658.89,1,-1,-1,-1
314,1,1050.14,313.03,254.60,691.61,1,-1,-1,-1
315,12,113.60,327.76,292.35,662.11,1,-1,-1,-1
315,11,1352.09,324.78,271.04,658.43,1,-1,-1,-1
315,8,578.09,322.19,202.48,677.75,1,-1,-1,-1
315,1,1080.18,308.80,204.44,699.18,1,-1,-1,-1
316,12,169.42,318.01,246.50,664.04,1,-1,-1,-1
316,11,1406.21,307.48,215.52,672.60,1,-1,-1,-1
316,8,599.30,318.55,194.61,685.58,1,-1,-1,-1
316,1,1090.55,302.85,178.66,699.77,1,-1,-1,-1
317,12,177.95,327.58,248.74,650.82,1,-1,-1,-1
317,11,1401.79,329.34,210.91,648.14,1,-1,-1,-1
317,8,602.56,323.88,215.99,676.48,1,-1,-1,-1
317,1,1090.42,305.07,195.82,697.05,1,-1,-1,-1
318,12,184.87,329.58,256.59,645.04,1,-1,-1,-1
318,11,1388.23,334.35,221.36,637.82,1,-1,-1,-1
318,8,605.51,330.90,219.13,665.64,1,-1,-1,-1
318,1,1084.98,313.39,210.47,682.25,1,-1,-1,-1
319,12,189.53,333.31,248.45,637.74,1,-1,-1,-1
319,11,1343.21,340.00,263.19,629.35,1,-1,-1,-1
319,8,605.82,335.35,252.12,655.95,1,-1,-1,-1
319,1,1011.00,321.54,279.85,677.76,1,-1,-1,-1
320,12,195.36,338.21,241.92,629.84,1,-1,-1,-1
320,11,1323.13,347.17,292.46,614.70,1,-1,-1,-1
320,8,609.57,338.68,261.62,631.18,1,-1,-1,-1
320,1,1026.39,329.89,249.07,662.70,1,-1,-1,-1
321,12,182.60,345.08,254.21,613.98,1,-1,-1,-1
321,11,1320.51,356.77,281.89,602.11,1,-1,-1,-1
321,8,611.84,343.96,221.91,616.89,1,-1,-1,-1
321,1,974.72,331.99,296.84,653.72,1,-1,-1,-1
322,12,171.68,343.15,262.55,615.01,1,-1,-1,-1
322,11,1331.45,353.30,263.90,608.38,1,-1,-1,-1
322,8,611.43,342.58,195.27,636.58,1,-1,-1,-1
322,1,1001.66,329.59,264.16,655.62,1,-1,-1,-1
323,12,199.60,344.55,236.45,614.01,1,-1,-1,-1
323,11,1345.50,350.57,235.79,609.01,1,-1,-1,-1
323,8,611.41,343.59,180.24,634.69,1,-1,-1,-1
323,1,1009.49,322.54,247.50,658.73,1,-1,-1,-1
324,12,212.71,342.03,227.46,614.74,1,-1,-1,-1
324,11,1334.53,348.10,237.56,608.09,1,-1,-1,-1
324,8,619.06,342.63,175.26,631.71,1,-1,-1,-1
324,1,1052.50,315.64,196.29,658.21,1,-1,-1,-1
325,12,218.92,341.40,224.37,615.58,1,-1,-1,-1
325,11,1367.93,344.81,202.70,609.57,1,-1,-1,-1
325,8,609.63,343.11,194.19,629.39,1,-1,-1,-1
325,1,1062.22,312.99,178.16,656.12,1,-1,-1,-1
326,12,228.82,343.68,251.39,607.03,1,-1,-1,-1
326,11,1369.05,349.89,192.60,601.70,1,-1,-1,-1
326,8,606.30,351.26,228.24,612.29,1,-1,-1,-1
327,12,218.98,345.04,281.89,604.06,1,-1,-1,-1
327,11,1343.87,350.72,213.76,597.21,1,-1,-1,-1
327,8,617.48,354.55,217.15,592.53,1,-1,-1,-1
328,13,1044.10,331.81,185.89,630.74,1,-1,-1,-1
327,13,1048.22,327.51,182.79,636.83,1,-1,-1,-1
326,13,1055.70,321.72,167.39,643.81,1,-1,-1,-1
328,12,207.63,348.40,318.52,600.23,1,-1,-1,-1
328,11,1326.88,349.16,230.16,595.65,1,-1,-1,-1
328,8,630.86,354.44,200.23,582.58,1,-1,-1,-1
329,13,1015.20,335.61,214.13,623.92,1,-1,-1,-1
329,12,211.78,351.13,313.99,596.02,1,-1,-1,-1
329,11,1315.25,345.71,245.15,595.15,1,-1,-1,-1
329,8,640.22,353.54,203.35,597.25,1,-1,-1,-1
330,12,241.51,353.45,272.96,589.26,1,-1,-1,-1
330,11,1342.22,343.77,213.10,595.29,1,-1,-1,-1
330,8,640.56,352.56,198.86,598.25,1,-1,-1,-1
331,12,256.11,350.94,240.33,583.13,1,-1,-1,-1
331,11,1331.21,338.79,205.01,595.12,1,-1,-1,-1
332,12,259.71,348.33,232.67,580.65,1,-1,-1,-1
332,11,1337.13,335.58,192.88,593.07,1,-1,-1,-1
333,14,637.74,349.41,170.46,595.07,1,-1,-1,-1
332,14,638.03,345.79,176.74,599.63,1,-1,-1,-1
331,14,638.11,347.25,177.04,600.06,1,-1,-1,-1
333,13,1026.41,342.88,177.78,569.02,1,-1,-1,-1
332,13,1032.36,341.25,175.87,606.06,1,-1,-1,-1
331,13,1034.34,341.54,178.19,610.43,1,-1,-1,-1
333,12,262.42,347.88,221.09,580.22,1,-1,-1,-1
334,14,636.41,353.81,173.18,589.34,1,-1,-1,-1
334,13,1020.09,343.48,184.82,588.22,1,-1,-1,-1
334,12,267.72,350.85,207.54,575.20,1,-1,-1,-1
335,15,1332.97,354.31,180.13,550.35,1,-1,-1,-1
334,15,1333.35,350.96,185.12,551.32,1,-1,-1,-1
333,15,1336.59,343.07,186.94,565.41,1,-1,-1,-1
335,14,635.65,359.06,158.89,579.96,1,-1,-1,-1
335,13,1017.85,343.35,182.20,593.08,1,-1,-1,-1
335,12,273.92,351.75,206.60,568.89,1,-1,-1,-1
336,15,1328.39,360.89,171.35,559.38,1,-1,-1,-1
336,14,629.79,365.39,164.81,569.56,1,-1,-1,-1
336,13,1009.82,347.41,167.95,588.77,1,-1,-1,-1
336,12,274.64,353.53,208.99,551.86,1,-1,-1,-1
337,15,1327.68,361.76,164.18,560.27,1,-1,-1,-1
337,14,626.44,366.82,166.48,559.57,1,-1,-1,-1
337,13,1003.70,345.31,174.30,584.01,1,-1,-1,-1
337,12,279.47,356.00,202.85,548.57,1,-1,-1,-1
338,15,1326.61,362.26,163.89,558.49,1,-1,-1,-1
338,14,620.33,369.94,169.85,560.14,1,-1,-1,-1
338,13,997.90,348.26,175.75,555.18,1,-1,-1,-1
338,12,277.89,353.08,206.64,546.37,1,-1,-1,-1
339,15,1322.76,365.63,163.46,554.51,1,-1,-1,-1
339,14,545.01,374.30,241.32,559.86,1,-1,-1,-1
339,13,953.52,348.01,219.56,577.44,1,-1,-1,-1
340,16,257.18,364.57,217.08,532.88,1,-1,-1,-1
339,16,278.66,360.83,186.43,535.49,1,-1,-1,-1
338,16,279.55,356.85,204.32,542.74,1,-1,-1,-1
340,15,1315.44,368.13,169.63,551.76,1,-1,-1,-1
340,14,486.56,375.70,295.57,557.02,1,-1,-1,-1
340,13,911.57,352.09,259.94,572.04,1,-1,-1,-1
341,16,180.04,372.74,309.38,520.53,1,-1,-1,-1
341,15,1289.48,371.20,187.26,543.26,1,-1,-1,-1
341,14,467.81,380.47,309.81,547.09,1,-1,-1,-1
341,13,927.69,356.17,237.35,565.58,1,-1,-1,-1
342,16,178.94,376.85,309.95,515.43,1,-1,-1,-1
342,14,509.49,385.91,268.55,536.47,1,-1,-1,-1
342,13,898.36,368.30,278.92,553.44,1,-1,-1,-1
343,16,206.45,384.36,279.37,514.02,1,-1,-1,-1
343,14,518.46,394.27,259.15,526.40,1,-1,-1,-1
343,13,873.06,378.39,383.83,535.76,1,-1,-1,-1
344,16,208.56,391.68,277.28,503.14,1,-1,-1,-1
344,14,531.97,402.20,280.75,516.15,1,-1,-1,-1
344,13,872.74,386.18,404.26,525.01,1,-1,-1,-1
344,11,1230.57,391.07,397.00,511.11,1,-1,-1,-1
343,11,1243.26,387.15,355.20,516.36,1,-1,-1,-1
342,11,1271.05,379.29,238.10,528.04,1,-1,-1,-1
345,16,196.14,400.42,287.33,488.77,1,-1,-1,-1
345,14,531.44,404.57,286.00,513.34,1,-1,-1,-1
345,13,870.66,391.10,403.17,525.23,1,-1,-1,-1
345,11,1225.23,399.72,390.76,505.81,1,-1,-1,-1
346,16,197.56,414.36,310.03,471.03,1,-1,-1,-1
346,14,535.96,415.18,271.14,497.75,1,-1,-1,-1
346,13,871.78,398.05,348.86,513.74,1,-1,-1,-1
346,11,1224.03,406.15,315.88,498.90,1,-1,-1,-1
347,16,203.70,418.18,296.04,471.05,1,-1,-1,-1
347,14,537.85,415.89,243.24,496.44,1,-1,-1,-1
347,11,1222.11,408.18,245.44,498.35,1,-1,-1,-1
348,16,207.05,421.92,267.70,464.41,1,-1,-1,-1
348,14,539.29,415.98,221.76,495.22,1,-1,-1,-1
348,11,1220.63,411.08,231.77,495.69,1,-1,-1,-1
348,1,870.65,399.82,255.47,507.36,1,-1,-1,-1
347,1,869.91,398.44,263.81,510.43,1,-1,-1,-1
346,1,869.45,396.83,273.72,515.41,1,-1,-1,-1
349,16,207.04,422.29,253.65,465.14,1,-1,-1,-1
349,14,537.42,416.65,220.66,493.09,1,-1,-1,-1
349,11,1217.49,411.46,234.02,492.40,1,-1,-1,-1
349,1,870.06,398.96,254.43,506.07,1,-1,-1,-1
350,16,212.03,418.93,247.67,466.19,1,-1,-1,-1
350,14,533.54,416.99,227.44,491.93,1,-1,-1,-1
350,11,1214.98,410.43,234.79,493.13,1,-1,-1,-1
350,1,871.35,396.65,253.80,507.71,1,-1,-1,-1
351,16,223.44,413.73,240.64,462.85,1,-1,-1,-1
351,14,521.11,411.43,242.66,491.45,1,-1,-1,-1
351,11,1201.31,412.12,243.09,491.90,1,-1,-1,-1
351,1,874.61,397.48,247.28,502.73,1,-1,-1,-1
352,16,210.39,411.35,256.61,465.14,1,-1,-1,-1
352,14,514.95,406.33,249.27,495.64,1,-1,-1,-1
352,11,1202.98,410.86,237.34,492.80,1,-1,-1,-1
352,1,866.99,396.54,259.67,504.59,1,-1,-1,-1
353,16,193.94,407.46,274.36,469.33,1,-1,-1,-1
353,14,518.34,402.75,248.24,498.04,1,-1,-1,-1
353,11,1208.55,407.79,230.40,494.17,1,-1,-1,-1
353,1,884.54,396.43,245.69,503.92,1,-1,-1,-1
354,16,192.62,404.32,280.99,472.81,1,-1,-1,-1
354,14,549.37,399.58,219.28,501.13,1,-1,-1,-1
354,11,1207.19,405.67,231.76,495.05,1,-1,-1,-1
354,1,888.16,396.66,244.59,503.02,1,-1,-1,-1
355,16,188.53,401.37,289.23,474.03,1,-1,-1,-1
355,14,529.40,395.43,244.39,504.59,1,-1,-1,-1
355,11,1208.72,404.30,230.90,496.34,1,-1,-1,-1
355,1,882.50,396.37,249.84,502.40,1,-1,-1,-1
356,16,234.14,396.82,266.74,473.94,1,-1,-1,-1
356,14,538.37,387.99,250.10,506.95,1,-1,-1,-1
356,11,1200.46,403.80,236.53,494.71,1,-1,-1,-1
356,1,875.68,398.91,257.38,497.09,1,-1,-1,-1
357,16,236.70,399.57,269.01,469.95,1,-1,-1,-1
357,14,536.99,385.24,261.72,509.49,1,-1,-1,-1
357,11,1194.46,403.59,242.43,494.14,1,-1,-1,-1
357,1,873.08,401.61,260.03,494.49,1,-1,-1,-1
358,16,240.03,397.54,266.03,471.32,1,-1,-1,-1
358,14,539.74,387.07,269.89,507.31,1,-1,-1,-1
358,11,1193.34,405.79,250.56,491.12,1,-1,-1,-1
358,1,883.26,402.26,250.36,494.45,1,-1,-1,-1
359,16,253.40,391.92,247.27,480.05,1,-1,-1,-1
359,14,563.09,389.60,260.05,505.15,1,-1,-1,-1
359,11,1195.67,402.37,246.82,493.45,1,-1,-1,-1
359,1,891.88,399.46,229.13,496.08,1,-1,-1,-1
360,16,260.29,345.13,237.57,525.29,1,-1,-1,-1
360,14,562.91,370.99,266.78,524.31,1,-1,-1,-1
360,11,1203.82,356.99,233.99,538.37,1,-1,-1,-1
360,1,901.10,389.66,212.85,502.08,1,-1,-1,-1
361,16,275.27,307.16,222.13,562.31,1,-1,-1,-1
361,14,583.66,317.11,248.81,575.41,1,-1,-1,-1
361,11,1201.36,300.21,241.43,592.26,1,-1,-1,-1
361,1,881.01,308.64,232.61,577.93,1,-1,-1,-1
362,16,278.32,313.24,220.52,556.74,1,-1,-1,-1
362,14,584.43,321.76,250.34,568.83,1,-1,-1,-1
362,11,1209.19,305.80,217.60,585.31,1,-1,-1,-1
362,1,881.21,311.81,232.81,573.16,1,-1,-1,-1
363,16,283.53,333.29,217.49,539.00,1,-1,-1,-1
363,14,586.81,329.93,248.02,560.71,1,-1,-1,-1
363,11,1208.81,314.35,225.69,577.11,1,-1,-1,-1
363,1,878.56,336.34,236.86,547.11,1,-1,-1,-1
364,16,289.36,376.11,217.04,492.40,1,-1,-1,-1
364,14,589.87,341.74,244.88,547.56,1,-1,-1,-1
364,11,1206.44,347.75,243.10,544.12,1,-1,-1,-1
364,1,882.59,356.95,239.20,523.80,1,-1,-1,-1
365,16,293.47,401.41,214.20,464.26,1,-1,-1,-1
365,14,593.10,361.23,245.48,527.89,1,-1,-1,-1
365,11,1205.31,388.91,257.31,501.00,1,-1,-1,-1
365,1,884.30,379.72,247.99,500.64,1,-1,-1,-1
366,16,299.78,438.99,209.78,423.25,1,-1,-1,-1
366,14,595.12,403.96,245.73,483.81,1,-1,-1,-1
366,11,1203.54,426.32,260.27,462.03,1,-1,-1,-1
366,1,884.83,418.99,270.19,460.03,1,-1,-1,-1
367,16,300.45,437.47,212.65,427.37,1,-1,-1,-1
367,14,596.08,429.60,248.12,458.58,1,-1,-1,-1
367,11,1203.45,427.49,243.58,461.04,1,-1,-1,-1
367,1,885.19,420.03,273.91,459.35,1,-1,-1,-1
368,16,301.14,437.21,216.46,430.86,1,-1,-1,-1
368,14,596.98,429.50,252.08,459.41,1,-1,-1,-1
368,11,1203.36,427.93,266.77,459.80,1,-1,-1,-1
368,1,887.22,417.08,268.26,462.73,1,-1,-1,-1
369,16,296.46,429.20,231.83,436.28,1,-1,-1,-1
369,14,597.20,427.35,249.11,461.33,1,-1,-1,-1
369,11,1202.44,426.10,273.88,460.46,1,-1,-1,-1
369,1,890.18,415.31,259.93,464.54,1,-1,-1,-1
370,16,300.85,425.70,234.97,437.87,1,-1,-1,-1
370,14,597.72,422.31,246.94,466.69,1,-1,-1,-1
370,11,1201.31,424.57,267.42,462.94,1,-1,-1,-1
370,1,890.26,413.67,246.79,465.35,1,-1,-1,-1
371,16,308.85,415.54,216.82,445.55,1,-1,-1,-1
371,14,603.83,417.62,243.13,465.58,1,-1,-1,-1
371,11,1196.39,418.04,225.60,468.33,1,-1,-1,-1
371,1,904.22,408.81,243.48,473.70,1,-1,-1,-1
372,16,326.53,412.81,199.67,449.49,1,-1,-1,-1
372,14,607.39,415.03,248.91,465.32,1,-1,-1,-1
372,11,1196.65,414.43,223.63,471.19,1,-1,-1,-1
372,1,911.66,404.77,230.91,479.96,1,-1,-1,-1
373,16,349.45,409.94,179.08,452.92,1,-1,-1,-1
373,14,616.57,412.82,240.01,468.14,1,-1,-1,-1
373,11,1201.90,412.52,220.67,473.77,1,-1,-1,-1
373,1,917.74,402.53,206.24,482.64,1,-1,-1,-1
374,16,365.42,405.56,162.67,458.10,1,-1,-1,-1
374,14,624.08,408.23,232.30,473.35,1,-1,-1,-1
374,11,1203.01,410.60,230.16,474.22,1,-1,-1,-1
374,1,924.04,400.15,193.29,486.45,1,-1,-1,-1
375,16,364.03,404.37,166.01,456.30,1,-1,-1,-1
375,14,610.86,408.59,237.35,471.95,1,-1,-1,-1
375,11,1203.23,409.75,237.82,472.76,1,-1,-1,-1
375,1,927.78,398.90,188.64,479.33,1,-1,-1,-1
376,16,363.17,401.75,249.18,452.30,1,-1,-1,-1
376,14,613.09,405.79,232.38,472.79,1,-1,-1,-1
376,11,1186.38,406.42,276.92,475.42,1,-1,-1,-1
376,1,930.18,392.35,192.29,490.34,1,-1,-1,-1
377,16,363.20,400.16,247.95,452.74,1,-1,-1,-1
377,14,620.27,407.21,225.77,468.26,1,-1,-1,-1
377,11,1154.50,401.35,312.04,481.63,1,-1,-1,-1
377,1,927.94,390.88,236.05,490.83,1,-1,-1,-1
378,16,360.69,400.02,256.77,453.10,1,-1,-1,-1
378,14,588.96,411.33,256.19,463.02,1,-1,-1,-1
378,11,1136.00,404.08,325.17,479.12,1,-1,-1,-1
378,1,926.85,392.64,236.83,491.35,1,-1,-1,-1
379,16,355.04,398.84,259.54,452.48,1,-1,-1,-1
379,14,585.08,410.51,258.76,463.96,1,-1,-1,-1
379,11,1137.66,404.88,305.60,482.75,1,-1,-1,-1
379,1,925.38,388.46,232.13,496.17,1,-1,-1,-1
380,16,353.08,399.38,257.78,449.22,1,-1,-1,-1
380,14,580.12,411.94,262.31,463.26,1,-1,-1,-1
380,11,1138.80,406.28,285.39,484.55,1,-1,-1,-1
380,1,911.38,386.26,239.90,497.02,1,-1,-1,-1
381,16,344.06,407.38,278.19,441.96,1,-1,-1,-1
381,14,500.10,412.46,343.10,462.88,1,-1,-1,-1
381,11,1139.97,410.53,286.96,481.90,1,-1,-1,-1
381,1,882.17,385.94,268.81,491.22,1,-1,-1,-1
382,16,336.67,409.47,259.90,439.55,1,-1,-1,-1
382,14,613.26,410.33,226.41,462.77,1,-1,-1,-1
382,11,1131.59,412.64,296.47,480.04,1,-1,-1,-1
382,1,883.30,387.45,274.57,489.33,1,-1,-1,-1
383,16,337.75,415.34,301.03,435.59,1,-1,-1,-1
383,14,604.37,408.03,232.63,466.18,1,-1,-1,-1
383,11,1134.57,416.31,295.82,477.93,1,-1,-1,-1
383,1,879.11,390.73,288.20,484.97,1,-1,-1,-1
384,16,335.92,416.40,342.58,435.48,1,-1,-1,-1
384,14,603.57,406.86,236.02,469.40,1,-1,-1,-1
384,11,1149.56,413.01,284.05,482.17,1,-1,-1,-1
384,1,879.23,384.73,332.96,494.83,1,-1,-1,-1
385,16,329.37,410.39,347.45,441.42,1,-1,-1,-1
385,11,1156.70,401.74,270.79,495.45,1,-1,-1,-1
385,1,881.89,375.76,280.52,506.24,1,-1,-1,-1
386,17,601.15,378.35,208.36,500.29,1,-1,-1,-1
385,17,598.77,393.42,237.90,485.12,1,-1,-1,-1
384,17,605.39,405.20,235.10,470.77,1,-1,-1,-1
386,16,347.28,399.20,294.94,447.48,1,-1,-1,-1
386,11,1192.41,390.89,205.22,513.51,1,-1,-1,-1
386,1,901.81,348.12,243.34,521.11,1,-1,-1,-1
387,17,593.01,376.47,197.09,501.13,1,-1,-1,-1
387,16,356.64,398.42,292.31,442.10,1,-1,-1,-1
387,11,1195.59,384.77,197.97,521.13,1,-1,-1,-1
387,1,944.06,342.59,180.51,517.04,1,-1,-1,-1
388,17,590.69,375.69,177.98,504.48,1,-1,-1,-1
388,16,451.18,399.11,208.73,428.90,1,-1,-1,-1
388,11,1173.07,379.88,216.55,522.06,1,-1,-1,-1
388,1,933.35,341.67,183.16,521.69,1,-1,-1,-1
389,17,582.17,371.70,167.74,509.16,1,-1,-1,-1
389,16,498.03,403.52,174.34,424.75,1,-1,-1,-1
389,11,1144.32,379.07,227.01,522.27,1,-1,-1,-1
389,1,944.29,343.90,163.77,514.72,1,-1,-1,-1
390,17,565.12,370.23,174.21,511.29,1,-1,-1,-1
390,16,526.80,402.23,158.13,427.67,1,-1,-1,-1
390,11,1154.83,372.47,205.36,534.31,1,-1,-1,-1
390,1,946.98,350.89,351.50,530.49,1,-1,-1,-1
391,17,549.15,367.19,174.87,514.28,1,-1,-1,-1
391,11,1063.57,370.66,284.35,537.83,1,-1,-1,-1
391,1,946.39,356.42,241.71,517.84,1,-1,-1,-1
392,17,541.67,366.10,180.86,517.29,1,-1,-1,-1
392,11,1028.58,370.09,319.82,541.41,1,-1,-1,-1
392,1,946.50,358.97,231.26,518.65,1,-1,-1,-1
393,17,534.62,367.53,186.05,519.87,1,-1,-1,-1
393,11,1006.04,367.12,330.77,563.58,1,-1,-1,-1
393,1,942.86,363.92,248.39,516.50,1,-1,-1,-1
394,17,534.45,372.68,197.75,511.12,1,-1,-1,-1
394,11,1002.18,366.08,332.71,574.04,1,-1,-1,-1
394,1,941.91,370.15,262.19,514.09,1,-1,-1,-1
395,17,531.17,378.77,195.99,506.93,1,-1,-1,-1
395,11,999.85,365.27,331.43,563.65,1,-1,-1,-1
395,1,941.82,373.22,271.21,519.56,1,-1,-1,-1
396,17,525.81,380.37,189.35,512.48,1,-1,-1,-1
396,16,629.89,397.56,224.09,450.93,1,-1,-1,-1
395,16,558.76,387.77,287.04,455.80,1,-1,-1,-1
394,16,540.14,375.86,299.77,481.70,1,-1,-1,-1
396,11,990.45,353.06,296.15,595.51,1,-1,-1,-1
397,17,525.91,381.40,180.97,513.53,1,-1,-1,-1
397,16,661.86,401.77,191.36,449.64,1,-1,-1,-1
397,11,991.12,351.64,254.12,602.33,1,-1,-1,-1
398,17,527.36,382.35,173.49,515.23,1,-1,-1,-1
398,16,678.26,405.74,171.66,446.91,1,-1,-1,-1
398,11,986.81,351.89,253.00,602.57,1,-1,-1,-1
399,17,533.73,385.66,153.40,512.24,1,-1,-1,-1
399,16,677.38,402.51,171.48,450.89,1,-1,-1,-1
399,11,945.23,353.26,297.98,613.24,1,-1,-1,-1
400,17,533.36,388.65,149.55,509.89,1,-1,-1,-1
400,16,690.75,401.10,182.15,453.17,1,-1,-1,-1
400,11,938.10,353.16,304.29,622.31,1,-1,-1,-1
401,17,513.92,398.73,163.13,498.32,1,-1,-1,-1
401,16,703.80,398.30,191.58,460.27,1,-1,-1,-1
401,11,876.70,350.71,367.02,628.05,1,-1,-1,-1
401,1,1057.09,389.37,201.41,488.98,1,-1,-1,-1
400,1,1019.47,406.77,232.73,473.17,1,-1,-1,-1
399,1,1049.68,438.26,197.78,441.68,1,-1,-1,-1
402,17,502.74,402.51,167.25,493.87,1,-1,-1,-1
402,16,704.95,397.45,200.15,463.68,1,-1,-1,-1
402,11,861.68,345.60,343.21,625.66,1,-1,-1,-1
402,1,1069.69,385.76,185.55,491.70,1,-1,-1,-1
403,17,487.30,403.84,176.84,495.37,1,-1,-1,-1
403,16,706.97,399.08,185.89,463.61,1,-1,-1,-1
403,11,856.40,338.26,240.02,627.49,1,-1,-1,-1
403,1,1067.98,386.94,184.33,496.19,1,-1,-1,-1
404,17,474.44,396.04,180.91,507.55,1,-1,-1,-1
404,16,709.31,397.37,177.85,467.82,1,-1,-1,-1
404,11,846.16,330.34,236.28,644.24,1,-1,-1,-1
404,1,1064.07,387.70,185.39,499.61,1,-1,-1,-1
405,17,459.71,387.34,183.33,522.89,1,-1,-1,-1
405,16,708.37,392.29,173.46,472.09,1,-1,-1,-1
405,11,836.93,314.15,243.67,679.91,1,-1,-1,-1
405,1,1064.68,390.36,184.44,497.88,1,-1,-1,-1
406,17,445.09,374.09,183.69,538.96,1,-1,-1,-1
406,16,708.00,388.60,179.22,476.79,1,-1,-1,-1
406,11,815.99,306.33,268.25,671.29,1,-1,-1,-1
406,1,1060.49,395.45,192.13,493.62,1,-1,-1,-1
407,17,407.61,347.11,192.81,571.86,1,-1,-1,-1
407,16,711.88,380.31,191.77,488.33,1,-1,-1,-1
407,11,751.61,293.76,306.71,695.72,1,-1,-1,-1
407,1,1054.78,385.25,204.09,497.26,1,-1,-1,-1
408,17,398.19,333.90,190.72,586.28,1,-1,-1,-1
408,16,712.42,381.33,194.13,493.89,1,-1,-1,-1
408,11,715.10,291.27,331.28,699.38,1,-1,-1,-1
408,1,1056.63,361.78,202.07,526.72,1,-1,-1,-1
409,17,385.93,319.70,193.90,605.45,1,-1,-1,-1
409,16,711.31,340.10,192.46,546.14,1,-1,-1,-1
409,11,716.12,286.81,312.82,707.76,1,-1,-1,-1
409,1,1060.20,343.04,207.30,559.16,1,-1,-1,-1
410,17,354.80,324.20,211.01,603.73,1,-1,-1,-1
410,16,705.40,369.29,185.67,511.31,1,-1,-1,-1
410,11,709.00,247.26,304.57,753.05,1,-1,-1,-1
410,1,1056.35,325.83,212.00,579.78,1,-1,-1,-1
411,17,299.48,327.74,252.18,605.65,1,-1,-1,-1
411,16,695.98,355.77,211.90,535.97,1,-1,-1,-1
411,11,696.92,186.35,299.94,818.37,1,-1,-1,-1
411,1,1049.06,303.73,210.21,611.92,1,-1,-1,-1
412,17,250.33,316.14,265.38,622.44,1,-1,-1,-1
412,11,597.64,183.75,446.47,830.26,1,-1,-1,-1
412,1,1029.05,265.39,221.32,649.26,1,-1,-1,-1
413,17,231.19,344.88,269.28,600.70,1,-1,-1,-1
413,11,560.02,226.49,488.80,795.81,1,-1,-1,-1
413,1,1020.90,241.55,221.78,685.67,1,-1,-1,-1
414,17,214.93,350.56,273.81,596.51,1,-1,-1,-1
414,11,533.59,247.68,526.89,776.13,1,-1,-1,-1
414,1,1016.16,252.41,221.19,676.45,1,-1,-1,-1
415,17,172.84,362.75,301.15,587.02,1,-1,-1,-1
415,11,493.49,290.46,599.42,739.85,1,-1,-1,-1
415,1,1014.91,288.53,216.97,643.47,1,-1,-1,-1
416,17,183.89,373.23,280.02,582.72,1,-1,-1,-1
416,11,476.46,321.62,627.21,715.39,1,-1,-1,-1
416,1,1013.74,281.25,215.03,655.59,1,-1,-1,-1
417,17,165.01,377.07,283.21,583.99,1,-1,-1,-1
417,11,479.06,323.12,534.67,725.79,1,-1,-1,-1
417,1,1007.95,318.23,220.23,631.74,1,-1,-1,-1
418,17,154.32,377.51,290.30,588.07,1,-1,-1,-1
418,11,498.86,326.27,476.09,728.84,1,-1,-1,-1
418,1,1006.76,331.58,228.12,619.21,1,-1,-1,-1
419,17,143.45,378.89,299.49,589.12,1,-1,-1,-1
419,11,525.13,324.25,438.34,734.14,1,-1,-1,-1
419,1,1002.26,337.27,230.23,616.01,1,-1,-1,-1
420,17,135.85,383.06,303.03,586.99,1,-1,-1,-1
420,11,558.48,321.15,346.84,748.07,1,-1,-1,-1
420,1,999.23,341.71,236.93,616.66,1,-1,-1,-1
421,17,123.83,383.81,312.06,586.39,1,-1,-1,-1
421,11,572.58,318.19,300.52,757.05,1,-1,-1,-1
421,1,997.86,343.77,241.55,619.85,1,-1,-1,-1
422,17,51.08,387.20,388.48,588.92,1,-1,-1,-1
422,11,597.52,316.73,222.67,763.27,1,-1,-1,-1
422,1,996.86,347.31,249.08,624.08,1,-1,-1,-1
423,17,57.91,389.85,381.47,586.92,1,-1,-1,-1
423,11,598.05,312.78,223.15,767.22,1,-1,-1,-1
423,1,998.15,349.86,253.23,629.05,1,-1,-1,-1
424,17,68.08,392.38,372.27,586.06,1,-1,-1,-1
424,11,582.25,303.66,225.31,776.34,1,-1,-1,-1
424,1,1000.76,349.06,255.69,634.97,1,-1,-1,-1
425,17,71.97,394.18,370.73,585.58,1,-1,-1,-1
425,14,661.33,474.00,170.71,404.93,1,-1,-1,-1
424,14,670.15,484.20,156.54,392.39,1,-1,-1,-1
423,14,667.92,487.48,153.76,385.49,1,-1,-1,-1
425,11,558.81,262.52,251.59,817.48,1,-1,-1,-1
425,1,1003.39,348.72,262.62,638.65,1,-1,-1,-1
426,17,72.16,399.86,367.44,581.96,1,-1,-1,-1
426,14,671.56,465.18,168.43,416.19,1,-1,-1,-1
426,11,505.95,255.25,308.54,824.75,1,-1,-1,-1
426,1,1004.80,347.12,268.99,649.74,1,-1,-1,-1
427,17,96.50,403.26,342.12,585.97,1,-1,-1,-1
427,14,678.24,506.30,200.31,382.03,1,-1,-1,-1
427,11,476.78,254.19,404.71,825.81,1,-1,-1,-1
427,1,999.37,344.22,293.13,658.86,1,-1,-1,-1
428,17,104.42,401.22,338.14,591.82,1,-1,-1,-1
428,14,676.77,514.17,198.53,377.38,1,-1,-1,-1
428,11,483.09,245.96,400.75,834.04,1,-1,-1,-1
428,1,998.25,344.40,297.76,665.02,1,-1,-1,-1
429,17,119.74,402.73,327.16,591.45,1,-1,-1,-1
429,14,672.68,522.44,212.86,372.00,1,-1,-1,-1
429,11,495.04,237.38,385.69,842.62,1,-1,-1,-1
429,1,999.61,345.77,302.20,670.89,1,-1,-1,-1
430,17,123.65,406.40,322.90,592.51,1,-1,-1,-1
430,14,673.27,518.36,215.40,378.17,1,-1,-1,-1
430,11,472.57,239.63,405.45,840.37,1,-1,-1,-1
430,1,1006.09,347.53,304.65,675.17,1,-1,-1,-1
431,17,132.01,413.84,314.00,588.45,1,-1,-1,-1
431,14,666.66,502.94,228.84,413.85,1,-1,-1,-1
431,11,440.68,240.70,429.65,839.30,1,-1,-1,-1
431,1,1007.79,347.19,311.98,682.13,1,-1,-1,-1
432,17,133.52,412.12,311.43,598.66,1,-1,-1,-1
432,14,701.09,496.93,159.89,435.55,1,-1,-1,-1
432,11,419.28,244.92,374.13,835.08,1,-1,-1,-1
432,1,1016.82,333.88,312.59,709.72,1,-1,-1,-1
433,17,129.66,411.85,314.87,601.80,1,-1,-1,-1
433,14,696.84,494.43,167.56,445.11,1,-1,-1,-1
433,11,428.92,253.58,369.78,826.42,1,-1,-1,-1
433,1,1022.83,327.11,308.32,719.66,1,-1,-1,-1
434,17,127.13,411.21,318.49,605.93,1,-1,-1,-1
434,14,684.21,458.30,184.75,486.27,1,-1,-1,-1
434,11,440.14,260.69,398.93,819.31,1,-1,-1,-1
434,1,1032.83,320.63,303.31,731.40,1,-1,-1,-1
435,17,131.88,410.86,317.04,607.91,1,-1,-1,-1
435,14,713.53,501.26,160.74,433.88,1,-1,-1,-1
435,11,448.39,270.10,372.26,809.90,1,-1,-1,-1
435,1,1040.10,316.77,303.85,744.62,1,-1,-1,-1
436,17,136.49,409.89,321.13,609.84,1,-1,-1,-1
436,14,691.98,498.96,192.62,454.54,1,-1,-1,-1
436,11,458.72,271.92,377.39,808.08,1,-1,-1,-1
436,1,1044.57,323.54,310.25,746.88,1,-1,-1,-1
437,17,156.84,420.85,320.46,603.42,1,-1,-1,-1
437,14,707.82,438.65,198.15,528.27,1,-1,-1,-1
437,11,516.30,289.63,341.26,790.37,1,-1,-1,-1
437,1,1077.35,348.75,309.96,731.25,1,-1,-1,-1
438,17,174.08,420.93,313.14,609.62,1,-1,-1,-1
438,14,708.54,399.90,206.33,559.86,1,-1,-1,-1
438,11,524.83,299.19,337.88,780.81,1,-1,-1,-1
438,1,1088.77,350.45,305.59,729.55,1,-1,-1,-1
439,17,164.85,425.37,330.06,607.37,1,-1,-1,-1
439,14,729.58,391.77,192.57,581.22,1,-1,-1,-1
439,11,517.33,313.11,343.80,766.89,1,-1,-1,-1
439,1,1101.38,346.82,300.60,733.18,1,-1,-1,-1
440,17,172.71,423.00,323.83,611.09,1,-1,-1,-1
440,14,731.28,380.22,193.68,561.29,1,-1,-1,-1
440,11,505.20,312.59,347.73,767.41,1,-1,-1,-1
440,1,1107.36,334.89,301.83,745.11,1,-1,-1,-1
441,17,180.25,406.64,318.09,630.48,1,-1,-1,-1
441,14,738.93,377.09,192.63,562.08,1,-1,-1,-1
441,11,497.12,301.92,311.28,778.08,1,-1,-1,-1
441,1,1117.52,318.75,300.25,761.25,1,-1,-1,-1
442,17,158.62,371.44,340.94,658.41,1,-1,-1,-1
442,14,735.89,359.31,216.47,611.88,1,-1,-1,-1
442,11,455.55,242.87,355.80,837.13,1,-1,-1,-1
442,1,1140.26,276.47,324.29,803.53,1,-1,-1,-1
443,17,147.03,355.30,351.99,663.42,1,-1,-1,-1
443,14,700.50,344.69,265.67,637.88,1,-1,-1,-1
443,11,368.45,222.26,453.74,857.74,1,-1,-1,-1
443,1,1156.78,246.34,338.99,822.67,1,-1,-1,-1
444,17,148.57,346.11,320.14,661.02,1,-1,-1,-1
444,14,750.74,339.99,221.03,653.78,1,-1,-1,-1
444,11,356.63,203.08,572.93,876.92,1,-1,-1,-1
444,1,1183.95,211.74,334.86,868.26,1,-1,-1,-1
445,17,158.44,324.07,301.11,678.09,1,-1,-1,-1
445,14,757.30,331.31,220.07,664.58,1,-1,-1,-1
445,11,352.71,186.42,586.53,893.58,1,-1,-1,-1
445,1,1177.46,121.82,373.69,958.18,1,-1,-1,-1
446,17,146.55,247.54,324.21,757.19,1,-1,-1,-1
446,14,769.93,344.72,280.68,652.00,1,-1,-1,-1
446,11,405.48,183.18,595.08,896.82,1,-1,-1,-1
446,1,1170.48,133.19,449.22,946.81,1,-1,-1,-1
447,17,151.85,253.82,305.07,751.89,1,-1,-1,-1
447,14,740.09,259.92,303.70,745.75,1,-1,-1,-1
447,11,368.16,213.90,543.70,866.10,1,-1,-1,-1
447,1,1176.84,168.79,436.80,911.21,1,-1,-1,-1
448,17,172.76,264.59,290.61,741.21,1,-1,-1,-1
448,14,753.31,295.35,260.78,711.64,1,-1,-1,-1
448,11,349.57,228.24,600.59,851.76,1,-1,-1,-1
448,1,1197.61,179.69,367.03,900.31,1,-1,-1,-1
449,17,201.47,261.17,273.66,747.25,1,-1,-1,-1
449,11,348.95,233.46,570.89,846.54,1,-1,-1,-1
449,1,1214.11,207.71,298.84,872.29,1,-1,-1,-1
450,17,206.93,269.73,265.18,739.28,1,-1,-1,-1
450,11,398.14,242.92,473.47,837.08,1,-1,-1,-1
450,1,1217.14,247.66,294.97,832.34,1,-1,-1,-1
451,21,749.07,365.92,254.18,642.12,1,-1,-1,-1
450,21,810.18,364.18,191.43,643.85,1,-1,-1,-1
449,21,773.96,343.14,223.58,667.24,1,-1,-1,-1
451,17,211.15,311.00,247.96,696.59,1,-1,-1,-1
451,11,411.99,250.12,392.92,829.88,1,-1,-1,-1
451,1,1218.73,272.72,299.40,807.28,1,-1,-1,-1
452,21,822.12,369.05,192.31,645.15,1,-1,-1,-1
452,17,218.24,385.80,247.93,621.83,1,-1,-1,-1
452,11,410.98,263.36,461.54,816.64,1,-1,-1,-1
452,1,1228.11,281.77,360.48,798.23,1,-1,-1,-1
453,21,804.88,375.52,223.21,643.58,1,-1,-1,-1
453,17,221.17,388.53,250.68,617.88,1,-1,-1,-1
453,11,358.39,233.15,516.46,846.85,1,-1,-1,-1
453,1,1223.03,289.77,559.41,790.23,1,-1,-1,-1
454,21,797.63,383.64,337.10,634.59,1,-1,-1,-1
454,17,169.82,393.33,309.60,614.51,1,-1,-1,-1
454,11,329.31,182.67,542.53,897.33,1,-1,-1,-1
454,1,1225.42,296.53,535.01,783.47,1,-1,-1,-1
455,21,807.03,391.96,371.62,623.43,1,-1,-1,-1
455,17,164.97,396.43,325.10,608.12,1,-1,-1,-1
455,11,335.44,152.90,514.04,927.10,1,-1,-1,-1
456,21,797.75,397.11,386.71,612.32,1,-1,-1,-1
456,17,195.86,400.01,304.02,602.65,1,-1,-1,-1
456,11,366.06,119.40,510.89,960.60,1,-1,-1,-1
457,22,1230.32,286.55,492.57,793.45,1,-1,-1,-1
456,22,1245.01,304.10,480.71,775.90,1,-1,-1,-1
455,22,1227.50,306.78,527.15,773.22,1,-1,-1,-1
457,21,758.71,393.17,412.47,631.34,1,-1,-1,-1
457,17,244.26,403.85,266.31,596.11,1,-1,-1,-1
457,11,409.95,119.85,482.61,960.15,1,-1,-1,-1
458,22,1220.12,275.85,491.31,804.15,1,-1,-1,-1
458,21,745.26,388.13,382.88,645.85,1,-1,-1,-1
458,17,249.55,402.16,264.03,599.21,1,-1,-1,-1
458,11,422.25,130.75,477.04,949.25,1,-1,-1,-1
459,22,1204.21,269.03,509.11,810.97,1,-1,-1,-1
459,21,752.60,383.27,311.87,649.71,1,-1,-1,-1
459,17,253.41,405.11,261.85,605.91,1,-1,-1,-1
459,11,428.82,168.25,473.99,911.75,1,-1,-1,-1
460,22,1202.64,265.16,498.00,814.84,1,-1,-1,-1
460,21,778.08,375.03,259.81,652.53,1,-1,-1,-1
460,17,257.99,396.32,262.76,622.01,1,-1,-1,-1
460,11,420.95,217.36,486.84,862.64,1,-1,-1,-1
461,22,1179.94,271.39,515.27,808.61,1,-1,-1,-1
461,21,797.74,363.06,239.03,658.37,1,-1,-1,-1
461,17,270.51,381.88,274.78,639.41,1,-1,-1,-1
461,11,356.58,271.20,541.29,808.80,1,-1,-1,-1
462,22,1136.91,292.21,551.78,787.79,1,-1,-1,-1
462,17,280.92,369.86,299.86,612.99,1,-1,-1,-1
462,11,321.81,268.82,606.45,811.18,1,-1,-1,-1
463,22,1122.44,290.11,542.51,789.89,1,-1,-1,-1
463,17,207.64,360.93,406.99,599.48,1,-1,-1,-1
463,11,288.70,264.60,694.92,815.40,1,-1,-1,-1
464,22,1125.21,281.15,498.19,798.85,1,-1,-1,-1
464,17,239.81,351.58,382.61,614.52,1,-1,-1,-1
464,14,837.45,339.85,208.14,669.21,1,-1,-1,-1
463,14,839.11,338.56,203.73,673.39,1,-1,-1,-1
462,14,844.92,345.33,192.68,670.44,1,-1,-1,-1
464,11,329.30,258.22,483.54,821.78,1,-1,-1,-1
465,22,1111.67,275.26,464.31,804.74,1,-1,-1,-1
465,14,843.08,332.93,205.07,675.86,1,-1,-1,-1
465,11,386.90,252.08,485.37,827.92,1,-1,-1,-1
466,22,1086.30,261.43,451.78,818.57,1,-1,-1,-1
466,14,835.41,327.33,213.40,702.28,1,-1,-1,-1
466,11,420.27,246.58,471.41,833.42,1,-1,-1,-1
467,23,379.82,347.91,251.18,708.55,1,-1,-1,-1
466,23,369.88,353.24,254.08,678.38,1,-1,-1,-1
465,23,322.29,351.82,306.95,628.77,1,-1,-1,-1
467,22,1053.24,247.80,415.65,832.20,1,-1,-1,-1
467,11,463.07,240.15,420.77,839.85,1,-1,-1,-1
468,23,378.57,343.19,256.84,736.81,1,-1,-1,-1
468,22,1014.86,243.08,390.92,836.92,1,-1,-1,-1
468,11,458.28,237.35,412.15,842.65,1,-1,-1,-1
469,23,378.03,335.12,291.87,744.88,1,-1,-1,-1
469,22,938.60,235.59,449.04,844.41,1,-1,-1,-1
469,11,441.04,232.06,437.58,847.94,1,-1,-1,-1
470,23,365.71,321.82,302.65,758.18,1,-1,-1,-1
470,22,918.39,232.08,448.65,847.92,1,-1,-1,-1
470,14,780.10,298.23,358.69,746.22,1,-1,-1,-1
469,14,833.23,303.74,244.29,776.26,1,-1,-1,-1
468,14,801.99,307.81,241.63,772.19,1,-1,-1,-1
470,11,426.75,228.24,455.10,851.76,1,-1,-1,-1
471,23,355.60,309.08,316.96,770.92,1,-1,-1,-1
471,22,905.28,222.34,448.38,857.66,1,-1,-1,-1
471,14,788.17,294.19,284.78,785.81,1,-1,-1,-1
471,11,454.13,223.72,451.55,856.28,1,-1,-1,-1
472,23,343.61,301.03,366.51,778.97,1,-1,-1,-1
472,22,889.17,211.42,433.40,868.58,1,-1,-1,-1
472,14,774.79,258.63,379.70,821.37,1,-1,-1,-1
472,11,377.21,214.72,556.12,865.28,1,-1,-1,-1
473,23,339.81,296.46,342.64,783.54,1,-1,-1,-1
473,22,925.54,216.74,371.41,863.26,1,-1,-1,-1
473,14,804.90,263.22,336.83,816.78,1,-1,-1,-1
473,11,366.79,213.19,593.75,866.81,1,-1,-1,-1
474,23,336.02,291.99,357.17,788.01,1,-1,-1,-1
474,22,847.41,214.17,424.62,865.83,1,-1,-1,-1
474,14,802.59,285.92,275.41,794.08,1,-1,-1,-1
474,11,343.56,216.21,628.64,863.79,1,-1,-1,-1
475,23,335.64,288.12,361.11,791.88,1,-1,-1,-1
475,22,811.46,219.08,449.59,860.92,1,-1,-1,-1
475,14,786.74,288.30,302.06,791.70,1,-1,-1,-1
475,11,347.79,220.70,609.07,859.30,1,-1,-1,-1
476,23,337.22,286.91,347.90,793.09,1,-1,-1,-1
476,22,812.86,222.94,428.92,857.06,1,-1,-1,-1
476,14,788.97,288.22,369.29,791.78,1,-1,-1,-1
476,11,362.65,224.10,596.42,855.90,1,-1,-1,-1
477,23,332.66,283.08,360.35,796.92,1,-1,-1,-1
477,22,792.44,230.09,418.02,849.91,1,-1,-1,-1
477,14,780.11,289.80,358.03,790.20,1,-1,-1,-1
477,11,417.67,227.83,519.37,852.17,1,-1,-1,-1
478,23,326.93,279.22,367.34,800.78,1,-1,-1,-1
478,22,813.43,224.50,395.63,855.50,1,-1,-1,-1
478,14,777.91,294.52,312.00,785.48,1,-1,-1,-1
478,11,354.38,232.91,545.04,847.09,1,-1,-1,-1
479,23,316.25,275.12,389.64,804.88,1,-1,-1,-1
479,22,805.69,234.60,393.74,845.40,1,-1,-1,-1
479,14,753.20,288.09,409.95,791.91,1,-1,-1,-1
479,11,436.60,236.81,544.12,843.19,1,-1,-1,-1
480,23,304.34,284.66,373.59,795.34,1,-1,-1,-1
480,22,812.11,236.14,374.70,843.86,1,-1,-1,-1
480,11,343.48,238.80,613.70,841.20,1,-1,-1,-1
481,23,294.64,289.24,367.92,790.76,1,-1,-1,-1
481,22,800.24,248.26,368.59,831.74,1,-1,-1,-1
481,11,346.43,243.45,613.78,836.55,1,-1,-1,-1
482,23,279.89,307.14,384.62,772.86,1,-1,-1,-1
482,22,773.79,272.50,387.87,807.50,1,-1,-1,-1
482,11,299.45,249.00,618.43,831.00,1,-1,-1,-1
483,23,279.23,312.24,391.82,767.76,1,-1,-1,-1
483,22,786.55,279.76,369.31,800.24,1,-1,-1,-1
483,11,316.16,255.12,591.54,824.88,1,-1,-1,-1
484,23,274.87,321.32,398.31,758.68,1,-1,-1,-1
484,22,786.54,284.05,366.68,795.95,1,-1,-1,-1
484,21,708.72,317.43,261.89,762.57,1,-1,-1,-1
483,21,724.67,312.04,271.32,767.96,1,-1,-1,-1
482,21,705.90,307.36,289.24,772.64,1,-1,-1,-1
484,11,373.61,265.62,535.77,814.38,1,-1,-1,-1
485,23,276.41,329.97,399.57,750.03,1,-1,-1,-1
485,22,783.28,293.44,366.69,786.56,1,-1,-1,-1
485,21,690.81,325.25,267.88,754.75,1,-1,-1,-1
485,11,422.33,274.70,486.44,805.30,1,-1,-1,-1
486,23,277.01,338.90,421.08,741.10,1,-1,-1,-1
486,22,803.91,302.26,342.33,777.74,1,-1,-1,-1
486,21,681.25,329.26,282.76,750.74,1,-1,-1,-1
486,11,473.29,284.68,436.15,795.32,1,-1,-1,-1
487,23,284.85,353.55,465.10,726.45,1,-1,-1,-1
487,22,826.12,322.69,317.25,757.31,1,-1,-1,-1
487,21,665.35,343.79,284.27,736.21,1,-1,-1,-1
487,11,498.35,310.30,438.76,769.70,1,-1,-1,-1
488,23,293.34,362.87,458.72,717.13,1,-1,-1,-1
488,22,829.63,337.31,315.66,742.69,1,-1,-1,-1
488,11,450.57,317.38,487.90,762.62,1,-1,-1,-1
489,23,299.50,371.20,466.15,707.11,1,-1,-1,-1
489,22,817.72,347.53,330.57,732.47,1,-1,-1,-1
489,11,460.87,323.48,494.15,756.52,1,-1,-1,-1
490,23,303.65,376.45,483.10,703.55,1,-1,-1,-1
490,22,794.53,358.25,358.21,721.75,1,-1,-1,-1
490,11,470.78,329.60,492.26,750.40,1,-1,-1,-1
491,23,315.90,384.42,437.67,690.86,1,-1,-1,-1
491,22,782.66,365.88,374.00,714.12,1,-1,-1,-1
491,11,484.97,335.74,477.43,744.26,1,-1,-1,-1
492,23,343.91,401.03,404.44,678.97,1,-1,-1,-1
492,22,824.94,392.89,339.43,687.11,1,-1,-1,-1
492,11,697.18,400.82,443.88,679.18,1,-1,-1,-1
493,23,358.04,408.65,414.77,671.35,1,-1,-1,-1
493,22,806.62,400.39,363.61,679.61,1,-1,-1,-1
493,11,710.23,413.43,433.63,666.57,1,-1,-1,-1
494,23,371.84,426.20,447.83,644.39,1,-1,-1,-1
494,22,820.77,413.05,351.94,666.95,1,-1,-1,-1
494,11,756.24,420.04,384.56,659.96,1,-1,-1,-1
495,23,386.11,438.85,443.19,639.22,1,-1,-1,-1
495,22,853.95,427.01,317.47,652.99,1,-1,-1,-1
495,21,632.63,414.26,383.41,665.74,1,-1,-1,-1
494,21,624.00,392.56,392.03,687.44,1,-1,-1,-1
493,21,603.43,378.90,358.44,701.10,1,-1,-1,-1
495,11,743.43,434.75,380.31,645.25,1,-1,-1,-1
496,23,401.87,456.89,409.02,621.54,1,-1,-1,-1
496,22,885.45,441.45,282.98,638.55,1,-1,-1,-1
496,21,635.34,430.83,300.16,649.17,1,-1,-1,-1
496,11,758.17,452.45,207.38,619.68,1,-1,-1,-1
497,23,424.78,489.23,377.95,590.77,1,-1,-1,-1
497,22,873.94,467.88,289.17,612.12,1,-1,-1,-1
497,21,640.97,469.14,278.03,610.86,1,-1,-1,-1
497,11,763.25,478.57,211.43,601.43,1,-1,-1,-1
498,23,431.67,502.79,430.04,577.21,1,-1,-1,-1
498,22,858.50,488.85,309.73,591.15,1,-1,-1,-1
498,21,648.11,487.80,332.20,592.20,1,-1,-1,-1
499,23,439.26,513.43,415.55,566.57,1,-1,-1,-1
499,22,857.89,496.47,308.25,583.53,1,-1,-1,-1
499,21,637.44,506.66,333.86,573.34,1,-1,-1,-1
500,23,449.43,525.30,415.35,554.70,1,-1,-1,-1
500,22,859.19,507.23,307.70,572.77,1,-1,-1,-1
500,21,619.36,520.60,351.55,559.40,1,-1,-1,-1
501,23,454.23,535.71,423.64,544.29,1,-1,-1,-1
501,22,875.95,520.75,290.97,559.25,1,-1,-1,-1
501,21,625.19,532.09,345.16,547.91,1,-1,-1,-1
502,23,458.79,543.97,413.99,536.03,1,-1,-1,-1
502,22,870.17,534.35,293.30,545.65,1,-1,-1,-1
502,21,612.88,554.50,377.95,525.50,1,-1,-1,-1
503,23,458.82,541.51,419.02,538.49,1,-1,-1,-1
503,22,818.33,534.21,342.15,545.79,1,-1,-1,-1
503,21,642.11,551.07,362.67,528.93,1,-1,-1,-1
504,23,464.85,539.04,374.96,540.96,1,-1,-1,-1
504,22,870.96,539.10,288.45,540.90,1,-1,-1,-1
504,21,611.22,549.07,335.93,530.93,1,-1,-1,-1
505,23,469.85,537.41,314.72,542.59,1,-1,-1,-1
505,22,856.31,536.49,300.30,543.51,1,-1,-1,-1
505,21,603.63,534.73,340.27,545.27,1,-1,-1,-1
506,23,485.77,535.16,346.41,544.84,1,-1,-1,-1
506,22,847.30,539.55,310.05,540.45,1,-1,-1,-1
506,21,582.33,520.46,486.09,559.54,1,-1,-1,-1
507,23,519.63,532.92,252.56,407.07,1,-1,-1,-1
507,22,864.50,541.25,300.51,538.75,1,-1,-1,-1
507,21,578.83,497.62,503.33,582.38,1,-1,-1,-1
508,23,536.94,533.31,246.06,430.46,1,-1,-1,-1
508,22,854.57,538.38,318.38,541.62,1,-1,-1,-1
508,21,582.97,494.46,479.66,585.54,1,-1,-1,-1
509,23,543.55,534.30,241.84,420.89,1,-1,-1,-1
509,22,848.79,541.92,349.48,498.19,1,-1,-1,-1
509,21,592.34,494.67,454.42,585.33,1,-1,-1,-1
510,23,550.38,537.64,234.92,383.17,1,-1,-1,-1
510,22,936.95,545.00,249.62,477.93,1,-1,-1,-1
510,21,592.82,492.98,475.07,577.71,1,-1,-1,-1
511,23,562.58,535.58,216.46,346.39,1,-1,-1,-1
511,22,949.16,546.89,224.58,456.09,1,-1,-1,-1
511,21,595.69,488.13,486.91,574.91,1,-1,-1,-1
512,21,603.95,448.89,532.12,599.47,1,-1,-1,-1
513,21,604.42,432.94,545.18,609.75,1,-1,-1,-1
514,21,583.96,409.11,584.14,625.57,1,-1,-1,-1
515,21,580.52,415.13,413.76,613.66,1,-1,-1,-1
516,21,554.12,406.11,470.72,609.01,1,-1,-1,-1
517,21,716.65,399.66,350.86,602.76,1,-1,-1,-1
518,23,546.20,541.84,381.72,431.57,1,-1,-1,-1
517,23,539.71,528.41,353.73,437.57,1,-1,-1,-1
516,23,528.71,531.85,379.16,456.59,1,-1,-1,-1
518,21,712.89,413.83,377.82,534.13,1,-1,-1,-1
519,23,554.20,540.64,328.50,412.42,1,-1,-1,-1
519,21,699.06,418.09,408.05,566.84,1,-1,-1,-1
519,11,917.48,533.86,267.60,442.87,1,-1,-1,-1
518,11,907.03,535.14,280.09,444.89,1,-1,-1,-1
517,11,910.30,534.83,277.56,453.90,1,-1,-1,-1
520,23,556.19,553.23,338.73,404.49,1,-1,-1,-1
520,21,685.63,436.08,438.51,463.71,1,-1,-1,-1
520,11,926.02,534.51,257.11,438.83,1,-1,-1,-1
521,23,570.47,550.10,306.83,383.06,1,-1,-1,-1
521,21,677.07,440.08,469.59,457.72,1,-1,-1,-1
521,11,923.54,537.90,256.32,431.90,1,-1,-1,-1
522,23,597.26,544.70,287.26,381.50,1,-1,-1,-1
522,21,669.58,450.58,501.06,393.19,1,-1,-1,-1
522,11,932.54,520.79,243.20,435.26,1,-1,-1,-1
523,21,669.26,449.41,506.45,400.26,1,-1,-1,-1
523,11,932.27,521.50,240.33,430.71,1,-1,-1,-1
524,21,673.96,446.94,494.38,417.02,1,-1,-1,-1
524,11,933.80,513.78,243.80,431.18,1,-1,-1,-1
525,21,667.40,451.08,504.76,432.89,1,-1,-1,-1
525,11,935.52,523.30,239.58,422.70,1,-1,-1,-1
526,21,673.00,446.27,497.36,439.25,1,-1,-1,-1
526,11,940.74,519.65,245.40,420.90,1,-1,-1,-1
527,21,668.93,435.47,509.51,434.72,1,-1,-1,-1
527,11,933.52,526.69,254.94,404.81,1,-1,-1,-1
528,21,690.45,446.23,350.99,416.53,1,-1,-1,-1
528,11,932.29,527.88,253.06,394.68,1,-1,-1,-1
529,22,695.51,532.53,438.16,410.06,1,-1,-1,-1
528,22,695.85,532.63,442.85,413.12,1,-1,-1,-1
527,22,683.00,530.59,454.85,422.38,1,-1,-1,-1
529,21,713.15,433.68,464.61,434.25,1,-1,-1,-1
529,11,947.93,527.28,233.84,393.09,1,-1,-1,-1
530,22,697.18,529.90,448.10,410.11,1,-1,-1,-1
530,11,933.15,532.25,243.45,382.11,1,-1,-1,-1
531,22,695.61,528.89,424.55,409.64,1,-1,-1,-1
531,11,938.76,534.80,233.45,381.54,1,-1,-1,-1
532,22,698.58,528.80,439.16,401.66,1,-1,-1,-1
532,11,936.88,533.26,239.53,368.29,1,-1,-1,-1
533,22,696.29,531.00,435.78,393.78,1,-1,-1,-1
533,11,940.76,522.44,233.97,371.67,1,-1,-1,-1
534,22,694.60,526.18,429.41,392.34,1,-1,-1,-1
534,11,938.99,521.63,231.88,372.64,1,-1,-1,-1
535,22,696.25,524.34,427.96,388.24,1,-1,-1,-1
535,11,927.10,529.14,236.24,357.60,1,-1,-1,-1
536,22,692.13,522.28,432.73,385.82,1,-1,-1,-1
536,11,925.03,517.23,237.20,371.52,1,-1,-1,-1
537,22,689.34,501.99,437.45,396.47,1,-1,-1,-1
537,14,690.30,462.39,417.75,417.23,1,-1,-1,-1
536,14,690.28,463.86,385.49,409.20,1,-1,-1,-1
535,14,694.72,459.98,389.68,407.44,1,-1,-1,-1
538,22,690.95,512.44,318.27,382.75,1,-1,-1,-1
539,22,693.86,495.33,298.82,395.20,1,-1,-1,-1
539,21,806.84,442.05,348.25,429.11,1,-1,-1,-1
538,21,833.13,447.90,324.30,429.48,1,-1,-1,-1
537,21,792.73,447.44,370.94,432.33,1,-1,-1,-1
540,22,709.00,521.79,280.94,371.48,1,-1,-1,-1
540,21,783.01,444.96,371.61,419.72,1,-1,-1,-1
541,22,712.94,479.72,287.08,401.14,1,-1,-1,-1
541,21,796.36,443.42,357.37,414.62,1,-1,-1,-1
542,22,711.08,458.15,295.30,415.17,1,-1,-1,-1
542,21,742.52,436.48,416.03,416.13,1,-1,-1,-1
543,21,712.15,433.49,444.50,426.58,1,-1,-1,-1
544,21,710.26,426.06,449.04,431.36,1,-1,-1,-1
545,21,722.52,417.18,441.06,438.37,1,-1,-1,-1
546,21,734.56,410.95,428.56,435.09,1,-1,-1,-1
547,21,781.65,397.86,230.10,359.35,1,-1,-1,-1
548,21,817.41,387.83,163.56,351.22,1,-1,-1,-1
548,14,840.54,503.67,137.27,350.97,1,-1,-1,-1
547,14,839.93,507.25,136.88,352.55,1,-1,-1,-1
546,14,846.07,513.43,151.44,350.44,1,-1,-1,-1
549,22,670.99,513.15,191.88,305.62,1,-1,-1,-1
548,22,684.57,514.00,188.88,311.32,1,-1,-1,-1
547,22,693.26,517.39,189.22,314.22,1,-1,-1,-1
549,21,819.88,378.34,154.84,339.07,1,-1,-1,-1
549,14,841.49,496.78,137.88,351.62,1,-1,-1,-1
550,23,917.87,423.52,245.91,391.95,1,-1,-1,-1
549,23,920.85,443.06,242.63,397.81,1,-1,-1,-1
548,23,905.99,458.61,258.63,386.73,1,-1,-1,-1
550,22,664.33,506.79,195.48,301.05,1,-1,-1,-1
550,21,824.65,365.28,147.97,330.91,1,-1,-1,-1
550,14,837.42,483.61,132.62,361.79,1,-1,-1,-1
551,23,913.80,401.47,253.25,425.20,1,-1,-1,-1
551,22,661.44,488.60,195.59,312.15,1,-1,-1,-1
551,21,824.58,352.19,154.34,340.44,1,-1,-1,-1
551,14,830.77,471.79,135.74,371.78,1,-1,-1,-1
552,23,923.47,379.45,242.03,444.35,1,-1,-1,-1
552,22,651.68,455.46,208.02,338.44,1,-1,-1,-1
552,14,817.90,322.55,154.63,516.71,1,-1,-1,-1
553,23,917.68,361.84,244.37,461.13,1,-1,-1,-1
553,22,647.78,432.94,194.95,357.63,1,-1,-1,-1
553,14,812.52,314.74,151.97,522.47,1,-1,-1,-1
554,23,937.78,341.60,223.51,478.00,1,-1,-1,-1
554,22,644.44,406.89,189.80,382.64,1,-1,-1,-1
554,14,809.52,304.48,153.95,527.50,1,-1,-1,-1
555,23,935.92,328.67,225.40,483.06,1,-1,-1,-1
555,22,641.29,380.13,187.33,408.83,1,-1,-1,-1
555,14,805.28,297.57,158.14,530.26,1,-1,-1,-1
556,23,968.93,381.55,187.04,427.04,1,-1,-1,-1
556,22,637.08,358.06,182.21,423.29,1,-1,-1,-1
556,14,801.52,283.15,161.84,541.67,1,-1,-1,-1
557,23,949.26,284.06,200.52,521.47,1,-1,-1,-1
557,22,630.73,307.20,185.17,466.74,1,-1,-1,-1
557,14,797.92,270.84,176.03,551.11,1,-1,-1,-1
558,23,959.89,266.35,184.52,539.25,1,-1,-1,-1
558,22,630.94,280.18,177.03,494.99,1,-1,-1,-1
558,14,791.05,271.88,180.52,548.21,1,-1,-1,-1
559,23,973.03,246.27,179.05,558.63,1,-1,-1,-1
559,22,620.03,256.51,182.88,526.67,1,-1,-1,-1
559,14,788.18,259.23,188.04,556.93,1,-1,-1,-1
560,23,972.98,225.18,195.44,566.93,1,-1,-1,-1
560,22,597.12,235.07,215.14,550.38,1,-1,-1,-1
560,14,797.57,248.42,184.91,566.12,1,-1,-1,-1
561,22,578.57,213.05,251.13,563.11,1,-1,-1,-1
561,14,798.44,229.90,186.58,581.06,1,-1,-1,-1
562,22,559.24,187.92,276.66,573.99,1,-1,-1,-1
562,14,791.70,186.03,212.90,606.39,1,-1,-1,-1
563,22,563.10,185.10,264.38,572.99,1,-1,-1,-1
563,14,713.12,172.77,291.12,634.25,1,-1,-1,-1
564,23,970.90,142.52,196.69,608.31,1,-1,-1,-1
563,23,980.47,170.40,190.47,592.93,1,-1,-1,-1
562,23,986.32,180.61,182.58,589.31,1,-1,-1,-1
564,22,570.65,179.32,258.46,578.39,1,-1,-1,-1
564,14,778.55,152.79,243.84,651.18,1,-1,-1,-1
565,23,957.32,97.62,208.35,659.84,1,-1,-1,-1
565,22,579.72,146.59,255.40,658.44,1,-1,-1,-1
565,14,723.49,116.39,309.89,673.83,1,-1,-1,-1
566,23,967.10,89.54,200.22,671.69,1,-1,-1,-1
566,22,578.65,108.41,254.83,674.36,1,-1,-1,-1
566,14,749.97,124.79,282.61,691.09,1,-1,-1,-1
567,23,978.59,118.46,188.12,647.44,1,-1,-1,-1
567,22,570.48,153.40,272.85,624.95,1,-1,-1,-1
567,14,745.27,133.21,298.53,699.96,1,-1,-1,-1
568,23,975.81,145.40,190.65,628.37,1,-1,-1,-1
568,22,555.33,179.23,280.58,590.54,1,-1,-1,-1
568,14,740.14,160.66,309.30,676.56,1,-1,-1,-1
569,23,971.94,167.89,192.98,612.24,1,-1,-1,-1
569,22,537.89,198.01,287.61,580.79,1,-1,-1,-1
569,14,733.80,175.34,319.37,672.89,1,-1,-1,-1
570,23,969.10,190.81,195.60,594.76,1,-1,-1,-1
570,22,524.20,223.28,301.30,568.86,1,-1,-1,-1
570,14,720.82,177.49,308.29,680.35,1,-1,-1,-1
571,23,969.12,206.56,196.27,575.21,1,-1,-1,-1
571,22,511.49,245.70,305.34,547.36,1,-1,-1,-1
571,14,729.91,179.56,288.90,683.05,1,-1,-1,-1
572,23,963.44,221.92,201.26,568.58,1,-1,-1,-1
572,22,506.27,249.31,303.68,554.08,1,-1,-1,-1
572,14,723.30,182.12,294.07,690.69,1,-1,-1,-1
573,23,961.77,229.61,219.50,582.14,1,-1,-1,-1
573,22,497.09,242.82,306.19,579.17,1,-1,-1,-1
573,14,718.51,190.35,307.02,704.85,1,-1,-1,-1
574,23,958.47,231.68,229.04,584.76,1,-1,-1,-1
574,22,490.99,241.63,309.90,584.00,1,-1,-1,-1
574,14,720.69,196.23,307.75,708.91,1,-1,-1,-1
575,23,938.10,235.61,253.15,573.56,1,-1,-1,-1
575,22,485.11,238.99,311.68,594.59,1,-1,-1,-1
575,14,721.28,205.10,322.42,712.76,1,-1,-1,-1
576,23,931.48,239.16,262.21,592.84,1,-1,-1,-1
576,22,484.36,237.07,313.44,612.14,1,-1,-1,-1
576,14,723.50,207.85,327.44,717.96,1,-1,-1,-1
577,23,909.23,240.61,290.33,595.05,1,-1,-1,-1
577,22,483.52,237.89,320.23,613.14,1,-1,-1,-1
577,14,724.16,212.14,356.35,728.21,1,-1,-1,-1
578,23,920.91,244.13,282.75,584.40,1,-1,-1,-1
578,22,487.61,237.76,312.56,626.72,1,-1,-1,-1
578,14,789.27,213.18,331.91,741.35,1,-1,-1,-1
579,23,915.95,246.52,275.77,587.30,1,-1,-1,-1
579,22,495.81,244.00,306.04,625.07,1,-1,-1,-1
579,14,867.93,219.59,275.67,739.57,1,-1,-1,-1
580,23,873.57,218.13,317.93,679.21,1,-1,-1,-1
580,22,504.66,250.58,298.25,626.29,1,-1,-1,-1
580,21,739.87,279.73,237.46,489.09,1,-1,-1,-1
579,21,753.20,276.34,225.29,487.67,1,-1,-1,-1
578,21,764.28,275.24,236.34,492.97,1,-1,-1,-1
581,22,516.02,262.71,290.86,625.27,1,-1,-1,-1
581,21,750.73,287.20,221.97,483.33,1,-1,-1,-1
582,22,515.51,274.14,304.13,620.10,1,-1,-1,-1
582,21,763.53,292.20,197.58,482.79,1,-1,-1,-1
583,22,459.10,281.35,424.62,624.00,1,-1,-1,-1
583,21,739.31,305.09,217.15,483.15,1,-1,-1,-1
583,14,929.82,201.08,386.31,878.92,1,-1,-1,-1
582,14,856.92,216.40,404.22,832.83,1,-1,-1,-1
581,14,862.85,217.33,333.95,761.18,1,-1,-1,-1
584,22,441.93,280.38,487.06,631.71,1,-1,-1,-1
584,21,736.99,312.61,218.20,482.62,1,-1,-1,-1
584,14,921.83,210.22,394.98,869.78,1,-1,-1,-1
585,23,893.70,292.10,229.69,541.95,1,-1,-1,-1
584,23,898.70,287.97,205.45,548.38,1,-1,-1,-1
583,23,912.18,285.92,214.09,539.05,1,-1,-1,-1
585,22,447.29,275.87,492.06,644.94,1,-1,-1,-1
585,21,739.79,314.64,181.30,465.44,1,-1,-1,-1
585,14,982.20,218.72,345.55,861.28,1,-1,-1,-1
586,23,866.24,291.68,209.48,555.52,1,-1,-1,-1
586,22,455.36,270.89,464.86,663.56,1,-1,-1,-1
586,21,719.61,316.25,175.63,484.97,1,-1,-1,-1
586,14,918.67,225.84,447.47,854.16,1,-1,-1,-1
587,23,811.01,290.94,226.30,538.20,1,-1,-1,-1
587,22,502.19,261.95,464.14,682.91,1,-1,-1,-1
587,14,908.44,229.92,490.69,850.08,1,-1,-1,-1
588,23,792.18,289.19,206.40,573.43,1,-1,-1,-1
588,22,602.61,256.88,362.18,697.33,1,-1,-1,-1
588,14,1106.53,234.53,358.58,845.47,1,-1,-1,-1
589,23,781.31,288.41,210.65,576.11,1,-1,-1,-1
589,22,637.66,260.92,361.33,697.64,1,-1,-1,-1
589,14,1145.34,232.13,380.69,847.87,1,-1,-1,-1
590,23,766.91,285.26,227.84,572.68,1,-1,-1,-1
590,22,665.65,269.18,345.17,696.30,1,-1,-1,-1
590,14,1171.95,231.19,383.27,848.81,1,-1,-1,-1
591,22,675.10,274.58,338.78,702.24,1,-1,-1,-1
591,14,1191.42,228.44,410.13,851.56,1,-1,-1,-1
592,22,678.27,279.03,333.29,700.60,1,-1,-1,-1
592,21,589.23,330.11,238.34,479.37,1,-1,-1,-1
591,21,641.60,329.20,165.32,424.79,1,-1,-1,-1
590,21,637.43,326.60,191.76,426.70,1,-1,-1,-1
592,14,1196.82,229.40,409.47,850.60,1,-1,-1,-1
593,22,721.38,302.45,374.24,686.44,1,-1,-1,-1
593,21,578.02,335.18,197.18,479.05,1,-1,-1,-1
593,14,1211.51,214.29,378.72,865.71,1,-1,-1,-1
594,22,751.74,278.92,368.89,725.58,1,-1,-1,-1
594,21,562.60,339.22,203.01,481.19,1,-1,-1,-1
594,14,1222.46,216.82,408.70,863.18,1,-1,-1,-1
595,23,588.16,302.76,288.51,602.80,1,-1,-1,-1
594,23,611.56,301.76,347.27,626.74,1,-1,-1,-1
593,23,606.08,304.80,325.06,570.93,1,-1,-1,-1
595,22,749.10,256.68,313.37,754.37,1,-1,-1,-1
595,21,537.68,334.19,193.16,488.86,1,-1,-1,-1
595,14,1237.75,208.81,435.94,871.19,1,-1,-1,-1
596,23,539.40,303.66,314.45,603.50,1,-1,-1,-1
596,22,737.21,269.14,409.84,743.10,1,-1,-1,-1
596,21,510.66,336.50,217.77,491.96,1,-1,-1,-1
596,14,1245.69,212.48,434.70,867.52,1,-1,-1,-1
597,23,539.83,301.59,306.11,608.60,1,-1,-1,-1
597,22,665.90,262.77,482.94,754.03,1,-1,-1,-1
597,21,487.16,332.15,225.97,494.68,1,-1,-1,-1
597,14,1257.15,217.93,415.36,862.07,1,-1,-1,-1
598,23,506.41,289.18,264.48,629.69,1,-1,-1,-1
598,22,790.73,260.76,380.83,767.19,1,-1,-1,-1
598,21,396.25,335.72,257.99,498.82,1,-1,-1,-1
598,14,1265.07,222.49,394.11,857.51,1,-1,-1,-1
599,23,495.71,293.69,256.41,632.85,1,-1,-1,-1
599,22,774.74,247.33,395.89,787.06,1,-1,-1,-1
599,21,362.98,328.33,288.87,509.30,1,-1,-1,-1
599,14,1266.83,199.08,355.68,880.92,1,-1,-1,-1
600,23,484.98,292.89,258.46,640.63,1,-1,-1,-1
600,22,766.81,268.87,402.51,774.33,1,-1,-1,-1
600,21,342.80,314.33,295.70,530.89,1,-1,-1,-1
600,14,1264.88,187.54,350.01,892.46,1,-1,-1,-1
601,23,455.74,293.15,269.17,645.71,1,-1,-1,-1
601,22,760.46,275.59,407.13,775.84,1,-1,-1,-1
601,21,335.27,310.13,286.48,535.30,1,-1,-1,-1
601,14,1256.45,180.78,427.80,899.22,1,-1,-1,-1
602,23,451.29,291.22,261.50,647.05,1,-1,-1,-1
602,22,753.40,277.77,412.56,778.78,1,-1,-1,-1
602,21,328.15,325.17,277.62,522.76,1,-1,-1,-1
602,14,1254.85,179.06,431.83,900.94,1,-1,-1,-1
603,23,434.26,283.22,275.34,656.20,1,-1,-1,-1
603,22,755.21,275.33,410.97,789.31,1,-1,-1,-1
603,21,309.07,329.12,260.37,524.90,1,-1,-1,-1
603,14,1245.45,177.99,447.76,902.01,1,-1,-1,-1
604,23,409.11,272.06,299.04,668.82,1,-1,-1,-1
604,22,762.95,267.78,401.59,802.91,1,-1,-1,-1
604,21,290.02,338.05,270.02,518.59,1,-1,-1,-1
604,14,1237.87,155.42,456.11,924.58,1,-1,-1,-1
605,23,397.44,263.37,309.88,681.66,1,-1,-1,-1
605,22,764.16,255.53,398.12,819.36,1,-1,-1,-1
605,21,279.08,334.42,269.58,525.07,1,-1,-1,-1
605,14,1220.21,124.61,473.65,955.39,1,-1,-1,-1
606,23,375.15,256.30,327.81,691.82,1,-1,-1,-1
606,22,762.46,241.66,397.44,835.61,1,-1,-1,-1
606,21,264.84,320.20,281.61,539.25,1,-1,-1,-1
606,14,1205.39,118.85,429.17,961.15,1,-1,-1,-1
607,23,341.01,250.83,357.27,706.72,1,-1,-1,-1
607,22,746.15,225.28,412.31,854.72,1,-1,-1,-1
607,21,257.31,311.53,280.52,546.75,1,-1,-1,-1
607,14,1190.70,96.86,410.41,983.14,1,-1,-1,-1
608,23,292.07,247.40,397.88,716.51,1,-1,-1,-1
608,22,678.08,211.97,477.51,868.03,1,-1,-1,-1
608,21,230.27,313.58,301.18,547.01,1,-1,-1,-1
608,14,1152.67,77.68,468.65,1002.32,1,-1,-1,-1
609,23,244.39,250.10,444.03,719.73,1,-1,-1,-1
609,22,672.39,239.50,484.60,840.50,1,-1,-1,-1
609,21,208.61,312.77,323.31,554.70,1,-1,-1,-1
609,14,1121.67,98.83,534.21,981.17,1,-1,-1,-1
610,23,239.67,268.05,452.14,706.92,1,-1,-1,-1
610,22,669.33,250.04,491.62,829.96,1,-1,-1,-1
610,21,180.69,312.13,339.45,568.62,1,-1,-1,-1
610,14,1092.36,93.05,612.73,986.95,1,-1,-1,-1
611,23,238.52,268.50,454.81,712.58,1,-1,-1,-1
611,22,665.38,248.67,498.15,831.33,1,-1,-1,-1
611,21,162.16,321.40,356.68,561.64,1,-1,-1,-1
611,14,1065.46,123.27,681.95,956.73,1,-1,-1,-1
612,23,240.29,268.60,447.08,718.19,1,-1,-1,-1
612,22,650.82,259.76,517.14,820.24,1,-1,-1,-1
612,21,153.26,327.02,366.81,559.35,1,-1,-1,-1
612,14,1026.69,120.55,751.87,959.45,1,-1,-1,-1
613,23,260.83,238.36,425.16,754.54,1,-1,-1,-1
613,22,636.53,258.75,545.46,821.25,1,-1,-1,-1
613,21,161.36,283.25,357.68,616.03,1,-1,-1,-1
613,14,1004.37,173.33,794.35,906.67,1,-1,-1,-1
614,23,284.98,217.19,400.00,775.18,1,-1,-1,-1
614,22,642.22,231.89,540.10,848.11,1,-1,-1,-1
614,14,996.31,180.26,802.88,899.74,1,-1,-1,-1
615,23,299.16,188.20,399.16,807.63,1,-1,-1,-1
615,22,650.13,203.61,530.65,876.39,1,-1,-1,-1
615,14,1002.51,111.81,778.73,968.19,1,-1,-1,-1
616,25,223.65,227.16,298.61,657.97,1,-1,-1,-1
615,25,199.17,240.50,328.11,649.87,1,-1,-1,-1
614,25,173.06,256.29,353.98,639.52,1,-1,-1,-1
616,23,337.19,161.90,365.97,834.77,1,-1,-1,-1
616,22,668.15,145.65,511.55,934.35,1,-1,-1,-1
616,14,1050.36,78.25,711.54,1001.75,1,-1,-1,-1
617,25,242.44,211.99,279.40,674.34,1,-1,-1,-1
617,23,366.93,157.18,336.31,836.82,1,-1,-1,-1
617,22,714.22,101.10,460.27,978.90,1,-1,-1,-1
617,14,1256.27,21.45,516.24,1058.55,1,-1,-1,-1
618,25,247.38,190.59,278.66,699.76,1,-1,-1,-1
618,23,378.17,175.16,335.50,819.61,1,-1,-1,-1
618,22,827.47,73.52,365.31,1006.48,1,-1,-1,-1
618,14,1303.79,39.71,533.48,1040.29,1,-1,-1,-1
619,25,245.86,204.35,294.71,684.62,1,-1,-1,-1
619,23,385.09,168.68,333.21,823.83,1,-1,-1,-1
619,22,830.23,80.34,357.20,999.66,1,-1,-1,-1
619,14,1309.15,27.86,512.28,1052.14,1,-1,-1,-1
620,25,251.70,233.11,288.80,652.85,1,-1,-1,-1
620,23,397.30,160.88,321.60,828.49,1,-1,-1,-1
620,22,800.46,68.46,390.44,1011.54,1,-1,-1,-1
620,14,1309.16,0.00,486.97,1080.00,1,-1,-1,-1
621,25,258.54,223.64,285.42,661.57,1,-1,-1,-1
621,23,400.10,161.24,323.61,825.27,1,-1,-1,-1
621,22,758.92,69.15,429.31,1010.85,1,-1,-1,-1
621,14,1306.48,23.18,462.71,1056.82,1,-1,-1,-1
622,25,264.24,210.92,290.34,673.11,1,-1,-1,-1
622,23,398.94,165.98,324.66,817.64,1,-1,-1,-1
622,22,732.58,84.38,459.07,995.62,1,-1,-1,-1
622,14,1281.27,77.39,492.40,1002.61,1,-1,-1,-1
623,25,283.84,277.19,275.06,597.82,1,-1,-1,-1
623,23,406.74,176.03,323.27,806.02,1,-1,-1,-1
623,22,717.88,91.03,477.04,988.97,1,-1,-1,-1
623,14,1160.97,69.04,633.54,1010.96,1,-1,-1,-1
624,25,292.63,267.96,275.68,604.02,1,-1,-1,-1
624,23,420.50,172.81,315.27,804.40,1,-1,-1,-1
624,22,730.43,101.72,467.83,978.28,1,-1,-1,-1
624,14,1170.42,119.85,631.72,960.15,1,-1,-1,-1
625,25,298.54,261.84,266.81,609.92,1,-1,-1,-1
625,23,434.59,172.42,306.47,798.64,1,-1,-1,-1
625,22,748.90,86.57,455.80,993.43,1,-1,-1,-1
625,14,1297.16,86.87,525.59,993.13,1,-1,-1,-1
626,25,305.28,250.71,279.92,616.75,1,-1,-1,-1
626,23,442.60,177.63,313.51,788.51,1,-1,-1,-1
626,22,792.29,72.44,454.98,1007.56,1,-1,-1,-1
626,14,1395.25,48.94,476.82,1031.06,1,-1,-1,-1
627,25,308.90,254.80,300.29,610.86,1,-1,-1,-1
627,23,443.97,203.83,350.59,767.32,1,-1,-1,-1
627,22,831.81,86.92,434.86,993.08,1,-1,-1,-1
627,14,1407.16,40.04,512.14,1039.96,1,-1,-1,-1
628,25,321.09,269.45,348.26,595.67,1,-1,-1,-1
628,23,450.57,250.36,373.47,713.48,1,-1,-1,-1
628,22,833.36,131.97,437.73,948.03,1,-1,-1,-1
628,14,1395.29,64.85,524.71,1015.15,1,-1,-1,-1
629,25,326.31,281.80,350.73,581.58,1,-1,-1,-1
629,23,459.33,273.89,377.01,686.02,1,-1,-1,-1
629,22,831.62,143.95,440.32,936.05,1,-1,-1,-1
629,14,1373.80,85.89,546.20,994.11,1,-1,-1,-1
630,25,334.26,301.89,346.40,559.46,1,-1,-1,-1
630,23,468.89,287.65,375.41,669.67,1,-1,-1,-1
630,22,830.66,170.57,445.03,909.43,1,-1,-1,-1
630,14,1361.24,88.23,558.76,991.77,1,-1,-1,-1
631,25,340.04,327.43,318.93,533.52,1,-1,-1,-1
631,23,470.45,298.64,380.98,657.99,1,-1,-1,-1
631,22,828.84,199.25,453.23,880.75,1,-1,-1,-1
631,14,1360.80,37.12,559.20,1042.88,1,-1,-1,-1
632,25,342.80,351.21,316.16,504.65,1,-1,-1,-1
632,23,477.80,315.09,362.33,635.02,1,-1,-1,-1
632,22,832.04,223.91,447.23,856.09,1,-1,-1,-1
632,14,1328.81,0.00,502.73,1080.00,1,-1,-1,-1
633,25,351.02,347.21,292.07,504.03,1,-1,-1,-1
633,23,481.54,307.39,301.39,635.29,1,-1,-1,-1
633,22,826.82,271.93,413.06,806.99,1,-1,-1,-1
633,14,1287.80,135.85,630.92,944.15,1,-1,-1,-1
634,25,352.06,347.48,286.97,501.34,1,-1,-1,-1
634,23,486.01,305.72,278.45,633.40,1,-1,-1,-1
634,22,826.66,282.66,368.99,797.34,1,-1,-1,-1
634,14,1272.35,146.50,644.64,933.50,1,-1,-1,-1
635,25,351.36,351.84,269.87,491.68,1,-1,-1,-1
635,23,492.48,308.53,270.40,627.26,1,-1,-1,-1
635,22,827.35,275.14,346.36,798.56,1,-1,-1,-1
635,14,1245.13,177.19,632.80,902.81,1,-1,-1,-1
636,25,355.48,350.63,271.66,491.60,1,-1,-1,-1
636,23,494.66,309.22,266.77,622.14,1,-1,-1,-1
636,22,812.38,276.69,355.57,791.49,1,-1,-1,-1
636,21,355.09,353.81,264.92,488.92,1,-1,-1,-1
635,21,353.09,348.56,273.31,495.96,1,-1,-1,-1
634,21,350.96,352.39,285.08,495.51,1,-1,-1,-1
636,14,1235.31,158.57,575.52,921.43,1,-1,-1,-1
637,25,358.47,352.31,268.21,487.67,1,-1,-1,-1
637,23,485.78,310.63,276.38,618.26,1,-1,-1,-1
637,22,821.60,286.93,344.12,772.65,1,-1,-1,-1
637,21,355.31,352.51,266.42,488.41,1,-1,-1,-1
637,14,1223.60,142.14,552.42,937.86,1,-1,-1,-1
638,23,502.60,321.39,289.44,600.22,1,-1,-1,-1
638,22,825.70,291.00,329.02,762.25,1,-1,-1,-1
638,21,357.37,359.36,256.65,477.09,1,-1,-1,-1
638,14,1213.42,156.45,565.34,923.55,1,-1,-1,-1
639,23,502.64,325.71,291.77,591.75,1,-1,-1,-1
639,22,822.67,291.02,327.83,757.14,1,-1,-1,-1
639,21,358.29,363.15,256.29,472.47,1,-1,-1,-1
639,14,1197.15,166.14,577.74,913.86,1,-1,-1,-1
640,23,501.71,328.26,282.19,590.27,1,-1,-1,-1
640,22,819.59,291.10,326.30,751.29,1,-1,-1,-1
640,21,359.13,366.14,252.09,468.81,1,-1,-1,-1
640,14,1186.14,185.14,569.72,894.86,1,-1,-1,-1
641,23,501.05,329.22,259.25,586.94,1,-1,-1,-1
641,22,815.29,291.52,324.60,746.37,1,-1,-1,-1
641,21,358.96,363.35,238.47,471.48,1,-1,-1,-1
641,14,1172.85,200.18,561.89,879.82,1,-1,-1,-1
642,23,501.61,329.69,253.80,581.77,1,-1,-1,-1
642,22,811.09,292.99,324.13,739.57,1,-1,-1,-1
642,21,360.86,364.93,237.14,468.19,1,-1,-1,-1
642,14,1151.71,196.52,480.57,883.48,1,-1,-1,-1
643,23,490.01,340.82,260.50,564.84,1,-1,-1,-1
643,22,731.32,304.03,391.42,721.38,1,-1,-1,-1
643,21,346.24,380.45,243.02,451.78,1,-1,-1,-1
643,14,1047.04,208.34,526.81,871.66,1,-1,-1,-1
644,23,489.55,348.69,254.05,556.02,1,-1,-1,-1
644,22,735.30,316.36,382.27,706.20,1,-1,-1,-1
644,21,351.58,382.10,234.26,448.28,1,-1,-1,-1
644,14,1038.32,224.93,535.56,855.07,1,-1,-1,-1
645,23,478.70,355.72,261.23,548.23,1,-1,-1,-1
645,22,747.91,320.20,366.14,698.85,1,-1,-1,-1
645,21,361.81,384.01,226.21,445.13,1,-1,-1,-1
645,14,1056.50,231.93,526.24,848.07,1,-1,-1,-1
646,23,478.59,358.43,257.20,543.63,1,-1,-1,-1
646,22,753.07,320.04,356.41,695.34,1,-1,-1,-1
646,21,365.95,383.04,226.72,445.39,1,-1,-1,-1
646,14,1077.11,244.50,501.07,835.50,1,-1,-1,-1
647,23,490.71,354.70,244.62,546.38,1,-1,-1,-1
647,22,754.10,316.95,351.95,696.24,1,-1,-1,-1
647,21,368.70,378.17,240.49,448.41,1,-1,-1,-1
647,14,1106.18,252.30,455.50,827.70,1,-1,-1,-1
648,23,499.54,342.99,236.92,552.60,1,-1,-1,-1
648,22,752.08,313.00,342.80,695.04,1,-1,-1,-1
648,21,365.92,351.49,230.18,466.24,1,-1,-1,-1
648,14,1120.24,246.34,414.16,833.66,1,-1,-1,-1
649,23,494.91,328.49,253.76,564.07,1,-1,-1,-1
649,22,748.97,292.76,342.18,715.34,1,-1,-1,-1
649,21,368.67,354.83,234.87,467.58,1,-1,-1,-1
649,14,1126.28,218.30,392.08,861.70,1,-1,-1,-1
650,23,527.68,307.38,253.08,578.50,1,-1,-1,-1
650,22,776.44,270.55,313.07,730.18,1,-1,-1,-1
650,21,381.83,351.93,211.52,468.48,1,-1,-1,-1
650,14,1136.74,232.32,366.60,847.68,1,-1,-1,-1
651,23,576.63,331.12,244.86,555.38,1,-1,-1,-1
651,22,796.77,298.76,292.98,695.08,1,-1,-1,-1
651,21,410.88,339.04,175.12,476.76,1,-1,-1,-1
651,14,1165.94,198.49,327.67,881.51,1,-1,-1,-1
652,23,593.58,330.91,220.05,558.35,1,-1,-1,-1
652,22,822.41,279.95,262.58,707.41,1,-1,-1,-1
652,21,434.67,339.51,150.74,475.98,1,-1,-1,-1
652,14,1208.54,201.81,284.13,878.19,1,-1,-1,-1
653,23,606.38,335.25,209.05,553.10,1,-1,-1,-1
653,22,857.23,232.94,218.75,746.02,1,-1,-1,-1
653,21,457.67,356.03,143.02,455.91,1,-1,-1,-1
653,14,1217.41,244.61,283.34,835.39,1,-1,-1,-1
654,23,611.16,341.09,194.07,544.22,1,-1,-1,-1
654,22,856.91,292.89,223.02,681.81,1,-1,-1,-1
654,21,466.54,369.98,141.00,441.38,1,-1,-1,-1
654,14,1210.97,261.10,288.81,818.90,1,-1,-1,-1
655,23,615.35,341.31,181.47,539.01,1,-1,-1,-1
655,22,857.39,310.83,236.42,660.66,1,-1,-1,-1
655,21,471.03,376.46,134.51,433.08,1,-1,-1,-1
655,14,1210.83,270.88,286.82,809.12,1,-1,-1,-1
656,22,856.18,312.76,231.83,656.89,1,-1,-1,-1
656,21,470.96,375.96,127.49,430.66,1,-1,-1,-1
656,14,1210.81,272.51,279.60,807.49,1,-1,-1,-1
657,22,854.84,314.42,216.42,653.15,1,-1,-1,-1
657,21,446.31,376.38,156.06,428.57,1,-1,-1,-1
657,14,1201.91,273.43,284.10,806.57,1,-1,-1,-1
658,26,572.75,349.04,207.94,521.62,1,-1,-1,-1
657,26,614.81,335.92,156.61,537.43,1,-1,-1,-1
656,26,617.33,342.32,165.70,535.40,1,-1,-1,-1
658,22,746.70,315.10,299.06,646.56,1,-1,-1,-1
658,21,412.29,381.08,187.39,423.79,1,-1,-1,-1
658,14,1115.09,272.03,346.23,807.97,1,-1,-1,-1
659,26,576.34,357.22,240.20,511.53,1,-1,-1,-1
659,22,806.87,316.36,236.10,640.14,1,-1,-1,-1
659,21,412.56,387.01,189.06,418.35,1,-1,-1,-1
659,14,1078.46,270.90,364.48,809.10,1,-1,-1,-1
660,26,522.29,369.75,350.80,494.30,1,-1,-1,-1
660,22,813.33,320.02,221.85,633.28,1,-1,-1,-1
660,21,416.30,394.12,187.64,410.12,1,-1,-1,-1
660,14,1068.96,272.79,356.03,807.21,1,-1,-1,-1
661,22,787.63,328.40,245.14,623.42,1,-1,-1,-1
661,21,416.88,396.29,186.37,406.68,1,-1,-1,-1
661,14,1056.96,275.69,357.30,804.31,1,-1,-1,-1
662,22,710.02,333.86,318.74,618.91,1,-1,-1,-1
662,21,415.87,395.12,187.08,404.64,1,-1,-1,-1
662,14,1054.08,279.44,349.85,800.56,1,-1,-1,-1
663,23,657.78,371.74,219.60,482.71,1,-1,-1,-1
662,23,580.32,369.67,264.67,500.31,1,-1,-1,-1
661,23,574.90,369.71,295.21,498.44,1,-1,-1,-1
663,22,712.60,345.36,310.24,606.96,1,-1,-1,-1
663,21,412.17,395.43,186.57,403.39,1,-1,-1,-1
663,14,1035.66,283.35,356.66,796.65,1,-1,-1,-1
664,22,650.79,348.25,367.52,600.54,1,-1,-1,-1
664,21,411.37,391.47,185.54,407.08,1,-1,-1,-1
664,14,1024.41,282.09,355.33,797.91,1,-1,-1,-1
665,22,601.52,343.08,408.08,602.44,1,-1,-1,-1
665,21,409.39,388.42,183.67,409.52,1,-1,-1,-1
665,14,1014.75,285.03,354.59,794.97,1,-1,-1,-1
666,22,565.68,337.41,439.49,614.05,1,-1,-1,-1
666,21,405.34,386.36,185.58,412.62,1,-1,-1,-1
666,14,1010.04,284.26,343.35,795.74,1,-1,-1,-1
667,22,550.93,336.51,446.41,614.52,1,-1,-1,-1
667,21,403.07,384.64,187.00,415.97,1,-1,-1,-1
667,14,1009.38,286.85,330.49,793.15,1,-1,-1,-1
668,21,393.07,379.83,210.72,421.27,1,-1,-1,-1
668,14,1008.03,283.95,302.22,796.05,1,-1,-1,-1
669,21,396.77,376.48,217.52,419.83,1,-1,-1,-1
669,14,992.05,282.93,304.96,797.07,1,-1,-1,-1
670,26,490.92,340.44,234.42,614.78,1,-1,-1,-1
669,26,522.19,335.08,257.70,628.78,1,-1,-1,-1
668,26,530.96,336.21,335.14,627.93,1,-1,-1,-1
670,21,401.02,366.81,222.39,432.15,1,-1,-1,-1
670,14,949.30,280.82,336.65,799.18,1,-1,-1,-1
671,26,394.59,338.68,296.02,628.89,1,-1,-1,-1
671,21,393.64,337.51,229.66,461.89,1,-1,-1,-1
671,14,915.85,282.52,358.55,797.48,1,-1,-1,-1
672,26,416.46,306.11,245.16,643.41,1,-1,-1,-1
672,14,847.44,286.76,427.49,793.24,1,-1,-1,-1
673,26,199.08,247.87,425.20,727.49,1,-1,-1,-1
673,23,832.74,378.54,206.65,491.28,1,-1,-1,-1
672,23,785.33,389.36,259.48,461.07,1,-1,-1,-1
671,23,748.98,379.21,330.85,460.74,1,-1,-1,-1
673,14,752.32,302.11,557.49,777.89,1,-1,-1,-1
674,26,145.86,201.81,453.55,780.37,1,-1,-1,-1
674,14,738.40,293.62,575.71,786.38,1,-1,-1,-1
675,26,116.78,185.39,458.63,792.99,1,-1,-1,-1
675,14,728.19,280.73,492.76,799.27,1,-1,-1,-1
676,26,98.54,311.16,445.37,668.77,1,-1,-1,-1
676,14,725.43,270.33,479.74,809.67,1,-1,-1,-1
677,26,78.02,217.73,450.86,771.12,1,-1,-1,-1
677,21,388.29,371.06,182.87,422.63,1,-1,-1,-1
676,21,388.33,367.66,177.73,424.12,1,-1,-1,-1
675,21,118.45,187.31,457.86,794.30,1,-1,-1,-1
677,14,719.82,260.77,460.36,819.23,1,-1,-1,-1
678,26,64.48,315.83,435.34,684.61,1,-1,-1,-1
678,23,920.93,368.75,183.90,479.62,1,-1,-1,-1
677,23,900.41,531.55,191.01,314.27,1,-1,-1,-1
676,23,928.36,524.81,157.12,316.32,1,-1,-1,-1
678,21,428.85,373.48,138.64,416.70,1,-1,-1,-1
678,14,713.02,243.49,322.96,836.51,1,-1,-1,-1
679,26,68.55,290.65,393.92,712.43,1,-1,-1,-1
679,23,932.92,366.01,182.38,488.99,1,-1,-1,-1
679,21,428.85,370.74,143.71,416.94,1,-1,-1,-1
679,14,715.25,237.36,298.50,842.64,1,-1,-1,-1
680,26,75.76,316.72,348.33,685.27,1,-1,-1,-1
680,23,943.39,361.90,179.41,486.97,1,-1,-1,-1
680,21,433.48,372.00,154.97,417.12,1,-1,-1,-1
680,14,664.42,105.92,290.61,974.08,1,-1,-1,-1
681,26,82.52,323.36,324.19,676.13,1,-1,-1,-1
681,23,940.53,356.60,195.37,497.23,1,-1,-1,-1
681,21,428.68,369.05,182.09,420.57,1,-1,-1,-1
681,14,610.74,227.20,348.49,852.80,1,-1,-1,-1
682,26,87.19,308.19,306.63,689.84,1,-1,-1,-1
682,23,935.95,350.12,206.83,504.68,1,-1,-1,-1
682,21,430.06,368.62,202.32,421.59,1,-1,-1,-1
682,14,587.58,226.53,382.94,853.47,1,-1,-1,-1
683,26,95.96,300.70,261.41,699.21,1,-1,-1,-1
683,23,934.69,337.70,227.83,526.26,1,-1,-1,-1
683,21,435.12,365.96,237.45,415.06,1,-1,-1,-1
683,14,503.02,243.64,495.14,836.36,1,-1,-1,-1
684,26,96.05,302.69,255.26,694.39,1,-1,-1,-1
684,23,947.01,330.61,225.28,534.79,1,-1,-1,-1
684,21,451.91,362.04,238.90,423.70,1,-1,-1,-1
684,14,465.43,268.28,449.94,811.72,1,-1,-1,-1
685,26,88.00,305.26,262.95,685.65,1,-1,-1,-1
685,23,961.87,322.68,220.43,543.72,1,-1,-1,-1
685,21,485.70,361.81,215.94,428.30,1,-1,-1,-1
685,14,468.33,237.44,414.58,842.56,1,-1,-1,-1
686,26,76.68,301.47,280.13,700.15,1,-1,-1,-1
686,23,971.89,318.30,216.73,551.35,1,-1,-1,-1
686,21,540.12,364.86,148.90,427.23,1,-1,-1,-1
686,14,456.88,225.95,415.49,854.05,1,-1,-1,-1
687,26,70.13,297.63,290.80,700.79,1,-1,-1,-1
687,23,976.68,312.13,219.33,564.89,1,-1,-1,-1
687,21,555.45,369.60,154.74,422.13,1,-1,-1,-1
687,14,448.58,213.61,441.55,866.39,1,-1,-1,-1
688,26,66.18,294.54,294.02,710.72,1,-1,-1,-1
688,23,991.53,311.56,222.44,565.10,1,-1,-1,-1
688,14,453.09,232.38,584.22,847.62,1,-1,-1,-1
689,26,69.03,295.21,290.31,714.25,1,-1,-1,-1
689,23,999.69,310.79,238.95,570.62,1,-1,-1,-1
689,14,444.24,233.64,572.28,846.36,1,-1,-1,-1
690,26,71.12,293.49,289.50,723.93,1,-1,-1,-1
690,23,1006.75,309.33,239.06,575.09,1,-1,-1,-1
690,14,439.51,223.09,538.62,856.91,1,-1,-1,-1
691,26,73.23,293.74,290.06,726.62,1,-1,-1,-1
691,23,1011.68,308.65,246.97,580.71,1,-1,-1,-1
691,14,433.11,215.80,508.26,864.20,1,-1,-1,-1
692,26,73.57,294.76,291.59,726.34,1,-1,-1,-1
692,23,1020.47,305.89,248.10,590.58,1,-1,-1,-1
692,14,425.63,212.99,482.08,867.01,1,-1,-1,-1
693,26,76.26,299.47,293.25,727.49,1,-1,-1,-1
693,23,1032.78,303.99,242.90,596.87,1,-1,-1,-1
693,14,421.91,206.88,374.73,873.12,1,-1,-1,-1
694,26,76.01,301.92,290.27,726.54,1,-1,-1,-1
694,23,1036.42,302.27,244.25,603.06,1,-1,-1,-1
694,14,413.03,198.95,376.89,881.05,1,-1,-1,-1
695,26,76.51,303.17,287.81,725.67,1,-1,-1,-1
695,23,1044.77,302.75,244.05,605.06,1,-1,-1,-1
695,21,639.21,299.50,225.18,545.25,1,-1,-1,-1
694,21,627.92,339.76,192.65,498.74,1,-1,-1,-1
693,21,614.83,348.71,178.69,498.58,1,-1,-1,-1
695,14,411.67,194.95,382.64,885.05,1,-1,-1,-1
696,26,78.40,305.57,285.95,727.96,1,-1,-1,-1
696,23,1050.91,302.72,246.75,611.95,1,-1,-1,-1
696,21,629.73,306.71,244.88,536.41,1,-1,-1,-1
696,14,411.83,193.12,372.73,886.88,1,-1,-1,-1
697,26,82.12,306.13,281.09,733.44,1,-1,-1,-1
697,23,1059.15,301.42,253.12,624.58,1,-1,-1,-1
697,21,682.86,332.75,205.15,507.01,1,-1,-1,-1
697,14,409.24,192.72,357.90,887.28,1,-1,-1,-1
698,26,87.45,311.40,280.84,734.15,1,-1,-1,-1
698,23,1069.72,300.81,272.29,633.56,1,-1,-1,-1
698,21,696.99,324.33,205.64,537.05,1,-1,-1,-1
698,14,400.95,195.48,357.01,884.52,1,-1,-1,-1
699,26,93.80,312.76,276.50,731.34,1,-1,-1,-1
699,23,1079.62,300.51,278.94,640.09,1,-1,-1,-1
699,21,706.62,322.69,208.93,555.28,1,-1,-1,-1
699,14,401.53,198.25,352.87,881.75,1,-1,-1,-1
700,26,100.03,316.21,271.67,735.13,1,-1,-1,-1
700,23,1090.28,301.01,282.05,648.41,1,-1,-1,-1
700,21,714.76,318.86,214.89,569.17,1,-1,-1,-1
700,14,404.69,200.96,346.95,879.04,1,-1,-1,-1
701,26,108.59,316.30,267.26,740.76,1,-1,-1,-1
701,23,1101.05,296.97,289.76,659.40,1,-1,-1,-1
701,21,719.75,322.47,224.26,568.35,1,-1,-1,-1
701,14,401.72,205.30,350.56,874.70,1,-1,-1,-1
702,26,114.96,318.74,265.81,736.31,1,-1,-1,-1
702,23,1111.54,299.52,299.25,658.34,1,-1,-1,-1
702,21,728.94,322.34,221.55,577.85,1,-1,-1,-1
702,14,403.30,210.41,350.54,869.59,1,-1,-1,-1
703,26,130.51,326.09,261.78,737.63,1,-1,-1,-1
703,23,1132.09,298.61,312.04,677.70,1,-1,-1,-1
703,21,748.06,331.73,239.38,606.12,1,-1,-1,-1
703,14,396.75,225.65,355.88,854.35,1,-1,-1,-1
704,26,135.73,327.06,260.61,738.93,1,-1,-1,-1
704,23,1140.80,295.36,320.24,686.52,1,-1,-1,-1
704,21,762.89,330.74,205.75,633.60,1,-1,-1,-1
704,14,384.09,227.03,367.21,852.97,1,-1,-1,-1
705,26,139.91,330.44,260.43,738.20,1,-1,-1,-1
705,23,1149.25,294.11,329.20,697.22,1,-1,-1,-1
705,21,781.01,331.87,203.66,641.42,1,-1,-1,-1
705,14,374.15,227.05,374.16,852.95,1,-1,-1,-1
706,26,142.29,333.23,259.69,737.73,1,-1,-1,-1
706,23,1155.69,293.51,335.46,705.62,1,-1,-1,-1
706,21,791.53,332.44,283.97,646.64,1,-1,-1,-1
706,14,363.62,228.79,384.54,851.21,1,-1,-1,-1
707,26,141.98,333.86,257.67,738.14,1,-1,-1,-1
707,23,1158.74,292.58,348.82,715.39,1,-1,-1,-1
707,21,798.95,331.60,252.47,650.71,1,-1,-1,-1
707,14,358.42,231.64,382.75,848.36,1,-1,-1,-1
708,26,135.73,336.93,242.93,742.92,1,-1,-1,-1
708,23,1166.57,290.50,361.98,726.52,1,-1,-1,-1
708,21,777.58,325.35,364.34,665.39,1,-1,-1,-1
708,14,330.32,236.41,381.40,843.59,1,-1,-1,-1
709,26,131.16,335.71,241.76,744.29,1,-1,-1,-1
709,23,1166.38,290.25,369.64,730.98,1,-1,-1,-1
709,21,782.43,311.24,361.12,685.78,1,-1,-1,-1
709,14,308.00,243.77,386.23,836.23,1,-1,-1,-1
710,26,126.52,337.52,239.44,742.48,1,-1,-1,-1
710,23,1166.88,290.61,380.01,740.15,1,-1,-1,-1
710,21,843.29,312.80,293.24,689.57,1,-1,-1,-1
710,14,281.59,245.15,407.07,834.85,1,-1,-1,-1
711,26,120.44,338.67,248.15,741.33,1,-1,-1,-1
711,23,1167.08,289.91,386.16,747.92,1,-1,-1,-1
711,21,845.83,307.20,249.25,698.78,1,-1,-1,-1
711,14,243.59,272.03,431.53,807.97,1,-1,-1,-1
712,26,109.49,344.37,254.67,723.00,1,-1,-1,-1
712,23,1167.21,290.92,392.57,754.07,1,-1,-1,-1
712,21,848.73,303.01,228.39,706.58,1,-1,-1,-1
712,14,223.18,281.44,430.73,798.56,1,-1,-1,-1
713,26,95.29,348.89,258.86,714.32,1,-1,-1,-1
713,23,1166.27,291.44,409.06,771.40,1,-1,-1,-1
713,21,842.85,285.71,240.34,735.10,1,-1,-1,-1
713,14,176.54,308.07,436.03,771.93,1,-1,-1,-1
714,26,88.10,351.58,264.01,699.43,1,-1,-1,-1
714,23,1166.98,292.56,412.28,778.93,1,-1,-1,-1
714,21,821.16,278.05,255.09,748.48,1,-1,-1,-1
714,14,156.49,313.29,441.94,766.71,1,-1,-1,-1
715,26,85.26,353.61,286.64,691.28,1,-1,-1,-1
715,23,1167.76,294.17,412.89,785.83,1,-1,-1,-1
715,21,810.03,267.68,248.41,764.38,1,-1,-1,-1
715,14,129.15,309.61,444.50,770.39,1,-1,-1,-1
716,26,81.88,357.08,265.41,691.37,1,-1,-1,-1
716,23,1165.95,295.38,418.47,784.62,1,-1,-1,-1
716,21,810.11,258.65,250.08,798.02,1,-1,-1,-1
716,14,105.21,320.22,432.72,759.78,1,-1,-1,-1
717,26,73.57,355.18,273.92,700.49,1,-1,-1,-1
717,23,1165.50,294.79,421.45,785.21,1,-1,-1,-1
717,21,814.35,250.71,244.93,829.29,1,-1,-1,-1
717,14,99.20,331.68,433.20,748.32,1,-1,-1,-1
718,23,1166.53,298.77,421.50,781.23,1,-1,-1,-1
718,21,828.11,254.57,235.55,825.43,1,-1,-1,-1
718,14,72.44,322.33,407.61,757.67,1,-1,-1,-1
719,23,1165.33,300.03,422.22,779.97,1,-1,-1,-1
719,21,824.85,257.45,244.34,822.55,1,-1,-1,-1
719,14,60.90,322.20,419.93,757.80,1,-1,-1,-1
720,23,1163.89,304.62,423.48,775.38,1,-1,-1,-1
720,21,826.43,263.01,250.71,816.99,1,-1,-1,-1
720,14,44.78,331.78,435.22,748.22,1,-1,-1,-1
721,23,1163.03,306.38,428.39,773.62,1,-1,-1,-1
721,21,830.73,268.37,251.98,811.63,1,-1,-1,-1
721,14,23.49,345.09,439.83,734.91,1,-1,-1,-1
722,23,1163.96,310.71,428.93,769.29,1,-1,-1,-1
722,21,832.22,271.04,254.27,808.96,1,-1,-1,-1
722,14,2.98,349.46,451.39,730.54,1,-1,-1,-1
723,23,1166.97,315.59,435.71,764.41,1,-1,-1,-1
723,21,834.14,270.79,287.07,809.21,1,-1,-1,-1
723,14,0.00,374.88,441.35,705.12,1,-1,-1,-1
724,23,1168.98,315.40,437.07,764.60,1,-1,-1,-1
724,21,834.25,267.88,303.34,812.12,1,-1,-1,-1
724,14,0.00,368.43,439.46,711.57,1,-1,-1,-1
725,23,1171.68,317.12,439.40,762.88,1,-1,-1,-1
725,21,839.15,265.37,305.94,814.63,1,-1,-1,-1
725,14,0.00,348.10,433.58,731.90,1,-1,-1,-1
726,23,1176.57,317.84,438.47,762.16,1,-1,-1,-1
726,21,841.13,263.59,308.58,816.41,1,-1,-1,-1
726,14,0.19,339.81,422.59,740.19,1,-1,-1,-1
727,23,1178.14,318.57,441.58,761.43,1,-1,-1,-1
727,21,841.33,260.93,313.06,819.07,1,-1,-1,-1
727,14,0.55,356.83,399.90,723.17,1,-1,-1,-1
728,23,1186.72,323.57,439.91,756.43,1,-1,-1,-1
728,21,842.87,253.42,306.76,826.58,1,-1,-1,-1
728,14,0.53,378.06,390.43,701.94,1,-1,-1,-1
729,23,1188.91,324.64,439.40,755.36,1,-1,-1,-1
729,21,845.71,242.53,307.05,837.47,1,-1,-1,-1
729,14,1.72,400.41,403.22,679.59,1,-1,-1,-1
730,23,1190.38,325.68,440.40,754.32,1,-1,-1,-1
730,21,849.84,235.25,321.68,844.75,1,-1,-1,-1
730,14,0.46,367.36,414.79,712.64,1,-1,-1,-1
731,23,1186.99,325.57,446.98,754.43,1,-1,-1,-1
731,21,852.86,222.14,336.93,857.86,1,-1,-1,-1
731,14,0.08,359.57,411.91,720.43,1,-1,-1,-1
732,23,1184.59,323.57,449.46,756.43,1,-1,-1,-1
732,21,855.44,209.09,345.72,870.91,1,-1,-1,-1
732,14,2.11,367.47,425.60,712.53,1,-1,-1,-1
733,23,1174.66,300.83,445.54,779.17,1,-1,-1,-1
733,21,857.08,189.05,353.37,890.95,1,-1,-1,-1
733,14,1.55,384.53,469.64,695.47,1,-1,-1,-1
734,23,1182.65,287.47,429.29,792.53,1,-1,-1,-1
734,21,855.98,176.04,351.63,903.96,1,-1,-1,-1
734,14,1.18,364.06,533.38,715.94,1,-1,-1,-1
735,23,1184.20,269.71,416.11,810.29,1,-1,-1,-1
735,21,848.45,171.24,357.60,908.76,1,-1,-1,-1
735,14,0.98,323.35,541.56,756.65,1,-1,-1,-1
736,23,1185.15,255.81,397.46,824.19,1,-1,-1,-1
736,21,829.54,173.37,384.89,906.63,1,-1,-1,-1
736,14,1.07,301.69,524.53,778.31,1,-1,-1,-1
737,23,1175.19,249.81,393.74,830.19,1,-1,-1,-1
737,21,817.14,198.06,430.58,881.94,1,-1,-1,-1
737,14,2.07,284.34,442.37,795.66,1,-1,-1,-1
738,23,1169.53,250.61,387.64,829.39,1,-1,-1,-1
738,21,810.78,207.41,473.59,872.59,1,-1,-1,-1
738,14,3.00,259.14,446.94,820.86,1,-1,-1,-1
739,23,1193.04,255.21,343.23,824.79,1,-1,-1,-1
739,21,809.30,227.17,504.56,852.83,1,-1,-1,-1
739,14,55.79,239.80,428.03,840.20,1,-1,-1,-1
740,23,1177.19,258.28,346.71,821.72,1,-1,-1,-1
740,21,811.70,224.20,553.38,855.80,1,-1,-1,-1
740,14,86.89,236.87,415.64,843.13,1,-1,-1,-1
741,23,1141.27,258.41,370.79,821.59,1,-1,-1,-1
741,21,814.34,237.47,542.88,842.53,1,-1,-1,-1
741,14,108.01,242.84,420.62,837.16,1,-1,-1,-1
742,23,1162.70,258.32,338.95,821.68,1,-1,-1,-1
742,21,819.83,235.14,554.76,844.86,1,-1,-1,-1
742,14,127.66,235.58,404.36,844.42,1,-1,-1,-1
743,23,1166.63,265.61,390.38,814.39,1,-1,-1,-1
743,21,823.91,233.27,489.60,846.73,1,-1,-1,-1
743,14,138.93,246.42,389.95,833.58,1,-1,-1,-1
744,23,1127.77,281.16,419.18,798.84,1,-1,-1,-1
744,21,834.98,257.90,687.41,822.10,1,-1,-1,-1
744,14,134.07,256.92,367.87,823.08,1,-1,-1,-1
745,23,1104.33,281.34,402.10,798.66,1,-1,-1,-1
745,21,844.77,242.75,471.93,837.25,1,-1,-1,-1
745,14,129.02,268.29,372.77,811.71,1,-1,-1,-1
746,23,1127.83,294.01,368.15,785.99,1,-1,-1,-1
746,21,851.18,221.99,459.70,858.01,1,-1,-1,-1
746,14,128.37,279.95,376.32,800.05,1,-1,-1,-1
747,23,1126.62,298.69,355.20,781.31,1,-1,-1,-1
747,21,857.14,239.54,444.77,840.46,1,-1,-1,-1
747,14,128.82,283.97,378.22,796.03,1,-1,-1,-1
748,23,1104.78,296.34,359.55,778.88,1,-1,-1,-1
748,21,863.08,210.71,431.17,869.29,1,-1,-1,-1
748,14,137.22,287.21,373.43,792.79,1,-1,-1,-1
749,23,1057.94,292.72,379.70,769.29,1,-1,-1,-1
749,21,871.20,193.69,425.17,886.31,1,-1,-1,-1
749,14,165.83,283.04,423.75,796.96,1,-1,-1,-1
750,23,1034.54,291.61,387.60,766.00,1,-1,-1,-1
750,21,866.64,197.66,421.71,882.34,1,-1,-1,-1
750,14,189.29,286.65,376.85,793.35,1,-1,-1,-1
751,23,1011.70,287.28,398.19,764.58,1,-1,-1,-1
751,21,693.82,176.88,551.18,903.12,1,-1,-1,-1
751,14,206.58,294.45,352.26,785.55,1,-1,-1,-1
752,23,1036.32,289.63,360.67,750.21,1,-1,-1,-1
752,21,673.42,237.55,567.33,842.45,1,-1,-1,-1
752,14,200.10,302.56,390.75,777.44,1,-1,-1,-1
753,23,1044.17,287.74,340.59,744.93,1,-1,-1,-1
753,21,670.18,203.16,622.82,876.84,1,-1,-1,-1
753,14,195.66,313.43,416.97,766.57,1,-1,-1,-1
754,23,1009.39,310.06,359.94,725.00,1,-1,-1,-1
754,21,762.29,217.48,521.44,862.52,1,-1,-1,-1
754,14,194.74,332.74,418.51,747.26,1,-1,-1,-1
755,23,977.88,318.29,375.03,705.99,1,-1,-1,-1
755,21,755.85,246.01,443.30,833.99,1,-1,-1,-1
755,14,210.56,341.22,398.98,738.78,1,-1,-1,-1
756,23,945.82,304.78,394.54,723.45,1,-1,-1,-1
756,21,749.95,252.57,439.55,827.43,1,-1,-1,-1
756,14,219.45,341.17,385.86,738.83,1,-1,-1,-1
757,23,916.94,318.26,394.28,717.17,1,-1,-1,-1
757,21,740.24,239.66,405.90,840.34,1,-1,-1,-1
757,14,249.22,341.61,360.68,738.39,1,-1,-1,-1
758,23,878.46,311.30,402.90,722.75,1,-1,-1,-1
758,21,719.20,214.36,421.23,865.64,1,-1,-1,-1
758,14,289.16,343.19,332.68,736.81,1,-1,-1,-1
759,23,840.65,316.65,321.12,710.78,1,-1,-1,-1
759,21,659.61,208.35,487.29,871.65,1,-1,-1,-1
759,14,382.50,346.56,254.82,702.39,1,-1,-1,-1
760,23,841.84,299.65,313.90,726.65,1,-1,-1,-1
760,21,674.19,239.34,470.51,840.66,1,-1,-1,-1
760,14,397.40,342.02,252.11,704.45,1,-1,-1,-1
761,23,798.17,221.95,331.24,829.27,1,-1,-1,-1
761,21,662.08,234.45,455.09,845.55,1,-1,-1,-1
761,14,392.67,334.06,261.55,706.13,1,-1,-1,-1
762,23,790.57,226.84,309.78,825.32,1,-1,-1,-1
762,21,638.63,222.69,457.55,857.31,1,-1,-1,-1
762,14,389.78,328.60,282.61,707.64,1,-1,-1,-1
763,21,650.66,229.27,432.51,850.73,1,-1,-1,-1
763,14,387.98,326.94,289.09,705.40,1,-1,-1,-1
764,21,656.60,237.51,409.57,842.49,1,-1,-1,-1
764,14,383.08,331.40,325.88,698.91,1,-1,-1,-1
765,21,662.15,221.35,404.14,858.65,1,-1,-1,-1
765,14,382.86,340.38,329.87,689.43,1,-1,-1,-1
766,21,653.46,212.48,424.17,867.52,1,-1,-1,-1
766,14,391.81,350.14,314.08,678.24,1,-1,-1,-1
767,21,643.51,196.74,500.95,883.26,1,-1,-1,-1
767,14,388.13,344.94,311.21,681.76,1,-1,-1,-1
768,21,681.86,181.20,510.61,898.80,1,-1,-1,-1
768,14,363.49,335.34,335.15,682.77,1,-1,-1,-1
769,21,623.69,98.59,633.62,981.41,1,-1,-1,-1
769,14,320.32,326.41,374.63,685.35,1,-1,-1,-1
770,23,428.12,291.34,535.80,788.66,1,-1,-1,-1
769,23,619.57,151.46,398.79,923.64,1,-1,-1,-1
768,23,625.35,222.16,392.37,857.84,1,-1,-1,-1
770,21,634.05,101.08,626.48,978.92,1,-1,-1,-1
770,14,323.06,330.29,360.24,690.22,1,-1,-1,-1
771,23,348.77,280.29,559.62,799.71,1,-1,-1,-1
771,21,721.15,105.53,536.83,974.47,1,-1,-1,-1
771,14,330.37,333.83,372.32,681.48,1,-1,-1,-1
772,23,453.92,284.60,444.01,795.40,1,-1,-1,-1
772,21,820.98,149.49,433.39,930.51,1,-1,-1,-1
772,14,321.02,335.37,353.35,683.93,1,-1,-1,-1
773,23,519.04,295.67,376.31,784.33,1,-1,-1,-1
773,21,830.53,167.80,430.35,912.20,1,-1,-1,-1
773,14,315.79,342.82,342.55,675.96,1,-1,-1,-1
774,23,478.96,315.30,501.73,764.70,1,-1,-1,-1
774,21,824.65,207.89,462.75,872.11,1,-1,-1,-1
774,14,316.77,349.26,329.78,680.18,1,-1,-1,-1
775,23,456.92,316.48,437.23,763.52,1,-1,-1,-1
775,21,865.87,208.07,434.39,871.93,1,-1,-1,-1
775,14,334.80,353.48,307.14,680.34,1,-1,-1,-1
776,23,509.95,312.74,360.87,767.26,1,-1,-1,-1
776,21,867.86,225.41,437.29,854.59,1,-1,-1,-1
776,14,337.03,354.09,320.34,679.18,1,-1,-1,-1
777,23,499.48,309.95,365.83,770.05,1,-1,-1,-1
777,21,866.07,225.60,440.12,854.40,1,-1,-1,-1
777,14,345.67,351.36,279.08,684.71,1,-1,-1,-1
778,29,329.60,389.57,189.09,512.65,1,-1,-1,-1
777,29,330.55,387.34,204.17,516.22,1,-1,-1,-1
776,29,333.85,387.91,224.53,513.30,1,-1,-1,-1
778,23,506.08,307.44,350.51,772.56,1,-1,-1,-1
778,21,867.21,229.94,445.03,850.06,1,-1,-1,-1
778,14,335.80,352.90,288.40,675.63,1,-1,-1,-1
779,29,312.30,395.43,183.50,514.12,1,-1,-1,-1
779,23,498.69,307.16,353.85,772.84,1,-1,-1,-1
779,21,871.44,228.78,442.47,851.22,1,-1,-1,-1
779,14,321.74,352.43,289.66,673.93,1,-1,-1,-1
780,29,300.43,394.58,186.25,515.76,1,-1,-1,-1
780,23,495.87,309.14,352.19,770.86,1,-1,-1,-1
780,21,873.95,229.97,437.36,850.03,1,-1,-1,-1
780,14,313.83,351.87,286.54,684.03,1,-1,-1,-1
781,29,293.25,396.24,188.66,516.64,1,-1,-1,-1
781,23,490.59,312.45,358.51,767.55,1,-1,-1,-1
781,21,873.13,233.28,437.80,846.72,1,-1,-1,-1
781,14,307.87,353.06,292.12,686.45,1,-1,-1,-1
782,29,278.00,395.67,203.08,516.73,1,-1,-1,-1
782,23,483.45,316.32,373.02,763.68,1,-1,-1,-1
782,21,868.99,240.34,440.67,839.66,1,-1,-1,-1
782,14,301.07,351.82,286.39,686.98,1,-1,-1,-1
783,29,266.30,395.16,214.37,519.02,1,-1,-1,-1
783,23,480.19,317.69,359.30,762.31,1,-1,-1,-1
783,21,865.96,246.89,440.73,833.11,1,-1,-1,-1
783,14,293.56,349.24,281.04,694.48,1,-1,-1,-1
784,29,243.70,394.69,231.85,524.69,1,-1,-1,-1
784,23,460.93,310.71,370.75,769.29,1,-1,-1,-1
784,21,855.20,251.96,441.94,828.04,1,-1,-1,-1
784,14,283.04,353.81,269.24,694.22,1,-1,-1,-1
785,29,235.07,393.88,239.92,528.22,1,-1,-1,-1
785,23,462.09,309.23,366.11,770.77,1,-1,-1,-1
785,21,856.50,254.76,435.58,825.24,1,-1,-1,-1
785,14,278.92,355.11,267.83,688.76,1,-1,-1,-1
786,29,226.54,393.38,242.38,526.11,1,-1,-1,-1
786,23,463.93,311.56,365.02,768.44,1,-1,-1,-1
786,21,853.18,258.98,434.85,821.02,1,-1,-1,-1
786,14,272.87,354.81,271.17,687.32,1,-1,-1,-1
787,29,221.09,393.77,245.05,525.94,1,-1,-1,-1
787,23,464.77,310.46,367.83,769.54,1,-1,-1,-1
787,21,852.40,262.19,435.70,817.81,1,-1,-1,-1
787,14,270.81,354.55,269.03,688.76,1,-1,-1,-1
788,29,217.02,394.51,249.60,525.01,1,-1,-1,-1
788,23,458.70,312.65,372.70,767.35,1,-1,-1,-1
788,21,852.50,267.97,434.19,812.03,1,-1,-1,-1
788,14,267.37,355.03,269.53,684.32,1,-1,-1,-1
789,29,212.78,393.90,254.19,520.20,1,-1,-1,-1
789,23,494.80,313.22,351.32,766.78,1,-1,-1,-1
789,21,851.21,271.37,442.03,808.63,1,-1,-1,-1
789,14,263.94,354.92,273.19,683.66,1,-1,-1,-1
790,29,214.60,393.98,249.08,519.42,1,-1,-1,-1
790,23,493.78,312.30,345.86,767.70,1,-1,-1,-1
790,21,852.07,273.28,427.78,806.72,1,-1,-1,-1
790,14,267.62,355.41,271.56,680.81,1,-1,-1,-1
791,29,216.51,397.28,246.50,512.93,1,-1,-1,-1
791,23,486.63,313.02,365.35,766.98,1,-1,-1,-1
791,21,852.43,274.80,427.20,805.20,1,-1,-1,-1
791,14,274.00,354.99,269.51,678.58,1,-1,-1,-1
792,29,219.23,399.59,247.93,512.75,1,-1,-1,-1
792,23,483.24,310.08,353.62,769.92,1,-1,-1,-1
792,21,854.91,273.76,423.46,806.24,1,-1,-1,-1
792,14,278.64,354.37,267.53,673.57,1,-1,-1,-1
793,29,219.92,401.84,252.74,507.55,1,-1,-1,-1
793,23,473.11,313.01,372.66,766.99,1,-1,-1,-1
793,21,851.44,275.00,414.42,805.00,1,-1,-1,-1
793,14,282.14,351.64,266.28,671.02,1,-1,-1,-1
794,29,229.83,402.09,246.10,499.25,1,-1,-1,-1
794,23,460.19,315.98,498.16,764.02,1,-1,-1,-1
794,21,771.84,271.18,490.91,808.82,1,-1,-1,-1
794,14,276.32,346.10,313.37,661.06,1,-1,-1,-1
795,29,228.44,398.78,244.83,501.16,1,-1,-1,-1
795,23,455.33,316.27,378.96,763.73,1,-1,-1,-1
795,21,754.27,267.33,507.21,812.67,1,-1,-1,-1
795,14,261.78,346.52,387.63,661.49,1,-1,-1,-1
796,29,213.83,397.86,267.34,499.44,1,-1,-1,-1
796,23,465.08,318.85,367.56,761.15,1,-1,-1,-1
796,21,735.52,266.68,526.36,813.32,1,-1,-1,-1
796,14,262.18,347.93,338.50,658.21,1,-1,-1,-1
797,29,209.00,389.70,289.31,508.81,1,-1,-1,-1
797,23,464.61,322.77,395.27,757.23,1,-1,-1,-1
797,21,709.80,265.97,559.26,814.03,1,-1,-1,-1
797,14,266.96,350.82,337.41,655.11,1,-1,-1,-1
798,29,202.32,386.57,298.61,510.32,1,-1,-1,-1
798,23,458.39,323.28,375.10,756.72,1,-1,-1,-1
798,21,845.40,268.05,421.78,811.95,1,-1,-1,-1
798,14,274.43,352.76,305.04,650.81,1,-1,-1,-1
799,29,217.59,387.80,285.06,496.52,1,-1,-1,-1
799,23,503.35,325.27,343.32,751.45,1,-1,-1,-1
799,21,850.36,275.96,425.68,804.04,1,-1,-1,-1
799,14,298.77,354.63,293.38,615.69,1,-1,-1,-1
800,29,245.10,390.65,254.63,493.78,1,-1,-1,-1
800,23,510.22,322.91,346.24,746.01,1,-1,-1,-1
800,21,853.66,275.25,434.19,804.75,1,-1,-1,-1
800,14,310.86,354.23,303.26,613.15,1,-1,-1,-1
801,29,263.95,391.31,245.26,485.46,1,-1,-1,-1
801,23,525.79,321.85,341.21,740.05,1,-1,-1,-1
801,21,852.39,273.28,432.80,806.72,1,-1,-1,-1
801,14,328.88,356.24,299.27,604.85,1,-1,-1,-1
802,29,283.90,389.55,246.98,479.26,1,-1,-1,-1
802,23,538.79,326.22,347.98,731.75,1,-1,-1,-1
802,21,755.43,271.73,531.72,808.27,1,-1,-1,-1
802,14,343.59,359.35,281.77,596.51,1,-1,-1,-1
803,29,276.56,388.19,266.39,479.26,1,-1,-1,-1
803,23,542.84,328.18,347.79,723.73,1,-1,-1,-1
803,21,731.67,271.51,554.57,808.49,1,-1,-1,-1
803,14,348.93,365.12,310.63,579.23,1,-1,-1,-1
804,29,281.51,386.04,294.05,476.32,1,-1,-1,-1
804,23,570.79,331.33,338.97,712.78,1,-1,-1,-1
804,21,749.19,277.72,532.21,802.28,1,-1,-1,-1
804,14,356.11,361.05,322.74,584.09,1,-1,-1,-1
805,29,288.64,378.09,342.23,496.69,1,-1,-1,-1
805,23,455.12,327.72,465.83,709.85,1,-1,-1,-1
805,21,720.33,280.62,555.15,799.38,1,-1,-1,-1
805,14,380.28,371.85,307.91,530.89,1,-1,-1,-1
806,29,304.89,384.04,313.19,481.67,1,-1,-1,-1
806,23,528.96,325.85,401.32,702.39,1,-1,-1,-1
806,21,874.47,280.33,390.83,799.67,1,-1,-1,-1
807,29,321.45,378.19,312.96,480.66,1,-1,-1,-1
807,23,564.97,328.68,374.10,692.92,1,-1,-1,-1
807,21,912.85,283.46,346.95,796.54,1,-1,-1,-1
808,29,330.27,415.07,242.92,425.14,1,-1,-1,-1
808,23,601.80,331.80,348.73,686.21,1,-1,-1,-1
808,21,926.33,287.19,335.94,792.81,1,-1,-1,-1
809,29,379.87,412.92,189.55,417.38,1,-1,-1,-1
809,23,644.93,344.77,321.55,666.41,1,-1,-1,-1
809,21,924.23,284.82,348.18,795.18,1,-1,-1,-1
809,14,442.70,370.68,271.50,539.43,1,-1,-1,-1
808,14,431.90,370.53,291.25,561.15,1,-1,-1,-1
807,14,433.13,375.71,272.34,535.67,1,-1,-1,-1
810,29,404.06,406.06,213.72,425.58,1,-1,-1,-1
810,23,661.25,342.74,315.82,663.54,1,-1,-1,-1
810,21,920.10,281.47,363.00,798.53,1,-1,-1,-1
810,14,490.05,368.01,252.69,540.55,1,-1,-1,-1
811,29,436.14,407.57,184.76,419.49,1,-1,-1,-1
811,23,671.62,339.60,313.24,655.12,1,-1,-1,-1
811,21,931.92,280.19,390.21,799.81,1,-1,-1,-1
812,29,478.70,401.89,182.87,428.70,1,-1,-1,-1
812,23,679.35,337.04,313.03,651.90,1,-1,-1,-1
812,21,926.46,283.27,428.60,796.73,1,-1,-1,-1
813,29,489.20,398.76,197.90,425.27,1,-1,-1,-1
813,23,697.08,334.42,303.60,656.17,1,-1,-1,-1
813,21,886.52,288.81,546.28,791.19,1,-1,-1,-1
814,29,510.79,397.12,217.23,426.68,1,-1,-1,-1
814,23,711.63,331.33,305.85,651.57,1,-1,-1,-1
814,21,777.72,297.32,550.74,782.68,1,-1,-1,-1
814,14,559.61,365.25,220.82,518.27,1,-1,-1,-1
813,14,536.37,359.42,233.38,514.91,1,-1,-1,-1
812,14,521.38,363.93,266.05,538.67,1,-1,-1,-1
815,29,520.15,399.75,207.03,424.28,1,-1,-1,-1
815,23,721.07,336.90,296.71,644.17,1,-1,-1,-1
815,21,920.30,300.49,406.76,779.51,1,-1,-1,-1
815,14,565.82,374.39,220.20,495.63,1,-1,-1,-1
816,29,530.74,402.15,191.67,419.74,1,-1,-1,-1
816,23,725.18,335.13,297.47,643.52,1,-1,-1,-1
816,21,943.56,305.46,376.12,774.54,1,-1,-1,-1
816,14,574.64,376.94,217.43,509.61,1,-1,-1,-1
817,29,534.17,401.30,191.42,419.89,1,-1,-1,-1
817,23,728.85,335.56,296.77,638.93,1,-1,-1,-1
817,21,980.01,314.49,329.60,765.51,1,-1,-1,-1
817,14,582.22,379.29,231.29,513.16,1,-1,-1,-1
818,29,537.76,403.93,188.91,415.76,1,-1,-1,-1
818,23,718.93,334.97,316.27,639.96,1,-1,-1,-1
818,21,976.05,320.88,338.60,759.12,1,-1,-1,-1
818,14,584.76,381.74,228.80,498.81,1,-1,-1,-1
819,29,466.00,405.91,292.63,412.92,1,-1,-1,-1
819,21,851.21,327.38,458.96,752.62,1,-1,-1,-1
819,14,529.57,382.88,303.56,488.31,1,-1,-1,-1
820,29,454.75,405.79,294.83,408.67,1,-1,-1,-1
820,21,860.92,330.00,428.77,750.00,1,-1,-1,-1
820,14,574.24,373.87,251.36,500.81,1,-1,-1,-1
821,32,457.43,404.10,318.74,420.76,1,-1,-1,-1
820,32,456.78,402.87,323.12,435.47,1,-1,-1,-1
819,32,466.33,383.67,372.89,486.67,1,-1,-1,-1
821,31,571.38,338.69,506.82,612.14,1,-1,-1,-1
820,31,542.43,340.16,529.44,625.03,1,-1,-1,-1
819,31,628.83,338.60,425.01,631.48,1,-1,-1,-1
821,29,457.60,402.10,294.89,409.69,1,-1,-1,-1
821,21,859.96,332.50,436.33,747.50,1,-1,-1,-1
821,14,578.64,380.87,235.84,491.38,1,-1,-1,-1
822,32,464.85,394.63,296.09,440.69,1,-1,-1,-1
822,29,465.09,399.98,285.48,414.19,1,-1,-1,-1
822,21,871.98,340.15,424.69,739.61,1,-1,-1,-1
822,14,583.46,378.75,191.22,493.59,1,-1,-1,-1
823,32,471.11,395.50,306.14,431.17,1,-1,-1,-1
823,29,472.91,397.83,279.17,415.98,1,-1,-1,-1
823,21,889.73,343.16,405.92,736.17,1,-1,-1,-1
824,32,483.62,383.87,281.88,479.48,1,-1,-1,-1
824,29,483.65,384.97,270.79,468.75,1,-1,-1,-1
824,21,926.54,356.61,361.25,713.02,1,-1,-1,-1
825,32,482.60,386.45,291.73,470.52,1,-1,-1,-1
825,31,670.41,357.03,376.14,606.52,1,-1,-1,-1
824,31,691.95,355.92,356.94,612.71,1,-1,-1,-1
823,31,573.10,352.03,486.50,608.00,1,-1,-1,-1
825,21,923.67,362.19,357.18,710.38,1,-1,-1,-1
826,32,480.02,393.94,276.08,442.80,1,-1,-1,-1
826,31,693.04,360.30,351.01,606.21,1,-1,-1,-1
826,21,930.98,371.83,345.93,696.54,1,-1,-1,-1
827,31,714.82,361.20,328.90,604.97,1,-1,-1,-1
827,21,926.71,377.28,343.85,685.77,1,-1,-1,-1
828,33,590.11,390.56,212.58,474.32,1,-1,-1,-1
827,33,587.23,394.09,215.68,476.16,1,-1,-1,-1
826,33,577.42,390.95,224.09,482.37,1,-1,-1,-1
828,31,719.97,362.78,324.04,602.90,1,-1,-1,-1
828,21,925.65,381.83,341.15,686.07,1,-1,-1,-1
828,14,536.61,377.28,194.94,432.10,1,-1,-1,-1
827,14,496.18,390.94,293.82,441.71,1,-1,-1,-1
826,14,559.38,391.50,194.03,456.91,1,-1,-1,-1
829,33,602.81,368.05,206.04,497.41,1,-1,-1,-1
829,31,726.50,363.21,315.83,602.57,1,-1,-1,-1
829,21,926.12,393.17,322.21,671.62,1,-1,-1,-1
829,14,569.96,455.09,150.50,350.58,1,-1,-1,-1
830,33,596.64,349.86,216.19,512.99,1,-1,-1,-1
830,31,714.60,366.98,330.57,586.42,1,-1,-1,-1
830,21,928.91,398.83,314.35,665.28,1,-1,-1,-1
831,33,604.22,342.78,213.28,520.91,1,-1,-1,-1
831,31,718.31,364.43,333.43,590.19,1,-1,-1,-1
831,21,930.06,404.30,314.83,660.85,1,-1,-1,-1
832,33,611.40,328.33,215.73,540.13,1,-1,-1,-1
832,31,705.35,370.76,345.87,588.13,1,-1,-1,-1
832,29,590.24,335.50,200.72,476.51,1,-1,-1,-1
831,29,584.16,346.98,206.52,465.81,1,-1,-1,-1
830,29,580.75,361.40,198.67,452.90,1,-1,-1,-1
832,21,937.78,409.27,306.47,650.21,1,-1,-1,-1
833,33,617.12,350.62,208.22,515.44,1,-1,-1,-1
833,31,691.96,334.47,365.93,624.04,1,-1,-1,-1
833,29,596.33,437.26,175.66,370.95,1,-1,-1,-1
833,21,938.30,413.07,304.42,643.90,1,-1,-1,-1
834,33,628.41,337.85,221.68,532.13,1,-1,-1,-1
834,31,721.81,316.28,336.16,634.83,1,-1,-1,-1
834,29,603.54,435.20,174.61,373.70,1,-1,-1,-1
834,21,936.91,425.34,362.73,647.51,1,-1,-1,-1
835,33,632.74,359.18,211.01,509.43,1,-1,-1,-1
835,31,734.81,326.93,317.26,626.07,1,-1,-1,-1
835,29,607.84,306.98,201.64,521.12,1,-1,-1,-1
835,21,939.13,429.83,315.94,631.42,1,-1,-1,-1
836,33,633.01,346.52,211.41,519.54,1,-1,-1,-1
836,31,742.04,323.77,312.08,627.44,1,-1,-1,-1
836,29,610.35,308.96,179.86,502.68,1,-1,-1,-1
836,21,939.47,439.28,314.82,623.77,1,-1,-1,-1
837,33,632.54,301.47,221.92,571.34,1,-1,-1,-1
837,31,750.02,261.99,304.49,694.50,1,-1,-1,-1
837,29,610.60,313.04,184.92,502.15,1,-1,-1,-1
837,21,937.53,444.15,314.05,622.10,1,-1,-1,-1
838,33,636.08,305.68,213.89,560.39,1,-1,-1,-1
838,32,631.89,299.28,225.86,567.37,1,-1,-1,-1
837,32,634.81,313.97,214.59,555.19,1,-1,-1,-1
836,32,625.88,302.82,223.46,562.11,1,-1,-1,-1
838,31,751.71,227.50,307.00,731.03,1,-1,-1,-1
838,29,612.00,310.94,184.38,501.80,1,-1,-1,-1
838,21,930.53,449.44,326.04,622.38,1,-1,-1,-1
839,33,638.74,316.66,213.90,550.23,1,-1,-1,-1
839,32,635.93,302.05,220.13,564.35,1,-1,-1,-1
839,31,751.48,212.84,305.54,746.16,1,-1,-1,-1
839,29,614.25,320.22,174.96,487.90,1,-1,-1,-1
839,21,936.37,468.92,321.25,600.48,1,-1,-1,-1
840,33,636.83,302.59,221.95,565.39,1,-1,-1,-1
840,32,638.90,314.20,216.48,556.06,1,-1,-1,-1
840,31,753.21,212.37,306.60,749.19,1,-1,-1,-1
840,29,614.40,319.62,178.00,486.93,1,-1,-1,-1
840,21,941.06,475.11,318.49,591.63,1,-1,-1,-1
841,33,637.37,299.02,223.86,571.85,1,-1,-1,-1
841,32,639.18,309.06,217.38,563.83,1,-1,-1,-1
841,31,753.04,201.09,309.88,761.30,1,-1,-1,-1
841,29,614.62,315.59,183.85,492.47,1,-1,-1,-1
841,21,939.78,481.74,324.83,583.66,1,-1,-1,-1
842,33,638.65,300.20,225.08,565.56,1,-1,-1,-1
842,32,640.02,303.47,216.78,564.33,1,-1,-1,-1
842,31,751.36,196.23,315.32,765.30,1,-1,-1,-1
842,29,614.34,316.81,183.54,490.51,1,-1,-1,-1
842,21,946.27,490.54,317.97,577.30,1,-1,-1,-1
843,33,637.96,291.53,223.34,577.79,1,-1,-1,-1
843,32,639.65,293.10,214.76,576.95,1,-1,-1,-1
843,31,756.63,233.46,302.18,725.22,1,-1,-1,-1
843,29,615.25,315.39,180.24,490.87,1,-1,-1,-1
843,21,949.99,500.76,320.62,571.84,1,-1,-1,-1
844,33,639.20,308.20,227.09,561.70,1,-1,-1,-1
844,32,640.52,311.10,217.61,561.08,1,-1,-1,-1
844,31,710.45,317.62,346.55,649.36,1,-1,-1,-1
844,29,614.80,311.06,196.31,497.35,1,-1,-1,-1
844,21,950.70,518.23,324.89,558.71,1,-1,-1,-1
845,32,638.70,322.30,222.25,547.30,1,-1,-1,-1
845,31,730.49,324.27,332.03,643.51,1,-1,-1,-1
845,29,614.92,321.75,198.24,486.36,1,-1,-1,-1
845,21,952.93,524.75,326.86,552.65,1,-1,-1,-1
846,32,637.20,328.21,226.95,539.81,1,-1,-1,-1
846,31,723.93,330.79,349.90,636.81,1,-1,-1,-1
846,29,613.70,324.14,205.64,485.63,1,-1,-1,-1
846,21,950.25,531.61,333.31,541.80,1,-1,-1,-1
847,32,636.37,347.61,228.03,523.37,1,-1,-1,-1
847,31,684.41,333.02,414.96,637.51,1,-1,-1,-1
847,29,616.49,312.52,211.45,495.17,1,-1,-1,-1
847,21,952.19,537.77,333.54,538.08,1,-1,-1,-1
848,33,628.71,330.38,256.36,520.83,1,-1,-1,-1
847,33,635.00,314.76,247.24,554.25,1,-1,-1,-1
846,33,637.03,325.95,244.31,543.27,1,-1,-1,-1
848,32,632.53,340.70,238.54,525.35,1,-1,-1,-1
848,31,659.28,335.30,444.10,632.38,1,-1,-1,-1
848,29,615.11,328.21,219.13,484.76,1,-1,-1,-1
848,21,954.52,541.64,332.04,536.80,1,-1,-1,-1
849,31,734.02,355.60,372.89,599.06,1,-1,-1,-1
849,21,963.89,555.78,334.30,524.22,1,-1,-1,-1
850,31,671.42,360.05,428.79,622.76,1,-1,-1,-1
850,21,960.45,561.24,338.15,518.76,1,-1,-1,-1
850,14,601.36,375.12,225.73,440.17,1,-1,-1,-1
849,14,614.79,367.77,181.60,437.57,1,-1,-1,-1
848,14,617.50,328.05,180.82,473.99,1,-1,-1,-1
851,31,638.88,362.18,460.29,624.10,1,-1,-1,-1
851,21,959.10,561.00,358.22,519.00,1,-1,-1,-1
852,33,538.64,364.65,334.08,481.72,1,-1,-1,-1
851,33,564.60,353.82,315.29,502.04,1,-1,-1,-1
850,33,608.35,368.79,279.73,481.90,1,-1,-1,-1
852,31,636.46,368.58,451.35,614.05,1,-1,-1,-1
852,21,959.88,569.95,361.81,510.05,1,-1,-1,-1
853,33,530.23,383.96,332.21,455.65,1,-1,-1,-1
853,31,628.38,377.33,455.72,610.49,1,-1,-1,-1
853,21,967.87,564.90,355.23,515.10,1,-1,-1,-1
854,33,523.46,392.33,339.28,488.22,1,-1,-1,-1
854,31,625.68,389.41,432.75,603.90,1,-1,-1,-1
854,21,960.42,557.48,366.93,522.52,1,-1,-1,-1
855,33,521.13,391.78,315.30,486.12,1,-1,-1,-1
855,31,641.29,394.94,404.76,597.63,1,-1,-1,-1
855,21,960.33,568.16,356.76,511.84,1,-1,-1,-1
856,33,528.83,394.16,310.34,479.17,1,-1,-1,-1
856,31,582.26,391.75,488.59,600.71,1,-1,-1,-1
856,21,954.57,572.88,354.31,507.12,1,-1,-1,-1
856,14,529.12,392.66,277.58,440.98,1,-1,-1,-1
855,14,521.26,390.73,280.90,455.32,1,-1,-1,-1
854,14,525.13,391.86,288.99,440.04,1,-1,-1,-1
857,33,539.31,396.70,290.84,475.33,1,-1,-1,-1
857,31,622.15,391.41,476.52,599.65,1,-1,-1,-1
857,21,939.65,565.11,370.24,514.89,1,-1,-1,-1
857,14,540.19,396.88,259.84,464.30,1,-1,-1,-1
858,31,630.21,391.38,385.18,604.57,1,-1,-1,-1
858,21,949.91,558.06,357.38,521.94,1,-1,-1,-1
858,14,528.96,396.88,260.80,477.63,1,-1,-1,-1
859,31,574.20,394.53,423.56,606.25,1,-1,-1,-1
859,21,917.78,531.26,384.59,548.74,1,-1,-1,-1
860,31,592.03,392.01,404.18,610.40,1,-1,-1,-1
860,21,896.86,508.05,400.17,571.95,1,-1,-1,-1
861,33,459.41,392.11,246.60,438.16,1,-1,-1,-1
860,33,473.58,396.37,253.74,454.19,1,-1,-1,-1
859,33,499.31,400.32,228.32,430.18,1,-1,-1,-1
861,31,595.05,391.95,381.79,613.04,1,-1,-1,-1
861,21,891.27,486.76,405.90,593.24,1,-1,-1,-1
862,33,447.64,388.30,261.43,453.79,1,-1,-1,-1
862,31,589.88,394.16,381.95,612.80,1,-1,-1,-1
862,21,892.75,459.03,406.10,620.97,1,-1,-1,-1
863,33,440.86,381.26,257.25,453.17,1,-1,-1,-1
863,32,442.01,380.30,327.75,513.38,1,-1,-1,-1
862,32,448.70,387.70,320.49,478.55,1,-1,-1,-1
861,32,459.96,391.24,334.29,479.35,1,-1,-1,-1
863,31,581.53,392.70,377.95,616.42,1,-1,-1,-1
863,21,903.74,434.87,398.59,645.13,1,-1,-1,-1
864,33,438.48,420.34,205.62,406.86,1,-1,-1,-1
864,32,457.68,360.72,277.81,539.17,1,-1,-1,-1
864,31,572.01,382.88,373.74,629.94,1,-1,-1,-1
864,21,901.48,378.31,402.27,701.69,1,-1,-1,-1
865,32,447.56,353.00,289.00,551.13,1,-1,-1,-1
865,31,562.56,373.41,381.29,640.76,1,-1,-1,-1
865,21,933.66,353.08,367.41,726.92,1,-1,-1,-1
866,32,446.76,346.89,268.67,565.87,1,-1,-1,-1
866,31,577.41,356.22,359.64,660.83,1,-1,-1,-1
866,21,896.66,326.21,407.73,753.79,1,-1,-1,-1
867,32,441.90,344.21,264.07,575.53,1,-1,-1,-1
867,31,545.12,336.70,388.00,684.60,1,-1,-1,-1
867,21,901.35,305.02,398.14,774.98,1,-1,-1,-1
868,33,411.52,381.25,189.60,450.43,1,-1,-1,-1
867,33,416.46,371.19,242.24,459.33,1,-1,-1,-1
866,33,423.43,350.38,236.73,477.44,1,-1,-1,-1
868,32,433.01,344.12,272.88,579.71,1,-1,-1,-1
868,31,590.94,314.27,337.07,711.72,1,-1,-1,-1
868,21,903.11,282.78,396.69,797.22,1,-1,-1,-1
869,33,389.38,376.81,213.77,462.08,1,-1,-1,-1
869,32,421.72,341.14,269.57,573.98,1,-1,-1,-1
869,31,582.34,281.65,336.26,760.11,1,-1,-1,-1
869,21,911.94,250.98,397.45,829.02,1,-1,-1,-1
870,33,384.75,376.15,222.20,466.12,1,-1,-1,-1
870,32,414.13,337.89,275.18,593.58,1,-1,-1,-1
870,31,555.60,275.05,362.86,771.29,1,-1,-1,-1
870,21,943.54,241.26,385.77,838.74,1,-1,-1,-1
871,33,375.89,377.25,234.04,465.49,1,-1,-1,-1
871,32,408.34,337.11,271.67,610.36,1,-1,-1,-1
871,31,584.50,274.37,333.67,782.09,1,-1,-1,-1
871,21,939.42,234.52,404.52,845.48,1,-1,-1,-1
872,33,371.35,376.30,236.21,469.15,1,-1,-1,-1
872,32,404.47,338.29,272.73,609.43,1,-1,-1,-1
872,31,583.33,278.52,336.75,783.43,1,-1,-1,-1
872,21,937.97,227.70,415.16,852.30,1,-1,-1,-1
873,33,368.02,380.15,237.10,467.07,1,-1,-1,-1
873,32,396.63,339.61,284.38,609.70,1,-1,-1,-1
873,31,581.13,286.03,341.80,781.75,1,-1,-1,-1
873,21,883.94,227.16,542.43,852.84,1,-1,-1,-1
874,33,357.21,376.75,245.07,482.42,1,-1,-1,-1
874,32,392.39,341.55,289.22,613.78,1,-1,-1,-1
874,31,578.48,286.44,358.54,791.78,1,-1,-1,-1
874,21,831.31,229.92,788.27,850.08,1,-1,-1,-1
875,33,351.71,373.76,253.30,488.75,1,-1,-1,-1
875,32,387.07,342.85,287.60,624.89,1,-1,-1,-1
875,31,580.89,282.65,361.33,797.35,1,-1,-1,-1
875,21,833.96,231.61,777.21,848.39,1,-1,-1,-1
876,33,344.90,376.91,262.82,487.23,1,-1,-1,-1
876,32,384.07,343.68,283.03,629.50,1,-1,-1,-1
876,31,576.91,280.52,365.07,799.48,1,-1,-1,-1
876,21,881.96,230.53,717.31,849.47,1,-1,-1,-1
877,33,340.11,378.34,261.81,489.99,1,-1,-1,-1
877,32,379.55,343.97,285.18,634.49,1,-1,-1,-1
877,31,577.75,280.89,360.40,799.11,1,-1,-1,-1
877,21,890.96,228.54,693.55,851.46,1,-1,-1,-1
878,33,332.63,378.06,274.48,495.01,1,-1,-1,-1
878,32,373.14,343.15,287.10,646.98,1,-1,-1,-1
878,31,574.11,280.43,359.89,799.57,1,-1,-1,-1
878,21,950.36,230.66,622.03,849.34,1,-1,-1,-1
879,33,314.07,385.31,263.53,494.10,1,-1,-1,-1
879,32,351.57,344.42,297.63,655.71,1,-1,-1,-1
879,31,556.93,276.15,377.90,803.85,1,-1,-1,-1
879,21,991.53,228.39,531.53,851.61,1,-1,-1,-1
880,33,299.18,377.75,261.27,509.09,1,-1,-1,-1
880,32,336.95,342.34,303.42,666.46,1,-1,-1,-1
880,31,552.67,278.50,377.27,801.50,1,-1,-1,-1
880,21,1028.86,225.19,456.78,854.81,1,-1,-1,-1
881,33,279.34,386.31,269.22,503.14,1,-1,-1,-1
881,32,327.28,340.29,301.34,667.32,1,-1,-1,-1
881,31,550.06,277.67,375.13,802.33,1,-1,-1,-1
881,21,1048.73,227.28,356.68,852.72,1,-1,-1,-1
882,33,262.17,385.01,294.33,509.53,1,-1,-1,-1
882,32,310.34,336.90,309.41,676.26,1,-1,-1,-1
882,31,542.75,277.27,378.86,802.73,1,-1,-1,-1
882,21,1069.25,228.72,329.27,851.28,1,-1,-1,-1
883,32,284.91,338.36,325.82,683.68,1,-1,-1,-1
883,31,453.91,286.44,446.93,793.56,1,-1,-1,-1
883,21,1081.16,231.81,313.88,848.19,1,-1,-1,-1
884,32,258.90,341.10,324.16,689.07,1,-1,-1,-1
884,31,441.49,287.97,450.57,792.03,1,-1,-1,-1
884,21,1051.63,238.08,345.93,841.92,1,-1,-1,-1
885,32,244.61,334.38,326.47,703.00,1,-1,-1,-1
885,31,430.67,286.66,463.55,793.34,1,-1,-1,-1
885,21,1033.53,232.04,364.18,847.96,1,-1,-1,-1
886,32,236.27,333.26,328.82,711.12,1,-1,-1,-1
886,31,418.79,288.10,475.71,791.90,1,-1,-1,-1
886,21,1017.79,233.43,376.85,846.57,1,-1,-1,-1
886,14,184.84,378.54,284.03,545.01,1,-1,-1,-1
885,14,196.31,381.54,281.35,531.99,1,-1,-1,-1
884,14,207.79,380.33,288.06,526.40,1,-1,-1,-1
887,32,213.92,333.25,348.52,711.51,1,-1,-1,-1
887,31,429.32,286.85,466.68,793.15,1,-1,-1,-1
887,21,1005.23,234.36,379.97,845.64,1,-1,-1,-1
887,14,175.01,370.59,295.63,553.20,1,-1,-1,-1
888,32,209.86,332.05,358.64,719.32,1,-1,-1,-1
888,31,510.25,277.89,385.81,802.11,1,-1,-1,-1
888,21,994.43,237.49,387.67,842.51,1,-1,-1,-1
888,14,170.16,375.03,285.67,550.66,1,-1,-1,-1
889,32,222.13,330.56,337.73,723.84,1,-1,-1,-1
889,31,526.92,277.69,359.94,802.31,1,-1,-1,-1
889,21,886.39,247.35,490.43,832.65,1,-1,-1,-1
889,14,186.02,373.19,266.71,551.75,1,-1,-1,-1
890,32,228.91,331.63,330.94,723.34,1,-1,-1,-1
890,31,528.72,279.36,369.26,800.64,1,-1,-1,-1
890,21,814.64,251.40,575.27,828.60,1,-1,-1,-1
890,14,208.09,370.68,215.50,553.22,1,-1,-1,-1
891,32,229.31,332.75,334.32,723.51,1,-1,-1,-1
891,31,529.03,282.19,425.98,797.81,1,-1,-1,-1
891,21,772.92,260.63,617.40,819.37,1,-1,-1,-1
892,32,232.80,331.27,358.76,723.90,1,-1,-1,-1
892,31,529.66,283.67,443.82,796.33,1,-1,-1,-1
892,21,755.59,266.18,712.73,813.82,1,-1,-1,-1
893,33,208.59,365.84,252.24,560.65,1,-1,-1,-1
892,33,204.89,367.23,235.71,566.51,1,-1,-1,-1
891,33,205.06,371.09,235.86,556.51,1,-1,-1,-1
893,32,236.03,328.77,403.76,723.94,1,-1,-1,-1
893,31,528.27,279.38,458.23,800.62,1,-1,-1,-1
893,21,732.14,260.82,896.18,819.18,1,-1,-1,-1
894,33,214.64,367.44,229.59,556.09,1,-1,-1,-1
894,32,247.81,326.11,408.74,718.53,1,-1,-1,-1
894,31,558.23,276.85,398.82,803.15,1,-1,-1,-1
894,21,725.00,254.82,890.65,825.18,1,-1,-1,-1
895,33,214.08,366.02,271.07,556.26,1,-1,-1,-1
895,32,254.55,324.36,405.65,717.68,1,-1,-1,-1
895,31,570.53,278.09,399.32,801.91,1,-1,-1,-1
895,21,722.26,251.15,972.40,828.85,1,-1,-1,-1
896,33,223.32,363.95,246.03,558.43,1,-1,-1,-1
896,32,263.09,322.43,389.95,721.50,1,-1,-1,-1
896,31,575.13,280.13,404.46,799.87,1,-1,-1,-1
896,21,720.67,244.14,913.04,835.86,1,-1,-1,-1
897,33,229.89,361.03,223.15,558.35,1,-1,-1,-1
897,32,274.89,319.49,330.79,726.11,1,-1,-1,-1
897,31,587.95,279.19,406.06,800.81,1,-1,-1,-1
897,21,715.79,238.28,960.46,841.72,1,-1,-1,-1
898,33,232.36,360.89,231.77,554.26,1,-1,-1,-1
898,32,284.25,317.25,325.59,724.29,1,-1,-1,-1
898,31,599.32,282.81,392.22,797.19,1,-1,-1,-1
898,21,757.01,238.37,884.16,841.63,1,-1,-1,-1
899,32,298.26,318.74,324.98,716.28,1,-1,-1,-1
899,31,606.48,275.33,455.99,804.67,1,-1,-1,-1
899,21,754.38,237.03,717.98,842.97,1,-1,-1,-1
900,32,306.68,325.37,316.32,707.96,1,-1,-1,-1
900,31,636.91,250.58,502.66,829.42,1,-1,-1,-1
900,21,732.73,239.08,668.39,840.92,1,-1,-1,-1
901,32,317.93,330.71,310.42,706.06,1,-1,-1,-1
901,21,774.63,241.82,575.99,838.18,1,-1,-1,-1
902,32,324.50,335.20,324.55,705.07,1,-1,-1,-1
902,21,783.88,245.68,511.78,834.32,1,-1,-1,-1
903,32,333.61,340.30,327.41,699.71,1,-1,-1,-1
903,21,794.97,246.79,443.08,833.21,1,-1,-1,-1
903,14,279.00,363.20,249.56,559.80,1,-1,-1,-1
902,14,269.27,362.64,266.94,564.29,1,-1,-1,-1
901,14,262.48,363.44,254.67,555.61,1,-1,-1,-1
904,32,369.80,341.44,306.61,698.31,1,-1,-1,-1
904,21,837.79,253.95,409.62,826.05,1,-1,-1,-1
904,14,287.54,362.47,234.88,565.96,1,-1,-1,-1
905,32,489.91,350.29,202.37,650.79,1,-1,-1,-1
905,21,864.09,250.95,443.33,829.05,1,-1,-1,-1
905,14,315.11,359.79,203.61,593.14,1,-1,-1,-1
906,32,498.65,354.65,225.36,687.20,1,-1,-1,-1
906,31,811.09,252.26,410.44,827.74,1,-1,-1,-1
905,31,814.03,254.33,380.82,825.67,1,-1,-1,-1
904,31,802.08,252.21,361.85,827.79,1,-1,-1,-1
906,21,879.92,254.27,499.26,825.73,1,-1,-1,-1
906,14,329.22,360.01,200.68,604.03,1,-1,-1,-1
907,32,521.52,357.74,230.28,668.46,1,-1,-1,-1
907,31,809.74,255.09,435.68,824.91,1,-1,-1,-1
907,21,924.15,266.04,493.05,796.30,1,-1,-1,-1
907,14,344.48,360.79,187.39,609.06,1,-1,-1,-1
908,32,518.28,361.65,276.18,667.39,1,-1,-1,-1
908,31,826.19,273.30,437.04,806.70,1,-1,-1,-1
908,21,954.97,283.21,480.44,771.20,1,-1,-1,-1
908,14,356.37,368.03,177.49,613.02,1,-1,-1,-1
909,32,540.48,363.71,265.46,667.86,1,-1,-1,-1
909,31,837.31,289.22,439.05,790.78,1,-1,-1,-1
909,14,361.30,376.88,173.83,610.58,1,-1,-1,-1
910,32,541.51,366.15,269.49,672.51,1,-1,-1,-1
910,31,853.03,316.53,403.46,763.47,1,-1,-1,-1
910,14,365.34,395.63,175.22,608.07,1,-1,-1,-1
911,35,1089.91,350.21,351.85,683.42,1,-1,-1,-1
910,35,1029.48,355.41,413.89,683.87,1,-1,-1,-1
909,35,972.44,326.35,477.06,720.32,1,-1,-1,-1
911,32,544.29,365.69,265.58,671.23,1,-1,-1,-1
911,31,868.58,324.74,398.59,755.26,1,-1,-1,-1
911,14,365.02,399.43,176.95,605.35,1,-1,-1,-1
912,35,1115.30,350.64,322.85,677.18,1,-1,-1,-1
912,32,546.07,361.73,263.07,673.36,1,-1,-1,-1
912,31,885.48,329.83,397.74,750.17,1,-1,-1,-1
912,14,361.81,401.47,173.31,598.56,1,-1,-1,-1
913,35,1134.67,346.00,299.07,679.42,1,-1,-1,-1
913,32,551.97,356.65,258.43,676.98,1,-1,-1,-1
913,31,901.76,330.10,393.10,749.90,1,-1,-1,-1
913,14,356.78,401.27,178.12,597.89,1,-1,-1,-1
914,35,1143.77,342.91,290.76,690.97,1,-1,-1,-1
914,32,563.14,349.96,268.36,681.95,1,-1,-1,-1
914,31,912.28,328.57,389.55,751.43,1,-1,-1,-1
914,14,349.08,400.12,184.44,595.69,1,-1,-1,-1
915,35,1168.22,340.00,276.97,679.15,1,-1,-1,-1
915,32,582.98,336.86,290.67,690.52,1,-1,-1,-1
915,31,944.65,317.67,373.28,762.33,1,-1,-1,-1
915,14,327.89,388.64,204.25,608.69,1,-1,-1,-1
916,35,1174.98,340.16,275.54,668.95,1,-1,-1,-1
916,32,589.38,334.01,293.17,693.33,1,-1,-1,-1
916,31,953.51,308.07,358.15,771.93,1,-1,-1,-1
916,14,317.35,380.00,213.77,616.17,1,-1,-1,-1
917,35,1188.79,339.82,264.07,663.47,1,-1,-1,-1
917,32,593.47,330.75,290.14,693.90,1,-1,-1,-1
917,31,957.22,301.90,347.12,778.10,1,-1,-1,-1
917,14,306.61,372.41,220.44,620.68,1,-1,-1,-1
918,35,1194.20,341.67,258.86,656.61,1,-1,-1,-1
918,32,589.21,329.69,293.37,692.66,1,-1,-1,-1
918,31,960.03,295.37,341.24,784.63,1,-1,-1,-1
918,14,299.81,362.75,228.59,628.01,1,-1,-1,-1
919,35,1194.75,342.89,258.12,653.17,1,-1,-1,-1
919,32,581.58,328.76,283.99,687.94,1,-1,-1,-1
919,31,962.36,284.77,335.28,795.23,1,-1,-1,-1
919,14,290.94,354.08,227.18,630.10,1,-1,-1,-1
920,35,1191.12,341.75,262.33,645.91,1,-1,-1,-1
920,32,581.14,327.97,242.42,683.84,1,-1,-1,-1
920,31,965.44,277.49,309.67,802.51,1,-1,-1,-1
920,14,282.28,339.90,230.59,640.82,1,-1,-1,-1
921,35,1166.73,342.90,281.55,639.96,1,-1,-1,-1
921,31,961.23,279.23,293.43,800.77,1,-1,-1,-1
921,14,279.82,333.69,234.16,642.71,1,-1,-1,-1
922,35,1139.63,343.42,305.24,634.61,1,-1,-1,-1
922,31,928.21,277.88,324.75,802.12,1,-1,-1,-1
922,14,245.09,330.42,268.98,646.38,1,-1,-1,-1
923,36,510.28,333.48,298.98,673.52,1,-1,-1,-1
922,36,547.67,329.75,259.56,673.28,1,-1,-1,-1
921,36,570.91,328.04,251.87,681.80,1,-1,-1,-1
923,35,1123.88,344.68,316.58,629.29,1,-1,-1,-1
923,31,896.81,283.56,368.94,796.44,1,-1,-1,-1
923,14,205.39,331.35,308.65,645.70,1,-1,-1,-1
924,36,487.01,339.09,321.59,666.85,1,-1,-1,-1
924,35,1119.60,348.32,314.27,624.08,1,-1,-1,-1
924,31,893.10,291.55,352.00,778.85,1,-1,-1,-1
924,14,156.91,336.81,364.40,648.20,1,-1,-1,-1
925,36,458.17,352.89,348.09,659.40,1,-1,-1,-1
925,35,1102.88,356.50,318.95,614.26,1,-1,-1,-1
925,31,863.61,306.17,365.44,773.83,1,-1,-1,-1
925,14,81.47,358.43,451.11,657.68,1,-1,-1,-1
926,36,466.33,360.02,339.11,658.99,1,-1,-1,-1
926,35,1105.70,357.51,309.56,608.70,1,-1,-1,-1
926,31,860.14,318.18,366.94,761.82,1,-1,-1,-1
926,14,66.14,372.03,464.58,652.72,1,-1,-1,-1
927,36,473.28,365.65,334.39,652.81,1,-1,-1,-1
927,35,1099.47,355.80,311.33,607.12,1,-1,-1,-1
927,31,858.99,330.24,367.88,749.76,1,-1,-1,-1
927,14,58.85,382.44,466.20,648.23,1,-1,-1,-1
928,36,472.04,370.51,336.42,644.11,1,-1,-1,-1
928,35,1084.99,368.28,317.12,590.70,1,-1,-1,-1
928,31,860.45,340.34,378.20,739.66,1,-1,-1,-1
928,14,64.90,388.93,455.06,642.22,1,-1,-1,-1
929,36,476.10,377.93,332.39,633.46,1,-1,-1,-1
929,35,1073.49,367.48,317.18,586.48,1,-1,-1,-1
929,31,861.15,346.84,374.64,733.16,1,-1,-1,-1
929,14,70.34,384.63,451.12,649.68,1,-1,-1,-1
930,36,488.84,378.71,319.34,627.81,1,-1,-1,-1
930,35,1063.09,364.96,297.99,583.48,1,-1,-1,-1
930,31,867.36,356.41,367.17,723.59,1,-1,-1,-1
930,14,81.20,376.01,425.68,653.27,1,-1,-1,-1
931,36,493.27,376.54,314.94,628.93,1,-1,-1,-1
931,35,1056.27,362.19,292.53,585.06,1,-1,-1,-1
931,31,871.35,358.92,364.26,717.13,1,-1,-1,-1
931,14,86.29,368.34,402.81,658.41,1,-1,-1,-1
932,36,495.17,375.51,316.78,630.45,1,-1,-1,-1
932,35,1048.70,363.36,292.79,578.35,1,-1,-1,-1
932,31,872.85,359.73,363.38,710.24,1,-1,-1,-1
932,14,91.79,360.83,379.73,663.30,1,-1,-1,-1
933,36,498.79,371.29,314.99,632.72,1,-1,-1,-1
933,35,1042.41,362.55,296.02,574.81,1,-1,-1,-1
933,31,877.06,359.76,360.48,704.36,1,-1,-1,-1
933,14,94.46,354.23,355.54,665.20,1,-1,-1,-1
934,36,497.49,365.82,315.06,631.32,1,-1,-1,-1
934,35,1043.42,361.76,289.84,566.93,1,-1,-1,-1
934,31,881.84,359.13,358.96,698.00,1,-1,-1,-1
934,14,95.24,350.12,335.61,668.24,1,-1,-1,-1
935,36,499.46,362.15,297.25,628.09,1,-1,-1,-1
935,35,1072.78,367.44,229.32,543.95,1,-1,-1,-1
935,31,887.31,348.07,339.56,695.56,1,-1,-1,-1
935,14,103.35,342.09,296.09,671.78,1,-1,-1,-1
936,36,501.44,361.40,289.03,627.09,1,-1,-1,-1
936,35,1095.65,370.45,183.82,531.78,1,-1,-1,-1
936,31,887.45,342.30,330.78,686.64,1,-1,-1,-1
936,14,108.31,340.75,279.47,668.31,1,-1,-1,-1
937,36,500.53,359.36,288.46,625.98,1,-1,-1,-1
937,35,1101.93,366.68,175.55,529.18,1,-1,-1,-1
937,31,885.49,334.64,314.07,689.83,1,-1,-1,-1
937,14,109.10,340.07,273.55,669.34,1,-1,-1,-1
938,36,503.63,358.43,287.40,627.17,1,-1,-1,-1
938,35,1104.81,367.12,171.16,525.49,1,-1,-1,-1
938,31,882.65,332.45,277.93,684.73,1,-1,-1,-1
938,14,110.91,339.88,272.66,666.97,1,-1,-1,-1
939,36,504.24,358.93,290.21,623.45,1,-1,-1,-1
939,35,1106.94,371.55,170.15,517.49,1,-1,-1,-1
939,31,877.92,333.46,230.32,678.95,1,-1,-1,-1
939,14,116.05,340.60,287.19,660.88,1,-1,-1,-1
940,36,514.34,360.38,286.66,616.53,1,-1,-1,-1
940,35,1105.83,374.48,181.34,512.59,1,-1,-1,-1
940,31,873.74,335.02,222.51,673.39,1,-1,-1,-1
940,14,143.01,342.01,309.50,652.26,1,-1,-1,-1
941,36,522.60,363.53,280.55,608.03,1,-1,-1,-1
941,35,1105.93,373.98,195.14,511.00,1,-1,-1,-1
941,31,871.80,335.89,228.35,671.46,1,-1,-1,-1
941,14,169.28,345.97,307.31,644.10,1,-1,-1,-1
942,36,534.16,366.44,270.92,603.37,1,-1,-1,-1
942,35,1106.07,375.32,212.02,507.86,1,-1,-1,-1
942,31,868.24,337.20,231.70,666.30,1,-1,-1,-1
942,14,180.30,353.75,309.39,634.14,1,-1,-1,-1
943,36,540.11,372.11,268.35,594.34,1,-1,-1,-1
943,35,1109.99,373.41,226.75,508.17,1,-1,-1,-1
943,31,850.20,339.95,249.13,661.50,1,-1,-1,-1
943,14,193.26,367.13,306.24,617.49,1,-1,-1,-1
944,36,551.66,376.08,260.96,588.03,1,-1,-1,-1
944,35,1114.48,377.91,228.21,502.95,1,-1,-1,-1
944,31,826.58,344.87,299.28,656.25,1,-1,-1,-1
944,14,204.85,377.70,305.54,603.35,1,-1,-1,-1
945,36,581.03,381.28,238.20,578.46,1,-1,-1,-1
945,35,1121.34,380.55,231.38,502.05,1,-1,-1,-1
945,31,813.77,346.36,354.28,647.23,1,-1,-1,-1
945,14,230.65,394.47,293.24,580.49,1,-1,-1,-1
946,36,594.34,383.37,235.00,574.04,1,-1,-1,-1
946,35,1129.66,378.45,226.11,504.15,1,-1,-1,-1
946,31,796.13,349.36,372.65,625.94,1,-1,-1,-1
946,14,241.84,397.11,288.82,571.61,1,-1,-1,-1
947,36,598.88,383.48,239.95,572.08,1,-1,-1,-1
947,35,1134.21,377.88,227.09,502.44,1,-1,-1,-1
947,31,842.85,350.35,319.65,616.24,1,-1,-1,-1
947,14,253.48,397.42,284.67,569.41,1,-1,-1,-1
948,36,604.00,387.06,240.99,564.93,1,-1,-1,-1
948,31,800.83,352.58,332.81,598.80,1,-1,-1,-1
948,14,266.42,396.03,280.91,570.66,1,-1,-1,-1
949,36,613.40,383.85,236.64,568.90,1,-1,-1,-1
949,31,828.40,335.82,287.46,603.71,1,-1,-1,-1
949,14,278.47,393.75,280.02,567.71,1,-1,-1,-1
950,37,1177.43,382.59,204.72,493.18,1,-1,-1,-1
949,37,1144.11,378.90,231.40,495.62,1,-1,-1,-1
948,37,1139.95,378.32,230.81,500.02,1,-1,-1,-1
950,36,628.83,386.49,247.89,556.41,1,-1,-1,-1
950,31,863.09,221.96,245.44,708.46,1,-1,-1,-1
950,14,303.45,384.32,282.94,566.84,1,-1,-1,-1
951,37,1186.86,380.03,197.49,492.77,1,-1,-1,-1
951,36,639.38,385.83,251.26,556.54,1,-1,-1,-1
951,31,869.56,211.26,224.34,720.16,1,-1,-1,-1
951,14,318.00,378.92,284.54,569.50,1,-1,-1,-1
952,37,1195.56,381.41,195.65,489.66,1,-1,-1,-1
952,36,644.53,386.63,268.82,551.61,1,-1,-1,-1
952,31,875.22,215.34,224.43,711.66,1,-1,-1,-1
952,14,329.69,375.66,283.58,567.33,1,-1,-1,-1
953,37,1202.16,382.89,194.14,487.15,1,-1,-1,-1
953,36,648.69,384.31,283.11,549.41,1,-1,-1,-1
953,31,872.92,246.21,234.48,679.08,1,-1,-1,-1
953,14,352.53,371.71,271.07,569.88,1,-1,-1,-1
954,37,1207.60,383.75,192.60,483.98,1,-1,-1,-1
954,36,656.00,384.38,295.20,527.62,1,-1,-1,-1
954,31,885.44,297.18,223.77,621.96,1,-1,-1,-1
954,14,372.87,363.19,258.79,573.36,1,-1,-1,-1
955,37,1212.69,379.78,199.22,487.16,1,-1,-1,-1
955,36,665.52,383.29,308.01,535.40,1,-1,-1,-1
955,31,900.20,354.62,240.33,559.98,1,-1,-1,-1
955,14,407.77,367.18,243.21,566.63,1,-1,-1,-1
956,37,1202.35,377.23,211.61,490.58,1,-1,-1,-1
956,36,672.01,384.81,304.62,529.89,1,-1,-1,-1
956,31,907.54,352.44,233.32,562.51,1,-1,-1,-1
956,14,416.22,367.99,239.74,561.87,1,-1,-1,-1
957,37,1182.28,377.09,235.34,494.15,1,-1,-1,-1
957,36,686.81,385.01,297.63,521.32,1,-1,-1,-1
957,31,927.38,353.00,225.61,561.41,1,-1,-1,-1
957,14,423.12,372.43,244.44,554.04,1,-1,-1,-1
958,37,1169.70,377.42,248.33,494.27,1,-1,-1,-1
958,36,696.88,383.97,280.14,522.63,1,-1,-1,-1
958,31,937.22,351.96,215.95,562.87,1,-1,-1,-1
958,14,427.13,375.13,244.47,548.42,1,-1,-1,-1
959,37,1169.84,381.95,250.20,493.94,1,-1,-1,-1
959,36,721.75,380.18,260.22,507.52,1,-1,-1,-1
959,31,945.32,353.11,204.17,560.12,1,-1,-1,-1
959,14,433.23,376.54,240.89,544.98,1,-1,-1,-1
960,37,1182.93,385.64,235.08,495.56,1,-1,-1,-1
960,36,711.79,377.80,213.99,523.33,1,-1,-1,-1
960,31,950.26,349.83,217.85,563.20,1,-1,-1,-1
960,14,440.16,379.11,254.66,533.51,1,-1,-1,-1
961,37,1182.72,384.54,234.43,495.12,1,-1,-1,-1
961,36,712.52,376.19,213.22,527.63,1,-1,-1,-1
961,31,951.72,347.70,240.34,561.99,1,-1,-1,-1
961,14,445.56,382.05,221.19,527.95,1,-1,-1,-1
962,37,1180.15,384.58,234.15,496.35,1,-1,-1,-1
962,36,714.13,375.39,214.57,521.93,1,-1,-1,-1
962,31,950.09,344.89,268.41,562.33,1,-1,-1,-1
962,14,449.60,383.48,214.61,524.02,1,-1,-1,-1
963,37,1182.48,384.25,220.00,494.48,1,-1,-1,-1
963,36,716.13,373.66,213.71,520.27,1,-1,-1,-1
963,31,936.38,346.56,296.56,558.10,1,-1,-1,-1
963,14,453.49,384.04,214.17,521.76,1,-1,-1,-1
964,37,1183.15,385.65,195.81,490.84,1,-1,-1,-1
964,36,721.38,375.25,208.45,515.80,1,-1,-1,-1
964,31,932.42,346.81,295.58,554.18,1,-1,-1,-1
964,14,457.74,384.55,213.26,518.40,1,-1,-1,-1
965,37,1167.74,379.71,154.46,495.98,1,-1,-1,-1
965,36,730.16,382.33,202.48,495.12,1,-1,-1,-1
965,31,927.69,358.06,270.62,540.66,1,-1,-1,-1
965,14,461.74,391.89,212.68,507.45,1,-1,-1,-1
966,37,1157.44,376.79,161.03,499.04,1,-1,-1,-1
966,36,739.50,384.68,191.57,488.20,1,-1,-1,-1
966,31,923.61,359.91,197.86,534.91,1,-1,-1,-1
966,14,462.71,396.03,211.78,502.54,1,-1,-1,-1
967,37,1145.93,374.95,172.44,493.85,1,-1,-1,-1
967,36,738.32,390.15,193.15,483.95,1,-1,-1,-1
967,31,926.16,360.34,191.45,531.21,1,-1,-1,-1
967,14,465.50,400.92,210.73,495.32,1,-1,-1,-1
968,37,1126.91,368.46,191.32,500.61,1,-1,-1,-1
968,36,740.23,391.77,191.07,477.44,1,-1,-1,-1
968,31,926.15,362.42,187.72,526.91,1,-1,-1,-1
968,14,466.01,404.48,211.16,490.01,1,-1,-1,-1
969,37,1093.81,366.54,217.49,504.08,1,-1,-1,-1
969,36,732.56,395.15,197.32,473.89,1,-1,-1,-1
969,31,928.76,366.10,191.49,520.28,1,-1,-1,-1
969,14,465.77,403.02,211.51,487.47,1,-1,-1,-1
970,37,1077.06,364.98,218.88,498.81,1,-1,-1,-1
970,36,712.26,404.00,217.58,456.33,1,-1,-1,-1
970,31,916.15,366.59,222.82,519.03,1,-1,-1,-1
971,38,446.27,409.56,232.51,475.42,1,-1,-1,-1
970,38,444.15,406.71,233.61,479.91,1,-1,-1,-1
969,38,462.45,404.39,214.11,485.03,1,-1,-1,-1
971,37,1064.33,365.81,238.76,494.02,1,-1,-1,-1
971,36,702.59,407.08,226.54,448.07,1,-1,-1,-1
971,31,910.21,370.84,210.28,515.91,1,-1,-1,-1
972,38,457.33,412.32,221.84,470.84,1,-1,-1,-1
972,37,1058.49,365.14,254.10,498.90,1,-1,-1,-1
972,36,698.55,410.15,232.51,445.52,1,-1,-1,-1
972,31,908.10,374.54,210.94,515.99,1,-1,-1,-1
973,38,456.99,414.10,222.29,469.70,1,-1,-1,-1
973,37,1074.39,362.70,243.62,500.78,1,-1,-1,-1
973,36,697.11,411.86,232.74,444.11,1,-1,-1,-1
973,31,921.62,380.01,191.56,507.44,1,-1,-1,-1
974,38,458.74,416.10,221.40,464.85,1,-1,-1,-1
974,37,1066.07,329.16,248.91,533.52,1,-1,-1,-1
974,36,691.49,418.18,237.07,444.54,1,-1,-1,-1
975,38,458.97,414.41,221.04,461.34,1,-1,-1,-1
975,37,1056.12,270.80,194.82,596.16,1,-1,-1,-1
975,36,688.63,419.47,242.28,437.98,1,-1,-1,-1
976,39,922.27,384.47,209.19,494.02,1,-1,-1,-1
975,39,914.19,385.55,211.01,495.64,1,-1,-1,-1
974,39,925.52,383.54,196.39,500.27,1,-1,-1,-1
976,38,456.34,414.41,223.51,461.30,1,-1,-1,-1
976,37,1049.33,275.55,168.73,592.71,1,-1,-1,-1
976,36,686.20,421.60,243.41,431.33,1,-1,-1,-1
977,39,912.29,384.43,221.55,492.80,1,-1,-1,-1
977,38,454.02,416.71,226.91,458.26,1,-1,-1,-1
977,37,1050.93,283.54,163.04,584.27,1,-1,-1,-1
978,40,704.34,422.60,230.91,427.01,1,-1,-1,-1
977,40,705.74,419.30,227.05,430.40,1,-1,-1,-1
976,40,699.33,418.59,234.21,436.67,1,-1,-1,-1
978,39,924.67,383.41,208.10,492.59,1,-1,-1,-1
978,38,452.66,419.27,230.72,455.56,1,-1,-1,-1
978,37,1031.01,280.90,180.16,588.78,1,-1,-1,-1
979,40,700.47,421.30,237.48,428.20,1,-1,-1,-1
979,39,918.14,379.08,229.01,493.33,1,-1,-1,-1
979,38,450.56,419.14,232.21,453.51,1,-1,-1,-1
979,37,1019.05,270.82,189.88,593.67,1,-1,-1,-1
980,40,702.83,428.72,241.95,421.94,1,-1,-1,-1
980,39,913.33,375.83,235.33,496.14,1,-1,-1,-1
980,38,444.76,420.99,239.60,444.51,1,-1,-1,-1
980,37,1012.37,257.48,198.56,598.45,1,-1,-1,-1
981,40,710.01,426.47,229.70,419.77,1,-1,-1,-1
981,39,922.94,371.69,227.50,498.84,1,-1,-1,-1
981,38,441.23,419.97,245.90,443.87,1,-1,-1,-1
981,37,1007.23,291.34,204.78,565.35,1,-1,-1,-1
982,40,704.16,425.22,237.38,422.96,1,-1,-1,-1
982,39,921.39,373.42,234.60,496.24,1,-1,-1,-1
982,38,439.06,421.11,249.77,441.78,1,-1,-1,-1
982,37,1004.33,290.42,213.19,563.86,1,-1,-1,-1
983,40,718.10,432.36,225.79,412.96,1,-1,-1,-1
983,39,920.28,374.19,239.95,492.58,1,-1,-1,-1
983,38,434.86,420.60,254.67,441.14,1,-1,-1,-1
983,37,1011.42,299.56,206.63,547.37,1,-1,-1,-1
984,40,699.23,425.71,245.10,419.48,1,-1,-1,-1
984,39,918.85,375.81,237.45,489.09,1,-1,-1,-1
984,38,431.82,420.63,259.32,440.08,1,-1,-1,-1
984,37,1001.34,314.23,223.64,540.14,1,-1,-1,-1
985,40,704.20,430.20,241.90,408.85,1,-1,-1,-1
985,39,914.04,376.22,249.66,486.67,1,-1,-1,-1
985,38,422.66,420.40,273.51,440.59,1,-1,-1,-1
985,37,1010.51,324.23,215.25,521.28,1,-1,-1,-1
986,40,701.16,429.98,245.01,409.19,1,-1,-1,-1
986,39,914.85,377.86,256.39,484.52,1,-1,-1,-1
986,38,399.61,420.75,298.64,440.85,1,-1,-1,-1
986,37,995.68,330.83,231.45,520.21,1,-1,-1,-1
987,40,697.75,429.12,244.55,406.93,1,-1,-1,-1
987,39,917.21,361.15,247.52,496.85,1,-1,-1,-1
987,38,394.30,421.00,302.88,438.43,1,-1,-1,-1
987,37,996.09,333.84,233.25,515.79,1,-1,-1,-1
988,40,693.38,426.40,248.05,407.01,1,-1,-1,-1
988,39,908.73,341.08,257.38,514.98,1,-1,-1,-1
988,38,401.38,422.93,294.81,435.24,1,-1,-1,-1
988,37,986.05,341.49,245.19,511.09,1,-1,-1,-1
989,40,693.23,429.61,250.03,408.34,1,-1,-1,-1
989,39,909.22,341.23,258.69,515.92,1,-1,-1,-1
989,38,406.71,423.63,287.26,433.64,1,-1,-1,-1
990,40,686.94,431.10,256.81,405.25,1,-1,-1,-1
990,39,910.48,342.90,271.80,517.03,1,-1,-1,-1
990,38,402.90,424.78,290.88,431.37,1,-1,-1,-1
991,39,908.83,343.31,290.60,516.11,1,-1,-1,-1
991,38,396.35,421.03,296.14,434.95,1,-1,-1,-1
992,39,913.68,336.11,340.40,517.94,1,-1,-1,-1
992,38,389.73,421.51,303.96,435.04,1,-1,-1,-1
992,37,906.79,339.98,287.42,515.71,1,-1,-1,-1
991,37,914.13,339.73,321.00,519.38,1,-1,-1,-1
990,37,915.06,339.42,321.63,518.74,1,-1,-1,-1
993,39,983.05,333.89,270.16,524.18,1,-1,-1,-1
993,38,388.52,422.65,305.20,432.83,1,-1,-1,-1
993,37,926.74,333.38,321.77,523.04,1,-1,-1,-1
994,40,686.50,433.66,272.39,398.50,1,-1,-1,-1
993,40,685.32,430.16,268.00,403.86,1,-1,-1,-1
992,40,686.42,434.63,261.76,401.44,1,-1,-1,-1
994,39,953.74,316.00,288.59,540.95,1,-1,-1,-1
994,38,384.98,424.73,310.41,431.37,1,-1,-1,-1
995,39,961.21,333.62,287.74,527.93,1,-1,-1,-1
995,38,386.64,427.17,315.31,429.89,1,-1,-1,-1
996,39,965.08,350.79,290.28,511.23,1,-1,-1,-1
996,38,384.63,427.36,319.10,429.74,1,-1,-1,-1
997,38,380.15,425.60,327.28,430.92,1,-1,-1,-1
998,40,687.77,432.54,282.42,406.58,1,-1,-1,-1
997,40,685.13,430.56,285.18,402.36,1,-1,-1,-1
996,40,684.39,432.51,283.73,401.17,1,-1,-1,-1
998,38,381.78,429.39,329.34,427.81,1,-1,-1,-1
998,31,966.83,239.78,257.52,619.74,1,-1,-1,-1
997,31,965.05,248.26,278.97,611.55,1,-1,-1,-1
996,31,960.51,256.26,276.34,603.37,1,-1,-1,-1
999,40,689.05,426.24,286.47,415.85,1,-1,-1,-1
999,38,384.59,431.71,329.44,425.48,1,-1,-1,-1
999,31,974.72,233.92,259.78,629.32,1,-1,-1,-1
1000,40,685.24,422.68,300.37,418.30,1,-1,-1,-1
1000,38,383.72,429.79,335.61,426.32,1,-1,-1,-1
1000,31,980.85,230.61,297.78,635.02,1,-1,-1,-1
1001,40,679.95,424.97,304.72,409.72,1,-1,-1,-1
1001,38,385.25,428.44,336.87,427.63,1,-1,-1,-1
1001,31,985.94,352.95,297.49,512.19,1,-1,-1,-1
1002,40,678.64,424.49,312.62,410.10,1,-1,-1,-1
1002,38,381.37,428.64,340.41,431.32,1,-1,-1,-1
1002,31,989.47,237.07,301.87,630.57,1,-1,-1,-1
1003,40,674.94,424.11,317.22,407.32,1,-1,-1,-1
1003,38,378.54,429.09,343.47,429.93,1,-1,-1,-1
1003,31,989.39,224.79,303.39,644.66,1,-1,-1,-1
1004,40,675.63,425.36,315.92,407.79,1,-1,-1,-1
1004,38,377.64,429.14,344.56,424.49,1,-1,-1,-1
1004,31,991.68,224.77,306.41,646.34,1,-1,-1,-1
1005,36,771.21,391.89,345.36,450.04,1,-1,-1,-1
1004,36,796.02,387.02,322.75,450.23,1,-1,-1,-1
1003,36,806.45,377.34,215.64,459.55,1,-1,-1,-1
1005,31,991.01,238.86,312.34,633.84,1,-1,-1,-1
1005,14,353.38,428.49,311.66,250.86,1,-1,-1,-1
1004,14,366.30,428.61,296.00,253.77,1,-1,-1,-1
1003,14,369.96,427.99,299.98,253.16,1,-1,-1,-1
1006,41,500.18,424.06,481.61,436.05,1,-1,-1,-1
1005,41,500.68,426.59,464.66,434.52,1,-1,-1,-1
1004,41,508.27,425.87,467.20,426.75,1,-1,-1,-1
1006,31,989.33,259.67,317.93,616.53,1,-1,-1,-1
1006,14,347.69,428.84,295.55,254.05,1,-1,-1,-1
1007,41,493.33,424.82,484.70,439.77,1,-1,-1,-1
1007,31,986.48,280.07,328.76,597.54,1,-1,-1,-1
1008,41,492.43,424.29,487.75,439.54,1,-1,-1,-1
1008,31,984.57,284.24,327.55,596.09,1,-1,-1,-1
1009,41,492.04,425.38,488.87,443.43,1,-1,-1,-1
1009,36,766.11,384.33,296.22,467.00,1,-1,-1,-1
1008,36,774.17,386.18,283.91,460.32,1,-1,-1,-1
1007,36,768.79,387.34,299.79,462.09,1,-1,-1,-1
1009,31,990.00,297.12,324.91,585.74,1,-1,-1,-1
1010,41,487.79,424.40,446.83,448.70,1,-1,-1,-1
1010,36,765.72,377.24,308.73,478.31,1,-1,-1,-1
1010,31,994.67,313.67,332.19,571.65,1,-1,-1,-1
1011,41,485.74,421.28,489.77,453.99,1,-1,-1,-1
1011,36,764.90,374.97,308.25,490.77,1,-1,-1,-1
1011,31,995.14,315.12,336.06,576.24,1,-1,-1,-1
1012,41,388.17,424.06,566.61,454.54,1,-1,-1,-1
1012,36,770.06,375.73,285.72,485.12,1,-1,-1,-1
1012,31,996.82,318.71,332.83,574.58,1,-1,-1,-1
1013,41,482.54,419.79,484.84,458.18,1,-1,-1,-1
1013,36,769.93,372.39,284.62,488.63,1,-1,-1,-1
1013,31,1001.65,324.41,335.76,570.68,1,-1,-1,-1
1014,41,469.08,418.42,515.93,463.28,1,-1,-1,-1
1014,36,763.87,374.03,276.96,491.53,1,-1,-1,-1
1014,31,1009.89,327.48,331.09,569.65,1,-1,-1,-1
1015,41,475.38,415.99,517.57,468.52,1,-1,-1,-1
1015,31,1013.43,333.92,332.90,569.52,1,-1,-1,-1
1016,41,468.85,413.70,527.77,472.03,1,-1,-1,-1
1016,31,1012.38,334.76,336.05,569.63,1,-1,-1,-1
1017,41,438.87,412.73,557.29,474.51,1,-1,-1,-1
1017,37,764.49,347.17,499.12,536.58,1,-1,-1,-1
1016,37,766.20,349.77,493.39,526.26,1,-1,-1,-1
1015,37,766.78,354.57,488.76,514.96,1,-1,-1,-1
1017,31,1013.36,339.71,339.44,565.93,1,-1,-1,-1
1017,14,260.57,440.52,393.29,263.95,1,-1,-1,-1
1016,14,271.82,443.13,388.25,251.81,1,-1,-1,-1
1015,14,277.53,441.25,382.06,257.38,1,-1,-1,-1
1018,41,378.09,411.90,615.28,478.48,1,-1,-1,-1
1018,37,775.43,351.11,493.22,527.42,1,-1,-1,-1
1018,31,1016.76,345.01,337.96,562.23,1,-1,-1,-1
1019,41,328.27,412.36,666.32,481.15,1,-1,-1,-1
1019,37,773.75,344.18,492.06,533.39,1,-1,-1,-1
1019,31,1017.21,342.45,342.05,567.16,1,-1,-1,-1
1020,41,355.55,415.96,598.17,482.00,1,-1,-1,-1
1020,31,1023.14,334.49,340.93,584.80,1,-1,-1,-1
1021,31,1023.50,328.33,344.87,593.28,1,-1,-1,-1
1022,40,671.89,398.26,359.98,483.29,1,-1,-1,-1
1021,40,717.99,404.57,317.01,471.68,1,-1,-1,-1
1020,40,704.75,412.52,320.48,459.15,1,-1,-1,-1
1022,38,236.33,440.56,474.13,441.80,1,-1,-1,-1
1021,38,299.29,439.54,422.09,462.69,1,-1,-1,-1
1020,38,236.01,440.98,474.23,439.08,1,-1,-1,-1
1022,31,1021.26,311.75,351.41,611.95,1,-1,-1,-1
1023,40,669.11,401.35,354.47,477.05,1,-1,-1,-1
1023,38,236.67,441.49,476.34,466.59,1,-1,-1,-1
1023,31,1001.68,333.30,371.72,593.39,1,-1,-1,-1
1024,40,674.83,398.21,352.88,482.58,1,-1,-1,-1
1024,38,240.87,442.78,470.53,469.22,1,-1,-1,-1
1024,31,999.49,341.32,378.00,589.60,1,-1,-1,-1
1025,40,684.79,367.39,366.35,538.34,1,-1,-1,-1
1025,38,237.33,441.78,470.55,468.38,1,-1,-1,-1
1025,31,995.70,343.41,390.52,597.81,1,-1,-1,-1
1026,40,683.37,388.09,353.84,516.34,1,-1,-1,-1
1026,38,241.08,444.47,465.87,482.48,1,-1,-1,-1
1026,31,961.60,340.20,427.02,603.03,1,-1,-1,-1
1027,40,665.29,400.98,365.46,511.10,1,-1,-1,-1
1027,38,293.24,443.11,414.66,484.68,1,-1,-1,-1
1027,31,960.70,343.02,428.35,604.08,1,-1,-1,-1
1028,40,713.78,385.61,353.19,528.26,1,-1,-1,-1
1028,38,302.58,441.69,420.45,487.90,1,-1,-1,-1
1028,31,980.41,340.82,407.22,610.61,1,-1,-1,-1
1029,40,669.11,401.79,371.36,528.31,1,-1,-1,-1
1029,38,264.84,446.13,452.99,487.89,1,-1,-1,-1
1029,31,974.25,341.91,417.02,613.24,1,-1,-1,-1
1030,40,658.84,400.50,370.43,530.68,1,-1,-1,-1
1030,38,250.70,444.94,480.20,493.41,1,-1,-1,-1
1030,31,1026.77,341.06,367.79,618.59,1,-1,-1,-1
1031,40,643.94,401.32,386.48,529.61,1,-1,-1,-1
1031,31,1000.13,342.75,399.57,619.10,1,-1,-1,-1
1032,40,650.84,403.20,381.06,531.67,1,-1,-1,-1
1032,31,980.22,340.50,423.09,626.26,1,-1,-1,-1
1033,40,657.96,404.46,378.24,517.97,1,-1,-1,-1
1033,31,972.28,340.91,436.77,628.62,1,-1,-1,-1
1034,40,458.17,406.43,565.56,539.53,1,-1,-1,-1
1034,31,998.85,339.86,412.81,629.46,1,-1,-1,-1
1035,40,459.09,402.57,552.25,544.19,1,-1,-1,-1
1035,31,1008.26,336.16,395.60,635.51,1,-1,-1,-1
1036,40,455.80,404.64,531.11,541.99,1,-1,-1,-1
1036,37,839.81,343.81,549.50,624.29,1,-1,-1,-1
1035,37,842.82,336.99,548.73,635.58,1,-1,-1,-1
1034,37,772.30,359.97,475.39,568.08,1,-1,-1,-1
1036,31,1038.86,335.94,380.49,636.20,1,-1,-1,-1
1037,40,460.65,408.65,475.78,538.77,1,-1,-1,-1
1037,36,808.74,360.64,393.67,571.76,1,-1,-1,-1
1036,36,777.84,363.76,395.30,565.56,1,-1,-1,-1
1035,36,775.55,363.44,343.25,565.65,1,-1,-1,-1
1037,31,1050.75,331.26,376.65,643.70,1,-1,-1,-1
1038,40,225.13,426.26,630.09,525.95,1,-1,-1,-1
1038,36,801.67,361.55,419.84,569.48,1,-1,-1,-1
1038,31,1045.48,329.48,381.23,644.28,1,-1,-1,-1
1039,40,212.78,429.36,574.37,522.18,1,-1,-1,-1
1039,36,797.51,364.39,437.42,567.04,1,-1,-1,-1
1039,31,1038.66,329.93,389.90,644.57,1,-1,-1,-1
1040,40,179.11,439.80,547.95,510.60,1,-1,-1,-1
1040,36,827.67,363.55,430.02,572.94,1,-1,-1,-1
1041,40,178.32,444.39,554.12,503.87,1,-1,-1,-1
1041,36,794.72,362.78,451.90,576.06,1,-1,-1,-1
1042,40,214.42,444.57,516.31,501.58,1,-1,-1,-1
1042,36,556.22,402.88,512.68,538.79,1,-1,-1,-1
1043,40,231.22,439.62,503.80,502.58,1,-1,-1,-1
1043,36,552.98,392.62,511.85,543.54,1,-1,-1,-1
1043,31,1066.81,326.66,372.41,644.73,1,-1,-1,-1
1042,31,1059.15,326.30,377.38,647.21,1,-1,-1,-1
1041,31,1045.90,325.66,389.90,647.53,1,-1,-1,-1
1044,40,261.62,434.31,470.64,506.88,1,-1,-1,-1
1044,37,890.52,327.41,546.32,646.47,1,-1,-1,-1
1043,37,878.29,328.84,562.16,644.87,1,-1,-1,-1
1042,37,862.72,354.48,483.65,607.03,1,-1,-1,-1
1044,36,578.01,398.69,485.35,521.02,1,-1,-1,-1
1045,37,794.20,354.58,533.33,577.17,1,-1,-1,-1
1045,36,474.57,406.30,576.91,529.82,1,-1,-1,-1
1046,37,798.90,352.91,493.18,577.89,1,-1,-1,-1
1046,36,475.24,405.10,570.44,529.10,1,-1,-1,-1
1047,37,858.83,347.11,548.39,595.01,1,-1,-1,-1
1047,36,548.46,403.67,508.99,479.39,1,-1,-1,-1
1047,31,1061.97,320.88,376.53,640.12,1,-1,-1,-1
1046,31,1060.46,321.00,378.39,640.28,1,-1,-1,-1
1045,31,1060.06,322.35,378.90,643.28,1,-1,-1,-1
1048,36,670.49,409.93,389.70,504.79,1,-1,-1,-1
1048,31,1054.89,318.07,380.28,639.46,1,-1,-1,-1
1049,40,297.47,429.85,438.63,500.11,1,-1,-1,-1
1048,40,285.21,424.32,491.05,507.92,1,-1,-1,-1
1047,40,281.64,421.03,513.75,514.97,1,-1,-1,-1
1049,36,701.90,415.62,360.49,493.98,1,-1,-1,-1
1049,31,1058.85,314.13,374.86,641.99,1,-1,-1,-1
1050,40,330.75,426.96,404.04,498.74,1,-1,-1,-1
1050,36,691.18,412.43,375.56,493.48,1,-1,-1,-1
1050,31,1056.72,311.93,374.24,638.98,1,-1,-1,-1
1051,40,299.92,426.52,437.69,493.09,1,-1,-1,-1
1051,36,699.39,407.84,367.20,496.29,1,-1,-1,-1
1051,31,1057.48,313.58,370.76,636.08,1,-1,-1,-1
1052,40,298.82,427.28,442.62,489.36,1,-1,-1,-1
1052,36,704.17,408.93,363.14,498.37,1,-1,-1,-1
1052,31,1058.15,310.82,370.24,637.93,1,-1,-1,-1
1053,40,303.23,428.65,439.27,483.36,1,-1,-1,-1
1053,36,690.46,408.60,374.91,496.75,1,-1,-1,-1
1053,31,1056.13,254.85,371.20,687.43,1,-1,-1,-1
1054,40,305.59,425.92,441.23,483.24,1,-1,-1,-1
1054,31,1054.84,189.34,373.99,748.55,1,-1,-1,-1
1055,40,312.11,424.79,435.14,478.16,1,-1,-1,-1
1055,31,1068.15,238.80,357.17,687.28,1,-1,-1,-1
1056,40,316.46,425.88,428.83,474.82,1,-1,-1,-1
1056,31,1061.87,151.63,357.51,771.16,1,-1,-1,-1
1057,40,322.33,423.82,424.09,472.42,1,-1,-1,-1
1057,36,804.80,365.53,348.38,513.50,1,-1,-1,-1
1056,36,827.33,355.86,311.26,519.96,1,-1,-1,-1
1055,36,816.75,353.44,312.05,528.17,1,-1,-1,-1
1057,31,1054.12,134.81,351.30,788.61,1,-1,-1,-1
1058,40,326.36,421.64,421.52,470.95,1,-1,-1,-1
1058,31,1054.76,144.13,354.11,773.30,1,-1,-1,-1
1059,40,323.44,420.55,424.09,468.74,1,-1,-1,-1
1059,37,720.00,403.25,365.29,475.64,1,-1,-1,-1
1058,37,711.10,408.97,349.75,451.06,1,-1,-1,-1
1057,37,682.71,407.69,366.37,455.67,1,-1,-1,-1
1060,43,1047.69,161.17,319.52,745.12,1,-1,-1,-1
1059,43,1052.26,152.92,292.01,761.95,1,-1,-1,-1
1058,43,1052.23,138.56,311.36,781.63,1,-1,-1,-1
1060,40,322.97,417.89,421.93,468.52,1,-1,-1,-1
1060,37,707.94,397.97,336.46,465.90,1,-1,-1,-1
1061,43,1027.16,167.27,352.06,735.78,1,-1,-1,-1
1061,40,324.40,418.53,421.44,463.49,1,-1,-1,-1
1061,37,726.03,391.56,323.89,467.45,1,-1,-1,-1
1062,43,990.21,317.85,366.89,574.59,1,-1,-1,-1
1062,40,303.23,407.11,442.36,471.22,1,-1,-1,-1
1062,37,712.52,379.60,329.77,479.59,1,-1,-1,-1
1063,43,984.65,326.79,350.79,559.97,1,-1,-1,-1
1063,40,302.26,391.53,445.36,485.66,1,-1,-1,-1
1063,37,595.83,365.99,445.37,492.52,1,-1,-1,-1
1064,43,986.92,318.29,351.19,567.79,1,-1,-1,-1
1064,40,328.53,383.80,418.62,490.46,1,-1,-1,-1
1064,37,619.26,355.83,420.02,494.16,1,-1,-1,-1
1064,31,1093.76,246.33,295.31,637.98,1,-1,-1,-1
1063,31,1092.81,225.47,293.99,665.20,1,-1,-1,-1
1062,31,1064.53,191.14,326.45,704.05,1,-1,-1,-1
1065,43,959.65,321.08,366.33,551.53,1,-1,-1,-1
1065,40,343.00,367.22,404.95,498.82,1,-1,-1,-1
1065,37,629.62,341.66,409.91,510.32,1,-1,-1,-1
1065,31,1062.10,271.14,319.75,602.87,1,-1,-1,-1
1066,43,955.60,319.31,365.97,557.29,1,-1,-1,-1
1066,40,341.57,356.69,405.86,507.95,1,-1,-1,-1
1066,37,624.09,327.34,412.51,524.75,1,-1,-1,-1
1066,31,1091.90,267.37,288.21,603.10,1,-1,-1,-1
1067,43,956.24,319.94,359.45,553.67,1,-1,-1,-1
1067,40,346.16,347.51,403.76,515.16,1,-1,-1,-1
1067,37,702.27,324.27,334.46,516.92,1,-1,-1,-1
1067,31,1098.20,264.58,275.01,607.45,1,-1,-1,-1
1068,43,957.23,319.13,348.87,549.14,1,-1,-1,-1
1068,40,349.23,344.09,398.77,517.48,1,-1,-1,-1
1068,37,724.41,316.92,309.59,522.31,1,-1,-1,-1
1068,31,1104.21,261.20,261.10,605.45,1,-1,-1,-1
1069,43,956.72,317.13,351.50,551.35,1,-1,-1,-1
1069,40,352.57,334.88,415.60,523.91,1,-1,-1,-1
1069,37,634.34,311.64,396.73,522.03,1,-1,-1,-1
1069,31,1117.32,261.74,246.98,597.97,1,-1,-1,-1
1070,43,1006.73,311.04,302.95,556.82,1,-1,-1,-1
1070,40,361.95,328.35,383.89,526.34,1,-1,-1,-1
1070,37,632.74,300.71,389.45,525.99,1,-1,-1,-1
1070,31,1116.25,258.61,244.26,601.29,1,-1,-1,-1
1071,43,996.86,307.96,285.55,557.67,1,-1,-1,-1
1071,40,363.80,321.67,377.55,529.83,1,-1,-1,-1
1071,37,628.43,294.74,395.87,532.57,1,-1,-1,-1
1071,31,1118.68,258.88,239.78,600.05,1,-1,-1,-1
1072,43,931.40,303.39,339.02,556.41,1,-1,-1,-1
1072,40,375.13,317.67,367.72,532.12,1,-1,-1,-1
1072,37,621.43,292.61,400.78,530.07,1,-1,-1,-1
1072,31,1104.92,257.26,251.44,603.50,1,-1,-1,-1
1073,43,936.26,298.36,331.91,561.06,1,-1,-1,-1
1073,40,387.55,311.31,354.52,532.86,1,-1,-1,-1
1073,37,633.89,287.78,390.29,534.56,1,-1,-1,-1
1073,31,1109.98,256.79,244.60,596.35,1,-1,-1,-1
1074,43,945.30,290.72,318.82,565.93,1,-1,-1,-1
1074,40,409.35,309.42,332.70,532.31,1,-1,-1,-1
1074,37,630.78,283.85,392.63,543.24,1,-1,-1,-1
1074,31,1112.81,258.48,241.13,593.46,1,-1,-1,-1
1075,43,953.71,287.35,292.58,565.68,1,-1,-1,-1
1075,40,439.85,302.11,302.86,537.62,1,-1,-1,-1
1075,37,638.92,281.02,382.25,547.54,1,-1,-1,-1
1075,31,1121.47,258.47,233.09,592.55,1,-1,-1,-1
1076,43,1006.41,280.56,222.48,571.45,1,-1,-1,-1
1076,40,477.56,294.71,269.72,542.67,1,-1,-1,-1
1076,37,646.98,282.68,373.37,541.31,1,-1,-1,-1
1076,31,1163.91,263.57,185.82,579.54,1,-1,-1,-1
1077,43,1016.84,272.13,213.81,576.40,1,-1,-1,-1
1077,40,528.69,288.09,215.97,546.43,1,-1,-1,-1
1077,37,671.18,286.14,351.41,544.74,1,-1,-1,-1
1078,43,1013.99,272.39,200.27,572.64,1,-1,-1,-1
1078,40,532.82,287.55,210.53,547.20,1,-1,-1,-1
1078,37,693.78,287.91,327.40,544.45,1,-1,-1,-1
1079,43,1014.61,272.27,192.22,571.82,1,-1,-1,-1
1079,40,542.18,285.88,204.02,547.72,1,-1,-1,-1
1079,37,724.00,289.56,294.42,541.71,1,-1,-1,-1
1080,40,546.75,287.36,205.08,547.71,1,-1,-1,-1
1080,37,760.31,291.25,258.42,543.49,1,-1,-1,-1
1080,31,1204.26,272.43,158.03,554.54,1,-1,-1,-1
1079,31,1202.86,266.96,147.68,563.16,1,-1,-1,-1
1078,31,1199.06,264.99,150.54,564.49,1,-1,-1,-1
1081,40,539.85,289.75,215.04,544.42,1,-1,-1,-1
1081,37,798.53,294.82,218.64,546.02,1,-1,-1,-1
1081,31,1204.77,281.48,188.24,539.00,1,-1,-1,-1
1082,45,1005.84,279.10,194.99,556.48,1,-1,-1,-1
1081,45,1008.66,276.47,194.30,559.75,1,-1,-1,-1
1080,45,1009.24,273.22,196.94,570.27,1,-1,-1,-1
1082,40,539.51,295.99,216.35,537.02,1,-1,-1,-1
1082,37,789.03,298.02,226.98,545.21,1,-1,-1,-1
1082,31,1205.97,283.08,188.42,543.22,1,-1,-1,-1
1083,45,1004.98,277.28,195.62,555.61,1,-1,-1,-1
1083,40,540.23,297.49,215.72,532.51,1,-1,-1,-1
1083,37,783.32,297.76,222.99,547.23,1,-1,-1,-1
1083,31,1206.20,285.18,195.08,542.44,1,-1,-1,-1
1084,40,549.31,299.39,202.50,529.60,1,-1,-1,-1
1084,37,787.07,292.30,224.66,543.61,1,-1,-1,-1
1084,31,1204.64,288.40,203.96,538.97,1,-1,-1,-1
1085,40,553.18,298.12,204.74,530.21,1,-1,-1,-1
1085,37,773.41,288.53,231.48,548.80,1,-1,-1,-1
1085,31,1204.58,291.15,194.88,553.30,1,-1,-1,-1
1086,40,542.61,301.58,166.64,525.00,1,-1,-1,-1
1086,37,805.07,308.47,168.97,495.77,1,-1,-1,-1
1086,31,1202.65,294.10,172.52,570.72,1,-1,-1,-1
1087,45,942.96,291.80,227.76,550.13,1,-1,-1,-1
1086,45,962.18,296.75,217.32,532.85,1,-1,-1,-1
1085,45,992.93,273.78,204.11,554.92,1,-1,-1,-1
1087,37,811.97,308.37,160.87,500.88,1,-1,-1,-1
1087,31,1199.76,300.80,154.28,555.77,1,-1,-1,-1
1088,45,945.01,295.25,225.68,554.90,1,-1,-1,-1
1088,37,786.17,301.48,177.96,539.12,1,-1,-1,-1
1088,31,1196.85,307.56,151.65,560.22,1,-1,-1,-1
1089,45,948.90,296.46,224.85,551.29,1,-1,-1,-1
1089,37,779.40,306.88,177.34,510.52,1,-1,-1,-1
1089,31,1193.70,313.50,151.70,551.30,1,-1,-1,-1
1090,45,961.89,300.39,217.37,526.72,1,-1,-1,-1
1090,40,479.86,302.50,204.25,536.56,1,-1,-1,-1
1089,40,490.92,304.89,192.97,532.18,1,-1,-1,-1
1088,40,496.03,298.14,187.66,526.90,1,-1,-1,-1
1090,37,793.06,309.01,152.85,539.09,1,-1,-1,-1
1090,31,1190.75,311.36,150.11,550.29,1,-1,-1,-1
1091,45,961.33,306.72,227.93,546.75,1,-1,-1,-1
1091,40,481.32,312.16,230.24,524.70,1,-1,-1,-1
1091,37,792.48,308.27,162.91,536.43,1,-1,-1,-1
1091,31,1175.30,313.67,174.83,535.44,1,-1,-1,-1
1092,45,965.15,309.49,225.84,541.07,1,-1,-1,-1
1092,40,486.59,321.89,245.39,516.55,1,-1,-1,-1
1092,37,786.74,309.46,174.59,533.69,1,-1,-1,-1
1092,31,1170.61,313.50,198.37,524.73,1,-1,-1,-1
1093,45,963.86,310.78,216.43,534.09,1,-1,-1,-1
1093,40,502.27,322.87,231.73,511.13,1,-1,-1,-1
1093,31,1164.12,316.25,211.57,517.13,1,-1,-1,-1
1094,45,967.54,308.89,208.54,519.79,1,-1,-1,-1
1094,40,532.22,327.32,208.35,494.52,1,-1,-1,-1
1094,31,1161.51,316.07,217.74,490.64,1,-1,-1,-1
1095,45,969.48,313.04,213.81,508.03,1,-1,-1,-1
1095,40,548.78,329.07,217.02,492.53,1,-1,-1,-1
1095,36,735.78,317.23,249.32,507.79,1,-1,-1,-1
1094,36,745.45,313.36,231.75,525.96,1,-1,-1,-1
1093,36,763.18,311.77,193.32,529.28,1,-1,-1,-1
1095,31,1159.73,317.99,222.96,480.93,1,-1,-1,-1
1096,45,964.42,317.39,234.47,493.42,1,-1,-1,-1
1096,40,545.74,336.86,244.46,471.72,1,-1,-1,-1
1096,36,721.98,323.34,289.17,491.91,1,-1,-1,-1
1096,31,1112.35,323.57,278.96,479.08,1,-1,-1,-1
1097,45,937.26,321.41,265.64,497.99,1,-1,-1,-1
1097,40,546.34,341.77,226.82,485.03,1,-1,-1,-1
1097,36,659.34,325.67,357.17,468.82,1,-1,-1,-1
1097,31,1129.87,325.44,273.44,487.04,1,-1,-1,-1
1098,45,919.71,324.82,280.85,497.12,1,-1,-1,-1
1098,40,547.87,344.36,248.90,476.61,1,-1,-1,-1
1098,36,663.06,329.01,356.85,488.74,1,-1,-1,-1
1098,31,1125.97,325.35,287.89,487.35,1,-1,-1,-1
1099,45,918.89,325.22,277.89,496.20,1,-1,-1,-1
1099,40,551.55,346.08,254.14,473.84,1,-1,-1,-1
1099,36,667.65,331.34,352.21,485.42,1,-1,-1,-1
1099,31,1094.93,325.08,317.88,485.33,1,-1,-1,-1
1100,45,934.19,328.38,261.42,492.57,1,-1,-1,-1
1100,40,556.24,346.09,265.22,469.62,1,-1,-1,-1
1100,36,737.13,333.51,291.68,488.21,1,-1,-1,-1
1100,31,1091.60,327.00,315.84,485.87,1,-1,-1,-1
1101,45,960.71,329.74,257.04,488.06,1,-1,-1,-1
1101,40,568.49,344.09,281.76,474.32,1,-1,-1,-1
1101,36,774.28,335.38,280.29,486.94,1,-1,-1,-1
1101,31,1143.36,331.38,257.65,482.55,1,-1,-1,-1
1102,45,964.69,331.09,254.34,487.04,1,-1,-1,-1
1102,40,577.92,339.97,278.70,476.07,1,-1,-1,-1
1102,36,788.20,336.46,269.45,481.66,1,-1,-1,-1
1102,31,1156.65,335.27,242.27,480.43,1,-1,-1,-1
1103,45,985.14,330.42,232.86,485.94,1,-1,-1,-1
1103,40,584.26,340.99,270.08,475.77,1,-1,-1,-1
1103,36,796.66,336.71,270.73,484.81,1,-1,-1,-1
1103,31,1161.10,336.51,236.65,477.94,1,-1,-1,-1
1104,45,975.36,329.91,239.72,486.50,1,-1,-1,-1
1104,40,593.12,343.26,259.93,478.90,1,-1,-1,-1
1104,36,806.14,339.89,228.75,481.61,1,-1,-1,-1
1104,31,1167.16,339.70,228.28,475.21,1,-1,-1,-1
1105,45,969.52,331.28,260.17,487.11,1,-1,-1,-1
1105,40,601.90,342.07,259.70,482.32,1,-1,-1,-1
1105,36,807.85,342.89,244.28,480.01,1,-1,-1,-1
1105,31,1155.86,340.15,237.93,473.77,1,-1,-1,-1
1106,45,980.00,335.89,262.36,481.06,1,-1,-1,-1
1106,40,607.76,343.45,244.09,478.13,1,-1,-1,-1
1106,36,799.48,344.85,278.59,478.74,1,-1,-1,-1
1106,31,1155.56,346.23,235.89,467.27,1,-1,-1,-1
1107,45,939.75,337.73,313.58,480.16,1,-1,-1,-1
1107,40,610.88,346.46,269.54,475.40,1,-1,-1,-1
1107,36,805.54,344.11,263.32,479.92,1,-1,-1,-1
1107,31,1119.23,343.93,270.32,470.81,1,-1,-1,-1
1108,45,903.81,337.29,347.38,479.90,1,-1,-1,-1
1108,40,610.94,347.84,261.23,474.10,1,-1,-1,-1
1108,36,894.15,337.90,347.56,480.91,1,-1,-1,-1
1108,31,1120.01,343.64,265.04,470.73,1,-1,-1,-1
1109,45,905.13,337.93,326.40,478.49,1,-1,-1,-1
1109,40,610.14,348.35,204.93,471.65,1,-1,-1,-1
1109,36,898.72,340.19,308.65,478.24,1,-1,-1,-1
1109,31,1115.06,345.59,265.60,471.18,1,-1,-1,-1
1110,40,613.41,351.46,216.10,468.65,1,-1,-1,-1
1110,37,730.36,349.41,276.23,476.35,1,-1,-1,-1
1109,37,722.34,347.05,288.88,479.59,1,-1,-1,-1
1108,37,730.81,344.05,306.88,480.85,1,-1,-1,-1
1110,36,903.42,340.56,292.73,476.96,1,-1,-1,-1
1110,31,1107.83,349.90,272.05,468.35,1,-1,-1,-1
1111,40,617.53,356.97,216.15,463.44,1,-1,-1,-1
1111,37,760.51,355.55,242.78,470.42,1,-1,-1,-1
1111,36,766.41,354.22,237.74,466.95,1,-1,-1,-1
1111,31,1137.94,352.94,239.19,464.33,1,-1,-1,-1
1112,37,767.29,354.43,238.75,464.19,1,-1,-1,-1
1112,31,1153.81,353.13,220.60,462.86,1,-1,-1,-1
1113,45,920.78,343.76,302.94,475.34,1,-1,-1,-1
1112,45,912.07,344.44,318.05,473.09,1,-1,-1,-1
1111,45,907.55,340.58,317.52,476.77,1,-1,-1,-1
1113,37,787.83,353.39,219.54,465.19,1,-1,-1,-1
1113,31,1154.26,353.69,216.61,460.44,1,-1,-1,-1
1114,46,617.56,364.35,224.84,456.02,1,-1,-1,-1
1113,46,618.78,360.94,218.35,458.55,1,-1,-1,-1
1112,46,619.82,361.86,209.94,457.40,1,-1,-1,-1
1114,45,983.81,336.53,238.01,484.13,1,-1,-1,-1
1114,44,1159.46,328.04,210.41,487.83,1,-1,-1,-1
1113,44,1155.77,350.69,215.92,466.77,1,-1,-1,-1
1112,44,1153.82,357.52,219.44,455.10,1,-1,-1,-1
1114,37,786.01,339.23,245.97,482.34,1,-1,-1,-1
1115,46,617.45,344.95,220.85,478.06,1,-1,-1,-1
1115,45,975.42,325.59,247.00,497.19,1,-1,-1,-1
1115,44,1152.78,309.05,214.49,510.41,1,-1,-1,-1
1115,37,780.92,316.97,231.31,502.46,1,-1,-1,-1
1116,46,598.24,305.78,245.02,519.93,1,-1,-1,-1
1116,45,974.03,301.73,248.61,522.62,1,-1,-1,-1
1116,44,1152.13,299.45,208.48,520.41,1,-1,-1,-1
1116,37,769.74,290.06,266.22,531.30,1,-1,-1,-1
1117,46,589.72,303.39,257.52,521.44,1,-1,-1,-1
1117,45,960.97,287.82,254.04,535.21,1,-1,-1,-1
1117,44,1149.04,317.41,206.09,500.72,1,-1,-1,-1
1117,37,763.76,291.58,252.03,527.01,1,-1,-1,-1
1118,46,580.09,305.90,261.52,517.67,1,-1,-1,-1
1118,45,953.43,286.10,250.35,534.78,1,-1,-1,-1
1118,44,1139.17,310.52,214.35,505.66,1,-1,-1,-1
1118,37,762.35,294.40,246.91,524.75,1,-1,-1,-1
1119,46,575.71,312.05,267.51,511.47,1,-1,-1,-1
1119,45,954.81,291.36,265.78,532.75,1,-1,-1,-1
1119,44,1142.14,325.37,210.95,491.33,1,-1,-1,-1
1119,37,761.74,299.68,274.11,523.72,1,-1,-1,-1
1120,46,576.99,323.29,278.21,500.82,1,-1,-1,-1
1120,45,954.88,289.41,263.67,535.23,1,-1,-1,-1
1120,44,1137.31,334.92,214.13,483.24,1,-1,-1,-1
1120,37,769.51,312.28,263.46,510.01,1,-1,-1,-1
1121,46,582.10,336.27,259.07,488.42,1,-1,-1,-1
1121,45,952.59,313.58,282.16,511.19,1,-1,-1,-1
1121,44,1140.97,360.88,208.27,459.48,1,-1,-1,-1
1121,37,781.62,326.24,253.80,495.24,1,-1,-1,-1
1122,46,591.94,340.96,250.14,484.78,1,-1,-1,-1
1122,45,949.49,314.43,295.36,510.13,1,-1,-1,-1
1122,44,1140.58,369.10,205.76,448.97,1,-1,-1,-1
1122,37,789.47,336.89,247.19,480.88,1,-1,-1,-1
1123,46,602.65,354.11,235.61,471.51,1,-1,-1,-1
1123,45,969.56,332.84,303.66,492.09,1,-1,-1,-1
1123,44,1130.27,370.67,214.95,447.44,1,-1,-1,-1
1123,37,797.13,337.55,269.73,482.24,1,-1,-1,-1
1124,46,615.10,367.95,223.97,457.19,1,-1,-1,-1
1124,45,976.70,334.51,173.66,488.12,1,-1,-1,-1
1124,44,1089.97,379.42,254.54,442.30,1,-1,-1,-1
1124,37,796.15,341.19,306.86,477.43,1,-1,-1,-1
1125,46,620.61,382.75,237.82,440.60,1,-1,-1,-1
1125,45,970.35,342.00,175.30,480.25,1,-1,-1,-1
1125,44,1101.20,386.38,247.80,434.27,1,-1,-1,-1
1125,37,791.61,354.67,311.69,464.89,1,-1,-1,-1
1126,45,931.80,359.23,224.99,464.04,1,-1,-1,-1
1126,44,1096.43,387.74,250.92,431.14,1,-1,-1,-1
1126,31,1094.24,383.13,249.54,435.81,1,-1,-1,-1
1125,31,1092.53,382.13,252.99,438.73,1,-1,-1,-1
1124,31,1096.47,380.31,250.79,441.23,1,-1,-1,-1
1127,45,948.02,369.12,207.23,452.28,1,-1,-1,-1
1127,44,1097.67,389.34,250.13,430.24,1,-1,-1,-1
1127,31,1093.90,382.77,250.75,437.05,1,-1,-1,-1
1128,45,940.93,367.48,226.18,454.87,1,-1,-1,-1
1128,44,1113.59,387.29,231.40,428.49,1,-1,-1,-1
1128,40,618.71,388.24,209.24,432.44,1,-1,-1,-1
1127,40,619.02,389.59,197.47,431.26,1,-1,-1,-1
1126,40,618.97,389.77,206.40,432.72,1,-1,-1,-1
1128,36,785.12,369.15,206.00,441.53,1,-1,-1,-1
1127,36,785.65,370.40,196.68,440.95,1,-1,-1,-1
1126,36,787.48,371.53,188.43,441.82,1,-1,-1,-1
1128,31,1088.74,380.23,256.12,440.12,1,-1,-1,-1
1129,45,931.46,364.81,236.30,454.02,1,-1,-1,-1
1129,44,1115.70,383.54,230.44,430.51,1,-1,-1,-1
1129,40,612.93,392.45,189.72,428.66,1,-1,-1,-1
1129,36,777.74,368.39,200.06,446.86,1,-1,-1,-1
1129,31,1089.66,378.59,256.33,439.55,1,-1,-1,-1
1130,45,926.55,362.02,240.62,456.61,1,-1,-1,-1
1130,44,1112.55,380.49,234.37,431.96,1,-1,-1,-1
1130,40,613.77,388.74,183.97,431.80,1,-1,-1,-1
1130,36,772.21,367.05,200.41,444.47,1,-1,-1,-1
1130,31,1088.55,378.16,257.90,438.67,1,-1,-1,-1
1131,45,941.86,359.24,231.09,457.44,1,-1,-1,-1
1131,44,1120.40,376.73,226.73,434.17,1,-1,-1,-1
1131,40,610.43,385.45,212.84,433.47,1,-1,-1,-1
1131,36,781.14,366.75,194.49,449.38,1,-1,-1,-1
1132,45,923.83,356.54,247.68,461.00,1,-1,-1,-1
1132,44,1115.13,376.86,231.57,435.00,1,-1,-1,-1
1132,36,781.02,367.84,195.31,451.10,1,-1,-1,-1
1133,44,1113.03,378.62,229.71,435.18,1,-1,-1,-1
1133,37,916.00,366.25,273.72,449.77,1,-1,-1,-1
1132,37,913.11,363.73,257.60,452.94,1,-1,-1,-1
1131,37,936.81,365.82,274.27,450.66,1,-1,-1,-1
1133,36,780.33,367.43,204.19,452.71,1,-1,-1,-1
1134,46,601.41,386.45,243.34,431.96,1,-1,-1,-1
1133,46,604.21,387.22,266.99,432.00,1,-1,-1,-1
1132,46,605.36,387.41,257.17,431.81,1,-1,-1,-1
1134,44,1109.63,377.76,234.22,438.16,1,-1,-1,-1
1134,37,932.37,369.01,267.92,448.23,1,-1,-1,-1
1134,36,779.12,366.43,283.71,454.13,1,-1,-1,-1
1135,46,600.22,387.42,275.63,430.93,1,-1,-1,-1
1135,44,1108.63,377.94,234.96,440.82,1,-1,-1,-1
1135,37,931.49,372.32,269.22,445.59,1,-1,-1,-1
1135,36,772.51,367.62,286.39,452.41,1,-1,-1,-1
1136,46,596.10,386.29,286.84,432.69,1,-1,-1,-1
1136,44,1105.00,377.60,239.10,440.37,1,-1,-1,-1
1136,37,936.26,375.31,283.73,440.01,1,-1,-1,-1
1136,36,769.26,370.18,236.16,450.50,1,-1,-1,-1
1137,46,594.91,386.36,248.55,429.41,1,-1,-1,-1
1137,44,1110.74,376.03,231.94,438.44,1,-1,-1,-1
1137,37,931.88,377.42,289.40,437.33,1,-1,-1,-1
1137,36,768.97,370.50,213.48,451.88,1,-1,-1,-1
1138,46,594.40,385.00,246.38,429.87,1,-1,-1,-1
1138,44,1105.27,374.48,237.27,437.86,1,-1,-1,-1
1138,37,942.38,379.06,275.48,434.83,1,-1,-1,-1
1138,36,773.03,371.75,236.31,450.77,1,-1,-1,-1
1139,46,591.96,383.29,251.02,431.88,1,-1,-1,-1
1139,44,1109.93,372.56,234.19,439.00,1,-1,-1,-1
1139,37,946.32,378.42,272.46,434.09,1,-1,-1,-1
1139,36,772.76,371.51,237.25,451.19,1,-1,-1,-1
1140,47,773.95,376.21,275.74,443.88,1,-1,-1,-1
1139,47,775.44,374.24,272.02,447.14,1,-1,-1,-1
1138,47,775.35,374.11,272.53,447.74,1,-1,-1,-1
1140,46,588.17,385.57,243.81,433.59,1,-1,-1,-1
1140,45,943.74,377.16,263.00,435.78,1,-1,-1,-1
1139,45,941.58,374.94,260.36,437.16,1,-1,-1,-1
1138,45,938.46,374.74,263.41,439.04,1,-1,-1,-1
1140,44,1109.15,369.78,234.70,442.65,1,-1,-1,-1
1140,37,949.36,379.98,272.22,432.52,1,-1,-1,-1
1140,36,768.25,373.23,279.29,446.89,1,-1,-1,-1
1141,47,726.15,379.94,315.93,439.07,1,-1,-1,-1
1141,46,578.28,385.61,260.19,431.46,1,-1,-1,-1
1141,45,944.31,378.31,255.42,434.53,1,-1,-1,-1
1141,44,1089.17,365.49,256.78,450.30,1,-1,-1,-1
1141,36,730.49,377.55,286.93,442.04,1,-1,-1,-1
1142,46,571.98,387.40,261.59,431.38,1,-1,-1,-1
1142,45,945.26,379.16,251.12,433.19,1,-1,-1,-1
1142,44,1092.79,363.08,256.05,452.21,1,-1,-1,-1
1143,46,567.91,388.10,255.07,431.61,1,-1,-1,-1
1143,45,950.98,380.91,266.92,428.46,1,-1,-1,-1
1143,44,1120.17,365.32,225.00,447.13,1,-1,-1,-1
1144,46,557.15,388.34,260.34,431.01,1,-1,-1,-1
1144,45,951.02,381.80,268.80,423.43,1,-1,-1,-1
1144,44,1124.88,447.53,222.97,361.02,1,-1,-1,-1
1145,47,703.67,388.77,382.03,426.97,1,-1,-1,-1
1144,47,725.15,388.59,340.74,427.46,1,-1,-1,-1
1143,47,722.83,386.27,334.08,431.74,1,-1,-1,-1
1145,46,552.39,391.26,268.02,426.18,1,-1,-1,-1
1145,45,946.41,381.45,277.31,422.56,1,-1,-1,-1
1145,44,1125.72,466.01,223.59,342.01,1,-1,-1,-1
1146,47,644.06,390.56,341.08,425.98,1,-1,-1,-1
1146,46,549.11,392.04,275.09,424.31,1,-1,-1,-1
1146,45,950.91,382.71,276.41,423.62,1,-1,-1,-1
1147,47,671.74,392.44,387.74,421.22,1,-1,-1,-1
1147,46,547.48,392.63,274.53,422.48,1,-1,-1,-1
1147,45,960.36,382.76,265.44,425.45,1,-1,-1,-1
1147,31,1123.45,363.20,232.91,445.77,1,-1,-1,-1
1146,31,1125.00,364.31,227.96,443.80,1,-1,-1,-1
1145,31,1124.40,363.01,218.03,450.19,1,-1,-1,-1
1148,47,673.80,391.34,323.17,426.82,1,-1,-1,-1
1148,46,546.31,393.71,268.19,420.47,1,-1,-1,-1
1148,45,952.71,385.37,272.91,421.20,1,-1,-1,-1
1148,31,1126.67,363.81,232.17,444.16,1,-1,-1,-1
1149,47,699.37,390.94,290.67,427.65,1,-1,-1,-1
1149,46,544.76,392.75,268.09,420.15,1,-1,-1,-1
1149,45,952.82,383.89,277.07,425.89,1,-1,-1,-1
1149,31,1123.58,361.87,238.61,446.26,1,-1,-1,-1
1150,47,696.86,389.71,393.51,425.31,1,-1,-1,-1
1150,46,543.23,391.05,280.25,422.29,1,-1,-1,-1
1150,45,938.55,384.23,312.04,425.22,1,-1,-1,-1
1150,31,1125.29,359.28,240.53,448.37,1,-1,-1,-1
1151,47,722.77,387.73,360.27,428.85,1,-1,-1,-1
1151,46,544.02,384.79,273.98,428.95,1,-1,-1,-1
1151,45,921.76,379.89,350.89,425.93,1,-1,-1,-1
1151,31,1129.30,358.91,242.93,447.05,1,-1,-1,-1
1152,46,542.13,380.75,278.84,433.79,1,-1,-1,-1
1152,31,1123.37,357.61,248.76,448.93,1,-1,-1,-1
1153,46,538.22,377.02,287.09,441.57,1,-1,-1,-1
1153,36,710.83,383.88,303.37,434.96,1,-1,-1,-1
1152,36,723.30,385.67,292.23,432.18,1,-1,-1,-1
1151,36,717.85,386.94,295.96,430.70,1,-1,-1,-1
1153,31,1129.48,354.02,245.27,448.64,1,-1,-1,-1
1154,46,540.20,370.33,343.98,448.45,1,-1,-1,-1
1154,36,712.43,378.48,292.94,439.37,1,-1,-1,-1
1154,31,1136.53,352.36,241.86,453.80,1,-1,-1,-1
1155,46,542.74,364.81,331.15,453.92,1,-1,-1,-1
1155,45,946.04,377.00,344.54,425.92,1,-1,-1,-1
1154,45,915.40,378.34,371.05,421.61,1,-1,-1,-1
1153,45,906.55,379.31,376.70,423.13,1,-1,-1,-1
1155,44,1144.09,351.01,257.91,463.28,1,-1,-1,-1
1154,44,1137.68,353.53,242.36,455.77,1,-1,-1,-1
1153,44,1126.85,357.16,247.88,448.83,1,-1,-1,-1
1155,31,1141.78,349.95,258.81,460.19,1,-1,-1,-1
1156,46,570.75,353.79,316.19,466.53,1,-1,-1,-1
1156,45,967.55,366.54,305.26,429.07,1,-1,-1,-1
1156,44,1146.98,342.98,277.46,464.44,1,-1,-1,-1
1157,47,740.49,356.01,305.98,465.18,1,-1,-1,-1
1156,47,744.29,363.21,315.82,455.73,1,-1,-1,-1
1155,47,740.91,376.14,336.91,438.55,1,-1,-1,-1
1157,46,568.19,348.34,311.50,471.41,1,-1,-1,-1
1157,37,966.43,359.27,264.65,436.44,1,-1,-1,-1
1156,37,968.80,366.18,276.09,426.48,1,-1,-1,-1
1155,37,947.50,377.58,316.91,423.33,1,-1,-1,-1
1158,47,757.73,353.27,307.96,469.38,1,-1,-1,-1
1158,46,568.41,342.36,314.13,478.88,1,-1,-1,-1
1158,37,969.09,351.24,261.12,456.91,1,-1,-1,-1
1159,47,770.14,349.93,288.50,474.52,1,-1,-1,-1
1159,46,562.89,336.31,280.13,483.95,1,-1,-1,-1
1159,37,965.24,347.98,271.02,466.28,1,-1,-1,-1
1159,31,1152.73,341.46,235.79,474.57,1,-1,-1,-1
1158,31,1152.70,343.99,233.10,467.35,1,-1,-1,-1
1157,31,1149.97,344.09,244.62,466.86,1,-1,-1,-1
1160,47,771.55,347.50,305.83,477.25,1,-1,-1,-1
1160,46,560.11,331.39,298.09,490.15,1,-1,-1,-1
1160,37,968.62,337.59,275.31,479.61,1,-1,-1,-1
1160,31,1149.02,339.85,244.11,477.22,1,-1,-1,-1
1161,47,766.22,307.25,311.43,518.94,1,-1,-1,-1
1161,46,549.23,277.42,314.08,546.18,1,-1,-1,-1
1161,37,977.12,274.86,297.54,543.99,1,-1,-1,-1
1162,47,731.78,280.47,342.41,542.65,1,-1,-1,-1
1162,46,508.94,253.66,370.43,570.61,1,-1,-1,-1
1162,37,968.11,232.66,309.52,585.73,1,-1,-1,-1
1163,47,724.17,273.87,354.54,551.69,1,-1,-1,-1
1163,46,504.92,255.57,373.81,568.25,1,-1,-1,-1
1163,44,1144.94,261.96,253.02,553.84,1,-1,-1,-1
1162,44,1150.95,267.89,242.85,545.26,1,-1,-1,-1
1161,44,1148.23,284.34,244.45,530.14,1,-1,-1,-1
1163,37,950.00,215.62,331.85,610.56,1,-1,-1,-1
1164,47,718.26,270.87,353.17,556.70,1,-1,-1,-1
1164,46,506.82,250.01,361.69,573.82,1,-1,-1,-1
1164,44,1151.07,252.07,246.92,563.96,1,-1,-1,-1
1164,37,949.15,196.38,333.86,630.42,1,-1,-1,-1
1165,47,719.72,268.76,354.48,560.85,1,-1,-1,-1
1165,46,508.41,247.06,362.77,576.62,1,-1,-1,-1
1165,44,1150.49,243.59,246.66,573.58,1,-1,-1,-1
1165,37,953.29,190.17,329.06,633.70,1,-1,-1,-1
1166,47,718.27,258.57,329.30,572.09,1,-1,-1,-1
1166,46,507.03,247.41,325.38,581.74,1,-1,-1,-1
1166,44,1192.80,233.19,264.69,585.57,1,-1,-1,-1
1166,37,947.64,189.88,320.60,638.32,1,-1,-1,-1
1167,47,715.25,247.76,313.04,580.15,1,-1,-1,-1
1167,46,504.88,245.18,368.75,589.22,1,-1,-1,-1
1167,44,1188.38,226.66,210.14,591.40,1,-1,-1,-1
1167,37,951.82,189.50,288.05,643.83,1,-1,-1,-1
1168,47,717.25,238.38,309.43,592.61,1,-1,-1,-1
1168,46,499.72,241.78,381.35,597.91,1,-1,-1,-1
1168,44,1192.48,219.59,342.45,601.72,1,-1,-1,-1
1168,37,954.11,188.34,268.63,635.90,1,-1,-1,-1
1169,47,720.74,234.22,287.80,602.31,1,-1,-1,-1
1169,46,499.46,241.27,345.94,599.70,1,-1,-1,-1
1169,44,1194.98,227.17,360.40,592.35,1,-1,-1,-1
1169,37,959.46,184.35,240.81,649.87,1,-1,-1,-1
1170,47,723.48,226.11,278.53,613.78,1,-1,-1,-1
1170,46,498.87,239.19,317.98,602.11,1,-1,-1,-1
1170,44,1198.71,221.60,256.48,600.38,1,-1,-1,-1
1170,37,965.04,178.09,233.00,661.60,1,-1,-1,-1
1171,47,723.95,217.26,289.00,623.98,1,-1,-1,-1
1171,46,495.07,217.79,315.38,620.89,1,-1,-1,-1
1171,44,1203.09,212.45,247.54,622.82,1,-1,-1,-1
1171,37,958.96,175.23,252.67,655.54,1,-1,-1,-1
1172,47,718.61,210.46,293.90,632.65,1,-1,-1,-1
1172,46,493.52,215.52,329.28,625.91,1,-1,-1,-1
1172,44,1203.30,216.57,253.51,626.05,1,-1,-1,-1
1172,37,949.99,175.71,270.41,655.97,1,-1,-1,-1
1173,47,711.06,201.41,301.21,647.10,1,-1,-1,-1
1173,46,491.68,197.70,340.16,647.98,1,-1,-1,-1
1173,44,1200.74,217.38,284.26,633.08,1,-1,-1,-1
1173,37,942.96,175.83,279.28,667.14,1,-1,-1,-1
1174,47,700.08,194.91,327.73,674.38,1,-1,-1,-1
1174,46,489.80,192.87,345.01,623.49,1,-1,-1,-1
1174,44,1193.51,224.02,346.80,627.33,1,-1,-1,-1
1174,37,928.43,180.85,326.02,684.56,1,-1,-1,-1
1175,47,693.42,191.41,388.83,696.21,1,-1,-1,-1
1175,46,488.19,193.44,361.32,657.36,1,-1,-1,-1
1175,44,1190.46,230.33,371.55,633.57,1,-1,-1,-1
1175,37,920.30,179.92,350.59,697.86,1,-1,-1,-1
1176,47,682.55,193.35,423.17,698.03,1,-1,-1,-1
1176,46,483.56,198.75,380.00,672.07,1,-1,-1,-1
1176,44,1170.76,248.68,406.79,629.28,1,-1,-1,-1
1176,37,908.92,181.94,388.33,701.43,1,-1,-1,-1
1177,47,681.43,195.49,425.12,701.82,1,-1,-1,-1
1177,46,482.02,207.34,385.37,669.44,1,-1,-1,-1
1177,44,1157.87,254.67,421.43,626.84,1,-1,-1,-1
1177,37,907.19,190.27,392.38,695.72,1,-1,-1,-1
1178,47,671.15,189.10,438.01,710.84,1,-1,-1,-1
1178,46,480.23,208.82,386.35,671.11,1,-1,-1,-1
1178,44,1145.52,258.75,434.70,623.88,1,-1,-1,-1
1178,37,899.02,196.17,403.34,693.56,1,-1,-1,-1
1179,47,665.88,189.27,445.16,716.20,1,-1,-1,-1
1179,46,473.55,207.39,384.78,674.99,1,-1,-1,-1
1179,44,1136.01,258.61,445.32,629.38,1,-1,-1,-1
1179,37,890.60,197.28,411.56,694.86,1,-1,-1,-1
1180,47,657.28,193.27,450.57,716.76,1,-1,-1,-1
1180,46,469.54,203.59,388.20,681.62,1,-1,-1,-1
1180,44,1122.78,256.01,459.65,635.04,1,-1,-1,-1
1180,37,889.00,194.92,422.31,697.94,1,-1,-1,-1
1181,47,645.40,185.92,457.16,729.94,1,-1,-1,-1
1181,46,456.46,187.38,392.63,702.74,1,-1,-1,-1
1181,44,1125.05,244.64,458.75,656.49,1,-1,-1,-1
1181,37,890.63,171.56,421.86,725.98,1,-1,-1,-1
1182,47,642.30,187.69,463.15,731.32,1,-1,-1,-1
1182,46,458.24,177.08,381.33,715.75,1,-1,-1,-1
1182,44,1149.49,236.41,424.94,668.35,1,-1,-1,-1
1182,37,901.29,163.19,411.87,739.26,1,-1,-1,-1
1183,47,637.97,189.15,468.86,735.21,1,-1,-1,-1
1183,46,479.66,179.26,360.66,716.61,1,-1,-1,-1
1183,44,1187.37,241.87,375.85,666.62,1,-1,-1,-1
1183,37,917.00,153.30,408.97,757.12,1,-1,-1,-1
1184,47,648.53,207.85,456.07,718.10,1,-1,-1,-1
1184,46,489.67,183.26,349.75,720.22,1,-1,-1,-1
1184,44,1221.71,249.10,334.54,664.84,1,-1,-1,-1
1184,37,939.70,151.38,373.75,762.98,1,-1,-1,-1
1185,47,658.23,227.36,444.47,707.57,1,-1,-1,-1
1185,46,482.06,221.93,351.79,684.63,1,-1,-1,-1
1185,44,1237.38,247.34,306.45,674.67,1,-1,-1,-1
1185,37,950.31,161.28,369.15,756.71,1,-1,-1,-1
1186,47,675.03,252.59,412.57,682.20,1,-1,-1,-1
1186,46,471.74,262.64,350.62,651.81,1,-1,-1,-1
1186,44,1248.19,252.46,269.10,703.42,1,-1,-1,-1
1186,37,984.21,223.44,317.27,704.96,1,-1,-1,-1
1187,47,679.55,248.89,409.02,692.91,1,-1,-1,-1
1187,46,464.19,260.69,296.58,655.11,1,-1,-1,-1
1187,44,1238.04,253.29,269.41,678.50,1,-1,-1,-1
1187,37,990.67,235.18,249.17,696.34,1,-1,-1,-1
1188,47,673.57,245.20,418.61,700.07,1,-1,-1,-1
1188,46,455.90,256.89,265.23,662.20,1,-1,-1,-1
1188,44,1217.18,248.34,274.85,679.52,1,-1,-1,-1
1188,37,993.84,232.52,258.83,695.88,1,-1,-1,-1
1189,47,671.13,241.66,410.30,710.06,1,-1,-1,-1
1189,46,451.74,252.29,254.79,670.53,1,-1,-1,-1
1189,44,1226.69,243.59,247.69,693.76,1,-1,-1,-1
1189,37,982.51,230.60,281.04,702.52,1,-1,-1,-1
1190,47,635.49,234.50,459.17,722.36,1,-1,-1,-1
1190,46,451.30,245.54,278.11,687.25,1,-1,-1,-1
1190,44,1239.71,237.88,223.03,716.85,1,-1,-1,-1
1190,37,964.63,226.01,325.28,710.29,1,-1,-1,-1
1191,47,571.27,228.34,453.31,736.12,1,-1,-1,-1
1191,46,376.92,238.70,350.80,726.33,1,-1,-1,-1
1191,44,1205.33,237.57,248.85,714.06,1,-1,-1,-1
1191,37,966.79,226.48,314.88,727.07,1,-1,-1,-1
1192,47,560.32,229.26,486.30,738.45,1,-1,-1,-1
1192,46,377.31,240.67,342.14,730.82,1,-1,-1,-1
1192,44,1178.93,237.70,277.17,716.75,1,-1,-1,-1
1192,37,890.67,231.98,398.60,726.86,1,-1,-1,-1
1193,47,553.65,229.53,485.84,744.70,1,-1,-1,-1
1193,46,374.22,242.61,338.49,732.56,1,-1,-1,-1
1193,44,1174.66,235.92,297.64,715.38,1,-1,-1,-1
1193,37,891.19,235.09,404.56,725.79,1,-1,-1,-1
1194,47,561.48,227.42,476.57,751.96,1,-1,-1,-1
1194,46,371.87,241.01,348.76,736.30,1,-1,-1,-1
1194,44,1172.80,234.93,327.89,721.26,1,-1,-1,-1
1194,37,886.49,234.05,406.25,731.41,1,-1,-1,-1
1195,47,561.37,225.37,478.69,756.45,1,-1,-1,-1
1195,46,361.66,240.27,366.56,736.50,1,-1,-1,-1
1195,44,1170.78,234.45,369.08,721.79,1,-1,-1,-1
1195,37,889.02,231.85,401.97,735.20,1,-1,-1,-1
1196,47,570.36,223.93,440.18,800.96,1,-1,-1,-1
1196,46,330.34,236.61,408.31,747.99,1,-1,-1,-1
1196,44,1167.08,232.41,401.43,733.68,1,-1,-1,-1
1196,37,888.39,229.14,425.19,740.85,1,-1,-1,-1
1197,47,562.45,225.49,440.63,824.67,1,-1,-1,-1
1197,46,308.50,235.67,429.99,725.25,1,-1,-1,-1
1197,44,1166.95,224.73,416.60,756.56,1,-1,-1,-1
1197,37,881.21,229.89,449.33,747.11,1,-1,-1,-1
1198,47,558.25,226.19,445.97,840.73,1,-1,-1,-1
1198,46,303.14,233.47,411.00,748.47,1,-1,-1,-1
1198,44,1167.38,219.86,394.52,836.02,1,-1,-1,-1
1198,37,878.50,230.44,481.45,770.29,1,-1,-1,-1
1199,47,563.71,230.08,447.59,848.16,1,-1,-1,-1
1199,46,287.36,233.29,420.03,775.70,1,-1,-1,-1
1199,44,1172.10,219.89,436.38,852.31,1,-1,-1,-1
1199,37,878.53,230.85,473.71,829.06,1,-1,-1,-1
1200,47,564.79,239.68,444.05,840.32,1,-1,-1,-1
1200,46,274.24,232.88,446.08,777.40,1,-1,-1,-1
1200,44,1169.16,225.91,330.85,854.09,1,-1,-1,-1
1200,37,876.12,229.23,444.40,850.77,1,-1,-1,-1
1201,47,563.64,266.33,467.20,813.67,1,-1,-1,-1
1201,46,253.08,239.73,453.38,793.04,1,-1,-1,-1
1201,44,1166.06,240.02,347.80,839.98,1,-1,-1,-1
1201,37,859.83,235.03,447.35,804.31,1,-1,-1,-1
1202,47,554.31,279.03,473.21,800.97,1,-1,-1,-1
1202,46,242.52,242.44,477.14,808.39,1,-1,-1,-1
1202,44,1164.49,238.34,358.80,841.66,1,-1,-1,-1
1202,37,851.65,242.53,456.21,822.59,1,-1,-1,-1
1203,47,545.59,286.09,469.02,793.91,1,-1,-1,-1
1203,46,232.19,238.86,417.19,841.14,1,-1,-1,-1
1203,44,1182.08,231.62,425.28,848.38,1,-1,-1,-1
1203,37,854.70,236.45,442.91,814.27,1,-1,-1,-1
