1,7,1255.96,368.83,391.81,436.86,1,-1,-1,-1
1,6,1440.84,420.39,254.17,340.87,1,-1,-1,-1
1,5,406.19,344.23,297.50,418.38,1,-1,-1,-1
1,4,331.63,376.43,226.99,331.44,1,-1,-1,-1
1,3,558.88,346.60,362.70,516.64,1,-1,-1,-1
1,2,1128.05,372.65,368.00,531.73,1,-1,-1,-1
1,1,756.25,339.84,467.30,627.36,1,-1,-1,-1
2,7,1242.80,367.13,437.16,433.15,1,-1,-1,-1
2,6,1433.00,417.46,260.25,338.51,1,-1,-1,-1
2,5,344.12,338.94,371.12,415.26,1,-1,-1,-1
2,4,337.30,373.14,236.22,333.59,1,-1,-1,-1
2,3,564.20,343.56,366.60,515.07,1,-1,-1,-1
2,2,1116.14,369.69,375.50,527.13,1,-1,-1,-1
2,1,749.68,337.23,471.37,624.09,1,-1,-1,-1
3,7,1253.77,363.75,421.03,429.92,1,-1,-1,-1
3,5,343.37,340.23,381.27,406.44,1,-1,-1,-1
3,4,338.92,369.12,250.43,333.33,1,-1,-1,-1
3,3,563.48,340.41,340.74,510.55,1,-1,-1,-1
3,2,1108.70,365.49,377.67,526.07,1,-1,-1,-1
3,1,726.76,336.08,493.83,617.88,1,-1,-1,-1
4,7,1273.68,356.77,407.32,422.54,1,-1,-1,-1
4,5,344.41,340.79,351.09,371.73,1,-1,-1,-1
4,4,343.71,360.29,241.29,329.58,1,-1,-1,-1
4,3,566.22,336.94,329.64,505.28,1,-1,-1,-1
4,2,1114.01,363.00,364.56,512.04,1,-1,-1,-1
4,1,721.18,331.23,494.99,607.96,1,-1,-1,-1
5,7,1279.87,353.55,395.35,417.46,1,-1,-1,-1
5,4,347.90,356.41,235.10,328.37,1,-1,-1,-1
5,3,551.65,331.00,361.09,503.50,1,-1,-1,-1
5,2,1120.63,355.70,348.93,506.26,1,-1,-1,-1
5,1,706.38,326.99,503.46,593.14,1,-1,-1,-1
6,7,1276.00,351.90,394.85,414.45,1,-1,-1,-1
6,3,553.86,328.19,358.97,494.49,1,-1,-1,-1
6,2,1116.79,352.79,346.30,501.17,1,-1,-1,-1
6,1,715.21,325.43,493.20,584.75,1,-1,-1,-1
7,7,1263.03,345.87,302.00,418.35,1,-1,-1,-1
7,3,538.88,324.29,379.47,486.09,1,-1,-1,-1
7,2,1117.89,351.14,338.79,494.03,1,-1,-1,-1
7,1,718.04,325.61,486.25,573.87,1,-1,-1,-1
8,5,462.73,320.67,281.68,392.93,1,-1,-1,-1
7,5,356.72,325.63,359.54,382.75,1,-1,-1,-1
6,5,352.94,328.13,370.79,386.92,1,-1,-1,-1
8,3,569.08,325.26,345.22,480.23,1,-1,-1,-1
8,2,1115.00,350.98,336.67,492.13,1,-1,-1,-1
8,1,724.49,324.75,476.68,567.72,1,-1,-1,-1
9,4,359.17,346.03,215.99,324.63,1,-1,-1,-1
8,4,353.28,350.05,216.57,325.37,1,-1,-1,-1
7,4,349.10,350.64,220.17,328.62,1,-1,-1,-1
9,3,570.10,322.42,348.94,476.49,1,-1,-1,-1
9,2,1091.94,345.99,374.49,486.42,1,-1,-1,-1
9,1,730.08,322.70,469.55,559.45,1,-1,-1,-1
10,4,361.83,343.58,231.78,326.23,1,-1,-1,-1
10,3,561.25,321.85,370.30,475.41,1,-1,-1,-1
10,2,1070.47,347.21,415.23,478.44,1,-1,-1,-1
10,1,729.71,319.70,479.12,558.88,1,-1,-1,-1
11,7,1247.00,342.42,413.95,391.50,1,-1,-1,-1
10,7,1260.95,341.15,396.08,402.22,1,-1,-1,-1
9,7,1283.08,369.28,375.31,383.60,1,-1,-1,-1
11,4,366.09,338.19,230.98,325.50,1,-1,-1,-1
11,3,531.12,318.22,498.98,475.03,1,-1,-1,-1
11,2,1037.87,344.52,486.09,472.10,1,-1,-1,-1
11,1,712.78,318.05,556.30,553.89,1,-1,-1,-1
12,5,417.12,306.44,436.82,403.93,1,-1,-1,-1
11,5,442.57,307.52,331.26,400.43,1,-1,-1,-1
10,5,465.26,314.15,307.12,399.65,1,-1,-1,-1
12,4,360.77,335.30,228.57,325.22,1,-1,-1,-1
12,3,547.78,318.42,564.74,473.23,1,-1,-1,-1
12,2,1044.55,340.81,467.26,476.40,1,-1,-1,-1
12,1,683.83,317.34,583.91,550.10,1,-1,-1,-1
13,5,363.49,310.70,431.33,393.94,1,-1,-1,-1
13,4,356.65,330.27,234.15,318.95,1,-1,-1,-1
13,3,543.57,314.56,406.58,472.36,1,-1,-1,-1
13,2,1086.81,337.59,441.30,469.45,1,-1,-1,-1
13,1,709.27,317.91,622.40,548.20,1,-1,-1,-1
14,9,356.23,326.61,304.32,324.53,1,-1,-1,-1
13,9,356.47,327.98,302.56,321.41,1,-1,-1,-1
12,9,358.90,335.02,264.32,322.87,1,-1,-1,-1
14,5,362.33,309.57,433.83,389.95,1,-1,-1,-1
14,4,355.99,328.91,234.41,320.00,1,-1,-1,-1
14,3,545.85,314.07,387.88,472.76,1,-1,-1,-1
14,2,1045.07,337.04,459.15,467.49,1,-1,-1,-1
14,1,664.24,316.24,640.40,548.67,1,-1,-1,-1
15,9,355.19,324.42,305.44,329.63,1,-1,-1,-1
15,5,440.97,302.23,326.72,393.70,1,-1,-1,-1
15,4,358.65,314.84,408.13,379.16,1,-1,-1,-1
15,3,541.80,316.43,447.01,471.57,1,-1,-1,-1
15,2,1031.84,336.26,470.78,473.55,1,-1,-1,-1
15,1,616.20,315.67,700.51,552.20,1,-1,-1,-1
16,9,354.66,326.80,306.12,340.41,1,-1,-1,-1
16,7,1269.44,334.21,345.10,392.04,1,-1,-1,-1
15,7,1280.83,339.11,338.28,382.59,1,-1,-1,-1
14,7,1285.23,329.59,342.98,386.90,1,-1,-1,-1
16,5,438.55,303.72,330.30,394.25,1,-1,-1,-1
16,4,374.81,304.77,461.96,395.51,1,-1,-1,-1
16,3,542.24,318.31,439.33,470.39,1,-1,-1,-1
16,2,1058.42,340.45,416.24,471.08,1,-1,-1,-1
16,1,643.27,315.91,649.79,555.79,1,-1,-1,-1
17,9,349.36,323.66,334.69,338.15,1,-1,-1,-1
17,7,1261.74,332.22,372.30,392.06,1,-1,-1,-1
17,5,417.30,300.07,358.99,398.95,1,-1,-1,-1
17,4,353.49,310.32,430.56,385.36,1,-1,-1,-1
17,3,515.71,319.27,434.01,468.91,1,-1,-1,-1
17,2,1042.12,340.88,442.06,471.08,1,-1,-1,-1
17,1,624.45,314.65,700.87,557.74,1,-1,-1,-1
18,9,338.41,319.71,349.85,349.70,1,-1,-1,-1
18,7,1264.32,332.75,349.88,388.08,1,-1,-1,-1
18,4,341.49,320.00,383.79,360.34,1,-1,-1,-1
18,3,529.68,320.54,403.31,469.40,1,-1,-1,-1
18,2,1063.20,339.52,435.09,467.94,1,-1,-1,-1
18,1,647.13,316.24,686.92,555.32,1,-1,-1,-1
19,9,320.12,301.08,380.12,363.98,1,-1,-1,-1
19,7,1278.26,329.61,361.76,385.88,1,-1,-1,-1
19,4,306.60,298.31,319.21,351.61,1,-1,-1,-1
19,3,511.46,311.90,394.92,473.23,1,-1,-1,-1
19,2,1099.59,308.32,377.16,502.88,1,-1,-1,-1
19,1,739.15,313.49,501.83,556.28,1,-1,-1,-1
20,9,334.13,298.40,406.40,427.16,1,-1,-1,-1
20,7,1274.21,334.40,337.30,380.33,1,-1,-1,-1
20,4,321.62,306.41,283.98,344.57,1,-1,-1,-1
20,3,561.20,277.36,338.89,509.49,1,-1,-1,-1
20,2,1093.83,303.51,372.94,508.13,1,-1,-1,-1
20,1,755.64,311.02,453.78,559.86,1,-1,-1,-1
21,7,1282.48,335.19,330.38,376.70,1,-1,-1,-1
21,5,429.46,283.29,302.49,428.54,1,-1,-1,-1
20,5,432.97,292.03,297.97,423.38,1,-1,-1,-1
19,5,437.46,304.25,305.10,397.38,1,-1,-1,-1
21,4,337.57,306.90,251.24,338.35,1,-1,-1,-1
21,3,560.19,273.80,326.45,513.72,1,-1,-1,-1
21,2,1081.30,300.81,374.58,511.30,1,-1,-1,-1
21,1,764.52,286.94,451.15,586.68,1,-1,-1,-1
22,5,433.19,283.00,296.11,440.32,1,-1,-1,-1
22,4,336.85,301.74,254.71,343.65,1,-1,-1,-1
22,3,565.15,273.12,317.84,514.11,1,-1,-1,-1
22,1,760.21,266.48,468.79,607.37,1,-1,-1,-1
23,5,430.39,274.88,292.03,433.77,1,-1,-1,-1
23,4,331.08,293.96,254.46,347.94,1,-1,-1,-1
23,3,561.54,265.90,311.94,521.95,1,-1,-1,-1
23,1,757.49,256.78,461.10,617.67,1,-1,-1,-1
24,11,1071.44,322.36,379.86,490.50,1,-1,-1,-1
23,11,1073.38,309.78,368.66,501.51,1,-1,-1,-1
22,11,1073.37,310.36,368.99,500.13,1,-1,-1,-1
24,5,430.05,273.67,288.70,444.18,1,-1,-1,-1
24,4,330.21,293.03,234.88,348.83,1,-1,-1,-1
24,3,550.92,264.72,325.60,522.35,1,-1,-1,-1
24,1,756.55,258.43,452.78,615.62,1,-1,-1,-1
25,11,1083.36,317.12,351.14,498.50,1,-1,-1,-1
25,7,1400.48,371.91,228.90,329.83,1,-1,-1,-1
24,7,1280.08,330.22,341.00,377.75,1,-1,-1,-1
23,7,1272.22,328.22,351.17,378.99,1,-1,-1,-1
25,5,417.82,280.54,296.44,438.60,1,-1,-1,-1
25,4,326.75,296.61,260.73,349.74,1,-1,-1,-1
25,3,541.84,258.01,328.24,533.99,1,-1,-1,-1
25,1,747.36,262.31,465.78,620.43,1,-1,-1,-1
26,11,1078.52,321.45,376.95,495.12,1,-1,-1,-1
26,7,1391.75,370.37,262.35,330.90,1,-1,-1,-1
26,5,411.00,283.39,309.32,439.45,1,-1,-1,-1
26,4,323.67,309.88,238.86,340.37,1,-1,-1,-1
26,3,540.34,257.57,329.94,537.92,1,-1,-1,-1
26,1,738.07,268.09,512.75,617.26,1,-1,-1,-1
27,11,1189.90,321.06,320.70,412.61,1,-1,-1,-1
27,9,315.19,293.31,290.99,355.30,1,-1,-1,-1
26,9,324.01,304.63,286.79,343.96,1,-1,-1,-1
25,9,326.89,306.76,218.60,340.01,1,-1,-1,-1
27,7,1365.18,358.42,262.66,336.61,1,-1,-1,-1
27,5,404.67,275.41,290.99,435.12,1,-1,-1,-1
27,4,315.11,300.80,240.73,349.80,1,-1,-1,-1
27,3,547.43,244.60,311.02,549.85,1,-1,-1,-1
27,1,729.72,255.00,487.99,631.32,1,-1,-1,-1
28,9,312.80,288.32,290.01,372.13,1,-1,-1,-1
28,7,1378.93,346.07,238.41,344.19,1,-1,-1,-1
28,5,407.96,274.48,284.23,457.11,1,-1,-1,-1
28,4,313.00,299.77,237.84,357.27,1,-1,-1,-1
28,3,535.61,241.90,322.88,551.89,1,-1,-1,-1
28,1,732.31,255.38,479.08,635.91,1,-1,-1,-1
29,7,1384.02,299.64,233.29,390.63,1,-1,-1,-1
29,5,391.77,271.71,310.54,438.35,1,-1,-1,-1
29,4,302.39,302.28,239.52,349.16,1,-1,-1,-1
29,3,511.88,240.68,345.55,555.32,1,-1,-1,-1
29,2,1095.53,268.06,355.60,548.51,1,-1,-1,-1
28,2,1098.70,277.05,364.20,535.10,1,-1,-1,-1
27,2,1093.35,285.94,331.12,528.19,1,-1,-1,-1
29,1,756.91,255.81,454.09,635.82,1,-1,-1,-1
30,8,302.90,294.83,380.06,401.31,1,-1,-1,-1
29,8,309.25,290.66,377.24,387.86,1,-1,-1,-1
28,8,320.35,287.87,354.07,391.57,1,-1,-1,-1
30,7,1391.41,288.95,219.53,398.96,1,-1,-1,-1
30,5,390.79,267.03,305.47,454.32,1,-1,-1,-1
30,4,296.04,306.66,230.63,349.85,1,-1,-1,-1
30,3,506.93,241.15,347.65,554.70,1,-1,-1,-1
30,2,1084.40,256.70,350.00,564.77,1,-1,-1,-1
30,1,745.72,250.42,464.04,640.81,1,-1,-1,-1
31,7,1390.76,285.58,218.78,403.59,1,-1,-1,-1
31,5,389.31,270.53,292.87,452.02,1,-1,-1,-1
31,4,287.96,302.93,240.91,361.60,1,-1,-1,-1
31,3,499.83,236.62,343.40,562.91,1,-1,-1,-1
31,2,1082.26,245.51,336.28,578.07,1,-1,-1,-1
31,1,748.33,253.83,450.13,636.93,1,-1,-1,-1
32,7,1380.54,284.05,229.10,407.54,1,-1,-1,-1
32,5,383.81,275.21,293.32,445.61,1,-1,-1,-1
32,4,283.43,301.75,232.19,355.96,1,-1,-1,-1
32,3,496.90,246.22,340.58,553.32,1,-1,-1,-1
32,2,1078.09,244.31,346.39,577.27,1,-1,-1,-1
32,1,720.78,257.55,475.82,629.97,1,-1,-1,-1
33,7,1385.65,277.12,220.30,410.14,1,-1,-1,-1
33,5,376.20,271.72,311.40,450.68,1,-1,-1,-1
33,4,275.65,296.81,248.91,360.87,1,-1,-1,-1
33,3,485.31,240.35,342.04,557.95,1,-1,-1,-1
33,2,1077.67,242.58,353.85,577.99,1,-1,-1,-1
33,1,703.78,263.02,482.89,626.63,1,-1,-1,-1
34,7,1374.18,280.17,225.39,407.22,1,-1,-1,-1
34,5,365.64,269.39,304.04,447.85,1,-1,-1,-1
34,4,267.32,290.96,230.66,365.49,1,-1,-1,-1
34,3,485.52,231.22,339.46,567.60,1,-1,-1,-1
34,2,1074.05,243.63,387.72,576.69,1,-1,-1,-1
34,1,682.06,256.26,507.18,635.63,1,-1,-1,-1
35,7,1378.12,275.65,216.22,409.37,1,-1,-1,-1
35,3,466.82,260.85,344.40,538.20,1,-1,-1,-1
35,2,1067.69,251.50,354.59,569.11,1,-1,-1,-1
35,1,673.28,248.37,504.01,642.84,1,-1,-1,-1
36,7,1370.10,277.59,222.07,407.75,1,-1,-1,-1
36,3,450.02,258.54,404.84,542.40,1,-1,-1,-1
36,2,1049.38,253.79,373.45,565.66,1,-1,-1,-1
36,1,677.58,255.02,497.38,633.90,1,-1,-1,-1
37,8,249.29,291.78,419.86,415.90,1,-1,-1,-1
36,8,260.77,287.11,407.65,429.41,1,-1,-1,-1
35,8,265.88,283.17,393.33,410.54,1,-1,-1,-1
37,7,1371.41,277.18,212.20,407.99,1,-1,-1,-1
37,3,445.63,258.86,382.67,537.22,1,-1,-1,-1
37,2,1045.09,236.06,386.98,586.18,1,-1,-1,-1
37,1,659.49,258.26,508.76,632.17,1,-1,-1,-1
38,7,1334.24,277.07,247.52,404.32,1,-1,-1,-1
38,5,334.27,280.46,319.29,424.04,1,-1,-1,-1
37,5,324.48,281.66,322.68,423.04,1,-1,-1,-1
36,5,337.79,276.19,311.73,441.91,1,-1,-1,-1
38,4,237.74,302.46,263.04,349.57,1,-1,-1,-1
37,4,243.64,293.67,271.17,359.64,1,-1,-1,-1
36,4,252.85,290.46,249.89,369.81,1,-1,-1,-1
38,3,438.10,254.11,369.04,543.25,1,-1,-1,-1
38,2,1040.16,238.65,355.99,579.11,1,-1,-1,-1
38,1,648.98,255.54,503.59,635.33,1,-1,-1,-1
39,7,1338.16,270.27,231.00,410.13,1,-1,-1,-1
39,5,311.48,282.40,322.48,410.50,1,-1,-1,-1
39,4,231.17,294.50,279.59,355.97,1,-1,-1,-1
39,3,433.29,252.52,381.43,535.94,1,-1,-1,-1
39,2,1026.67,246.34,350.25,569.04,1,-1,-1,-1
39,1,642.93,240.36,498.86,649.96,1,-1,-1,-1
40,7,1328.82,268.64,239.93,412.52,1,-1,-1,-1
40,5,307.38,283.37,315.83,410.88,1,-1,-1,-1
40,4,223.49,293.79,289.01,366.04,1,-1,-1,-1
40,3,410.83,260.18,376.94,527.92,1,-1,-1,-1
40,2,1013.42,236.40,346.94,577.03,1,-1,-1,-1
40,1,617.95,246.89,510.50,634.92,1,-1,-1,-1
41,7,1317.74,262.88,237.61,419.14,1,-1,-1,-1
41,3,389.45,263.39,374.68,527.58,1,-1,-1,-1
41,2,1004.15,222.73,332.49,589.77,1,-1,-1,-1
41,1,575.01,237.62,532.66,643.26,1,-1,-1,-1
42,9,210.14,285.99,393.45,386.18,1,-1,-1,-1
41,9,219.50,289.93,395.11,381.52,1,-1,-1,-1
40,9,229.15,291.72,370.13,372.69,1,-1,-1,-1
42,7,1315.21,257.52,239.46,422.55,1,-1,-1,-1
42,3,370.39,262.97,384.26,522.11,1,-1,-1,-1
42,2,989.89,230.61,361.31,580.72,1,-1,-1,-1
42,1,557.56,240.92,553.05,638.16,1,-1,-1,-1
43,9,198.50,284.78,450.59,380.15,1,-1,-1,-1
43,7,1309.67,257.59,231.09,421.21,1,-1,-1,-1
43,3,345.69,266.45,423.33,513.58,1,-1,-1,-1
43,2,969.55,235.37,370.38,574.21,1,-1,-1,-1
43,1,497.02,257.27,599.88,614.73,1,-1,-1,-1
44,7,1295.33,276.66,247.58,402.95,1,-1,-1,-1
44,3,363.17,261.29,393.47,510.69,1,-1,-1,-1
44,2,960.69,255.79,361.63,548.77,1,-1,-1,-1
44,1,504.08,262.78,573.13,610.30,1,-1,-1,-1
45,7,1231.36,311.53,309.96,369.55,1,-1,-1,-1
45,3,360.32,274.77,411.84,504.12,1,-1,-1,-1
45,2,949.95,274.86,355.10,530.72,1,-1,-1,-1
45,1,472.01,247.64,575.41,623.55,1,-1,-1,-1
46,7,1246.02,319.49,296.12,365.71,1,-1,-1,-1
46,3,354.31,281.04,428.42,494.90,1,-1,-1,-1
46,2,935.45,282.22,367.38,526.47,1,-1,-1,-1
46,1,527.88,244.34,513.42,629.12,1,-1,-1,-1
47,13,1110.61,310.97,435.66,421.47,1,-1,-1,-1
46,13,1111.53,303.73,423.46,418.96,1,-1,-1,-1
45,13,1118.92,298.95,416.47,419.70,1,-1,-1,-1
47,9,212.18,293.37,426.94,391.14,1,-1,-1,-1
46,9,197.79,286.73,443.90,389.12,1,-1,-1,-1
45,9,195.39,291.84,455.07,386.15,1,-1,-1,-1
47,3,359.84,287.05,446.98,493.01,1,-1,-1,-1
47,2,916.55,277.90,382.88,534.82,1,-1,-1,-1
47,1,469.97,250.80,551.49,618.88,1,-1,-1,-1
48,13,1104.49,308.90,447.82,414.71,1,-1,-1,-1
48,9,220.75,297.49,416.99,392.75,1,-1,-1,-1
48,3,361.82,293.83,439.38,497.78,1,-1,-1,-1
48,2,909.34,281.86,389.48,533.86,1,-1,-1,-1
48,1,498.59,258.68,513.87,613.68,1,-1,-1,-1
49,13,1088.41,304.86,470.58,430.51,1,-1,-1,-1
49,3,357.30,294.54,462.55,489.92,1,-1,-1,-1
49,2,901.51,287.50,401.09,526.32,1,-1,-1,-1
49,1,492.56,269.51,515.33,601.76,1,-1,-1,-1
50,13,1089.65,309.39,472.18,436.48,1,-1,-1,-1
50,3,360.28,296.25,447.59,491.67,1,-1,-1,-1
50,2,878.21,288.36,421.47,527.62,1,-1,-1,-1
50,1,501.23,268.24,498.28,605.38,1,-1,-1,-1
51,13,1089.72,308.10,473.15,428.40,1,-1,-1,-1
51,3,355.15,295.03,454.44,486.45,1,-1,-1,-1
51,2,915.20,291.27,388.92,526.55,1,-1,-1,-1
51,1,508.59,270.28,476.42,600.72,1,-1,-1,-1
52,13,1093.21,332.47,473.05,390.20,1,-1,-1,-1
52,9,247.13,300.42,416.31,383.53,1,-1,-1,-1
51,9,245.16,302.39,425.08,386.37,1,-1,-1,-1
50,9,240.06,303.29,410.51,390.47,1,-1,-1,-1
52,7,1266.96,331.18,305.91,369.85,1,-1,-1,-1
51,7,1270.70,320.11,301.93,381.04,1,-1,-1,-1
50,7,1266.06,323.98,305.51,374.59,1,-1,-1,-1
52,3,349.39,299.12,457.27,486.83,1,-1,-1,-1
52,2,896.47,297.93,394.58,520.07,1,-1,-1,-1
52,1,491.84,273.79,484.02,592.26,1,-1,-1,-1
53,13,1107.02,327.30,459.11,391.91,1,-1,-1,-1
53,7,1270.18,325.62,302.62,373.41,1,-1,-1,-1
53,3,342.23,298.52,457.01,500.29,1,-1,-1,-1
53,2,905.96,299.42,376.74,517.09,1,-1,-1,-1
53,1,490.17,270.59,471.12,593.89,1,-1,-1,-1
54,13,1107.14,318.02,457.41,403.15,1,-1,-1,-1
54,7,1260.55,322.64,310.99,375.53,1,-1,-1,-1
54,3,336.19,297.41,492.28,502.91,1,-1,-1,-1
54,2,826.10,300.41,448.63,514.48,1,-1,-1,-1
54,1,422.37,274.69,532.47,588.31,1,-1,-1,-1
55,13,1113.88,346.80,450.89,368.04,1,-1,-1,-1
55,7,1241.36,352.59,327.20,345.85,1,-1,-1,-1
55,5,254.58,304.11,360.14,395.06,1,-1,-1,-1
54,5,249.22,304.79,370.79,388.46,1,-1,-1,-1
53,5,245.52,307.05,317.91,372.22,1,-1,-1,-1
55,3,319.16,295.48,508.29,512.52,1,-1,-1,-1
55,2,850.94,302.76,413.17,513.05,1,-1,-1,-1
55,1,380.25,272.14,549.56,584.24,1,-1,-1,-1
56,7,1233.20,348.20,334.83,350.41,1,-1,-1,-1
56,5,259.32,312.35,292.89,371.89,1,-1,-1,-1
56,3,323.55,297.06,530.21,500.13,1,-1,-1,-1
56,2,867.91,304.85,391.95,511.83,1,-1,-1,-1
56,1,378.10,278.06,657.62,577.30,1,-1,-1,-1
57,7,1243.45,350.05,328.70,345.27,1,-1,-1,-1
57,5,265.70,305.87,346.78,383.61,1,-1,-1,-1
57,3,328.33,296.65,571.27,505.67,1,-1,-1,-1
57,2,852.19,303.14,354.45,508.49,1,-1,-1,-1
57,1,348.48,273.59,660.10,575.68,1,-1,-1,-1
58,7,1253.57,344.94,330.62,350.64,1,-1,-1,-1
58,5,277.84,304.18,324.74,380.78,1,-1,-1,-1
58,2,843.61,300.00,342.53,509.87,1,-1,-1,-1
58,1,353.86,274.41,566.87,568.05,1,-1,-1,-1
59,11,961.46,292.61,496.54,446.28,1,-1,-1,-1
58,11,939.61,297.32,496.37,443.37,1,-1,-1,-1
57,11,990.62,298.82,444.22,439.66,1,-1,-1,-1
59,7,1249.13,339.07,348.76,363.61,1,-1,-1,-1
59,5,291.39,302.78,316.24,374.94,1,-1,-1,-1
59,2,708.01,298.38,485.07,508.24,1,-1,-1,-1
59,1,356.27,272.90,635.21,562.03,1,-1,-1,-1
60,11,947.50,293.49,502.77,447.46,1,-1,-1,-1
60,7,1254.04,339.96,356.57,359.37,1,-1,-1,-1
60,5,303.13,302.07,352.18,387.17,1,-1,-1,-1
60,2,729.44,298.09,462.13,509.83,1,-1,-1,-1
60,1,357.49,269.27,714.66,570.93,1,-1,-1,-1
61,11,967.07,294.78,532.35,442.69,1,-1,-1,-1
61,7,1260.95,338.68,368.06,361.91,1,-1,-1,-1
61,5,330.45,302.04,298.64,378.93,1,-1,-1,-1
61,2,849.91,298.58,419.17,510.06,1,-1,-1,-1
61,1,381.24,272.12,524.25,558.55,1,-1,-1,-1
62,11,980.16,290.51,497.63,449.32,1,-1,-1,-1
62,9,372.46,304.73,372.09,462.70,1,-1,-1,-1
61,9,358.82,304.84,379.74,469.70,1,-1,-1,-1
60,9,310.64,299.95,416.87,382.39,1,-1,-1,-1
62,7,1318.54,338.53,316.37,362.15,1,-1,-1,-1
62,5,343.69,305.64,277.47,372.23,1,-1,-1,-1
62,3,373.99,305.79,411.24,490.54,1,-1,-1,-1
61,3,367.53,301.36,436.66,497.52,1,-1,-1,-1
60,3,338.66,295.09,520.02,510.06,1,-1,-1,-1
62,2,790.99,300.14,435.64,510.27,1,-1,-1,-1
62,1,446.56,274.55,465.35,555.51,1,-1,-1,-1
63,12,656.21,439.51,264.52,290.12,1,-1,-1,-1
62,12,665.27,466.68,245.17,264.50,1,-1,-1,-1
61,12,659.62,474.01,243.60,260.88,1,-1,-1,-1
63,11,1066.54,289.37,412.36,452.86,1,-1,-1,-1
63,9,378.55,306.77,373.88,435.37,1,-1,-1,-1
63,7,1313.83,334.32,349.84,372.56,1,-1,-1,-1
63,5,366.49,309.67,265.02,366.27,1,-1,-1,-1
63,3,376.99,307.99,431.83,445.98,1,-1,-1,-1
63,2,855.52,300.44,373.48,511.09,1,-1,-1,-1
63,1,462.21,274.94,448.40,557.05,1,-1,-1,-1
64,11,1082.25,287.13,392.60,459.70,1,-1,-1,-1
64,3,391.82,310.15,428.88,457.58,1,-1,-1,-1
64,2,739.93,299.95,529.03,510.93,1,-1,-1,-1
64,1,460.99,276.89,491.20,555.93,1,-1,-1,-1
65,13,1368.43,335.18,326.19,377.66,1,-1,-1,-1
64,13,1337.38,336.43,341.38,374.06,1,-1,-1,-1
63,13,1293.65,335.25,362.84,376.47,1,-1,-1,-1
65,11,1104.33,286.35,387.05,462.96,1,-1,-1,-1
65,3,407.96,313.64,414.20,431.40,1,-1,-1,-1
65,2,763.23,298.94,510.06,511.17,1,-1,-1,-1
65,1,493.11,278.09,448.48,552.12,1,-1,-1,-1
66,13,1369.35,333.81,336.45,381.95,1,-1,-1,-1
66,11,1110.78,287.90,391.48,462.54,1,-1,-1,-1
66,3,415.37,316.13,398.69,429.79,1,-1,-1,-1
66,2,815.87,298.48,449.84,514.29,1,-1,-1,-1
66,1,500.09,279.74,455.25,551.26,1,-1,-1,-1
67,13,1391.13,334.54,315.23,387.04,1,-1,-1,-1
67,11,1134.32,287.79,363.24,465.23,1,-1,-1,-1
67,9,425.91,317.21,363.40,437.96,1,-1,-1,-1
66,9,417.66,316.83,371.80,442.12,1,-1,-1,-1
65,9,404.62,315.63,354.08,425.35,1,-1,-1,-1
67,5,412.14,318.77,260.02,369.88,1,-1,-1,-1
66,5,403.31,315.68,257.41,343.93,1,-1,-1,-1
65,5,391.76,313.71,285.27,340.63,1,-1,-1,-1
67,2,816.10,299.03,447.24,513.12,1,-1,-1,-1
67,1,493.61,282.37,476.29,543.63,1,-1,-1,-1
68,13,1388.51,334.28,317.78,388.19,1,-1,-1,-1
68,11,1141.52,288.96,358.24,463.66,1,-1,-1,-1
68,9,430.43,317.96,361.68,445.57,1,-1,-1,-1
68,7,1385.69,334.47,313.04,388.87,1,-1,-1,-1
67,7,1390.16,334.69,307.58,387.55,1,-1,-1,-1
66,7,1380.22,334.36,315.30,383.89,1,-1,-1,-1
68,5,423.67,320.57,250.40,372.85,1,-1,-1,-1
68,2,826.10,299.79,439.45,512.09,1,-1,-1,-1
68,1,489.73,282.65,478.80,544.54,1,-1,-1,-1
69,13,1401.61,334.44,315.77,388.64,1,-1,-1,-1
69,11,1146.44,288.97,359.77,460.56,1,-1,-1,-1
69,9,441.67,319.42,351.48,446.08,1,-1,-1,-1
69,2,803.82,300.22,470.38,507.13,1,-1,-1,-1
69,1,491.53,282.01,483.02,541.09,1,-1,-1,-1
70,11,1151.37,289.33,350.45,458.93,1,-1,-1,-1
70,9,446.01,316.46,376.85,455.80,1,-1,-1,-1
70,2,804.90,301.27,462.59,501.25,1,-1,-1,-1
70,1,499.13,282.86,475.42,539.53,1,-1,-1,-1
71,11,1175.02,291.30,317.55,457.67,1,-1,-1,-1
71,2,855.75,301.33,509.05,503.13,1,-1,-1,-1
71,1,475.82,284.83,461.73,532.41,1,-1,-1,-1
72,11,1177.56,291.89,321.57,456.35,1,-1,-1,-1
72,8,451.23,316.94,299.07,431.30,1,-1,-1,-1
71,8,449.05,315.34,310.12,434.33,1,-1,-1,-1
70,8,444.80,318.90,344.76,445.62,1,-1,-1,-1
72,7,1406.91,332.95,308.58,389.85,1,-1,-1,-1
71,7,1406.18,332.52,310.51,390.00,1,-1,-1,-1
70,7,1404.07,333.54,313.07,389.86,1,-1,-1,-1
72,2,893.27,302.72,369.23,498.18,1,-1,-1,-1
72,1,474.81,284.21,464.20,533.02,1,-1,-1,-1
73,11,1174.14,291.87,326.86,456.17,1,-1,-1,-1
73,8,450.80,317.30,292.95,430.45,1,-1,-1,-1
73,7,1401.15,333.25,311.77,390.92,1,-1,-1,-1
73,2,895.20,304.35,344.56,495.56,1,-1,-1,-1
73,1,470.31,284.81,468.14,532.22,1,-1,-1,-1
74,11,1169.99,291.70,324.70,458.22,1,-1,-1,-1
74,8,449.74,316.52,291.37,430.22,1,-1,-1,-1
74,7,1402.17,335.66,309.31,387.52,1,-1,-1,-1
74,2,883.29,304.15,349.53,496.07,1,-1,-1,-1
74,1,469.89,285.48,459.31,529.46,1,-1,-1,-1
75,11,1167.61,292.14,327.78,457.47,1,-1,-1,-1
75,8,447.23,318.72,300.90,428.08,1,-1,-1,-1
75,7,1390.97,338.84,314.75,389.99,1,-1,-1,-1
75,2,879.73,304.62,335.21,496.50,1,-1,-1,-1
75,1,470.13,287.16,451.55,524.35,1,-1,-1,-1
76,11,1164.44,293.30,328.39,455.23,1,-1,-1,-1
76,8,448.26,317.50,299.91,443.64,1,-1,-1,-1
76,7,1397.89,339.17,308.66,388.07,1,-1,-1,-1
76,2,871.00,304.52,329.20,492.58,1,-1,-1,-1
76,1,462.07,287.71,458.23,519.13,1,-1,-1,-1
77,11,1158.64,292.99,321.72,454.79,1,-1,-1,-1
77,8,448.53,317.08,300.41,446.70,1,-1,-1,-1
77,7,1425.50,338.21,280.74,390.37,1,-1,-1,-1
77,2,836.90,303.38,337.84,492.60,1,-1,-1,-1
77,1,449.38,287.76,467.32,520.15,1,-1,-1,-1
78,11,1159.68,292.93,308.13,456.16,1,-1,-1,-1
78,8,447.77,319.22,297.79,439.53,1,-1,-1,-1
78,7,1426.84,339.55,279.22,389.54,1,-1,-1,-1
78,2,853.67,303.28,303.36,493.48,1,-1,-1,-1
78,1,457.08,288.29,459.45,517.15,1,-1,-1,-1
79,11,1161.45,292.60,281.33,454.85,1,-1,-1,-1
79,8,449.65,318.35,295.15,444.63,1,-1,-1,-1
79,7,1428.77,341.27,268.63,389.04,1,-1,-1,-1
79,2,851.06,301.95,294.18,493.45,1,-1,-1,-1
79,1,453.68,289.01,419.11,516.92,1,-1,-1,-1
80,11,1163.81,292.99,261.70,454.90,1,-1,-1,-1
80,8,449.78,319.51,299.10,445.90,1,-1,-1,-1
80,7,1431.15,341.22,267.68,388.89,1,-1,-1,-1
80,2,851.60,301.73,294.78,494.53,1,-1,-1,-1
80,1,457.12,289.48,372.87,514.93,1,-1,-1,-1
81,11,1166.52,291.52,261.35,455.96,1,-1,-1,-1
81,7,1433.45,339.93,268.90,388.00,1,-1,-1,-1
81,2,874.44,303.28,276.35,491.76,1,-1,-1,-1
81,1,459.39,293.26,342.96,502.54,1,-1,-1,-1
82,12,700.09,469.30,233.62,244.99,1,-1,-1,-1
81,12,700.23,470.82,229.09,244.99,1,-1,-1,-1
80,12,709.04,474.08,216.34,244.62,1,-1,-1,-1
82,11,1167.88,290.75,262.22,456.90,1,-1,-1,-1
82,7,1436.54,339.25,271.65,391.14,1,-1,-1,-1
82,2,871.39,304.24,288.05,489.48,1,-1,-1,-1
82,1,465.68,289.29,340.29,504.20,1,-1,-1,-1
83,12,699.68,470.21,237.75,244.78,1,-1,-1,-1
83,11,1173.88,290.38,263.05,457.01,1,-1,-1,-1
83,7,1438.77,338.91,272.03,386.75,1,-1,-1,-1
83,2,879.85,303.97,289.34,488.43,1,-1,-1,-1
83,1,467.58,289.44,344.01,499.95,1,-1,-1,-1
84,12,691.10,469.55,251.34,243.27,1,-1,-1,-1
84,11,1177.62,289.66,264.08,457.23,1,-1,-1,-1
84,7,1440.87,338.36,276.21,387.30,1,-1,-1,-1
84,2,885.15,302.15,276.72,489.98,1,-1,-1,-1
84,1,471.92,290.92,340.87,503.78,1,-1,-1,-1
85,12,746.46,470.43,202.45,239.51,1,-1,-1,-1
85,11,1186.51,291.97,264.91,456.30,1,-1,-1,-1
85,7,1448.65,339.35,276.87,389.83,1,-1,-1,-1
85,2,891.63,303.13,285.15,483.60,1,-1,-1,-1
85,1,478.44,306.06,340.06,480.83,1,-1,-1,-1
86,12,750.83,468.39,205.56,241.96,1,-1,-1,-1
86,11,1192.62,292.75,265.77,454.81,1,-1,-1,-1
86,7,1459.18,340.09,270.55,390.90,1,-1,-1,-1
86,2,907.52,302.98,275.14,483.74,1,-1,-1,-1
86,1,485.14,308.24,333.97,465.70,1,-1,-1,-1
87,12,758.70,467.20,207.36,240.79,1,-1,-1,-1
87,11,1202.85,292.43,267.29,453.15,1,-1,-1,-1
87,7,1466.33,338.30,272.86,393.34,1,-1,-1,-1
87,2,916.37,300.01,277.02,488.26,1,-1,-1,-1
87,1,496.84,310.33,338.22,475.18,1,-1,-1,-1
88,12,750.03,463.47,220.62,244.40,1,-1,-1,-1
88,11,1207.67,290.92,268.54,456.45,1,-1,-1,-1
88,7,1470.65,337.82,277.27,394.01,1,-1,-1,-1
88,2,922.18,300.87,275.54,486.97,1,-1,-1,-1
88,1,503.41,307.00,348.70,472.22,1,-1,-1,-1
89,12,744.66,461.07,243.42,245.85,1,-1,-1,-1
89,11,1219.19,288.51,269.99,457.25,1,-1,-1,-1
89,2,930.88,299.37,276.41,486.93,1,-1,-1,-1
89,1,524.03,273.01,376.02,507.74,1,-1,-1,-1
90,11,1224.88,287.11,287.89,457.43,1,-1,-1,-1
90,2,946.10,297.63,270.82,484.68,1,-1,-1,-1
90,1,523.94,271.21,426.47,508.02,1,-1,-1,-1
91,11,1234.86,286.56,287.17,458.47,1,-1,-1,-1
91,8,524.78,303.79,273.39,418.33,1,-1,-1,-1
90,8,512.35,305.13,278.48,406.63,1,-1,-1,-1
89,8,506.49,306.14,269.12,423.49,1,-1,-1,-1
91,2,956.06,295.51,303.81,484.39,1,-1,-1,-1
91,1,552.97,270.73,401.39,507.76,1,-1,-1,-1
92,11,1242.28,285.75,292.29,459.09,1,-1,-1,-1
92,8,531.78,304.46,268.57,387.35,1,-1,-1,-1
92,7,1490.37,336.54,309.55,395.13,1,-1,-1,-1
91,7,1480.68,336.75,307.21,393.79,1,-1,-1,-1
90,7,1477.15,335.64,292.04,393.72,1,-1,-1,-1
92,2,964.19,294.06,323.72,486.66,1,-1,-1,-1
92,1,544.43,270.63,388.81,507.33,1,-1,-1,-1
93,13,1509.11,337.53,398.90,399.33,1,-1,-1,-1
92,13,1495.62,336.52,421.12,399.44,1,-1,-1,-1
91,13,1485.19,337.27,406.87,397.59,1,-1,-1,-1
93,12,789.66,452.91,226.85,251.49,1,-1,-1,-1
92,12,801.84,455.36,207.01,247.53,1,-1,-1,-1
91,12,804.70,457.06,194.40,245.32,1,-1,-1,-1
93,11,1257.48,285.64,296.49,459.07,1,-1,-1,-1
93,8,539.56,305.88,259.29,352.08,1,-1,-1,-1
93,7,1504.66,339.03,315.50,392.21,1,-1,-1,-1
93,2,980.41,294.71,365.92,487.96,1,-1,-1,-1
93,1,549.35,268.47,392.16,509.06,1,-1,-1,-1
94,13,1518.94,334.73,399.97,414.80,1,-1,-1,-1
94,11,1264.94,285.26,291.54,461.48,1,-1,-1,-1
94,8,545.39,307.22,245.59,351.35,1,-1,-1,-1
94,7,1511.36,338.33,318.33,393.84,1,-1,-1,-1
94,2,993.93,293.91,340.76,489.64,1,-1,-1,-1
94,1,565.13,266.89,389.51,507.00,1,-1,-1,-1
95,11,1279.96,286.84,298.16,459.56,1,-1,-1,-1
95,8,552.24,306.97,259.63,376.86,1,-1,-1,-1
95,7,1516.60,338.22,320.76,394.78,1,-1,-1,-1
95,2,1003.81,294.46,360.50,488.87,1,-1,-1,-1
95,1,612.43,269.24,366.61,512.47,1,-1,-1,-1
96,11,1288.81,286.37,294.17,459.26,1,-1,-1,-1
96,8,555.13,303.20,287.35,391.58,1,-1,-1,-1
96,2,1017.21,294.71,335.83,493.46,1,-1,-1,-1
96,1,583.94,271.30,408.64,512.85,1,-1,-1,-1
97,11,1303.00,286.14,304.60,463.05,1,-1,-1,-1
97,8,564.76,301.36,319.28,419.40,1,-1,-1,-1
97,2,1001.09,296.33,385.21,490.80,1,-1,-1,-1
97,1,649.58,270.96,378.84,507.48,1,-1,-1,-1
98,13,1562.43,338.67,356.31,411.04,1,-1,-1,-1
97,13,1554.56,338.26,364.58,414.76,1,-1,-1,-1
96,13,1531.59,336.57,387.74,415.32,1,-1,-1,-1
98,11,1312.64,285.25,307.55,465.13,1,-1,-1,-1
98,8,573.71,302.21,292.28,410.35,1,-1,-1,-1
98,2,1040.36,295.31,345.64,491.30,1,-1,-1,-1
98,1,667.69,269.70,387.77,512.63,1,-1,-1,-1
99,13,1568.91,339.95,350.08,415.34,1,-1,-1,-1
99,11,1325.46,285.76,327.07,464.05,1,-1,-1,-1
99,8,591.90,304.88,278.75,385.69,1,-1,-1,-1
99,2,1021.45,292.71,379.89,493.57,1,-1,-1,-1
99,1,697.21,270.49,353.05,511.30,1,-1,-1,-1
100,13,1550.73,340.28,368.50,417.29,1,-1,-1,-1
100,11,1323.30,286.53,319.93,463.89,1,-1,-1,-1
100,8,600.37,305.19,281.69,385.70,1,-1,-1,-1
100,3,588.22,307.74,235.33,317.78,1,-1,-1,-1
99,3,578.20,308.41,239.40,314.58,1,-1,-1,-1
98,3,569.82,322.42,219.24,310.66,1,-1,-1,-1
100,2,1028.19,294.12,376.00,493.43,1,-1,-1,-1
100,1,702.73,268.15,374.80,505.75,1,-1,-1,-1
101,11,1344.72,284.83,331.02,467.84,1,-1,-1,-1
101,8,613.31,299.57,278.12,394.00,1,-1,-1,-1
101,3,593.65,307.15,233.31,307.88,1,-1,-1,-1
101,2,1035.05,293.08,398.83,492.02,1,-1,-1,-1
101,1,724.34,264.54,367.94,517.94,1,-1,-1,-1
102,11,1348.62,284.79,333.55,467.80,1,-1,-1,-1
102,3,598.22,318.91,217.02,295.90,1,-1,-1,-1
102,2,1063.35,291.54,384.85,494.94,1,-1,-1,-1
102,1,735.46,264.66,360.95,519.09,1,-1,-1,-1
103,11,1364.94,281.09,330.78,469.62,1,-1,-1,-1
103,7,1603.97,335.29,314.77,420.80,1,-1,-1,-1
102,7,1593.75,337.84,324.53,409.28,1,-1,-1,-1
101,7,1592.23,338.82,326.09,409.82,1,-1,-1,-1
103,5,636.22,299.08,281.24,390.84,1,-1,-1,-1
102,5,623.32,299.45,275.15,390.77,1,-1,-1,-1
101,5,617.50,302.94,275.50,387.84,1,-1,-1,-1
103,3,605.53,314.72,230.55,303.96,1,-1,-1,-1
103,2,1084.71,287.10,372.69,500.47,1,-1,-1,-1
103,1,752.18,261.54,361.10,511.10,1,-1,-1,-1
104,11,1361.47,280.65,347.93,472.55,1,-1,-1,-1
104,7,1613.23,334.91,305.68,417.60,1,-1,-1,-1
104,5,639.67,299.60,303.90,389.98,1,-1,-1,-1
104,3,614.49,319.05,222.42,288.25,1,-1,-1,-1
104,2,1078.84,289.21,389.72,497.15,1,-1,-1,-1
104,1,761.76,262.01,365.97,519.50,1,-1,-1,-1
105,11,1370.29,281.68,371.13,470.87,1,-1,-1,-1
105,7,1635.96,335.04,283.03,423.12,1,-1,-1,-1
105,5,668.78,295.67,283.06,391.44,1,-1,-1,-1
105,3,619.37,310.61,253.06,306.08,1,-1,-1,-1
105,2,1104.64,283.07,379.07,506.14,1,-1,-1,-1
105,1,783.04,260.80,365.29,526.84,1,-1,-1,-1
106,11,1394.84,281.22,349.25,473.86,1,-1,-1,-1
106,7,1636.80,336.30,283.20,421.13,1,-1,-1,-1
106,5,679.46,296.81,285.49,394.33,1,-1,-1,-1
106,3,624.68,319.93,244.95,292.96,1,-1,-1,-1
106,2,1128.45,282.29,368.62,507.71,1,-1,-1,-1
106,1,796.63,256.75,389.50,529.92,1,-1,-1,-1
107,11,1406.24,282.37,345.23,479.38,1,-1,-1,-1
107,7,1642.83,337.61,277.17,431.46,1,-1,-1,-1
107,5,679.05,296.06,305.33,412.71,1,-1,-1,-1
107,3,636.11,324.31,241.82,306.26,1,-1,-1,-1
107,2,1113.34,285.51,412.86,507.50,1,-1,-1,-1
107,1,812.20,260.96,365.50,534.01,1,-1,-1,-1
108,11,1423.88,284.23,326.39,478.05,1,-1,-1,-1
108,7,1665.58,338.90,253.42,404.74,1,-1,-1,-1
108,5,698.44,295.39,295.29,401.23,1,-1,-1,-1
108,3,639.28,330.12,225.27,299.50,1,-1,-1,-1
108,2,1161.77,287.51,370.41,510.52,1,-1,-1,-1
108,1,827.89,260.49,361.30,538.33,1,-1,-1,-1
109,11,1434.01,284.86,330.60,477.91,1,-1,-1,-1
109,7,1674.14,340.49,245.17,410.76,1,-1,-1,-1
109,5,704.73,294.11,290.75,410.74,1,-1,-1,-1
109,3,640.79,324.69,231.87,305.61,1,-1,-1,-1
109,2,1167.98,289.28,354.54,512.10,1,-1,-1,-1
109,1,845.82,262.95,364.97,533.26,1,-1,-1,-1
110,11,1435.50,285.20,340.38,479.09,1,-1,-1,-1
110,7,1670.91,341.60,248.38,407.50,1,-1,-1,-1
110,5,707.03,293.24,295.99,410.67,1,-1,-1,-1
110,3,639.58,321.37,244.21,306.83,1,-1,-1,-1
110,2,1182.90,290.44,346.92,511.83,1,-1,-1,-1
110,1,851.45,262.67,364.18,535.84,1,-1,-1,-1
111,11,1442.41,286.30,336.73,476.35,1,-1,-1,-1
111,7,1666.89,343.94,252.36,410.75,1,-1,-1,-1
111,5,716.48,294.05,295.95,409.73,1,-1,-1,-1
111,3,640.24,325.17,220.01,298.98,1,-1,-1,-1
111,2,1178.17,291.39,387.44,510.79,1,-1,-1,-1
111,1,857.80,265.27,379.62,543.01,1,-1,-1,-1
112,11,1452.85,285.61,339.88,478.50,1,-1,-1,-1
112,7,1673.55,345.01,245.97,414.72,1,-1,-1,-1
112,5,717.43,294.32,292.13,407.84,1,-1,-1,-1
112,3,640.99,327.15,212.38,292.81,1,-1,-1,-1
112,2,1222.02,290.68,336.43,512.04,1,-1,-1,-1
112,1,864.32,263.72,378.69,545.67,1,-1,-1,-1
113,11,1446.44,287.02,374.68,477.37,1,-1,-1,-1
113,8,642.29,303.85,273.87,333.96,1,-1,-1,-1
112,8,645.56,304.74,269.30,332.09,1,-1,-1,-1
111,8,643.48,305.16,270.19,334.28,1,-1,-1,-1
113,7,1681.38,347.58,238.48,423.66,1,-1,-1,-1
113,5,724.09,294.24,299.54,416.19,1,-1,-1,-1
113,3,639.27,323.06,218.91,302.62,1,-1,-1,-1
113,2,1189.73,292.94,390.76,513.49,1,-1,-1,-1
113,1,883.15,263.02,371.03,548.88,1,-1,-1,-1
114,11,1447.58,288.79,373.05,470.43,1,-1,-1,-1
114,8,641.89,303.81,278.31,335.13,1,-1,-1,-1
114,7,1682.19,348.95,237.53,426.65,1,-1,-1,-1
114,5,722.75,294.23,301.78,415.34,1,-1,-1,-1
114,3,636.56,326.10,216.61,295.19,1,-1,-1,-1
114,2,1189.79,291.82,429.34,517.87,1,-1,-1,-1
114,1,885.78,261.15,377.23,555.04,1,-1,-1,-1
115,11,1451.51,291.73,365.66,476.25,1,-1,-1,-1
115,8,630.55,302.09,283.14,339.65,1,-1,-1,-1
115,7,1679.60,350.68,239.69,411.69,1,-1,-1,-1
115,5,728.86,295.13,295.17,414.35,1,-1,-1,-1
115,3,628.28,328.58,201.01,293.48,1,-1,-1,-1
115,2,1199.98,290.92,405.90,520.13,1,-1,-1,-1
115,1,873.04,261.83,419.16,560.62,1,-1,-1,-1
116,11,1452.72,293.53,367.08,472.49,1,-1,-1,-1
116,8,624.65,301.76,282.86,342.27,1,-1,-1,-1
116,7,1690.02,352.01,229.54,423.29,1,-1,-1,-1
116,5,722.30,295.73,302.86,415.95,1,-1,-1,-1
116,3,622.00,329.41,186.96,283.15,1,-1,-1,-1
116,2,1204.33,292.70,401.43,518.67,1,-1,-1,-1
116,1,874.06,258.70,398.39,564.54,1,-1,-1,-1
117,11,1477.84,298.38,381.51,474.69,1,-1,-1,-1
117,8,639.36,300.94,257.59,344.83,1,-1,-1,-1
117,7,1678.02,353.36,241.27,410.94,1,-1,-1,-1
117,5,722.70,296.04,307.94,420.25,1,-1,-1,-1
117,3,614.23,330.21,185.80,284.99,1,-1,-1,-1
117,2,1229.84,295.61,377.79,519.28,1,-1,-1,-1
117,1,884.99,261.24,391.82,562.36,1,-1,-1,-1
118,11,1473.88,299.17,360.82,470.42,1,-1,-1,-1
118,8,619.93,299.59,275.89,345.83,1,-1,-1,-1
118,7,1665.27,354.24,254.73,415.98,1,-1,-1,-1
118,5,708.72,296.32,322.08,424.38,1,-1,-1,-1
118,3,606.22,326.07,201.85,294.05,1,-1,-1,-1
118,2,1240.98,296.52,363.41,519.73,1,-1,-1,-1
118,1,857.09,259.78,424.75,565.12,1,-1,-1,-1
119,11,1461.39,300.40,311.44,466.45,1,-1,-1,-1
119,8,599.92,300.78,280.88,350.65,1,-1,-1,-1
119,7,1657.49,358.78,262.51,403.09,1,-1,-1,-1
119,5,705.74,294.28,311.09,428.76,1,-1,-1,-1
119,3,592.26,327.19,187.17,299.51,1,-1,-1,-1
119,2,1235.36,298.16,358.31,518.93,1,-1,-1,-1
119,1,853.14,263.56,432.59,561.01,1,-1,-1,-1
120,11,1459.86,302.21,306.34,461.06,1,-1,-1,-1
120,8,631.23,299.73,242.46,349.56,1,-1,-1,-1
120,7,1639.03,362.94,280.97,393.24,1,-1,-1,-1
120,5,698.21,291.22,312.05,431.93,1,-1,-1,-1
120,3,580.69,327.52,192.71,293.99,1,-1,-1,-1
120,2,1218.89,299.06,373.20,517.38,1,-1,-1,-1
120,1,841.38,265.37,474.67,559.78,1,-1,-1,-1
121,8,627.17,301.03,238.34,347.89,1,-1,-1,-1
121,7,1627.34,363.62,292.66,391.93,1,-1,-1,-1
121,5,708.80,288.47,292.37,436.31,1,-1,-1,-1
121,3,562.96,324.94,193.86,299.40,1,-1,-1,-1
121,2,1210.25,299.93,376.77,514.95,1,-1,-1,-1
121,1,851.41,261.81,474.78,560.83,1,-1,-1,-1
122,8,622.54,300.68,238.76,350.38,1,-1,-1,-1
122,7,1630.08,365.75,289.48,382.60,1,-1,-1,-1
122,5,708.63,288.62,288.84,435.26,1,-1,-1,-1
122,3,556.07,322.33,194.07,305.59,1,-1,-1,-1
122,2,1215.74,299.83,368.49,513.41,1,-1,-1,-1
122,1,847.47,259.62,484.27,564.41,1,-1,-1,-1
123,8,612.10,297.94,246.93,356.14,1,-1,-1,-1
123,7,1617.93,367.95,286.20,372.35,1,-1,-1,-1
123,5,698.20,285.57,302.67,439.38,1,-1,-1,-1
123,3,545.00,321.71,194.96,298.39,1,-1,-1,-1
123,2,1212.76,300.69,375.99,513.18,1,-1,-1,-1
123,1,850.16,260.90,495.29,565.87,1,-1,-1,-1
124,8,611.08,297.80,241.27,355.47,1,-1,-1,-1
124,7,1613.39,368.65,279.67,368.10,1,-1,-1,-1
124,5,712.74,285.88,286.36,439.72,1,-1,-1,-1
124,3,536.74,322.05,198.55,297.23,1,-1,-1,-1
124,2,1239.48,301.21,349.41,508.28,1,-1,-1,-1
124,1,879.87,263.99,473.23,559.61,1,-1,-1,-1
125,11,1429.45,311.82,301.09,442.70,1,-1,-1,-1
124,11,1445.61,306.33,284.46,449.15,1,-1,-1,-1
123,11,1444.71,304.22,285.33,452.10,1,-1,-1,-1
125,8,613.71,293.24,235.07,363.08,1,-1,-1,-1
125,7,1607.06,370.83,261.52,367.17,1,-1,-1,-1
125,5,720.04,289.13,287.94,440.59,1,-1,-1,-1
125,3,527.23,322.61,198.98,303.69,1,-1,-1,-1
125,2,1229.20,303.20,364.90,509.43,1,-1,-1,-1
125,1,878.56,265.63,474.08,560.33,1,-1,-1,-1
126,11,1416.47,314.33,305.79,438.13,1,-1,-1,-1
126,8,609.83,293.01,237.15,366.48,1,-1,-1,-1
126,7,1600.78,372.24,255.92,369.50,1,-1,-1,-1
126,5,718.38,291.12,290.19,445.25,1,-1,-1,-1
126,3,522.39,322.01,200.26,309.92,1,-1,-1,-1
126,2,1225.65,304.62,370.33,509.96,1,-1,-1,-1
126,1,875.08,265.34,484.92,559.95,1,-1,-1,-1
127,12,729.08,291.38,284.21,444.52,1,-1,-1,-1
126,12,723.68,291.40,288.82,442.72,1,-1,-1,-1
125,12,715.39,288.90,290.57,444.33,1,-1,-1,-1
127,11,1429.06,317.46,280.75,434.68,1,-1,-1,-1
127,8,600.24,293.87,242.25,365.07,1,-1,-1,-1
127,7,1594.89,374.75,253.99,362.58,1,-1,-1,-1
127,5,725.62,291.80,283.58,449.12,1,-1,-1,-1
127,3,514.34,321.65,206.14,314.51,1,-1,-1,-1
127,2,1246.97,307.51,350.11,508.05,1,-1,-1,-1
127,1,889.15,265.32,486.82,563.17,1,-1,-1,-1
128,12,732.96,289.58,282.70,448.30,1,-1,-1,-1
128,11,1426.24,317.19,280.57,430.13,1,-1,-1,-1
128,8,597.13,294.97,239.34,366.17,1,-1,-1,-1
128,7,1585.21,374.04,247.65,362.36,1,-1,-1,-1
128,5,730.61,290.89,279.85,450.20,1,-1,-1,-1
128,3,507.40,321.23,207.83,315.34,1,-1,-1,-1
128,2,1233.53,311.00,364.83,502.95,1,-1,-1,-1
128,1,893.28,268.41,487.45,562.16,1,-1,-1,-1
129,11,1408.13,318.34,290.85,430.55,1,-1,-1,-1
129,8,594.68,294.51,243.38,372.60,1,-1,-1,-1
129,7,1567.60,376.52,247.88,364.50,1,-1,-1,-1
129,5,737.58,289.43,277.07,455.25,1,-1,-1,-1
129,3,499.70,319.24,212.10,317.82,1,-1,-1,-1
129,2,1229.98,313.84,371.00,497.03,1,-1,-1,-1
129,1,917.58,269.28,493.52,564.22,1,-1,-1,-1
130,11,1415.93,320.37,273.45,425.26,1,-1,-1,-1
130,8,592.91,292.70,239.17,373.32,1,-1,-1,-1
130,7,1568.40,375.78,233.83,364.75,1,-1,-1,-1
130,5,734.60,289.08,277.40,458.45,1,-1,-1,-1
130,3,490.18,318.31,216.58,316.13,1,-1,-1,-1
130,2,1240.53,314.52,362.85,494.99,1,-1,-1,-1
130,1,889.11,266.99,522.24,567.60,1,-1,-1,-1
131,11,1411.62,322.82,279.21,422.76,1,-1,-1,-1
131,8,590.95,290.08,237.55,379.91,1,-1,-1,-1
131,7,1562.64,376.43,235.84,354.62,1,-1,-1,-1
131,5,736.51,287.74,277.18,459.86,1,-1,-1,-1
131,3,482.00,316.24,216.97,326.06,1,-1,-1,-1
131,2,1245.43,315.22,359.35,492.38,1,-1,-1,-1
131,1,896.13,272.88,491.51,562.04,1,-1,-1,-1
132,11,1419.36,321.46,264.15,419.82,1,-1,-1,-1
132,8,591.92,289.19,235.61,381.86,1,-1,-1,-1
132,5,740.46,289.62,278.24,455.88,1,-1,-1,-1
132,3,476.46,315.33,216.74,319.77,1,-1,-1,-1
132,2,1257.89,315.29,345.37,490.85,1,-1,-1,-1
132,1,959.03,272.74,440.91,564.11,1,-1,-1,-1
133,11,1409.96,322.31,266.59,415.70,1,-1,-1,-1
133,8,589.10,289.72,237.71,387.61,1,-1,-1,-1
133,5,749.33,292.11,278.07,462.95,1,-1,-1,-1
133,3,468.21,315.06,215.93,323.87,1,-1,-1,-1
133,2,1253.14,316.23,354.26,488.49,1,-1,-1,-1
133,1,966.21,271.79,447.64,560.47,1,-1,-1,-1
134,11,1412.82,322.81,262.32,413.87,1,-1,-1,-1
134,8,589.84,286.61,235.47,391.35,1,-1,-1,-1
134,5,751.91,290.56,283.30,465.79,1,-1,-1,-1
134,3,460.14,314.08,215.61,326.56,1,-1,-1,-1
134,2,1260.75,316.24,349.67,487.19,1,-1,-1,-1
134,1,969.56,270.94,447.30,561.44,1,-1,-1,-1
135,11,1410.25,323.58,279.61,411.49,1,-1,-1,-1
135,8,587.83,284.64,231.99,395.04,1,-1,-1,-1
135,7,1517.21,376.17,232.87,350.13,1,-1,-1,-1
134,7,1545.58,376.14,227.47,344.93,1,-1,-1,-1
133,7,1547.23,377.91,223.23,342.48,1,-1,-1,-1
135,5,754.80,290.54,285.04,466.37,1,-1,-1,-1
135,3,453.33,312.21,220.94,335.26,1,-1,-1,-1
135,2,1260.68,318.96,349.48,480.92,1,-1,-1,-1
135,1,988.47,272.17,429.28,561.16,1,-1,-1,-1
136,8,581.28,283.17,240.30,397.00,1,-1,-1,-1
136,7,1507.47,378.98,231.12,353.87,1,-1,-1,-1
136,5,760.14,289.25,281.47,469.18,1,-1,-1,-1
136,3,447.90,310.09,223.79,331.47,1,-1,-1,-1
136,2,1266.02,320.04,342.75,480.01,1,-1,-1,-1
136,1,1002.69,273.46,431.20,560.80,1,-1,-1,-1
137,8,577.61,282.79,238.89,400.10,1,-1,-1,-1
137,7,1478.32,383.21,243.53,344.83,1,-1,-1,-1
137,5,760.00,287.78,296.64,470.62,1,-1,-1,-1
137,3,436.10,308.94,227.90,329.27,1,-1,-1,-1
137,2,1264.67,322.09,348.77,474.12,1,-1,-1,-1
137,1,993.83,279.60,456.63,553.29,1,-1,-1,-1
138,8,574.66,282.65,242.19,400.88,1,-1,-1,-1
138,7,1466.10,383.53,243.72,344.55,1,-1,-1,-1
138,5,761.93,286.33,296.28,473.98,1,-1,-1,-1
138,3,432.08,306.26,227.54,335.52,1,-1,-1,-1
138,2,1267.19,323.96,350.11,470.99,1,-1,-1,-1
138,1,1018.42,274.25,445.61,557.99,1,-1,-1,-1
139,8,572.18,280.16,248.05,404.30,1,-1,-1,-1
139,7,1464.13,383.20,240.91,334.58,1,-1,-1,-1
139,5,766.35,285.90,308.83,474.68,1,-1,-1,-1
139,3,427.09,302.75,226.21,354.06,1,-1,-1,-1
139,2,1290.54,325.68,335.23,471.46,1,-1,-1,-1
139,1,1041.98,271.83,446.93,558.82,1,-1,-1,-1
140,8,569.77,277.31,252.44,406.67,1,-1,-1,-1
140,7,1466.21,382.76,237.26,332.90,1,-1,-1,-1
140,5,779.36,282.74,281.58,478.98,1,-1,-1,-1
140,3,420.94,301.61,227.96,354.35,1,-1,-1,-1
140,2,1285.25,324.54,341.70,472.75,1,-1,-1,-1
140,1,1041.96,271.18,423.80,560.12,1,-1,-1,-1
141,8,563.99,276.53,256.89,409.53,1,-1,-1,-1
141,7,1461.05,381.75,223.32,333.83,1,-1,-1,-1
141,5,791.34,284.14,279.16,481.27,1,-1,-1,-1
141,3,412.91,301.40,244.84,361.19,1,-1,-1,-1
141,2,1305.12,326.33,324.11,477.21,1,-1,-1,-1
141,1,1064.64,273.17,407.10,555.58,1,-1,-1,-1
142,8,568.13,275.19,242.23,411.25,1,-1,-1,-1
142,7,1464.72,379.82,248.99,325.93,1,-1,-1,-1
142,5,798.55,282.83,279.81,480.54,1,-1,-1,-1
142,3,409.74,300.15,261.22,361.75,1,-1,-1,-1
142,2,1310.60,326.41,320.58,471.30,1,-1,-1,-1
142,1,1072.28,274.52,395.33,555.03,1,-1,-1,-1
143,8,568.42,273.89,246.93,416.22,1,-1,-1,-1
143,7,1448.91,382.15,254.62,342.33,1,-1,-1,-1
143,5,803.73,283.11,294.84,482.42,1,-1,-1,-1
143,3,401.26,298.38,267.34,358.85,1,-1,-1,-1
143,2,1317.79,328.97,318.19,467.84,1,-1,-1,-1
143,1,1075.50,275.52,391.70,556.76,1,-1,-1,-1
144,8,567.22,273.80,253.13,418.76,1,-1,-1,-1
144,7,1424.11,383.49,250.55,331.22,1,-1,-1,-1
144,5,808.77,285.99,286.41,482.80,1,-1,-1,-1
144,3,398.72,298.84,263.00,357.62,1,-1,-1,-1
144,2,1304.80,329.02,340.73,475.57,1,-1,-1,-1
144,1,1076.77,279.00,395.16,553.64,1,-1,-1,-1
145,8,568.22,273.24,257.05,421.00,1,-1,-1,-1
145,7,1406.18,387.28,250.50,328.42,1,-1,-1,-1
145,5,817.21,283.86,286.12,487.70,1,-1,-1,-1
145,3,394.81,296.06,264.66,361.35,1,-1,-1,-1
145,2,1284.11,330.79,359.43,457.68,1,-1,-1,-1
145,1,1082.26,282.72,412.16,550.72,1,-1,-1,-1
146,8,572.17,274.03,257.41,420.43,1,-1,-1,-1
146,7,1397.96,393.00,254.02,314.29,1,-1,-1,-1
146,5,822.89,282.76,287.21,490.82,1,-1,-1,-1
146,3,390.46,297.28,256.87,360.44,1,-1,-1,-1
146,2,1300.87,330.46,344.27,456.85,1,-1,-1,-1
146,1,1086.08,288.63,412.11,545.51,1,-1,-1,-1
147,8,572.40,274.32,274.74,420.20,1,-1,-1,-1
147,5,829.85,281.60,294.88,494.89,1,-1,-1,-1
147,3,386.10,296.51,258.95,360.85,1,-1,-1,-1
147,2,1289.48,332.10,353.86,458.05,1,-1,-1,-1
147,1,1089.50,284.90,420.63,552.40,1,-1,-1,-1
148,8,567.52,275.00,312.55,421.70,1,-1,-1,-1
148,5,828.93,282.52,302.60,494.08,1,-1,-1,-1
148,3,386.63,298.26,258.13,359.29,1,-1,-1,-1
148,2,1309.49,333.75,332.53,459.31,1,-1,-1,-1
148,1,1102.87,286.33,409.66,549.67,1,-1,-1,-1
149,5,827.53,286.13,311.25,492.89,1,-1,-1,-1
149,3,381.19,297.44,267.52,362.84,1,-1,-1,-1
149,2,1319.13,333.97,323.40,458.48,1,-1,-1,-1
149,1,1094.80,288.28,430.57,549.54,1,-1,-1,-1
150,5,820.04,285.10,340.83,497.12,1,-1,-1,-1
150,3,378.60,298.60,283.61,370.34,1,-1,-1,-1
150,2,1308.66,338.63,336.20,451.57,1,-1,-1,-1
150,1,1095.15,289.74,439.74,548.39,1,-1,-1,-1
151,5,810.20,286.08,397.33,500.79,1,-1,-1,-1
151,3,360.51,296.22,322.69,366.70,1,-1,-1,-1
151,2,1312.90,343.39,338.03,437.03,1,-1,-1,-1
151,1,1095.18,287.97,479.85,548.73,1,-1,-1,-1
152,12,506.43,270.53,406.77,439.88,1,-1,-1,-1
151,12,503.67,270.90,413.06,438.55,1,-1,-1,-1
150,12,512.68,273.13,437.32,435.66,1,-1,-1,-1
152,11,1285.47,343.95,362.27,449.70,1,-1,-1,-1
151,11,1254.04,345.00,393.05,443.82,1,-1,-1,-1
150,11,1304.07,342.07,340.49,441.29,1,-1,-1,-1
152,5,813.48,286.26,355.06,500.33,1,-1,-1,-1
152,3,356.92,295.51,331.02,364.46,1,-1,-1,-1
152,2,1296.04,346.76,352.77,441.76,1,-1,-1,-1
152,1,1100.73,288.41,469.83,550.21,1,-1,-1,-1
153,12,462.60,271.49,543.08,442.63,1,-1,-1,-1
153,11,1274.39,342.44,373.87,449.19,1,-1,-1,-1
153,5,788.61,284.81,392.33,500.15,1,-1,-1,-1
153,2,1295.62,344.84,351.88,442.96,1,-1,-1,-1
153,1,1102.28,291.53,483.68,545.39,1,-1,-1,-1
154,12,472.16,273.81,520.15,440.49,1,-1,-1,-1
154,11,1277.78,341.95,371.06,450.65,1,-1,-1,-1
154,8,342.79,299.69,327.56,366.94,1,-1,-1,-1
153,8,348.00,298.83,323.57,366.74,1,-1,-1,-1
152,8,366.22,300.35,346.21,363.27,1,-1,-1,-1
154,5,723.57,281.85,462.74,505.77,1,-1,-1,-1
154,2,1291.95,344.51,358.10,445.71,1,-1,-1,-1
154,1,1110.84,294.84,480.71,542.70,1,-1,-1,-1
155,12,484.00,270.37,478.01,443.14,1,-1,-1,-1
155,11,1295.50,346.91,355.86,431.85,1,-1,-1,-1
155,8,334.14,292.12,336.51,377.52,1,-1,-1,-1
155,5,746.49,284.07,447.28,501.59,1,-1,-1,-1
155,1,1113.97,294.67,506.69,537.21,1,-1,-1,-1
156,12,510.11,268.16,467.87,446.16,1,-1,-1,-1
156,8,329.70,295.59,341.59,374.50,1,-1,-1,-1
156,5,772.51,283.77,424.16,504.49,1,-1,-1,-1
156,1,1108.84,293.05,499.52,539.27,1,-1,-1,-1
157,12,519.20,265.79,508.37,451.28,1,-1,-1,-1
157,8,319.31,292.62,345.31,377.59,1,-1,-1,-1
157,5,786.52,284.99,416.13,502.77,1,-1,-1,-1
157,1,1103.81,296.63,511.14,535.14,1,-1,-1,-1
158,12,520.35,265.41,514.33,453.76,1,-1,-1,-1
158,8,308.83,287.14,318.62,384.23,1,-1,-1,-1
158,5,811.39,286.70,404.60,504.32,1,-1,-1,-1
158,1,1101.23,328.74,529.74,506.03,1,-1,-1,-1
159,12,458.95,265.36,635.60,456.31,1,-1,-1,-1
159,8,312.11,285.07,312.48,387.20,1,-1,-1,-1
159,5,812.73,287.51,394.14,505.28,1,-1,-1,-1
159,1,1200.01,296.49,431.98,535.13,1,-1,-1,-1
160,16,1091.53,476.58,254.56,255.94,1,-1,-1,-1
159,16,1093.12,478.98,272.02,252.46,1,-1,-1,-1
158,16,1094.22,478.47,261.09,254.00,1,-1,-1,-1
160,12,488.16,263.96,379.44,456.13,1,-1,-1,-1
160,5,829.66,289.48,385.69,504.21,1,-1,-1,-1
160,1,1232.50,320.86,404.65,509.28,1,-1,-1,-1
161,12,594.07,268.83,254.84,454.78,1,-1,-1,-1
161,5,928.09,291.99,290.23,502.20,1,-1,-1,-1
161,1,1271.31,300.03,363.74,535.00,1,-1,-1,-1
162,12,599.24,267.89,257.04,457.37,1,-1,-1,-1
162,5,850.52,288.70,371.72,509.71,1,-1,-1,-1
162,1,1280.32,302.85,357.44,532.70,1,-1,-1,-1
163,12,597.86,268.57,263.57,458.26,1,-1,-1,-1
163,5,848.66,283.26,385.24,521.52,1,-1,-1,-1
163,1,1274.36,304.45,367.33,531.32,1,-1,-1,-1
164,12,609.95,268.01,254.61,463.34,1,-1,-1,-1
164,5,849.47,285.15,411.45,520.54,1,-1,-1,-1
164,1,1253.98,304.18,389.51,533.80,1,-1,-1,-1
165,16,1088.21,487.88,234.61,255.26,1,-1,-1,-1
164,16,1096.39,486.05,211.89,249.27,1,-1,-1,-1
163,16,1084.64,486.08,227.73,249.73,1,-1,-1,-1
165,12,608.96,268.88,266.35,466.06,1,-1,-1,-1
165,8,327.70,285.66,264.15,402.81,1,-1,-1,-1
164,8,333.62,287.34,255.46,399.59,1,-1,-1,-1
163,8,333.43,287.11,258.71,398.73,1,-1,-1,-1
165,5,849.64,257.67,409.81,552.19,1,-1,-1,-1
165,1,1252.00,306.55,394.38,532.10,1,-1,-1,-1
166,16,1098.93,488.90,241.73,255.95,1,-1,-1,-1
166,12,609.55,271.80,267.61,466.58,1,-1,-1,-1
166,8,331.72,285.52,263.76,404.03,1,-1,-1,-1
166,5,955.15,291.21,313.55,514.24,1,-1,-1,-1
166,1,1271.80,307.99,375.07,528.15,1,-1,-1,-1
167,16,1095.59,489.18,266.84,260.19,1,-1,-1,-1
167,12,614.30,272.85,268.98,466.08,1,-1,-1,-1
167,5,969.25,298.10,296.84,509.25,1,-1,-1,-1
167,1,1273.64,311.42,372.59,527.80,1,-1,-1,-1
168,16,1075.77,488.79,290.91,266.38,1,-1,-1,-1
168,12,619.92,273.19,269.85,465.17,1,-1,-1,-1
168,5,968.86,295.50,304.40,513.47,1,-1,-1,-1
168,1,1275.73,309.43,370.08,530.00,1,-1,-1,-1
169,16,1065.84,492.05,307.86,275.45,1,-1,-1,-1
169,12,618.25,264.37,270.11,475.43,1,-1,-1,-1
169,5,966.66,294.54,305.23,515.50,1,-1,-1,-1
169,1,1311.59,313.46,334.66,524.95,1,-1,-1,-1
170,16,1067.57,493.06,304.57,271.47,1,-1,-1,-1
170,12,618.91,278.66,271.03,462.40,1,-1,-1,-1
170,8,337.95,286.49,258.05,413.50,1,-1,-1,-1
169,8,338.20,286.58,258.46,412.50,1,-1,-1,-1
168,8,341.22,286.79,255.46,408.91,1,-1,-1,-1
170,5,969.02,296.03,301.94,514.14,1,-1,-1,-1
170,1,1303.43,318.74,341.80,520.15,1,-1,-1,-1
171,16,1070.95,491.75,300.88,269.16,1,-1,-1,-1
171,12,594.82,279.24,304.30,464.01,1,-1,-1,-1
171,8,333.11,286.55,258.20,415.63,1,-1,-1,-1
171,5,971.27,297.53,299.20,511.32,1,-1,-1,-1
171,1,1306.99,311.72,330.45,524.57,1,-1,-1,-1
172,19,855.14,415.66,273.51,304.78,1,-1,-1,-1
171,19,858.59,410.41,259.14,313.67,1,-1,-1,-1
170,19,861.06,411.39,266.59,318.58,1,-1,-1,-1
172,16,955.79,297.00,287.47,491.01,1,-1,-1,-1
172,12,578.13,274.18,327.07,467.56,1,-1,-1,-1
172,8,327.53,284.49,260.54,417.58,1,-1,-1,-1
172,5,960.20,296.36,311.50,512.38,1,-1,-1,-1
173,16,951.48,296.41,276.44,493.54,1,-1,-1,-1
173,12,579.03,266.84,313.06,475.37,1,-1,-1,-1
173,8,318.52,282.03,264.98,423.22,1,-1,-1,-1
173,5,959.56,297.17,313.59,510.66,1,-1,-1,-1
174,16,947.32,302.38,271.01,486.17,1,-1,-1,-1
174,12,600.98,261.90,279.50,480.36,1,-1,-1,-1
174,8,313.22,285.53,264.98,417.35,1,-1,-1,-1
174,5,956.23,301.32,312.02,505.69,1,-1,-1,-1
175,12,596.99,260.33,280.36,483.72,1,-1,-1,-1
175,8,306.83,283.94,265.47,423.40,1,-1,-1,-1
175,7,1072.41,477.45,251.02,263.99,1,-1,-1,-1
174,7,1085.64,482.45,251.31,256.68,1,-1,-1,-1
173,7,1055.46,471.54,309.20,270.62,1,-1,-1,-1
175,5,957.65,304.76,313.58,501.58,1,-1,-1,-1
175,1,1305.80,304.93,303.31,519.43,1,-1,-1,-1
174,1,1306.52,313.98,309.09,513.25,1,-1,-1,-1
173,1,1308.08,312.68,315.17,519.59,1,-1,-1,-1
176,19,843.27,445.66,244.55,287.56,1,-1,-1,-1
175,19,827.58,444.70,254.64,297.47,1,-1,-1,-1
174,19,825.81,442.01,259.71,290.24,1,-1,-1,-1
176,12,595.46,262.13,283.24,481.34,1,-1,-1,-1
176,8,304.62,285.18,265.68,423.48,1,-1,-1,-1
176,7,1069.54,479.91,268.75,265.88,1,-1,-1,-1
176,5,957.77,307.45,309.09,497.88,1,-1,-1,-1
176,1,1304.18,303.14,301.66,518.91,1,-1,-1,-1
177,19,836.60,446.96,244.48,287.97,1,-1,-1,-1
177,12,601.97,250.36,270.64,490.72,1,-1,-1,-1
177,8,305.20,285.54,264.40,421.25,1,-1,-1,-1
177,7,1083.10,481.80,249.86,262.97,1,-1,-1,-1
177,5,965.38,302.83,306.45,499.62,1,-1,-1,-1
177,1,1306.32,291.37,294.83,528.44,1,-1,-1,-1
178,19,830.18,448.43,252.16,286.86,1,-1,-1,-1
178,12,608.01,264.95,277.86,475.65,1,-1,-1,-1
178,8,305.14,281.70,264.09,425.79,1,-1,-1,-1
178,7,1050.70,479.08,288.07,265.70,1,-1,-1,-1
178,5,960.89,297.58,319.56,505.00,1,-1,-1,-1
178,1,1300.38,270.50,299.72,549.78,1,-1,-1,-1
179,19,826.72,444.87,267.75,289.53,1,-1,-1,-1
179,12,568.09,229.80,345.93,508.46,1,-1,-1,-1
179,8,307.47,276.50,270.91,433.81,1,-1,-1,-1
179,7,1068.79,468.80,274.43,271.18,1,-1,-1,-1
179,5,937.16,281.61,321.73,520.61,1,-1,-1,-1
179,1,1301.88,304.74,298.10,506.40,1,-1,-1,-1
180,12,543.23,241.08,384.89,498.44,1,-1,-1,-1
180,8,284.75,257.74,375.36,454.06,1,-1,-1,-1
180,7,1072.12,470.51,266.47,263.16,1,-1,-1,-1
180,5,908.67,264.13,341.18,534.51,1,-1,-1,-1
180,1,1293.82,304.74,304.76,512.09,1,-1,-1,-1
181,12,550.75,246.54,384.17,493.32,1,-1,-1,-1
181,8,261.32,256.96,372.21,455.77,1,-1,-1,-1
181,7,1065.95,471.28,286.63,271.91,1,-1,-1,-1
181,5,885.53,288.73,363.77,512.11,1,-1,-1,-1
181,1,1265.61,272.78,328.70,542.26,1,-1,-1,-1
182,12,553.35,243.94,388.70,498.10,1,-1,-1,-1
182,8,257.40,250.38,366.54,461.98,1,-1,-1,-1
182,7,1053.86,472.59,294.49,269.81,1,-1,-1,-1
182,5,862.53,280.59,384.95,520.12,1,-1,-1,-1
182,1,1263.79,276.69,327.80,538.22,1,-1,-1,-1
183,12,542.93,239.29,383.38,500.97,1,-1,-1,-1
183,8,252.88,246.99,368.06,467.07,1,-1,-1,-1
183,5,867.02,272.25,374.93,525.68,1,-1,-1,-1
183,1,1237.99,293.37,349.13,520.12,1,-1,-1,-1
184,12,538.57,240.90,399.53,500.62,1,-1,-1,-1
184,8,248.59,257.53,369.84,455.37,1,-1,-1,-1
184,5,873.85,272.73,363.90,524.56,1,-1,-1,-1
184,1,1249.88,288.45,333.15,527.86,1,-1,-1,-1
185,12,522.92,239.23,396.68,504.56,1,-1,-1,-1
185,8,239.85,261.37,371.99,450.17,1,-1,-1,-1
185,5,869.97,256.65,358.87,534.25,1,-1,-1,-1
185,1,1257.16,294.66,317.03,520.71,1,-1,-1,-1
186,12,516.39,239.15,414.84,507.20,1,-1,-1,-1
186,8,233.66,267.78,371.69,444.87,1,-1,-1,-1
186,5,863.05,275.30,356.87,516.58,1,-1,-1,-1
186,1,1214.88,292.06,353.61,521.79,1,-1,-1,-1
187,12,502.84,244.41,403.07,499.03,1,-1,-1,-1
187,8,224.04,270.67,356.90,446.83,1,-1,-1,-1
187,5,854.52,279.90,351.79,512.93,1,-1,-1,-1
187,1,1230.39,298.15,329.48,513.22,1,-1,-1,-1
188,12,495.73,248.05,408.20,494.16,1,-1,-1,-1
188,8,219.21,272.00,348.11,446.28,1,-1,-1,-1
188,5,850.26,274.48,350.18,519.20,1,-1,-1,-1
188,1,1208.09,295.99,346.94,513.30,1,-1,-1,-1
189,12,492.80,249.90,406.95,492.66,1,-1,-1,-1
189,8,219.10,273.75,328.44,445.35,1,-1,-1,-1
189,5,840.07,282.94,362.42,513.95,1,-1,-1,-1
189,1,1187.74,286.97,365.80,524.20,1,-1,-1,-1
190,12,489.08,253.30,411.49,490.22,1,-1,-1,-1
190,8,221.29,270.28,339.53,449.78,1,-1,-1,-1
190,5,833.44,282.76,368.41,516.94,1,-1,-1,-1
190,1,1189.19,281.01,366.04,533.47,1,-1,-1,-1
191,12,483.56,255.51,413.63,488.86,1,-1,-1,-1
191,8,225.95,269.65,347.29,449.63,1,-1,-1,-1
191,5,838.90,289.50,361.86,510.28,1,-1,-1,-1
191,2,1298.44,306.62,250.24,443.87,1,-1,-1,-1
190,2,1299.74,303.69,247.53,457.21,1,-1,-1,-1
189,2,1264.09,295.41,289.95,483.98,1,-1,-1,-1
191,1,1197.34,288.15,359.91,529.38,1,-1,-1,-1
192,16,781.49,265.76,274.96,457.06,1,-1,-1,-1
191,16,785.22,261.04,271.17,460.93,1,-1,-1,-1
190,16,780.04,263.67,275.32,456.52,1,-1,-1,-1
192,12,483.00,254.73,422.27,491.32,1,-1,-1,-1
192,8,225.75,272.51,335.70,447.30,1,-1,-1,-1
192,5,806.80,284.53,393.70,518.77,1,-1,-1,-1
192,1,1197.91,292.89,360.18,526.85,1,-1,-1,-1
193,16,783.85,272.74,267.00,447.13,1,-1,-1,-1
193,12,483.30,260.99,418.38,485.95,1,-1,-1,-1
193,8,228.75,276.37,330.87,443.42,1,-1,-1,-1
193,5,804.06,291.89,393.66,515.72,1,-1,-1,-1
193,1,1189.26,280.63,366.61,541.02,1,-1,-1,-1
194,16,782.40,262.02,274.69,457.38,1,-1,-1,-1
194,12,482.99,253.41,420.93,493.74,1,-1,-1,-1
194,8,227.97,276.52,343.96,443.82,1,-1,-1,-1
194,5,800.62,265.10,401.85,545.39,1,-1,-1,-1
194,1,1169.12,285.77,382.12,537.70,1,-1,-1,-1
195,12,469.04,269.20,399.36,478.02,1,-1,-1,-1
195,8,231.89,282.99,322.42,437.72,1,-1,-1,-1
195,5,797.60,273.74,397.57,532.37,1,-1,-1,-1
195,1,1159.39,298.59,385.63,524.85,1,-1,-1,-1
196,12,470.81,268.13,407.95,475.07,1,-1,-1,-1
196,8,235.40,287.00,317.80,433.18,1,-1,-1,-1
196,5,796.81,281.86,391.59,525.02,1,-1,-1,-1
196,1,1127.30,300.87,405.16,523.06,1,-1,-1,-1
197,12,466.93,269.52,401.41,473.00,1,-1,-1,-1
197,8,240.09,292.24,313.81,427.68,1,-1,-1,-1
197,7,1038.24,262.45,228.18,469.45,1,-1,-1,-1
196,7,1041.55,262.57,230.58,471.34,1,-1,-1,-1
195,7,1041.29,269.17,232.85,463.24,1,-1,-1,-1
197,5,791.04,284.69,387.63,521.58,1,-1,-1,-1
197,1,1100.21,296.77,424.22,522.05,1,-1,-1,-1
198,12,464.27,272.56,402.90,472.85,1,-1,-1,-1
198,8,243.86,295.74,305.57,422.22,1,-1,-1,-1
198,7,1035.49,262.65,241.71,466.72,1,-1,-1,-1
198,5,788.60,279.18,381.25,522.82,1,-1,-1,-1
198,2,1254.74,313.40,305.86,443.53,1,-1,-1,-1
197,2,1269.58,313.82,291.28,437.33,1,-1,-1,-1
196,2,1267.96,323.82,292.26,428.30,1,-1,-1,-1
198,1,1155.26,285.49,367.08,536.36,1,-1,-1,-1
199,12,471.31,274.27,397.91,469.27,1,-1,-1,-1
199,8,251.86,300.69,293.36,414.43,1,-1,-1,-1
199,7,1026.48,274.44,230.33,457.49,1,-1,-1,-1
199,5,784.63,279.80,387.36,522.33,1,-1,-1,-1
199,2,1260.08,320.63,301.41,434.80,1,-1,-1,-1
199,1,1165.81,284.64,346.47,540.15,1,-1,-1,-1
200,12,475.70,273.09,396.80,468.07,1,-1,-1,-1
200,8,250.57,302.17,292.30,410.25,1,-1,-1,-1
200,7,1025.78,279.22,226.23,449.72,1,-1,-1,-1
200,5,781.66,277.11,385.56,521.40,1,-1,-1,-1
200,2,1269.96,321.67,292.94,428.44,1,-1,-1,-1
200,1,1131.13,291.12,381.90,534.52,1,-1,-1,-1
201,12,476.03,272.79,396.69,467.65,1,-1,-1,-1
201,8,258.58,303.64,287.37,407.04,1,-1,-1,-1
201,7,1031.91,271.53,217.21,457.82,1,-1,-1,-1
201,5,774.22,277.44,406.54,518.17,1,-1,-1,-1
201,2,1271.33,320.51,291.64,427.47,1,-1,-1,-1
201,1,1111.46,295.31,393.28,529.63,1,-1,-1,-1
202,12,472.73,276.92,393.39,460.56,1,-1,-1,-1
202,8,267.55,302.66,279.02,405.79,1,-1,-1,-1
202,7,1027.08,270.72,223.01,456.78,1,-1,-1,-1
202,5,772.89,274.23,411.78,517.20,1,-1,-1,-1
202,2,1259.91,330.87,302.70,412.36,1,-1,-1,-1
202,1,1083.03,295.13,431.07,530.05,1,-1,-1,-1
203,12,464.22,273.12,400.64,464.29,1,-1,-1,-1
203,8,270.26,305.81,286.10,400.02,1,-1,-1,-1
203,5,772.60,278.61,404.15,512.37,1,-1,-1,-1
203,2,1246.24,326.72,312.20,419.04,1,-1,-1,-1
203,1,1059.97,301.40,434.81,517.07,1,-1,-1,-1
204,12,467.77,278.80,394.30,456.62,1,-1,-1,-1
204,8,274.13,308.65,277.11,396.40,1,-1,-1,-1
204,5,765.42,269.38,407.91,522.87,1,-1,-1,-1
204,2,1248.68,331.15,304.71,413.75,1,-1,-1,-1
204,1,1047.86,303.44,433.66,513.11,1,-1,-1,-1
205,12,461.07,214.26,400.42,519.82,1,-1,-1,-1
205,8,273.27,311.49,281.49,392.15,1,-1,-1,-1
205,5,762.22,261.26,388.67,532.59,1,-1,-1,-1
205,2,1243.27,331.24,305.21,412.89,1,-1,-1,-1
205,1,1035.10,302.90,435.80,513.03,1,-1,-1,-1
206,12,463.41,258.46,370.97,473.30,1,-1,-1,-1
206,8,285.76,313.87,270.46,382.03,1,-1,-1,-1
206,5,761.84,258.71,377.67,534.08,1,-1,-1,-1
206,2,1228.36,311.83,320.82,432.58,1,-1,-1,-1
206,1,1033.24,292.94,432.90,523.88,1,-1,-1,-1
207,12,474.83,273.11,356.15,454.93,1,-1,-1,-1
207,8,295.77,306.43,268.39,390.16,1,-1,-1,-1
207,5,748.29,257.14,388.45,530.65,1,-1,-1,-1
207,2,1220.46,296.81,328.05,449.21,1,-1,-1,-1
207,1,1036.10,291.62,437.68,527.29,1,-1,-1,-1
208,12,479.81,262.59,353.15,463.64,1,-1,-1,-1
208,8,296.11,300.18,271.66,391.88,1,-1,-1,-1
208,5,743.17,249.23,393.10,538.29,1,-1,-1,-1
208,2,1240.79,295.31,310.13,449.23,1,-1,-1,-1
208,1,1038.54,295.03,416.29,522.49,1,-1,-1,-1
209,12,484.57,248.04,348.06,473.25,1,-1,-1,-1
209,8,308.27,294.15,262.67,390.91,1,-1,-1,-1
209,5,743.68,241.66,387.87,540.85,1,-1,-1,-1
209,2,1242.33,290.44,314.28,452.87,1,-1,-1,-1
209,1,1039.36,295.61,410.77,520.06,1,-1,-1,-1
210,12,494.39,261.42,335.38,455.69,1,-1,-1,-1
210,8,316.93,297.18,258.83,387.66,1,-1,-1,-1
210,5,745.18,242.62,381.19,535.27,1,-1,-1,-1
210,2,1255.12,296.80,296.44,452.08,1,-1,-1,-1
210,1,1035.40,285.74,407.67,529.22,1,-1,-1,-1
211,12,492.32,251.68,327.90,463.08,1,-1,-1,-1
211,8,319.66,314.55,289.61,368.92,1,-1,-1,-1
211,5,744.48,238.00,382.21,538.16,1,-1,-1,-1
211,1,1029.94,295.16,407.26,515.58,1,-1,-1,-1
212,12,480.63,252.83,333.27,458.37,1,-1,-1,-1
212,8,323.71,326.13,289.12,355.33,1,-1,-1,-1
212,5,737.24,250.02,393.14,527.87,1,-1,-1,-1
212,1,1026.99,294.03,406.74,516.65,1,-1,-1,-1
213,12,491.20,293.35,305.49,412.03,1,-1,-1,-1
213,8,330.51,325.60,284.38,352.11,1,-1,-1,-1
213,5,731.82,286.57,394.84,487.54,1,-1,-1,-1
213,1,1024.02,291.26,415.27,517.96,1,-1,-1,-1
214,12,507.63,294.11,315.96,408.93,1,-1,-1,-1
214,8,308.41,328.19,345.19,347.97,1,-1,-1,-1
214,5,658.74,293.77,464.71,475.62,1,-1,-1,-1
214,2,1212.54,320.03,361.67,428.99,1,-1,-1,-1
213,2,1175.80,319.57,416.37,447.69,1,-1,-1,-1
212,2,1218.25,295.89,353.02,454.34,1,-1,-1,-1
214,1,992.11,285.69,463.10,518.92,1,-1,-1,-1
215,12,505.83,294.08,330.43,408.04,1,-1,-1,-1
215,8,330.40,326.20,289.13,351.29,1,-1,-1,-1
215,5,716.21,299.48,361.55,465.51,1,-1,-1,-1
215,2,1190.32,321.81,371.30,418.03,1,-1,-1,-1
215,1,957.01,282.64,460.07,523.33,1,-1,-1,-1
216,12,491.11,293.83,340.28,406.65,1,-1,-1,-1
216,8,342.67,327.37,288.97,352.59,1,-1,-1,-1
216,5,692.57,298.12,380.13,465.99,1,-1,-1,-1
216,1,951.55,278.87,467.21,522.08,1,-1,-1,-1
217,22,1308.98,310.48,277.83,351.48,1,-1,-1,-1
216,22,1308.46,310.56,278.15,349.29,1,-1,-1,-1
215,22,1305.83,312.55,279.61,341.18,1,-1,-1,-1
217,12,473.59,295.42,366.50,401.00,1,-1,-1,-1
217,8,351.95,327.03,274.43,351.35,1,-1,-1,-1
217,5,700.32,294.26,393.22,463.63,1,-1,-1,-1
217,1,939.16,277.28,455.66,518.76,1,-1,-1,-1
218,12,460.83,294.98,390.86,398.93,1,-1,-1,-1
218,8,350.93,328.47,270.29,342.49,1,-1,-1,-1
218,5,710.36,291.89,358.51,463.10,1,-1,-1,-1
218,1,936.57,276.32,450.33,518.02,1,-1,-1,-1
219,12,470.01,293.55,342.78,396.33,1,-1,-1,-1
219,8,346.19,324.67,277.99,346.13,1,-1,-1,-1
219,5,676.63,290.51,377.28,460.25,1,-1,-1,-1
219,2,1128.49,306.11,422.97,451.06,1,-1,-1,-1
218,2,1196.82,315.23,352.03,423.30,1,-1,-1,-1
217,2,1191.69,318.74,359.75,421.68,1,-1,-1,-1
219,1,915.26,271.45,476.56,525.93,1,-1,-1,-1
220,12,467.92,291.91,352.88,398.32,1,-1,-1,-1
220,8,341.98,322.60,302.33,351.02,1,-1,-1,-1
220,5,667.12,288.01,410.00,461.66,1,-1,-1,-1
220,2,1110.07,306.17,440.60,459.96,1,-1,-1,-1
220,1,860.31,272.59,555.23,524.06,1,-1,-1,-1
221,12,500.78,291.81,294.17,397.02,1,-1,-1,-1
221,8,360.09,321.79,261.49,349.20,1,-1,-1,-1
221,5,662.94,289.57,421.73,461.58,1,-1,-1,-1
221,2,1170.84,304.30,366.07,433.49,1,-1,-1,-1
221,1,873.32,268.78,496.91,526.66,1,-1,-1,-1
222,12,505.94,290.31,264.82,394.42,1,-1,-1,-1
222,8,360.61,322.94,278.60,353.20,1,-1,-1,-1
222,5,602.21,287.67,408.78,463.66,1,-1,-1,-1
222,2,1170.89,305.14,354.11,438.13,1,-1,-1,-1
222,1,956.77,264.58,393.60,532.26,1,-1,-1,-1
223,12,500.08,287.59,242.60,394.07,1,-1,-1,-1
223,5,703.86,288.34,270.92,456.74,1,-1,-1,-1
223,2,1191.53,301.59,331.31,446.83,1,-1,-1,-1
223,1,981.00,260.00,337.90,537.44,1,-1,-1,-1
224,20,1291.62,296.91,256.78,379.66,1,-1,-1,-1
223,20,1310.10,309.05,289.20,358.70,1,-1,-1,-1
222,20,1310.44,310.04,283.81,360.80,1,-1,-1,-1
224,12,492.74,283.24,239.81,395.46,1,-1,-1,-1
224,5,694.19,284.59,275.71,459.19,1,-1,-1,-1
224,2,1209.03,298.10,301.73,439.64,1,-1,-1,-1
224,1,975.28,258.96,341.12,534.58,1,-1,-1,-1
225,21,341.68,314.88,236.59,347.59,1,-1,-1,-1
224,21,350.42,320.37,251.79,350.40,1,-1,-1,-1
223,21,353.51,322.96,248.46,341.93,1,-1,-1,-1
225,20,1280.70,292.32,261.68,385.74,1,-1,-1,-1
225,12,488.10,280.17,241.38,397.73,1,-1,-1,-1
225,5,684.01,280.00,272.87,460.95,1,-1,-1,-1
225,2,1217.08,287.89,303.33,448.40,1,-1,-1,-1
225,1,961.36,254.45,345.42,535.62,1,-1,-1,-1
226,22,1378.64,334.20,223.19,314.58,1,-1,-1,-1
225,22,1380.21,334.13,222.05,316.26,1,-1,-1,-1
224,22,1352.73,328.69,249.42,333.57,1,-1,-1,-1
226,21,337.70,314.17,239.79,343.63,1,-1,-1,-1
226,12,482.67,278.53,255.64,398.76,1,-1,-1,-1
226,1,955.80,249.55,347.13,540.74,1,-1,-1,-1
227,22,1373.80,330.24,234.49,321.05,1,-1,-1,-1
227,21,333.38,310.89,238.41,344.19,1,-1,-1,-1
227,12,472.91,275.48,265.09,399.14,1,-1,-1,-1
227,1,947.48,245.55,351.05,546.33,1,-1,-1,-1
228,22,1377.99,330.21,233.27,321.81,1,-1,-1,-1
228,21,330.98,308.93,235.02,342.41,1,-1,-1,-1
228,12,468.79,273.94,261.13,401.99,1,-1,-1,-1
228,1,937.29,241.86,354.94,552.54,1,-1,-1,-1
229,22,1377.19,327.87,239.83,324.84,1,-1,-1,-1
229,21,321.81,305.26,283.29,345.13,1,-1,-1,-1
229,20,1291.02,280.20,261.97,399.90,1,-1,-1,-1
228,20,1289.24,283.06,257.77,398.77,1,-1,-1,-1
227,20,1264.73,285.43,273.24,407.42,1,-1,-1,-1
229,12,453.33,271.74,284.44,407.06,1,-1,-1,-1
229,5,533.67,265.26,390.83,482.21,1,-1,-1,-1
228,5,632.58,273.15,302.84,473.79,1,-1,-1,-1
227,5,601.32,274.24,339.19,472.08,1,-1,-1,-1
229,2,1178.38,274.27,320.10,461.15,1,-1,-1,-1
228,2,1206.06,279.81,300.07,454.44,1,-1,-1,-1
227,2,1210.75,282.09,304.81,450.98,1,-1,-1,-1
229,1,925.10,239.53,372.58,557.85,1,-1,-1,-1
230,22,1373.33,328.35,248.44,324.60,1,-1,-1,-1
230,21,317.55,302.64,283.86,347.25,1,-1,-1,-1
230,20,1273.73,278.38,279.05,404.81,1,-1,-1,-1
230,12,432.86,265.88,294.71,410.82,1,-1,-1,-1
230,5,512.96,263.06,408.09,484.97,1,-1,-1,-1
230,2,1141.38,270.87,354.20,470.32,1,-1,-1,-1
230,1,915.15,239.73,372.01,559.26,1,-1,-1,-1
231,22,1378.26,327.00,242.47,325.77,1,-1,-1,-1
231,21,303.39,298.68,292.08,350.80,1,-1,-1,-1
231,20,1273.78,272.54,291.66,412.29,1,-1,-1,-1
231,5,570.11,257.32,346.65,492.43,1,-1,-1,-1
231,2,1134.67,268.94,359.52,477.76,1,-1,-1,-1
231,1,903.34,232.52,367.65,570.44,1,-1,-1,-1
232,22,1365.12,323.05,255.40,326.80,1,-1,-1,-1
232,21,295.08,300.75,255.17,345.53,1,-1,-1,-1
232,5,463.74,254.61,435.46,491.79,1,-1,-1,-1
232,2,1159.35,266.51,336.47,481.76,1,-1,-1,-1
232,1,892.22,227.91,371.29,577.62,1,-1,-1,-1
233,23,408.48,250.89,447.78,443.30,1,-1,-1,-1
232,23,405.64,258.05,450.83,422.42,1,-1,-1,-1
231,23,387.07,258.52,492.10,427.13,1,-1,-1,-1
233,22,1317.63,314.88,303.68,342.77,1,-1,-1,-1
233,21,282.85,295.45,274.29,352.89,1,-1,-1,-1
233,5,574.53,241.86,320.01,506.83,1,-1,-1,-1
233,2,1134.58,259.38,365.48,492.26,1,-1,-1,-1
233,1,877.09,218.49,378.39,591.13,1,-1,-1,-1
234,23,327.99,248.40,509.85,433.84,1,-1,-1,-1
234,21,273.31,290.01,304.43,360.60,1,-1,-1,-1
234,5,569.95,236.90,320.85,513.91,1,-1,-1,-1
234,2,1129.49,254.59,381.85,497.31,1,-1,-1,-1
234,1,870.33,214.24,386.08,597.52,1,-1,-1,-1
235,23,300.71,244.94,473.01,433.90,1,-1,-1,-1
235,21,260.76,284.40,304.71,367.76,1,-1,-1,-1
235,2,1118.59,249.05,390.70,508.43,1,-1,-1,-1
235,1,860.16,199.83,398.86,617.15,1,-1,-1,-1
236,23,285.84,240.51,559.71,450.19,1,-1,-1,-1
236,21,250.87,278.69,316.07,376.18,1,-1,-1,-1
236,2,1115.10,246.50,432.92,509.90,1,-1,-1,-1
236,1,852.82,194.02,413.12,626.52,1,-1,-1,-1
237,23,248.21,236.39,486.83,465.24,1,-1,-1,-1
237,2,1109.20,241.35,436.94,520.67,1,-1,-1,-1
237,1,846.14,187.59,416.16,641.92,1,-1,-1,-1
238,23,297.77,230.88,533.01,466.63,1,-1,-1,-1
238,5,516.60,226.75,373.56,548.61,1,-1,-1,-1
237,5,386.85,228.93,499.92,536.17,1,-1,-1,-1
236,5,519.50,237.51,368.25,518.93,1,-1,-1,-1
238,2,1100.78,240.61,474.01,531.45,1,-1,-1,-1
238,1,841.08,176.91,421.17,663.17,1,-1,-1,-1
239,23,241.84,231.96,603.32,478.30,1,-1,-1,-1
239,5,462.52,224.97,414.98,551.12,1,-1,-1,-1
239,2,1092.44,247.04,539.61,529.71,1,-1,-1,-1
239,1,831.80,178.01,658.91,675.50,1,-1,-1,-1
240,23,219.45,241.17,604.47,461.96,1,-1,-1,-1
240,12,213.33,272.71,448.06,386.05,1,-1,-1,-1
239,12,221.32,272.00,423.90,387.02,1,-1,-1,-1
238,12,237.41,274.25,388.92,388.41,1,-1,-1,-1
240,5,470.59,221.32,406.45,565.51,1,-1,-1,-1
240,2,1065.95,243.81,525.97,544.55,1,-1,-1,-1
240,1,825.64,174.47,658.84,695.83,1,-1,-1,-1
241,23,241.54,234.56,548.35,481.12,1,-1,-1,-1
241,12,198.58,271.32,436.42,390.39,1,-1,-1,-1
241,5,482.67,220.92,391.18,575.64,1,-1,-1,-1
241,2,1094.81,247.29,524.67,551.28,1,-1,-1,-1
241,1,816.08,180.08,690.46,706.86,1,-1,-1,-1
242,23,237.39,231.33,582.34,523.41,1,-1,-1,-1
242,5,406.86,228.96,453.44,578.51,1,-1,-1,-1
242,2,1068.34,242.11,515.27,574.19,1,-1,-1,-1
242,1,806.15,174.08,726.74,725.54,1,-1,-1,-1
243,23,230.88,230.21,525.34,509.28,1,-1,-1,-1
243,5,455.20,223.38,407.36,595.31,1,-1,-1,-1
243,2,1164.30,253.28,445.66,569.04,1,-1,-1,-1
243,1,800.42,203.38,741.90,711.74,1,-1,-1,-1
244,23,202.60,232.95,566.90,503.80,1,-1,-1,-1
244,21,158.70,279.38,324.26,396.91,1,-1,-1,-1
243,21,172.28,280.53,297.77,384.57,1,-1,-1,-1
242,21,176.92,273.87,350.70,400.43,1,-1,-1,-1
244,5,454.12,226.33,402.67,602.35,1,-1,-1,-1
244,2,1152.57,252.56,444.90,579.98,1,-1,-1,-1
244,1,799.79,214.37,728.48,711.68,1,-1,-1,-1
245,23,182.48,236.78,597.31,550.45,1,-1,-1,-1
245,5,428.98,225.67,407.84,620.17,1,-1,-1,-1
245,2,1170.49,249.40,436.32,606.34,1,-1,-1,-1
245,1,852.21,234.11,741.30,645.03,1,-1,-1,-1
246,23,154.16,247.97,632.13,552.51,1,-1,-1,-1
246,7,1260.20,262.06,379.28,493.65,1,-1,-1,-1
245,7,1258.01,253.84,375.63,494.51,1,-1,-1,-1
244,7,1258.26,251.85,357.41,482.60,1,-1,-1,-1
246,5,414.93,234.58,431.13,631.09,1,-1,-1,-1
246,2,1147.10,254.58,447.64,616.04,1,-1,-1,-1
247,23,177.38,255.43,535.92,517.66,1,-1,-1,-1
247,20,1126.49,311.01,306.07,434.95,1,-1,-1,-1
246,20,1252.63,264.47,418.22,486.77,1,-1,-1,-1
245,20,1312.84,274.87,364.70,446.26,1,-1,-1,-1
247,19,772.36,189.49,527.22,813.52,1,-1,-1,-1
246,19,783.09,172.01,525.03,804.99,1,-1,-1,-1
245,19,786.00,171.26,527.90,785.65,1,-1,-1,-1
247,7,1261.52,271.16,418.86,479.05,1,-1,-1,-1
247,5,368.07,237.01,456.36,650.87,1,-1,-1,-1
247,2,1178.87,257.15,432.77,629.72,1,-1,-1,-1
248,23,175.84,258.72,526.48,518.86,1,-1,-1,-1
248,19,750.85,208.49,584.88,819.96,1,-1,-1,-1
248,7,1292.58,277.48,401.08,469.27,1,-1,-1,-1
248,5,235.13,239.85,597.41,663.26,1,-1,-1,-1
248,2,1166.70,261.32,460.56,645.51,1,-1,-1,-1
249,23,166.75,267.86,485.96,523.41,1,-1,-1,-1
249,21,310.94,242.35,201.97,467.24,1,-1,-1,-1
248,21,116.18,302.18,341.07,397.43,1,-1,-1,-1
247,21,119.28,292.15,387.07,410.70,1,-1,-1,-1
249,19,744.75,223.92,608.52,841.36,1,-1,-1,-1
249,12,99.80,294.07,437.63,438.28,1,-1,-1,-1
248,12,120.02,291.16,415.04,427.38,1,-1,-1,-1
247,12,128.80,287.91,412.28,428.33,1,-1,-1,-1
249,7,1281.60,283.50,418.26,484.86,1,-1,-1,-1
249,5,352.06,246.51,504.12,678.73,1,-1,-1,-1
249,2,1171.49,270.55,447.63,657.81,1,-1,-1,-1
250,19,739.97,236.22,808.27,843.78,1,-1,-1,-1
250,12,19.28,292.24,548.02,449.57,1,-1,-1,-1
250,7,1305.90,298.17,399.03,484.94,1,-1,-1,-1
250,5,208.83,252.59,694.39,691.58,1,-1,-1,-1
250,2,1124.77,277.01,515.71,668.71,1,-1,-1,-1
251,19,706.53,227.90,787.47,852.10,1,-1,-1,-1
251,7,1310.24,295.66,396.67,490.87,1,-1,-1,-1
251,5,84.95,244.83,806.00,719.59,1,-1,-1,-1
252,20,1150.38,249.69,254.42,548.57,1,-1,-1,-1
251,20,1141.39,253.35,268.71,548.90,1,-1,-1,-1
250,20,1128.24,266.55,264.15,531.02,1,-1,-1,-1
252,19,690.17,220.42,742.37,859.58,1,-1,-1,-1
252,7,1296.73,294.89,415.16,496.12,1,-1,-1,-1
252,5,64.01,249.14,936.63,734.44,1,-1,-1,-1
253,20,1148.39,235.34,356.67,597.14,1,-1,-1,-1
253,19,498.82,232.64,1177.49,847.36,1,-1,-1,-1
253,8,558.07,187.60,259.63,645.80,1,-1,-1,-1
252,8,366.97,189.21,445.48,604.26,1,-1,-1,-1
251,8,565.84,242.87,251.31,584.63,1,-1,-1,-1
253,5,59.30,250.09,747.80,752.71,1,-1,-1,-1
253,1,1133.19,285.93,707.58,712.69,1,-1,-1,-1
252,1,1107.24,273.54,574.66,707.13,1,-1,-1,-1
251,1,1031.65,280.50,626.84,687.52,1,-1,-1,-1
254,26,442.35,165.21,371.18,675.56,1,-1,-1,-1
253,26,411.00,167.45,398.22,704.24,1,-1,-1,-1
252,26,355.82,186.28,310.72,505.35,1,-1,-1,-1
254,20,1142.86,206.20,357.22,629.48,1,-1,-1,-1
254,19,309.09,227.69,1368.05,852.31,1,-1,-1,-1
254,8,582.68,169.82,237.33,654.78,1,-1,-1,-1
254,5,44.64,257.30,764.90,758.43,1,-1,-1,-1
254,1,1118.17,296.94,753.25,716.71,1,-1,-1,-1
255,26,448.27,146.48,368.22,701.48,1,-1,-1,-1
255,24,885.13,100.62,290.61,760.65,1,-1,-1,-1
254,24,877.18,142.67,299.58,738.47,1,-1,-1,-1
253,24,877.62,88.54,300.98,791.14,1,-1,-1,-1
255,20,1175.32,124.01,309.11,725.14,1,-1,-1,-1
255,19,303.90,230.34,1394.73,849.66,1,-1,-1,-1
255,8,589.12,152.82,231.13,663.02,1,-1,-1,-1
255,5,42.59,231.12,722.76,802.73,1,-1,-1,-1
255,1,1130.79,304.36,726.45,727.39,1,-1,-1,-1
256,26,430.59,133.98,378.78,707.06,1,-1,-1,-1
256,24,893.15,76.00,281.56,797.81,1,-1,-1,-1
256,21,206.14,152.13,398.37,680.85,1,-1,-1,-1
255,21,232.46,159.78,353.77,645.17,1,-1,-1,-1
254,21,266.92,166.53,263.55,585.00,1,-1,-1,-1
256,20,1176.44,89.71,284.68,762.96,1,-1,-1,-1
256,19,260.39,229.25,1442.57,850.75,1,-1,-1,-1
256,8,564.72,152.28,250.00,686.01,1,-1,-1,-1
256,5,27.55,252.82,731.46,795.28,1,-1,-1,-1
256,1,1138.84,315.65,695.34,727.98,1,-1,-1,-1
257,21,402.06,120.58,208.73,643.67,1,-1,-1,-1
257,20,1177.09,62.23,260.76,800.44,1,-1,-1,-1
257,19,328.50,230.83,1339.92,849.17,1,-1,-1,-1
257,8,599.71,145.33,218.69,675.83,1,-1,-1,-1
257,5,6.09,261.01,737.61,812.77,1,-1,-1,-1
257,1,1140.28,309.42,675.80,754.04,1,-1,-1,-1
258,21,399.03,108.34,206.26,659.25,1,-1,-1,-1
258,20,1137.78,69.11,300.03,797.76,1,-1,-1,-1
258,19,300.24,197.07,1390.70,882.93,1,-1,-1,-1
258,8,604.68,61.78,225.21,769.68,1,-1,-1,-1
258,5,12.91,265.91,732.13,814.09,1,-1,-1,-1
258,1,1148.63,312.20,652.97,760.34,1,-1,-1,-1
259,21,391.51,85.38,329.94,750.96,1,-1,-1,-1
259,20,1085.05,95.01,358.24,785.40,1,-1,-1,-1
259,19,298.28,231.51,1405.03,848.49,1,-1,-1,-1
259,12,150.62,221.02,294.93,587.36,1,-1,-1,-1
258,12,179.00,184.95,287.77,602.91,1,-1,-1,-1
257,12,186.46,191.32,251.44,568.00,1,-1,-1,-1
259,8,553.87,78.90,288.30,746.08,1,-1,-1,-1
259,5,17.07,268.91,727.80,811.09,1,-1,-1,-1
259,2,1258.53,121.55,252.99,829.77,1,-1,-1,-1
258,2,1278.38,133.76,215.44,752.07,1,-1,-1,-1
257,2,1277.02,136.87,214.22,746.07,1,-1,-1,-1
259,1,1134.48,313.75,640.41,766.25,1,-1,-1,-1
260,21,379.76,79.62,320.91,760.38,1,-1,-1,-1
260,20,1046.77,70.96,407.88,817.01,1,-1,-1,-1
260,19,265.44,249.19,1404.69,830.81,1,-1,-1,-1
260,12,141.74,231.59,311.69,591.13,1,-1,-1,-1
260,8,559.11,57.86,301.62,808.53,1,-1,-1,-1
260,5,6.13,272.83,758.83,807.17,1,-1,-1,-1
260,1,1116.47,319.72,656.37,760.28,1,-1,-1,-1
261,24,769.24,5.36,394.95,835.52,1,-1,-1,-1
260,24,853.92,0.00,272.07,848.84,1,-1,-1,-1
259,24,867.45,0.00,233.56,853.74,1,-1,-1,-1
261,21,350.41,89.69,310.83,716.90,1,-1,-1,-1
261,20,1057.79,104.28,399.27,785.87,1,-1,-1,-1
261,19,266.01,287.48,1419.19,792.52,1,-1,-1,-1
261,12,132.10,234.42,329.44,583.11,1,-1,-1,-1
261,5,22.47,270.40,733.54,809.60,1,-1,-1,-1
261,1,1098.66,324.32,679.75,755.68,1,-1,-1,-1
262,24,763.00,27.51,426.07,803.93,1,-1,-1,-1
262,21,330.05,88.82,308.87,761.47,1,-1,-1,-1
262,20,1045.96,101.55,432.05,808.08,1,-1,-1,-1
262,19,246.77,309.34,1456.24,770.66,1,-1,-1,-1
262,5,0.72,270.33,780.96,809.67,1,-1,-1,-1
262,1,1098.12,322.31,726.32,757.69,1,-1,-1,-1
263,26,494.82,57.07,395.02,836.29,1,-1,-1,-1
262,26,518.85,51.36,388.45,830.27,1,-1,-1,-1
261,26,536.86,53.21,342.52,826.54,1,-1,-1,-1
263,24,732.92,58.75,488.72,858.25,1,-1,-1,-1
263,21,300.98,109.96,332.42,765.13,1,-1,-1,-1
263,20,1022.24,138.34,493.33,779.84,1,-1,-1,-1
263,19,180.37,318.62,1529.94,761.38,1,-1,-1,-1
263,5,0.00,266.88,759.88,813.12,1,-1,-1,-1
263,1,1101.14,318.60,801.17,761.40,1,-1,-1,-1
264,26,472.45,63.49,439.46,838.68,1,-1,-1,-1
264,24,806.62,70.97,436.08,843.07,1,-1,-1,-1
264,21,277.60,109.13,335.40,733.51,1,-1,-1,-1
264,20,1025.34,140.39,494.78,761.52,1,-1,-1,-1
264,19,156.30,330.66,1484.22,749.34,1,-1,-1,-1
264,7,1336.79,317.07,373.79,661.23,1,-1,-1,-1
263,7,1330.18,317.45,376.78,668.11,1,-1,-1,-1
262,7,1329.21,318.58,390.68,685.52,1,-1,-1,-1
264,5,1.51,271.58,757.35,808.42,1,-1,-1,-1
264,1,1090.19,327.84,793.31,752.16,1,-1,-1,-1
265,26,434.61,67.74,456.63,849.62,1,-1,-1,-1
265,24,629.23,92.76,625.72,891.26,1,-1,-1,-1
265,21,235.58,113.97,388.45,812.41,1,-1,-1,-1
265,20,998.71,151.54,546.60,760.70,1,-1,-1,-1
265,19,136.29,334.47,1517.05,745.53,1,-1,-1,-1
265,7,1331.85,314.86,373.14,679.12,1,-1,-1,-1
265,5,3.06,269.22,745.37,810.78,1,-1,-1,-1
265,1,1074.37,329.28,804.25,750.72,1,-1,-1,-1
266,26,411.37,73.34,416.05,835.93,1,-1,-1,-1
266,24,621.41,94.21,634.32,925.25,1,-1,-1,-1
266,21,197.02,135.10,460.23,833.61,1,-1,-1,-1
266,20,1009.83,164.89,548.44,749.17,1,-1,-1,-1
266,19,181.31,336.20,1474.13,743.80,1,-1,-1,-1
266,7,1348.92,315.30,346.25,632.84,1,-1,-1,-1
266,5,9.56,279.73,738.10,800.27,1,-1,-1,-1
266,1,1065.73,340.77,845.02,739.23,1,-1,-1,-1
267,26,352.63,147.71,526.57,809.46,1,-1,-1,-1
267,24,589.28,116.55,677.04,909.96,1,-1,-1,-1
267,21,36.08,296.12,865.07,783.88,1,-1,-1,-1
267,20,987.97,193.42,583.76,734.60,1,-1,-1,-1
267,19,180.55,339.75,1526.38,740.25,1,-1,-1,-1
267,7,1280.74,328.79,590.98,552.43,1,-1,-1,-1
267,5,35.25,296.32,759.76,783.68,1,-1,-1,-1
267,1,1106.52,341.99,757.66,738.01,1,-1,-1,-1
268,26,388.23,146.06,499.51,785.95,1,-1,-1,-1
268,21,195.31,227.20,431.06,666.12,1,-1,-1,-1
268,20,974.90,202.24,624.33,745.42,1,-1,-1,-1
268,19,200.41,311.58,1566.47,768.42,1,-1,-1,-1
268,5,18.26,312.90,956.17,767.10,1,-1,-1,-1
268,1,1123.24,334.21,720.67,745.79,1,-1,-1,-1
269,26,305.61,150.93,500.54,755.28,1,-1,-1,-1
269,23,0.00,338.70,550.40,617.97,1,-1,-1,-1
268,23,5.28,313.80,681.67,766.20,1,-1,-1,-1
267,23,0.00,304.59,606.25,705.04,1,-1,-1,-1
269,21,200.69,156.83,604.13,763.23,1,-1,-1,-1
269,20,988.40,209.56,427.40,719.79,1,-1,-1,-1
269,19,166.35,347.43,1435.76,732.57,1,-1,-1,-1
269,5,37.03,306.26,668.66,773.74,1,-1,-1,-1
269,1,1153.04,342.12,641.04,737.88,1,-1,-1,-1
270,26,332.57,151.24,468.47,745.54,1,-1,-1,-1
270,23,165.65,232.52,418.98,632.77,1,-1,-1,-1
270,21,171.44,157.69,631.92,748.32,1,-1,-1,-1
270,20,998.67,214.25,408.56,717.73,1,-1,-1,-1
270,19,244.46,356.51,1513.49,723.49,1,-1,-1,-1
270,5,33.01,314.44,683.60,765.56,1,-1,-1,-1
270,1,1096.76,354.85,658.27,725.15,1,-1,-1,-1
271,21,200.96,150.11,624.59,761.72,1,-1,-1,-1
271,20,985.81,215.99,406.92,724.38,1,-1,-1,-1
271,19,186.37,349.18,1533.25,730.82,1,-1,-1,-1
271,12,0.00,338.30,426.78,604.67,1,-1,-1,-1
270,12,0.00,339.30,440.43,605.38,1,-1,-1,-1
269,12,0.00,340.28,447.79,600.37,1,-1,-1,-1
271,5,2.94,336.26,787.54,743.74,1,-1,-1,-1
271,1,1126.47,357.27,697.07,722.73,1,-1,-1,-1
272,21,336.92,165.30,469.47,726.85,1,-1,-1,-1
272,20,980.81,222.04,421.17,718.44,1,-1,-1,-1
272,19,103.30,353.81,1509.62,726.19,1,-1,-1,-1
272,12,0.00,340.38,434.62,613.36,1,-1,-1,-1
272,5,0.00,354.15,985.40,725.85,1,-1,-1,-1
272,1,1107.99,355.54,647.66,724.46,1,-1,-1,-1
273,24,603.97,145.98,565.13,798.99,1,-1,-1,-1
272,24,608.52,146.20,566.25,799.07,1,-1,-1,-1
271,24,707.82,146.52,474.84,843.12,1,-1,-1,-1
273,21,340.77,168.10,450.69,714.81,1,-1,-1,-1
273,20,996.85,222.57,396.79,713.03,1,-1,-1,-1
273,19,174.98,357.30,1576.40,722.70,1,-1,-1,-1
273,12,0.00,338.66,424.51,595.96,1,-1,-1,-1
273,5,25.85,333.10,746.23,746.90,1,-1,-1,-1
274,24,599.97,150.91,584.58,794.45,1,-1,-1,-1
274,21,336.89,170.35,473.54,722.29,1,-1,-1,-1
274,20,1003.87,223.04,393.79,716.19,1,-1,-1,-1
274,19,142.44,357.35,1594.22,722.65,1,-1,-1,-1
274,12,0.00,338.63,451.40,594.53,1,-1,-1,-1
274,8,548.74,173.71,251.79,696.31,1,-1,-1,-1
273,8,545.09,172.41,240.30,688.09,1,-1,-1,-1
272,8,542.59,167.60,261.95,726.32,1,-1,-1,-1
274,5,28.33,332.51,764.88,747.49,1,-1,-1,-1
275,24,597.75,156.73,590.03,800.18,1,-1,-1,-1
275,21,337.69,173.75,486.97,715.09,1,-1,-1,-1
275,20,1005.83,225.06,390.29,718.42,1,-1,-1,-1
275,12,0.00,336.27,418.92,649.26,1,-1,-1,-1
275,8,533.44,180.37,281.86,717.43,1,-1,-1,-1
275,5,9.67,353.17,923.30,726.83,1,-1,-1,-1
276,24,564.20,165.75,603.04,835.01,1,-1,-1,-1
276,21,335.89,176.38,505.00,734.07,1,-1,-1,-1
276,20,1000.94,226.55,397.60,711.80,1,-1,-1,-1
276,12,0.00,340.82,448.09,598.79,1,-1,-1,-1
276,5,23.76,340.79,872.22,739.21,1,-1,-1,-1
276,1,1123.16,362.36,621.86,717.64,1,-1,-1,-1
275,1,1126.74,371.49,635.62,708.51,1,-1,-1,-1
274,1,1139.30,360.79,619.72,719.21,1,-1,-1,-1
277,24,626.72,175.51,613.28,836.13,1,-1,-1,-1
277,21,341.62,184.01,481.54,707.40,1,-1,-1,-1
277,20,985.01,233.22,424.28,711.75,1,-1,-1,-1
277,12,0.00,342.03,465.36,558.01,1,-1,-1,-1
277,5,43.84,321.09,738.22,758.91,1,-1,-1,-1
277,1,1108.40,358.56,655.58,721.44,1,-1,-1,-1
278,24,617.66,182.14,547.50,831.63,1,-1,-1,-1
278,22,1310.76,389.42,512.09,494.09,1,-1,-1,-1
277,22,1301.36,371.64,534.14,493.63,1,-1,-1,-1
276,22,1375.62,382.70,465.59,474.36,1,-1,-1,-1
278,21,395.66,185.78,409.57,686.79,1,-1,-1,-1
278,20,979.58,237.17,430.51,716.43,1,-1,-1,-1
278,19,250.40,313.83,1405.08,766.17,1,-1,-1,-1
277,19,174.01,325.59,1483.11,754.41,1,-1,-1,-1
276,19,139.18,345.38,1595.10,734.62,1,-1,-1,-1
278,12,0.00,347.58,443.29,578.14,1,-1,-1,-1
278,5,90.00,318.59,611.41,761.41,1,-1,-1,-1
278,1,1100.77,364.91,679.80,715.09,1,-1,-1,-1
279,24,630.41,178.22,607.50,831.26,1,-1,-1,-1
279,22,1293.80,394.94,517.41,479.49,1,-1,-1,-1
279,20,990.99,241.12,418.41,701.52,1,-1,-1,-1
279,19,190.24,288.16,1401.63,791.84,1,-1,-1,-1
279,12,5.84,325.39,454.56,602.37,1,-1,-1,-1
279,5,104.17,292.99,625.89,787.01,1,-1,-1,-1
279,1,1094.58,362.40,666.29,717.60,1,-1,-1,-1
280,24,667.90,166.96,528.60,772.00,1,-1,-1,-1
280,22,1267.74,391.07,531.57,486.14,1,-1,-1,-1
280,20,985.62,241.85,425.60,694.86,1,-1,-1,-1
280,19,207.98,295.77,1384.66,784.23,1,-1,-1,-1
280,12,18.04,335.36,444.43,578.09,1,-1,-1,-1
280,5,110.68,290.23,642.68,789.77,1,-1,-1,-1
280,1,1074.65,359.14,667.52,720.86,1,-1,-1,-1
281,24,738.44,115.66,436.32,825.35,1,-1,-1,-1
281,22,1288.58,387.17,493.67,504.73,1,-1,-1,-1
281,20,1013.55,251.20,394.17,668.18,1,-1,-1,-1
281,19,430.55,223.23,1143.98,856.77,1,-1,-1,-1
281,12,24.02,321.96,442.12,575.47,1,-1,-1,-1
281,5,147.66,322.59,589.36,757.41,1,-1,-1,-1
281,1,1051.52,361.79,688.21,718.21,1,-1,-1,-1
282,24,741.95,124.56,424.64,889.47,1,-1,-1,-1
282,22,1285.22,376.92,485.07,519.94,1,-1,-1,-1
282,20,1019.64,254.08,384.59,656.66,1,-1,-1,-1
282,19,513.59,216.75,1109.26,863.25,1,-1,-1,-1
282,12,43.94,337.85,414.69,559.58,1,-1,-1,-1
282,5,171.14,310.50,566.24,769.50,1,-1,-1,-1
282,1,1060.02,362.67,680.70,717.33,1,-1,-1,-1
283,25,350.81,224.89,263.07,642.87,1,-1,-1,-1
282,25,291.70,220.38,325.66,631.12,1,-1,-1,-1
281,25,290.56,229.19,357.71,643.96,1,-1,-1,-1
283,24,753.99,144.55,412.21,768.22,1,-1,-1,-1
283,20,1028.12,264.60,366.16,645.34,1,-1,-1,-1
283,19,565.09,266.22,1073.65,813.78,1,-1,-1,-1
283,12,70.02,337.80,405.73,546.61,1,-1,-1,-1
283,5,197.29,310.72,547.77,760.52,1,-1,-1,-1
283,1,1059.15,372.55,688.96,696.72,1,-1,-1,-1
284,25,364.60,242.14,254.95,549.82,1,-1,-1,-1
284,20,1055.42,279.07,483.63,634.92,1,-1,-1,-1
284,19,574.35,289.31,1018.04,790.69,1,-1,-1,-1
284,12,74.54,350.02,445.70,529.27,1,-1,-1,-1
284,5,214.75,324.47,547.32,736.12,1,-1,-1,-1
284,1,1048.94,382.17,664.38,673.39,1,-1,-1,-1
285,25,386.62,249.67,201.41,504.73,1,-1,-1,-1
285,21,575.91,147.73,248.84,703.45,1,-1,-1,-1
284,21,536.31,145.16,276.42,708.51,1,-1,-1,-1
283,21,520.78,136.66,336.03,726.13,1,-1,-1,-1
285,19,569.99,296.23,973.77,783.77,1,-1,-1,-1
285,12,104.48,352.26,428.64,523.18,1,-1,-1,-1
285,7,1008.02,273.19,363.86,616.83,1,-1,-1,-1
284,7,1057.97,268.77,335.59,688.79,1,-1,-1,-1
283,7,1042.83,259.16,349.05,685.65,1,-1,-1,-1
285,5,235.42,338.66,603.81,708.86,1,-1,-1,-1
285,1,1071.70,363.94,518.13,670.26,1,-1,-1,-1
286,25,404.24,256.35,176.15,470.93,1,-1,-1,-1
286,23,256.99,315.89,201.56,381.61,1,-1,-1,-1
285,23,249.77,305.01,204.08,413.59,1,-1,-1,-1
284,23,238.00,256.89,212.26,473.56,1,-1,-1,-1
286,22,1280.20,380.08,429.27,465.30,1,-1,-1,-1
285,22,1307.08,437.11,414.36,421.44,1,-1,-1,-1
284,22,1278.25,436.48,463.15,444.98,1,-1,-1,-1
286,19,583.02,306.43,974.01,773.57,1,-1,-1,-1
286,12,114.38,357.15,402.44,511.49,1,-1,-1,-1
286,7,1050.09,273.49,295.57,609.48,1,-1,-1,-1
286,5,246.82,337.35,610.89,695.48,1,-1,-1,-1
286,2,1036.99,277.21,315.37,600.18,1,-1,-1,-1
285,2,1027.97,270.01,237.80,612.53,1,-1,-1,-1
284,2,1071.63,318.98,470.31,589.43,1,-1,-1,-1
286,1,1073.21,368.79,554.33,660.06,1,-1,-1,-1
287,26,2.25,378.47,334.22,424.32,1,-1,-1,-1
286,26,0.00,377.65,345.11,432.49,1,-1,-1,-1
285,26,0.00,378.56,340.81,433.15,1,-1,-1,-1
287,25,397.26,262.01,191.71,465.98,1,-1,-1,-1
287,24,837.07,225.89,318.15,632.55,1,-1,-1,-1
286,24,827.21,214.96,316.85,665.69,1,-1,-1,-1
285,24,793.63,163.55,338.93,739.59,1,-1,-1,-1
287,23,261.75,318.68,200.62,366.54,1,-1,-1,-1
287,22,1287.33,398.97,409.30,424.29,1,-1,-1,-1
287,19,594.82,316.46,825.75,763.54,1,-1,-1,-1
287,12,127.67,355.69,399.47,514.87,1,-1,-1,-1
287,8,587.90,220.44,221.34,611.32,1,-1,-1,-1
286,8,584.42,218.78,220.38,626.93,1,-1,-1,-1
285,8,570.13,191.33,239.49,655.63,1,-1,-1,-1
287,5,258.70,343.27,500.63,669.53,1,-1,-1,-1
287,2,1052.85,275.96,283.29,596.17,1,-1,-1,-1
287,1,1074.60,375.87,460.04,640.64,1,-1,-1,-1
288,26,4.34,379.78,346.12,419.43,1,-1,-1,-1
288,25,403.83,262.81,185.64,455.02,1,-1,-1,-1
288,24,830.53,222.56,294.65,588.74,1,-1,-1,-1
288,23,258.55,320.16,204.89,360.56,1,-1,-1,-1
288,22,1267.21,408.02,417.75,460.00,1,-1,-1,-1
288,19,603.71,330.30,790.05,749.70,1,-1,-1,-1
288,12,132.19,359.85,434.00,504.08,1,-1,-1,-1
288,8,591.49,225.28,216.99,599.31,1,-1,-1,-1
288,5,265.53,341.64,500.89,659.84,1,-1,-1,-1
288,2,1049.90,273.78,256.74,557.85,1,-1,-1,-1
288,1,1081.74,376.60,482.42,626.97,1,-1,-1,-1
289,26,16.29,380.81,325.97,419.86,1,-1,-1,-1
289,25,400.32,265.87,195.32,468.63,1,-1,-1,-1
289,24,824.66,207.36,244.02,646.04,1,-1,-1,-1
289,23,271.46,321.42,186.50,352.76,1,-1,-1,-1
289,22,1282.99,400.62,362.29,445.58,1,-1,-1,-1
289,19,619.28,336.49,604.18,743.51,1,-1,-1,-1
289,12,141.91,357.30,438.04,500.17,1,-1,-1,-1
289,8,596.96,231.71,200.08,598.41,1,-1,-1,-1
289,5,283.26,342.79,470.74,640.84,1,-1,-1,-1
289,2,1121.47,251.64,337.23,577.22,1,-1,-1,-1
289,1,1074.92,376.11,417.96,610.36,1,-1,-1,-1
290,26,23.26,382.18,321.58,419.03,1,-1,-1,-1
290,25,336.01,266.85,255.39,471.83,1,-1,-1,-1
290,24,813.60,213.40,229.03,619.24,1,-1,-1,-1
290,22,1270.49,408.66,339.09,441.56,1,-1,-1,-1
290,19,627.97,382.15,564.54,697.85,1,-1,-1,-1
290,12,148.94,351.58,421.47,504.39,1,-1,-1,-1
290,8,585.17,218.31,208.63,610.46,1,-1,-1,-1
290,5,291.06,342.04,448.29,632.14,1,-1,-1,-1
290,2,1078.82,231.62,372.98,607.02,1,-1,-1,-1
290,1,1061.11,374.70,450.37,599.63,1,-1,-1,-1
291,26,35.47,383.80,324.75,415.19,1,-1,-1,-1
291,25,400.29,271.97,203.91,476.04,1,-1,-1,-1
291,24,808.90,232.05,200.81,588.67,1,-1,-1,-1
291,22,1254.09,443.81,316.64,377.86,1,-1,-1,-1
291,19,639.94,334.76,577.08,738.12,1,-1,-1,-1
291,12,161.06,357.63,403.46,494.21,1,-1,-1,-1
291,8,591.76,244.63,194.71,572.87,1,-1,-1,-1
291,7,1035.96,270.10,228.41,555.55,1,-1,-1,-1
290,7,803.31,191.33,389.76,683.51,1,-1,-1,-1
289,7,1044.42,227.50,234.41,612.92,1,-1,-1,-1
291,5,305.79,348.02,403.81,612.62,1,-1,-1,-1
291,2,1165.63,301.97,269.46,509.72,1,-1,-1,-1
291,1,825.47,372.01,681.57,595.60,1,-1,-1,-1
292,30,38.57,380.88,310.96,417.81,1,-1,-1,-1
291,30,27.85,382.71,326.22,421.96,1,-1,-1,-1
290,30,15.36,381.72,331.33,425.95,1,-1,-1,-1
292,25,420.28,271.39,184.21,472.48,1,-1,-1,-1
292,24,815.28,193.73,293.19,690.48,1,-1,-1,-1
292,22,1239.41,395.86,321.87,436.69,1,-1,-1,-1
292,19,643.84,302.00,494.71,747.81,1,-1,-1,-1
292,12,172.01,365.64,366.15,477.65,1,-1,-1,-1
292,8,595.02,243.53,183.30,571.37,1,-1,-1,-1
292,7,1020.36,288.35,205.73,538.04,1,-1,-1,-1
292,5,314.80,348.44,403.99,598.69,1,-1,-1,-1
292,2,1163.75,303.92,232.82,512.92,1,-1,-1,-1
292,1,1047.93,372.13,409.02,581.75,1,-1,-1,-1
293,30,51.77,378.86,303.82,405.73,1,-1,-1,-1
293,25,426.44,268.27,176.34,482.01,1,-1,-1,-1
293,24,769.36,242.83,262.82,667.73,1,-1,-1,-1
293,19,647.33,440.80,476.83,586.38,1,-1,-1,-1
293,12,183.49,360.85,329.15,465.67,1,-1,-1,-1
293,8,598.47,244.13,173.25,559.95,1,-1,-1,-1
293,7,1021.63,294.09,200.45,525.20,1,-1,-1,-1
293,5,330.48,349.19,380.95,581.12,1,-1,-1,-1
293,2,1139.48,304.23,218.70,513.36,1,-1,-1,-1
293,1,1059.82,375.17,407.12,561.58,1,-1,-1,-1
294,30,62.98,377.51,279.45,386.78,1,-1,-1,-1
294,25,430.67,269.28,160.06,413.23,1,-1,-1,-1
294,24,767.29,248.71,198.83,598.08,1,-1,-1,-1
294,19,649.69,340.16,466.57,673.88,1,-1,-1,-1
294,12,194.72,360.41,351.63,457.74,1,-1,-1,-1
294,8,596.79,243.40,173.97,545.31,1,-1,-1,-1
294,7,1003.70,292.75,213.30,526.28,1,-1,-1,-1
294,5,339.03,348.83,382.58,572.35,1,-1,-1,-1
294,2,1152.45,302.38,184.49,492.68,1,-1,-1,-1
294,1,1052.58,372.76,410.20,550.60,1,-1,-1,-1
295,30,79.79,374.86,270.44,380.84,1,-1,-1,-1
295,25,433.99,267.49,165.86,437.32,1,-1,-1,-1
295,24,774.38,249.95,187.64,562.51,1,-1,-1,-1
295,19,656.88,340.25,446.24,648.72,1,-1,-1,-1
295,8,600.85,243.54,170.34,542.36,1,-1,-1,-1
295,7,991.77,292.17,224.74,517.45,1,-1,-1,-1
295,5,347.60,351.38,371.77,554.84,1,-1,-1,-1
295,2,1148.35,304.29,160.83,503.66,1,-1,-1,-1
295,1,1035.25,374.60,426.81,534.39,1,-1,-1,-1
296,30,84.34,375.36,279.63,375.55,1,-1,-1,-1
296,25,425.87,267.16,181.85,445.90,1,-1,-1,-1
296,24,758.88,248.30,207.57,557.32,1,-1,-1,-1
296,22,1156.40,400.37,366.04,401.56,1,-1,-1,-1
295,22,1207.82,392.18,321.97,421.65,1,-1,-1,-1
294,22,1236.62,355.04,307.89,457.38,1,-1,-1,-1
296,19,649.06,342.26,451.01,633.46,1,-1,-1,-1
296,8,595.47,245.38,180.02,535.41,1,-1,-1,-1
296,7,987.71,293.36,238.33,507.72,1,-1,-1,-1
296,5,354.38,348.04,381.85,547.28,1,-1,-1,-1
296,2,1136.09,306.93,163.27,498.90,1,-1,-1,-1
296,1,1035.01,374.36,397.39,523.78,1,-1,-1,-1
297,30,88.29,374.66,290.89,378.33,1,-1,-1,-1
297,25,418.07,263.82,215.72,483.71,1,-1,-1,-1
297,24,719.11,247.17,255.29,529.77,1,-1,-1,-1
297,23,309.82,313.06,154.24,372.08,1,-1,-1,-1
296,23,318.69,315.08,143.88,354.90,1,-1,-1,-1
295,23,310.49,318.73,126.08,332.95,1,-1,-1,-1
297,22,1179.34,412.12,334.63,385.42,1,-1,-1,-1
297,19,649.96,349.41,445.89,610.46,1,-1,-1,-1
297,8,566.51,244.43,294.21,521.67,1,-1,-1,-1
297,7,984.11,296.01,221.01,497.06,1,-1,-1,-1
297,5,345.01,346.67,384.37,536.20,1,-1,-1,-1
297,2,1098.06,307.30,190.93,467.47,1,-1,-1,-1
297,1,1011.36,379.00,342.76,507.57,1,-1,-1,-1
298,30,99.76,374.36,285.93,371.97,1,-1,-1,-1
298,25,410.57,259.90,229.93,504.21,1,-1,-1,-1
298,24,721.40,244.18,257.08,545.02,1,-1,-1,-1
298,23,293.80,307.97,170.39,394.64,1,-1,-1,-1
298,22,1176.85,399.52,283.00,391.88,1,-1,-1,-1
298,19,667.02,347.20,424.66,599.16,1,-1,-1,-1
298,12,218.71,353.66,339.70,430.12,1,-1,-1,-1
297,12,202.04,355.50,350.76,426.92,1,-1,-1,-1
296,12,192.14,354.32,365.26,444.04,1,-1,-1,-1
298,8,548.46,244.50,299.72,515.96,1,-1,-1,-1
298,7,994.84,293.32,187.53,493.23,1,-1,-1,-1
298,5,367.37,346.38,354.91,524.46,1,-1,-1,-1
298,1,999.10,380.29,367.11,495.63,1,-1,-1,-1
299,30,116.67,368.27,271.66,376.04,1,-1,-1,-1
299,25,400.58,255.02,219.02,453.36,1,-1,-1,-1
299,23,299.02,302.28,180.11,401.18,1,-1,-1,-1
299,19,676.09,338.36,409.18,591.49,1,-1,-1,-1
299,12,219.29,351.10,354.81,422.47,1,-1,-1,-1
299,8,547.59,230.68,293.25,523.85,1,-1,-1,-1
299,7,1001.84,266.43,182.74,500.47,1,-1,-1,-1
299,5,384.37,341.32,354.51,517.28,1,-1,-1,-1
299,1,989.91,372.86,391.97,488.27,1,-1,-1,-1
300,31,752.45,175.44,320.28,579.33,1,-1,-1,-1
299,31,706.78,178.43,407.16,586.56,1,-1,-1,-1
298,31,722.24,170.81,387.83,595.10,1,-1,-1,-1
300,30,123.83,366.31,266.52,367.83,1,-1,-1,-1
300,25,396.12,251.62,230.50,456.26,1,-1,-1,-1
300,23,298.90,302.82,177.83,395.60,1,-1,-1,-1
300,20,1233.00,424.27,262.28,323.10,1,-1,-1,-1
299,20,1180.23,414.90,319.05,358.47,1,-1,-1,-1
298,20,1219.90,430.02,289.20,353.35,1,-1,-1,-1
300,19,681.23,325.75,398.33,595.29,1,-1,-1,-1
300,12,248.71,349.16,314.29,417.69,1,-1,-1,-1
300,8,567.50,188.97,302.86,561.03,1,-1,-1,-1
300,7,993.22,263.36,185.89,496.73,1,-1,-1,-1
300,5,395.57,344.90,333.67,503.16,1,-1,-1,-1
300,1,980.62,368.62,401.59,481.38,1,-1,-1,-1
301,31,697.19,171.15,380.52,582.25,1,-1,-1,-1
301,30,140.55,360.34,272.28,367.13,1,-1,-1,-1
301,25,400.47,253.34,256.19,474.93,1,-1,-1,-1
301,23,316.38,300.04,190.99,404.20,1,-1,-1,-1
301,20,1213.87,420.99,274.89,340.12,1,-1,-1,-1
301,19,683.23,327.02,390.33,574.95,1,-1,-1,-1
301,12,266.37,343.10,309.93,410.51,1,-1,-1,-1
301,8,589.94,228.32,257.19,508.60,1,-1,-1,-1
301,7,986.07,280.19,179.91,468.30,1,-1,-1,-1
301,5,410.75,341.63,329.05,493.83,1,-1,-1,-1
301,2,1110.89,295.95,207.32,456.76,1,-1,-1,-1
300,2,1119.38,300.03,212.41,467.48,1,-1,-1,-1
299,2,1119.16,301.68,214.78,443.72,1,-1,-1,-1
301,1,984.68,343.45,347.94,496.99,1,-1,-1,-1
302,31,764.38,162.63,311.66,583.00,1,-1,-1,-1
302,30,148.01,352.98,262.98,357.86,1,-1,-1,-1
302,25,413.42,251.22,212.56,464.92,1,-1,-1,-1
302,23,317.50,294.40,169.61,393.38,1,-1,-1,-1
302,20,1199.86,381.61,283.55,370.78,1,-1,-1,-1
302,19,690.39,331.77,384.20,557.52,1,-1,-1,-1
302,12,273.82,345.03,299.61,398.98,1,-1,-1,-1
302,8,580.59,227.54,225.30,507.86,1,-1,-1,-1
302,7,983.55,280.00,190.25,464.87,1,-1,-1,-1
302,5,422.28,338.99,326.20,483.08,1,-1,-1,-1
302,2,1110.17,291.45,195.80,442.91,1,-1,-1,-1
302,1,998.54,356.84,314.95,474.39,1,-1,-1,-1
303,31,692.50,213.41,379.13,519.79,1,-1,-1,-1
303,30,154.95,349.79,253.07,349.60,1,-1,-1,-1
303,25,425.40,250.37,202.08,418.01,1,-1,-1,-1
303,23,328.84,288.89,163.46,360.83,1,-1,-1,-1
303,20,1209.72,403.61,267.40,338.23,1,-1,-1,-1
303,19,692.63,327.66,376.91,547.11,1,-1,-1,-1
303,12,284.72,339.31,266.70,390.31,1,-1,-1,-1
303,8,597.17,229.58,196.04,478.62,1,-1,-1,-1
303,7,967.41,277.63,196.19,460.17,1,-1,-1,-1
303,5,436.85,338.61,315.11,470.91,1,-1,-1,-1
303,2,1116.92,288.44,139.46,428.84,1,-1,-1,-1
303,1,981.72,354.39,321.72,463.95,1,-1,-1,-1
304,31,767.26,187.16,305.09,544.20,1,-1,-1,-1
304,30,164.68,349.09,242.41,352.70,1,-1,-1,-1
304,25,442.65,250.03,181.82,406.31,1,-1,-1,-1
304,23,334.02,289.95,160.70,340.48,1,-1,-1,-1
304,20,1203.39,404.13,270.30,334.04,1,-1,-1,-1
304,19,566.45,364.64,507.74,498.07,1,-1,-1,-1
304,12,289.99,342.01,267.57,384.76,1,-1,-1,-1
304,8,611.89,226.51,184.94,489.24,1,-1,-1,-1
304,7,967.47,280.46,202.91,447.69,1,-1,-1,-1
304,5,443.76,338.76,307.57,459.61,1,-1,-1,-1
304,2,1103.31,284.16,165.61,416.10,1,-1,-1,-1
304,1,819.02,357.57,479.71,453.21,1,-1,-1,-1
305,32,1195.21,330.20,146.59,294.34,1,-1,-1,-1
304,32,1199.62,336.22,140.67,328.25,1,-1,-1,-1
303,32,1205.30,337.57,135.31,356.61,1,-1,-1,-1
305,30,176.54,347.06,243.42,346.96,1,-1,-1,-1
305,25,452.24,246.26,175.80,385.44,1,-1,-1,-1
305,23,297.60,282.28,206.86,348.31,1,-1,-1,-1
305,20,1179.88,399.78,283.05,327.28,1,-1,-1,-1
305,19,566.12,331.75,486.94,517.53,1,-1,-1,-1
305,12,304.43,341.77,269.75,380.27,1,-1,-1,-1
305,8,611.82,225.67,205.35,477.18,1,-1,-1,-1
305,7,959.58,275.69,245.24,431.98,1,-1,-1,-1
305,5,456.74,333.09,301.50,454.89,1,-1,-1,-1
305,2,1077.93,282.05,184.94,395.52,1,-1,-1,-1
305,1,971.98,357.19,320.16,442.68,1,-1,-1,-1
306,33,764.32,233.60,229.90,517.39,1,-1,-1,-1
305,33,733.66,237.09,259.23,479.22,1,-1,-1,-1
304,33,765.40,235.22,244.02,498.72,1,-1,-1,-1
306,32,1199.44,327.40,142.27,309.61,1,-1,-1,-1
306,30,180.57,344.93,248.42,342.40,1,-1,-1,-1
306,25,446.35,246.10,187.72,413.70,1,-1,-1,-1
306,23,301.36,278.95,212.16,364.03,1,-1,-1,-1
306,20,1189.03,392.75,271.30,317.64,1,-1,-1,-1
306,19,585.15,317.50,572.93,524.70,1,-1,-1,-1
306,12,310.42,341.69,286.57,375.56,1,-1,-1,-1
306,8,612.00,224.00,206.22,482.91,1,-1,-1,-1
306,7,957.52,273.47,239.72,442.76,1,-1,-1,-1
306,5,456.06,331.30,306.86,453.21,1,-1,-1,-1
306,2,1093.40,282.19,161.31,405.71,1,-1,-1,-1
306,1,969.24,351.15,320.99,438.16,1,-1,-1,-1
307,32,1190.76,321.22,145.72,329.12,1,-1,-1,-1
307,30,189.34,342.82,247.82,334.53,1,-1,-1,-1
307,25,458.08,242.18,174.27,414.75,1,-1,-1,-1
307,23,310.92,272.48,201.18,369.83,1,-1,-1,-1
307,20,1126.76,379.99,333.36,343.87,1,-1,-1,-1
307,19,638.56,317.46,420.74,506.87,1,-1,-1,-1
307,12,312.88,332.63,260.37,371.02,1,-1,-1,-1
307,8,610.43,223.23,210.80,471.52,1,-1,-1,-1
307,7,948.03,263.86,278.15,457.31,1,-1,-1,-1
307,5,468.04,327.57,351.25,448.32,1,-1,-1,-1
307,2,1082.08,275.66,170.34,414.16,1,-1,-1,-1
307,1,965.38,348.83,344.23,419.77,1,-1,-1,-1
308,32,1204.58,319.69,128.05,310.68,1,-1,-1,-1
308,30,195.30,340.70,254.68,337.06,1,-1,-1,-1
308,25,454.49,240.12,182.88,414.39,1,-1,-1,-1
308,23,309.94,270.29,198.47,363.65,1,-1,-1,-1
308,20,1142.47,380.40,314.20,331.18,1,-1,-1,-1
308,19,681.76,285.05,377.16,533.82,1,-1,-1,-1
308,12,323.53,334.15,255.39,367.44,1,-1,-1,-1
308,8,599.82,203.58,234.80,494.44,1,-1,-1,-1
308,7,912.79,237.90,313.73,480.68,1,-1,-1,-1
308,5,467.21,329.60,328.48,436.79,1,-1,-1,-1
308,2,1075.22,274.26,175.33,411.21,1,-1,-1,-1
308,1,963.03,348.43,342.53,420.30,1,-1,-1,-1
309,30,201.54,336.42,252.16,329.40,1,-1,-1,-1
309,25,444.06,238.27,219.52,427.47,1,-1,-1,-1
309,23,306.37,270.19,207.63,354.88,1,-1,-1,-1
309,20,1167.75,387.96,286.16,298.47,1,-1,-1,-1
309,19,679.53,288.20,387.58,523.76,1,-1,-1,-1
309,12,325.10,331.08,262.83,367.25,1,-1,-1,-1
309,8,602.75,216.65,223.06,478.07,1,-1,-1,-1
309,5,473.63,326.05,341.07,433.69,1,-1,-1,-1
309,2,1075.08,272.42,176.19,407.99,1,-1,-1,-1
309,1,964.51,347.13,399.15,414.07,1,-1,-1,-1
310,33,746.21,232.33,290.62,500.17,1,-1,-1,-1
309,33,753.33,228.78,276.13,491.79,1,-1,-1,-1
308,33,771.53,234.62,274.85,513.80,1,-1,-1,-1
310,31,962.20,344.63,347.61,413.51,1,-1,-1,-1
309,31,936.44,243.89,292.34,470.26,1,-1,-1,-1
308,31,890.05,233.74,336.72,490.93,1,-1,-1,-1
310,30,208.34,328.14,235.49,330.85,1,-1,-1,-1
310,25,460.41,236.85,205.34,417.65,1,-1,-1,-1
310,23,311.67,272.16,203.78,349.26,1,-1,-1,-1
310,20,1194.13,349.43,272.23,332.99,1,-1,-1,-1
310,19,681.74,308.72,396.50,497.73,1,-1,-1,-1
310,12,332.17,326.72,251.15,379.17,1,-1,-1,-1
310,8,607.01,215.93,217.92,477.74,1,-1,-1,-1
310,5,473.58,321.91,326.28,428.12,1,-1,-1,-1
310,2,1079.49,268.70,183.12,429.24,1,-1,-1,-1
310,1,963.02,347.30,391.64,408.93,1,-1,-1,-1
311,33,759.06,233.46,282.08,474.99,1,-1,-1,-1
311,30,214.90,329.59,252.28,336.24,1,-1,-1,-1
311,25,454.69,235.43,205.81,392.74,1,-1,-1,-1
311,23,342.61,268.47,183.54,353.88,1,-1,-1,-1
311,22,1190.21,314.17,176.26,348.68,1,-1,-1,-1
310,22,1191.23,316.98,205.44,357.82,1,-1,-1,-1
309,22,1188.93,317.24,189.04,353.05,1,-1,-1,-1
311,20,1139.18,324.79,319.47,366.29,1,-1,-1,-1
311,19,660.30,324.98,419.93,477.30,1,-1,-1,-1
311,12,331.18,324.74,288.26,374.06,1,-1,-1,-1
311,8,607.73,213.22,217.49,451.02,1,-1,-1,-1
311,5,473.18,317.97,327.38,428.68,1,-1,-1,-1
311,2,1086.56,265.72,164.23,425.33,1,-1,-1,-1
311,1,981.64,336.98,367.46,417.95,1,-1,-1,-1
312,33,766.96,232.80,274.21,468.09,1,-1,-1,-1
312,30,218.77,330.28,238.85,333.95,1,-1,-1,-1
312,25,457.59,234.97,196.37,388.05,1,-1,-1,-1
312,23,353.69,269.50,165.82,341.97,1,-1,-1,-1
312,22,1180.98,311.95,185.69,345.24,1,-1,-1,-1
312,20,1140.87,335.20,326.73,345.63,1,-1,-1,-1
312,19,669.69,323.30,400.66,471.22,1,-1,-1,-1
312,12,341.66,326.65,265.92,359.07,1,-1,-1,-1
312,8,618.32,214.55,198.38,445.56,1,-1,-1,-1
312,7,901.40,256.73,262.23,440.60,1,-1,-1,-1
311,7,952.22,256.05,242.91,455.19,1,-1,-1,-1
310,7,951.66,240.67,248.45,466.74,1,-1,-1,-1
312,5,480.82,319.65,303.49,421.90,1,-1,-1,-1
312,2,1093.48,265.27,152.37,400.08,1,-1,-1,-1
313,33,751.36,232.34,296.59,465.26,1,-1,-1,-1
313,30,221.52,329.11,230.35,319.00,1,-1,-1,-1
313,25,457.40,234.33,197.56,380.74,1,-1,-1,-1
313,23,359.33,275.94,164.51,315.58,1,-1,-1,-1
313,22,1167.41,308.47,198.45,336.87,1,-1,-1,-1
313,20,1128.73,349.53,353.25,336.53,1,-1,-1,-1
313,19,684.84,322.83,396.36,462.12,1,-1,-1,-1
313,12,349.29,323.65,254.00,354.91,1,-1,-1,-1
313,8,620.35,212.81,189.10,446.86,1,-1,-1,-1
313,7,914.02,256.58,250.39,430.12,1,-1,-1,-1
313,5,495.98,319.39,294.62,415.41,1,-1,-1,-1
313,2,1081.20,262.54,163.50,392.69,1,-1,-1,-1
314,33,749.22,233.32,290.28,456.38,1,-1,-1,-1
314,31,977.44,343.98,289.35,396.49,1,-1,-1,-1
313,31,986.80,342.44,289.45,402.39,1,-1,-1,-1
312,31,969.43,341.19,332.09,406.48,1,-1,-1,-1
314,30,228.56,330.16,226.22,313.85,1,-1,-1,-1
314,25,453.21,233.33,203.87,386.73,1,-1,-1,-1
314,23,367.84,280.87,157.11,311.86,1,-1,-1,-1
314,22,1159.70,310.03,171.11,315.99,1,-1,-1,-1
314,20,1133.09,377.48,350.62,303.89,1,-1,-1,-1
314,19,696.40,337.20,377.04,441.89,1,-1,-1,-1
314,12,355.21,317.59,250.29,359.83,1,-1,-1,-1
314,8,612.53,212.85,212.04,449.03,1,-1,-1,-1
314,7,912.66,260.39,243.00,419.41,1,-1,-1,-1
314,5,501.62,317.19,284.98,413.77,1,-1,-1,-1
314,2,1077.83,262.83,165.37,396.98,1,-1,-1,-1
315,33,750.19,230.75,288.77,443.96,1,-1,-1,-1
315,31,970.24,351.40,302.40,378.29,1,-1,-1,-1
315,30,237.07,330.06,219.51,304.92,1,-1,-1,-1
315,25,469.24,230.36,189.21,385.00,1,-1,-1,-1
315,23,373.23,282.32,155.98,311.56,1,-1,-1,-1
315,22,1182.01,310.70,150.46,301.05,1,-1,-1,-1
315,20,1131.86,363.83,348.07,312.73,1,-1,-1,-1
315,19,699.62,330.34,370.13,440.37,1,-1,-1,-1
315,12,359.47,309.71,255.17,369.33,1,-1,-1,-1
315,8,624.02,217.54,196.00,431.99,1,-1,-1,-1
315,7,908.89,265.19,247.34,402.54,1,-1,-1,-1
315,5,505.92,315.51,287.51,402.83,1,-1,-1,-1
315,2,1076.75,263.25,166.35,389.98,1,-1,-1,-1
316,33,762.30,231.92,269.85,439.46,1,-1,-1,-1
316,31,977.31,351.19,307.95,376.58,1,-1,-1,-1
316,30,239.58,329.04,227.14,305.02,1,-1,-1,-1
316,25,474.30,229.77,187.48,375.06,1,-1,-1,-1
316,23,378.35,279.66,152.48,309.71,1,-1,-1,-1
316,22,1181.24,309.33,149.06,301.11,1,-1,-1,-1
316,20,1134.61,365.36,343.00,307.80,1,-1,-1,-1
316,19,697.84,324.08,376.10,440.31,1,-1,-1,-1
316,12,360.00,307.06,260.00,366.51,1,-1,-1,-1
316,8,626.79,214.38,203.58,432.34,1,-1,-1,-1
316,7,906.17,266.34,244.44,400.17,1,-1,-1,-1
316,5,506.71,311.23,295.02,402.28,1,-1,-1,-1
316,2,1074.77,263.63,177.76,392.98,1,-1,-1,-1
317,33,770.09,231.15,257.19,450.31,1,-1,-1,-1
317,31,988.16,348.79,309.18,373.44,1,-1,-1,-1
317,30,245.64,326.72,222.80,306.54,1,-1,-1,-1
317,25,464.29,226.10,204.50,379.50,1,-1,-1,-1
317,23,381.15,269.67,158.48,325.54,1,-1,-1,-1
317,22,1185.45,305.82,141.42,307.67,1,-1,-1,-1
317,20,1140.12,364.78,327.10,303.71,1,-1,-1,-1
317,19,708.92,325.73,361.97,430.79,1,-1,-1,-1
317,12,367.32,303.19,264.25,373.93,1,-1,-1,-1
317,8,624.77,210.38,203.05,438.58,1,-1,-1,-1
317,7,916.05,260.77,233.18,402.91,1,-1,-1,-1
317,5,506.61,307.36,288.08,401.06,1,-1,-1,-1
317,2,1077.24,265.73,180.93,381.57,1,-1,-1,-1
318,33,774.75,225.16,259.52,451.93,1,-1,-1,-1
318,32,1225.38,367.87,243.48,282.88,1,-1,-1,-1
317,32,1232.25,373.53,237.59,276.33,1,-1,-1,-1
316,32,1222.38,380.30,259.19,272.57,1,-1,-1,-1
318,31,988.89,343.07,317.96,373.57,1,-1,-1,-1
318,30,247.82,324.43,229.43,306.10,1,-1,-1,-1
318,25,463.21,222.75,214.03,397.71,1,-1,-1,-1
318,23,371.13,260.60,174.98,336.84,1,-1,-1,-1
318,22,1173.04,297.55,148.08,318.70,1,-1,-1,-1
318,20,1132.31,360.18,331.19,305.90,1,-1,-1,-1
318,19,707.91,315.36,357.45,436.69,1,-1,-1,-1
318,12,366.41,299.20,273.44,359.73,1,-1,-1,-1
318,8,630.98,207.96,194.19,437.99,1,-1,-1,-1
318,7,945.60,257.81,226.27,400.93,1,-1,-1,-1
318,5,507.52,305.42,292.68,396.66,1,-1,-1,-1
318,2,1077.49,264.72,210.35,383.14,1,-1,-1,-1
319,33,800.97,212.08,226.40,445.15,1,-1,-1,-1
319,31,992.50,332.20,311.04,379.75,1,-1,-1,-1
319,30,255.64,315.40,216.64,314.01,1,-1,-1,-1
319,25,468.86,218.26,204.78,398.97,1,-1,-1,-1
319,23,381.52,252.00,159.81,342.63,1,-1,-1,-1
319,22,1186.40,294.14,127.08,323.91,1,-1,-1,-1
319,20,1152.46,351.79,299.28,313.39,1,-1,-1,-1
319,19,719.13,303.06,342.00,446.35,1,-1,-1,-1
319,12,370.69,293.36,267.52,365.55,1,-1,-1,-1
319,8,642.03,196.81,181.74,442.37,1,-1,-1,-1
319,7,942.13,245.22,196.82,404.82,1,-1,-1,-1
319,5,511.41,301.95,289.07,398.64,1,-1,-1,-1
319,2,1090.70,261.88,160.45,377.98,1,-1,-1,-1
320,33,817.33,207.20,200.23,442.45,1,-1,-1,-1
320,31,994.09,325.77,308.49,382.71,1,-1,-1,-1
320,30,261.65,308.02,216.41,320.25,1,-1,-1,-1
320,25,486.78,217.11,198.16,401.66,1,-1,-1,-1
320,23,383.18,248.75,162.79,346.11,1,-1,-1,-1
320,22,1193.44,294.39,113.24,304.65,1,-1,-1,-1
320,20,1143.33,343.06,305.94,315.84,1,-1,-1,-1
320,19,722.61,294.19,344.42,451.40,1,-1,-1,-1
320,12,368.70,284.37,278.34,378.03,1,-1,-1,-1
320,8,638.58,196.28,186.80,446.01,1,-1,-1,-1
320,7,956.44,243.06,181.96,409.30,1,-1,-1,-1
320,5,511.27,295.08,286.08,402.82,1,-1,-1,-1
320,2,1094.43,255.65,141.20,379.02,1,-1,-1,-1
321,33,796.56,205.77,222.70,450.39,1,-1,-1,-1
321,31,977.81,310.37,333.39,392.53,1,-1,-1,-1
321,30,265.83,304.84,226.10,324.29,1,-1,-1,-1
321,25,489.82,217.88,196.88,397.85,1,-1,-1,-1
321,23,391.41,247.42,160.83,346.43,1,-1,-1,-1
321,22,1180.61,297.47,138.32,331.97,1,-1,-1,-1
321,20,1121.23,312.60,275.97,347.58,1,-1,-1,-1
321,19,730.58,283.94,341.96,458.56,1,-1,-1,-1
321,12,377.84,270.52,282.77,407.39,1,-1,-1,-1
321,8,641.64,206.00,172.59,424.51,1,-1,-1,-1
321,7,939.90,244.06,208.55,410.82,1,-1,-1,-1
321,5,514.58,291.21,280.87,405.50,1,-1,-1,-1
321,2,1092.13,246.02,147.00,389.42,1,-1,-1,-1
322,33,785.84,209.29,244.30,459.30,1,-1,-1,-1
322,31,984.14,313.44,345.29,391.11,1,-1,-1,-1
322,30,270.66,306.18,221.55,322.27,1,-1,-1,-1
322,25,488.50,218.04,208.25,393.13,1,-1,-1,-1
322,23,397.35,246.06,164.45,344.59,1,-1,-1,-1
322,22,1188.46,292.22,130.10,325.20,1,-1,-1,-1
322,20,1136.16,329.98,246.00,324.27,1,-1,-1,-1
322,19,737.82,285.88,336.91,456.20,1,-1,-1,-1
322,12,380.61,271.25,271.11,402.26,1,-1,-1,-1
322,8,643.39,204.39,171.92,418.67,1,-1,-1,-1
322,7,957.99,242.58,194.22,414.46,1,-1,-1,-1
322,5,521.34,287.18,276.32,408.53,1,-1,-1,-1
322,2,1089.02,241.70,147.32,398.30,1,-1,-1,-1
323,33,783.71,205.56,244.14,448.77,1,-1,-1,-1
323,32,1232.90,354.85,257.84,285.27,1,-1,-1,-1
322,32,1225.71,356.10,255.32,287.49,1,-1,-1,-1
321,32,1227.78,358.43,234.93,289.37,1,-1,-1,-1
323,31,989.45,310.42,330.97,389.04,1,-1,-1,-1
323,30,276.47,305.45,233.75,315.77,1,-1,-1,-1
323,25,485.83,215.89,211.88,370.65,1,-1,-1,-1
323,23,397.81,245.63,184.08,337.75,1,-1,-1,-1
323,22,1190.10,286.69,131.17,302.59,1,-1,-1,-1
323,19,734.54,278.26,351.72,461.46,1,-1,-1,-1
323,12,382.20,277.15,272.48,375.83,1,-1,-1,-1
323,8,645.06,199.64,189.89,416.40,1,-1,-1,-1
323,7,984.12,239.09,191.78,409.31,1,-1,-1,-1
323,5,526.75,285.75,287.55,408.33,1,-1,-1,-1
323,2,1091.22,241.12,149.50,380.00,1,-1,-1,-1
324,33,792.72,206.97,258.82,450.99,1,-1,-1,-1
324,32,1216.50,349.10,277.55,291.63,1,-1,-1,-1
324,31,999.75,315.81,348.21,383.73,1,-1,-1,-1
324,30,279.34,305.72,226.16,311.61,1,-1,-1,-1
324,25,496.01,214.45,211.14,384.84,1,-1,-1,-1
324,23,405.39,246.11,179.06,332.47,1,-1,-1,-1
324,22,1184.36,284.99,153.29,311.26,1,-1,-1,-1
324,19,737.98,280.17,355.96,457.35,1,-1,-1,-1
324,12,392.77,273.04,269.06,381.95,1,-1,-1,-1
324,8,654.04,201.84,204.30,432.19,1,-1,-1,-1
324,7,967.43,236.86,220.79,411.94,1,-1,-1,-1
324,5,538.33,288.90,282.00,406.30,1,-1,-1,-1
324,2,1085.50,239.00,170.65,377.49,1,-1,-1,-1
325,33,798.34,212.22,261.77,446.64,1,-1,-1,-1
325,32,1226.59,349.56,257.16,291.35,1,-1,-1,-1
325,31,997.31,319.29,350.32,376.25,1,-1,-1,-1
325,30,286.96,308.11,222.46,299.99,1,-1,-1,-1
325,25,490.31,213.46,216.79,366.28,1,-1,-1,-1
325,23,411.31,249.62,181.36,321.68,1,-1,-1,-1
325,22,1197.47,283.53,157.15,326.41,1,-1,-1,-1
325,19,750.12,287.68,347.63,443.56,1,-1,-1,-1
325,12,400.11,279.22,258.84,366.95,1,-1,-1,-1
325,8,656.61,204.47,202.84,420.59,1,-1,-1,-1
325,7,953.93,241.00,241.73,412.78,1,-1,-1,-1
325,5,551.68,290.00,272.22,398.34,1,-1,-1,-1
325,2,1092.19,236.74,174.09,380.11,1,-1,-1,-1
326,33,805.49,214.61,256.38,434.72,1,-1,-1,-1
326,32,1280.06,347.67,210.17,289.41,1,-1,-1,-1
326,31,1009.53,318.78,344.22,375.87,1,-1,-1,-1
326,30,294.71,308.13,220.97,296.74,1,-1,-1,-1
326,25,512.83,210.69,192.90,361.11,1,-1,-1,-1
326,23,401.81,251.35,185.23,318.42,1,-1,-1,-1
326,22,1213.20,281.14,137.55,315.61,1,-1,-1,-1
326,19,759.06,295.31,344.07,431.93,1,-1,-1,-1
326,12,409.71,281.54,256.40,365.94,1,-1,-1,-1
326,8,662.84,204.31,209.18,416.81,1,-1,-1,-1
326,7,959.90,248.63,232.12,392.31,1,-1,-1,-1
326,5,562.21,290.65,267.91,394.32,1,-1,-1,-1
326,2,1114.63,235.33,160.70,379.71,1,-1,-1,-1
326,1,1161.84,326.30,313.33,322.04,1,-1,-1,-1
325,1,1144.27,329.05,322.63,322.25,1,-1,-1,-1
324,1,1132.27,322.48,349.30,326.74,1,-1,-1,-1
327,33,807.36,211.32,266.64,440.11,1,-1,-1,-1
327,32,1273.75,342.36,220.05,296.09,1,-1,-1,-1
327,31,1017.44,311.05,339.85,382.92,1,-1,-1,-1
327,30,305.43,300.61,231.75,301.72,1,-1,-1,-1
327,25,532.75,205.59,182.52,377.85,1,-1,-1,-1
327,23,404.99,247.04,202.80,327.99,1,-1,-1,-1
327,22,1222.17,278.76,139.96,320.59,1,-1,-1,-1
327,19,763.75,287.39,357.87,440.29,1,-1,-1,-1
327,12,416.07,273.98,265.31,363.65,1,-1,-1,-1
327,8,673.88,195.14,194.14,430.47,1,-1,-1,-1
327,7,979.66,241.52,235.08,403.40,1,-1,-1,-1
327,5,567.22,282.86,280.52,402.57,1,-1,-1,-1
327,2,1120.48,239.13,196.73,388.47,1,-1,-1,-1
327,1,1171.25,320.46,303.62,328.68,1,-1,-1,-1
328,33,804.11,208.46,270.53,420.09,1,-1,-1,-1
328,32,1261.05,337.31,239.19,303.36,1,-1,-1,-1
328,31,1024.24,303.43,325.30,387.88,1,-1,-1,-1
328,30,321.63,297.00,208.84,302.61,1,-1,-1,-1
328,25,539.74,203.39,177.66,362.10,1,-1,-1,-1
328,23,424.02,237.54,179.13,321.34,1,-1,-1,-1
328,22,1220.70,274.71,142.55,323.93,1,-1,-1,-1
328,19,778.00,273.50,342.42,451.12,1,-1,-1,-1
328,12,431.67,273.86,244.90,365.70,1,-1,-1,-1
328,8,685.12,190.34,184.69,395.05,1,-1,-1,-1
328,7,987.28,233.95,230.09,394.06,1,-1,-1,-1
328,5,574.40,275.78,265.58,404.64,1,-1,-1,-1
328,2,1120.36,239.16,182.78,379.59,1,-1,-1,-1
328,1,1198.19,333.36,299.80,310.94,1,-1,-1,-1
329,33,839.18,204.12,239.13,425.97,1,-1,-1,-1
329,32,1276.00,337.86,231.86,297.66,1,-1,-1,-1
329,31,1036.87,291.07,286.87,399.59,1,-1,-1,-1
329,30,327.64,292.16,218.32,299.98,1,-1,-1,-1
329,25,540.86,198.79,183.60,379.64,1,-1,-1,-1
329,23,428.70,231.10,178.33,330.47,1,-1,-1,-1
329,22,1219.77,274.07,154.33,332.80,1,-1,-1,-1
329,19,779.22,263.55,338.67,463.04,1,-1,-1,-1
329,12,432.70,262.01,252.06,387.23,1,-1,-1,-1
329,8,679.70,182.77,196.56,430.81,1,-1,-1,-1
329,7,987.99,220.28,218.21,409.51,1,-1,-1,-1
329,5,572.71,268.57,279.52,410.54,1,-1,-1,-1
329,2,1132.85,230.94,165.48,371.98,1,-1,-1,-1
330,33,878.42,187.58,206.02,426.01,1,-1,-1,-1
330,32,1281.01,336.50,225.46,297.88,1,-1,-1,-1
330,31,1037.96,285.94,295.38,404.47,1,-1,-1,-1
330,30,334.34,292.25,211.83,298.01,1,-1,-1,-1
330,25,544.63,197.08,185.25,377.75,1,-1,-1,-1
330,23,438.77,228.58,166.58,332.96,1,-1,-1,-1
330,22,1219.33,272.63,153.26,344.59,1,-1,-1,-1
330,20,1155.90,286.34,277.20,357.46,1,-1,-1,-1
329,20,1162.77,296.85,310.98,348.17,1,-1,-1,-1
328,20,1178.36,314.27,295.11,333.80,1,-1,-1,-1
330,19,777.47,252.43,348.22,471.18,1,-1,-1,-1
330,12,429.66,259.48,254.25,378.71,1,-1,-1,-1
330,8,680.03,183.26,190.04,427.84,1,-1,-1,-1
330,7,1013.61,219.19,190.05,405.89,1,-1,-1,-1
330,5,575.43,270.76,275.46,404.70,1,-1,-1,-1
330,2,1144.17,222.62,153.51,389.36,1,-1,-1,-1
331,33,857.29,182.90,241.98,462.66,1,-1,-1,-1
331,31,1033.93,288.48,295.41,403.84,1,-1,-1,-1
331,25,543.20,196.62,185.28,367.52,1,-1,-1,-1
331,23,456.37,227.59,174.68,335.51,1,-1,-1,-1
331,22,1224.28,269.46,158.92,355.58,1,-1,-1,-1
331,20,1161.26,285.77,289.97,357.82,1,-1,-1,-1
331,19,755.55,249.83,375.66,473.22,1,-1,-1,-1
331,12,432.57,257.93,258.09,388.17,1,-1,-1,-1
331,8,683.79,183.06,201.33,419.97,1,-1,-1,-1
331,7,1020.06,220.60,189.62,407.79,1,-1,-1,-1
331,5,578.59,272.15,270.65,404.21,1,-1,-1,-1
331,2,1136.87,215.96,161.68,405.24,1,-1,-1,-1
332,33,827.06,106.07,306.99,514.68,1,-1,-1,-1
332,31,1036.87,286.47,287.90,404.48,1,-1,-1,-1
332,26,339.37,291.26,209.20,301.78,1,-1,-1,-1
331,26,337.45,291.04,211.61,301.26,1,-1,-1,-1
330,26,333.73,292.90,214.79,298.17,1,-1,-1,-1
332,25,535.83,193.29,199.74,366.62,1,-1,-1,-1
332,23,461.72,225.36,174.57,327.11,1,-1,-1,-1
332,20,1147.46,287.12,318.87,356.06,1,-1,-1,-1
332,19,745.14,247.80,389.08,476.99,1,-1,-1,-1
332,12,435.75,256.93,260.66,389.69,1,-1,-1,-1
332,8,683.30,150.17,206.18,459.50,1,-1,-1,-1
332,7,1010.10,218.92,205.11,418.36,1,-1,-1,-1
332,5,572.76,269.44,297.96,408.67,1,-1,-1,-1
332,2,1133.83,216.02,173.10,407.93,1,-1,-1,-1
333,33,845.08,104.04,293.28,519.09,1,-1,-1,-1
333,31,1050.22,286.31,274.52,404.19,1,-1,-1,-1
333,26,338.10,292.30,210.56,301.72,1,-1,-1,-1
333,25,535.79,192.07,200.78,367.44,1,-1,-1,-1
333,23,464.29,224.04,166.60,336.73,1,-1,-1,-1
333,20,1169.45,283.14,294.33,359.68,1,-1,-1,-1
333,19,786.90,252.87,337.98,471.07,1,-1,-1,-1
333,12,447.95,255.35,250.49,396.64,1,-1,-1,-1
333,8,690.46,172.68,210.77,436.27,1,-1,-1,-1
333,7,1048.60,213.40,175.59,423.52,1,-1,-1,-1
333,5,590.40,272.51,270.23,404.89,1,-1,-1,-1
333,2,1143.57,211.97,173.27,406.48,1,-1,-1,-1
334,33,863.95,100.54,268.24,538.02,1,-1,-1,-1
334,31,1070.32,289.08,267.60,403.63,1,-1,-1,-1
334,26,337.21,291.15,211.55,303.48,1,-1,-1,-1
334,25,540.26,191.59,186.92,374.92,1,-1,-1,-1
334,23,467.21,223.04,165.83,338.58,1,-1,-1,-1
334,20,1166.74,290.42,255.08,356.26,1,-1,-1,-1
334,19,792.95,255.09,322.44,471.69,1,-1,-1,-1
334,12,447.99,255.38,251.13,401.04,1,-1,-1,-1
334,8,694.99,178.54,200.38,432.12,1,-1,-1,-1
334,7,1058.81,210.80,161.70,421.65,1,-1,-1,-1
334,5,594.65,273.77,254.32,404.55,1,-1,-1,-1
334,2,1145.21,211.46,184.15,409.08,1,-1,-1,-1
335,31,1067.13,290.98,271.72,402.02,1,-1,-1,-1
335,26,336.18,289.81,213.18,307.26,1,-1,-1,-1
335,25,561.98,190.39,161.12,402.26,1,-1,-1,-1
335,23,470.92,222.24,141.10,357.75,1,-1,-1,-1
335,20,1164.82,297.06,264.68,348.92,1,-1,-1,-1
335,19,799.56,267.65,316.94,460.37,1,-1,-1,-1
335,12,435.72,254.93,274.87,393.68,1,-1,-1,-1
335,8,704.70,178.41,204.25,437.95,1,-1,-1,-1
335,7,1067.06,213.30,144.43,411.18,1,-1,-1,-1
335,5,595.19,273.78,263.28,405.77,1,-1,-1,-1
335,2,1162.79,215.38,153.57,397.92,1,-1,-1,-1
336,32,1266.22,336.40,251.70,301.44,1,-1,-1,-1
335,32,1268.73,333.14,244.59,292.33,1,-1,-1,-1
334,32,1240.88,271.32,264.98,354.23,1,-1,-1,-1
336,31,1069.59,284.60,278.35,409.29,1,-1,-1,-1
336,26,335.92,292.23,200.34,300.31,1,-1,-1,-1
336,25,560.37,189.59,160.14,401.25,1,-1,-1,-1
336,23,470.72,221.99,139.92,359.63,1,-1,-1,-1
336,22,1235.29,259.88,148.32,354.92,1,-1,-1,-1
335,22,1245.35,260.59,147.01,339.61,1,-1,-1,-1
334,22,1224.56,259.51,216.63,359.71,1,-1,-1,-1
336,19,800.44,259.35,318.61,471.62,1,-1,-1,-1
336,12,426.94,259.14,247.28,373.64,1,-1,-1,-1
336,8,702.30,175.54,179.27,445.88,1,-1,-1,-1
336,7,1067.33,213.27,143.62,422.99,1,-1,-1,-1
336,5,595.23,273.21,256.17,409.32,1,-1,-1,-1
336,2,1165.94,218.63,145.99,404.22,1,-1,-1,-1
337,35,860.59,184.56,195.31,456.97,1,-1,-1,-1
336,35,856.54,184.10,205.25,468.18,1,-1,-1,-1
335,35,864.44,182.94,193.43,466.45,1,-1,-1,-1
337,32,1274.68,334.34,249.89,299.72,1,-1,-1,-1
337,31,1061.84,295.39,306.74,400.02,1,-1,-1,-1
337,26,333.18,290.76,201.94,302.27,1,-1,-1,-1
337,25,557.53,188.74,160.22,405.97,1,-1,-1,-1
337,23,472.28,223.78,142.03,356.40,1,-1,-1,-1
337,22,1226.35,261.32,167.40,355.69,1,-1,-1,-1
337,19,796.98,272.16,323.74,466.15,1,-1,-1,-1
337,12,446.20,253.81,261.38,388.35,1,-1,-1,-1
337,8,701.23,176.87,176.84,442.30,1,-1,-1,-1
337,7,1065.91,215.10,148.43,424.14,1,-1,-1,-1
337,5,587.29,274.16,277.02,410.83,1,-1,-1,-1
337,2,1156.70,222.87,152.76,404.78,1,-1,-1,-1
338,35,848.06,186.85,206.23,455.49,1,-1,-1,-1
338,32,1257.77,332.28,266.39,304.63,1,-1,-1,-1
338,31,1064.82,288.73,286.46,409.44,1,-1,-1,-1
338,26,330.55,290.01,205.93,305.15,1,-1,-1,-1
338,25,549.13,188.45,168.68,412.12,1,-1,-1,-1
338,23,471.51,224.71,145.61,360.50,1,-1,-1,-1
338,22,1244.86,256.73,162.29,368.46,1,-1,-1,-1
338,19,796.65,282.58,329.20,457.50,1,-1,-1,-1
338,12,442.94,255.90,269.62,399.41,1,-1,-1,-1
338,8,700.43,176.21,176.43,443.33,1,-1,-1,-1
338,7,1064.32,217.83,159.34,428.75,1,-1,-1,-1
338,5,558.19,273.79,296.43,414.39,1,-1,-1,-1
338,2,1162.34,223.02,177.64,410.42,1,-1,-1,-1
339,35,884.49,186.99,166.34,458.82,1,-1,-1,-1
339,32,1308.53,332.81,218.79,301.85,1,-1,-1,-1
339,31,1057.33,289.78,302.41,415.84,1,-1,-1,-1
339,26,326.33,289.45,207.85,307.42,1,-1,-1,-1
339,25,549.97,189.01,170.37,396.65,1,-1,-1,-1
339,23,472.08,227.03,151.40,355.63,1,-1,-1,-1
339,22,1225.48,256.53,171.41,368.14,1,-1,-1,-1
339,20,1155.34,283.43,286.47,370.45,1,-1,-1,-1
338,20,1066.46,287.94,379.33,405.81,1,-1,-1,-1
337,20,1148.17,295.35,288.20,353.02,1,-1,-1,-1
339,19,798.18,278.76,365.03,465.68,1,-1,-1,-1
339,12,439.74,257.72,264.56,404.83,1,-1,-1,-1
339,8,695.15,178.83,184.37,438.81,1,-1,-1,-1
339,7,1065.38,217.98,161.44,421.43,1,-1,-1,-1
339,5,572.32,272.41,277.42,419.90,1,-1,-1,-1
339,2,1146.75,222.12,228.71,422.00,1,-1,-1,-1
340,35,881.95,185.89,176.04,449.42,1,-1,-1,-1
340,32,1307.55,334.15,222.68,302.76,1,-1,-1,-1
340,31,1047.27,286.89,310.22,422.58,1,-1,-1,-1
340,26,323.02,288.49,217.25,315.98,1,-1,-1,-1
340,25,551.33,189.92,175.50,395.92,1,-1,-1,-1
340,23,475.71,227.60,156.83,357.83,1,-1,-1,-1
340,20,1156.96,267.26,296.51,390.45,1,-1,-1,-1
340,19,802.83,272.67,334.73,474.89,1,-1,-1,-1
340,12,431.62,259.43,272.96,404.11,1,-1,-1,-1
340,8,692.67,179.82,186.38,438.88,1,-1,-1,-1
340,7,1065.55,218.21,164.55,417.72,1,-1,-1,-1
340,5,576.73,271.78,271.59,423.29,1,-1,-1,-1
340,2,1142.94,221.30,230.58,419.39,1,-1,-1,-1
341,35,883.09,182.70,179.09,436.77,1,-1,-1,-1
341,33,893.09,108.96,259.68,490.70,1,-1,-1,-1
340,33,900.53,106.13,253.59,500.57,1,-1,-1,-1
339,33,907.06,103.58,245.22,501.92,1,-1,-1,-1
341,32,1317.71,335.64,214.44,306.76,1,-1,-1,-1
341,31,1055.81,290.17,307.98,420.81,1,-1,-1,-1
341,26,317.43,289.65,223.87,315.43,1,-1,-1,-1
341,25,552.87,189.36,167.79,384.29,1,-1,-1,-1
341,23,477.70,229.76,150.09,348.97,1,-1,-1,-1
341,20,1169.04,270.21,286.02,390.80,1,-1,-1,-1
341,19,786.88,271.08,351.13,480.99,1,-1,-1,-1
341,12,428.10,262.53,261.12,383.16,1,-1,-1,-1
341,8,685.46,179.29,190.93,448.03,1,-1,-1,-1
341,7,1068.77,222.39,162.04,407.18,1,-1,-1,-1
341,5,577.06,268.66,275.65,432.06,1,-1,-1,-1
341,2,1146.70,218.44,225.76,427.23,1,-1,-1,-1
342,35,880.18,177.51,186.08,446.75,1,-1,-1,-1
342,32,1318.83,336.12,217.76,307.73,1,-1,-1,-1
342,31,1057.91,285.42,300.37,436.93,1,-1,-1,-1
342,26,313.46,289.72,233.18,319.41,1,-1,-1,-1
342,25,553.73,188.98,166.07,393.02,1,-1,-1,-1
342,23,475.80,228.90,146.26,355.96,1,-1,-1,-1
342,20,1183.96,271.57,280.31,392.89,1,-1,-1,-1
342,12,423.98,262.26,261.63,386.67,1,-1,-1,-1
342,8,689.60,182.56,183.30,447.49,1,-1,-1,-1
342,7,1071.12,223.55,161.83,411.40,1,-1,-1,-1
342,5,576.34,269.11,269.35,433.55,1,-1,-1,-1
342,2,1157.07,218.32,215.11,425.41,1,-1,-1,-1
343,35,873.56,174.01,188.76,457.25,1,-1,-1,-1
343,32,1320.58,335.60,219.15,309.70,1,-1,-1,-1
343,31,1051.73,284.37,314.47,439.54,1,-1,-1,-1
343,26,312.22,291.90,231.79,319.62,1,-1,-1,-1
343,25,552.10,189.45,159.45,393.16,1,-1,-1,-1
343,23,467.96,228.26,147.29,359.79,1,-1,-1,-1
343,20,1187.81,280.78,283.52,385.56,1,-1,-1,-1
343,12,412.32,265.39,272.67,382.81,1,-1,-1,-1
343,8,696.50,181.82,175.14,445.36,1,-1,-1,-1
343,7,1070.96,222.68,166.59,424.39,1,-1,-1,-1
343,5,559.21,267.40,281.21,437.72,1,-1,-1,-1
343,2,1168.48,219.12,166.12,416.01,1,-1,-1,-1
344,36,753.14,252.88,392.90,520.41,1,-1,-1,-1
343,36,753.69,251.82,385.93,514.16,1,-1,-1,-1
342,36,784.16,269.75,349.68,485.19,1,-1,-1,-1
344,35,871.59,178.11,188.04,454.60,1,-1,-1,-1
344,32,1317.56,336.87,225.44,310.03,1,-1,-1,-1
344,31,1068.50,286.98,313.34,441.58,1,-1,-1,-1
344,26,310.07,295.71,230.17,326.21,1,-1,-1,-1
344,25,549.70,191.78,161.85,382.22,1,-1,-1,-1
344,23,463.50,233.44,137.56,335.83,1,-1,-1,-1
344,20,1197.80,278.87,271.33,392.61,1,-1,-1,-1
344,12,415.14,265.11,271.12,387.92,1,-1,-1,-1
344,8,695.43,182.93,176.47,440.08,1,-1,-1,-1
344,7,1068.92,225.23,166.51,423.16,1,-1,-1,-1
344,5,564.50,270.58,280.31,441.44,1,-1,-1,-1
344,2,1167.78,218.24,176.94,419.98,1,-1,-1,-1
344,1,1070.13,285.63,315.94,441.48,1,-1,-1,-1
343,1,1071.20,221.50,167.55,427.38,1,-1,-1,-1
342,1,1062.43,286.94,303.67,427.71,1,-1,-1,-1
345,35,871.19,175.25,187.95,460.07,1,-1,-1,-1
345,32,1308.56,339.95,236.89,308.02,1,-1,-1,-1
345,31,1077.45,290.74,302.63,443.70,1,-1,-1,-1
345,26,303.98,295.77,224.87,321.45,1,-1,-1,-1
345,25,554.15,189.08,152.86,379.34,1,-1,-1,-1
345,23,463.42,234.30,127.69,325.64,1,-1,-1,-1
345,20,1206.03,287.15,258.00,385.32,1,-1,-1,-1
345,12,417.60,266.04,253.14,379.91,1,-1,-1,-1
345,8,697.01,184.49,172.33,444.85,1,-1,-1,-1
345,7,1067.92,223.04,161.61,429.89,1,-1,-1,-1
345,5,559.88,273.65,285.22,446.86,1,-1,-1,-1
345,2,1172.91,217.40,150.17,417.80,1,-1,-1,-1
346,35,868.78,181.36,177.02,468.85,1,-1,-1,-1
346,32,1311.29,336.79,236.44,311.79,1,-1,-1,-1
346,31,1084.45,291.16,285.35,449.08,1,-1,-1,-1
346,26,298.39,295.47,225.86,322.57,1,-1,-1,-1
346,25,551.96,187.96,154.95,386.71,1,-1,-1,-1
346,23,460.40,237.06,128.02,315.59,1,-1,-1,-1
346,20,1220.45,304.62,241.58,368.21,1,-1,-1,-1
346,12,420.59,265.91,243.98,382.32,1,-1,-1,-1
346,8,695.79,182.93,172.53,455.84,1,-1,-1,-1
346,7,1061.68,222.59,166.68,431.31,1,-1,-1,-1
346,5,559.37,273.36,300.31,452.85,1,-1,-1,-1
346,2,1170.65,215.58,150.35,432.17,1,-1,-1,-1
347,35,870.62,186.56,171.53,469.22,1,-1,-1,-1
347,32,1297.29,337.81,255.01,313.18,1,-1,-1,-1
347,31,1095.26,288.80,349.16,457.22,1,-1,-1,-1
347,26,293.11,296.08,233.69,321.68,1,-1,-1,-1
347,25,550.12,186.89,151.17,398.14,1,-1,-1,-1
347,23,453.61,237.31,130.88,328.48,1,-1,-1,-1
347,22,1268.38,275.30,173.06,378.22,1,-1,-1,-1
346,22,1269.70,268.38,133.74,326.69,1,-1,-1,-1
345,22,1269.20,266.84,131.67,323.95,1,-1,-1,-1
347,19,794.86,274.90,350.17,520.39,1,-1,-1,-1
346,19,800.05,266.91,350.00,517.31,1,-1,-1,-1
345,19,801.78,254.36,345.03,526.57,1,-1,-1,-1
347,12,410.89,263.58,253.57,394.54,1,-1,-1,-1
347,8,696.25,183.34,169.95,461.23,1,-1,-1,-1
347,7,1066.98,222.89,160.83,429.82,1,-1,-1,-1
347,5,550.61,272.92,298.25,460.61,1,-1,-1,-1
347,2,1179.87,213.40,151.60,435.91,1,-1,-1,-1
348,35,865.61,185.29,177.50,495.02,1,-1,-1,-1
348,32,1240.34,288.27,314.53,375.13,1,-1,-1,-1
348,31,1074.80,288.71,386.83,458.86,1,-1,-1,-1
348,26,287.75,296.02,252.68,330.60,1,-1,-1,-1
348,25,517.43,186.66,188.75,421.11,1,-1,-1,-1
348,23,439.12,237.16,145.28,331.70,1,-1,-1,-1
348,19,788.65,274.38,355.59,523.13,1,-1,-1,-1
348,12,404.99,263.56,264.41,394.43,1,-1,-1,-1
348,8,688.46,184.82,177.19,461.89,1,-1,-1,-1
348,7,1063.59,222.20,172.70,437.15,1,-1,-1,-1
348,5,534.82,271.05,304.38,468.09,1,-1,-1,-1
348,2,1167.59,211.32,242.68,448.82,1,-1,-1,-1
349,35,868.08,185.05,179.00,478.68,1,-1,-1,-1
349,32,1259.16,324.45,297.53,331.51,1,-1,-1,-1
349,31,1059.32,287.09,406.21,471.74,1,-1,-1,-1
349,26,278.61,297.45,247.66,334.06,1,-1,-1,-1
349,25,482.65,185.68,225.33,433.47,1,-1,-1,-1
349,23,439.16,233.41,143.11,345.58,1,-1,-1,-1
349,19,783.74,278.58,381.03,521.14,1,-1,-1,-1
349,12,399.69,262.65,256.16,402.56,1,-1,-1,-1
349,8,681.02,180.89,181.72,464.91,1,-1,-1,-1
349,7,1065.13,224.13,173.89,447.47,1,-1,-1,-1
349,5,466.64,275.23,357.08,469.23,1,-1,-1,-1
349,2,1161.26,212.24,177.31,448.31,1,-1,-1,-1
350,35,865.40,184.22,184.80,481.30,1,-1,-1,-1
350,32,1261.50,318.63,297.81,340.29,1,-1,-1,-1
350,26,271.24,297.80,243.72,333.53,1,-1,-1,-1
350,25,525.34,184.65,177.06,398.95,1,-1,-1,-1
350,23,438.54,230.36,138.60,339.01,1,-1,-1,-1
350,19,778.63,273.59,412.60,535.53,1,-1,-1,-1
350,12,392.85,265.20,251.47,400.27,1,-1,-1,-1
350,8,674.22,179.93,185.71,463.99,1,-1,-1,-1
350,7,1060.55,225.39,177.69,437.13,1,-1,-1,-1
350,5,473.00,271.29,347.66,474.91,1,-1,-1,-1
351,35,861.52,180.01,186.69,500.22,1,-1,-1,-1
351,32,1271.88,323.06,288.88,335.86,1,-1,-1,-1
351,26,266.07,298.49,243.43,345.79,1,-1,-1,-1
351,25,527.41,185.25,169.65,438.00,1,-1,-1,-1
351,23,434.08,228.52,141.32,348.25,1,-1,-1,-1
351,19,772.50,283.92,361.93,531.60,1,-1,-1,-1
351,12,385.62,266.75,294.51,404.76,1,-1,-1,-1
351,8,679.83,181.73,174.56,474.65,1,-1,-1,-1
351,7,1060.09,227.51,170.83,442.33,1,-1,-1,-1
351,5,517.87,272.27,309.88,482.48,1,-1,-1,-1
352,35,858.44,180.32,189.27,492.42,1,-1,-1,-1
352,32,1276.38,338.79,289.60,326.53,1,-1,-1,-1
352,26,259.13,299.63,252.27,349.38,1,-1,-1,-1
352,25,525.62,188.30,168.93,427.92,1,-1,-1,-1
352,23,429.81,226.54,143.58,368.09,1,-1,-1,-1
352,19,755.99,284.05,366.65,536.10,1,-1,-1,-1
352,12,372.86,266.28,297.72,404.37,1,-1,-1,-1
352,8,679.64,181.47,171.91,473.41,1,-1,-1,-1
352,7,1055.83,225.49,184.84,452.65,1,-1,-1,-1
352,5,512.11,277.87,313.51,476.71,1,-1,-1,-1
353,35,856.72,178.79,191.69,501.67,1,-1,-1,-1
353,32,1272.48,322.73,301.83,349.68,1,-1,-1,-1
353,31,1059.55,294.19,406.47,481.04,1,-1,-1,-1
352,31,1038.76,293.82,440.22,476.03,1,-1,-1,-1
351,31,1072.30,290.43,383.26,478.19,1,-1,-1,-1
353,26,251.55,302.15,257.59,339.33,1,-1,-1,-1
353,25,526.01,190.48,162.85,438.68,1,-1,-1,-1
353,23,420.71,224.34,149.46,395.62,1,-1,-1,-1
353,19,729.25,258.40,397.50,574.46,1,-1,-1,-1
353,12,362.11,265.47,296.82,414.62,1,-1,-1,-1
353,8,678.78,179.60,169.96,487.05,1,-1,-1,-1
353,7,1054.73,225.73,179.85,454.73,1,-1,-1,-1
353,5,488.38,277.29,340.49,493.90,1,-1,-1,-1
353,2,1167.03,218.03,169.03,473.94,1,-1,-1,-1
352,2,1169.87,215.63,166.49,466.00,1,-1,-1,-1
351,2,1168.40,216.19,166.75,456.77,1,-1,-1,-1
354,35,857.02,176.07,194.41,525.25,1,-1,-1,-1
354,34,384.12,276.53,426.48,492.61,1,-1,-1,-1
353,34,443.56,278.69,376.91,484.84,1,-1,-1,-1
352,34,370.89,264.57,324.76,408.59,1,-1,-1,-1
354,32,1277.92,359.02,313.37,332.84,1,-1,-1,-1
354,31,1059.01,295.84,400.48,484.20,1,-1,-1,-1
354,26,245.67,302.27,276.71,338.58,1,-1,-1,-1
354,25,520.43,191.13,162.45,445.66,1,-1,-1,-1
354,23,414.73,225.88,152.03,405.51,1,-1,-1,-1
354,19,744.24,262.77,381.24,578.87,1,-1,-1,-1
354,12,357.23,264.66,297.79,420.90,1,-1,-1,-1
354,8,665.15,178.06,180.72,493.72,1,-1,-1,-1
354,7,1053.65,226.92,179.34,462.40,1,-1,-1,-1
354,2,1160.70,217.24,189.99,484.60,1,-1,-1,-1
355,35,853.55,185.09,197.58,519.66,1,-1,-1,-1
355,32,1262.53,290.01,339.45,389.76,1,-1,-1,-1
355,31,1064.96,296.46,373.55,503.89,1,-1,-1,-1
355,26,241.05,306.84,273.64,336.76,1,-1,-1,-1
355,25,515.12,192.71,165.82,443.89,1,-1,-1,-1
355,23,411.81,233.94,155.08,407.94,1,-1,-1,-1
355,22,1264.50,271.62,217.45,409.15,1,-1,-1,-1
354,22,1282.31,271.53,183.06,383.56,1,-1,-1,-1
353,22,1273.10,270.56,194.31,398.98,1,-1,-1,-1
355,19,737.45,276.66,495.63,577.89,1,-1,-1,-1
355,12,353.31,273.72,301.20,442.55,1,-1,-1,-1
355,8,662.18,181.43,178.36,497.25,1,-1,-1,-1
355,7,1056.32,231.29,179.39,467.29,1,-1,-1,-1
355,2,1160.38,218.39,184.94,472.31,1,-1,-1,-1
356,35,851.40,188.45,197.55,517.21,1,-1,-1,-1
356,32,1267.37,316.47,311.03,364.92,1,-1,-1,-1
356,31,1054.92,297.12,370.28,515.14,1,-1,-1,-1
356,26,238.70,307.97,259.83,341.95,1,-1,-1,-1
356,25,512.72,195.83,172.24,437.72,1,-1,-1,-1
356,23,415.36,237.59,156.40,395.52,1,-1,-1,-1
356,22,1215.39,275.05,294.97,423.02,1,-1,-1,-1
356,19,732.76,287.35,475.24,583.86,1,-1,-1,-1
356,12,351.46,268.47,296.58,455.80,1,-1,-1,-1
356,8,660.40,186.55,179.27,492.66,1,-1,-1,-1
356,7,1054.08,236.62,163.29,469.20,1,-1,-1,-1
356,2,1157.15,221.23,196.44,474.18,1,-1,-1,-1
357,35,836.15,189.73,210.33,526.57,1,-1,-1,-1
357,32,1173.45,289.63,409.48,432.80,1,-1,-1,-1
357,31,1073.43,309.61,355.14,519.50,1,-1,-1,-1
357,26,238.18,317.26,249.95,342.27,1,-1,-1,-1
357,25,514.82,205.17,165.75,421.53,1,-1,-1,-1
357,23,416.27,245.52,163.07,385.40,1,-1,-1,-1
357,19,724.34,313.05,471.48,580.40,1,-1,-1,-1
357,12,345.84,284.19,294.46,426.47,1,-1,-1,-1
357,8,662.33,189.92,178.63,502.11,1,-1,-1,-1
357,7,1058.27,245.70,192.24,476.92,1,-1,-1,-1
357,5,476.94,295.31,353.72,508.84,1,-1,-1,-1
356,5,481.76,284.70,343.28,509.49,1,-1,-1,-1
355,5,483.03,281.72,325.47,500.79,1,-1,-1,-1
357,2,1161.85,227.43,205.66,479.00,1,-1,-1,-1
358,35,835.08,198.50,209.98,537.08,1,-1,-1,-1
358,32,1223.51,294.56,364.68,441.95,1,-1,-1,-1
358,31,1071.60,318.34,329.33,524.54,1,-1,-1,-1
358,26,236.57,322.36,248.21,341.59,1,-1,-1,-1
358,25,511.69,212.55,167.70,424.41,1,-1,-1,-1
358,23,417.36,248.35,157.04,377.73,1,-1,-1,-1
358,19,725.69,308.93,482.70,598.82,1,-1,-1,-1
358,12,342.66,291.91,306.91,437.38,1,-1,-1,-1
358,8,659.63,195.55,184.09,498.52,1,-1,-1,-1
358,7,1062.68,249.89,173.54,483.90,1,-1,-1,-1
358,5,469.83,303.33,363.20,513.69,1,-1,-1,-1
358,2,1172.44,230.80,204.37,488.63,1,-1,-1,-1
359,35,819.33,205.58,225.76,551.24,1,-1,-1,-1
359,32,1214.20,320.17,380.65,432.79,1,-1,-1,-1
359,31,1081.87,328.51,330.42,534.01,1,-1,-1,-1
359,26,233.11,330.60,252.87,361.89,1,-1,-1,-1
359,25,503.78,222.47,171.00,435.26,1,-1,-1,-1
359,23,412.57,252.92,152.80,388.56,1,-1,-1,-1
359,19,719.11,311.86,471.09,616.78,1,-1,-1,-1
359,12,339.99,304.27,302.07,440.52,1,-1,-1,-1
359,8,656.67,202.11,193.44,508.12,1,-1,-1,-1
359,7,1048.94,255.33,175.68,493.96,1,-1,-1,-1
359,5,465.59,313.54,372.52,529.51,1,-1,-1,-1
359,2,1185.21,237.53,187.58,503.92,1,-1,-1,-1
360,35,771.43,208.49,285.18,560.49,1,-1,-1,-1
360,32,1204.71,318.04,396.09,435.51,1,-1,-1,-1
360,31,1073.13,330.75,417.99,542.16,1,-1,-1,-1
360,26,229.04,339.86,252.97,346.89,1,-1,-1,-1
360,25,506.98,228.72,173.36,440.23,1,-1,-1,-1
360,23,408.00,255.58,159.54,395.28,1,-1,-1,-1
360,20,1370.03,378.62,235.83,340.91,1,-1,-1,-1
359,20,1372.96,373.08,230.28,347.73,1,-1,-1,-1
358,20,1363.35,364.53,225.67,344.47,1,-1,-1,-1
360,19,709.63,320.39,461.90,622.44,1,-1,-1,-1
360,12,334.76,316.32,309.43,434.70,1,-1,-1,-1
360,8,660.00,209.65,183.84,487.89,1,-1,-1,-1
360,7,1053.26,256.72,190.03,500.26,1,-1,-1,-1
360,5,457.94,320.00,377.42,531.16,1,-1,-1,-1
360,2,1189.58,244.83,188.65,503.64,1,-1,-1,-1
361,35,812.62,221.85,270.09,576.88,1,-1,-1,-1
361,32,1227.13,356.31,376.69,391.85,1,-1,-1,-1
361,31,1070.47,345.13,424.22,550.92,1,-1,-1,-1
361,26,227.45,348.30,254.39,349.59,1,-1,-1,-1
361,25,506.39,236.92,170.85,447.86,1,-1,-1,-1
361,23,414.44,263.67,139.37,394.15,1,-1,-1,-1
361,22,1290.20,298.74,172.86,400.36,1,-1,-1,-1
360,22,1242.92,289.95,225.19,443.71,1,-1,-1,-1
359,22,1244.87,284.92,204.50,439.74,1,-1,-1,-1
361,20,1377.81,388.34,229.59,345.84,1,-1,-1,-1
361,19,681.05,339.26,482.83,631.50,1,-1,-1,-1
361,12,325.93,324.78,310.22,436.73,1,-1,-1,-1
361,8,644.44,214.99,230.84,516.76,1,-1,-1,-1
361,7,1061.95,269.59,174.08,482.40,1,-1,-1,-1
361,5,452.55,333.91,380.31,535.31,1,-1,-1,-1
361,2,1184.06,256.93,176.47,467.61,1,-1,-1,-1
362,35,800.36,230.64,290.29,531.23,1,-1,-1,-1
362,32,1226.76,358.08,375.04,434.11,1,-1,-1,-1
362,31,1064.82,360.13,432.60,549.26,1,-1,-1,-1
362,26,224.76,354.21,253.05,350.90,1,-1,-1,-1
362,25,493.81,242.35,194.54,451.53,1,-1,-1,-1
362,23,416.03,270.90,137.67,390.53,1,-1,-1,-1
362,22,1293.53,303.09,166.34,404.20,1,-1,-1,-1
362,20,1359.35,399.98,251.66,339.45,1,-1,-1,-1
362,19,682.23,339.97,500.14,650.34,1,-1,-1,-1
362,12,319.93,333.81,316.09,436.15,1,-1,-1,-1
362,8,639.79,220.78,223.25,516.63,1,-1,-1,-1
362,7,1024.25,273.76,203.32,507.81,1,-1,-1,-1
362,5,444.23,344.50,387.21,541.15,1,-1,-1,-1
362,2,1178.45,261.06,183.52,481.79,1,-1,-1,-1
363,35,796.56,243.77,272.70,522.12,1,-1,-1,-1
363,32,1221.59,383.94,388.93,410.66,1,-1,-1,-1
363,31,1204.08,366.47,319.13,443.30,1,-1,-1,-1
363,26,218.23,365.16,256.53,356.65,1,-1,-1,-1
363,25,502.15,251.26,187.71,443.52,1,-1,-1,-1
363,23,415.54,283.98,144.05,393.48,1,-1,-1,-1
363,22,1301.42,308.92,159.31,398.20,1,-1,-1,-1
363,20,1366.83,405.08,248.73,344.41,1,-1,-1,-1
363,19,666.18,368.22,512.99,651.49,1,-1,-1,-1
363,12,313.34,345.46,342.20,451.69,1,-1,-1,-1
363,8,637.40,224.25,259.65,526.66,1,-1,-1,-1
363,7,1034.06,281.62,213.70,515.54,1,-1,-1,-1
363,5,430.47,357.92,395.79,544.04,1,-1,-1,-1
363,2,1186.28,269.75,174.85,482.51,1,-1,-1,-1
364,35,790.66,247.54,271.74,515.22,1,-1,-1,-1
364,32,1216.23,396.78,397.10,408.52,1,-1,-1,-1
364,31,1179.72,378.94,371.10,442.00,1,-1,-1,-1
364,26,216.72,371.18,275.15,361.97,1,-1,-1,-1
364,25,483.43,256.30,203.97,442.23,1,-1,-1,-1
364,23,417.25,285.42,152.17,373.89,1,-1,-1,-1
364,22,1303.58,315.86,154.12,377.07,1,-1,-1,-1
364,20,1352.76,414.37,265.29,337.92,1,-1,-1,-1
364,19,664.23,360.48,549.00,672.82,1,-1,-1,-1
364,12,305.24,345.26,356.78,463.19,1,-1,-1,-1
364,8,636.72,232.38,254.90,532.04,1,-1,-1,-1
364,7,989.34,284.67,243.72,523.53,1,-1,-1,-1
364,5,425.31,365.29,410.96,554.62,1,-1,-1,-1
364,2,1175.22,272.81,184.13,471.21,1,-1,-1,-1
364,1,1043.56,383.32,391.09,562.73,1,-1,-1,-1
363,1,1023.70,375.76,385.53,554.84,1,-1,-1,-1
362,1,1036.80,273.29,226.49,504.42,1,-1,-1,-1
365,35,801.81,261.56,240.81,533.35,1,-1,-1,-1
365,31,1210.66,374.92,318.07,458.54,1,-1,-1,-1
365,26,213.25,378.83,249.46,363.52,1,-1,-1,-1
365,25,488.98,262.77,199.04,472.63,1,-1,-1,-1
365,23,417.80,296.37,172.40,418.18,1,-1,-1,-1
365,22,1305.21,323.62,148.45,386.10,1,-1,-1,-1
365,20,1379.13,419.99,245.02,347.17,1,-1,-1,-1
365,19,629.50,386.81,591.12,666.08,1,-1,-1,-1
365,12,303.73,355.55,316.92,446.49,1,-1,-1,-1
365,8,627.92,249.17,250.72,524.35,1,-1,-1,-1
365,7,1025.19,292.67,216.94,530.97,1,-1,-1,-1
365,5,412.24,376.45,537.65,559.05,1,-1,-1,-1
365,2,1179.89,279.73,180.18,495.94,1,-1,-1,-1
365,1,1045.15,397.33,349.77,565.84,1,-1,-1,-1
366,35,788.34,266.69,245.84,541.33,1,-1,-1,-1
366,31,1223.44,377.32,306.08,464.93,1,-1,-1,-1
366,26,214.43,386.13,250.56,352.55,1,-1,-1,-1
366,25,485.46,270.48,185.59,451.53,1,-1,-1,-1
366,23,418.56,300.72,154.86,406.42,1,-1,-1,-1
366,22,1310.73,328.23,141.25,385.35,1,-1,-1,-1
366,20,1395.50,422.67,228.74,350.07,1,-1,-1,-1
366,19,633.07,392.38,565.73,675.60,1,-1,-1,-1
366,12,307.16,364.20,299.73,436.60,1,-1,-1,-1
366,8,627.79,255.39,221.93,510.86,1,-1,-1,-1
366,7,1031.75,298.26,202.54,527.43,1,-1,-1,-1
366,5,412.01,382.71,477.12,555.36,1,-1,-1,-1
366,2,1189.34,283.91,167.59,486.06,1,-1,-1,-1
366,1,1055.08,406.00,332.04,563.21,1,-1,-1,-1
367,35,778.73,279.38,248.04,567.61,1,-1,-1,-1
367,31,1225.27,388.16,284.61,464.19,1,-1,-1,-1
367,26,220.14,392.39,242.27,347.89,1,-1,-1,-1
367,25,511.54,276.65,180.87,453.00,1,-1,-1,-1
367,23,417.21,304.57,157.44,416.35,1,-1,-1,-1
367,22,1316.58,330.98,145.22,401.10,1,-1,-1,-1
367,20,1399.54,428.26,232.81,355.79,1,-1,-1,-1
367,19,639.74,403.20,538.09,676.80,1,-1,-1,-1
367,12,308.91,371.81,291.48,436.33,1,-1,-1,-1
367,8,638.96,264.22,210.74,495.01,1,-1,-1,-1
367,7,1032.68,302.88,195.45,540.18,1,-1,-1,-1
367,5,413.44,392.84,377.50,554.71,1,-1,-1,-1
367,2,1194.59,293.29,159.06,485.17,1,-1,-1,-1
367,1,1048.56,416.54,334.95,564.46,1,-1,-1,-1
368,35,761.05,284.86,265.59,566.33,1,-1,-1,-1
368,31,1230.48,396.94,284.34,463.97,1,-1,-1,-1
368,26,230.81,395.45,241.51,342.91,1,-1,-1,-1
368,25,501.48,281.17,170.03,455.73,1,-1,-1,-1
368,23,409.02,308.23,154.87,416.54,1,-1,-1,-1
368,22,1321.51,333.85,144.71,401.64,1,-1,-1,-1
368,20,1396.12,432.22,238.37,353.76,1,-1,-1,-1
368,19,606.57,406.59,578.34,673.41,1,-1,-1,-1
368,12,307.33,377.99,280.48,430.81,1,-1,-1,-1
368,8,638.18,268.93,190.94,496.69,1,-1,-1,-1
368,7,1033.36,305.57,196.13,540.05,1,-1,-1,-1
368,5,413.20,397.37,354.47,557.07,1,-1,-1,-1
368,2,1200.00,297.66,156.77,488.65,1,-1,-1,-1
368,1,1046.46,420.77,338.11,569.78,1,-1,-1,-1
369,35,773.04,289.36,259.48,571.55,1,-1,-1,-1
369,31,1203.51,396.44,332.21,473.47,1,-1,-1,-1
369,26,249.59,401.55,246.62,344.15,1,-1,-1,-1
369,25,495.39,287.37,204.69,474.08,1,-1,-1,-1
369,23,421.51,311.16,164.54,391.47,1,-1,-1,-1
369,22,1330.27,335.26,163.12,395.51,1,-1,-1,-1
369,20,1406.90,437.67,247.37,364.89,1,-1,-1,-1
369,19,559.00,417.04,633.21,662.96,1,-1,-1,-1
369,12,315.26,383.90,304.74,434.64,1,-1,-1,-1
369,8,640.81,275.69,209.74,526.42,1,-1,-1,-1
369,7,1037.06,307.07,214.93,553.87,1,-1,-1,-1
369,5,413.96,408.23,386.03,552.70,1,-1,-1,-1
369,2,1192.74,301.66,182.81,478.65,1,-1,-1,-1
369,1,1056.74,425.18,338.08,580.45,1,-1,-1,-1
370,35,802.18,290.87,231.37,568.09,1,-1,-1,-1
370,31,1202.06,396.29,346.16,478.52,1,-1,-1,-1
370,26,261.70,398.06,272.28,355.19,1,-1,-1,-1
370,25,517.42,287.75,202.87,486.08,1,-1,-1,-1
370,23,430.06,309.47,174.88,421.65,1,-1,-1,-1
370,22,1340.98,329.51,171.62,406.61,1,-1,-1,-1
370,20,1416.49,439.24,254.00,365.95,1,-1,-1,-1
370,19,615.00,443.42,518.63,636.58,1,-1,-1,-1
370,12,326.38,386.37,333.55,446.71,1,-1,-1,-1
370,8,662.54,275.41,196.53,518.66,1,-1,-1,-1
370,7,1053.66,305.14,223.92,550.45,1,-1,-1,-1
370,5,418.78,403.30,423.72,560.99,1,-1,-1,-1
370,2,1128.97,299.04,263.60,521.75,1,-1,-1,-1
370,1,1058.92,421.02,351.18,587.52,1,-1,-1,-1
371,35,811.34,285.22,222.16,542.76,1,-1,-1,-1
371,31,1214.03,392.22,356.17,484.06,1,-1,-1,-1
371,26,287.69,399.86,257.00,347.57,1,-1,-1,-1
371,25,555.30,287.52,158.23,463.28,1,-1,-1,-1
371,23,449.25,308.49,239.62,443.02,1,-1,-1,-1
371,22,1367.16,330.73,154.39,395.11,1,-1,-1,-1
371,20,1437.58,435.87,257.47,369.67,1,-1,-1,-1
371,19,652.12,429.74,436.81,650.26,1,-1,-1,-1
371,12,350.00,381.70,289.25,423.19,1,-1,-1,-1
371,8,672.26,277.93,196.03,485.67,1,-1,-1,-1
371,7,1041.47,309.54,237.38,541.10,1,-1,-1,-1
371,5,448.98,408.14,335.61,546.11,1,-1,-1,-1
371,2,1135.28,295.31,265.31,497.16,1,-1,-1,-1
371,1,1074.02,419.30,363.21,592.04,1,-1,-1,-1
372,35,808.79,285.78,216.43,568.36,1,-1,-1,-1
372,31,1216.98,388.15,354.76,488.32,1,-1,-1,-1
372,26,304.95,397.96,248.87,346.47,1,-1,-1,-1
372,25,545.37,285.91,176.87,474.17,1,-1,-1,-1
372,23,466.55,311.57,161.87,402.49,1,-1,-1,-1
372,22,1376.34,326.13,151.99,398.99,1,-1,-1,-1
372,20,1439.94,431.53,264.42,372.16,1,-1,-1,-1
372,19,661.80,417.13,425.66,662.87,1,-1,-1,-1
372,12,366.17,382.40,302.29,423.12,1,-1,-1,-1
372,8,679.86,275.23,181.68,507.03,1,-1,-1,-1
372,7,1043.09,304.53,245.82,546.88,1,-1,-1,-1
372,5,450.42,403.89,338.60,547.83,1,-1,-1,-1
372,2,1165.84,292.03,239.73,495.93,1,-1,-1,-1
372,1,1071.21,418.99,348.82,592.50,1,-1,-1,-1
373,35,848.67,283.71,178.57,584.21,1,-1,-1,-1
373,31,1234.94,385.56,386.25,488.81,1,-1,-1,-1
373,26,319.04,394.56,241.45,335.16,1,-1,-1,-1
373,25,583.61,282.85,165.28,448.62,1,-1,-1,-1
373,23,500.44,306.45,172.45,398.29,1,-1,-1,-1
373,22,1404.77,317.38,144.13,394.91,1,-1,-1,-1
373,20,1423.74,426.87,298.49,376.90,1,-1,-1,-1
373,19,645.30,409.80,442.74,670.20,1,-1,-1,-1
373,12,354.40,379.87,343.75,416.30,1,-1,-1,-1
373,8,712.16,271.20,162.56,505.84,1,-1,-1,-1
373,7,1046.11,302.11,273.19,545.27,1,-1,-1,-1
373,5,459.86,402.07,340.16,540.91,1,-1,-1,-1
373,2,1188.05,283.56,228.57,489.12,1,-1,-1,-1
373,1,1032.64,420.85,389.16,585.09,1,-1,-1,-1
374,35,849.28,279.40,185.54,586.36,1,-1,-1,-1
374,31,1255.94,381.17,331.24,491.77,1,-1,-1,-1
374,26,332.82,392.87,220.75,325.32,1,-1,-1,-1
374,25,569.17,276.98,189.23,453.31,1,-1,-1,-1
374,23,503.91,304.88,178.42,408.09,1,-1,-1,-1
374,22,1417.36,314.93,139.94,411.09,1,-1,-1,-1
374,20,1409.35,423.89,323.48,386.94,1,-1,-1,-1
374,19,659.85,412.20,424.96,667.80,1,-1,-1,-1
374,12,381.92,377.50,280.26,409.49,1,-1,-1,-1
374,8,718.33,266.48,158.91,483.74,1,-1,-1,-1
374,7,1025.68,299.95,286.46,534.49,1,-1,-1,-1
374,5,434.92,404.86,350.85,528.18,1,-1,-1,-1
374,2,1252.62,281.25,170.42,486.75,1,-1,-1,-1
374,1,1072.17,421.55,348.36,582.90,1,-1,-1,-1
375,35,835.31,280.20,210.39,587.66,1,-1,-1,-1
375,31,1270.79,377.33,319.60,490.74,1,-1,-1,-1
375,26,352.27,384.95,221.26,326.04,1,-1,-1,-1
375,25,595.48,271.53,149.24,421.52,1,-1,-1,-1
375,23,525.26,297.75,136.29,355.64,1,-1,-1,-1
375,22,1425.64,305.91,140.04,420.02,1,-1,-1,-1
375,20,1412.97,419.15,331.32,376.83,1,-1,-1,-1
375,19,659.29,408.09,420.33,671.00,1,-1,-1,-1
375,12,399.94,373.65,272.15,395.84,1,-1,-1,-1
375,8,731.15,262.82,158.38,485.10,1,-1,-1,-1
375,7,1042.99,298.84,257.58,530.39,1,-1,-1,-1
375,5,453.52,405.97,333.96,529.00,1,-1,-1,-1
375,2,1257.14,276.36,176.86,494.23,1,-1,-1,-1
375,1,1082.14,420.56,336.74,574.21,1,-1,-1,-1
376,35,842.03,270.93,209.20,589.71,1,-1,-1,-1
376,31,1276.48,373.39,320.58,492.26,1,-1,-1,-1
376,26,360.41,380.08,214.49,326.09,1,-1,-1,-1
376,25,601.18,266.68,148.49,433.29,1,-1,-1,-1
376,23,529.16,292.51,149.11,374.05,1,-1,-1,-1
376,22,1434.32,301.51,141.73,415.61,1,-1,-1,-1
376,20,1414.61,408.24,337.11,387.97,1,-1,-1,-1
376,19,661.79,404.55,412.43,660.74,1,-1,-1,-1
376,12,403.68,369.96,277.77,394.68,1,-1,-1,-1
376,8,732.80,255.16,157.59,510.48,1,-1,-1,-1
376,7,1044.26,297.10,249.30,529.84,1,-1,-1,-1
376,5,474.55,400.76,341.32,585.67,1,-1,-1,-1
376,2,1255.44,273.53,184.27,493.45,1,-1,-1,-1
376,1,1080.74,413.17,336.41,577.35,1,-1,-1,-1
377,35,848.14,266.61,206.26,586.85,1,-1,-1,-1
377,31,1243.56,365.22,363.58,498.09,1,-1,-1,-1
377,26,376.04,370.65,214.26,326.21,1,-1,-1,-1
377,25,608.69,261.42,154.72,449.54,1,-1,-1,-1
377,22,1434.64,292.46,159.26,433.50,1,-1,-1,-1
377,19,653.36,402.37,415.49,656.30,1,-1,-1,-1
377,12,406.38,357.69,293.37,401.59,1,-1,-1,-1
377,8,723.73,249.94,174.87,542.33,1,-1,-1,-1
377,7,1055.06,293.47,248.37,530.58,1,-1,-1,-1
377,5,466.77,386.79,359.88,584.64,1,-1,-1,-1
377,2,1261.91,265.37,191.77,497.08,1,-1,-1,-1
377,1,1035.44,411.81,382.95,573.72,1,-1,-1,-1
378,35,847.63,265.19,212.43,584.90,1,-1,-1,-1
378,31,1240.43,362.02,360.41,499.30,1,-1,-1,-1
378,26,384.31,375.50,214.40,316.76,1,-1,-1,-1
378,25,613.83,259.45,168.72,442.06,1,-1,-1,-1
378,22,1423.73,287.92,178.37,438.95,1,-1,-1,-1
378,19,661.27,399.83,404.98,656.47,1,-1,-1,-1
378,12,434.67,356.59,281.33,401.71,1,-1,-1,-1
378,8,689.65,250.04,220.80,531.54,1,-1,-1,-1
378,7,1055.71,290.82,249.62,531.96,1,-1,-1,-1
378,5,481.61,384.95,379.14,584.45,1,-1,-1,-1
378,2,1259.85,258.17,207.86,500.82,1,-1,-1,-1
378,1,1038.48,413.41,375.32,571.88,1,-1,-1,-1
379,37,1416.68,394.55,361.88,401.58,1,-1,-1,-1
378,37,1418.33,401.91,355.52,391.71,1,-1,-1,-1
377,37,1406.89,403.00,363.40,389.40,1,-1,-1,-1
379,35,832.97,259.39,233.53,591.15,1,-1,-1,-1
379,31,1247.12,359.92,351.02,497.40,1,-1,-1,-1
379,26,403.68,369.01,220.88,322.03,1,-1,-1,-1
379,25,610.77,254.36,176.35,468.12,1,-1,-1,-1
379,22,1425.14,282.54,185.48,445.49,1,-1,-1,-1
379,19,658.56,394.73,402.72,658.63,1,-1,-1,-1
379,8,728.42,242.35,177.94,542.08,1,-1,-1,-1
379,7,1070.17,280.10,230.38,534.81,1,-1,-1,-1
379,5,483.85,376.17,377.32,578.91,1,-1,-1,-1
379,2,1265.30,253.33,211.37,510.28,1,-1,-1,-1
379,1,1071.52,411.46,333.76,573.89,1,-1,-1,-1
380,37,1423.46,392.68,358.81,402.93,1,-1,-1,-1
380,35,845.39,256.26,224.52,586.92,1,-1,-1,-1
380,31,1252.78,355.91,345.85,498.23,1,-1,-1,-1
380,26,412.19,365.56,217.40,325.82,1,-1,-1,-1
380,25,577.76,252.98,215.96,472.28,1,-1,-1,-1
380,22,1434.12,279.75,181.42,450.02,1,-1,-1,-1
380,19,650.11,396.76,405.61,650.82,1,-1,-1,-1
380,8,721.50,241.69,182.02,510.07,1,-1,-1,-1
380,7,1073.91,254.14,225.66,556.15,1,-1,-1,-1
380,5,489.85,374.16,355.79,571.43,1,-1,-1,-1
380,2,1267.54,251.81,213.64,509.49,1,-1,-1,-1
380,1,1076.77,405.85,323.42,577.47,1,-1,-1,-1
381,37,1430.19,389.08,360.14,400.23,1,-1,-1,-1
381,35,838.00,257.06,231.53,584.45,1,-1,-1,-1
381,31,1261.70,354.71,333.83,496.08,1,-1,-1,-1
381,26,420.85,362.57,213.71,318.53,1,-1,-1,-1
381,22,1456.95,273.76,167.24,441.47,1,-1,-1,-1
381,19,660.37,392.73,387.47,649.43,1,-1,-1,-1
381,7,1085.60,252.21,228.85,558.60,1,-1,-1,-1
381,5,501.58,378.87,317.89,567.64,1,-1,-1,-1
381,2,1289.45,248.94,191.34,505.12,1,-1,-1,-1
381,1,1070.71,398.70,321.89,582.27,1,-1,-1,-1
382,37,1418.09,388.02,373.32,399.08,1,-1,-1,-1
382,35,859.08,258.09,209.30,580.46,1,-1,-1,-1
382,31,1268.10,354.03,325.33,496.74,1,-1,-1,-1
382,26,424.50,358.04,268.32,369.80,1,-1,-1,-1
382,22,1472.48,270.64,158.09,445.64,1,-1,-1,-1
382,19,656.61,395.37,382.03,641.64,1,-1,-1,-1
382,12,444.51,356.77,253.23,379.34,1,-1,-1,-1
381,12,446.40,355.26,262.58,395.98,1,-1,-1,-1
380,12,447.40,356.52,264.80,403.40,1,-1,-1,-1
382,7,1094.07,262.57,198.60,537.34,1,-1,-1,-1
382,5,501.05,378.98,315.19,560.16,1,-1,-1,-1
382,2,1299.27,246.57,186.62,499.73,1,-1,-1,-1
382,1,1066.59,395.00,320.28,584.18,1,-1,-1,-1
383,37,1367.64,382.50,427.42,402.33,1,-1,-1,-1
383,35,869.14,257.67,196.11,571.86,1,-1,-1,-1
383,31,1285.62,358.36,312.18,490.25,1,-1,-1,-1
383,22,1488.14,266.87,151.00,444.92,1,-1,-1,-1
383,19,652.76,402.94,369.05,633.46,1,-1,-1,-1
383,12,427.65,354.52,265.24,374.43,1,-1,-1,-1
383,7,1109.41,276.02,181.62,519.55,1,-1,-1,-1
383,5,498.35,383.03,295.85,510.90,1,-1,-1,-1
383,2,1293.96,244.47,202.42,498.70,1,-1,-1,-1
383,1,1062.11,397.98,313.09,578.34,1,-1,-1,-1
384,37,1397.66,385.13,394.31,394.93,1,-1,-1,-1
384,35,871.31,258.53,184.55,569.86,1,-1,-1,-1
384,31,1286.59,354.67,305.53,495.02,1,-1,-1,-1
384,25,593.92,246.44,201.62,487.60,1,-1,-1,-1
383,25,587.32,246.76,209.61,497.09,1,-1,-1,-1
382,25,605.44,245.09,188.85,481.26,1,-1,-1,-1
384,22,1492.39,266.84,145.66,422.79,1,-1,-1,-1
384,19,646.92,399.95,368.59,639.05,1,-1,-1,-1
384,12,429.90,353.62,263.34,370.72,1,-1,-1,-1
384,8,754.13,239.20,153.93,519.83,1,-1,-1,-1
383,8,749.37,238.47,158.32,530.88,1,-1,-1,-1
382,8,741.41,239.91,261.88,556.39,1,-1,-1,-1
384,7,1108.84,275.76,177.78,522.34,1,-1,-1,-1
384,5,500.91,383.26,297.07,502.07,1,-1,-1,-1
384,2,1293.53,245.84,201.53,493.07,1,-1,-1,-1
384,1,1053.31,401.01,314.97,574.64,1,-1,-1,-1
385,35,862.54,258.11,188.86,569.37,1,-1,-1,-1
385,31,1275.97,353.37,307.81,498.79,1,-1,-1,-1
385,22,1493.80,267.28,151.69,409.32,1,-1,-1,-1
385,19,638.43,402.46,363.72,636.55,1,-1,-1,-1
385,12,435.53,352.68,256.82,369.21,1,-1,-1,-1
385,8,752.33,240.60,150.71,517.71,1,-1,-1,-1
385,7,1118.18,277.21,163.92,510.83,1,-1,-1,-1
385,5,496.51,384.50,295.82,495.05,1,-1,-1,-1
385,2,1296.57,249.29,199.72,491.27,1,-1,-1,-1
385,1,1050.62,404.50,301.19,574.27,1,-1,-1,-1
386,35,860.77,260.10,181.67,565.01,1,-1,-1,-1
386,31,1270.41,354.87,310.41,497.85,1,-1,-1,-1
386,22,1497.94,264.68,150.90,414.79,1,-1,-1,-1
386,20,1505.04,388.32,290.09,399.75,1,-1,-1,-1
385,20,1508.71,387.19,285.65,398.53,1,-1,-1,-1
384,20,1470.73,387.30,322.71,394.23,1,-1,-1,-1
386,19,630.98,405.20,359.91,632.79,1,-1,-1,-1
386,12,438.39,351.84,253.24,371.32,1,-1,-1,-1
386,8,754.22,242.17,149.46,519.72,1,-1,-1,-1
386,7,1118.06,277.34,161.07,517.60,1,-1,-1,-1
386,5,499.76,385.04,291.06,517.71,1,-1,-1,-1
386,2,1301.54,248.50,194.56,501.64,1,-1,-1,-1
386,1,1045.68,408.46,300.98,571.57,1,-1,-1,-1
387,35,852.41,260.71,182.41,562.86,1,-1,-1,-1
387,31,1281.42,358.30,296.81,500.43,1,-1,-1,-1
387,22,1504.63,264.48,148.98,427.41,1,-1,-1,-1
387,20,1513.25,388.83,284.89,403.73,1,-1,-1,-1
387,19,619.62,408.10,356.38,626.14,1,-1,-1,-1
387,12,444.77,353.54,247.47,371.56,1,-1,-1,-1
387,8,755.36,244.03,153.26,528.29,1,-1,-1,-1
387,7,1111.14,279.03,162.13,508.51,1,-1,-1,-1
387,5,496.20,387.01,286.95,484.28,1,-1,-1,-1
387,2,1294.32,248.65,192.58,500.55,1,-1,-1,-1
387,1,1037.21,413.48,300.79,570.56,1,-1,-1,-1
388,35,841.42,264.48,195.18,560.61,1,-1,-1,-1
388,31,1278.80,361.65,300.38,499.29,1,-1,-1,-1
388,22,1505.98,264.33,148.85,414.93,1,-1,-1,-1
388,20,1510.47,388.74,289.95,404.43,1,-1,-1,-1
388,19,603.97,408.20,364.18,624.75,1,-1,-1,-1
388,12,448.23,354.67,240.11,333.46,1,-1,-1,-1
388,8,753.44,245.85,154.27,517.80,1,-1,-1,-1
388,7,1107.29,279.13,162.62,496.74,1,-1,-1,-1
388,5,496.68,392.30,285.72,469.60,1,-1,-1,-1
388,2,1283.92,249.09,202.66,491.73,1,-1,-1,-1
388,1,1032.93,413.52,297.01,570.66,1,-1,-1,-1
389,35,827.56,263.62,206.62,559.51,1,-1,-1,-1
389,31,1282.64,359.93,302.76,505.27,1,-1,-1,-1
389,25,605.09,255.62,196.26,427.81,1,-1,-1,-1
388,25,602.67,254.08,198.84,424.44,1,-1,-1,-1
387,25,597.84,250.45,204.85,467.20,1,-1,-1,-1
389,22,1503.62,262.91,163.21,428.56,1,-1,-1,-1
389,20,1517.58,386.41,293.67,410.11,1,-1,-1,-1
389,19,592.84,412.29,366.91,623.20,1,-1,-1,-1
389,12,452.54,355.01,242.01,317.77,1,-1,-1,-1
389,8,749.43,245.03,163.75,503.77,1,-1,-1,-1
389,7,1092.56,281.35,178.33,506.05,1,-1,-1,-1
389,5,498.17,390.53,293.54,466.63,1,-1,-1,-1
389,2,1304.21,247.05,177.61,487.12,1,-1,-1,-1
389,1,1024.29,418.11,297.00,569.65,1,-1,-1,-1
390,35,801.41,267.04,233.70,558.09,1,-1,-1,-1
390,31,1281.18,362.92,315.44,502.46,1,-1,-1,-1
390,25,606.59,260.88,201.02,400.40,1,-1,-1,-1
390,22,1497.98,260.83,187.98,446.66,1,-1,-1,-1
390,20,1491.55,384.89,328.76,416.53,1,-1,-1,-1
390,19,602.73,413.34,352.91,620.82,1,-1,-1,-1
390,12,457.12,356.07,250.46,337.86,1,-1,-1,-1
390,7,1078.64,284.85,205.70,512.73,1,-1,-1,-1
390,5,496.85,391.84,299.23,468.32,1,-1,-1,-1
390,2,1305.29,247.38,179.23,484.64,1,-1,-1,-1
390,1,1017.39,417.82,297.25,571.48,1,-1,-1,-1
391,35,808.57,270.12,232.38,555.93,1,-1,-1,-1
391,31,1277.17,361.90,357.31,506.88,1,-1,-1,-1
391,25,611.63,262.65,202.93,394.12,1,-1,-1,-1
391,22,1476.11,261.14,229.38,442.08,1,-1,-1,-1
391,20,1479.06,388.40,341.04,414.66,1,-1,-1,-1
391,19,557.89,418.52,397.57,611.81,1,-1,-1,-1
391,12,468.62,354.62,237.98,370.92,1,-1,-1,-1
391,7,1072.45,286.07,215.22,518.63,1,-1,-1,-1
391,5,487.78,394.05,312.29,466.39,1,-1,-1,-1
391,2,1295.01,245.90,199.82,484.49,1,-1,-1,-1
391,1,1009.97,419.33,310.93,569.45,1,-1,-1,-1
392,35,801.48,272.19,239.38,560.30,1,-1,-1,-1
392,31,1269.77,362.79,339.20,505.35,1,-1,-1,-1
392,25,606.88,263.09,201.88,432.85,1,-1,-1,-1
392,22,1467.18,262.00,241.06,445.77,1,-1,-1,-1
392,20,1468.71,385.93,351.44,420.58,1,-1,-1,-1
392,19,565.96,418.63,431.78,603.21,1,-1,-1,-1
392,12,473.00,355.65,236.82,373.40,1,-1,-1,-1
392,7,1073.05,287.25,212.28,519.62,1,-1,-1,-1
392,5,483.47,398.69,311.17,466.54,1,-1,-1,-1
392,2,1291.06,248.71,207.67,486.32,1,-1,-1,-1
392,1,1004.78,419.94,310.27,571.58,1,-1,-1,-1
393,35,812.14,280.07,217.62,546.80,1,-1,-1,-1
393,31,1266.34,365.93,327.24,503.77,1,-1,-1,-1
393,25,604.73,263.97,197.35,454.94,1,-1,-1,-1
393,23,700.67,252.14,233.95,555.41,1,-1,-1,-1
392,23,695.90,248.98,237.32,554.89,1,-1,-1,-1
391,23,626.57,245.70,313.00,534.44,1,-1,-1,-1
393,22,1466.86,263.04,241.85,446.83,1,-1,-1,-1
393,20,1472.96,386.26,344.02,423.93,1,-1,-1,-1
393,19,508.17,416.75,494.43,607.50,1,-1,-1,-1
393,12,473.45,356.24,234.66,368.10,1,-1,-1,-1
393,7,1067.36,290.35,208.12,518.98,1,-1,-1,-1
393,5,481.83,398.42,304.15,449.73,1,-1,-1,-1
393,2,1293.27,250.73,194.95,480.43,1,-1,-1,-1
393,1,994.27,421.26,310.57,568.73,1,-1,-1,-1
394,35,794.63,283.09,226.33,534.66,1,-1,-1,-1
394,31,1255.78,366.12,368.30,505.16,1,-1,-1,-1
394,25,606.01,264.81,197.94,437.80,1,-1,-1,-1
394,23,687.04,252.98,228.49,543.02,1,-1,-1,-1
394,22,1462.19,261.38,248.13,455.78,1,-1,-1,-1
394,20,1481.75,390.85,339.46,421.02,1,-1,-1,-1
394,19,525.57,420.19,477.16,606.18,1,-1,-1,-1
394,12,473.63,359.83,228.16,367.63,1,-1,-1,-1
394,7,1059.57,291.75,208.30,502.61,1,-1,-1,-1
394,5,481.68,400.96,304.05,453.06,1,-1,-1,-1
394,2,1288.34,253.88,193.87,476.84,1,-1,-1,-1
394,1,983.01,418.14,313.99,572.31,1,-1,-1,-1
395,35,782.48,284.23,223.44,534.19,1,-1,-1,-1
395,31,1247.02,372.04,329.96,501.16,1,-1,-1,-1
395,25,601.93,264.60,202.54,411.24,1,-1,-1,-1
395,22,1477.08,264.67,225.27,455.64,1,-1,-1,-1
395,20,1466.57,394.99,343.57,417.24,1,-1,-1,-1
395,19,524.06,421.99,453.43,600.15,1,-1,-1,-1
395,12,470.57,361.09,224.40,366.45,1,-1,-1,-1
395,7,1042.41,293.25,213.08,498.53,1,-1,-1,-1
395,5,475.23,403.33,293.46,460.38,1,-1,-1,-1
395,2,1278.41,252.76,193.80,485.96,1,-1,-1,-1
395,1,962.74,421.06,313.22,572.69,1,-1,-1,-1
396,35,773.61,283.33,220.56,539.77,1,-1,-1,-1
396,31,1237.20,375.85,329.60,494.84,1,-1,-1,-1
396,25,600.72,261.17,200.08,448.77,1,-1,-1,-1
396,22,1476.81,267.08,214.79,453.12,1,-1,-1,-1
396,20,1440.18,396.41,356.34,418.84,1,-1,-1,-1
396,19,496.97,420.63,462.63,604.76,1,-1,-1,-1
396,12,464.50,362.21,219.94,362.32,1,-1,-1,-1
396,7,1032.41,293.11,212.17,502.82,1,-1,-1,-1
396,5,470.16,405.84,294.08,462.24,1,-1,-1,-1
396,2,1268.47,254.97,195.29,496.79,1,-1,-1,-1
396,1,953.11,420.37,307.81,571.58,1,-1,-1,-1
397,35,763.21,284.17,217.39,526.88,1,-1,-1,-1
397,31,1219.72,378.72,298.82,495.02,1,-1,-1,-1
397,25,597.13,260.88,194.87,430.14,1,-1,-1,-1
397,22,1473.09,270.48,204.22,436.00,1,-1,-1,-1
397,20,1435.79,398.11,352.27,417.82,1,-1,-1,-1
397,19,521.71,425.09,401.85,598.37,1,-1,-1,-1
397,12,455.45,362.95,224.37,361.69,1,-1,-1,-1
397,8,676.42,258.63,223.76,523.68,1,-1,-1,-1
396,8,668.86,255.89,227.56,530.35,1,-1,-1,-1
395,8,647.68,257.15,268.27,527.44,1,-1,-1,-1
397,7,1026.68,297.76,201.68,509.67,1,-1,-1,-1
397,5,459.86,403.50,292.65,445.19,1,-1,-1,-1
397,2,1255.33,257.06,194.32,493.41,1,-1,-1,-1
397,1,934.44,425.62,313.30,566.90,1,-1,-1,-1
398,35,760.74,281.35,210.61,545.29,1,-1,-1,-1
398,31,1211.55,377.46,290.09,498.33,1,-1,-1,-1
398,26,618.91,257.38,167.57,394.74,1,-1,-1,-1
397,26,596.81,274.53,154.70,370.45,1,-1,-1,-1
396,26,626.94,253.22,185.15,463.47,1,-1,-1,-1
398,25,596.72,273.99,145.98,332.99,1,-1,-1,-1
398,22,1462.86,271.19,212.67,426.46,1,-1,-1,-1
398,20,1408.26,398.01,373.01,420.10,1,-1,-1,-1
398,19,497.53,422.34,412.78,594.32,1,-1,-1,-1
398,12,452.71,363.67,213.32,350.05,1,-1,-1,-1
398,8,682.00,258.67,201.77,496.26,1,-1,-1,-1
398,7,1023.33,298.24,196.00,491.45,1,-1,-1,-1
398,5,454.28,404.92,291.16,444.31,1,-1,-1,-1
398,2,1252.19,257.47,189.95,476.07,1,-1,-1,-1
398,1,927.83,430.21,305.28,562.65,1,-1,-1,-1
399,35,764.79,283.97,195.64,540.41,1,-1,-1,-1
399,31,1198.09,381.38,362.82,488.79,1,-1,-1,-1
399,26,614.14,255.31,163.77,375.92,1,-1,-1,-1
399,25,592.03,268.58,152.47,341.94,1,-1,-1,-1
399,22,1469.35,271.50,190.76,424.63,1,-1,-1,-1
399,20,1416.28,398.66,344.93,416.52,1,-1,-1,-1
399,19,506.24,423.11,384.30,592.37,1,-1,-1,-1
399,12,446.62,362.97,218.19,335.39,1,-1,-1,-1
399,8,696.30,261.90,170.43,438.17,1,-1,-1,-1
399,7,1012.89,297.19,192.87,493.43,1,-1,-1,-1
399,5,443.88,405.11,285.16,443.64,1,-1,-1,-1
399,2,1251.23,258.15,185.85,458.41,1,-1,-1,-1
399,1,908.95,429.50,312.22,559.85,1,-1,-1,-1
400,35,760.91,290.58,189.94,531.13,1,-1,-1,-1
400,31,1193.66,378.56,361.33,491.11,1,-1,-1,-1
400,26,625.60,256.28,145.48,377.39,1,-1,-1,-1
400,25,592.58,271.22,129.50,328.53,1,-1,-1,-1
400,22,1469.54,271.41,183.91,422.26,1,-1,-1,-1
400,20,1434.27,401.28,312.80,415.90,1,-1,-1,-1
400,19,502.93,423.32,391.18,589.86,1,-1,-1,-1
400,12,443.62,363.06,211.85,348.24,1,-1,-1,-1
400,8,697.56,264.71,147.97,415.95,1,-1,-1,-1
400,7,1006.67,300.36,190.67,493.40,1,-1,-1,-1
400,5,434.97,404.20,290.89,443.90,1,-1,-1,-1
400,2,1250.45,259.57,184.14,454.92,1,-1,-1,-1
400,1,905.87,430.87,306.18,561.16,1,-1,-1,-1
401,35,767.04,287.06,173.21,535.45,1,-1,-1,-1
401,31,1179.49,378.48,364.31,493.73,1,-1,-1,-1
401,25,591.80,255.44,168.74,414.81,1,-1,-1,-1
401,22,1458.37,272.94,185.83,423.53,1,-1,-1,-1
401,20,1378.95,402.17,363.11,414.68,1,-1,-1,-1
401,19,492.06,437.72,398.45,574.29,1,-1,-1,-1
401,12,436.41,359.43,201.51,360.21,1,-1,-1,-1
401,8,690.31,267.73,155.66,450.28,1,-1,-1,-1
401,7,998.70,301.78,190.65,488.20,1,-1,-1,-1
401,5,427.97,403.11,310.02,442.30,1,-1,-1,-1
401,2,1227.30,258.55,196.95,466.41,1,-1,-1,-1
401,1,896.08,432.29,304.74,557.15,1,-1,-1,-1
402,35,758.46,287.42,179.70,537.16,1,-1,-1,-1
402,25,586.57,256.40,173.24,446.06,1,-1,-1,-1
402,22,1454.56,276.66,183.14,418.77,1,-1,-1,-1
402,20,1383.86,403.45,354.63,412.42,1,-1,-1,-1
402,19,486.69,439.36,390.92,575.90,1,-1,-1,-1
402,12,433.64,362.53,201.27,355.01,1,-1,-1,-1
402,8,667.04,269.69,171.29,473.29,1,-1,-1,-1
402,7,996.28,303.49,187.23,503.20,1,-1,-1,-1
402,5,425.40,406.66,305.32,443.23,1,-1,-1,-1
402,2,1239.56,260.31,184.44,445.40,1,-1,-1,-1
402,1,884.57,435.14,311.86,557.75,1,-1,-1,-1
403,35,757.40,289.09,172.13,534.78,1,-1,-1,-1
403,25,581.15,253.92,184.22,447.57,1,-1,-1,-1
403,22,1451.12,278.54,180.21,416.47,1,-1,-1,-1
403,20,1410.74,406.08,319.64,411.09,1,-1,-1,-1
403,19,476.23,452.89,389.65,563.84,1,-1,-1,-1
403,12,429.40,361.88,203.08,359.77,1,-1,-1,-1
403,8,657.44,269.28,177.34,467.18,1,-1,-1,-1
403,7,988.95,306.44,186.81,493.89,1,-1,-1,-1
403,5,427.88,415.17,307.50,429.73,1,-1,-1,-1
403,2,1223.77,260.86,195.14,452.21,1,-1,-1,-1
403,1,877.19,438.75,306.60,556.68,1,-1,-1,-1
404,38,1162.22,390.22,365.81,486.42,1,-1,-1,-1
403,38,1166.60,385.35,363.39,490.03,1,-1,-1,-1
402,38,1172.64,380.75,371.21,494.09,1,-1,-1,-1
404,35,750.12,292.50,178.55,529.27,1,-1,-1,-1
404,25,581.21,254.14,189.25,438.73,1,-1,-1,-1
404,22,1451.73,279.71,178.07,415.90,1,-1,-1,-1
404,20,1393.32,409.85,339.44,406.76,1,-1,-1,-1
404,19,432.43,437.49,422.55,579.86,1,-1,-1,-1
404,12,427.18,362.10,211.76,355.82,1,-1,-1,-1
404,8,653.65,266.81,180.73,462.97,1,-1,-1,-1
404,7,984.09,306.56,190.41,484.10,1,-1,-1,-1
404,2,1216.71,261.49,197.77,448.91,1,-1,-1,-1
404,1,864.81,435.10,309.52,558.68,1,-1,-1,-1
405,38,1157.69,385.09,371.40,493.73,1,-1,-1,-1
405,37,1414.44,410.27,292.76,407.58,1,-1,-1,-1
404,37,1406.79,407.97,322.08,410.47,1,-1,-1,-1
403,37,1404.83,409.49,329.03,404.88,1,-1,-1,-1
405,35,749.29,292.48,176.05,528.74,1,-1,-1,-1
405,25,580.91,253.75,175.28,432.99,1,-1,-1,-1
405,22,1441.89,280.14,183.29,418.79,1,-1,-1,-1
405,19,410.39,435.03,429.39,584.96,1,-1,-1,-1
405,12,421.87,362.56,201.64,369.92,1,-1,-1,-1
405,8,663.43,262.62,161.70,461.59,1,-1,-1,-1
405,7,978.89,305.59,191.82,491.00,1,-1,-1,-1
405,2,1229.05,262.52,178.06,449.05,1,-1,-1,-1
405,1,851.98,431.24,311.38,563.56,1,-1,-1,-1
406,38,1153.62,382.99,365.11,492.16,1,-1,-1,-1
406,37,1412.91,411.75,287.16,406.13,1,-1,-1,-1
406,35,737.06,290.05,191.45,535.96,1,-1,-1,-1
406,25,583.32,256.61,166.85,403.42,1,-1,-1,-1
406,22,1403.36,281.42,219.22,426.80,1,-1,-1,-1
406,19,430.70,436.79,400.59,580.22,1,-1,-1,-1
406,12,418.05,362.85,205.02,378.62,1,-1,-1,-1
406,8,665.23,258.42,158.50,480.26,1,-1,-1,-1
406,7,978.14,304.79,188.69,509.08,1,-1,-1,-1
406,2,1215.74,263.67,188.32,457.70,1,-1,-1,-1
406,1,849.76,429.44,310.57,565.30,1,-1,-1,-1
407,38,1152.02,383.87,352.27,489.48,1,-1,-1,-1
407,37,1411.60,411.24,288.63,409.45,1,-1,-1,-1
407,35,692.96,284.71,240.10,537.20,1,-1,-1,-1
407,25,584.98,258.30,164.88,391.46,1,-1,-1,-1
407,22,1427.24,280.84,188.93,432.35,1,-1,-1,-1
407,19,427.08,421.65,402.87,594.07,1,-1,-1,-1
407,12,414.25,359.44,229.63,402.34,1,-1,-1,-1
407,8,674.76,255.39,167.04,491.33,1,-1,-1,-1
407,7,978.78,303.87,193.60,515.94,1,-1,-1,-1
407,2,1231.39,265.34,169.57,464.94,1,-1,-1,-1
407,1,852.10,423.20,320.42,569.28,1,-1,-1,-1
408,38,1150.56,378.02,344.04,493.67,1,-1,-1,-1
408,35,691.03,286.29,244.82,531.38,1,-1,-1,-1
408,25,590.69,253.58,166.87,429.89,1,-1,-1,-1
408,22,1431.95,280.58,188.54,440.91,1,-1,-1,-1
408,19,430.41,426.54,477.18,589.27,1,-1,-1,-1
408,12,413.84,357.17,233.76,378.41,1,-1,-1,-1
408,8,676.62,256.72,160.91,483.70,1,-1,-1,-1
408,7,951.75,303.28,227.37,509.59,1,-1,-1,-1
408,2,1237.31,263.77,162.80,468.92,1,-1,-1,-1
408,1,851.65,424.32,340.86,568.80,1,-1,-1,-1
409,38,1151.61,378.98,345.62,493.66,1,-1,-1,-1
409,35,735.51,289.34,208.67,530.92,1,-1,-1,-1
409,25,595.98,253.47,165.49,401.27,1,-1,-1,-1
409,22,1430.47,280.50,187.01,435.86,1,-1,-1,-1
409,19,432.36,435.49,395.49,579.53,1,-1,-1,-1
409,12,411.43,355.92,225.61,374.46,1,-1,-1,-1
409,8,681.84,257.65,149.70,434.76,1,-1,-1,-1
409,7,917.23,302.37,260.09,517.10,1,-1,-1,-1
409,2,1237.54,262.18,161.38,452.65,1,-1,-1,-1
409,1,850.59,425.32,325.24,567.55,1,-1,-1,-1
410,38,1150.83,379.69,352.55,494.47,1,-1,-1,-1
410,35,743.56,288.73,206.51,531.53,1,-1,-1,-1
410,25,592.54,261.74,151.48,356.34,1,-1,-1,-1
410,22,1434.17,280.29,180.94,429.82,1,-1,-1,-1
410,20,1415.03,408.60,300.36,414.76,1,-1,-1,-1
409,20,1415.32,408.21,299.61,415.13,1,-1,-1,-1
408,20,1416.10,406.94,293.74,415.15,1,-1,-1,-1
410,19,446.42,436.95,396.30,578.12,1,-1,-1,-1
410,12,412.50,356.15,216.40,383.44,1,-1,-1,-1
410,8,677.21,258.07,154.04,441.10,1,-1,-1,-1
410,7,983.87,304.85,191.48,474.39,1,-1,-1,-1
410,2,1238.83,260.48,163.72,460.66,1,-1,-1,-1
410,1,851.08,434.91,324.97,560.51,1,-1,-1,-1
411,38,1149.67,384.74,362.53,495.72,1,-1,-1,-1
411,35,739.34,289.85,219.65,534.48,1,-1,-1,-1
411,25,589.58,265.56,154.64,354.48,1,-1,-1,-1
411,22,1434.13,281.89,187.15,427.80,1,-1,-1,-1
411,20,1407.71,412.38,303.72,412.11,1,-1,-1,-1
411,19,433.60,436.75,421.81,586.86,1,-1,-1,-1
411,12,411.69,359.26,226.65,352.21,1,-1,-1,-1
411,8,687.67,260.33,136.23,429.88,1,-1,-1,-1
411,5,398.93,407.55,296.84,439.66,1,-1,-1,-1
410,5,393.35,413.06,291.05,431.79,1,-1,-1,-1
409,5,393.11,413.24,301.45,443.68,1,-1,-1,-1
411,2,1237.80,261.90,172.41,455.97,1,-1,-1,-1
411,1,851.84,432.64,346.15,569.93,1,-1,-1,-1
412,38,1149.68,394.23,366.54,497.39,1,-1,-1,-1
412,35,742.07,291.55,218.19,538.22,1,-1,-1,-1
412,25,585.87,267.54,160.36,353.66,1,-1,-1,-1
412,23,918.20,306.81,258.57,511.34,1,-1,-1,-1
411,23,913.68,304.21,263.46,505.19,1,-1,-1,-1
410,23,909.07,300.84,270.34,503.84,1,-1,-1,-1
412,22,1433.82,284.92,185.37,426.50,1,-1,-1,-1
412,20,1408.33,414.43,309.60,421.32,1,-1,-1,-1
412,19,431.37,438.95,413.95,592.80,1,-1,-1,-1
412,12,409.96,362.65,231.35,361.52,1,-1,-1,-1
412,8,687.66,265.67,148.95,438.25,1,-1,-1,-1
412,5,392.59,415.84,313.27,433.68,1,-1,-1,-1
412,2,1231.23,265.61,187.33,464.66,1,-1,-1,-1
412,1,850.16,439.64,350.28,568.65,1,-1,-1,-1
413,38,1149.17,398.39,366.35,498.57,1,-1,-1,-1
413,25,578.07,275.86,167.33,364.91,1,-1,-1,-1
413,23,930.94,316.67,240.34,511.45,1,-1,-1,-1
413,22,1433.98,291.85,187.84,430.34,1,-1,-1,-1
413,20,1415.11,421.32,301.25,417.63,1,-1,-1,-1
413,19,443.27,446.95,409.18,590.14,1,-1,-1,-1
413,12,410.62,369.23,223.92,360.78,1,-1,-1,-1
413,8,682.63,270.61,172.76,427.66,1,-1,-1,-1
413,5,390.38,418.30,318.10,433.54,1,-1,-1,-1
413,2,1218.78,271.81,203.15,459.26,1,-1,-1,-1
413,1,850.26,447.93,349.74,566.99,1,-1,-1,-1
414,38,1148.83,409.06,366.57,495.77,1,-1,-1,-1
414,32,716.38,300.59,243.70,542.12,1,-1,-1,-1
413,32,728.91,295.97,235.38,542.71,1,-1,-1,-1
412,32,744.24,292.77,216.11,539.11,1,-1,-1,-1
414,25,569.98,277.12,182.27,374.53,1,-1,-1,-1
414,22,1437.38,297.34,183.76,424.01,1,-1,-1,-1
414,20,1425.12,424.16,301.06,424.79,1,-1,-1,-1
414,19,437.71,452.13,421.38,592.59,1,-1,-1,-1
414,12,409.20,373.98,227.73,349.80,1,-1,-1,-1
414,8,663.87,273.82,180.98,444.71,1,-1,-1,-1
414,5,389.79,427.83,307.16,431.15,1,-1,-1,-1
414,2,1218.74,277.81,203.63,451.90,1,-1,-1,-1
414,1,846.64,453.36,352.13,565.57,1,-1,-1,-1
415,38,1158.40,415.60,360.07,495.18,1,-1,-1,-1
415,32,713.38,309.49,240.35,539.39,1,-1,-1,-1
415,25,562.75,288.91,179.36,380.23,1,-1,-1,-1
415,22,1441.77,304.27,170.91,419.61,1,-1,-1,-1
415,20,1425.28,434.25,292.95,417.63,1,-1,-1,-1
415,19,443.82,457.64,410.84,596.16,1,-1,-1,-1
415,12,431.90,379.83,210.60,403.56,1,-1,-1,-1
415,8,635.18,277.52,217.66,503.95,1,-1,-1,-1
415,5,391.55,433.49,309.47,439.21,1,-1,-1,-1
415,2,1213.80,283.06,210.34,463.57,1,-1,-1,-1
415,1,857.65,465.36,313.79,563.29,1,-1,-1,-1
416,38,1161.82,416.88,347.41,496.76,1,-1,-1,-1
416,32,701.53,312.36,245.06,542.09,1,-1,-1,-1
416,25,560.49,289.05,184.57,381.11,1,-1,-1,-1
416,22,1440.75,306.24,172.40,422.86,1,-1,-1,-1
416,20,1409.03,439.55,297.64,416.62,1,-1,-1,-1
416,19,449.86,460.18,386.52,595.12,1,-1,-1,-1
416,12,438.77,381.60,209.67,384.93,1,-1,-1,-1
416,8,629.78,282.38,217.82,470.36,1,-1,-1,-1
416,7,977.68,328.64,184.00,514.23,1,-1,-1,-1
415,7,983.08,326.46,180.75,488.04,1,-1,-1,-1
414,7,947.87,323.14,217.73,473.62,1,-1,-1,-1
416,5,392.48,433.87,306.29,440.73,1,-1,-1,-1
416,2,1210.94,285.71,214.56,479.17,1,-1,-1,-1
416,1,849.46,468.56,307.76,562.42,1,-1,-1,-1
417,38,1165.55,423.80,300.66,492.36,1,-1,-1,-1
417,32,684.22,318.90,256.39,535.72,1,-1,-1,-1
417,25,566.55,293.28,187.45,359.81,1,-1,-1,-1
417,22,1440.92,312.38,178.97,424.39,1,-1,-1,-1
417,20,1426.31,441.63,281.48,418.43,1,-1,-1,-1
417,19,450.81,468.73,370.66,590.69,1,-1,-1,-1
417,12,451.44,384.92,203.76,376.15,1,-1,-1,-1
417,8,595.23,285.96,243.44,467.42,1,-1,-1,-1
417,7,966.70,331.53,198.90,520.55,1,-1,-1,-1
417,5,399.26,435.92,295.35,441.93,1,-1,-1,-1
417,2,1208.40,290.62,187.60,465.98,1,-1,-1,-1
417,1,843.99,470.99,310.96,562.04,1,-1,-1,-1
418,38,1170.14,424.32,281.17,491.41,1,-1,-1,-1
418,32,706.14,320.99,225.72,537.15,1,-1,-1,-1
418,25,569.31,299.27,168.52,351.03,1,-1,-1,-1
418,22,1425.29,313.12,200.89,431.09,1,-1,-1,-1
418,20,1428.37,447.44,279.88,412.36,1,-1,-1,-1
418,19,457.90,468.71,348.61,588.10,1,-1,-1,-1
418,12,414.05,390.14,229.09,349.84,1,-1,-1,-1
418,8,601.11,285.99,238.91,494.52,1,-1,-1,-1
418,7,970.52,334.47,197.36,516.44,1,-1,-1,-1
418,5,399.47,446.10,297.72,431.63,1,-1,-1,-1
418,2,1208.79,294.09,184.78,459.28,1,-1,-1,-1
418,1,862.35,473.00,294.99,560.12,1,-1,-1,-1
419,38,1173.16,425.30,281.01,489.86,1,-1,-1,-1
419,32,668.02,286.05,184.05,505.85,1,-1,-1,-1
419,25,581.59,300.22,139.83,329.05,1,-1,-1,-1
419,22,1413.89,313.71,213.67,429.59,1,-1,-1,-1
419,20,1430.49,447.89,279.23,406.16,1,-1,-1,-1
419,19,464.04,468.29,337.79,586.24,1,-1,-1,-1
419,12,415.72,389.93,221.79,344.58,1,-1,-1,-1
419,8,585.92,287.87,209.86,378.17,1,-1,-1,-1
419,7,973.60,335.86,200.69,508.21,1,-1,-1,-1
419,5,411.86,447.29,282.00,425.69,1,-1,-1,-1
419,2,1211.16,295.58,184.52,465.35,1,-1,-1,-1
419,1,865.18,472.45,296.15,556.33,1,-1,-1,-1
420,38,1174.18,426.27,283.00,486.40,1,-1,-1,-1
420,32,665.06,283.23,182.91,460.97,1,-1,-1,-1
420,25,587.63,299.49,135.71,324.92,1,-1,-1,-1
420,22,1408.13,314.52,219.60,427.24,1,-1,-1,-1
420,20,1429.74,447.61,282.93,406.44,1,-1,-1,-1
420,19,473.49,456.89,331.45,595.65,1,-1,-1,-1
420,12,419.82,390.15,227.06,349.20,1,-1,-1,-1
420,8,595.77,288.38,200.58,371.26,1,-1,-1,-1
420,7,975.83,334.95,200.60,504.58,1,-1,-1,-1
420,5,411.66,441.35,284.28,426.59,1,-1,-1,-1
420,2,1211.16,294.67,183.81,466.27,1,-1,-1,-1
420,1,881.72,471.91,282.39,554.13,1,-1,-1,-1
421,38,1180.95,420.75,280.76,483.04,1,-1,-1,-1
421,35,711.94,311.77,226.09,529.21,1,-1,-1,-1
420,35,708.30,321.82,226.01,526.44,1,-1,-1,-1
419,35,708.01,319.85,220.75,532.67,1,-1,-1,-1
421,32,678.63,277.48,173.70,442.32,1,-1,-1,-1
421,25,592.14,295.31,130.00,329.19,1,-1,-1,-1
421,22,1406.04,311.05,218.26,425.58,1,-1,-1,-1
421,20,1434.17,439.98,280.17,406.08,1,-1,-1,-1
421,19,473.40,456.65,336.27,583.71,1,-1,-1,-1
421,12,423.03,383.41,233.58,349.26,1,-1,-1,-1
421,8,601.42,281.00,199.86,385.11,1,-1,-1,-1
421,7,980.88,329.92,198.81,502.61,1,-1,-1,-1
421,5,415.81,420.84,288.34,438.53,1,-1,-1,-1
421,2,1215.54,288.11,182.39,463.42,1,-1,-1,-1
421,1,881.28,464.11,286.62,549.53,1,-1,-1,-1
422,38,1184.82,416.07,278.38,480.28,1,-1,-1,-1
422,35,741.51,306.70,199.61,525.52,1,-1,-1,-1
422,32,684.82,269.22,169.59,519.02,1,-1,-1,-1
422,25,596.17,287.24,130.06,347.37,1,-1,-1,-1
422,22,1406.42,304.26,207.76,421.99,1,-1,-1,-1
422,20,1432.34,434.67,281.91,403.94,1,-1,-1,-1
422,19,481.88,451.61,335.70,577.58,1,-1,-1,-1
422,12,425.68,376.00,222.80,347.32,1,-1,-1,-1
422,8,604.97,273.13,194.04,409.57,1,-1,-1,-1
422,7,988.15,324.14,193.54,499.00,1,-1,-1,-1
422,5,420.60,424.87,265.30,431.46,1,-1,-1,-1
422,2,1219.64,280.88,185.17,454.60,1,-1,-1,-1
422,1,882.74,454.15,288.92,554.82,1,-1,-1,-1
423,38,1191.37,407.48,276.91,477.52,1,-1,-1,-1
423,35,734.25,294.00,212.04,529.11,1,-1,-1,-1
423,32,678.40,258.49,176.04,491.24,1,-1,-1,-1
423,25,599.21,280.98,129.47,332.91,1,-1,-1,-1
423,22,1407.24,298.07,203.10,420.75,1,-1,-1,-1
423,20,1439.29,427.36,278.92,402.18,1,-1,-1,-1
423,19,499.46,449.41,329.77,562.89,1,-1,-1,-1
423,12,431.77,367.08,224.05,341.08,1,-1,-1,-1
423,8,608.05,267.43,189.84,383.81,1,-1,-1,-1
423,7,990.23,309.94,202.55,500.90,1,-1,-1,-1
423,5,427.39,414.27,271.91,432.38,1,-1,-1,-1
423,2,1218.78,272.46,188.12,460.14,1,-1,-1,-1
423,1,900.32,440.93,278.93,554.64,1,-1,-1,-1
424,38,1198.60,401.93,275.11,474.52,1,-1,-1,-1
424,35,752.02,289.26,197.07,528.95,1,-1,-1,-1
424,32,674.50,251.69,179.60,502.66,1,-1,-1,-1
424,25,601.09,274.77,136.58,347.52,1,-1,-1,-1
424,22,1398.77,293.14,216.41,420.60,1,-1,-1,-1
424,20,1444.61,423.98,278.00,398.69,1,-1,-1,-1
424,19,502.94,431.92,350.55,576.95,1,-1,-1,-1
424,12,437.79,360.05,224.03,355.16,1,-1,-1,-1
424,8,603.33,259.17,198.54,411.78,1,-1,-1,-1
424,7,997.23,305.07,200.12,499.02,1,-1,-1,-1
424,5,431.95,411.92,278.56,428.46,1,-1,-1,-1
424,2,1222.21,267.19,190.69,450.67,1,-1,-1,-1
424,1,899.49,435.40,286.56,550.17,1,-1,-1,-1
425,38,1208.38,388.65,280.01,478.85,1,-1,-1,-1
425,35,740.80,275.74,220.84,536.20,1,-1,-1,-1
425,32,667.59,244.60,200.02,495.05,1,-1,-1,-1
425,22,1456.40,411.96,279.19,407.48,1,-1,-1,-1
425,20,1453.97,411.14,279.91,405.13,1,-1,-1,-1
425,19,502.29,396.55,352.06,598.72,1,-1,-1,-1
425,8,607.75,251.65,199.64,457.74,1,-1,-1,-1
425,7,1005.65,292.24,202.43,504.13,1,-1,-1,-1
425,5,441.43,348.71,276.35,481.79,1,-1,-1,-1
425,2,1243.19,256.35,182.77,468.62,1,-1,-1,-1
425,1,925.69,421.70,278.64,554.48,1,-1,-1,-1
426,38,1219.41,381.41,281.78,484.20,1,-1,-1,-1
426,35,750.78,268.83,221.26,527.80,1,-1,-1,-1
426,32,685.20,238.00,196.45,500.99,1,-1,-1,-1
426,20,1457.91,403.59,285.97,409.25,1,-1,-1,-1
426,19,516.85,395.73,349.64,588.64,1,-1,-1,-1
426,8,611.72,251.31,186.06,418.72,1,-1,-1,-1
426,7,1018.30,284.89,202.80,488.93,1,-1,-1,-1
426,5,454.00,376.54,292.15,435.45,1,-1,-1,-1
426,2,1248.42,249.79,186.95,467.86,1,-1,-1,-1
426,1,914.59,416.05,300.73,547.88,1,-1,-1,-1
427,38,1228.30,371.11,289.71,483.89,1,-1,-1,-1
427,37,1430.42,271.06,211.43,426.24,1,-1,-1,-1
426,37,1421.09,275.88,220.52,434.43,1,-1,-1,-1
425,37,1401.63,283.52,224.02,424.56,1,-1,-1,-1
427,35,767.25,260.32,215.24,530.67,1,-1,-1,-1
427,32,746.12,229.15,150.47,486.09,1,-1,-1,-1
427,20,1462.84,398.36,291.84,405.78,1,-1,-1,-1
427,19,513.54,395.02,368.60,586.27,1,-1,-1,-1
427,8,613.27,248.02,175.37,386.57,1,-1,-1,-1
427,7,1025.86,278.31,203.18,488.23,1,-1,-1,-1
427,5,463.32,374.35,292.39,431.10,1,-1,-1,-1
427,2,1259.99,247.09,190.19,477.65,1,-1,-1,-1
427,1,947.06,406.85,284.48,553.43,1,-1,-1,-1
428,38,1227.15,370.87,294.71,482.13,1,-1,-1,-1
428,37,1430.11,271.61,208.20,418.13,1,-1,-1,-1
428,35,775.94,258.18,209.43,528.54,1,-1,-1,-1
428,32,739.33,226.81,159.41,477.41,1,-1,-1,-1
428,20,1459.88,397.66,292.37,402.76,1,-1,-1,-1
428,19,518.11,393.94,367.41,586.55,1,-1,-1,-1
428,12,452.21,335.40,244.80,354.12,1,-1,-1,-1
427,12,456.32,339.49,240.95,356.99,1,-1,-1,-1
426,12,453.78,346.33,240.22,374.68,1,-1,-1,-1
428,8,611.82,243.03,183.34,375.53,1,-1,-1,-1
428,7,1030.67,276.08,203.21,492.09,1,-1,-1,-1
428,5,461.04,371.75,291.38,432.14,1,-1,-1,-1
428,2,1262.86,244.20,190.00,465.75,1,-1,-1,-1
428,1,948.12,401.36,287.91,554.89,1,-1,-1,-1
429,38,1217.69,369.72,300.96,481.30,1,-1,-1,-1
429,37,1414.22,273.18,212.58,422.00,1,-1,-1,-1
429,35,718.23,255.72,262.53,537.46,1,-1,-1,-1
429,32,690.95,228.13,196.60,486.82,1,-1,-1,-1
429,20,1447.89,398.42,289.82,398.92,1,-1,-1,-1
429,19,506.34,387.18,382.24,594.52,1,-1,-1,-1
429,8,594.35,238.75,195.58,426.01,1,-1,-1,-1
429,7,1029.79,275.55,202.48,492.69,1,-1,-1,-1
429,5,444.36,368.07,316.67,445.59,1,-1,-1,-1
429,2,1248.61,244.16,201.11,468.73,1,-1,-1,-1
429,1,944.35,398.41,293.36,558.64,1,-1,-1,-1
430,38,1216.36,369.94,296.09,480.14,1,-1,-1,-1
430,37,1381.37,274.45,229.46,416.76,1,-1,-1,-1
430,35,716.47,251.15,261.48,541.69,1,-1,-1,-1
430,32,672.86,224.00,213.56,474.47,1,-1,-1,-1
430,20,1439.60,398.07,283.76,394.85,1,-1,-1,-1
430,19,500.90,385.14,388.61,598.31,1,-1,-1,-1
430,8,585.74,232.36,210.61,450.96,1,-1,-1,-1
430,7,1025.58,274.24,203.62,475.93,1,-1,-1,-1
430,5,436.47,370.73,322.62,455.16,1,-1,-1,-1
430,2,1246.20,243.12,191.57,466.77,1,-1,-1,-1
430,1,942.79,396.85,293.23,556.77,1,-1,-1,-1
431,39,428.45,361.36,371.63,509.19,1,-1,-1,-1
430,39,438.57,362.16,327.61,473.60,1,-1,-1,-1
429,39,437.85,345.67,325.47,458.97,1,-1,-1,-1
431,38,1204.63,376.42,288.63,466.82,1,-1,-1,-1
431,37,1370.22,277.76,219.79,401.37,1,-1,-1,-1
431,35,719.94,244.65,252.44,550.16,1,-1,-1,-1
431,32,671.06,218.91,202.77,516.66,1,-1,-1,-1
431,20,1423.79,398.95,281.84,385.93,1,-1,-1,-1
431,19,447.71,377.37,438.50,603.61,1,-1,-1,-1
431,8,551.43,235.04,214.54,417.90,1,-1,-1,-1
431,7,1012.51,272.83,209.84,470.43,1,-1,-1,-1
431,2,1225.19,245.40,197.41,465.99,1,-1,-1,-1
431,1,937.75,400.15,293.50,551.43,1,-1,-1,-1
432,39,409.63,353.40,375.76,497.91,1,-1,-1,-1
432,38,1193.88,377.01,287.68,466.50,1,-1,-1,-1
432,37,1377.91,277.31,192.76,398.17,1,-1,-1,-1
432,35,703.32,246.31,260.46,548.61,1,-1,-1,-1
432,32,564.23,218.27,299.00,488.38,1,-1,-1,-1
432,20,1391.92,399.57,293.61,390.87,1,-1,-1,-1
432,19,488.24,382.88,395.17,602.73,1,-1,-1,-1
432,12,379.39,325.06,278.25,374.83,1,-1,-1,-1
431,12,408.34,326.45,275.42,383.14,1,-1,-1,-1
430,12,431.88,330.78,257.92,389.93,1,-1,-1,-1
432,8,533.85,233.90,222.80,411.18,1,-1,-1,-1
432,7,999.49,276.14,215.49,471.46,1,-1,-1,-1
432,2,1221.96,247.11,192.14,464.82,1,-1,-1,-1
432,1,933.24,396.45,297.42,557.25,1,-1,-1,-1
433,39,358.65,329.57,353.39,553.57,1,-1,-1,-1
433,38,1179.16,375.24,290.34,456.47,1,-1,-1,-1
433,37,1352.82,274.39,192.63,397.88,1,-1,-1,-1
433,35,692.84,239.88,263.95,557.12,1,-1,-1,-1
433,32,666.78,239.88,289.07,566.52,1,-1,-1,-1
433,20,1374.26,399.68,287.93,375.80,1,-1,-1,-1
433,19,461.20,384.85,419.35,605.47,1,-1,-1,-1
433,7,979.88,275.53,221.50,464.49,1,-1,-1,-1
433,2,1203.57,246.84,206.38,444.26,1,-1,-1,-1
433,1,912.37,395.21,313.98,550.64,1,-1,-1,-1
434,39,385.45,354.41,356.29,497.17,1,-1,-1,-1
434,38,1164.60,379.25,300.87,446.25,1,-1,-1,-1
434,37,1339.98,270.38,191.03,400.48,1,-1,-1,-1
434,35,644.43,238.68,301.37,562.68,1,-1,-1,-1
434,20,1373.29,395.28,272.29,377.12,1,-1,-1,-1
434,19,502.85,382.83,377.97,610.11,1,-1,-1,-1
434,7,970.13,272.88,225.67,467.39,1,-1,-1,-1
434,2,1188.89,244.58,244.17,457.14,1,-1,-1,-1
434,1,919.69,392.43,302.21,551.90,1,-1,-1,-1
435,39,373.77,343.51,412.63,523.18,1,-1,-1,-1
435,38,1152.13,375.70,299.47,447.23,1,-1,-1,-1
435,37,1334.71,269.98,171.17,398.08,1,-1,-1,-1
435,35,643.37,227.94,308.35,568.15,1,-1,-1,-1
435,20,1353.72,394.65,276.36,370.93,1,-1,-1,-1
435,19,488.46,379.77,394.87,614.80,1,-1,-1,-1
435,7,955.03,264.80,235.12,482.51,1,-1,-1,-1
435,2,1170.94,244.90,211.50,457.63,1,-1,-1,-1
435,1,908.22,393.52,314.48,549.21,1,-1,-1,-1
436,39,359.05,326.80,455.44,558.71,1,-1,-1,-1
436,38,1146.91,377.09,304.12,441.84,1,-1,-1,-1
436,37,1317.64,265.12,176.85,411.56,1,-1,-1,-1
436,35,636.85,225.54,298.61,576.81,1,-1,-1,-1
436,23,1149.18,380.83,306.52,435.27,1,-1,-1,-1
435,23,1156.34,380.48,298.83,437.73,1,-1,-1,-1
434,23,1169.76,375.98,291.37,451.83,1,-1,-1,-1
436,20,1345.29,395.69,270.23,367.51,1,-1,-1,-1
436,19,486.05,385.89,404.16,613.58,1,-1,-1,-1
436,12,299.29,284.99,404.00,467.62,1,-1,-1,-1
435,12,309.46,307.96,231.43,332.44,1,-1,-1,-1
434,12,336.73,319.04,350.36,441.57,1,-1,-1,-1
436,7,948.64,255.98,243.26,496.02,1,-1,-1,-1
436,2,1172.62,232.55,226.14,469.25,1,-1,-1,-1
436,1,911.34,390.01,312.68,549.93,1,-1,-1,-1
437,39,352.49,311.61,433.76,574.02,1,-1,-1,-1
437,38,1135.34,378.33,314.35,435.78,1,-1,-1,-1
437,35,624.79,237.98,311.83,566.10,1,-1,-1,-1
437,20,1328.62,395.90,267.88,364.33,1,-1,-1,-1
437,19,506.57,398.43,393.04,603.38,1,-1,-1,-1
437,12,277.92,267.31,427.51,481.13,1,-1,-1,-1
437,7,929.90,235.81,287.45,526.46,1,-1,-1,-1
437,2,1121.32,239.30,256.31,478.81,1,-1,-1,-1
437,1,915.41,390.18,315.23,548.07,1,-1,-1,-1
438,39,351.65,311.41,444.90,590.64,1,-1,-1,-1
438,38,1129.02,379.00,310.37,433.70,1,-1,-1,-1
438,35,616.70,235.60,323.45,576.18,1,-1,-1,-1
438,20,1321.94,394.58,273.12,364.85,1,-1,-1,-1
438,19,516.75,401.53,390.01,606.15,1,-1,-1,-1
438,7,933.47,246.04,398.18,510.99,1,-1,-1,-1
438,2,1130.37,243.88,233.74,483.48,1,-1,-1,-1
438,1,923.84,389.94,306.45,546.40,1,-1,-1,-1
439,39,355.17,290.01,477.42,586.31,1,-1,-1,-1
439,38,1124.69,383.14,314.10,425.04,1,-1,-1,-1
439,35,597.17,227.79,337.84,584.70,1,-1,-1,-1
439,20,1328.67,394.25,253.01,355.81,1,-1,-1,-1
439,19,522.01,399.20,397.49,609.00,1,-1,-1,-1
439,7,926.65,228.93,280.35,546.54,1,-1,-1,-1
439,2,1148.13,243.24,200.91,496.32,1,-1,-1,-1
439,1,926.59,388.28,311.60,544.68,1,-1,-1,-1
440,39,349.25,302.08,475.72,613.81,1,-1,-1,-1
440,38,1114.61,383.18,324.84,423.53,1,-1,-1,-1
440,35,611.71,230.16,326.68,579.72,1,-1,-1,-1
440,33,243.21,299.94,365.33,442.91,1,-1,-1,-1
439,33,249.41,294.70,368.60,496.27,1,-1,-1,-1
438,33,265.17,299.20,383.21,503.45,1,-1,-1,-1
440,32,543.61,199.35,242.32,566.24,1,-1,-1,-1
439,32,561.95,205.98,239.20,572.50,1,-1,-1,-1
438,32,593.42,203.41,216.56,559.58,1,-1,-1,-1
440,20,1313.57,393.97,261.25,355.79,1,-1,-1,-1
440,19,537.80,398.76,392.40,610.98,1,-1,-1,-1
440,7,933.46,216.95,270.83,556.17,1,-1,-1,-1
440,2,1138.21,237.12,203.15,492.90,1,-1,-1,-1
440,1,930.73,385.94,313.54,544.59,1,-1,-1,-1
441,38,1120.50,384.17,312.69,431.24,1,-1,-1,-1
441,35,615.16,222.90,327.99,585.13,1,-1,-1,-1
441,33,227.71,298.46,385.17,428.65,1,-1,-1,-1
441,32,552.90,192.76,241.68,595.59,1,-1,-1,-1
441,20,1314.69,395.46,251.13,350.77,1,-1,-1,-1
441,19,416.10,398.20,535.03,606.59,1,-1,-1,-1
441,7,930.74,219.98,268.99,553.88,1,-1,-1,-1
441,2,1108.63,238.05,220.43,477.25,1,-1,-1,-1
441,1,938.22,394.71,316.68,535.16,1,-1,-1,-1
442,38,1120.89,385.14,313.38,434.75,1,-1,-1,-1
442,35,636.20,223.58,320.25,587.31,1,-1,-1,-1
442,33,222.64,299.87,400.47,429.17,1,-1,-1,-1
442,32,553.91,196.11,239.82,554.74,1,-1,-1,-1
442,20,1310.15,395.01,248.40,351.41,1,-1,-1,-1
442,19,540.82,406.14,421.04,602.67,1,-1,-1,-1
442,7,938.10,225.91,264.61,552.88,1,-1,-1,-1
442,2,1114.46,236.62,215.27,483.59,1,-1,-1,-1
442,1,941.71,401.40,319.18,529.99,1,-1,-1,-1
443,38,1137.20,388.85,297.40,426.83,1,-1,-1,-1
443,35,626.73,218.37,380.63,584.83,1,-1,-1,-1
443,33,211.87,298.12,452.28,495.32,1,-1,-1,-1
443,20,1310.02,393.45,245.77,348.60,1,-1,-1,-1
443,19,456.18,394.22,523.86,619.98,1,-1,-1,-1
443,12,290.42,323.93,351.62,481.80,1,-1,-1,-1
442,12,279.24,314.76,311.59,426.03,1,-1,-1,-1
441,12,275.62,307.93,310.78,432.62,1,-1,-1,-1
443,7,950.75,226.80,254.99,550.08,1,-1,-1,-1
443,2,1096.10,233.30,232.36,492.00,1,-1,-1,-1
443,1,953.25,403.74,326.39,526.10,1,-1,-1,-1
444,39,327.22,324.48,444.18,580.25,1,-1,-1,-1
443,39,338.84,318.77,444.76,617.31,1,-1,-1,-1
442,39,341.92,321.83,532.67,574.34,1,-1,-1,-1
444,38,1136.41,386.02,306.65,430.89,1,-1,-1,-1
444,35,621.16,218.47,368.59,574.74,1,-1,-1,-1
444,33,207.83,295.89,434.04,421.48,1,-1,-1,-1
444,20,1295.16,393.94,258.64,349.94,1,-1,-1,-1
444,19,480.97,401.29,514.90,610.16,1,-1,-1,-1
444,12,289.75,329.41,339.44,451.73,1,-1,-1,-1
444,8,329.71,163.61,310.32,470.97,1,-1,-1,-1
443,8,329.36,164.23,294.69,497.90,1,-1,-1,-1
442,8,413.82,174.42,220.77,551.79,1,-1,-1,-1
444,7,951.90,251.36,252.74,522.44,1,-1,-1,-1
444,2,1099.35,238.37,229.28,470.51,1,-1,-1,-1
444,1,967.67,406.91,318.97,520.82,1,-1,-1,-1
445,39,328.71,330.67,424.14,561.77,1,-1,-1,-1
445,38,1128.56,385.70,315.88,431.81,1,-1,-1,-1
445,35,640.07,210.15,337.76,580.98,1,-1,-1,-1
445,33,196.92,300.95,494.07,457.37,1,-1,-1,-1
445,20,1310.32,395.59,243.10,334.14,1,-1,-1,-1
445,19,513.21,408.63,504.97,606.56,1,-1,-1,-1
445,8,324.43,166.26,326.56,495.09,1,-1,-1,-1
445,7,967.04,256.77,259.11,525.65,1,-1,-1,-1
445,5,401.09,187.71,283.77,489.09,1,-1,-1,-1
444,5,415.52,169.94,234.25,436.60,1,-1,-1,-1
443,5,420.04,167.12,216.70,465.83,1,-1,-1,-1
445,1,990.58,408.92,313.79,520.84,1,-1,-1,-1
446,39,357.70,340.85,560.31,562.51,1,-1,-1,-1
446,38,1127.47,385.72,320.31,419.72,1,-1,-1,-1
446,35,650.80,213.83,352.38,576.13,1,-1,-1,-1
446,33,194.06,297.73,469.26,434.27,1,-1,-1,-1
446,20,1302.82,399.34,251.57,326.35,1,-1,-1,-1
446,19,596.02,438.55,439.19,578.80,1,-1,-1,-1
446,7,978.39,259.39,253.75,478.38,1,-1,-1,-1
446,5,403.35,160.20,262.96,479.73,1,-1,-1,-1
446,1,1006.83,407.56,309.53,521.18,1,-1,-1,-1
447,39,339.21,349.33,562.25,551.88,1,-1,-1,-1
447,38,1130.94,387.33,332.80,413.56,1,-1,-1,-1
447,37,1144.39,252.47,281.19,434.98,1,-1,-1,-1
446,37,1151.95,253.60,274.71,426.92,1,-1,-1,-1
445,37,1123.93,241.13,292.83,453.83,1,-1,-1,-1
447,35,706.95,221.55,296.10,560.00,1,-1,-1,-1
447,33,194.57,304.18,446.00,401.12,1,-1,-1,-1
447,20,1296.10,400.62,260.79,326.35,1,-1,-1,-1
447,19,500.65,429.21,564.63,591.96,1,-1,-1,-1
447,7,992.38,267.46,252.52,516.15,1,-1,-1,-1
447,5,400.00,161.96,274.56,505.96,1,-1,-1,-1
447,1,1016.14,402.34,320.57,524.90,1,-1,-1,-1
448,41,187.12,301.96,295.16,367.32,1,-1,-1,-1
447,41,188.22,299.97,297.71,368.03,1,-1,-1,-1
446,41,189.30,290.92,285.92,372.63,1,-1,-1,-1
448,39,355.13,377.76,473.60,522.60,1,-1,-1,-1
448,38,1133.06,387.10,327.25,414.99,1,-1,-1,-1
448,37,1154.61,252.80,265.89,444.10,1,-1,-1,-1
448,33,190.33,305.87,433.94,435.59,1,-1,-1,-1
448,32,596.58,200.88,234.27,530.30,1,-1,-1,-1
447,32,591.36,194.78,232.34,527.26,1,-1,-1,-1
446,32,400.60,194.75,375.39,536.63,1,-1,-1,-1
448,20,1301.77,402.79,254.96,321.03,1,-1,-1,-1
448,19,603.60,450.05,472.49,573.36,1,-1,-1,-1
448,12,292.62,340.58,316.94,417.95,1,-1,-1,-1
447,12,298.22,333.86,315.13,420.47,1,-1,-1,-1
446,12,284.83,332.97,339.67,422.63,1,-1,-1,-1
448,7,1002.82,258.93,247.80,525.80,1,-1,-1,-1
448,5,416.15,165.89,252.53,454.12,1,-1,-1,-1
448,1,1027.19,404.13,331.65,524.67,1,-1,-1,-1
449,41,186.10,300.31,278.41,376.48,1,-1,-1,-1
449,39,350.81,366.94,459.78,532.83,1,-1,-1,-1
449,38,1188.08,388.24,279.35,401.44,1,-1,-1,-1
449,37,1170.96,253.43,245.88,440.19,1,-1,-1,-1
449,33,190.60,302.50,411.95,408.63,1,-1,-1,-1
449,32,616.19,210.72,215.78,500.31,1,-1,-1,-1
449,20,1291.44,401.59,265.67,320.53,1,-1,-1,-1
449,19,647.62,446.68,454.07,577.84,1,-1,-1,-1
449,12,315.99,340.61,298.05,419.30,1,-1,-1,-1
449,7,1012.93,274.89,236.13,506.50,1,-1,-1,-1
449,5,418.46,163.15,261.00,465.59,1,-1,-1,-1
449,1,1034.75,406.20,326.47,521.53,1,-1,-1,-1
450,39,348.77,349.80,451.25,555.68,1,-1,-1,-1
450,38,1207.81,388.71,267.20,401.02,1,-1,-1,-1
450,37,1180.03,256.89,235.44,434.77,1,-1,-1,-1
450,33,187.54,304.37,402.17,423.99,1,-1,-1,-1
450,32,627.55,213.77,212.55,496.13,1,-1,-1,-1
450,20,1324.77,404.24,230.76,317.31,1,-1,-1,-1
450,19,664.70,465.30,456.11,566.85,1,-1,-1,-1
450,12,315.95,344.53,283.83,414.11,1,-1,-1,-1
450,7,1024.27,279.18,225.78,501.43,1,-1,-1,-1
450,5,424.29,166.18,241.21,445.57,1,-1,-1,-1
450,1,1041.25,409.48,331.94,517.85,1,-1,-1,-1
451,39,355.55,386.46,450.72,523.74,1,-1,-1,-1
451,38,1236.92,387.20,257.48,399.46,1,-1,-1,-1
451,37,1187.64,259.87,237.37,436.93,1,-1,-1,-1
451,35,772.17,261.91,255.79,498.43,1,-1,-1,-1
450,35,747.08,230.58,269.82,513.00,1,-1,-1,-1
449,35,717.47,214.45,294.12,542.21,1,-1,-1,-1
451,33,182.71,309.21,412.06,423.59,1,-1,-1,-1
451,32,660.07,220.19,195.38,500.40,1,-1,-1,-1
451,20,1302.93,403.56,251.14,320.76,1,-1,-1,-1
451,19,683.03,472.15,465.40,558.41,1,-1,-1,-1
451,7,1032.74,286.01,215.34,496.23,1,-1,-1,-1
451,5,427.40,163.42,240.70,458.38,1,-1,-1,-1
451,1,1046.11,415.30,342.40,513.14,1,-1,-1,-1
452,39,434.37,404.90,374.94,508.40,1,-1,-1,-1
452,37,1188.39,264.47,247.95,398.37,1,-1,-1,-1
452,35,785.44,258.56,253.77,485.79,1,-1,-1,-1
452,33,177.03,305.85,385.06,400.96,1,-1,-1,-1
452,32,624.65,216.34,240.93,518.25,1,-1,-1,-1
452,20,1287.48,401.85,265.75,332.00,1,-1,-1,-1
452,19,715.32,473.55,444.50,562.95,1,-1,-1,-1
452,8,307.51,168.75,237.90,419.13,1,-1,-1,-1
451,8,312.65,212.83,218.73,389.39,1,-1,-1,-1
450,8,317.90,170.42,217.82,417.63,1,-1,-1,-1
452,7,1032.34,279.40,223.14,498.78,1,-1,-1,-1
452,5,425.95,165.41,240.22,459.14,1,-1,-1,-1
453,39,385.18,401.11,433.79,522.13,1,-1,-1,-1
453,37,1202.31,266.27,237.52,411.73,1,-1,-1,-1
453,35,812.48,267.81,237.95,504.02,1,-1,-1,-1
453,33,172.50,310.43,436.24,444.31,1,-1,-1,-1
453,32,614.95,214.60,273.26,521.13,1,-1,-1,-1
453,20,1296.53,403.07,253.42,332.72,1,-1,-1,-1
453,19,746.38,467.81,431.52,567.95,1,-1,-1,-1
453,8,300.02,213.93,255.36,425.29,1,-1,-1,-1
453,7,1038.72,274.77,221.13,501.38,1,-1,-1,-1
453,5,424.93,163.06,234.54,470.62,1,-1,-1,-1
454,39,403.15,403.55,426.85,518.70,1,-1,-1,-1
454,37,1188.55,268.23,252.94,397.06,1,-1,-1,-1
454,35,776.87,255.60,281.75,508.78,1,-1,-1,-1
454,33,172.11,313.86,417.39,415.82,1,-1,-1,-1
454,32,613.09,201.20,291.88,532.18,1,-1,-1,-1
454,20,1301.49,402.02,248.70,331.79,1,-1,-1,-1
454,19,761.30,466.35,431.16,570.29,1,-1,-1,-1
454,12,345.90,413.83,284.49,358.47,1,-1,-1,-1
453,12,342.13,390.84,309.84,382.77,1,-1,-1,-1
452,12,333.29,376.72,321.89,389.79,1,-1,-1,-1
454,8,296.75,168.98,267.99,449.91,1,-1,-1,-1
454,7,1045.35,281.67,223.74,498.16,1,-1,-1,-1
454,5,418.41,161.33,236.94,479.60,1,-1,-1,-1
455,39,438.70,402.39,418.26,522.50,1,-1,-1,-1
455,38,1239.43,395.09,302.07,389.80,1,-1,-1,-1
454,38,1222.73,387.93,268.98,396.42,1,-1,-1,-1
453,38,1228.40,387.35,266.92,397.21,1,-1,-1,-1
455,37,1184.78,270.46,255.55,414.19,1,-1,-1,-1
455,35,807.65,272.35,266.54,490.99,1,-1,-1,-1
455,33,170.14,315.73,418.54,424.45,1,-1,-1,-1
455,32,615.59,190.65,286.85,542.26,1,-1,-1,-1
455,20,1305.49,402.17,245.25,320.37,1,-1,-1,-1
455,19,795.76,466.57,421.90,579.57,1,-1,-1,-1
455,12,343.55,363.51,286.27,414.50,1,-1,-1,-1
455,8,294.43,165.60,260.80,458.53,1,-1,-1,-1
455,7,1054.78,292.75,231.66,489.30,1,-1,-1,-1
455,5,419.40,161.90,239.89,489.02,1,-1,-1,-1
455,1,1073.23,416.19,366.84,508.52,1,-1,-1,-1
454,1,1064.80,420.28,350.33,508.08,1,-1,-1,-1
453,1,1043.69,415.00,368.02,511.59,1,-1,-1,-1
456,39,429.52,399.81,436.94,529.31,1,-1,-1,-1
456,38,1228.59,392.07,275.54,390.02,1,-1,-1,-1
456,37,1188.60,269.42,247.88,417.90,1,-1,-1,-1
456,35,809.55,266.37,278.63,545.29,1,-1,-1,-1
456,33,170.50,317.67,396.81,428.64,1,-1,-1,-1
456,20,1319.58,401.72,233.33,309.15,1,-1,-1,-1
456,19,803.17,464.98,437.16,579.97,1,-1,-1,-1
456,12,347.67,359.96,302.56,419.45,1,-1,-1,-1
456,8,294.61,160.38,264.88,464.29,1,-1,-1,-1
456,7,1060.01,257.96,233.15,516.08,1,-1,-1,-1
456,5,411.01,157.82,263.72,507.34,1,-1,-1,-1
456,1,1085.28,411.79,366.90,513.86,1,-1,-1,-1
457,39,538.82,401.94,349.93,533.35,1,-1,-1,-1
457,38,1265.31,387.66,240.44,395.21,1,-1,-1,-1
457,37,1188.46,264.03,238.81,411.62,1,-1,-1,-1
457,35,850.87,266.31,261.83,543.30,1,-1,-1,-1
457,33,171.55,316.35,335.58,406.34,1,-1,-1,-1
457,20,1350.65,401.67,205.82,308.52,1,-1,-1,-1
457,19,854.54,470.02,411.82,581.89,1,-1,-1,-1
457,8,291.58,158.98,259.64,480.28,1,-1,-1,-1
457,7,1076.85,254.73,228.31,505.96,1,-1,-1,-1
457,5,413.05,173.31,272.37,489.07,1,-1,-1,-1
457,1,1080.54,420.37,387.69,505.00,1,-1,-1,-1
458,43,711.95,232.46,405.82,585.35,1,-1,-1,-1
457,43,758.66,244.06,353.95,573.06,1,-1,-1,-1
456,43,758.12,253.82,335.26,554.96,1,-1,-1,-1
458,39,531.08,402.69,373.25,535.96,1,-1,-1,-1
458,38,1259.73,386.55,251.22,396.85,1,-1,-1,-1
458,37,1187.98,262.86,230.75,439.07,1,-1,-1,-1
458,35,853.30,261.74,266.22,556.53,1,-1,-1,-1
458,33,173.70,315.07,332.37,413.84,1,-1,-1,-1
458,20,1348.96,399.87,211.25,310.20,1,-1,-1,-1
458,19,874.34,456.69,411.93,597.88,1,-1,-1,-1
458,8,292.22,161.51,259.92,479.60,1,-1,-1,-1
458,7,1075.29,245.43,234.60,515.91,1,-1,-1,-1
458,5,418.93,176.26,259.64,491.04,1,-1,-1,-1
458,1,1064.88,418.58,414.42,510.93,1,-1,-1,-1
459,39,529.96,404.68,396.68,543.94,1,-1,-1,-1
459,38,1262.43,387.70,259.38,393.78,1,-1,-1,-1
459,37,1188.13,266.20,225.64,460.88,1,-1,-1,-1
459,35,893.34,266.77,253.77,552.40,1,-1,-1,-1
459,33,177.92,315.53,323.02,395.72,1,-1,-1,-1
459,32,663.80,203.10,281.11,513.07,1,-1,-1,-1
458,32,645.96,192.16,277.63,528.88,1,-1,-1,-1
457,32,640.18,195.24,273.20,529.86,1,-1,-1,-1
459,20,1352.12,400.29,217.37,311.01,1,-1,-1,-1
459,19,904.96,458.29,406.30,598.65,1,-1,-1,-1
459,8,298.58,151.25,265.62,490.10,1,-1,-1,-1
459,7,1084.92,274.89,252.28,476.21,1,-1,-1,-1
459,5,425.52,163.90,259.64,509.70,1,-1,-1,-1
459,1,1035.92,420.29,462.56,513.23,1,-1,-1,-1
460,39,546.21,404.88,408.91,545.99,1,-1,-1,-1
460,38,1273.96,389.10,283.71,395.95,1,-1,-1,-1
460,37,1172.07,267.14,243.62,493.43,1,-1,-1,-1
460,35,896.32,260.41,256.06,573.76,1,-1,-1,-1
460,32,675.11,191.95,284.05,548.58,1,-1,-1,-1
460,19,926.81,457.07,408.43,605.67,1,-1,-1,-1
460,12,336.36,331.49,356.92,465.80,1,-1,-1,-1
459,12,315.83,330.69,363.83,462.35,1,-1,-1,-1
458,12,308.56,333.36,377.01,455.02,1,-1,-1,-1
460,8,295.91,215.96,302.29,427.99,1,-1,-1,-1
460,7,1086.92,260.65,294.26,505.31,1,-1,-1,-1
460,5,437.63,165.27,255.02,510.30,1,-1,-1,-1
460,1,1124.03,417.76,386.02,526.44,1,-1,-1,-1
461,39,574.70,395.36,390.46,565.98,1,-1,-1,-1
461,38,1287.33,387.45,282.02,401.82,1,-1,-1,-1
461,37,1151.57,265.14,271.96,520.86,1,-1,-1,-1
461,35,876.49,230.02,297.86,598.08,1,-1,-1,-1
461,32,687.60,189.89,255.50,490.98,1,-1,-1,-1
461,19,950.36,463.37,413.21,607.93,1,-1,-1,-1
461,12,356.96,331.64,344.92,472.88,1,-1,-1,-1
461,8,306.76,216.49,288.10,420.32,1,-1,-1,-1
461,5,443.92,153.73,299.97,516.58,1,-1,-1,-1
461,1,1138.70,411.21,393.40,530.76,1,-1,-1,-1
462,41,194.58,320.85,312.49,403.66,1,-1,-1,-1
461,41,189.23,321.18,316.47,401.97,1,-1,-1,-1
460,41,184.36,317.19,331.32,407.68,1,-1,-1,-1
462,39,596.68,394.66,383.27,573.55,1,-1,-1,-1
462,38,1295.69,383.14,273.84,406.22,1,-1,-1,-1
462,35,931.83,256.35,254.45,575.56,1,-1,-1,-1
462,32,689.43,183.46,296.43,530.30,1,-1,-1,-1
462,19,970.09,455.62,406.05,620.33,1,-1,-1,-1
462,12,400.88,338.82,308.99,465.84,1,-1,-1,-1
462,8,307.89,218.08,284.18,416.34,1,-1,-1,-1
462,5,456.21,151.90,258.45,505.17,1,-1,-1,-1
462,1,1158.88,411.61,386.01,532.14,1,-1,-1,-1
463,41,210.26,318.53,318.73,416.67,1,-1,-1,-1
463,39,612.86,401.51,390.55,568.52,1,-1,-1,-1
463,38,1302.80,383.63,265.25,406.56,1,-1,-1,-1
463,35,937.34,237.56,273.51,599.05,1,-1,-1,-1
463,32,700.27,193.51,302.31,522.53,1,-1,-1,-1
463,19,988.18,454.77,416.29,622.41,1,-1,-1,-1
463,12,398.96,336.90,315.19,475.86,1,-1,-1,-1
463,8,317.94,221.46,248.33,410.84,1,-1,-1,-1
463,5,464.54,153.55,297.15,522.38,1,-1,-1,-1
463,1,1170.06,410.25,391.73,538.52,1,-1,-1,-1
464,41,217.05,319.55,312.98,417.75,1,-1,-1,-1
464,39,607.91,402.90,410.06,574.28,1,-1,-1,-1
464,38,1290.68,381.36,274.27,406.24,1,-1,-1,-1
464,35,950.70,243.37,271.89,597.17,1,-1,-1,-1
464,32,722.64,214.78,330.34,551.70,1,-1,-1,-1
464,19,1005.30,452.89,420.07,627.11,1,-1,-1,-1
464,12,413.34,344.68,311.31,473.65,1,-1,-1,-1
464,8,322.82,225.54,231.79,406.26,1,-1,-1,-1
464,7,1083.77,260.96,336.40,540.47,1,-1,-1,-1
463,7,1111.93,268.35,297.46,520.08,1,-1,-1,-1
462,7,1121.91,254.08,292.46,521.27,1,-1,-1,-1
464,5,472.23,158.83,304.70,520.72,1,-1,-1,-1
464,1,1186.46,404.45,389.71,547.36,1,-1,-1,-1
465,41,229.54,320.88,301.18,422.18,1,-1,-1,-1
465,39,631.97,405.86,417.23,572.27,1,-1,-1,-1
465,35,956.90,244.78,269.57,598.88,1,-1,-1,-1
465,32,730.02,203.69,299.37,542.79,1,-1,-1,-1
465,19,1024.81,457.80,432.23,622.20,1,-1,-1,-1
465,12,389.60,336.52,348.78,485.71,1,-1,-1,-1
465,8,335.92,228.02,221.36,440.43,1,-1,-1,-1
465,7,1159.39,259.71,269.57,585.92,1,-1,-1,-1
465,5,474.86,161.28,260.99,542.44,1,-1,-1,-1
465,1,1214.84,413.87,375.29,537.01,1,-1,-1,-1
466,41,236.38,325.31,300.22,421.01,1,-1,-1,-1
466,39,673.09,411.20,387.35,568.30,1,-1,-1,-1
466,35,986.82,248.86,258.15,589.97,1,-1,-1,-1
466,32,737.98,218.13,350.15,523.06,1,-1,-1,-1
466,19,1039.88,459.57,424.51,620.43,1,-1,-1,-1
466,12,411.97,339.90,342.77,482.28,1,-1,-1,-1
466,8,338.69,224.33,221.40,439.66,1,-1,-1,-1
466,7,1193.51,269.81,243.17,579.48,1,-1,-1,-1
466,5,480.05,159.72,261.13,528.70,1,-1,-1,-1
466,1,1239.06,413.78,358.25,529.32,1,-1,-1,-1
467,41,247.89,318.87,321.93,432.40,1,-1,-1,-1
467,39,705.50,408.88,383.21,575.86,1,-1,-1,-1
467,35,1003.29,256.82,255.63,580.38,1,-1,-1,-1
467,32,760.56,199.75,325.48,555.56,1,-1,-1,-1
467,19,1059.11,458.90,432.78,621.10,1,-1,-1,-1
467,12,418.31,347.75,347.77,478.11,1,-1,-1,-1
467,8,342.54,230.34,225.64,419.36,1,-1,-1,-1
467,7,1224.16,270.07,220.73,570.72,1,-1,-1,-1
467,5,497.36,155.28,257.64,522.09,1,-1,-1,-1
467,1,1238.60,389.57,381.02,563.42,1,-1,-1,-1
468,41,256.47,318.86,304.31,433.04,1,-1,-1,-1
468,39,706.19,412.91,400.92,575.79,1,-1,-1,-1
468,35,1004.17,260.69,259.35,582.06,1,-1,-1,-1
468,32,769.06,210.29,295.97,568.46,1,-1,-1,-1
468,19,1060.73,468.11,444.20,611.89,1,-1,-1,-1
468,12,413.60,354.33,365.25,477.67,1,-1,-1,-1
468,8,343.18,229.37,248.59,425.63,1,-1,-1,-1
468,7,1227.90,271.60,219.99,559.15,1,-1,-1,-1
468,5,500.67,159.29,274.26,522.48,1,-1,-1,-1
468,1,1255.72,388.32,373.39,553.70,1,-1,-1,-1
469,41,259.07,325.82,307.26,426.18,1,-1,-1,-1
469,39,725.44,419.57,398.19,573.41,1,-1,-1,-1
469,35,999.33,258.88,278.63,587.41,1,-1,-1,-1
469,19,1118.18,467.78,412.00,612.22,1,-1,-1,-1
469,12,424.62,349.93,365.72,487.42,1,-1,-1,-1
469,8,345.23,228.03,230.60,441.21,1,-1,-1,-1
469,7,1217.65,271.74,238.38,548.05,1,-1,-1,-1
469,5,510.89,155.87,269.90,544.71,1,-1,-1,-1
469,1,1236.95,393.62,404.22,550.93,1,-1,-1,-1
470,41,265.15,325.56,303.05,426.06,1,-1,-1,-1
470,39,732.25,410.04,410.07,582.51,1,-1,-1,-1
470,35,1030.41,260.15,264.70,588.80,1,-1,-1,-1
470,19,1131.99,483.64,405.89,596.36,1,-1,-1,-1
470,12,437.03,360.24,362.04,476.72,1,-1,-1,-1
470,8,346.14,224.10,226.36,450.46,1,-1,-1,-1
470,7,1216.31,268.06,246.70,593.65,1,-1,-1,-1
470,5,513.81,159.15,284.20,529.68,1,-1,-1,-1
470,1,1251.69,393.89,392.00,541.95,1,-1,-1,-1
471,41,265.38,323.79,302.64,427.17,1,-1,-1,-1
471,39,730.30,400.35,423.64,588.46,1,-1,-1,-1
471,35,1033.29,255.08,250.77,584.86,1,-1,-1,-1
471,33,273.27,342.49,296.72,399.60,1,-1,-1,-1
470,33,269.62,345.16,300.08,397.00,1,-1,-1,-1
469,33,274.20,344.34,293.30,396.84,1,-1,-1,-1
471,19,1146.19,488.97,399.54,591.03,1,-1,-1,-1
471,12,450.02,357.74,357.82,478.16,1,-1,-1,-1
471,8,350.78,223.43,217.82,427.15,1,-1,-1,-1
471,5,525.27,157.74,256.97,505.93,1,-1,-1,-1
471,1,1261.65,390.53,385.00,540.31,1,-1,-1,-1
472,41,266.99,323.82,303.16,428.39,1,-1,-1,-1
472,39,799.12,407.85,361.11,579.60,1,-1,-1,-1
472,37,1212.23,258.40,248.88,565.62,1,-1,-1,-1
471,37,1216.36,260.11,243.56,563.52,1,-1,-1,-1
470,37,1160.26,265.11,319.15,594.24,1,-1,-1,-1
472,35,1038.84,258.95,251.37,579.15,1,-1,-1,-1
472,19,1157.35,469.61,394.67,610.26,1,-1,-1,-1
472,12,456.61,356.10,360.43,479.48,1,-1,-1,-1
472,8,349.89,219.26,217.64,425.03,1,-1,-1,-1
472,5,528.26,171.34,243.54,480.09,1,-1,-1,-1
472,1,1278.06,382.68,371.14,542.44,1,-1,-1,-1
473,43,800.44,211.55,241.89,548.05,1,-1,-1,-1
472,43,796.32,203.84,240.52,555.52,1,-1,-1,-1
471,43,794.88,194.76,239.77,553.77,1,-1,-1,-1
473,41,274.49,323.83,302.51,425.55,1,-1,-1,-1
473,39,830.40,406.62,341.83,578.56,1,-1,-1,-1
473,37,1219.07,251.83,252.88,584.71,1,-1,-1,-1
473,35,1063.50,264.97,248.75,565.76,1,-1,-1,-1
473,19,1189.07,462.67,379.11,611.00,1,-1,-1,-1
473,12,462.22,353.61,355.01,479.84,1,-1,-1,-1
473,8,354.82,208.70,245.11,445.14,1,-1,-1,-1
473,5,534.07,170.03,238.83,491.90,1,-1,-1,-1
473,1,1302.04,376.31,360.46,540.60,1,-1,-1,-1
474,43,807.27,215.34,237.44,540.87,1,-1,-1,-1
474,41,282.09,322.74,300.18,427.19,1,-1,-1,-1
474,39,819.43,405.70,367.30,576.29,1,-1,-1,-1
474,37,1213.49,249.61,268.88,590.73,1,-1,-1,-1
474,35,1068.86,263.21,261.79,562.22,1,-1,-1,-1
474,19,1219.58,465.01,362.35,608.53,1,-1,-1,-1
474,12,476.58,351.20,348.09,482.48,1,-1,-1,-1
474,8,360.46,206.87,223.41,452.52,1,-1,-1,-1
474,5,533.64,175.90,240.67,500.99,1,-1,-1,-1
474,1,1329.92,378.86,336.45,525.99,1,-1,-1,-1
475,43,824.37,209.61,241.52,552.75,1,-1,-1,-1
475,41,298.93,327.34,288.93,421.30,1,-1,-1,-1
475,39,823.71,407.54,376.01,575.86,1,-1,-1,-1
475,37,1238.26,250.72,247.57,595.85,1,-1,-1,-1
475,35,1085.69,259.78,257.15,571.50,1,-1,-1,-1
475,19,1231.08,467.83,364.49,602.32,1,-1,-1,-1
475,12,528.07,353.59,304.41,477.59,1,-1,-1,-1
475,8,358.16,206.05,224.53,436.67,1,-1,-1,-1
475,5,537.65,167.42,242.11,506.45,1,-1,-1,-1
475,1,1331.14,371.87,341.86,534.17,1,-1,-1,-1
476,43,826.97,202.47,237.85,562.10,1,-1,-1,-1
476,41,306.20,322.56,286.01,426.61,1,-1,-1,-1
476,39,875.78,410.54,331.52,572.67,1,-1,-1,-1
476,37,1221.39,257.04,262.05,569.75,1,-1,-1,-1
476,35,1093.44,256.57,256.55,563.85,1,-1,-1,-1
476,19,1246.39,469.22,355.02,600.24,1,-1,-1,-1
476,12,540.98,351.23,299.30,480.16,1,-1,-1,-1
476,8,359.75,203.97,211.72,443.96,1,-1,-1,-1
476,5,542.58,171.06,241.05,505.85,1,-1,-1,-1
476,1,1330.15,370.64,346.97,526.20,1,-1,-1,-1
477,43,835.56,199.42,230.31,557.41,1,-1,-1,-1
477,41,314.08,318.87,281.45,431.89,1,-1,-1,-1
477,39,893.30,410.05,324.26,575.85,1,-1,-1,-1
477,37,1241.92,251.49,242.41,573.58,1,-1,-1,-1
477,35,1099.18,220.23,246.90,606.85,1,-1,-1,-1
477,19,1279.11,465.38,336.90,603.07,1,-1,-1,-1
477,12,561.49,348.83,288.45,485.76,1,-1,-1,-1
477,8,368.33,203.21,201.38,445.71,1,-1,-1,-1
477,5,552.14,160.93,236.62,522.38,1,-1,-1,-1
477,1,1361.42,364.48,323.18,527.25,1,-1,-1,-1
478,43,844.79,188.19,232.98,571.10,1,-1,-1,-1
478,41,322.22,319.61,281.03,429.83,1,-1,-1,-1
478,39,908.54,411.04,321.27,573.92,1,-1,-1,-1
478,37,1167.65,265.28,331.53,539.96,1,-1,-1,-1
478,35,1100.77,219.14,255.78,596.94,1,-1,-1,-1
478,19,1284.63,461.38,347.42,605.86,1,-1,-1,-1
478,12,570.46,344.51,289.23,496.21,1,-1,-1,-1
478,8,385.36,203.05,185.83,439.43,1,-1,-1,-1
478,5,558.30,154.54,236.64,535.09,1,-1,-1,-1
478,1,1343.53,365.51,345.95,523.99,1,-1,-1,-1
479,43,862.86,195.85,226.59,570.29,1,-1,-1,-1
479,41,333.14,324.41,278.26,426.49,1,-1,-1,-1
479,39,917.95,406.18,330.59,579.00,1,-1,-1,-1
479,35,1106.50,219.98,263.71,596.98,1,-1,-1,-1
479,19,1311.02,470.03,335.67,597.52,1,-1,-1,-1
479,12,575.00,341.69,300.23,497.88,1,-1,-1,-1
479,8,390.03,202.69,189.82,443.77,1,-1,-1,-1
479,5,564.75,150.90,235.74,537.97,1,-1,-1,-1
479,1,1387.78,365.24,318.73,524.19,1,-1,-1,-1
480,43,866.80,189.88,239.78,560.71,1,-1,-1,-1
480,41,345.83,316.87,273.21,437.18,1,-1,-1,-1
480,39,837.81,390.31,420.07,599.18,1,-1,-1,-1
480,38,1262.29,240.16,258.07,576.50,1,-1,-1,-1
479,38,1278.53,241.24,227.51,559.04,1,-1,-1,-1
478,38,1250.87,244.90,227.33,514.03,1,-1,-1,-1
480,35,1119.27,236.43,272.13,584.20,1,-1,-1,-1
480,19,1307.98,459.01,351.53,608.95,1,-1,-1,-1
480,12,567.28,345.05,321.17,494.26,1,-1,-1,-1
480,8,390.25,201.46,200.44,441.38,1,-1,-1,-1
480,5,569.10,147.71,237.31,540.31,1,-1,-1,-1
480,1,1381.75,364.68,335.64,527.41,1,-1,-1,-1
481,43,867.86,150.20,245.04,615.59,1,-1,-1,-1
481,41,357.31,328.24,300.39,428.67,1,-1,-1,-1
481,39,852.74,405.31,427.26,580.48,1,-1,-1,-1
481,38,1273.22,238.68,246.81,545.04,1,-1,-1,-1
481,35,1133.25,228.25,253.69,590.36,1,-1,-1,-1
481,20,1405.09,360.59,234.97,512.59,1,-1,-1,-1
480,20,1372.72,361.55,271.37,534.65,1,-1,-1,-1
479,20,1356.79,364.94,270.49,529.78,1,-1,-1,-1
481,19,1326.07,461.97,358.61,609.01,1,-1,-1,-1
481,12,498.36,343.12,478.51,496.35,1,-1,-1,-1
481,8,372.44,197.39,228.14,478.96,1,-1,-1,-1
481,5,547.51,143.99,273.48,515.88,1,-1,-1,-1
481,1,1401.85,363.38,330.30,523.52,1,-1,-1,-1
482,43,855.65,147.35,261.18,616.05,1,-1,-1,-1
482,41,330.32,298.76,324.00,460.72,1,-1,-1,-1
482,39,870.63,399.64,418.41,586.51,1,-1,-1,-1
482,38,1293.61,239.90,224.14,533.40,1,-1,-1,-1
482,35,1153.70,257.00,240.23,556.54,1,-1,-1,-1
482,20,1402.42,364.37,250.75,519.38,1,-1,-1,-1
482,19,1315.09,472.42,375.45,599.99,1,-1,-1,-1
482,12,496.25,348.64,449.19,493.66,1,-1,-1,-1
482,8,353.07,193.89,255.45,486.11,1,-1,-1,-1
482,5,550.09,145.26,278.94,518.59,1,-1,-1,-1
482,1,1396.12,367.77,347.72,525.15,1,-1,-1,-1
483,43,888.63,181.21,237.72,594.70,1,-1,-1,-1
483,41,365.97,337.80,293.36,415.69,1,-1,-1,-1
483,39,887.69,404.08,415.89,590.12,1,-1,-1,-1
483,38,1289.49,237.13,241.01,540.60,1,-1,-1,-1
483,35,1161.56,259.90,250.96,557.53,1,-1,-1,-1
483,20,1333.90,366.83,422.96,547.52,1,-1,-1,-1
483,19,1334.37,462.95,375.68,612.52,1,-1,-1,-1
483,12,530.75,353.86,389.68,490.41,1,-1,-1,-1
483,8,374.18,200.36,249.01,474.92,1,-1,-1,-1
483,5,573.61,150.07,260.90,527.59,1,-1,-1,-1
483,1,1388.42,363.31,368.77,533.95,1,-1,-1,-1
484,43,902.07,205.50,227.91,558.46,1,-1,-1,-1
484,39,908.58,406.76,399.98,590.74,1,-1,-1,-1
484,38,1306.30,237.40,262.90,530.26,1,-1,-1,-1
484,35,1171.77,258.56,252.32,555.30,1,-1,-1,-1
484,20,1367.94,362.13,317.98,557.17,1,-1,-1,-1
484,19,1361.35,464.11,362.63,614.69,1,-1,-1,-1
484,12,531.61,355.14,394.91,492.29,1,-1,-1,-1
484,8,386.13,204.50,235.55,462.33,1,-1,-1,-1
484,5,586.46,161.85,252.07,516.83,1,-1,-1,-1
484,1,1402.33,362.01,362.50,534.33,1,-1,-1,-1
485,43,913.08,200.74,215.61,565.99,1,-1,-1,-1
485,39,961.09,416.09,360.39,584.06,1,-1,-1,-1
485,38,1290.32,240.66,247.05,545.23,1,-1,-1,-1
485,37,1183.74,258.65,244.96,558.48,1,-1,-1,-1
484,37,1166.57,264.72,260.05,551.16,1,-1,-1,-1
483,37,1158.51,251.04,257.77,566.67,1,-1,-1,-1
485,35,1182.62,259.97,247.88,559.27,1,-1,-1,-1
485,20,1440.90,361.37,243.29,547.27,1,-1,-1,-1
485,19,1358.97,470.31,391.72,609.69,1,-1,-1,-1
485,12,625.91,356.41,304.88,489.37,1,-1,-1,-1
485,8,416.29,205.88,205.63,446.19,1,-1,-1,-1
485,5,609.70,160.16,234.99,528.45,1,-1,-1,-1
485,1,1433.75,357.80,339.90,541.87,1,-1,-1,-1
486,43,917.74,200.75,222.70,567.57,1,-1,-1,-1
486,39,960.41,418.08,373.74,583.31,1,-1,-1,-1
486,38,1318.76,239.49,225.36,573.65,1,-1,-1,-1
486,35,1183.81,258.07,255.40,562.61,1,-1,-1,-1
486,20,1464.14,363.28,220.01,528.72,1,-1,-1,-1
486,19,1386.59,469.25,373.40,609.21,1,-1,-1,-1
486,12,644.11,354.20,295.58,494.24,1,-1,-1,-1
486,8,422.83,206.30,204.18,454.34,1,-1,-1,-1
486,5,618.31,164.51,229.97,532.86,1,-1,-1,-1
486,1,1457.62,366.59,320.97,529.89,1,-1,-1,-1
487,43,923.17,189.93,220.88,572.97,1,-1,-1,-1
487,39,975.12,420.29,366.87,578.92,1,-1,-1,-1
487,38,1315.63,239.20,242.17,541.85,1,-1,-1,-1
487,20,1446.35,358.04,244.61,530.84,1,-1,-1,-1
487,19,1402.48,449.74,363.44,626.07,1,-1,-1,-1
487,12,648.57,356.66,298.41,492.71,1,-1,-1,-1
487,8,431.58,206.61,198.30,454.51,1,-1,-1,-1
487,5,626.04,167.65,225.21,524.98,1,-1,-1,-1
487,1,1453.55,358.96,329.88,535.33,1,-1,-1,-1
488,43,925.37,189.97,222.91,571.82,1,-1,-1,-1
488,39,978.10,419.49,367.59,578.74,1,-1,-1,-1
488,38,1326.76,241.14,236.15,523.85,1,-1,-1,-1
488,33,403.05,325.36,272.88,438.66,1,-1,-1,-1
487,33,399.52,323.12,272.97,440.32,1,-1,-1,-1
486,33,391.83,318.99,274.73,443.11,1,-1,-1,-1
488,20,1450.82,361.59,238.99,530.09,1,-1,-1,-1
488,19,1406.71,460.65,362.35,614.45,1,-1,-1,-1
488,12,651.75,356.62,298.98,493.89,1,-1,-1,-1
488,8,432.71,206.50,198.59,457.83,1,-1,-1,-1
488,5,628.87,167.87,223.87,523.17,1,-1,-1,-1
488,1,1457.72,362.19,327.73,529.95,1,-1,-1,-1
489,43,919.67,183.75,235.27,571.52,1,-1,-1,-1
489,39,911.85,398.66,432.77,598.25,1,-1,-1,-1
489,38,1314.40,239.21,248.21,530.97,1,-1,-1,-1
489,37,1176.32,236.96,264.26,578.24,1,-1,-1,-1
488,37,1176.46,237.99,263.42,579.19,1,-1,-1,-1
487,37,1179.24,235.57,258.92,581.32,1,-1,-1,-1
489,33,401.41,316.05,278.38,449.85,1,-1,-1,-1
489,20,1443.89,355.82,249.79,529.41,1,-1,-1,-1
489,19,1405.07,465.71,357.79,606.85,1,-1,-1,-1
489,12,651.94,355.02,303.79,496.48,1,-1,-1,-1
489,8,427.46,206.77,211.09,462.68,1,-1,-1,-1
489,5,621.21,162.79,233.96,529.90,1,-1,-1,-1
489,1,1457.58,355.64,328.54,533.22,1,-1,-1,-1
490,43,920.99,178.31,232.51,576.92,1,-1,-1,-1
490,39,941.15,421.11,405.22,573.54,1,-1,-1,-1
490,38,1324.09,236.15,256.64,534.18,1,-1,-1,-1
490,37,1175.63,239.12,277.59,577.30,1,-1,-1,-1
490,20,1454.67,356.94,239.86,527.29,1,-1,-1,-1
490,19,1387.79,464.50,374.76,605.91,1,-1,-1,-1
490,12,681.26,361.07,362.97,490.32,1,-1,-1,-1
490,8,403.74,204.93,233.41,459.33,1,-1,-1,-1
490,5,594.15,151.87,264.03,547.97,1,-1,-1,-1
490,1,1463.19,353.93,323.27,533.16,1,-1,-1,-1
491,43,907.28,176.85,242.27,571.97,1,-1,-1,-1
491,39,912.42,414.28,434.25,575.79,1,-1,-1,-1
491,37,1172.92,231.09,273.01,579.46,1,-1,-1,-1
491,20,1458.51,356.88,235.01,509.05,1,-1,-1,-1
491,19,1378.12,461.96,385.07,603.82,1,-1,-1,-1
491,12,671.28,358.96,349.90,490.79,1,-1,-1,-1
491,8,379.86,201.06,256.58,462.09,1,-1,-1,-1
491,5,580.95,150.61,277.58,537.86,1,-1,-1,-1
491,1,1462.97,355.25,322.54,525.07,1,-1,-1,-1
492,43,914.79,180.07,232.97,568.86,1,-1,-1,-1
492,41,372.33,329.91,364.76,430.88,1,-1,-1,-1
491,41,359.08,320.40,381.34,443.94,1,-1,-1,-1
490,41,389.16,323.85,293.09,441.77,1,-1,-1,-1
492,39,905.32,413.15,440.99,575.65,1,-1,-1,-1
492,37,1179.44,238.46,256.61,568.48,1,-1,-1,-1
492,20,1453.62,353.58,237.51,514.60,1,-1,-1,-1
492,19,1381.72,460.06,379.60,602.38,1,-1,-1,-1
492,12,664.47,354.41,317.07,494.70,1,-1,-1,-1
492,8,380.87,202.58,252.11,462.44,1,-1,-1,-1
492,5,580.23,152.50,275.90,531.46,1,-1,-1,-1
492,1,1466.86,350.35,318.16,525.95,1,-1,-1,-1
493,43,918.58,187.13,226.45,553.81,1,-1,-1,-1
493,41,380.73,322.78,355.31,437.63,1,-1,-1,-1
493,39,901.45,408.79,442.49,573.20,1,-1,-1,-1
493,37,1193.02,244.34,239.77,557.71,1,-1,-1,-1
493,35,1312.73,227.39,242.46,578.85,1,-1,-1,-1
492,35,1328.60,234.29,226.56,519.51,1,-1,-1,-1
491,35,1315.69,233.15,245.37,520.42,1,-1,-1,-1
493,20,1448.30,354.41,243.35,524.68,1,-1,-1,-1
493,19,1354.77,458.88,407.99,596.77,1,-1,-1,-1
493,8,389.03,205.86,243.25,453.55,1,-1,-1,-1
493,5,587.01,155.06,265.79,523.06,1,-1,-1,-1
493,1,1453.84,351.94,327.62,525.93,1,-1,-1,-1
494,43,917.04,206.94,223.56,533.73,1,-1,-1,-1
494,41,391.29,325.83,346.39,431.93,1,-1,-1,-1
494,39,907.71,409.43,435.09,567.03,1,-1,-1,-1
494,35,1306.48,229.00,242.01,558.54,1,-1,-1,-1
494,32,1191.62,261.10,237.13,543.78,1,-1,-1,-1
493,32,1192.93,242.81,239.50,564.86,1,-1,-1,-1
492,32,1184.32,239.61,250.18,568.14,1,-1,-1,-1
494,20,1444.13,353.74,240.42,512.51,1,-1,-1,-1
494,19,1346.34,466.94,407.51,585.85,1,-1,-1,-1
494,8,394.11,204.46,234.23,458.89,1,-1,-1,-1
494,5,594.03,158.44,256.45,518.70,1,-1,-1,-1
494,1,1450.67,353.47,327.67,519.57,1,-1,-1,-1
495,43,907.26,230.88,230.75,521.03,1,-1,-1,-1
495,41,400.99,331.82,323.35,426.74,1,-1,-1,-1
495,39,916.76,407.09,414.43,567.84,1,-1,-1,-1
495,35,1313.61,227.13,227.02,529.44,1,-1,-1,-1
495,32,1186.12,260.17,240.46,536.25,1,-1,-1,-1
495,20,1442.70,352.83,242.79,495.90,1,-1,-1,-1
495,19,1344.99,460.20,393.84,589.07,1,-1,-1,-1
495,8,409.59,204.28,208.84,441.48,1,-1,-1,-1
495,5,631.40,169.50,218.65,487.73,1,-1,-1,-1
495,2,648.65,354.20,295.38,482.46,1,-1,-1,-1
494,2,682.17,354.11,271.08,489.14,1,-1,-1,-1
493,2,679.53,355.88,287.63,490.74,1,-1,-1,-1
495,1,1441.13,350.37,333.07,516.25,1,-1,-1,-1
496,43,913.30,224.51,220.19,524.47,1,-1,-1,-1
496,39,952.24,402.33,372.82,568.57,1,-1,-1,-1
496,35,1294.96,227.48,246.35,557.20,1,-1,-1,-1
496,20,1459.67,346.07,228.32,501.22,1,-1,-1,-1
496,19,1343.91,465.44,385.55,579.77,1,-1,-1,-1
496,8,429.38,205.27,186.65,433.38,1,-1,-1,-1
496,5,636.90,179.65,218.89,472.48,1,-1,-1,-1
496,2,601.86,345.47,336.46,488.26,1,-1,-1,-1
496,1,1452.44,343.17,317.15,523.31,1,-1,-1,-1
497,43,916.60,227.90,211.78,522.50,1,-1,-1,-1
497,39,930.12,392.16,385.82,569.30,1,-1,-1,-1
497,35,1305.20,249.95,211.73,512.15,1,-1,-1,-1
497,19,1319.94,410.91,395.46,627.09,1,-1,-1,-1
497,8,438.04,205.17,172.55,457.38,1,-1,-1,-1
497,5,629.26,192.23,227.96,481.94,1,-1,-1,-1
497,2,652.37,353.05,279.25,477.61,1,-1,-1,-1
497,1,1409.99,345.59,347.33,519.77,1,-1,-1,-1
498,43,915.03,219.62,209.53,534.08,1,-1,-1,-1
498,39,920.00,387.63,389.23,570.61,1,-1,-1,-1
498,37,1173.85,255.80,246.09,533.82,1,-1,-1,-1
497,37,1164.68,256.50,257.69,533.21,1,-1,-1,-1
496,37,1186.64,260.97,252.64,528.24,1,-1,-1,-1
498,35,1286.44,228.87,228.77,566.55,1,-1,-1,-1
498,33,396.99,343.12,260.35,404.37,1,-1,-1,-1
497,33,398.73,334.48,267.56,419.27,1,-1,-1,-1
496,33,402.24,333.20,275.76,424.00,1,-1,-1,-1
498,19,1314.99,450.78,393.28,581.92,1,-1,-1,-1
498,8,437.63,205.87,169.86,453.73,1,-1,-1,-1
498,5,632.33,192.35,225.15,494.34,1,-1,-1,-1
498,2,661.02,353.68,262.44,471.82,1,-1,-1,-1
498,1,1362.73,345.35,386.44,506.82,1,-1,-1,-1
499,43,911.69,201.51,207.50,549.38,1,-1,-1,-1
499,39,908.52,378.66,389.19,579.08,1,-1,-1,-1
499,37,1167.25,254.03,240.64,529.08,1,-1,-1,-1
499,35,1280.21,260.51,235.69,557.39,1,-1,-1,-1
499,33,396.58,347.39,254.84,398.66,1,-1,-1,-1
499,19,1308.35,445.09,388.20,580.10,1,-1,-1,-1
499,8,422.70,206.40,179.22,456.79,1,-1,-1,-1
499,5,629.20,182.81,222.87,503.28,1,-1,-1,-1
499,2,640.10,342.56,274.55,479.03,1,-1,-1,-1
499,1,1379.79,342.27,353.10,508.39,1,-1,-1,-1
500,43,906.69,202.81,198.87,544.50,1,-1,-1,-1
500,39,895.95,376.01,393.50,577.26,1,-1,-1,-1
500,37,1164.61,250.26,240.82,528.07,1,-1,-1,-1
500,35,1282.36,234.12,227.56,584.56,1,-1,-1,-1
500,33,390.76,350.19,255.11,394.41,1,-1,-1,-1
500,19,1303.30,436.21,383.43,588.12,1,-1,-1,-1
500,8,426.48,206.36,173.56,467.06,1,-1,-1,-1
500,5,627.41,187.88,218.35,507.65,1,-1,-1,-1
500,2,634.05,345.77,276.67,476.04,1,-1,-1,-1
500,1,1367.61,345.06,362.02,512.74,1,-1,-1,-1
501,43,891.59,195.42,208.89,547.41,1,-1,-1,-1
501,39,883.70,372.96,388.34,575.78,1,-1,-1,-1
501,37,1150.82,249.91,243.89,520.83,1,-1,-1,-1
501,35,1272.66,242.84,218.67,558.63,1,-1,-1,-1
501,33,388.92,358.73,248.46,389.33,1,-1,-1,-1
501,19,1289.26,427.66,376.26,590.51,1,-1,-1,-1
501,8,415.00,204.22,190.88,469.89,1,-1,-1,-1
501,5,620.04,186.61,215.59,500.32,1,-1,-1,-1
501,2,629.38,343.53,274.28,475.36,1,-1,-1,-1
501,1,1390.52,336.99,327.05,506.69,1,-1,-1,-1
502,43,885.51,204.23,210.46,540.85,1,-1,-1,-1
502,39,873.01,369.68,380.68,575.01,1,-1,-1,-1
502,37,1141.74,248.26,244.48,520.33,1,-1,-1,-1
502,35,1254.76,234.78,234.41,554.21,1,-1,-1,-1
502,33,384.19,350.70,250.39,396.40,1,-1,-1,-1
502,19,1281.32,436.93,373.57,574.86,1,-1,-1,-1
502,8,404.97,205.75,199.32,465.24,1,-1,-1,-1
502,5,616.25,183.51,210.82,498.35,1,-1,-1,-1
502,2,623.49,337.89,275.07,479.70,1,-1,-1,-1
502,1,1393.61,334.81,314.90,503.71,1,-1,-1,-1
503,43,879.02,198.77,203.70,540.19,1,-1,-1,-1
503,39,864.46,369.86,379.91,573.93,1,-1,-1,-1
503,37,1131.22,245.52,238.46,521.73,1,-1,-1,-1
503,35,1237.47,230.56,243.23,590.02,1,-1,-1,-1
503,33,376.99,343.91,250.06,398.80,1,-1,-1,-1
503,19,1268.97,430.45,373.97,577.75,1,-1,-1,-1
503,8,411.03,204.65,172.21,445.14,1,-1,-1,-1
503,5,608.11,184.34,213.54,501.93,1,-1,-1,-1
503,2,616.73,340.18,272.79,472.40,1,-1,-1,-1
503,1,1378.84,337.02,314.65,496.79,1,-1,-1,-1
504,43,871.52,202.03,202.84,528.22,1,-1,-1,-1
504,39,860.41,367.64,377.32,571.39,1,-1,-1,-1
504,37,1129.91,245.16,223.43,512.48,1,-1,-1,-1
504,35,1234.79,223.14,242.79,584.09,1,-1,-1,-1
504,33,371.21,341.92,249.83,397.69,1,-1,-1,-1
504,20,1358.83,329.95,327.36,497.73,1,-1,-1,-1
503,20,1387.52,332.94,306.35,498.10,1,-1,-1,-1
502,20,1376.73,334.77,317.47,504.89,1,-1,-1,-1
504,19,1254.01,434.84,382.63,571.04,1,-1,-1,-1
504,8,409.86,203.96,169.93,437.61,1,-1,-1,-1
504,5,604.78,179.04,209.95,501.47,1,-1,-1,-1
504,2,605.70,336.90,271.36,472.03,1,-1,-1,-1
504,1,1358.66,334.02,323.31,500.87,1,-1,-1,-1
505,43,860.07,197.70,202.68,538.58,1,-1,-1,-1
505,39,857.80,366.12,361.90,568.26,1,-1,-1,-1
505,37,1111.53,243.02,227.98,521.00,1,-1,-1,-1
505,35,1228.25,207.47,241.19,581.36,1,-1,-1,-1
505,33,359.96,356.43,249.51,375.11,1,-1,-1,-1
505,20,1258.10,327.37,417.43,496.91,1,-1,-1,-1
505,19,1240.17,417.78,370.23,584.72,1,-1,-1,-1
505,8,405.90,203.18,167.97,441.47,1,-1,-1,-1
505,5,597.00,179.34,210.48,497.73,1,-1,-1,-1
505,2,597.33,332.93,268.12,473.21,1,-1,-1,-1
505,1,1268.60,328.22,410.03,501.01,1,-1,-1,-1
506,43,849.16,196.14,208.65,529.77,1,-1,-1,-1
506,39,852.44,367.15,360.05,563.98,1,-1,-1,-1
506,37,1103.83,242.54,228.65,523.12,1,-1,-1,-1
506,35,1220.97,206.42,238.62,576.74,1,-1,-1,-1
506,33,350.57,388.73,256.19,341.27,1,-1,-1,-1
506,20,1338.68,350.10,326.27,476.75,1,-1,-1,-1
506,19,1229.28,415.11,368.73,583.50,1,-1,-1,-1
506,8,409.38,202.90,161.49,446.92,1,-1,-1,-1
506,5,593.86,183.35,207.44,503.34,1,-1,-1,-1
506,2,593.36,332.02,264.16,472.99,1,-1,-1,-1
506,1,1318.02,334.01,351.33,494.95,1,-1,-1,-1
507,43,835.77,185.07,210.99,539.61,1,-1,-1,-1
507,39,837.74,364.52,358.02,560.55,1,-1,-1,-1
507,37,1088.68,244.65,230.86,513.38,1,-1,-1,-1
507,35,1204.65,205.05,232.16,558.45,1,-1,-1,-1
507,33,342.02,339.02,257.40,390.60,1,-1,-1,-1
507,20,1297.30,347.49,353.33,479.13,1,-1,-1,-1
507,19,1218.48,406.15,362.28,588.22,1,-1,-1,-1
507,8,386.31,203.96,177.95,431.55,1,-1,-1,-1
507,5,583.08,183.72,210.89,488.73,1,-1,-1,-1
507,2,574.35,328.89,268.84,470.04,1,-1,-1,-1
507,1,1313.37,338.21,278.63,463.80,1,-1,-1,-1
508,43,832.21,196.80,209.56,520.04,1,-1,-1,-1
508,39,820.88,365.75,367.84,552.91,1,-1,-1,-1
508,37,1084.06,250.83,235.00,511.67,1,-1,-1,-1
508,35,1204.56,206.39,235.13,554.28,1,-1,-1,-1
508,33,336.12,332.06,268.83,395.87,1,-1,-1,-1
508,20,1233.26,333.99,410.48,490.66,1,-1,-1,-1
508,19,1216.78,395.35,355.77,592.62,1,-1,-1,-1
508,8,375.53,204.87,188.30,428.35,1,-1,-1,-1
508,5,586.80,186.24,203.67,476.65,1,-1,-1,-1
508,2,503.59,335.62,332.42,462.13,1,-1,-1,-1
508,1,1290.44,338.82,351.13,488.87,1,-1,-1,-1
509,43,819.58,204.24,228.91,516.92,1,-1,-1,-1
509,39,820.50,368.92,354.09,548.10,1,-1,-1,-1
509,37,1070.68,251.75,254.09,498.48,1,-1,-1,-1
509,35,1181.15,220.16,257.47,546.30,1,-1,-1,-1
509,33,335.31,330.80,324.78,398.11,1,-1,-1,-1
509,20,1235.65,336.11,397.01,487.50,1,-1,-1,-1
509,19,1214.11,380.66,346.75,598.05,1,-1,-1,-1
509,8,348.71,207.66,216.29,431.89,1,-1,-1,-1
509,5,576.67,155.89,210.01,516.50,1,-1,-1,-1
509,2,551.57,348.72,279.50,445.97,1,-1,-1,-1
510,43,811.32,218.99,236.63,475.87,1,-1,-1,-1
510,39,808.40,376.64,355.32,538.63,1,-1,-1,-1
510,37,1058.02,253.53,258.77,504.05,1,-1,-1,-1
510,35,1167.89,214.92,272.77,550.99,1,-1,-1,-1
510,33,332.09,330.88,314.31,399.54,1,-1,-1,-1
510,20,1239.63,337.73,391.24,493.75,1,-1,-1,-1
510,19,1208.35,381.35,340.51,596.19,1,-1,-1,-1
510,8,342.83,210.15,219.22,422.23,1,-1,-1,-1
510,5,576.88,161.03,209.79,514.93,1,-1,-1,-1
510,2,552.13,351.75,280.19,439.39,1,-1,-1,-1
511,43,795.33,229.23,245.73,488.16,1,-1,-1,-1
511,39,813.51,380.19,342.77,535.20,1,-1,-1,-1
511,37,1058.69,252.14,244.45,499.24,1,-1,-1,-1
511,35,1169.30,226.65,260.83,526.66,1,-1,-1,-1
511,33,330.83,332.53,338.49,400.21,1,-1,-1,-1
511,20,1249.65,340.57,375.01,488.08,1,-1,-1,-1
511,19,1198.58,389.83,342.20,588.04,1,-1,-1,-1
511,8,339.33,222.22,222.50,411.98,1,-1,-1,-1
511,5,571.20,186.14,215.34,487.42,1,-1,-1,-1
511,2,542.85,347.13,274.28,446.66,1,-1,-1,-1
512,43,798.62,225.04,249.73,476.04,1,-1,-1,-1
512,39,804.56,381.70,349.69,534.11,1,-1,-1,-1
512,37,1061.41,252.28,243.18,492.78,1,-1,-1,-1
512,35,1163.16,261.75,250.60,490.53,1,-1,-1,-1
512,33,332.16,330.04,324.81,400.74,1,-1,-1,-1
512,20,1246.32,340.65,376.50,489.63,1,-1,-1,-1
512,19,1197.99,377.77,342.67,598.71,1,-1,-1,-1
512,8,340.89,227.23,227.05,408.85,1,-1,-1,-1
512,5,565.09,190.70,217.35,468.96,1,-1,-1,-1
513,43,794.97,244.45,234.02,465.51,1,-1,-1,-1
513,41,556.23,356.81,255.28,430.63,1,-1,-1,-1
512,41,364.36,352.80,449.82,438.70,1,-1,-1,-1
511,41,382.99,348.51,436.88,445.16,1,-1,-1,-1
513,39,803.78,377.45,348.39,531.84,1,-1,-1,-1
513,37,1068.89,246.24,215.31,508.19,1,-1,-1,-1
513,35,1179.03,254.44,247.50,484.41,1,-1,-1,-1
513,33,334.59,332.03,339.92,396.33,1,-1,-1,-1
513,20,1292.50,338.99,326.62,484.36,1,-1,-1,-1
513,19,1193.62,392.33,342.40,580.23,1,-1,-1,-1
513,8,352.11,226.53,225.38,415.75,1,-1,-1,-1
513,5,563.42,189.24,210.54,462.47,1,-1,-1,-1
514,43,789.78,238.86,248.12,461.75,1,-1,-1,-1
514,41,503.25,345.53,310.80,440.06,1,-1,-1,-1
514,39,804.39,373.41,342.67,534.13,1,-1,-1,-1
514,37,1067.62,241.24,212.49,513.67,1,-1,-1,-1
514,35,1173.36,245.65,262.98,481.56,1,-1,-1,-1
514,33,335.15,327.81,269.02,396.51,1,-1,-1,-1
514,20,1264.05,338.33,360.69,485.52,1,-1,-1,-1
514,19,1187.55,386.08,355.31,580.77,1,-1,-1,-1
514,8,365.41,228.32,210.31,405.81,1,-1,-1,-1
514,5,563.60,187.68,203.52,447.34,1,-1,-1,-1
515,41,552.52,338.17,263.72,445.90,1,-1,-1,-1
515,39,814.78,369.83,326.11,537.02,1,-1,-1,-1
515,37,1062.10,234.81,221.36,526.55,1,-1,-1,-1
515,35,1182.16,254.72,221.08,480.21,1,-1,-1,-1
515,33,342.14,329.19,246.54,392.52,1,-1,-1,-1
515,32,1250.99,219.92,208.30,441.18,1,-1,-1,-1
514,32,1222.23,219.87,246.49,465.51,1,-1,-1,-1
513,32,1213.28,219.65,247.41,481.07,1,-1,-1,-1
515,20,1307.31,336.37,311.34,483.34,1,-1,-1,-1
515,19,1169.02,396.81,366.61,572.50,1,-1,-1,-1
515,12,796.44,202.47,303.84,475.74,1,-1,-1,-1
514,12,796.32,200.26,304.51,496.67,1,-1,-1,-1
513,12,805.59,211.84,258.40,480.91,1,-1,-1,-1
515,8,398.36,228.57,179.86,393.60,1,-1,-1,-1
515,5,560.32,194.45,197.03,430.94,1,-1,-1,-1
516,41,553.44,335.92,260.76,448.69,1,-1,-1,-1
516,39,799.70,366.00,339.99,544.93,1,-1,-1,-1
516,37,1057.64,235.91,221.25,522.29,1,-1,-1,-1
516,35,1182.57,255.44,220.15,483.83,1,-1,-1,-1
516,33,340.76,334.51,244.07,386.81,1,-1,-1,-1
516,32,1240.08,219.89,212.46,459.55,1,-1,-1,-1
516,20,1311.28,337.90,307.71,485.37,1,-1,-1,-1
516,19,1163.74,402.29,362.77,567.87,1,-1,-1,-1
516,12,790.97,211.25,308.49,481.72,1,-1,-1,-1
516,8,413.80,227.52,155.49,385.04,1,-1,-1,-1
516,5,562.07,199.56,189.46,418.63,1,-1,-1,-1
517,41,555.56,333.53,255.32,448.24,1,-1,-1,-1
517,39,776.54,358.96,364.25,546.41,1,-1,-1,-1
517,37,1059.28,236.53,204.87,530.32,1,-1,-1,-1
517,35,1203.11,249.16,208.88,517.85,1,-1,-1,-1
517,33,352.55,342.42,244.86,376.46,1,-1,-1,-1
517,32,1249.94,221.24,173.86,457.19,1,-1,-1,-1
517,19,1152.43,421.53,365.87,549.50,1,-1,-1,-1
517,12,819.90,206.49,264.73,504.10,1,-1,-1,-1
517,8,423.78,229.50,152.47,398.26,1,-1,-1,-1
517,5,564.30,194.91,194.60,458.79,1,-1,-1,-1
518,41,560.42,334.56,252.18,447.51,1,-1,-1,-1
518,39,777.27,357.62,358.56,550.61,1,-1,-1,-1
518,37,1064.69,242.74,192.29,506.33,1,-1,-1,-1
518,35,1200.99,259.34,204.71,492.97,1,-1,-1,-1
518,33,352.92,347.64,246.33,370.40,1,-1,-1,-1
518,32,1268.69,225.20,155.36,430.07,1,-1,-1,-1
518,19,1146.72,406.83,371.71,569.85,1,-1,-1,-1
518,12,828.70,211.58,194.82,499.43,1,-1,-1,-1
518,8,428.99,233.23,163.41,400.32,1,-1,-1,-1
518,5,568.20,201.17,194.90,465.53,1,-1,-1,-1
519,41,563.66,339.37,251.01,446.76,1,-1,-1,-1
519,39,777.31,362.18,343.18,551.89,1,-1,-1,-1
519,38,1363.99,335.07,254.00,372.40,1,-1,-1,-1
518,38,1373.52,329.62,231.92,334.97,1,-1,-1,-1
517,38,1386.34,323.92,216.18,348.30,1,-1,-1,-1
519,37,1066.79,249.09,192.46,529.10,1,-1,-1,-1
519,35,1223.32,264.91,196.21,511.27,1,-1,-1,-1
519,33,362.38,350.57,244.43,371.93,1,-1,-1,-1
519,32,1277.21,234.22,157.46,432.81,1,-1,-1,-1
519,19,1145.17,399.70,370.74,584.45,1,-1,-1,-1
519,12,840.02,220.17,173.93,484.07,1,-1,-1,-1
519,8,443.58,238.56,162.26,403.05,1,-1,-1,-1
519,5,578.91,215.55,184.92,462.29,1,-1,-1,-1
520,41,570.93,349.84,244.73,441.66,1,-1,-1,-1
520,39,777.90,368.12,344.89,548.99,1,-1,-1,-1
520,38,1369.96,340.11,258.98,373.99,1,-1,-1,-1
520,37,1073.69,251.17,185.21,519.05,1,-1,-1,-1
520,35,1207.29,267.52,210.78,513.58,1,-1,-1,-1
520,33,375.26,346.18,232.59,377.21,1,-1,-1,-1
520,32,1280.81,239.07,160.77,443.71,1,-1,-1,-1
520,20,1299.63,394.02,340.49,468.86,1,-1,-1,-1
519,20,1297.28,383.29,335.85,464.98,1,-1,-1,-1
518,20,1279.31,378.07,350.11,453.00,1,-1,-1,-1
520,19,1141.50,406.84,372.64,582.61,1,-1,-1,-1
520,12,838.90,221.79,178.61,454.31,1,-1,-1,-1
520,8,451.83,244.38,164.54,403.26,1,-1,-1,-1
520,5,589.74,221.20,181.12,454.51,1,-1,-1,-1
521,41,582.28,351.59,244.90,442.54,1,-1,-1,-1
521,39,778.84,375.96,340.72,543.23,1,-1,-1,-1
521,38,1362.83,347.45,273.35,402.27,1,-1,-1,-1
521,37,1080.43,260.14,182.03,516.61,1,-1,-1,-1
521,35,1208.23,278.02,215.03,486.98,1,-1,-1,-1
521,33,387.95,368.27,232.45,362.95,1,-1,-1,-1
521,32,1299.14,246.01,158.66,413.68,1,-1,-1,-1
521,20,1301.34,396.89,345.60,478.39,1,-1,-1,-1
521,19,1112.64,416.75,399.62,579.54,1,-1,-1,-1
521,12,841.93,234.42,178.22,421.94,1,-1,-1,-1
521,8,467.72,256.34,161.40,390.43,1,-1,-1,-1
521,5,598.84,229.80,182.55,444.90,1,-1,-1,-1
521,1,1406.63,357.25,243.87,361.39,1,-1,-1,-1
520,1,1413.97,352.21,223.40,312.00,1,-1,-1,-1
519,1,1426.35,349.81,200.60,302.85,1,-1,-1,-1
522,41,585.69,353.55,242.24,440.07,1,-1,-1,-1
522,39,786.91,380.10,336.15,539.83,1,-1,-1,-1
522,37,1084.35,258.62,179.92,519.66,1,-1,-1,-1
522,35,1220.52,283.01,207.20,476.86,1,-1,-1,-1
522,33,397.07,367.00,229.46,364.38,1,-1,-1,-1
522,32,1314.51,251.15,156.05,390.03,1,-1,-1,-1
522,20,1308.14,396.22,344.54,484.96,1,-1,-1,-1
522,19,1104.59,415.10,409.32,584.98,1,-1,-1,-1
522,12,843.35,236.34,176.82,441.43,1,-1,-1,-1
522,8,475.58,259.90,158.73,391.16,1,-1,-1,-1
522,5,611.03,236.08,178.49,437.23,1,-1,-1,-1
522,1,1421.66,356.61,238.67,382.29,1,-1,-1,-1
523,41,590.13,359.89,236.39,432.38,1,-1,-1,-1
523,39,788.84,384.88,331.88,536.15,1,-1,-1,-1
523,37,1089.93,270.20,179.40,502.55,1,-1,-1,-1
523,35,1217.91,289.51,210.13,452.37,1,-1,-1,-1
523,33,410.84,370.50,228.49,363.30,1,-1,-1,-1
523,32,1304.62,256.18,172.04,372.19,1,-1,-1,-1
523,20,1306.69,409.14,353.88,475.96,1,-1,-1,-1
523,19,1107.23,412.64,406.63,590.52,1,-1,-1,-1
523,12,840.83,244.76,182.19,427.69,1,-1,-1,-1
523,8,488.20,266.20,162.41,386.30,1,-1,-1,-1
523,5,618.00,243.28,182.43,433.30,1,-1,-1,-1
523,1,1419.68,359.93,256.77,377.12,1,-1,-1,-1
524,41,587.63,364.27,248.18,428.31,1,-1,-1,-1
524,39,788.33,388.62,334.87,532.38,1,-1,-1,-1
524,37,1091.53,269.60,189.05,533.75,1,-1,-1,-1
524,35,1203.75,289.30,233.11,483.58,1,-1,-1,-1
524,33,417.40,363.21,234.17,369.27,1,-1,-1,-1
524,32,1319.82,260.27,168.22,380.66,1,-1,-1,-1
524,20,1303.17,409.11,361.09,482.96,1,-1,-1,-1
524,19,1115.72,417.42,402.29,588.93,1,-1,-1,-1
524,12,846.47,248.15,182.13,440.09,1,-1,-1,-1
524,8,503.56,271.02,159.10,385.06,1,-1,-1,-1
524,5,627.56,243.02,196.78,440.47,1,-1,-1,-1
524,1,1425.21,361.54,263.90,383.81,1,-1,-1,-1
525,41,596.30,367.02,246.79,424.46,1,-1,-1,-1
525,39,792.57,390.98,328.61,528.81,1,-1,-1,-1
525,37,1088.68,274.09,196.46,538.47,1,-1,-1,-1
525,35,1238.75,296.72,216.81,475.83,1,-1,-1,-1
525,33,434.95,375.85,224.22,352.55,1,-1,-1,-1
525,32,1341.24,265.36,173.35,403.95,1,-1,-1,-1
525,20,1319.50,414.48,356.83,484.09,1,-1,-1,-1
525,19,1131.91,419.63,387.28,588.71,1,-1,-1,-1
525,12,855.26,252.89,180.94,465.42,1,-1,-1,-1
525,8,525.56,277.84,149.75,391.85,1,-1,-1,-1
525,5,634.93,254.20,185.97,434.96,1,-1,-1,-1
525,1,1453.20,371.11,265.93,360.99,1,-1,-1,-1
526,41,606.85,371.33,240.90,417.92,1,-1,-1,-1
526,39,798.27,392.58,322.87,526.34,1,-1,-1,-1
526,37,1090.81,279.22,197.45,536.50,1,-1,-1,-1
526,35,1233.22,298.81,235.24,484.57,1,-1,-1,-1
526,33,448.48,385.53,222.28,343.28,1,-1,-1,-1
526,32,1338.85,268.50,176.82,390.54,1,-1,-1,-1
526,20,1313.43,415.60,367.42,487.37,1,-1,-1,-1
526,19,1114.34,422.19,403.15,585.01,1,-1,-1,-1
526,12,856.88,254.68,181.78,462.45,1,-1,-1,-1
526,8,535.62,281.79,158.10,377.23,1,-1,-1,-1
526,5,650.46,258.47,176.95,421.98,1,-1,-1,-1
526,1,1481.49,381.75,245.24,338.69,1,-1,-1,-1
527,41,615.90,378.86,238.15,411.01,1,-1,-1,-1
527,39,797.19,392.12,320.25,525.88,1,-1,-1,-1
527,37,1102.69,287.48,185.95,524.27,1,-1,-1,-1
527,35,1236.98,303.59,229.24,445.79,1,-1,-1,-1
527,33,459.86,379.64,224.53,350.89,1,-1,-1,-1
527,32,1353.62,274.66,168.79,397.43,1,-1,-1,-1
527,20,1316.34,418.00,373.40,494.59,1,-1,-1,-1
527,19,1104.15,422.53,412.68,587.10,1,-1,-1,-1
527,12,851.46,262.10,189.04,469.82,1,-1,-1,-1
527,8,547.68,287.57,143.20,377.84,1,-1,-1,-1
527,5,658.61,263.59,180.88,423.19,1,-1,-1,-1
527,1,1495.58,385.95,249.49,368.74,1,-1,-1,-1
528,41,620.80,376.60,236.65,414.05,1,-1,-1,-1
528,39,803.90,392.01,313.72,525.03,1,-1,-1,-1
528,37,1102.53,283.41,190.23,532.44,1,-1,-1,-1
528,35,1224.88,304.04,266.71,461.12,1,-1,-1,-1
528,33,463.09,383.10,216.89,345.82,1,-1,-1,-1
528,32,1350.07,276.37,178.95,395.81,1,-1,-1,-1
528,20,1301.78,416.47,390.24,499.87,1,-1,-1,-1
528,19,1105.72,422.81,408.26,586.82,1,-1,-1,-1
528,12,847.63,265.72,193.27,473.56,1,-1,-1,-1
528,8,556.73,289.82,131.30,377.91,1,-1,-1,-1
528,5,667.46,261.85,194.13,421.09,1,-1,-1,-1
528,1,1506.31,394.38,249.11,338.24,1,-1,-1,-1
529,41,630.33,380.35,232.04,410.50,1,-1,-1,-1
529,39,798.82,393.47,313.75,522.82,1,-1,-1,-1
529,38,1464.28,381.45,261.43,406.35,1,-1,-1,-1
528,38,1459.74,382.82,270.72,398.95,1,-1,-1,-1
527,38,1464.61,377.22,271.62,403.97,1,-1,-1,-1
529,37,1106.66,288.92,193.72,528.97,1,-1,-1,-1
529,35,1231.21,308.19,244.55,450.81,1,-1,-1,-1
529,33,475.67,388.24,226.35,349.34,1,-1,-1,-1
529,32,1367.74,282.20,174.67,377.43,1,-1,-1,-1
529,20,1298.41,421.57,397.13,497.36,1,-1,-1,-1
529,19,1107.01,424.34,402.05,585.82,1,-1,-1,-1
529,12,847.89,268.71,196.03,461.66,1,-1,-1,-1
529,8,560.84,295.21,147.65,383.86,1,-1,-1,-1
529,5,674.54,269.82,174.97,420.83,1,-1,-1,-1
529,1,1528.75,397.87,238.05,351.55,1,-1,-1,-1
530,41,631.37,384.15,232.06,406.35,1,-1,-1,-1
530,39,794.07,393.46,314.81,520.81,1,-1,-1,-1
530,38,1460.74,384.20,287.14,407.38,1,-1,-1,-1
530,37,1106.27,290.35,192.99,526.29,1,-1,-1,-1
530,35,1231.06,308.83,238.59,436.31,1,-1,-1,-1
530,33,482.32,391.34,227.35,346.18,1,-1,-1,-1
530,32,1390.95,292.86,177.45,393.84,1,-1,-1,-1
530,20,1278.92,423.05,419.34,502.53,1,-1,-1,-1
530,19,1111.23,426.80,397.06,583.69,1,-1,-1,-1
530,12,851.14,273.65,192.25,443.68,1,-1,-1,-1
530,8,567.67,300.53,142.12,384.66,1,-1,-1,-1
530,5,685.20,275.23,166.44,413.46,1,-1,-1,-1
530,1,1525.03,398.35,248.62,350.22,1,-1,-1,-1
531,41,631.37,381.51,245.96,408.65,1,-1,-1,-1
531,39,789.26,393.56,315.24,518.45,1,-1,-1,-1
531,38,1463.01,387.63,267.81,411.86,1,-1,-1,-1
531,37,1095.97,296.04,207.18,528.51,1,-1,-1,-1
531,35,1227.56,313.42,250.12,467.40,1,-1,-1,-1
531,33,489.54,393.24,225.58,363.63,1,-1,-1,-1
531,32,1366.69,289.09,178.23,434.36,1,-1,-1,-1
531,20,1231.25,424.73,468.42,505.09,1,-1,-1,-1
531,19,1107.16,427.75,392.31,581.98,1,-1,-1,-1
531,12,855.28,276.40,187.34,445.54,1,-1,-1,-1
531,8,569.26,305.45,150.89,385.33,1,-1,-1,-1
531,5,687.32,278.15,168.75,417.43,1,-1,-1,-1
531,1,1522.80,400.89,264.82,346.01,1,-1,-1,-1
532,41,621.43,383.64,254.15,405.06,1,-1,-1,-1
532,39,789.81,394.11,315.15,514.12,1,-1,-1,-1
532,38,1450.58,388.30,279.23,413.81,1,-1,-1,-1
532,37,1095.29,297.01,193.56,519.08,1,-1,-1,-1
532,35,1234.29,314.44,233.97,467.72,1,-1,-1,-1
532,33,493.53,395.15,227.38,372.52,1,-1,-1,-1
532,32,1372.11,291.38,178.77,436.16,1,-1,-1,-1
532,20,1240.77,418.92,456.61,502.51,1,-1,-1,-1
532,19,1100.38,426.96,391.06,580.22,1,-1,-1,-1
532,12,862.90,277.95,183.45,456.05,1,-1,-1,-1
532,5,692.83,280.68,166.85,414.26,1,-1,-1,-1
532,1,1530.04,406.44,260.98,347.68,1,-1,-1,-1
533,41,632.45,382.03,262.41,407.00,1,-1,-1,-1
533,39,787.99,394.71,316.19,510.85,1,-1,-1,-1
533,38,1440.80,387.69,292.63,419.79,1,-1,-1,-1
533,37,1086.47,298.82,197.07,521.30,1,-1,-1,-1
533,35,1276.32,316.34,194.87,465.19,1,-1,-1,-1
533,33,499.64,398.83,230.39,368.92,1,-1,-1,-1
533,32,1374.32,293.80,191.49,460.86,1,-1,-1,-1
533,20,1304.94,406.65,393.59,511.37,1,-1,-1,-1
533,19,1093.66,413.65,386.14,590.55,1,-1,-1,-1
533,12,877.64,279.24,180.14,472.10,1,-1,-1,-1
533,5,691.30,285.44,173.43,417.72,1,-1,-1,-1
533,1,1526.18,409.06,273.97,344.84,1,-1,-1,-1
534,41,632.79,376.75,276.22,414.08,1,-1,-1,-1
534,39,787.93,396.06,318.82,506.65,1,-1,-1,-1
534,38,1455.34,385.98,286.63,425.79,1,-1,-1,-1
534,37,1081.38,299.72,218.10,522.94,1,-1,-1,-1
534,35,1275.23,319.47,181.73,427.97,1,-1,-1,-1
534,33,504.15,400.07,242.67,370.14,1,-1,-1,-1
534,32,1388.61,299.09,190.99,444.49,1,-1,-1,-1
534,20,1318.83,415.83,376.24,504.98,1,-1,-1,-1
534,19,1091.09,413.82,384.34,591.26,1,-1,-1,-1
534,12,869.73,278.70,190.12,480.87,1,-1,-1,-1
534,5,705.72,289.16,168.18,400.55,1,-1,-1,-1
534,1,1533.51,410.78,281.52,347.29,1,-1,-1,-1
535,41,637.29,381.49,283.74,409.36,1,-1,-1,-1
535,39,774.77,396.07,333.05,500.72,1,-1,-1,-1
535,38,1458.23,383.20,299.94,437.37,1,-1,-1,-1
535,37,1098.65,299.38,191.01,526.27,1,-1,-1,-1
535,35,1264.11,317.66,209.59,452.14,1,-1,-1,-1
535,33,512.92,401.14,249.27,338.03,1,-1,-1,-1
535,32,1404.28,302.07,201.57,444.70,1,-1,-1,-1
535,20,1331.23,415.16,360.89,505.20,1,-1,-1,-1
535,19,1089.58,427.17,372.14,578.90,1,-1,-1,-1
535,12,877.47,281.56,180.54,481.31,1,-1,-1,-1
535,8,615.62,316.66,146.63,371.62,1,-1,-1,-1
534,8,596.06,315.45,163.21,380.73,1,-1,-1,-1
533,8,590.35,310.07,183.82,387.24,1,-1,-1,-1
535,5,720.21,290.06,160.34,408.65,1,-1,-1,-1
535,1,1584.03,418.50,246.55,346.67,1,-1,-1,-1
536,41,642.02,382.36,269.64,408.53,1,-1,-1,-1
536,39,787.66,396.79,322.03,497.68,1,-1,-1,-1
536,38,1435.51,388.03,337.67,436.01,1,-1,-1,-1
536,37,1104.06,300.29,181.49,517.80,1,-1,-1,-1
536,35,1279.97,316.91,202.28,466.57,1,-1,-1,-1
536,33,519.91,402.66,243.01,334.32,1,-1,-1,-1
536,32,1414.19,300.97,223.53,449.79,1,-1,-1,-1
536,20,1329.64,407.96,362.75,516.62,1,-1,-1,-1
536,19,1084.57,428.34,374.54,576.21,1,-1,-1,-1
536,12,896.50,288.02,170.40,473.38,1,-1,-1,-1
536,8,624.85,318.57,152.43,373.70,1,-1,-1,-1
536,5,744.56,292.47,144.95,400.57,1,-1,-1,-1
536,1,1582.97,419.96,252.74,349.54,1,-1,-1,-1
537,41,636.63,382.96,277.02,400.98,1,-1,-1,-1
537,39,789.93,396.79,319.29,492.23,1,-1,-1,-1
537,38,1480.41,380.88,294.71,438.59,1,-1,-1,-1
537,37,1098.88,296.41,187.60,507.49,1,-1,-1,-1
537,35,1286.81,315.77,204.97,474.96,1,-1,-1,-1
537,33,529.30,399.39,247.29,337.43,1,-1,-1,-1
537,32,1409.66,295.96,215.19,458.31,1,-1,-1,-1
537,20,1341.65,404.97,352.80,517.01,1,-1,-1,-1
537,19,1078.60,420.15,373.83,576.82,1,-1,-1,-1
537,12,901.28,282.43,172.50,481.45,1,-1,-1,-1
537,8,626.80,316.42,147.33,363.81,1,-1,-1,-1
537,5,760.36,292.10,152.29,407.62,1,-1,-1,-1
537,1,1601.84,419.79,241.06,350.54,1,-1,-1,-1
538,41,648.25,381.76,283.44,397.81,1,-1,-1,-1
538,39,779.20,394.66,332.14,490.55,1,-1,-1,-1
538,38,1500.35,375.79,277.44,446.09,1,-1,-1,-1
538,37,1094.44,295.85,204.51,511.14,1,-1,-1,-1
538,35,1294.92,313.72,196.42,481.54,1,-1,-1,-1
538,33,536.21,399.26,252.68,334.19,1,-1,-1,-1
538,32,1417.39,294.52,219.51,482.72,1,-1,-1,-1
538,20,1316.27,406.01,378.45,517.10,1,-1,-1,-1
538,19,1075.33,410.15,371.01,578.73,1,-1,-1,-1
538,12,901.67,280.79,185.16,484.99,1,-1,-1,-1
538,8,632.94,318.17,154.59,365.33,1,-1,-1,-1
538,5,765.48,292.01,169.27,420.26,1,-1,-1,-1
538,1,1611.23,416.91,247.16,355.94,1,-1,-1,-1
539,41,654.41,382.42,273.86,391.46,1,-1,-1,-1
539,39,779.79,391.58,331.97,487.05,1,-1,-1,-1
539,38,1507.53,384.05,281.06,437.17,1,-1,-1,-1
539,37,1101.37,295.41,198.28,500.28,1,-1,-1,-1
539,35,1304.45,313.41,198.97,476.53,1,-1,-1,-1
539,33,546.33,402.32,232.59,312.34,1,-1,-1,-1
539,32,1425.83,289.26,224.38,471.80,1,-1,-1,-1
539,20,1328.17,404.73,363.89,515.49,1,-1,-1,-1
539,19,1067.36,410.41,374.45,570.73,1,-1,-1,-1
539,12,904.97,274.96,192.03,482.51,1,-1,-1,-1
539,8,656.17,314.40,141.67,373.83,1,-1,-1,-1
539,5,772.53,291.17,161.23,438.61,1,-1,-1,-1
539,1,1625.16,415.61,245.46,349.53,1,-1,-1,-1
540,41,652.61,383.30,288.10,387.18,1,-1,-1,-1
540,39,783.04,388.63,327.20,482.95,1,-1,-1,-1
540,38,1502.52,382.62,283.88,439.89,1,-1,-1,-1
540,37,1107.46,291.44,183.53,507.61,1,-1,-1,-1
540,35,1307.55,311.15,195.86,476.79,1,-1,-1,-1
540,33,552.02,401.82,233.55,310.52,1,-1,-1,-1
540,32,1425.07,284.03,231.82,485.46,1,-1,-1,-1
540,20,1273.89,401.86,418.26,517.36,1,-1,-1,-1
540,19,1062.07,406.77,382.30,572.70,1,-1,-1,-1
540,12,904.24,277.51,197.90,475.94,1,-1,-1,-1
540,8,666.40,313.93,140.14,368.30,1,-1,-1,-1
540,5,774.58,290.34,158.97,426.58,1,-1,-1,-1
540,1,1628.42,414.68,263.40,353.34,1,-1,-1,-1
541,46,778.00,397.11,342.98,399.48,1,-1,-1,-1
540,46,779.72,393.94,344.05,398.84,1,-1,-1,-1
539,46,779.70,397.20,344.11,407.37,1,-1,-1,-1
541,41,656.26,382.17,282.07,386.06,1,-1,-1,-1
541,39,782.18,390.50,326.75,476.67,1,-1,-1,-1
541,38,1479.05,381.33,307.85,438.84,1,-1,-1,-1
541,37,1110.72,290.31,183.89,505.37,1,-1,-1,-1
541,35,1305.20,306.29,206.46,487.62,1,-1,-1,-1
541,33,557.27,401.14,223.13,309.52,1,-1,-1,-1
541,32,1427.11,281.33,260.05,514.38,1,-1,-1,-1
541,20,1336.79,396.52,354.11,519.67,1,-1,-1,-1
541,19,1050.04,402.32,389.57,569.69,1,-1,-1,-1
541,12,906.61,276.85,202.79,475.10,1,-1,-1,-1
541,8,669.85,316.05,140.58,367.31,1,-1,-1,-1
541,5,777.90,289.43,160.78,420.35,1,-1,-1,-1
541,1,1632.07,413.89,273.48,355.19,1,-1,-1,-1
542,41,661.59,382.80,285.66,385.61,1,-1,-1,-1
542,39,783.34,387.95,324.50,475.29,1,-1,-1,-1
542,35,1302.98,305.11,197.49,491.02,1,-1,-1,-1
542,33,561.00,400.22,213.85,310.26,1,-1,-1,-1
542,32,1435.21,283.92,266.71,495.89,1,-1,-1,-1
542,20,1304.22,397.22,381.18,519.12,1,-1,-1,-1
542,19,1040.85,401.94,416.07,564.99,1,-1,-1,-1
542,12,913.27,275.43,199.84,475.13,1,-1,-1,-1
542,8,678.94,317.93,144.27,364.20,1,-1,-1,-1
542,5,781.85,289.30,178.16,430.96,1,-1,-1,-1
543,41,666.17,379.71,290.05,387.67,1,-1,-1,-1
543,39,778.67,385.83,329.33,472.12,1,-1,-1,-1
543,35,1306.49,302.73,202.70,499.35,1,-1,-1,-1
543,33,570.63,401.49,203.70,313.63,1,-1,-1,-1
543,32,1419.54,279.86,286.01,526.01,1,-1,-1,-1
543,20,1310.90,398.72,377.46,515.47,1,-1,-1,-1
543,19,1031.61,398.39,432.89,561.19,1,-1,-1,-1
543,12,910.84,269.60,207.86,477.02,1,-1,-1,-1
543,8,681.93,318.59,140.52,359.95,1,-1,-1,-1
543,5,787.98,288.60,171.48,435.62,1,-1,-1,-1
544,45,1089.09,282.90,214.71,519.12,1,-1,-1,-1
543,45,1091.98,283.18,211.74,524.75,1,-1,-1,-1
542,45,1099.48,285.27,204.13,517.38,1,-1,-1,-1
544,41,667.03,378.06,290.24,388.14,1,-1,-1,-1
544,39,756.86,381.19,350.14,472.47,1,-1,-1,-1
544,35,1299.40,300.31,205.29,495.28,1,-1,-1,-1
544,33,573.47,399.97,198.32,301.92,1,-1,-1,-1
544,32,1413.80,276.71,301.09,535.16,1,-1,-1,-1
544,20,1300.64,396.18,384.69,515.50,1,-1,-1,-1
544,19,1027.11,388.95,445.47,567.11,1,-1,-1,-1
544,12,914.56,273.05,204.46,473.50,1,-1,-1,-1
544,8,683.99,316.75,141.58,363.84,1,-1,-1,-1
544,5,790.00,288.32,168.86,435.05,1,-1,-1,-1
545,45,1076.99,278.23,225.30,502.56,1,-1,-1,-1
545,41,661.05,371.52,280.82,374.63,1,-1,-1,-1
545,39,699.65,374.97,403.47,466.17,1,-1,-1,-1
545,38,1492.87,377.05,417.21,417.71,1,-1,-1,-1
544,38,1474.21,380.09,316.06,430.80,1,-1,-1,-1
543,38,1481.57,379.65,315.60,435.90,1,-1,-1,-1
545,35,1285.74,291.28,244.75,498.00,1,-1,-1,-1
545,33,576.12,393.49,199.42,295.93,1,-1,-1,-1
545,32,1411.38,268.27,313.69,509.75,1,-1,-1,-1
545,20,1276.54,381.50,451.68,517.53,1,-1,-1,-1
545,19,1010.85,376.52,473.25,562.84,1,-1,-1,-1
545,12,913.50,266.88,199.53,474.47,1,-1,-1,-1
545,5,788.87,285.09,173.02,434.27,1,-1,-1,-1
545,1,1632.09,404.14,284.45,365.83,1,-1,-1,-1
544,1,1632.67,408.70,284.40,373.54,1,-1,-1,-1
543,1,1640.31,409.04,275.00,369.76,1,-1,-1,-1
546,47,1487.80,365.38,432.15,428.96,1,-1,-1,-1
545,47,1508.50,390.73,406.46,397.09,1,-1,-1,-1
544,47,1553.56,401.27,362.47,397.66,1,-1,-1,-1
546,45,1068.80,276.39,229.95,509.96,1,-1,-1,-1
546,41,657.32,371.39,281.49,371.36,1,-1,-1,-1
546,39,681.99,370.14,422.14,467.33,1,-1,-1,-1
546,35,1281.34,287.47,254.94,489.20,1,-1,-1,-1
546,33,576.29,389.98,195.70,296.73,1,-1,-1,-1
546,32,1425.47,265.37,300.15,504.84,1,-1,-1,-1
546,20,1294.28,373.10,425.77,516.65,1,-1,-1,-1
546,19,996.43,377.63,499.75,555.64,1,-1,-1,-1
546,12,913.24,265.57,201.74,477.53,1,-1,-1,-1
546,5,788.44,282.68,175.32,437.39,1,-1,-1,-1
546,1,1633.98,401.92,286.02,362.99,1,-1,-1,-1
547,47,1434.37,352.19,483.38,436.34,1,-1,-1,-1
547,45,1058.86,265.24,239.86,500.55,1,-1,-1,-1
547,43,689.60,306.27,138.10,352.60,1,-1,-1,-1
546,43,685.84,311.64,136.52,352.77,1,-1,-1,-1
545,43,683.30,313.52,137.21,351.61,1,-1,-1,-1
547,41,656.43,367.27,294.11,365.59,1,-1,-1,-1
547,39,668.69,365.03,438.98,465.79,1,-1,-1,-1
547,35,1286.13,283.67,223.13,495.37,1,-1,-1,-1
547,33,578.01,384.13,197.06,296.62,1,-1,-1,-1
547,32,1421.01,258.57,256.27,499.33,1,-1,-1,-1
547,20,1298.19,374.02,424.64,508.40,1,-1,-1,-1
547,19,966.22,380.21,520.53,542.66,1,-1,-1,-1
547,12,903.92,260.72,242.37,481.19,1,-1,-1,-1
547,5,784.65,280.46,181.20,433.24,1,-1,-1,-1
547,1,1625.88,396.38,293.29,358.56,1,-1,-1,-1
548,47,1413.61,343.60,486.33,452.76,1,-1,-1,-1
548,45,1049.70,262.48,249.28,502.26,1,-1,-1,-1
548,43,691.68,305.53,139.02,362.33,1,-1,-1,-1
548,41,648.03,361.77,318.36,375.84,1,-1,-1,-1
548,39,660.98,359.31,473.71,461.57,1,-1,-1,-1
548,35,1283.92,278.43,213.73,500.43,1,-1,-1,-1
548,33,579.05,383.54,202.03,295.60,1,-1,-1,-1
548,32,1431.00,258.06,242.39,493.13,1,-1,-1,-1
548,20,1296.68,372.36,441.47,503.39,1,-1,-1,-1
548,19,925.26,366.90,621.62,553.72,1,-1,-1,-1
548,12,906.95,252.65,223.06,478.51,1,-1,-1,-1
548,5,783.19,278.37,179.00,436.23,1,-1,-1,-1
548,1,1606.13,392.23,313.65,362.60,1,-1,-1,-1
549,47,1395.14,332.71,483.20,464.77,1,-1,-1,-1
549,45,1051.44,262.53,246.19,497.29,1,-1,-1,-1
549,41,635.83,357.89,334.66,382.61,1,-1,-1,-1
549,39,648.20,351.56,492.25,465.02,1,-1,-1,-1
549,32,1422.19,257.46,250.07,496.90,1,-1,-1,-1
549,20,1227.68,368.45,531.71,499.17,1,-1,-1,-1
549,19,909.42,378.50,547.05,536.80,1,-1,-1,-1
549,12,900.04,243.27,241.87,497.00,1,-1,-1,-1
549,5,767.79,275.98,189.91,440.12,1,-1,-1,-1
549,2,580.79,383.34,259.58,303.37,1,-1,-1,-1
548,2,579.67,383.76,247.53,302.69,1,-1,-1,-1
547,2,579.31,382.20,370.93,336.07,1,-1,-1,-1
549,1,1613.65,387.55,306.35,365.36,1,-1,-1,-1
550,47,1353.26,341.72,557.80,457.02,1,-1,-1,-1
550,45,1048.57,259.96,251.33,479.01,1,-1,-1,-1
550,41,636.70,357.33,323.41,369.40,1,-1,-1,-1
550,39,643.66,348.89,528.04,461.50,1,-1,-1,-1
550,32,1409.82,255.49,268.17,490.45,1,-1,-1,-1
550,20,1280.90,364.40,473.06,496.72,1,-1,-1,-1
550,19,946.58,362.97,536.84,546.67,1,-1,-1,-1
550,5,712.98,277.34,242.83,418.68,1,-1,-1,-1
550,2,582.75,382.58,257.39,298.92,1,-1,-1,-1
551,47,1424.80,348.41,481.22,436.56,1,-1,-1,-1
551,45,1047.77,259.48,245.24,493.29,1,-1,-1,-1
551,41,617.45,356.85,342.68,358.89,1,-1,-1,-1
551,39,602.42,349.99,490.40,461.01,1,-1,-1,-1
551,32,1420.44,254.58,276.63,489.80,1,-1,-1,-1
551,20,1186.78,363.36,560.86,494.36,1,-1,-1,-1
551,19,917.01,361.75,594.64,540.78,1,-1,-1,-1
551,5,711.70,278.69,250.83,417.21,1,-1,-1,-1
551,2,582.33,380.56,270.61,304.37,1,-1,-1,-1
552,47,1471.35,362.52,444.30,414.95,1,-1,-1,-1
552,45,1032.33,255.60,250.36,492.29,1,-1,-1,-1
552,41,623.51,359.31,301.59,350.89,1,-1,-1,-1
552,39,596.65,353.26,493.38,446.38,1,-1,-1,-1
552,35,1258.18,272.51,223.08,483.53,1,-1,-1,-1
551,35,1231.79,272.86,249.29,485.93,1,-1,-1,-1
550,35,1230.80,275.31,253.47,484.20,1,-1,-1,-1
552,32,1418.32,252.60,201.10,487.81,1,-1,-1,-1
552,20,1250.24,365.71,429.72,494.87,1,-1,-1,-1
552,19,877.48,362.54,611.01,530.40,1,-1,-1,-1
552,5,712.63,278.49,238.47,414.25,1,-1,-1,-1
552,2,579.98,378.99,276.71,304.66,1,-1,-1,-1
553,47,1434.35,352.44,449.47,431.33,1,-1,-1,-1
553,45,1024.78,252.51,240.59,496.11,1,-1,-1,-1
553,39,601.98,347.99,499.93,445.00,1,-1,-1,-1
553,35,1248.06,268.30,224.69,481.28,1,-1,-1,-1
553,32,1412.02,250.53,196.52,477.13,1,-1,-1,-1
553,20,1244.71,355.88,444.12,496.61,1,-1,-1,-1
553,19,767.59,337.47,697.57,553.13,1,-1,-1,-1
553,2,574.26,374.68,290.08,311.49,1,-1,-1,-1
554,48,1560.34,294.88,179.01,397.67,1,-1,-1,-1
553,48,1549.54,293.97,204.94,406.73,1,-1,-1,-1
552,48,1551.53,297.03,198.57,410.23,1,-1,-1,-1
554,45,983.01,252.21,272.26,496.39,1,-1,-1,-1
554,39,625.24,351.62,439.42,444.64,1,-1,-1,-1
554,35,1236.22,269.79,223.95,477.49,1,-1,-1,-1
554,32,1397.60,248.90,204.30,479.57,1,-1,-1,-1
554,20,1140.03,355.96,524.85,492.66,1,-1,-1,-1
554,19,805.78,341.26,550.53,545.30,1,-1,-1,-1
554,2,573.14,372.52,293.02,295.44,1,-1,-1,-1
555,48,1549.64,291.75,200.39,405.92,1,-1,-1,-1
555,45,997.57,248.83,241.83,507.33,1,-1,-1,-1
555,39,643.17,348.24,454.91,468.63,1,-1,-1,-1
555,38,1357.40,335.45,506.64,434.39,1,-1,-1,-1
554,38,1437.63,352.24,443.66,425.41,1,-1,-1,-1
553,38,1484.94,369.72,431.08,407.33,1,-1,-1,-1
555,35,1226.39,253.28,342.99,502.40,1,-1,-1,-1
555,32,1397.00,246.64,199.70,498.16,1,-1,-1,-1
555,20,1223.92,353.57,374.82,490.19,1,-1,-1,-1
555,19,797.66,354.63,605.45,531.73,1,-1,-1,-1
555,2,571.47,370.25,295.05,305.99,1,-1,-1,-1
556,48,1547.15,290.20,201.22,403.79,1,-1,-1,-1
556,46,701.83,342.75,463.37,485.42,1,-1,-1,-1
555,46,702.45,345.07,468.91,480.57,1,-1,-1,-1
554,46,672.74,351.21,442.14,437.48,1,-1,-1,-1
556,45,989.79,244.14,245.39,519.06,1,-1,-1,-1
556,43,655.80,309.82,173.86,356.31,1,-1,-1,-1
555,43,645.62,310.01,183.74,355.03,1,-1,-1,-1
554,43,666.29,309.11,166.09,353.17,1,-1,-1,-1
556,41,670.70,349.85,373.91,446.26,1,-1,-1,-1
555,41,673.80,352.39,377.23,434.13,1,-1,-1,-1
554,41,683.97,353.95,355.58,433.02,1,-1,-1,-1
556,39,605.71,346.05,480.10,473.46,1,-1,-1,-1
556,38,1375.80,334.27,480.14,432.97,1,-1,-1,-1
556,35,1208.68,254.23,360.18,496.42,1,-1,-1,-1
556,32,1387.42,245.11,211.27,497.80,1,-1,-1,-1
556,20,1223.06,351.59,384.77,489.24,1,-1,-1,-1
556,19,782.96,343.75,578.18,535.90,1,-1,-1,-1
556,2,571.79,369.13,295.40,318.16,1,-1,-1,-1
557,48,1543.99,287.80,208.68,404.03,1,-1,-1,-1
557,45,990.79,241.44,238.97,510.94,1,-1,-1,-1
557,41,673.25,343.22,331.01,428.50,1,-1,-1,-1
557,38,1213.04,348.40,487.37,490.53,1,-1,-1,-1
557,37,1031.71,117.51,371.69,630.73,1,-1,-1,-1
556,37,1043.72,118.73,357.55,622.54,1,-1,-1,-1
555,37,1038.60,121.62,361.00,625.75,1,-1,-1,-1
557,35,1217.88,250.89,351.53,499.91,1,-1,-1,-1
557,32,1373.71,241.05,226.18,494.31,1,-1,-1,-1
557,20,1210.25,254.43,225.70,494.55,1,-1,-1,-1
557,19,827.67,346.35,617.05,520.67,1,-1,-1,-1
557,12,798.58,255.87,274.19,467.95,1,-1,-1,-1
556,12,829.85,251.64,260.33,465.47,1,-1,-1,-1
555,12,841.82,246.60,244.02,454.76,1,-1,-1,-1
557,2,573.10,353.59,328.86,341.31,1,-1,-1,-1
558,48,1542.45,287.09,212.77,407.03,1,-1,-1,-1
558,45,991.44,241.68,229.49,493.37,1,-1,-1,-1
558,41,680.14,343.50,320.37,423.57,1,-1,-1,-1
558,38,1204.48,344.75,507.65,491.91,1,-1,-1,-1
558,35,1215.32,253.64,349.75,493.54,1,-1,-1,-1
558,32,1372.09,239.80,227.01,494.52,1,-1,-1,-1
558,20,1211.17,258.42,227.07,492.72,1,-1,-1,-1
558,19,810.81,341.34,575.50,526.74,1,-1,-1,-1
558,12,796.81,256.00,273.59,458.63,1,-1,-1,-1
558,2,573.20,353.53,324.66,339.69,1,-1,-1,-1
559,48,1539.60,285.93,213.35,413.27,1,-1,-1,-1
559,45,990.29,240.51,221.80,484.32,1,-1,-1,-1
559,41,664.14,341.82,324.14,425.12,1,-1,-1,-1
559,35,1211.48,253.48,341.08,501.44,1,-1,-1,-1
559,32,1361.12,239.57,237.54,496.06,1,-1,-1,-1
559,20,1212.62,254.98,354.32,493.37,1,-1,-1,-1
559,19,790.49,326.89,591.04,540.72,1,-1,-1,-1
559,12,816.92,255.69,245.16,459.25,1,-1,-1,-1
559,5,761.81,275.61,173.26,415.14,1,-1,-1,-1
558,5,744.05,273.21,189.56,413.39,1,-1,-1,-1
557,5,738.51,272.80,196.07,427.08,1,-1,-1,-1
559,2,576.55,353.19,325.50,339.73,1,-1,-1,-1
560,48,1531.43,285.27,226.31,411.61,1,-1,-1,-1
560,47,1398.23,352.07,515.63,416.40,1,-1,-1,-1
559,47,1175.81,335.52,660.13,498.86,1,-1,-1,-1
558,47,1212.57,342.34,617.57,492.81,1,-1,-1,-1
560,45,997.12,245.38,211.02,489.97,1,-1,-1,-1
560,41,663.47,344.24,335.97,422.62,1,-1,-1,-1
560,35,1208.06,252.97,358.27,498.76,1,-1,-1,-1
560,20,1206.95,250.33,347.61,508.93,1,-1,-1,-1
560,19,791.54,326.88,486.63,540.45,1,-1,-1,-1
560,12,822.47,257.02,236.56,460.32,1,-1,-1,-1
560,5,732.86,275.27,206.12,419.52,1,-1,-1,-1
560,2,577.10,352.47,320.76,339.77,1,-1,-1,-1
561,48,1535.08,283.55,213.86,424.06,1,-1,-1,-1
561,47,1172.73,336.16,684.99,491.55,1,-1,-1,-1
561,45,987.98,247.20,215.91,492.29,1,-1,-1,-1
561,41,657.85,348.12,343.14,419.35,1,-1,-1,-1
561,20,1194.60,253.38,369.24,494.79,1,-1,-1,-1
561,19,738.35,327.18,476.22,529.73,1,-1,-1,-1
561,12,819.03,256.74,236.38,456.79,1,-1,-1,-1
561,2,579.75,364.02,278.05,322.62,1,-1,-1,-1
562,48,1536.65,283.12,215.47,426.42,1,-1,-1,-1
562,47,1177.57,332.31,679.73,487.72,1,-1,-1,-1
562,45,982.86,244.34,217.77,489.21,1,-1,-1,-1
562,38,1120.86,342.07,467.13,490.04,1,-1,-1,-1
561,38,1140.00,342.02,430.13,494.05,1,-1,-1,-1
560,38,992.44,343.69,779.28,492.07,1,-1,-1,-1
562,20,1204.30,332.83,681.75,460.03,1,-1,-1,-1
562,19,694.29,324.57,517.88,531.54,1,-1,-1,-1
562,12,814.57,257.54,235.71,463.48,1,-1,-1,-1
562,2,581.44,364.84,286.99,322.40,1,-1,-1,-1
562,1,1439.72,361.73,475.22,405.53,1,-1,-1,-1
561,1,1415.77,351.51,501.41,420.29,1,-1,-1,-1
560,1,1427.49,361.27,487.46,406.29,1,-1,-1,-1
563,48,1546.59,283.52,214.73,420.83,1,-1,-1,-1
563,47,1345.79,331.11,515.06,439.78,1,-1,-1,-1
563,45,978.86,244.77,220.64,477.08,1,-1,-1,-1
563,38,1151.28,339.44,391.71,496.57,1,-1,-1,-1
563,20,1324.28,234.33,275.06,492.94,1,-1,-1,-1
563,19,692.60,322.67,498.67,529.92,1,-1,-1,-1
563,12,817.75,254.25,234.70,466.58,1,-1,-1,-1
563,2,585.08,365.49,278.43,319.90,1,-1,-1,-1
563,1,1396.60,347.94,502.11,424.87,1,-1,-1,-1
564,48,1540.39,283.81,224.46,426.25,1,-1,-1,-1
564,47,1310.39,330.53,526.70,441.65,1,-1,-1,-1
564,45,944.71,150.34,247.81,568.98,1,-1,-1,-1
564,38,1141.48,338.14,417.47,495.35,1,-1,-1,-1
564,35,1194.23,255.23,374.69,494.75,1,-1,-1,-1
563,35,1192.61,255.28,379.09,490.46,1,-1,-1,-1
562,35,1189.66,254.25,355.23,496.01,1,-1,-1,-1
564,20,1320.70,235.18,273.01,491.64,1,-1,-1,-1
564,19,708.34,323.64,473.96,532.20,1,-1,-1,-1
564,12,812.98,255.37,239.04,462.95,1,-1,-1,-1
564,2,585.21,366.89,273.63,320.56,1,-1,-1,-1
564,1,1390.45,353.05,514.07,417.73,1,-1,-1,-1
565,48,1529.97,283.07,246.78,427.48,1,-1,-1,-1
565,47,1295.23,333.34,542.02,438.64,1,-1,-1,-1
565,45,967.44,244.00,218.62,484.64,1,-1,-1,-1
565,41,648.12,350.64,328.77,411.99,1,-1,-1,-1
564,41,653.30,346.36,357.41,416.03,1,-1,-1,-1
563,41,646.93,344.86,356.26,420.27,1,-1,-1,-1
565,38,1127.76,341.81,432.50,493.05,1,-1,-1,-1
565,35,1186.29,257.24,377.17,493.19,1,-1,-1,-1
565,19,749.69,327.32,411.87,526.09,1,-1,-1,-1
565,12,809.34,258.29,232.34,457.34,1,-1,-1,-1
565,2,588.68,365.47,250.86,321.32,1,-1,-1,-1
565,1,1387.02,355.76,513.40,413.24,1,-1,-1,-1
566,48,1530.55,284.35,242.36,422.05,1,-1,-1,-1
566,47,1288.35,331.90,547.52,442.32,1,-1,-1,-1
566,45,948.69,245.05,230.76,496.09,1,-1,-1,-1
566,41,641.57,350.17,310.55,408.12,1,-1,-1,-1
566,38,1142.41,343.19,406.48,490.93,1,-1,-1,-1
566,35,1159.95,257.55,369.14,492.67,1,-1,-1,-1
566,19,692.37,328.56,455.97,524.06,1,-1,-1,-1
566,12,811.20,259.28,230.29,453.90,1,-1,-1,-1
566,2,590.41,363.81,247.57,322.07,1,-1,-1,-1
567,49,1579.05,367.20,330.07,389.38,1,-1,-1,-1
566,49,1534.06,365.63,383.91,394.45,1,-1,-1,-1
565,49,1514.67,366.64,398.87,393.53,1,-1,-1,-1
567,48,1534.09,284.64,244.16,420.29,1,-1,-1,-1
567,47,1212.67,328.81,573.50,449.48,1,-1,-1,-1
567,45,940.02,247.39,228.84,497.47,1,-1,-1,-1
567,41,639.84,352.38,305.62,406.17,1,-1,-1,-1
567,38,1135.34,351.79,436.88,487.96,1,-1,-1,-1
567,35,1166.99,252.50,338.26,510.67,1,-1,-1,-1
567,19,669.15,332.04,468.84,520.06,1,-1,-1,-1
567,12,814.00,260.22,219.98,458.80,1,-1,-1,-1
567,5,767.20,283.01,172.66,409.13,1,-1,-1,-1
566,5,775.90,281.94,163.08,404.56,1,-1,-1,-1
565,5,767.48,281.57,177.79,406.40,1,-1,-1,-1
567,2,588.64,361.83,258.76,327.15,1,-1,-1,-1
568,49,1565.58,365.74,341.87,395.19,1,-1,-1,-1
568,48,1535.08,285.13,246.58,418.52,1,-1,-1,-1
568,47,1189.96,325.78,591.47,454.93,1,-1,-1,-1
568,45,930.15,249.03,239.32,498.90,1,-1,-1,-1
568,41,637.87,356.39,310.66,403.90,1,-1,-1,-1
568,38,1130.21,351.87,447.86,486.69,1,-1,-1,-1
568,35,1155.22,259.31,362.85,495.89,1,-1,-1,-1
568,19,735.81,333.39,395.25,519.75,1,-1,-1,-1
568,12,808.72,259.66,225.04,469.17,1,-1,-1,-1
568,2,590.58,370.21,247.22,313.43,1,-1,-1,-1
569,49,1568.53,368.03,338.38,400.80,1,-1,-1,-1
569,48,1536.09,287.55,239.04,409.68,1,-1,-1,-1
569,47,1168.63,328.88,580.20,460.16,1,-1,-1,-1
569,45,927.32,255.60,228.18,499.37,1,-1,-1,-1
569,41,636.55,359.97,299.29,402.12,1,-1,-1,-1
569,38,1117.72,348.95,468.56,493.57,1,-1,-1,-1
569,20,1214.38,241.16,447.19,494.52,1,-1,-1,-1
568,20,1205.64,239.07,462.32,497.84,1,-1,-1,-1
567,20,1207.21,239.26,463.89,495.56,1,-1,-1,-1
569,19,656.66,339.79,456.55,514.85,1,-1,-1,-1
569,12,796.39,262.54,225.26,469.88,1,-1,-1,-1
569,2,581.55,366.56,235.40,313.06,1,-1,-1,-1
570,49,1564.16,369.48,332.54,399.46,1,-1,-1,-1
570,48,1534.83,288.72,243.62,410.43,1,-1,-1,-1
570,47,1151.19,330.05,593.94,462.73,1,-1,-1,-1
570,45,911.11,256.45,246.39,502.48,1,-1,-1,-1
570,41,628.64,360.97,307.54,407.39,1,-1,-1,-1
570,38,1109.49,356.92,359.66,488.75,1,-1,-1,-1
570,20,1157.43,263.89,431.54,501.90,1,-1,-1,-1
570,19,743.08,351.13,363.06,504.80,1,-1,-1,-1
570,12,773.19,278.03,237.75,438.23,1,-1,-1,-1
570,2,578.10,368.78,241.62,316.41,1,-1,-1,-1
571,49,1560.57,370.07,327.06,399.02,1,-1,-1,-1
571,48,1526.44,289.62,252.53,408.27,1,-1,-1,-1
571,47,1119.08,330.11,630.35,475.50,1,-1,-1,-1
571,45,888.42,263.19,239.11,490.63,1,-1,-1,-1
571,41,614.44,366.66,325.31,399.19,1,-1,-1,-1
571,38,1091.99,360.91,389.83,488.10,1,-1,-1,-1
571,20,1279.13,247.44,334.14,500.24,1,-1,-1,-1
571,19,639.71,342.21,450.42,521.23,1,-1,-1,-1
571,2,576.64,368.93,254.46,325.81,1,-1,-1,-1
571,1,1553.74,365.08,360.55,413.40,1,-1,-1,-1
570,1,1560.55,365.58,353.85,407.22,1,-1,-1,-1
569,1,1557.73,365.63,356.69,405.52,1,-1,-1,-1
572,49,1556.80,372.88,322.62,395.02,1,-1,-1,-1
572,48,1523.81,290.68,252.77,414.33,1,-1,-1,-1
572,47,1104.82,330.86,634.49,478.10,1,-1,-1,-1
572,45,885.32,257.96,234.66,496.32,1,-1,-1,-1
572,41,611.98,367.63,322.13,406.08,1,-1,-1,-1
572,38,1074.16,363.07,438.40,487.13,1,-1,-1,-1
572,35,1152.02,257.66,450.59,504.95,1,-1,-1,-1
571,35,1153.20,260.87,457.36,498.15,1,-1,-1,-1
570,35,1139.02,267.28,373.31,488.27,1,-1,-1,-1
572,20,1270.30,249.61,326.09,499.79,1,-1,-1,-1
572,19,642.53,352.68,431.22,507.53,1,-1,-1,-1
572,2,576.72,369.08,241.29,324.63,1,-1,-1,-1
572,1,1550.65,368.80,362.97,410.31,1,-1,-1,-1
573,49,1547.30,377.52,337.03,390.05,1,-1,-1,-1
573,48,1522.63,292.52,252.22,405.78,1,-1,-1,-1
573,47,1104.20,337.39,637.15,471.19,1,-1,-1,-1
573,45,879.49,256.35,232.90,501.31,1,-1,-1,-1
573,41,598.00,372.07,339.88,406.45,1,-1,-1,-1
573,38,1065.61,363.11,455.78,491.86,1,-1,-1,-1
573,35,1142.53,262.92,458.02,498.69,1,-1,-1,-1
573,32,1108.43,264.64,329.53,481.42,1,-1,-1,-1
572,32,1117.14,263.15,332.77,497.65,1,-1,-1,-1
571,32,1131.36,270.13,314.70,481.86,1,-1,-1,-1
573,20,1291.37,253.97,297.39,485.94,1,-1,-1,-1
573,19,680.75,355.48,362.98,503.54,1,-1,-1,-1
573,2,573.16,374.87,220.88,321.76,1,-1,-1,-1
573,1,1551.70,374.28,364.19,411.07,1,-1,-1,-1
574,49,1544.25,379.04,349.68,387.82,1,-1,-1,-1
574,48,1520.91,292.96,254.14,414.08,1,-1,-1,-1
574,47,1099.36,335.87,627.08,470.48,1,-1,-1,-1
574,45,822.90,268.32,273.93,483.67,1,-1,-1,-1
574,41,590.57,371.59,307.76,396.11,1,-1,-1,-1
574,38,1054.85,367.60,417.87,487.67,1,-1,-1,-1
574,35,1140.68,260.26,456.86,493.63,1,-1,-1,-1
574,32,1099.81,263.41,346.35,484.64,1,-1,-1,-1
574,20,1288.32,253.49,295.28,494.83,1,-1,-1,-1
574,19,653.30,358.63,376.26,504.13,1,-1,-1,-1
574,2,570.96,376.24,219.90,321.87,1,-1,-1,-1
574,1,1546.87,375.87,370.32,416.88,1,-1,-1,-1
575,49,1539.08,384.18,341.77,387.41,1,-1,-1,-1
575,48,1515.12,292.74,255.42,420.86,1,-1,-1,-1
575,47,1079.43,341.55,679.66,467.27,1,-1,-1,-1
575,45,830.46,265.54,265.28,495.29,1,-1,-1,-1
575,41,589.43,375.42,320.08,396.95,1,-1,-1,-1
575,38,1043.97,369.24,389.52,488.20,1,-1,-1,-1
575,32,1040.16,260.59,388.42,492.33,1,-1,-1,-1
575,20,1308.99,254.87,274.40,498.80,1,-1,-1,-1
575,19,629.76,353.90,378.29,507.15,1,-1,-1,-1
575,2,570.01,376.69,228.08,315.02,1,-1,-1,-1
575,1,1537.37,379.79,380.00,409.32,1,-1,-1,-1
576,49,1534.21,382.93,334.73,391.33,1,-1,-1,-1
576,48,1521.33,292.69,242.16,426.93,1,-1,-1,-1
576,47,1067.30,346.79,697.48,468.35,1,-1,-1,-1
576,45,859.03,257.94,228.83,502.53,1,-1,-1,-1
576,41,588.99,373.91,308.04,394.46,1,-1,-1,-1
576,38,1038.02,372.04,424.36,487.40,1,-1,-1,-1
576,20,1299.85,255.18,276.01,493.33,1,-1,-1,-1
576,19,611.78,354.09,390.86,508.43,1,-1,-1,-1
576,2,569.69,376.23,218.70,309.26,1,-1,-1,-1
576,1,1530.76,379.26,387.49,422.48,1,-1,-1,-1
577,49,1514.50,381.90,349.69,399.86,1,-1,-1,-1
577,48,1519.90,293.73,234.02,426.66,1,-1,-1,-1
577,47,1055.01,353.41,692.15,465.31,1,-1,-1,-1
577,45,849.12,186.49,223.18,574.28,1,-1,-1,-1
577,41,582.82,376.40,308.97,398.17,1,-1,-1,-1
577,38,1022.41,380.04,411.29,482.29,1,-1,-1,-1
577,37,1090.40,274.18,273.21,484.04,1,-1,-1,-1
576,37,1100.45,277.57,310.17,490.32,1,-1,-1,-1
575,37,1078.93,261.48,357.07,502.31,1,-1,-1,-1
577,20,1312.60,255.04,253.81,485.77,1,-1,-1,-1
577,19,615.01,364.18,373.20,505.13,1,-1,-1,-1
577,12,760.09,211.01,210.72,505.19,1,-1,-1,-1
576,12,763.52,244.04,211.47,485.44,1,-1,-1,-1
575,12,777.32,270.72,235.46,468.50,1,-1,-1,-1
577,2,565.45,379.15,221.23,301.92,1,-1,-1,-1
577,1,1420.81,380.37,454.44,405.93,1,-1,-1,-1
578,49,1522.22,383.62,339.61,398.32,1,-1,-1,-1
578,48,1511.35,296.43,241.86,426.30,1,-1,-1,-1
578,47,1041.41,348.56,649.46,466.60,1,-1,-1,-1
578,45,840.83,186.65,228.67,574.90,1,-1,-1,-1
578,41,575.96,380.75,308.10,389.25,1,-1,-1,-1
578,38,1014.53,382.65,363.81,482.20,1,-1,-1,-1
578,37,1084.35,280.32,254.00,476.81,1,-1,-1,-1
578,20,1315.36,259.30,240.78,479.52,1,-1,-1,-1
578,19,643.37,366.16,337.58,503.22,1,-1,-1,-1
578,12,740.94,212.63,220.49,506.32,1,-1,-1,-1
578,2,560.50,380.52,223.53,297.46,1,-1,-1,-1
578,1,1523.47,379.81,386.76,411.25,1,-1,-1,-1
579,49,1529.43,384.87,333.45,399.99,1,-1,-1,-1
579,48,1503.91,300.30,247.52,424.47,1,-1,-1,-1
579,47,1031.41,355.31,669.02,460.99,1,-1,-1,-1
579,45,837.36,225.24,222.62,535.96,1,-1,-1,-1
579,41,569.46,381.64,330.48,402.03,1,-1,-1,-1
579,38,997.59,387.65,331.03,479.40,1,-1,-1,-1
579,37,1070.01,283.98,243.57,478.61,1,-1,-1,-1
579,20,1311.37,264.58,237.22,484.07,1,-1,-1,-1
579,19,600.08,361.29,363.65,515.10,1,-1,-1,-1
579,12,732.98,229.59,253.67,520.31,1,-1,-1,-1
579,2,553.25,383.05,230.47,296.29,1,-1,-1,-1
579,1,1532.80,381.14,384.22,416.03,1,-1,-1,-1
580,49,1521.57,383.71,328.15,405.14,1,-1,-1,-1
580,48,1487.29,299.76,262.82,434.35,1,-1,-1,-1
580,47,1021.47,356.93,687.69,459.33,1,-1,-1,-1
580,45,826.88,271.56,226.33,487.26,1,-1,-1,-1
580,41,564.73,379.55,338.32,414.02,1,-1,-1,-1
580,39,734.32,192.40,324.54,569.49,1,-1,-1,-1
579,39,739.36,182.66,321.06,579.98,1,-1,-1,-1
578,39,752.57,181.48,310.99,584.59,1,-1,-1,-1
580,38,983.20,384.31,347.21,484.05,1,-1,-1,-1
580,20,1308.75,268.03,235.66,491.60,1,-1,-1,-1
580,19,582.07,363.28,372.58,510.43,1,-1,-1,-1
580,2,547.80,382.36,244.46,297.75,1,-1,-1,-1
580,1,1525.34,379.83,385.49,419.22,1,-1,-1,-1
581,49,1523.01,384.36,319.40,406.56,1,-1,-1,-1
581,48,1503.47,300.75,243.46,429.37,1,-1,-1,-1
581,47,1020.87,362.89,635.03,451.96,1,-1,-1,-1
581,45,776.64,276.51,267.65,484.86,1,-1,-1,-1
581,39,737.43,238.35,308.06,524.78,1,-1,-1,-1
581,38,970.36,386.50,350.20,485.70,1,-1,-1,-1
581,20,1304.65,266.47,233.05,499.70,1,-1,-1,-1
581,19,567.29,367.77,365.45,510.39,1,-1,-1,-1
581,2,544.31,381.81,244.48,304.58,1,-1,-1,-1
582,49,1513.09,387.97,310.66,403.95,1,-1,-1,-1
582,48,1495.34,302.75,251.46,431.81,1,-1,-1,-1
582,47,1019.37,364.25,633.12,453.52,1,-1,-1,-1
582,39,734.41,244.02,304.54,522.94,1,-1,-1,-1
582,38,961.69,389.25,353.49,482.09,1,-1,-1,-1
582,20,1297.44,267.68,241.58,506.23,1,-1,-1,-1
582,19,565.48,369.75,356.15,505.06,1,-1,-1,-1
582,2,539.65,382.00,248.58,300.55,1,-1,-1,-1
583,49,1512.55,389.72,311.48,406.63,1,-1,-1,-1
583,48,1492.18,305.55,255.31,437.39,1,-1,-1,-1
583,47,1103.77,361.64,490.32,457.99,1,-1,-1,-1
583,39,721.36,249.74,310.62,509.10,1,-1,-1,-1
583,38,956.14,392.13,354.59,480.38,1,-1,-1,-1
583,37,1046.56,294.58,270.52,479.61,1,-1,-1,-1
582,37,1053.09,292.75,265.03,485.57,1,-1,-1,-1
581,37,1052.09,291.27,257.11,486.00,1,-1,-1,-1
583,20,1291.69,266.04,245.10,509.74,1,-1,-1,-1
583,19,587.40,375.35,340.59,499.83,1,-1,-1,-1
584,49,1507.68,391.09,313.77,410.15,1,-1,-1,-1
584,48,1494.19,306.37,250.10,441.66,1,-1,-1,-1
584,47,1215.54,368.17,507.15,454.21,1,-1,-1,-1
584,41,542.72,383.79,299.65,401.73,1,-1,-1,-1
583,41,543.23,382.68,300.72,397.57,1,-1,-1,-1
582,41,544.39,376.80,284.52,394.96,1,-1,-1,-1
584,39,742.99,241.13,280.04,517.22,1,-1,-1,-1
584,38,944.80,392.17,352.37,481.94,1,-1,-1,-1
584,37,1042.29,299.77,269.63,479.92,1,-1,-1,-1
584,20,1281.39,267.63,246.30,512.58,1,-1,-1,-1
584,19,562.15,371.16,374.05,508.68,1,-1,-1,-1
585,49,1493.20,396.34,312.99,409.68,1,-1,-1,-1
585,48,1500.65,308.02,240.79,437.48,1,-1,-1,-1
585,47,1216.34,366.49,517.89,458.93,1,-1,-1,-1
585,45,766.41,271.87,254.47,485.72,1,-1,-1,-1
584,45,776.63,271.33,248.75,484.82,1,-1,-1,-1
583,45,772.35,277.37,259.43,477.74,1,-1,-1,-1
585,41,534.69,386.25,298.32,401.56,1,-1,-1,-1
585,38,933.69,392.22,336.37,484.81,1,-1,-1,-1
585,37,1027.03,305.47,256.06,476.56,1,-1,-1,-1
585,20,1273.13,268.66,242.08,496.21,1,-1,-1,-1
585,19,562.85,384.17,374.31,494.55,1,-1,-1,-1
586,48,1497.62,309.06,240.72,434.61,1,-1,-1,-1
586,47,1215.63,374.92,535.00,453.61,1,-1,-1,-1
586,45,764.36,278.09,255.54,486.00,1,-1,-1,-1
586,41,530.30,384.45,307.69,420.89,1,-1,-1,-1
586,38,933.64,391.10,377.85,487.30,1,-1,-1,-1
586,37,1008.91,301.20,297.24,480.41,1,-1,-1,-1
586,20,1266.73,268.71,246.98,484.21,1,-1,-1,-1
586,19,544.30,382.21,399.42,496.12,1,-1,-1,-1
587,48,1500.47,307.69,229.32,438.49,1,-1,-1,-1
587,45,760.63,272.89,252.04,485.28,1,-1,-1,-1
587,41,531.46,386.50,318.79,448.99,1,-1,-1,-1
587,38,929.05,393.90,412.59,484.06,1,-1,-1,-1
587,37,1011.55,303.51,263.42,479.55,1,-1,-1,-1
587,20,1259.23,270.03,248.26,481.67,1,-1,-1,-1
587,19,537.37,384.91,443.04,490.23,1,-1,-1,-1
588,48,1497.96,308.03,229.20,427.42,1,-1,-1,-1
588,41,520.33,387.93,294.71,394.47,1,-1,-1,-1
588,38,922.82,396.32,409.49,479.96,1,-1,-1,-1
588,37,1005.42,302.96,274.12,479.06,1,-1,-1,-1
588,35,1190.78,366.36,343.10,466.75,1,-1,-1,-1
587,35,1195.17,367.53,333.82,464.06,1,-1,-1,-1
586,35,1217.14,369.37,428.45,457.96,1,-1,-1,-1
588,20,1257.52,271.16,245.48,473.25,1,-1,-1,-1
588,19,540.17,407.40,441.28,468.70,1,-1,-1,-1
589,48,1493.03,311.13,231.32,400.89,1,-1,-1,-1
589,41,513.27,390.43,296.70,391.02,1,-1,-1,-1
589,38,909.74,396.89,418.32,485.57,1,-1,-1,-1
589,37,1005.53,303.65,279.38,477.29,1,-1,-1,-1
589,35,1175.28,369.22,411.08,462.71,1,-1,-1,-1
589,20,1257.54,276.04,233.35,464.92,1,-1,-1,-1
589,19,532.15,410.58,430.39,464.05,1,-1,-1,-1
589,1,1485.60,404.21,424.19,414.26,1,-1,-1,-1
588,1,1453.67,398.50,465.81,422.84,1,-1,-1,-1
587,1,1405.50,399.65,509.33,419.71,1,-1,-1,-1
590,48,1488.10,313.48,232.26,412.72,1,-1,-1,-1
590,41,506.96,389.67,304.99,395.54,1,-1,-1,-1
590,39,697.99,231.71,307.35,536.18,1,-1,-1,-1
589,39,703.94,239.23,301.86,530.90,1,-1,-1,-1
588,39,721.07,245.20,290.97,514.64,1,-1,-1,-1
590,38,906.71,401.18,398.46,476.37,1,-1,-1,-1
590,37,999.15,302.01,255.42,480.58,1,-1,-1,-1
590,35,1180.10,370.97,385.31,458.52,1,-1,-1,-1
590,20,1257.49,269.96,228.93,465.05,1,-1,-1,-1
590,19,528.13,414.66,430.04,458.75,1,-1,-1,-1
590,1,1482.50,403.14,425.75,415.01,1,-1,-1,-1
591,48,1483.21,314.64,232.54,409.64,1,-1,-1,-1
591,41,494.84,391.51,297.51,395.03,1,-1,-1,-1
591,39,690.99,243.60,309.02,519.01,1,-1,-1,-1
591,38,894.58,398.62,393.92,480.17,1,-1,-1,-1
591,37,990.21,299.37,255.42,483.89,1,-1,-1,-1
591,35,1170.86,373.92,379.98,455.84,1,-1,-1,-1
591,20,1247.50,272.59,234.97,450.41,1,-1,-1,-1
591,19,523.86,403.97,427.84,467.93,1,-1,-1,-1
591,1,1477.10,405.33,389.32,414.52,1,-1,-1,-1
592,48,1475.27,313.75,235.64,402.33,1,-1,-1,-1
592,41,491.37,391.14,302.83,401.05,1,-1,-1,-1
592,39,690.83,242.53,304.75,526.74,1,-1,-1,-1
592,38,884.11,396.15,408.36,481.42,1,-1,-1,-1
592,37,977.65,257.81,260.99,525.32,1,-1,-1,-1
592,35,1157.17,377.82,399.73,452.60,1,-1,-1,-1
592,32,901.45,187.22,340.15,587.87,1,-1,-1,-1
591,32,912.24,184.46,327.76,579.20,1,-1,-1,-1
590,32,911.40,179.38,339.69,587.54,1,-1,-1,-1
592,20,1241.79,269.52,238.79,463.84,1,-1,-1,-1
592,19,511.00,397.72,429.53,472.21,1,-1,-1,-1
592,1,1468.34,411.55,387.30,404.58,1,-1,-1,-1
593,48,1469.91,313.90,236.56,408.74,1,-1,-1,-1
593,41,486.06,389.11,310.00,404.96,1,-1,-1,-1
593,39,685.42,241.04,299.29,523.48,1,-1,-1,-1
593,38,871.13,400.46,418.85,471.39,1,-1,-1,-1
593,37,980.11,235.55,253.23,544.39,1,-1,-1,-1
593,35,1155.92,381.20,396.65,446.93,1,-1,-1,-1
593,32,907.08,189.20,311.30,579.88,1,-1,-1,-1
593,20,1223.70,271.19,257.63,470.21,1,-1,-1,-1
593,19,505.93,403.96,425.00,461.45,1,-1,-1,-1
593,1,1461.41,412.37,438.15,405.47,1,-1,-1,-1
594,48,1464.56,307.39,234.02,436.62,1,-1,-1,-1
594,41,483.76,391.70,289.18,395.85,1,-1,-1,-1
594,39,682.14,232.09,288.79,529.20,1,-1,-1,-1
594,38,863.81,399.30,427.71,474.12,1,-1,-1,-1
594,37,956.00,154.07,363.60,621.67,1,-1,-1,-1
594,35,1151.22,382.81,401.93,443.57,1,-1,-1,-1
594,20,1224.76,257.38,250.07,495.20,1,-1,-1,-1
594,19,502.30,400.10,427.38,464.34,1,-1,-1,-1
594,1,1461.11,412.44,341.25,401.51,1,-1,-1,-1
595,48,1463.37,246.51,252.17,514.77,1,-1,-1,-1
595,41,479.27,389.90,290.00,389.44,1,-1,-1,-1
595,39,686.79,207.46,294.71,549.91,1,-1,-1,-1
595,38,863.83,396.67,415.58,474.93,1,-1,-1,-1
595,37,961.75,150.78,358.60,624.87,1,-1,-1,-1
595,35,1151.24,378.28,395.12,451.37,1,-1,-1,-1
595,20,1221.92,208.89,273.84,548.00,1,-1,-1,-1
595,19,499.11,403.52,423.99,460.50,1,-1,-1,-1
595,1,1455.61,410.20,364.63,404.96,1,-1,-1,-1
596,48,1459.12,211.57,282.29,555.47,1,-1,-1,-1
596,41,479.07,385.90,311.12,409.75,1,-1,-1,-1
596,39,684.39,198.92,320.11,560.74,1,-1,-1,-1
596,38,864.50,397.90,413.57,472.79,1,-1,-1,-1
596,37,965.68,149.25,355.01,626.65,1,-1,-1,-1
596,35,1151.73,371.76,397.57,459.00,1,-1,-1,-1
596,20,1223.57,207.78,295.82,547.53,1,-1,-1,-1
596,19,505.39,404.39,420.29,457.61,1,-1,-1,-1
596,1,1452.65,412.19,362.03,402.79,1,-1,-1,-1
597,48,1457.91,208.36,295.71,561.75,1,-1,-1,-1
597,41,478.35,386.00,310.32,410.24,1,-1,-1,-1
597,39,685.34,200.86,329.00,558.49,1,-1,-1,-1
597,38,864.56,398.65,409.10,472.07,1,-1,-1,-1
597,37,980.56,153.59,339.88,625.84,1,-1,-1,-1
597,35,1152.94,370.31,395.32,460.65,1,-1,-1,-1
597,20,1224.35,207.83,294.82,550.28,1,-1,-1,-1
597,19,510.50,402.76,415.45,462.06,1,-1,-1,-1
597,1,1451.85,415.20,365.12,399.56,1,-1,-1,-1
598,48,1456.66,214.19,299.81,554.56,1,-1,-1,-1
598,41,479.13,386.38,306.84,408.40,1,-1,-1,-1
598,39,687.07,209.80,331.13,548.29,1,-1,-1,-1
598,38,863.62,400.75,411.51,470.31,1,-1,-1,-1
598,37,980.09,151.40,343.51,626.96,1,-1,-1,-1
598,35,1153.43,376.73,399.23,453.56,1,-1,-1,-1
598,20,1222.40,207.36,298.17,551.91,1,-1,-1,-1
598,19,510.94,402.37,414.19,462.68,1,-1,-1,-1
598,1,1451.19,417.41,381.24,398.49,1,-1,-1,-1
599,48,1457.64,216.32,297.10,551.76,1,-1,-1,-1
599,41,482.06,389.57,291.31,390.67,1,-1,-1,-1
599,39,685.46,188.77,333.65,571.26,1,-1,-1,-1
599,38,862.73,401.29,416.88,470.43,1,-1,-1,-1
599,37,981.19,151.66,342.66,625.81,1,-1,-1,-1
599,35,1154.24,381.02,397.28,451.85,1,-1,-1,-1
599,20,1222.54,201.72,303.92,553.85,1,-1,-1,-1
599,19,510.96,403.01,416.76,458.26,1,-1,-1,-1
599,12,679.70,241.69,219.52,496.43,1,-1,-1,-1
598,12,681.06,245.80,224.61,491.94,1,-1,-1,-1
597,12,679.19,244.84,224.78,493.40,1,-1,-1,-1
599,1,1454.66,418.92,411.22,398.92,1,-1,-1,-1
600,48,1459.85,227.11,294.52,540.45,1,-1,-1,-1
600,41,484.26,389.36,290.98,388.54,1,-1,-1,-1
600,39,685.56,187.75,335.13,571.65,1,-1,-1,-1
600,38,863.97,401.81,423.42,470.75,1,-1,-1,-1
600,37,985.56,162.97,336.72,612.14,1,-1,-1,-1
600,35,1153.78,387.22,403.53,444.89,1,-1,-1,-1
600,20,1225.94,203.08,300.30,548.39,1,-1,-1,-1
600,19,508.40,390.23,419.33,471.99,1,-1,-1,-1
600,12,679.17,239.69,217.93,495.14,1,-1,-1,-1
600,1,1454.99,417.81,429.16,400.87,1,-1,-1,-1
601,48,1465.17,234.35,297.74,530.76,1,-1,-1,-1
601,41,487.16,385.23,300.55,400.42,1,-1,-1,-1
601,39,690.20,202.72,333.04,562.70,1,-1,-1,-1
601,38,879.97,398.35,410.04,476.25,1,-1,-1,-1
601,37,989.38,169.13,333.80,606.97,1,-1,-1,-1
601,35,1160.92,387.11,390.86,445.49,1,-1,-1,-1
601,20,1232.00,202.41,297.14,545.95,1,-1,-1,-1
601,19,513.26,391.04,424.78,470.73,1,-1,-1,-1
601,1,1460.44,416.22,418.51,404.62,1,-1,-1,-1
602,48,1469.68,226.53,299.66,543.30,1,-1,-1,-1
602,41,492.22,383.37,309.02,401.35,1,-1,-1,-1
602,39,697.84,206.76,328.02,560.75,1,-1,-1,-1
602,38,884.76,399.30,409.63,466.93,1,-1,-1,-1
602,37,994.03,179.52,330.77,597.02,1,-1,-1,-1
602,35,1164.27,385.55,392.35,444.81,1,-1,-1,-1
602,20,1236.18,199.46,300.53,551.90,1,-1,-1,-1
602,19,520.95,392.60,418.20,471.10,1,-1,-1,-1
602,1,1464.29,414.36,448.16,406.43,1,-1,-1,-1
603,48,1477.68,221.12,296.96,547.76,1,-1,-1,-1
603,41,499.48,385.44,292.20,384.36,1,-1,-1,-1
603,39,700.62,180.76,331.25,583.06,1,-1,-1,-1
603,38,894.27,396.91,403.74,469.19,1,-1,-1,-1
603,37,1000.27,159.07,338.33,615.35,1,-1,-1,-1
603,35,1177.60,382.41,389.82,445.36,1,-1,-1,-1
603,20,1250.95,197.84,292.22,558.19,1,-1,-1,-1
603,19,534.93,403.55,421.52,458.85,1,-1,-1,-1
603,1,1474.10,413.07,416.68,406.91,1,-1,-1,-1
604,48,1483.22,217.81,299.88,552.40,1,-1,-1,-1
604,41,512.49,382.06,301.69,398.27,1,-1,-1,-1
604,39,716.49,207.62,324.34,554.32,1,-1,-1,-1
604,38,903.33,400.13,411.84,467.44,1,-1,-1,-1
604,37,1006.47,154.58,335.68,625.76,1,-1,-1,-1
604,35,1184.59,380.38,388.81,448.88,1,-1,-1,-1
604,20,1257.14,194.11,296.92,562.74,1,-1,-1,-1
604,19,538.53,398.32,420.76,462.69,1,-1,-1,-1
604,1,1480.35,411.54,438.77,409.62,1,-1,-1,-1
605,48,1498.09,218.58,290.74,548.79,1,-1,-1,-1
605,41,536.37,382.36,288.11,386.52,1,-1,-1,-1
605,39,745.15,187.84,305.70,571.99,1,-1,-1,-1
605,38,911.05,391.47,428.76,471.82,1,-1,-1,-1
605,37,1017.60,151.78,339.14,625.55,1,-1,-1,-1
605,35,1185.15,385.60,407.78,448.24,1,-1,-1,-1
605,20,1260.82,200.56,304.98,558.91,1,-1,-1,-1
605,19,546.02,396.21,423.48,461.61,1,-1,-1,-1
605,1,1491.60,414.22,426.77,412.18,1,-1,-1,-1
606,48,1504.60,214.32,289.93,556.47,1,-1,-1,-1
606,41,550.32,380.28,295.35,440.25,1,-1,-1,-1
606,39,775.92,183.43,280.99,580.48,1,-1,-1,-1
606,38,924.35,389.43,421.63,476.93,1,-1,-1,-1
606,37,1028.19,168.51,327.09,603.79,1,-1,-1,-1
606,35,1199.60,379.07,411.57,457.57,1,-1,-1,-1
606,20,1269.03,192.38,304.92,574.67,1,-1,-1,-1
606,19,560.17,377.97,421.33,485.60,1,-1,-1,-1
606,1,1502.74,416.08,417.26,415.35,1,-1,-1,-1
607,48,1513.48,212.58,288.56,564.40,1,-1,-1,-1
607,41,558.79,378.73,274.88,415.52,1,-1,-1,-1
607,39,784.28,190.98,287.32,571.04,1,-1,-1,-1
607,38,925.20,386.15,411.78,481.62,1,-1,-1,-1
607,37,1037.80,174.41,325.35,595.92,1,-1,-1,-1
607,35,1217.41,375.29,402.40,453.92,1,-1,-1,-1
607,20,1281.76,199.37,304.88,565.04,1,-1,-1,-1
607,19,577.98,375.00,415.99,486.27,1,-1,-1,-1
607,1,1509.14,411.24,409.37,417.06,1,-1,-1,-1
608,48,1521.69,223.60,276.44,553.78,1,-1,-1,-1
608,41,569.00,377.48,272.21,409.33,1,-1,-1,-1
608,39,805.26,216.17,278.90,535.78,1,-1,-1,-1
608,38,943.13,390.11,415.36,479.40,1,-1,-1,-1
608,37,1050.65,184.80,314.54,584.82,1,-1,-1,-1
608,35,1229.47,369.82,407.75,459.32,1,-1,-1,-1
608,20,1291.71,194.47,310.68,573.32,1,-1,-1,-1
608,19,581.74,363.07,426.06,494.90,1,-1,-1,-1
608,1,1515.38,413.28,403.85,421.44,1,-1,-1,-1
609,48,1526.39,233.85,274.77,545.19,1,-1,-1,-1
609,41,579.47,381.10,277.61,375.27,1,-1,-1,-1
609,39,774.22,199.78,326.08,558.39,1,-1,-1,-1
609,38,932.83,388.66,442.83,481.95,1,-1,-1,-1
609,37,1065.12,184.47,304.24,590.64,1,-1,-1,-1
609,35,1237.51,372.59,409.62,461.47,1,-1,-1,-1
609,32,736.32,257.74,218.83,479.38,1,-1,-1,-1
608,32,714.95,247.34,230.40,498.71,1,-1,-1,-1
607,32,754.22,239.29,198.29,501.39,1,-1,-1,-1
609,20,1303.40,199.62,310.67,565.39,1,-1,-1,-1
609,19,598.29,360.61,434.76,500.34,1,-1,-1,-1
609,1,1527.75,415.76,392.25,418.40,1,-1,-1,-1
610,48,1528.56,240.47,271.35,534.67,1,-1,-1,-1
610,41,588.26,377.41,315.66,434.43,1,-1,-1,-1
610,39,810.01,188.03,301.06,582.53,1,-1,-1,-1
610,38,957.63,387.43,420.36,482.59,1,-1,-1,-1
610,37,1071.23,170.41,315.11,606.80,1,-1,-1,-1
610,35,1245.57,375.03,429.35,461.20,1,-1,-1,-1
610,32,788.89,266.20,174.59,471.97,1,-1,-1,-1
610,20,1309.94,197.39,312.62,561.23,1,-1,-1,-1
610,19,609.53,366.72,423.42,495.60,1,-1,-1,-1
610,1,1541.11,415.31,378.89,419.85,1,-1,-1,-1
611,48,1544.90,222.94,287.94,558.28,1,-1,-1,-1
611,41,600.30,378.20,294.36,388.93,1,-1,-1,-1
611,39,823.72,218.65,301.98,549.70,1,-1,-1,-1
611,38,968.94,392.94,433.18,476.87,1,-1,-1,-1
611,37,1083.34,173.66,309.53,606.01,1,-1,-1,-1
611,35,1258.66,379.85,417.76,451.95,1,-1,-1,-1
611,32,795.18,270.49,176.14,470.45,1,-1,-1,-1
611,20,1321.45,196.98,311.57,566.12,1,-1,-1,-1
611,19,636.61,369.61,418.71,496.40,1,-1,-1,-1
611,1,1545.17,413.95,374.83,426.63,1,-1,-1,-1
612,48,1550.58,233.59,275.32,547.95,1,-1,-1,-1
612,41,604.47,379.07,300.56,391.24,1,-1,-1,-1
612,39,886.45,222.05,245.88,542.56,1,-1,-1,-1
612,38,1000.18,395.05,452.18,476.11,1,-1,-1,-1
612,37,1091.41,156.47,328.55,623.66,1,-1,-1,-1
612,35,1264.64,369.86,401.51,465.96,1,-1,-1,-1
612,32,785.89,267.80,201.53,476.25,1,-1,-1,-1
612,20,1331.51,194.94,314.99,575.55,1,-1,-1,-1
612,19,641.29,371.45,422.66,492.65,1,-1,-1,-1
612,1,1559.24,413.72,360.76,428.30,1,-1,-1,-1
613,48,1558.30,232.67,270.99,549.69,1,-1,-1,-1
613,41,611.30,377.95,237.36,369.69,1,-1,-1,-1
613,39,880.64,187.01,264.32,582.14,1,-1,-1,-1
613,38,995.22,388.67,477.76,488.34,1,-1,-1,-1
613,37,1105.21,161.22,296.34,613.60,1,-1,-1,-1
613,35,1262.12,377.24,504.78,460.65,1,-1,-1,-1
613,32,776.81,257.71,207.16,484.48,1,-1,-1,-1
613,20,1348.15,195.84,309.99,575.96,1,-1,-1,-1
613,19,619.05,370.28,452.40,495.33,1,-1,-1,-1
613,1,1568.06,412.80,351.91,432.61,1,-1,-1,-1
614,48,1564.41,231.40,289.11,546.42,1,-1,-1,-1
614,41,621.41,378.88,328.58,429.44,1,-1,-1,-1
614,39,851.72,175.64,296.42,585.88,1,-1,-1,-1
614,38,1010.36,383.25,449.07,498.24,1,-1,-1,-1
614,37,1115.64,168.07,292.43,602.60,1,-1,-1,-1
614,35,1286.22,368.97,391.97,471.51,1,-1,-1,-1
614,32,832.59,265.35,175.24,469.59,1,-1,-1,-1
614,20,1354.54,196.10,311.70,575.05,1,-1,-1,-1
614,19,624.37,369.44,447.32,494.78,1,-1,-1,-1
614,1,1567.27,412.99,351.74,428.80,1,-1,-1,-1
615,48,1574.60,231.20,294.06,537.80,1,-1,-1,-1
615,41,627.87,378.20,331.72,386.95,1,-1,-1,-1
615,39,862.10,174.36,304.21,593.84,1,-1,-1,-1
615,38,1001.16,385.99,448.85,493.51,1,-1,-1,-1
615,37,1129.73,170.26,285.65,602.16,1,-1,-1,-1
615,35,1277.66,368.91,376.57,470.38,1,-1,-1,-1
615,32,831.37,264.75,181.77,472.64,1,-1,-1,-1
615,20,1350.94,187.81,325.39,578.30,1,-1,-1,-1
615,19,662.04,361.13,446.31,503.87,1,-1,-1,-1
615,1,1590.68,415.55,327.57,419.33,1,-1,-1,-1
616,48,1580.81,222.12,295.58,536.51,1,-1,-1,-1
616,45,624.86,375.65,218.71,293.27,1,-1,-1,-1
615,45,621.31,379.82,218.49,297.21,1,-1,-1,-1
614,45,617.45,379.09,216.92,318.63,1,-1,-1,-1
616,41,637.52,375.89,321.04,378.61,1,-1,-1,-1
616,39,866.84,180.04,306.59,588.41,1,-1,-1,-1
616,38,1013.78,389.60,406.79,493.25,1,-1,-1,-1
616,37,1135.31,178.72,284.35,581.07,1,-1,-1,-1
616,35,1310.68,367.91,347.40,472.31,1,-1,-1,-1
616,20,1369.53,194.12,312.28,570.74,1,-1,-1,-1
616,19,659.31,360.25,508.08,511.35,1,-1,-1,-1
616,12,773.98,269.64,156.73,415.65,1,-1,-1,-1
615,12,774.03,257.75,148.87,449.57,1,-1,-1,-1
614,12,767.20,260.35,149.88,464.01,1,-1,-1,-1
616,1,1604.23,412.12,313.71,429.10,1,-1,-1,-1
617,45,628.79,377.63,215.36,266.91,1,-1,-1,-1
617,41,647.40,374.47,315.12,380.34,1,-1,-1,-1
617,39,862.47,194.68,328.81,572.86,1,-1,-1,-1
617,38,1036.11,392.53,397.89,494.39,1,-1,-1,-1
617,37,1137.15,223.94,296.44,550.45,1,-1,-1,-1
617,35,1321.65,366.34,366.30,475.95,1,-1,-1,-1
617,20,1362.60,194.90,316.69,575.41,1,-1,-1,-1
617,19,695.12,353.93,487.82,517.32,1,-1,-1,-1
617,12,632.58,376.03,246.48,283.61,1,-1,-1,-1
617,1,1606.33,411.76,311.03,424.50,1,-1,-1,-1
618,45,640.60,375.41,233.60,288.31,1,-1,-1,-1
618,41,654.86,374.14,297.32,379.33,1,-1,-1,-1
618,39,851.47,187.91,345.07,576.14,1,-1,-1,-1
618,38,1043.67,388.51,413.37,498.74,1,-1,-1,-1
618,37,1148.27,253.72,284.44,510.56,1,-1,-1,-1
618,35,1347.49,369.64,345.77,472.18,1,-1,-1,-1
618,19,730.26,356.43,456.51,516.06,1,-1,-1,-1
618,1,1615.16,409.20,302.67,438.47,1,-1,-1,-1
619,45,645.55,372.81,238.40,302.21,1,-1,-1,-1
619,41,669.12,375.72,333.76,384.27,1,-1,-1,-1
619,39,926.76,197.13,275.78,552.47,1,-1,-1,-1
619,38,1062.42,394.97,433.32,489.19,1,-1,-1,-1
619,37,1160.97,268.31,306.99,500.22,1,-1,-1,-1
619,35,1358.57,369.25,370.30,470.17,1,-1,-1,-1
619,32,855.72,189.90,328.77,545.15,1,-1,-1,-1
618,32,828.17,267.19,201.13,454.53,1,-1,-1,-1
617,32,830.26,260.97,199.28,466.85,1,-1,-1,-1
619,19,728.97,355.78,474.91,518.26,1,-1,-1,-1
619,1,1627.91,411.95,289.98,424.25,1,-1,-1,-1
620,48,1619.78,307.27,251.06,444.95,1,-1,-1,-1
619,48,1608.14,306.46,252.52,463.35,1,-1,-1,-1
618,48,1596.94,269.51,263.33,492.66,1,-1,-1,-1
620,47,1382.26,257.82,296.12,488.43,1,-1,-1,-1
619,47,1350.45,238.61,314.10,520.56,1,-1,-1,-1
618,47,1350.14,208.01,316.51,551.93,1,-1,-1,-1
620,45,648.29,375.59,232.79,289.66,1,-1,-1,-1
620,41,676.94,372.54,333.00,382.49,1,-1,-1,-1
620,39,920.27,221.26,299.19,537.86,1,-1,-1,-1
620,38,1080.44,385.70,442.37,499.94,1,-1,-1,-1
620,37,1164.36,269.24,319.06,502.53,1,-1,-1,-1
620,35,1337.50,365.72,401.72,478.28,1,-1,-1,-1
620,19,722.21,358.19,484.36,508.91,1,-1,-1,-1
620,1,1637.51,411.21,282.01,420.94,1,-1,-1,-1
621,48,1611.99,304.36,268.33,432.25,1,-1,-1,-1
621,47,1368.93,256.84,317.16,480.00,1,-1,-1,-1
621,45,652.84,374.88,241.41,304.13,1,-1,-1,-1
621,41,690.17,371.13,312.75,382.33,1,-1,-1,-1
621,39,949.92,265.31,285.69,485.35,1,-1,-1,-1
621,38,1097.40,381.53,486.48,502.47,1,-1,-1,-1
621,37,1151.42,250.00,334.37,510.64,1,-1,-1,-1
621,35,1342.32,362.41,412.36,485.02,1,-1,-1,-1
621,20,1159.31,248.03,332.61,504.55,1,-1,-1,-1
620,20,1158.39,242.50,338.44,523.31,1,-1,-1,-1
619,20,1159.02,153.11,322.09,614.85,1,-1,-1,-1
621,19,711.19,354.85,529.51,523.67,1,-1,-1,-1
621,1,1640.10,406.92,276.57,430.27,1,-1,-1,-1
622,48,1621.13,296.94,261.59,446.53,1,-1,-1,-1
622,47,1405.26,268.43,286.71,480.15,1,-1,-1,-1
622,45,657.41,375.14,235.97,306.64,1,-1,-1,-1
622,41,690.55,367.07,299.08,391.47,1,-1,-1,-1
622,39,968.38,264.21,275.43,499.58,1,-1,-1,-1
622,38,1114.28,391.29,468.80,495.36,1,-1,-1,-1
622,37,1176.88,249.81,320.95,505.03,1,-1,-1,-1
622,35,1357.74,366.06,418.34,477.30,1,-1,-1,-1
622,19,783.74,356.61,479.09,526.35,1,-1,-1,-1
622,1,1659.25,409.37,258.83,419.44,1,-1,-1,-1
623,48,1631.56,285.65,251.34,451.33,1,-1,-1,-1
623,47,1411.94,268.27,294.97,476.33,1,-1,-1,-1
623,45,659.00,376.53,232.68,308.00,1,-1,-1,-1
623,41,695.56,371.63,307.40,390.62,1,-1,-1,-1
623,39,981.41,265.54,267.65,501.01,1,-1,-1,-1
623,38,1132.68,392.51,398.41,496.61,1,-1,-1,-1
623,37,1182.88,248.50,321.40,515.57,1,-1,-1,-1
623,35,1259.04,366.70,527.13,479.22,1,-1,-1,-1
623,32,814.05,264.65,169.69,415.44,1,-1,-1,-1
622,32,805.62,265.84,174.64,420.17,1,-1,-1,-1
621,32,798.47,257.90,180.99,437.55,1,-1,-1,-1
623,19,769.46,356.34,505.41,525.72,1,-1,-1,-1
623,1,1669.42,409.53,248.95,414.87,1,-1,-1,-1
624,48,1634.00,286.04,249.49,454.63,1,-1,-1,-1
624,47,1433.71,265.58,277.26,476.82,1,-1,-1,-1
624,45,657.73,378.33,236.49,305.99,1,-1,-1,-1
624,41,699.92,373.14,338.03,394.32,1,-1,-1,-1
624,39,983.90,265.78,276.63,502.25,1,-1,-1,-1
624,38,1141.71,393.42,391.66,493.00,1,-1,-1,-1
624,37,1185.67,250.17,316.70,517.54,1,-1,-1,-1
624,35,1312.42,364.68,475.72,480.64,1,-1,-1,-1
624,32,810.98,271.12,176.46,401.40,1,-1,-1,-1
624,19,769.67,358.43,529.64,529.85,1,-1,-1,-1
624,1,1675.18,412.94,243.53,406.24,1,-1,-1,-1
625,52,893.12,235.96,228.99,475.95,1,-1,-1,-1
624,52,893.08,273.26,201.59,429.76,1,-1,-1,-1
623,52,897.35,260.15,188.84,443.70,1,-1,-1,-1
625,48,1635.47,273.27,253.46,459.92,1,-1,-1,-1
625,47,1439.31,270.86,277.33,466.51,1,-1,-1,-1
625,45,661.38,375.43,240.29,305.66,1,-1,-1,-1
625,41,709.27,373.29,326.19,394.50,1,-1,-1,-1
625,39,990.07,260.09,276.43,502.59,1,-1,-1,-1
625,38,1181.07,385.32,414.57,505.28,1,-1,-1,-1
625,37,1203.52,239.16,311.32,512.36,1,-1,-1,-1
625,35,1386.08,358.44,376.48,489.16,1,-1,-1,-1
625,32,810.11,263.40,172.71,405.79,1,-1,-1,-1
625,19,729.78,357.48,549.75,533.09,1,-1,-1,-1
625,1,1692.09,411.76,227.27,400.58,1,-1,-1,-1
626,52,905.18,249.96,229.84,487.04,1,-1,-1,-1
626,48,1634.44,268.67,262.74,461.00,1,-1,-1,-1
626,47,1442.00,274.88,285.59,458.01,1,-1,-1,-1
626,45,661.70,372.24,265.98,313.07,1,-1,-1,-1
626,41,714.50,370.03,328.18,395.78,1,-1,-1,-1
626,39,999.20,255.94,319.20,525.33,1,-1,-1,-1
626,38,1200.15,387.46,426.75,509.47,1,-1,-1,-1
626,37,1197.48,256.01,324.80,507.66,1,-1,-1,-1
626,35,1412.15,359.91,371.58,488.23,1,-1,-1,-1
626,32,825.30,265.53,235.95,409.43,1,-1,-1,-1
626,19,736.31,356.55,560.85,535.50,1,-1,-1,-1
626,1,1703.47,410.59,216.38,403.11,1,-1,-1,-1
627,52,914.10,240.21,215.19,490.57,1,-1,-1,-1
627,48,1652.91,272.54,242.92,490.47,1,-1,-1,-1
627,47,1444.38,270.99,292.79,465.47,1,-1,-1,-1
627,45,663.70,370.03,269.16,315.75,1,-1,-1,-1
627,41,726.44,366.06,316.38,402.17,1,-1,-1,-1
627,39,1013.60,249.34,286.53,525.63,1,-1,-1,-1
627,38,1203.30,385.53,477.34,514.28,1,-1,-1,-1
627,37,1233.55,246.68,300.73,525.40,1,-1,-1,-1
627,35,1419.01,362.58,382.38,484.89,1,-1,-1,-1
627,19,763.28,358.86,548.98,533.91,1,-1,-1,-1
627,1,1714.51,410.42,205.46,397.34,1,-1,-1,-1
628,52,914.86,215.44,228.55,505.09,1,-1,-1,-1
628,48,1651.95,267.34,256.65,476.67,1,-1,-1,-1
628,47,1445.34,251.32,293.59,478.69,1,-1,-1,-1
628,45,666.14,372.21,264.50,316.32,1,-1,-1,-1
628,41,730.54,366.67,328.22,399.51,1,-1,-1,-1
628,39,1029.72,243.85,279.61,530.27,1,-1,-1,-1
628,38,1213.30,385.53,473.61,515.59,1,-1,-1,-1
628,37,1231.14,196.16,304.28,569.87,1,-1,-1,-1
628,35,1441.65,360.87,384.11,486.76,1,-1,-1,-1
628,19,757.57,358.07,601.15,540.02,1,-1,-1,-1
628,1,1720.96,411.37,198.92,394.88,1,-1,-1,-1
629,52,933.50,222.29,198.35,472.87,1,-1,-1,-1
629,48,1656.29,314.41,251.32,421.36,1,-1,-1,-1
629,47,1481.67,233.99,279.84,483.68,1,-1,-1,-1
629,45,676.30,372.19,287.76,321.85,1,-1,-1,-1
629,41,741.56,374.46,324.81,393.83,1,-1,-1,-1
629,39,1036.14,238.04,281.84,533.90,1,-1,-1,-1
629,38,1244.24,385.52,482.56,519.98,1,-1,-1,-1
629,37,1263.34,167.04,285.16,589.15,1,-1,-1,-1
629,35,1450.57,366.70,463.81,487.00,1,-1,-1,-1
629,19,781.35,357.86,556.27,541.67,1,-1,-1,-1
629,1,1722.03,418.93,197.97,391.37,1,-1,-1,-1
630,52,930.85,198.18,202.16,502.95,1,-1,-1,-1
630,48,1652.97,272.35,264.97,478.03,1,-1,-1,-1
630,47,1489.66,222.22,282.16,496.84,1,-1,-1,-1
630,45,671.09,383.05,275.70,308.66,1,-1,-1,-1
630,41,733.67,374.94,350.30,395.82,1,-1,-1,-1
630,39,1054.02,193.95,267.04,584.80,1,-1,-1,-1
630,38,1257.45,386.41,450.06,522.60,1,-1,-1,-1
630,37,1269.17,190.86,303.94,571.63,1,-1,-1,-1
630,35,1443.16,368.20,474.61,489.89,1,-1,-1,-1
630,19,781.16,356.59,572.29,549.30,1,-1,-1,-1
630,1,1713.00,417.74,206.99,410.07,1,-1,-1,-1
631,52,923.90,202.93,223.80,518.37,1,-1,-1,-1
631,51,1500.52,224.34,303.57,546.49,1,-1,-1,-1
630,51,1480.20,225.21,291.19,523.84,1,-1,-1,-1
629,51,1463.70,211.95,301.59,522.59,1,-1,-1,-1
631,48,1665.38,320.28,249.99,427.10,1,-1,-1,-1
631,45,669.54,383.43,279.18,307.59,1,-1,-1,-1
631,41,747.63,372.92,375.33,402.88,1,-1,-1,-1
631,39,1058.25,166.24,284.80,614.41,1,-1,-1,-1
631,38,1266.88,388.23,502.64,522.86,1,-1,-1,-1
631,37,1292.58,184.00,329.44,588.07,1,-1,-1,-1
631,35,1456.35,365.86,462.22,496.18,1,-1,-1,-1
631,19,785.68,366.86,591.62,544.39,1,-1,-1,-1
631,1,1716.40,420.78,203.54,395.42,1,-1,-1,-1
632,52,919.39,206.87,229.30,504.75,1,-1,-1,-1
632,51,1495.30,208.55,336.40,571.57,1,-1,-1,-1
632,48,1655.39,323.54,261.19,441.25,1,-1,-1,-1
632,45,681.05,373.81,299.53,318.75,1,-1,-1,-1
632,41,741.07,376.91,374.65,402.10,1,-1,-1,-1
632,39,1049.87,172.65,305.44,596.85,1,-1,-1,-1
632,38,1271.64,389.68,501.24,521.42,1,-1,-1,-1
632,37,1298.34,205.60,335.21,566.73,1,-1,-1,-1
632,35,1468.54,371.18,449.59,490.07,1,-1,-1,-1
632,19,784.55,368.77,596.07,544.83,1,-1,-1,-1
632,1,1715.54,421.33,204.40,396.51,1,-1,-1,-1
633,52,908.91,210.30,236.95,499.88,1,-1,-1,-1
633,51,1489.71,210.88,340.30,575.72,1,-1,-1,-1
633,48,1656.58,322.81,250.62,455.99,1,-1,-1,-1
633,45,678.78,374.78,295.79,319.10,1,-1,-1,-1
633,41,732.30,378.82,388.01,401.95,1,-1,-1,-1
633,39,1032.21,175.80,345.29,597.21,1,-1,-1,-1
633,38,1279.02,397.11,517.56,516.14,1,-1,-1,-1
633,37,1297.96,204.88,331.44,578.93,1,-1,-1,-1
633,35,1462.52,375.09,453.62,481.67,1,-1,-1,-1
633,19,782.14,368.32,596.34,544.28,1,-1,-1,-1
633,1,1710.60,425.73,209.40,383.20,1,-1,-1,-1
634,52,904.81,208.53,237.52,496.67,1,-1,-1,-1
634,51,1493.59,213.93,335.28,573.52,1,-1,-1,-1
634,48,1645.92,304.96,267.04,473.76,1,-1,-1,-1
634,45,760.40,271.28,186.22,405.47,1,-1,-1,-1
634,41,725.50,378.97,394.15,404.28,1,-1,-1,-1
634,39,1033.93,170.67,342.74,603.04,1,-1,-1,-1
634,38,1277.81,395.62,511.52,516.85,1,-1,-1,-1
634,37,1297.27,204.27,332.62,577.28,1,-1,-1,-1
634,35,1464.22,375.22,450.86,481.19,1,-1,-1,-1
634,32,817.23,225.01,211.09,475.75,1,-1,-1,-1
633,32,778.05,251.72,213.64,435.27,1,-1,-1,-1
632,32,835.93,231.43,185.99,464.79,1,-1,-1,-1
634,19,780.68,367.56,604.35,545.11,1,-1,-1,-1
634,1,1711.69,421.88,207.80,393.40,1,-1,-1,-1
635,52,898.91,209.32,252.21,509.99,1,-1,-1,-1
635,51,1480.70,205.00,341.74,561.70,1,-1,-1,-1
635,48,1635.43,313.42,260.07,454.60,1,-1,-1,-1
635,45,748.07,269.93,188.14,392.47,1,-1,-1,-1
635,41,714.95,376.28,403.41,415.56,1,-1,-1,-1
635,39,1031.14,177.08,340.40,600.17,1,-1,-1,-1
635,38,1274.96,396.23,491.03,514.79,1,-1,-1,-1
635,37,1295.23,223.14,334.65,549.90,1,-1,-1,-1
635,35,1462.30,376.96,452.58,475.58,1,-1,-1,-1
635,32,801.59,225.27,224.35,473.89,1,-1,-1,-1
635,19,774.65,367.74,618.08,547.77,1,-1,-1,-1
635,1,1706.45,427.01,213.19,384.81,1,-1,-1,-1
636,53,635.61,386.47,252.95,285.99,1,-1,-1,-1
635,53,641.69,386.25,233.22,286.65,1,-1,-1,-1
634,53,656.02,386.39,220.39,289.81,1,-1,-1,-1
636,52,892.23,214.99,259.28,507.49,1,-1,-1,-1
636,51,1472.34,205.86,339.75,562.87,1,-1,-1,-1
636,48,1631.93,319.01,259.69,445.90,1,-1,-1,-1
636,45,739.81,260.64,186.36,405.97,1,-1,-1,-1
636,41,707.64,380.11,405.30,408.45,1,-1,-1,-1
636,39,1027.59,176.77,340.32,592.73,1,-1,-1,-1
636,38,1275.69,395.18,468.46,515.69,1,-1,-1,-1
636,37,1298.27,216.99,322.46,549.33,1,-1,-1,-1
636,35,1444.11,378.60,468.62,472.60,1,-1,-1,-1
636,32,798.86,223.87,233.52,487.50,1,-1,-1,-1
636,19,776.33,366.63,610.97,549.91,1,-1,-1,-1
636,1,1701.06,425.91,218.94,405.83,1,-1,-1,-1
637,52,877.00,209.93,268.71,525.76,1,-1,-1,-1
637,51,1457.52,209.43,333.79,565.19,1,-1,-1,-1
637,48,1611.33,316.18,264.24,442.18,1,-1,-1,-1
637,45,725.72,276.28,180.93,402.83,1,-1,-1,-1
637,41,715.52,379.89,388.89,406.25,1,-1,-1,-1
637,39,1021.30,176.80,346.52,589.80,1,-1,-1,-1
637,38,1271.42,394.05,496.87,516.53,1,-1,-1,-1
637,37,1288.45,210.53,319.88,563.47,1,-1,-1,-1
637,35,1440.58,380.49,464.57,467.15,1,-1,-1,-1
637,32,794.52,234.20,218.24,485.58,1,-1,-1,-1
637,19,774.42,367.23,611.48,546.52,1,-1,-1,-1
637,1,1679.20,428.00,240.15,402.98,1,-1,-1,-1
638,52,876.59,205.16,274.13,531.28,1,-1,-1,-1
638,51,1458.22,209.30,343.72,565.34,1,-1,-1,-1
638,48,1591.76,310.08,283.72,435.71,1,-1,-1,-1
638,45,717.25,267.25,181.44,410.63,1,-1,-1,-1
638,41,751.73,375.99,334.87,408.65,1,-1,-1,-1
638,39,1009.93,173.11,361.11,595.38,1,-1,-1,-1
638,38,1271.17,394.66,511.21,513.16,1,-1,-1,-1
638,37,1283.18,219.38,320.24,557.01,1,-1,-1,-1
638,35,1450.06,382.26,464.20,464.01,1,-1,-1,-1
638,32,779.21,234.01,224.22,482.36,1,-1,-1,-1
638,19,775.15,363.35,609.38,549.54,1,-1,-1,-1
638,1,1670.29,427.87,248.83,395.22,1,-1,-1,-1
639,52,869.96,184.21,276.90,555.63,1,-1,-1,-1
639,51,1442.47,232.28,329.62,528.70,1,-1,-1,-1
639,48,1570.68,317.68,272.55,424.48,1,-1,-1,-1
639,45,705.63,269.08,184.09,406.25,1,-1,-1,-1
639,41,735.73,369.95,352.01,414.20,1,-1,-1,-1
639,39,1001.89,169.80,412.11,599.19,1,-1,-1,-1
639,38,1266.97,392.06,464.43,506.51,1,-1,-1,-1
639,37,1272.87,230.99,317.12,541.13,1,-1,-1,-1
639,35,1442.86,378.64,379.44,451.93,1,-1,-1,-1
639,32,776.14,233.93,212.28,479.88,1,-1,-1,-1
639,19,772.21,360.95,609.38,554.19,1,-1,-1,-1
639,12,674.33,371.96,251.45,333.39,1,-1,-1,-1
638,12,656.76,376.03,270.61,331.04,1,-1,-1,-1
637,12,638.02,384.19,276.94,312.35,1,-1,-1,-1
639,1,1671.63,428.17,247.34,395.63,1,-1,-1,-1
640,53,606.26,379.00,213.55,289.84,1,-1,-1,-1
639,53,620.19,380.81,201.73,286.18,1,-1,-1,-1
638,53,632.02,386.62,230.89,288.08,1,-1,-1,-1
640,52,861.36,182.96,258.33,549.72,1,-1,-1,-1
640,51,1417.69,220.65,337.25,539.69,1,-1,-1,-1
640,48,1566.62,299.74,257.92,441.98,1,-1,-1,-1
640,45,696.96,276.12,179.17,388.88,1,-1,-1,-1
640,41,741.44,366.01,319.25,431.53,1,-1,-1,-1
640,39,999.95,166.68,419.41,599.08,1,-1,-1,-1
640,38,1258.93,388.30,483.72,503.57,1,-1,-1,-1
640,37,1268.78,224.70,318.14,547.39,1,-1,-1,-1
640,35,1435.43,373.64,380.00,447.29,1,-1,-1,-1
640,32,763.33,208.59,208.52,496.22,1,-1,-1,-1
640,19,791.11,360.47,603.34,552.51,1,-1,-1,-1
640,12,658.32,365.93,288.76,340.58,1,-1,-1,-1
640,1,1650.30,425.41,269.64,386.67,1,-1,-1,-1
641,53,569.38,379.54,228.74,282.28,1,-1,-1,-1
641,52,854.15,177.99,246.36,543.85,1,-1,-1,-1
641,51,1416.92,237.36,335.66,479.69,1,-1,-1,-1
641,50,1413.35,379.85,477.60,447.21,1,-1,-1,-1
640,50,1443.02,380.53,466.80,448.61,1,-1,-1,-1
639,50,1451.19,381.62,461.09,455.59,1,-1,-1,-1
641,48,1547.11,276.95,260.67,458.47,1,-1,-1,-1
641,45,680.32,283.60,184.53,381.89,1,-1,-1,-1
641,41,681.20,364.65,391.79,426.74,1,-1,-1,-1
641,39,984.75,164.86,427.59,599.01,1,-1,-1,-1
641,38,1247.94,391.59,443.20,503.22,1,-1,-1,-1
641,37,1259.73,228.46,318.60,535.79,1,-1,-1,-1
641,35,1407.63,376.61,375.16,447.82,1,-1,-1,-1
641,32,745.58,212.78,227.22,490.87,1,-1,-1,-1
641,19,764.38,357.10,632.64,554.44,1,-1,-1,-1
641,12,637.39,369.38,304.69,336.95,1,-1,-1,-1
641,1,1635.07,423.82,284.05,385.13,1,-1,-1,-1
642,53,558.15,375.36,214.04,283.38,1,-1,-1,-1
642,52,849.76,184.53,249.88,541.35,1,-1,-1,-1
642,51,1407.33,241.95,333.41,468.40,1,-1,-1,-1
642,50,1412.71,379.91,469.67,444.49,1,-1,-1,-1
642,48,1550.82,308.99,250.28,409.24,1,-1,-1,-1
642,45,670.65,283.60,180.38,373.61,1,-1,-1,-1
642,41,686.07,363.76,361.26,426.61,1,-1,-1,-1
642,39,975.90,163.37,407.72,601.75,1,-1,-1,-1
642,38,1246.83,392.41,434.79,499.00,1,-1,-1,-1
642,37,1247.25,234.13,316.14,526.65,1,-1,-1,-1
642,32,738.34,213.69,231.37,492.10,1,-1,-1,-1
642,19,836.77,355.73,538.64,556.03,1,-1,-1,-1
642,12,606.55,366.49,336.33,340.48,1,-1,-1,-1
642,1,1620.84,425.00,298.83,373.92,1,-1,-1,-1
643,53,531.43,371.67,242.57,291.06,1,-1,-1,-1
643,52,827.89,181.97,253.94,553.78,1,-1,-1,-1
643,51,1401.58,237.62,325.86,482.19,1,-1,-1,-1
643,50,1392.01,380.27,491.15,438.33,1,-1,-1,-1
643,48,1514.50,295.33,270.43,437.30,1,-1,-1,-1
643,45,652.24,275.37,182.21,378.62,1,-1,-1,-1
643,41,671.56,364.14,394.91,428.60,1,-1,-1,-1
643,39,974.41,167.54,416.69,606.32,1,-1,-1,-1
643,38,1234.06,393.45,438.51,497.37,1,-1,-1,-1
643,37,1231.69,241.02,321.73,526.80,1,-1,-1,-1
643,32,733.40,210.55,231.93,487.99,1,-1,-1,-1
643,19,836.48,359.17,578.40,551.41,1,-1,-1,-1
643,12,584.59,373.04,309.98,329.87,1,-1,-1,-1
643,1,1601.01,420.44,316.16,377.38,1,-1,-1,-1
644,55,669.68,359.83,415.57,439.00,1,-1,-1,-1
643,55,666.45,358.43,420.50,436.98,1,-1,-1,-1
642,55,676.17,357.99,395.80,436.51,1,-1,-1,-1
644,53,519.35,374.86,251.34,292.20,1,-1,-1,-1
644,52,822.18,168.34,253.29,566.41,1,-1,-1,-1
644,50,1329.59,382.48,539.80,429.71,1,-1,-1,-1
644,48,1410.51,250.58,382.02,507.38,1,-1,-1,-1
644,45,635.27,281.91,185.24,376.15,1,-1,-1,-1
644,41,672.83,365.70,394.83,428.96,1,-1,-1,-1
644,39,963.83,169.74,392.28,603.42,1,-1,-1,-1
644,38,1232.02,390.73,416.26,498.32,1,-1,-1,-1
644,37,1230.58,246.67,304.95,526.94,1,-1,-1,-1
644,32,713.12,203.30,226.08,485.82,1,-1,-1,-1
644,19,836.69,358.70,588.40,551.28,1,-1,-1,-1
644,12,555.90,369.49,343.27,334.78,1,-1,-1,-1
644,1,1582.23,419.57,336.15,370.93,1,-1,-1,-1
645,55,678.56,357.87,383.64,433.55,1,-1,-1,-1
645,53,506.98,376.77,226.45,282.44,1,-1,-1,-1
645,52,807.67,172.69,252.82,543.64,1,-1,-1,-1
645,50,1332.86,385.28,493.16,420.87,1,-1,-1,-1
645,48,1461.56,279.99,253.50,451.87,1,-1,-1,-1
645,45,618.39,270.27,194.23,409.26,1,-1,-1,-1
645,41,676.54,360.21,374.67,426.82,1,-1,-1,-1
645,39,963.20,158.92,382.66,609.40,1,-1,-1,-1
645,38,1235.72,389.03,366.20,493.04,1,-1,-1,-1
645,37,1224.91,244.22,306.65,541.93,1,-1,-1,-1
645,32,697.11,206.26,230.76,493.77,1,-1,-1,-1
645,19,834.25,360.22,611.72,547.04,1,-1,-1,-1
645,12,552.79,365.69,320.70,337.54,1,-1,-1,-1
645,1,1568.43,423.12,351.57,360.03,1,-1,-1,-1
646,55,679.17,365.74,354.75,425.81,1,-1,-1,-1
646,53,497.36,373.64,232.05,286.24,1,-1,-1,-1
646,52,807.96,177.52,243.24,542.37,1,-1,-1,-1
646,50,1326.17,383.21,482.81,409.36,1,-1,-1,-1
646,48,1471.99,259.55,228.07,452.25,1,-1,-1,-1
646,45,616.87,245.58,191.13,403.65,1,-1,-1,-1
646,41,683.25,364.16,366.14,426.35,1,-1,-1,-1
646,39,943.36,155.74,406.73,598.84,1,-1,-1,-1
646,38,1218.96,390.11,405.55,486.10,1,-1,-1,-1
646,37,1217.65,253.51,293.16,510.17,1,-1,-1,-1
646,32,685.33,199.35,243.76,496.70,1,-1,-1,-1
646,19,824.24,355.68,528.82,551.57,1,-1,-1,-1
646,12,503.82,366.21,353.29,336.35,1,-1,-1,-1
646,1,1581.02,420.31,335.61,360.72,1,-1,-1,-1
647,55,643.34,363.17,402.38,434.96,1,-1,-1,-1
647,53,474.79,372.45,236.70,292.72,1,-1,-1,-1
647,52,795.49,181.05,245.72,551.47,1,-1,-1,-1
647,50,1343.22,380.40,415.34,414.18,1,-1,-1,-1
647,45,598.27,255.43,192.10,408.67,1,-1,-1,-1
647,39,950.40,165.89,359.22,586.91,1,-1,-1,-1
647,38,1216.15,388.24,408.68,481.48,1,-1,-1,-1
647,37,1202.30,237.03,305.34,530.15,1,-1,-1,-1
647,32,681.76,205.97,244.76,484.40,1,-1,-1,-1
647,19,803.05,357.94,626.61,550.27,1,-1,-1,-1
647,12,544.93,366.05,305.04,339.14,1,-1,-1,-1
647,1,1549.70,422.48,322.06,347.16,1,-1,-1,-1
648,55,613.39,357.22,419.91,453.78,1,-1,-1,-1
648,53,467.53,370.98,239.00,298.48,1,-1,-1,-1
648,52,782.03,174.59,254.72,559.34,1,-1,-1,-1
648,51,1364.93,249.47,272.23,485.04,1,-1,-1,-1
647,51,1359.37,241.25,307.68,479.74,1,-1,-1,-1
646,51,1362.46,244.04,308.95,480.74,1,-1,-1,-1
648,50,1334.14,375.14,334.95,432.97,1,-1,-1,-1
648,45,584.31,268.05,194.55,392.80,1,-1,-1,-1
648,39,933.15,164.33,364.79,585.83,1,-1,-1,-1
648,38,1208.85,385.28,426.06,481.60,1,-1,-1,-1
648,37,1189.01,253.77,306.60,516.75,1,-1,-1,-1
648,32,667.93,196.80,248.92,491.17,1,-1,-1,-1
648,19,796.30,367.52,598.92,537.89,1,-1,-1,-1
648,12,517.75,361.81,343.87,345.53,1,-1,-1,-1
649,55,583.27,354.70,437.75,444.86,1,-1,-1,-1
649,53,428.27,370.77,260.18,293.76,1,-1,-1,-1
649,52,767.12,171.26,262.87,559.83,1,-1,-1,-1
649,50,1354.46,378.25,295.23,415.86,1,-1,-1,-1
649,45,573.78,252.28,186.21,398.50,1,-1,-1,-1
649,39,924.31,165.59,367.09,599.07,1,-1,-1,-1
649,38,1211.18,384.51,391.21,479.27,1,-1,-1,-1
649,32,652.41,209.16,233.40,470.06,1,-1,-1,-1
649,19,790.17,363.65,555.61,540.24,1,-1,-1,-1
649,12,546.54,358.41,283.46,349.20,1,-1,-1,-1
650,55,576.54,349.81,445.24,453.36,1,-1,-1,-1
650,53,418.36,370.22,270.24,296.07,1,-1,-1,-1
650,52,765.46,169.73,251.67,549.06,1,-1,-1,-1
650,45,564.80,247.91,191.17,398.14,1,-1,-1,-1
650,39,910.51,169.39,367.02,579.57,1,-1,-1,-1
650,38,1178.98,382.83,402.44,476.78,1,-1,-1,-1
650,32,635.33,201.64,251.36,483.93,1,-1,-1,-1
650,20,1136.49,244.37,330.75,510.74,1,-1,-1,-1
649,20,1152.39,249.59,329.87,521.87,1,-1,-1,-1
648,20,1190.42,253.35,300.83,513.82,1,-1,-1,-1
650,19,799.84,361.88,616.83,538.97,1,-1,-1,-1
650,12,518.19,355.53,316.40,353.77,1,-1,-1,-1
651,55,555.99,351.58,455.00,452.51,1,-1,-1,-1
651,53,416.23,364.83,261.12,299.30,1,-1,-1,-1
651,52,753.80,170.59,244.22,547.82,1,-1,-1,-1
651,45,543.74,240.16,187.79,407.18,1,-1,-1,-1
651,39,905.35,166.86,364.38,583.85,1,-1,-1,-1
651,38,1184.98,381.18,413.52,472.21,1,-1,-1,-1
651,32,624.91,199.27,259.53,488.14,1,-1,-1,-1
651,20,1143.62,250.44,313.06,509.07,1,-1,-1,-1
651,19,810.72,363.09,503.34,531.50,1,-1,-1,-1
651,12,517.81,350.53,314.36,361.15,1,-1,-1,-1
651,1,1498.08,421.82,298.28,334.38,1,-1,-1,-1
650,1,1518.21,419.90,293.75,342.18,1,-1,-1,-1
649,1,1524.22,422.74,278.55,341.00,1,-1,-1,-1
652,55,550.03,351.04,442.18,453.17,1,-1,-1,-1
652,53,389.54,364.94,270.90,267.40,1,-1,-1,-1
652,52,743.14,168.91,247.16,556.11,1,-1,-1,-1
652,45,520.44,252.93,200.80,403.68,1,-1,-1,-1
652,39,904.77,159.74,355.43,601.73,1,-1,-1,-1
652,38,1155.22,381.45,369.05,475.28,1,-1,-1,-1
652,32,615.91,193.24,245.92,489.20,1,-1,-1,-1
652,20,1118.49,247.85,322.98,503.48,1,-1,-1,-1
652,19,782.39,359.22,538.11,532.59,1,-1,-1,-1
652,12,455.94,354.18,365.17,353.99,1,-1,-1,-1
652,1,1474.67,420.20,268.38,336.82,1,-1,-1,-1
653,55,539.39,349.63,454.25,451.18,1,-1,-1,-1
653,53,375.11,363.13,285.64,301.45,1,-1,-1,-1
653,52,738.73,161.85,241.32,570.61,1,-1,-1,-1
653,45,519.35,248.89,195.62,402.40,1,-1,-1,-1
653,39,927.85,160.12,318.90,591.42,1,-1,-1,-1
653,38,1122.16,379.01,375.42,461.37,1,-1,-1,-1
653,32,596.83,185.59,250.77,495.41,1,-1,-1,-1
653,20,1114.23,255.05,321.93,481.83,1,-1,-1,-1
653,19,775.56,363.37,677.51,528.04,1,-1,-1,-1
653,12,481.84,352.29,330.08,355.59,1,-1,-1,-1
653,1,1454.71,419.65,246.78,328.72,1,-1,-1,-1
654,55,525.75,347.76,463.96,454.46,1,-1,-1,-1
654,53,366.23,362.59,309.03,307.96,1,-1,-1,-1
654,52,741.92,155.63,232.22,579.43,1,-1,-1,-1
654,45,513.20,248.01,197.71,405.85,1,-1,-1,-1
654,39,933.02,165.03,309.93,594.82,1,-1,-1,-1
654,38,1147.88,377.60,394.53,472.11,1,-1,-1,-1
654,32,589.12,180.55,239.63,507.64,1,-1,-1,-1
654,20,1122.73,257.34,297.84,500.67,1,-1,-1,-1
654,19,765.30,355.91,572.15,529.69,1,-1,-1,-1
654,12,496.27,347.21,308.92,365.96,1,-1,-1,-1
654,1,1435.66,421.64,235.96,317.13,1,-1,-1,-1
655,55,515.13,344.84,463.12,457.02,1,-1,-1,-1
655,52,746.23,165.30,214.36,543.33,1,-1,-1,-1
655,48,1372.23,256.19,206.12,422.07,1,-1,-1,-1
654,48,1366.74,253.06,172.82,441.23,1,-1,-1,-1
653,48,1366.23,255.86,183.59,426.12,1,-1,-1,-1
655,45,511.31,241.78,188.27,401.80,1,-1,-1,-1
655,39,933.27,167.50,294.45,579.89,1,-1,-1,-1
655,38,1137.46,375.05,380.57,467.00,1,-1,-1,-1
655,35,1222.53,366.59,346.54,403.12,1,-1,-1,-1
654,35,1303.64,388.40,367.67,369.49,1,-1,-1,-1
653,35,1315.52,385.91,368.70,379.54,1,-1,-1,-1
655,32,573.98,188.32,251.70,485.45,1,-1,-1,-1
655,20,1120.59,257.60,293.78,481.03,1,-1,-1,-1
655,19,767.39,353.82,584.40,527.82,1,-1,-1,-1
655,12,362.07,356.56,403.36,326.70,1,-1,-1,-1
655,1,1422.77,417.09,259.73,328.33,1,-1,-1,-1
656,55,509.42,342.55,456.03,455.67,1,-1,-1,-1
656,52,741.62,156.36,210.12,551.86,1,-1,-1,-1
656,45,511.30,240.98,173.09,400.47,1,-1,-1,-1
656,39,930.58,165.39,292.20,584.45,1,-1,-1,-1
656,38,1136.16,373.88,371.70,465.23,1,-1,-1,-1
656,32,572.74,185.33,246.76,490.17,1,-1,-1,-1
656,20,1121.82,252.54,282.13,485.70,1,-1,-1,-1
656,12,348.11,350.88,414.12,330.95,1,-1,-1,-1
656,1,1402.15,415.16,263.57,326.36,1,-1,-1,-1
657,55,503.97,339.70,469.17,457.94,1,-1,-1,-1
657,52,720.42,164.62,228.84,555.92,1,-1,-1,-1
657,45,504.72,247.14,175.36,401.90,1,-1,-1,-1
657,39,917.75,164.60,302.93,590.19,1,-1,-1,-1
657,38,1143.74,371.03,360.09,461.85,1,-1,-1,-1
657,32,567.96,187.91,249.22,495.09,1,-1,-1,-1
657,12,354.26,344.77,414.23,348.53,1,-1,-1,-1
658,55,498.19,338.65,465.44,457.21,1,-1,-1,-1
658,53,316.81,358.35,288.79,307.21,1,-1,-1,-1
657,53,319.26,361.66,291.97,298.33,1,-1,-1,-1
656,53,331.89,361.86,291.29,289.14,1,-1,-1,-1
658,52,707.01,149.00,241.37,576.23,1,-1,-1,-1
658,45,500.68,249.60,178.10,395.13,1,-1,-1,-1
658,39,897.87,167.36,319.85,585.14,1,-1,-1,-1
658,38,1135.52,370.61,371.61,457.02,1,-1,-1,-1
658,32,566.34,185.42,242.21,498.23,1,-1,-1,-1
659,56,415.02,340.38,358.55,366.74,1,-1,-1,-1
658,56,427.85,343.75,345.04,363.90,1,-1,-1,-1
657,56,362.30,344.84,415.55,362.82,1,-1,-1,-1
659,55,498.70,337.00,453.36,455.52,1,-1,-1,-1
659,53,316.16,356.37,284.68,311.67,1,-1,-1,-1
659,52,688.90,163.08,257.18,551.72,1,-1,-1,-1
659,45,492.79,231.49,179.86,408.29,1,-1,-1,-1
659,39,894.07,167.90,315.50,576.39,1,-1,-1,-1
659,38,1144.30,369.37,365.75,454.38,1,-1,-1,-1
659,35,1296.11,278.63,326.98,449.30,1,-1,-1,-1
658,35,1299.51,308.06,336.23,428.12,1,-1,-1,-1
657,35,1275.97,389.39,387.72,358.08,1,-1,-1,-1
659,32,567.41,185.76,237.42,486.15,1,-1,-1,-1
660,56,436.08,336.36,335.68,370.02,1,-1,-1,-1
660,55,498.96,334.86,457.22,457.00,1,-1,-1,-1
660,53,311.43,353.06,275.11,315.19,1,-1,-1,-1
660,52,677.20,163.31,266.90,541.43,1,-1,-1,-1
660,45,475.52,224.42,193.62,416.62,1,-1,-1,-1
660,39,865.02,169.20,336.08,568.79,1,-1,-1,-1
660,38,1143.19,365.12,352.57,455.14,1,-1,-1,-1
660,32,566.31,187.11,241.61,484.74,1,-1,-1,-1
660,20,1115.65,250.83,261.99,474.55,1,-1,-1,-1
659,20,1112.28,243.18,273.80,489.96,1,-1,-1,-1
658,20,1114.22,234.51,269.95,512.45,1,-1,-1,-1
661,56,447.28,334.89,323.53,373.07,1,-1,-1,-1
661,55,499.37,330.75,454.66,460.09,1,-1,-1,-1
661,53,308.77,346.21,277.44,323.16,1,-1,-1,-1
661,52,671.35,162.91,272.32,533.87,1,-1,-1,-1
661,45,450.99,227.46,214.00,413.43,1,-1,-1,-1
661,39,861.42,168.07,334.26,555.16,1,-1,-1,-1
661,38,1140.80,362.21,354.76,453.61,1,-1,-1,-1
661,32,548.40,183.67,261.77,493.60,1,-1,-1,-1
661,20,1108.92,253.74,272.93,463.75,1,-1,-1,-1
662,56,441.65,331.78,328.60,375.42,1,-1,-1,-1
662,55,505.46,329.84,468.38,461.90,1,-1,-1,-1
662,53,304.39,345.03,284.82,322.36,1,-1,-1,-1
662,52,674.52,152.79,270.41,548.30,1,-1,-1,-1
662,51,1253.19,249.94,216.97,432.38,1,-1,-1,-1
661,51,1241.38,243.25,250.54,447.63,1,-1,-1,-1
660,51,1241.77,239.52,250.46,468.11,1,-1,-1,-1
662,45,441.31,227.30,216.17,414.52,1,-1,-1,-1
662,39,863.57,182.57,328.91,547.99,1,-1,-1,-1
662,38,1130.59,359.97,349.96,454.74,1,-1,-1,-1
662,32,541.46,174.23,263.95,502.77,1,-1,-1,-1
662,20,1112.15,247.69,269.57,478.03,1,-1,-1,-1
662,19,768.89,333.59,476.73,525.79,1,-1,-1,-1
661,19,783.06,331.01,456.66,530.32,1,-1,-1,-1
660,19,748.38,334.81,536.33,531.09,1,-1,-1,-1
663,56,436.32,329.31,336.67,379.42,1,-1,-1,-1
663,55,523.16,326.71,449.68,461.01,1,-1,-1,-1
663,53,301.98,344.77,287.76,323.60,1,-1,-1,-1
663,52,678.66,155.58,264.33,541.43,1,-1,-1,-1
663,45,426.27,224.53,222.18,418.25,1,-1,-1,-1
663,39,857.93,164.28,326.11,571.53,1,-1,-1,-1
663,38,1130.21,357.98,372.41,420.46,1,-1,-1,-1
663,32,536.86,166.29,273.05,506.97,1,-1,-1,-1
663,20,1110.71,254.43,246.21,460.12,1,-1,-1,-1
663,19,757.87,336.56,682.22,518.04,1,-1,-1,-1
664,56,422.89,329.40,355.50,377.56,1,-1,-1,-1
664,55,516.12,325.80,456.40,460.89,1,-1,-1,-1
664,53,301.30,344.57,292.01,324.18,1,-1,-1,-1
664,52,676.13,140.87,269.70,565.10,1,-1,-1,-1
664,45,420.20,214.74,226.52,429.12,1,-1,-1,-1
664,39,859.66,158.56,324.13,588.84,1,-1,-1,-1
664,38,1127.49,357.79,348.28,447.34,1,-1,-1,-1
664,32,531.81,165.26,275.30,507.83,1,-1,-1,-1
664,20,1109.34,235.48,240.96,490.51,1,-1,-1,-1
664,19,767.03,332.81,499.49,519.76,1,-1,-1,-1
665,56,380.74,330.52,396.03,375.23,1,-1,-1,-1
665,55,525.83,322.43,470.49,463.54,1,-1,-1,-1
665,53,301.35,338.91,302.75,327.45,1,-1,-1,-1
665,52,677.25,130.39,273.40,576.80,1,-1,-1,-1
665,45,418.70,215.05,226.87,430.16,1,-1,-1,-1
665,39,866.40,156.29,326.50,580.36,1,-1,-1,-1
665,38,1120.73,359.04,366.23,443.01,1,-1,-1,-1
665,32,527.78,163.50,288.08,514.38,1,-1,-1,-1
665,20,1104.30,229.41,240.88,494.75,1,-1,-1,-1
665,19,782.52,328.18,482.54,518.51,1,-1,-1,-1
666,56,377.02,329.49,400.20,374.50,1,-1,-1,-1
666,55,545.48,323.68,447.59,455.93,1,-1,-1,-1
666,53,296.15,338.47,304.30,327.42,1,-1,-1,-1
666,52,683.84,133.39,264.21,567.43,1,-1,-1,-1
666,45,417.10,218.66,230.07,421.82,1,-1,-1,-1
666,39,873.84,163.36,320.76,569.30,1,-1,-1,-1
666,38,1117.40,356.89,368.61,442.20,1,-1,-1,-1
666,32,518.81,161.45,308.52,505.02,1,-1,-1,-1
666,20,1100.65,241.98,247.35,478.08,1,-1,-1,-1
666,19,789.96,323.68,492.18,519.49,1,-1,-1,-1
666,12,339.81,325.95,427.10,373.89,1,-1,-1,-1
665,12,336.23,327.13,430.96,372.64,1,-1,-1,-1
664,12,335.63,330.18,432.10,369.78,1,-1,-1,-1
667,56,384.50,327.46,385.22,374.77,1,-1,-1,-1
667,55,572.07,320.23,412.84,457.01,1,-1,-1,-1
667,53,290.65,339.22,305.54,324.53,1,-1,-1,-1
667,52,683.88,134.77,264.52,551.24,1,-1,-1,-1
667,51,1257.05,256.79,186.95,406.75,1,-1,-1,-1
666,51,1207.13,241.21,230.82,445.52,1,-1,-1,-1
665,51,1195.91,241.24,238.26,462.96,1,-1,-1,-1
667,45,414.02,223.38,223.03,411.33,1,-1,-1,-1
667,39,878.14,157.48,302.07,554.44,1,-1,-1,-1
667,38,1100.53,351.36,383.82,447.15,1,-1,-1,-1
667,32,521.73,156.95,296.50,508.32,1,-1,-1,-1
667,20,1087.20,252.09,276.31,463.60,1,-1,-1,-1
667,19,780.77,322.00,514.74,517.35,1,-1,-1,-1
667,12,335.20,323.92,420.05,375.00,1,-1,-1,-1
668,56,398.70,322.90,369.32,377.08,1,-1,-1,-1
668,55,575.06,320.83,409.13,452.55,1,-1,-1,-1
668,53,290.85,335.90,299.41,325.90,1,-1,-1,-1
668,52,680.64,136.47,266.68,558.01,1,-1,-1,-1
668,51,1251.93,260.17,207.50,427.90,1,-1,-1,-1
668,45,406.22,217.74,236.12,417.11,1,-1,-1,-1
668,39,880.08,159.62,307.73,555.10,1,-1,-1,-1
668,38,1092.10,347.17,385.79,448.64,1,-1,-1,-1
668,32,522.78,158.90,298.92,508.38,1,-1,-1,-1
668,20,1077.68,257.50,295.16,457.40,1,-1,-1,-1
668,19,776.29,317.16,555.93,521.03,1,-1,-1,-1
668,12,329.31,320.52,427.01,376.29,1,-1,-1,-1
669,57,519.19,166.70,312.54,492.38,1,-1,-1,-1
668,57,520.34,164.57,310.73,494.53,1,-1,-1,-1
667,57,519.86,163.17,304.30,492.66,1,-1,-1,-1
669,56,382.78,322.46,383.32,377.78,1,-1,-1,-1
669,55,579.95,318.41,398.23,453.35,1,-1,-1,-1
669,53,291.53,333.27,301.68,326.15,1,-1,-1,-1
669,52,673.65,142.77,272.18,549.27,1,-1,-1,-1
669,51,1244.87,245.46,239.79,443.48,1,-1,-1,-1
669,50,1137.33,343.69,347.12,438.89,1,-1,-1,-1
668,50,1126.84,345.49,353.64,447.06,1,-1,-1,-1
667,50,1128.13,349.79,360.80,445.13,1,-1,-1,-1
669,45,403.12,216.38,243.83,417.77,1,-1,-1,-1
669,39,879.82,153.53,363.75,571.65,1,-1,-1,-1
669,38,1086.85,346.22,389.13,445.75,1,-1,-1,-1
669,32,519.24,162.61,301.53,506.56,1,-1,-1,-1
669,20,1085.70,262.46,295.26,430.78,1,-1,-1,-1
669,19,780.59,315.01,573.35,519.50,1,-1,-1,-1
669,12,331.14,320.63,420.84,379.18,1,-1,-1,-1
670,57,519.41,166.34,311.43,491.25,1,-1,-1,-1
670,56,392.50,322.90,379.22,374.19,1,-1,-1,-1
670,55,563.78,317.15,412.02,451.85,1,-1,-1,-1
670,53,289.51,333.18,298.20,324.06,1,-1,-1,-1
670,52,669.29,142.28,275.21,549.74,1,-1,-1,-1
670,51,1247.24,241.61,235.57,450.72,1,-1,-1,-1
670,50,1139.12,346.20,333.13,439.06,1,-1,-1,-1
670,45,401.15,216.43,244.77,416.70,1,-1,-1,-1
670,39,881.15,155.04,355.08,565.92,1,-1,-1,-1
670,38,1102.32,346.39,368.84,441.95,1,-1,-1,-1
670,32,519.59,161.95,297.62,507.46,1,-1,-1,-1
670,20,1093.43,263.35,289.34,433.52,1,-1,-1,-1
670,19,782.63,321.77,503.55,507.10,1,-1,-1,-1
670,12,334.32,321.01,423.73,373.92,1,-1,-1,-1
671,56,405.75,319.61,370.90,374.21,1,-1,-1,-1
671,55,580.42,316.34,388.91,451.10,1,-1,-1,-1
671,53,285.19,334.83,303.66,320.31,1,-1,-1,-1
671,52,665.83,148.40,275.27,545.78,1,-1,-1,-1
671,51,1234.13,235.12,234.62,437.10,1,-1,-1,-1
671,50,1134.41,348.15,334.63,435.04,1,-1,-1,-1
671,45,398.60,205.64,246.36,424.29,1,-1,-1,-1
671,39,881.27,155.32,342.26,552.18,1,-1,-1,-1
671,32,517.36,160.40,295.82,505.04,1,-1,-1,-1
671,20,1085.42,260.83,292.54,434.60,1,-1,-1,-1
671,19,781.71,321.13,512.29,504.62,1,-1,-1,-1
671,12,331.29,318.50,438.89,373.09,1,-1,-1,-1
672,56,403.59,317.90,376.49,373.80,1,-1,-1,-1
672,55,579.80,315.33,387.16,449.98,1,-1,-1,-1
672,53,290.40,334.81,291.53,322.21,1,-1,-1,-1
672,52,669.13,150.90,269.10,540.82,1,-1,-1,-1
672,51,1242.28,236.47,221.89,420.36,1,-1,-1,-1
672,50,1133.81,349.59,337.46,432.27,1,-1,-1,-1
672,45,400.36,211.27,244.66,412.98,1,-1,-1,-1
672,39,879.83,155.12,341.40,557.32,1,-1,-1,-1
672,32,512.37,160.82,302.83,504.62,1,-1,-1,-1
672,20,1089.28,260.43,285.28,440.94,1,-1,-1,-1
672,19,778.95,318.29,656.82,509.97,1,-1,-1,-1
672,12,329.99,317.00,448.89,372.25,1,-1,-1,-1
673,56,406.93,315.74,368.84,376.42,1,-1,-1,-1
673,55,583.53,316.31,372.29,446.38,1,-1,-1,-1
673,53,289.72,334.67,289.57,321.68,1,-1,-1,-1
673,52,696.12,141.26,241.86,538.70,1,-1,-1,-1
673,51,1247.10,242.93,214.72,419.14,1,-1,-1,-1
673,50,1112.66,342.22,373.51,424.01,1,-1,-1,-1
673,45,403.92,219.88,237.25,405.86,1,-1,-1,-1
673,39,878.99,149.00,341.68,563.58,1,-1,-1,-1
673,20,1088.94,253.37,279.86,446.69,1,-1,-1,-1
673,19,783.72,316.24,650.95,512.79,1,-1,-1,-1
673,12,327.58,315.08,447.00,376.50,1,-1,-1,-1
674,56,426.86,315.25,336.83,377.23,1,-1,-1,-1
674,53,311.72,333.54,268.16,323.36,1,-1,-1,-1
674,52,707.18,145.75,229.50,530.95,1,-1,-1,-1
674,51,1248.68,244.64,220.70,444.53,1,-1,-1,-1
674,50,1113.29,349.47,363.63,425.51,1,-1,-1,-1
674,45,418.10,220.06,217.34,404.10,1,-1,-1,-1
674,39,900.90,147.51,313.63,563.26,1,-1,-1,-1
674,20,1091.57,248.13,277.79,451.74,1,-1,-1,-1
674,19,782.52,314.23,645.29,513.80,1,-1,-1,-1
674,12,331.69,316.34,429.51,376.25,1,-1,-1,-1
674,1,1252.96,322.71,325.55,388.83,1,-1,-1,-1
673,1,1256.43,333.57,310.38,379.87,1,-1,-1,-1
672,1,1264.43,339.39,296.72,374.19,1,-1,-1,-1
675,56,456.45,312.28,278.61,380.14,1,-1,-1,-1
675,53,318.78,335.20,262.33,317.56,1,-1,-1,-1
675,52,714.65,151.20,221.99,494.77,1,-1,-1,-1
675,50,1119.53,341.66,451.76,379.24,1,-1,-1,-1
675,45,436.86,230.97,198.01,388.48,1,-1,-1,-1
675,39,901.58,142.28,297.46,558.10,1,-1,-1,-1
675,20,1080.71,214.34,273.38,481.81,1,-1,-1,-1
675,19,790.02,310.79,639.62,517.09,1,-1,-1,-1
675,1,1283.27,265.99,293.99,436.21,1,-1,-1,-1
676,56,450.32,312.74,286.84,378.71,1,-1,-1,-1
676,53,317.48,335.65,261.10,319.48,1,-1,-1,-1
676,52,713.52,124.51,220.84,539.07,1,-1,-1,-1
676,50,1131.40,324.27,441.53,398.47,1,-1,-1,-1
676,45,453.08,228.60,186.78,394.57,1,-1,-1,-1
676,39,900.46,144.11,288.27,549.55,1,-1,-1,-1
676,32,535.44,168.66,261.91,480.43,1,-1,-1,-1
675,32,529.31,168.98,262.22,480.17,1,-1,-1,-1
674,32,514.21,170.43,280.60,486.21,1,-1,-1,-1
676,20,1072.46,210.44,275.82,479.21,1,-1,-1,-1
676,19,762.86,306.42,668.36,517.37,1,-1,-1,-1
677,56,425.64,314.01,306.69,375.37,1,-1,-1,-1
677,53,300.50,335.15,269.76,318.33,1,-1,-1,-1
677,52,714.77,126.60,213.10,545.12,1,-1,-1,-1
677,50,1161.72,332.47,415.55,385.31,1,-1,-1,-1
677,45,451.24,239.37,187.10,388.92,1,-1,-1,-1
677,39,892.07,142.13,282.54,558.74,1,-1,-1,-1
677,32,536.57,166.77,258.38,491.61,1,-1,-1,-1
677,20,1090.18,223.18,252.12,464.76,1,-1,-1,-1
677,19,737.64,305.48,641.11,512.63,1,-1,-1,-1
678,56,388.25,310.20,349.64,378.93,1,-1,-1,-1
678,53,288.66,333.31,282.64,321.75,1,-1,-1,-1
678,52,709.95,137.82,211.36,557.17,1,-1,-1,-1
678,50,1132.18,332.76,422.19,409.53,1,-1,-1,-1
678,45,448.23,246.77,178.52,381.44,1,-1,-1,-1
678,39,890.75,142.12,269.24,568.43,1,-1,-1,-1
678,20,1092.77,215.29,307.65,461.93,1,-1,-1,-1
678,19,769.47,302.57,573.02,516.04,1,-1,-1,-1
678,12,315.60,315.40,408.32,374.80,1,-1,-1,-1
677,12,319.63,317.71,408.64,372.80,1,-1,-1,-1
676,12,327.66,319.38,412.70,374.18,1,-1,-1,-1
679,57,520.54,172.81,270.01,486.19,1,-1,-1,-1
678,57,531.86,169.39,255.57,495.26,1,-1,-1,-1
677,57,536.23,162.40,247.83,492.24,1,-1,-1,-1
679,56,442.06,306.56,300.32,383.97,1,-1,-1,-1
679,53,269.27,331.89,299.13,323.11,1,-1,-1,-1
679,52,681.11,145.61,233.49,538.98,1,-1,-1,-1
679,51,1202.51,211.09,191.00,449.24,1,-1,-1,-1
678,51,1214.00,221.60,194.53,447.65,1,-1,-1,-1
677,51,1193.09,244.51,228.76,429.26,1,-1,-1,-1
679,50,1124.65,335.90,442.39,382.66,1,-1,-1,-1
679,45,436.40,227.75,194.38,409.50,1,-1,-1,-1
679,41,509.85,311.14,433.41,449.34,1,-1,-1,-1
678,41,538.79,312.49,385.23,449.97,1,-1,-1,-1
677,41,537.33,310.42,401.78,451.34,1,-1,-1,-1
679,39,880.27,143.74,276.42,549.81,1,-1,-1,-1
679,37,882.15,141.67,269.62,549.98,1,-1,-1,-1
678,37,890.93,139.69,264.64,569.38,1,-1,-1,-1
677,37,896.13,140.67,271.69,553.36,1,-1,-1,-1
679,35,1203.46,349.75,398.91,363.33,1,-1,-1,-1
678,35,1358.52,383.76,248.79,309.07,1,-1,-1,-1
677,35,1365.65,384.53,236.89,303.19,1,-1,-1,-1
679,20,1093.25,208.48,294.56,465.23,1,-1,-1,-1
679,19,645.36,299.16,715.87,516.20,1,-1,-1,-1
680,57,506.61,164.13,278.50,499.48,1,-1,-1,-1
680,56,428.22,307.95,316.11,384.27,1,-1,-1,-1
680,53,270.98,332.74,288.11,321.72,1,-1,-1,-1
680,52,666.17,142.17,242.36,549.32,1,-1,-1,-1
680,51,1198.33,209.07,197.02,461.44,1,-1,-1,-1
680,50,1090.30,334.79,470.97,377.24,1,-1,-1,-1
680,45,422.53,228.20,211.47,410.62,1,-1,-1,-1
680,41,502.41,306.24,430.45,450.92,1,-1,-1,-1
680,39,866.46,150.60,294.33,563.34,1,-1,-1,-1
680,38,1035.04,332.03,445.70,413.02,1,-1,-1,-1
679,38,1029.34,333.10,440.67,426.22,1,-1,-1,-1
678,38,1069.15,334.50,408.40,426.76,1,-1,-1,-1
680,37,869.69,141.85,288.19,571.16,1,-1,-1,-1
680,20,1082.52,204.82,305.65,477.84,1,-1,-1,-1
680,19,685.16,304.24,720.36,512.01,1,-1,-1,-1
681,57,491.32,156.37,285.95,513.49,1,-1,-1,-1
681,56,397.03,313.01,337.76,378.67,1,-1,-1,-1
681,53,278.69,329.69,278.66,324.03,1,-1,-1,-1
681,52,658.63,134.86,242.98,557.54,1,-1,-1,-1
681,51,1216.17,215.60,180.63,458.84,1,-1,-1,-1
681,50,1123.40,336.77,444.59,366.51,1,-1,-1,-1
681,45,389.34,216.77,236.33,420.67,1,-1,-1,-1
681,41,469.45,308.15,451.52,443.97,1,-1,-1,-1
681,39,843.67,155.57,329.85,555.78,1,-1,-1,-1
681,38,1049.26,333.44,402.35,414.45,1,-1,-1,-1
681,20,1071.15,329.37,378.45,429.35,1,-1,-1,-1
681,19,638.09,301.64,769.94,511.30,1,-1,-1,-1
682,56,396.81,313.23,322.48,374.46,1,-1,-1,-1
682,53,286.01,327.58,277.18,326.48,1,-1,-1,-1
682,52,669.36,139.25,230.24,538.26,1,-1,-1,-1
682,51,1214.64,221.32,185.74,439.94,1,-1,-1,-1
682,50,1150.49,333.74,401.65,363.12,1,-1,-1,-1
682,45,378.51,209.04,242.94,416.39,1,-1,-1,-1
682,41,504.83,304.48,409.86,446.78,1,-1,-1,-1
682,39,832.68,170.00,342.38,530.17,1,-1,-1,-1
682,38,1086.11,327.78,367.01,408.83,1,-1,-1,-1
682,32,488.26,161.91,275.76,496.42,1,-1,-1,-1
681,32,482.94,157.80,301.88,504.89,1,-1,-1,-1
680,32,498.90,165.13,295.12,494.08,1,-1,-1,-1
682,20,1109.04,324.37,349.03,417.99,1,-1,-1,-1
682,19,698.73,297.16,702.99,511.65,1,-1,-1,-1
682,12,307.09,312.78,417.28,373.01,1,-1,-1,-1
681,12,304.42,314.23,438.68,376.27,1,-1,-1,-1
680,12,295.91,315.66,452.79,377.47,1,-1,-1,-1
683,56,397.82,313.30,313.55,374.50,1,-1,-1,-1
683,53,289.83,326.52,258.41,325.79,1,-1,-1,-1
683,52,679.95,138.91,213.90,532.04,1,-1,-1,-1
683,51,1154.10,232.47,265.86,446.17,1,-1,-1,-1
683,50,1135.55,335.12,412.21,360.97,1,-1,-1,-1
683,48,1058.34,199.86,247.88,485.00,1,-1,-1,-1
682,48,1039.68,201.43,263.66,498.92,1,-1,-1,-1
681,48,1052.19,195.81,245.51,507.10,1,-1,-1,-1
683,45,383.01,224.62,228.21,392.70,1,-1,-1,-1
683,41,534.25,301.28,395.14,449.88,1,-1,-1,-1
683,39,824.52,152.67,327.37,539.85,1,-1,-1,-1
683,38,1075.91,331.05,381.88,386.62,1,-1,-1,-1
683,32,479.59,164.82,288.90,489.70,1,-1,-1,-1
683,20,1097.27,236.92,327.19,452.84,1,-1,-1,-1
683,19,745.31,298.95,628.21,505.56,1,-1,-1,-1
683,12,315.39,315.60,399.93,371.67,1,-1,-1,-1
684,56,416.59,303.19,296.88,381.84,1,-1,-1,-1
684,53,291.58,325.23,250.98,323.38,1,-1,-1,-1
684,52,681.48,142.21,208.86,511.10,1,-1,-1,-1
684,51,1149.44,243.13,272.15,425.87,1,-1,-1,-1
684,48,1039.61,200.80,266.09,475.85,1,-1,-1,-1
684,45,393.25,233.18,216.77,377.40,1,-1,-1,-1
684,41,532.91,301.39,376.68,445.67,1,-1,-1,-1
684,39,838.73,162.04,324.17,524.49,1,-1,-1,-1
684,38,1058.19,333.51,393.20,411.16,1,-1,-1,-1
684,19,678.34,290.74,622.05,510.76,1,-1,-1,-1
685,57,500.65,165.21,241.08,456.98,1,-1,-1,-1
684,57,497.56,171.59,260.56,460.45,1,-1,-1,-1
683,57,489.47,166.24,271.09,484.31,1,-1,-1,-1
685,56,419.34,304.38,269.95,375.56,1,-1,-1,-1
685,53,294.87,324.56,236.12,318.44,1,-1,-1,-1
685,52,678.39,144.00,205.87,524.28,1,-1,-1,-1
685,51,1178.99,219.28,215.54,402.91,1,-1,-1,-1
685,48,1038.78,200.34,254.38,468.41,1,-1,-1,-1
685,45,413.37,233.85,185.09,369.47,1,-1,-1,-1
685,41,510.25,300.24,392.22,448.64,1,-1,-1,-1
685,39,839.96,145.33,301.70,522.79,1,-1,-1,-1
685,38,1049.97,326.92,406.91,397.44,1,-1,-1,-1
685,19,661.13,285.65,632.52,512.35,1,-1,-1,-1
686,57,494.78,161.21,234.82,474.32,1,-1,-1,-1
686,56,403.94,296.67,289.04,379.82,1,-1,-1,-1
686,53,281.02,326.31,241.87,318.89,1,-1,-1,-1
686,52,672.68,153.48,204.44,500.96,1,-1,-1,-1
686,51,1162.50,211.08,215.88,417.00,1,-1,-1,-1
686,48,1056.78,202.53,228.08,451.43,1,-1,-1,-1
686,45,418.44,230.23,184.79,377.81,1,-1,-1,-1
686,41,497.03,300.98,400.46,451.62,1,-1,-1,-1
686,39,843.96,151.42,280.60,505.63,1,-1,-1,-1
686,38,1056.37,204.59,317.18,445.42,1,-1,-1,-1
686,19,672.36,294.29,621.11,498.98,1,-1,-1,-1
687,57,481.53,162.38,258.47,479.41,1,-1,-1,-1
687,56,364.07,291.44,332.72,385.49,1,-1,-1,-1
687,53,255.87,324.73,270.76,320.96,1,-1,-1,-1
687,52,651.44,145.25,216.04,511.35,1,-1,-1,-1
687,51,1157.37,203.63,198.03,437.78,1,-1,-1,-1
687,48,1042.04,203.71,186.69,458.50,1,-1,-1,-1
687,45,413.81,234.08,187.26,380.44,1,-1,-1,-1
687,39,829.36,134.94,271.97,536.91,1,-1,-1,-1
687,20,1037.95,320.81,470.16,406.76,1,-1,-1,-1
686,20,1026.66,326.78,367.28,417.48,1,-1,-1,-1
685,20,1027.06,327.92,394.20,416.39,1,-1,-1,-1
687,19,656.70,291.22,627.77,497.77,1,-1,-1,-1
688,56,393.36,293.11,289.43,386.10,1,-1,-1,-1
688,53,231.29,326.31,286.65,319.64,1,-1,-1,-1
688,52,630.88,146.53,227.84,513.80,1,-1,-1,-1
688,51,1158.22,199.64,187.08,450.52,1,-1,-1,-1
688,48,1028.01,180.54,191.04,499.80,1,-1,-1,-1
688,45,407.87,219.54,179.85,403.02,1,-1,-1,-1
688,20,1020.39,317.01,475.21,416.26,1,-1,-1,-1
688,19,589.77,296.51,714.09,486.95,1,-1,-1,-1
689,56,367.62,295.05,314.86,381.11,1,-1,-1,-1
689,53,222.81,329.19,291.90,317.28,1,-1,-1,-1
689,52,619.81,139.46,229.24,526.57,1,-1,-1,-1
689,51,1140.86,194.66,204.03,460.30,1,-1,-1,-1
689,49,419.08,289.65,450.10,451.40,1,-1,-1,-1
688,49,440.23,295.97,442.97,449.18,1,-1,-1,-1
687,49,450.32,300.24,432.62,450.89,1,-1,-1,-1
689,48,996.05,170.23,222.89,517.24,1,-1,-1,-1
689,45,393.13,219.09,194.15,409.25,1,-1,-1,-1
689,37,814.49,148.75,267.82,521.82,1,-1,-1,-1
688,37,824.55,131.51,272.60,558.70,1,-1,-1,-1
687,37,824.51,138.44,279.23,546.39,1,-1,-1,-1
689,20,1037.64,318.88,458.50,407.95,1,-1,-1,-1
689,19,569.89,282.73,735.19,502.10,1,-1,-1,-1
690,56,358.36,296.55,311.06,379.50,1,-1,-1,-1
690,53,225.52,329.50,281.54,318.22,1,-1,-1,-1
690,52,617.70,133.42,225.97,534.26,1,-1,-1,-1
690,51,1135.34,196.97,209.95,444.19,1,-1,-1,-1
690,49,427.46,289.22,440.63,442.07,1,-1,-1,-1
690,48,985.93,184.17,230.54,518.17,1,-1,-1,-1
690,45,374.32,227.43,204.39,389.09,1,-1,-1,-1
690,37,800.26,139.05,289.80,551.48,1,-1,-1,-1
690,32,451.04,155.67,257.66,499.48,1,-1,-1,-1
689,32,457.02,164.56,264.17,491.24,1,-1,-1,-1
688,32,474.89,160.68,265.84,490.73,1,-1,-1,-1
690,20,1144.34,321.66,348.07,364.25,1,-1,-1,-1
690,19,578.80,300.51,728.40,483.13,1,-1,-1,-1
691,56,326.37,297.93,338.82,375.53,1,-1,-1,-1
691,53,234.23,325.55,271.89,319.73,1,-1,-1,-1
691,52,615.96,127.79,223.56,548.16,1,-1,-1,-1
691,51,1087.70,207.03,269.54,444.65,1,-1,-1,-1
691,49,477.02,291.54,384.30,440.67,1,-1,-1,-1
691,48,984.71,189.66,246.11,489.78,1,-1,-1,-1
691,45,339.85,214.84,228.18,399.77,1,-1,-1,-1
691,37,771.29,145.50,318.71,532.00,1,-1,-1,-1
691,32,439.87,147.49,263.60,500.15,1,-1,-1,-1
691,19,619.46,293.79,642.60,483.45,1,-1,-1,-1
692,56,356.69,295.70,315.48,372.64,1,-1,-1,-1
692,53,237.71,322.69,250.45,316.70,1,-1,-1,-1
692,52,623.22,135.65,216.20,521.28,1,-1,-1,-1
692,50,1026.41,309.41,450.48,390.10,1,-1,-1,-1
691,50,1021.01,319.33,462.39,368.29,1,-1,-1,-1
690,50,1008.78,322.92,478.77,384.68,1,-1,-1,-1
692,48,975.54,197.59,257.06,469.62,1,-1,-1,-1
692,45,333.19,216.58,229.30,380.73,1,-1,-1,-1
692,41,390.98,290.66,468.74,431.27,1,-1,-1,-1
691,41,447.24,288.90,414.11,442.39,1,-1,-1,-1
690,41,467.37,288.82,394.42,441.27,1,-1,-1,-1
692,37,760.42,140.84,327.17,538.87,1,-1,-1,-1
692,32,438.32,153.84,264.59,473.03,1,-1,-1,-1
692,19,629.45,293.59,591.44,478.66,1,-1,-1,-1
693,56,369.39,296.60,298.69,370.16,1,-1,-1,-1
693,53,241.77,320.85,240.87,315.80,1,-1,-1,-1
693,52,620.87,139.44,209.21,506.59,1,-1,-1,-1
693,50,1014.62,306.82,443.83,416.63,1,-1,-1,-1
693,48,980.61,191.77,261.90,472.37,1,-1,-1,-1
693,45,332.42,218.13,228.37,379.11,1,-1,-1,-1
693,41,395.64,293.57,434.94,428.47,1,-1,-1,-1
693,37,751.20,166.61,332.27,492.52,1,-1,-1,-1
693,32,439.10,160.79,246.33,467.88,1,-1,-1,-1
693,19,632.61,285.71,503.08,482.41,1,-1,-1,-1
694,56,371.07,294.31,270.93,368.25,1,-1,-1,-1
694,53,245.76,317.50,230.04,318.83,1,-1,-1,-1
694,52,616.70,114.83,207.54,533.33,1,-1,-1,-1
694,50,1015.41,310.04,442.54,412.96,1,-1,-1,-1
694,48,931.78,193.24,316.74,471.91,1,-1,-1,-1
694,45,339.11,226.00,216.91,373.87,1,-1,-1,-1
694,41,388.54,291.38,422.23,426.92,1,-1,-1,-1
694,32,442.03,148.68,245.17,459.30,1,-1,-1,-1
694,19,623.67,281.50,494.50,480.09,1,-1,-1,-1
695,53,228.17,311.55,241.84,320.63,1,-1,-1,-1
695,52,601.45,145.25,209.05,494.70,1,-1,-1,-1
695,50,1035.16,305.30,423.39,396.08,1,-1,-1,-1
695,48,935.59,197.27,281.12,450.90,1,-1,-1,-1
695,45,350.79,215.94,217.50,394.95,1,-1,-1,-1
695,41,383.72,285.21,400.13,429.23,1,-1,-1,-1
695,32,443.01,147.34,252.52,457.63,1,-1,-1,-1
695,19,610.21,276.53,592.22,479.09,1,-1,-1,-1
696,53,215.15,313.45,255.46,316.34,1,-1,-1,-1
696,52,589.67,109.29,218.03,537.48,1,-1,-1,-1
696,50,1029.41,307.42,425.05,371.93,1,-1,-1,-1
696,48,922.39,155.47,269.75,499.63,1,-1,-1,-1
696,45,353.38,217.36,213.39,400.90,1,-1,-1,-1
696,41,377.01,283.13,433.76,436.17,1,-1,-1,-1
696,39,764.52,117.11,292.80,527.48,1,-1,-1,-1
695,39,762.96,119.32,308.03,518.54,1,-1,-1,-1
694,39,756.69,128.34,321.28,522.51,1,-1,-1,-1
696,32,435.60,148.25,250.05,476.15,1,-1,-1,-1
696,19,568.12,284.56,601.27,468.50,1,-1,-1,-1
697,53,186.12,309.90,288.00,327.35,1,-1,-1,-1
697,52,574.07,112.41,222.13,526.32,1,-1,-1,-1
697,51,1084.18,191.60,206.88,441.78,1,-1,-1,-1
696,51,1076.81,191.46,215.15,438.84,1,-1,-1,-1
695,51,1099.77,196.43,196.56,427.04,1,-1,-1,-1
697,50,956.70,309.43,441.22,402.45,1,-1,-1,-1
697,48,943.15,166.79,228.82,497.83,1,-1,-1,-1
697,45,364.28,213.13,186.83,407.75,1,-1,-1,-1
697,41,373.08,281.08,499.49,453.44,1,-1,-1,-1
697,39,755.84,116.87,294.50,536.39,1,-1,-1,-1
697,38,966.25,310.02,369.47,400.34,1,-1,-1,-1
696,38,974.05,303.44,431.93,406.76,1,-1,-1,-1
695,38,964.50,194.88,326.25,451.86,1,-1,-1,-1
697,32,412.80,144.76,253.76,486.64,1,-1,-1,-1
697,19,533.38,282.80,639.16,467.15,1,-1,-1,-1
698,53,176.52,312.44,286.11,315.34,1,-1,-1,-1
698,52,568.14,106.35,225.51,533.21,1,-1,-1,-1
698,51,1088.48,191.48,203.74,436.20,1,-1,-1,-1
698,50,951.64,305.68,392.80,402.55,1,-1,-1,-1
698,48,945.37,164.84,219.78,508.26,1,-1,-1,-1
698,45,353.39,233.06,196.91,377.76,1,-1,-1,-1
698,41,358.32,281.91,461.95,428.42,1,-1,-1,-1
698,39,743.55,114.99,290.88,531.73,1,-1,-1,-1
698,38,968.31,304.43,363.39,397.86,1,-1,-1,-1
698,35,1245.74,344.75,241.50,298.37,1,-1,-1,-1
697,35,1233.74,348.38,225.11,298.27,1,-1,-1,-1
696,35,1221.39,350.22,234.83,304.62,1,-1,-1,-1
698,32,397.84,140.88,258.48,482.62,1,-1,-1,-1
698,20,1112.82,293.03,333.41,365.52,1,-1,-1,-1
697,20,1108.28,306.11,339.95,357.38,1,-1,-1,-1
696,20,1117.64,303.47,328.52,362.68,1,-1,-1,-1
698,19,501.01,270.50,677.62,482.70,1,-1,-1,-1
699,53,177.53,309.24,275.60,306.71,1,-1,-1,-1
699,52,565.87,117.93,221.93,526.25,1,-1,-1,-1
699,51,1087.50,190.73,210.83,434.95,1,-1,-1,-1
699,50,956.64,296.74,381.59,406.58,1,-1,-1,-1
699,48,951.34,153.56,198.65,512.16,1,-1,-1,-1
699,45,340.03,204.68,194.37,387.27,1,-1,-1,-1
699,39,741.86,121.58,289.63,525.51,1,-1,-1,-1
699,38,966.61,298.43,362.43,398.59,1,-1,-1,-1
699,35,1240.63,342.43,275.71,295.70,1,-1,-1,-1
699,32,385.59,134.18,269.48,483.03,1,-1,-1,-1
699,19,492.53,271.75,692.22,475.78,1,-1,-1,-1
699,1,1182.83,238.36,185.06,379.58,1,-1,-1,-1
698,1,1183.68,264.10,181.54,358.98,1,-1,-1,-1
697,1,1174.98,264.34,183.10,370.99,1,-1,-1,-1
700,53,183.23,306.36,275.83,314.37,1,-1,-1,-1
700,52,568.31,121.44,219.29,529.87,1,-1,-1,-1
700,51,1088.81,192.60,216.08,432.42,1,-1,-1,-1
700,50,968.74,293.96,369.92,409.38,1,-1,-1,-1
700,48,950.10,146.08,198.42,512.98,1,-1,-1,-1
700,45,329.03,196.11,206.27,398.62,1,-1,-1,-1
700,39,725.29,123.56,306.05,538.50,1,-1,-1,-1
700,38,969.99,295.55,357.77,402.56,1,-1,-1,-1
700,35,1225.03,340.78,288.14,295.41,1,-1,-1,-1
700,32,390.07,134.26,258.68,470.71,1,-1,-1,-1
700,19,527.22,267.88,621.74,473.63,1,-1,-1,-1
701,56,296.12,273.79,296.82,365.97,1,-1,-1,-1
700,56,305.99,277.91,314.99,368.83,1,-1,-1,-1
699,56,294.05,280.63,324.22,368.03,1,-1,-1,-1
701,53,202.26,300.63,253.71,315.05,1,-1,-1,-1
701,52,569.09,129.98,215.88,503.71,1,-1,-1,-1
701,51,1081.96,188.05,220.88,428.03,1,-1,-1,-1
701,50,949.59,290.51,380.18,414.51,1,-1,-1,-1
701,48,942.01,158.52,226.70,494.56,1,-1,-1,-1
701,45,294.05,194.61,234.63,383.93,1,-1,-1,-1
701,39,708.10,113.60,320.30,530.40,1,-1,-1,-1
701,38,953.86,289.37,361.87,412.18,1,-1,-1,-1
701,35,1230.85,338.55,254.42,292.90,1,-1,-1,-1
701,32,397.12,136.83,241.67,454.24,1,-1,-1,-1
702,56,325.44,267.24,277.21,371.71,1,-1,-1,-1
702,53,223.41,296.39,219.48,316.74,1,-1,-1,-1
702,52,571.99,142.67,210.03,482.04,1,-1,-1,-1
702,50,945.11,287.74,390.03,413.24,1,-1,-1,-1
702,48,944.86,171.61,234.48,482.59,1,-1,-1,-1
702,45,283.87,182.83,240.81,399.52,1,-1,-1,-1
702,41,345.21,263.16,468.30,434.79,1,-1,-1,-1
701,41,342.37,268.70,451.53,426.12,1,-1,-1,-1
700,41,355.84,276.28,471.46,433.42,1,-1,-1,-1
702,39,664.43,100.39,367.07,557.02,1,-1,-1,-1
702,38,957.43,285.35,337.56,413.51,1,-1,-1,-1
702,35,1214.41,334.67,251.69,303.93,1,-1,-1,-1
702,32,399.98,134.51,239.86,467.43,1,-1,-1,-1
703,56,316.50,262.20,288.19,365.59,1,-1,-1,-1
703,53,222.02,286.79,225.72,315.47,1,-1,-1,-1
703,52,568.73,149.72,205.45,456.06,1,-1,-1,-1
703,50,962.05,279.90,368.69,410.79,1,-1,-1,-1
703,48,940.93,166.78,245.34,477.95,1,-1,-1,-1
703,45,296.72,177.34,224.22,395.29,1,-1,-1,-1
703,41,358.96,255.70,416.47,433.86,1,-1,-1,-1
703,38,958.05,277.21,332.09,411.75,1,-1,-1,-1
703,35,1217.18,328.47,218.97,296.14,1,-1,-1,-1
703,32,422.54,132.08,219.05,470.57,1,-1,-1,-1
703,20,1163.85,221.36,220.70,403.71,1,-1,-1,-1
702,20,1126.33,222.34,262.34,404.90,1,-1,-1,-1
701,20,1063.06,290.28,393.79,355.60,1,-1,-1,-1
703,1,1048.33,173.69,246.32,452.48,1,-1,-1,-1
702,1,1058.37,209.45,245.72,428.88,1,-1,-1,-1
701,1,1072.48,195.23,236.19,428.21,1,-1,-1,-1
