3,1,2.48,570.18,191.47,325.19,1,-1,-1,-1
3,2,1435.68,537.31,185.42,368.35,1,-1,-1,-1
3,3,1663.00,570.47,216.37,340.14,1,-1,-1,-1
3,4,1037.26,486.33,280.23,443.88,1,-1,-1,-1
3,5,719.11,247.97,417.70,726.09,1,-1,-1,-1
3,6,191.13,599.29,193.16,300.10,1,-1,-1,-1
3,7,927.86,341.22,375.88,591.47,1,-1,-1,-1
3,8,552.32,328.73,301.63,622.96,1,-1,-1,-1
4,1,5.24,564.83,182.52,331.00,1,-1,-1,-1
4,2,1439.61,550.04,185.13,353.64,1,-1,-1,-1
4,3,1661.82,569.77,236.64,338.98,1,-1,-1,-1
4,4,1038.70,486.18,283.92,441.81,1,-1,-1,-1
4,5,715.75,246.91,412.67,725.12,1,-1,-1,-1
4,6,180.26,591.33,195.46,309.01,1,-1,-1,-1
4,7,939.81,343.13,364.20,588.77,1,-1,-1,-1
4,8,550.26,329.60,298.37,622.44,1,-1,-1,-1
5,1,4.57,567.78,178.84,325.72,1,-1,-1,-1
5,2,1441.90,561.39,187.31,342.80,1,-1,-1,-1
5,3,1661.67,575.67,235.37,331.47,1,-1,-1,-1
5,4,1064.69,488.40,271.21,435.82,1,-1,-1,-1
5,5,711.72,248.44,411.52,718.10,1,-1,-1,-1
5,6,174.51,596.46,186.69,303.55,1,-1,-1,-1
5,7,942.14,346.75,385.51,599.32,1,-1,-1,-1
5,8,553.96,329.35,299.98,622.41,1,-1,-1,-1
6,1,5.36,572.35,174.15,322.24,1,-1,-1,-1
6,2,1445.62,565.55,192.45,337.95,1,-1,-1,-1
6,3,1663.52,577.34,230.59,329.76,1,-1,-1,-1
6,4,1066.59,488.19,282.15,426.56,1,-1,-1,-1
6,5,707.17,252.09,404.99,715.86,1,-1,-1,-1
6,6,172.60,599.42,178.62,299.98,1,-1,-1,-1
6,7,936.88,341.43,390.64,595.43,1,-1,-1,-1
6,8,564.60,476.10,247.03,467.76,1,-1,-1,-1
7,1,6.84,576.78,172.44,317.79,1,-1,-1,-1
7,2,1450.30,569.44,199.42,334.73,1,-1,-1,-1
7,3,1664.16,580.49,227.23,326.84,1,-1,-1,-1
7,4,1066.92,488.51,296.36,422.56,1,-1,-1,-1
7,5,698.84,253.35,410.07,715.45,1,-1,-1,-1
7,6,169.46,599.41,173.27,298.50,1,-1,-1,-1
7,7,915.67,341.78,396.54,591.54,1,-1,-1,-1
7,8,550.15,490.45,240.32,452.95,1,-1,-1,-1
7,9,564.70,324.89,292.45,623.85,1,-1,-1,-1
8,1,11.09,578.12,167.76,314.24,1,-1,-1,-1
8,2,1459.62,568.22,194.81,336.48,1,-1,-1,-1
8,3,1665.07,589.25,228.12,316.15,1,-1,-1,-1
8,4,1093.68,490.01,270.84,427.84,1,-1,-1,-1
8,5,696.63,253.96,408.20,718.18,1,-1,-1,-1
8,6,167.23,594.78,169.42,304.11,1,-1,-1,-1
8,7,910.13,341.96,405.01,603.40,1,-1,-1,-1
8,8,529.08,498.66,227.54,428.29,1,-1,-1,-1
8,9,564.20,337.17,292.67,617.05,1,-1,-1,-1
9,1,13.08,580.08,166.91,312.93,1,-1,-1,-1
9,2,1466.01,564.85,190.81,338.79,1,-1,-1,-1
9,3,1664.41,593.76,225.33,311.86,1,-1,-1,-1
9,4,1115.38,487.97,262.22,433.05,1,-1,-1,-1
9,5,693.65,251.24,397.96,726.59,1,-1,-1,-1
9,6,167.81,599.92,168.13,300.51,1,-1,-1,-1
9,7,902.29,344.42,411.08,602.56,1,-1,-1,-1
9,8,512.48,499.75,238.13,423.64,1,-1,-1,-1
9,9,557.22,338.13,301.10,622.03,1,-1,-1,-1
10,1,15.52,583.73,165.45,310.36,1,-1,-1,-1
10,2,1473.54,572.38,186.98,330.87,1,-1,-1,-1
10,3,1661.31,593.72,226.70,310.64,1,-1,-1,-1
10,4,1147.37,487.83,269.46,441.91,1,-1,-1,-1
10,5,694.91,242.46,387.32,735.92,1,-1,-1,-1
10,6,165.96,600.35,170.07,298.82,1,-1,-1,-1
10,7,901.60,346.09,403.80,600.27,1,-1,-1,-1
10,8,504.43,502.43,224.10,421.21,1,-1,-1,-1
10,9,552.57,340.26,296.92,618.88,1,-1,-1,-1
11,1,17.20,581.62,165.68,311.63,1,-1,-1,-1
11,2,1484.95,568.73,178.57,333.08,1,-1,-1,-1
11,3,1658.21,591.40,230.97,312.66,1,-1,-1,-1
11,4,1169.21,490.70,242.95,440.73,1,-1,-1,-1
11,5,695.97,242.16,381.58,733.08,1,-1,-1,-1
11,6,163.31,604.59,170.57,293.89,1,-1,-1,-1
11,7,907.66,344.37,397.29,606.28,1,-1,-1,-1
11,8,492.71,502.75,251.28,436.12,1,-1,-1,-1
11,9,555.38,344.00,295.47,615.98,1,-1,-1,-1
12,1,22.77,587.61,161.49,303.08,1,-1,-1,-1
12,2,1493.70,574.61,173.05,328.71,1,-1,-1,-1
12,3,1656.19,593.49,229.70,311.38,1,-1,-1,-1
12,4,1174.18,492.23,240.48,441.59,1,-1,-1,-1
12,5,692.93,241.94,439.40,737.16,1,-1,-1,-1
12,6,165.52,598.75,171.53,300.62,1,-1,-1,-1
12,7,906.30,336.73,394.53,616.08,1,-1,-1,-1
12,8,466.68,509.98,268.52,432.09,1,-1,-1,-1
12,9,553.15,351.69,299.03,612.28,1,-1,-1,-1
13,1,28.38,592.21,157.34,299.52,1,-1,-1,-1
13,2,1505.75,579.54,161.64,322.47,1,-1,-1,-1
13,3,1652.72,598.06,217.07,303.80,1,-1,-1,-1
13,4,1172.22,493.73,252.18,442.82,1,-1,-1,-1
13,5,691.49,239.41,405.46,740.39,1,-1,-1,-1
13,6,168.27,600.26,171.92,296.12,1,-1,-1,-1
13,7,920.92,317.50,377.35,644.22,1,-1,-1,-1
13,8,447.84,504.59,251.73,434.36,1,-1,-1,-1
13,9,541.31,356.42,309.54,608.19,1,-1,-1,-1
14,1,29.37,606.13,161.71,285.10,1,-1,-1,-1
14,2,1508.51,571.89,159.96,331.46,1,-1,-1,-1
14,3,1655.07,610.62,180.16,289.11,1,-1,-1,-1
14,4,1171.39,493.23,256.70,445.30,1,-1,-1,-1
14,5,703.85,240.76,379.36,734.92,1,-1,-1,-1
14,6,190.93,606.03,149.32,288.37,1,-1,-1,-1
14,7,916.52,349.82,347.97,617.63,1,-1,-1,-1
14,8,434.38,497.61,243.74,440.73,1,-1,-1,-1
14,9,534.66,352.61,305.90,608.39,1,-1,-1,-1
15,1,26.58,615.18,169.13,275.90,1,-1,-1,-1
15,2,1505.77,581.15,161.97,320.44,1,-1,-1,-1
15,3,1650.40,616.54,171.50,284.40,1,-1,-1,-1
15,4,1179.18,498.32,262.95,438.59,1,-1,-1,-1
15,5,718.31,238.33,336.46,736.69,1,-1,-1,-1
15,6,192.55,610.04,147.96,286.44,1,-1,-1,-1
15,7,915.72,351.44,309.56,612.56,1,-1,-1,-1
15,8,382.48,501.08,250.73,416.58,1,-1,-1,-1
15,9,533.62,347.73,320.74,607.33,1,-1,-1,-1
15,10,1860.16,501.04,59.84,375.95,1,-1,-1,-1
16,1,22.35,628.60,172.60,265.60,1,-1,-1,-1
16,2,1508.14,588.16,162.74,311.85,1,-1,-1,-1
16,3,1651.45,616.20,157.28,283.08,1,-1,-1,-1
16,4,1189.70,500.27,232.05,439.67,1,-1,-1,-1
16,5,719.57,235.68,310.31,742.27,1,-1,-1,-1
16,6,198.09,612.98,142.34,283.92,1,-1,-1,-1
16,7,953.62,349.76,260.89,599.72,1,-1,-1,-1
16,8,368.68,513.75,241.96,401.16,1,-1,-1,-1
16,9,536.84,334.44,337.93,623.94,1,-1,-1,-1
16,10,1848.41,530.50,71.59,362.74,1,-1,-1,-1
16,11,1279.76,540.74,305.04,371.25,1,-1,-1,-1
17,1,22.51,639.92,171.71,253.31,1,-1,-1,-1
17,2,1506.74,593.40,171.91,304.32,1,-1,-1,-1
17,3,1638.14,616.80,162.86,281.41,1,-1,-1,-1
17,4,1196.45,502.48,230.93,438.88,1,-1,-1,-1
17,5,765.28,238.64,239.93,744.12,1,-1,-1,-1
17,6,197.65,610.48,141.00,286.85,1,-1,-1,-1
17,7,978.35,349.59,224.96,601.88,1,-1,-1,-1
17,8,364.29,527.84,229.31,385.42,1,-1,-1,-1
17,9,550.81,330.54,266.32,622.33,1,-1,-1,-1
17,10,1833.70,553.36,86.30,343.26,1,-1,-1,-1
17,11,1296.89,540.78,294.83,382.28,1,-1,-1,-1
17,12,420.20,500.73,227.89,439.71,1,-1,-1,-1
18,1,27.33,648.76,166.92,245.99,1,-1,-1,-1
18,2,1510.75,604.99,174.64,293.22,1,-1,-1,-1
18,3,1639.24,614.32,154.43,282.92,1,-1,-1,-1
18,4,1206.98,503.37,219.58,438.07,1,-1,-1,-1
18,5,741.79,242.74,267.82,738.79,1,-1,-1,-1
18,6,195.53,596.17,138.68,301.60,1,-1,-1,-1
18,7,999.09,347.76,194.88,598.95,1,-1,-1,-1
18,8,362.40,530.47,236.53,386.61,1,-1,-1,-1
18,9,564.47,329.17,239.33,620.60,1,-1,-1,-1
18,10,1823.64,559.04,96.36,348.36,1,-1,-1,-1
18,11,1308.24,540.31,284.43,383.21,1,-1,-1,-1
18,12,391.43,507.62,248.19,428.84,1,-1,-1,-1
19,1,39.50,649.46,153.28,247.20,1,-1,-1,-1
19,2,1510.07,615.66,177.96,287.35,1,-1,-1,-1
19,3,1631.68,610.67,148.64,282.76,1,-1,-1,-1
19,4,1227.27,481.98,192.91,461.37,1,-1,-1,-1
19,5,680.65,187.67,416.54,798.12,1,-1,-1,-1
19,6,195.17,567.26,137.82,331.88,1,-1,-1,-1
19,7,980.12,298.90,286.46,648.54,1,-1,-1,-1
19,8,362.40,530.47,236.53,386.61,1,-1,-1,-1
19,9,523.64,327.18,304.91,622.38,1,-1,-1,-1
19,10,1805.79,581.54,114.21,320.07,1,-1,-1,-1
19,11,1318.25,530.43,276.51,390.81,1,-1,-1,-1
19,12,381.47,499.76,243.47,446.94,1,-1,-1,-1
20,1,43.98,636.55,146.20,261.03,1,-1,-1,-1
20,2,1508.16,609.45,176.43,294.24,1,-1,-1,-1
20,3,1624.25,597.55,149.98,295.52,1,-1,-1,-1
20,4,1223.96,463.30,199.35,480.80,1,-1,-1,-1
20,5,683.41,184.07,407.09,798.92,1,-1,-1,-1
20,6,193.67,548.77,140.38,351.00,1,-1,-1,-1
20,7,964.80,281.08,339.96,666.28,1,-1,-1,-1
20,8,370.95,498.63,243.84,443.73,1,-1,-1,-1
20,9,510.68,327.04,324.90,623.67,1,-1,-1,-1
20,10,1798.71,579.98,121.26,323.01,1,-1,-1,-1
20,11,1322.08,515.72,274.01,405.95,1,-1,-1,-1
20,12,368.71,496.94,253.41,447.47,1,-1,-1,-1
20,14,0.00,561.71,52.76,331.35,1,-1,-1,-1
21,1,47.73,622.52,141.40,275.12,1,-1,-1,-1
21,2,1519.44,593.88,154.31,308.81,1,-1,-1,-1
21,3,1612.79,581.39,157.08,308.84,1,-1,-1,-1
21,4,1218.51,443.09,195.46,502.76,1,-1,-1,-1
21,5,683.37,195.42,382.65,790.29,1,-1,-1,-1
21,6,190.99,532.18,147.86,367.05,1,-1,-1,-1
21,7,965.47,277.54,328.39,671.51,1,-1,-1,-1
21,8,370.95,498.63,243.84,443.73,1,-1,-1,-1
21,9,491.22,311.59,339.92,643.51,1,-1,-1,-1
21,10,1791.13,576.13,128.85,322.15,1,-1,-1,-1
21,11,1336.28,500.29,262.45,419.85,1,-1,-1,-1
21,12,366.00,478.18,262.19,465.42,1,-1,-1,-1
21,14,0.00,567.71,58.69,329.42,1,-1,-1,-1
22,1,46.78,602.92,142.16,294.08,1,-1,-1,-1
22,2,1518.64,588.06,164.63,312.92,1,-1,-1,-1
22,3,1606.02,570.57,159.37,321.30,1,-1,-1,-1
22,4,1219.67,421.99,197.94,522.21,1,-1,-1,-1
22,5,675.20,189.91,399.98,796.99,1,-1,-1,-1
22,6,182.93,521.68,155.00,377.64,1,-1,-1,-1
22,7,973.08,282.91,324.06,667.73,1,-1,-1,-1
22,8,365.27,535.68,183.67,384.92,1,-1,-1,-1
22,9,490.82,328.05,340.40,627.57,1,-1,-1,-1
22,10,1786.26,566.00,133.74,332.65,1,-1,-1,-1
22,11,1336.31,488.22,261.25,431.03,1,-1,-1,-1
22,12,368.74,456.97,260.80,484.70,1,-1,-1,-1
22,14,0.00,563.89,64.13,334.21,1,-1,-1,-1
23,1,49.50,588.82,139.68,307.13,1,-1,-1,-1
23,2,1517.51,570.44,202.02,328.86,1,-1,-1,-1
23,3,1607.52,556.43,152.85,332.90,1,-1,-1,-1
23,4,1215.23,402.56,206.36,539.60,1,-1,-1,-1
23,5,678.76,183.03,390.19,804.20,1,-1,-1,-1
23,6,188.88,512.68,150.68,383.18,1,-1,-1,-1
23,7,980.22,288.25,325.02,663.48,1,-1,-1,-1
23,8,352.66,514.78,190.93,398.53,1,-1,-1,-1
23,9,498.65,333.59,334.47,620.84,1,-1,-1,-1
23,10,1780.54,557.38,137.90,338.82,1,-1,-1,-1
23,11,1342.21,475.67,248.17,440.22,1,-1,-1,-1
23,12,370.85,439.91,263.40,498.93,1,-1,-1,-1
23,14,0.00,559.09,73.72,338.29,1,-1,-1,-1
24,1,34.46,570.69,163.24,319.38,1,-1,-1,-1
24,2,1510.26,540.49,203.12,353.83,1,-1,-1,-1
24,3,1596.52,537.11,164.56,349.01,1,-1,-1,-1
24,4,1210.06,387.82,242.30,540.63,1,-1,-1,-1
24,5,700.59,239.70,348.05,745.50,1,-1,-1,-1
24,6,159.36,509.86,187.55,388.12,1,-1,-1,-1
24,7,986.41,328.64,327.30,621.65,1,-1,-1,-1
24,8,300.51,524.48,222.96,386.40,1,-1,-1,-1
24,9,506.46,348.85,329.79,604.17,1,-1,-1,-1
24,10,1753.56,535.37,154.20,345.24,1,-1,-1,-1
24,11,1335.58,466.60,262.31,429.46,1,-1,-1,-1
24,12,370.85,439.91,263.40,498.93,1,-1,-1,-1
24,14,0.28,553.07,94.00,335.69,1,-1,-1,-1
25,1,30.08,565.21,172.51,325.00,1,-1,-1,-1
25,2,1505.43,528.95,217.92,363.43,1,-1,-1,-1
25,3,1595.02,532.90,178.17,347.36,1,-1,-1,-1
25,4,1195.85,387.59,270.66,546.37,1,-1,-1,-1
25,5,717.78,242.50,336.91,743.34,1,-1,-1,-1
25,6,156.20,515.37,205.11,395.41,1,-1,-1,-1
25,7,967.78,366.82,318.72,584.22,1,-1,-1,-1
25,8,284.92,511.30,247.39,401.53,1,-1,-1,-1
25,9,506.96,352.82,278.59,600.17,1,-1,-1,-1
25,10,1753.56,535.37,154.20,345.24,1,-1,-1,-1
25,11,1323.04,465.23,278.84,422.16,1,-1,-1,-1
25,12,364.53,406.47,254.81,512.59,1,-1,-1,-1
25,14,0.29,550.95,100.66,337.34,1,-1,-1,-1
26,1,31.02,564.62,175.45,326.76,1,-1,-1,-1
26,2,1505.92,522.23,229.94,378.54,1,-1,-1,-1
26,3,1593.13,534.29,188.80,347.08,1,-1,-1,-1
26,4,1193.61,393.95,278.00,544.30,1,-1,-1,-1
26,5,765.11,246.91,314.10,737.83,1,-1,-1,-1
26,6,153.72,524.61,208.66,387.11,1,-1,-1,-1
26,7,986.22,365.24,283.13,587.06,1,-1,-1,-1
26,8,274.84,491.21,259.57,429.96,1,-1,-1,-1
26,9,521.04,357.20,295.37,594.92,1,-1,-1,-1
26,10,1753.56,535.37,154.20,345.24,1,-1,-1,-1
26,11,1312.87,471.15,296.43,425.55,1,-1,-1,-1
26,12,359.78,402.52,277.40,518.71,1,-1,-1,-1
26,14,0.25,551.64,106.28,340.28,1,-1,-1,-1
26,16,1719.07,525.40,178.85,353.59,1,-1,-1,-1
27,1,33.83,568.09,178.06,324.33,1,-1,-1,-1
27,2,1513.76,525.25,219.17,379.90,1,-1,-1,-1
27,3,1587.86,550.15,202.15,343.02,1,-1,-1,-1
27,4,1177.94,401.19,299.65,540.03,1,-1,-1,-1
27,5,759.84,249.16,305.44,739.13,1,-1,-1,-1
27,6,151.25,525.26,208.24,389.00,1,-1,-1,-1
27,7,978.16,346.48,296.29,607.62,1,-1,-1,-1
27,8,267.98,475.09,265.82,449.82,1,-1,-1,-1
27,9,521.98,361.87,279.27,589.66,1,-1,-1,-1
27,10,1753.56,535.37,154.20,345.24,1,-1,-1,-1
27,11,1334.75,508.41,280.54,389.23,1,-1,-1,-1
27,12,361.18,413.91,290.67,519.66,1,-1,-1,-1
27,14,0.03,553.83,106.36,340.70,1,-1,-1,-1
27,15,363.25,455.25,273.19,479.84,1,-1,-1,-1
27,16,1713.92,526.65,188.69,359.54,1,-1,-1,-1
28,1,22.96,578.12,181.42,317.59,1,-1,-1,-1
28,2,1506.11,525.57,225.35,381.83,1,-1,-1,-1
28,3,1585.37,544.24,204.83,345.42,1,-1,-1,-1
28,4,1179.52,402.06,296.49,537.65,1,-1,-1,-1
28,5,718.34,196.46,312.09,796.95,1,-1,-1,-1
28,6,149.69,526.80,202.52,387.72,1,-1,-1,-1
28,7,994.53,287.38,253.22,663.91,1,-1,-1,-1
28,8,264.44,471.26,265.64,447.40,1,-1,-1,-1
28,9,529.31,359.36,269.59,594.84,1,-1,-1,-1
28,10,1753.56,535.37,154.20,345.24,1,-1,-1,-1
28,11,1333.79,504.99,280.02,403.67,1,-1,-1,-1
28,12,360.57,409.32,288.09,530.61,1,-1,-1,-1
28,14,0.15,553.55,101.06,339.70,1,-1,-1,-1
28,15,363.25,455.25,273.19,479.84,1,-1,-1,-1
28,16,1697.65,529.87,209.23,361.87,1,-1,-1,-1
29,1,18.78,570.36,191.78,327.16,1,-1,-1,-1
29,2,1509.71,528.57,218.16,376.68,1,-1,-1,-1
29,3,1588.00,549.74,201.39,342.14,1,-1,-1,-1
29,4,1187.75,398.73,281.42,540.79,1,-1,-1,-1
29,5,718.34,196.46,312.09,796.95,1,-1,-1,-1
29,6,146.36,526.67,210.05,388.01,1,-1,-1,-1
29,7,974.00,347.29,256.63,605.92,1,-1,-1,-1
29,8,267.12,466.54,268.82,448.25,1,-1,-1,-1
29,9,533.63,298.14,273.28,659.26,1,-1,-1,-1
29,10,1753.56,535.37,154.20,345.24,1,-1,-1,-1
29,11,1342.00,497.17,274.30,422.18,1,-1,-1,-1
29,12,359.44,414.25,276.51,529.25,1,-1,-1,-1
29,14,0.30,555.69,101.50,340.02,1,-1,-1,-1
29,15,363.25,455.25,273.19,479.84,1,-1,-1,-1
29,16,1697.62,536.07,211.78,357.63,1,-1,-1,-1
30,1,23.48,567.71,185.11,329.15,1,-1,-1,-1
30,2,1511.36,528.70,219.72,378.92,1,-1,-1,-1
30,3,1585.59,550.34,201.71,343.35,1,-1,-1,-1
30,4,1189.10,399.41,279.80,540.22,1,-1,-1,-1
30,5,716.43,216.88,334.15,774.08,1,-1,-1,-1
30,6,146.05,526.54,207.04,387.37,1,-1,-1,-1
30,7,987.73,379.66,240.74,572.25,1,-1,-1,-1
30,8,267.50,464.73,265.08,450.73,1,-1,-1,-1
30,9,522.04,321.62,272.84,634.56,1,-1,-1,-1
30,10,1753.56,535.37,154.20,345.24,1,-1,-1,-1
30,11,1345.97,495.05,270.34,428.61,1,-1,-1,-1
30,12,362.66,413.69,272.84,530.02,1,-1,-1,-1
30,14,0.27,555.89,101.56,338.37,1,-1,-1,-1
30,15,274.81,461.82,273.93,455.59,1,-1,-1,-1
30,16,1701.63,537.98,203.77,355.72,1,-1,-1,-1
31,1,23.36,567.67,183.12,329.28,1,-1,-1,-1
31,2,1513.41,529.44,219.69,380.04,1,-1,-1,-1
31,3,1587.27,551.33,200.07,342.64,1,-1,-1,-1
31,4,1184.46,398.74,281.55,540.13,1,-1,-1,-1
31,5,628.19,296.03,414.33,696.57,1,-1,-1,-1
31,6,145.10,528.73,207.98,386.08,1,-1,-1,-1
31,7,956.46,301.41,305.39,655.33,1,-1,-1,-1
31,8,265.94,462.71,272.87,453.06,1,-1,-1,-1
31,9,499.58,381.76,270.19,572.13,1,-1,-1,-1
31,10,1753.56,535.37,154.20,345.24,1,-1,-1,-1
31,11,1347.10,492.81,266.23,429.42,1,-1,-1,-1
31,12,356.98,404.73,272.98,541.48,1,-1,-1,-1
31,14,0.30,555.51,104.49,339.26,1,-1,-1,-1
31,15,274.81,461.82,273.93,455.59,1,-1,-1,-1
31,16,1709.11,536.23,190.77,359.28,1,-1,-1,-1
31,17,695.83,291.88,342.81,701.90,1,-1,-1,-1
32,1,24.76,568.18,181.73,330.39,1,-1,-1,-1
32,2,1514.59,528.83,216.22,380.72,1,-1,-1,-1
32,3,1594.41,554.86,193.53,342.50,1,-1,-1,-1
32,4,1184.07,400.17,280.16,540.04,1,-1,-1,-1
32,5,628.19,296.03,414.33,696.57,1,-1,-1,-1
32,6,146.38,529.96,205.10,386.74,1,-1,-1,-1
32,7,944.95,338.96,310.07,618.94,1,-1,-1,-1
32,8,266.69,463.26,269.59,450.19,1,-1,-1,-1
32,9,535.63,381.81,241.26,573.64,1,-1,-1,-1
32,10,1753.56,535.37,154.20,345.24,1,-1,-1,-1
32,11,1347.60,492.33,265.17,430.36,1,-1,-1,-1
32,12,359.60,411.06,265.51,535.11,1,-1,-1,-1
32,14,0.25,555.66,103.85,338.59,1,-1,-1,-1
32,15,274.81,461.82,273.93,455.59,1,-1,-1,-1
32,16,1709.54,535.06,188.46,360.84,1,-1,-1,-1
32,17,704.34,343.21,364.43,653.45,1,-1,-1,-1
33,1,25.65,567.51,181.61,331.31,1,-1,-1,-1
33,2,1511.59,528.39,218.33,381.02,1,-1,-1,-1
33,3,1590.51,555.26,195.00,344.15,1,-1,-1,-1
33,4,1177.54,402.28,287.43,538.31,1,-1,-1,-1
33,5,628.19,296.03,414.33,696.57,1,-1,-1,-1
33,6,147.36,530.21,203.06,388.19,1,-1,-1,-1
33,7,967.17,417.54,282.23,541.10,1,-1,-1,-1
33,8,267.99,464.05,262.94,447.90,1,-1,-1,-1
33,9,538.41,382.79,272.63,570.68,1,-1,-1,-1
33,10,1753.56,535.37,154.20,345.24,1,-1,-1,-1
33,11,1353.55,496.30,257.32,429.24,1,-1,-1,-1
33,12,359.20,415.18,271.93,530.97,1,-1,-1,-1
33,14,0.31,555.70,102.33,338.75,1,-1,-1,-1
33,15,274.81,461.82,273.93,455.59,1,-1,-1,-1
33,16,1710.87,535.88,185.35,359.67,1,-1,-1,-1
33,17,743.26,390.68,357.20,613.57,1,-1,-1,-1
34,1,28.32,569.41,175.29,331.26,1,-1,-1,-1
34,2,1514.50,529.33,217.06,381.54,1,-1,-1,-1
34,3,1597.31,557.75,186.23,341.31,1,-1,-1,-1
34,4,1191.01,403.43,271.88,537.29,1,-1,-1,-1
34,5,628.19,296.03,414.33,696.57,1,-1,-1,-1
34,6,150.73,532.70,201.68,387.60,1,-1,-1,-1
34,7,949.75,486.10,299.83,478.09,1,-1,-1,-1
34,8,269.16,464.56,264.95,448.39,1,-1,-1,-1
34,9,543.57,459.11,248.24,500.27,1,-1,-1,-1
34,10,1753.56,535.37,154.20,345.24,1,-1,-1,-1
34,11,1361.46,497.91,246.59,430.69,1,-1,-1,-1
34,12,363.05,418.33,261.83,527.84,1,-1,-1,-1
34,14,0.24,557.45,101.08,335.93,1,-1,-1,-1
34,15,274.81,461.82,273.93,455.59,1,-1,-1,-1
34,16,1714.77,538.33,174.68,357.44,1,-1,-1,-1
34,17,709.15,486.79,366.52,516.74,1,-1,-1,-1
35,1,30.28,569.89,172.64,330.78,1,-1,-1,-1
35,2,1515.31,529.72,218.47,382.05,1,-1,-1,-1
35,3,1593.73,558.33,188.08,341.39,1,-1,-1,-1
35,4,1191.10,404.55,270.84,536.15,1,-1,-1,-1
35,5,628.19,296.03,414.33,696.57,1,-1,-1,-1
35,6,150.85,533.57,200.11,386.64,1,-1,-1,-1
35,7,960.77,529.98,284.43,430.91,1,-1,-1,-1
35,8,268.77,464.58,265.46,447.57,1,-1,-1,-1
35,9,539.99,515.94,260.70,442.13,1,-1,-1,-1
35,10,1753.56,535.37,154.20,345.24,1,-1,-1,-1
35,11,1361.22,496.96,248.26,430.80,1,-1,-1,-1
35,12,363.05,418.33,261.83,527.84,1,-1,-1,-1
35,14,0.28,558.55,104.11,336.52,1,-1,-1,-1
35,15,274.81,461.82,273.93,455.59,1,-1,-1,-1
35,16,1703.94,539.60,188.64,357.71,1,-1,-1,-1
35,17,686.34,546.14,380.69,458.83,1,-1,-1,-1
36,1,31.60,570.45,170.33,330.40,1,-1,-1,-1
36,2,1510.54,529.00,222.09,384.56,1,-1,-1,-1
36,3,1589.06,557.14,193.16,343.54,1,-1,-1,-1
36,4,1190.64,405.98,272.48,535.88,1,-1,-1,-1
36,5,728.59,567.48,350.49,435.93,1,-1,-1,-1
36,6,152.18,533.30,199.49,387.82,1,-1,-1,-1
36,7,966.89,568.74,281.20,391.68,1,-1,-1,-1
36,8,269.43,465.97,263.03,447.65,1,-1,-1,-1
36,9,516.07,572.55,294.63,388.09,1,-1,-1,-1
36,10,1753.56,535.37,154.20,345.24,1,-1,-1,-1
36,11,1362.42,496.64,245.33,431.17,1,-1,-1,-1
36,12,357.78,421.76,274.02,524.50,1,-1,-1,-1
36,14,0.28,558.95,105.80,336.48,1,-1,-1,-1
36,15,274.81,461.82,273.93,455.59,1,-1,-1,-1
36,16,1704.66,541.14,187.15,355.41,1,-1,-1,-1
36,17,686.59,597.22,390.54,407.73,1,-1,-1,-1
37,1,32.78,570.21,174.15,331.79,1,-1,-1,-1
37,2,1513.48,534.87,220.78,380.67,1,-1,-1,-1
37,3,1587.01,557.71,195.45,342.34,1,-1,-1,-1
37,4,1191.15,407.64,271.20,535.07,1,-1,-1,-1
37,5,728.59,567.48,350.49,435.93,1,-1,-1,-1
37,6,151.63,534.13,206.61,386.70,1,-1,-1,-1
37,7,961.44,613.79,291.62,348.18,1,-1,-1,-1
37,8,270.89,466.20,262.93,452.17,1,-1,-1,-1
37,9,501.78,625.07,270.99,336.77,1,-1,-1,-1
37,10,1753.56,535.37,154.20,345.24,1,-1,-1,-1
37,11,1364.17,497.61,241.99,429.41,1,-1,-1,-1
37,12,356.87,422.56,281.62,523.11,1,-1,-1,-1
37,14,0.22,559.55,105.22,337.79,1,-1,-1,-1
37,15,274.81,461.82,273.93,455.59,1,-1,-1,-1
37,16,1700.17,541.42,186.82,355.08,1,-1,-1,-1
37,17,718.03,618.37,351.70,386.43,1,-1,-1,-1
38,1,33.93,570.50,172.51,331.00,1,-1,-1,-1
38,2,1516.05,529.93,217.44,384.68,1,-1,-1,-1
38,3,1588.62,560.01,191.51,340.79,1,-1,-1,-1
38,4,1189.76,408.87,271.53,532.69,1,-1,-1,-1
38,5,728.59,567.48,350.49,435.93,1,-1,-1,-1
38,6,151.54,535.52,206.03,384.79,1,-1,-1,-1
38,7,934.69,647.20,319.00,315.24,1,-1,-1,-1
38,8,271.41,469.42,264.44,448.23,1,-1,-1,-1
38,9,505.48,659.93,265.04,301.52,1,-1,-1,-1
38,10,1753.56,535.37,154.20,345.24,1,-1,-1,-1
38,11,1363.50,498.83,242.80,429.18,1,-1,-1,-1
38,12,357.28,422.52,280.92,521.71,1,-1,-1,-1
38,14,0.27,559.95,105.34,336.97,1,-1,-1,-1
38,15,274.81,461.82,273.93,455.59,1,-1,-1,-1
38,16,1701.47,545.04,178.35,352.49,1,-1,-1,-1
38,17,750.51,582.97,313.76,418.11,1,-1,-1,-1
39,1,34.16,571.62,172.65,330.62,1,-1,-1,-1
39,2,1518.27,533.78,215.65,380.29,1,-1,-1,-1
39,3,1523.85,533.72,206.67,370.36,1,-1,-1,-1
39,4,1191.84,409.82,268.96,532.92,1,-1,-1,-1
39,5,728.59,567.48,350.49,435.93,1,-1,-1,-1
39,6,151.17,536.34,211.17,385.23,1,-1,-1,-1
39,7,964.89,633.25,278.80,328.13,1,-1,-1,-1
39,8,271.39,471.61,265.97,444.81,1,-1,-1,-1
39,9,534.91,627.57,247.51,335.37,1,-1,-1,-1
39,10,1753.56,535.37,154.20,345.24,1,-1,-1,-1
39,11,1364.90,499.22,239.40,427.98,1,-1,-1,-1
39,12,360.59,424.70,274.05,521.34,1,-1,-1,-1
39,13,1564.53,554.31,196.03,348.52,1,-1,-1,-1
39,14,0.26,561.10,105.74,332.29,1,-1,-1,-1
39,15,274.81,461.82,273.93,455.59,1,-1,-1,-1
39,16,1697.73,545.17,177.94,352.19,1,-1,-1,-1
39,17,763.77,499.58,294.11,499.59,1,-1,-1,-1
40,1,34.56,571.50,174.79,330.27,1,-1,-1,-1
40,2,1525.22,534.29,210.00,379.63,1,-1,-1,-1
40,3,1523.85,533.72,206.67,370.36,1,-1,-1,-1
40,4,1195.76,411.74,264.43,531.60,1,-1,-1,-1
40,5,728.59,567.48,350.49,435.93,1,-1,-1,-1
40,6,151.05,537.11,212.86,382.48,1,-1,-1,-1
40,7,988.22,590.99,256.00,370.64,1,-1,-1,-1
40,8,273.15,513.60,264.27,404.80,1,-1,-1,-1
40,9,547.00,586.32,249.63,377.75,1,-1,-1,-1
40,10,1753.56,535.37,154.20,345.24,1,-1,-1,-1
40,11,1364.85,500.25,238.72,427.90,1,-1,-1,-1
40,12,360.64,427.20,269.05,518.39,1,-1,-1,-1
40,13,1587.96,561.38,188.43,340.59,1,-1,-1,-1
40,14,0.26,561.67,106.70,331.91,1,-1,-1,-1
40,15,274.81,461.82,273.93,455.59,1,-1,-1,-1
40,16,1696.17,545.56,179.09,351.95,1,-1,-1,-1
40,17,764.15,444.37,279.56,556.04,1,-1,-1,-1
41,1,35.50,572.63,173.49,330.49,1,-1,-1,-1
41,2,1522.26,533.58,213.10,382.38,1,-1,-1,-1
41,3,1523.85,533.72,206.67,370.36,1,-1,-1,-1
41,4,1192.15,411.78,269.61,533.18,1,-1,-1,-1
41,5,728.59,567.48,350.49,435.93,1,-1,-1,-1
41,6,151.45,536.69,216.19,384.32,1,-1,-1,-1
41,7,990.27,543.18,258.57,421.13,1,-1,-1,-1
41,8,273.89,495.33,261.82,425.49,1,-1,-1,-1
41,9,566.03,543.71,242.03,417.56,1,-1,-1,-1
41,10,1753.56,535.37,154.20,345.24,1,-1,-1,-1
41,11,1362.27,500.48,243.09,427.65,1,-1,-1,-1
41,12,361.99,426.26,265.46,519.61,1,-1,-1,-1
41,13,1588.37,563.23,188.56,337.71,1,-1,-1,-1
41,14,0.24,561.54,108.72,331.18,1,-1,-1,-1
41,15,274.81,461.82,273.93,455.59,1,-1,-1,-1
41,16,1695.88,546.03,179.45,352.51,1,-1,-1,-1
41,17,764.15,444.37,279.56,556.04,1,-1,-1,-1
42,1,35.63,572.58,173.99,331.57,1,-1,-1,-1
42,2,1541.65,568.87,188.22,344.73,1,-1,-1,-1
42,3,1525.12,533.44,199.09,368.46,1,-1,-1,-1
42,4,1191.27,415.48,271.73,529.28,1,-1,-1,-1
42,5,728.59,567.48,350.49,435.93,1,-1,-1,-1
42,6,151.75,537.26,215.67,382.29,1,-1,-1,-1
42,7,998.22,496.66,248.87,464.28,1,-1,-1,-1
42,8,275.16,522.38,257.17,398.53,1,-1,-1,-1
42,9,572.47,499.34,239.24,462.53,1,-1,-1,-1
42,10,1753.56,535.37,154.20,345.24,1,-1,-1,-1
42,11,1364.99,501.28,239.52,426.11,1,-1,-1,-1
42,12,364.16,425.94,262.26,519.54,1,-1,-1,-1
42,13,1588.33,564.22,190.29,336.59,1,-1,-1,-1
42,14,0.29,561.86,108.97,331.15,1,-1,-1,-1
42,15,274.81,461.82,273.93,455.59,1,-1,-1,-1
42,16,1697.46,546.47,177.62,351.67,1,-1,-1,-1
42,17,764.15,444.37,279.56,556.04,1,-1,-1,-1
43,1,36.63,573.12,174.60,330.69,1,-1,-1,-1
43,2,1530.74,538.95,204.36,377.54,1,-1,-1,-1
43,3,1528.25,534.20,197.68,368.54,1,-1,-1,-1
43,4,1196.10,416.90,268.62,526.89,1,-1,-1,-1
43,5,728.59,567.48,350.49,435.93,1,-1,-1,-1
43,6,151.95,537.28,216.41,383.23,1,-1,-1,-1
43,7,1006.33,458.43,232.30,503.56,1,-1,-1,-1
43,8,275.67,515.75,260.86,405.47,1,-1,-1,-1
43,9,576.39,462.77,235.55,499.45,1,-1,-1,-1
43,10,1753.56,535.37,154.20,345.24,1,-1,-1,-1
43,11,1362.38,501.83,242.59,425.00,1,-1,-1,-1
43,12,371.46,424.89,257.10,518.91,1,-1,-1,-1
43,13,1589.26,564.76,188.17,336.31,1,-1,-1,-1
43,14,0.30,562.07,108.78,332.63,1,-1,-1,-1
43,15,274.81,461.82,273.93,455.59,1,-1,-1,-1
43,16,1698.17,547.04,177.25,351.81,1,-1,-1,-1
43,17,764.15,444.37,279.56,556.04,1,-1,-1,-1
43,20,754.71,311.99,271.78,677.53,1,-1,-1,-1
44,1,37.13,572.91,181.02,331.02,1,-1,-1,-1
44,2,1526.24,535.84,207.12,378.86,1,-1,-1,-1
44,3,1528.25,534.20,197.68,368.54,1,-1,-1,-1
44,4,1195.61,418.84,270.25,523.21,1,-1,-1,-1
44,5,728.59,567.48,350.49,435.93,1,-1,-1,-1
44,6,155.02,540.46,216.34,380.25,1,-1,-1,-1
44,7,1015.22,412.71,222.44,537.77,1,-1,-1,-1
44,8,277.10,530.99,259.01,392.78,1,-1,-1,-1
44,9,589.66,411.01,215.55,541.30,1,-1,-1,-1
44,10,1753.56,535.37,154.20,345.24,1,-1,-1,-1
44,11,1360.21,502.10,246.05,424.93,1,-1,-1,-1
44,12,374.62,425.15,250.84,519.17,1,-1,-1,-1
44,13,1582.06,565.82,197.14,338.16,1,-1,-1,-1
44,14,0.30,564.71,113.47,330.71,1,-1,-1,-1
44,15,274.81,461.82,273.93,455.59,1,-1,-1,-1
44,16,1692.82,546.52,180.79,352.12,1,-1,-1,-1
44,17,764.15,444.37,279.56,556.04,1,-1,-1,-1
44,20,767.10,272.55,270.78,697.11,1,-1,-1,-1
45,1,36.67,572.86,183.44,330.03,1,-1,-1,-1
45,2,1526.22,537.25,207.56,378.24,1,-1,-1,-1
45,3,1528.25,534.20,197.68,368.54,1,-1,-1,-1
45,4,1199.89,419.69,266.15,523.15,1,-1,-1,-1
45,5,728.59,567.48,350.49,435.93,1,-1,-1,-1
45,6,158.47,541.18,212.34,379.36,1,-1,-1,-1
45,7,1024.35,398.89,218.62,528.90,1,-1,-1,-1
45,8,278.77,535.58,256.11,389.99,1,-1,-1,-1
45,9,589.66,411.01,215.55,541.30,1,-1,-1,-1
45,10,1753.56,535.37,154.20,345.24,1,-1,-1,-1
45,11,1361.21,502.07,245.24,425.40,1,-1,-1,-1
45,12,374.95,426.28,251.59,517.23,1,-1,-1,-1
45,13,1587.00,567.60,193.29,337.41,1,-1,-1,-1
45,14,0.37,565.64,112.75,328.79,1,-1,-1,-1
45,15,274.81,461.82,273.93,455.59,1,-1,-1,-1
45,16,1692.27,547.37,182.21,351.58,1,-1,-1,-1
45,17,764.15,444.37,279.56,556.04,1,-1,-1,-1
45,20,748.47,262.18,304.38,707.32,1,-1,-1,-1
45,21,605.62,392.89,224.07,537.47,1,-1,-1,-1
46,1,37.48,573.97,181.96,328.50,1,-1,-1,-1
46,2,1524.51,536.96,207.81,380.32,1,-1,-1,-1
46,3,1528.25,534.20,197.68,368.54,1,-1,-1,-1
46,4,1197.52,419.53,268.91,522.93,1,-1,-1,-1
46,5,728.59,567.48,350.49,435.93,1,-1,-1,-1
46,6,160.52,541.27,212.13,380.84,1,-1,-1,-1
46,7,1031.14,389.26,229.98,526.58,1,-1,-1,-1
46,8,278.77,535.58,256.11,389.99,1,-1,-1,-1
46,9,589.66,411.01,215.55,541.30,1,-1,-1,-1
46,10,1753.56,535.37,154.20,345.24,1,-1,-1,-1
46,11,1362.15,502.19,243.56,425.49,1,-1,-1,-1
46,12,376.27,426.90,253.68,515.71,1,-1,-1,-1
46,13,1584.11,567.47,195.41,338.06,1,-1,-1,-1
46,14,0.67,567.12,121.68,318.81,1,-1,-1,-1
46,15,274.81,461.82,273.93,455.59,1,-1,-1,-1
46,16,1692.58,547.70,181.55,351.17,1,-1,-1,-1
46,17,764.15,444.37,279.56,556.04,1,-1,-1,-1
46,20,765.84,259.20,287.44,672.55,1,-1,-1,-1
46,21,611.04,385.46,240.87,544.88,1,-1,-1,-1
47,1,38.44,574.49,182.09,326.84,1,-1,-1,-1
47,2,1524.06,536.50,208.07,381.05,1,-1,-1,-1
47,3,1528.25,534.20,197.68,368.54,1,-1,-1,-1
47,4,1199.28,420.86,267.25,519.55,1,-1,-1,-1
47,5,728.59,567.48,350.49,435.93,1,-1,-1,-1
47,6,162.53,540.58,210.82,381.63,1,-1,-1,-1
47,7,1013.35,383.84,269.53,554.88,1,-1,-1,-1
47,8,282.79,534.85,252.08,390.08,1,-1,-1,-1
47,9,589.66,411.01,215.55,541.30,1,-1,-1,-1
47,10,1753.56,535.37,154.20,345.24,1,-1,-1,-1
47,11,1362.64,502.40,241.79,425.78,1,-1,-1,-1
47,12,375.73,427.05,256.24,516.56,1,-1,-1,-1
47,13,1585.80,566.34,193.72,338.09,1,-1,-1,-1
47,14,0.07,564.31,130.37,327.32,1,-1,-1,-1
47,15,274.81,461.82,273.93,455.59,1,-1,-1,-1
47,16,1691.06,548.12,182.49,350.96,1,-1,-1,-1
47,17,764.15,444.37,279.56,556.04,1,-1,-1,-1
47,20,750.69,262.13,307.52,717.96,1,-1,-1,-1
47,21,610.27,381.72,262.72,559.33,1,-1,-1,-1
48,1,39.37,574.66,182.52,328.37,1,-1,-1,-1
48,2,1525.53,536.69,208.04,380.26,1,-1,-1,-1
48,3,1528.25,534.20,197.68,368.54,1,-1,-1,-1
48,4,1182.32,421.34,284.61,522.05,1,-1,-1,-1
48,5,728.59,567.48,350.49,435.93,1,-1,-1,-1
48,6,165.49,540.79,208.19,382.49,1,-1,-1,-1
48,7,1008.89,378.69,290.01,576.51,1,-1,-1,-1
48,8,286.15,530.96,254.64,394.39,1,-1,-1,-1
48,9,589.66,411.01,215.55,541.30,1,-1,-1,-1
48,10,1753.56,535.37,154.20,345.24,1,-1,-1,-1
48,11,1362.83,502.56,242.65,425.65,1,-1,-1,-1
48,12,380.56,427.71,253.51,517.18,1,-1,-1,-1
48,13,1585.66,566.75,194.26,338.23,1,-1,-1,-1
48,14,0.57,566.04,127.10,318.85,1,-1,-1,-1
48,15,274.81,461.82,273.93,455.59,1,-1,-1,-1
48,16,1688.63,548.45,184.70,350.20,1,-1,-1,-1
48,17,764.15,444.37,279.56,556.04,1,-1,-1,-1
48,20,743.03,265.33,308.66,725.11,1,-1,-1,-1
48,21,605.18,383.09,275.03,582.89,1,-1,-1,-1
48,24,370.50,433.28,255.89,506.03,1,-1,-1,-1
49,1,43.74,577.70,172.83,324.09,1,-1,-1,-1
49,2,1524.91,538.53,209.29,378.65,1,-1,-1,-1
49,3,1525.05,536.85,202.92,369.95,1,-1,-1,-1
49,4,1185.24,420.84,282.41,524.71,1,-1,-1,-1
49,5,728.59,567.48,350.49,435.93,1,-1,-1,-1
49,6,169.71,541.92,205.61,380.15,1,-1,-1,-1
49,7,998.67,384.64,303.94,575.32,1,-1,-1,-1
49,8,287.32,492.51,256.20,435.18,1,-1,-1,-1
49,9,589.66,411.01,215.55,541.30,1,-1,-1,-1
49,10,1753.56,535.37,154.20,345.24,1,-1,-1,-1
49,11,1363.91,502.21,242.80,426.86,1,-1,-1,-1
49,12,381.36,427.27,253.90,519.84,1,-1,-1,-1
49,13,1582.80,568.93,196.66,334.98,1,-1,-1,-1
49,14,0.42,565.81,122.55,321.92,1,-1,-1,-1
49,15,274.81,461.82,273.93,455.59,1,-1,-1,-1
49,16,1691.46,551.20,181.52,347.37,1,-1,-1,-1
49,17,764.15,444.37,279.56,556.04,1,-1,-1,-1
49,20,744.03,262.82,303.51,721.32,1,-1,-1,-1
49,21,616.56,380.89,254.87,589.48,1,-1,-1,-1
49,24,370.50,433.28,255.89,506.03,1,-1,-1,-1
50,1,46.13,577.60,171.98,324.40,1,-1,-1,-1
50,2,1524.91,538.53,209.29,378.65,1,-1,-1,-1
50,3,1523.11,538.08,208.27,375.59,1,-1,-1,-1
50,4,1182.61,421.29,286.13,520.56,1,-1,-1,-1
50,5,728.59,567.48,350.49,435.93,1,-1,-1,-1
50,6,171.38,541.40,205.63,380.56,1,-1,-1,-1
50,7,1001.74,386.05,298.95,574.72,1,-1,-1,-1
50,8,289.16,485.11,256.20,445.47,1,-1,-1,-1
50,9,589.66,411.01,215.55,541.30,1,-1,-1,-1
50,10,1753.56,535.37,154.20,345.24,1,-1,-1,-1
50,11,1363.15,501.47,245.37,427.67,1,-1,-1,-1
50,12,380.52,426.66,258.08,521.19,1,-1,-1,-1
50,13,1580.29,568.40,197.48,335.67,1,-1,-1,-1
50,14,0.04,563.95,131.97,326.86,1,-1,-1,-1
50,15,274.81,461.82,273.93,455.59,1,-1,-1,-1
50,16,1692.97,553.29,179.55,345.28,1,-1,-1,-1
50,17,764.15,444.37,279.56,556.04,1,-1,-1,-1
50,20,745.07,259.35,298.74,723.89,1,-1,-1,-1
50,21,614.69,380.69,255.10,587.46,1,-1,-1,-1
50,24,370.50,433.28,255.89,506.03,1,-1,-1,-1
51,1,49.72,577.11,168.64,323.87,1,-1,-1,-1
51,2,1526.41,539.29,207.07,375.67,1,-1,-1,-1
51,3,1526.04,538.05,200.09,368.24,1,-1,-1,-1
51,4,1188.16,421.89,280.24,520.53,1,-1,-1,-1
51,5,728.59,567.48,350.49,435.93,1,-1,-1,-1
51,6,171.48,541.80,207.11,379.59,1,-1,-1,-1
51,7,1007.08,382.78,295.01,578.33,1,-1,-1,-1
51,8,290.04,501.70,253.10,428.10,1,-1,-1,-1
51,9,589.66,411.01,215.55,541.30,1,-1,-1,-1
51,10,1753.56,535.37,154.20,345.24,1,-1,-1,-1
51,11,1364.87,501.39,243.33,428.47,1,-1,-1,-1
51,12,384.25,426.70,252.99,520.06,1,-1,-1,-1
51,13,1579.88,568.97,196.56,335.17,1,-1,-1,-1
51,14,0.00,564.71,129.77,327.73,1,-1,-1,-1
51,15,274.81,461.82,273.93,455.59,1,-1,-1,-1
51,16,1695.70,589.69,175.53,309.12,1,-1,-1,-1
51,17,764.15,444.37,279.56,556.04,1,-1,-1,-1
51,19,802.41,508.42,210.35,392.81,1,-1,-1,-1
51,20,742.53,258.77,288.85,723.16,1,-1,-1,-1
51,21,606.86,380.50,259.05,589.85,1,-1,-1,-1
51,24,370.50,433.28,255.89,506.03,1,-1,-1,-1
52,1,53.00,578.84,168.41,323.33,1,-1,-1,-1
52,2,1531.08,540.00,202.12,373.83,1,-1,-1,-1
52,3,1528.62,538.13,195.46,365.77,1,-1,-1,-1
52,4,1192.49,422.91,276.85,521.08,1,-1,-1,-1
52,5,728.59,567.48,350.49,435.93,1,-1,-1,-1
52,6,172.21,542.28,205.95,378.78,1,-1,-1,-1
52,7,1009.82,382.43,292.45,579.73,1,-1,-1,-1
52,8,291.55,510.26,249.24,421.30,1,-1,-1,-1
52,9,589.66,411.01,215.55,541.30,1,-1,-1,-1
52,10,1753.56,535.37,154.20,345.24,1,-1,-1,-1
52,11,1365.99,501.71,243.98,428.89,1,-1,-1,-1
52,12,386.91,427.38,250.54,515.03,1,-1,-1,-1
52,13,1580.87,570.40,195.20,333.48,1,-1,-1,-1
52,14,0.00,565.25,129.77,326.67,1,-1,-1,-1
52,15,274.81,461.82,273.93,455.59,1,-1,-1,-1
52,16,1697.53,591.45,174.03,307.52,1,-1,-1,-1
52,17,764.15,444.37,279.56,556.04,1,-1,-1,-1
52,19,802.41,508.42,210.35,392.81,1,-1,-1,-1
52,20,740.24,264.40,277.16,715.80,1,-1,-1,-1
52,21,601.46,381.27,262.55,582.18,1,-1,-1,-1
52,24,370.50,433.28,255.89,506.03,1,-1,-1,-1
53,1,52.32,578.80,172.28,324.23,1,-1,-1,-1
53,2,1525.65,539.47,206.26,373.29,1,-1,-1,-1
53,3,1528.62,538.13,195.46,365.77,1,-1,-1,-1
53,4,1192.37,422.51,278.86,521.33,1,-1,-1,-1
53,5,728.59,567.48,350.49,435.93,1,-1,-1,-1
53,6,174.58,542.71,205.80,378.32,1,-1,-1,-1
53,7,1011.23,382.65,292.34,578.74,1,-1,-1,-1
53,8,293.13,489.26,250.73,440.16,1,-1,-1,-1
53,9,589.66,411.01,215.55,541.30,1,-1,-1,-1
53,10,1753.56,535.37,154.20,345.24,1,-1,-1,-1
53,11,1366.42,501.84,244.42,426.08,1,-1,-1,-1
53,12,388.87,427.60,250.55,514.55,1,-1,-1,-1
53,13,1582.77,568.65,194.68,336.16,1,-1,-1,-1
53,14,0.34,564.78,127.26,321.39,1,-1,-1,-1
53,15,274.81,461.82,273.93,455.59,1,-1,-1,-1
53,16,1699.22,593.96,172.81,304.91,1,-1,-1,-1
53,17,764.15,444.37,279.56,556.04,1,-1,-1,-1
53,19,837.28,528.74,171.67,370.20,1,-1,-1,-1
53,20,729.86,269.54,274.91,701.75,1,-1,-1,-1
53,21,604.09,384.03,295.54,573.98,1,-1,-1,-1
53,24,370.50,433.28,255.89,506.03,1,-1,-1,-1
54,1,53.88,576.96,172.21,325.11,1,-1,-1,-1
54,2,1533.28,539.59,199.87,372.90,1,-1,-1,-1
54,3,1528.62,538.13,195.46,365.77,1,-1,-1,-1
54,4,1188.03,421.84,285.64,520.72,1,-1,-1,-1
54,5,728.59,567.48,350.49,435.93,1,-1,-1,-1
54,6,176.58,542.79,205.21,375.75,1,-1,-1,-1
54,7,1016.02,380.17,288.84,579.37,1,-1,-1,-1
54,8,297.94,490.87,245.89,436.16,1,-1,-1,-1
54,9,589.66,411.01,215.55,541.30,1,-1,-1,-1
54,10,1753.56,535.37,154.20,345.24,1,-1,-1,-1
54,11,1366.70,500.75,245.34,428.33,1,-1,-1,-1
54,12,390.59,427.91,250.41,517.91,1,-1,-1,-1
54,13,1584.21,569.68,191.95,334.08,1,-1,-1,-1
54,14,0.03,561.31,131.62,328.14,1,-1,-1,-1
54,15,274.81,461.82,273.93,455.59,1,-1,-1,-1
54,16,1700.96,590.59,170.78,308.27,1,-1,-1,-1
54,17,764.15,444.37,279.56,556.04,1,-1,-1,-1
54,19,837.28,528.74,171.67,370.20,1,-1,-1,-1
54,20,738.06,273.40,268.99,699.83,1,-1,-1,-1
54,21,605.60,384.55,265.52,575.46,1,-1,-1,-1
54,24,370.50,433.28,255.89,506.03,1,-1,-1,-1
55,1,55.31,577.13,171.86,323.74,1,-1,-1,-1
55,2,1533.13,539.64,202.47,373.98,1,-1,-1,-1
55,3,1532.42,538.18,194.58,364.54,1,-1,-1,-1
55,4,1189.34,421.61,285.93,520.59,1,-1,-1,-1
55,5,728.59,567.48,350.49,435.93,1,-1,-1,-1
55,6,175.83,539.31,206.60,374.81,1,-1,-1,-1
55,7,1015.43,379.33,291.88,580.49,1,-1,-1,-1
55,8,299.78,481.85,247.77,442.78,1,-1,-1,-1
55,9,589.66,411.01,215.55,541.30,1,-1,-1,-1
55,11,1369.85,500.42,244.21,427.23,1,-1,-1,-1
55,12,391.20,427.99,253.01,518.00,1,-1,-1,-1
55,13,1583.71,569.97,193.92,333.20,1,-1,-1,-1
55,14,0.22,562.75,130.55,324.44,1,-1,-1,-1
55,15,274.81,461.82,273.93,455.59,1,-1,-1,-1
55,16,1707.27,599.02,165.55,299.28,1,-1,-1,-1
55,17,764.15,444.37,279.56,556.04,1,-1,-1,-1
55,19,837.28,528.74,171.67,370.20,1,-1,-1,-1
55,20,763.47,273.18,250.28,712.30,1,-1,-1,-1
55,21,604.68,384.64,255.90,576.34,1,-1,-1,-1
55,24,370.50,433.28,255.89,506.03,1,-1,-1,-1
56,1,60.53,575.93,172.84,325.13,1,-1,-1,-1
56,2,1532.65,539.09,204.24,375.51,1,-1,-1,-1
56,3,1533.30,538.16,195.43,363.79,1,-1,-1,-1
56,4,1193.64,422.61,283.96,521.24,1,-1,-1,-1
56,5,728.59,567.48,350.49,435.93,1,-1,-1,-1
56,6,177.00,535.61,206.09,378.27,1,-1,-1,-1
56,7,1017.93,377.27,290.97,582.23,1,-1,-1,-1
56,8,299.07,473.64,249.75,448.75,1,-1,-1,-1
56,9,589.66,411.01,215.55,541.30,1,-1,-1,-1
56,11,1369.77,499.18,247.63,428.31,1,-1,-1,-1
56,12,394.34,427.32,248.29,515.73,1,-1,-1,-1
56,13,1583.99,569.78,196.47,334.00,1,-1,-1,-1
56,14,0.16,561.58,131.08,327.82,1,-1,-1,-1
56,15,274.81,461.82,273.93,455.59,1,-1,-1,-1
56,16,1707.27,599.02,165.55,299.28,1,-1,-1,-1
56,17,764.15,444.37,279.56,556.04,1,-1,-1,-1
56,19,837.28,528.74,171.67,370.20,1,-1,-1,-1
56,20,792.32,259.80,222.18,731.48,1,-1,-1,-1
56,21,605.60,384.84,249.27,571.36,1,-1,-1,-1
56,22,1541.77,557.67,192.09,355.13,1,-1,-1,-1
56,24,370.50,433.28,255.89,506.03,1,-1,-1,-1
57,1,62.62,576.19,173.08,325.08,1,-1,-1,-1
57,2,1532.65,539.09,204.24,375.51,1,-1,-1,-1
57,3,1530.38,538.03,200.06,363.60,1,-1,-1,-1
57,4,1191.93,419.62,288.07,523.40,1,-1,-1,-1
57,5,728.59,567.48,350.49,435.93,1,-1,-1,-1
57,6,176.65,535.36,206.93,377.31,1,-1,-1,-1
57,7,1023.23,377.45,288.20,579.94,1,-1,-1,-1
57,8,300.17,472.98,250.32,447.33,1,-1,-1,-1
57,9,589.66,411.01,215.55,541.30,1,-1,-1,-1
57,11,1370.46,499.34,249.93,427.31,1,-1,-1,-1
57,12,398.53,427.09,249.83,513.44,1,-1,-1,-1
57,13,1591.24,572.60,193.10,328.68,1,-1,-1,-1
57,14,0.16,562.19,134.01,328.13,1,-1,-1,-1
57,15,274.81,461.82,273.93,455.59,1,-1,-1,-1
57,16,1711.64,600.58,165.06,297.76,1,-1,-1,-1
57,17,764.15,444.37,279.56,556.04,1,-1,-1,-1
57,19,842.98,554.25,171.49,357.95,1,-1,-1,-1
57,20,792.32,259.80,222.18,731.48,1,-1,-1,-1
57,21,614.26,382.51,245.59,571.88,1,-1,-1,-1
57,22,1540.94,557.41,192.24,356.85,1,-1,-1,-1
57,24,680.15,150.00,295.06,846.30,1,-1,-1,-1
57,25,394.91,428.54,253.01,513.59,1,-1,-1,-1
57,26,1707.80,550.85,165.04,344.21,1,-1,-1,-1
58,1,63.96,575.74,172.31,324.21,1,-1,-1,-1
58,2,1583.76,565.83,195.82,333.88,1,-1,-1,-1
58,3,1537.87,538.36,192.18,362.73,1,-1,-1,-1
58,4,1198.73,420.44,283.71,523.25,1,-1,-1,-1
58,5,728.59,567.48,350.49,435.93,1,-1,-1,-1
58,6,175.55,536.35,209.71,375.73,1,-1,-1,-1
58,7,1030.17,375.16,281.16,580.65,1,-1,-1,-1
58,8,300.31,472.56,257.77,448.01,1,-1,-1,-1
58,9,589.66,411.01,215.55,541.30,1,-1,-1,-1
58,11,1372.75,499.84,248.62,426.08,1,-1,-1,-1
58,12,400.58,429.93,251.48,510.36,1,-1,-1,-1
58,13,1696.37,554.58,156.79,333.91,1,-1,-1,-1
58,14,0.03,561.59,139.35,329.44,1,-1,-1,-1
58,15,274.81,461.82,273.93,455.59,1,-1,-1,-1
58,16,1714.65,600.58,165.38,297.17,1,-1,-1,-1
58,17,764.15,444.37,279.56,556.04,1,-1,-1,-1
58,19,841.04,544.54,176.03,360.38,1,-1,-1,-1
58,20,792.32,259.80,222.18,731.48,1,-1,-1,-1
58,21,617.75,384.09,247.15,566.88,1,-1,-1,-1
58,22,1546.93,564.08,186.62,348.79,1,-1,-1,-1
58,24,731.83,111.16,278.41,889.73,1,-1,-1,-1
58,25,397.83,431.39,252.57,510.42,1,-1,-1,-1
58,26,1709.88,549.58,164.76,344.96,1,-1,-1,-1
59,1,65.63,582.67,172.41,317.83,1,-1,-1,-1
59,2,1592.34,569.11,191.68,328.92,1,-1,-1,-1
59,3,1539.28,538.62,182.97,361.97,1,-1,-1,-1
59,4,1213.76,418.45,271.28,525.00,1,-1,-1,-1
59,5,728.59,567.48,350.49,435.93,1,-1,-1,-1
59,6,178.97,534.24,209.49,376.05,1,-1,-1,-1
59,7,1033.40,378.64,267.13,576.35,1,-1,-1,-1
59,8,303.85,480.18,259.45,441.21,1,-1,-1,-1
59,9,589.66,411.01,215.55,541.30,1,-1,-1,-1
59,11,1368.42,498.24,258.00,428.13,1,-1,-1,-1
59,12,400.58,429.93,251.48,510.36,1,-1,-1,-1
59,13,1696.37,554.58,156.79,333.91,1,-1,-1,-1
59,14,0.13,572.61,144.27,310.44,1,-1,-1,-1
59,15,274.81,461.82,273.93,455.59,1,-1,-1,-1
59,16,1713.23,594.69,168.87,302.84,1,-1,-1,-1
59,17,764.15,444.37,279.56,556.04,1,-1,-1,-1
59,19,841.04,544.54,176.03,360.38,1,-1,-1,-1
59,20,786.05,299.68,258.77,697.65,1,-1,-1,-1
59,21,633.42,387.53,217.48,568.76,1,-1,-1,-1
59,22,1546.20,565.46,190.51,348.53,1,-1,-1,-1
59,24,731.83,111.16,278.41,889.73,1,-1,-1,-1
59,25,402.33,435.41,244.54,505.79,1,-1,-1,-1
59,26,1709.88,549.58,164.76,344.96,1,-1,-1,-1
60,1,66.13,576.08,172.64,324.13,1,-1,-1,-1
60,2,1591.63,568.63,198.56,331.55,1,-1,-1,-1
60,3,1539.28,538.62,182.97,361.97,1,-1,-1,-1
60,4,1202.04,417.91,283.12,525.04,1,-1,-1,-1
60,5,728.59,567.48,350.49,435.93,1,-1,-1,-1
60,6,179.83,535.02,209.75,375.41,1,-1,-1,-1
60,7,1035.23,372.89,254.71,582.81,1,-1,-1,-1
60,8,304.79,484.98,261.89,434.94,1,-1,-1,-1
60,9,589.66,411.01,215.55,541.30,1,-1,-1,-1
60,11,1368.44,497.92,260.02,427.15,1,-1,-1,-1
60,12,400.58,429.93,251.48,510.36,1,-1,-1,-1
60,13,1696.37,554.58,156.79,333.91,1,-1,-1,-1
60,14,0.18,563.30,145.08,317.45,1,-1,-1,-1
60,15,274.81,461.82,273.93,455.59,1,-1,-1,-1
60,16,1713.23,594.69,168.87,302.84,1,-1,-1,-1
60,17,764.15,444.37,279.56,556.04,1,-1,-1,-1
60,19,841.04,544.54,176.03,360.38,1,-1,-1,-1
60,20,735.28,222.04,322.41,780.22,1,-1,-1,-1
60,21,645.18,382.33,198.27,572.86,1,-1,-1,-1
60,22,1539.27,563.81,198.35,349.11,1,-1,-1,-1
60,24,731.83,111.16,278.41,889.73,1,-1,-1,-1
60,25,404.15,435.84,244.20,503.28,1,-1,-1,-1
60,26,1715.02,576.18,168.52,319.37,1,-1,-1,-1
61,1,67.12,574.07,175.06,323.15,1,-1,-1,-1
61,2,1590.82,567.88,200.43,331.97,1,-1,-1,-1
61,3,1537.80,538.02,174.19,356.00,1,-1,-1,-1
61,4,1206.47,418.59,278.49,518.16,1,-1,-1,-1
61,5,728.59,567.48,350.49,435.93,1,-1,-1,-1
61,6,181.41,534.73,210.52,374.04,1,-1,-1,-1
61,7,1039.10,372.89,248.00,581.96,1,-1,-1,-1
61,8,306.86,473.44,255.33,447.38,1,-1,-1,-1
61,9,589.66,411.01,215.55,541.30,1,-1,-1,-1
61,11,1365.94,498.01,260.61,423.74,1,-1,-1,-1
61,12,400.58,429.93,251.48,510.36,1,-1,-1,-1
61,13,1696.37,554.58,156.79,333.91,1,-1,-1,-1
61,14,0.26,563.95,144.76,316.06,1,-1,-1,-1
61,16,1713.23,594.69,168.87,302.84,1,-1,-1,-1
61,17,764.15,444.37,279.56,556.04,1,-1,-1,-1
61,19,841.04,544.54,176.03,360.38,1,-1,-1,-1
61,20,723.28,184.92,331.04,820.40,1,-1,-1,-1
61,21,650.24,375.24,185.52,577.90,1,-1,-1,-1
61,22,1537.47,558.12,197.13,355.25,1,-1,-1,-1
61,24,731.83,111.16,278.41,889.73,1,-1,-1,-1
61,25,400.53,436.04,236.09,500.14,1,-1,-1,-1
61,26,1714.19,553.75,171.59,340.99,1,-1,-1,-1
62,1,66.47,573.69,176.51,324.36,1,-1,-1,-1
62,2,1591.88,567.14,199.62,331.03,1,-1,-1,-1
62,3,1532.86,537.42,190.22,361.07,1,-1,-1,-1
62,4,1203.69,419.81,280.70,517.94,1,-1,-1,-1
62,5,728.59,567.48,350.49,435.93,1,-1,-1,-1
62,6,180.33,534.28,210.11,374.73,1,-1,-1,-1
62,7,1043.27,369.72,244.47,581.68,1,-1,-1,-1
62,8,308.20,471.62,262.83,447.60,1,-1,-1,-1
62,9,589.66,411.01,215.55,541.30,1,-1,-1,-1
62,11,1369.39,499.10,254.42,411.78,1,-1,-1,-1
62,12,400.58,429.93,251.48,510.36,1,-1,-1,-1
62,13,1696.37,554.58,156.79,333.91,1,-1,-1,-1
62,14,0.36,582.35,143.40,298.47,1,-1,-1,-1
62,16,1713.86,592.49,171.58,302.24,1,-1,-1,-1
62,17,764.15,444.37,279.56,556.04,1,-1,-1,-1
62,19,841.04,544.54,176.03,360.38,1,-1,-1,-1
62,20,764.47,305.63,294.88,698.31,1,-1,-1,-1
62,21,649.48,376.32,175.80,574.37,1,-1,-1,-1
62,22,1536.53,566.24,194.19,344.08,1,-1,-1,-1
62,24,731.83,111.16,278.41,889.73,1,-1,-1,-1
62,25,405.30,462.99,208.31,476.57,1,-1,-1,-1
62,26,1713.20,551.10,169.70,340.39,1,-1,-1,-1
63,1,67.16,572.64,176.38,325.35,1,-1,-1,-1
63,2,1585.89,566.88,206.27,332.43,1,-1,-1,-1
63,3,1526.42,539.26,199.88,367.55,1,-1,-1,-1
63,4,1201.54,422.44,281.75,515.92,1,-1,-1,-1
63,5,728.59,567.48,350.49,435.93,1,-1,-1,-1
63,6,180.25,532.27,208.44,380.07,1,-1,-1,-1
63,7,1061.09,371.45,225.48,577.62,1,-1,-1,-1
63,8,309.24,470.30,254.37,443.48,1,-1,-1,-1
63,9,589.66,411.01,215.55,541.30,1,-1,-1,-1
63,11,1375.90,505.32,229.32,409.91,1,-1,-1,-1
63,12,400.25,412.93,234.80,530.58,1,-1,-1,-1
63,13,1696.37,554.58,156.79,333.91,1,-1,-1,-1
63,14,0.31,560.95,143.37,324.69,1,-1,-1,-1
63,16,1713.86,592.49,171.58,302.24,1,-1,-1,-1
63,17,764.15,444.37,279.56,556.04,1,-1,-1,-1
63,19,841.04,544.54,176.03,360.38,1,-1,-1,-1
63,20,788.24,385.27,275.28,617.34,1,-1,-1,-1
63,21,643.47,325.24,181.14,635.33,1,-1,-1,-1
63,22,1536.53,566.24,194.19,344.08,1,-1,-1,-1
63,24,731.83,111.16,278.41,889.73,1,-1,-1,-1
63,25,397.53,426.14,202.46,513.47,1,-1,-1,-1
63,26,1711.74,555.06,173.79,338.16,1,-1,-1,-1
64,1,69.18,572.21,176.93,326.04,1,-1,-1,-1
64,2,1588.30,568.20,197.20,326.12,1,-1,-1,-1
64,3,1524.81,542.08,199.64,363.85,1,-1,-1,-1
64,4,1239.85,430.46,242.96,513.28,1,-1,-1,-1
64,5,728.59,567.48,350.49,435.93,1,-1,-1,-1
64,6,189.81,534.40,201.33,376.07,1,-1,-1,-1
64,7,1077.01,271.37,213.06,692.60,1,-1,-1,-1
64,8,324.40,487.51,226.70,423.73,1,-1,-1,-1
64,9,589.66,411.01,215.55,541.30,1,-1,-1,-1
64,11,1388.41,514.01,208.66,402.70,1,-1,-1,-1
64,12,404.74,303.89,213.69,636.82,1,-1,-1,-1
64,13,1696.37,554.58,156.79,333.91,1,-1,-1,-1
64,14,0.45,586.37,142.35,303.22,1,-1,-1,-1
64,16,1713.86,592.49,171.58,302.24,1,-1,-1,-1
64,17,764.15,444.37,279.56,556.04,1,-1,-1,-1
64,19,841.04,544.54,176.03,360.38,1,-1,-1,-1
64,20,815.55,460.95,251.08,537.45,1,-1,-1,-1
64,21,651.52,274.40,257.68,693.87,1,-1,-1,-1
64,22,1536.53,566.24,194.19,344.08,1,-1,-1,-1
64,24,731.83,111.16,278.41,889.73,1,-1,-1,-1
64,25,397.53,426.14,202.46,513.47,1,-1,-1,-1
64,26,1713.22,561.64,173.34,333.88,1,-1,-1,-1
65,1,69.74,572.08,169.32,326.25,1,-1,-1,-1
65,2,1586.80,568.62,195.91,324.05,1,-1,-1,-1
65,3,1521.77,539.70,198.05,370.21,1,-1,-1,-1
65,4,1248.27,370.65,233.18,573.34,1,-1,-1,-1
65,5,728.59,567.48,350.49,435.93,1,-1,-1,-1
65,6,205.57,537.42,187.83,370.22,1,-1,-1,-1
65,7,1070.64,273.03,230.31,700.49,1,-1,-1,-1
65,8,327.48,499.56,219.10,416.65,1,-1,-1,-1
65,9,589.66,411.01,215.55,541.30,1,-1,-1,-1
65,11,1403.42,519.64,192.80,400.91,1,-1,-1,-1
65,12,324.45,367.13,321.19,574.28,1,-1,-1,-1
65,13,1696.37,554.58,156.79,333.91,1,-1,-1,-1
65,14,0.46,562.10,142.83,322.93,1,-1,-1,-1
65,16,1713.86,592.49,171.58,302.24,1,-1,-1,-1
65,17,764.15,444.37,279.56,556.04,1,-1,-1,-1
65,19,841.04,544.54,176.03,360.38,1,-1,-1,-1
65,20,809.21,518.08,257.78,495.37,1,-1,-1,-1
65,21,643.66,320.62,259.82,649.42,1,-1,-1,-1
65,22,1536.53,566.24,194.19,344.08,1,-1,-1,-1
65,24,731.83,111.16,278.41,889.73,1,-1,-1,-1
65,25,397.53,426.14,202.46,513.47,1,-1,-1,-1
65,26,1717.09,561.36,169.44,332.82,1,-1,-1,-1
66,1,69.69,571.65,171.32,328.36,1,-1,-1,-1
66,2,1579.61,570.03,193.36,318.57,1,-1,-1,-1
66,3,1520.02,537.80,202.07,370.72,1,-1,-1,-1
66,4,1256.42,315.95,238.05,629.60,1,-1,-1,-1
66,5,728.59,567.48,350.49,435.93,1,-1,-1,-1
66,6,206.40,538.90,184.77,372.02,1,-1,-1,-1
66,7,1068.09,369.65,249.56,592.35,1,-1,-1,-1
66,8,300.07,475.03,254.51,443.96,1,-1,-1,-1
66,9,589.66,411.01,215.55,541.30,1,-1,-1,-1
66,11,1407.91,528.51,206.53,387.22,1,-1,-1,-1
66,12,324.45,367.13,321.19,574.28,1,-1,-1,-1
66,13,1696.37,554.58,156.79,333.91,1,-1,-1,-1
66,14,0.52,560.37,145.00,330.09,1,-1,-1,-1
66,16,1717.48,599.61,170.73,293.22,1,-1,-1,-1
66,17,764.15,444.37,279.56,556.04,1,-1,-1,-1
66,19,841.04,544.54,176.03,360.38,1,-1,-1,-1
66,20,807.44,567.55,266.73,447.28,1,-1,-1,-1
66,21,633.78,392.48,282.01,574.35,1,-1,-1,-1
66,22,1536.53,566.24,194.19,344.08,1,-1,-1,-1
66,24,731.83,111.16,278.41,889.73,1,-1,-1,-1
66,25,390.61,432.79,254.07,494.44,1,-1,-1,-1
66,26,1715.75,550.75,167.28,336.29,1,-1,-1,-1
67,1,70.98,571.53,168.65,326.88,1,-1,-1,-1
67,2,1586.92,571.57,158.77,311.72,1,-1,-1,-1
67,3,1531.86,531.65,190.13,379.37,1,-1,-1,-1
67,4,1283.56,333.34,233.17,610.54,1,-1,-1,-1
67,6,207.59,540.97,175.72,364.02,1,-1,-1,-1
67,7,1077.91,385.21,258.02,573.55,1,-1,-1,-1
67,8,330.83,482.66,217.93,440.90,1,-1,-1,-1
67,9,589.66,411.01,215.55,541.30,1,-1,-1,-1
67,11,1446.47,498.20,159.42,417.70,1,-1,-1,-1
67,12,324.45,367.13,321.19,574.28,1,-1,-1,-1
67,13,1696.37,554.58,156.79,333.91,1,-1,-1,-1
67,14,0.53,563.45,143.22,326.36,1,-1,-1,-1
67,16,1717.48,599.61,170.73,293.22,1,-1,-1,-1
67,17,764.15,444.37,279.56,556.04,1,-1,-1,-1
67,19,841.04,544.54,176.03,360.38,1,-1,-1,-1
67,20,809.24,581.81,268.96,430.10,1,-1,-1,-1
67,21,623.59,411.62,305.09,555.49,1,-1,-1,-1
67,22,1536.53,566.24,194.19,344.08,1,-1,-1,-1
67,24,731.83,111.16,278.41,889.73,1,-1,-1,-1
67,25,396.97,422.29,292.10,519.53,1,-1,-1,-1
67,26,1712.79,559.45,176.87,332.62,1,-1,-1,-1
68,1,71.84,570.72,167.68,328.60,1,-1,-1,-1
68,2,1587.05,575.49,155.25,308.91,1,-1,-1,-1
68,3,1456.21,430.11,200.24,484.65,1,-1,-1,-1
68,4,1201.78,426.09,346.18,518.68,1,-1,-1,-1
68,6,210.71,540.22,159.46,362.39,1,-1,-1,-1
68,7,1076.37,329.83,231.35,629.01,1,-1,-1,-1
68,8,339.56,472.90,207.04,446.63,1,-1,-1,-1
68,9,589.66,411.01,215.55,541.30,1,-1,-1,-1
68,11,1447.08,482.04,169.81,432.79,1,-1,-1,-1
68,12,324.45,367.13,321.19,574.28,1,-1,-1,-1
68,13,1696.37,554.58,156.79,333.91,1,-1,-1,-1
68,14,0.58,560.47,142.11,327.52,1,-1,-1,-1
68,16,1717.48,599.61,170.73,293.22,1,-1,-1,-1
68,17,764.15,444.37,279.56,556.04,1,-1,-1,-1
68,19,841.04,544.54,176.03,360.38,1,-1,-1,-1
68,20,809.24,581.81,268.96,430.10,1,-1,-1,-1
68,21,621.87,409.33,290.14,569.29,1,-1,-1,-1
68,22,1560.63,558.63,164.73,349.31,1,-1,-1,-1
68,24,731.83,111.16,278.41,889.73,1,-1,-1,-1
68,25,400.39,365.25,249.17,582.62,1,-1,-1,-1
68,26,1705.39,553.37,187.40,339.37,1,-1,-1,-1
69,1,78.08,571.27,170.17,328.34,1,-1,-1,-1
69,2,1587.05,575.49,155.25,308.91,1,-1,-1,-1
69,3,1456.21,430.11,200.24,484.65,1,-1,-1,-1
69,4,1275.33,379.90,251.58,567.98,1,-1,-1,-1
69,6,204.05,530.46,147.44,371.08,1,-1,-1,-1
69,7,1078.36,348.16,237.36,617.36,1,-1,-1,-1
69,8,345.52,378.90,191.56,548.20,1,-1,-1,-1
69,9,589.66,411.01,215.55,541.30,1,-1,-1,-1
69,11,1446.25,514.68,206.50,405.90,1,-1,-1,-1
69,12,347.05,371.87,276.96,563.24,1,-1,-1,-1
69,13,1696.37,554.58,156.79,333.91,1,-1,-1,-1
69,14,0.22,563.91,147.39,326.44,1,-1,-1,-1
69,16,1717.48,599.61,170.73,293.22,1,-1,-1,-1
69,17,764.15,444.37,279.56,556.04,1,-1,-1,-1
69,19,841.04,544.54,176.03,360.38,1,-1,-1,-1
69,20,809.24,581.81,268.96,430.10,1,-1,-1,-1
69,21,623.65,529.98,281.20,438.62,1,-1,-1,-1
69,22,1540.39,487.17,194.48,435.95,1,-1,-1,-1
69,24,731.83,111.16,278.41,889.73,1,-1,-1,-1
69,25,390.98,494.87,231.72,444.43,1,-1,-1,-1
69,26,1708.26,580.14,182.31,312.95,1,-1,-1,-1
69,27,815.34,586.15,281.25,425.53,1,-1,-1,-1
70,1,79.66,572.67,182.46,325.96,1,-1,-1,-1
70,2,1587.05,575.49,155.25,308.91,1,-1,-1,-1
70,3,1456.21,430.11,200.24,484.65,1,-1,-1,-1
70,4,1294.51,503.90,227.30,442.35,1,-1,-1,-1
70,6,179.23,513.01,163.91,387.60,1,-1,-1,-1
70,7,1081.17,486.74,235.90,478.05,1,-1,-1,-1
70,8,345.52,378.90,191.56,548.20,1,-1,-1,-1
70,9,589.66,411.01,215.55,541.30,1,-1,-1,-1
70,11,1460.38,534.28,237.10,391.81,1,-1,-1,-1
70,12,347.05,371.87,276.96,563.24,1,-1,-1,-1
70,13,1696.37,554.58,156.79,333.91,1,-1,-1,-1
70,14,0.98,561.93,146.40,321.22,1,-1,-1,-1
70,16,1717.48,599.61,170.73,293.22,1,-1,-1,-1
70,17,764.15,444.37,279.56,556.04,1,-1,-1,-1
70,19,841.04,544.54,176.03,360.38,1,-1,-1,-1
70,20,809.24,581.81,268.96,430.10,1,-1,-1,-1
70,21,620.97,569.04,257.66,397.36,1,-1,-1,-1
70,22,1533.93,523.97,198.13,388.73,1,-1,-1,-1
70,24,731.83,111.16,278.41,889.73,1,-1,-1,-1
70,25,390.42,545.73,233.14,393.55,1,-1,-1,-1
70,26,1705.97,581.27,184.27,312.94,1,-1,-1,-1
70,27,818.88,608.24,281.36,401.52,1,-1,-1,-1
70,28,1295.46,512.55,226.32,432.35,1,-1,-1,-1
71,1,84.30,575.63,163.97,320.83,1,-1,-1,-1
71,2,1587.05,575.49,155.25,308.91,1,-1,-1,-1
71,3,1456.21,430.11,200.24,484.65,1,-1,-1,-1
71,4,1407.00,478.63,264.78,453.71,1,-1,-1,-1
71,6,177.99,460.18,162.28,443.33,1,-1,-1,-1
71,7,1081.17,486.74,235.90,478.05,1,-1,-1,-1
71,8,345.52,378.90,191.56,548.20,1,-1,-1,-1
71,9,589.66,411.01,215.55,541.30,1,-1,-1,-1
71,11,1431.02,496.82,250.48,432.14,1,-1,-1,-1
71,12,347.05,371.87,276.96,563.24,1,-1,-1,-1
71,13,1696.37,554.58,156.79,333.91,1,-1,-1,-1
71,14,4.93,561.59,145.27,321.88,1,-1,-1,-1
71,16,1717.48,599.61,170.73,293.22,1,-1,-1,-1
71,19,841.04,544.54,176.03,360.38,1,-1,-1,-1
71,20,809.24,581.81,268.96,430.10,1,-1,-1,-1
71,21,620.66,593.19,254.86,374.53,1,-1,-1,-1
71,22,1540.88,528.52,223.88,376.60,1,-1,-1,-1
71,24,731.83,111.16,278.41,889.73,1,-1,-1,-1
71,25,374.00,578.79,245.09,361.73,1,-1,-1,-1
71,26,1698.75,557.56,189.23,331.31,1,-1,-1,-1
71,27,822.53,609.30,285.31,400.66,1,-1,-1,-1
71,28,1303.68,539.86,203.31,405.51,1,-1,-1,-1
71,29,265.08,472.13,252.73,438.58,1,-1,-1,-1
72,1,76.82,578.67,180.86,313.63,1,-1,-1,-1
72,2,1587.05,575.49,155.25,308.91,1,-1,-1,-1
72,3,1456.21,430.11,200.24,484.65,1,-1,-1,-1
72,4,1407.00,478.63,264.78,453.71,1,-1,-1,-1
72,6,174.25,459.13,172.62,435.43,1,-1,-1,-1
72,7,1081.17,486.74,235.90,478.05,1,-1,-1,-1
72,8,345.52,378.90,191.56,548.20,1,-1,-1,-1
72,9,589.66,411.01,215.55,541.30,1,-1,-1,-1
72,11,1464.67,559.46,199.51,368.64,1,-1,-1,-1
72,12,309.78,482.91,261.19,439.31,1,-1,-1,-1
72,13,1696.37,554.58,156.79,333.91,1,-1,-1,-1
72,14,5.99,562.18,147.87,322.80,1,-1,-1,-1
72,16,1717.48,599.61,170.73,293.22,1,-1,-1,-1
72,19,841.04,544.54,176.03,360.38,1,-1,-1,-1
72,20,809.24,581.81,268.96,430.10,1,-1,-1,-1
72,21,623.59,625.39,249.07,342.22,1,-1,-1,-1
72,22,1504.53,481.03,279.71,427.57,1,-1,-1,-1
72,24,731.83,111.16,278.41,889.73,1,-1,-1,-1
72,25,333.89,615.28,281.97,325.49,1,-1,-1,-1
72,26,1708.49,555.86,182.29,336.17,1,-1,-1,-1
72,27,825.66,607.51,287.43,400.09,1,-1,-1,-1
72,28,1305.17,566.80,197.69,379.10,1,-1,-1,-1
72,29,309.68,605.98,224.63,322.56,1,-1,-1,-1
72,30,0.54,610.65,158.47,281.88,1,-1,-1,-1
72,31,1095.08,565.97,233.79,401.06,1,-1,-1,-1
73,1,81.57,575.20,176.57,315.65,1,-1,-1,-1
73,2,1532.81,486.32,164.98,421.96,1,-1,-1,-1
73,3,1456.21,430.11,200.24,484.65,1,-1,-1,-1
73,4,1407.00,478.63,264.78,453.71,1,-1,-1,-1
73,6,121.74,507.64,221.00,383.01,1,-1,-1,-1
73,7,1081.17,486.74,235.90,478.05,1,-1,-1,-1
73,8,345.52,378.90,191.56,548.20,1,-1,-1,-1
73,9,589.66,411.01,215.55,541.30,1,-1,-1,-1
73,11,1470.79,575.84,186.62,349.96,1,-1,-1,-1
73,12,309.78,482.91,261.19,439.31,1,-1,-1,-1
73,13,1696.37,554.58,156.79,333.91,1,-1,-1,-1
73,14,5.80,562.62,144.68,323.02,1,-1,-1,-1
73,16,1717.48,599.61,170.73,293.22,1,-1,-1,-1
73,19,841.04,544.54,176.03,360.38,1,-1,-1,-1
73,20,809.24,581.81,268.96,430.10,1,-1,-1,-1
73,21,622.01,646.41,251.71,324.69,1,-1,-1,-1
73,22,1544.77,487.38,206.57,422.09,1,-1,-1,-1
73,24,731.83,111.16,278.41,889.73,1,-1,-1,-1
73,25,333.89,615.28,281.97,325.49,1,-1,-1,-1
73,26,1708.97,557.89,181.84,335.22,1,-1,-1,-1
73,27,827.35,592.84,292.21,415.14,1,-1,-1,-1
73,28,1306.19,593.76,196.01,354.55,1,-1,-1,-1
73,29,350.04,646.62,254.47,293.72,1,-1,-1,-1
73,30,0.39,600.34,154.89,290.52,1,-1,-1,-1
73,31,1094.43,597.34,237.16,371.77,1,-1,-1,-1
74,1,59.67,572.38,209.92,325.00,1,-1,-1,-1
74,2,1532.81,486.32,164.98,421.96,1,-1,-1,-1
74,3,1456.21,430.11,200.24,484.65,1,-1,-1,-1
74,4,1407.00,478.63,264.78,453.71,1,-1,-1,-1
74,6,139.71,534.42,214.65,361.60,1,-1,-1,-1
74,7,1081.17,486.74,235.90,478.05,1,-1,-1,-1
74,8,345.52,378.90,191.56,548.20,1,-1,-1,-1
74,9,589.66,411.01,215.55,541.30,1,-1,-1,-1
74,11,1469.69,604.69,196.66,322.00,1,-1,-1,-1
74,12,302.48,433.71,221.54,489.93,1,-1,-1,-1
74,13,1696.37,554.58,156.79,333.91,1,-1,-1,-1
74,14,0.94,562.35,165.96,333.55,1,-1,-1,-1
74,16,1717.48,599.61,170.73,293.22,1,-1,-1,-1
74,19,841.04,544.54,176.03,360.38,1,-1,-1,-1
74,20,809.24,581.81,268.96,430.10,1,-1,-1,-1
74,21,623.38,656.18,262.91,315.19,1,-1,-1,-1
74,22,1550.75,474.07,195.05,433.43,1,-1,-1,-1
74,24,731.83,111.16,278.41,889.73,1,-1,-1,-1
74,25,333.89,615.28,281.97,325.49,1,-1,-1,-1
74,26,1708.74,553.13,186.30,337.42,1,-1,-1,-1
74,27,826.79,613.26,290.71,393.57,1,-1,-1,-1
74,28,1301.02,631.10,202.62,321.41,1,-1,-1,-1
74,29,383.73,670.19,232.68,273.76,1,-1,-1,-1
74,30,0.39,600.34,154.89,290.52,1,-1,-1,-1
74,31,1097.51,631.31,236.22,337.08,1,-1,-1,-1
75,1,92.10,542.39,158.00,349.73,1,-1,-1,-1
75,2,1541.90,552.26,170.14,360.87,1,-1,-1,-1
75,3,1456.21,430.11,200.24,484.65,1,-1,-1,-1
75,4,1407.00,478.63,264.78,453.71,1,-1,-1,-1
75,6,135.69,514.95,228.35,390.48,1,-1,-1,-1
75,7,1081.17,486.74,235.90,478.05,1,-1,-1,-1
75,8,345.52,378.90,191.56,548.20,1,-1,-1,-1
75,11,1500.59,653.99,195.89,272.91,1,-1,-1,-1
75,12,308.22,549.27,177.57,374.45,1,-1,-1,-1
75,13,1696.37,554.58,156.79,333.91,1,-1,-1,-1
75,14,0.09,569.26,157.72,321.18,1,-1,-1,-1
75,16,1744.64,557.99,160.81,329.44,1,-1,-1,-1
75,19,841.04,544.54,176.03,360.38,1,-1,-1,-1
75,20,809.24,581.81,268.96,430.10,1,-1,-1,-1
75,21,630.92,654.25,258.50,313.59,1,-1,-1,-1
75,22,1607.46,566.91,180.87,333.66,1,-1,-1,-1
75,24,731.83,111.16,278.41,889.73,1,-1,-1,-1
75,25,333.89,615.28,281.97,325.49,1,-1,-1,-1
75,26,1725.16,553.10,167.28,331.51,1,-1,-1,-1
75,27,831.73,617.77,291.83,388.12,1,-1,-1,-1
75,28,1299.16,669.35,213.93,281.55,1,-1,-1,-1
75,29,377.37,680.32,241.22,263.28,1,-1,-1,-1
75,30,0.39,600.34,154.89,290.52,1,-1,-1,-1
75,31,1098.44,669.69,251.14,299.71,1,-1,-1,-1
76,1,93.87,576.84,147.49,317.61,1,-1,-1,-1
76,2,1560.69,571.36,155.49,349.48,1,-1,-1,-1
76,3,1456.21,430.11,200.24,484.65,1,-1,-1,-1
76,4,1407.00,478.63,264.78,453.71,1,-1,-1,-1
76,6,135.69,514.95,228.35,390.48,1,-1,-1,-1
76,7,1081.17,486.74,235.90,478.05,1,-1,-1,-1
76,8,345.52,378.90,191.56,548.20,1,-1,-1,-1
76,11,1505.09,687.63,195.56,240.99,1,-1,-1,-1
76,12,307.58,582.58,171.53,340.41,1,-1,-1,-1
76,13,1696.37,554.58,156.79,333.91,1,-1,-1,-1
76,14,0.01,543.92,160.72,346.16,1,-1,-1,-1
76,16,1744.64,557.99,160.81,329.44,1,-1,-1,-1
76,19,846.11,525.50,186.95,390.22,1,-1,-1,-1
76,20,809.24,581.81,268.96,430.10,1,-1,-1,-1
76,21,632.87,646.18,259.34,320.51,1,-1,-1,-1
76,22,1616.48,587.62,191.91,317.38,1,-1,-1,-1
76,24,731.83,111.16,278.41,889.73,1,-1,-1,-1
76,25,333.89,615.28,281.97,325.49,1,-1,-1,-1
76,26,1743.32,516.33,168.79,369.33,1,-1,-1,-1
76,27,834.55,623.07,289.09,381.64,1,-1,-1,-1
76,28,1303.75,675.85,209.71,273.72,1,-1,-1,-1
76,29,394.81,678.89,223.56,264.79,1,-1,-1,-1
76,30,0.39,600.34,154.89,290.52,1,-1,-1,-1
76,31,1101.86,670.25,250.26,299.68,1,-1,-1,-1
77,1,87.53,593.04,149.93,307.69,1,-1,-1,-1
77,2,1508.35,605.87,210.79,321.77,1,-1,-1,-1
77,3,1456.21,430.11,200.24,484.65,1,-1,-1,-1
77,4,1407.00,478.63,264.78,453.71,1,-1,-1,-1
77,6,135.69,514.95,228.35,390.48,1,-1,-1,-1
77,7,1081.17,486.74,235.90,478.05,1,-1,-1,-1
77,8,345.52,378.90,191.56,548.20,1,-1,-1,-1
77,11,1505.09,687.63,195.56,240.99,1,-1,-1,-1
77,12,301.34,605.76,184.53,315.10,1,-1,-1,-1
77,13,1696.37,554.58,156.79,333.91,1,-1,-1,-1
77,14,0.16,564.45,157.79,327.26,1,-1,-1,-1
77,16,1765.62,557.11,134.08,328.60,1,-1,-1,-1
77,19,845.72,520.58,196.31,400.89,1,-1,-1,-1
77,20,809.24,581.81,268.96,430.10,1,-1,-1,-1
77,21,638.96,645.42,247.11,320.57,1,-1,-1,-1
77,22,1625.16,604.72,183.83,304.19,1,-1,-1,-1
77,24,731.83,111.16,278.41,889.73,1,-1,-1,-1
77,25,333.89,615.28,281.97,325.49,1,-1,-1,-1
77,26,1743.32,516.33,168.79,369.33,1,-1,-1,-1
77,27,834.69,624.64,289.34,376.98,1,-1,-1,-1
77,28,1313.37,678.29,204.12,272.05,1,-1,-1,-1
77,29,389.84,681.44,229.90,261.73,1,-1,-1,-1
77,30,0.39,600.34,154.89,290.52,1,-1,-1,-1
77,31,1103.73,671.30,249.62,298.38,1,-1,-1,-1
77,32,140.63,512.26,183.29,392.64,1,-1,-1,-1
78,1,49.39,609.87,177.69,291.49,1,-1,-1,-1
78,2,1498.47,637.69,221.80,290.00,1,-1,-1,-1
78,3,1456.21,430.11,200.24,484.65,1,-1,-1,-1
78,4,1407.00,478.63,264.78,453.71,1,-1,-1,-1
78,6,135.69,514.95,228.35,390.48,1,-1,-1,-1
78,7,1081.17,486.74,235.90,478.05,1,-1,-1,-1
78,8,345.52,378.90,191.56,548.20,1,-1,-1,-1
78,11,1505.09,687.63,195.56,240.99,1,-1,-1,-1
78,12,294.91,632.48,171.10,287.75,1,-1,-1,-1
78,13,1696.37,554.58,156.79,333.91,1,-1,-1,-1
78,14,0.91,555.48,159.89,332.55,1,-1,-1,-1
78,16,1747.82,563.01,169.54,322.71,1,-1,-1,-1
78,19,845.72,520.58,196.31,400.89,1,-1,-1,-1
78,20,809.24,581.81,268.96,430.10,1,-1,-1,-1
78,21,640.52,644.52,240.77,320.28,1,-1,-1,-1
78,22,1630.60,608.76,178.19,306.36,1,-1,-1,-1
78,24,731.83,111.16,278.41,889.73,1,-1,-1,-1
78,25,333.89,615.28,281.97,325.49,1,-1,-1,-1
78,26,1743.32,516.33,168.79,369.33,1,-1,-1,-1
78,27,836.18,612.45,287.44,392.59,1,-1,-1,-1
78,28,1316.12,679.04,201.42,271.90,1,-1,-1,-1
78,29,412.91,673.25,206.74,269.64,1,-1,-1,-1
78,30,0.39,600.34,154.89,290.52,1,-1,-1,-1
78,31,1109.60,666.44,245.83,303.14,1,-1,-1,-1
78,32,137.98,509.17,178.20,398.31,1,-1,-1,-1
79,1,36.74,553.73,216.56,350.94,1,-1,-1,-1
79,2,1502.09,663.59,223.16,263.66,1,-1,-1,-1
79,3,1456.21,430.11,200.24,484.65,1,-1,-1,-1
79,4,1407.00,478.63,264.78,453.71,1,-1,-1,-1
79,6,135.69,514.95,228.35,390.48,1,-1,-1,-1
79,7,1081.17,486.74,235.90,478.05,1,-1,-1,-1
79,8,345.52,378.90,191.56,548.20,1,-1,-1,-1
79,11,1505.09,687.63,195.56,240.99,1,-1,-1,-1
79,12,295.04,659.05,163.40,259.86,1,-1,-1,-1
79,13,1696.37,554.58,156.79,333.91,1,-1,-1,-1
79,14,0.18,514.11,132.39,376.89,1,-1,-1,-1
79,16,1740.39,572.93,179.12,313.06,1,-1,-1,-1
79,19,845.72,520.58,196.31,400.89,1,-1,-1,-1
79,20,809.24,581.81,268.96,430.10,1,-1,-1,-1
79,21,643.69,645.81,240.71,319.43,1,-1,-1,-1
79,22,1638.89,622.04,171.29,280.85,1,-1,-1,-1
79,24,731.83,111.16,278.41,889.73,1,-1,-1,-1
79,25,333.89,615.28,281.97,325.49,1,-1,-1,-1
79,26,1743.32,516.33,168.79,369.33,1,-1,-1,-1
79,27,836.47,619.52,287.86,384.63,1,-1,-1,-1
79,28,1318.97,678.36,200.21,271.94,1,-1,-1,-1
79,29,415.29,674.91,205.22,268.35,1,-1,-1,-1
79,30,0.39,600.34,154.89,290.52,1,-1,-1,-1
79,31,1112.53,662.03,237.99,307.98,1,-1,-1,-1
79,32,143.58,575.06,171.53,331.36,1,-1,-1,-1
80,1,44.42,649.83,156.40,247.21,1,-1,-1,-1
80,2,1505.83,690.93,225.97,236.76,1,-1,-1,-1
80,3,1456.21,430.11,200.24,484.65,1,-1,-1,-1
80,4,1407.00,478.63,264.78,453.71,1,-1,-1,-1
80,6,135.69,514.95,228.35,390.48,1,-1,-1,-1
80,7,1081.17,486.74,235.90,478.05,1,-1,-1,-1
80,8,345.52,378.90,191.56,548.20,1,-1,-1,-1
80,11,1505.09,687.63,195.56,240.99,1,-1,-1,-1
80,12,300.27,685.74,198.89,238.51,1,-1,-1,-1
80,13,1696.37,554.58,156.79,333.91,1,-1,-1,-1
80,14,0.02,572.45,129.02,313.12,1,-1,-1,-1
80,16,1734.33,547.36,185.53,340.90,1,-1,-1,-1
80,19,845.72,520.58,196.31,400.89,1,-1,-1,-1
80,20,809.24,581.81,268.96,430.10,1,-1,-1,-1
80,21,643.69,645.81,240.71,319.43,1,-1,-1,-1
80,22,1648.30,674.57,166.21,224.56,1,-1,-1,-1
80,24,731.83,111.16,278.41,889.73,1,-1,-1,-1
80,25,333.89,615.28,281.97,325.49,1,-1,-1,-1
80,26,1743.32,516.33,168.79,369.33,1,-1,-1,-1
80,27,840.74,623.40,283.65,377.24,1,-1,-1,-1
80,28,1323.38,677.10,196.99,272.87,1,-1,-1,-1
80,29,398.22,674.32,224.14,267.03,1,-1,-1,-1
80,30,0.39,600.34,154.89,290.52,1,-1,-1,-1
80,31,1112.99,656.09,231.17,311.15,1,-1,-1,-1
80,32,149.57,630.51,153.51,275.27,1,-1,-1,-1
81,1,46.15,682.62,152.81,214.42,1,-1,-1,-1
81,2,1515.18,698.12,224.05,230.29,1,-1,-1,-1
81,3,1456.21,430.11,200.24,484.65,1,-1,-1,-1
81,4,1407.00,478.63,264.78,453.71,1,-1,-1,-1
81,6,135.69,514.95,228.35,390.48,1,-1,-1,-1
81,7,1081.17,486.74,235.90,478.05,1,-1,-1,-1
81,8,345.52,378.90,191.56,548.20,1,-1,-1,-1
81,11,1505.09,687.63,195.56,240.99,1,-1,-1,-1
81,12,302.21,691.13,194.26,230.26,1,-1,-1,-1
81,13,1696.37,554.58,156.79,333.91,1,-1,-1,-1
81,14,0.09,576.15,196.14,308.21,1,-1,-1,-1
81,16,1786.85,544.25,130.80,338.02,1,-1,-1,-1
81,19,845.72,520.58,196.31,400.89,1,-1,-1,-1
81,20,809.24,581.81,268.96,430.10,1,-1,-1,-1
81,21,643.69,645.81,240.71,319.43,1,-1,-1,-1
81,22,1675.44,704.89,144.59,193.06,1,-1,-1,-1
81,24,731.83,111.16,278.41,889.73,1,-1,-1,-1
81,25,333.89,615.28,281.97,325.49,1,-1,-1,-1
81,26,1743.32,516.33,168.79,369.33,1,-1,-1,-1
81,27,844.56,622.13,279.58,376.93,1,-1,-1,-1
81,28,1324.36,675.37,193.93,274.55,1,-1,-1,-1
81,29,409.71,674.40,215.09,269.91,1,-1,-1,-1
81,30,0.39,600.34,154.89,290.52,1,-1,-1,-1
81,31,1113.65,654.03,230.53,313.48,1,-1,-1,-1
81,32,145.33,656.42,154.55,248.07,1,-1,-1,-1
81,34,646.91,645.30,246.29,321.03,1,-1,-1,-1
82,1,57.50,678.58,224.29,225.37,1,-1,-1,-1
82,2,1516.21,700.96,227.82,226.98,1,-1,-1,-1
82,3,1456.21,430.11,200.24,484.65,1,-1,-1,-1
82,4,1407.00,478.63,264.78,453.71,1,-1,-1,-1
82,6,135.69,514.95,228.35,390.48,1,-1,-1,-1
82,7,1081.17,486.74,235.90,478.05,1,-1,-1,-1
82,8,345.52,378.90,191.56,548.20,1,-1,-1,-1
82,11,1505.09,687.63,195.56,240.99,1,-1,-1,-1
82,12,301.81,688.90,186.80,232.68,1,-1,-1,-1
82,13,1696.37,554.58,156.79,333.91,1,-1,-1,-1
82,14,0.33,573.26,167.39,311.74,1,-1,-1,-1
82,16,1786.85,544.25,130.80,338.02,1,-1,-1,-1
82,19,845.72,520.58,196.31,400.89,1,-1,-1,-1
82,20,809.24,581.81,268.96,430.10,1,-1,-1,-1
82,21,643.69,645.81,240.71,319.43,1,-1,-1,-1
82,22,1665.16,717.76,145.50,180.71,1,-1,-1,-1
82,24,731.83,111.16,278.41,889.73,1,-1,-1,-1
82,25,333.89,615.28,281.97,325.49,1,-1,-1,-1
82,26,1743.32,516.33,168.79,369.33,1,-1,-1,-1
82,27,844.56,622.13,279.58,376.93,1,-1,-1,-1
82,28,1324.48,674.60,192.39,274.95,1,-1,-1,-1
82,29,417.16,673.91,208.14,270.81,1,-1,-1,-1
82,30,0.39,600.34,154.89,290.52,1,-1,-1,-1
82,31,1114.73,654.30,228.90,312.51,1,-1,-1,-1
82,32,130.52,675.52,164.88,228.20,1,-1,-1,-1
82,33,1809.13,632.24,110.64,256.87,1,-1,-1,-1
82,34,645.99,644.18,243.98,322.78,1,-1,-1,-1
83,1,57.50,678.58,224.29,225.37,1,-1,-1,-1
83,2,1517.52,699.62,226.93,228.33,1,-1,-1,-1
83,3,1456.21,430.11,200.24,484.65,1,-1,-1,-1
83,4,1407.00,478.63,264.78,453.71,1,-1,-1,-1
83,6,135.69,514.95,228.35,390.48,1,-1,-1,-1
83,7,1081.17,486.74,235.90,478.05,1,-1,-1,-1
83,8,345.52,378.90,191.56,548.20,1,-1,-1,-1
83,11,1505.09,687.63,195.56,240.99,1,-1,-1,-1
83,12,304.26,691.08,169.22,230.92,1,-1,-1,-1
83,13,1696.37,554.58,156.79,333.91,1,-1,-1,-1
83,14,0.50,571.65,125.25,318.56,1,-1,-1,-1
83,16,1786.85,544.25,130.80,338.02,1,-1,-1,-1
83,19,845.72,520.58,196.31,400.89,1,-1,-1,-1
83,20,809.24,581.81,268.96,430.10,1,-1,-1,-1
83,21,643.69,645.81,240.71,319.43,1,-1,-1,-1
83,22,1655.16,707.10,162.63,190.05,1,-1,-1,-1
83,24,731.83,111.16,278.41,889.73,1,-1,-1,-1
83,25,333.89,615.28,281.97,325.49,1,-1,-1,-1
83,26,1743.32,516.33,168.79,369.33,1,-1,-1,-1
83,27,848.42,619.61,277.11,378.89,1,-1,-1,-1
83,28,1324.31,673.47,192.34,276.34,1,-1,-1,-1
83,29,415.14,674.52,210.71,269.41,1,-1,-1,-1
83,30,0.39,600.34,154.89,290.52,1,-1,-1,-1
83,31,1116.77,655.58,224.65,309.62,1,-1,-1,-1
83,32,125.75,696.29,169.00,207.59,1,-1,-1,-1
83,33,1812.82,669.91,107.03,223.12,1,-1,-1,-1
83,34,647.08,642.12,240.04,324.30,1,-1,-1,-1
84,1,57.50,678.58,224.29,225.37,1,-1,-1,-1
84,2,1517.23,696.89,236.73,231.48,1,-1,-1,-1
84,3,1456.21,430.11,200.24,484.65,1,-1,-1,-1
84,4,1407.00,478.63,264.78,453.71,1,-1,-1,-1
84,6,135.69,514.95,228.35,390.48,1,-1,-1,-1
84,7,1081.17,486.74,235.90,478.05,1,-1,-1,-1
84,8,345.52,378.90,191.56,548.20,1,-1,-1,-1
84,11,1505.09,687.63,195.56,240.99,1,-1,-1,-1
84,12,297.27,690.83,162.92,229.58,1,-1,-1,-1
84,13,1696.37,554.58,156.79,333.91,1,-1,-1,-1
84,14,0.27,621.80,96.98,267.31,1,-1,-1,-1
84,16,1786.85,544.25,130.80,338.02,1,-1,-1,-1
84,19,845.72,520.58,196.31,400.89,1,-1,-1,-1
84,20,809.24,581.81,268.96,430.10,1,-1,-1,-1
84,21,643.69,645.81,240.71,319.43,1,-1,-1,-1
84,22,1655.16,707.10,162.63,190.05,1,-1,-1,-1
84,24,731.83,111.16,278.41,889.73,1,-1,-1,-1
84,25,333.89,615.28,281.97,325.49,1,-1,-1,-1
84,26,1743.32,516.33,168.79,369.33,1,-1,-1,-1
84,27,848.42,619.61,277.11,378.89,1,-1,-1,-1
84,28,1324.39,671.39,192.83,278.59,1,-1,-1,-1
84,29,411.40,674.69,215.43,268.76,1,-1,-1,-1
84,30,0.39,600.34,154.89,290.52,1,-1,-1,-1
84,31,1116.38,655.66,224.33,308.57,1,-1,-1,-1
84,32,130.56,717.87,162.57,190.68,1,-1,-1,-1
84,33,1819.17,690.12,100.63,203.28,1,-1,-1,-1
84,34,648.32,641.94,238.57,324.31,1,-1,-1,-1
85,1,57.50,678.58,224.29,225.37,1,-1,-1,-1
85,2,1525.04,695.56,222.40,233.05,1,-1,-1,-1
85,3,1456.21,430.11,200.24,484.65,1,-1,-1,-1
85,4,1407.00,478.63,264.78,453.71,1,-1,-1,-1
85,6,135.69,514.95,228.35,390.48,1,-1,-1,-1
85,7,1081.17,486.74,235.90,478.05,1,-1,-1,-1
85,8,345.52,378.90,191.56,548.20,1,-1,-1,-1
85,11,1505.09,687.63,195.56,240.99,1,-1,-1,-1
85,12,293.08,688.20,162.72,230.54,1,-1,-1,-1
85,13,1696.37,554.58,156.79,333.91,1,-1,-1,-1
85,14,0.14,660.57,84.79,230.63,1,-1,-1,-1
85,16,1786.85,544.25,130.80,338.02,1,-1,-1,-1
85,19,845.72,520.58,196.31,400.89,1,-1,-1,-1
85,20,809.24,581.81,268.96,430.10,1,-1,-1,-1
85,21,643.69,645.81,240.71,319.43,1,-1,-1,-1
85,22,1655.16,707.10,162.63,190.05,1,-1,-1,-1
85,24,731.83,111.16,278.41,889.73,1,-1,-1,-1
85,25,333.89,615.28,281.97,325.49,1,-1,-1,-1
85,26,1743.32,516.33,168.79,369.33,1,-1,-1,-1
85,27,848.42,619.61,277.11,378.89,1,-1,-1,-1
85,28,1323.70,659.06,192.01,292.05,1,-1,-1,-1
85,29,407.76,671.96,219.61,270.70,1,-1,-1,-1
85,30,0.39,600.34,154.89,290.52,1,-1,-1,-1
85,31,1118.74,653.31,222.75,310.79,1,-1,-1,-1
85,32,143.59,720.37,147.76,188.43,1,-1,-1,-1
85,33,1819.17,690.12,100.63,203.28,1,-1,-1,-1
85,34,648.91,641.04,240.19,324.71,1,-1,-1,-1
86,1,57.50,678.58,224.29,225.37,1,-1,-1,-1
86,2,1524.76,695.34,218.36,232.99,1,-1,-1,-1
86,3,1456.21,430.11,200.24,484.65,1,-1,-1,-1
86,4,1407.00,478.63,264.78,453.71,1,-1,-1,-1
86,6,374.80,678.26,142.49,253.22,1,-1,-1,-1
86,7,1081.17,486.74,235.90,478.05,1,-1,-1,-1
86,8,345.52,378.90,191.56,548.20,1,-1,-1,-1
86,11,1505.09,687.63,195.56,240.99,1,-1,-1,-1
86,12,300.42,685.56,154.48,233.02,1,-1,-1,-1
86,13,1696.37,554.58,156.79,333.91,1,-1,-1,-1
86,14,0.02,655.33,60.15,231.74,1,-1,-1,-1
86,16,1786.85,544.25,130.80,338.02,1,-1,-1,-1
86,19,845.72,520.58,196.31,400.89,1,-1,-1,-1
86,20,809.24,581.81,268.96,430.10,1,-1,-1,-1
86,21,643.69,645.81,240.71,319.43,1,-1,-1,-1
86,22,1655.16,707.10,162.63,190.05,1,-1,-1,-1
86,24,731.83,111.16,278.41,889.73,1,-1,-1,-1
86,25,333.89,615.28,281.97,325.49,1,-1,-1,-1
86,26,1743.32,516.33,168.79,369.33,1,-1,-1,-1
86,27,852.04,615.82,273.03,383.58,1,-1,-1,-1
86,28,1329.71,640.74,184.50,308.29,1,-1,-1,-1
86,29,426.99,664.57,199.19,276.99,1,-1,-1,-1
86,30,0.39,600.34,154.89,290.52,1,-1,-1,-1
86,31,1117.21,649.18,219.97,315.08,1,-1,-1,-1
86,32,148.59,716.73,146.48,192.57,1,-1,-1,-1
86,33,1850.37,724.55,69.61,171.84,1,-1,-1,-1
86,34,649.83,640.83,237.36,324.02,1,-1,-1,-1
87,1,57.50,678.58,224.29,225.37,1,-1,-1,-1
87,2,1512.41,693.19,225.12,235.41,1,-1,-1,-1
87,3,1456.21,430.11,200.24,484.65,1,-1,-1,-1
87,4,1407.00,478.63,264.78,453.71,1,-1,-1,-1
87,6,374.80,678.26,142.49,253.22,1,-1,-1,-1
87,7,1081.17,486.74,235.90,478.05,1,-1,-1,-1
87,8,345.52,378.90,191.56,548.20,1,-1,-1,-1
87,11,1505.09,687.63,195.56,240.99,1,-1,-1,-1
87,12,303.49,684.14,150.68,233.48,1,-1,-1,-1
87,13,1696.37,554.58,156.79,333.91,1,-1,-1,-1
87,14,0.00,683.10,67.60,211.54,1,-1,-1,-1
87,16,1786.85,544.25,130.80,338.02,1,-1,-1,-1
87,19,845.72,520.58,196.31,400.89,1,-1,-1,-1
87,20,809.24,581.81,268.96,430.10,1,-1,-1,-1
87,21,643.69,645.81,240.71,319.43,1,-1,-1,-1
87,22,1677.66,711.91,142.23,184.41,1,-1,-1,-1
87,24,731.83,111.16,278.41,889.73,1,-1,-1,-1
87,25,333.89,615.28,281.97,325.49,1,-1,-1,-1
87,26,1743.32,516.33,168.79,369.33,1,-1,-1,-1
87,27,852.53,616.50,272.45,383.14,1,-1,-1,-1
87,28,1329.71,640.74,184.50,308.29,1,-1,-1,-1
87,29,433.99,644.81,193.08,296.53,1,-1,-1,-1
87,30,0.39,600.34,154.89,290.52,1,-1,-1,-1
87,31,1115.54,641.76,212.52,322.40,1,-1,-1,-1
87,32,151.36,708.94,143.47,199.64,1,-1,-1,-1
87,33,1850.37,724.55,69.61,171.84,1,-1,-1,-1
87,34,650.30,636.63,235.33,327.69,1,-1,-1,-1
88,1,57.50,678.58,224.29,225.37,1,-1,-1,-1
88,2,1510.91,682.51,228.47,245.00,1,-1,-1,-1
88,3,1456.21,430.11,200.24,484.65,1,-1,-1,-1
88,4,1407.00,478.63,264.78,453.71,1,-1,-1,-1
88,6,374.80,678.26,142.49,253.22,1,-1,-1,-1
88,7,1081.17,486.74,235.90,478.05,1,-1,-1,-1
88,8,345.52,378.90,191.56,548.20,1,-1,-1,-1
88,11,1505.09,687.63,195.56,240.99,1,-1,-1,-1
88,12,308.75,677.48,148.33,240.88,1,-1,-1,-1
88,13,1696.37,554.58,156.79,333.91,1,-1,-1,-1
88,14,0.11,677.07,62.13,218.92,1,-1,-1,-1
88,16,1786.85,544.25,130.80,338.02,1,-1,-1,-1
88,19,845.72,520.58,196.31,400.89,1,-1,-1,-1
88,20,809.24,581.81,268.96,430.10,1,-1,-1,-1
88,21,643.69,645.81,240.71,319.43,1,-1,-1,-1
88,22,1660.71,710.03,158.23,187.66,1,-1,-1,-1
88,24,731.83,111.16,278.41,889.73,1,-1,-1,-1
88,25,333.89,615.28,281.97,325.49,1,-1,-1,-1
88,26,1743.32,516.33,168.79,369.33,1,-1,-1,-1
88,27,852.37,610.34,270.67,389.76,1,-1,-1,-1
88,28,1329.71,640.74,184.50,308.29,1,-1,-1,-1
88,29,427.14,610.22,200.87,330.90,1,-1,-1,-1
88,30,0.39,600.34,154.89,290.52,1,-1,-1,-1
88,31,1115.44,626.84,207.26,338.73,1,-1,-1,-1
88,32,142.12,696.42,156.12,207.83,1,-1,-1,-1
88,33,1850.37,724.55,69.61,171.84,1,-1,-1,-1
88,34,649.18,622.03,238.33,345.38,1,-1,-1,-1
88,35,1328.18,583.33,187.07,362.28,1,-1,-1,-1
89,1,57.50,678.58,224.29,225.37,1,-1,-1,-1
89,2,1507.54,687.01,218.07,240.33,1,-1,-1,-1
89,3,1456.21,430.11,200.24,484.65,1,-1,-1,-1
89,4,1407.00,478.63,264.78,453.71,1,-1,-1,-1
89,6,374.80,678.26,142.49,253.22,1,-1,-1,-1
89,7,1081.17,486.74,235.90,478.05,1,-1,-1,-1
89,8,345.52,378.90,191.56,548.20,1,-1,-1,-1
89,11,1505.09,687.63,195.56,240.99,1,-1,-1,-1
89,12,309.30,662.29,147.89,256.72,1,-1,-1,-1
89,14,0.01,679.63,76.00,209.21,1,-1,-1,-1
89,16,1786.85,544.25,130.80,338.02,1,-1,-1,-1
89,19,845.72,520.58,196.31,400.89,1,-1,-1,-1
89,20,809.24,581.81,268.96,430.10,1,-1,-1,-1
89,21,643.69,645.81,240.71,319.43,1,-1,-1,-1
89,22,1682.00,709.80,143.48,189.01,1,-1,-1,-1
89,25,333.89,615.28,281.97,325.49,1,-1,-1,-1
89,26,1743.32,516.33,168.79,369.33,1,-1,-1,-1
89,27,847.82,593.24,273.54,410.56,1,-1,-1,-1
89,28,1329.71,640.74,184.50,308.29,1,-1,-1,-1
89,29,431.05,577.01,216.65,363.08,1,-1,-1,-1
89,30,0.39,600.34,154.89,290.52,1,-1,-1,-1
89,31,1105.79,598.77,218.53,363.53,1,-1,-1,-1
89,32,127.13,684.21,176.86,218.29,1,-1,-1,-1
89,33,1850.37,724.55,69.61,171.84,1,-1,-1,-1
89,34,651.72,594.88,244.04,368.60,1,-1,-1,-1
89,35,1319.22,552.02,207.99,390.44,1,-1,-1,-1
90,1,57.50,678.58,224.29,225.37,1,-1,-1,-1
90,2,1492.34,657.61,201.14,263.24,1,-1,-1,-1
90,3,1456.21,430.11,200.24,484.65,1,-1,-1,-1
90,4,1407.00,478.63,264.78,453.71,1,-1,-1,-1
90,6,374.80,678.26,142.49,253.22,1,-1,-1,-1
90,7,1081.17,486.74,235.90,478.05,1,-1,-1,-1
90,8,345.52,378.90,191.56,548.20,1,-1,-1,-1
90,11,1505.09,687.63,195.56,240.99,1,-1,-1,-1
90,12,298.57,610.24,184.91,307.40,1,-1,-1,-1
90,14,0.15,657.95,95.81,229.13,1,-1,-1,-1
90,16,1786.85,544.25,130.80,338.02,1,-1,-1,-1
90,19,845.72,520.58,196.31,400.89,1,-1,-1,-1
90,20,809.24,581.81,268.96,430.10,1,-1,-1,-1
90,21,643.69,645.81,240.71,319.43,1,-1,-1,-1
90,22,1680.00,691.64,140.94,204.48,1,-1,-1,-1
90,25,333.89,615.28,281.97,325.49,1,-1,-1,-1
90,26,1743.32,516.33,168.79,369.33,1,-1,-1,-1
90,27,846.38,540.20,310.49,448.51,1,-1,-1,-1
90,28,1329.71,640.74,184.50,308.29,1,-1,-1,-1
90,29,409.40,542.78,287.85,394.34,1,-1,-1,-1
90,30,0.39,600.34,154.89,290.52,1,-1,-1,-1
90,31,1102.25,540.60,253.04,421.76,1,-1,-1,-1
90,32,120.63,648.97,203.91,254.65,1,-1,-1,-1
90,33,1850.37,724.55,69.61,171.84,1,-1,-1,-1
90,34,663.02,548.51,237.79,415.17,1,-1,-1,-1
90,35,1311.54,522.64,246.31,416.66,1,-1,-1,-1
90,36,1574.69,625.21,162.21,281.18,1,-1,-1,-1
91,1,57.50,678.58,224.29,225.37,1,-1,-1,-1
91,2,1481.58,636.37,211.99,284.29,1,-1,-1,-1
91,3,1456.21,430.11,200.24,484.65,1,-1,-1,-1
91,4,1407.00,478.63,264.78,453.71,1,-1,-1,-1
91,6,374.80,678.26,142.49,253.22,1,-1,-1,-1
91,7,1081.17,486.74,235.90,478.05,1,-1,-1,-1
91,8,345.52,378.90,191.56,548.20,1,-1,-1,-1
91,11,1505.09,687.63,195.56,240.99,1,-1,-1,-1
91,12,275.31,586.79,224.82,327.68,1,-1,-1,-1
91,14,0.01,646.21,101.52,237.05,1,-1,-1,-1
91,16,1786.85,544.25,130.80,338.02,1,-1,-1,-1
91,19,845.72,520.58,196.31,400.89,1,-1,-1,-1
91,20,809.24,581.81,268.96,430.10,1,-1,-1,-1
91,21,643.69,645.81,240.71,319.43,1,-1,-1,-1
91,22,1668.76,666.64,150.42,230.44,1,-1,-1,-1
91,25,333.89,615.28,281.97,325.49,1,-1,-1,-1
91,26,1743.32,516.33,168.79,369.33,1,-1,-1,-1
91,27,845.15,509.13,306.11,478.59,1,-1,-1,-1
91,28,1329.71,640.74,184.50,308.29,1,-1,-1,-1
91,29,428.64,525.49,245.22,409.81,1,-1,-1,-1
91,30,0.39,600.34,154.89,290.52,1,-1,-1,-1
91,31,1094.41,513.73,257.59,447.81,1,-1,-1,-1
91,32,135.13,633.42,189.20,267.82,1,-1,-1,-1
91,33,1850.37,724.55,69.61,171.84,1,-1,-1,-1
91,34,654.17,526.60,246.73,438.88,1,-1,-1,-1
91,35,1297.53,514.48,270.15,426.13,1,-1,-1,-1
91,36,1574.09,601.74,155.95,305.33,1,-1,-1,-1
91,37,1824.55,635.56,95.43,256.11,1,-1,-1,-1
92,1,57.50,678.58,224.29,225.37,1,-1,-1,-1
92,2,1495.05,615.56,196.25,304.68,1,-1,-1,-1
92,3,1456.21,430.11,200.24,484.65,1,-1,-1,-1
92,4,1407.00,478.63,264.78,453.71,1,-1,-1,-1
92,6,374.80,678.26,142.49,253.22,1,-1,-1,-1
92,7,1081.17,486.74,235.90,478.05,1,-1,-1,-1
92,8,345.52,378.90,191.56,548.20,1,-1,-1,-1
92,11,1505.09,687.63,195.56,240.99,1,-1,-1,-1
92,12,305.01,576.14,192.37,333.26,1,-1,-1,-1
92,14,0.02,633.97,97.69,248.57,1,-1,-1,-1
92,16,1786.85,544.25,130.80,338.02,1,-1,-1,-1
92,19,845.72,520.58,196.31,400.89,1,-1,-1,-1
92,20,809.24,581.81,268.96,430.10,1,-1,-1,-1
92,21,643.69,645.81,240.71,319.43,1,-1,-1,-1
92,22,1668.76,666.64,150.42,230.44,1,-1,-1,-1
92,25,333.89,615.28,281.97,325.49,1,-1,-1,-1
92,26,1743.32,516.33,168.79,369.33,1,-1,-1,-1
92,27,853.38,488.77,327.08,498.80,1,-1,-1,-1
92,28,1329.71,640.74,184.50,308.29,1,-1,-1,-1
92,29,440.07,491.91,205.46,445.89,1,-1,-1,-1
92,30,0.39,600.34,154.89,290.52,1,-1,-1,-1
92,31,1094.41,513.73,257.59,447.81,1,-1,-1,-1
92,32,146.00,624.55,161.06,275.03,1,-1,-1,-1
92,33,1850.37,724.55,69.61,171.84,1,-1,-1,-1
92,34,659.40,510.92,232.45,452.39,1,-1,-1,-1
92,35,1311.39,501.66,234.47,440.33,1,-1,-1,-1
92,36,1573.31,589.25,163.93,319.44,1,-1,-1,-1
92,37,1832.83,626.57,87.12,264.86,1,-1,-1,-1
93,1,57.50,678.58,224.29,225.37,1,-1,-1,-1
93,2,1479.98,600.72,186.03,318.87,1,-1,-1,-1
93,3,1456.21,430.11,200.24,484.65,1,-1,-1,-1
93,4,1407.00,478.63,264.78,453.71,1,-1,-1,-1
93,6,374.80,678.26,142.49,253.22,1,-1,-1,-1
93,7,1081.17,486.74,235.90,478.05,1,-1,-1,-1
93,8,345.52,378.90,191.56,548.20,1,-1,-1,-1
93,11,1505.09,687.63,195.56,240.99,1,-1,-1,-1
93,12,296.74,550.91,197.42,359.53,1,-1,-1,-1
93,14,0.00,618.52,91.89,265.71,1,-1,-1,-1
93,16,1786.85,544.25,130.80,338.02,1,-1,-1,-1
93,19,845.72,520.58,196.31,400.89,1,-1,-1,-1
93,20,809.24,581.81,268.96,430.10,1,-1,-1,-1
93,21,643.69,645.81,240.71,319.43,1,-1,-1,-1
93,22,1668.76,666.64,150.42,230.44,1,-1,-1,-1
93,25,333.89,615.28,281.97,325.49,1,-1,-1,-1
93,26,1743.32,516.33,168.79,369.33,1,-1,-1,-1
93,27,811.68,444.09,321.79,542.66,1,-1,-1,-1
93,28,1329.71,640.74,184.50,308.29,1,-1,-1,-1
93,29,440.07,491.91,205.46,445.89,1,-1,-1,-1
93,30,0.39,600.34,154.89,290.52,1,-1,-1,-1
93,31,1094.41,513.73,257.59,447.81,1,-1,-1,-1
93,32,151.34,601.46,165.07,298.29,1,-1,-1,-1
93,33,1850.37,724.55,69.61,171.84,1,-1,-1,-1
93,34,665.13,489.01,217.04,474.93,1,-1,-1,-1
93,35,1322.20,458.84,215.45,485.69,1,-1,-1,-1
93,36,1565.60,578.48,185.52,332.19,1,-1,-1,-1
93,37,1831.25,607.71,88.62,283.13,1,-1,-1,-1
93,39,45.59,663.80,150.41,226.86,1,-1,-1,-1
93,40,1103.66,459.15,225.12,500.29,1,-1,-1,-1
93,41,1319.71,470.03,217.10,471.80,1,-1,-1,-1
94,1,57.50,678.58,224.29,225.37,1,-1,-1,-1
94,2,1479.98,600.72,186.03,318.87,1,-1,-1,-1
94,3,1456.21,430.11,200.24,484.65,1,-1,-1,-1
94,4,1407.00,478.63,264.78,453.71,1,-1,-1,-1
94,6,374.80,678.26,142.49,253.22,1,-1,-1,-1
94,7,1081.17,486.74,235.90,478.05,1,-1,-1,-1
94,8,345.52,378.90,191.56,548.20,1,-1,-1,-1
94,11,1505.09,687.63,195.56,240.99,1,-1,-1,-1
94,12,251.12,443.19,242.17,471.22,1,-1,-1,-1
94,14,0.04,606.32,88.12,276.62,1,-1,-1,-1
94,16,1786.85,544.25,130.80,338.02,1,-1,-1,-1
94,19,845.72,520.58,196.31,400.89,1,-1,-1,-1
94,20,809.24,581.81,268.96,430.10,1,-1,-1,-1
94,21,643.69,645.81,240.71,319.43,1,-1,-1,-1
94,22,1668.76,666.64,150.42,230.44,1,-1,-1,-1
94,25,333.89,615.28,281.97,325.49,1,-1,-1,-1
94,26,1743.32,516.33,168.79,369.33,1,-1,-1,-1
94,27,834.06,339.69,296.37,647.42,1,-1,-1,-1
94,28,1329.71,640.74,184.50,308.29,1,-1,-1,-1
94,29,446.26,416.20,191.94,520.45,1,-1,-1,-1
94,30,0.39,600.34,154.89,290.52,1,-1,-1,-1
94,31,1094.41,513.73,257.59,447.81,1,-1,-1,-1
94,32,149.68,559.98,159.19,341.27,1,-1,-1,-1
94,33,1850.37,724.55,69.61,171.84,1,-1,-1,-1
94,34,662.12,406.87,213.01,560.02,1,-1,-1,-1
94,35,1325.55,426.44,207.40,518.19,1,-1,-1,-1
94,36,1575.58,555.48,157.39,358.61,1,-1,-1,-1
94,37,1836.65,569.06,83.34,318.23,1,-1,-1,-1
94,39,51.22,652.21,142.13,238.58,1,-1,-1,-1
94,40,1104.77,413.59,222.60,546.25,1,-1,-1,-1
94,41,1319.71,470.03,217.10,471.80,1,-1,-1,-1
94,42,1664.12,620.10,147.01,279.62,1,-1,-1,-1
95,1,57.50,678.58,224.29,225.37,1,-1,-1,-1
95,2,1479.98,600.72,186.03,318.87,1,-1,-1,-1
95,3,1456.21,430.11,200.24,484.65,1,-1,-1,-1
95,4,1407.00,478.63,264.78,453.71,1,-1,-1,-1
95,6,374.80,678.26,142.49,253.22,1,-1,-1,-1
95,7,1081.17,486.74,235.90,478.05,1,-1,-1,-1
95,8,345.52,378.90,191.56,548.20,1,-1,-1,-1
95,11,1505.09,687.63,195.56,240.99,1,-1,-1,-1
95,12,274.65,469.96,217.82,443.10,1,-1,-1,-1
95,14,0.04,606.32,88.12,276.62,1,-1,-1,-1
95,16,1786.85,544.25,130.80,338.02,1,-1,-1,-1
95,19,845.72,520.58,196.31,400.89,1,-1,-1,-1
95,20,809.24,581.81,268.96,430.10,1,-1,-1,-1
95,21,643.69,645.81,240.71,319.43,1,-1,-1,-1
95,22,1668.76,666.64,150.42,230.44,1,-1,-1,-1
95,25,333.89,615.28,281.97,325.49,1,-1,-1,-1
95,26,1743.32,516.33,168.79,369.33,1,-1,-1,-1
95,27,825.09,310.81,298.82,681.96,1,-1,-1,-1
95,28,1329.71,640.74,184.50,308.29,1,-1,-1,-1
95,29,438.83,454.20,202.50,479.85,1,-1,-1,-1
95,30,0.58,618.28,118.48,267.31,1,-1,-1,-1
95,31,1094.41,513.73,257.59,447.81,1,-1,-1,-1
95,32,148.43,552.60,154.19,347.61,1,-1,-1,-1
95,33,1850.37,724.55,69.61,171.84,1,-1,-1,-1
95,34,635.92,443.74,246.49,518.53,1,-1,-1,-1
95,35,1321.00,397.05,212.12,547.19,1,-1,-1,-1
95,36,1563.30,507.04,166.71,405.71,1,-1,-1,-1
95,37,1835.14,593.89,84.29,291.61,1,-1,-1,-1
95,38,1492.15,501.48,174.19,417.98,1,-1,-1,-1
95,39,64.46,649.55,128.50,239.80,1,-1,-1,-1
95,40,1099.83,381.76,220.59,576.91,1,-1,-1,-1
95,41,1319.71,470.03,217.10,471.80,1,-1,-1,-1
95,42,1643.11,555.25,169.02,351.52,1,-1,-1,-1
96,1,57.50,678.58,224.29,225.37,1,-1,-1,-1
96,2,1479.98,600.72,186.03,318.87,1,-1,-1,-1
96,3,1456.21,430.11,200.24,484.65,1,-1,-1,-1
96,4,1407.00,478.63,264.78,453.71,1,-1,-1,-1
96,6,374.80,678.26,142.49,253.22,1,-1,-1,-1
96,7,1081.17,486.74,235.90,478.05,1,-1,-1,-1
96,8,345.52,378.90,191.56,548.20,1,-1,-1,-1
96,11,1505.09,687.63,195.56,240.99,1,-1,-1,-1
96,12,338.94,515.43,179.90,394.51,1,-1,-1,-1
96,14,0.04,606.32,88.12,276.62,1,-1,-1,-1
96,16,1786.85,544.25,130.80,338.02,1,-1,-1,-1
96,19,845.72,520.58,196.31,400.89,1,-1,-1,-1
96,20,809.24,581.81,268.96,430.10,1,-1,-1,-1
96,21,643.69,645.81,240.71,319.43,1,-1,-1,-1
96,22,1668.76,666.64,150.42,230.44,1,-1,-1,-1
96,25,333.89,615.28,281.97,325.49,1,-1,-1,-1
96,26,1743.32,516.33,168.79,369.33,1,-1,-1,-1
96,27,798.10,356.75,357.98,635.22,1,-1,-1,-1
96,28,1329.71,640.74,184.50,308.29,1,-1,-1,-1
96,29,438.54,510.56,267.05,424.72,1,-1,-1,-1
96,30,0.26,625.36,101.29,257.63,1,-1,-1,-1
96,31,1094.41,513.73,257.59,447.81,1,-1,-1,-1
96,32,148.04,613.28,155.49,285.52,1,-1,-1,-1
96,33,1850.37,724.55,69.61,171.84,1,-1,-1,-1
96,34,636.89,511.62,273.98,448.76,1,-1,-1,-1
96,35,1313.99,403.58,242.75,541.67,1,-1,-1,-1
96,36,1553.26,519.78,169.47,390.03,1,-1,-1,-1
96,37,1835.14,593.89,84.29,291.61,1,-1,-1,-1
96,38,1485.89,513.66,189.39,406.70,1,-1,-1,-1
96,39,53.11,649.61,143.25,240.68,1,-1,-1,-1
96,40,1059.88,404.18,262.35,557.23,1,-1,-1,-1
96,41,1319.71,470.03,217.10,471.80,1,-1,-1,-1
96,42,1643.65,544.26,167.37,360.57,1,-1,-1,-1
96,43,258.41,543.46,195.18,367.44,1,-1,-1,-1
96,44,439.35,505.34,268.76,432.43,1,-1,-1,-1
97,1,57.50,678.58,224.29,225.37,1,-1,-1,-1
97,2,1474.42,586.25,188.77,334.52,1,-1,-1,-1
97,3,1456.21,430.11,200.24,484.65,1,-1,-1,-1
97,4,1407.00,478.63,264.78,453.71,1,-1,-1,-1
97,6,374.80,678.26,142.49,253.22,1,-1,-1,-1
97,7,1081.17,486.74,235.90,478.05,1,-1,-1,-1
97,8,345.52,378.90,191.56,548.20,1,-1,-1,-1
97,11,1505.09,687.63,195.56,240.99,1,-1,-1,-1
97,12,233.55,586.98,199.93,322.25,1,-1,-1,-1
97,14,0.04,606.32,88.12,276.62,1,-1,-1,-1
97,16,1786.85,544.25,130.80,338.02,1,-1,-1,-1
97,19,845.72,520.58,196.31,400.89,1,-1,-1,-1
97,20,809.24,581.81,268.96,430.10,1,-1,-1,-1
97,21,643.69,645.81,240.71,319.43,1,-1,-1,-1
97,22,1668.76,666.64,150.42,230.44,1,-1,-1,-1
97,25,333.89,615.28,281.97,325.49,1,-1,-1,-1
97,26,1743.32,516.33,168.79,369.33,1,-1,-1,-1
97,27,785.30,456.13,396.63,528.89,1,-1,-1,-1
97,28,1329.71,640.74,184.50,308.29,1,-1,-1,-1
97,29,438.54,510.56,267.05,424.72,1,-1,-1,-1
97,30,0.05,615.60,97.56,266.97,1,-1,-1,-1
97,31,1094.41,513.73,257.59,447.81,1,-1,-1,-1
97,32,137.63,636.22,166.96,264.25,1,-1,-1,-1
97,33,1850.37,724.55,69.61,171.84,1,-1,-1,-1
97,34,639.28,547.39,249.40,410.49,1,-1,-1,-1
97,35,1267.91,456.15,300.73,487.65,1,-1,-1,-1
97,36,1561.55,544.13,186.33,364.97,1,-1,-1,-1
97,37,1835.14,593.89,84.29,291.61,1,-1,-1,-1
97,38,1457.58,467.15,209.39,449.63,1,-1,-1,-1
97,39,53.11,649.61,143.25,240.68,1,-1,-1,-1
97,40,1058.23,477.28,277.42,482.27,1,-1,-1,-1
97,41,1319.71,470.03,217.10,471.80,1,-1,-1,-1
97,42,1637.67,548.97,174.53,350.88,1,-1,-1,-1
97,43,259.44,580.86,205.70,332.69,1,-1,-1,-1
97,44,395.41,539.86,248.58,393.70,1,-1,-1,-1
97,45,1831.23,549.88,88.67,339.64,1,-1,-1,-1
98,1,57.50,678.58,224.29,225.37,1,-1,-1,-1
98,2,1475.92,600.17,183.35,320.52,1,-1,-1,-1
98,3,1456.21,430.11,200.24,484.65,1,-1,-1,-1
98,4,1407.00,478.63,264.78,453.71,1,-1,-1,-1
98,6,374.80,678.26,142.49,253.22,1,-1,-1,-1
98,7,1081.17,486.74,235.90,478.05,1,-1,-1,-1
98,8,345.52,378.90,191.56,548.20,1,-1,-1,-1
98,11,1505.09,687.63,195.56,240.99,1,-1,-1,-1
98,12,272.38,598.89,182.77,315.97,1,-1,-1,-1
98,14,0.04,606.32,88.12,276.62,1,-1,-1,-1
98,16,1786.85,544.25,130.80,338.02,1,-1,-1,-1
98,19,796.94,498.27,324.13,478.14,1,-1,-1,-1
98,21,643.69,645.81,240.71,319.43,1,-1,-1,-1
98,22,1668.76,666.64,150.42,230.44,1,-1,-1,-1
98,25,333.89,615.28,281.97,325.49,1,-1,-1,-1
98,26,1743.32,516.33,168.79,369.33,1,-1,-1,-1
98,27,785.30,456.13,396.63,528.89,1,-1,-1,-1
98,28,1329.71,640.74,184.50,308.29,1,-1,-1,-1
98,29,438.54,510.56,267.05,424.72,1,-1,-1,-1
98,30,0.09,639.20,103.19,241.61,1,-1,-1,-1
98,31,1094.41,513.73,257.59,447.81,1,-1,-1,-1
98,32,145.01,656.66,159.53,243.64,1,-1,-1,-1
98,33,1850.37,724.55,69.61,171.84,1,-1,-1,-1
98,34,623.10,583.01,254.00,374.00,1,-1,-1,-1
98,35,1271.79,517.12,295.53,423.77,1,-1,-1,-1
98,36,1566.63,591.16,176.02,318.52,1,-1,-1,-1
98,37,1835.14,593.89,84.29,291.61,1,-1,-1,-1
98,38,1290.90,518.55,283.50,420.07,1,-1,-1,-1
98,39,53.11,649.61,143.25,240.68,1,-1,-1,-1
98,40,1076.59,515.53,257.49,442.16,1,-1,-1,-1
98,41,1319.71,470.03,217.10,471.80,1,-1,-1,-1
98,42,1638.07,583.06,171.79,316.99,1,-1,-1,-1
98,43,259.44,580.86,205.70,332.69,1,-1,-1,-1
98,44,418.80,561.32,206.80,374.44,1,-1,-1,-1
98,45,1828.16,576.84,91.81,313.21,1,-1,-1,-1
98,46,50.51,643.13,147.84,248.86,1,-1,-1,-1
99,1,57.50,678.58,224.29,225.37,1,-1,-1,-1
99,2,1458.00,619.12,197.30,302.45,1,-1,-1,-1
99,4,1407.00,478.63,264.78,453.71,1,-1,-1,-1
99,6,374.80,678.26,142.49,253.22,1,-1,-1,-1
99,7,1081.17,486.74,235.90,478.05,1,-1,-1,-1
99,8,345.52,378.90,191.56,548.20,1,-1,-1,-1
99,11,1505.09,687.63,195.56,240.99,1,-1,-1,-1
99,12,276.96,627.56,178.07,289.20,1,-1,-1,-1
99,14,0.04,606.32,88.12,276.62,1,-1,-1,-1
99,16,1786.85,544.25,130.80,338.02,1,-1,-1,-1
99,19,810.97,507.51,311.68,472.58,1,-1,-1,-1
99,21,643.69,645.81,240.71,319.43,1,-1,-1,-1
99,22,1668.76,666.64,150.42,230.44,1,-1,-1,-1
99,25,333.89,615.28,281.97,325.49,1,-1,-1,-1
99,26,1743.32,516.33,168.79,369.33,1,-1,-1,-1
99,27,785.30,456.13,396.63,528.89,1,-1,-1,-1
99,28,1329.71,640.74,184.50,308.29,1,-1,-1,-1
99,29,438.54,510.56,267.05,424.72,1,-1,-1,-1
99,30,0.09,668.68,96.42,216.51,1,-1,-1,-1
99,31,1094.41,513.73,257.59,447.81,1,-1,-1,-1
99,32,131.90,671.60,160.75,229.90,1,-1,-1,-1
99,33,1850.37,724.55,69.61,171.84,1,-1,-1,-1
99,34,623.10,583.01,254.00,374.00,1,-1,-1,-1
99,35,1271.79,517.12,295.53,423.77,1,-1,-1,-1
99,36,1570.06,616.63,168.21,293.57,1,-1,-1,-1
99,37,1835.14,593.89,84.29,291.61,1,-1,-1,-1
99,38,1300.76,541.54,235.76,400.16,1,-1,-1,-1
99,39,53.11,649.61,143.25,240.68,1,-1,-1,-1
99,40,1082.38,538.34,267.17,418.63,1,-1,-1,-1
99,41,1319.71,470.03,217.10,471.80,1,-1,-1,-1
99,42,1652.71,626.96,157.75,271.09,1,-1,-1,-1
99,43,259.44,580.86,205.70,332.69,1,-1,-1,-1
99,44,426.45,601.03,192.51,338.13,1,-1,-1,-1
99,45,1823.10,630.36,96.90,261.50,1,-1,-1,-1
99,46,44.25,679.40,139.10,210.29,1,-1,-1,-1
100,1,57.50,678.58,224.29,225.37,1,-1,-1,-1
100,2,1486.40,670.73,170.44,249.14,1,-1,-1,-1
100,4,1407.00,478.63,264.78,453.71,1,-1,-1,-1
100,6,374.80,678.26,142.49,253.22,1,-1,-1,-1
100,7,1081.17,486.74,235.90,478.05,1,-1,-1,-1
100,11,1505.09,687.63,195.56,240.99,1,-1,-1,-1
100,12,281.14,681.86,172.34,242.07,1,-1,-1,-1
100,14,0.04,606.32,88.12,276.62,1,-1,-1,-1
100,16,1786.85,544.25,130.80,338.02,1,-1,-1,-1
100,19,823.86,573.15,266.70,405.56,1,-1,-1,-1
100,21,643.69,645.81,240.71,319.43,1,-1,-1,-1
100,22,1668.76,666.64,150.42,230.44,1,-1,-1,-1
100,25,333.89,615.28,281.97,325.49,1,-1,-1,-1
100,26,1743.32,516.33,168.79,369.33,1,-1,-1,-1
100,27,785.30,456.13,396.63,528.89,1,-1,-1,-1
100,28,1329.71,640.74,184.50,308.29,1,-1,-1,-1
100,29,438.54,510.56,267.05,424.72,1,-1,-1,-1
100,30,0.31,692.68,78.59,196.17,1,-1,-1,-1
100,31,1094.41,513.73,257.59,447.81,1,-1,-1,-1
100,32,121.45,709.40,165.45,192.16,1,-1,-1,-1
100,33,1850.37,724.55,69.61,171.84,1,-1,-1,-1
100,34,623.10,583.01,254.00,374.00,1,-1,-1,-1
100,35,1271.79,517.12,295.53,423.77,1,-1,-1,-1
100,36,1570.06,616.63,168.21,293.57,1,-1,-1,-1
100,37,1835.14,593.89,84.29,291.61,1,-1,-1,-1
100,38,1292.82,611.53,237.84,331.75,1,-1,-1,-1
100,39,53.11,649.61,143.25,240.68,1,-1,-1,-1
100,40,1090.78,596.63,227.91,360.54,1,-1,-1,-1
100,41,1319.71,470.03,217.10,471.80,1,-1,-1,-1
100,42,1652.71,626.96,157.75,271.09,1,-1,-1,-1
100,43,259.44,580.86,205.70,332.69,1,-1,-1,-1
100,44,406.21,668.33,202.24,270.54,1,-1,-1,-1
100,45,1831.79,670.01,88.19,219.64,1,-1,-1,-1
100,46,34.11,720.18,139.46,174.05,1,-1,-1,-1
101,1,57.50,678.58,224.29,225.37,1,-1,-1,-1
101,2,1488.28,694.54,186.28,231.87,1,-1,-1,-1
101,4,1407.00,478.63,264.78,453.71,1,-1,-1,-1
101,6,374.80,678.26,142.49,253.22,1,-1,-1,-1
101,11,1505.09,687.63,195.56,240.99,1,-1,-1,-1
101,12,281.14,681.86,172.34,242.07,1,-1,-1,-1
101,14,0.04,606.32,88.12,276.62,1,-1,-1,-1
101,16,1786.85,544.25,130.80,338.02,1,-1,-1,-1
101,19,902.71,638.43,214.68,338.39,1,-1,-1,-1
101,21,643.69,645.81,240.71,319.43,1,-1,-1,-1
101,22,1668.76,666.64,150.42,230.44,1,-1,-1,-1
101,25,333.89,615.28,281.97,325.49,1,-1,-1,-1
101,26,1743.32,516.33,168.79,369.33,1,-1,-1,-1
101,27,785.30,456.13,396.63,528.89,1,-1,-1,-1
101,28,1329.71,640.74,184.50,308.29,1,-1,-1,-1
101,29,438.54,510.56,267.05,424.72,1,-1,-1,-1
101,30,0.31,692.68,78.59,196.17,1,-1,-1,-1
101,31,1094.41,513.73,257.59,447.81,1,-1,-1,-1
101,32,124.85,718.31,163.32,183.27,1,-1,-1,-1
101,33,1850.37,724.55,69.61,171.84,1,-1,-1,-1
101,34,805.15,610.68,233.59,367.71,1,-1,-1,-1
101,35,1271.79,517.12,295.53,423.77,1,-1,-1,-1
101,36,1570.06,616.63,168.21,293.57,1,-1,-1,-1
101,37,1835.14,593.89,84.29,291.61,1,-1,-1,-1
101,38,1349.20,647.57,185.52,294.75,1,-1,-1,-1
101,39,53.11,649.61,143.25,240.68,1,-1,-1,-1
101,40,1097.78,636.73,224.85,324.82,1,-1,-1,-1
101,41,1319.71,470.03,217.10,471.80,1,-1,-1,-1
101,42,1652.71,626.96,157.75,271.09,1,-1,-1,-1
101,43,259.44,580.86,205.70,332.69,1,-1,-1,-1
101,44,410.47,678.24,188.75,260.78,1,-1,-1,-1
101,45,1840.51,703.45,79.26,179.80,1,-1,-1,-1
101,46,28.75,735.86,136.28,158.86,1,-1,-1,-1
101,47,596.76,688.57,259.75,288.90,1,-1,-1,-1
102,1,57.50,678.58,224.29,225.37,1,-1,-1,-1
102,2,1493.44,709.42,220.70,218.38,1,-1,-1,-1
102,6,374.80,678.26,142.49,253.22,1,-1,-1,-1
102,11,1505.09,687.63,195.56,240.99,1,-1,-1,-1
102,12,281.14,681.86,172.34,242.07,1,-1,-1,-1
102,14,0.04,606.32,88.12,276.62,1,-1,-1,-1
102,16,1786.85,544.25,130.80,338.02,1,-1,-1,-1
102,19,896.84,642.56,227.42,336.60,1,-1,-1,-1
102,21,643.69,645.81,240.71,319.43,1,-1,-1,-1
102,22,1668.76,666.64,150.42,230.44,1,-1,-1,-1
102,25,333.89,615.28,281.97,325.49,1,-1,-1,-1
102,26,1743.32,516.33,168.79,369.33,1,-1,-1,-1
102,27,785.30,456.13,396.63,528.89,1,-1,-1,-1
102,28,1329.71,640.74,184.50,308.29,1,-1,-1,-1
102,29,438.54,510.56,267.05,424.72,1,-1,-1,-1
102,30,0.31,692.68,78.59,196.17,1,-1,-1,-1
102,31,1094.41,513.73,257.59,447.81,1,-1,-1,-1
102,32,126.74,713.31,168.15,191.58,1,-1,-1,-1
102,33,1850.37,724.55,69.61,171.84,1,-1,-1,-1
102,34,805.15,610.68,233.59,367.71,1,-1,-1,-1
102,35,1271.79,517.12,295.53,423.77,1,-1,-1,-1
102,36,1570.06,616.63,168.21,293.57,1,-1,-1,-1
102,37,1835.14,593.89,84.29,291.61,1,-1,-1,-1
102,38,1341.06,685.75,219.63,255.53,1,-1,-1,-1
102,39,53.11,649.61,143.25,240.68,1,-1,-1,-1
102,40,1104.35,677.20,214.17,284.69,1,-1,-1,-1
102,41,1319.71,470.03,217.10,471.80,1,-1,-1,-1
102,42,1652.71,626.96,157.75,271.09,1,-1,-1,-1
102,43,259.44,580.86,205.70,332.69,1,-1,-1,-1
102,44,375.34,666.78,219.81,272.74,1,-1,-1,-1
102,45,1840.51,703.45,79.26,179.80,1,-1,-1,-1
102,46,27.99,735.58,141.09,162.39,1,-1,-1,-1
102,47,591.93,679.59,270.30,300.98,1,-1,-1,-1
102,48,1661.56,714.08,148.80,177.50,1,-1,-1,-1
103,1,57.50,678.58,224.29,225.37,1,-1,-1,-1
103,2,1484.89,696.95,201.67,232.43,1,-1,-1,-1
103,6,374.80,678.26,142.49,253.22,1,-1,-1,-1
103,11,1505.09,687.63,195.56,240.99,1,-1,-1,-1
103,12,281.14,681.86,172.34,242.07,1,-1,-1,-1
103,14,0.04,606.32,88.12,276.62,1,-1,-1,-1
103,16,1786.85,544.25,130.80,338.02,1,-1,-1,-1
103,19,887.07,601.34,241.42,380.68,1,-1,-1,-1
103,21,643.69,645.81,240.71,319.43,1,-1,-1,-1
103,22,1668.76,666.64,150.42,230.44,1,-1,-1,-1
103,26,1743.32,516.33,168.79,369.33,1,-1,-1,-1
103,27,785.30,456.13,396.63,528.89,1,-1,-1,-1
103,28,1329.71,640.74,184.50,308.29,1,-1,-1,-1
103,29,438.54,510.56,267.05,424.72,1,-1,-1,-1
103,30,0.31,692.68,78.59,196.17,1,-1,-1,-1
103,31,1094.41,513.73,257.59,447.81,1,-1,-1,-1
103,32,118.02,707.43,178.02,199.44,1,-1,-1,-1
103,33,1850.37,724.55,69.61,171.84,1,-1,-1,-1
103,34,810.39,589.39,244.88,387.63,1,-1,-1,-1
103,35,1271.79,517.12,295.53,423.77,1,-1,-1,-1
103,36,1570.06,616.63,168.21,293.57,1,-1,-1,-1
103,37,1835.14,593.89,84.29,291.61,1,-1,-1,-1
103,38,1341.06,685.75,219.63,255.53,1,-1,-1,-1
103,39,53.11,649.61,143.25,240.68,1,-1,-1,-1
103,40,1104.42,670.68,209.90,294.20,1,-1,-1,-1
103,41,1319.71,470.03,217.10,471.80,1,-1,-1,-1
103,42,1652.71,626.96,157.75,271.09,1,-1,-1,-1
103,43,259.44,580.86,205.70,332.69,1,-1,-1,-1
103,44,375.93,631.76,213.23,310.05,1,-1,-1,-1
103,45,1840.51,703.45,79.26,179.80,1,-1,-1,-1
103,46,27.99,735.58,141.09,162.39,1,-1,-1,-1
103,47,592.02,637.10,255.60,340.48,1,-1,-1,-1
103,48,1670.36,732.74,149.40,165.73,1,-1,-1,-1
103,50,258.98,674.15,179.07,245.73,1,-1,-1,-1
104,1,57.50,678.58,224.29,225.37,1,-1,-1,-1
104,2,1500.16,669.57,185.88,249.79,1,-1,-1,-1
104,6,374.80,678.26,142.49,253.22,1,-1,-1,-1
104,11,1505.09,687.63,195.56,240.99,1,-1,-1,-1
104,12,281.14,681.86,172.34,242.07,1,-1,-1,-1
104,14,0.04,606.32,88.12,276.62,1,-1,-1,-1
104,16,1786.85,544.25,130.80,338.02,1,-1,-1,-1
104,19,887.07,601.34,241.42,380.68,1,-1,-1,-1
104,21,643.69,645.81,240.71,319.43,1,-1,-1,-1
104,22,1668.76,666.64,150.42,230.44,1,-1,-1,-1
104,26,1743.32,516.33,168.79,369.33,1,-1,-1,-1
104,27,785.30,456.13,396.63,528.89,1,-1,-1,-1
104,28,1329.71,640.74,184.50,308.29,1,-1,-1,-1
104,29,438.54,510.56,267.05,424.72,1,-1,-1,-1
104,30,0.31,692.68,78.59,196.17,1,-1,-1,-1
104,31,1094.41,513.73,257.59,447.81,1,-1,-1,-1
104,32,122.79,694.50,160.88,207.92,1,-1,-1,-1
104,33,1850.37,724.55,69.61,171.84,1,-1,-1,-1
104,34,826.19,546.61,269.15,430.78,1,-1,-1,-1
104,35,1271.79,517.12,295.53,423.77,1,-1,-1,-1
104,36,1570.06,616.63,168.21,293.57,1,-1,-1,-1
104,37,1835.14,593.89,84.29,291.61,1,-1,-1,-1
104,38,1341.06,685.75,219.63,255.53,1,-1,-1,-1
104,39,53.11,649.61,143.25,240.68,1,-1,-1,-1
104,40,1103.60,645.38,211.18,319.07,1,-1,-1,-1
104,41,1319.71,470.03,217.10,471.80,1,-1,-1,-1
104,42,1652.71,626.96,157.75,271.09,1,-1,-1,-1
104,43,259.44,580.86,205.70,332.69,1,-1,-1,-1
104,44,395.59,590.28,193.23,349.14,1,-1,-1,-1
104,45,1840.51,703.45,79.26,179.80,1,-1,-1,-1
104,46,27.99,735.58,141.09,162.39,1,-1,-1,-1
104,47,608.79,585.83,223.71,382.06,1,-1,-1,-1
104,48,1670.36,732.74,149.40,165.73,1,-1,-1,-1
104,50,270.33,644.33,158.43,270.97,1,-1,-1,-1
104,51,1475.81,668.22,165.06,255.58,1,-1,-1,-1
104,53,1329.94,672.65,197.34,272.08,1,-1,-1,-1
105,1,57.50,678.58,224.29,225.37,1,-1,-1,-1
105,2,1494.61,604.70,162.01,313.35,1,-1,-1,-1
105,6,374.80,678.26,142.49,253.22,1,-1,-1,-1
105,11,1505.09,687.63,195.56,240.99,1,-1,-1,-1
105,12,281.14,681.86,172.34,242.07,1,-1,-1,-1
105,14,0.04,606.32,88.12,276.62,1,-1,-1,-1
105,16,1786.85,544.25,130.80,338.02,1,-1,-1,-1
105,19,887.07,601.34,241.42,380.68,1,-1,-1,-1
105,21,643.69,645.81,240.71,319.43,1,-1,-1,-1
105,22,1668.76,666.64,150.42,230.44,1,-1,-1,-1
105,26,1743.32,516.33,168.79,369.33,1,-1,-1,-1
105,27,785.30,456.13,396.63,528.89,1,-1,-1,-1
105,28,1329.71,640.74,184.50,308.29,1,-1,-1,-1
105,29,438.54,510.56,267.05,424.72,1,-1,-1,-1
105,30,0.31,692.68,78.59,196.17,1,-1,-1,-1
105,31,1094.41,513.73,257.59,447.81,1,-1,-1,-1
105,32,124.18,652.81,170.54,247.12,1,-1,-1,-1
105,33,1850.37,724.55,69.61,171.84,1,-1,-1,-1
105,34,828.27,456.94,267.08,521.93,1,-1,-1,-1
105,35,1271.79,517.12,295.53,423.77,1,-1,-1,-1
105,36,1570.06,616.63,168.21,293.57,1,-1,-1,-1
105,37,1835.14,593.89,84.29,291.61,1,-1,-1,-1
105,38,1341.06,685.75,219.63,255.53,1,-1,-1,-1
105,39,53.11,649.61,143.25,240.68,1,-1,-1,-1
105,40,1109.00,569.21,214.64,391.00,1,-1,-1,-1
105,41,1319.71,470.03,217.10,471.80,1,-1,-1,-1
105,42,1652.71,626.96,157.75,271.09,1,-1,-1,-1
105,43,259.44,580.86,205.70,332.69,1,-1,-1,-1
105,44,391.50,512.67,212.52,424.94,1,-1,-1,-1
105,45,1840.51,703.45,79.26,179.80,1,-1,-1,-1
105,46,27.99,735.58,141.09,162.39,1,-1,-1,-1
105,47,616.43,501.51,214.99,463.01,1,-1,-1,-1
105,48,1687.24,699.84,118.18,195.10,1,-1,-1,-1
105,50,271.01,586.30,157.71,328.24,1,-1,-1,-1
105,51,1554.75,659.12,174.47,254.71,1,-1,-1,-1
105,53,1337.63,598.44,205.54,348.58,1,-1,-1,-1
106,1,57.50,678.58,224.29,225.37,1,-1,-1,-1
106,2,1490.25,575.07,170.18,344.61,1,-1,-1,-1
106,6,374.80,678.26,142.49,253.22,1,-1,-1,-1
106,11,1505.09,687.63,195.56,240.99,1,-1,-1,-1
106,12,281.14,681.86,172.34,242.07,1,-1,-1,-1
106,14,0.04,606.32,88.12,276.62,1,-1,-1,-1
106,16,1786.85,544.25,130.80,338.02,1,-1,-1,-1
106,19,887.07,601.34,241.42,380.68,1,-1,-1,-1
106,21,643.69,645.81,240.71,319.43,1,-1,-1,-1
106,22,1668.76,666.64,150.42,230.44,1,-1,-1,-1
106,26,1743.32,516.33,168.79,369.33,1,-1,-1,-1
106,27,785.30,456.13,396.63,528.89,1,-1,-1,-1
106,28,1329.71,640.74,184.50,308.29,1,-1,-1,-1
106,29,438.54,510.56,267.05,424.72,1,-1,-1,-1
106,30,0.31,692.68,78.59,196.17,1,-1,-1,-1
106,31,1094.41,513.73,257.59,447.81,1,-1,-1,-1
106,32,127.55,624.56,165.34,276.54,1,-1,-1,-1
106,33,1850.37,724.55,69.61,171.84,1,-1,-1,-1
106,34,827.23,404.26,263.61,576.51,1,-1,-1,-1
106,35,1271.79,517.12,295.53,423.77,1,-1,-1,-1
106,36,1570.06,616.63,168.21,293.57,1,-1,-1,-1
106,37,1835.14,593.89,84.29,291.61,1,-1,-1,-1
106,38,1341.06,685.75,219.63,255.53,1,-1,-1,-1
106,39,53.11,649.61,143.25,240.68,1,-1,-1,-1
106,40,1099.25,526.21,231.62,431.97,1,-1,-1,-1
106,41,1319.71,470.03,217.10,471.80,1,-1,-1,-1
106,42,1652.71,626.96,157.75,271.09,1,-1,-1,-1
106,43,259.44,580.86,205.70,332.69,1,-1,-1,-1
106,44,391.50,512.67,212.52,424.94,1,-1,-1,-1
106,45,1840.51,703.45,79.26,179.80,1,-1,-1,-1
106,46,27.99,735.58,141.09,162.39,1,-1,-1,-1
106,47,614.18,458.19,222.70,504.21,1,-1,-1,-1
106,48,1684.03,674.05,119.05,219.19,1,-1,-1,-1
106,50,273.22,553.09,162.26,361.48,1,-1,-1,-1
106,51,1554.75,659.12,174.47,254.71,1,-1,-1,-1
106,53,1334.63,555.25,210.90,393.63,1,-1,-1,-1
106,54,0.21,622.75,83.92,274.53,1,-1,-1,-1
107,1,57.50,678.58,224.29,225.37,1,-1,-1,-1
107,2,1474.62,549.95,185.63,369.87,1,-1,-1,-1
107,6,374.80,678.26,142.49,253.22,1,-1,-1,-1
107,12,281.14,681.86,172.34,242.07,1,-1,-1,-1
107,14,0.04,606.32,88.12,276.62,1,-1,-1,-1
107,16,1786.85,544.25,130.80,338.02,1,-1,-1,-1
107,19,887.07,601.34,241.42,380.68,1,-1,-1,-1
107,21,643.69,645.81,240.71,319.43,1,-1,-1,-1
107,22,1668.76,666.64,150.42,230.44,1,-1,-1,-1
107,27,785.30,456.13,396.63,528.89,1,-1,-1,-1
107,28,1329.71,640.74,184.50,308.29,1,-1,-1,-1
107,29,438.54,510.56,267.05,424.72,1,-1,-1,-1
107,30,0.31,692.68,78.59,196.17,1,-1,-1,-1
107,31,1094.41,513.73,257.59,447.81,1,-1,-1,-1
107,32,133.79,596.00,156.21,303.83,1,-1,-1,-1
107,33,1850.37,724.55,69.61,171.84,1,-1,-1,-1
107,34,825.87,358.25,258.47,622.05,1,-1,-1,-1
107,35,1271.79,517.12,295.53,423.77,1,-1,-1,-1
107,36,1570.06,616.63,168.21,293.57,1,-1,-1,-1
107,37,1835.14,593.89,84.29,291.61,1,-1,-1,-1
107,38,1341.06,685.75,219.63,255.53,1,-1,-1,-1
107,39,53.11,649.61,143.25,240.68,1,-1,-1,-1
107,40,1092.04,486.36,229.79,471.36,1,-1,-1,-1
107,41,1319.71,470.03,217.10,471.80,1,-1,-1,-1
107,42,1652.71,626.96,157.75,271.09,1,-1,-1,-1
107,43,259.44,580.86,205.70,332.69,1,-1,-1,-1
107,44,391.50,512.67,212.52,424.94,1,-1,-1,-1
107,45,1840.51,703.45,79.26,179.80,1,-1,-1,-1
107,46,27.99,735.58,141.09,162.39,1,-1,-1,-1
107,47,614.18,458.19,222.70,504.21,1,-1,-1,-1
107,48,1683.65,647.28,115.88,247.23,1,-1,-1,-1
107,50,275.78,533.50,159.70,378.72,1,-1,-1,-1
107,51,1554.75,659.12,174.47,254.71,1,-1,-1,-1
107,52,1600.94,669.22,127.58,235.20,1,-1,-1,-1
107,53,1331.59,518.24,202.92,428.95,1,-1,-1,-1
107,54,0.10,607.70,88.72,283.78,1,-1,-1,-1
107,55,31.27,647.01,125.77,242.89,1,-1,-1,-1
107,56,1841.28,618.91,78.72,287.14,1,-1,-1,-1
108,1,57.50,678.58,224.29,225.37,1,-1,-1,-1
108,2,1470.24,525.43,186.89,390.77,1,-1,-1,-1
108,6,374.80,678.26,142.49,253.22,1,-1,-1,-1
108,12,281.14,681.86,172.34,242.07,1,-1,-1,-1
108,14,0.04,606.32,88.12,276.62,1,-1,-1,-1
108,16,1786.85,544.25,130.80,338.02,1,-1,-1,-1
108,19,887.07,601.34,241.42,380.68,1,-1,-1,-1
108,21,643.69,645.81,240.71,319.43,1,-1,-1,-1
108,22,1668.76,666.64,150.42,230.44,1,-1,-1,-1
108,27,785.30,456.13,396.63,528.89,1,-1,-1,-1
108,28,1329.71,640.74,184.50,308.29,1,-1,-1,-1
108,29,438.54,510.56,267.05,424.72,1,-1,-1,-1
108,30,0.31,692.68,78.59,196.17,1,-1,-1,-1
108,31,1094.41,513.73,257.59,447.81,1,-1,-1,-1
108,32,134.73,570.11,155.63,328.30,1,-1,-1,-1
108,33,1850.37,724.55,69.61,171.84,1,-1,-1,-1
108,34,827.09,323.93,250.57,658.46,1,-1,-1,-1
108,35,1271.79,517.12,295.53,423.77,1,-1,-1,-1
108,36,1570.06,616.63,168.21,293.57,1,-1,-1,-1
108,37,1835.14,593.89,84.29,291.61,1,-1,-1,-1
108,38,1341.06,685.75,219.63,255.53,1,-1,-1,-1
108,39,53.11,649.61,143.25,240.68,1,-1,-1,-1
108,40,1085.32,533.06,146.69,374.41,1,-1,-1,-1
108,41,1319.71,470.03,217.10,471.80,1,-1,-1,-1
108,42,1652.71,626.96,157.75,271.09,1,-1,-1,-1
108,43,259.44,580.86,205.70,332.69,1,-1,-1,-1
108,44,391.50,512.67,212.52,424.94,1,-1,-1,-1
108,45,1840.51,703.45,79.26,179.80,1,-1,-1,-1
108,46,27.99,735.58,141.09,162.39,1,-1,-1,-1
108,47,614.18,458.19,222.70,504.21,1,-1,-1,-1
108,48,1683.13,624.76,114.40,267.39,1,-1,-1,-1
108,50,276.17,511.06,165.64,399.75,1,-1,-1,-1
108,51,1554.75,659.12,174.47,254.71,1,-1,-1,-1
108,52,1602.66,635.11,119.24,269.57,1,-1,-1,-1
108,53,1321.55,483.28,203.47,462.65,1,-1,-1,-1
108,54,0.05,596.23,93.94,297.36,1,-1,-1,-1
108,55,32.28,625.51,135.67,264.72,1,-1,-1,-1
108,56,1837.37,605.91,82.63,285.39,1,-1,-1,-1
108,57,409.23,428.60,209.43,503.48,1,-1,-1,-1
108,58,616.70,392.57,233.53,563.82,1,-1,-1,-1
109,1,57.50,678.58,224.29,225.37,1,-1,-1,-1
109,2,1469.06,506.52,181.27,410.88,1,-1,-1,-1
109,6,374.80,678.26,142.49,253.22,1,-1,-1,-1
109,12,281.14,681.86,172.34,242.07,1,-1,-1,-1
109,14,0.04,606.32,88.12,276.62,1,-1,-1,-1
109,16,1786.85,544.25,130.80,338.02,1,-1,-1,-1
109,19,887.07,601.34,241.42,380.68,1,-1,-1,-1
109,21,643.69,645.81,240.71,319.43,1,-1,-1,-1
109,22,1668.76,666.64,150.42,230.44,1,-1,-1,-1
109,27,785.30,456.13,396.63,528.89,1,-1,-1,-1
109,28,1329.71,640.74,184.50,308.29,1,-1,-1,-1
109,29,438.54,510.56,267.05,424.72,1,-1,-1,-1
109,30,0.31,692.68,78.59,196.17,1,-1,-1,-1
109,31,1094.41,513.73,257.59,447.81,1,-1,-1,-1
109,32,140.10,551.34,154.78,345.44,1,-1,-1,-1
109,33,1850.37,724.55,69.61,171.84,1,-1,-1,-1
109,34,819.77,296.71,253.61,684.91,1,-1,-1,-1
109,35,1271.79,517.12,295.53,423.77,1,-1,-1,-1
109,36,1570.06,616.63,168.21,293.57,1,-1,-1,-1
109,37,1835.14,593.89,84.29,291.61,1,-1,-1,-1
109,38,1341.06,685.75,219.63,255.53,1,-1,-1,-1
109,39,53.11,649.61,143.25,240.68,1,-1,-1,-1
109,40,1082.85,512.26,138.02,381.52,1,-1,-1,-1
109,41,1319.71,470.03,217.10,471.80,1,-1,-1,-1
109,42,1652.71,626.96,157.75,271.09,1,-1,-1,-1
109,43,259.44,580.86,205.70,332.69,1,-1,-1,-1
109,44,391.50,512.67,212.52,424.94,1,-1,-1,-1
109,45,1840.51,703.45,79.26,179.80,1,-1,-1,-1
109,46,27.99,735.58,141.09,162.39,1,-1,-1,-1
109,47,614.18,458.19,222.70,504.21,1,-1,-1,-1
109,48,1669.43,607.77,129.32,285.53,1,-1,-1,-1
109,50,277.44,495.33,172.51,416.10,1,-1,-1,-1
109,51,1554.75,659.12,174.47,254.71,1,-1,-1,-1
109,52,1586.43,602.39,123.61,304.98,1,-1,-1,-1
109,53,1312.78,455.80,212.71,486.34,1,-1,-1,-1
109,54,0.24,581.70,108.30,300.58,1,-1,-1,-1
109,55,36.15,606.22,132.82,283.67,1,-1,-1,-1
109,56,1832.64,591.07,87.36,303.80,1,-1,-1,-1
109,57,409.30,412.23,204.09,517.35,1,-1,-1,-1
109,58,620.15,371.35,228.43,582.28,1,-1,-1,-1
110,1,57.50,678.58,224.29,225.37,1,-1,-1,-1
110,2,1469.28,481.28,171.06,425.42,1,-1,-1,-1
110,6,374.80,678.26,142.49,253.22,1,-1,-1,-1
110,12,281.14,681.86,172.34,242.07,1,-1,-1,-1
110,14,0.04,606.32,88.12,276.62,1,-1,-1,-1
110,16,1786.85,544.25,130.80,338.02,1,-1,-1,-1
110,19,887.07,601.34,241.42,380.68,1,-1,-1,-1
110,22,1668.76,666.64,150.42,230.44,1,-1,-1,-1
110,27,785.30,456.13,396.63,528.89,1,-1,-1,-1
110,28,1329.71,640.74,184.50,308.29,1,-1,-1,-1
110,29,438.54,510.56,267.05,424.72,1,-1,-1,-1
110,30,0.31,692.68,78.59,196.17,1,-1,-1,-1
110,31,1094.41,513.73,257.59,447.81,1,-1,-1,-1
110,32,160.03,530.51,148.44,363.23,1,-1,-1,-1
110,33,1850.37,724.55,69.61,171.84,1,-1,-1,-1
110,34,817.66,257.92,249.68,710.52,1,-1,-1,-1
110,35,1271.79,517.12,295.53,423.77,1,-1,-1,-1
110,36,1570.06,616.63,168.21,293.57,1,-1,-1,-1
110,37,1835.14,593.89,84.29,291.61,1,-1,-1,-1
110,38,1341.06,685.75,219.63,255.53,1,-1,-1,-1
110,39,53.11,649.61,143.25,240.68,1,-1,-1,-1
110,40,1082.85,512.26,138.02,381.52,1,-1,-1,-1
110,41,1319.71,470.03,217.10,471.80,1,-1,-1,-1
110,42,1652.71,626.96,157.75,271.09,1,-1,-1,-1
110,43,259.44,580.86,205.70,332.69,1,-1,-1,-1
110,44,391.50,512.67,212.52,424.94,1,-1,-1,-1
110,45,1840.51,703.45,79.26,179.80,1,-1,-1,-1
110,46,27.99,735.58,141.09,162.39,1,-1,-1,-1
110,47,614.18,458.19,222.70,504.21,1,-1,-1,-1
110,48,1658.80,578.73,137.84,313.94,1,-1,-1,-1
110,50,284.43,475.42,171.97,429.64,1,-1,-1,-1
110,51,1554.75,659.12,174.47,254.71,1,-1,-1,-1
110,52,1574.33,549.20,130.22,352.01,1,-1,-1,-1
110,53,1301.55,413.25,203.58,513.05,1,-1,-1,-1
110,54,0.80,568.10,118.02,307.08,1,-1,-1,-1
110,55,47.52,578.48,127.48,302.64,1,-1,-1,-1
110,56,1814.77,560.87,105.23,320.22,1,-1,-1,-1
110,57,415.03,399.55,196.12,530.13,1,-1,-1,-1
110,58,629.34,349.70,218.77,597.37,1,-1,-1,-1
110,59,628.62,471.19,151.76,412.33,1,-1,-1,-1
110,61,1082.74,367.45,225.77,583.56,1,-1,-1,-1
111,1,57.50,678.58,224.29,225.37,1,-1,-1,-1
111,2,1453.88,470.90,182.16,438.05,1,-1,-1,-1
111,6,374.80,678.26,142.49,253.22,1,-1,-1,-1
111,12,281.14,681.86,172.34,242.07,1,-1,-1,-1
111,14,0.04,606.32,88.12,276.62,1,-1,-1,-1
111,16,1786.85,544.25,130.80,338.02,1,-1,-1,-1
111,19,887.07,601.34,241.42,380.68,1,-1,-1,-1
111,22,1668.76,666.64,150.42,230.44,1,-1,-1,-1
111,27,785.30,456.13,396.63,528.89,1,-1,-1,-1
111,28,1329.71,640.74,184.50,308.29,1,-1,-1,-1
111,29,438.54,510.56,267.05,424.72,1,-1,-1,-1
111,30,0.31,692.68,78.59,196.17,1,-1,-1,-1
111,31,1094.41,513.73,257.59,447.81,1,-1,-1,-1
111,32,163.04,525.06,147.35,368.87,1,-1,-1,-1
111,33,1850.37,724.55,69.61,171.84,1,-1,-1,-1
111,34,815.82,249.93,252.36,714.87,1,-1,-1,-1
111,35,1271.79,517.12,295.53,423.77,1,-1,-1,-1
111,36,1570.06,616.63,168.21,293.57,1,-1,-1,-1
111,37,1835.14,593.89,84.29,291.61,1,-1,-1,-1
111,38,1341.06,685.75,219.63,255.53,1,-1,-1,-1
111,39,53.11,649.61,143.25,240.68,1,-1,-1,-1
111,40,1082.85,512.26,138.02,381.52,1,-1,-1,-1
111,41,1319.71,470.03,217.10,471.80,1,-1,-1,-1
111,42,1652.71,626.96,157.75,271.09,1,-1,-1,-1
111,43,259.44,580.86,205.70,332.69,1,-1,-1,-1
111,44,391.50,512.67,212.52,424.94,1,-1,-1,-1
111,45,1840.51,703.45,79.26,179.80,1,-1,-1,-1
111,46,27.99,735.58,141.09,162.39,1,-1,-1,-1
111,47,614.18,458.19,222.70,504.21,1,-1,-1,-1
111,48,1650.52,562.25,146.43,330.28,1,-1,-1,-1
111,50,285.29,465.75,175.89,445.82,1,-1,-1,-1
111,51,1554.75,659.12,174.47,254.71,1,-1,-1,-1
111,52,1560.56,525.69,143.94,378.46,1,-1,-1,-1
111,53,1286.03,399.31,213.35,539.13,1,-1,-1,-1
111,54,0.77,563.08,126.71,317.60,1,-1,-1,-1
111,55,54.46,569.30,122.38,310.23,1,-1,-1,-1
111,56,1811.44,545.82,108.56,331.24,1,-1,-1,-1
111,57,417.62,400.11,200.10,530.50,1,-1,-1,-1
111,58,628.76,343.37,218.72,602.73,1,-1,-1,-1
111,59,628.62,471.19,151.76,412.33,1,-1,-1,-1
111,61,1079.75,350.30,227.49,596.38,1,-1,-1,-1
112,1,57.50,678.58,224.29,225.37,1,-1,-1,-1
112,2,1450.49,467.80,183.68,444.98,1,-1,-1,-1
112,6,374.80,678.26,142.49,253.22,1,-1,-1,-1
112,12,281.14,681.86,172.34,242.07,1,-1,-1,-1
112,14,0.04,606.32,88.12,276.62,1,-1,-1,-1
112,19,887.07,601.34,241.42,380.68,1,-1,-1,-1
112,22,1668.76,666.64,150.42,230.44,1,-1,-1,-1
112,27,785.30,456.13,396.63,528.89,1,-1,-1,-1
112,28,1329.71,640.74,184.50,308.29,1,-1,-1,-1
112,29,438.54,510.56,267.05,424.72,1,-1,-1,-1
112,30,0.31,692.68,78.59,196.17,1,-1,-1,-1
112,31,1094.41,513.73,257.59,447.81,1,-1,-1,-1
112,32,161.74,521.36,152.57,373.97,1,-1,-1,-1
112,33,1850.37,724.55,69.61,171.84,1,-1,-1,-1
112,34,814.46,249.16,254.93,720.91,1,-1,-1,-1
112,35,1271.79,517.12,295.53,423.77,1,-1,-1,-1
112,36,1570.06,616.63,168.21,293.57,1,-1,-1,-1
112,37,1835.14,593.89,84.29,291.61,1,-1,-1,-1
112,38,1341.06,685.75,219.63,255.53,1,-1,-1,-1
112,39,53.11,649.61,143.25,240.68,1,-1,-1,-1
112,40,1082.85,512.26,138.02,381.52,1,-1,-1,-1
112,41,1319.71,470.03,217.10,471.80,1,-1,-1,-1
112,42,1652.71,626.96,157.75,271.09,1,-1,-1,-1
112,43,259.44,580.86,205.70,332.69,1,-1,-1,-1
112,44,391.50,512.67,212.52,424.94,1,-1,-1,-1
112,45,1840.51,703.45,79.26,179.80,1,-1,-1,-1
112,46,27.99,735.58,141.09,162.39,1,-1,-1,-1
112,47,614.18,458.19,222.70,504.21,1,-1,-1,-1
112,48,1651.43,550.66,143.77,339.77,1,-1,-1,-1
112,50,285.29,461.38,176.82,448.73,1,-1,-1,-1
112,51,1554.75,659.12,174.47,254.71,1,-1,-1,-1
112,52,1555.19,513.20,147.98,388.03,1,-1,-1,-1
112,53,1284.70,392.29,206.24,549.76,1,-1,-1,-1
112,54,7.19,558.67,128.28,322.00,1,-1,-1,-1
112,55,59.85,562.14,126.66,321.02,1,-1,-1,-1
112,56,1801.49,538.36,118.51,340.73,1,-1,-1,-1
112,57,417.42,400.49,205.51,529.73,1,-1,-1,-1
112,58,632.50,344.92,219.53,602.19,1,-1,-1,-1
112,59,628.62,471.19,151.76,412.33,1,-1,-1,-1
112,61,1077.01,340.89,236.97,607.40,1,-1,-1,-1
113,2,1453.32,466.64,179.48,447.56,1,-1,-1,-1
113,6,374.80,678.26,142.49,253.22,1,-1,-1,-1
113,12,281.14,681.86,172.34,242.07,1,-1,-1,-1
113,14,0.04,606.32,88.12,276.62,1,-1,-1,-1
113,19,887.07,601.34,241.42,380.68,1,-1,-1,-1
113,22,1668.76,666.64,150.42,230.44,1,-1,-1,-1
113,27,785.30,456.13,396.63,528.89,1,-1,-1,-1
113,28,1329.71,640.74,184.50,308.29,1,-1,-1,-1
113,29,438.54,510.56,267.05,424.72,1,-1,-1,-1
113,30,0.31,692.68,78.59,196.17,1,-1,-1,-1
113,31,1094.41,513.73,257.59,447.81,1,-1,-1,-1
113,32,161.27,519.97,156.22,375.03,1,-1,-1,-1
113,33,1850.37,724.55,69.61,171.84,1,-1,-1,-1
113,34,816.83,251.67,253.09,716.92,1,-1,-1,-1
113,35,1271.79,517.12,295.53,423.77,1,-1,-1,-1
113,36,1570.06,616.63,168.21,293.57,1,-1,-1,-1
113,37,1835.14,593.89,84.29,291.61,1,-1,-1,-1
113,38,1341.06,685.75,219.63,255.53,1,-1,-1,-1
113,39,53.11,649.61,143.25,240.68,1,-1,-1,-1
113,40,1082.85,512.26,138.02,381.52,1,-1,-1,-1
113,41,1319.71,470.03,217.10,471.80,1,-1,-1,-1
113,42,1652.71,626.96,157.75,271.09,1,-1,-1,-1
113,43,259.44,580.86,205.70,332.69,1,-1,-1,-1
113,44,391.50,512.67,212.52,424.94,1,-1,-1,-1
113,45,1840.51,703.45,79.26,179.80,1,-1,-1,-1
113,46,27.99,735.58,141.09,162.39,1,-1,-1,-1
113,47,614.18,458.19,222.70,504.21,1,-1,-1,-1
113,48,1652.90,544.89,133.51,345.21,1,-1,-1,-1
113,50,284.58,461.05,177.33,448.68,1,-1,-1,-1
113,51,1554.75,659.12,174.47,254.71,1,-1,-1,-1
113,52,1547.61,507.35,157.01,395.26,1,-1,-1,-1
113,53,1272.71,387.49,214.37,553.65,1,-1,-1,-1
113,54,13.63,556.75,127.50,321.28,1,-1,-1,-1
113,55,63.21,559.63,131.57,325.18,1,-1,-1,-1
113,56,1797.59,530.84,122.41,352.93,1,-1,-1,-1
113,57,418.80,400.90,206.55,527.94,1,-1,-1,-1
113,58,637.53,346.49,215.87,599.75,1,-1,-1,-1
113,59,628.62,471.19,151.76,412.33,1,-1,-1,-1
113,61,1072.88,338.37,237.17,607.93,1,-1,-1,-1
114,2,1446.32,467.22,182.91,447.83,1,-1,-1,-1
114,6,374.80,678.26,142.49,253.22,1,-1,-1,-1
114,12,281.14,681.86,172.34,242.07,1,-1,-1,-1
114,14,0.04,606.32,88.12,276.62,1,-1,-1,-1
114,19,887.07,601.34,241.42,380.68,1,-1,-1,-1
114,22,1668.76,666.64,150.42,230.44,1,-1,-1,-1
114,27,785.30,456.13,396.63,528.89,1,-1,-1,-1
114,28,1329.71,640.74,184.50,308.29,1,-1,-1,-1
114,29,438.54,510.56,267.05,424.72,1,-1,-1,-1
114,30,0.31,692.68,78.59,196.17,1,-1,-1,-1
114,31,1094.41,513.73,257.59,447.81,1,-1,-1,-1
114,32,163.21,517.93,156.71,374.77,1,-1,-1,-1
114,33,1850.37,724.55,69.61,171.84,1,-1,-1,-1
114,34,815.89,252.49,253.02,717.55,1,-1,-1,-1
114,35,1271.79,517.12,295.53,423.77,1,-1,-1,-1
114,36,1570.06,616.63,168.21,293.57,1,-1,-1,-1
114,37,1835.14,593.89,84.29,291.61,1,-1,-1,-1
114,38,1341.06,685.75,219.63,255.53,1,-1,-1,-1
114,39,53.11,649.61,143.25,240.68,1,-1,-1,-1
114,40,1082.85,512.26,138.02,381.52,1,-1,-1,-1
114,41,1319.71,470.03,217.10,471.80,1,-1,-1,-1
114,42,1652.71,626.96,157.75,271.09,1,-1,-1,-1
114,43,259.44,580.86,205.70,332.69,1,-1,-1,-1
114,44,391.50,512.67,212.52,424.94,1,-1,-1,-1
114,45,1840.51,703.45,79.26,179.80,1,-1,-1,-1
114,46,27.99,735.58,141.09,162.39,1,-1,-1,-1
114,47,614.18,458.19,222.70,504.21,1,-1,-1,-1
114,48,1654.92,543.11,123.46,348.89,1,-1,-1,-1
114,50,287.75,461.09,172.22,448.55,1,-1,-1,-1
114,51,1554.75,659.12,174.47,254.71,1,-1,-1,-1
114,52,1542.10,503.80,151.72,399.80,1,-1,-1,-1
114,53,1257.82,381.95,223.42,559.36,1,-1,-1,-1
114,54,18.11,558.21,125.11,318.98,1,-1,-1,-1
114,55,62.24,556.80,135.52,327.07,1,-1,-1,-1
114,56,1794.08,526.71,125.92,358.76,1,-1,-1,-1
114,57,420.68,400.35,206.05,525.45,1,-1,-1,-1
114,58,643.24,347.96,212.20,599.48,1,-1,-1,-1
114,59,628.62,471.19,151.76,412.33,1,-1,-1,-1
114,61,1070.74,341.54,238.24,604.96,1,-1,-1,-1
115,2,1449.70,470.53,174.25,441.17,1,-1,-1,-1
115,6,374.80,678.26,142.49,253.22,1,-1,-1,-1
115,12,281.14,681.86,172.34,242.07,1,-1,-1,-1
115,14,0.04,606.32,88.12,276.62,1,-1,-1,-1
115,19,887.07,601.34,241.42,380.68,1,-1,-1,-1
115,22,1668.76,666.64,150.42,230.44,1,-1,-1,-1
115,27,785.30,456.13,396.63,528.89,1,-1,-1,-1
115,28,1329.71,640.74,184.50,308.29,1,-1,-1,-1
115,29,438.54,510.56,267.05,424.72,1,-1,-1,-1
115,30,0.31,692.68,78.59,196.17,1,-1,-1,-1
115,31,1094.41,513.73,257.59,447.81,1,-1,-1,-1
115,32,178.40,522.31,143.26,367.72,1,-1,-1,-1
115,33,1850.37,724.55,69.61,171.84,1,-1,-1,-1
115,34,818.32,256.67,271.53,704.10,1,-1,-1,-1
115,35,1271.79,517.12,295.53,423.77,1,-1,-1,-1
115,36,1570.06,616.63,168.21,293.57,1,-1,-1,-1
115,37,1835.14,593.89,84.29,291.61,1,-1,-1,-1
115,38,1341.06,685.75,219.63,255.53,1,-1,-1,-1
115,39,53.11,649.61,143.25,240.68,1,-1,-1,-1
115,40,1082.85,512.26,138.02,381.52,1,-1,-1,-1
115,41,1319.71,470.03,217.10,471.80,1,-1,-1,-1
115,42,1652.71,626.96,157.75,271.09,1,-1,-1,-1
115,43,259.44,580.86,205.70,332.69,1,-1,-1,-1
115,44,391.50,512.67,212.52,424.94,1,-1,-1,-1
115,45,1840.51,703.45,79.26,179.80,1,-1,-1,-1
115,46,27.99,735.58,141.09,162.39,1,-1,-1,-1
115,47,614.18,458.19,222.70,504.21,1,-1,-1,-1
115,48,1650.76,543.03,124.61,348.67,1,-1,-1,-1
115,50,293.22,454.35,167.15,453.20,1,-1,-1,-1
115,51,1554.75,659.12,174.47,254.71,1,-1,-1,-1
115,52,1536.75,511.01,154.61,392.63,1,-1,-1,-1
115,53,1262.77,385.52,217.30,553.31,1,-1,-1,-1
115,54,27.43,559.29,119.93,309.83,1,-1,-1,-1
115,55,63.88,553.98,135.33,329.59,1,-1,-1,-1
115,56,1790.71,529.58,129.29,356.04,1,-1,-1,-1
115,57,427.50,408.91,213.07,512.76,1,-1,-1,-1
115,58,649.76,348.74,209.77,598.36,1,-1,-1,-1
115,59,628.62,471.19,151.76,412.33,1,-1,-1,-1
115,61,1047.29,346.74,249.51,599.05,1,-1,-1,-1
116,2,1452.05,475.35,178.25,438.43,1,-1,-1,-1
116,6,374.80,678.26,142.49,253.22,1,-1,-1,-1
116,12,281.14,681.86,172.34,242.07,1,-1,-1,-1
116,14,0.04,606.32,88.12,276.62,1,-1,-1,-1
116,19,887.07,601.34,241.42,380.68,1,-1,-1,-1
116,22,1668.76,666.64,150.42,230.44,1,-1,-1,-1
116,27,785.30,456.13,396.63,528.89,1,-1,-1,-1
116,28,1329.71,640.74,184.50,308.29,1,-1,-1,-1
116,29,438.54,510.56,267.05,424.72,1,-1,-1,-1
116,30,0.31,692.68,78.59,196.17,1,-1,-1,-1
116,31,1094.41,513.73,257.59,447.81,1,-1,-1,-1
116,32,184.82,525.22,139.57,365.22,1,-1,-1,-1
116,33,1850.37,724.55,69.61,171.84,1,-1,-1,-1
116,34,818.65,259.33,281.54,700.76,1,-1,-1,-1
116,35,1271.79,517.12,295.53,423.77,1,-1,-1,-1
116,36,1570.06,616.63,168.21,293.57,1,-1,-1,-1
116,37,1835.14,593.89,84.29,291.61,1,-1,-1,-1
116,38,1341.06,685.75,219.63,255.53,1,-1,-1,-1
116,39,53.11,649.61,143.25,240.68,1,-1,-1,-1
116,40,1082.85,512.26,138.02,381.52,1,-1,-1,-1
116,41,1319.71,470.03,217.10,471.80,1,-1,-1,-1
116,42,1652.71,626.96,157.75,271.09,1,-1,-1,-1
116,43,259.44,580.86,205.70,332.69,1,-1,-1,-1
116,44,391.50,512.67,212.52,424.94,1,-1,-1,-1
116,45,1840.51,703.45,79.26,179.80,1,-1,-1,-1
116,46,27.99,735.58,141.09,162.39,1,-1,-1,-1
116,47,614.18,458.19,222.70,504.21,1,-1,-1,-1
116,48,1648.92,545.49,129.30,345.32,1,-1,-1,-1
116,50,294.18,452.55,171.78,454.96,1,-1,-1,-1
116,51,1554.75,659.12,174.47,254.71,1,-1,-1,-1
116,52,1539.94,513.85,149.12,389.83,1,-1,-1,-1
116,53,1257.32,388.31,222.82,544.29,1,-1,-1,-1
116,54,28.15,558.77,121.32,308.40,1,-1,-1,-1
116,55,65.25,552.86,134.47,328.80,1,-1,-1,-1
116,56,1788.62,532.56,131.37,350.29,1,-1,-1,-1
116,57,428.08,409.87,217.20,513.74,1,-1,-1,-1
116,58,649.32,350.49,216.73,596.46,1,-1,-1,-1
116,59,628.62,471.19,151.76,412.33,1,-1,-1,-1
116,61,1063.09,347.50,237.26,597.34,1,-1,-1,-1
117,2,1447.16,475.69,186.83,414.89,1,-1,-1,-1
117,12,281.14,681.86,172.34,242.07,1,-1,-1,-1
117,14,0.04,606.32,88.12,276.62,1,-1,-1,-1
117,19,887.07,601.34,241.42,380.68,1,-1,-1,-1
117,22,1668.76,666.64,150.42,230.44,1,-1,-1,-1
117,27,785.30,456.13,396.63,528.89,1,-1,-1,-1
117,29,438.54,510.56,267.05,424.72,1,-1,-1,-1
117,30,0.31,692.68,78.59,196.17,1,-1,-1,-1
117,31,1094.41,513.73,257.59,447.81,1,-1,-1,-1
117,32,186.29,525.71,140.56,367.15,1,-1,-1,-1
117,34,816.45,260.17,313.49,703.33,1,-1,-1,-1
117,35,1271.79,517.12,295.53,423.77,1,-1,-1,-1
117,36,1570.06,616.63,168.21,293.57,1,-1,-1,-1
117,37,1835.14,593.89,84.29,291.61,1,-1,-1,-1
117,38,1341.06,685.75,219.63,255.53,1,-1,-1,-1
117,39,53.11,649.61,143.25,240.68,1,-1,-1,-1
117,40,1082.85,512.26,138.02,381.52,1,-1,-1,-1
117,41,1319.71,470.03,217.10,471.80,1,-1,-1,-1
117,42,1652.71,626.96,157.75,271.09,1,-1,-1,-1
117,43,259.44,580.86,205.70,332.69,1,-1,-1,-1
117,44,391.50,512.67,212.52,424.94,1,-1,-1,-1
117,45,1840.51,703.45,79.26,179.80,1,-1,-1,-1
117,46,27.99,735.58,141.09,162.39,1,-1,-1,-1
117,47,614.18,458.19,222.70,504.21,1,-1,-1,-1
117,48,1646.46,547.79,138.92,340.23,1,-1,-1,-1
117,50,294.41,449.98,181.53,458.33,1,-1,-1,-1
117,51,1554.75,659.12,174.47,254.71,1,-1,-1,-1
117,52,1537.82,521.19,150.44,382.35,1,-1,-1,-1
117,53,1259.75,391.06,226.01,540.56,1,-1,-1,-1
117,54,32.05,558.67,120.42,306.30,1,-1,-1,-1
117,55,46.01,555.24,155.21,324.95,1,-1,-1,-1
117,56,1794.26,534.81,125.74,345.98,1,-1,-1,-1
117,57,428.08,409.87,217.20,513.74,1,-1,-1,-1
117,58,648.05,355.66,219.74,590.88,1,-1,-1,-1
117,59,628.62,471.19,151.76,412.33,1,-1,-1,-1
117,61,1069.35,348.36,231.83,594.04,1,-1,-1,-1
118,2,1446.04,475.21,181.35,433.20,1,-1,-1,-1
118,12,281.14,681.86,172.34,242.07,1,-1,-1,-1
118,14,0.04,606.32,88.12,276.62,1,-1,-1,-1
118,19,887.07,601.34,241.42,380.68,1,-1,-1,-1
118,22,1668.76,666.64,150.42,230.44,1,-1,-1,-1
118,27,785.30,456.13,396.63,528.89,1,-1,-1,-1
118,29,438.54,510.56,267.05,424.72,1,-1,-1,-1
118,30,0.31,692.68,78.59,196.17,1,-1,-1,-1
118,31,1094.41,513.73,257.59,447.81,1,-1,-1,-1
118,32,191.26,528.04,133.52,364.91,1,-1,-1,-1
118,34,815.92,262.28,309.32,705.33,1,-1,-1,-1
118,35,1271.79,517.12,295.53,423.77,1,-1,-1,-1
118,36,1570.06,616.63,168.21,293.57,1,-1,-1,-1
118,37,1835.14,593.89,84.29,291.61,1,-1,-1,-1
118,38,1341.06,685.75,219.63,255.53,1,-1,-1,-1
118,39,63.92,565.05,136.21,316.90,1,-1,-1,-1
118,40,1082.85,512.26,138.02,381.52,1,-1,-1,-1
118,41,1319.71,470.03,217.10,471.80,1,-1,-1,-1
118,42,1652.71,626.96,157.75,271.09,1,-1,-1,-1
118,43,259.44,580.86,205.70,332.69,1,-1,-1,-1
118,44,391.50,512.67,212.52,424.94,1,-1,-1,-1
118,45,1840.51,703.45,79.26,179.80,1,-1,-1,-1
118,46,27.99,735.58,141.09,162.39,1,-1,-1,-1
118,47,614.18,458.19,222.70,504.21,1,-1,-1,-1
118,48,1646.87,548.26,138.68,340.12,1,-1,-1,-1
118,50,292.85,450.38,180.29,459.45,1,-1,-1,-1
118,51,1554.75,659.12,174.47,254.71,1,-1,-1,-1
118,52,1536.43,527.54,169.12,379.81,1,-1,-1,-1
118,53,1250.11,389.90,240.41,543.47,1,-1,-1,-1
118,54,41.80,559.71,118.15,316.00,1,-1,-1,-1
118,55,47.28,556.96,151.41,323.26,1,-1,-1,-1
118,56,1796.47,537.46,123.52,347.28,1,-1,-1,-1
118,57,429.46,417.28,226.05,502.79,1,-1,-1,-1
118,58,648.05,355.66,219.74,590.88,1,-1,-1,-1
118,59,628.62,471.19,151.76,412.33,1,-1,-1,-1
118,61,1068.20,349.90,223.87,591.59,1,-1,-1,-1
119,2,1434.85,476.38,186.37,433.02,1,-1,-1,-1
119,12,281.14,681.86,172.34,242.07,1,-1,-1,-1
119,14,0.04,606.32,88.12,276.62,1,-1,-1,-1
119,19,887.07,601.34,241.42,380.68,1,-1,-1,-1
119,22,1668.76,666.64,150.42,230.44,1,-1,-1,-1
119,27,785.30,456.13,396.63,528.89,1,-1,-1,-1
119,29,438.54,510.56,267.05,424.72,1,-1,-1,-1
119,30,0.31,692.68,78.59,196.17,1,-1,-1,-1
119,31,1094.41,513.73,257.59,447.81,1,-1,-1,-1
119,32,190.85,528.63,138.70,362.55,1,-1,-1,-1
119,34,810.98,267.63,316.35,701.44,1,-1,-1,-1
119,35,1271.79,517.12,295.53,423.77,1,-1,-1,-1
119,36,1570.06,616.63,168.21,293.57,1,-1,-1,-1
119,37,1835.14,593.89,84.29,291.61,1,-1,-1,-1
119,38,1341.06,685.75,219.63,255.53,1,-1,-1,-1
119,39,76.23,558.43,128.63,318.82,1,-1,-1,-1
119,40,1082.85,512.26,138.02,381.52,1,-1,-1,-1
119,41,1319.71,470.03,217.10,471.80,1,-1,-1,-1
119,42,1652.71,626.96,157.75,271.09,1,-1,-1,-1
119,43,259.44,580.86,205.70,332.69,1,-1,-1,-1
119,44,391.50,512.67,212.52,424.94,1,-1,-1,-1
119,45,1840.51,703.45,79.26,179.80,1,-1,-1,-1
119,46,27.99,735.58,141.09,162.39,1,-1,-1,-1
119,47,614.18,458.19,222.70,504.21,1,-1,-1,-1
119,48,1645.02,548.13,147.30,340.07,1,-1,-1,-1
119,50,291.80,451.77,184.84,458.29,1,-1,-1,-1
119,51,1554.75,659.12,174.47,254.71,1,-1,-1,-1
119,52,1533.02,527.36,147.84,379.56,1,-1,-1,-1
119,53,1239.71,391.16,256.80,543.61,1,-1,-1,-1
119,54,44.00,562.19,120.30,315.73,1,-1,-1,-1
119,55,45.78,559.34,152.09,321.22,1,-1,-1,-1
119,56,1792.73,538.68,127.21,345.94,1,-1,-1,-1
119,57,436.66,416.33,234.76,504.87,1,-1,-1,-1
119,58,627.57,362.97,231.72,580.75,1,-1,-1,-1
119,59,628.62,471.19,151.76,412.33,1,-1,-1,-1
119,61,1065.77,352.79,223.75,591.10,1,-1,-1,-1
120,2,1416.05,485.87,189.43,425.86,1,-1,-1,-1
120,12,281.14,681.86,172.34,242.07,1,-1,-1,-1
120,14,0.04,606.32,88.12,276.62,1,-1,-1,-1
120,19,887.07,601.34,241.42,380.68,1,-1,-1,-1
120,22,1668.76,666.64,150.42,230.44,1,-1,-1,-1
120,27,785.30,456.13,396.63,528.89,1,-1,-1,-1
120,29,438.54,510.56,267.05,424.72,1,-1,-1,-1
120,30,0.31,692.68,78.59,196.17,1,-1,-1,-1
120,31,1094.41,513.73,257.59,447.81,1,-1,-1,-1
120,32,170.40,533.79,159.28,358.44,1,-1,-1,-1
120,34,781.11,281.44,316.06,681.10,1,-1,-1,-1
120,35,1271.79,517.12,295.53,423.77,1,-1,-1,-1
120,36,1570.06,616.63,168.21,293.57,1,-1,-1,-1
120,37,1835.14,593.89,84.29,291.61,1,-1,-1,-1
120,38,1341.06,685.75,219.63,255.53,1,-1,-1,-1
120,39,61.58,562.93,150.85,319.87,1,-1,-1,-1
120,40,1082.85,512.26,138.02,381.52,1,-1,-1,-1
120,41,1319.71,470.03,217.10,471.80,1,-1,-1,-1
120,42,1652.71,626.96,157.75,271.09,1,-1,-1,-1
120,43,259.44,580.86,205.70,332.69,1,-1,-1,-1
120,44,391.50,512.67,212.52,424.94,1,-1,-1,-1
120,45,1840.51,703.45,79.26,179.80,1,-1,-1,-1
120,46,27.99,735.58,141.09,162.39,1,-1,-1,-1
120,47,614.18,458.19,222.70,504.21,1,-1,-1,-1
120,48,1642.23,549.23,140.86,339.58,1,-1,-1,-1
120,50,278.79,459.25,200.06,450.14,1,-1,-1,-1
120,51,1554.75,659.12,174.47,254.71,1,-1,-1,-1
120,52,1513.60,530.75,159.19,375.79,1,-1,-1,-1
120,53,1238.94,405.39,231.15,527.85,1,-1,-1,-1
120,54,44.00,562.19,120.30,315.73,1,-1,-1,-1
120,55,13.13,559.54,196.73,323.60,1,-1,-1,-1
120,56,1774.97,545.54,145.02,335.62,1,-1,-1,-1
120,57,400.14,429.88,272.87,491.76,1,-1,-1,-1
120,58,602.37,373.36,273.90,570.95,1,-1,-1,-1
120,59,628.62,471.19,151.76,412.33,1,-1,-1,-1
120,61,1050.19,368.84,252.66,576.92,1,-1,-1,-1
121,2,1386.17,490.17,214.39,423.36,1,-1,-1,-1
121,12,281.14,681.86,172.34,242.07,1,-1,-1,-1
121,14,0.04,606.32,88.12,276.62,1,-1,-1,-1
121,19,887.07,601.34,241.42,380.68,1,-1,-1,-1
121,22,1668.76,666.64,150.42,230.44,1,-1,-1,-1
121,27,785.30,456.13,396.63,528.89,1,-1,-1,-1
121,29,438.54,510.56,267.05,424.72,1,-1,-1,-1
121,30,0.31,692.68,78.59,196.17,1,-1,-1,-1
121,31,1094.41,513.73,257.59,447.81,1,-1,-1,-1
121,32,161.27,535.88,160.66,356.88,1,-1,-1,-1
121,34,784.78,293.97,275.69,666.28,1,-1,-1,-1
121,35,1271.79,517.12,295.53,423.77,1,-1,-1,-1
121,36,1570.06,616.63,168.21,293.57,1,-1,-1,-1
121,37,1835.14,593.89,84.29,291.61,1,-1,-1,-1
121,38,1341.06,685.75,219.63,255.53,1,-1,-1,-1
121,39,65.71,569.33,139.17,308.71,1,-1,-1,-1
121,40,1082.85,512.26,138.02,381.52,1,-1,-1,-1
121,41,1319.71,470.03,217.10,471.80,1,-1,-1,-1
121,42,1652.71,626.96,157.75,271.09,1,-1,-1,-1
121,43,259.44,580.86,205.70,332.69,1,-1,-1,-1
121,44,391.50,512.67,212.52,424.94,1,-1,-1,-1
121,45,1840.51,703.45,79.26,179.80,1,-1,-1,-1
121,46,27.99,735.58,141.09,162.39,1,-1,-1,-1
121,47,614.18,458.19,222.70,504.21,1,-1,-1,-1
121,48,1634.77,551.18,139.46,338.65,1,-1,-1,-1
121,50,291.12,462.26,181.24,448.48,1,-1,-1,-1
121,51,1554.75,659.12,174.47,254.71,1,-1,-1,-1
121,52,1512.44,536.56,162.72,367.92,1,-1,-1,-1
121,53,1255.53,417.11,208.15,514.84,1,-1,-1,-1
121,54,44.00,562.19,120.30,315.73,1,-1,-1,-1
121,55,26.61,568.38,163.54,313.95,1,-1,-1,-1
121,56,1770.02,548.94,149.27,330.23,1,-1,-1,-1
121,57,396.18,440.22,251.39,481.03,1,-1,-1,-1
121,58,581.77,381.14,287.72,563.02,1,-1,-1,-1
121,59,628.62,471.19,151.76,412.33,1,-1,-1,-1
121,61,1025.21,379.88,272.64,567.33,1,-1,-1,-1
122,2,1400.64,496.53,200.90,415.42,1,-1,-1,-1
122,12,281.14,681.86,172.34,242.07,1,-1,-1,-1
122,14,0.04,606.32,88.12,276.62,1,-1,-1,-1
122,19,887.07,601.34,241.42,380.68,1,-1,-1,-1
122,27,785.30,456.13,396.63,528.89,1,-1,-1,-1
122,29,438.54,510.56,267.05,424.72,1,-1,-1,-1
122,30,0.31,692.68,78.59,196.17,1,-1,-1,-1
122,32,177.98,538.37,145.84,353.16,1,-1,-1,-1
122,34,800.89,303.97,233.41,657.87,1,-1,-1,-1
122,35,1271.79,517.12,295.53,423.77,1,-1,-1,-1
122,36,1570.06,616.63,168.21,293.57,1,-1,-1,-1
122,37,1835.14,593.89,84.29,291.61,1,-1,-1,-1
122,38,1341.06,685.75,219.63,255.53,1,-1,-1,-1
122,39,43.74,569.82,158.68,311.88,1,-1,-1,-1
122,40,1082.85,512.26,138.02,381.52,1,-1,-1,-1
122,41,1319.71,470.03,217.10,471.80,1,-1,-1,-1
122,42,1652.71,626.96,157.75,271.09,1,-1,-1,-1
122,43,259.44,580.86,205.70,332.69,1,-1,-1,-1
122,44,391.50,512.67,212.52,424.94,1,-1,-1,-1
122,45,1840.51,703.45,79.26,179.80,1,-1,-1,-1
122,46,27.99,735.58,141.09,162.39,1,-1,-1,-1
122,47,614.18,458.19,222.70,504.21,1,-1,-1,-1
122,48,1624.94,552.32,151.68,336.10,1,-1,-1,-1
122,50,307.69,466.44,168.61,443.30,1,-1,-1,-1
122,51,1554.75,659.12,174.47,254.71,1,-1,-1,-1
122,52,1515.19,540.19,154.03,361.87,1,-1,-1,-1
122,53,1264.42,421.10,181.91,509.89,1,-1,-1,-1
122,54,44.00,562.19,120.30,315.73,1,-1,-1,-1
122,55,26.61,568.38,163.54,313.95,1,-1,-1,-1
122,56,1771.84,553.81,147.84,327.42,1,-1,-1,-1
122,57,417.01,442.09,206.85,479.94,1,-1,-1,-1
122,58,611.74,390.54,237.05,554.01,1,-1,-1,-1
122,59,628.62,471.19,151.76,412.33,1,-1,-1,-1
122,61,1019.03,391.16,268.75,558.21,1,-1,-1,-1
123,2,1400.98,499.97,205.33,407.87,1,-1,-1,-1
123,12,281.14,681.86,172.34,242.07,1,-1,-1,-1
123,14,0.04,606.32,88.12,276.62,1,-1,-1,-1
123,19,887.07,601.34,241.42,380.68,1,-1,-1,-1
123,27,785.30,456.13,396.63,528.89,1,-1,-1,-1
123,29,438.54,510.56,267.05,424.72,1,-1,-1,-1
123,30,0.31,692.68,78.59,196.17,1,-1,-1,-1
123,32,189.64,538.59,137.69,351.41,1,-1,-1,-1
123,34,813.90,315.94,215.25,645.52,1,-1,-1,-1
123,35,1271.79,517.12,295.53,423.77,1,-1,-1,-1
123,36,1570.06,616.63,168.21,293.57,1,-1,-1,-1
123,37,1835.14,593.89,84.29,291.61,1,-1,-1,-1
123,38,1341.06,685.75,219.63,255.53,1,-1,-1,-1
123,39,88.90,573.22,122.89,306.95,1,-1,-1,-1
123,40,1082.85,512.26,138.02,381.52,1,-1,-1,-1
123,41,1319.71,470.03,217.10,471.80,1,-1,-1,-1
123,42,1652.71,626.96,157.75,271.09,1,-1,-1,-1
123,43,259.44,580.86,205.70,332.69,1,-1,-1,-1
123,44,391.50,512.67,212.52,424.94,1,-1,-1,-1
123,45,1840.51,703.45,79.26,179.80,1,-1,-1,-1
123,46,27.99,735.58,141.09,162.39,1,-1,-1,-1
123,47,614.18,458.19,222.70,504.21,1,-1,-1,-1
123,48,1618.34,557.91,156.28,330.76,1,-1,-1,-1
123,50,308.03,471.21,148.17,437.73,1,-1,-1,-1
123,51,1554.75,659.12,174.47,254.71,1,-1,-1,-1
123,52,1514.60,544.37,152.86,360.38,1,-1,-1,-1
123,53,1242.07,420.33,189.92,510.58,1,-1,-1,-1
123,54,54.15,574.26,130.09,307.13,1,-1,-1,-1
123,55,26.61,568.38,163.54,313.95,1,-1,-1,-1
123,56,1762.34,560.00,156.22,318.82,1,-1,-1,-1
123,57,438.08,448.62,185.46,471.16,1,-1,-1,-1
123,58,634.18,396.70,206.37,545.88,1,-1,-1,-1
123,59,628.62,471.19,151.76,412.33,1,-1,-1,-1
123,61,1027.28,398.42,232.04,547.39,1,-1,-1,-1
124,2,1400.41,503.91,213.89,406.66,1,-1,-1,-1
124,12,281.14,681.86,172.34,242.07,1,-1,-1,-1
124,14,0.04,606.32,88.12,276.62,1,-1,-1,-1
124,19,887.07,601.34,241.42,380.68,1,-1,-1,-1
124,27,785.30,456.13,396.63,528.89,1,-1,-1,-1
124,29,438.54,510.56,267.05,424.72,1,-1,-1,-1
124,30,0.31,692.68,78.59,196.17,1,-1,-1,-1
124,32,195.63,539.71,130.49,353.35,1,-1,-1,-1
124,34,816.42,319.34,213.07,639.44,1,-1,-1,-1
124,35,1271.79,517.12,295.53,423.77,1,-1,-1,-1
124,36,1570.06,616.63,168.21,293.57,1,-1,-1,-1
124,37,1835.14,593.89,84.29,291.61,1,-1,-1,-1
124,38,1341.06,685.75,219.63,255.53,1,-1,-1,-1
124,39,105.78,573.83,112.38,303.29,1,-1,-1,-1
124,40,1082.85,512.26,138.02,381.52,1,-1,-1,-1
124,42,1652.71,626.96,157.75,271.09,1,-1,-1,-1
124,43,259.44,580.86,205.70,332.69,1,-1,-1,-1
124,44,391.50,512.67,212.52,424.94,1,-1,-1,-1
124,45,1840.51,703.45,79.26,179.80,1,-1,-1,-1
124,46,27.99,735.58,141.09,162.39,1,-1,-1,-1
124,47,614.18,458.19,222.70,504.21,1,-1,-1,-1
124,48,1606.85,559.31,162.23,332.01,1,-1,-1,-1
124,50,306.71,471.63,152.85,435.87,1,-1,-1,-1
124,51,1554.75,659.12,174.47,254.71,1,-1,-1,-1
124,52,1512.94,550.74,158.17,353.79,1,-1,-1,-1
124,53,1243.25,420.57,193.86,505.98,1,-1,-1,-1
124,54,59.76,575.93,118.87,306.44,1,-1,-1,-1
124,55,26.61,568.38,163.54,313.95,1,-1,-1,-1
124,56,1755.48,562.08,144.01,317.90,1,-1,-1,-1
124,57,435.33,451.04,191.90,470.14,1,-1,-1,-1
124,58,654.97,401.77,183.26,542.14,1,-1,-1,-1
124,59,628.62,471.19,151.76,412.33,1,-1,-1,-1
124,61,1031.84,404.81,220.20,537.63,1,-1,-1,-1
125,2,1390.02,505.18,223.06,407.60,1,-1,-1,-1
125,12,281.14,681.86,172.34,242.07,1,-1,-1,-1
125,19,887.07,601.34,241.42,380.68,1,-1,-1,-1
125,27,785.30,456.13,396.63,528.89,1,-1,-1,-1
125,29,438.54,510.56,267.05,424.72,1,-1,-1,-1
125,30,0.31,692.68,78.59,196.17,1,-1,-1,-1
125,32,188.03,542.18,138.76,350.47,1,-1,-1,-1
125,34,818.60,320.74,207.97,639.05,1,-1,-1,-1
125,35,1271.79,517.12,295.53,423.77,1,-1,-1,-1
125,36,1570.06,616.63,168.21,293.57,1,-1,-1,-1
125,37,1835.14,593.89,84.29,291.61,1,-1,-1,-1
125,38,1341.06,685.75,219.63,255.53,1,-1,-1,-1
125,39,110.69,574.02,112.50,301.60,1,-1,-1,-1
125,40,1082.85,512.26,138.02,381.52,1,-1,-1,-1
125,42,1652.71,626.96,157.75,271.09,1,-1,-1,-1
125,43,259.44,580.86,205.70,332.69,1,-1,-1,-1
125,44,391.50,512.67,212.52,424.94,1,-1,-1,-1
125,45,1840.51,703.45,79.26,179.80,1,-1,-1,-1
125,46,27.99,735.58,141.09,162.39,1,-1,-1,-1
125,47,614.18,458.19,222.70,504.21,1,-1,-1,-1
125,48,1609.89,564.03,160.51,332.52,1,-1,-1,-1
125,50,313.20,476.13,148.97,432.12,1,-1,-1,-1
125,51,1554.75,659.12,174.47,254.71,1,-1,-1,-1
125,52,1495.28,550.87,184.89,353.88,1,-1,-1,-1
125,53,1248.38,423.73,223.09,504.23,1,-1,-1,-1
125,54,62.34,572.74,118.78,309.94,1,-1,-1,-1
125,55,26.61,568.38,163.54,313.95,1,-1,-1,-1
125,56,1761.09,563.49,120.93,314.87,1,-1,-1,-1
125,57,447.37,454.59,183.85,466.77,1,-1,-1,-1
125,58,667.55,411.20,176.40,530.51,1,-1,-1,-1
125,59,628.62,471.19,151.76,412.33,1,-1,-1,-1
125,61,1045.16,412.74,231.15,529.90,1,-1,-1,-1
126,2,1387.01,506.67,215.71,403.10,1,-1,-1,-1
126,12,281.14,681.86,172.34,242.07,1,-1,-1,-1
126,19,887.07,601.34,241.42,380.68,1,-1,-1,-1
126,27,785.30,456.13,396.63,528.89,1,-1,-1,-1
126,29,438.54,510.56,267.05,424.72,1,-1,-1,-1
126,30,0.31,692.68,78.59,196.17,1,-1,-1,-1
126,32,191.47,543.67,135.56,348.13,1,-1,-1,-1
126,34,818.78,321.85,206.98,639.05,1,-1,-1,-1
126,35,1271.79,517.12,295.53,423.77,1,-1,-1,-1
126,36,1570.06,616.63,168.21,293.57,1,-1,-1,-1
126,38,1341.06,685.75,219.63,255.53,1,-1,-1,-1
126,39,106.62,572.96,116.18,303.65,1,-1,-1,-1
126,40,1082.85,512.26,138.02,381.52,1,-1,-1,-1
126,42,1652.71,626.96,157.75,271.09,1,-1,-1,-1
126,43,259.44,580.86,205.70,332.69,1,-1,-1,-1
126,44,391.50,512.67,212.52,424.94,1,-1,-1,-1
126,45,1840.51,703.45,79.26,179.80,1,-1,-1,-1
126,46,27.99,735.58,141.09,162.39,1,-1,-1,-1
126,47,614.18,458.19,222.70,504.21,1,-1,-1,-1
126,48,1613.64,565.49,157.28,328.19,1,-1,-1,-1
126,50,315.61,477.71,149.27,428.93,1,-1,-1,-1
126,51,1554.75,659.12,174.47,254.71,1,-1,-1,-1
126,52,1490.92,550.83,192.64,356.39,1,-1,-1,-1
126,53,1245.56,422.98,228.74,507.50,1,-1,-1,-1
126,54,62.91,571.59,122.96,311.98,1,-1,-1,-1
126,55,26.61,568.38,163.54,313.95,1,-1,-1,-1
126,56,1758.87,565.31,125.00,312.84,1,-1,-1,-1
126,57,447.53,454.72,183.35,467.36,1,-1,-1,-1
126,58,667.85,412.54,171.25,529.17,1,-1,-1,-1
126,59,628.62,471.19,151.76,412.33,1,-1,-1,-1
126,61,1048.07,414.13,238.12,529.37,1,-1,-1,-1
127,2,1383.65,502.83,216.01,409.18,1,-1,-1,-1
127,12,281.14,681.86,172.34,242.07,1,-1,-1,-1
127,19,887.07,601.34,241.42,380.68,1,-1,-1,-1
127,27,785.30,456.13,396.63,528.89,1,-1,-1,-1
127,30,0.31,692.68,78.59,196.17,1,-1,-1,-1
127,32,200.64,544.32,127.11,347.88,1,-1,-1,-1
127,34,818.96,323.02,206.39,638.20,1,-1,-1,-1
127,35,1271.79,517.12,295.53,423.77,1,-1,-1,-1
127,36,1570.06,616.63,168.21,293.57,1,-1,-1,-1
127,38,1341.06,685.75,219.63,255.53,1,-1,-1,-1
127,39,105.80,573.14,114.26,305.65,1,-1,-1,-1
127,40,1082.85,512.26,138.02,381.52,1,-1,-1,-1
127,42,1652.71,626.96,157.75,271.09,1,-1,-1,-1
127,43,259.44,580.86,205.70,332.69,1,-1,-1,-1
127,44,391.50,512.67,212.52,424.94,1,-1,-1,-1
127,45,1840.51,703.45,79.26,179.80,1,-1,-1,-1
127,46,27.99,735.58,141.09,162.39,1,-1,-1,-1
127,47,614.18,458.19,222.70,504.21,1,-1,-1,-1
127,48,1614.58,567.13,155.44,325.33,1,-1,-1,-1
127,50,314.99,479.47,150.37,427.16,1,-1,-1,-1
127,51,1554.75,659.12,174.47,254.71,1,-1,-1,-1
127,52,1488.19,551.49,195.91,357.43,1,-1,-1,-1
127,53,1245.56,422.98,228.74,507.50,1,-1,-1,-1
127,54,64.05,571.90,118.89,309.80,1,-1,-1,-1
127,55,26.61,568.38,163.54,313.95,1,-1,-1,-1
127,56,1758.82,565.75,120.10,311.97,1,-1,-1,-1
127,57,448.36,456.11,179.21,465.18,1,-1,-1,-1
127,58,668.16,413.09,165.63,528.52,1,-1,-1,-1
127,59,628.62,471.19,151.76,412.33,1,-1,-1,-1
127,61,1049.95,414.66,234.38,527.70,1,-1,-1,-1
128,2,1387.21,501.64,207.82,403.73,1,-1,-1,-1
128,12,281.14,681.86,172.34,242.07,1,-1,-1,-1
128,19,887.07,601.34,241.42,380.68,1,-1,-1,-1
128,30,0.31,692.68,78.59,196.17,1,-1,-1,-1
128,32,204.93,543.73,121.91,348.84,1,-1,-1,-1
128,34,820.26,322.96,205.09,638.05,1,-1,-1,-1
128,35,1271.79,517.12,295.53,423.77,1,-1,-1,-1
128,36,1570.06,616.63,168.21,293.57,1,-1,-1,-1
128,38,1341.06,685.75,219.63,255.53,1,-1,-1,-1
128,39,90.06,574.76,124.54,305.70,1,-1,-1,-1
128,40,1082.85,512.26,138.02,381.52,1,-1,-1,-1
128,42,1652.71,626.96,157.75,271.09,1,-1,-1,-1
128,44,391.50,512.67,212.52,424.94,1,-1,-1,-1
128,45,1840.51,703.45,79.26,179.80,1,-1,-1,-1
128,46,27.99,735.58,141.09,162.39,1,-1,-1,-1
128,47,614.18,458.19,222.70,504.21,1,-1,-1,-1
128,48,1615.04,567.49,155.91,323.12,1,-1,-1,-1
128,50,315.91,479.30,155.11,425.03,1,-1,-1,-1
128,51,1554.75,659.12,174.47,254.71,1,-1,-1,-1
128,52,1484.17,551.65,201.74,355.67,1,-1,-1,-1
128,53,1245.56,422.98,228.74,507.50,1,-1,-1,-1
128,54,64.55,573.25,130.10,309.75,1,-1,-1,-1
128,55,26.61,568.38,163.54,313.95,1,-1,-1,-1
128,56,1752.59,566.23,124.46,311.75,1,-1,-1,-1
128,57,443.70,455.53,182.91,467.65,1,-1,-1,-1
128,58,665.44,413.79,164.77,529.40,1,-1,-1,-1
128,59,628.62,471.19,151.76,412.33,1,-1,-1,-1
128,61,1051.35,414.14,233.07,529.50,1,-1,-1,-1
128,64,1247.31,420.65,224.77,505.46,1,-1,-1,-1
129,2,1380.99,499.35,211.25,413.00,1,-1,-1,-1
129,12,281.14,681.86,172.34,242.07,1,-1,-1,-1
129,19,887.07,601.34,241.42,380.68,1,-1,-1,-1
129,30,0.31,692.68,78.59,196.17,1,-1,-1,-1
129,32,206.01,546.43,119.57,346.21,1,-1,-1,-1
129,34,820.80,322.24,204.43,638.60,1,-1,-1,-1
129,36,1570.06,616.63,168.21,293.57,1,-1,-1,-1
129,38,1341.06,685.75,219.63,255.53,1,-1,-1,-1
129,39,90.06,574.76,124.54,305.70,1,-1,-1,-1
129,40,1082.85,512.26,138.02,381.52,1,-1,-1,-1
129,42,1652.71,626.96,157.75,271.09,1,-1,-1,-1
129,44,391.50,512.67,212.52,424.94,1,-1,-1,-1
129,45,1840.51,703.45,79.26,179.80,1,-1,-1,-1
129,46,27.99,735.58,141.09,162.39,1,-1,-1,-1
129,47,614.18,458.19,222.70,504.21,1,-1,-1,-1
129,48,1615.03,566.63,158.16,325.58,1,-1,-1,-1
129,50,315.09,479.98,161.76,424.53,1,-1,-1,-1
129,51,1554.75,659.12,174.47,254.71,1,-1,-1,-1
129,52,1489.32,551.28,196.85,353.30,1,-1,-1,-1
129,53,1245.56,422.98,228.74,507.50,1,-1,-1,-1
129,54,69.19,574.65,134.53,309.38,1,-1,-1,-1
129,55,26.61,568.38,163.54,313.95,1,-1,-1,-1
129,56,1750.84,566.50,122.88,312.00,1,-1,-1,-1
129,57,436.26,456.78,190.93,466.66,1,-1,-1,-1
129,58,663.93,415.01,165.09,528.19,1,-1,-1,-1
129,59,628.62,471.19,151.76,412.33,1,-1,-1,-1
129,61,1051.36,415.25,231.50,530.26,1,-1,-1,-1
129,64,1249.81,418.40,207.78,504.00,1,-1,-1,-1
130,2,1358.69,496.17,232.91,419.62,1,-1,-1,-1
130,12,281.14,681.86,172.34,242.07,1,-1,-1,-1
130,19,887.07,601.34,241.42,380.68,1,-1,-1,-1
130,30,0.31,692.68,78.59,196.17,1,-1,-1,-1
130,32,206.13,542.68,116.19,347.09,1,-1,-1,-1
130,34,814.24,318.99,214.49,640.62,1,-1,-1,-1
130,38,1341.06,685.75,219.63,255.53,1,-1,-1,-1
130,39,87.09,576.33,120.32,304.07,1,-1,-1,-1
130,40,1082.85,512.26,138.02,381.52,1,-1,-1,-1
130,44,391.50,512.67,212.52,424.94,1,-1,-1,-1
130,45,1840.51,703.45,79.26,179.80,1,-1,-1,-1
130,46,27.99,735.58,141.09,162.39,1,-1,-1,-1
130,47,614.18,458.19,222.70,504.21,1,-1,-1,-1
130,48,1611.55,565.09,157.04,324.72,1,-1,-1,-1
130,50,320.00,477.48,141.06,427.04,1,-1,-1,-1
130,51,1554.75,659.12,174.47,254.71,1,-1,-1,-1
130,52,1497.02,548.74,173.39,353.50,1,-1,-1,-1
130,53,1245.56,422.98,228.74,507.50,1,-1,-1,-1
130,54,68.92,575.06,114.63,306.20,1,-1,-1,-1
130,55,26.61,568.38,163.54,313.95,1,-1,-1,-1
130,56,1744.06,564.31,127.84,314.95,1,-1,-1,-1
130,57,460.56,455.74,162.39,465.63,1,-1,-1,-1
130,58,644.43,405.66,182.86,533.99,1,-1,-1,-1
130,59,628.62,471.19,151.76,412.33,1,-1,-1,-1
130,61,1052.44,415.73,234.38,530.49,1,-1,-1,-1
130,64,1249.66,415.80,215.41,508.40,1,-1,-1,-1
131,2,1387.19,496.70,206.38,416.36,1,-1,-1,-1
131,19,887.07,601.34,241.42,380.68,1,-1,-1,-1
131,32,203.09,541.80,119.09,346.97,1,-1,-1,-1
131,34,787.03,308.51,252.76,653.35,1,-1,-1,-1
131,38,1341.06,685.75,219.63,255.53,1,-1,-1,-1
131,39,60.47,573.54,142.68,309.38,1,-1,-1,-1
131,40,1082.85,512.26,138.02,381.52,1,-1,-1,-1
131,44,391.50,512.67,212.52,424.94,1,-1,-1,-1
131,45,1840.51,703.45,79.26,179.80,1,-1,-1,-1
131,46,27.99,735.58,141.09,162.39,1,-1,-1,-1
131,47,614.18,458.19,222.70,504.21,1,-1,-1,-1
131,48,1603.06,562.48,165.52,323.82,1,-1,-1,-1
131,50,311.45,471.11,145.13,434.56,1,-1,-1,-1
131,51,1554.75,659.12,174.47,254.71,1,-1,-1,-1
131,52,1491.94,547.51,173.80,354.53,1,-1,-1,-1
131,53,1245.56,422.98,228.74,507.50,1,-1,-1,-1
131,54,68.92,575.06,114.63,306.20,1,-1,-1,-1
131,55,26.61,568.38,163.54,313.95,1,-1,-1,-1
131,56,1740.34,563.06,155.29,316.42,1,-1,-1,-1
131,57,446.92,449.61,173.51,471.19,1,-1,-1,-1
131,58,633.18,394.28,211.20,546.59,1,-1,-1,-1
131,59,628.62,471.19,151.76,412.33,1,-1,-1,-1
131,61,1043.22,413.39,243.45,534.11,1,-1,-1,-1
131,64,1245.82,415.46,207.27,510.95,1,-1,-1,-1
132,2,1390.03,492.63,205.58,418.32,1,-1,-1,-1
132,19,887.07,601.34,241.42,380.68,1,-1,-1,-1
132,32,197.98,537.62,126.12,354.68,1,-1,-1,-1
132,34,769.49,301.88,286.14,669.46,1,-1,-1,-1
132,38,1341.06,685.75,219.63,255.53,1,-1,-1,-1
132,39,44.10,571.77,157.82,307.80,1,-1,-1,-1
132,40,1082.85,512.26,138.02,381.52,1,-1,-1,-1
132,44,391.50,512.67,212.52,424.94,1,-1,-1,-1
132,46,27.99,735.58,141.09,162.39,1,-1,-1,-1
132,47,614.18,458.19,222.70,504.21,1,-1,-1,-1
132,48,1602.86,558.93,169.66,330.26,1,-1,-1,-1
132,50,311.51,469.68,157.53,438.87,1,-1,-1,-1
132,51,1554.75,659.12,174.47,254.71,1,-1,-1,-1
132,52,1503.19,544.75,162.36,357.64,1,-1,-1,-1
132,53,1245.56,422.98,228.74,507.50,1,-1,-1,-1
132,54,68.92,575.06,114.63,306.20,1,-1,-1,-1
132,55,26.61,568.38,163.54,313.95,1,-1,-1,-1
132,56,1744.71,561.21,165.79,317.10,1,-1,-1,-1
132,57,413.72,444.09,219.17,476.02,1,-1,-1,-1
132,58,624.93,391.36,224.68,551.03,1,-1,-1,-1
132,59,628.62,471.19,151.76,412.33,1,-1,-1,-1
132,61,1029.58,408.76,262.15,538.34,1,-1,-1,-1
132,64,1239.94,418.87,205.49,507.56,1,-1,-1,-1
133,2,1385.60,493.22,211.32,418.18,1,-1,-1,-1
133,19,887.07,601.34,241.42,380.68,1,-1,-1,-1
133,32,194.85,535.24,130.11,358.06,1,-1,-1,-1
133,34,769.74,299.77,300.34,675.47,1,-1,-1,-1
133,39,44.10,571.77,157.82,307.80,1,-1,-1,-1
133,40,1082.85,512.26,138.02,381.52,1,-1,-1,-1
133,44,391.50,512.67,212.52,424.94,1,-1,-1,-1
133,47,614.18,458.19,222.70,504.21,1,-1,-1,-1
133,48,1606.53,557.35,170.15,333.93,1,-1,-1,-1
133,50,297.88,469.39,178.49,435.46,1,-1,-1,-1
133,51,1554.75,659.12,174.47,254.71,1,-1,-1,-1
133,52,1503.84,544.02,164.19,360.07,1,-1,-1,-1
133,53,1245.56,422.98,228.74,507.50,1,-1,-1,-1
133,54,73.99,572.65,135.75,307.30,1,-1,-1,-1
133,55,26.61,568.38,163.54,313.95,1,-1,-1,-1
133,56,1750.67,559.53,162.61,319.60,1,-1,-1,-1
133,57,417.45,441.75,241.52,480.17,1,-1,-1,-1
133,58,624.93,391.36,224.68,551.03,1,-1,-1,-1
133,59,628.62,471.19,151.76,412.33,1,-1,-1,-1
133,61,1024.94,403.76,284.70,541.14,1,-1,-1,-1
133,63,1867.29,604.92,52.68,275.24,1,-1,-1,-1
133,64,1242.96,417.23,214.44,508.00,1,-1,-1,-1
134,2,1388.44,489.78,207.28,420.32,1,-1,-1,-1
134,32,185.65,533.69,141.72,360.08,1,-1,-1,-1
134,34,785.24,298.56,290.61,672.38,1,-1,-1,-1
134,39,45.96,571.56,159.01,306.97,1,-1,-1,-1
134,40,1082.85,512.26,138.02,381.52,1,-1,-1,-1
134,44,391.50,512.67,212.52,424.94,1,-1,-1,-1
134,47,614.18,458.19,222.70,504.21,1,-1,-1,-1
134,48,1612.76,560.04,164.04,331.37,1,-1,-1,-1
134,50,286.29,469.23,189.52,434.88,1,-1,-1,-1
134,51,1554.75,659.12,174.47,254.71,1,-1,-1,-1
134,52,1511.51,540.58,157.71,361.84,1,-1,-1,-1
134,53,1245.56,422.98,228.74,507.50,1,-1,-1,-1
134,54,69.71,570.44,149.98,309.81,1,-1,-1,-1
134,55,26.61,568.38,163.54,313.95,1,-1,-1,-1
134,56,1753.44,557.85,159.07,321.80,1,-1,-1,-1
134,57,417.45,441.75,241.52,480.17,1,-1,-1,-1
134,58,621.73,377.28,226.99,566.23,1,-1,-1,-1
134,59,628.62,471.19,151.76,412.33,1,-1,-1,-1
134,61,1011.96,399.21,309.83,545.57,1,-1,-1,-1
134,63,1867.29,604.92,52.68,275.24,1,-1,-1,-1
134,64,1244.36,416.11,217.98,508.79,1,-1,-1,-1
134,65,621.23,377.71,226.41,567.54,1,-1,-1,-1
135,2,1403.94,489.46,192.33,415.86,1,-1,-1,-1
135,32,185.63,533.34,139.71,360.72,1,-1,-1,-1
135,34,779.43,289.91,294.45,680.81,1,-1,-1,-1
135,39,56.81,568.17,127.22,308.11,1,-1,-1,-1
135,40,1082.85,512.26,138.02,381.52,1,-1,-1,-1
135,44,391.50,512.67,212.52,424.94,1,-1,-1,-1
135,47,614.18,458.19,222.70,504.21,1,-1,-1,-1
135,48,1620.58,557.43,156.35,330.96,1,-1,-1,-1
135,50,284.08,465.91,189.98,439.81,1,-1,-1,-1
135,51,1554.75,659.12,174.47,254.71,1,-1,-1,-1
135,52,1517.53,533.98,156.13,368.84,1,-1,-1,-1
135,53,1245.56,422.98,228.74,507.50,1,-1,-1,-1
135,54,79.56,567.76,141.30,312.13,1,-1,-1,-1
135,55,26.61,568.38,163.54,313.95,1,-1,-1,-1
135,56,1753.04,554.74,156.37,323.46,1,-1,-1,-1
135,57,417.45,441.75,241.52,480.17,1,-1,-1,-1
135,58,621.73,377.28,226.99,566.23,1,-1,-1,-1
135,59,628.62,471.19,151.76,412.33,1,-1,-1,-1
135,61,1041.15,394.49,289.94,548.89,1,-1,-1,-1
135,63,1867.29,604.92,52.68,275.24,1,-1,-1,-1
135,64,1247.82,411.60,224.01,513.68,1,-1,-1,-1
135,65,622.47,370.88,234.43,573.80,1,-1,-1,-1
135,66,416.62,434.24,231.83,486.82,1,-1,-1,-1
136,2,1413.48,489.47,186.32,418.50,1,-1,-1,-1
136,32,173.38,532.83,153.04,359.33,1,-1,-1,-1
136,34,788.40,286.53,288.39,685.98,1,-1,-1,-1
136,39,47.12,566.93,133.44,309.15,1,-1,-1,-1
136,40,1082.85,512.26,138.02,381.52,1,-1,-1,-1
136,47,614.18,458.19,222.70,504.21,1,-1,-1,-1
136,48,1618.38,556.53,158.67,333.13,1,-1,-1,-1
136,50,281.23,463.77,193.30,442.85,1,-1,-1,-1
136,52,1518.15,532.90,153.02,370.14,1,-1,-1,-1
136,53,1245.56,422.98,228.74,507.50,1,-1,-1,-1
136,54,72.61,567.52,149.52,312.00,1,-1,-1,-1
136,55,26.61,568.38,163.54,313.95,1,-1,-1,-1
136,56,1752.04,551.59,158.71,326.61,1,-1,-1,-1
136,57,417.45,441.75,241.52,480.17,1,-1,-1,-1
136,58,621.73,377.28,226.99,566.23,1,-1,-1,-1
136,59,628.62,471.19,151.76,412.33,1,-1,-1,-1
136,61,1045.64,392.08,290.69,550.54,1,-1,-1,-1
136,63,1867.29,604.92,52.68,275.24,1,-1,-1,-1
136,64,1248.68,408.95,214.71,517.21,1,-1,-1,-1
136,65,622.88,366.81,241.04,577.47,1,-1,-1,-1
136,66,411.67,429.33,230.98,491.75,1,-1,-1,-1
137,2,1414.77,488.09,186.92,419.26,1,-1,-1,-1
137,32,171.75,533.26,152.53,359.02,1,-1,-1,-1
137,34,768.27,283.81,324.39,688.45,1,-1,-1,-1
137,39,46.16,565.48,138.09,309.20,1,-1,-1,-1
137,40,1082.85,512.26,138.02,381.52,1,-1,-1,-1
137,48,1618.47,555.95,157.59,335.54,1,-1,-1,-1
137,50,282.58,462.76,188.59,442.27,1,-1,-1,-1
137,52,1520.84,531.00,151.34,372.76,1,-1,-1,-1
137,53,1245.56,422.98,228.74,507.50,1,-1,-1,-1
137,54,60.40,566.69,156.21,314.11,1,-1,-1,-1
137,55,26.61,568.38,163.54,313.95,1,-1,-1,-1
137,56,1755.36,549.04,154.20,328.29,1,-1,-1,-1
137,57,417.45,441.75,241.52,480.17,1,-1,-1,-1
137,58,621.73,377.28,226.99,566.23,1,-1,-1,-1
137,59,628.62,471.19,151.76,412.33,1,-1,-1,-1
137,61,1054.60,387.89,282.49,554.10,1,-1,-1,-1
137,63,1867.29,604.92,52.68,275.24,1,-1,-1,-1
137,64,1245.66,407.76,215.02,519.31,1,-1,-1,-1
137,65,614.05,364.86,238.04,580.23,1,-1,-1,-1
137,66,402.77,424.04,234.18,497.43,1,-1,-1,-1
138,2,1414.21,488.64,191.43,419.86,1,-1,-1,-1
138,32,152.65,533.91,174.09,356.92,1,-1,-1,-1
138,34,773.58,283.15,321.58,686.81,1,-1,-1,-1
138,39,46.16,565.48,138.09,309.20,1,-1,-1,-1
138,40,1082.85,512.26,138.02,381.52,1,-1,-1,-1
138,48,1615.71,556.03,161.00,339.64,1,-1,-1,-1
138,50,268.33,462.59,204.75,442.47,1,-1,-1,-1
138,52,1519.54,530.82,152.61,371.31,1,-1,-1,-1
138,53,1245.56,422.98,228.74,507.50,1,-1,-1,-1
138,54,62.40,564.94,152.91,314.11,1,-1,-1,-1
138,55,26.61,568.38,163.54,313.95,1,-1,-1,-1
138,56,1754.78,547.96,157.23,328.44,1,-1,-1,-1
138,57,417.45,441.75,241.52,480.17,1,-1,-1,-1
138,58,621.73,377.28,226.99,566.23,1,-1,-1,-1
138,59,628.62,471.19,151.76,412.33,1,-1,-1,-1
138,61,1056.19,387.01,283.70,553.48,1,-1,-1,-1
138,63,1867.29,604.92,52.68,275.24,1,-1,-1,-1
138,64,1239.95,404.19,225.11,525.96,1,-1,-1,-1
138,65,608.68,361.43,237.95,583.99,1,-1,-1,-1
138,66,393.74,421.55,241.89,501.01,1,-1,-1,-1
138,67,36.17,566.73,127.02,302.17,1,-1,-1,-1
138,68,1865.53,575.95,54.47,304.57,1,-1,-1,-1
139,2,1411.92,485.28,195.45,424.27,1,-1,-1,-1
139,32,132.36,536.99,198.08,335.12,1,-1,-1,-1
139,34,765.69,284.38,329.23,687.63,1,-1,-1,-1
139,39,46.16,565.48,138.09,309.20,1,-1,-1,-1
139,40,1082.85,512.26,138.02,381.52,1,-1,-1,-1
139,48,1611.66,556.21,169.71,342.15,1,-1,-1,-1
139,50,240.45,462.76,226.78,446.76,1,-1,-1,-1
139,52,1521.12,530.82,151.41,370.33,1,-1,-1,-1
139,53,1245.56,422.98,228.74,507.50,1,-1,-1,-1
139,54,62.35,565.63,150.69,310.85,1,-1,-1,-1
139,55,26.61,568.38,163.54,313.95,1,-1,-1,-1
139,56,1748.83,546.10,167.10,332.79,1,-1,-1,-1
139,57,417.45,441.75,241.52,480.17,1,-1,-1,-1
139,58,621.73,377.28,226.99,566.23,1,-1,-1,-1
139,59,628.62,471.19,151.76,412.33,1,-1,-1,-1
139,61,1045.71,385.81,295.71,555.99,1,-1,-1,-1
139,63,1867.29,604.92,52.68,275.24,1,-1,-1,-1
139,64,1234.60,401.13,226.41,530.75,1,-1,-1,-1
139,65,606.94,359.28,236.96,587.88,1,-1,-1,-1
139,66,383.84,419.70,247.05,503.17,1,-1,-1,-1
139,67,40.19,565.96,120.07,299.50,1,-1,-1,-1
139,68,1865.53,575.95,54.47,304.57,1,-1,-1,-1
140,2,1394.92,481.39,217.74,429.58,1,-1,-1,-1
140,32,103.97,540.57,213.18,345.79,1,-1,-1,-1
140,34,748.09,283.56,372.14,687.82,1,-1,-1,-1
140,39,46.16,565.48,138.09,309.20,1,-1,-1,-1
140,48,1610.00,559.69,181.89,337.39,1,-1,-1,-1
140,50,202.61,469.59,271.42,440.46,1,-1,-1,-1
140,52,1517.51,529.15,171.01,373.38,1,-1,-1,-1
140,53,1245.56,422.98,228.74,507.50,1,-1,-1,-1
140,54,56.34,569.58,137.59,303.05,1,-1,-1,-1
140,55,26.61,568.38,163.54,313.95,1,-1,-1,-1
140,56,1750.33,556.35,167.33,326.17,1,-1,-1,-1
140,57,372.31,429.46,274.30,488.86,1,-1,-1,-1
140,58,621.73,377.28,226.99,566.23,1,-1,-1,-1
140,59,628.62,471.19,151.76,412.33,1,-1,-1,-1
140,61,1029.84,393.13,315.48,544.63,1,-1,-1,-1
140,63,1867.29,604.92,52.68,275.24,1,-1,-1,-1
140,64,1218.93,401.73,253.98,529.90,1,-1,-1,-1
140,65,542.21,370.08,301.19,572.96,1,-1,-1,-1
140,66,369.13,425.50,275.60,495.07,1,-1,-1,-1
140,67,33.45,566.46,112.91,299.76,1,-1,-1,-1
140,68,1865.53,575.95,54.47,304.57,1,-1,-1,-1
141,2,1388.16,483.37,230.68,431.90,1,-1,-1,-1
141,32,85.06,541.34,227.07,357.45,1,-1,-1,-1
141,34,748.86,284.69,363.48,687.65,1,-1,-1,-1
141,39,46.16,565.48,138.09,309.20,1,-1,-1,-1
141,48,1611.81,563.05,179.80,331.73,1,-1,-1,-1
141,50,188.07,474.53,271.16,434.08,1,-1,-1,-1
141,52,1512.33,526.49,180.84,376.58,1,-1,-1,-1
141,53,1245.56,422.98,228.74,507.50,1,-1,-1,-1
141,54,5.83,561.62,178.81,325.70,1,-1,-1,-1
141,55,26.61,568.38,163.54,313.95,1,-1,-1,-1
141,56,1740.89,563.62,177.79,323.58,1,-1,-1,-1
141,57,372.31,429.46,274.30,488.86,1,-1,-1,-1
141,58,621.73,377.28,226.99,566.23,1,-1,-1,-1
141,61,1005.85,403.27,345.78,537.04,1,-1,-1,-1
141,63,1867.29,604.92,52.68,275.24,1,-1,-1,-1
141,64,1209.87,407.47,262.99,523.06,1,-1,-1,-1
141,65,513.55,383.32,350.79,562.65,1,-1,-1,-1
141,66,344.83,431.74,293.48,494.39,1,-1,-1,-1
141,67,33.45,566.46,112.91,299.76,1,-1,-1,-1
141,68,1865.53,575.95,54.47,304.57,1,-1,-1,-1
142,2,1388.37,482.41,237.66,433.26,1,-1,-1,-1
142,32,85.92,543.60,231.06,355.02,1,-1,-1,-1
142,34,704.32,285.03,415.61,681.68,1,-1,-1,-1
142,39,46.16,565.48,138.09,309.20,1,-1,-1,-1
142,48,1607.01,561.56,189.66,335.06,1,-1,-1,-1
142,50,171.45,476.74,292.54,436.58,1,-1,-1,-1
142,52,1511.84,526.64,188.13,373.95,1,-1,-1,-1
142,53,1245.56,422.98,228.74,507.50,1,-1,-1,-1
142,54,0.77,566.22,170.22,328.19,1,-1,-1,-1
142,55,26.61,568.38,163.54,313.95,1,-1,-1,-1
142,56,1738.64,571.68,179.78,314.66,1,-1,-1,-1
142,57,372.31,429.46,274.30,488.86,1,-1,-1,-1
142,58,621.73,377.28,226.99,566.23,1,-1,-1,-1
142,61,957.57,408.76,394.01,549.22,1,-1,-1,-1
142,63,1867.29,604.92,52.68,275.24,1,-1,-1,-1
142,64,1206.71,413.30,275.12,518.76,1,-1,-1,-1
142,65,514.28,388.50,350.98,562.28,1,-1,-1,-1
142,66,297.71,439.21,353.55,493.61,1,-1,-1,-1
142,67,33.45,566.46,112.91,299.76,1,-1,-1,-1
142,68,1865.53,575.95,54.47,304.57,1,-1,-1,-1
143,2,1387.69,479.39,230.86,435.06,1,-1,-1,-1
143,32,81.42,540.81,225.00,359.76,1,-1,-1,-1
143,34,680.27,284.70,433.53,691.76,1,-1,-1,-1
143,39,46.16,565.48,138.09,309.20,1,-1,-1,-1
143,48,1607.78,559.45,187.10,336.76,1,-1,-1,-1
143,50,167.60,472.19,294.70,443.24,1,-1,-1,-1
143,52,1511.49,526.09,180.54,374.37,1,-1,-1,-1
143,53,1245.56,422.98,228.74,507.50,1,-1,-1,-1
143,54,0.08,568.35,164.57,321.98,1,-1,-1,-1
143,55,26.61,568.38,163.54,313.95,1,-1,-1,-1
143,56,1738.36,570.45,180.42,316.31,1,-1,-1,-1
143,57,372.31,429.46,274.30,488.86,1,-1,-1,-1
143,58,621.73,377.28,226.99,566.23,1,-1,-1,-1
143,61,951.74,417.01,404.36,541.02,1,-1,-1,-1
143,63,1867.29,604.92,52.68,275.24,1,-1,-1,-1
143,64,1198.69,409.98,283.01,523.51,1,-1,-1,-1
143,65,511.57,388.87,349.76,559.31,1,-1,-1,-1
143,66,295.80,442.70,348.77,488.84,1,-1,-1,-1
143,67,33.45,566.46,112.91,299.76,1,-1,-1,-1
143,68,1865.53,575.95,54.47,304.57,1,-1,-1,-1
144,2,1384.70,478.22,235.63,436.36,1,-1,-1,-1
144,32,80.40,535.74,225.54,368.00,1,-1,-1,-1
144,34,680.41,281.57,425.24,681.64,1,-1,-1,-1
144,39,46.16,565.48,138.09,309.20,1,-1,-1,-1
144,48,1600.30,558.41,191.47,338.43,1,-1,-1,-1
144,50,172.17,468.04,285.06,445.67,1,-1,-1,-1
144,52,1510.36,526.39,185.06,375.06,1,-1,-1,-1
144,53,1245.56,422.98,228.74,507.50,1,-1,-1,-1
144,54,0.31,569.70,163.29,319.32,1,-1,-1,-1
144,55,26.61,568.38,163.54,313.95,1,-1,-1,-1
144,56,1730.31,569.32,188.54,316.99,1,-1,-1,-1
144,57,372.31,429.46,274.30,488.86,1,-1,-1,-1
144,58,621.73,377.28,226.99,566.23,1,-1,-1,-1
144,61,960.46,417.27,395.28,542.11,1,-1,-1,-1
144,63,1867.29,604.92,52.68,275.24,1,-1,-1,-1
144,64,1197.19,405.74,286.79,526.15,1,-1,-1,-1
144,65,515.41,384.25,337.71,566.79,1,-1,-1,-1
144,66,292.57,439.60,351.42,499.48,1,-1,-1,-1
144,67,33.45,566.46,112.91,299.76,1,-1,-1,-1
144,68,1865.53,575.95,54.47,304.57,1,-1,-1,-1
145,2,1393.82,473.83,227.49,444.23,1,-1,-1,-1
145,32,86.07,526.23,216.78,374.09,1,-1,-1,-1
145,34,676.00,268.07,435.62,713.05,1,-1,-1,-1
145,39,37.30,562.68,141.80,303.48,1,-1,-1,-1
145,48,1598.46,549.74,199.60,349.73,1,-1,-1,-1
145,50,177.62,464.58,283.51,443.58,1,-1,-1,-1
145,52,1513.47,520.24,184.26,381.73,1,-1,-1,-1
145,53,1245.56,422.98,228.74,507.50,1,-1,-1,-1
145,54,0.61,571.69,145.52,314.79,1,-1,-1,-1
145,55,26.61,568.38,163.54,313.95,1,-1,-1,-1
145,56,1727.67,562.52,191.50,324.05,1,-1,-1,-1
145,57,201.03,460.09,280.74,447.98,1,-1,-1,-1
145,58,621.73,377.28,226.99,566.23,1,-1,-1,-1
145,61,969.13,409.78,386.62,546.93,1,-1,-1,-1
145,63,1867.29,604.92,52.68,275.24,1,-1,-1,-1
145,64,1207.78,401.38,276.38,536.36,1,-1,-1,-1
145,65,521.36,382.36,334.58,567.34,1,-1,-1,-1
145,66,292.46,429.83,342.10,512.69,1,-1,-1,-1
145,67,33.45,566.46,112.91,299.76,1,-1,-1,-1
145,68,1865.53,575.95,54.47,304.57,1,-1,-1,-1
146,2,1400.43,475.35,224.73,442.60,1,-1,-1,-1
146,32,92.87,527.91,210.53,372.25,1,-1,-1,-1
146,34,678.30,267.56,442.04,712.31,1,-1,-1,-1
146,39,39.85,564.71,144.96,305.49,1,-1,-1,-1
146,48,1602.93,548.22,200.00,351.35,1,-1,-1,-1
146,50,181.20,462.63,275.48,452.85,1,-1,-1,-1
146,52,1528.36,520.06,170.98,385.34,1,-1,-1,-1
146,53,1245.56,422.98,228.74,507.50,1,-1,-1,-1
146,54,0.51,571.58,140.53,313.76,1,-1,-1,-1
146,55,26.61,568.38,163.54,313.95,1,-1,-1,-1
146,56,1731.02,560.94,188.04,325.20,1,-1,-1,-1
146,57,201.03,460.09,280.74,447.98,1,-1,-1,-1
146,58,621.73,377.28,226.99,566.23,1,-1,-1,-1
146,61,977.91,403.34,376.51,554.56,1,-1,-1,-1
146,63,1867.29,604.92,52.68,275.24,1,-1,-1,-1
146,64,1207.72,401.22,277.68,537.15,1,-1,-1,-1
146,65,523.43,380.87,324.41,572.11,1,-1,-1,-1
146,66,295.12,422.35,328.76,515.21,1,-1,-1,-1
146,67,33.45,566.46,112.91,299.76,1,-1,-1,-1
146,68,1865.53,575.95,54.47,304.57,1,-1,-1,-1
147,2,1409.52,478.44,220.65,435.96,1,-1,-1,-1
147,32,98.03,533.49,211.29,366.88,1,-1,-1,-1
147,34,678.16,272.96,444.43,701.68,1,-1,-1,-1
147,39,50.17,565.47,139.72,304.86,1,-1,-1,-1
147,48,1613.33,547.35,191.12,349.21,1,-1,-1,-1
147,50,179.41,463.41,276.99,452.68,1,-1,-1,-1
147,52,1533.91,517.28,172.46,389.96,1,-1,-1,-1
147,53,1202.96,402.07,276.22,535.88,1,-1,-1,-1
147,54,0.25,572.34,136.51,312.24,1,-1,-1,-1
147,55,26.61,568.38,163.54,313.95,1,-1,-1,-1
147,56,1735.43,560.66,183.94,326.00,1,-1,-1,-1
147,57,201.03,460.09,280.74,447.98,1,-1,-1,-1
147,58,621.73,377.28,226.99,566.23,1,-1,-1,-1
147,61,981.20,399.92,371.32,555.82,1,-1,-1,-1
147,63,1867.29,604.92,52.68,275.24,1,-1,-1,-1
147,64,1205.53,402.52,274.17,536.34,1,-1,-1,-1
147,65,526.78,380.81,337.23,570.17,1,-1,-1,-1
147,66,301.90,418.78,312.64,523.14,1,-1,-1,-1
147,67,33.45,566.46,112.91,299.76,1,-1,-1,-1
147,68,1865.53,575.95,54.47,304.57,1,-1,-1,-1
148,2,1411.82,478.03,223.66,436.36,1,-1,-1,-1
148,32,96.74,538.39,214.18,361.89,1,-1,-1,-1
148,34,687.02,279.71,436.44,702.45,1,-1,-1,-1
148,39,37.33,567.42,147.12,310.82,1,-1,-1,-1
148,48,1618.86,545.62,189.61,350.38,1,-1,-1,-1
148,50,183.05,463.85,276.05,443.83,1,-1,-1,-1
148,52,1541.38,516.95,178.17,389.86,1,-1,-1,-1
148,53,1202.96,402.07,276.22,535.88,1,-1,-1,-1
148,54,1.32,573.07,133.58,311.37,1,-1,-1,-1
148,55,26.61,568.38,163.54,313.95,1,-1,-1,-1
148,56,1745.84,561.32,173.64,325.75,1,-1,-1,-1
148,57,201.03,460.09,280.74,447.98,1,-1,-1,-1
148,58,621.73,377.28,226.99,566.23,1,-1,-1,-1
148,61,968.54,396.57,385.26,563.67,1,-1,-1,-1
148,63,1867.29,604.92,52.68,275.24,1,-1,-1,-1
148,64,1211.94,403.40,266.83,533.86,1,-1,-1,-1
148,65,528.99,379.20,337.59,572.16,1,-1,-1,-1
148,66,311.58,420.09,302.93,518.86,1,-1,-1,-1
148,67,33.45,566.46,112.91,299.76,1,-1,-1,-1
148,68,1865.53,575.95,54.47,304.57,1,-1,-1,-1
149,2,1413.66,475.25,232.67,439.26,1,-1,-1,-1
149,32,100.69,543.72,218.70,357.28,1,-1,-1,-1
149,34,686.17,279.12,447.09,703.93,1,-1,-1,-1
149,39,18.01,569.03,168.51,315.62,1,-1,-1,-1
149,48,1622.62,548.90,197.79,346.19,1,-1,-1,-1
149,50,186.00,463.88,275.64,448.36,1,-1,-1,-1
149,52,1543.21,519.15,188.36,373.53,1,-1,-1,-1
149,53,1202.96,402.07,276.22,535.88,1,-1,-1,-1
149,54,3.41,573.35,138.03,307.81,1,-1,-1,-1
149,55,26.61,568.38,163.54,313.95,1,-1,-1,-1
149,56,1753.11,560.51,166.56,326.52,1,-1,-1,-1
149,57,201.03,460.09,280.74,447.98,1,-1,-1,-1
149,58,621.73,377.28,226.99,566.23,1,-1,-1,-1
149,61,969.54,390.13,387.83,568.37,1,-1,-1,-1
149,63,1867.29,604.92,52.68,275.24,1,-1,-1,-1
149,64,1213.39,401.00,278.87,538.58,1,-1,-1,-1
149,65,531.24,372.45,360.06,581.26,1,-1,-1,-1
149,66,311.48,418.11,310.79,520.31,1,-1,-1,-1
149,67,33.45,566.46,112.91,299.76,1,-1,-1,-1
149,68,1865.53,575.95,54.47,304.57,1,-1,-1,-1
150,2,1416.86,479.97,255.28,435.79,1,-1,-1,-1
150,32,110.82,550.43,217.64,355.27,1,-1,-1,-1
150,34,685.84,276.30,468.32,714.03,1,-1,-1,-1
150,39,22.68,572.86,172.81,311.21,1,-1,-1,-1
150,48,1609.11,555.51,232.23,335.80,1,-1,-1,-1
150,50,193.93,475.15,273.49,439.64,1,-1,-1,-1
150,52,1552.58,521.71,206.67,371.62,1,-1,-1,-1
150,53,1202.96,402.07,276.22,535.88,1,-1,-1,-1
150,54,1.39,574.61,154.45,306.55,1,-1,-1,-1
150,55,26.61,568.38,163.54,313.95,1,-1,-1,-1
150,56,1751.86,563.43,167.74,321.53,1,-1,-1,-1
150,57,201.03,460.09,280.74,447.98,1,-1,-1,-1
150,58,621.73,377.28,226.99,566.23,1,-1,-1,-1
150,61,994.10,382.52,383.83,573.41,1,-1,-1,-1
150,63,1867.29,604.92,52.68,275.24,1,-1,-1,-1
150,64,1215.11,406.47,318.94,521.67,1,-1,-1,-1
150,65,535.62,369.61,396.74,587.57,1,-1,-1,-1
150,66,317.47,421.52,331.20,519.04,1,-1,-1,-1
150,67,33.45,566.46,112.91,299.76,1,-1,-1,-1
150,68,1865.53,575.95,54.47,304.57,1,-1,-1,-1
151,2,1425.72,479.38,257.57,438.83,1,-1,-1,-1
151,32,112.85,550.34,218.40,355.25,1,-1,-1,-1
151,34,694.16,276.23,453.09,710.97,1,-1,-1,-1
151,39,40.55,574.43,161.23,307.05,1,-1,-1,-1
151,48,1596.27,559.27,255.38,340.23,1,-1,-1,-1
151,50,196.40,478.34,271.46,436.46,1,-1,-1,-1
151,52,1568.22,520.05,209.85,382.35,1,-1,-1,-1
151,53,1202.96,402.07,276.22,535.88,1,-1,-1,-1
151,54,0.24,573.71,156.16,308.25,1,-1,-1,-1
151,55,26.61,568.38,163.54,313.95,1,-1,-1,-1
151,56,1759.28,565.01,160.67,315.38,1,-1,-1,-1
151,57,201.03,460.09,280.74,447.98,1,-1,-1,-1
151,58,621.73,377.28,226.99,566.23,1,-1,-1,-1
151,61,1007.83,382.38,393.52,571.36,1,-1,-1,-1
151,63,1867.29,604.92,52.68,275.24,1,-1,-1,-1
151,64,1228.56,412.31,326.10,517.01,1,-1,-1,-1
151,65,543.54,376.04,394.17,583.41,1,-1,-1,-1
151,66,318.37,431.48,331.70,507.52,1,-1,-1,-1
151,67,33.45,566.46,112.91,299.76,1,-1,-1,-1
151,68,1865.53,575.95,54.47,304.57,1,-1,-1,-1
152,2,1426.63,476.90,258.24,436.38,1,-1,-1,-1
152,32,113.64,549.80,226.02,354.43,1,-1,-1,-1
152,34,694.70,280.41,449.19,704.81,1,-1,-1,-1
152,39,14.99,573.11,180.43,312.50,1,-1,-1,-1
152,48,1604.90,563.20,253.98,338.23,1,-1,-1,-1
152,50,197.67,480.83,268.73,435.39,1,-1,-1,-1
152,52,1572.41,520.27,206.41,376.83,1,-1,-1,-1
152,53,1202.96,402.07,276.22,535.88,1,-1,-1,-1
152,54,0.64,571.73,171.86,313.08,1,-1,-1,-1
152,56,1766.37,567.39,153.61,323.29,1,-1,-1,-1
152,57,201.03,460.09,280.74,447.98,1,-1,-1,-1
152,58,621.73,377.28,226.99,566.23,1,-1,-1,-1
152,61,1019.92,390.64,388.16,562.58,1,-1,-1,-1
152,63,1867.29,604.92,52.68,275.24,1,-1,-1,-1
152,64,1233.63,414.46,344.64,519.35,1,-1,-1,-1
152,65,546.31,380.14,386.45,571.76,1,-1,-1,-1
152,66,317.07,442.08,339.64,495.96,1,-1,-1,-1
152,67,33.45,566.46,112.91,299.76,1,-1,-1,-1
152,68,1865.53,575.95,54.47,304.57,1,-1,-1,-1
153,2,1431.40,476.06,259.70,440.33,1,-1,-1,-1
153,32,117.47,548.37,238.75,355.17,1,-1,-1,-1
153,34,698.11,282.65,460.44,702.24,1,-1,-1,-1
153,39,51.20,575.47,161.18,311.00,1,-1,-1,-1
153,48,1658.42,568.40,216.64,335.26,1,-1,-1,-1
153,50,194.80,480.40,286.68,437.41,1,-1,-1,-1
153,52,1590.15,524.39,255.17,380.00,1,-1,-1,-1
153,53,1202.96,402.07,276.22,535.88,1,-1,-1,-1
153,54,1.39,572.30,164.12,313.33,1,-1,-1,-1
153,56,1777.90,570.15,141.97,328.59,1,-1,-1,-1
153,57,201.03,460.09,280.74,447.98,1,-1,-1,-1
153,58,621.73,377.28,226.99,566.23,1,-1,-1,-1
153,61,1023.47,392.45,382.11,559.40,1,-1,-1,-1
153,63,1867.29,604.92,52.68,275.24,1,-1,-1,-1
153,64,1231.42,413.51,354.97,529.47,1,-1,-1,-1
153,65,547.37,380.56,383.75,569.43,1,-1,-1,-1
153,66,322.75,444.47,336.14,490.29,1,-1,-1,-1
153,67,33.45,566.46,112.91,299.76,1,-1,-1,-1
153,68,1865.53,575.95,54.47,304.57,1,-1,-1,-1
154,2,1431.43,474.51,267.22,440.18,1,-1,-1,-1
154,32,113.07,548.36,240.78,354.14,1,-1,-1,-1
154,34,701.22,277.91,473.94,716.18,1,-1,-1,-1
154,39,41.02,574.93,164.49,308.37,1,-1,-1,-1
154,48,1671.07,562.54,201.94,334.34,1,-1,-1,-1
154,50,196.64,474.97,276.06,444.07,1,-1,-1,-1
154,52,1598.34,521.38,248.92,390.62,1,-1,-1,-1
154,53,1202.96,402.07,276.22,535.88,1,-1,-1,-1
154,54,0.14,574.59,152.57,311.75,1,-1,-1,-1
154,56,1791.56,570.75,128.43,326.50,1,-1,-1,-1
154,57,201.03,460.09,280.74,447.98,1,-1,-1,-1
154,58,621.73,377.28,226.99,566.23,1,-1,-1,-1
154,61,1010.40,392.08,388.95,557.02,1,-1,-1,-1
154,63,1867.29,604.92,52.68,275.24,1,-1,-1,-1
154,64,1235.29,409.95,347.98,536.34,1,-1,-1,-1
154,65,546.18,377.17,385.53,576.13,1,-1,-1,-1
154,66,325.19,438.86,331.66,497.78,1,-1,-1,-1
154,67,33.45,566.46,112.91,299.76,1,-1,-1,-1
154,68,1865.53,575.95,54.47,304.57,1,-1,-1,-1
155,2,1430.59,472.70,261.61,439.98,1,-1,-1,-1
155,32,114.46,544.27,229.97,356.89,1,-1,-1,-1
155,34,701.62,256.17,480.25,736.42,1,-1,-1,-1
155,39,26.51,567.43,169.33,316.72,1,-1,-1,-1
155,48,1700.29,556.31,189.55,339.90,1,-1,-1,-1
155,50,196.94,468.03,261.81,448.31,1,-1,-1,-1
155,52,1612.93,517.48,215.97,394.42,1,-1,-1,-1
155,53,1202.96,402.07,276.22,535.88,1,-1,-1,-1
155,54,0.38,573.78,145.60,314.67,1,-1,-1,-1
155,56,1803.15,564.94,116.85,332.73,1,-1,-1,-1
155,57,201.03,460.09,280.74,447.98,1,-1,-1,-1
155,58,621.73,377.28,226.99,566.23,1,-1,-1,-1
155,61,1020.59,382.38,389.72,594.46,1,-1,-1,-1
155,63,1867.29,604.92,52.68,275.24,1,-1,-1,-1
155,64,1236.31,401.50,354.88,543.73,1,-1,-1,-1
155,65,547.79,381.92,385.38,572.67,1,-1,-1,-1
155,66,329.86,426.01,327.04,511.95,1,-1,-1,-1
155,67,33.45,566.46,112.91,299.76,1,-1,-1,-1
155,68,1865.53,575.95,54.47,304.57,1,-1,-1,-1
156,2,1431.84,474.38,261.69,442.07,1,-1,-1,-1
156,32,114.75,542.94,227.91,361.18,1,-1,-1,-1
156,34,700.32,248.20,482.43,741.09,1,-1,-1,-1
156,39,37.61,565.63,161.31,318.99,1,-1,-1,-1
156,48,1692.67,552.31,207.39,345.97,1,-1,-1,-1
156,50,202.26,465.85,255.29,448.24,1,-1,-1,-1
156,52,1614.59,515.74,215.12,394.38,1,-1,-1,-1
156,53,1202.96,402.07,276.22,535.88,1,-1,-1,-1
156,54,0.34,574.17,142.32,314.66,1,-1,-1,-1
156,56,1807.53,563.21,112.47,327.32,1,-1,-1,-1
156,57,201.03,460.09,280.74,447.98,1,-1,-1,-1
156,58,621.73,377.28,226.99,566.23,1,-1,-1,-1
156,61,1019.77,378.84,394.65,581.97,1,-1,-1,-1
156,63,1867.29,604.92,52.68,275.24,1,-1,-1,-1
156,64,1235.89,397.99,357.74,542.93,1,-1,-1,-1
156,65,550.86,386.08,383.09,572.59,1,-1,-1,-1
156,66,336.55,419.44,323.05,520.90,1,-1,-1,-1
156,67,33.45,566.46,112.91,299.76,1,-1,-1,-1
156,68,1865.53,575.95,54.47,304.57,1,-1,-1,-1
157,2,1437.70,476.72,259.14,439.06,1,-1,-1,-1
157,32,110.15,542.41,232.27,366.18,1,-1,-1,-1
157,34,698.40,249.40,505.46,742.47,1,-1,-1,-1
157,39,28.48,565.29,171.19,319.39,1,-1,-1,-1
157,48,1693.70,551.55,209.59,346.86,1,-1,-1,-1
157,50,199.13,464.92,266.00,445.17,1,-1,-1,-1
157,52,1675.16,546.44,171.54,356.13,1,-1,-1,-1
157,53,1202.96,402.07,276.22,535.88,1,-1,-1,-1
157,54,0.48,572.01,146.69,316.45,1,-1,-1,-1
157,56,1814.10,561.14,105.83,324.65,1,-1,-1,-1
157,57,201.03,460.09,280.74,447.98,1,-1,-1,-1
157,58,621.73,377.28,226.99,566.23,1,-1,-1,-1
157,61,1028.60,378.08,388.57,579.63,1,-1,-1,-1
157,63,1867.29,604.92,52.68,275.24,1,-1,-1,-1
157,64,1236.82,395.57,358.35,549.94,1,-1,-1,-1
157,65,551.18,388.41,382.44,570.98,1,-1,-1,-1
157,66,330.63,416.87,330.72,522.52,1,-1,-1,-1
157,67,33.45,566.46,112.91,299.76,1,-1,-1,-1
157,68,1865.53,575.95,54.47,304.57,1,-1,-1,-1
158,2,1435.31,479.92,262.03,434.32,1,-1,-1,-1
158,32,107.30,545.72,236.59,364.22,1,-1,-1,-1
158,34,704.75,253.94,503.03,728.90,1,-1,-1,-1
158,39,5.51,563.36,198.61,325.96,1,-1,-1,-1
158,48,1690.94,550.40,214.61,345.57,1,-1,-1,-1
158,50,197.48,465.27,264.79,443.03,1,-1,-1,-1
158,52,1678.24,547.83,181.98,351.73,1,-1,-1,-1
158,53,1202.96,402.07,276.22,535.88,1,-1,-1,-1
158,54,0.57,567.50,164.47,320.85,1,-1,-1,-1
158,56,1812.06,561.11,107.94,324.98,1,-1,-1,-1
158,57,201.03,460.09,280.74,447.98,1,-1,-1,-1
158,58,621.73,377.28,226.99,566.23,1,-1,-1,-1
158,61,1030.41,377.02,390.43,585.83,1,-1,-1,-1
158,63,1867.29,604.92,52.68,275.24,1,-1,-1,-1
158,64,1231.82,392.30,366.25,553.26,1,-1,-1,-1
158,65,550.78,431.30,382.49,526.35,1,-1,-1,-1
158,66,328.37,414.14,334.64,524.56,1,-1,-1,-1
158,67,33.45,566.46,112.91,299.76,1,-1,-1,-1
158,68,1865.53,575.95,54.47,304.57,1,-1,-1,-1
158,69,1606.62,513.71,228.03,393.69,1,-1,-1,-1
159,2,1434.90,482.56,262.08,430.94,1,-1,-1,-1
159,32,111.35,545.34,233.46,363.73,1,-1,-1,-1
159,34,680.01,261.30,530.11,727.28,1,-1,-1,-1
159,39,1.00,566.24,183.03,323.59,1,-1,-1,-1
159,48,1698.31,551.37,209.42,345.28,1,-1,-1,-1
159,50,195.10,464.84,272.56,447.66,1,-1,-1,-1
159,52,1678.24,547.83,181.98,351.73,1,-1,-1,-1
159,53,1202.96,402.07,276.22,535.88,1,-1,-1,-1
159,54,0.57,567.50,164.47,320.85,1,-1,-1,-1
159,56,1807.78,562.51,112.21,323.75,1,-1,-1,-1
159,57,201.03,460.09,280.74,447.98,1,-1,-1,-1
159,58,621.73,377.28,226.99,566.23,1,-1,-1,-1
159,61,1025.77,375.28,397.23,586.02,1,-1,-1,-1
159,63,1867.29,604.92,52.68,275.24,1,-1,-1,-1
159,64,1230.87,391.48,367.89,552.38,1,-1,-1,-1
159,65,550.89,388.40,390.20,564.56,1,-1,-1,-1
159,66,325.36,410.18,339.16,530.76,1,-1,-1,-1
159,67,33.45,566.46,112.91,299.76,1,-1,-1,-1
159,68,1865.53,575.95,54.47,304.57,1,-1,-1,-1
159,69,1608.26,513.86,224.72,393.62,1,-1,-1,-1
160,2,1431.12,481.65,267.50,436.52,1,-1,-1,-1
160,32,102.87,547.17,215.69,353.29,1,-1,-1,-1
160,34,702.60,267.38,509.27,724.48,1,-1,-1,-1
160,39,4.11,569.25,185.69,318.54,1,-1,-1,-1
160,48,1700.82,553.12,210.06,345.15,1,-1,-1,-1
160,50,166.98,476.62,286.04,427.64,1,-1,-1,-1
160,52,1678.24,547.83,181.98,351.73,1,-1,-1,-1
160,53,1202.96,402.07,276.22,535.88,1,-1,-1,-1
160,54,0.57,567.50,164.47,320.85,1,-1,-1,-1
160,56,1799.17,560.26,120.83,328.18,1,-1,-1,-1
160,57,201.03,460.09,280.74,447.98,1,-1,-1,-1
160,58,621.73,377.28,226.99,566.23,1,-1,-1,-1
160,61,1018.47,370.10,411.88,601.34,1,-1,-1,-1
160,63,1867.29,604.92,52.68,275.24,1,-1,-1,-1
160,64,1234.71,395.19,357.52,540.57,1,-1,-1,-1
160,65,529.51,372.29,416.28,573.97,1,-1,-1,-1
160,66,325.58,420.21,328.16,516.97,1,-1,-1,-1
160,67,33.45,566.46,112.91,299.76,1,-1,-1,-1
160,68,1865.53,575.95,54.47,304.57,1,-1,-1,-1
160,69,1594.98,518.50,250.02,393.93,1,-1,-1,-1
161,2,1432.62,479.48,271.52,436.97,1,-1,-1,-1
161,32,97.59,545.95,241.48,352.41,1,-1,-1,-1
161,34,711.00,266.65,505.14,730.52,1,-1,-1,-1
161,39,80.15,565.63,209.94,323.19,1,-1,-1,-1
161,48,1718.81,562.37,196.20,340.50,1,-1,-1,-1
161,50,161.25,476.66,301.29,426.51,1,-1,-1,-1
161,52,1678.24,547.83,181.98,351.73,1,-1,-1,-1
161,53,1202.96,402.07,276.22,535.88,1,-1,-1,-1
161,54,2.93,571.18,182.52,312.17,1,-1,-1,-1
161,56,1810.07,563.78,109.93,328.85,1,-1,-1,-1
161,57,201.03,460.09,280.74,447.98,1,-1,-1,-1
161,58,621.73,377.28,226.99,566.23,1,-1,-1,-1
161,61,1019.02,369.38,414.35,600.14,1,-1,-1,-1
161,63,1867.29,604.92,52.68,275.24,1,-1,-1,-1
161,64,1234.76,400.77,363.09,539.87,1,-1,-1,-1
161,65,523.24,369.53,423.42,583.32,1,-1,-1,-1
161,66,308.29,430.09,339.22,526.72,1,-1,-1,-1
161,67,33.45,566.46,112.91,299.76,1,-1,-1,-1
161,68,1865.53,575.95,54.47,304.57,1,-1,-1,-1
161,69,1580.97,519.19,265.22,393.08,1,-1,-1,-1
162,2,1448.35,479.28,256.40,438.81,1,-1,-1,-1
162,32,85.45,544.02,232.30,364.57,1,-1,-1,-1
162,34,693.49,276.78,524.64,718.06,1,-1,-1,-1
162,39,80.15,565.63,209.94,323.19,1,-1,-1,-1
162,48,1730.07,568.91,183.55,336.12,1,-1,-1,-1
162,50,154.66,465.90,311.45,455.52,1,-1,-1,-1
162,52,1678.24,547.83,181.98,351.73,1,-1,-1,-1
162,53,1202.96,402.07,276.22,535.88,1,-1,-1,-1
162,54,0.29,570.27,168.42,322.03,1,-1,-1,-1
162,56,1805.99,565.99,113.99,321.19,1,-1,-1,-1
162,57,201.03,460.09,280.74,447.98,1,-1,-1,-1
162,58,621.73,377.28,226.99,566.23,1,-1,-1,-1
162,61,1008.58,368.16,431.57,604.56,1,-1,-1,-1
162,63,1867.29,604.92,52.68,275.24,1,-1,-1,-1
162,64,1233.53,409.91,370.46,532.28,1,-1,-1,-1
162,65,520.13,369.36,432.35,591.99,1,-1,-1,-1
162,66,288.97,438.73,362.87,505.70,1,-1,-1,-1
162,67,33.45,566.46,112.91,299.76,1,-1,-1,-1
162,68,1865.53,575.95,54.47,304.57,1,-1,-1,-1
162,69,1589.49,520.49,253.45,391.18,1,-1,-1,-1
163,2,1462.71,477.29,243.13,442.54,1,-1,-1,-1
163,32,66.95,547.29,234.60,362.38,1,-1,-1,-1
163,34,685.71,279.63,535.20,719.46,1,-1,-1,-1
163,39,80.15,565.63,209.94,323.19,1,-1,-1,-1
163,48,1720.80,569.30,195.21,334.08,1,-1,-1,-1
163,50,143.76,465.78,322.94,462.40,1,-1,-1,-1
163,52,1678.24,547.83,181.98,351.73,1,-1,-1,-1
163,53,1202.96,402.07,276.22,535.88,1,-1,-1,-1
163,54,0.03,570.57,169.20,328.10,1,-1,-1,-1
163,56,1806.06,569.19,113.94,318.73,1,-1,-1,-1
163,57,201.03,460.09,280.74,447.98,1,-1,-1,-1
163,58,621.73,377.28,226.99,566.23,1,-1,-1,-1
163,61,1015.36,366.57,425.76,602.15,1,-1,-1,-1
163,63,1867.29,604.92,52.68,275.24,1,-1,-1,-1
163,64,1227.36,412.83,377.84,530.91,1,-1,-1,-1
163,65,522.65,371.26,430.62,589.63,1,-1,-1,-1
163,66,250.29,440.98,393.11,518.18,1,-1,-1,-1
163,67,33.45,566.46,112.91,299.76,1,-1,-1,-1
163,68,1865.53,575.95,54.47,304.57,1,-1,-1,-1
163,69,1592.15,523.25,246.22,388.06,1,-1,-1,-1
164,2,1455.46,475.24,254.74,444.50,1,-1,-1,-1
164,32,63.16,545.45,235.01,368.35,1,-1,-1,-1
164,34,662.58,279.89,559.90,721.96,1,-1,-1,-1
164,39,80.15,565.63,209.94,323.19,1,-1,-1,-1
164,48,1703.89,571.59,212.52,334.63,1,-1,-1,-1
164,50,145.87,459.19,331.55,468.71,1,-1,-1,-1
164,52,1678.24,547.83,181.98,351.73,1,-1,-1,-1
164,53,1202.96,402.07,276.22,535.88,1,-1,-1,-1
164,54,0.00,572.42,173.43,323.09,1,-1,-1,-1
164,56,1798.01,571.30,121.99,324.16,1,-1,-1,-1
164,57,201.03,460.09,280.74,447.98,1,-1,-1,-1
164,58,621.73,377.28,226.99,566.23,1,-1,-1,-1
164,61,1012.69,366.85,427.79,605.13,1,-1,-1,-1
164,64,1225.59,404.02,383.33,539.73,1,-1,-1,-1
164,65,525.58,365.08,433.03,597.12,1,-1,-1,-1
164,66,249.76,434.46,401.98,522.01,1,-1,-1,-1
164,67,33.45,566.46,112.91,299.76,1,-1,-1,-1
164,68,1865.53,575.95,54.47,304.57,1,-1,-1,-1
164,69,1579.70,520.25,258.96,392.06,1,-1,-1,-1
165,2,1453.33,470.66,246.35,448.96,1,-1,-1,-1
165,32,63.21,539.88,233.06,372.33,1,-1,-1,-1
165,34,663.65,269.83,565.88,726.11,1,-1,-1,-1
165,39,141.57,469.75,314.35,457.35,1,-1,-1,-1
165,48,1691.80,564.48,161.53,339.12,1,-1,-1,-1
165,50,149.46,455.33,334.95,470.64,1,-1,-1,-1
165,52,1696.52,562.82,199.74,344.89,1,-1,-1,-1
165,53,1202.96,402.07,276.22,535.88,1,-1,-1,-1
165,54,0.00,563.99,170.40,334.25,1,-1,-1,-1
165,56,1792.02,565.84,127.93,342.27,1,-1,-1,-1
165,57,201.03,460.09,280.74,447.98,1,-1,-1,-1
165,61,1033.18,358.16,405.36,609.73,1,-1,-1,-1
165,64,1233.01,391.10,374.52,551.83,1,-1,-1,-1
165,65,531.25,363.14,425.91,613.58,1,-1,-1,-1
165,66,247.41,416.45,409.95,538.89,1,-1,-1,-1
165,67,33.45,566.46,112.91,299.76,1,-1,-1,-1
165,68,1865.53,575.95,54.47,304.57,1,-1,-1,-1
165,69,1577.38,514.86,250.34,396.80,1,-1,-1,-1
166,2,1452.74,466.77,246.87,453.26,1,-1,-1,-1
166,32,63.19,536.38,234.81,376.77,1,-1,-1,-1
166,34,669.77,260.57,569.49,741.90,1,-1,-1,-1
166,39,78.85,525.40,241.40,390.33,1,-1,-1,-1
166,48,1691.80,564.48,161.53,339.12,1,-1,-1,-1
166,50,149.04,453.05,338.08,472.41,1,-1,-1,-1
166,52,1695.82,557.91,215.87,352.74,1,-1,-1,-1
166,53,1202.96,402.07,276.22,535.88,1,-1,-1,-1
166,54,0.00,560.88,174.68,338.61,1,-1,-1,-1
166,56,1789.45,561.20,130.41,345.10,1,-1,-1,-1
166,57,201.03,460.09,280.74,447.98,1,-1,-1,-1
166,61,1024.40,352.28,415.94,612.36,1,-1,-1,-1
166,64,1234.99,383.95,374.73,558.90,1,-1,-1,-1
166,65,530.08,360.96,426.34,623.13,1,-1,-1,-1
166,66,250.43,405.42,411.98,544.65,1,-1,-1,-1
166,67,33.45,566.46,112.91,299.76,1,-1,-1,-1
166,68,1865.53,575.95,54.47,304.57,1,-1,-1,-1
166,69,1578.94,513.79,248.73,398.98,1,-1,-1,-1
167,2,1452.94,465.59,242.60,455.21,1,-1,-1,-1
167,32,73.69,529.29,233.19,383.84,1,-1,-1,-1
167,34,673.14,249.58,569.99,750.87,1,-1,-1,-1
167,39,143.84,462.28,308.39,465.65,1,-1,-1,-1
167,48,1691.80,564.48,161.53,339.12,1,-1,-1,-1
167,50,150.37,449.54,331.47,474.55,1,-1,-1,-1
167,52,1699.81,552.40,216.72,358.61,1,-1,-1,-1
167,53,1202.96,402.07,276.22,535.88,1,-1,-1,-1
167,54,0.45,562.42,167.71,335.94,1,-1,-1,-1
167,56,1792.06,559.38,127.93,346.86,1,-1,-1,-1
167,57,201.03,460.09,280.74,447.98,1,-1,-1,-1
167,61,1011.93,347.36,426.71,617.23,1,-1,-1,-1
167,64,1239.38,380.28,371.53,562.53,1,-1,-1,-1
167,65,530.29,360.16,428.02,613.41,1,-1,-1,-1
167,66,249.13,400.69,402.94,553.77,1,-1,-1,-1
167,67,33.45,566.46,112.91,299.76,1,-1,-1,-1
167,68,1865.53,575.95,54.47,304.57,1,-1,-1,-1
167,69,1581.43,512.31,252.11,402.22,1,-1,-1,-1
168,2,1449.67,468.44,246.54,452.46,1,-1,-1,-1
168,32,77.96,529.58,232.33,386.80,1,-1,-1,-1
168,34,682.95,236.85,560.92,759.53,1,-1,-1,-1
168,39,146.80,456.39,323.37,476.05,1,-1,-1,-1
168,48,1691.80,564.48,161.53,339.12,1,-1,-1,-1
168,50,150.60,449.41,328.99,477.26,1,-1,-1,-1
168,52,1700.60,550.20,217.37,360.27,1,-1,-1,-1
168,53,1202.96,402.07,276.22,535.88,1,-1,-1,-1
168,54,1.06,561.56,168.58,337.90,1,-1,-1,-1
168,56,1788.48,558.41,131.52,347.32,1,-1,-1,-1
168,57,201.03,460.09,280.74,447.98,1,-1,-1,-1
168,61,1004.78,343.03,435.23,619.86,1,-1,-1,-1
168,64,1238.99,381.95,376.34,562.10,1,-1,-1,-1
168,65,532.10,359.14,428.87,615.07,1,-1,-1,-1
168,66,247.83,400.20,397.12,559.77,1,-1,-1,-1
168,67,33.45,566.46,112.91,299.76,1,-1,-1,-1
168,68,1865.53,575.95,54.47,304.57,1,-1,-1,-1
168,69,1577.32,513.13,261.92,403.77,1,-1,-1,-1
169,2,1446.35,470.30,249.32,449.85,1,-1,-1,-1
169,32,76.90,531.91,229.67,382.89,1,-1,-1,-1
169,34,695.68,229.59,549.71,769.49,1,-1,-1,-1
169,39,148.18,453.01,306.83,480.65,1,-1,-1,-1
169,48,1664.48,547.23,185.66,366.54,1,-1,-1,-1
169,50,151.69,446.05,322.01,481.99,1,-1,-1,-1
169,52,1694.59,547.95,218.77,363.50,1,-1,-1,-1
169,53,1202.96,402.07,276.22,535.88,1,-1,-1,-1
169,54,1.72,567.24,154.88,332.76,1,-1,-1,-1
169,56,1776.16,558.55,143.61,346.64,1,-1,-1,-1
169,57,201.03,460.09,280.74,447.98,1,-1,-1,-1
169,61,1005.73,340.07,437.25,621.62,1,-1,-1,-1
169,64,1243.43,382.67,375.33,563.93,1,-1,-1,-1
169,65,533.15,357.39,427.41,618.95,1,-1,-1,-1
169,66,251.99,399.08,394.79,560.39,1,-1,-1,-1
169,67,33.45,566.46,112.91,299.76,1,-1,-1,-1
169,69,1580.87,512.15,260.30,402.89,1,-1,-1,-1
170,2,1455.18,471.87,270.20,457.11,1,-1,-1,-1
170,32,75.54,531.58,220.47,382.34,1,-1,-1,-1
170,34,706.06,215.19,543.62,785.94,1,-1,-1,-1
170,39,148.18,453.01,306.83,480.65,1,-1,-1,-1
170,48,1668.75,544.00,188.86,372.71,1,-1,-1,-1
170,50,147.53,455.19,306.72,475.82,1,-1,-1,-1
170,52,1700.31,547.41,186.10,363.29,1,-1,-1,-1
170,53,1202.96,402.07,276.22,535.88,1,-1,-1,-1
170,54,0.82,565.21,154.22,334.13,1,-1,-1,-1
170,56,1789.20,559.02,130.75,342.73,1,-1,-1,-1
170,57,201.03,460.09,280.74,447.98,1,-1,-1,-1
170,61,1002.54,341.29,444.86,617.01,1,-1,-1,-1
170,64,1232.61,386.85,385.41,555.96,1,-1,-1,-1
170,65,537.51,352.72,426.38,633.66,1,-1,-1,-1
170,66,253.15,393.36,406.24,569.88,1,-1,-1,-1
170,67,33.45,566.46,112.91,299.76,1,-1,-1,-1
170,69,1591.68,519.18,215.90,387.09,1,-1,-1,-1
171,2,1457.20,478.00,274.80,444.90,1,-1,-1,-1
171,32,87.92,533.36,240.85,383.04,1,-1,-1,-1
171,34,710.37,207.81,540.47,793.94,1,-1,-1,-1
171,39,151.13,447.34,347.61,481.04,1,-1,-1,-1
171,48,1631.00,538.45,231.57,377.10,1,-1,-1,-1
171,50,147.53,455.19,306.72,475.82,1,-1,-1,-1
171,52,1702.48,543.49,188.25,363.33,1,-1,-1,-1
171,53,1202.96,402.07,276.22,535.88,1,-1,-1,-1
171,54,0.82,565.21,154.22,334.13,1,-1,-1,-1
171,56,1793.48,560.25,126.50,336.49,1,-1,-1,-1
171,57,201.03,460.09,280.74,447.98,1,-1,-1,-1
171,61,1016.90,343.54,434.20,620.17,1,-1,-1,-1
171,64,1233.56,388.95,394.99,556.20,1,-1,-1,-1
171,65,538.29,350.93,425.82,628.76,1,-1,-1,-1
171,66,255.67,392.53,411.80,567.77,1,-1,-1,-1
171,69,1584.43,519.48,263.23,391.82,1,-1,-1,-1
172,2,1455.44,480.38,295.12,447.34,1,-1,-1,-1
172,32,75.28,529.57,262.27,387.32,1,-1,-1,-1
172,34,711.96,203.59,542.31,802.90,1,-1,-1,-1
172,39,149.22,441.24,343.67,487.40,1,-1,-1,-1
172,48,1610.63,532.96,256.44,383.63,1,-1,-1,-1
172,50,141.41,455.23,323.05,478.78,1,-1,-1,-1
172,52,1694.47,541.36,188.34,366.98,1,-1,-1,-1
172,53,1225.46,398.94,401.78,536.80,1,-1,-1,-1
172,54,0.11,556.25,169.56,345.05,1,-1,-1,-1
172,56,1786.32,562.72,133.62,337.97,1,-1,-1,-1
172,57,201.03,460.09,280.74,447.98,1,-1,-1,-1
172,61,1020.78,341.56,434.36,621.57,1,-1,-1,-1
172,64,1419.51,467.87,252.54,472.65,1,-1,-1,-1
172,65,539.73,347.91,434.99,619.21,1,-1,-1,-1
172,66,260.16,397.28,410.61,556.35,1,-1,-1,-1
172,69,1495.88,509.23,286.28,409.04,1,-1,-1,-1
172,71,59.86,534.24,236.03,382.08,1,-1,-1,-1
173,2,1497.92,483.90,226.84,446.63,1,-1,-1,-1
173,32,41.28,553.88,155.66,339.57,1,-1,-1,-1
173,34,715.95,203.85,542.68,804.84,1,-1,-1,-1
173,39,149.22,441.24,343.67,487.40,1,-1,-1,-1
173,48,1588.59,515.60,215.59,408.94,1,-1,-1,-1
173,50,147.87,442.78,330.87,486.42,1,-1,-1,-1
173,52,1685.15,543.38,184.44,371.88,1,-1,-1,-1
173,53,1226.89,378.48,431.90,560.57,1,-1,-1,-1
173,54,0.37,563.67,137.33,336.53,1,-1,-1,-1
173,56,1798.06,568.14,121.88,328.25,1,-1,-1,-1
173,57,201.03,460.09,280.74,447.98,1,-1,-1,-1
173,61,1037.01,341.91,419.85,617.95,1,-1,-1,-1
173,64,1419.51,467.87,252.54,472.65,1,-1,-1,-1
173,65,539.52,345.21,439.85,620.49,1,-1,-1,-1
173,66,266.50,402.39,404.63,547.89,1,-1,-1,-1
173,69,1531.78,508.00,258.59,420.78,1,-1,-1,-1
173,71,67.27,532.42,240.26,387.97,1,-1,-1,-1
174,2,1499.45,496.06,291.79,436.13,1,-1,-1,-1
174,32,23.48,565.76,177.29,336.29,1,-1,-1,-1
174,34,712.30,202.16,550.52,804.28,1,-1,-1,-1
174,39,149.22,441.24,343.67,487.40,1,-1,-1,-1
174,48,1598.30,527.06,264.82,394.81,1,-1,-1,-1
174,50,149.84,458.59,329.18,474.40,1,-1,-1,-1
174,52,1688.25,543.74,190.41,370.34,1,-1,-1,-1
174,53,1225.55,399.32,434.77,544.14,1,-1,-1,-1
174,54,0.22,565.83,155.87,333.74,1,-1,-1,-1
174,56,1795.09,572.98,124.90,324.13,1,-1,-1,-1
174,57,201.03,460.09,280.74,447.98,1,-1,-1,-1
174,61,1031.81,343.09,425.98,613.96,1,-1,-1,-1
174,64,1419.51,467.87,252.54,472.65,1,-1,-1,-1
174,65,534.79,340.15,435.30,625.05,1,-1,-1,-1
174,66,276.24,420.92,387.77,530.62,1,-1,-1,-1
174,69,1574.22,511.28,258.81,415.58,1,-1,-1,-1
174,71,64.21,541.50,240.43,374.51,1,-1,-1,-1
175,2,1498.94,517.40,290.79,416.36,1,-1,-1,-1
175,32,37.11,587.27,170.48,326.44,1,-1,-1,-1
175,34,686.87,234.03,591.57,769.43,1,-1,-1,-1
175,39,149.22,441.24,343.67,487.40,1,-1,-1,-1
175,48,1626.47,548.14,244.74,374.33,1,-1,-1,-1
175,50,120.09,476.74,358.90,455.04,1,-1,-1,-1
175,52,1724.47,557.91,191.33,344.72,1,-1,-1,-1
175,53,1235.74,427.11,428.38,527.72,1,-1,-1,-1
175,54,0.10,578.62,143.17,325.57,1,-1,-1,-1
175,56,1831.11,587.71,88.89,309.30,1,-1,-1,-1
175,57,201.03,460.09,280.74,447.98,1,-1,-1,-1
175,61,1024.10,363.35,436.00,593.59,1,-1,-1,-1
175,64,1419.51,467.87,252.54,472.65,1,-1,-1,-1
175,65,517.22,347.63,447.28,631.13,1,-1,-1,-1
175,66,281.35,474.70,384.06,477.29,1,-1,-1,-1
175,69,1574.22,511.28,258.81,415.58,1,-1,-1,-1
175,71,84.82,566.13,236.84,355.94,1,-1,-1,-1
176,2,1514.55,530.11,275.73,402.19,1,-1,-1,-1
176,32,30.94,606.63,163.33,309.56,1,-1,-1,-1
176,34,696.86,269.06,580.16,740.02,1,-1,-1,-1
176,39,149.22,441.24,343.67,487.40,1,-1,-1,-1
176,48,1623.98,571.81,244.27,351.10,1,-1,-1,-1
176,50,112.39,499.19,341.38,432.89,1,-1,-1,-1
176,52,1727.18,572.29,191.54,334.79,1,-1,-1,-1
176,53,1235.03,446.97,431.10,504.32,1,-1,-1,-1
176,54,0.02,588.33,133.23,319.60,1,-1,-1,-1
176,56,1831.77,602.27,88.23,297.75,1,-1,-1,-1
176,61,1055.48,383.10,403.96,568.94,1,-1,-1,-1
176,64,1419.51,467.87,252.54,472.65,1,-1,-1,-1
176,65,514.90,360.67,443.67,625.66,1,-1,-1,-1
176,66,283.69,509.73,383.39,442.87,1,-1,-1,-1
176,69,1574.22,511.28,258.81,415.58,1,-1,-1,-1
176,71,96.81,585.00,232.05,343.77,1,-1,-1,-1
177,2,1510.22,541.47,277.24,396.79,1,-1,-1,-1
177,32,34.79,630.61,171.47,290.70,1,-1,-1,-1
177,34,678.45,328.32,598.06,683.19,1,-1,-1,-1
177,39,278.84,537.19,357.36,416.23,1,-1,-1,-1
177,48,1623.98,571.81,244.27,351.10,1,-1,-1,-1
177,50,120.72,525.23,347.69,409.99,1,-1,-1,-1
177,52,1738.95,592.77,180.48,318.10,1,-1,-1,-1
177,53,1235.44,473.64,410.44,479.53,1,-1,-1,-1
177,54,0.42,598.75,138.01,308.74,1,-1,-1,-1
177,56,1831.77,602.27,88.23,297.75,1,-1,-1,-1
177,61,1073.95,399.31,397.66,562.13,1,-1,-1,-1
177,64,1419.51,467.87,252.54,472.65,1,-1,-1,-1
177,65,516.91,387.05,442.16,597.14,1,-1,-1,-1
177,66,283.69,509.73,383.39,442.87,1,-1,-1,-1
177,69,1643.82,589.13,222.99,332.90,1,-1,-1,-1
177,71,100.02,605.72,217.81,325.64,1,-1,-1,-1
178,2,1533.93,546.28,259.35,391.62,1,-1,-1,-1
178,32,33.02,650.45,169.80,268.28,1,-1,-1,-1
178,34,671.11,391.78,607.17,619.55,1,-1,-1,-1
178,39,282.38,577.09,372.13,377.39,1,-1,-1,-1
178,48,1623.98,571.81,244.27,351.10,1,-1,-1,-1
178,50,125.09,543.63,339.90,393.28,1,-1,-1,-1
178,52,1753.19,621.90,166.36,288.03,1,-1,-1,-1
178,53,1277.47,489.30,357.11,456.77,1,-1,-1,-1
178,54,0.18,609.77,139.02,299.29,1,-1,-1,-1
178,56,1831.77,602.27,88.23,297.75,1,-1,-1,-1
178,61,1070.93,424.01,404.52,541.83,1,-1,-1,-1
178,64,1419.51,467.87,252.54,472.65,1,-1,-1,-1
178,65,519.25,429.30,440.36,556.53,1,-1,-1,-1
178,66,283.69,509.73,383.39,442.87,1,-1,-1,-1
178,69,1654.03,614.65,215.50,309.19,1,-1,-1,-1
178,71,102.66,620.16,216.63,309.77,1,-1,-1,-1
179,2,1534.17,549.47,268.47,386.08,1,-1,-1,-1
179,32,23.06,665.66,175.32,250.21,1,-1,-1,-1
179,34,671.11,391.78,607.17,619.55,1,-1,-1,-1
179,39,283.50,590.75,374.96,362.81,1,-1,-1,-1
179,48,1623.98,571.81,244.27,351.10,1,-1,-1,-1
179,50,126.18,554.68,336.14,382.07,1,-1,-1,-1
179,52,1743.94,658.35,175.63,252.63,1,-1,-1,-1
179,53,1302.00,497.31,334.66,451.03,1,-1,-1,-1
179,54,0.03,621.38,138.16,285.51,1,-1,-1,-1
179,56,1831.77,602.27,88.23,297.75,1,-1,-1,-1
179,61,1071.53,443.24,405.10,521.10,1,-1,-1,-1
179,64,1419.51,467.87,252.54,472.65,1,-1,-1,-1
179,65,519.26,461.42,439.15,526.20,1,-1,-1,-1
179,66,283.69,509.73,383.39,442.87,1,-1,-1,-1
179,69,1651.96,617.87,223.35,307.67,1,-1,-1,-1
179,71,67.52,622.88,243.05,307.78,1,-1,-1,-1
180,2,1524.37,542.56,279.42,395.79,1,-1,-1,-1
180,32,22.74,609.54,284.18,316.40,1,-1,-1,-1
180,34,841.09,465.25,437.49,536.35,1,-1,-1,-1
180,39,280.52,595.72,385.60,361.05,1,-1,-1,-1
180,48,1623.98,571.81,244.27,351.10,1,-1,-1,-1
180,50,123.61,526.94,339.74,412.58,1,-1,-1,-1
180,52,1743.94,658.35,175.63,252.63,1,-1,-1,-1
180,53,1305.53,495.25,334.48,452.40,1,-1,-1,-1
180,54,0.10,632.69,101.52,270.55,1,-1,-1,-1
180,56,1831.77,602.27,88.23,297.75,1,-1,-1,-1
180,61,1055.24,448.22,421.31,520.70,1,-1,-1,-1
180,64,1419.51,467.87,252.54,472.65,1,-1,-1,-1
180,65,657.89,481.04,315.54,523.20,1,-1,-1,-1
180,66,498.21,484.55,432.44,497.61,1,-1,-1,-1
180,69,1647.16,610.72,231.77,317.20,1,-1,-1,-1
180,71,83.97,602.24,232.01,328.21,1,-1,-1,-1
180,72,696.23,462.61,586.09,536.35,1,-1,-1,-1
181,2,1502.77,529.66,300.49,406.88,1,-1,-1,-1
181,32,58.80,589.83,251.75,342.30,1,-1,-1,-1
181,34,841.09,465.25,437.49,536.35,1,-1,-1,-1
181,39,273.48,585.85,398.70,371.07,1,-1,-1,-1
181,48,1623.98,571.81,244.27,351.10,1,-1,-1,-1
181,50,221.39,514.91,247.25,418.78,1,-1,-1,-1
181,52,1803.03,669.61,116.92,236.16,1,-1,-1,-1
181,53,1299.37,482.65,340.21,463.01,1,-1,-1,-1
181,54,0.32,634.90,137.09,275.27,1,-1,-1,-1
181,56,1831.77,602.27,88.23,297.75,1,-1,-1,-1
181,61,1068.70,440.10,413.11,525.68,1,-1,-1,-1
181,64,1419.51,467.87,252.54,472.65,1,-1,-1,-1
181,65,680.63,452.41,435.82,555.03,1,-1,-1,-1
181,66,520.64,470.52,432.57,512.70,1,-1,-1,-1
181,69,1642.85,601.23,226.69,325.49,1,-1,-1,-1
181,71,104.35,524.53,346.84,413.20,1,-1,-1,-1
181,72,682.48,452.46,600.61,554.82,1,-1,-1,-1
181,73,30.12,652.17,170.88,264.87,1,-1,-1,-1
182,2,1499.49,519.99,305.86,411.76,1,-1,-1,-1
182,32,76.20,579.54,260.04,355.80,1,-1,-1,-1
182,34,841.09,465.25,437.49,536.35,1,-1,-1,-1
182,39,279.57,570.56,385.13,388.47,1,-1,-1,-1
182,48,1623.98,571.81,244.27,351.10,1,-1,-1,-1
182,50,221.39,514.91,247.25,418.78,1,-1,-1,-1
182,52,1712.07,615.59,206.98,298.89,1,-1,-1,-1
182,53,1255.05,466.61,386.61,482.14,1,-1,-1,-1
182,54,0.57,640.37,154.50,273.21,1,-1,-1,-1
182,56,1831.77,602.27,88.23,297.75,1,-1,-1,-1
182,61,1042.50,427.11,441.39,543.75,1,-1,-1,-1
182,64,1419.51,467.87,252.54,472.65,1,-1,-1,-1
182,65,675.91,449.77,307.80,559.25,1,-1,-1,-1
182,66,521.95,451.55,427.55,532.29,1,-1,-1,-1
182,69,1640.01,593.15,241.74,332.78,1,-1,-1,-1
182,71,107.77,501.10,337.80,438.67,1,-1,-1,-1
182,72,841.24,449.64,452.81,554.32,1,-1,-1,-1
182,73,22.25,641.44,196.80,280.78,1,-1,-1,-1
183,2,1454.40,508.56,308.79,391.69,1,-1,-1,-1
183,32,80.71,578.45,260.82,359.07,1,-1,-1,-1
183,34,841.09,465.25,437.49,536.35,1,-1,-1,-1
183,39,292.71,545.55,371.51,414.83,1,-1,-1,-1
183,48,1536.05,579.19,287.17,350.79,1,-1,-1,-1
183,50,127.31,494.38,319.43,444.16,1,-1,-1,-1
183,52,1748.96,639.97,170.94,275.86,1,-1,-1,-1
183,53,1238.05,450.28,424.41,498.21,1,-1,-1,-1
183,54,0.19,632.49,168.48,285.56,1,-1,-1,-1
183,56,1831.77,602.27,88.23,297.75,1,-1,-1,-1
183,61,1048.94,419.84,441.97,564.86,1,-1,-1,-1
183,64,1419.51,467.87,252.54,472.65,1,-1,-1,-1
183,65,679.46,396.49,408.44,605.25,1,-1,-1,-1
183,66,521.26,438.45,441.76,547.48,1,-1,-1,-1
183,69,1581.73,583.19,294.28,342.23,1,-1,-1,-1
183,71,130.90,488.71,299.46,447.79,1,-1,-1,-1
183,72,841.24,449.64,452.81,554.32,1,-1,-1,-1
183,73,22.25,641.44,196.80,280.78,1,-1,-1,-1
184,2,1450.54,501.21,300.12,407.39,1,-1,-1,-1
184,32,73.96,569.43,280.98,368.56,1,-1,-1,-1
184,34,841.09,465.25,437.49,536.35,1,-1,-1,-1
184,39,271.19,523.59,417.25,441.20,1,-1,-1,-1
184,48,1455.24,506.19,341.77,429.13,1,-1,-1,-1
184,50,109.39,494.09,366.65,450.52,1,-1,-1,-1
184,52,1747.84,625.67,171.54,286.35,1,-1,-1,-1
184,53,1215.38,443.55,444.15,505.06,1,-1,-1,-1
184,54,0.67,624.12,163.50,289.98,1,-1,-1,-1
184,56,1831.77,602.27,88.23,297.75,1,-1,-1,-1
184,61,1052.49,416.04,434.27,570.13,1,-1,-1,-1
184,64,1419.51,467.87,252.54,472.65,1,-1,-1,-1
184,65,679.45,359.35,432.49,643.84,1,-1,-1,-1
184,66,522.59,431.59,442.80,554.14,1,-1,-1,-1
184,69,1599.13,576.39,278.85,347.52,1,-1,-1,-1
184,71,130.90,488.71,299.46,447.79,1,-1,-1,-1
184,72,841.24,449.64,452.81,554.32,1,-1,-1,-1
184,73,28.96,580.67,260.52,344.86,1,-1,-1,-1
184,74,0.26,614.17,75.27,293.72,1,-1,-1,-1
185,2,1450.54,501.21,300.12,407.39,1,-1,-1,-1
185,32,73.96,569.43,280.98,368.56,1,-1,-1,-1
185,34,841.09,465.25,437.49,536.35,1,-1,-1,-1
185,39,274.73,500.90,409.82,465.30,1,-1,-1,-1
185,48,1444.65,493.21,346.64,442.13,1,-1,-1,-1
185,50,124.83,475.82,372.96,469.53,1,-1,-1,-1
185,52,1752.55,599.22,167.39,305.40,1,-1,-1,-1
185,53,1223.70,430.38,434.60,524.10,1,-1,-1,-1
185,54,0.32,611.68,171.10,300.87,1,-1,-1,-1
185,56,1831.77,602.27,88.23,297.75,1,-1,-1,-1
185,61,1052.01,396.54,428.58,582.55,1,-1,-1,-1
185,64,1419.51,467.87,252.54,472.65,1,-1,-1,-1
185,65,671.53,331.53,595.70,677.73,1,-1,-1,-1
185,66,516.21,423.49,450.62,564.22,1,-1,-1,-1
185,69,1621.04,561.56,255.65,360.40,1,-1,-1,-1
185,71,125.30,531.47,285.24,406.98,1,-1,-1,-1
185,72,1190.85,429.89,438.56,521.72,1,-1,-1,-1
185,73,46.01,559.30,247.64,361.79,1,-1,-1,-1
185,74,0.12,603.98,67.57,303.42,1,-1,-1,-1
186,2,1450.54,501.21,300.12,407.39,1,-1,-1,-1
186,32,73.96,569.43,280.98,368.56,1,-1,-1,-1
186,34,841.09,465.25,437.49,536.35,1,-1,-1,-1
186,39,267.50,478.95,413.40,488.66,1,-1,-1,-1
186,48,1475.71,499.49,318.93,430.88,1,-1,-1,-1
186,50,112.17,462.85,375.45,483.71,1,-1,-1,-1
186,52,1761.91,591.05,158.08,310.72,1,-1,-1,-1
186,53,1234.09,423.43,425.36,528.93,1,-1,-1,-1
186,54,0.03,604.18,169.08,309.77,1,-1,-1,-1
186,56,1831.77,602.27,88.23,297.75,1,-1,-1,-1
186,61,1054.09,390.75,426.90,572.69,1,-1,-1,-1
186,64,1419.51,467.87,252.54,472.65,1,-1,-1,-1
186,65,674.74,309.98,609.87,700.38,1,-1,-1,-1
186,66,517.63,421.73,448.42,563.14,1,-1,-1,-1
186,69,1620.66,555.05,247.68,366.08,1,-1,-1,-1
186,71,238.23,548.16,242.17,410.81,1,-1,-1,-1
186,72,1190.85,429.89,438.56,521.72,1,-1,-1,-1
186,73,40.16,549.98,276.30,375.65,1,-1,-1,-1
186,74,0.16,602.01,96.14,304.03,1,-1,-1,-1
187,2,1450.54,501.21,300.12,407.39,1,-1,-1,-1
187,32,73.96,569.43,280.98,368.56,1,-1,-1,-1
187,34,841.09,465.25,437.49,536.35,1,-1,-1,-1
187,39,278.46,463.41,397.61,505.41,1,-1,-1,-1
187,48,1483.87,494.82,311.16,433.16,1,-1,-1,-1
187,50,107.63,463.47,375.69,480.83,1,-1,-1,-1
187,52,1816.95,606.83,103.05,291.75,1,-1,-1,-1
187,53,1225.94,416.58,427.80,532.01,1,-1,-1,-1
187,54,0.00,597.55,171.29,319.30,1,-1,-1,-1
187,56,1831.77,602.27,88.23,297.75,1,-1,-1,-1
187,61,1035.24,388.77,437.88,568.26,1,-1,-1,-1
187,64,1419.51,467.87,252.54,472.65,1,-1,-1,-1
187,65,675.96,292.54,612.25,717.98,1,-1,-1,-1
187,66,518.78,417.22,447.89,566.63,1,-1,-1,-1
187,69,1737.67,578.41,176.98,326.29,1,-1,-1,-1
187,71,238.23,548.16,242.17,410.81,1,-1,-1,-1
187,72,1190.85,429.89,438.56,521.72,1,-1,-1,-1
187,73,73.75,543.46,261.07,393.69,1,-1,-1,-1
187,74,0.22,597.92,107.49,310.89,1,-1,-1,-1
188,2,1478.82,489.07,266.85,421.71,1,-1,-1,-1
188,32,73.96,569.43,280.98,368.56,1,-1,-1,-1
188,34,841.09,465.25,437.49,536.35,1,-1,-1,-1
188,39,284.81,465.19,381.84,502.76,1,-1,-1,-1
188,48,1487.97,543.11,308.47,385.85,1,-1,-1,-1
188,50,106.66,470.21,361.04,470.65,1,-1,-1,-1
188,52,1816.95,606.83,103.05,291.75,1,-1,-1,-1
188,53,1235.11,417.18,413.10,531.48,1,-1,-1,-1
188,54,0.00,593.38,178.98,322.13,1,-1,-1,-1
188,56,1831.77,602.27,88.23,297.75,1,-1,-1,-1
188,61,1028.54,389.84,438.90,569.73,1,-1,-1,-1
188,64,1419.51,467.87,252.54,472.65,1,-1,-1,-1
188,65,678.97,275.75,614.11,736.74,1,-1,-1,-1
188,66,514.65,420.93,451.23,563.94,1,-1,-1,-1
188,69,1757.03,578.54,162.08,324.90,1,-1,-1,-1
188,71,238.23,548.16,242.17,410.81,1,-1,-1,-1
188,72,1190.85,429.89,438.56,521.72,1,-1,-1,-1
188,73,78.90,541.57,254.33,396.74,1,-1,-1,-1
188,74,0.19,590.68,118.60,318.85,1,-1,-1,-1
188,76,1608.10,548.17,254.82,372.66,1,-1,-1,-1
189,2,1478.38,489.91,285.61,425.55,1,-1,-1,-1
189,32,73.96,569.43,280.98,368.56,1,-1,-1,-1
189,34,841.09,465.25,437.49,536.35,1,-1,-1,-1
189,39,286.09,461.58,381.33,507.59,1,-1,-1,-1
189,48,1494.70,536.53,304.98,391.21,1,-1,-1,-1
189,50,106.66,470.21,361.04,470.65,1,-1,-1,-1
189,52,1838.13,596.33,81.87,302.39,1,-1,-1,-1
189,53,1248.51,420.09,395.29,528.26,1,-1,-1,-1
189,54,0.01,590.22,172.28,323.37,1,-1,-1,-1
189,56,1831.77,602.27,88.23,297.75,1,-1,-1,-1
189,61,1059.38,391.86,414.57,569.72,1,-1,-1,-1
189,64,1419.51,467.87,252.54,472.65,1,-1,-1,-1
189,65,676.68,274.59,609.20,735.46,1,-1,-1,-1
189,66,516.29,428.35,454.59,557.68,1,-1,-1,-1
189,69,1736.67,583.44,183.24,320.58,1,-1,-1,-1
189,71,238.23,548.16,242.17,410.81,1,-1,-1,-1
189,72,1190.85,429.89,438.56,521.72,1,-1,-1,-1
189,73,78.92,537.69,253.60,400.59,1,-1,-1,-1
189,74,0.39,587.08,117.39,320.97,1,-1,-1,-1
189,76,1614.95,548.90,248.25,372.94,1,-1,-1,-1
190,2,1494.60,489.28,272.36,424.80,1,-1,-1,-1
190,32,73.96,569.43,280.98,368.56,1,-1,-1,-1
190,34,841.09,465.25,437.49,536.35,1,-1,-1,-1
190,39,279.16,439.49,387.20,521.99,1,-1,-1,-1
190,48,1512.11,524.98,283.15,401.44,1,-1,-1,-1
190,50,110.07,454.84,362.33,489.95,1,-1,-1,-1
190,52,1841.28,608.24,78.72,289.64,1,-1,-1,-1
190,53,1229.81,409.97,404.72,537.66,1,-1,-1,-1
190,54,2.83,586.22,175.99,332.71,1,-1,-1,-1
190,56,1831.77,602.27,88.23,297.75,1,-1,-1,-1
190,61,1034.84,381.22,429.93,572.32,1,-1,-1,-1
190,64,1419.51,467.87,252.54,472.65,1,-1,-1,-1
190,65,676.22,258.31,611.89,753.59,1,-1,-1,-1
190,66,508.41,407.08,455.61,576.58,1,-1,-1,-1
190,69,1743.01,574.52,176.98,328.23,1,-1,-1,-1
190,71,238.23,548.16,242.17,410.81,1,-1,-1,-1
190,72,1190.85,429.89,438.56,521.72,1,-1,-1,-1
190,73,90.81,529.14,253.11,407.82,1,-1,-1,-1
190,74,0.41,581.61,112.29,326.78,1,-1,-1,-1
190,76,1601.69,535.07,252.35,383.51,1,-1,-1,-1
191,2,1502.72,488.06,247.48,426.38,1,-1,-1,-1
191,32,14.30,579.14,211.77,339.72,1,-1,-1,-1
191,34,841.09,465.25,437.49,536.35,1,-1,-1,-1
191,39,277.84,416.14,382.43,551.69,1,-1,-1,-1
191,48,1527.05,530.72,253.60,397.44,1,-1,-1,-1
191,50,107.56,456.47,371.55,486.67,1,-1,-1,-1
191,52,1825.35,605.85,94.60,291.88,1,-1,-1,-1
191,53,1221.08,385.05,403.45,567.23,1,-1,-1,-1
191,54,4.40,582.49,176.15,334.08,1,-1,-1,-1
191,56,1831.77,602.27,88.23,297.75,1,-1,-1,-1
191,61,1048.59,371.15,410.18,577.71,1,-1,-1,-1
191,64,1419.51,467.87,252.54,472.65,1,-1,-1,-1
191,65,673.70,249.40,607.19,761.67,1,-1,-1,-1
191,66,507.44,392.25,454.74,590.91,1,-1,-1,-1
191,69,1758.46,571.00,160.38,328.01,1,-1,-1,-1
191,71,238.23,548.16,242.17,410.81,1,-1,-1,-1
191,72,1190.85,429.89,438.56,521.72,1,-1,-1,-1
191,73,81.43,520.73,248.15,414.80,1,-1,-1,-1
191,74,0.39,577.71,117.04,326.69,1,-1,-1,-1
191,76,1596.32,539.82,250.39,375.19,1,-1,-1,-1
192,2,1506.72,485.16,249.76,434.75,1,-1,-1,-1
192,32,14.30,579.14,211.77,339.72,1,-1,-1,-1
192,34,841.09,465.25,437.49,536.35,1,-1,-1,-1
192,39,271.50,402.93,387.51,564.93,1,-1,-1,-1
192,48,1537.11,510.40,245.24,415.77,1,-1,-1,-1
192,50,99.91,462.73,371.43,477.79,1,-1,-1,-1
192,52,1814.83,598.80,104.92,298.67,1,-1,-1,-1
192,53,1224.09,383.93,399.35,562.95,1,-1,-1,-1
192,54,0.93,572.04,173.00,337.44,1,-1,-1,-1
192,56,1831.77,602.27,88.23,297.75,1,-1,-1,-1
192,61,1048.40,365.55,453.43,587.15,1,-1,-1,-1
192,64,1419.51,467.87,252.54,472.65,1,-1,-1,-1
192,65,672.22,246.65,603.03,767.95,1,-1,-1,-1
192,66,504.41,386.85,458.56,597.67,1,-1,-1,-1
192,69,1741.84,580.68,177.32,323.78,1,-1,-1,-1
192,71,238.23,548.16,242.17,410.81,1,-1,-1,-1
192,72,1190.85,429.89,438.56,521.72,1,-1,-1,-1
192,73,8.84,517.49,298.78,405.35,1,-1,-1,-1
192,74,0.29,571.73,118.58,330.42,1,-1,-1,-1
192,76,1600.69,539.49,239.80,375.91,1,-1,-1,-1
193,2,1464.35,484.93,289.76,439.60,1,-1,-1,-1
193,32,14.30,579.14,211.77,339.72,1,-1,-1,-1
193,34,841.09,465.25,437.49,536.35,1,-1,-1,-1
193,39,269.54,403.70,386.27,566.80,1,-1,-1,-1
193,48,1531.87,511.97,248.43,412.77,1,-1,-1,-1
193,50,97.23,460.00,361.73,483.45,1,-1,-1,-1
193,52,1800.56,594.49,118.98,303.41,1,-1,-1,-1
193,53,1212.26,390.72,414.60,560.13,1,-1,-1,-1
193,54,0.58,571.64,179.62,344.88,1,-1,-1,-1
193,56,1831.77,602.27,88.23,297.75,1,-1,-1,-1
193,61,1048.40,365.55,453.43,587.15,1,-1,-1,-1
193,64,1419.51,467.87,252.54,472.65,1,-1,-1,-1
193,65,666.79,195.80,609.23,821.18,1,-1,-1,-1
193,66,501.85,384.67,463.68,598.17,1,-1,-1,-1
193,69,1744.49,588.65,173.62,312.40,1,-1,-1,-1
193,71,238.23,548.16,242.17,410.81,1,-1,-1,-1
193,72,1190.85,429.89,438.56,521.72,1,-1,-1,-1
193,73,2.27,533.19,274.46,387.66,1,-1,-1,-1
193,74,0.08,571.81,109.08,340.11,1,-1,-1,-1
193,76,1618.75,555.73,226.11,359.07,1,-1,-1,-1
194,2,1470.16,487.54,290.53,438.55,1,-1,-1,-1
194,32,14.30,579.14,211.77,339.72,1,-1,-1,-1
194,34,841.09,465.25,437.49,536.35,1,-1,-1,-1
194,39,268.22,399.85,372.76,569.81,1,-1,-1,-1
194,48,1517.59,513.74,263.12,413.51,1,-1,-1,-1
194,50,94.22,451.88,369.82,492.80,1,-1,-1,-1
194,52,1800.56,594.49,118.98,303.41,1,-1,-1,-1
194,53,1203.96,389.15,426.36,562.55,1,-1,-1,-1
194,54,0.58,571.64,179.62,344.88,1,-1,-1,-1
194,56,1831.77,602.27,88.23,297.75,1,-1,-1,-1
194,61,1048.40,365.55,453.43,587.15,1,-1,-1,-1
194,64,1419.51,467.87,252.54,472.65,1,-1,-1,-1
194,65,664.99,187.24,610.42,829.76,1,-1,-1,-1
194,66,498.98,378.02,464.31,602.33,1,-1,-1,-1
194,69,1784.60,592.77,134.97,310.21,1,-1,-1,-1
194,71,238.23,548.16,242.17,410.81,1,-1,-1,-1
194,72,1190.85,429.89,438.56,521.72,1,-1,-1,-1
194,73,2.79,528.34,270.19,394.28,1,-1,-1,-1
194,74,0.08,571.81,109.08,340.11,1,-1,-1,-1
194,76,1618.75,555.73,226.11,359.07,1,-1,-1,-1
194,78,1039.05,363.63,449.21,594.38,1,-1,-1,-1
195,2,1464.77,483.55,305.37,443.26,1,-1,-1,-1
195,32,14.30,579.14,211.77,339.72,1,-1,-1,-1
195,34,841.09,465.25,437.49,536.35,1,-1,-1,-1
195,39,256.96,395.62,382.62,579.91,1,-1,-1,-1
195,48,1550.72,517.04,252.79,408.32,1,-1,-1,-1
195,50,94.90,441.44,364.25,504.07,1,-1,-1,-1
195,52,1800.56,594.49,118.98,303.41,1,-1,-1,-1
195,53,1204.03,374.38,426.86,576.91,1,-1,-1,-1
195,54,0.53,569.82,146.95,344.26,1,-1,-1,-1
195,56,1831.77,602.27,88.23,297.75,1,-1,-1,-1
195,61,1048.40,365.55,453.43,587.15,1,-1,-1,-1
195,64,1419.51,467.87,252.54,472.65,1,-1,-1,-1
195,65,667.64,173.16,605.42,842.12,1,-1,-1,-1
195,66,497.30,369.15,464.32,606.37,1,-1,-1,-1
195,69,1756.13,577.77,163.72,329.77,1,-1,-1,-1
195,71,238.23,548.16,242.17,410.81,1,-1,-1,-1
195,72,1190.85,429.89,438.56,521.72,1,-1,-1,-1
195,73,10.35,519.47,285.36,403.68,1,-1,-1,-1
195,74,0.08,571.81,109.08,340.11,1,-1,-1,-1
195,76,1618.75,555.73,226.11,359.07,1,-1,-1,-1
195,78,1030.79,353.87,452.54,607.66,1,-1,-1,-1
195,79,1668.56,554.51,190.00,356.23,1,-1,-1,-1
196,2,1455.31,479.73,313.23,448.43,1,-1,-1,-1
196,32,1.43,571.54,93.20,337.36,1,-1,-1,-1
196,34,841.09,465.25,437.49,536.35,1,-1,-1,-1
196,39,224.50,374.10,416.95,601.56,1,-1,-1,-1
196,48,1562.20,517.06,245.77,402.18,1,-1,-1,-1
196,50,95.66,371.78,356.66,575.72,1,-1,-1,-1
196,52,1780.58,573.04,138.91,326.69,1,-1,-1,-1
196,53,1215.86,375.92,412.08,575.49,1,-1,-1,-1
196,54,0.54,565.86,135.22,346.62,1,-1,-1,-1
196,56,1831.77,602.27,88.23,297.75,1,-1,-1,-1
196,61,1048.40,365.55,453.43,587.15,1,-1,-1,-1
196,64,1419.51,467.87,252.54,472.65,1,-1,-1,-1
196,65,667.87,162.80,607.53,850.78,1,-1,-1,-1
196,66,500.07,345.39,456.46,633.50,1,-1,-1,-1
196,69,1687.62,548.23,217.45,362.96,1,-1,-1,-1
196,71,238.23,548.16,242.17,410.81,1,-1,-1,-1
196,72,1190.85,429.89,438.56,521.72,1,-1,-1,-1
196,73,24.16,515.36,247.66,406.54,1,-1,-1,-1
196,74,0.08,571.81,109.08,340.11,1,-1,-1,-1
196,76,1662.63,543.64,198.26,367.88,1,-1,-1,-1
196,78,1026.20,326.83,438.91,625.55,1,-1,-1,-1
196,79,1477.24,488.49,304.06,437.29,1,-1,-1,-1
197,2,1455.31,479.73,313.23,448.43,1,-1,-1,-1
197,32,1.43,571.54,93.20,337.36,1,-1,-1,-1
197,34,841.09,465.25,437.49,536.35,1,-1,-1,-1
197,39,232.49,299.02,405.91,675.91,1,-1,-1,-1
197,48,1562.20,517.06,245.77,402.18,1,-1,-1,-1
197,50,108.99,344.32,340.85,600.63,1,-1,-1,-1
197,52,1771.92,561.05,147.42,331.27,1,-1,-1,-1
197,53,1223.90,395.04,402.87,562.92,1,-1,-1,-1
197,54,0.54,565.86,135.22,346.62,1,-1,-1,-1
197,56,1831.77,602.27,88.23,297.75,1,-1,-1,-1
197,61,1048.40,365.55,453.43,587.15,1,-1,-1,-1
197,64,1419.51,467.87,252.54,472.65,1,-1,-1,-1
197,65,664.59,161.88,599.96,845.78,1,-1,-1,-1
197,66,492.65,295.44,465.35,685.52,1,-1,-1,-1
197,69,1687.62,548.23,217.45,362.96,1,-1,-1,-1
197,71,238.23,548.16,242.17,410.81,1,-1,-1,-1
197,72,1190.85,429.89,438.56,521.72,1,-1,-1,-1
197,73,16.74,519.36,235.49,405.21,1,-1,-1,-1
197,74,0.01,489.24,100.37,426.56,1,-1,-1,-1
197,76,1667.74,535.63,188.49,375.46,1,-1,-1,-1
197,78,1034.88,267.49,426.71,689.60,1,-1,-1,-1
197,79,1477.24,488.49,304.06,437.29,1,-1,-1,-1
198,2,1455.25,443.41,317.60,487.16,1,-1,-1,-1
198,32,1.43,571.54,93.20,337.36,1,-1,-1,-1
198,34,841.09,465.25,437.49,536.35,1,-1,-1,-1
198,39,235.56,284.40,396.67,686.58,1,-1,-1,-1
198,48,1541.54,458.69,287.16,463.94,1,-1,-1,-1
198,50,107.16,346.36,340.53,597.62,1,-1,-1,-1
198,52,1797.85,563.71,121.82,320.07,1,-1,-1,-1
198,53,1236.18,375.77,389.77,574.62,1,-1,-1,-1
198,54,2.73,566.61,128.54,336.93,1,-1,-1,-1
198,56,1831.77,602.27,88.23,297.75,1,-1,-1,-1
198,61,1048.40,365.55,453.43,587.15,1,-1,-1,-1
198,64,1419.51,467.87,252.54,472.65,1,-1,-1,-1
198,65,660.04,81.11,565.79,927.18,1,-1,-1,-1
198,66,485.81,237.47,464.36,748.74,1,-1,-1,-1
198,69,1687.62,548.23,217.45,362.96,1,-1,-1,-1
198,71,238.23,548.16,242.17,410.81,1,-1,-1,-1
198,72,1190.85,429.89,438.56,521.72,1,-1,-1,-1
198,73,21.44,526.19,230.30,397.52,1,-1,-1,-1
198,74,0.00,478.88,69.41,421.04,1,-1,-1,-1
198,76,1683.18,520.05,200.69,383.28,1,-1,-1,-1
198,78,1027.44,257.70,431.17,717.55,1,-1,-1,-1
198,79,1477.24,488.49,304.06,437.29,1,-1,-1,-1
199,2,1450.37,429.94,320.74,499.37,1,-1,-1,-1
199,32,1.43,571.54,93.20,337.36,1,-1,-1,-1
199,34,841.09,465.25,437.49,536.35,1,-1,-1,-1
199,39,235.36,259.61,398.42,711.79,1,-1,-1,-1
199,48,1552.33,481.30,266.65,438.60,1,-1,-1,-1
199,50,105.50,347.43,342.87,597.17,1,-1,-1,-1
199,52,1780.69,553.79,139.28,340.41,1,-1,-1,-1
199,53,1238.72,354.71,389.11,594.39,1,-1,-1,-1
199,54,2.03,567.13,123.73,340.29,1,-1,-1,-1
199,56,1831.77,602.27,88.23,297.75,1,-1,-1,-1
199,61,1048.40,365.55,453.43,587.15,1,-1,-1,-1
199,64,1419.51,467.87,252.54,472.65,1,-1,-1,-1
199,65,664.85,61.46,523.28,943.27,1,-1,-1,-1
199,66,465.10,186.31,490.13,800.53,1,-1,-1,-1
199,69,1687.62,548.23,217.45,362.96,1,-1,-1,-1
199,71,238.23,548.16,242.17,410.81,1,-1,-1,-1
199,72,1190.85,429.89,438.56,521.72,1,-1,-1,-1
199,73,21.03,524.73,228.68,398.05,1,-1,-1,-1
199,74,0.00,470.29,62.31,434.18,1,-1,-1,-1
199,76,1689.58,468.79,190.10,438.05,1,-1,-1,-1
199,78,1027.48,252.97,432.73,726.10,1,-1,-1,-1
199,79,1477.24,488.49,304.06,437.29,1,-1,-1,-1
200,2,1459.42,429.98,308.03,498.52,1,-1,-1,-1
200,32,1.43,571.54,93.20,337.36,1,-1,-1,-1
200,34,841.09,465.25,437.49,536.35,1,-1,-1,-1
200,39,229.80,240.03,407.64,732.35,1,-1,-1,-1
200,48,1586.22,476.12,227.33,442.73,1,-1,-1,-1
200,50,105.05,415.48,336.91,525.06,1,-1,-1,-1
200,52,1807.99,536.36,111.99,351.25,1,-1,-1,-1
200,53,1228.25,342.81,398.30,609.93,1,-1,-1,-1
200,54,1.05,558.00,130.46,351.75,1,-1,-1,-1
200,56,1831.77,602.27,88.23,297.75,1,-1,-1,-1
200,61,1048.40,365.55,453.43,587.15,1,-1,-1,-1
200,64,1419.51,467.87,252.54,472.65,1,-1,-1,-1
200,65,662.85,71.81,523.61,928.67,1,-1,-1,-1
200,66,477.11,215.99,481.81,771.68,1,-1,-1,-1
200,69,1687.62,548.23,217.45,362.96,1,-1,-1,-1
200,71,238.23,548.16,242.17,410.81,1,-1,-1,-1
200,72,1190.85,429.89,438.56,521.72,1,-1,-1,-1
200,73,11.02,524.54,247.42,395.29,1,-1,-1,-1
200,74,0.00,491.94,61.98,411.11,1,-1,-1,-1
200,76,1699.44,476.76,172.69,429.62,1,-1,-1,-1
200,78,1026.70,269.02,444.13,714.37,1,-1,-1,-1
200,79,1477.24,488.49,304.06,437.29,1,-1,-1,-1
201,2,1453.53,445.01,310.87,481.12,1,-1,-1,-1
201,32,1.43,571.54,93.20,337.36,1,-1,-1,-1
201,34,841.09,465.25,437.49,536.35,1,-1,-1,-1
201,39,230.09,348.24,406.91,624.10,1,-1,-1,-1
201,48,1594.90,448.08,227.69,468.14,1,-1,-1,-1
201,50,104.95,437.14,329.22,500.99,1,-1,-1,-1
201,52,1808.86,529.86,111.08,358.84,1,-1,-1,-1
201,53,1228.52,342.33,390.96,605.77,1,-1,-1,-1
201,54,4.11,554.51,130.87,350.91,1,-1,-1,-1
201,56,1831.77,602.27,88.23,297.75,1,-1,-1,-1
201,61,1048.40,365.55,453.43,587.15,1,-1,-1,-1
201,64,1419.51,467.87,252.54,472.65,1,-1,-1,-1
201,65,659.57,86.10,530.08,908.56,1,-1,-1,-1
201,66,474.77,239.28,481.58,742.72,1,-1,-1,-1
201,69,1687.62,548.23,217.45,362.96,1,-1,-1,-1
201,71,238.23,548.16,242.17,410.81,1,-1,-1,-1
201,72,1190.85,429.89,438.56,521.72,1,-1,-1,-1
201,73,18.91,507.35,245.00,416.93,1,-1,-1,-1
201,74,0.00,542.44,66.78,358.89,1,-1,-1,-1
201,76,1710.41,463.92,170.36,439.08,1,-1,-1,-1
201,78,1016.19,298.72,458.77,691.20,1,-1,-1,-1
201,79,1477.24,488.49,304.06,437.29,1,-1,-1,-1
202,2,1458.12,452.11,305.48,474.79,1,-1,-1,-1
202,32,1.43,571.54,93.20,337.36,1,-1,-1,-1
202,34,841.09,465.25,437.49,536.35,1,-1,-1,-1
202,39,230.87,317.43,413.31,659.49,1,-1,-1,-1
202,48,1585.47,470.24,253.93,444.81,1,-1,-1,-1
202,50,104.95,437.14,329.22,500.99,1,-1,-1,-1
202,52,1808.41,540.69,111.58,344.10,1,-1,-1,-1
202,53,1227.60,342.82,402.65,608.03,1,-1,-1,-1
202,54,0.61,555.34,121.09,345.83,1,-1,-1,-1
202,56,1831.77,602.27,88.23,297.75,1,-1,-1,-1
202,61,1048.40,365.55,453.43,587.15,1,-1,-1,-1
202,64,1419.51,467.87,252.54,472.65,1,-1,-1,-1
202,65,678.80,150.27,525.56,830.93,1,-1,-1,-1
202,66,476.81,292.88,485.73,685.12,1,-1,-1,-1
202,69,1687.62,548.23,217.45,362.96,1,-1,-1,-1
202,71,238.23,548.16,242.17,410.81,1,-1,-1,-1
202,72,1190.85,429.89,438.56,521.72,1,-1,-1,-1
202,73,27.70,531.13,217.39,390.76,1,-1,-1,-1
202,74,0.00,542.44,66.78,358.89,1,-1,-1,-1
202,76,1712.12,472.76,176.75,427.86,1,-1,-1,-1
202,78,995.76,351.31,465.96,617.20,1,-1,-1,-1
202,79,1477.24,488.49,304.06,437.29,1,-1,-1,-1
202,81,144.83,441.15,272.10,464.21,1,-1,-1,-1
203,2,1450.77,438.25,314.78,492.50,1,-1,-1,-1
203,32,1.43,571.54,93.20,337.36,1,-1,-1,-1
203,34,841.09,465.25,437.49,536.35,1,-1,-1,-1
203,39,232.06,361.88,417.13,608.25,1,-1,-1,-1
203,48,1604.67,497.09,252.76,414.14,1,-1,-1,-1
203,50,104.95,437.14,329.22,500.99,1,-1,-1,-1
203,52,1815.15,548.82,104.85,334.48,1,-1,-1,-1
203,53,1233.74,369.22,388.98,578.72,1,-1,-1,-1
203,54,0.88,558.49,131.05,331.18,1,-1,-1,-1
203,56,1831.77,602.27,88.23,297.75,1,-1,-1,-1
203,61,1048.40,365.55,453.43,587.15,1,-1,-1,-1
203,65,678.80,150.27,525.56,830.93,1,-1,-1,-1
203,66,467.32,309.91,500.52,666.35,1,-1,-1,-1
203,69,1687.62,548.23,217.45,362.96,1,-1,-1,-1
203,71,238.23,548.16,242.17,410.81,1,-1,-1,-1
203,72,1190.85,429.89,438.56,521.72,1,-1,-1,-1
203,73,30.67,536.76,222.31,388.14,1,-1,-1,-1
203,74,0.00,542.44,66.78,358.89,1,-1,-1,-1
203,76,1724.20,520.35,159.81,373.45,1,-1,-1,-1
203,78,1006.06,369.92,451.52,602.22,1,-1,-1,-1
203,79,786.62,223.45,516.47,740.15,1,-1,-1,-1
203,80,98.66,493.38,288.44,440.56,1,-1,-1,-1
203,81,186.82,448.61,236.61,455.08,1,-1,-1,-1
204,2,1434.50,458.45,332.43,468.27,1,-1,-1,-1
204,32,1.43,571.54,93.20,337.36,1,-1,-1,-1
204,34,841.09,465.25,437.49,536.35,1,-1,-1,-1
204,39,233.24,374.34,427.23,588.60,1,-1,-1,-1
204,48,1585.52,491.10,253.55,427.40,1,-1,-1,-1
204,50,104.95,437.14,329.22,500.99,1,-1,-1,-1
204,52,1819.75,552.64,100.19,335.78,1,-1,-1,-1
204,53,1241.60,398.47,368.41,550.55,1,-1,-1,-1
204,54,1.87,570.09,136.90,323.39,1,-1,-1,-1
204,56,1831.77,602.27,88.23,297.75,1,-1,-1,-1
204,61,1048.40,365.55,453.43,587.15,1,-1,-1,-1
204,65,678.80,150.27,525.56,830.93,1,-1,-1,-1
204,66,468.52,327.59,496.74,653.08,1,-1,-1,-1
204,69,1687.62,548.23,217.45,362.96,1,-1,-1,-1
204,71,238.23,548.16,242.17,410.81,1,-1,-1,-1
204,72,1190.85,429.89,438.56,521.72,1,-1,-1,-1
204,73,30.67,536.76,222.31,388.14,1,-1,-1,-1
204,74,0.00,542.44,66.78,358.89,1,-1,-1,-1
204,76,1714.49,527.90,149.42,372.44,1,-1,-1,-1
204,78,1038.14,351.71,416.39,617.64,1,-1,-1,-1
204,79,716.66,195.61,557.15,783.90,1,-1,-1,-1
204,80,100.39,506.36,289.83,430.57,1,-1,-1,-1
204,81,187.89,464.21,236.72,442.44,1,-1,-1,-1
204,82,0.10,563.09,88.92,323.17,1,-1,-1,-1
205,2,1448.03,489.36,323.76,438.48,1,-1,-1,-1
205,32,1.43,571.54,93.20,337.36,1,-1,-1,-1
205,34,841.09,465.25,437.49,536.35,1,-1,-1,-1
205,39,232.36,405.22,444.88,553.66,1,-1,-1,-1
205,48,1581.01,516.80,278.59,405.61,1,-1,-1,-1
205,50,104.95,437.14,329.22,500.99,1,-1,-1,-1
205,52,1828.21,560.47,91.78,332.70,1,-1,-1,-1
205,53,1216.17,428.57,388.44,515.10,1,-1,-1,-1
205,54,2.97,575.38,146.39,319.67,1,-1,-1,-1
205,56,1831.77,602.27,88.23,297.75,1,-1,-1,-1
205,61,1048.40,365.55,453.43,587.15,1,-1,-1,-1
205,65,678.80,150.27,525.56,830.93,1,-1,-1,-1
205,66,468.82,363.96,476.86,617.40,1,-1,-1,-1
205,69,1687.62,548.23,217.45,362.96,1,-1,-1,-1
205,71,238.23,548.16,242.17,410.81,1,-1,-1,-1
205,72,1190.85,429.89,438.56,521.72,1,-1,-1,-1
205,73,5.09,572.60,156.35,326.82,1,-1,-1,-1
205,74,0.00,542.44,66.78,358.89,1,-1,-1,-1
205,76,1716.60,544.09,165.62,357.83,1,-1,-1,-1
205,78,1002.20,398.97,452.91,576.55,1,-1,-1,-1
205,79,706.17,239.40,587.92,769.00,1,-1,-1,-1
205,80,124.91,505.87,320.03,424.49,1,-1,-1,-1
205,81,187.89,464.21,236.72,442.44,1,-1,-1,-1
205,82,0.34,573.41,91.41,317.16,1,-1,-1,-1
205,83,36.58,542.38,257.04,382.10,1,-1,-1,-1
206,2,1407.11,495.93,359.86,431.44,1,-1,-1,-1
206,32,1.43,571.54,93.20,337.36,1,-1,-1,-1
206,34,841.09,465.25,437.49,536.35,1,-1,-1,-1
206,39,220.42,414.31,493.56,553.43,1,-1,-1,-1
206,48,1571.69,514.79,289.18,407.54,1,-1,-1,-1
206,50,104.95,437.14,329.22,500.99,1,-1,-1,-1
206,52,1829.24,557.91,90.76,331.14,1,-1,-1,-1
206,53,1200.09,431.14,408.74,514.72,1,-1,-1,-1
206,54,3.29,574.88,171.47,324.89,1,-1,-1,-1
206,56,1831.77,602.27,88.23,297.75,1,-1,-1,-1
206,61,1048.40,365.55,453.43,587.15,1,-1,-1,-1
206,65,678.80,150.27,525.56,830.93,1,-1,-1,-1
206,66,469.05,368.83,487.11,608.96,1,-1,-1,-1
206,69,1687.62,548.23,217.45,362.96,1,-1,-1,-1
206,71,238.23,548.16,242.17,410.81,1,-1,-1,-1
206,72,1190.85,429.89,438.56,521.72,1,-1,-1,-1
206,73,5.09,572.60,156.35,326.82,1,-1,-1,-1
206,74,0.00,542.44,66.78,358.89,1,-1,-1,-1
206,76,1720.69,548.88,177.17,355.57,1,-1,-1,-1
206,78,986.86,410.55,466.96,580.57,1,-1,-1,-1
206,79,700.32,249.28,584.00,771.03,1,-1,-1,-1
206,80,119.18,466.92,353.50,460.60,1,-1,-1,-1
206,81,187.89,464.21,236.72,442.44,1,-1,-1,-1
206,82,0.43,572.74,101.67,318.74,1,-1,-1,-1
206,83,36.68,535.75,274.22,392.64,1,-1,-1,-1
207,2,1402.56,494.84,351.62,435.44,1,-1,-1,-1
207,32,1.43,571.54,93.20,337.36,1,-1,-1,-1
207,34,841.09,465.25,437.49,536.35,1,-1,-1,-1
207,39,222.90,411.87,478.62,559.44,1,-1,-1,-1
207,48,1548.00,536.97,300.96,390.63,1,-1,-1,-1
207,50,104.95,437.14,329.22,500.99,1,-1,-1,-1
207,52,1825.07,553.36,94.93,329.65,1,-1,-1,-1
207,53,1160.26,430.36,443.02,516.65,1,-1,-1,-1
207,54,7.01,572.83,195.08,332.77,1,-1,-1,-1
207,61,1048.40,365.55,453.43,587.15,1,-1,-1,-1
207,65,678.80,150.27,525.56,830.93,1,-1,-1,-1
207,66,481.50,362.60,486.22,619.61,1,-1,-1,-1
207,69,1687.62,548.23,217.45,362.96,1,-1,-1,-1
207,71,238.23,548.16,242.17,410.81,1,-1,-1,-1
207,72,1190.85,429.89,438.56,521.72,1,-1,-1,-1
207,73,5.09,572.60,156.35,326.82,1,-1,-1,-1
207,74,0.00,542.44,66.78,358.89,1,-1,-1,-1
207,76,1713.20,553.44,171.91,354.34,1,-1,-1,-1
207,78,986.86,410.55,466.96,580.57,1,-1,-1,-1
207,79,706.04,251.37,625.37,777.42,1,-1,-1,-1
207,80,180.51,444.68,308.70,474.01,1,-1,-1,-1
207,81,187.89,464.21,236.72,442.44,1,-1,-1,-1
207,82,0.41,571.42,101.14,323.83,1,-1,-1,-1
207,83,41.68,530.30,279.41,391.36,1,-1,-1,-1
208,2,1503.51,518.63,306.84,407.24,1,-1,-1,-1
208,32,1.43,571.54,93.20,337.36,1,-1,-1,-1
208,34,841.09,465.25,437.49,536.35,1,-1,-1,-1
208,39,266.83,409.02,438.09,553.71,1,-1,-1,-1
208,48,1521.54,520.45,332.84,406.33,1,-1,-1,-1
208,50,104.95,437.14,329.22,500.99,1,-1,-1,-1
208,52,1822.69,548.67,97.31,334.87,1,-1,-1,-1
208,53,1374.06,484.83,375.31,445.56,1,-1,-1,-1
208,54,0.70,568.20,202.94,333.65,1,-1,-1,-1
208,61,1371.07,479.04,343.12,452.13,1,-1,-1,-1
208,65,742.61,239.43,551.71,772.60,1,-1,-1,-1
208,66,503.37,360.82,470.78,629.49,1,-1,-1,-1
208,69,1687.62,548.23,217.45,362.96,1,-1,-1,-1
208,71,238.23,548.16,242.17,410.81,1,-1,-1,-1
208,72,1190.85,429.89,438.56,521.72,1,-1,-1,-1
208,73,5.09,572.60,156.35,326.82,1,-1,-1,-1
208,74,0.00,542.44,66.78,358.89,1,-1,-1,-1
208,76,1707.19,552.18,165.72,357.81,1,-1,-1,-1
208,78,1165.73,432.58,407.69,510.63,1,-1,-1,-1
208,79,706.04,251.37,625.37,777.42,1,-1,-1,-1
208,80,202.87,435.81,289.18,494.26,1,-1,-1,-1
208,81,187.89,464.21,236.72,442.44,1,-1,-1,-1
208,82,0.41,566.62,103.76,329.30,1,-1,-1,-1
208,83,62.16,526.62,270.69,391.01,1,-1,-1,-1
209,2,1503.51,518.63,306.84,407.24,1,-1,-1,-1
209,32,1.43,571.54,93.20,337.36,1,-1,-1,-1
209,34,841.09,465.25,437.49,536.35,1,-1,-1,-1
209,39,328.64,400.74,398.84,553.89,1,-1,-1,-1
209,48,1512.92,518.94,334.80,404.79,1,-1,-1,-1
209,50,104.95,437.14,329.22,500.99,1,-1,-1,-1
209,52,1813.38,543.89,106.62,340.34,1,-1,-1,-1
209,53,1374.06,484.83,375.31,445.56,1,-1,-1,-1
209,54,25.93,568.72,191.28,323.93,1,-1,-1,-1
209,61,1404.36,495.69,280.88,430.89,1,-1,-1,-1
209,65,822.67,246.59,511.80,760.94,1,-1,-1,-1
209,66,564.70,350.55,406.18,629.01,1,-1,-1,-1
209,69,1687.62,548.23,217.45,362.96,1,-1,-1,-1
209,71,238.23,548.16,242.17,410.81,1,-1,-1,-1
209,72,1190.85,429.89,438.56,521.72,1,-1,-1,-1
209,73,0.82,565.79,152.09,339.93,1,-1,-1,-1
209,74,0.00,542.44,66.78,358.89,1,-1,-1,-1
209,76,1682.93,547.60,193.36,365.22,1,-1,-1,-1
209,78,1151.02,446.76,388.11,497.29,1,-1,-1,-1
209,79,706.04,251.37,625.37,777.42,1,-1,-1,-1
209,80,203.64,431.57,294.19,503.14,1,-1,-1,-1
209,81,260.26,434.98,230.25,477.82,1,-1,-1,-1
209,82,0.33,566.06,107.15,337.27,1,-1,-1,-1
209,83,73.08,523.44,256.40,391.41,1,-1,-1,-1
210,2,1630.26,541.97,267.32,379.21,1,-1,-1,-1
210,32,1.43,571.54,93.20,337.36,1,-1,-1,-1
210,34,841.09,465.25,437.49,536.35,1,-1,-1,-1
210,39,468.55,394.20,286.95,571.10,1,-1,-1,-1
210,48,1513.44,514.12,241.42,378.02,1,-1,-1,-1
210,50,104.95,437.14,329.22,500.99,1,-1,-1,-1
210,52,1808.86,536.56,111.14,362.22,1,-1,-1,-1
210,53,1374.06,484.83,375.31,445.56,1,-1,-1,-1
210,54,62.24,568.13,174.52,341.34,1,-1,-1,-1
210,61,1396.99,491.67,261.43,441.60,1,-1,-1,-1
210,65,1025.25,236.20,341.48,768.08,1,-1,-1,-1
210,66,742.60,339.14,330.91,648.05,1,-1,-1,-1
210,69,1687.62,548.23,217.45,362.96,1,-1,-1,-1
210,71,238.23,548.16,242.17,410.81,1,-1,-1,-1
210,72,1190.85,429.89,438.56,521.72,1,-1,-1,-1
210,73,0.82,565.79,152.09,339.93,1,-1,-1,-1
210,74,0.00,542.44,66.78,358.89,1,-1,-1,-1
210,76,1646.31,544.39,242.66,369.61,1,-1,-1,-1
210,78,1151.02,446.76,388.11,497.29,1,-1,-1,-1
210,79,706.04,251.37,625.37,777.42,1,-1,-1,-1
210,80,203.64,431.57,294.19,503.14,1,-1,-1,-1
210,81,305.24,430.88,213.82,507.58,1,-1,-1,-1
210,82,0.10,563.51,111.50,342.15,1,-1,-1,-1
210,83,121.50,514.32,246.36,406.73,1,-1,-1,-1
210,84,1770.62,544.47,149.20,354.70,1,-1,-1,-1
210,85,1513.40,509.15,221.37,390.21,1,-1,-1,-1
211,2,1630.26,541.97,267.32,379.21,1,-1,-1,-1
211,32,1.43,571.54,93.20,337.36,1,-1,-1,-1
211,39,549.20,387.02,216.82,579.64,1,-1,-1,-1
211,48,1505.75,504.72,197.56,416.77,1,-1,-1,-1
211,50,104.95,437.14,329.22,500.99,1,-1,-1,-1
211,52,1805.56,534.06,114.44,369.64,1,-1,-1,-1
211,53,1374.06,484.83,375.31,445.56,1,-1,-1,-1
211,54,77.66,568.81,180.36,348.84,1,-1,-1,-1
211,61,1387.81,489.91,185.32,446.27,1,-1,-1,-1
211,65,1062.18,225.80,332.24,784.94,1,-1,-1,-1
211,66,802.86,331.60,312.93,652.91,1,-1,-1,-1
211,69,1687.62,548.23,217.45,362.96,1,-1,-1,-1
211,71,238.23,548.16,242.17,410.81,1,-1,-1,-1
211,72,1190.85,429.89,438.56,521.72,1,-1,-1,-1
211,73,0.82,565.79,152.09,339.93,1,-1,-1,-1
211,74,0.00,542.44,66.78,358.89,1,-1,-1,-1
211,76,1647.15,540.39,218.85,376.68,1,-1,-1,-1
211,78,1151.02,446.76,388.11,497.29,1,-1,-1,-1
211,79,706.04,251.37,625.37,777.42,1,-1,-1,-1
211,80,317.86,432.95,219.98,509.28,1,-1,-1,-1
211,81,327.97,433.70,213.51,501.07,1,-1,-1,-1
211,82,0.01,562.06,113.31,345.88,1,-1,-1,-1
211,83,152.11,585.40,185.38,342.96,1,-1,-1,-1
211,84,1770.62,544.47,149.20,354.70,1,-1,-1,-1
211,85,1513.40,509.15,221.37,390.21,1,-1,-1,-1
212,2,1630.26,541.97,267.32,379.21,1,-1,-1,-1
212,32,1.43,571.54,93.20,337.36,1,-1,-1,-1
212,39,575.41,382.18,217.50,581.04,1,-1,-1,-1
212,48,1432.24,502.28,231.46,423.30,1,-1,-1,-1
212,50,104.95,437.14,329.22,500.99,1,-1,-1,-1
212,52,1804.59,530.28,115.41,390.03,1,-1,-1,-1
212,53,1374.06,484.83,375.31,445.56,1,-1,-1,-1
212,54,81.39,570.02,214.28,355.53,1,-1,-1,-1
212,61,1361.03,487.24,217.43,444.95,1,-1,-1,-1
212,65,1093.05,219.41,341.96,807.13,1,-1,-1,-1
212,66,832.39,332.16,293.49,636.85,1,-1,-1,-1
212,69,1687.62,548.23,217.45,362.96,1,-1,-1,-1
212,71,238.23,548.16,242.17,410.81,1,-1,-1,-1
212,72,1190.85,429.89,438.56,521.72,1,-1,-1,-1
212,73,0.82,565.79,152.09,339.93,1,-1,-1,-1
212,74,0.00,542.44,66.78,358.89,1,-1,-1,-1
212,76,1648.31,532.75,226.54,388.18,1,-1,-1,-1
212,78,1151.02,446.76,388.11,497.29,1,-1,-1,-1
212,79,706.04,251.37,625.37,777.42,1,-1,-1,-1
212,80,317.86,432.95,219.98,509.28,1,-1,-1,-1
212,81,345.33,432.05,217.96,513.54,1,-1,-1,-1
212,82,0.00,557.60,113.08,359.03,1,-1,-1,-1
212,83,122.38,518.12,237.67,409.06,1,-1,-1,-1
212,84,1770.62,544.47,149.20,354.70,1,-1,-1,-1
212,85,1513.40,509.15,221.37,390.21,1,-1,-1,-1
213,2,1630.26,541.97,267.32,379.21,1,-1,-1,-1
213,32,1.43,571.54,93.20,337.36,1,-1,-1,-1
213,39,575.96,381.65,250.50,583.64,1,-1,-1,-1
213,48,1426.43,499.69,232.90,433.86,1,-1,-1,-1
213,50,104.95,437.14,329.22,500.99,1,-1,-1,-1
213,52,1805.09,527.15,114.91,397.38,1,-1,-1,-1
213,53,1374.06,484.83,375.31,445.56,1,-1,-1,-1
213,54,79.33,569.87,201.92,347.42,1,-1,-1,-1
213,61,1357.68,485.93,199.57,442.08,1,-1,-1,-1
213,65,1118.80,217.26,348.65,777.84,1,-1,-1,-1
213,66,850.90,336.68,278.59,628.70,1,-1,-1,-1
213,69,1687.62,548.23,217.45,362.96,1,-1,-1,-1
213,71,238.23,548.16,242.17,410.81,1,-1,-1,-1
213,72,1190.85,429.89,438.56,521.72,1,-1,-1,-1
213,73,0.82,565.79,152.09,339.93,1,-1,-1,-1
213,74,0.00,542.44,66.78,358.89,1,-1,-1,-1
213,76,1653.82,528.66,221.91,392.90,1,-1,-1,-1
213,78,1151.02,446.76,388.11,497.29,1,-1,-1,-1
213,79,706.04,251.37,625.37,777.42,1,-1,-1,-1
213,80,317.86,432.95,219.98,509.28,1,-1,-1,-1
213,81,352.38,436.31,235.95,511.76,1,-1,-1,-1
213,82,0.00,553.31,109.44,349.89,1,-1,-1,-1
213,83,167.91,522.46,188.36,405.85,1,-1,-1,-1
213,84,1667.35,529.01,249.08,392.27,1,-1,-1,-1
213,85,1513.40,509.15,221.37,390.21,1,-1,-1,-1
214,2,1630.26,541.97,267.32,379.21,1,-1,-1,-1
214,32,1.43,571.54,93.20,337.36,1,-1,-1,-1
214,39,563.24,386.38,318.56,574.16,1,-1,-1,-1
214,48,1436.26,500.72,215.76,425.64,1,-1,-1,-1
214,50,104.95,437.14,329.22,500.99,1,-1,-1,-1
214,52,1810.92,527.71,109.00,401.91,1,-1,-1,-1
214,53,1374.06,484.83,375.31,445.56,1,-1,-1,-1
214,54,80.28,568.03,214.87,354.82,1,-1,-1,-1
214,61,1340.76,484.64,219.19,429.04,1,-1,-1,-1
214,65,1143.85,217.43,372.69,778.30,1,-1,-1,-1
214,66,864.85,342.75,282.32,639.63,1,-1,-1,-1
214,69,1687.62,548.23,217.45,362.96,1,-1,-1,-1
214,71,238.23,548.16,242.17,410.81,1,-1,-1,-1
214,72,1190.85,429.89,438.56,521.72,1,-1,-1,-1
214,73,0.82,565.79,152.09,339.93,1,-1,-1,-1
214,74,0.00,542.44,66.78,358.89,1,-1,-1,-1
214,76,1653.82,528.66,221.91,392.90,1,-1,-1,-1
214,78,1151.02,446.76,388.11,497.29,1,-1,-1,-1
214,79,706.04,251.37,625.37,777.42,1,-1,-1,-1
214,80,317.86,432.95,219.98,509.28,1,-1,-1,-1
214,81,352.80,439.94,276.66,511.19,1,-1,-1,-1
214,82,0.05,555.15,103.26,358.39,1,-1,-1,-1
214,83,177.70,513.53,172.22,419.29,1,-1,-1,-1
214,84,1658.98,523.86,237.99,400.76,1,-1,-1,-1
214,85,1513.40,509.15,221.37,390.21,1,-1,-1,-1
215,2,1630.26,541.97,267.32,379.21,1,-1,-1,-1
215,32,1.43,571.54,93.20,337.36,1,-1,-1,-1
215,39,598.93,398.52,331.01,570.97,1,-1,-1,-1
215,48,1411.90,507.17,218.38,422.97,1,-1,-1,-1
215,50,104.95,437.14,329.22,500.99,1,-1,-1,-1
215,52,1835.72,522.83,84.27,384.01,1,-1,-1,-1
215,53,1374.06,484.83,375.31,445.56,1,-1,-1,-1
215,54,88.74,569.81,219.82,352.52,1,-1,-1,-1
215,61,1314.59,486.74,249.30,448.86,1,-1,-1,-1
215,65,1194.35,232.56,387.92,772.31,1,-1,-1,-1
215,66,861.57,369.11,399.80,593.86,1,-1,-1,-1
215,69,1687.62,548.23,217.45,362.96,1,-1,-1,-1
215,71,238.23,548.16,242.17,410.81,1,-1,-1,-1
215,72,1190.85,429.89,438.56,521.72,1,-1,-1,-1
215,73,0.82,565.79,152.09,339.93,1,-1,-1,-1
215,74,0.00,542.44,66.78,358.89,1,-1,-1,-1
215,76,1653.82,528.66,221.91,392.90,1,-1,-1,-1
215,78,1151.02,446.76,388.11,497.29,1,-1,-1,-1
215,79,706.04,251.37,625.37,777.42,1,-1,-1,-1
215,80,317.86,432.95,219.98,509.28,1,-1,-1,-1
215,81,342.88,440.53,295.73,511.80,1,-1,-1,-1
215,82,0.02,559.51,102.68,354.71,1,-1,-1,-1
215,83,166.14,521.80,187.42,410.71,1,-1,-1,-1
215,84,1665.51,513.70,196.76,415.49,1,-1,-1,-1
215,85,1513.40,509.15,221.37,390.21,1,-1,-1,-1
215,87,476.16,571.86,218.17,367.68,1,-1,-1,-1
216,2,1630.26,541.97,267.32,379.21,1,-1,-1,-1
216,32,1.43,571.54,93.20,337.36,1,-1,-1,-1
216,39,627.19,403.00,309.03,565.89,1,-1,-1,-1
216,48,1388.17,512.94,231.61,420.99,1,-1,-1,-1
216,50,104.95,437.14,329.22,500.99,1,-1,-1,-1
216,52,1846.42,516.15,73.58,396.55,1,-1,-1,-1
216,53,1374.06,484.83,375.31,445.56,1,-1,-1,-1
216,54,89.51,569.86,219.53,354.92,1,-1,-1,-1
216,61,1314.59,486.74,249.30,448.86,1,-1,-1,-1
216,65,1236.41,243.51,351.85,763.41,1,-1,-1,-1
216,66,901.18,384.26,376.48,576.27,1,-1,-1,-1
216,69,1687.62,548.23,217.45,362.96,1,-1,-1,-1
216,71,238.23,548.16,242.17,410.81,1,-1,-1,-1
216,73,0.82,565.79,152.09,339.93,1,-1,-1,-1
216,74,0.00,542.44,66.78,358.89,1,-1,-1,-1
216,76,1653.82,528.66,221.91,392.90,1,-1,-1,-1
216,78,1151.02,446.76,388.11,497.29,1,-1,-1,-1
216,79,706.04,251.37,625.37,777.42,1,-1,-1,-1
216,80,317.86,432.95,219.98,509.28,1,-1,-1,-1
216,81,341.91,442.38,293.90,503.26,1,-1,-1,-1
216,82,0.00,559.97,105.28,354.06,1,-1,-1,-1
216,83,175.73,523.49,178.50,410.68,1,-1,-1,-1
216,84,1667.29,512.40,194.53,417.81,1,-1,-1,-1
216,85,1513.40,509.15,221.37,390.21,1,-1,-1,-1
216,87,467.90,587.36,219.49,351.89,1,-1,-1,-1
217,2,1630.26,541.97,267.32,379.21,1,-1,-1,-1
217,32,1.43,571.54,93.20,337.36,1,-1,-1,-1
217,39,646.94,402.24,333.64,562.07,1,-1,-1,-1
217,48,1375.95,486.85,252.98,445.44,1,-1,-1,-1
217,50,104.95,437.14,329.22,500.99,1,-1,-1,-1
217,52,1860.33,505.76,59.67,397.32,1,-1,-1,-1
217,53,1374.06,484.83,375.31,445.56,1,-1,-1,-1
217,54,95.42,567.54,213.73,353.37,1,-1,-1,-1
217,61,1314.59,486.74,249.30,448.86,1,-1,-1,-1
217,65,1288.00,248.18,306.88,777.53,1,-1,-1,-1
217,66,886.98,390.61,398.70,571.09,1,-1,-1,-1
217,69,1687.62,548.23,217.45,362.96,1,-1,-1,-1
217,73,0.82,565.79,152.09,339.93,1,-1,-1,-1
217,74,0.00,542.44,66.78,358.89,1,-1,-1,-1
217,76,1653.82,528.66,221.91,392.90,1,-1,-1,-1
217,78,1151.02,446.76,388.11,497.29,1,-1,-1,-1
217,79,706.04,251.37,625.37,777.42,1,-1,-1,-1
217,80,317.86,432.95,219.98,509.28,1,-1,-1,-1
217,81,366.01,443.91,294.76,498.11,1,-1,-1,-1
217,82,0.00,562.02,101.88,351.64,1,-1,-1,-1
217,83,173.14,521.02,187.12,414.30,1,-1,-1,-1
217,84,1661.85,514.46,205.86,417.10,1,-1,-1,-1
217,85,1513.40,509.15,221.37,390.21,1,-1,-1,-1
217,87,467.90,587.36,219.49,351.89,1,-1,-1,-1
217,91,1045.93,461.97,243.94,494.83,1,-1,-1,-1
218,2,1630.26,541.97,267.32,379.21,1,-1,-1,-1
218,32,1.43,571.54,93.20,337.36,1,-1,-1,-1
218,39,694.19,399.79,278.32,566.19,1,-1,-1,-1
218,48,1375.95,486.85,252.98,445.44,1,-1,-1,-1
218,50,104.95,437.14,329.22,500.99,1,-1,-1,-1
218,52,1863.36,508.71,56.64,405.11,1,-1,-1,-1
218,53,1374.06,484.83,375.31,445.56,1,-1,-1,-1
218,54,120.00,567.46,188.02,350.32,1,-1,-1,-1
218,61,1314.59,486.74,249.30,448.86,1,-1,-1,-1
218,65,1289.73,256.19,310.53,755.53,1,-1,-1,-1
218,66,920.09,394.35,373.55,582.30,1,-1,-1,-1
218,69,1687.62,548.23,217.45,362.96,1,-1,-1,-1
218,73,0.82,565.79,152.09,339.93,1,-1,-1,-1
218,74,0.00,542.44,66.78,358.89,1,-1,-1,-1
218,76,1653.82,528.66,221.91,392.90,1,-1,-1,-1
218,78,1151.02,446.76,388.11,497.29,1,-1,-1,-1
218,79,706.04,251.37,625.37,777.42,1,-1,-1,-1
218,80,317.86,432.95,219.98,509.28,1,-1,-1,-1
218,81,418.45,441.96,232.29,510.39,1,-1,-1,-1
218,82,0.00,563.42,106.48,352.94,1,-1,-1,-1
218,83,177.52,517.18,187.28,419.11,1,-1,-1,-1
218,84,1660.77,516.46,218.93,417.49,1,-1,-1,-1
218,85,1513.40,509.15,221.37,390.21,1,-1,-1,-1
218,87,467.90,587.36,219.49,351.89,1,-1,-1,-1
218,91,1057.14,466.86,224.09,475.54,1,-1,-1,-1
218,92,786.09,465.38,242.36,487.29,1,-1,-1,-1
219,2,1630.26,541.97,267.32,379.21,1,-1,-1,-1
219,32,1.43,571.54,93.20,337.36,1,-1,-1,-1
219,39,690.70,399.79,284.08,576.33,1,-1,-1,-1
219,48,1375.95,486.85,252.98,445.44,1,-1,-1,-1
219,50,104.95,437.14,329.22,500.99,1,-1,-1,-1
219,52,1841.36,525.95,78.64,378.54,1,-1,-1,-1
219,53,1374.06,484.83,375.31,445.56,1,-1,-1,-1
219,54,163.33,565.52,140.54,347.22,1,-1,-1,-1
219,61,1281.76,419.65,209.42,519.94,1,-1,-1,-1
219,65,1299.94,268.30,322.27,746.83,1,-1,-1,-1
219,66,961.32,393.60,329.75,585.73,1,-1,-1,-1
219,69,1687.62,548.23,217.45,362.96,1,-1,-1,-1
219,73,0.82,565.79,152.09,339.93,1,-1,-1,-1
219,74,0.00,542.44,66.78,358.89,1,-1,-1,-1
219,76,1653.82,528.66,221.91,392.90,1,-1,-1,-1
219,78,1151.02,446.76,388.11,497.29,1,-1,-1,-1
219,79,706.04,251.37,625.37,777.42,1,-1,-1,-1
219,80,317.86,432.95,219.98,509.28,1,-1,-1,-1
219,81,468.70,439.80,192.19,518.17,1,-1,-1,-1
219,82,0.00,560.63,109.03,355.22,1,-1,-1,-1
219,83,185.97,515.06,182.08,424.74,1,-1,-1,-1
219,84,1660.85,519.56,190.74,415.82,1,-1,-1,-1
219,85,1513.40,509.15,221.37,390.21,1,-1,-1,-1
219,87,467.90,587.36,219.49,351.89,1,-1,-1,-1
219,91,1022.21,470.29,259.78,479.28,1,-1,-1,-1
219,92,788.60,463.17,196.26,471.54,1,-1,-1,-1
220,2,1630.26,541.97,267.32,379.21,1,-1,-1,-1
220,32,1.43,571.54,93.20,337.36,1,-1,-1,-1
220,39,743.39,388.72,296.85,582.75,1,-1,-1,-1
220,48,1375.95,486.85,252.98,445.44,1,-1,-1,-1
220,50,104.95,437.14,329.22,500.99,1,-1,-1,-1
220,52,1841.36,525.95,78.64,378.54,1,-1,-1,-1
220,53,1374.06,484.83,375.31,445.56,1,-1,-1,-1
220,54,166.00,561.36,175.44,358.79,1,-1,-1,-1
220,61,1262.34,454.17,196.51,488.00,1,-1,-1,-1
220,65,1341.17,270.23,472.44,735.84,1,-1,-1,-1
220,66,1030.31,389.02,257.56,595.69,1,-1,-1,-1
220,69,1687.62,548.23,217.45,362.96,1,-1,-1,-1
220,73,0.82,565.79,152.09,339.93,1,-1,-1,-1
220,74,0.00,542.44,66.78,358.89,1,-1,-1,-1
220,76,1653.82,528.66,221.91,392.90,1,-1,-1,-1
220,78,1151.02,446.76,388.11,497.29,1,-1,-1,-1
220,79,706.04,251.37,625.37,777.42,1,-1,-1,-1
220,80,317.86,432.95,219.98,509.28,1,-1,-1,-1
220,81,470.46,429.19,225.62,519.23,1,-1,-1,-1
220,82,0.22,553.69,118.11,362.32,1,-1,-1,-1
220,83,172.43,507.80,205.62,427.36,1,-1,-1,-1
220,84,1639.97,510.02,213.41,419.20,1,-1,-1,-1
220,85,1513.40,509.15,221.37,390.21,1,-1,-1,-1
220,87,467.90,587.36,219.49,351.89,1,-1,-1,-1
220,91,1032.46,393.47,254.57,581.93,1,-1,-1,-1
220,92,788.60,463.17,196.26,471.54,1,-1,-1,-1
221,2,1630.26,541.97,267.32,379.21,1,-1,-1,-1
221,32,1.43,571.54,93.20,337.36,1,-1,-1,-1
221,39,753.86,383.43,327.47,582.97,1,-1,-1,-1
221,48,1352.77,473.13,216.00,455.08,1,-1,-1,-1
221,50,104.95,437.14,329.22,500.99,1,-1,-1,-1
221,52,1841.36,525.95,78.64,378.54,1,-1,-1,-1
221,53,1374.06,484.83,375.31,445.56,1,-1,-1,-1
221,54,166.00,561.36,175.44,358.79,1,-1,-1,-1
221,61,1255.51,483.47,189.78,452.33,1,-1,-1,-1
221,65,1367.19,267.16,519.36,743.33,1,-1,-1,-1
221,66,1010.57,382.33,277.15,590.74,1,-1,-1,-1
221,69,1687.62,548.23,217.45,362.96,1,-1,-1,-1
221,73,0.82,565.79,152.09,339.93,1,-1,-1,-1
221,74,0.00,542.44,66.78,358.89,1,-1,-1,-1
221,76,1653.82,528.66,221.91,392.90,1,-1,-1,-1
221,78,1151.02,446.76,388.11,497.29,1,-1,-1,-1
221,79,706.04,251.37,625.37,777.42,1,-1,-1,-1
221,80,317.86,432.95,219.98,509.28,1,-1,-1,-1
221,81,472.79,423.18,252.27,521.14,1,-1,-1,-1
221,82,0.07,552.31,133.20,363.44,1,-1,-1,-1
221,83,157.81,501.69,234.53,427.78,1,-1,-1,-1
221,84,1615.51,503.73,245.22,431.76,1,-1,-1,-1
221,85,1513.40,509.15,221.37,390.21,1,-1,-1,-1
221,87,467.90,587.36,219.49,351.89,1,-1,-1,-1
221,91,1032.46,393.47,254.57,581.93,1,-1,-1,-1
221,92,788.60,463.17,196.26,471.54,1,-1,-1,-1
222,2,1630.26,541.97,267.32,379.21,1,-1,-1,-1
222,32,1.43,571.54,93.20,337.36,1,-1,-1,-1
222,39,761.35,382.52,370.81,578.56,1,-1,-1,-1
222,48,1325.32,482.36,222.19,451.07,1,-1,-1,-1
222,50,104.95,437.14,329.22,500.99,1,-1,-1,-1
222,52,1841.36,525.95,78.64,378.54,1,-1,-1,-1
222,53,1374.06,484.83,375.31,445.56,1,-1,-1,-1
222,54,166.00,561.36,175.44,358.79,1,-1,-1,-1
222,61,1254.25,489.98,168.77,438.11,1,-1,-1,-1
222,65,1382.71,260.44,533.95,743.68,1,-1,-1,-1
222,66,1070.89,377.60,236.59,589.79,1,-1,-1,-1
222,69,1687.62,548.23,217.45,362.96,1,-1,-1,-1
222,73,0.82,565.79,152.09,339.93,1,-1,-1,-1
222,74,0.00,542.44,66.78,358.89,1,-1,-1,-1
222,76,1653.82,528.66,221.91,392.90,1,-1,-1,-1
222,78,1151.02,446.76,388.11,497.29,1,-1,-1,-1
222,79,706.04,251.37,625.37,777.42,1,-1,-1,-1
222,80,317.86,432.95,219.98,509.28,1,-1,-1,-1
222,81,463.09,418.44,291.10,515.68,1,-1,-1,-1
222,82,0.01,553.70,134.38,343.80,1,-1,-1,-1
222,83,155.75,502.41,254.19,425.92,1,-1,-1,-1
222,84,1615.51,503.73,245.22,431.76,1,-1,-1,-1
222,85,1513.40,509.15,221.37,390.21,1,-1,-1,-1
222,87,467.90,587.36,219.49,351.89,1,-1,-1,-1
222,89,1007.14,468.56,190.18,465.22,1,-1,-1,-1
222,91,1130.82,468.75,191.63,477.12,1,-1,-1,-1
222,92,747.43,485.95,202.82,450.93,1,-1,-1,-1
223,2,1630.26,541.97,267.32,379.21,1,-1,-1,-1
223,32,1.43,571.54,93.20,337.36,1,-1,-1,-1
223,39,782.27,379.19,386.01,584.03,1,-1,-1,-1
223,48,1300.43,457.65,228.72,479.74,1,-1,-1,-1
223,50,104.95,437.14,329.22,500.99,1,-1,-1,-1
223,52,1841.36,525.95,78.64,378.54,1,-1,-1,-1
223,53,1374.06,484.83,375.31,445.56,1,-1,-1,-1
223,54,166.00,561.36,175.44,358.79,1,-1,-1,-1
223,61,1240.85,487.01,182.64,450.14,1,-1,-1,-1
223,65,1408.94,256.49,510.73,752.54,1,-1,-1,-1
223,66,1080.19,371.04,275.41,594.58,1,-1,-1,-1
223,69,1687.62,548.23,217.45,362.96,1,-1,-1,-1
223,73,0.82,565.79,152.09,339.93,1,-1,-1,-1
223,74,0.00,542.44,66.78,358.89,1,-1,-1,-1
223,76,1653.82,528.66,221.91,392.90,1,-1,-1,-1
223,78,1151.02,446.76,388.11,497.29,1,-1,-1,-1
223,79,706.04,251.37,625.37,777.42,1,-1,-1,-1
223,80,317.86,432.95,219.98,509.28,1,-1,-1,-1
223,81,465.33,417.63,318.97,531.04,1,-1,-1,-1
223,82,0.00,554.56,143.39,338.99,1,-1,-1,-1
223,83,155.66,497.61,271.55,432.62,1,-1,-1,-1
223,84,1620.60,496.32,234.41,445.03,1,-1,-1,-1
223,85,1513.40,509.15,221.37,390.21,1,-1,-1,-1
223,87,467.90,587.36,219.49,351.89,1,-1,-1,-1
223,89,948.90,461.81,234.26,491.54,1,-1,-1,-1
223,91,1130.82,468.75,191.63,477.12,1,-1,-1,-1
223,92,707.88,459.15,213.04,493.49,1,-1,-1,-1
223,93,440.81,589.01,174.72,325.40,1,-1,-1,-1
224,2,1630.26,541.97,267.32,379.21,1,-1,-1,-1
224,32,1.43,571.54,93.20,337.36,1,-1,-1,-1
224,39,792.15,382.30,391.62,587.23,1,-1,-1,-1
224,48,1290.70,460.56,232.18,472.62,1,-1,-1,-1
224,50,104.95,437.14,329.22,500.99,1,-1,-1,-1
224,52,1841.36,525.95,78.64,378.54,1,-1,-1,-1
224,53,1374.06,484.83,375.31,445.56,1,-1,-1,-1
224,54,166.00,561.36,175.44,358.79,1,-1,-1,-1
224,61,1232.79,485.82,191.57,433.32,1,-1,-1,-1
224,65,1444.44,254.32,473.47,760.26,1,-1,-1,-1
224,66,1080.19,371.04,275.41,594.58,1,-1,-1,-1
224,69,1687.62,548.23,217.45,362.96,1,-1,-1,-1
224,73,0.82,565.79,152.09,339.93,1,-1,-1,-1
224,74,0.00,542.44,66.78,358.89,1,-1,-1,-1
224,76,1653.82,528.66,221.91,392.90,1,-1,-1,-1
224,78,1151.02,446.76,388.11,497.29,1,-1,-1,-1
224,79,706.04,251.37,625.37,777.42,1,-1,-1,-1
224,80,317.86,432.95,219.98,509.28,1,-1,-1,-1
224,81,479.96,417.49,336.69,539.62,1,-1,-1,-1
224,82,0.00,554.88,155.87,358.93,1,-1,-1,-1
224,83,168.93,490.57,299.17,440.36,1,-1,-1,-1
224,84,1610.46,493.85,224.35,436.94,1,-1,-1,-1
224,85,1513.40,509.15,221.37,390.21,1,-1,-1,-1
224,87,467.90,587.36,219.49,351.89,1,-1,-1,-1
224,89,926.85,470.09,266.49,483.23,1,-1,-1,-1
224,91,1130.82,468.75,191.63,477.12,1,-1,-1,-1
224,92,691.03,473.06,203.06,461.67,1,-1,-1,-1
224,93,434.18,592.75,173.51,315.12,1,-1,-1,-1
225,2,1630.26,541.97,267.32,379.21,1,-1,-1,-1
225,32,1.43,571.54,93.20,337.36,1,-1,-1,-1
225,39,826.81,383.73,351.38,583.10,1,-1,-1,-1
225,48,1292.67,459.36,252.79,476.36,1,-1,-1,-1
225,50,104.95,437.14,329.22,500.99,1,-1,-1,-1
225,52,1841.36,525.95,78.64,378.54,1,-1,-1,-1
225,53,1374.06,484.83,375.31,445.56,1,-1,-1,-1
225,54,166.00,561.36,175.44,358.79,1,-1,-1,-1
225,61,1232.79,485.82,191.57,433.32,1,-1,-1,-1
225,65,1500.20,192.39,417.35,819.93,1,-1,-1,-1
225,66,1080.19,371.04,275.41,594.58,1,-1,-1,-1
225,69,1687.62,548.23,217.45,362.96,1,-1,-1,-1
225,73,0.82,565.79,152.09,339.93,1,-1,-1,-1
225,74,0.00,542.44,66.78,358.89,1,-1,-1,-1
225,76,1653.82,528.66,221.91,392.90,1,-1,-1,-1
225,78,1151.02,446.76,388.11,497.29,1,-1,-1,-1
225,79,706.04,251.37,625.37,777.42,1,-1,-1,-1
225,80,317.86,432.95,219.98,509.28,1,-1,-1,-1
225,81,518.25,341.27,318.59,614.45,1,-1,-1,-1
225,82,0.23,560.20,162.67,357.44,1,-1,-1,-1
225,83,205.55,424.34,293.35,514.80,1,-1,-1,-1
225,84,1610.46,493.85,224.35,436.94,1,-1,-1,-1
225,85,1513.40,509.15,221.37,390.21,1,-1,-1,-1
225,87,467.90,587.36,219.49,351.89,1,-1,-1,-1
225,89,900.70,396.65,280.14,557.12,1,-1,-1,-1
225,90,1141.79,343.22,324.17,630.79,1,-1,-1,-1
225,91,1130.82,468.75,191.63,477.12,1,-1,-1,-1
225,92,666.65,468.76,212.42,466.72,1,-1,-1,-1
225,93,408.30,593.92,168.49,310.94,1,-1,-1,-1
226,2,1630.26,541.97,267.32,379.21,1,-1,-1,-1
226,32,1.43,571.54,93.20,337.36,1,-1,-1,-1
226,39,852.27,389.47,325.28,577.20,1,-1,-1,-1
226,48,1260.14,477.63,269.95,466.48,1,-1,-1,-1
226,50,104.95,437.14,329.22,500.99,1,-1,-1,-1
226,52,1841.36,525.95,78.64,378.54,1,-1,-1,-1
226,53,1374.06,484.83,375.31,445.56,1,-1,-1,-1
226,54,201.49,435.02,194.57,491.26,1,-1,-1,-1
226,61,1232.79,485.82,191.57,433.32,1,-1,-1,-1
226,65,1511.06,192.44,407.18,821.69,1,-1,-1,-1
226,66,1080.19,371.04,275.41,594.58,1,-1,-1,-1
226,69,1687.62,548.23,217.45,362.96,1,-1,-1,-1
226,73,0.82,565.79,152.09,339.93,1,-1,-1,-1
226,74,0.00,542.44,66.78,358.89,1,-1,-1,-1
226,76,1653.82,528.66,221.91,392.90,1,-1,-1,-1
226,78,1151.02,446.76,388.11,497.29,1,-1,-1,-1
226,79,706.04,251.37,625.37,777.42,1,-1,-1,-1
226,80,317.86,432.95,219.98,509.28,1,-1,-1,-1
226,81,529.27,333.00,316.35,620.82,1,-1,-1,-1
226,82,0.34,558.91,161.21,354.56,1,-1,-1,-1
226,83,215.63,417.48,293.12,520.20,1,-1,-1,-1
226,84,1610.46,493.85,224.35,436.94,1,-1,-1,-1
226,85,1513.40,509.15,221.37,390.21,1,-1,-1,-1
226,87,467.90,587.36,219.49,351.89,1,-1,-1,-1
226,89,900.70,396.65,280.14,557.12,1,-1,-1,-1
226,90,1165.04,304.04,313.37,672.19,1,-1,-1,-1
226,91,1130.82,468.75,191.63,477.12,1,-1,-1,-1
226,92,644.96,414.54,227.08,516.92,1,-1,-1,-1
226,93,412.57,539.65,156.75,366.65,1,-1,-1,-1
227,2,1630.26,541.97,267.32,379.21,1,-1,-1,-1
227,39,870.56,389.38,302.64,578.43,1,-1,-1,-1
227,48,1264.14,471.49,261.57,464.27,1,-1,-1,-1
227,50,104.95,437.14,329.22,500.99,1,-1,-1,-1
227,52,1841.36,525.95,78.64,378.54,1,-1,-1,-1
227,53,1374.06,484.83,375.31,445.56,1,-1,-1,-1
227,54,199.28,420.00,199.46,507.99,1,-1,-1,-1
227,61,1232.79,485.82,191.57,433.32,1,-1,-1,-1
227,65,1527.96,226.86,390.70,786.48,1,-1,-1,-1
227,66,1080.19,371.04,275.41,594.58,1,-1,-1,-1
227,73,0.82,565.79,152.09,339.93,1,-1,-1,-1
227,74,0.00,542.44,66.78,358.89,1,-1,-1,-1
227,76,1653.82,528.66,221.91,392.90,1,-1,-1,-1
227,78,1151.02,446.76,388.11,497.29,1,-1,-1,-1
227,79,706.04,251.37,625.37,777.42,1,-1,-1,-1
227,80,317.86,432.95,219.98,509.28,1,-1,-1,-1
227,81,532.76,327.85,327.56,626.47,1,-1,-1,-1
227,82,0.10,558.52,160.95,354.83,1,-1,-1,-1
227,83,206.73,415.01,301.83,520.26,1,-1,-1,-1
227,84,1610.46,493.85,224.35,436.94,1,-1,-1,-1
227,85,1513.40,509.15,221.37,390.21,1,-1,-1,-1
227,87,467.90,587.36,219.49,351.89,1,-1,-1,-1
227,89,900.70,396.65,280.14,557.12,1,-1,-1,-1
227,90,1182.91,277.15,283.97,682.42,1,-1,-1,-1
227,91,1130.82,468.75,191.63,477.12,1,-1,-1,-1
227,92,644.96,414.54,227.08,516.92,1,-1,-1,-1
227,93,416.19,537.08,134.16,369.04,1,-1,-1,-1
227,94,1751.98,406.83,168.02,500.96,1,-1,-1,-1
228,2,1630.26,541.97,267.32,379.21,1,-1,-1,-1
228,39,889.36,392.78,289.40,573.24,1,-1,-1,-1
228,48,1260.04,465.82,271.88,461.05,1,-1,-1,-1
228,50,104.95,437.14,329.22,500.99,1,-1,-1,-1
228,52,1841.36,525.95,78.64,378.54,1,-1,-1,-1
228,53,1374.06,484.83,375.31,445.56,1,-1,-1,-1
228,54,195.57,422.12,211.07,502.07,1,-1,-1,-1
228,61,1232.79,485.82,191.57,433.32,1,-1,-1,-1
228,65,1533.71,264.16,384.62,744.61,1,-1,-1,-1
228,66,1080.19,371.04,275.41,594.58,1,-1,-1,-1
228,73,0.82,565.79,152.09,339.93,1,-1,-1,-1
228,74,0.00,542.44,66.78,358.89,1,-1,-1,-1
228,76,1653.82,528.66,221.91,392.90,1,-1,-1,-1
228,78,1151.02,446.76,388.11,497.29,1,-1,-1,-1
228,79,706.04,251.37,625.37,777.42,1,-1,-1,-1
228,80,317.86,432.95,219.98,509.28,1,-1,-1,-1
228,81,527.69,338.09,347.31,612.57,1,-1,-1,-1
228,82,0.01,559.61,169.11,355.48,1,-1,-1,-1
228,83,200.57,416.80,314.75,517.80,1,-1,-1,-1
228,84,1610.46,493.85,224.35,436.94,1,-1,-1,-1
228,85,1513.40,509.15,221.37,390.21,1,-1,-1,-1
228,87,467.90,587.36,219.49,351.89,1,-1,-1,-1
228,89,900.70,396.65,280.14,557.12,1,-1,-1,-1
228,90,1201.25,276.56,276.63,679.69,1,-1,-1,-1
228,91,1130.82,468.75,191.63,477.12,1,-1,-1,-1
228,92,644.96,414.54,227.08,516.92,1,-1,-1,-1
228,93,414.03,539.53,128.24,366.25,1,-1,-1,-1
228,94,1751.98,406.83,168.02,500.96,1,-1,-1,-1
229,2,1630.26,541.97,267.32,379.21,1,-1,-1,-1
229,39,908.88,395.74,286.12,573.27,1,-1,-1,-1
229,48,1254.47,477.17,277.47,453.80,1,-1,-1,-1
229,50,104.95,437.14,329.22,500.99,1,-1,-1,-1
229,52,1841.36,525.95,78.64,378.54,1,-1,-1,-1
229,53,1374.06,484.83,375.31,445.56,1,-1,-1,-1
229,54,188.58,437.85,226.41,485.58,1,-1,-1,-1
229,61,1232.79,485.82,191.57,433.32,1,-1,-1,-1
229,65,1539.58,272.74,378.15,738.59,1,-1,-1,-1
229,66,1080.19,371.04,275.41,594.58,1,-1,-1,-1
229,73,0.82,565.79,152.09,339.93,1,-1,-1,-1
229,74,0.00,542.44,66.78,358.89,1,-1,-1,-1
229,76,1653.82,528.66,221.91,392.90,1,-1,-1,-1
229,78,1151.02,446.76,388.11,497.29,1,-1,-1,-1
229,79,706.04,251.37,625.37,777.42,1,-1,-1,-1
229,80,317.86,432.95,219.98,509.28,1,-1,-1,-1
229,81,518.58,372.26,360.96,584.18,1,-1,-1,-1
229,82,0.00,559.40,197.65,356.18,1,-1,-1,-1
229,83,193.52,430.42,314.56,508.04,1,-1,-1,-1
229,84,1610.46,493.85,224.35,436.94,1,-1,-1,-1
229,85,1513.40,509.15,221.37,390.21,1,-1,-1,-1
229,87,467.90,587.36,219.49,351.89,1,-1,-1,-1
229,89,900.70,396.65,280.14,557.12,1,-1,-1,-1
229,90,1207.04,295.71,279.61,663.23,1,-1,-1,-1
229,91,1130.82,468.75,191.63,477.12,1,-1,-1,-1
229,92,644.96,414.54,227.08,516.92,1,-1,-1,-1
229,93,408.87,544.33,139.80,361.38,1,-1,-1,-1
229,94,1751.98,406.83,168.02,500.96,1,-1,-1,-1
230,2,1630.26,541.97,267.32,379.21,1,-1,-1,-1
230,39,912.93,425.64,289.58,547.59,1,-1,-1,-1
230,48,1217.68,403.09,306.26,549.31,1,-1,-1,-1
230,50,104.95,437.14,329.22,500.99,1,-1,-1,-1
230,52,1841.36,525.95,78.64,378.54,1,-1,-1,-1
230,53,1374.06,484.83,375.31,445.56,1,-1,-1,-1
230,54,202.96,495.09,242.32,426.17,1,-1,-1,-1
230,61,1172.80,529.46,219.06,399.16,1,-1,-1,-1
230,65,1553.61,294.89,365.11,706.19,1,-1,-1,-1
230,66,1080.19,371.04,275.41,594.58,1,-1,-1,-1
230,73,0.82,565.79,152.09,339.93,1,-1,-1,-1
230,74,0.00,542.44,66.78,358.89,1,-1,-1,-1
230,76,1637.30,412.14,278.28,591.14,1,-1,-1,-1
230,78,1151.02,446.76,388.11,497.29,1,-1,-1,-1
230,79,706.04,251.37,625.37,777.42,1,-1,-1,-1
230,80,317.86,432.95,219.98,509.28,1,-1,-1,-1
230,81,504.68,441.10,391.54,519.34,1,-1,-1,-1
230,82,0.00,551.64,193.83,364.89,1,-1,-1,-1
230,83,170.29,493.64,261.46,443.71,1,-1,-1,-1
230,84,1554.68,462.01,284.78,477.37,1,-1,-1,-1
230,85,1513.40,509.15,221.37,390.21,1,-1,-1,-1
230,87,467.90,587.36,219.49,351.89,1,-1,-1,-1
230,89,900.70,396.65,280.14,557.12,1,-1,-1,-1
230,90,1197.27,383.06,283.34,582.95,1,-1,-1,-1
230,91,1189.79,431.65,268.70,548.28,1,-1,-1,-1
230,92,644.96,414.54,227.08,516.92,1,-1,-1,-1
230,93,374.12,586.71,193.92,319.34,1,-1,-1,-1
230,94,1751.98,406.83,168.02,500.96,1,-1,-1,-1
231,2,1630.26,541.97,267.32,379.21,1,-1,-1,-1
231,39,907.31,438.97,292.70,534.21,1,-1,-1,-1
231,48,1256.07,518.11,272.43,421.87,1,-1,-1,-1
231,50,104.95,437.14,329.22,500.99,1,-1,-1,-1
231,52,1841.36,525.95,78.64,378.54,1,-1,-1,-1
231,53,1374.06,484.83,375.31,445.56,1,-1,-1,-1
231,54,202.96,495.09,242.32,426.17,1,-1,-1,-1
231,61,1162.93,535.60,224.23,394.64,1,-1,-1,-1
231,65,1549.69,295.86,367.49,666.50,1,-1,-1,-1
231,66,1080.19,371.04,275.41,594.58,1,-1,-1,-1
231,73,0.82,565.79,152.09,339.93,1,-1,-1,-1
231,74,0.00,542.44,66.78,358.89,1,-1,-1,-1
231,76,1619.78,305.11,299.27,702.97,1,-1,-1,-1
231,78,1151.02,446.76,388.11,497.29,1,-1,-1,-1
231,79,706.04,251.37,625.37,777.42,1,-1,-1,-1
231,80,317.86,432.95,219.98,509.28,1,-1,-1,-1
231,81,500.48,446.06,390.16,514.22,1,-1,-1,-1
231,82,0.00,548.31,194.04,367.79,1,-1,-1,-1
231,83,168.37,504.26,258.83,434.68,1,-1,-1,-1
231,84,1544.19,473.01,307.65,464.36,1,-1,-1,-1
231,85,1513.40,509.15,221.37,390.21,1,-1,-1,-1
231,87,467.90,587.36,219.49,351.89,1,-1,-1,-1
231,89,900.70,396.65,280.14,557.12,1,-1,-1,-1
231,90,1197.27,383.06,283.34,582.95,1,-1,-1,-1
231,91,1217.35,401.92,290.13,548.80,1,-1,-1,-1
231,92,644.96,414.54,227.08,516.92,1,-1,-1,-1
231,93,395.75,607.98,173.34,297.27,1,-1,-1,-1
231,94,1751.98,406.83,168.02,500.96,1,-1,-1,-1
232,2,1630.26,541.97,267.32,379.21,1,-1,-1,-1
232,39,909.05,440.70,287.03,535.76,1,-1,-1,-1
232,48,1256.07,518.11,272.43,421.87,1,-1,-1,-1
232,52,1841.36,525.95,78.64,378.54,1,-1,-1,-1
232,53,1374.06,484.83,375.31,445.56,1,-1,-1,-1
232,54,166.20,505.28,290.66,430.58,1,-1,-1,-1
232,61,1160.55,534.47,216.17,397.39,1,-1,-1,-1
232,65,1541.76,298.34,372.86,663.58,1,-1,-1,-1
232,66,1080.19,371.04,275.41,594.58,1,-1,-1,-1
232,73,0.82,565.79,152.09,339.93,1,-1,-1,-1
232,76,1618.92,295.42,300.76,713.17,1,-1,-1,-1
232,78,1151.02,446.76,388.11,497.29,1,-1,-1,-1
232,79,706.04,251.37,625.37,777.42,1,-1,-1,-1
232,80,317.86,432.95,219.98,509.28,1,-1,-1,-1
232,81,502.35,440.69,441.61,510.21,1,-1,-1,-1
232,82,0.14,551.26,191.41,363.49,1,-1,-1,-1
232,83,161.69,512.02,267.12,428.30,1,-1,-1,-1
232,84,1539.86,486.58,280.85,449.20,1,-1,-1,-1
232,85,1513.40,509.15,221.37,390.21,1,-1,-1,-1
232,87,467.90,587.36,219.49,351.89,1,-1,-1,-1
232,89,900.70,396.65,280.14,557.12,1,-1,-1,-1
232,90,1199.53,398.79,298.54,567.50,1,-1,-1,-1
232,91,1269.09,533.72,257.78,406.13,1,-1,-1,-1
232,92,644.96,414.54,227.08,516.92,1,-1,-1,-1
232,93,365.88,609.00,197.61,296.88,1,-1,-1,-1
232,94,1751.98,406.83,168.02,500.96,1,-1,-1,-1
233,2,1630.26,541.97,267.32,379.21,1,-1,-1,-1
233,39,905.45,441.19,314.34,541.39,1,-1,-1,-1
233,48,1269.39,545.34,254.99,394.36,1,-1,-1,-1
233,52,1841.36,525.95,78.64,378.54,1,-1,-1,-1
233,53,1374.06,484.83,375.31,445.56,1,-1,-1,-1
233,54,160.16,508.79,305.64,428.50,1,-1,-1,-1
233,61,1162.93,530.64,210.69,402.77,1,-1,-1,-1
233,65,1541.76,298.34,372.86,663.58,1,-1,-1,-1
233,66,1080.19,371.04,275.41,594.58,1,-1,-1,-1
233,73,0.82,565.79,152.09,339.93,1,-1,-1,-1
233,76,1620.33,308.88,299.56,697.44,1,-1,-1,-1
233,78,1151.02,446.76,388.11,497.29,1,-1,-1,-1
233,79,706.04,251.37,625.37,777.42,1,-1,-1,-1
233,80,317.86,432.95,219.98,509.28,1,-1,-1,-1
233,81,508.40,441.81,390.71,512.23,1,-1,-1,-1
233,82,0.29,559.47,201.73,354.68,1,-1,-1,-1
233,83,157.91,528.70,254.01,411.19,1,-1,-1,-1
233,84,1536.95,497.17,280.62,440.52,1,-1,-1,-1
233,85,1513.40,509.15,221.37,390.21,1,-1,-1,-1
233,87,467.90,587.36,219.49,351.89,1,-1,-1,-1
233,89,900.70,396.65,280.14,557.12,1,-1,-1,-1
233,90,1194.89,402.62,295.99,566.73,1,-1,-1,-1
233,91,1269.09,533.72,257.78,406.13,1,-1,-1,-1
233,92,644.96,414.54,227.08,516.92,1,-1,-1,-1
233,93,365.13,611.14,207.76,299.84,1,-1,-1,-1
233,94,1751.98,406.83,168.02,500.96,1,-1,-1,-1
234,2,1630.26,541.97,267.32,379.21,1,-1,-1,-1
234,39,903.18,448.88,341.01,537.94,1,-1,-1,-1
234,48,1262.94,563.60,263.64,376.84,1,-1,-1,-1
234,52,1841.36,525.95,78.64,378.54,1,-1,-1,-1
234,53,1374.06,484.83,375.31,445.56,1,-1,-1,-1
234,54,194.41,515.32,229.54,415.10,1,-1,-1,-1
234,61,1157.07,525.79,222.83,410.32,1,-1,-1,-1
234,65,1541.76,298.34,372.86,663.58,1,-1,-1,-1
234,66,1080.19,371.04,275.41,594.58,1,-1,-1,-1
234,73,0.82,565.79,152.09,339.93,1,-1,-1,-1
234,76,1596.64,342.95,323.35,666.76,1,-1,-1,-1
234,78,1151.02,446.76,388.11,497.29,1,-1,-1,-1
234,79,706.04,251.37,625.37,777.42,1,-1,-1,-1
234,80,317.86,432.95,219.98,509.28,1,-1,-1,-1
234,81,518.02,448.36,344.16,503.75,1,-1,-1,-1
234,82,0.43,567.84,186.94,348.30,1,-1,-1,-1
234,83,153.21,552.72,249.25,387.30,1,-1,-1,-1
234,84,1535.25,502.80,286.34,439.61,1,-1,-1,-1
234,85,1513.40,509.15,221.37,390.21,1,-1,-1,-1
234,87,467.90,587.36,219.49,351.89,1,-1,-1,-1
234,89,900.70,396.65,280.14,557.12,1,-1,-1,-1
234,90,1181.86,405.23,312.15,565.97,1,-1,-1,-1
234,91,1269.09,533.72,257.78,406.13,1,-1,-1,-1
234,92,644.96,414.54,227.08,516.92,1,-1,-1,-1
234,93,381.90,622.82,170.77,284.14,1,-1,-1,-1
234,94,1751.98,406.83,168.02,500.96,1,-1,-1,-1
235,2,1630.26,541.97,267.32,379.21,1,-1,-1,-1
235,39,894.97,501.69,312.77,479.93,1,-1,-1,-1
235,48,1262.94,563.60,263.64,376.84,1,-1,-1,-1
235,52,1841.36,525.95,78.64,378.54,1,-1,-1,-1
235,53,1374.06,484.83,375.31,445.56,1,-1,-1,-1
235,54,207.85,533.93,213.35,396.24,1,-1,-1,-1
235,61,1135.24,540.74,238.16,393.17,1,-1,-1,-1
235,65,1547.87,371.38,371.59,632.98,1,-1,-1,-1
235,66,1080.19,371.04,275.41,594.58,1,-1,-1,-1
235,73,0.82,565.79,152.09,339.93,1,-1,-1,-1
235,76,1628.24,378.91,291.76,631.33,1,-1,-1,-1
235,78,1151.02,446.76,388.11,497.29,1,-1,-1,-1
235,79,706.04,251.37,625.37,777.42,1,-1,-1,-1
235,80,317.86,432.95,219.98,509.28,1,-1,-1,-1
235,81,512.75,477.84,334.42,480.39,1,-1,-1,-1
235,82,0.94,586.74,191.84,334.98,1,-1,-1,-1
235,83,151.20,540.03,264.38,397.68,1,-1,-1,-1
235,84,1535.25,502.80,286.34,439.61,1,-1,-1,-1
235,85,1513.40,509.15,221.37,390.21,1,-1,-1,-1
235,87,467.90,587.36,219.49,351.89,1,-1,-1,-1
235,89,900.70,396.65,280.14,557.12,1,-1,-1,-1
235,90,1177.35,420.46,332.41,545.19,1,-1,-1,-1
235,91,1269.09,533.72,257.78,406.13,1,-1,-1,-1
235,92,644.96,414.54,227.08,516.92,1,-1,-1,-1
235,93,378.50,626.32,153.23,278.34,1,-1,-1,-1
235,94,1751.98,406.83,168.02,500.96,1,-1,-1,-1
236,2,1630.26,541.97,267.32,379.21,1,-1,-1,-1
236,39,891.13,508.49,325.76,473.21,1,-1,-1,-1
236,48,1262.94,563.60,263.64,376.84,1,-1,-1,-1
236,52,1841.36,525.95,78.64,378.54,1,-1,-1,-1
236,53,1374.06,484.83,375.31,445.56,1,-1,-1,-1
236,54,205.25,539.23,222.87,391.77,1,-1,-1,-1
236,61,1131.06,548.78,241.04,383.49,1,-1,-1,-1
236,65,1547.87,371.38,371.59,632.98,1,-1,-1,-1
236,66,1080.19,371.04,275.41,594.58,1,-1,-1,-1
236,73,0.82,565.79,152.09,339.93,1,-1,-1,-1
236,76,1633.47,384.46,286.46,630.71,1,-1,-1,-1
236,78,1151.02,446.76,388.11,497.29,1,-1,-1,-1
236,79,706.04,251.37,625.37,777.42,1,-1,-1,-1
236,80,317.86,432.95,219.98,509.28,1,-1,-1,-1
236,81,508.77,486.86,327.55,471.16,1,-1,-1,-1
236,82,0.93,591.92,193.05,329.93,1,-1,-1,-1
236,83,151.20,540.03,264.38,397.68,1,-1,-1,-1
236,84,1521.17,534.07,279.17,406.45,1,-1,-1,-1
236,85,1513.40,509.15,221.37,390.21,1,-1,-1,-1
236,87,467.90,587.36,219.49,351.89,1,-1,-1,-1
236,89,900.70,396.65,280.14,557.12,1,-1,-1,-1
236,90,1175.21,421.58,328.32,544.01,1,-1,-1,-1
236,91,1269.09,533.72,257.78,406.13,1,-1,-1,-1
236,92,644.96,414.54,227.08,516.92,1,-1,-1,-1
236,93,373.58,628.67,148.42,277.81,1,-1,-1,-1
236,94,1751.98,406.83,168.02,500.96,1,-1,-1,-1
237,2,1630.26,541.97,267.32,379.21,1,-1,-1,-1
237,39,889.97,499.06,338.79,483.83,1,-1,-1,-1
237,48,1216.66,587.49,246.24,381.90,1,-1,-1,-1
237,52,1841.36,525.95,78.64,378.54,1,-1,-1,-1
237,53,1374.06,484.83,375.31,445.56,1,-1,-1,-1
237,54,216.81,543.73,214.58,389.77,1,-1,-1,-1
237,61,1131.19,557.27,233.72,375.74,1,-1,-1,-1
237,65,1547.87,371.38,371.59,632.98,1,-1,-1,-1
237,66,1080.19,371.04,275.41,594.58,1,-1,-1,-1
237,73,0.82,565.79,152.09,339.93,1,-1,-1,-1
237,76,1630.88,379.98,289.11,635.91,1,-1,-1,-1
237,78,1151.02,446.76,388.11,497.29,1,-1,-1,-1
237,79,706.04,251.37,625.37,777.42,1,-1,-1,-1
237,80,317.86,432.95,219.98,509.28,1,-1,-1,-1
237,81,508.11,486.91,323.16,469.74,1,-1,-1,-1
237,82,0.91,594.17,190.76,332.10,1,-1,-1,-1
237,83,148.88,575.44,233.81,364.30,1,-1,-1,-1
237,84,1516.44,536.42,281.40,404.98,1,-1,-1,-1
237,85,1513.40,509.15,221.37,390.21,1,-1,-1,-1
237,87,467.90,587.36,219.49,351.89,1,-1,-1,-1
237,89,900.70,396.65,280.14,557.12,1,-1,-1,-1
237,90,1227.40,417.53,294.78,533.98,1,-1,-1,-1
237,91,1269.09,533.72,257.78,406.13,1,-1,-1,-1
237,92,644.96,414.54,227.08,516.92,1,-1,-1,-1
237,93,372.41,631.20,147.21,276.20,1,-1,-1,-1
237,94,1751.98,406.83,168.02,500.96,1,-1,-1,-1
237,96,882.87,539.41,243.45,406.46,1,-1,-1,-1
237,97,137.53,585.57,229.61,347.47,1,-1,-1,-1
238,2,1630.26,541.97,267.32,379.21,1,-1,-1,-1
238,39,885.74,495.12,337.65,487.42,1,-1,-1,-1
238,48,1216.66,587.49,246.24,381.90,1,-1,-1,-1
238,52,1841.36,525.95,78.64,378.54,1,-1,-1,-1
238,53,1374.06,484.83,375.31,445.56,1,-1,-1,-1
238,54,220.44,547.42,202.21,384.03,1,-1,-1,-1
238,61,1099.57,544.47,251.73,388.60,1,-1,-1,-1
238,65,1547.87,371.38,371.59,632.98,1,-1,-1,-1
238,66,1080.19,371.04,275.41,594.58,1,-1,-1,-1
238,73,0.82,565.79,152.09,339.93,1,-1,-1,-1
238,76,1629.80,378.99,290.20,640.51,1,-1,-1,-1
238,78,1151.02,446.76,388.11,497.29,1,-1,-1,-1
238,80,317.86,432.95,219.98,509.28,1,-1,-1,-1
238,81,503.53,480.99,326.92,477.60,1,-1,-1,-1
238,82,0.76,594.85,186.30,333.10,1,-1,-1,-1
238,83,148.88,575.44,233.81,364.30,1,-1,-1,-1
238,84,1504.34,530.79,296.55,412.38,1,-1,-1,-1
238,85,1513.40,509.15,221.37,390.21,1,-1,-1,-1
238,87,467.90,587.36,219.49,351.89,1,-1,-1,-1
238,89,900.70,396.65,280.14,557.12,1,-1,-1,-1
238,90,1220.76,411.75,294.79,550.04,1,-1,-1,-1
238,91,1269.09,533.72,257.78,406.13,1,-1,-1,-1
238,92,644.96,414.54,227.08,516.92,1,-1,-1,-1
238,93,347.28,625.77,170.19,279.93,1,-1,-1,-1
238,94,1751.98,406.83,168.02,500.96,1,-1,-1,-1
238,96,884.14,542.52,250.50,401.15,1,-1,-1,-1
238,97,147.09,576.00,223.63,362.75,1,-1,-1,-1
239,2,1630.26,541.97,267.32,379.21,1,-1,-1,-1
239,39,880.52,492.58,316.14,490.02,1,-1,-1,-1
239,48,1216.66,587.49,246.24,381.90,1,-1,-1,-1
239,52,1841.36,525.95,78.64,378.54,1,-1,-1,-1
239,54,204.63,549.52,241.61,378.21,1,-1,-1,-1
239,61,1066.21,538.07,272.69,391.35,1,-1,-1,-1
239,65,1547.87,371.38,371.59,632.98,1,-1,-1,-1
239,66,1080.19,371.04,275.41,594.58,1,-1,-1,-1
239,73,0.82,565.79,152.09,339.93,1,-1,-1,-1
239,76,1626.71,379.30,293.19,640.78,1,-1,-1,-1
239,78,1151.02,446.76,388.11,497.29,1,-1,-1,-1
239,80,317.86,432.95,219.98,509.28,1,-1,-1,-1
239,81,500.29,475.35,330.82,483.50,1,-1,-1,-1
239,82,0.74,594.44,173.24,332.79,1,-1,-1,-1
239,83,148.88,575.44,233.81,364.30,1,-1,-1,-1
239,84,1493.00,524.74,300.69,418.88,1,-1,-1,-1
239,85,1513.40,509.15,221.37,390.21,1,-1,-1,-1
239,87,467.90,587.36,219.49,351.89,1,-1,-1,-1
239,89,900.70,396.65,280.14,557.12,1,-1,-1,-1
239,90,1215.94,405.73,298.59,563.67,1,-1,-1,-1
239,91,1269.09,533.72,257.78,406.13,1,-1,-1,-1
239,92,644.96,414.54,227.08,516.92,1,-1,-1,-1
239,93,333.56,623.70,183.70,284.81,1,-1,-1,-1
239,94,1751.98,406.83,168.02,500.96,1,-1,-1,-1
239,96,872.08,541.80,238.45,414.58,1,-1,-1,-1
239,97,130.52,579.05,224.37,353.77,1,-1,-1,-1
240,2,1630.26,541.97,267.32,379.21,1,-1,-1,-1
240,39,880.19,485.12,349.30,497.39,1,-1,-1,-1
240,48,1216.66,587.49,246.24,381.90,1,-1,-1,-1
240,52,1841.36,525.95,78.64,378.54,1,-1,-1,-1
240,54,203.04,552.71,239.58,366.17,1,-1,-1,-1
240,61,1048.87,556.91,284.97,376.30,1,-1,-1,-1
240,65,1547.87,371.38,371.59,632.98,1,-1,-1,-1
240,66,1080.19,371.04,275.41,594.58,1,-1,-1,-1
240,76,1625.11,379.13,294.88,645.94,1,-1,-1,-1
240,80,317.86,432.95,219.98,509.28,1,-1,-1,-1
240,81,494.00,472.60,335.67,485.23,1,-1,-1,-1
240,82,0.81,594.90,188.15,328.45,1,-1,-1,-1
240,83,148.88,575.44,233.81,364.30,1,-1,-1,-1
240,84,1475.78,515.30,310.68,428.37,1,-1,-1,-1
240,85,1513.40,509.15,221.37,390.21,1,-1,-1,-1
240,87,467.90,587.36,219.49,351.89,1,-1,-1,-1
240,89,900.70,396.65,280.14,557.12,1,-1,-1,-1
240,90,1209.20,405.86,303.01,564.02,1,-1,-1,-1
240,91,1269.09,533.72,257.78,406.13,1,-1,-1,-1
240,92,644.96,414.54,227.08,516.92,1,-1,-1,-1
240,93,326.25,617.10,187.99,290.40,1,-1,-1,-1
240,94,1751.98,406.83,168.02,500.96,1,-1,-1,-1
240,96,857.91,543.69,231.65,397.69,1,-1,-1,-1
240,97,130.56,580.16,225.40,351.83,1,-1,-1,-1
241,39,876.64,491.05,418.75,486.93,1,-1,-1,-1
241,48,1216.66,587.49,246.24,381.90,1,-1,-1,-1
241,52,1841.36,525.95,78.64,378.54,1,-1,-1,-1
241,54,166.32,567.15,334.94,354.69,1,-1,-1,-1
241,61,1048.87,556.91,284.97,376.30,1,-1,-1,-1
241,65,1547.87,371.38,371.59,632.98,1,-1,-1,-1
241,66,1080.19,371.04,275.41,594.58,1,-1,-1,-1
241,76,1624.07,377.51,295.42,645.11,1,-1,-1,-1
241,80,317.86,432.95,219.98,509.28,1,-1,-1,-1
241,81,497.86,472.80,354.45,472.67,1,-1,-1,-1
241,82,0.08,596.40,161.84,318.93,1,-1,-1,-1
241,83,138.50,568.58,355.17,358.97,1,-1,-1,-1
241,84,1453.43,507.65,318.64,435.23,1,-1,-1,-1
241,87,467.90,587.36,219.49,351.89,1,-1,-1,-1
241,89,900.70,396.65,280.14,557.12,1,-1,-1,-1
241,90,1200.54,423.09,354.92,540.13,1,-1,-1,-1
241,91,1269.09,533.72,257.78,406.13,1,-1,-1,-1
241,92,644.96,414.54,227.08,516.92,1,-1,-1,-1
241,93,326.25,617.10,187.99,290.40,1,-1,-1,-1
241,94,1751.98,406.83,168.02,500.96,1,-1,-1,-1
241,96,822.78,538.92,272.22,393.41,1,-1,-1,-1
241,97,120.55,585.58,235.91,349.45,1,-1,-1,-1
242,39,875.72,491.82,430.19,493.52,1,-1,-1,-1
242,48,1216.66,587.49,246.24,381.90,1,-1,-1,-1
242,52,1841.36,525.95,78.64,378.54,1,-1,-1,-1
242,54,197.14,573.45,321.51,342.13,1,-1,-1,-1
242,61,1048.87,556.91,284.97,376.30,1,-1,-1,-1
242,65,1547.87,371.38,371.59,632.98,1,-1,-1,-1
242,66,1080.19,371.04,275.41,594.58,1,-1,-1,-1
242,76,1624.48,395.99,295.01,622.30,1,-1,-1,-1
242,81,492.81,475.25,376.10,469.37,1,-1,-1,-1
242,82,0.01,597.19,158.13,308.26,1,-1,-1,-1
242,83,138.66,568.60,380.96,359.01,1,-1,-1,-1
242,84,1446.70,503.73,292.04,437.98,1,-1,-1,-1
242,87,467.90,587.36,219.49,351.89,1,-1,-1,-1
242,89,900.70,396.65,280.14,557.12,1,-1,-1,-1
242,90,1201.17,442.57,403.78,516.55,1,-1,-1,-1
242,91,1269.09,533.72,257.78,406.13,1,-1,-1,-1
242,92,644.96,414.54,227.08,516.92,1,-1,-1,-1
242,93,326.25,617.10,187.99,290.40,1,-1,-1,-1
242,94,1751.98,406.83,168.02,500.96,1,-1,-1,-1
242,96,809.41,531.83,239.64,382.59,1,-1,-1,-1
242,97,126.88,586.18,226.42,348.59,1,-1,-1,-1
242,98,492.78,582.53,214.52,343.33,1,-1,-1,-1
243,39,882.40,490.95,407.23,499.53,1,-1,-1,-1
243,48,1216.66,587.49,246.24,381.90,1,-1,-1,-1
243,52,1841.36,525.95,78.64,378.54,1,-1,-1,-1
243,54,139.04,582.85,243.62,350.56,1,-1,-1,-1
243,61,1048.87,556.91,284.97,376.30,1,-1,-1,-1
243,65,1547.87,371.38,371.59,632.98,1,-1,-1,-1
243,66,1080.19,371.04,275.41,594.58,1,-1,-1,-1
243,76,1623.60,449.31,296.13,567.46,1,-1,-1,-1
243,81,486.32,479.63,398.32,466.03,1,-1,-1,-1
243,82,0.16,597.35,157.19,312.42,1,-1,-1,-1
243,83,134.97,567.09,401.31,368.63,1,-1,-1,-1
243,84,1459.07,500.28,262.80,443.36,1,-1,-1,-1
243,87,467.90,587.36,219.49,351.89,1,-1,-1,-1
243,89,900.70,396.65,280.14,557.12,1,-1,-1,-1
243,90,1204.15,452.31,452.14,511.64,1,-1,-1,-1
243,91,1269.09,533.72,257.78,406.13,1,-1,-1,-1
243,92,644.96,414.54,227.08,516.92,1,-1,-1,-1
243,93,326.25,617.10,187.99,290.40,1,-1,-1,-1
243,94,1751.98,406.83,168.02,500.96,1,-1,-1,-1
243,96,816.97,531.69,199.97,374.98,1,-1,-1,-1
243,97,128.10,587.02,231.93,346.47,1,-1,-1,-1
243,98,468.80,579.65,216.46,333.68,1,-1,-1,-1
244,39,898.67,494.91,386.96,487.59,1,-1,-1,-1
244,48,1216.66,587.49,246.24,381.90,1,-1,-1,-1
244,52,1841.36,525.95,78.64,378.54,1,-1,-1,-1
244,54,131.24,564.67,398.50,371.32,1,-1,-1,-1
244,61,982.07,557.23,221.88,366.44,1,-1,-1,-1
244,65,1547.87,371.38,371.59,632.98,1,-1,-1,-1
244,66,1080.19,371.04,275.41,594.58,1,-1,-1,-1
244,76,1631.65,392.16,288.24,627.49,1,-1,-1,-1
244,81,483.62,485.56,409.75,462.30,1,-1,-1,-1
244,82,0.12,603.41,163.75,315.05,1,-1,-1,-1
244,83,222.67,565.17,324.01,364.39,1,-1,-1,-1
244,84,1469.14,501.27,224.80,438.01,1,-1,-1,-1
244,87,467.90,587.36,219.49,351.89,1,-1,-1,-1
244,89,900.70,396.65,280.14,557.12,1,-1,-1,-1
244,90,1209.11,465.08,446.58,500.57,1,-1,-1,-1
244,91,1269.09,533.72,257.78,406.13,1,-1,-1,-1
244,92,644.96,414.54,227.08,516.92,1,-1,-1,-1
244,93,326.25,617.10,187.99,290.40,1,-1,-1,-1
244,94,1751.98,406.83,168.02,500.96,1,-1,-1,-1
244,96,816.98,539.48,172.57,361.43,1,-1,-1,-1
244,97,129.68,587.57,230.07,349.21,1,-1,-1,-1
244,98,427.70,575.69,233.45,328.35,1,-1,-1,-1
244,100,1191.71,527.79,196.50,397.01,1,-1,-1,-1
245,39,919.27,501.70,372.16,479.35,1,-1,-1,-1
245,48,1216.66,587.49,246.24,381.90,1,-1,-1,-1
245,52,1841.36,525.95,78.64,378.54,1,-1,-1,-1
245,54,133.62,563.71,410.11,385.27,1,-1,-1,-1
245,61,982.07,557.23,221.88,366.44,1,-1,-1,-1
245,65,1547.87,371.38,371.59,632.98,1,-1,-1,-1
245,66,1080.19,371.04,275.41,594.58,1,-1,-1,-1
245,76,1641.59,399.31,278.30,617.74,1,-1,-1,-1
245,81,478.90,490.51,417.24,458.27,1,-1,-1,-1
245,82,0.19,616.45,166.77,300.50,1,-1,-1,-1
245,83,222.67,565.17,324.01,364.39,1,-1,-1,-1
245,84,1476.46,507.07,203.81,433.72,1,-1,-1,-1
245,87,467.90,587.36,219.49,351.89,1,-1,-1,-1
245,89,900.70,396.65,280.14,557.12,1,-1,-1,-1
245,90,1244.92,468.19,411.84,499.03,1,-1,-1,-1
245,91,1269.09,533.72,257.78,406.13,1,-1,-1,-1
245,92,644.96,414.54,227.08,516.92,1,-1,-1,-1
245,93,326.25,617.10,187.99,290.40,1,-1,-1,-1
245,94,1751.98,406.83,168.02,500.96,1,-1,-1,-1
245,96,776.88,541.32,202.41,375.69,1,-1,-1,-1
245,97,128.94,587.49,220.44,351.42,1,-1,-1,-1
245,98,407.93,572.22,225.57,339.71,1,-1,-1,-1
245,100,1161.43,527.46,194.80,394.67,1,-1,-1,-1
246,39,1048.61,504.36,262.58,432.09,1,-1,-1,-1
246,48,1216.66,587.49,246.24,381.90,1,-1,-1,-1
246,52,1841.36,525.95,78.64,378.54,1,-1,-1,-1
246,54,175.07,569.53,357.38,366.51,1,-1,-1,-1
246,61,872.07,552.88,301.77,370.00,1,-1,-1,-1
246,65,1547.87,371.38,371.59,632.98,1,-1,-1,-1
246,66,1080.19,371.04,275.41,594.58,1,-1,-1,-1
246,76,1705.42,486.99,214.57,523.29,1,-1,-1,-1
246,81,476.91,498.09,435.49,453.35,1,-1,-1,-1
246,82,0.32,622.14,155.56,297.84,1,-1,-1,-1
246,83,292.91,566.22,249.98,368.60,1,-1,-1,-1
246,84,1476.46,507.07,203.81,433.72,1,-1,-1,-1
246,87,467.90,587.36,219.49,351.89,1,-1,-1,-1
246,89,900.70,396.65,280.14,557.12,1,-1,-1,-1
246,90,1244.92,468.19,411.84,499.03,1,-1,-1,-1
246,91,1269.09,533.72,257.78,406.13,1,-1,-1,-1
246,92,644.96,414.54,227.08,516.92,1,-1,-1,-1
246,93,326.25,617.10,187.99,290.40,1,-1,-1,-1
246,94,1751.98,406.83,168.02,500.96,1,-1,-1,-1
246,96,695.36,547.01,267.27,374.55,1,-1,-1,-1
246,97,108.06,586.99,235.33,341.04,1,-1,-1,-1
246,98,365.59,563.39,229.57,350.02,1,-1,-1,-1
246,100,1161.43,527.46,194.80,394.67,1,-1,-1,-1
247,39,1073.10,501.62,251.47,440.49,1,-1,-1,-1
247,48,1216.66,587.49,246.24,381.90,1,-1,-1,-1
247,52,1841.36,525.95,78.64,378.54,1,-1,-1,-1
247,54,193.54,564.60,338.43,367.69,1,-1,-1,-1
247,61,857.44,549.54,284.54,376.02,1,-1,-1,-1
247,65,1547.87,371.38,371.59,632.98,1,-1,-1,-1
247,66,1080.19,371.04,275.41,594.58,1,-1,-1,-1
247,76,1748.06,500.22,171.94,511.47,1,-1,-1,-1
247,81,497.26,499.49,390.00,457.89,1,-1,-1,-1
247,82,0.29,619.64,148.27,299.53,1,-1,-1,-1
247,83,232.03,563.47,301.54,367.50,1,-1,-1,-1
247,84,1476.46,507.07,203.81,433.72,1,-1,-1,-1
247,89,900.70,396.65,280.14,557.12,1,-1,-1,-1
247,90,1253.57,488.33,409.72,481.86,1,-1,-1,-1
247,91,1269.09,533.72,257.78,406.13,1,-1,-1,-1
247,92,644.96,414.54,227.08,516.92,1,-1,-1,-1
247,93,326.25,617.10,187.99,290.40,1,-1,-1,-1
247,94,1751.98,406.83,168.02,500.96,1,-1,-1,-1
247,96,676.66,594.57,230.42,338.65,1,-1,-1,-1
247,97,103.53,588.19,236.31,338.71,1,-1,-1,-1
247,98,353.26,563.23,243.58,344.10,1,-1,-1,-1
247,99,988.29,506.96,300.10,464.16,1,-1,-1,-1
247,100,1161.43,527.46,194.80,394.67,1,-1,-1,-1
247,101,1374.84,480.65,291.32,483.54,1,-1,-1,-1
248,39,1073.10,501.62,251.47,440.49,1,-1,-1,-1
248,48,1216.66,587.49,246.24,381.90,1,-1,-1,-1
248,52,1841.36,525.95,78.64,378.54,1,-1,-1,-1
248,54,211.47,557.51,354.40,379.10,1,-1,-1,-1
248,61,848.19,547.01,279.64,379.78,1,-1,-1,-1
248,65,1547.87,371.38,371.59,632.98,1,-1,-1,-1
248,66,1080.19,371.04,275.41,594.58,1,-1,-1,-1
248,76,1748.06,500.22,171.94,511.47,1,-1,-1,-1
248,81,515.00,497.04,385.98,455.82,1,-1,-1,-1
248,82,0.39,612.28,150.56,307.21,1,-1,-1,-1
248,83,232.03,563.47,301.54,367.50,1,-1,-1,-1
248,84,1476.46,507.07,203.81,433.72,1,-1,-1,-1
248,89,900.70,396.65,280.14,557.12,1,-1,-1,-1
248,90,1282.93,513.21,363.32,454.75,1,-1,-1,-1
248,91,1269.09,533.72,257.78,406.13,1,-1,-1,-1
248,92,644.96,414.54,227.08,516.92,1,-1,-1,-1
248,93,326.25,617.10,187.99,290.40,1,-1,-1,-1
248,94,1751.98,406.83,168.02,500.96,1,-1,-1,-1
248,96,676.66,594.57,230.42,338.65,1,-1,-1,-1
248,97,104.31,582.34,243.97,345.21,1,-1,-1,-1
248,98,353.26,563.23,243.58,344.10,1,-1,-1,-1
248,99,1010.00,496.52,263.62,465.05,1,-1,-1,-1
248,100,1161.43,527.46,194.80,394.67,1,-1,-1,-1
248,101,1416.28,474.97,250.42,492.83,1,-1,-1,-1
249,39,1079.24,482.07,219.29,457.01,1,-1,-1,-1
249,48,1216.66,587.49,246.24,381.90,1,-1,-1,-1
249,52,1841.36,525.95,78.64,378.54,1,-1,-1,-1
249,54,256.93,550.41,282.05,384.01,1,-1,-1,-1
249,61,824.60,541.85,300.71,387.79,1,-1,-1,-1
249,65,1547.87,371.38,371.59,632.98,1,-1,-1,-1
249,66,1080.19,371.04,275.41,594.58,1,-1,-1,-1
249,76,1748.06,500.22,171.94,511.47,1,-1,-1,-1
249,81,515.00,497.04,385.98,455.82,1,-1,-1,-1
249,82,0.21,620.90,142.39,297.80,1,-1,-1,-1
249,83,232.03,563.47,301.54,367.50,1,-1,-1,-1
249,84,1386.26,467.44,277.57,492.49,1,-1,-1,-1
249,89,900.70,396.65,280.14,557.12,1,-1,-1,-1
249,90,1313.38,504.70,307.76,458.85,1,-1,-1,-1
249,91,1269.09,533.72,257.78,406.13,1,-1,-1,-1
249,92,644.96,414.54,227.08,516.92,1,-1,-1,-1
249,93,326.25,617.10,187.99,290.40,1,-1,-1,-1
249,94,1751.98,406.83,168.02,500.96,1,-1,-1,-1
249,96,676.66,594.57,230.42,338.65,1,-1,-1,-1
249,97,117.95,573.67,241.73,354.79,1,-1,-1,-1
249,98,353.26,563.23,243.58,344.10,1,-1,-1,-1
249,99,1023.51,506.67,245.19,451.44,1,-1,-1,-1
249,100,1161.43,527.46,194.80,394.67,1,-1,-1,-1
249,101,1405.44,462.50,258.60,499.05,1,-1,-1,-1
249,102,1806.95,521.09,113.03,489.69,1,-1,-1,-1
249,103,552.06,488.67,346.37,456.18,1,-1,-1,-1
250,39,1070.31,470.24,218.68,471.16,1,-1,-1,-1
250,48,1216.66,587.49,246.24,381.90,1,-1,-1,-1
250,54,271.29,545.11,256.20,389.75,1,-1,-1,-1
250,61,790.11,531.92,334.80,416.59,1,-1,-1,-1
250,65,1547.87,371.38,371.59,632.98,1,-1,-1,-1
250,66,1080.19,371.04,275.41,594.58,1,-1,-1,-1
250,76,1748.06,500.22,171.94,511.47,1,-1,-1,-1
250,81,558.42,478.99,351.41,465.72,1,-1,-1,-1
250,82,0.16,608.60,140.35,311.99,1,-1,-1,-1
250,83,232.03,563.47,301.54,367.50,1,-1,-1,-1
250,84,1353.78,447.41,316.13,521.52,1,-1,-1,-1
250,89,900.70,396.65,280.14,557.12,1,-1,-1,-1
250,90,1346.95,516.13,264.40,450.28,1,-1,-1,-1
250,91,1269.09,533.72,257.78,406.13,1,-1,-1,-1
250,92,644.96,414.54,227.08,516.92,1,-1,-1,-1
250,93,326.25,617.10,187.99,290.40,1,-1,-1,-1
250,94,1751.98,406.83,168.02,500.96,1,-1,-1,-1
250,96,676.66,594.57,230.42,338.65,1,-1,-1,-1
250,97,140.32,568.31,208.55,359.33,1,-1,-1,-1
250,98,353.26,563.23,243.58,344.10,1,-1,-1,-1
250,99,1036.29,492.68,235.51,467.24,1,-1,-1,-1
250,100,1161.43,527.46,194.80,394.67,1,-1,-1,-1
250,101,1405.44,462.50,258.60,499.05,1,-1,-1,-1
250,102,1829.34,532.25,90.43,479.88,1,-1,-1,-1
250,103,552.06,488.67,346.37,456.18,1,-1,-1,-1
251,39,1070.31,470.24,218.68,471.16,1,-1,-1,-1
251,48,1216.66,587.49,246.24,381.90,1,-1,-1,-1
251,54,292.94,527.53,231.61,412.09,1,-1,-1,-1
251,61,793.96,511.37,266.81,421.62,1,-1,-1,-1
251,65,1547.87,371.38,371.59,632.98,1,-1,-1,-1
251,66,1080.19,371.04,275.41,594.58,1,-1,-1,-1
251,76,1748.06,500.22,171.94,511.47,1,-1,-1,-1
251,81,590.14,523.47,208.81,411.22,1,-1,-1,-1
251,82,0.17,578.08,120.96,339.48,1,-1,-1,-1
251,83,287.65,548.11,185.78,374.25,1,-1,-1,-1
251,84,1425.79,418.91,230.72,548.92,1,-1,-1,-1
251,89,900.70,396.65,280.14,557.12,1,-1,-1,-1
251,90,1346.95,516.13,264.40,450.28,1,-1,-1,-1
251,91,1269.09,533.72,257.78,406.13,1,-1,-1,-1
251,92,644.96,414.54,227.08,516.92,1,-1,-1,-1
251,93,326.25,617.10,187.99,290.40,1,-1,-1,-1
251,94,1751.98,406.83,168.02,500.96,1,-1,-1,-1
251,96,676.66,594.57,230.42,338.65,1,-1,-1,-1
251,97,152.99,552.25,181.04,371.61,1,-1,-1,-1
251,98,353.26,563.23,243.58,344.10,1,-1,-1,-1
251,99,1050.19,444.58,217.91,514.65,1,-1,-1,-1
251,100,1161.43,527.46,194.80,394.67,1,-1,-1,-1
251,101,1405.44,462.50,258.60,499.05,1,-1,-1,-1
251,102,1858.03,526.14,61.95,485.47,1,-1,-1,-1
251,103,593.47,462.30,291.32,481.99,1,-1,-1,-1
252,39,1070.31,470.24,218.68,471.16,1,-1,-1,-1
252,48,1216.66,587.49,246.24,381.90,1,-1,-1,-1
252,54,311.70,512.85,210.20,420.16,1,-1,-1,-1
252,61,793.10,497.19,226.65,431.09,1,-1,-1,-1
252,65,1547.87,371.38,371.59,632.98,1,-1,-1,-1
252,66,1080.19,371.04,275.41,594.58,1,-1,-1,-1
252,76,1748.06,500.22,171.94,511.47,1,-1,-1,-1
252,81,590.14,523.47,208.81,411.22,1,-1,-1,-1
252,82,0.14,564.75,111.02,352.15,1,-1,-1,-1
252,83,303.50,539.24,151.01,386.47,1,-1,-1,-1
252,84,1436.69,404.11,222.02,565.53,1,-1,-1,-1
252,89,900.70,396.65,280.14,557.12,1,-1,-1,-1
252,90,1346.95,516.13,264.40,450.28,1,-1,-1,-1
252,91,1269.09,533.72,257.78,406.13,1,-1,-1,-1
252,92,644.96,414.54,227.08,516.92,1,-1,-1,-1
252,93,326.25,617.10,187.99,290.40,1,-1,-1,-1
252,94,1751.98,406.83,168.02,500.96,1,-1,-1,-1
252,96,676.66,594.57,230.42,338.65,1,-1,-1,-1
252,97,151.15,545.12,179.29,376.45,1,-1,-1,-1
252,98,353.26,563.23,243.58,344.10,1,-1,-1,-1
252,99,1050.76,423.08,210.37,533.06,1,-1,-1,-1
252,100,1161.43,527.46,194.80,394.67,1,-1,-1,-1
252,101,1405.44,462.50,258.60,499.05,1,-1,-1,-1
252,102,1874.84,451.67,45.16,562.34,1,-1,-1,-1
252,103,627.03,453.07,251.30,488.10,1,-1,-1,-1
252,104,577.41,524.81,205.29,402.35,1,-1,-1,-1
253,39,1070.31,470.24,218.68,471.16,1,-1,-1,-1
253,48,1216.66,587.49,246.24,381.90,1,-1,-1,-1
253,54,332.78,504.92,185.80,425.21,1,-1,-1,-1
253,61,794.23,489.90,205.19,440.14,1,-1,-1,-1
253,65,1547.87,371.38,371.59,632.98,1,-1,-1,-1
253,66,1080.19,371.04,275.41,594.58,1,-1,-1,-1
253,76,1748.06,500.22,171.94,511.47,1,-1,-1,-1
253,81,590.14,523.47,208.81,411.22,1,-1,-1,-1
253,82,0.01,555.60,107.45,354.26,1,-1,-1,-1
253,83,298.82,531.15,146.58,386.64,1,-1,-1,-1
253,84,1438.43,394.84,228.29,571.61,1,-1,-1,-1
253,89,900.70,396.65,280.14,557.12,1,-1,-1,-1
253,90,1346.95,516.13,264.40,450.28,1,-1,-1,-1
253,91,1269.09,533.72,257.78,406.13,1,-1,-1,-1
253,92,644.96,414.54,227.08,516.92,1,-1,-1,-1
253,93,326.25,617.10,187.99,290.40,1,-1,-1,-1
253,94,1751.98,406.83,168.02,500.96,1,-1,-1,-1
253,96,676.66,594.57,230.42,338.65,1,-1,-1,-1
253,97,171.01,541.39,153.77,375.98,1,-1,-1,-1
253,98,353.26,563.23,243.58,344.10,1,-1,-1,-1
253,99,1039.90,417.58,218.51,536.13,1,-1,-1,-1
253,100,1161.43,527.46,194.80,394.67,1,-1,-1,-1
253,101,1405.44,462.50,258.60,499.05,1,-1,-1,-1
253,102,1874.84,451.67,45.16,562.34,1,-1,-1,-1
253,103,667.26,443.13,208.87,488.50,1,-1,-1,-1
253,104,543.90,515.09,219.43,414.81,1,-1,-1,-1
254,39,1070.31,470.24,218.68,471.16,1,-1,-1,-1
254,48,1216.66,587.49,246.24,381.90,1,-1,-1,-1
254,54,338.23,500.54,178.08,429.03,1,-1,-1,-1
254,61,802.60,481.67,185.33,438.76,1,-1,-1,-1
254,65,1547.87,371.38,371.59,632.98,1,-1,-1,-1
254,76,1748.06,500.22,171.94,511.47,1,-1,-1,-1
254,81,590.14,523.47,208.81,411.22,1,-1,-1,-1
254,82,0.00,550.37,107.32,351.87,1,-1,-1,-1
254,83,297.84,527.77,146.05,385.17,1,-1,-1,-1
254,84,1442.74,390.74,241.93,575.23,1,-1,-1,-1
254,89,900.70,396.65,280.14,557.12,1,-1,-1,-1
254,90,1346.95,516.13,264.40,450.28,1,-1,-1,-1
254,91,1269.09,533.72,257.78,406.13,1,-1,-1,-1
254,92,644.96,414.54,227.08,516.92,1,-1,-1,-1
254,93,326.25,617.10,187.99,290.40,1,-1,-1,-1
254,94,1751.98,406.83,168.02,500.96,1,-1,-1,-1
254,96,676.66,594.57,230.42,338.65,1,-1,-1,-1
254,97,177.92,540.98,145.65,375.39,1,-1,-1,-1
254,98,353.26,563.23,243.58,344.10,1,-1,-1,-1
254,99,1042.55,412.30,213.45,536.55,1,-1,-1,-1
254,100,1161.43,527.46,194.80,394.67,1,-1,-1,-1
254,101,1405.44,462.50,258.60,499.05,1,-1,-1,-1
254,102,1874.84,451.67,45.16,562.34,1,-1,-1,-1
254,103,687.35,435.69,189.52,488.05,1,-1,-1,-1
254,104,526.24,509.70,233.16,416.22,1,-1,-1,-1
254,106,114.04,633.60,146.05,270.34,1,-1,-1,-1
255,39,1070.31,470.24,218.68,471.16,1,-1,-1,-1
255,48,1216.66,587.49,246.24,381.90,1,-1,-1,-1
255,54,348.24,499.59,165.00,429.53,1,-1,-1,-1
255,61,797.12,478.53,182.30,436.59,1,-1,-1,-1
255,65,1547.87,371.38,371.59,632.98,1,-1,-1,-1
255,76,1748.06,500.22,171.94,511.47,1,-1,-1,-1
255,81,590.14,523.47,208.81,411.22,1,-1,-1,-1
255,82,0.01,545.44,102.41,368.05,1,-1,-1,-1
255,83,280.99,526.38,162.37,386.47,1,-1,-1,-1
255,84,1484.13,390.78,234.43,569.83,1,-1,-1,-1
255,89,900.70,396.65,280.14,557.12,1,-1,-1,-1
255,90,1433.70,454.57,202.41,501.19,1,-1,-1,-1
255,91,1269.09,533.72,257.78,406.13,1,-1,-1,-1
255,92,644.96,414.54,227.08,516.92,1,-1,-1,-1
255,93,326.25,617.10,187.99,290.40,1,-1,-1,-1
255,94,1751.98,406.83,168.02,500.96,1,-1,-1,-1
255,96,676.66,594.57,230.42,338.65,1,-1,-1,-1
255,97,160.83,543.45,166.13,375.94,1,-1,-1,-1
255,98,353.26,563.23,243.58,344.10,1,-1,-1,-1
255,99,1042.55,412.30,213.45,536.55,1,-1,-1,-1
255,100,1161.43,527.46,194.80,394.67,1,-1,-1,-1
255,101,1405.44,462.50,258.60,499.05,1,-1,-1,-1
255,102,1874.84,451.67,45.16,562.34,1,-1,-1,-1
255,103,697.58,431.68,183.09,500.50,1,-1,-1,-1
255,104,516.37,501.02,221.00,425.09,1,-1,-1,-1
255,105,1878.22,408.69,41.78,543.29,1,-1,-1,-1
255,106,91.10,625.11,147.97,277.14,1,-1,-1,-1
256,39,1057.18,485.22,170.75,452.34,1,-1,-1,-1
256,48,1216.66,587.49,246.24,381.90,1,-1,-1,-1
256,54,348.57,501.07,162.51,433.72,1,-1,-1,-1
256,61,795.00,481.62,169.41,449.04,1,-1,-1,-1
256,65,1547.87,371.38,371.59,632.98,1,-1,-1,-1
256,76,1748.06,500.22,171.94,511.47,1,-1,-1,-1
256,81,590.14,523.47,208.81,411.22,1,-1,-1,-1
256,82,0.00,538.61,101.03,376.50,1,-1,-1,-1
256,83,269.43,539.99,158.36,373.39,1,-1,-1,-1
256,84,1496.20,397.45,220.89,563.93,1,-1,-1,-1
256,90,1441.49,436.26,198.90,521.04,1,-1,-1,-1
256,91,1269.09,533.72,257.78,406.13,1,-1,-1,-1
256,92,644.96,414.54,227.08,516.92,1,-1,-1,-1
256,93,326.25,617.10,187.99,290.40,1,-1,-1,-1
256,94,1751.98,406.83,168.02,500.96,1,-1,-1,-1
256,96,676.66,594.57,230.42,338.65,1,-1,-1,-1
256,97,177.22,546.99,150.98,374.24,1,-1,-1,-1
256,98,353.26,563.23,243.58,344.10,1,-1,-1,-1
256,99,1057.63,427.68,203.69,521.54,1,-1,-1,-1
256,100,1161.43,527.46,194.80,394.67,1,-1,-1,-1
256,101,1405.44,462.50,258.60,499.05,1,-1,-1,-1
256,102,1874.84,451.67,45.16,562.34,1,-1,-1,-1
256,103,695.71,435.33,203.67,504.81,1,-1,-1,-1
256,104,516.21,488.41,222.31,440.03,1,-1,-1,-1
256,105,1860.28,373.68,59.72,567.91,1,-1,-1,-1
256,106,65.94,606.64,181.16,301.89,1,-1,-1,-1
257,39,1050.52,512.95,165.31,422.17,1,-1,-1,-1
257,48,1216.66,587.49,246.24,381.90,1,-1,-1,-1
257,54,347.31,501.59,165.82,431.20,1,-1,-1,-1
257,61,792.10,489.18,164.67,443.18,1,-1,-1,-1
257,65,1547.87,371.38,371.59,632.98,1,-1,-1,-1
257,76,1748.06,500.22,171.94,511.47,1,-1,-1,-1
257,81,590.14,523.47,208.81,411.22,1,-1,-1,-1
257,82,0.00,534.76,99.46,379.15,1,-1,-1,-1
257,83,270.35,542.64,151.85,369.08,1,-1,-1,-1
257,84,1495.37,394.52,225.94,567.41,1,-1,-1,-1
257,90,1442.48,433.61,203.26,523.66,1,-1,-1,-1
257,91,1269.09,533.72,257.78,406.13,1,-1,-1,-1
257,93,326.25,617.10,187.99,290.40,1,-1,-1,-1
257,94,1751.98,406.83,168.02,500.96,1,-1,-1,-1
257,96,676.66,594.57,230.42,338.65,1,-1,-1,-1
257,97,186.20,546.88,145.69,374.89,1,-1,-1,-1
257,98,353.26,563.23,243.58,344.10,1,-1,-1,-1
257,99,1058.80,425.88,207.17,522.09,1,-1,-1,-1
257,100,1161.43,527.46,194.80,394.67,1,-1,-1,-1
257,101,1405.44,462.50,258.60,499.05,1,-1,-1,-1
257,102,1874.84,451.67,45.16,562.34,1,-1,-1,-1
257,103,711.24,438.35,189.85,502.69,1,-1,-1,-1
257,104,514.72,487.27,205.89,432.24,1,-1,-1,-1
257,105,1856.64,374.18,63.36,540.24,1,-1,-1,-1
257,106,57.06,599.80,183.05,310.50,1,-1,-1,-1
258,39,1047.74,513.17,162.29,422.04,1,-1,-1,-1
258,48,1216.66,587.49,246.24,381.90,1,-1,-1,-1
258,54,350.38,500.61,160.79,432.38,1,-1,-1,-1
258,61,794.46,492.59,153.30,438.49,1,-1,-1,-1
258,65,1547.87,371.38,371.59,632.98,1,-1,-1,-1
258,76,1748.06,500.22,171.94,511.47,1,-1,-1,-1
258,81,590.14,523.47,208.81,411.22,1,-1,-1,-1
258,82,0.00,534.02,97.63,379.12,1,-1,-1,-1
258,83,268.14,546.40,142.50,366.28,1,-1,-1,-1
258,84,1477.66,388.95,236.34,573.73,1,-1,-1,-1
258,90,1443.86,434.54,201.42,520.65,1,-1,-1,-1
258,91,1269.09,533.72,257.78,406.13,1,-1,-1,-1
258,93,326.25,617.10,187.99,290.40,1,-1,-1,-1
258,96,676.66,594.57,230.42,338.65,1,-1,-1,-1
258,97,188.62,546.64,142.38,374.22,1,-1,-1,-1
258,98,353.26,563.23,243.58,344.10,1,-1,-1,-1
258,99,1080.74,422.20,188.54,523.94,1,-1,-1,-1
258,100,1161.43,527.46,194.80,394.67,1,-1,-1,-1
258,101,1405.44,462.50,258.60,499.05,1,-1,-1,-1
258,102,1874.84,451.67,45.16,562.34,1,-1,-1,-1
258,103,715.16,437.63,182.72,500.98,1,-1,-1,-1
258,104,497.58,490.71,202.10,425.19,1,-1,-1,-1
258,105,1862.97,369.62,57.03,540.74,1,-1,-1,-1
258,106,57.89,599.59,167.33,309.92,1,-1,-1,-1
259,39,1047.74,513.17,162.29,422.04,1,-1,-1,-1
259,48,1216.66,587.49,246.24,381.90,1,-1,-1,-1
259,54,357.37,498.11,157.60,434.39,1,-1,-1,-1
259,61,787.66,491.56,154.53,439.58,1,-1,-1,-1
259,65,1547.87,371.38,371.59,632.98,1,-1,-1,-1
259,76,1748.06,500.22,171.94,511.47,1,-1,-1,-1
259,81,590.14,523.47,208.81,411.22,1,-1,-1,-1
259,82,0.08,531.55,95.79,382.87,1,-1,-1,-1
259,83,264.90,546.06,144.94,366.65,1,-1,-1,-1
259,84,1488.06,386.87,225.23,573.59,1,-1,-1,-1
259,90,1448.34,433.28,195.59,521.60,1,-1,-1,-1
259,91,1269.09,533.72,257.78,406.13,1,-1,-1,-1
259,93,326.25,617.10,187.99,290.40,1,-1,-1,-1
259,96,676.66,594.57,230.42,338.65,1,-1,-1,-1
259,97,189.89,546.29,140.24,374.62,1,-1,-1,-1
259,98,353.26,563.23,243.58,344.10,1,-1,-1,-1
259,99,1074.63,422.53,197.41,524.19,1,-1,-1,-1
259,100,1161.43,527.46,194.80,394.67,1,-1,-1,-1
259,101,1405.44,462.50,258.60,499.05,1,-1,-1,-1
259,102,1874.84,451.67,45.16,562.34,1,-1,-1,-1
259,103,718.49,436.58,186.27,501.58,1,-1,-1,-1
259,104,464.34,492.38,214.00,430.02,1,-1,-1,-1
259,105,1870.86,361.56,49.14,553.38,1,-1,-1,-1
259,106,59.33,596.81,154.54,312.30,1,-1,-1,-1
260,39,1047.74,513.17,162.29,422.04,1,-1,-1,-1
260,48,1216.66,587.49,246.24,381.90,1,-1,-1,-1
260,54,359.26,496.59,161.74,435.15,1,-1,-1,-1
260,61,785.46,490.87,146.57,434.96,1,-1,-1,-1
260,65,1547.87,371.38,371.59,632.98,1,-1,-1,-1
260,76,1748.06,500.22,171.94,511.47,1,-1,-1,-1
260,81,590.14,523.47,208.81,411.22,1,-1,-1,-1
260,82,0.04,531.01,93.75,382.44,1,-1,-1,-1
260,83,259.12,543.75,142.41,368.67,1,-1,-1,-1
260,84,1487.40,386.06,225.18,573.72,1,-1,-1,-1
260,90,1450.19,433.87,190.32,520.03,1,-1,-1,-1
260,91,1269.09,533.72,257.78,406.13,1,-1,-1,-1
260,93,326.25,617.10,187.99,290.40,1,-1,-1,-1
260,96,676.66,594.57,230.42,338.65,1,-1,-1,-1
260,97,192.88,546.87,137.23,373.74,1,-1,-1,-1
260,98,353.26,563.23,243.58,344.10,1,-1,-1,-1
260,99,1052.26,420.51,226.43,524.92,1,-1,-1,-1
260,100,1161.43,527.46,194.80,394.67,1,-1,-1,-1
260,101,1405.44,462.50,258.60,499.05,1,-1,-1,-1
260,102,1874.84,451.67,45.16,562.34,1,-1,-1,-1
260,103,720.39,435.83,183.10,503.01,1,-1,-1,-1
260,104,451.54,499.04,208.99,422.18,1,-1,-1,-1
260,105,1871.81,358.15,48.19,557.02,1,-1,-1,-1
260,106,57.74,595.58,150.12,312.65,1,-1,-1,-1
260,107,1047.15,466.68,188.02,470.35,1,-1,-1,-1
261,39,1047.71,481.90,176.53,456.11,1,-1,-1,-1
261,48,1216.66,587.49,246.24,381.90,1,-1,-1,-1
261,54,362.45,493.44,156.95,438.71,1,-1,-1,-1
261,61,785.46,490.87,146.57,434.96,1,-1,-1,-1
261,65,1547.87,371.38,371.59,632.98,1,-1,-1,-1
261,76,1748.06,500.22,171.94,511.47,1,-1,-1,-1
261,81,590.14,523.47,208.81,411.22,1,-1,-1,-1
261,82,0.00,532.15,90.14,382.16,1,-1,-1,-1
261,83,257.44,542.35,137.19,370.73,1,-1,-1,-1
261,84,1475.50,385.46,235.34,575.79,1,-1,-1,-1
261,90,1449.71,430.79,192.74,522.78,1,-1,-1,-1
261,91,1269.09,533.72,257.78,406.13,1,-1,-1,-1
261,93,326.25,617.10,187.99,290.40,1,-1,-1,-1
261,96,676.66,594.57,230.42,338.65,1,-1,-1,-1
261,97,196.61,545.59,134.12,374.74,1,-1,-1,-1
261,98,353.26,563.23,243.58,344.10,1,-1,-1,-1
261,99,1052.53,420.84,227.42,524.57,1,-1,-1,-1
261,100,1161.43,527.46,194.80,394.67,1,-1,-1,-1
261,101,1405.44,462.50,258.60,499.05,1,-1,-1,-1
261,102,1874.84,451.67,45.16,562.34,1,-1,-1,-1
261,103,728.58,441.05,187.69,498.54,1,-1,-1,-1
261,104,455.30,503.83,176.63,419.79,1,-1,-1,-1
261,105,1871.98,346.69,48.02,582.03,1,-1,-1,-1
261,106,53.28,595.08,141.71,313.51,1,-1,-1,-1
261,107,1060.00,429.61,215.07,518.27,1,-1,-1,-1
262,39,1047.82,482.16,170.25,455.00,1,-1,-1,-1
262,48,1216.66,587.49,246.24,381.90,1,-1,-1,-1
262,54,363.84,494.40,159.10,436.69,1,-1,-1,-1
262,61,785.46,490.87,146.57,434.96,1,-1,-1,-1
262,65,1547.87,371.38,371.59,632.98,1,-1,-1,-1
262,76,1748.06,500.22,171.94,511.47,1,-1,-1,-1
262,81,590.14,523.47,208.81,411.22,1,-1,-1,-1
262,82,0.00,532.89,89.29,380.74,1,-1,-1,-1
262,83,257.04,542.48,132.30,370.19,1,-1,-1,-1
262,84,1461.15,384.03,254.20,578.71,1,-1,-1,-1
262,90,1448.55,424.34,208.28,530.51,1,-1,-1,-1
262,91,1269.09,533.72,257.78,406.13,1,-1,-1,-1
262,93,326.25,617.10,187.99,290.40,1,-1,-1,-1
262,96,676.66,594.57,230.42,338.65,1,-1,-1,-1
262,97,195.92,545.12,135.77,374.93,1,-1,-1,-1
262,98,353.26,563.23,243.58,344.10,1,-1,-1,-1
262,99,1052.53,420.84,227.42,524.57,1,-1,-1,-1
262,100,1161.43,527.46,194.80,394.67,1,-1,-1,-1
262,101,1405.44,462.50,258.60,499.05,1,-1,-1,-1
262,102,1874.84,451.67,45.16,562.34,1,-1,-1,-1
262,103,733.26,438.40,183.44,500.86,1,-1,-1,-1
262,104,458.49,505.10,165.68,418.97,1,-1,-1,-1
262,105,1867.84,348.32,52.16,579.61,1,-1,-1,-1
262,106,50.38,592.30,142.37,317.58,1,-1,-1,-1
262,107,1074.78,422.36,199.09,525.51,1,-1,-1,-1
263,39,1047.66,466.19,175.28,471.34,1,-1,-1,-1
263,48,1216.66,587.49,246.24,381.90,1,-1,-1,-1
263,54,365.37,494.78,164.04,436.50,1,-1,-1,-1
263,61,785.46,490.87,146.57,434.96,1,-1,-1,-1
263,65,1547.87,371.38,371.59,632.98,1,-1,-1,-1
263,76,1748.06,500.22,171.94,511.47,1,-1,-1,-1
263,81,590.14,523.47,208.81,411.22,1,-1,-1,-1
263,82,0.06,533.42,90.42,380.05,1,-1,-1,-1
263,83,254.75,542.23,132.54,370.82,1,-1,-1,-1
263,84,1452.94,383.15,257.69,581.58,1,-1,-1,-1
263,90,1447.90,419.44,212.83,533.81,1,-1,-1,-1
263,93,326.25,617.10,187.99,290.40,1,-1,-1,-1
263,96,676.66,594.57,230.42,338.65,1,-1,-1,-1
263,97,193.42,545.64,141.19,374.60,1,-1,-1,-1
263,98,353.26,563.23,243.58,344.10,1,-1,-1,-1
263,99,1052.20,421.54,218.50,523.90,1,-1,-1,-1
263,100,1161.43,527.46,194.80,394.67,1,-1,-1,-1
263,101,1405.44,462.50,258.60,499.05,1,-1,-1,-1
263,102,1874.84,451.67,45.16,562.34,1,-1,-1,-1
263,103,734.81,439.99,183.03,498.30,1,-1,-1,-1
263,104,459.31,501.75,157.55,421.09,1,-1,-1,-1
263,105,1866.79,344.22,53.21,596.26,1,-1,-1,-1
263,106,50.03,590.55,156.72,319.09,1,-1,-1,-1
263,107,1061.48,423.36,207.62,525.37,1,-1,-1,-1
264,39,1048.82,495.20,162.44,442.11,1,-1,-1,-1
264,48,1216.66,587.49,246.24,381.90,1,-1,-1,-1
264,54,362.25,493.97,170.44,435.50,1,-1,-1,-1
264,61,785.46,490.87,146.57,434.96,1,-1,-1,-1
264,65,1547.87,371.38,371.59,632.98,1,-1,-1,-1
264,76,1748.06,500.22,171.94,511.47,1,-1,-1,-1
264,81,590.14,523.47,208.81,411.22,1,-1,-1,-1
264,82,0.09,534.21,88.53,379.31,1,-1,-1,-1
264,83,250.98,540.70,135.43,370.80,1,-1,-1,-1
264,84,1452.74,383.20,256.34,583.52,1,-1,-1,-1
264,90,1446.78,413.93,207.84,536.32,1,-1,-1,-1
264,93,326.25,617.10,187.99,290.40,1,-1,-1,-1
264,96,676.66,594.57,230.42,338.65,1,-1,-1,-1
264,97,195.53,546.27,142.70,373.71,1,-1,-1,-1
264,98,353.26,563.23,243.58,344.10,1,-1,-1,-1
264,99,1052.20,421.54,218.50,523.90,1,-1,-1,-1
264,100,1161.43,527.46,194.80,394.67,1,-1,-1,-1
264,101,1405.44,462.50,258.60,499.05,1,-1,-1,-1
264,102,1874.84,451.67,45.16,562.34,1,-1,-1,-1
264,103,732.74,440.57,190.12,499.51,1,-1,-1,-1
264,104,455.93,500.18,167.63,423.45,1,-1,-1,-1
264,105,1866.02,344.03,53.94,596.32,1,-1,-1,-1
264,106,50.59,590.67,165.44,318.36,1,-1,-1,-1
264,107,1066.97,423.40,199.16,525.69,1,-1,-1,-1
265,39,1047.16,498.49,166.87,434.19,1,-1,-1,-1
265,48,1216.66,587.49,246.24,381.90,1,-1,-1,-1
265,54,363.83,494.69,173.79,435.81,1,-1,-1,-1
265,61,785.46,490.87,146.57,434.96,1,-1,-1,-1
265,65,1547.87,371.38,371.59,632.98,1,-1,-1,-1
265,76,1748.06,500.22,171.94,511.47,1,-1,-1,-1
265,81,590.14,523.47,208.81,411.22,1,-1,-1,-1
265,82,0.08,533.78,87.98,378.79,1,-1,-1,-1
265,83,247.51,537.92,139.08,374.08,1,-1,-1,-1
265,84,1449.64,382.98,257.29,584.72,1,-1,-1,-1
265,90,1446.29,398.95,212.29,553.42,1,-1,-1,-1
265,93,326.25,617.10,187.99,290.40,1,-1,-1,-1
265,96,676.66,594.57,230.42,338.65,1,-1,-1,-1
265,97,195.98,545.86,144.56,374.11,1,-1,-1,-1
265,98,353.26,563.23,243.58,344.10,1,-1,-1,-1
265,99,1051.03,420.69,215.92,525.88,1,-1,-1,-1
265,100,1161.43,527.46,194.80,394.67,1,-1,-1,-1
265,101,1405.44,462.50,258.60,499.05,1,-1,-1,-1
265,102,1874.84,451.67,45.16,562.34,1,-1,-1,-1
265,103,731.04,440.83,200.49,499.91,1,-1,-1,-1
265,104,445.52,496.62,190.06,429.64,1,-1,-1,-1
265,105,1845.23,338.83,74.77,600.17,1,-1,-1,-1
265,106,44.84,590.37,172.04,319.61,1,-1,-1,-1
265,107,1066.97,423.40,199.16,525.69,1,-1,-1,-1
266,39,1047.16,498.49,166.87,434.19,1,-1,-1,-1
266,48,1216.66,587.49,246.24,381.90,1,-1,-1,-1
266,54,362.58,493.51,195.68,436.25,1,-1,-1,-1
266,61,785.46,490.87,146.57,434.96,1,-1,-1,-1
266,76,1748.06,500.22,171.94,511.47,1,-1,-1,-1
266,81,590.14,523.47,208.81,411.22,1,-1,-1,-1
266,82,0.12,534.75,89.76,377.57,1,-1,-1,-1
266,83,240.68,539.10,163.41,373.98,1,-1,-1,-1
266,84,1441.47,382.21,244.56,586.56,1,-1,-1,-1
266,90,1446.29,398.95,212.29,553.42,1,-1,-1,-1
266,93,326.25,617.10,187.99,290.40,1,-1,-1,-1
266,96,676.66,594.57,230.42,338.65,1,-1,-1,-1
266,97,187.77,547.55,160.65,370.82,1,-1,-1,-1
266,98,353.26,563.23,243.58,344.10,1,-1,-1,-1
266,99,1024.38,420.54,242.87,528.36,1,-1,-1,-1
266,100,1161.43,527.46,194.80,394.67,1,-1,-1,-1
266,101,1405.44,462.50,258.60,499.05,1,-1,-1,-1
266,102,1874.84,451.67,45.16,562.34,1,-1,-1,-1
266,103,693.98,441.83,250.42,499.91,1,-1,-1,-1
266,104,437.86,493.85,204.64,428.97,1,-1,-1,-1
266,105,1811.76,308.97,108.24,631.11,1,-1,-1,-1
266,106,41.48,582.28,187.95,328.21,1,-1,-1,-1
266,107,1066.97,423.40,199.16,525.69,1,-1,-1,-1
267,39,1047.16,498.49,166.87,434.19,1,-1,-1,-1
267,48,1216.66,587.49,246.24,381.90,1,-1,-1,-1
267,54,366.40,492.82,203.98,437.92,1,-1,-1,-1
267,61,785.46,490.87,146.57,434.96,1,-1,-1,-1
267,76,1748.06,500.22,171.94,511.47,1,-1,-1,-1
267,81,590.14,523.47,208.81,411.22,1,-1,-1,-1
267,82,0.04,534.12,90.66,377.06,1,-1,-1,-1
267,83,242.02,539.05,162.56,373.55,1,-1,-1,-1
267,84,1433.84,380.80,254.18,588.89,1,-1,-1,-1
267,90,1446.29,398.95,212.29,553.42,1,-1,-1,-1
267,93,326.25,617.10,187.99,290.40,1,-1,-1,-1
267,96,676.66,594.57,230.42,338.65,1,-1,-1,-1
267,97,184.95,546.02,166.01,372.18,1,-1,-1,-1
267,98,353.26,563.23,243.58,344.10,1,-1,-1,-1
267,99,1009.31,422.20,264.16,526.00,1,-1,-1,-1
267,100,1161.43,527.46,194.80,394.67,1,-1,-1,-1
267,101,1405.44,462.50,258.60,499.05,1,-1,-1,-1
267,102,1874.84,451.67,45.16,562.34,1,-1,-1,-1
267,103,679.02,439.04,266.24,502.80,1,-1,-1,-1
267,104,427.73,473.22,218.18,448.00,1,-1,-1,-1
267,105,1811.18,330.47,108.82,603.08,1,-1,-1,-1
267,106,44.85,583.66,177.65,324.60,1,-1,-1,-1
267,107,1066.97,423.40,199.16,525.69,1,-1,-1,-1
268,39,1047.16,498.49,166.87,434.19,1,-1,-1,-1
268,54,374.52,491.71,191.34,438.47,1,-1,-1,-1
268,61,785.46,490.87,146.57,434.96,1,-1,-1,-1
268,76,1748.06,500.22,171.94,511.47,1,-1,-1,-1
268,81,590.14,523.47,208.81,411.22,1,-1,-1,-1
268,82,0.10,533.52,98.52,377.18,1,-1,-1,-1
268,83,241.08,539.63,159.67,370.27,1,-1,-1,-1
268,84,1420.08,379.47,269.62,590.47,1,-1,-1,-1
268,90,1446.29,398.95,212.29,553.42,1,-1,-1,-1
268,93,326.25,617.10,187.99,290.40,1,-1,-1,-1
268,96,676.66,594.57,230.42,338.65,1,-1,-1,-1
268,97,187.84,546.36,174.69,371.30,1,-1,-1,-1
268,98,353.26,563.23,243.58,344.10,1,-1,-1,-1
268,99,1013.39,422.53,268.31,525.45,1,-1,-1,-1
268,100,1161.43,527.46,194.80,394.67,1,-1,-1,-1
268,101,1405.44,462.50,258.60,499.05,1,-1,-1,-1
268,102,1874.84,451.67,45.16,562.34,1,-1,-1,-1
268,103,674.71,435.90,273.30,505.15,1,-1,-1,-1
268,104,414.84,464.26,228.34,456.91,1,-1,-1,-1
268,105,1818.52,307.57,101.48,644.79,1,-1,-1,-1
268,106,42.30,574.63,178.56,331.82,1,-1,-1,-1
268,107,1066.97,423.40,199.16,525.69,1,-1,-1,-1
269,39,1047.16,498.49,166.87,434.19,1,-1,-1,-1
269,54,376.52,490.24,206.32,439.87,1,-1,-1,-1
269,61,785.46,490.87,146.57,434.96,1,-1,-1,-1
269,76,1748.06,500.22,171.94,511.47,1,-1,-1,-1
269,81,590.14,523.47,208.81,411.22,1,-1,-1,-1
269,82,0.02,531.93,106.77,379.27,1,-1,-1,-1
269,83,238.44,536.13,172.73,373.97,1,-1,-1,-1
269,84,1414.90,380.35,276.59,589.44,1,-1,-1,-1
269,90,1446.29,398.95,212.29,553.42,1,-1,-1,-1
269,93,326.25,617.10,187.99,290.40,1,-1,-1,-1
269,96,676.66,594.57,230.42,338.65,1,-1,-1,-1
269,97,190.73,547.31,173.20,370.13,1,-1,-1,-1
269,98,353.26,563.23,243.58,344.10,1,-1,-1,-1
269,99,1016.93,422.39,274.41,527.29,1,-1,-1,-1
269,100,1161.43,527.46,194.80,394.67,1,-1,-1,-1
269,101,1405.44,462.50,258.60,499.05,1,-1,-1,-1
269,102,1874.84,451.67,45.16,562.34,1,-1,-1,-1
269,103,676.49,436.65,274.82,504.47,1,-1,-1,-1
269,104,418.83,466.19,224.96,457.29,1,-1,-1,-1
269,105,1824.58,377.35,95.33,580.82,1,-1,-1,-1
269,106,37.25,573.69,184.44,333.79,1,-1,-1,-1
269,107,1066.97,423.40,199.16,525.69,1,-1,-1,-1
269,108,377.27,464.75,266.52,466.38,1,-1,-1,-1
270,39,1047.16,498.49,166.87,434.19,1,-1,-1,-1
270,54,375.46,491.35,220.61,439.01,1,-1,-1,-1
270,61,785.46,490.87,146.57,434.96,1,-1,-1,-1
270,76,1748.06,500.22,171.94,511.47,1,-1,-1,-1
270,81,590.14,523.47,208.81,411.22,1,-1,-1,-1
270,82,0.00,529.97,120.73,382.19,1,-1,-1,-1
270,83,228.12,530.86,184.57,380.83,1,-1,-1,-1
270,84,1416.10,383.43,278.93,586.02,1,-1,-1,-1
270,90,1446.29,398.95,212.29,553.42,1,-1,-1,-1
270,93,326.25,617.10,187.99,290.40,1,-1,-1,-1
270,96,676.66,594.57,230.42,338.65,1,-1,-1,-1
270,97,194.53,536.21,170.69,379.36,1,-1,-1,-1
270,98,353.26,563.23,243.58,344.10,1,-1,-1,-1
270,99,1019.13,424.92,288.77,527.08,1,-1,-1,-1
270,100,1161.43,527.46,194.80,394.67,1,-1,-1,-1
270,101,1405.44,462.50,258.60,499.05,1,-1,-1,-1
270,102,1874.84,451.67,45.16,562.34,1,-1,-1,-1
270,103,681.58,439.73,270.56,500.61,1,-1,-1,-1
270,104,406.13,468.96,237.87,455.28,1,-1,-1,-1
270,105,1807.64,327.24,112.35,604.35,1,-1,-1,-1
270,106,42.01,574.80,179.81,332.15,1,-1,-1,-1
270,107,1066.97,423.40,199.16,525.69,1,-1,-1,-1
270,108,375.70,474.08,267.40,457.38,1,-1,-1,-1
271,39,1047.16,498.49,166.87,434.19,1,-1,-1,-1
271,54,382.03,469.97,203.53,458.88,1,-1,-1,-1
271,61,785.46,490.87,146.57,434.96,1,-1,-1,-1
271,76,1748.06,500.22,171.94,511.47,1,-1,-1,-1
271,81,590.14,523.47,208.81,411.22,1,-1,-1,-1
271,82,0.00,529.97,120.73,382.19,1,-1,-1,-1
271,83,233.11,532.96,190.44,380.24,1,-1,-1,-1
271,84,1413.72,383.56,332.12,584.52,1,-1,-1,-1
271,90,1446.29,398.95,212.29,553.42,1,-1,-1,-1
271,96,676.66,594.57,230.42,338.65,1,-1,-1,-1
271,97,200.88,522.04,160.83,392.77,1,-1,-1,-1
271,98,353.26,563.23,243.58,344.10,1,-1,-1,-1
271,99,1019.73,421.90,303.84,528.57,1,-1,-1,-1
271,100,1161.43,527.46,194.80,394.67,1,-1,-1,-1
271,101,1405.44,462.50,258.60,499.05,1,-1,-1,-1
271,102,1874.84,451.67,45.16,562.34,1,-1,-1,-1
271,103,691.42,435.75,290.79,506.01,1,-1,-1,-1
271,104,414.75,478.91,226.16,441.78,1,-1,-1,-1
271,105,1794.62,305.64,125.38,642.71,1,-1,-1,-1
271,106,5.84,546.72,209.29,360.99,1,-1,-1,-1
271,107,1066.97,423.40,199.16,525.69,1,-1,-1,-1
271,108,383.82,483.79,241.25,448.24,1,-1,-1,-1
272,39,1047.16,498.49,166.87,434.19,1,-1,-1,-1
272,54,382.03,469.97,203.53,458.88,1,-1,-1,-1
272,61,785.46,490.87,146.57,434.96,1,-1,-1,-1
272,76,1748.06,500.22,171.94,511.47,1,-1,-1,-1
272,81,590.14,523.47,208.81,411.22,1,-1,-1,-1
272,82,0.63,530.23,185.07,380.16,1,-1,-1,-1
272,83,218.56,529.94,187.51,386.42,1,-1,-1,-1
272,84,1411.68,383.94,364.19,584.05,1,-1,-1,-1
272,90,1446.29,398.95,212.29,553.42,1,-1,-1,-1
272,96,676.66,594.57,230.42,338.65,1,-1,-1,-1
272,97,213.29,528.37,146.56,387.11,1,-1,-1,-1
272,98,353.26,563.23,243.58,344.10,1,-1,-1,-1
272,99,1021.85,421.86,306.07,528.69,1,-1,-1,-1
272,100,1161.43,527.46,194.80,394.67,1,-1,-1,-1
272,101,1405.44,462.50,258.60,499.05,1,-1,-1,-1
272,102,1874.84,451.67,45.16,562.34,1,-1,-1,-1
272,103,697.04,431.14,293.04,511.71,1,-1,-1,-1
272,104,424.02,475.82,208.44,446.38,1,-1,-1,-1
272,105,1794.62,305.64,125.38,642.71,1,-1,-1,-1
272,106,5.88,550.14,200.99,356.42,1,-1,-1,-1
272,107,1066.97,423.40,199.16,525.69,1,-1,-1,-1
272,108,388.77,477.63,220.57,454.71,1,-1,-1,-1
273,39,1047.16,498.49,166.87,434.19,1,-1,-1,-1
273,54,391.48,456.58,184.94,473.53,1,-1,-1,-1
273,61,785.46,490.87,146.57,434.96,1,-1,-1,-1
273,76,1748.06,500.22,171.94,511.47,1,-1,-1,-1
273,81,590.14,523.47,208.81,411.22,1,-1,-1,-1
273,82,22.40,561.79,182.50,344.96,1,-1,-1,-1
273,83,218.56,529.94,187.51,386.42,1,-1,-1,-1
273,84,1407.04,384.28,379.69,584.01,1,-1,-1,-1
273,90,1446.29,398.95,212.29,553.42,1,-1,-1,-1
273,96,676.66,594.57,230.42,338.65,1,-1,-1,-1
273,97,213.62,535.71,147.15,380.22,1,-1,-1,-1
273,98,353.26,563.23,243.58,344.10,1,-1,-1,-1
273,99,1029.23,423.08,298.32,527.68,1,-1,-1,-1
273,100,1161.43,527.46,194.80,394.67,1,-1,-1,-1
273,101,1405.44,462.50,258.60,499.05,1,-1,-1,-1
273,102,1874.84,451.67,45.16,562.34,1,-1,-1,-1
273,103,697.17,435.82,283.63,506.93,1,-1,-1,-1
273,104,432.66,479.69,199.24,443.17,1,-1,-1,-1
273,105,1794.62,305.64,125.38,642.71,1,-1,-1,-1
273,106,0.80,532.28,160.57,377.16,1,-1,-1,-1
273,107,1066.97,423.40,199.16,525.69,1,-1,-1,-1
273,108,388.77,477.63,220.57,454.71,1,-1,-1,-1
273,109,1787.98,292.22,132.02,724.47,1,-1,-1,-1
274,39,1047.16,498.49,166.87,434.19,1,-1,-1,-1
274,54,399.08,455.38,183.86,473.03,1,-1,-1,-1
274,61,785.46,490.87,146.57,434.96,1,-1,-1,-1
274,76,1748.06,500.22,171.94,511.47,1,-1,-1,-1
274,81,590.14,523.47,208.81,411.22,1,-1,-1,-1
274,82,26.77,566.25,184.42,338.64,1,-1,-1,-1
274,83,220.49,533.86,182.78,382.99,1,-1,-1,-1
274,84,1407.39,386.78,361.55,581.55,1,-1,-1,-1
274,90,1446.29,398.95,212.29,553.42,1,-1,-1,-1
274,96,676.66,594.57,230.42,338.65,1,-1,-1,-1
274,97,215.31,533.40,145.36,382.81,1,-1,-1,-1
274,98,353.26,563.23,243.58,344.10,1,-1,-1,-1
274,99,1034.75,422.61,285.03,527.46,1,-1,-1,-1
274,100,1161.43,527.46,194.80,394.67,1,-1,-1,-1
274,101,1405.44,462.50,258.60,499.05,1,-1,-1,-1
274,102,1874.84,451.67,45.16,562.34,1,-1,-1,-1
274,103,699.66,435.96,271.73,505.96,1,-1,-1,-1
274,104,428.08,479.18,202.08,443.45,1,-1,-1,-1
274,105,1797.91,310.00,122.08,615.37,1,-1,-1,-1
274,106,0.25,530.35,160.14,378.85,1,-1,-1,-1
274,107,1066.97,423.40,199.16,525.69,1,-1,-1,-1
274,108,405.38,472.46,203.03,458.07,1,-1,-1,-1
274,109,1787.98,292.22,132.02,724.47,1,-1,-1,-1
275,39,1047.16,498.49,166.87,434.19,1,-1,-1,-1
275,54,398.98,459.20,188.50,465.58,1,-1,-1,-1
275,61,785.46,490.87,146.57,434.96,1,-1,-1,-1
275,76,1748.06,500.22,171.94,511.47,1,-1,-1,-1
275,81,590.14,523.47,208.81,411.22,1,-1,-1,-1
275,82,12.58,558.61,199.84,347.95,1,-1,-1,-1
275,83,221.25,531.41,197.95,385.58,1,-1,-1,-1
275,84,1420.49,388.40,319.62,580.26,1,-1,-1,-1
275,90,1446.29,398.95,212.29,553.42,1,-1,-1,-1
275,96,676.66,594.57,230.42,338.65,1,-1,-1,-1
275,97,215.49,532.82,146.13,382.79,1,-1,-1,-1
275,98,353.26,563.23,243.58,344.10,1,-1,-1,-1
275,99,1037.02,421.67,279.40,528.40,1,-1,-1,-1
275,100,1161.43,527.46,194.80,394.67,1,-1,-1,-1
275,101,1405.44,462.50,258.60,499.05,1,-1,-1,-1
275,102,1874.84,451.67,45.16,562.34,1,-1,-1,-1
275,103,700.77,435.10,268.15,506.29,1,-1,-1,-1
275,104,417.78,484.31,214.08,440.61,1,-1,-1,-1
275,105,1797.91,310.00,122.08,615.37,1,-1,-1,-1
275,106,0.33,530.72,170.11,377.83,1,-1,-1,-1
275,107,1066.97,423.40,199.16,525.69,1,-1,-1,-1
275,108,405.38,472.46,203.03,458.07,1,-1,-1,-1
275,109,1787.98,292.22,132.02,724.47,1,-1,-1,-1
276,39,1047.16,498.49,166.87,434.19,1,-1,-1,-1
276,54,398.98,459.20,188.50,465.58,1,-1,-1,-1
276,61,785.46,490.87,146.57,434.96,1,-1,-1,-1
276,76,1748.06,500.22,171.94,511.47,1,-1,-1,-1
276,81,590.14,523.47,208.81,411.22,1,-1,-1,-1
276,82,5.84,536.92,208.89,369.48,1,-1,-1,-1
276,83,241.66,534.15,173.74,379.56,1,-1,-1,-1
276,84,1435.07,390.73,294.26,578.01,1,-1,-1,-1
276,90,1446.29,398.95,212.29,553.42,1,-1,-1,-1
276,96,676.66,594.57,230.42,338.65,1,-1,-1,-1
276,97,211.54,541.09,150.76,375.52,1,-1,-1,-1
276,98,353.26,563.23,243.58,344.10,1,-1,-1,-1
276,99,1043.47,422.77,277.55,528.04,1,-1,-1,-1
276,101,1405.44,462.50,258.60,499.05,1,-1,-1,-1
276,102,1874.84,451.67,45.16,562.34,1,-1,-1,-1
276,103,714.26,436.88,255.03,504.90,1,-1,-1,-1
276,104,401.91,485.23,226.56,444.97,1,-1,-1,-1
276,105,1797.91,310.00,122.08,615.37,1,-1,-1,-1
276,106,0.20,528.58,114.33,379.95,1,-1,-1,-1
276,107,1066.97,423.40,199.16,525.69,1,-1,-1,-1
276,108,405.38,472.46,203.03,458.07,1,-1,-1,-1
276,109,1787.98,292.22,132.02,724.47,1,-1,-1,-1
277,39,1047.16,498.49,166.87,434.19,1,-1,-1,-1
277,54,398.98,459.20,188.50,465.58,1,-1,-1,-1
277,61,740.96,443.02,224.87,495.90,1,-1,-1,-1
277,76,1748.06,500.22,171.94,511.47,1,-1,-1,-1
277,81,590.14,523.47,208.81,411.22,1,-1,-1,-1
277,82,3.30,533.43,205.24,372.34,1,-1,-1,-1
277,83,243.32,533.72,172.01,378.38,1,-1,-1,-1
277,84,1435.46,390.06,293.36,580.42,1,-1,-1,-1
277,90,1446.29,398.95,212.29,553.42,1,-1,-1,-1
277,96,676.66,594.57,230.42,338.65,1,-1,-1,-1
277,97,204.49,542.89,160.16,372.15,1,-1,-1,-1
277,98,353.26,563.23,243.58,344.10,1,-1,-1,-1
277,99,1047.40,422.83,273.45,529.37,1,-1,-1,-1
277,101,1405.44,462.50,258.60,499.05,1,-1,-1,-1
277,102,1874.84,451.67,45.16,562.34,1,-1,-1,-1
277,103,734.34,440.08,233.74,500.62,1,-1,-1,-1
277,104,399.69,484.48,233.09,445.00,1,-1,-1,-1
277,105,1797.91,310.00,122.08,615.37,1,-1,-1,-1
277,106,0.30,529.11,108.83,378.60,1,-1,-1,-1
277,107,1066.97,423.40,199.16,525.69,1,-1,-1,-1
277,108,405.38,472.46,203.03,458.07,1,-1,-1,-1
277,109,1787.98,292.22,132.02,724.47,1,-1,-1,-1
278,39,1047.16,498.49,166.87,434.19,1,-1,-1,-1
278,54,398.98,459.20,188.50,465.58,1,-1,-1,-1
278,61,740.96,443.02,224.87,495.90,1,-1,-1,-1
278,81,590.14,523.47,208.81,411.22,1,-1,-1,-1
278,82,5.05,532.66,195.95,372.57,1,-1,-1,-1
278,83,244.21,534.00,172.29,376.37,1,-1,-1,-1
278,84,1439.75,391.09,294.34,579.02,1,-1,-1,-1
278,90,1446.29,398.95,212.29,553.42,1,-1,-1,-1
278,97,21.03,529.98,175.78,378.65,1,-1,-1,-1
278,99,1051.32,422.70,269.62,529.69,1,-1,-1,-1
278,101,1405.44,462.50,258.60,499.05,1,-1,-1,-1
278,102,1874.84,451.67,45.16,562.34,1,-1,-1,-1
278,103,744.15,440.49,222.04,500.18,1,-1,-1,-1
278,104,400.34,485.64,232.12,444.10,1,-1,-1,-1
278,105,1797.91,310.00,122.08,615.37,1,-1,-1,-1
278,106,0.22,529.79,112.69,377.59,1,-1,-1,-1
278,107,1066.97,423.40,199.16,525.69,1,-1,-1,-1
278,108,405.38,472.46,203.03,458.07,1,-1,-1,-1
278,109,1787.98,292.22,132.02,724.47,1,-1,-1,-1
279,39,1047.16,498.49,166.87,434.19,1,-1,-1,-1
279,54,398.98,459.20,188.50,465.58,1,-1,-1,-1
279,61,740.96,443.02,224.87,495.90,1,-1,-1,-1
279,81,590.14,523.47,208.81,411.22,1,-1,-1,-1
279,82,3.55,531.85,220.88,373.51,1,-1,-1,-1
279,83,234.28,533.56,190.76,377.57,1,-1,-1,-1
279,84,1442.05,391.57,295.44,579.94,1,-1,-1,-1
279,90,1446.29,398.95,212.29,553.42,1,-1,-1,-1
279,97,2.60,530.22,151.52,376.62,1,-1,-1,-1
279,99,1056.81,422.84,265.24,529.77,1,-1,-1,-1
279,101,1405.44,462.50,258.60,499.05,1,-1,-1,-1
279,102,1874.84,451.67,45.16,562.34,1,-1,-1,-1
279,103,755.90,439.91,206.75,500.84,1,-1,-1,-1
279,104,412.01,486.89,218.03,443.68,1,-1,-1,-1
279,105,1797.91,310.00,122.08,615.37,1,-1,-1,-1
279,106,0.22,529.79,112.69,377.59,1,-1,-1,-1
279,107,1066.97,423.40,199.16,525.69,1,-1,-1,-1
279,108,405.38,472.46,203.03,458.07,1,-1,-1,-1
279,109,1787.98,292.22,132.02,724.47,1,-1,-1,-1
279,110,211.03,544.06,159.69,368.77,1,-1,-1,-1
280,39,1047.16,498.49,166.87,434.19,1,-1,-1,-1
280,54,398.98,459.20,188.50,465.58,1,-1,-1,-1
280,61,740.96,443.02,224.87,495.90,1,-1,-1,-1
280,81,590.14,523.47,208.81,411.22,1,-1,-1,-1
280,82,24.07,542.49,196.69,362.43,1,-1,-1,-1
280,83,246.93,533.60,181.94,378.00,1,-1,-1,-1
280,84,1446.15,393.63,295.29,575.91,1,-1,-1,-1
280,90,1446.29,398.95,212.29,553.42,1,-1,-1,-1
280,97,0.34,529.10,147.05,378.98,1,-1,-1,-1
280,99,1059.55,424.40,263.07,526.88,1,-1,-1,-1
280,102,1874.84,451.67,45.16,562.34,1,-1,-1,-1
280,103,765.01,440.43,186.76,497.24,1,-1,-1,-1
280,104,421.14,487.35,211.41,443.36,1,-1,-1,-1
280,105,1797.91,310.00,122.08,615.37,1,-1,-1,-1
280,106,0.02,529.30,96.81,379.36,1,-1,-1,-1
280,107,1066.97,423.40,199.16,525.69,1,-1,-1,-1
280,108,405.38,472.46,203.03,458.07,1,-1,-1,-1
280,109,1787.98,292.22,132.02,724.47,1,-1,-1,-1
280,110,190.83,546.41,184.07,365.22,1,-1,-1,-1
281,39,1047.16,498.49,166.87,434.19,1,-1,-1,-1
281,54,398.98,459.20,188.50,465.58,1,-1,-1,-1
281,61,740.96,443.02,224.87,495.90,1,-1,-1,-1
281,81,590.14,523.47,208.81,411.22,1,-1,-1,-1
281,82,9.16,536.50,212.03,367.11,1,-1,-1,-1
281,83,252.67,533.16,172.52,377.28,1,-1,-1,-1
281,84,1466.53,390.48,282.83,580.03,1,-1,-1,-1
281,90,1446.29,398.95,212.29,553.42,1,-1,-1,-1
281,97,0.36,529.70,147.15,377.34,1,-1,-1,-1
281,99,1082.30,425.11,239.85,525.76,1,-1,-1,-1
281,102,1874.84,451.67,45.16,562.34,1,-1,-1,-1
281,103,775.87,439.96,155.38,499.53,1,-1,-1,-1
281,104,423.29,484.92,212.07,446.70,1,-1,-1,-1
281,105,1797.91,310.00,122.08,615.37,1,-1,-1,-1
281,106,0.00,530.16,91.61,379.23,1,-1,-1,-1
281,107,1066.97,423.40,199.16,525.69,1,-1,-1,-1
281,108,405.38,472.46,203.03,458.07,1,-1,-1,-1
281,109,1787.98,292.22,132.02,724.47,1,-1,-1,-1
281,110,209.36,540.08,191.56,373.45,1,-1,-1,-1
282,39,1047.16,498.49,166.87,434.19,1,-1,-1,-1
282,54,398.98,459.20,188.50,465.58,1,-1,-1,-1
282,61,773.59,441.60,162.73,495.60,1,-1,-1,-1
282,82,9.40,537.38,214.92,365.50,1,-1,-1,-1
282,83,252.67,533.16,172.52,377.28,1,-1,-1,-1
282,84,1448.20,392.85,305.88,578.99,1,-1,-1,-1
282,90,1446.29,398.95,212.29,553.42,1,-1,-1,-1
282,97,0.29,529.21,154.52,377.61,1,-1,-1,-1
282,99,1107.88,433.59,203.53,523.72,1,-1,-1,-1
282,102,1874.84,451.67,45.16,562.34,1,-1,-1,-1
282,103,777.63,440.45,154.34,498.79,1,-1,-1,-1
282,104,424.85,483.86,210.02,447.99,1,-1,-1,-1
282,105,1797.91,310.00,122.08,615.37,1,-1,-1,-1
282,106,0.00,531.91,87.33,377.33,1,-1,-1,-1
282,107,1066.97,423.40,199.16,525.69,1,-1,-1,-1
282,108,405.38,472.46,203.03,458.07,1,-1,-1,-1
282,109,1787.98,292.22,132.02,724.47,1,-1,-1,-1
282,110,231.20,534.20,193.82,376.70,1,-1,-1,-1
283,39,1047.16,498.49,166.87,434.19,1,-1,-1,-1
283,54,398.98,459.20,188.50,465.58,1,-1,-1,-1
283,61,778.09,442.55,158.26,494.71,1,-1,-1,-1
283,82,6.03,532.03,216.87,371.47,1,-1,-1,-1
283,83,261.96,533.31,165.69,375.90,1,-1,-1,-1
283,84,1455.14,392.25,298.52,579.71,1,-1,-1,-1
283,90,1446.29,398.95,212.29,553.42,1,-1,-1,-1
283,97,0.29,529.21,154.52,377.61,1,-1,-1,-1
283,99,1114.07,426.20,200.18,531.65,1,-1,-1,-1
283,103,777.63,440.45,154.34,498.79,1,-1,-1,-1
283,104,434.17,482.44,197.45,448.59,1,-1,-1,-1
283,105,1797.91,310.00,122.08,615.37,1,-1,-1,-1
283,106,0.00,540.80,75.76,368.85,1,-1,-1,-1
283,107,1066.97,423.40,199.16,525.69,1,-1,-1,-1
283,108,405.38,472.46,203.03,458.07,1,-1,-1,-1
283,109,1787.98,292.22,132.02,724.47,1,-1,-1,-1
283,110,222.43,541.69,158.35,370.96,1,-1,-1,-1
284,39,1047.16,498.49,166.87,434.19,1,-1,-1,-1
284,54,398.98,459.20,188.50,465.58,1,-1,-1,-1
284,61,779.13,443.40,158.47,494.45,1,-1,-1,-1
284,82,6.03,532.03,216.87,371.47,1,-1,-1,-1
284,83,259.21,533.18,169.87,376.90,1,-1,-1,-1
284,84,1463.78,391.86,304.46,579.73,1,-1,-1,-1
284,90,1446.29,398.95,212.29,553.42,1,-1,-1,-1
284,97,0.03,528.41,151.02,373.89,1,-1,-1,-1
284,99,1117.74,425.45,195.56,531.61,1,-1,-1,-1
284,103,777.63,440.45,154.34,498.79,1,-1,-1,-1
284,104,436.26,483.03,179.67,448.32,1,-1,-1,-1
284,105,1797.91,310.00,122.08,615.37,1,-1,-1,-1
284,106,0.00,545.08,54.04,362.96,1,-1,-1,-1
284,107,1066.97,423.40,199.16,525.69,1,-1,-1,-1
284,108,405.38,472.46,203.03,458.07,1,-1,-1,-1
284,109,1787.98,292.22,132.02,724.47,1,-1,-1,-1
284,110,225.73,541.41,161.97,371.63,1,-1,-1,-1
285,39,1047.16,498.49,166.87,434.19,1,-1,-1,-1
285,54,398.98,459.20,188.50,465.58,1,-1,-1,-1
285,61,779.83,445.96,159.60,493.68,1,-1,-1,-1
285,82,6.03,532.03,216.87,371.47,1,-1,-1,-1
285,83,251.79,532.28,183.50,377.23,1,-1,-1,-1
285,84,1470.03,389.12,326.91,581.93,1,-1,-1,-1
285,90,1470.25,391.36,243.21,557.55,1,-1,-1,-1
285,97,0.00,527.52,154.60,377.58,1,-1,-1,-1
285,99,1120.16,426.04,193.53,528.12,1,-1,-1,-1
285,103,777.63,440.45,154.34,498.79,1,-1,-1,-1
285,104,440.62,482.00,172.75,448.54,1,-1,-1,-1
285,105,1797.91,310.00,122.08,615.37,1,-1,-1,-1
285,106,0.00,531.33,82.15,376.10,1,-1,-1,-1
285,107,1066.97,423.40,199.16,525.69,1,-1,-1,-1
285,108,405.38,472.46,203.03,458.07,1,-1,-1,-1
285,109,1787.98,292.22,132.02,724.47,1,-1,-1,-1
285,110,227.06,541.28,172.33,370.51,1,-1,-1,-1
285,112,54.78,578.66,168.79,320.81,1,-1,-1,-1
286,39,1047.16,498.49,166.87,434.19,1,-1,-1,-1
286,54,398.98,459.20,188.50,465.58,1,-1,-1,-1
286,61,780.76,440.58,164.26,498.06,1,-1,-1,-1
286,82,6.03,532.03,216.87,371.47,1,-1,-1,-1
286,83,227.80,533.61,212.44,376.59,1,-1,-1,-1
286,84,1474.21,390.80,345.69,579.69,1,-1,-1,-1
286,90,1471.34,390.24,237.50,556.37,1,-1,-1,-1
286,97,0.24,526.84,150.06,380.09,1,-1,-1,-1
286,99,1115.40,417.41,188.44,534.74,1,-1,-1,-1
286,103,777.63,440.45,154.34,498.79,1,-1,-1,-1
286,104,445.62,480.42,166.59,448.24,1,-1,-1,-1
286,105,1797.91,310.00,122.08,615.37,1,-1,-1,-1
286,106,0.00,537.37,71.40,371.33,1,-1,-1,-1
286,107,1066.97,423.40,199.16,525.69,1,-1,-1,-1
286,108,405.38,472.46,203.03,458.07,1,-1,-1,-1
286,109,1787.98,292.22,132.02,724.47,1,-1,-1,-1
286,110,227.06,541.28,172.33,370.51,1,-1,-1,-1
286,112,58.51,569.41,167.78,330.12,1,-1,-1,-1
287,39,1047.16,498.49,166.87,434.19,1,-1,-1,-1
287,54,398.98,459.20,188.50,465.58,1,-1,-1,-1
287,61,786.20,434.74,160.53,503.74,1,-1,-1,-1
287,82,6.03,532.03,216.87,371.47,1,-1,-1,-1
287,83,245.71,533.93,200.14,374.59,1,-1,-1,-1
287,84,1472.27,393.38,352.87,577.05,1,-1,-1,-1
287,90,1470.74,402.29,237.23,545.32,1,-1,-1,-1
287,97,0.02,526.79,150.54,379.66,1,-1,-1,-1
287,99,1116.52,424.68,198.98,523.85,1,-1,-1,-1
287,103,777.63,440.45,154.34,498.79,1,-1,-1,-1
287,104,446.62,480.60,168.54,448.36,1,-1,-1,-1
287,105,1797.91,310.00,122.08,615.37,1,-1,-1,-1
287,106,0.00,529.29,70.31,378.40,1,-1,-1,-1
287,107,1066.97,423.40,199.16,525.69,1,-1,-1,-1
287,108,405.38,472.46,203.03,458.07,1,-1,-1,-1
287,109,1787.98,292.22,132.02,724.47,1,-1,-1,-1
287,110,215.91,544.20,188.79,365.97,1,-1,-1,-1
287,112,57.03,574.19,175.61,326.16,1,-1,-1,-1
288,39,1047.16,498.49,166.87,434.19,1,-1,-1,-1
288,54,398.98,459.20,188.50,465.58,1,-1,-1,-1
288,61,787.86,435.68,162.03,502.64,1,-1,-1,-1
288,82,6.03,532.03,216.87,371.47,1,-1,-1,-1
288,83,220.69,533.03,225.34,377.07,1,-1,-1,-1
288,84,1472.68,388.03,359.30,579.44,1,-1,-1,-1
288,90,1473.49,414.47,232.42,532.03,1,-1,-1,-1
288,97,0.11,527.70,147.43,379.44,1,-1,-1,-1
288,99,1116.52,424.68,198.98,523.85,1,-1,-1,-1
288,103,777.63,440.45,154.34,498.79,1,-1,-1,-1
288,104,450.99,483.23,168.08,444.91,1,-1,-1,-1
288,105,1797.91,310.00,122.08,615.37,1,-1,-1,-1
288,106,0.00,529.09,69.37,378.36,1,-1,-1,-1
288,107,1066.97,423.40,199.16,525.69,1,-1,-1,-1
288,108,405.38,472.46,203.03,458.07,1,-1,-1,-1
288,109,1787.98,292.22,132.02,724.47,1,-1,-1,-1
288,110,215.91,544.20,188.79,365.97,1,-1,-1,-1
288,112,63.03,579.33,167.11,319.63,1,-1,-1,-1
289,39,1047.16,498.49,166.87,434.19,1,-1,-1,-1
289,54,398.98,459.20,188.50,465.58,1,-1,-1,-1
289,61,789.53,441.69,163.28,496.55,1,-1,-1,-1
289,82,6.03,532.03,216.87,371.47,1,-1,-1,-1
289,83,224.21,532.47,233.81,377.30,1,-1,-1,-1
289,84,1470.65,393.01,391.70,576.71,1,-1,-1,-1
289,90,1473.49,414.47,232.42,532.03,1,-1,-1,-1
289,97,0.58,528.47,154.23,378.21,1,-1,-1,-1
289,99,1116.52,424.68,198.98,523.85,1,-1,-1,-1
289,103,777.63,440.45,154.34,498.79,1,-1,-1,-1
289,104,451.58,481.57,168.43,446.21,1,-1,-1,-1
289,105,1797.91,310.00,122.08,615.37,1,-1,-1,-1
289,106,0.00,538.73,80.51,368.71,1,-1,-1,-1
289,107,1066.97,423.40,199.16,525.69,1,-1,-1,-1
289,108,405.38,472.46,203.03,458.07,1,-1,-1,-1
289,109,1787.98,292.22,132.02,724.47,1,-1,-1,-1
289,110,212.26,542.06,190.82,368.52,1,-1,-1,-1
289,112,58.20,570.44,195.21,328.60,1,-1,-1,-1
289,113,1119.84,419.91,194.72,527.83,1,-1,-1,-1
290,39,1047.16,498.49,166.87,434.19,1,-1,-1,-1
290,54,398.98,459.20,188.50,465.58,1,-1,-1,-1
290,61,790.02,449.19,163.87,488.85,1,-1,-1,-1
290,82,6.03,532.03,216.87,371.47,1,-1,-1,-1
290,83,208.85,541.69,184.10,371.88,1,-1,-1,-1
290,84,1477.61,398.90,366.87,569.84,1,-1,-1,-1
290,90,1473.49,414.47,232.42,532.03,1,-1,-1,-1
290,97,0.06,528.34,154.06,378.20,1,-1,-1,-1
290,99,1116.52,424.68,198.98,523.85,1,-1,-1,-1
290,103,777.63,440.45,154.34,498.79,1,-1,-1,-1
290,104,445.77,481.48,177.21,445.17,1,-1,-1,-1
290,105,1797.91,310.00,122.08,615.37,1,-1,-1,-1
290,106,0.00,538.73,80.51,368.71,1,-1,-1,-1
290,107,1066.97,423.40,199.16,525.69,1,-1,-1,-1
290,108,405.38,472.46,203.03,458.07,1,-1,-1,-1
290,109,1787.98,292.22,132.02,724.47,1,-1,-1,-1
290,110,198.88,542.77,185.74,368.81,1,-1,-1,-1
290,112,45.35,567.64,230.59,332.13,1,-1,-1,-1
290,113,1120.61,425.17,194.59,523.08,1,-1,-1,-1
291,39,1047.16,498.49,166.87,434.19,1,-1,-1,-1
291,54,398.98,459.20,188.50,465.58,1,-1,-1,-1
291,61,792.33,445.54,164.37,491.88,1,-1,-1,-1
291,82,6.03,532.03,216.87,371.47,1,-1,-1,-1
291,83,208.85,541.69,184.10,371.88,1,-1,-1,-1
291,84,1490.70,408.78,351.29,559.94,1,-1,-1,-1
291,90,1482.26,399.03,220.10,540.02,1,-1,-1,-1
291,97,0.01,530.50,144.62,376.00,1,-1,-1,-1
291,99,1116.52,424.68,198.98,523.85,1,-1,-1,-1
291,103,777.63,440.45,154.34,498.79,1,-1,-1,-1
291,104,442.21,483.14,184.79,442.63,1,-1,-1,-1
291,105,1797.91,310.00,122.08,615.37,1,-1,-1,-1
291,106,0.00,538.73,80.51,368.71,1,-1,-1,-1
291,107,1066.97,423.40,199.16,525.69,1,-1,-1,-1
291,108,405.38,472.46,203.03,458.07,1,-1,-1,-1
291,109,1787.98,292.22,132.02,724.47,1,-1,-1,-1
291,110,204.54,545.22,183.33,366.73,1,-1,-1,-1
291,112,49.51,567.20,190.24,333.07,1,-1,-1,-1
291,113,1123.00,441.65,194.53,511.45,1,-1,-1,-1
291,114,272.24,525.64,174.50,382.55,1,-1,-1,-1
292,39,1047.16,498.49,166.87,434.19,1,-1,-1,-1
292,54,398.98,459.20,188.50,465.58,1,-1,-1,-1
292,61,794.59,443.78,164.60,492.77,1,-1,-1,-1
292,82,6.03,532.03,216.87,371.47,1,-1,-1,-1
292,83,208.85,541.69,184.10,371.88,1,-1,-1,-1
292,84,1491.18,396.65,349.54,573.95,1,-1,-1,-1
292,90,1487.02,382.51,217.40,560.24,1,-1,-1,-1
292,97,0.00,533.43,142.50,373.43,1,-1,-1,-1
292,99,1116.52,424.68,198.98,523.85,1,-1,-1,-1
292,103,777.63,440.45,154.34,498.79,1,-1,-1,-1
292,104,443.76,485.98,182.02,439.77,1,-1,-1,-1
292,105,1797.91,310.00,122.08,615.37,1,-1,-1,-1
292,106,0.00,538.73,80.51,368.71,1,-1,-1,-1
292,107,1066.97,423.40,199.16,525.69,1,-1,-1,-1
292,108,405.38,472.46,203.03,458.07,1,-1,-1,-1
292,109,1787.98,292.22,132.02,724.47,1,-1,-1,-1
292,110,205.67,545.78,188.00,366.64,1,-1,-1,-1
292,112,40.57,564.24,195.97,337.83,1,-1,-1,-1
292,113,1122.07,442.96,194.17,512.44,1,-1,-1,-1
292,114,276.34,523.24,169.28,383.63,1,-1,-1,-1
293,39,1047.16,498.49,166.87,434.19,1,-1,-1,-1
293,54,398.98,459.20,188.50,465.58,1,-1,-1,-1
293,61,793.49,434.79,164.31,501.43,1,-1,-1,-1
293,82,6.03,532.03,216.87,371.47,1,-1,-1,-1
293,83,208.85,541.69,184.10,371.88,1,-1,-1,-1
293,84,1563.77,432.33,272.52,537.28,1,-1,-1,-1
293,90,1487.02,382.51,217.40,560.24,1,-1,-1,-1
293,97,0.17,541.30,116.36,366.82,1,-1,-1,-1
293,99,1116.52,424.68,198.98,523.85,1,-1,-1,-1
293,103,777.63,440.45,154.34,498.79,1,-1,-1,-1
293,104,447.55,485.87,180.79,440.32,1,-1,-1,-1
293,105,1797.91,310.00,122.08,615.37,1,-1,-1,-1
293,106,0.00,538.73,80.51,368.71,1,-1,-1,-1
293,107,1066.97,423.40,199.16,525.69,1,-1,-1,-1
293,108,405.38,472.46,203.03,458.07,1,-1,-1,-1
293,109,1787.98,292.22,132.02,724.47,1,-1,-1,-1
293,110,207.49,550.19,177.26,362.84,1,-1,-1,-1
293,112,43.26,551.93,191.64,351.31,1,-1,-1,-1
293,113,1124.18,441.28,190.39,515.60,1,-1,-1,-1
293,114,276.44,512.51,168.20,394.87,1,-1,-1,-1
293,115,1486.07,370.50,253.80,587.47,1,-1,-1,-1
294,39,1047.16,498.49,166.87,434.19,1,-1,-1,-1
294,54,448.77,478.16,173.16,444.06,1,-1,-1,-1
294,61,805.41,432.01,156.62,498.95,1,-1,-1,-1
294,82,6.03,532.03,216.87,371.47,1,-1,-1,-1
294,83,208.85,541.69,184.10,371.88,1,-1,-1,-1
294,84,1589.34,449.63,241.15,522.23,1,-1,-1,-1
294,90,1487.02,382.51,217.40,560.24,1,-1,-1,-1
294,97,0.02,549.29,125.05,356.17,1,-1,-1,-1
294,99,1143.17,465.84,168.47,488.20,1,-1,-1,-1
294,103,777.63,440.45,154.34,498.79,1,-1,-1,-1
294,104,452.61,482.74,179.79,442.79,1,-1,-1,-1
294,105,1797.91,310.00,122.08,615.37,1,-1,-1,-1
294,106,0.00,538.73,80.51,368.71,1,-1,-1,-1
294,107,1066.97,423.40,199.16,525.69,1,-1,-1,-1
294,108,405.38,472.46,203.03,458.07,1,-1,-1,-1
294,109,1787.98,292.22,132.02,724.47,1,-1,-1,-1
294,110,213.13,558.29,165.43,352.04,1,-1,-1,-1
294,112,56.74,544.91,179.33,358.79,1,-1,-1,-1
294,113,1122.96,408.56,156.96,526.75,1,-1,-1,-1
294,114,278.15,502.39,165.66,406.03,1,-1,-1,-1
294,115,1486.86,363.87,248.12,598.22,1,-1,-1,-1
295,39,1047.16,498.49,166.87,434.19,1,-1,-1,-1
295,54,455.59,473.86,163.57,447.73,1,-1,-1,-1
295,61,801.75,422.54,164.11,511.53,1,-1,-1,-1
295,82,6.03,532.03,216.87,371.47,1,-1,-1,-1
295,83,208.85,541.69,184.10,371.88,1,-1,-1,-1
295,84,1592.71,459.57,230.30,510.76,1,-1,-1,-1
295,90,1487.02,382.51,217.40,560.24,1,-1,-1,-1
295,97,0.07,558.23,104.32,347.03,1,-1,-1,-1
295,99,1146.18,470.67,163.92,485.64,1,-1,-1,-1
295,103,777.63,440.45,154.34,498.79,1,-1,-1,-1
295,104,456.25,473.69,176.96,452.87,1,-1,-1,-1
295,105,1797.91,310.00,122.08,615.37,1,-1,-1,-1
295,106,0.00,538.73,80.51,368.71,1,-1,-1,-1
295,108,405.38,472.46,203.03,458.07,1,-1,-1,-1
295,109,1787.98,292.22,132.02,724.47,1,-1,-1,-1
295,110,219.99,568.42,153.21,340.72,1,-1,-1,-1
295,112,61.41,540.89,174.78,361.98,1,-1,-1,-1
295,113,1125.79,399.94,147.93,531.82,1,-1,-1,-1
295,114,274.73,494.32,168.51,416.48,1,-1,-1,-1
295,115,1488.87,354.05,243.54,605.36,1,-1,-1,-1
296,54,455.59,473.86,163.57,447.73,1,-1,-1,-1
296,61,798.84,416.15,168.71,518.81,1,-1,-1,-1
296,82,6.03,532.03,216.87,371.47,1,-1,-1,-1
296,83,208.85,541.69,184.10,371.88,1,-1,-1,-1
296,84,1599.77,482.34,212.96,478.56,1,-1,-1,-1
296,90,1496.91,350.78,210.89,596.82,1,-1,-1,-1
296,97,0.16,575.19,113.01,330.60,1,-1,-1,-1
296,99,1150.53,471.97,157.18,487.68,1,-1,-1,-1
296,103,777.63,440.45,154.34,498.79,1,-1,-1,-1
296,104,466.40,450.77,167.31,472.18,1,-1,-1,-1
296,105,1797.91,310.00,122.08,615.37,1,-1,-1,-1
296,106,0.00,538.73,80.51,368.71,1,-1,-1,-1
296,108,405.38,472.46,203.03,458.07,1,-1,-1,-1
296,109,1787.98,292.22,132.02,724.47,1,-1,-1,-1
296,110,232.22,580.20,134.26,330.60,1,-1,-1,-1
296,112,60.89,528.13,171.77,375.57,1,-1,-1,-1
296,113,1128.52,388.01,147.97,547.45,1,-1,-1,-1
296,114,291.33,484.01,146.87,425.20,1,-1,-1,-1
296,115,1496.95,345.72,242.58,616.92,1,-1,-1,-1
297,54,455.59,473.86,163.57,447.73,1,-1,-1,-1
297,61,797.47,409.23,171.67,526.01,1,-1,-1,-1
297,82,6.03,532.03,216.87,371.47,1,-1,-1,-1
297,83,208.85,541.69,184.10,371.88,1,-1,-1,-1
297,84,1597.54,494.06,206.17,474.89,1,-1,-1,-1
297,90,1501.75,342.91,202.61,608.04,1,-1,-1,-1
297,97,0.44,582.91,114.08,321.30,1,-1,-1,-1
297,99,1151.47,442.80,157.58,516.75,1,-1,-1,-1
297,103,777.63,440.45,154.34,498.79,1,-1,-1,-1
297,104,473.03,440.40,160.34,483.75,1,-1,-1,-1
297,105,1797.91,310.00,122.08,615.37,1,-1,-1,-1
297,106,0.00,538.73,80.51,368.71,1,-1,-1,-1
297,108,405.38,472.46,203.03,458.07,1,-1,-1,-1
297,109,1787.98,292.22,132.02,724.47,1,-1,-1,-1
297,110,239.01,589.77,122.43,320.37,1,-1,-1,-1
297,112,59.89,520.97,172.26,382.24,1,-1,-1,-1
297,113,1130.69,378.41,146.29,558.93,1,-1,-1,-1
297,114,299.29,475.46,141.28,433.62,1,-1,-1,-1
297,115,1501.03,338.72,228.19,620.27,1,-1,-1,-1
298,54,455.59,473.86,163.57,447.73,1,-1,-1,-1
298,61,805.99,411.36,165.45,520.08,1,-1,-1,-1
298,82,6.03,532.03,216.87,371.47,1,-1,-1,-1
298,83,208.85,541.69,184.10,371.88,1,-1,-1,-1
298,84,1602.22,513.54,196.92,457.77,1,-1,-1,-1
298,90,1509.41,340.13,195.63,611.42,1,-1,-1,-1
298,97,0.73,588.69,114.79,314.02,1,-1,-1,-1
298,99,1159.00,445.35,153.91,513.76,1,-1,-1,-1
298,103,777.63,440.45,154.34,498.79,1,-1,-1,-1
298,104,481.77,419.84,152.34,507.61,1,-1,-1,-1
298,105,1797.91,310.00,122.08,615.37,1,-1,-1,-1
298,106,0.00,538.73,80.51,368.71,1,-1,-1,-1
298,108,405.38,472.46,203.03,458.07,1,-1,-1,-1
298,109,1787.98,292.22,132.02,724.47,1,-1,-1,-1
298,110,248.69,595.07,114.85,314.65,1,-1,-1,-1
298,112,65.43,521.80,170.71,379.83,1,-1,-1,-1
298,113,1132.29,374.10,148.20,559.79,1,-1,-1,-1
298,114,309.06,474.74,131.41,432.12,1,-1,-1,-1
298,115,1507.25,333.80,227.64,624.75,1,-1,-1,-1
298,116,819.62,414.86,151.63,511.04,1,-1,-1,-1
298,117,487.15,428.84,150.31,484.88,1,-1,-1,-1
299,54,455.59,473.86,163.57,447.73,1,-1,-1,-1
299,61,804.87,407.20,172.13,526.05,1,-1,-1,-1
299,82,6.03,532.03,216.87,371.47,1,-1,-1,-1
299,83,208.85,541.69,184.10,371.88,1,-1,-1,-1
299,84,1603.19,526.19,200.42,446.03,1,-1,-1,-1
299,90,1517.33,336.17,192.24,611.74,1,-1,-1,-1
299,97,2.04,594.08,119.19,306.93,1,-1,-1,-1
299,99,1157.13,402.52,161.56,558.66,1,-1,-1,-1
299,103,777.63,440.45,154.34,498.79,1,-1,-1,-1
299,104,488.02,413.50,143.44,513.68,1,-1,-1,-1
299,105,1797.91,310.00,122.08,615.37,1,-1,-1,-1
299,106,0.00,538.73,80.51,368.71,1,-1,-1,-1
299,108,405.38,472.46,203.03,458.07,1,-1,-1,-1
299,109,1787.98,292.22,132.02,724.47,1,-1,-1,-1
299,110,255.98,598.58,115.49,308.83,1,-1,-1,-1
299,112,68.06,520.06,176.75,380.24,1,-1,-1,-1
299,113,1136.57,368.22,149.88,568.77,1,-1,-1,-1
299,114,313.51,470.22,130.43,435.49,1,-1,-1,-1
299,115,1514.53,329.78,216.60,626.36,1,-1,-1,-1
299,116,829.48,412.46,152.21,513.78,1,-1,-1,-1
299,117,492.67,416.13,147.97,497.79,1,-1,-1,-1
300,54,455.59,473.86,163.57,447.73,1,-1,-1,-1
300,61,804.46,400.82,174.66,531.43,1,-1,-1,-1
300,82,6.03,532.03,216.87,371.47,1,-1,-1,-1
300,83,208.85,541.69,184.10,371.88,1,-1,-1,-1
300,84,1593.36,530.92,223.16,441.51,1,-1,-1,-1
300,90,1524.47,332.39,198.48,622.40,1,-1,-1,-1
300,97,9.23,595.69,121.92,305.59,1,-1,-1,-1
300,99,1155.20,392.23,174.83,571.76,1,-1,-1,-1
300,103,777.63,440.45,154.34,498.79,1,-1,-1,-1
300,104,498.00,409.53,145.69,508.95,1,-1,-1,-1
300,105,1797.91,310.00,122.08,615.37,1,-1,-1,-1
300,106,0.00,538.73,80.51,368.71,1,-1,-1,-1
300,108,405.38,472.46,203.03,458.07,1,-1,-1,-1
300,109,1787.98,292.22,132.02,724.47,1,-1,-1,-1
300,110,265.98,601.74,113.07,305.63,1,-1,-1,-1
300,112,85.12,519.65,165.29,380.31,1,-1,-1,-1
300,113,1139.04,363.94,153.81,575.14,1,-1,-1,-1
300,114,317.27,465.59,133.08,440.08,1,-1,-1,-1
300,115,1514.53,329.78,216.60,626.36,1,-1,-1,-1
300,116,824.51,404.50,162.19,522.42,1,-1,-1,-1
300,117,492.83,406.82,145.77,518.03,1,-1,-1,-1
301,54,455.59,473.86,163.57,447.73,1,-1,-1,-1
301,61,816.25,394.95,156.99,535.62,1,-1,-1,-1
301,82,6.03,532.03,216.87,371.47,1,-1,-1,-1
301,83,208.85,541.69,184.10,371.88,1,-1,-1,-1
301,84,1624.11,538.13,204.20,432.56,1,-1,-1,-1
301,90,1537.92,334.27,216.47,631.53,1,-1,-1,-1
301,97,23.38,600.37,122.68,300.36,1,-1,-1,-1
301,99,1159.78,369.86,164.37,577.09,1,-1,-1,-1
301,103,777.63,440.45,154.34,498.79,1,-1,-1,-1
301,104,498.00,409.53,145.69,508.95,1,-1,-1,-1
301,105,1797.91,310.00,122.08,615.37,1,-1,-1,-1
301,106,0.00,538.73,80.51,368.71,1,-1,-1,-1
301,108,405.38,472.46,203.03,458.07,1,-1,-1,-1
301,109,1787.98,292.22,132.02,724.47,1,-1,-1,-1
301,110,269.29,606.92,125.18,300.55,1,-1,-1,-1
301,112,99.83,516.60,158.86,381.94,1,-1,-1,-1
301,113,1148.95,361.55,154.56,577.28,1,-1,-1,-1
301,114,338.65,467.62,121.59,437.80,1,-1,-1,-1
301,115,1514.53,329.78,216.60,626.36,1,-1,-1,-1
301,116,846.01,398.50,148.47,527.17,1,-1,-1,-1
301,117,505.64,398.94,146.27,525.80,1,-1,-1,-1
302,54,455.59,473.86,163.57,447.73,1,-1,-1,-1
302,61,816.25,394.95,156.99,535.62,1,-1,-1,-1
302,82,6.03,532.03,216.87,371.47,1,-1,-1,-1
302,83,208.85,541.69,184.10,371.88,1,-1,-1,-1
302,84,1623.34,536.15,209.59,437.08,1,-1,-1,-1
302,90,1537.92,334.27,216.47,631.53,1,-1,-1,-1
302,97,34.18,602.72,117.89,296.81,1,-1,-1,-1
302,99,1166.45,366.42,165.47,579.31,1,-1,-1,-1
302,103,777.63,440.45,154.34,498.79,1,-1,-1,-1
302,104,498.00,409.53,145.69,508.95,1,-1,-1,-1
302,105,1797.91,310.00,122.08,615.37,1,-1,-1,-1
302,106,0.00,538.73,80.51,368.71,1,-1,-1,-1
302,108,405.38,472.46,203.03,458.07,1,-1,-1,-1
302,109,1787.98,292.22,132.02,724.47,1,-1,-1,-1
302,110,284.58,613.89,114.16,293.91,1,-1,-1,-1
302,112,106.81,516.58,156.34,380.37,1,-1,-1,-1
302,113,1148.95,361.55,154.56,577.28,1,-1,-1,-1
302,114,344.86,465.87,124.15,438.13,1,-1,-1,-1
302,115,1546.44,339.09,189.32,616.57,1,-1,-1,-1
302,116,853.80,396.45,154.33,527.50,1,-1,-1,-1
302,117,513.60,396.96,145.03,523.65,1,-1,-1,-1
302,118,825.28,553.65,142.79,382.26,1,-1,-1,-1
303,54,455.59,473.86,163.57,447.73,1,-1,-1,-1
303,61,827.91,391.57,160.87,537.92,1,-1,-1,-1
303,82,6.03,532.03,216.87,371.47,1,-1,-1,-1
303,83,208.85,541.69,184.10,371.88,1,-1,-1,-1
303,84,1641.73,532.82,205.72,445.74,1,-1,-1,-1
303,90,1537.92,334.27,216.47,631.53,1,-1,-1,-1
303,97,43.52,600.10,117.19,299.82,1,-1,-1,-1
303,99,1171.04,365.48,162.56,576.98,1,-1,-1,-1
303,103,777.63,440.45,154.34,498.79,1,-1,-1,-1
303,104,518.65,498.68,135.96,425.38,1,-1,-1,-1
303,105,1797.91,310.00,122.08,615.37,1,-1,-1,-1
303,106,0.00,538.73,80.51,368.71,1,-1,-1,-1
303,108,405.38,472.46,203.03,458.07,1,-1,-1,-1
303,109,1787.98,292.22,132.02,724.47,1,-1,-1,-1
303,110,297.84,615.23,110.28,291.55,1,-1,-1,-1
303,112,119.73,516.26,150.93,379.23,1,-1,-1,-1
303,113,1148.95,361.55,154.56,577.28,1,-1,-1,-1
303,114,348.01,467.28,131.02,437.31,1,-1,-1,-1
303,115,1553.27,343.11,203.76,615.94,1,-1,-1,-1
303,116,854.06,395.41,159.05,531.14,1,-1,-1,-1
303,117,520.35,397.15,147.00,520.81,1,-1,-1,-1
303,118,825.28,553.65,142.79,382.26,1,-1,-1,-1
303,119,1179.23,368.52,174.82,593.17,1,-1,-1,-1
304,54,455.59,473.86,163.57,447.73,1,-1,-1,-1
304,61,836.39,392.62,149.98,531.56,1,-1,-1,-1
304,82,6.03,532.03,216.87,371.47,1,-1,-1,-1
304,83,208.85,541.69,184.10,371.88,1,-1,-1,-1
304,84,1647.19,528.97,211.88,451.25,1,-1,-1,-1
304,90,1537.92,334.27,216.47,631.53,1,-1,-1,-1
304,97,56.26,601.03,112.60,299.87,1,-1,-1,-1
304,99,1171.04,365.48,162.56,576.98,1,-1,-1,-1
304,103,777.63,440.45,154.34,498.79,1,-1,-1,-1
304,104,518.65,498.68,135.96,425.38,1,-1,-1,-1
304,105,1797.91,310.00,122.08,615.37,1,-1,-1,-1
304,106,0.00,538.73,80.51,368.71,1,-1,-1,-1
304,108,405.38,472.46,203.03,458.07,1,-1,-1,-1
304,110,304.69,615.51,107.53,289.88,1,-1,-1,-1
304,112,123.85,515.07,155.27,381.26,1,-1,-1,-1
304,113,1170.69,362.67,156.71,580.96,1,-1,-1,-1
304,114,356.60,472.57,126.90,432.02,1,-1,-1,-1
304,115,1553.27,343.11,203.76,615.94,1,-1,-1,-1
304,116,862.68,395.80,156.01,528.93,1,-1,-1,-1
304,117,524.97,395.52,150.25,526.60,1,-1,-1,-1
304,118,836.40,496.64,168.57,438.91,1,-1,-1,-1
304,119,1199.12,439.65,162.66,521.40,1,-1,-1,-1
305,54,455.59,473.86,163.57,447.73,1,-1,-1,-1
305,61,841.41,395.00,147.95,532.01,1,-1,-1,-1
305,82,6.03,532.03,216.87,371.47,1,-1,-1,-1
305,83,208.85,541.69,184.10,371.88,1,-1,-1,-1
305,84,1676.02,537.03,202.74,433.84,1,-1,-1,-1
305,90,1644.66,517.72,187.17,458.20,1,-1,-1,-1
305,97,64.45,600.60,112.55,298.76,1,-1,-1,-1
305,99,1182.55,365.52,147.43,574.53,1,-1,-1,-1
305,103,777.63,440.45,154.34,498.79,1,-1,-1,-1
305,104,518.65,498.68,135.96,425.38,1,-1,-1,-1
305,106,0.00,538.73,80.51,368.71,1,-1,-1,-1
305,110,312.45,614.10,108.37,290.56,1,-1,-1,-1
305,112,138.08,517.93,146.82,379.00,1,-1,-1,-1
305,113,1170.69,362.67,156.71,580.96,1,-1,-1,-1
305,114,363.81,473.39,124.51,429.00,1,-1,-1,-1
305,115,1565.27,336.68,228.63,627.24,1,-1,-1,-1
305,116,870.85,397.63,152.69,528.06,1,-1,-1,-1
305,117,532.08,399.68,144.32,526.10,1,-1,-1,-1
305,118,842.29,484.16,161.71,452.02,1,-1,-1,-1
305,119,1204.62,377.60,164.38,576.65,1,-1,-1,-1
306,54,455.59,473.86,163.57,447.73,1,-1,-1,-1
306,61,851.10,395.16,176.80,532.98,1,-1,-1,-1
306,82,6.03,532.03,216.87,371.47,1,-1,-1,-1
306,83,208.85,541.69,184.10,371.88,1,-1,-1,-1
306,84,1692.20,534.60,203.52,437.75,1,-1,-1,-1
306,90,1644.66,517.72,187.17,458.20,1,-1,-1,-1
306,97,77.13,599.76,112.73,297.56,1,-1,-1,-1
306,99,1182.55,365.52,147.43,574.53,1,-1,-1,-1
306,103,777.63,440.45,154.34,498.79,1,-1,-1,-1
306,104,538.67,495.58,142.39,429.66,1,-1,-1,-1
306,106,0.00,538.73,80.51,368.71,1,-1,-1,-1
306,110,325.40,616.26,110.60,287.62,1,-1,-1,-1
306,112,149.51,518.20,144.34,379.38,1,-1,-1,-1
306,113,1191.62,366.84,155.68,567.65,1,-1,-1,-1
306,114,370.92,472.82,128.27,427.42,1,-1,-1,-1
306,115,1575.57,336.09,237.78,632.21,1,-1,-1,-1
306,116,878.10,395.12,157.06,528.88,1,-1,-1,-1
306,117,541.95,397.51,146.36,520.05,1,-1,-1,-1
306,118,852.67,524.05,152.31,411.51,1,-1,-1,-1
306,119,1212.90,409.79,169.91,550.52,1,-1,-1,-1
307,54,455.59,473.86,163.57,447.73,1,-1,-1,-1
307,61,854.36,393.71,179.81,525.55,1,-1,-1,-1
307,82,6.03,532.03,216.87,371.47,1,-1,-1,-1
307,83,208.85,541.69,184.10,371.88,1,-1,-1,-1
307,84,1685.32,535.66,211.57,439.59,1,-1,-1,-1
307,90,1644.66,517.72,187.17,458.20,1,-1,-1,-1
307,97,84.28,598.93,117.40,298.18,1,-1,-1,-1
307,99,1182.55,365.52,147.43,574.53,1,-1,-1,-1
307,103,777.63,440.45,154.34,498.79,1,-1,-1,-1
307,104,543.33,408.41,148.18,512.99,1,-1,-1,-1
307,106,0.00,538.73,80.51,368.71,1,-1,-1,-1
307,110,328.65,611.34,113.56,292.34,1,-1,-1,-1
307,112,153.51,514.22,149.58,380.55,1,-1,-1,-1
307,113,1196.47,368.10,161.80,568.24,1,-1,-1,-1
307,114,377.55,470.67,125.87,430.91,1,-1,-1,-1
307,115,1576.97,339.28,224.37,626.63,1,-1,-1,-1
307,116,889.48,395.05,150.16,525.26,1,-1,-1,-1
307,117,544.09,398.63,152.47,524.13,1,-1,-1,-1
307,118,859.75,545.56,147.28,390.43,1,-1,-1,-1
307,119,1220.94,410.60,172.71,548.83,1,-1,-1,-1
308,54,455.59,473.86,163.57,447.73,1,-1,-1,-1
308,61,855.69,394.44,167.36,527.95,1,-1,-1,-1
308,82,6.03,532.03,216.87,371.47,1,-1,-1,-1
308,83,208.85,541.69,184.10,371.88,1,-1,-1,-1
308,84,1687.08,527.34,205.52,451.83,1,-1,-1,-1
308,90,1644.66,517.72,187.17,458.20,1,-1,-1,-1
308,97,89.56,599.67,109.51,297.92,1,-1,-1,-1
308,99,1182.55,365.52,147.43,574.53,1,-1,-1,-1
308,103,777.63,440.45,154.34,498.79,1,-1,-1,-1
308,104,549.32,401.97,149.95,516.63,1,-1,-1,-1
308,106,0.00,538.73,80.51,368.71,1,-1,-1,-1
308,110,326.03,604.17,122.52,300.25,1,-1,-1,-1
308,112,156.48,517.57,151.02,376.69,1,-1,-1,-1
308,113,1203.55,368.59,158.09,564.42,1,-1,-1,-1
308,114,387.19,469.14,121.74,431.30,1,-1,-1,-1
308,115,1583.01,339.59,205.52,623.48,1,-1,-1,-1
308,116,898.00,397.87,158.43,520.54,1,-1,-1,-1
308,117,544.09,398.63,152.47,524.13,1,-1,-1,-1
308,118,864.03,512.11,156.83,424.59,1,-1,-1,-1
308,119,1228.26,444.19,166.85,514.95,1,-1,-1,-1
309,54,546.54,493.05,134.36,429.21,1,-1,-1,-1
309,61,855.69,394.44,167.36,527.95,1,-1,-1,-1
309,82,6.03,532.03,216.87,371.47,1,-1,-1,-1
309,83,208.85,541.69,184.10,371.88,1,-1,-1,-1
309,84,1691.52,519.33,198.54,461.79,1,-1,-1,-1
309,90,1644.66,517.72,187.17,458.20,1,-1,-1,-1
309,97,92.51,599.91,115.31,297.66,1,-1,-1,-1
309,99,1182.55,365.52,147.43,574.53,1,-1,-1,-1
309,103,777.63,440.45,154.34,498.79,1,-1,-1,-1
309,104,556.12,400.18,147.10,515.97,1,-1,-1,-1
309,106,0.00,538.73,80.51,368.71,1,-1,-1,-1
309,110,322.40,615.18,124.37,288.81,1,-1,-1,-1
309,112,158.97,511.38,157.10,382.43,1,-1,-1,-1
309,113,1208.35,366.92,148.78,568.48,1,-1,-1,-1
309,114,392.82,472.22,129.04,429.16,1,-1,-1,-1
309,115,1593.72,335.83,200.07,628.12,1,-1,-1,-1
309,116,911.98,397.42,163.75,523.57,1,-1,-1,-1
309,117,565.96,399.42,148.44,518.19,1,-1,-1,-1
309,118,873.12,527.08,142.10,409.98,1,-1,-1,-1
309,119,1227.51,400.48,163.93,559.63,1,-1,-1,-1
310,54,546.54,493.05,134.36,429.21,1,-1,-1,-1
310,61,855.69,394.44,167.36,527.95,1,-1,-1,-1
310,82,6.03,532.03,216.87,371.47,1,-1,-1,-1
310,83,208.85,541.69,184.10,371.88,1,-1,-1,-1
310,84,1696.94,511.51,193.64,470.50,1,-1,-1,-1
310,90,1644.66,517.72,187.17,458.20,1,-1,-1,-1
310,97,95.35,600.10,118.82,297.90,1,-1,-1,-1
310,99,1223.68,417.31,160.61,542.00,1,-1,-1,-1
310,103,777.63,440.45,154.34,498.79,1,-1,-1,-1
310,104,557.46,397.84,145.92,520.16,1,-1,-1,-1
310,106,0.00,538.73,80.51,368.71,1,-1,-1,-1
310,110,318.07,617.02,134.45,285.73,1,-1,-1,-1
310,112,156.60,519.27,168.01,374.95,1,-1,-1,-1
310,113,1211.87,364.55,166.18,573.53,1,-1,-1,-1
310,114,389.53,473.35,142.28,429.20,1,-1,-1,-1
310,115,1602.94,336.36,199.00,625.67,1,-1,-1,-1
310,116,913.36,395.93,190.46,525.63,1,-1,-1,-1
310,117,564.65,401.00,155.59,513.74,1,-1,-1,-1
310,118,870.66,530.46,144.21,405.49,1,-1,-1,-1
310,119,1232.97,386.06,158.77,566.79,1,-1,-1,-1
310,120,1603.55,345.43,199.70,616.27,1,-1,-1,-1
311,54,555.11,475.76,145.70,446.37,1,-1,-1,-1
311,61,855.69,394.44,167.36,527.95,1,-1,-1,-1
311,82,6.03,532.03,216.87,371.47,1,-1,-1,-1
311,83,208.85,541.69,184.10,371.88,1,-1,-1,-1
311,84,1703.28,517.55,189.55,462.85,1,-1,-1,-1
311,90,1644.66,517.72,187.17,458.20,1,-1,-1,-1
311,97,97.40,601.30,139.48,295.86,1,-1,-1,-1
311,99,1240.53,382.99,166.46,576.20,1,-1,-1,-1
311,103,777.63,440.45,154.34,498.79,1,-1,-1,-1
311,104,557.46,397.84,145.92,520.16,1,-1,-1,-1
311,106,0.00,538.73,80.51,368.71,1,-1,-1,-1
311,110,310.66,616.42,152.60,282.37,1,-1,-1,-1
311,112,162.26,521.14,178.85,375.68,1,-1,-1,-1
311,113,1184.35,366.01,200.50,573.48,1,-1,-1,-1
311,114,371.66,470.79,181.14,433.18,1,-1,-1,-1
311,115,1622.76,335.26,194.81,623.65,1,-1,-1,-1
311,116,915.25,404.97,219.05,519.67,1,-1,-1,-1
311,117,558.19,398.80,178.70,518.86,1,-1,-1,-1
311,118,861.80,499.35,169.92,435.03,1,-1,-1,-1
311,119,1232.97,386.06,158.77,566.79,1,-1,-1,-1
311,120,1628.10,336.55,188.10,617.16,1,-1,-1,-1
312,54,554.36,534.31,149.58,386.95,1,-1,-1,-1
312,61,855.69,394.44,167.36,527.95,1,-1,-1,-1
312,82,6.03,532.03,216.87,371.47,1,-1,-1,-1
312,83,208.85,541.69,184.10,371.88,1,-1,-1,-1
312,84,1695.03,518.46,199.59,459.62,1,-1,-1,-1
312,90,1644.66,517.72,187.17,458.20,1,-1,-1,-1
312,97,96.30,599.45,145.46,294.86,1,-1,-1,-1
312,99,1237.61,380.71,186.48,576.82,1,-1,-1,-1
312,103,777.63,440.45,154.34,498.79,1,-1,-1,-1
312,104,557.46,397.84,145.92,520.16,1,-1,-1,-1
312,106,0.00,538.73,80.51,368.71,1,-1,-1,-1
312,110,309.69,613.88,175.22,285.63,1,-1,-1,-1
312,112,163.35,523.32,185.13,372.03,1,-1,-1,-1
312,113,1166.69,368.72,215.06,576.45,1,-1,-1,-1
312,114,370.80,472.04,194.37,430.93,1,-1,-1,-1
312,115,1622.76,335.26,194.81,623.65,1,-1,-1,-1
312,116,915.99,409.74,230.23,520.73,1,-1,-1,-1
312,117,578.97,398.78,168.70,515.84,1,-1,-1,-1
312,118,856.27,515.80,187.25,418.54,1,-1,-1,-1
312,119,1174.48,373.62,207.34,561.25,1,-1,-1,-1
312,120,1641.19,336.20,195.64,617.88,1,-1,-1,-1
313,54,552.07,557.73,155.22,363.00,1,-1,-1,-1
313,61,849.88,406.92,218.21,525.00,1,-1,-1,-1
313,82,6.03,532.03,216.87,371.47,1,-1,-1,-1
313,83,208.85,541.69,184.10,371.88,1,-1,-1,-1
313,84,1700.70,518.65,198.83,463.23,1,-1,-1,-1
313,90,1644.66,517.72,187.17,458.20,1,-1,-1,-1
313,97,95.11,601.86,154.31,291.08,1,-1,-1,-1
313,99,1223.20,390.94,223.21,559.98,1,-1,-1,-1
313,104,557.46,397.84,145.92,520.16,1,-1,-1,-1
313,106,0.00,538.73,80.51,368.71,1,-1,-1,-1
313,110,310.13,611.82,184.95,288.65,1,-1,-1,-1
313,112,145.57,525.79,208.18,370.57,1,-1,-1,-1
313,113,1158.21,381.49,281.62,573.27,1,-1,-1,-1
313,114,381.98,476.47,205.26,424.22,1,-1,-1,-1
313,115,1622.76,335.26,194.81,623.65,1,-1,-1,-1
313,116,904.71,410.02,252.03,523.53,1,-1,-1,-1
313,117,579.47,401.15,181.17,514.09,1,-1,-1,-1
313,118,851.89,512.90,213.39,421.46,1,-1,-1,-1
313,119,1174.48,373.62,207.34,561.25,1,-1,-1,-1
313,120,1641.19,336.20,195.64,617.88,1,-1,-1,-1
314,54,550.84,557.17,167.92,362.69,1,-1,-1,-1
314,61,849.88,406.92,218.21,525.00,1,-1,-1,-1
314,83,208.85,541.69,184.10,371.88,1,-1,-1,-1
314,84,1736.75,520.00,168.00,465.61,1,-1,-1,-1
314,90,1644.66,517.72,187.17,458.20,1,-1,-1,-1
314,97,97.32,601.40,156.19,290.49,1,-1,-1,-1
314,99,1231.07,398.81,230.24,551.03,1,-1,-1,-1
314,104,557.46,397.84,145.92,520.16,1,-1,-1,-1
314,106,0.00,538.73,80.51,368.71,1,-1,-1,-1
314,110,314.57,609.70,185.35,291.42,1,-1,-1,-1
314,112,147.89,528.47,209.83,368.26,1,-1,-1,-1
314,113,1158.21,381.49,281.62,573.27,1,-1,-1,-1
314,114,401.59,487.07,190.57,413.39,1,-1,-1,-1
314,115,1645.46,432.51,247.29,549.82,1,-1,-1,-1
314,116,853.55,413.58,313.52,520.39,1,-1,-1,-1
314,117,575.71,404.21,196.11,509.57,1,-1,-1,-1
314,118,851.89,512.90,213.39,421.46,1,-1,-1,-1
314,119,1149.42,385.29,260.84,560.82,1,-1,-1,-1
314,120,1639.56,341.56,246.86,621.11,1,-1,-1,-1
315,54,549.23,553.37,183.50,367.59,1,-1,-1,-1
315,61,849.88,406.92,218.21,525.00,1,-1,-1,-1
315,83,208.85,541.69,184.10,371.88,1,-1,-1,-1
315,84,1736.75,520.00,168.00,465.61,1,-1,-1,-1
315,90,1644.66,517.72,187.17,458.20,1,-1,-1,-1
315,97,100.84,601.79,159.84,287.86,1,-1,-1,-1
315,99,1231.07,398.81,230.24,551.03,1,-1,-1,-1
315,104,557.46,397.84,145.92,520.16,1,-1,-1,-1
315,106,0.00,538.73,80.51,368.71,1,-1,-1,-1
315,110,317.52,609.52,189.66,290.25,1,-1,-1,-1
315,112,154.54,532.73,209.58,363.09,1,-1,-1,-1
315,113,1144.78,396.71,336.36,557.40,1,-1,-1,-1
315,114,387.18,481.09,220.14,421.64,1,-1,-1,-1
315,115,1645.46,432.51,247.29,549.82,1,-1,-1,-1
315,116,848.10,428.16,324.41,507.30,1,-1,-1,-1
315,117,578.52,404.79,204.33,511.05,1,-1,-1,-1
315,118,851.89,512.90,213.39,421.46,1,-1,-1,-1
315,119,1149.42,385.29,260.84,560.82,1,-1,-1,-1
315,120,1629.96,345.24,278.08,628.47,1,-1,-1,-1
316,54,548.69,546.15,193.08,371.24,1,-1,-1,-1
316,61,849.88,406.92,218.21,525.00,1,-1,-1,-1
316,83,208.85,541.69,184.10,371.88,1,-1,-1,-1
316,84,1762.63,559.22,155.81,430.04,1,-1,-1,-1
316,90,1644.66,517.72,187.17,458.20,1,-1,-1,-1
316,97,106.57,602.26,161.45,287.65,1,-1,-1,-1
316,99,1247.39,426.40,261.00,520.86,1,-1,-1,-1
316,104,599.08,405.06,199.93,508.34,1,-1,-1,-1
316,106,0.00,538.73,80.51,368.71,1,-1,-1,-1
316,110,131.74,538.23,263.37,357.79,1,-1,-1,-1
316,112,133.67,538.83,244.10,358.23,1,-1,-1,-1
316,113,1201.61,424.33,308.79,529.86,1,-1,-1,-1
316,114,376.94,488.28,243.54,413.64,1,-1,-1,-1
316,115,1611.24,486.19,295.72,484.26,1,-1,-1,-1
316,116,844.66,423.09,346.40,512.37,1,-1,-1,-1
316,117,554.57,531.36,199.87,386.62,1,-1,-1,-1
316,118,851.89,512.90,213.39,421.46,1,-1,-1,-1
316,119,1138.66,475.92,312.86,474.87,1,-1,-1,-1
316,120,1613.60,359.34,303.57,599.31,1,-1,-1,-1
317,54,551.87,541.24,201.64,373.73,1,-1,-1,-1
317,61,849.88,406.92,218.21,525.00,1,-1,-1,-1
317,83,208.85,541.69,184.10,371.88,1,-1,-1,-1
317,84,1762.63,559.22,155.81,430.04,1,-1,-1,-1
317,90,1644.66,517.72,187.17,458.20,1,-1,-1,-1
317,97,112.46,600.90,154.46,287.74,1,-1,-1,-1
317,99,1247.39,426.40,261.00,520.86,1,-1,-1,-1
317,104,611.28,409.61,202.75,503.49,1,-1,-1,-1
317,106,0.00,538.73,80.51,368.71,1,-1,-1,-1
317,110,131.74,538.23,263.37,357.79,1,-1,-1,-1
317,112,118.17,535.49,273.33,359.54,1,-1,-1,-1
317,113,1201.61,424.33,308.79,529.86,1,-1,-1,-1
317,114,356.24,503.74,280.92,396.63,1,-1,-1,-1
317,115,1598.33,380.93,314.28,587.03,1,-1,-1,-1
317,116,840.23,419.73,358.79,514.71,1,-1,-1,-1
317,117,554.57,531.36,199.87,386.62,1,-1,-1,-1
317,118,851.89,512.90,213.39,421.46,1,-1,-1,-1
317,119,1145.06,431.39,375.93,522.38,1,-1,-1,-1
317,120,1706.43,366.48,213.28,596.95,1,-1,-1,-1
318,54,551.89,545.94,202.46,370.34,1,-1,-1,-1
318,61,849.88,406.92,218.21,525.00,1,-1,-1,-1
318,83,208.85,541.69,184.10,371.88,1,-1,-1,-1
318,84,1799.30,551.17,120.28,428.20,1,-1,-1,-1
318,90,1644.66,517.72,187.17,458.20,1,-1,-1,-1
318,97,115.10,598.50,191.33,296.68,1,-1,-1,-1
318,99,1246.93,431.29,291.14,521.39,1,-1,-1,-1
318,104,614.93,409.77,208.59,503.00,1,-1,-1,-1
318,106,0.00,538.73,80.51,368.71,1,-1,-1,-1
318,110,131.74,538.23,263.37,357.79,1,-1,-1,-1
318,112,118.75,538.80,279.75,354.57,1,-1,-1,-1
318,113,1199.84,428.26,336.06,524.54,1,-1,-1,-1
318,114,370.76,491.09,272.59,408.22,1,-1,-1,-1
318,115,1585.39,377.20,317.91,587.53,1,-1,-1,-1
318,116,835.53,450.51,369.10,485.08,1,-1,-1,-1
318,117,554.57,531.36,199.87,386.62,1,-1,-1,-1
318,118,851.89,512.90,213.39,421.46,1,-1,-1,-1
318,119,1134.00,469.99,350.72,477.14,1,-1,-1,-1
318,120,1723.69,371.20,196.28,583.20,1,-1,-1,-1
319,54,552.85,540.78,210.50,375.25,1,-1,-1,-1
319,61,836.37,453.51,360.10,478.05,1,-1,-1,-1
319,83,208.85,541.69,184.10,371.88,1,-1,-1,-1
319,84,1801.96,539.68,117.81,438.96,1,-1,-1,-1
319,90,1644.66,517.72,187.17,458.20,1,-1,-1,-1
319,97,122.33,596.76,169.20,297.26,1,-1,-1,-1
319,99,1242.30,443.04,302.72,509.92,1,-1,-1,-1
319,104,601.05,413.24,229.77,500.18,1,-1,-1,-1
319,106,0.00,538.73,80.51,368.71,1,-1,-1,-1
319,110,131.74,538.23,263.37,357.79,1,-1,-1,-1
319,112,130.57,556.00,268.48,335.45,1,-1,-1,-1
319,113,1150.31,437.17,393.35,515.85,1,-1,-1,-1
319,114,370.76,491.09,272.59,408.22,1,-1,-1,-1
319,115,1576.63,378.26,330.74,585.04,1,-1,-1,-1
319,116,835.53,450.51,369.10,485.08,1,-1,-1,-1
319,117,554.57,531.36,199.87,386.62,1,-1,-1,-1
319,118,851.89,512.90,213.39,421.46,1,-1,-1,-1
319,119,1130.65,442.16,352.19,503.97,1,-1,-1,-1
319,120,1737.41,377.85,182.59,574.23,1,-1,-1,-1
319,121,434.24,493.04,206.61,408.14,1,-1,-1,-1
319,122,370.24,602.44,181.72,297.25,1,-1,-1,-1
320,54,554.41,540.18,228.90,376.15,1,-1,-1,-1
320,61,831.91,449.92,376.52,484.85,1,-1,-1,-1
320,83,208.85,541.69,184.10,371.88,1,-1,-1,-1
320,84,1757.80,515.08,161.24,471.76,1,-1,-1,-1
320,90,1644.66,517.72,187.17,458.20,1,-1,-1,-1
320,97,127.26,594.70,170.77,299.47,1,-1,-1,-1
320,99,1247.29,446.96,301.26,504.27,1,-1,-1,-1
320,104,558.98,420.41,275.74,499.34,1,-1,-1,-1
320,110,131.74,538.23,263.37,357.79,1,-1,-1,-1
320,112,130.57,556.00,268.48,335.45,1,-1,-1,-1
320,113,1143.79,442.43,405.08,508.74,1,-1,-1,-1
320,114,370.76,491.09,272.59,408.22,1,-1,-1,-1
320,115,1564.58,384.96,328.94,581.80,1,-1,-1,-1
320,116,835.53,450.51,369.10,485.08,1,-1,-1,-1
320,117,554.57,531.36,199.87,386.62,1,-1,-1,-1
320,118,851.89,512.90,213.39,421.46,1,-1,-1,-1
320,119,1130.65,442.16,352.19,503.97,1,-1,-1,-1
320,120,1730.05,388.52,189.95,566.00,1,-1,-1,-1
320,121,425.65,496.65,209.03,403.84,1,-1,-1,-1
320,122,373.17,596.08,188.54,303.24,1,-1,-1,-1
320,124,230.16,558.08,169.69,332.22,1,-1,-1,-1
321,54,554.41,540.18,228.90,376.15,1,-1,-1,-1
321,61,873.11,484.25,342.19,445.64,1,-1,-1,-1
321,84,1751.48,446.00,167.80,535.34,1,-1,-1,-1
321,90,1644.66,517.72,187.17,458.20,1,-1,-1,-1
321,97,114.53,591.54,182.94,303.43,1,-1,-1,-1
321,99,1191.57,448.05,364.85,502.60,1,-1,-1,-1
321,104,569.05,425.59,272.28,494.06,1,-1,-1,-1
321,110,131.74,538.23,263.37,357.79,1,-1,-1,-1
321,112,130.57,556.00,268.48,335.45,1,-1,-1,-1
321,113,1143.79,442.43,405.08,508.74,1,-1,-1,-1
321,114,366.42,529.00,296.75,369.85,1,-1,-1,-1
321,115,1540.82,401.60,357.26,562.89,1,-1,-1,-1
321,116,845.40,470.28,370.96,460.81,1,-1,-1,-1
321,117,554.57,531.36,199.87,386.62,1,-1,-1,-1
321,118,832.86,457.20,314.26,465.93,1,-1,-1,-1
321,119,1130.65,442.16,352.19,503.97,1,-1,-1,-1
321,120,1744.84,395.84,174.88,574.04,1,-1,-1,-1
321,121,408.14,499.31,254.37,399.94,1,-1,-1,-1
321,122,368.53,594.53,210.54,306.43,1,-1,-1,-1
321,124,225.79,558.28,176.26,331.80,1,-1,-1,-1
322,54,546.89,538.57,230.84,379.19,1,-1,-1,-1
322,61,873.11,484.25,342.19,445.64,1,-1,-1,-1
322,84,1751.48,446.00,167.80,535.34,1,-1,-1,-1
322,90,1644.66,517.72,187.17,458.20,1,-1,-1,-1
322,97,113.40,591.30,190.02,305.25,1,-1,-1,-1
322,99,1183.84,452.43,366.78,496.26,1,-1,-1,-1
322,104,543.75,434.72,298.27,483.63,1,-1,-1,-1
322,110,131.74,538.23,263.37,357.79,1,-1,-1,-1
322,112,130.57,556.00,268.48,335.45,1,-1,-1,-1
322,113,1143.79,442.43,405.08,508.74,1,-1,-1,-1
322,114,366.42,529.00,296.75,369.85,1,-1,-1,-1
322,115,1538.42,402.54,365.09,556.69,1,-1,-1,-1
322,116,839.79,479.69,377.97,450.50,1,-1,-1,-1
322,117,554.57,531.36,199.87,386.62,1,-1,-1,-1
322,118,828.81,448.94,324.68,469.91,1,-1,-1,-1
322,119,1130.65,442.16,352.19,503.97,1,-1,-1,-1
322,120,1751.27,501.71,168.07,467.56,1,-1,-1,-1
322,121,408.14,499.31,254.37,399.94,1,-1,-1,-1
322,122,369.18,593.46,203.28,308.66,1,-1,-1,-1
322,124,220.35,560.01,176.65,330.22,1,-1,-1,-1
322,125,1171.19,494.98,295.50,445.18,1,-1,-1,-1
323,54,546.89,538.57,230.84,379.19,1,-1,-1,-1
323,61,873.11,484.25,342.19,445.64,1,-1,-1,-1
323,84,1751.48,446.00,167.80,535.34,1,-1,-1,-1
323,90,1644.66,517.72,187.17,458.20,1,-1,-1,-1
323,97,111.04,591.22,187.82,303.02,1,-1,-1,-1
323,99,1188.83,452.39,365.82,496.92,1,-1,-1,-1
323,104,538.90,441.15,304.21,477.69,1,-1,-1,-1
323,110,131.74,538.23,263.37,357.79,1,-1,-1,-1
323,112,170.17,570.54,187.34,325.53,1,-1,-1,-1
323,113,1143.79,442.43,405.08,508.74,1,-1,-1,-1
323,114,366.42,529.00,296.75,369.85,1,-1,-1,-1
323,115,1536.66,413.02,371.40,544.55,1,-1,-1,-1
323,116,835.25,472.17,380.95,458.74,1,-1,-1,-1
323,117,554.57,531.36,199.87,386.62,1,-1,-1,-1
323,118,830.37,442.71,321.59,479.06,1,-1,-1,-1
323,119,1130.65,442.16,352.19,503.97,1,-1,-1,-1
323,120,1746.79,509.87,172.77,457.53,1,-1,-1,-1
323,121,426.49,499.00,199.85,399.90,1,-1,-1,-1
323,122,367.78,593.24,206.26,309.58,1,-1,-1,-1
323,124,221.84,557.02,176.83,333.83,1,-1,-1,-1
323,125,1166.92,496.02,307.46,443.79,1,-1,-1,-1
324,54,546.89,538.57,230.84,379.19,1,-1,-1,-1
324,61,873.11,484.25,342.19,445.64,1,-1,-1,-1
324,84,1751.48,446.00,167.80,535.34,1,-1,-1,-1
324,90,1644.66,517.72,187.17,458.20,1,-1,-1,-1
324,97,112.70,590.36,193.19,304.36,1,-1,-1,-1
324,99,1172.26,451.57,381.16,498.51,1,-1,-1,-1
324,104,535.31,456.09,311.07,462.51,1,-1,-1,-1
324,110,131.74,538.23,263.37,357.79,1,-1,-1,-1
324,112,165.26,559.37,214.16,337.24,1,-1,-1,-1
324,113,1143.79,442.43,405.08,508.74,1,-1,-1,-1
324,114,366.42,529.00,296.75,369.85,1,-1,-1,-1
324,115,1531.13,406.70,370.90,550.01,1,-1,-1,-1
324,116,833.67,459.35,376.25,470.85,1,-1,-1,-1
324,117,554.57,531.36,199.87,386.62,1,-1,-1,-1
324,118,830.37,442.71,321.59,479.06,1,-1,-1,-1
324,119,1130.65,442.16,352.19,503.97,1,-1,-1,-1
324,120,1747.83,494.99,171.87,471.74,1,-1,-1,-1
324,121,386.91,542.03,207.26,360.13,1,-1,-1,-1
324,122,361.79,589.30,210.48,313.56,1,-1,-1,-1
324,124,216.57,553.02,180.79,337.37,1,-1,-1,-1
324,125,1166.92,496.02,307.46,443.79,1,-1,-1,-1
325,54,546.89,538.57,230.84,379.19,1,-1,-1,-1
325,61,873.11,484.25,342.19,445.64,1,-1,-1,-1
325,84,1751.48,446.00,167.80,535.34,1,-1,-1,-1
325,90,1644.66,517.72,187.17,458.20,1,-1,-1,-1
325,97,112.70,590.36,193.19,304.36,1,-1,-1,-1
325,99,1151.96,455.47,394.61,495.44,1,-1,-1,-1
325,104,534.72,456.93,313.03,461.21,1,-1,-1,-1
325,110,131.74,538.23,263.37,357.79,1,-1,-1,-1
325,112,165.26,559.37,214.16,337.24,1,-1,-1,-1
325,113,1143.79,442.43,405.08,508.74,1,-1,-1,-1
325,114,366.42,529.00,296.75,369.85,1,-1,-1,-1
325,115,1529.28,404.03,365.53,552.34,1,-1,-1,-1
325,116,837.47,468.86,365.65,462.50,1,-1,-1,-1
325,117,554.57,531.36,199.87,386.62,1,-1,-1,-1
325,118,827.70,440.33,310.71,483.57,1,-1,-1,-1
325,119,1130.65,442.16,352.19,503.97,1,-1,-1,-1
325,120,1739.15,432.40,180.58,537.37,1,-1,-1,-1
325,121,386.91,542.03,207.26,360.13,1,-1,-1,-1
325,122,347.55,578.54,236.16,325.04,1,-1,-1,-1
325,124,206.36,551.12,189.46,339.89,1,-1,-1,-1
325,125,1166.92,496.02,307.46,443.79,1,-1,-1,-1
326,54,546.89,538.57,230.84,379.19,1,-1,-1,-1
326,61,828.91,487.78,281.67,442.65,1,-1,-1,-1
326,84,1708.75,415.84,211.18,552.86,1,-1,-1,-1
326,90,1644.66,517.72,187.17,458.20,1,-1,-1,-1
326,97,129.77,588.15,192.76,306.84,1,-1,-1,-1
326,99,1151.97,463.34,380.61,484.74,1,-1,-1,-1
326,104,539.90,454.38,307.51,465.16,1,-1,-1,-1
326,110,131.74,538.23,263.37,357.79,1,-1,-1,-1
326,112,165.26,559.37,214.16,337.24,1,-1,-1,-1
326,113,1143.79,442.43,405.08,508.74,1,-1,-1,-1
326,114,345.23,502.44,285.52,399.63,1,-1,-1,-1
326,115,1532.91,403.29,344.29,552.71,1,-1,-1,-1
326,116,827.83,458.02,358.67,475.68,1,-1,-1,-1
326,117,554.57,531.36,199.87,386.62,1,-1,-1,-1
326,118,827.09,438.15,316.07,491.58,1,-1,-1,-1
326,119,1130.65,442.16,352.19,503.97,1,-1,-1,-1
326,120,1718.70,418.02,200.76,551.41,1,-1,-1,-1
326,121,360.29,505.16,259.09,396.01,1,-1,-1,-1
326,122,354.48,592.87,212.97,311.28,1,-1,-1,-1
326,123,1819.48,396.56,100.52,568.50,1,-1,-1,-1
326,124,190.21,552.94,198.98,339.39,1,-1,-1,-1
326,125,1140.36,492.66,306.45,443.09,1,-1,-1,-1
326,127,131.64,551.21,255.16,343.41,1,-1,-1,-1
327,54,546.89,538.57,230.84,379.19,1,-1,-1,-1
327,61,834.18,488.20,259.80,412.95,1,-1,-1,-1
327,84,1692.08,436.68,227.91,538.49,1,-1,-1,-1
327,90,1644.66,517.72,187.17,458.20,1,-1,-1,-1
327,97,125.29,589.73,190.00,305.15,1,-1,-1,-1
327,99,1143.81,473.68,375.37,469.62,1,-1,-1,-1
327,104,549.47,454.54,300.63,465.25,1,-1,-1,-1
327,110,131.74,538.23,263.37,357.79,1,-1,-1,-1
327,112,165.26,559.37,214.16,337.24,1,-1,-1,-1
327,113,1143.79,442.43,405.08,508.74,1,-1,-1,-1
327,114,352.54,534.49,268.90,366.24,1,-1,-1,-1
327,115,1543.52,404.01,330.61,553.89,1,-1,-1,-1
327,116,862.94,463.05,314.07,468.17,1,-1,-1,-1
327,117,554.57,531.36,199.87,386.62,1,-1,-1,-1
327,118,903.36,483.50,252.88,448.04,1,-1,-1,-1
327,119,1190.00,469.44,330.18,479.53,1,-1,-1,-1
327,120,1699.44,476.43,220.12,499.64,1,-1,-1,-1
327,121,390.82,509.82,228.92,390.49,1,-1,-1,-1
327,122,357.26,593.72,236.26,310.11,1,-1,-1,-1
327,123,1819.48,396.56,100.52,568.50,1,-1,-1,-1
327,124,190.21,552.94,198.98,339.39,1,-1,-1,-1
327,125,1135.15,484.41,335.47,454.07,1,-1,-1,-1
327,127,159.01,556.22,226.62,338.69,1,-1,-1,-1
328,54,535.58,537.74,262.15,377.81,1,-1,-1,-1
328,61,836.77,487.19,252.74,411.18,1,-1,-1,-1
328,84,1705.63,401.08,214.18,575.23,1,-1,-1,-1
328,90,1644.66,517.72,187.17,458.20,1,-1,-1,-1
328,97,90.26,592.89,209.79,299.97,1,-1,-1,-1
328,99,1134.31,475.67,383.32,457.69,1,-1,-1,-1
328,104,534.57,456.65,310.29,459.90,1,-1,-1,-1
328,110,131.74,538.23,263.37,357.79,1,-1,-1,-1
328,112,165.26,559.37,214.16,337.24,1,-1,-1,-1
328,113,1143.79,442.43,405.08,508.74,1,-1,-1,-1
328,114,338.74,528.77,269.51,374.73,1,-1,-1,-1
328,115,1540.96,395.97,326.61,556.72,1,-1,-1,-1
328,116,859.00,443.04,308.48,486.95,1,-1,-1,-1
328,117,554.57,531.36,199.87,386.62,1,-1,-1,-1
328,118,896.23,452.40,268.82,476.07,1,-1,-1,-1
328,119,1197.50,478.79,324.05,464.95,1,-1,-1,-1
328,120,1699.44,476.43,220.12,499.64,1,-1,-1,-1
328,121,390.82,509.82,228.92,390.49,1,-1,-1,-1
328,122,357.26,593.72,236.26,310.11,1,-1,-1,-1
328,123,1819.48,396.56,100.52,568.50,1,-1,-1,-1
328,124,190.21,552.94,198.98,339.39,1,-1,-1,-1
328,125,1135.15,484.41,335.47,454.07,1,-1,-1,-1
328,127,96.54,564.31,286.61,329.13,1,-1,-1,-1
329,54,559.19,484.06,269.76,430.75,1,-1,-1,-1
329,61,820.83,497.14,275.49,421.67,1,-1,-1,-1
329,84,1715.60,408.39,204.38,556.39,1,-1,-1,-1
329,90,1644.66,517.72,187.17,458.20,1,-1,-1,-1
329,97,90.26,592.89,209.79,299.97,1,-1,-1,-1
329,99,1112.48,473.40,350.70,459.18,1,-1,-1,-1
329,104,545.30,459.00,288.86,458.55,1,-1,-1,-1
329,110,131.74,538.23,263.37,357.79,1,-1,-1,-1
329,112,165.26,559.37,214.16,337.24,1,-1,-1,-1
329,113,1143.79,442.43,405.08,508.74,1,-1,-1,-1
329,114,333.70,584.65,252.15,317.77,1,-1,-1,-1
329,115,1520.65,412.48,346.69,540.75,1,-1,-1,-1
329,116,825.84,420.61,289.61,498.52,1,-1,-1,-1
329,117,554.57,531.36,199.87,386.62,1,-1,-1,-1
329,118,896.23,452.40,268.82,476.07,1,-1,-1,-1
329,119,1225.89,482.11,288.03,459.41,1,-1,-1,-1
329,120,1720.42,415.72,199.46,551.09,1,-1,-1,-1
329,121,523.57,529.94,264.23,386.45,1,-1,-1,-1
329,122,357.26,593.72,236.26,310.11,1,-1,-1,-1
329,123,1819.48,396.56,100.52,568.50,1,-1,-1,-1
329,124,108.34,568.69,274.59,327.17,1,-1,-1,-1
329,125,1195.59,484.13,267.38,453.53,1,-1,-1,-1
329,127,87.17,571.20,292.77,321.50,1,-1,-1,-1
330,54,585.38,490.13,241.21,424.79,1,-1,-1,-1
330,61,819.08,493.16,260.32,421.02,1,-1,-1,-1
330,84,1706.74,433.35,213.26,527.30,1,-1,-1,-1
330,90,1644.66,517.72,187.17,458.20,1,-1,-1,-1
330,97,90.26,592.89,209.79,299.97,1,-1,-1,-1
330,99,1121.21,477.82,317.46,461.78,1,-1,-1,-1
330,104,526.21,524.18,269.02,392.58,1,-1,-1,-1
330,110,131.74,538.23,263.37,357.79,1,-1,-1,-1
330,112,165.26,559.37,214.16,337.24,1,-1,-1,-1
330,113,1143.79,442.43,405.08,508.74,1,-1,-1,-1
330,114,342.93,545.67,255.59,356.40,1,-1,-1,-1
330,115,1539.99,420.09,337.01,530.74,1,-1,-1,-1
330,116,825.00,416.03,266.79,500.00,1,-1,-1,-1
330,117,554.57,531.36,199.87,386.62,1,-1,-1,-1
330,118,908.61,541.99,232.31,384.80,1,-1,-1,-1
330,119,1218.20,473.55,289.72,469.44,1,-1,-1,-1
330,120,1714.53,434.05,205.45,526.59,1,-1,-1,-1
330,121,516.29,532.89,254.34,379.48,1,-1,-1,-1
330,122,357.26,593.72,236.26,310.11,1,-1,-1,-1
330,123,1819.48,396.56,100.52,568.50,1,-1,-1,-1
330,124,108.34,568.69,274.59,327.17,1,-1,-1,-1
330,125,1215.91,505.96,263.69,436.33,1,-1,-1,-1
330,127,101.16,576.81,277.42,317.93,1,-1,-1,-1
331,54,591.49,479.16,202.61,436.69,1,-1,-1,-1
331,61,825.85,498.79,240.13,420.42,1,-1,-1,-1
331,84,1647.05,410.12,272.95,552.52,1,-1,-1,-1
331,90,1644.66,517.72,187.17,458.20,1,-1,-1,-1
331,97,90.26,592.89,209.79,299.97,1,-1,-1,-1
331,99,1166.35,497.75,260.63,445.23,1,-1,-1,-1
331,104,526.21,524.18,269.02,392.58,1,-1,-1,-1
331,110,131.74,538.23,263.37,357.79,1,-1,-1,-1
331,112,165.26,559.37,214.16,337.24,1,-1,-1,-1
331,113,1143.79,442.43,405.08,508.74,1,-1,-1,-1
331,114,349.10,589.24,215.91,312.76,1,-1,-1,-1
331,115,1570.47,422.19,314.76,529.53,1,-1,-1,-1
331,116,827.25,434.97,269.13,483.50,1,-1,-1,-1
331,117,554.57,531.36,199.87,386.62,1,-1,-1,-1
331,118,902.14,495.24,265.44,434.05,1,-1,-1,-1
331,119,1218.20,473.55,289.72,469.44,1,-1,-1,-1
331,120,1714.53,434.05,205.45,526.59,1,-1,-1,-1
331,121,534.22,532.73,233.79,384.04,1,-1,-1,-1
331,122,357.26,593.72,236.26,310.11,1,-1,-1,-1
331,123,1819.48,396.56,100.52,568.50,1,-1,-1,-1
331,124,108.34,568.69,274.59,327.17,1,-1,-1,-1
331,125,1262.89,496.76,251.61,445.54,1,-1,-1,-1
331,127,126.74,574.18,240.23,322.58,1,-1,-1,-1
331,128,825.33,466.63,271.70,452.92,1,-1,-1,-1
332,54,580.55,511.72,211.62,405.06,1,-1,-1,-1
332,61,825.85,498.79,240.13,420.42,1,-1,-1,-1
332,84,1643.52,401.04,276.48,561.57,1,-1,-1,-1
332,90,1644.66,517.72,187.17,458.20,1,-1,-1,-1
332,97,90.26,592.89,209.79,299.97,1,-1,-1,-1
332,99,1157.94,496.51,262.69,446.70,1,-1,-1,-1
332,104,526.21,524.18,269.02,392.58,1,-1,-1,-1
332,110,131.74,538.23,263.37,357.79,1,-1,-1,-1
332,112,165.26,559.37,214.16,337.24,1,-1,-1,-1
332,113,1151.66,489.24,305.03,453.36,1,-1,-1,-1
332,114,356.89,563.51,193.42,337.82,1,-1,-1,-1
332,115,1561.13,445.13,301.03,506.22,1,-1,-1,-1
332,116,836.36,469.39,248.82,446.72,1,-1,-1,-1
332,117,554.57,531.36,199.87,386.62,1,-1,-1,-1
332,118,899.76,477.31,268.10,455.64,1,-1,-1,-1
332,119,1159.74,491.43,256.64,448.85,1,-1,-1,-1
332,120,1714.53,434.05,205.45,526.59,1,-1,-1,-1
332,121,526.52,530.85,226.64,380.87,1,-1,-1,-1
332,122,403.72,558.08,210.99,325.45,1,-1,-1,-1
332,123,1819.48,396.56,100.52,568.50,1,-1,-1,-1
332,124,108.34,568.69,274.59,327.17,1,-1,-1,-1
332,125,1251.73,492.35,273.55,448.98,1,-1,-1,-1
332,127,126.24,574.59,227.83,324.40,1,-1,-1,-1
332,128,825.33,466.63,271.70,452.92,1,-1,-1,-1
333,54,589.59,515.34,203.24,401.65,1,-1,-1,-1
333,61,825.85,498.79,240.13,420.42,1,-1,-1,-1
333,84,1573.55,390.37,346.45,571.22,1,-1,-1,-1
333,90,1644.66,517.72,187.17,458.20,1,-1,-1,-1
333,97,90.26,592.89,209.79,299.97,1,-1,-1,-1
333,99,1172.66,484.00,228.45,458.80,1,-1,-1,-1
333,104,526.21,524.18,269.02,392.58,1,-1,-1,-1
333,110,131.74,538.23,263.37,357.79,1,-1,-1,-1
333,112,165.26,559.37,214.16,337.24,1,-1,-1,-1
333,113,1151.66,489.24,305.03,453.36,1,-1,-1,-1
333,114,352.27,566.44,183.71,336.43,1,-1,-1,-1
333,115,1557.38,427.28,301.96,528.12,1,-1,-1,-1
333,116,838.73,482.84,237.34,436.15,1,-1,-1,-1
333,117,554.57,531.36,199.87,386.62,1,-1,-1,-1
333,118,898.73,481.41,267.80,453.68,1,-1,-1,-1
333,119,1159.74,491.43,256.64,448.85,1,-1,-1,-1
333,120,1675.91,396.60,244.09,564.26,1,-1,-1,-1
333,121,520.18,529.84,222.25,382.03,1,-1,-1,-1
333,122,401.48,556.47,221.02,336.20,1,-1,-1,-1
333,123,1819.48,396.56,100.52,568.50,1,-1,-1,-1
333,124,108.34,568.69,274.59,327.17,1,-1,-1,-1
333,125,1232.93,484.84,289.69,455.45,1,-1,-1,-1
333,127,121.13,592.98,248.02,307.67,1,-1,-1,-1
333,128,825.33,466.63,271.70,452.92,1,-1,-1,-1
334,54,603.85,507.53,201.05,409.37,1,-1,-1,-1
334,61,825.85,498.79,240.13,420.42,1,-1,-1,-1
334,84,1576.88,384.92,343.12,578.45,1,-1,-1,-1
334,90,1644.66,517.72,187.17,458.20,1,-1,-1,-1
334,97,90.26,592.89,209.79,299.97,1,-1,-1,-1
334,99,1177.19,495.96,200.20,444.60,1,-1,-1,-1
334,104,526.21,524.18,269.02,392.58,1,-1,-1,-1
334,110,131.74,538.23,263.37,357.79,1,-1,-1,-1
334,112,165.26,559.37,214.16,337.24,1,-1,-1,-1
334,113,1151.66,489.24,305.03,453.36,1,-1,-1,-1
334,114,348.40,571.15,190.21,330.54,1,-1,-1,-1
334,115,1557.03,438.76,283.95,521.12,1,-1,-1,-1
334,116,833.50,492.83,230.14,427.28,1,-1,-1,-1
334,117,554.57,531.36,199.87,386.62,1,-1,-1,-1
334,118,901.35,477.75,263.56,455.20,1,-1,-1,-1
334,119,1159.74,491.43,256.64,448.85,1,-1,-1,-1
334,120,1644.60,389.44,275.40,572.33,1,-1,-1,-1
334,121,520.70,516.03,236.85,395.72,1,-1,-1,-1
334,122,372.49,574.61,206.80,323.29,1,-1,-1,-1
334,123,1819.48,396.56,100.52,568.50,1,-1,-1,-1
334,124,108.34,568.69,274.59,327.17,1,-1,-1,-1
334,125,1219.25,462.91,299.59,478.81,1,-1,-1,-1
334,127,125.60,596.37,209.49,305.47,1,-1,-1,-1
334,128,825.33,466.63,271.70,452.92,1,-1,-1,-1
335,54,611.78,506.01,207.25,410.00,1,-1,-1,-1
335,61,825.85,498.79,240.13,420.42,1,-1,-1,-1
335,84,1576.88,384.92,343.12,578.45,1,-1,-1,-1
335,90,1644.66,517.72,187.17,458.20,1,-1,-1,-1
335,97,90.26,592.89,209.79,299.97,1,-1,-1,-1
335,99,1177.19,495.96,200.20,444.60,1,-1,-1,-1
335,104,507.90,521.35,239.43,394.41,1,-1,-1,-1
335,110,131.74,538.23,263.37,357.79,1,-1,-1,-1
335,112,165.26,559.37,214.16,337.24,1,-1,-1,-1
335,113,1176.82,518.18,251.52,423.16,1,-1,-1,-1
335,114,349.93,571.55,182.45,328.69,1,-1,-1,-1
335,115,1541.26,472.39,285.93,487.10,1,-1,-1,-1
335,116,831.63,495.09,221.55,426.63,1,-1,-1,-1
335,117,554.57,531.36,199.87,386.62,1,-1,-1,-1
335,118,902.23,470.16,268.49,461.02,1,-1,-1,-1
335,119,1159.74,491.43,256.64,448.85,1,-1,-1,-1
335,120,1694.27,381.54,225.73,583.32,1,-1,-1,-1
335,121,510.20,516.12,243.10,398.10,1,-1,-1,-1
335,122,401.13,577.08,193.05,316.59,1,-1,-1,-1
335,123,1819.48,396.56,100.52,568.50,1,-1,-1,-1
335,124,108.34,568.69,274.59,327.17,1,-1,-1,-1
335,125,1237.70,453.47,278.64,490.35,1,-1,-1,-1
335,127,115.89,584.22,228.85,314.80,1,-1,-1,-1
335,128,825.33,466.63,271.70,452.92,1,-1,-1,-1
336,54,600.68,506.79,228.50,413.07,1,-1,-1,-1
336,61,838.07,487.51,178.86,430.50,1,-1,-1,-1
336,84,1694.75,390.91,225.25,567.19,1,-1,-1,-1
336,97,90.26,592.89,209.79,299.97,1,-1,-1,-1
336,99,1165.25,523.73,200.62,415.11,1,-1,-1,-1
336,104,498.50,540.01,182.35,373.02,1,-1,-1,-1
336,110,131.74,538.23,263.37,357.79,1,-1,-1,-1
336,112,165.26,559.37,214.16,337.24,1,-1,-1,-1
336,113,1176.82,518.18,251.52,423.16,1,-1,-1,-1
336,114,348.84,568.74,182.38,331.05,1,-1,-1,-1
336,115,1509.23,485.04,309.84,473.10,1,-1,-1,-1
336,116,831.63,495.09,221.55,426.63,1,-1,-1,-1
336,117,554.57,531.36,199.87,386.62,1,-1,-1,-1
336,118,902.45,466.67,281.14,466.69,1,-1,-1,-1
336,119,1159.74,491.43,256.64,448.85,1,-1,-1,-1
336,120,1703.14,387.16,216.86,565.68,1,-1,-1,-1
336,121,393.36,555.91,234.31,343.42,1,-1,-1,-1
336,122,355.00,568.47,205.53,330.71,1,-1,-1,-1
336,123,1819.48,396.56,100.52,568.50,1,-1,-1,-1
336,124,108.34,568.69,274.59,327.17,1,-1,-1,-1
336,125,1281.31,443.35,238.90,498.99,1,-1,-1,-1
336,127,124.75,576.56,207.02,323.27,1,-1,-1,-1
336,128,825.33,466.63,271.70,452.92,1,-1,-1,-1
337,54,598.02,503.88,236.01,413.61,1,-1,-1,-1
337,61,837.94,496.70,160.80,420.87,1,-1,-1,-1
337,84,1694.75,390.91,225.25,567.19,1,-1,-1,-1
337,97,90.26,592.89,209.79,299.97,1,-1,-1,-1
337,99,1154.22,531.41,199.96,407.97,1,-1,-1,-1
337,104,492.70,542.00,166.18,370.70,1,-1,-1,-1
337,110,131.74,538.23,263.37,357.79,1,-1,-1,-1
337,112,165.26,559.37,214.16,337.24,1,-1,-1,-1
337,113,1176.82,518.18,251.52,423.16,1,-1,-1,-1
337,114,348.84,568.74,182.38,331.05,1,-1,-1,-1
337,115,1501.86,489.18,313.56,466.67,1,-1,-1,-1
337,116,831.63,495.09,221.55,426.63,1,-1,-1,-1
337,117,554.57,531.36,199.87,386.62,1,-1,-1,-1
337,118,896.54,466.27,288.28,466.43,1,-1,-1,-1
337,119,1159.74,491.43,256.64,448.85,1,-1,-1,-1
337,120,1702.93,392.66,217.07,568.52,1,-1,-1,-1
337,121,429.25,562.64,186.13,337.64,1,-1,-1,-1
337,122,346.31,569.69,191.32,332.11,1,-1,-1,-1
337,123,1819.48,396.56,100.52,568.50,1,-1,-1,-1
337,124,108.34,568.69,274.59,327.17,1,-1,-1,-1
337,125,1284.96,439.54,231.12,503.84,1,-1,-1,-1
337,127,111.66,579.58,219.92,323.96,1,-1,-1,-1
337,128,825.33,466.63,271.70,452.92,1,-1,-1,-1
338,54,607.88,502.48,226.64,416.07,1,-1,-1,-1
338,61,833.93,501.15,157.06,421.69,1,-1,-1,-1
338,84,1694.75,390.91,225.25,567.19,1,-1,-1,-1
338,97,90.26,592.89,209.79,299.97,1,-1,-1,-1
338,99,1143.82,533.33,216.58,407.52,1,-1,-1,-1
338,104,487.27,526.93,168.81,387.10,1,-1,-1,-1
338,110,131.74,538.23,263.37,357.79,1,-1,-1,-1
338,112,165.26,559.37,214.16,337.24,1,-1,-1,-1
338,113,1278.63,446.59,228.73,498.18,1,-1,-1,-1
338,114,348.84,568.74,182.38,331.05,1,-1,-1,-1
338,115,1502.62,482.27,291.60,470.69,1,-1,-1,-1
338,116,831.63,495.09,221.55,426.63,1,-1,-1,-1
338,117,554.57,531.36,199.87,386.62,1,-1,-1,-1
338,118,886.83,466.11,292.66,468.26,1,-1,-1,-1
338,119,1159.74,491.43,256.64,448.85,1,-1,-1,-1
338,120,1695.56,394.48,224.44,571.45,1,-1,-1,-1
338,121,450.09,562.37,155.49,342.10,1,-1,-1,-1
338,122,342.64,572.16,157.11,329.28,1,-1,-1,-1
338,123,1819.48,396.56,100.52,568.50,1,-1,-1,-1
338,124,108.34,568.69,274.59,327.17,1,-1,-1,-1
338,125,1294.54,442.92,223.93,500.44,1,-1,-1,-1
338,127,97.72,582.26,232.86,321.10,1,-1,-1,-1
338,128,825.33,466.63,271.70,452.92,1,-1,-1,-1
339,54,617.47,502.62,215.19,415.86,1,-1,-1,-1
339,61,830.66,503.20,164.03,421.79,1,-1,-1,-1
339,84,1694.75,390.91,225.25,567.19,1,-1,-1,-1
339,97,90.26,592.89,209.79,299.97,1,-1,-1,-1
339,99,1129.40,537.29,217.45,403.61,1,-1,-1,-1
339,104,478.05,516.13,170.11,399.47,1,-1,-1,-1
339,110,131.74,538.23,263.37,357.79,1,-1,-1,-1
339,112,165.26,559.37,214.16,337.24,1,-1,-1,-1
339,113,1278.63,446.59,228.73,498.18,1,-1,-1,-1
339,114,348.84,568.74,182.38,331.05,1,-1,-1,-1
339,115,1500.63,481.83,283.98,469.66,1,-1,-1,-1
339,116,831.63,495.09,221.55,426.63,1,-1,-1,-1
339,117,554.57,531.36,199.87,386.62,1,-1,-1,-1
339,118,880.69,464.32,294.27,469.47,1,-1,-1,-1
339,119,1159.74,491.43,256.64,448.85,1,-1,-1,-1
339,120,1696.12,395.96,223.88,572.30,1,-1,-1,-1
339,121,441.35,560.08,165.82,343.29,1,-1,-1,-1
339,122,337.84,578.59,147.37,322.59,1,-1,-1,-1
339,123,1819.48,396.56,100.52,568.50,1,-1,-1,-1
339,124,108.34,568.69,274.59,327.17,1,-1,-1,-1
339,125,1293.26,434.34,269.15,510.96,1,-1,-1,-1
339,127,89.10,582.70,240.79,319.81,1,-1,-1,-1
339,128,825.33,466.63,271.70,452.92,1,-1,-1,-1
340,54,613.51,505.42,215.93,409.92,1,-1,-1,-1
340,61,825.23,506.69,168.30,415.53,1,-1,-1,-1
340,84,1694.75,390.91,225.25,567.19,1,-1,-1,-1
340,97,90.26,592.89,209.79,299.97,1,-1,-1,-1
340,99,1126.67,538.08,214.65,401.75,1,-1,-1,-1
340,104,473.88,509.77,169.89,407.51,1,-1,-1,-1
340,110,131.74,538.23,263.37,357.79,1,-1,-1,-1
340,112,165.26,559.37,214.16,337.24,1,-1,-1,-1
340,113,1278.63,446.59,228.73,498.18,1,-1,-1,-1
340,114,336.85,577.90,162.67,322.55,1,-1,-1,-1
340,115,1508.41,484.99,272.50,463.08,1,-1,-1,-1
340,116,831.63,495.09,221.55,426.63,1,-1,-1,-1
340,117,554.57,531.36,199.87,386.62,1,-1,-1,-1
340,118,896.98,461.57,276.40,472.09,1,-1,-1,-1
340,119,1159.74,491.43,256.64,448.85,1,-1,-1,-1
340,120,1696.28,558.13,223.48,414.72,1,-1,-1,-1
340,121,453.92,559.45,162.89,343.69,1,-1,-1,-1
340,122,337.84,578.59,147.37,322.59,1,-1,-1,-1
340,123,1729.49,394.16,190.37,512.42,1,-1,-1,-1
340,124,108.34,568.69,274.59,327.17,1,-1,-1,-1
340,125,1294.66,431.23,278.60,514.56,1,-1,-1,-1
340,127,83.50,581.58,243.16,322.20,1,-1,-1,-1
340,128,825.33,466.63,271.70,452.92,1,-1,-1,-1
341,54,627.95,505.37,194.42,412.52,1,-1,-1,-1
341,61,805.85,504.58,180.68,413.75,1,-1,-1,-1
341,84,1694.75,390.91,225.25,567.19,1,-1,-1,-1
341,97,90.26,592.89,209.79,299.97,1,-1,-1,-1
341,99,1102.00,540.36,226.14,397.62,1,-1,-1,-1
341,104,453.19,507.02,178.49,412.59,1,-1,-1,-1
341,110,131.74,538.23,263.37,357.79,1,-1,-1,-1
341,112,165.26,559.37,214.16,337.24,1,-1,-1,-1
341,113,1278.63,446.59,228.73,498.18,1,-1,-1,-1
341,114,319.17,576.94,174.63,323.48,1,-1,-1,-1
341,115,1488.64,481.07,247.75,461.89,1,-1,-1,-1
341,116,831.63,495.09,221.55,426.63,1,-1,-1,-1
341,117,554.57,531.36,199.87,386.62,1,-1,-1,-1
341,118,889.80,460.48,281.93,472.13,1,-1,-1,-1
341,119,1159.74,491.43,256.64,448.85,1,-1,-1,-1
341,120,1696.28,558.13,223.48,414.72,1,-1,-1,-1
341,121,453.92,559.45,162.89,343.69,1,-1,-1,-1
341,122,337.84,578.59,147.37,322.59,1,-1,-1,-1
341,123,1695.31,392.50,224.43,567.75,1,-1,-1,-1
341,124,108.34,568.69,274.59,327.17,1,-1,-1,-1
341,125,1282.64,429.96,283.02,517.40,1,-1,-1,-1
341,127,91.46,582.35,223.37,323.84,1,-1,-1,-1
341,128,825.33,466.63,271.70,452.92,1,-1,-1,-1
342,54,638.40,505.48,177.14,413.20,1,-1,-1,-1
342,61,785.99,504.28,203.48,414.37,1,-1,-1,-1
342,84,1694.75,390.91,225.25,567.19,1,-1,-1,-1
342,97,90.26,592.89,209.79,299.97,1,-1,-1,-1
342,99,1093.60,540.02,225.51,401.25,1,-1,-1,-1
342,104,453.19,502.46,176.85,415.21,1,-1,-1,-1
342,110,131.74,538.23,263.37,357.79,1,-1,-1,-1
342,112,165.26,559.37,214.16,337.24,1,-1,-1,-1
342,113,1278.63,446.59,228.73,498.18,1,-1,-1,-1
342,114,306.34,580.39,147.04,320.42,1,-1,-1,-1
342,115,1468.29,470.58,252.64,474.19,1,-1,-1,-1
342,116,831.63,495.09,221.55,426.63,1,-1,-1,-1
342,117,554.57,531.36,199.87,386.62,1,-1,-1,-1
342,118,881.20,461.91,284.03,475.12,1,-1,-1,-1
342,119,1159.74,491.43,256.64,448.85,1,-1,-1,-1
342,120,1696.28,558.13,223.48,414.72,1,-1,-1,-1
342,121,453.92,559.45,162.89,343.69,1,-1,-1,-1
342,122,337.84,578.59,147.37,322.59,1,-1,-1,-1
342,123,1701.09,387.53,218.57,575.70,1,-1,-1,-1
342,124,108.34,568.69,274.59,327.17,1,-1,-1,-1
342,125,1272.60,433.34,262.35,510.43,1,-1,-1,-1
342,127,77.70,585.19,231.70,322.14,1,-1,-1,-1
342,128,825.33,466.63,271.70,452.92,1,-1,-1,-1
343,54,652.21,506.58,154.61,412.39,1,-1,-1,-1
343,61,789.45,502.08,163.58,420.64,1,-1,-1,-1
343,84,1694.75,390.91,225.25,567.19,1,-1,-1,-1
343,97,47.06,604.07,164.35,291.93,1,-1,-1,-1
343,99,1100.60,533.99,205.40,405.79,1,-1,-1,-1
343,104,459.52,501.03,175.28,414.69,1,-1,-1,-1
343,110,131.74,538.23,263.37,357.79,1,-1,-1,-1
343,112,165.26,559.37,214.16,337.24,1,-1,-1,-1
343,113,1278.63,446.59,228.73,498.18,1,-1,-1,-1
343,114,272.08,580.67,166.25,322.98,1,-1,-1,-1
343,115,1466.81,465.42,236.55,467.68,1,-1,-1,-1
343,116,831.63,495.09,221.55,426.63,1,-1,-1,-1
343,117,554.57,531.36,199.87,386.62,1,-1,-1,-1
343,118,878.69,458.45,275.77,478.09,1,-1,-1,-1
343,119,1159.74,491.43,256.64,448.85,1,-1,-1,-1
343,120,1696.28,558.13,223.48,414.72,1,-1,-1,-1
343,121,453.92,559.45,162.89,343.69,1,-1,-1,-1
343,122,337.84,578.59,147.37,322.59,1,-1,-1,-1
343,123,1712.97,387.53,206.83,573.81,1,-1,-1,-1
343,124,108.34,568.69,274.59,327.17,1,-1,-1,-1
343,125,1273.75,437.13,229.56,503.81,1,-1,-1,-1
343,127,87.19,589.83,208.85,315.85,1,-1,-1,-1
343,128,825.33,466.63,271.70,452.92,1,-1,-1,-1
344,54,659.10,507.19,146.02,412.25,1,-1,-1,-1
344,61,785.83,506.62,150.29,422.72,1,-1,-1,-1
344,84,1694.75,390.91,225.25,567.19,1,-1,-1,-1
344,97,49.12,607.17,178.99,289.59,1,-1,-1,-1
344,99,1097.14,540.23,206.98,399.39,1,-1,-1,-1
344,104,466.04,502.93,148.60,414.88,1,-1,-1,-1
344,110,131.74,538.23,263.37,357.79,1,-1,-1,-1
344,112,165.26,559.37,214.16,337.24,1,-1,-1,-1
344,113,1278.63,446.59,228.73,498.18,1,-1,-1,-1
344,114,238.77,582.47,184.93,322.82,1,-1,-1,-1
344,115,1466.81,465.42,236.55,467.68,1,-1,-1,-1
344,116,831.63,495.09,221.55,426.63,1,-1,-1,-1
344,117,554.57,531.36,199.87,386.62,1,-1,-1,-1
344,118,877.02,462.93,262.50,472.07,1,-1,-1,-1
344,119,1159.74,491.43,256.64,448.85,1,-1,-1,-1
344,120,1696.28,558.13,223.48,414.72,1,-1,-1,-1
344,121,453.92,559.45,162.89,343.69,1,-1,-1,-1
344,122,337.84,578.59,147.37,322.59,1,-1,-1,-1
344,123,1707.81,391.00,212.17,575.58,1,-1,-1,-1
344,124,108.34,568.69,274.59,327.17,1,-1,-1,-1
344,125,1273.75,437.13,229.56,503.81,1,-1,-1,-1
344,127,82.20,585.38,210.32,319.72,1,-1,-1,-1
344,128,825.33,466.63,271.70,452.92,1,-1,-1,-1
345,54,667.76,511.10,151.44,408.42,1,-1,-1,-1
345,61,773.59,510.17,151.81,419.28,1,-1,-1,-1
345,84,1694.75,390.91,225.25,567.19,1,-1,-1,-1
345,97,40.19,611.81,173.82,281.95,1,-1,-1,-1
345,99,1095.70,537.64,200.98,408.40,1,-1,-1,-1
345,104,442.35,500.39,156.45,419.62,1,-1,-1,-1
345,110,131.74,538.23,263.37,357.79,1,-1,-1,-1
345,112,165.26,559.37,214.16,337.24,1,-1,-1,-1
345,113,1278.63,446.59,228.73,498.18,1,-1,-1,-1
345,114,220.45,580.25,191.10,325.17,1,-1,-1,-1
345,115,1466.81,465.42,236.55,467.68,1,-1,-1,-1
345,116,831.63,495.09,221.55,426.63,1,-1,-1,-1
345,117,554.57,531.36,199.87,386.62,1,-1,-1,-1
345,118,878.67,468.16,245.98,466.78,1,-1,-1,-1
345,119,1159.74,491.43,256.64,448.85,1,-1,-1,-1
345,120,1696.28,558.13,223.48,414.72,1,-1,-1,-1
345,121,453.92,559.45,162.89,343.69,1,-1,-1,-1
345,122,337.84,578.59,147.37,322.59,1,-1,-1,-1
345,123,1686.47,395.92,233.53,567.55,1,-1,-1,-1
345,124,108.34,568.69,274.59,327.17,1,-1,-1,-1
345,125,1273.75,437.13,229.56,503.81,1,-1,-1,-1
345,127,86.77,581.68,205.47,320.31,1,-1,-1,-1
345,128,825.33,466.63,271.70,452.92,1,-1,-1,-1
345,129,1475.42,463.90,204.47,479.88,1,-1,-1,-1
345,130,1305.41,434.82,189.09,507.08,1,-1,-1,-1
346,54,663.17,518.51,164.26,405.97,1,-1,-1,-1
346,61,748.99,500.07,158.79,430.61,1,-1,-1,-1
346,84,1694.75,390.91,225.25,567.19,1,-1,-1,-1
346,97,4.52,616.69,136.81,287.27,1,-1,-1,-1
346,99,1092.27,540.14,174.47,417.30,1,-1,-1,-1
346,104,416.31,502.17,168.64,416.42,1,-1,-1,-1
346,110,131.74,538.23,263.37,357.79,1,-1,-1,-1
346,112,165.26,559.37,214.16,337.24,1,-1,-1,-1
346,113,1278.63,446.59,228.73,498.18,1,-1,-1,-1
346,114,178.69,576.76,208.27,336.29,1,-1,-1,-1
346,115,1466.81,465.42,236.55,467.68,1,-1,-1,-1
346,116,831.63,495.09,221.55,426.63,1,-1,-1,-1
346,117,554.57,531.36,199.87,386.62,1,-1,-1,-1
346,118,913.00,491.24,181.72,441.02,1,-1,-1,-1
346,119,1159.74,491.43,256.64,448.85,1,-1,-1,-1
346,120,1696.28,558.13,223.48,414.72,1,-1,-1,-1
346,121,453.92,559.45,162.89,343.69,1,-1,-1,-1
346,122,337.84,578.59,147.37,322.59,1,-1,-1,-1
346,123,1667.23,405.89,252.27,542.41,1,-1,-1,-1
346,124,108.34,568.69,274.59,327.17,1,-1,-1,-1
346,125,1273.75,437.13,229.56,503.81,1,-1,-1,-1
346,127,130.22,574.79,175.45,331.07,1,-1,-1,-1
346,128,825.33,466.63,271.70,452.92,1,-1,-1,-1
346,129,1466.22,478.66,208.68,470.50,1,-1,-1,-1
346,130,1304.95,442.98,168.47,498.98,1,-1,-1,-1
347,54,655.80,522.18,173.94,403.60,1,-1,-1,-1
347,61,735.66,498.51,161.01,424.45,1,-1,-1,-1
347,84,1694.75,390.91,225.25,567.19,1,-1,-1,-1
347,97,0.52,620.67,122.05,285.33,1,-1,-1,-1
347,99,1075.31,535.66,182.80,421.31,1,-1,-1,-1
347,104,401.06,502.30,177.09,425.30,1,-1,-1,-1
347,112,165.26,559.37,214.16,337.24,1,-1,-1,-1
347,113,1278.63,446.59,228.73,498.18,1,-1,-1,-1
347,114,165.00,574.19,211.69,337.97,1,-1,-1,-1
347,115,1458.97,479.69,217.94,467.84,1,-1,-1,-1
347,116,831.63,495.09,221.55,426.63,1,-1,-1,-1
347,118,923.54,496.38,172.99,437.93,1,-1,-1,-1
347,119,1159.74,491.43,256.64,448.85,1,-1,-1,-1
347,120,1696.28,558.13,223.48,414.72,1,-1,-1,-1
347,121,453.92,559.45,162.89,343.69,1,-1,-1,-1
347,122,337.84,578.59,147.37,322.59,1,-1,-1,-1
347,123,1669.95,414.40,249.59,536.85,1,-1,-1,-1
347,124,108.34,568.69,274.59,327.17,1,-1,-1,-1
347,125,1273.75,437.13,229.56,503.81,1,-1,-1,-1
347,127,112.87,572.40,201.96,332.14,1,-1,-1,-1
347,128,825.33,466.63,271.70,452.92,1,-1,-1,-1
347,129,1458.41,483.27,217.62,466.92,1,-1,-1,-1
347,130,1282.14,449.96,183.76,492.67,1,-1,-1,-1
347,131,1778.91,521.57,141.09,443.90,1,-1,-1,-1
348,54,642.88,524.94,174.62,401.90,1,-1,-1,-1
348,61,724.83,498.26,168.20,423.98,1,-1,-1,-1
348,84,1694.75,390.91,225.25,567.19,1,-1,-1,-1
348,97,0.56,615.65,124.15,290.39,1,-1,-1,-1
348,99,1066.72,538.64,242.19,418.57,1,-1,-1,-1
348,104,389.54,500.83,184.50,428.16,1,-1,-1,-1
348,112,165.26,559.37,214.16,337.24,1,-1,-1,-1
348,113,1278.63,446.59,228.73,498.18,1,-1,-1,-1
348,114,158.93,568.25,196.93,347.47,1,-1,-1,-1
348,115,1457.57,484.03,214.74,467.76,1,-1,-1,-1
348,116,831.63,495.09,221.55,426.63,1,-1,-1,-1
348,118,923.63,499.75,165.50,429.25,1,-1,-1,-1
348,119,1159.74,491.43,256.64,448.85,1,-1,-1,-1
348,120,1696.28,558.13,223.48,414.72,1,-1,-1,-1
348,121,453.92,559.45,162.89,343.69,1,-1,-1,-1
348,122,337.84,578.59,147.37,322.59,1,-1,-1,-1
348,123,1677.02,426.04,240.98,528.51,1,-1,-1,-1
348,124,108.34,568.69,274.59,327.17,1,-1,-1,-1
348,125,1273.75,437.13,229.56,503.81,1,-1,-1,-1
348,127,106.50,568.13,181.09,336.53,1,-1,-1,-1
348,128,825.33,466.63,271.70,452.92,1,-1,-1,-1
348,129,1456.48,484.65,213.78,468.30,1,-1,-1,-1
348,130,1260.59,457.80,195.05,483.51,1,-1,-1,-1
348,131,1768.48,526.15,151.52,440.74,1,-1,-1,-1
349,54,627.53,524.69,184.34,405.88,1,-1,-1,-1
349,61,711.02,499.00,180.15,424.84,1,-1,-1,-1
349,84,1694.75,390.91,225.25,567.19,1,-1,-1,-1
349,97,0.75,614.85,123.00,288.42,1,-1,-1,-1
349,99,1059.84,529.37,246.84,429.03,1,-1,-1,-1
349,104,377.15,499.32,193.69,429.90,1,-1,-1,-1
349,112,165.26,559.37,214.16,337.24,1,-1,-1,-1
349,113,1278.63,446.59,228.73,498.18,1,-1,-1,-1
349,114,149.91,561.69,192.93,355.41,1,-1,-1,-1
349,115,1457.57,484.03,214.74,467.76,1,-1,-1,-1
349,116,831.63,495.09,221.55,426.63,1,-1,-1,-1
349,118,918.28,494.97,166.94,440.80,1,-1,-1,-1
349,119,1159.74,491.43,256.64,448.85,1,-1,-1,-1
349,120,1696.28,558.13,223.48,414.72,1,-1,-1,-1
349,121,453.92,559.45,162.89,343.69,1,-1,-1,-1
349,122,337.84,578.59,147.37,322.59,1,-1,-1,-1
349,123,1681.58,428.78,231.31,532.25,1,-1,-1,-1
349,124,108.34,568.69,274.59,327.17,1,-1,-1,-1
349,125,1273.75,437.13,229.56,503.81,1,-1,-1,-1
349,127,105.53,566.20,173.99,338.15,1,-1,-1,-1
349,128,825.33,466.63,271.70,452.92,1,-1,-1,-1
349,129,1450.95,485.16,220.95,471.41,1,-1,-1,-1
349,130,1261.51,463.64,190.27,477.87,1,-1,-1,-1
349,131,1768.48,526.15,151.52,440.74,1,-1,-1,-1
350,54,618.24,527.29,190.11,399.60,1,-1,-1,-1
350,61,697.50,502.41,193.36,421.15,1,-1,-1,-1
350,84,1694.75,390.91,225.25,567.19,1,-1,-1,-1
350,97,0.07,608.24,102.68,293.84,1,-1,-1,-1
350,99,1046.03,524.77,210.10,433.72,1,-1,-1,-1
350,104,370.01,498.64,194.43,429.94,1,-1,-1,-1
350,112,165.26,559.37,214.16,337.24,1,-1,-1,-1
350,113,1278.63,446.59,228.73,498.18,1,-1,-1,-1
350,114,140.29,556.77,188.69,362.42,1,-1,-1,-1
350,115,1457.57,484.03,214.74,467.76,1,-1,-1,-1
350,116,831.63,495.09,221.55,426.63,1,-1,-1,-1
350,118,913.97,487.83,180.22,447.04,1,-1,-1,-1
350,119,1159.74,491.43,256.64,448.85,1,-1,-1,-1
350,120,1696.28,558.13,223.48,414.72,1,-1,-1,-1
350,121,453.92,559.45,162.89,343.69,1,-1,-1,-1
350,122,337.84,578.59,147.37,322.59,1,-1,-1,-1
350,123,1678.98,434.20,209.63,523.85,1,-1,-1,-1
350,124,108.34,568.69,274.59,327.17,1,-1,-1,-1
350,125,1273.75,437.13,229.56,503.81,1,-1,-1,-1
350,127,110.90,565.53,170.41,334.54,1,-1,-1,-1
350,128,825.33,466.63,271.70,452.92,1,-1,-1,-1
350,129,1446.81,486.83,219.78,469.28,1,-1,-1,-1
350,130,1233.76,467.80,217.52,470.98,1,-1,-1,-1
350,131,1768.48,526.15,151.52,440.74,1,-1,-1,-1
351,54,596.62,526.71,202.64,400.89,1,-1,-1,-1
351,61,672.76,507.95,198.44,415.76,1,-1,-1,-1
351,84,1694.75,390.91,225.25,567.19,1,-1,-1,-1
351,97,0.30,566.26,60.91,337.67,1,-1,-1,-1
351,99,1018.94,522.30,211.77,435.47,1,-1,-1,-1
351,104,376.93,550.36,173.16,364.75,1,-1,-1,-1
351,112,165.26,559.37,214.16,337.24,1,-1,-1,-1
351,113,1278.63,446.59,228.73,498.18,1,-1,-1,-1
351,114,64.64,550.96,238.65,369.49,1,-1,-1,-1
351,115,1457.57,484.03,214.74,467.76,1,-1,-1,-1
351,116,831.63,495.09,221.55,426.63,1,-1,-1,-1
351,118,907.74,468.85,181.53,460.38,1,-1,-1,-1
351,119,1159.74,491.43,256.64,448.85,1,-1,-1,-1
351,120,1696.28,558.13,223.48,414.72,1,-1,-1,-1
351,121,453.92,559.45,162.89,343.69,1,-1,-1,-1
351,122,337.84,578.59,147.37,322.59,1,-1,-1,-1
351,123,1653.53,440.02,198.79,513.46,1,-1,-1,-1
351,124,108.34,568.69,274.59,327.17,1,-1,-1,-1
351,125,1273.75,437.13,229.56,503.81,1,-1,-1,-1
351,127,110.90,565.53,170.41,334.54,1,-1,-1,-1
351,128,825.33,466.63,271.70,452.92,1,-1,-1,-1
351,129,1433.08,494.78,217.05,461.85,1,-1,-1,-1
351,130,1209.10,472.05,234.23,462.30,1,-1,-1,-1
351,131,1768.48,526.15,151.52,440.74,1,-1,-1,-1
352,54,578.43,524.65,221.41,398.15,1,-1,-1,-1
352,61,666.10,512.31,189.30,417.87,1,-1,-1,-1
352,84,1694.75,390.91,225.25,567.19,1,-1,-1,-1
352,97,0.30,566.26,60.91,337.67,1,-1,-1,-1
352,99,999.27,518.67,226.52,438.90,1,-1,-1,-1
352,104,356.62,563.62,191.75,349.83,1,-1,-1,-1
352,112,165.26,559.37,214.16,337.24,1,-1,-1,-1
352,113,1278.63,446.59,228.73,498.18,1,-1,-1,-1
352,114,48.31,548.42,244.46,372.46,1,-1,-1,-1
352,115,1457.57,484.03,214.74,467.76,1,-1,-1,-1
352,116,831.63,495.09,221.55,426.63,1,-1,-1,-1
352,118,903.82,479.66,187.47,449.65,1,-1,-1,-1
352,119,1159.74,491.43,256.64,448.85,1,-1,-1,-1
352,120,1696.28,558.13,223.48,414.72,1,-1,-1,-1
352,121,453.92,559.45,162.89,343.69,1,-1,-1,-1
352,122,337.84,578.59,147.37,322.59,1,-1,-1,-1
352,123,1631.16,439.92,202.83,508.28,1,-1,-1,-1
352,124,108.34,568.69,274.59,327.17,1,-1,-1,-1
352,125,1206.12,470.33,237.77,465.52,1,-1,-1,-1
352,127,110.90,565.53,170.41,334.54,1,-1,-1,-1
352,128,825.33,466.63,271.70,452.92,1,-1,-1,-1
352,129,1425.16,493.53,218.64,463.28,1,-1,-1,-1
352,130,1198.67,472.33,239.79,463.22,1,-1,-1,-1
352,131,1768.48,526.15,151.52,440.74,1,-1,-1,-1
353,54,560.84,522.08,252.73,408.39,1,-1,-1,-1
353,61,655.70,515.41,181.54,415.80,1,-1,-1,-1
353,84,1694.75,390.91,225.25,567.19,1,-1,-1,-1
353,97,0.30,566.26,60.91,337.67,1,-1,-1,-1
353,99,973.41,510.25,248.09,447.68,1,-1,-1,-1
353,104,356.62,563.62,191.75,349.83,1,-1,-1,-1
353,112,165.26,559.37,214.16,337.24,1,-1,-1,-1
353,113,1278.63,446.59,228.73,498.18,1,-1,-1,-1
353,114,38.23,547.83,251.74,375.65,1,-1,-1,-1
353,115,1457.57,484.03,214.74,467.76,1,-1,-1,-1
353,116,831.63,495.09,221.55,426.63,1,-1,-1,-1
353,118,895.85,494.03,193.46,431.98,1,-1,-1,-1
353,119,1159.74,491.43,256.64,448.85,1,-1,-1,-1
353,120,1696.28,558.13,223.48,414.72,1,-1,-1,-1
353,121,453.92,559.45,162.89,343.69,1,-1,-1,-1
353,122,337.84,578.59,147.37,322.59,1,-1,-1,-1
353,123,1603.76,445.26,213.39,495.71,1,-1,-1,-1
353,124,108.34,568.69,274.59,327.17,1,-1,-1,-1
353,125,1206.12,470.33,237.77,465.52,1,-1,-1,-1
353,127,110.90,565.53,170.41,334.54,1,-1,-1,-1
353,128,825.33,466.63,271.70,452.92,1,-1,-1,-1
353,129,1395.77,485.64,239.29,473.59,1,-1,-1,-1
353,130,1188.28,469.34,272.53,464.87,1,-1,-1,-1
353,131,1768.48,526.15,151.52,440.74,1,-1,-1,-1
353,133,279.42,499.90,261.87,432.81,1,-1,-1,-1
353,134,1851.36,501.10,68.64,460.22,1,-1,-1,-1
354,54,549.96,517.54,250.72,417.79,1,-1,-1,-1
354,61,657.51,521.87,165.14,402.69,1,-1,-1,-1
354,84,1694.75,390.91,225.25,567.19,1,-1,-1,-1
354,97,0.30,566.26,60.91,337.67,1,-1,-1,-1
354,99,960.50,503.72,252.93,450.06,1,-1,-1,-1
354,104,356.62,563.62,191.75,349.83,1,-1,-1,-1
354,112,165.26,559.37,214.16,337.24,1,-1,-1,-1
354,113,1278.63,446.59,228.73,498.18,1,-1,-1,-1
354,114,23.51,546.44,261.25,379.59,1,-1,-1,-1
354,115,1457.57,484.03,214.74,467.76,1,-1,-1,-1
354,116,831.63,495.09,221.55,426.63,1,-1,-1,-1
354,118,888.84,495.94,188.72,433.10,1,-1,-1,-1
354,119,1159.74,491.43,256.64,448.85,1,-1,-1,-1
354,120,1696.28,558.13,223.48,414.72,1,-1,-1,-1
354,121,453.92,559.45,162.89,343.69,1,-1,-1,-1
354,122,337.84,578.59,147.37,322.59,1,-1,-1,-1
354,123,1583.76,449.00,213.16,488.69,1,-1,-1,-1
354,124,108.34,568.69,274.59,327.17,1,-1,-1,-1
354,125,1206.12,470.33,237.77,465.52,1,-1,-1,-1
354,127,110.90,565.53,170.41,334.54,1,-1,-1,-1
354,128,825.33,466.63,271.70,452.92,1,-1,-1,-1
354,129,1372.12,479.20,255.62,474.62,1,-1,-1,-1
354,130,1181.53,468.58,269.74,463.70,1,-1,-1,-1
354,131,1768.48,526.15,151.52,440.74,1,-1,-1,-1
354,133,238.80,495.52,284.17,441.59,1,-1,-1,-1
354,134,1838.27,466.74,81.73,491.90,1,-1,-1,-1
355,54,536.41,518.51,243.84,407.51,1,-1,-1,-1
355,61,646.32,519.87,168.56,411.33,1,-1,-1,-1
355,84,1694.75,390.91,225.25,567.19,1,-1,-1,-1
355,97,0.30,566.26,60.91,337.67,1,-1,-1,-1
355,99,955.98,497.25,246.21,460.76,1,-1,-1,-1
355,104,318.58,559.69,196.24,357.36,1,-1,-1,-1
355,113,1278.63,446.59,228.73,498.18,1,-1,-1,-1
355,114,25.35,550.92,231.51,376.75,1,-1,-1,-1
355,115,1393.41,474.09,231.10,482.61,1,-1,-1,-1
355,116,831.63,495.09,221.55,426.63,1,-1,-1,-1
355,118,880.25,497.18,171.11,433.13,1,-1,-1,-1
355,119,1159.74,491.43,256.64,448.85,1,-1,-1,-1
355,120,1696.28,558.13,223.48,414.72,1,-1,-1,-1
355,121,453.92,559.45,162.89,343.69,1,-1,-1,-1
355,122,337.84,578.59,147.37,322.59,1,-1,-1,-1
355,123,1575.17,442.70,217.58,493.15,1,-1,-1,-1
355,124,108.34,568.69,274.59,327.17,1,-1,-1,-1
355,125,1206.12,470.33,237.77,465.52,1,-1,-1,-1
355,127,76.59,555.86,205.28,346.42,1,-1,-1,-1
355,128,825.33,466.63,271.70,452.92,1,-1,-1,-1
355,129,1372.53,473.51,246.13,480.51,1,-1,-1,-1
355,130,1170.87,460.98,274.47,469.59,1,-1,-1,-1
355,131,1768.48,526.15,151.52,440.74,1,-1,-1,-1
355,133,204.69,491.94,305.91,443.92,1,-1,-1,-1
355,134,1816.66,463.62,103.34,494.85,1,-1,-1,-1
356,54,510.44,516.40,245.61,410.04,1,-1,-1,-1
356,61,611.12,514.84,188.12,420.94,1,-1,-1,-1
356,84,1694.75,390.91,225.25,567.19,1,-1,-1,-1
356,97,0.30,566.26,60.91,337.67,1,-1,-1,-1
356,99,955.98,497.25,246.21,460.76,1,-1,-1,-1
356,104,307.57,548.62,233.39,368.17,1,-1,-1,-1
356,113,1278.63,446.59,228.73,498.18,1,-1,-1,-1
356,114,2.53,543.51,254.49,390.38,1,-1,-1,-1
356,115,1309.49,447.35,339.37,507.61,1,-1,-1,-1
356,116,831.63,495.09,221.55,426.63,1,-1,-1,-1
356,118,859.93,491.90,158.49,440.44,1,-1,-1,-1
356,119,1159.74,491.43,256.64,448.85,1,-1,-1,-1
356,120,1696.28,558.13,223.48,414.72,1,-1,-1,-1
356,121,453.92,559.45,162.89,343.69,1,-1,-1,-1
356,122,337.84,578.59,147.37,322.59,1,-1,-1,-1
356,123,1503.79,434.64,299.85,501.70,1,-1,-1,-1
356,124,108.34,568.69,274.59,327.17,1,-1,-1,-1
356,125,1150.84,442.83,258.23,489.79,1,-1,-1,-1
356,127,7.66,542.15,252.07,388.41,1,-1,-1,-1
356,128,825.33,466.63,271.70,452.92,1,-1,-1,-1
356,129,1303.40,448.38,326.63,506.18,1,-1,-1,-1
356,130,1170.87,460.98,274.47,469.59,1,-1,-1,-1
356,131,1768.48,526.15,151.52,440.74,1,-1,-1,-1
356,133,155.80,481.81,367.53,456.11,1,-1,-1,-1
356,134,1781.70,433.73,138.30,520.37,1,-1,-1,-1
357,54,498.10,514.17,229.56,414.13,1,-1,-1,-1
357,61,611.12,514.84,188.12,420.94,1,-1,-1,-1
357,84,1694.75,390.91,225.25,567.19,1,-1,-1,-1
357,97,0.30,566.26,60.91,337.67,1,-1,-1,-1
357,99,955.98,497.25,246.21,460.76,1,-1,-1,-1
357,104,307.57,548.62,233.39,368.17,1,-1,-1,-1
357,113,1278.63,446.59,228.73,498.18,1,-1,-1,-1
357,114,0.25,544.19,264.55,386.58,1,-1,-1,-1
357,115,1278.53,441.35,359.05,514.96,1,-1,-1,-1
357,116,831.63,495.09,221.55,426.63,1,-1,-1,-1
357,118,842.30,485.72,174.55,446.35,1,-1,-1,-1
357,119,1159.74,491.43,256.64,448.85,1,-1,-1,-1
357,120,1696.28,558.13,223.48,414.72,1,-1,-1,-1
357,121,453.92,559.45,162.89,343.69,1,-1,-1,-1
357,122,337.84,578.59,147.37,322.59,1,-1,-1,-1
357,123,1495.97,413.45,311.96,521.64,1,-1,-1,-1
357,124,108.34,568.69,274.59,327.17,1,-1,-1,-1
357,125,1137.19,421.45,257.84,510.14,1,-1,-1,-1
357,127,7.66,542.15,252.07,388.41,1,-1,-1,-1
357,128,825.33,466.63,271.70,452.92,1,-1,-1,-1
357,129,1303.40,448.38,326.63,506.18,1,-1,-1,-1
357,130,1170.87,460.98,274.47,469.59,1,-1,-1,-1
357,131,1768.48,526.15,151.52,440.74,1,-1,-1,-1
357,132,859.47,480.31,312.35,475.67,1,-1,-1,-1
357,133,147.66,475.84,346.07,463.42,1,-1,-1,-1
357,134,1720.44,417.25,199.56,539.40,1,-1,-1,-1
357,135,498.73,512.39,306.40,421.15,1,-1,-1,-1
358,54,485.42,504.97,233.18,422.07,1,-1,-1,-1
358,61,596.97,519.51,218.72,415.41,1,-1,-1,-1
358,84,1694.75,390.91,225.25,567.19,1,-1,-1,-1
358,97,0.30,566.26,60.91,337.67,1,-1,-1,-1
358,99,955.98,497.25,246.21,460.76,1,-1,-1,-1
358,104,307.57,548.62,233.39,368.17,1,-1,-1,-1
358,113,1278.63,446.59,228.73,498.18,1,-1,-1,-1
358,114,0.03,541.83,282.82,387.91,1,-1,-1,-1
358,115,1264.02,447.30,362.88,510.33,1,-1,-1,-1
358,116,831.63,495.09,221.55,426.63,1,-1,-1,-1
358,118,817.52,485.10,180.33,446.91,1,-1,-1,-1
358,119,1159.74,491.43,256.64,448.85,1,-1,-1,-1
358,120,1696.28,558.13,223.48,414.72,1,-1,-1,-1
358,121,453.92,559.45,162.89,343.69,1,-1,-1,-1
358,122,337.84,578.59,147.37,322.59,1,-1,-1,-1
358,123,1505.19,375.61,285.53,559.88,1,-1,-1,-1
358,124,108.34,568.69,274.59,327.17,1,-1,-1,-1
358,125,1136.58,408.12,243.21,522.98,1,-1,-1,-1
358,127,7.66,542.15,252.07,388.41,1,-1,-1,-1
358,128,825.33,466.63,271.70,452.92,1,-1,-1,-1
358,129,1303.40,448.38,326.63,506.18,1,-1,-1,-1
358,130,1170.87,460.98,274.47,469.59,1,-1,-1,-1
358,131,1768.48,526.15,151.52,440.74,1,-1,-1,-1
358,132,847.64,472.02,317.97,484.96,1,-1,-1,-1
358,133,143.26,477.85,331.75,461.39,1,-1,-1,-1
358,134,1638.88,394.26,280.12,568.66,1,-1,-1,-1
358,135,483.46,502.85,314.59,431.29,1,-1,-1,-1
359,54,475.62,499.88,234.75,431.52,1,-1,-1,-1
359,61,596.97,519.51,218.72,415.41,1,-1,-1,-1
359,84,1694.75,390.91,225.25,567.19,1,-1,-1,-1
359,97,0.30,566.26,60.91,337.67,1,-1,-1,-1
359,99,955.98,497.25,246.21,460.76,1,-1,-1,-1
359,104,269.75,560.70,251.11,360.20,1,-1,-1,-1
359,113,1278.63,446.59,228.73,498.18,1,-1,-1,-1
359,114,0.00,542.96,279.70,387.65,1,-1,-1,-1
359,115,1242.50,452.65,370.98,502.10,1,-1,-1,-1
359,116,831.63,495.09,221.55,426.63,1,-1,-1,-1
359,118,798.65,486.53,183.69,448.12,1,-1,-1,-1
359,119,1159.74,491.43,256.64,448.85,1,-1,-1,-1
359,120,1696.28,558.13,223.48,414.72,1,-1,-1,-1
359,121,453.92,559.45,162.89,343.69,1,-1,-1,-1
359,122,337.84,578.59,147.37,322.59,1,-1,-1,-1
359,123,1510.62,365.01,276.49,570.34,1,-1,-1,-1
359,124,108.34,568.69,274.59,327.17,1,-1,-1,-1
359,125,1127.27,411.14,233.60,519.60,1,-1,-1,-1
359,127,7.66,542.15,252.07,388.41,1,-1,-1,-1
359,128,825.33,466.63,271.70,452.92,1,-1,-1,-1
359,129,1303.40,448.38,326.63,506.18,1,-1,-1,-1
359,130,1132.65,413.28,228.67,517.15,1,-1,-1,-1
359,131,1768.48,526.15,151.52,440.74,1,-1,-1,-1
359,132,846.98,469.16,321.25,485.31,1,-1,-1,-1
359,133,126.26,475.66,379.50,466.17,1,-1,-1,-1
359,134,1603.16,351.55,316.01,613.88,1,-1,-1,-1
359,135,475.30,497.93,311.58,438.54,1,-1,-1,-1
360,54,465.14,493.76,237.15,440.88,1,-1,-1,-1
360,61,569.73,510.74,224.38,423.02,1,-1,-1,-1
360,84,1694.75,390.91,225.25,567.19,1,-1,-1,-1
360,97,0.30,566.26,60.91,337.67,1,-1,-1,-1
360,99,802.47,479.68,267.85,458.56,1,-1,-1,-1
360,104,269.75,560.70,251.11,360.20,1,-1,-1,-1
360,113,1278.63,446.59,228.73,498.18,1,-1,-1,-1
360,114,0.21,546.42,287.56,380.51,1,-1,-1,-1
360,115,1242.71,452.36,346.57,503.32,1,-1,-1,-1
360,116,831.63,495.09,221.55,426.63,1,-1,-1,-1
360,118,788.17,480.69,206.43,451.85,1,-1,-1,-1
360,119,1159.74,491.43,256.64,448.85,1,-1,-1,-1
360,120,1696.28,558.13,223.48,414.72,1,-1,-1,-1
360,121,453.92,559.45,162.89,343.69,1,-1,-1,-1
360,122,337.84,578.59,147.37,322.59,1,-1,-1,-1
360,123,1498.25,360.56,269.45,573.78,1,-1,-1,-1
360,125,1121.47,420.43,211.73,512.58,1,-1,-1,-1
360,127,7.66,542.15,252.07,388.41,1,-1,-1,-1
360,128,825.33,466.63,271.70,452.92,1,-1,-1,-1
360,129,1303.40,448.38,326.63,506.18,1,-1,-1,-1
360,130,1132.65,413.28,228.67,517.15,1,-1,-1,-1
360,131,1768.48,526.15,151.52,440.74,1,-1,-1,-1
360,132,848.07,464.79,310.75,488.47,1,-1,-1,-1
360,133,118.84,475.80,381.67,467.01,1,-1,-1,-1
360,134,1595.23,341.42,324.69,627.69,1,-1,-1,-1
360,135,465.64,493.56,319.14,445.21,1,-1,-1,-1
361,54,443.91,479.22,239.09,457.72,1,-1,-1,-1
361,61,569.73,510.74,224.38,423.02,1,-1,-1,-1
361,84,1694.75,390.91,225.25,567.19,1,-1,-1,-1
361,97,0.30,566.26,60.91,337.67,1,-1,-1,-1
361,99,829.24,465.51,304.90,485.23,1,-1,-1,-1
361,104,243.61,507.96,255.53,418.83,1,-1,-1,-1
361,113,1278.63,446.59,228.73,498.18,1,-1,-1,-1
361,114,0.02,545.24,258.15,381.77,1,-1,-1,-1
361,115,1200.58,449.29,362.77,499.68,1,-1,-1,-1
361,116,831.63,495.09,221.55,426.63,1,-1,-1,-1
361,118,772.00,474.67,298.19,459.43,1,-1,-1,-1
361,119,1159.74,491.43,256.64,448.85,1,-1,-1,-1
361,120,1696.28,558.13,223.48,414.72,1,-1,-1,-1
361,121,453.92,559.45,162.89,343.69,1,-1,-1,-1
361,122,337.84,578.59,147.37,322.59,1,-1,-1,-1
361,123,1473.04,375.25,293.14,557.64,1,-1,-1,-1
361,125,1101.99,428.20,259.20,504.03,1,-1,-1,-1
361,127,7.66,542.15,252.07,388.41,1,-1,-1,-1
361,128,825.33,466.63,271.70,452.92,1,-1,-1,-1
361,129,1303.40,448.38,326.63,506.18,1,-1,-1,-1
361,130,1106.95,423.31,225.19,507.30,1,-1,-1,-1
361,131,1768.48,526.15,151.52,440.74,1,-1,-1,-1
361,132,906.20,461.77,232.31,495.37,1,-1,-1,-1
361,133,95.51,475.97,340.64,465.87,1,-1,-1,-1
361,134,1570.98,348.57,349.02,629.47,1,-1,-1,-1
361,135,444.53,489.55,330.95,451.36,1,-1,-1,-1
362,54,440.80,483.09,236.39,452.45,1,-1,-1,-1
362,61,546.35,514.49,220.36,421.27,1,-1,-1,-1
362,84,1694.75,390.91,225.25,567.19,1,-1,-1,-1
362,97,0.30,566.26,60.91,337.67,1,-1,-1,-1
362,99,811.51,462.89,313.80,491.31,1,-1,-1,-1
362,104,245.59,541.57,249.18,380.54,1,-1,-1,-1
362,113,1278.63,446.59,228.73,498.18,1,-1,-1,-1
362,114,0.00,540.30,237.35,386.28,1,-1,-1,-1
362,115,1196.13,450.34,366.07,500.11,1,-1,-1,-1
362,116,831.63,495.09,221.55,426.63,1,-1,-1,-1
362,118,759.76,482.71,220.85,453.35,1,-1,-1,-1
362,119,1159.74,491.43,256.64,448.85,1,-1,-1,-1
362,120,1696.28,558.13,223.48,414.72,1,-1,-1,-1
362,121,453.92,559.45,162.89,343.69,1,-1,-1,-1
362,122,337.84,578.59,147.37,322.59,1,-1,-1,-1
362,123,1455.24,378.41,292.64,551.67,1,-1,-1,-1
362,125,1101.94,427.37,244.83,503.62,1,-1,-1,-1
362,127,7.66,542.15,252.07,388.41,1,-1,-1,-1
362,129,1303.40,448.38,326.63,506.18,1,-1,-1,-1
362,130,1097.64,430.69,262.28,501.89,1,-1,-1,-1
362,131,1768.48,526.15,151.52,440.74,1,-1,-1,-1
362,132,906.20,461.77,232.31,495.37,1,-1,-1,-1
362,133,85.97,468.90,337.44,473.91,1,-1,-1,-1
362,134,1557.73,349.17,362.19,627.40,1,-1,-1,-1
362,135,440.79,490.97,310.89,448.48,1,-1,-1,-1
363,54,434.36,480.94,222.13,455.25,1,-1,-1,-1
363,61,525.51,512.30,230.37,424.62,1,-1,-1,-1
363,84,1694.75,390.91,225.25,567.19,1,-1,-1,-1
363,97,0.30,566.26,60.91,337.67,1,-1,-1,-1
363,99,780.22,465.64,327.04,488.25,1,-1,-1,-1
363,104,245.19,566.54,241.54,358.94,1,-1,-1,-1
363,113,1278.63,446.59,228.73,498.18,1,-1,-1,-1
363,114,0.00,538.14,224.53,391.59,1,-1,-1,-1
363,115,1200.44,450.95,347.62,502.95,1,-1,-1,-1
363,116,831.63,495.09,221.55,426.63,1,-1,-1,-1
363,118,753.14,491.97,183.73,442.78,1,-1,-1,-1
363,120,1696.28,558.13,223.48,414.72,1,-1,-1,-1
363,121,453.92,559.45,162.89,343.69,1,-1,-1,-1
363,122,337.84,578.59,147.37,322.59,1,-1,-1,-1
363,123,1442.54,394.01,272.56,537.10,1,-1,-1,-1
363,125,1101.94,427.37,244.83,503.62,1,-1,-1,-1
363,127,7.66,542.15,252.07,388.41,1,-1,-1,-1
363,129,1303.40,448.38,326.63,506.18,1,-1,-1,-1
363,130,1087.91,440.23,259.19,489.67,1,-1,-1,-1
363,131,1768.48,526.15,151.52,440.74,1,-1,-1,-1
363,132,906.20,461.77,232.31,495.37,1,-1,-1,-1
363,133,72.60,464.42,389.36,477.39,1,-1,-1,-1
363,134,1549.81,353.54,370.18,618.64,1,-1,-1,-1
363,135,440.79,490.97,310.89,448.48,1,-1,-1,-1
364,54,421.44,506.89,225.80,429.52,1,-1,-1,-1
364,61,528.09,526.39,209.35,413.33,1,-1,-1,-1
364,84,1694.75,390.91,225.25,567.19,1,-1,-1,-1
364,97,0.30,566.26,60.91,337.67,1,-1,-1,-1
364,99,780.22,465.64,327.04,488.25,1,-1,-1,-1
364,104,203.78,558.20,271.21,365.60,1,-1,-1,-1
364,113,1278.63,446.59,228.73,498.18,1,-1,-1,-1
364,114,0.50,537.53,212.90,396.08,1,-1,-1,-1
364,115,1196.43,460.99,328.61,492.73,1,-1,-1,-1
364,116,831.63,495.09,221.55,426.63,1,-1,-1,-1
364,118,744.98,497.51,181.21,435.04,1,-1,-1,-1
364,120,1696.28,558.13,223.48,414.72,1,-1,-1,-1
364,121,453.92,559.45,162.89,343.69,1,-1,-1,-1
364,122,337.84,578.59,147.37,322.59,1,-1,-1,-1
364,123,1435.13,444.63,270.74,484.08,1,-1,-1,-1
364,125,1101.94,427.37,244.83,503.62,1,-1,-1,-1
364,127,7.66,542.15,252.07,388.41,1,-1,-1,-1
364,129,1303.40,448.38,326.63,506.18,1,-1,-1,-1
364,130,1079.41,445.61,277.77,484.41,1,-1,-1,-1
364,131,1768.48,526.15,151.52,440.74,1,-1,-1,-1
364,132,906.20,461.77,232.31,495.37,1,-1,-1,-1
364,133,60.24,465.86,402.60,477.42,1,-1,-1,-1
364,134,1514.41,359.95,405.52,615.23,1,-1,-1,-1
364,135,440.79,490.97,310.89,448.48,1,-1,-1,-1
365,54,386.12,515.57,250.81,427.19,1,-1,-1,-1
365,61,512.41,539.52,205.35,397.76,1,-1,-1,-1
365,84,1694.75,390.91,225.25,567.19,1,-1,-1,-1
365,97,0.30,566.26,60.91,337.67,1,-1,-1,-1
365,99,771.77,485.98,314.95,475.88,1,-1,-1,-1
365,104,203.78,558.20,271.21,365.60,1,-1,-1,-1
365,113,1278.63,446.59,228.73,498.18,1,-1,-1,-1
365,114,0.37,541.07,188.02,391.91,1,-1,-1,-1
365,115,1185.05,475.87,330.29,478.15,1,-1,-1,-1
365,116,831.63,495.09,221.55,426.63,1,-1,-1,-1
365,118,740.70,508.78,170.98,426.23,1,-1,-1,-1
365,120,1696.28,558.13,223.48,414.72,1,-1,-1,-1
365,121,453.92,559.45,162.89,343.69,1,-1,-1,-1
365,122,337.84,578.59,147.37,322.59,1,-1,-1,-1
365,123,1381.18,467.62,313.40,465.91,1,-1,-1,-1
365,125,1101.94,427.37,244.83,503.62,1,-1,-1,-1
365,127,7.66,542.15,252.07,388.41,1,-1,-1,-1
365,129,1287.53,474.33,231.56,480.06,1,-1,-1,-1
365,130,1073.94,456.06,320.06,474.90,1,-1,-1,-1
365,131,1768.48,526.15,151.52,440.74,1,-1,-1,-1
365,132,906.20,461.77,232.31,495.37,1,-1,-1,-1
365,133,42.21,478.22,347.84,466.42,1,-1,-1,-1
365,134,1570.45,366.38,349.50,611.20,1,-1,-1,-1
365,135,385.06,513.67,300.49,427.99,1,-1,-1,-1
366,54,388.59,537.86,220.57,401.50,1,-1,-1,-1
366,61,480.33,533.44,208.10,407.03,1,-1,-1,-1
366,84,1694.75,390.91,225.25,567.19,1,-1,-1,-1
366,97,0.30,566.26,60.91,337.67,1,-1,-1,-1
366,99,783.81,514.46,287.45,446.64,1,-1,-1,-1
366,104,215.38,571.06,229.44,356.87,1,-1,-1,-1
366,113,1278.63,446.59,228.73,498.18,1,-1,-1,-1
366,114,1.21,550.66,177.37,382.14,1,-1,-1,-1
366,115,1185.05,475.87,330.29,478.15,1,-1,-1,-1
366,118,729.23,521.21,176.84,414.54,1,-1,-1,-1
366,120,1696.28,558.13,223.48,414.72,1,-1,-1,-1
366,121,453.92,559.45,162.89,343.69,1,-1,-1,-1
366,122,337.84,578.59,147.37,322.59,1,-1,-1,-1
366,123,1374.97,455.07,295.81,477.59,1,-1,-1,-1
366,125,1062.35,466.47,199.80,464.82,1,-1,-1,-1
366,127,7.66,542.15,252.07,388.41,1,-1,-1,-1
366,129,1254.52,516.03,231.52,437.80,1,-1,-1,-1
366,130,1058.88,468.79,348.55,465.96,1,-1,-1,-1
366,131,1768.48,526.15,151.52,440.74,1,-1,-1,-1
366,132,815.49,511.17,258.63,451.26,1,-1,-1,-1
366,133,24.10,498.64,365.25,448.71,1,-1,-1,-1
366,134,1564.77,390.46,355.03,581.58,1,-1,-1,-1
366,135,387.46,533.60,284.24,407.87,1,-1,-1,-1
367,54,382.30,534.03,221.84,407.94,1,-1,-1,-1
367,61,477.29,523.63,203.48,418.24,1,-1,-1,-1
367,97,0.30,566.26,60.91,337.67,1,-1,-1,-1
367,99,783.81,514.46,287.45,446.64,1,-1,-1,-1
367,104,204.48,565.24,229.19,361.37,1,-1,-1,-1
367,113,1278.63,446.59,228.73,498.18,1,-1,-1,-1
367,114,0.44,542.97,97.81,387.26,1,-1,-1,-1
367,115,1343.89,452.83,247.37,477.29,1,-1,-1,-1
367,118,726.13,515.22,204.72,420.87,1,-1,-1,-1
367,120,1696.28,558.13,223.48,414.72,1,-1,-1,-1
367,121,453.92,559.45,162.89,343.69,1,-1,-1,-1
367,122,337.84,578.59,147.37,322.59,1,-1,-1,-1
367,123,1356.82,449.11,269.61,481.33,1,-1,-1,-1
367,125,1048.53,465.16,297.29,469.04,1,-1,-1,-1
367,127,7.66,542.15,252.07,388.41,1,-1,-1,-1
367,129,1246.32,491.40,226.30,463.21,1,-1,-1,-1
367,130,1119.09,477.56,350.92,472.90,1,-1,-1,-1
367,131,1768.48,526.15,151.52,440.74,1,-1,-1,-1
367,132,852.60,515.45,206.19,447.31,1,-1,-1,-1
367,133,17.82,494.64,324.81,455.91,1,-1,-1,-1
367,134,1531.54,374.93,388.40,598.46,1,-1,-1,-1
367,135,380.00,525.91,278.14,416.40,1,-1,-1,-1
368,54,382.30,534.03,221.84,407.94,1,-1,-1,-1
368,61,467.17,521.65,208.23,412.97,1,-1,-1,-1
368,97,0.30,566.26,60.91,337.67,1,-1,-1,-1
368,99,726.64,506.28,288.39,440.05,1,-1,-1,-1
368,104,174.16,549.71,250.83,373.47,1,-1,-1,-1
368,113,1278.63,446.59,228.73,498.18,1,-1,-1,-1
368,114,1.04,524.10,158.96,407.67,1,-1,-1,-1
368,115,1357.61,452.52,302.33,477.75,1,-1,-1,-1
368,118,720.24,505.09,172.88,430.08,1,-1,-1,-1
368,120,1696.28,558.13,223.48,414.72,1,-1,-1,-1
368,121,453.92,559.45,162.89,343.69,1,-1,-1,-1
368,122,337.84,578.59,147.37,322.59,1,-1,-1,-1
368,123,1356.82,449.11,269.61,481.33,1,-1,-1,-1
368,125,1037.85,464.08,202.72,468.27,1,-1,-1,-1
368,127,7.66,542.15,252.07,388.41,1,-1,-1,-1
368,129,1246.32,491.40,226.30,463.21,1,-1,-1,-1
368,130,1127.24,474.99,332.43,481.60,1,-1,-1,-1
368,131,1768.48,526.15,151.52,440.74,1,-1,-1,-1
368,132,744.72,505.91,300.73,456.62,1,-1,-1,-1
368,133,10.45,489.23,370.67,458.94,1,-1,-1,-1
368,134,1500.90,363.61,418.78,609.05,1,-1,-1,-1
368,135,373.44,519.45,253.33,426.48,1,-1,-1,-1
369,54,363.64,512.74,235.83,430.01,1,-1,-1,-1
369,61,454.13,522.08,216.37,411.60,1,-1,-1,-1
369,97,0.30,566.26,60.91,337.67,1,-1,-1,-1
369,99,712.33,500.08,252.93,442.22,1,-1,-1,-1
369,104,162.05,556.94,248.72,370.78,1,-1,-1,-1
369,114,0.99,521.20,161.65,419.24,1,-1,-1,-1
369,115,1357.61,452.52,302.33,477.75,1,-1,-1,-1
369,118,712.16,498.22,174.86,438.70,1,-1,-1,-1
369,120,1696.28,558.13,223.48,414.72,1,-1,-1,-1
369,121,453.92,559.45,162.89,343.69,1,-1,-1,-1
369,122,337.84,578.59,147.37,322.59,1,-1,-1,-1
369,123,1348.04,450.22,298.75,479.59,1,-1,-1,-1
369,125,1030.96,463.30,183.60,468.71,1,-1,-1,-1
369,127,7.66,542.15,252.07,388.41,1,-1,-1,-1
369,129,1246.32,491.40,226.30,463.21,1,-1,-1,-1
369,130,1140.52,469.46,311.30,486.88,1,-1,-1,-1
369,131,1768.48,526.15,151.52,440.74,1,-1,-1,-1
369,132,739.70,494.75,295.33,464.73,1,-1,-1,-1
369,133,4.33,484.19,335.65,466.33,1,-1,-1,-1
369,134,1518.17,367.27,401.06,607.19,1,-1,-1,-1
369,135,364.87,513.00,245.45,430.58,1,-1,-1,-1
369,137,372.84,511.86,305.86,431.18,1,-1,-1,-1
370,54,351.60,507.47,235.83,435.28,1,-1,-1,-1
370,61,443.05,522.98,218.97,420.77,1,-1,-1,-1
370,97,0.30,566.26,60.91,337.67,1,-1,-1,-1
370,99,712.33,500.08,252.93,442.22,1,-1,-1,-1
370,104,152.75,578.55,244.38,348.80,1,-1,-1,-1
370,114,0.31,520.91,163.99,416.93,1,-1,-1,-1
370,115,1357.61,452.52,302.33,477.75,1,-1,-1,-1
370,118,705.82,488.29,195.21,447.63,1,-1,-1,-1
370,120,1696.28,558.13,223.48,414.72,1,-1,-1,-1
370,121,453.92,559.45,162.89,343.69,1,-1,-1,-1
370,123,1372.51,457.19,252.75,472.54,1,-1,-1,-1
370,125,1025.25,461.09,205.07,471.78,1,-1,-1,-1
370,127,7.66,542.15,252.07,388.41,1,-1,-1,-1
370,129,1185.62,470.15,260.53,488.54,1,-1,-1,-1
370,130,1155.77,465.29,309.50,490.84,1,-1,-1,-1
370,131,1768.48,526.15,151.52,440.74,1,-1,-1,-1
370,132,739.70,494.75,295.33,464.73,1,-1,-1,-1
370,133,1.08,483.97,385.02,463.56,1,-1,-1,-1
370,134,1487.29,369.57,431.43,608.31,1,-1,-1,-1
370,135,364.87,513.00,245.45,430.58,1,-1,-1,-1
370,137,362.40,516.04,301.26,428.43,1,-1,-1,-1
371,54,351.60,507.47,235.83,435.28,1,-1,-1,-1
371,61,450.87,523.11,193.84,423.16,1,-1,-1,-1
371,97,0.30,566.26,60.91,337.67,1,-1,-1,-1
371,99,712.33,500.08,252.93,442.22,1,-1,-1,-1
371,104,122.04,564.55,256.97,361.56,1,-1,-1,-1
371,114,0.31,520.91,163.99,416.93,1,-1,-1,-1
371,115,1357.61,452.52,302.33,477.75,1,-1,-1,-1
371,118,690.01,486.27,181.65,453.69,1,-1,-1,-1
371,123,1310.92,461.36,315.17,472.26,1,-1,-1,-1
371,125,1025.25,461.09,205.07,471.78,1,-1,-1,-1
371,127,7.66,542.15,252.07,388.41,1,-1,-1,-1
371,129,1168.17,470.05,263.29,487.47,1,-1,-1,-1
371,130,1122.56,468.12,311.08,488.38,1,-1,-1,-1
371,131,1768.48,526.15,151.52,440.74,1,-1,-1,-1
371,132,739.70,494.75,295.33,464.73,1,-1,-1,-1
371,133,3.75,485.07,308.38,466.18,1,-1,-1,-1
371,134,1472.10,376.54,444.98,599.78,1,-1,-1,-1
371,135,339.92,518.38,216.73,423.16,1,-1,-1,-1
371,137,349.93,518.51,295.49,428.74,1,-1,-1,-1
371,138,785.66,490.71,225.70,472.23,1,-1,-1,-1
372,54,351.60,507.47,235.83,435.28,1,-1,-1,-1
372,61,435.14,521.98,204.28,422.84,1,-1,-1,-1
372,97,0.30,566.26,60.91,337.67,1,-1,-1,-1
372,99,712.33,500.08,252.93,442.22,1,-1,-1,-1
372,104,112.60,538.10,261.52,388.41,1,-1,-1,-1
372,114,0.31,520.91,163.99,416.93,1,-1,-1,-1
372,115,1357.61,452.52,302.33,477.75,1,-1,-1,-1
372,118,682.33,486.02,186.06,453.46,1,-1,-1,-1
372,123,1315.01,460.60,295.87,473.06,1,-1,-1,-1
372,125,1025.25,461.09,205.07,471.78,1,-1,-1,-1
372,127,7.66,542.15,252.07,388.41,1,-1,-1,-1
372,129,1310.34,455.52,272.11,476.14,1,-1,-1,-1
372,130,1112.19,463.62,305.44,492.52,1,-1,-1,-1
372,131,1768.48,526.15,151.52,440.74,1,-1,-1,-1
372,132,739.70,494.75,295.33,464.73,1,-1,-1,-1
372,133,1.67,484.87,293.59,468.15,1,-1,-1,-1
372,134,1466.78,374.94,448.92,596.15,1,-1,-1,-1
372,135,329.29,517.43,216.30,419.37,1,-1,-1,-1
372,137,349.93,518.51,295.49,428.74,1,-1,-1,-1
372,138,788.67,495.88,219.35,467.20,1,-1,-1,-1
372,140,992.23,466.61,298.04,466.41,1,-1,-1,-1
373,54,326.61,515.11,231.71,424.35,1,-1,-1,-1
373,61,427.36,521.03,206.26,422.88,1,-1,-1,-1
373,97,0.30,566.26,60.91,337.67,1,-1,-1,-1
373,99,712.33,500.08,252.93,442.22,1,-1,-1,-1
373,104,112.60,538.10,261.52,388.41,1,-1,-1,-1
373,114,0.31,520.91,163.99,416.93,1,-1,-1,-1
373,115,1357.61,452.52,302.33,477.75,1,-1,-1,-1
373,118,676.72,487.68,201.23,450.89,1,-1,-1,-1
373,123,1302.09,462.28,304.07,471.05,1,-1,-1,-1
373,125,989.38,469.26,197.73,462.43,1,-1,-1,-1
373,127,7.66,542.15,252.07,388.41,1,-1,-1,-1
373,129,1312.83,460.55,292.61,473.11,1,-1,-1,-1
373,130,1118.11,465.65,295.59,491.40,1,-1,-1,-1
373,131,1768.48,526.15,151.52,440.74,1,-1,-1,-1
373,132,739.70,494.75,295.33,464.73,1,-1,-1,-1
373,133,0.17,480.79,300.66,470.69,1,-1,-1,-1
373,134,1464.38,375.58,452.08,596.49,1,-1,-1,-1
373,135,329.29,517.43,216.30,419.37,1,-1,-1,-1
373,137,349.93,518.51,295.49,428.74,1,-1,-1,-1
373,138,780.49,497.32,224.64,467.06,1,-1,-1,-1
373,139,705.33,495.20,295.64,461.73,1,-1,-1,-1
373,140,992.23,466.61,298.04,466.41,1,-1,-1,-1
373,141,1690.01,381.22,229.13,551.62,1,-1,-1,-1
374,54,316.20,512.08,226.76,429.57,1,-1,-1,-1
374,61,419.91,518.93,207.85,416.06,1,-1,-1,-1
374,97,0.30,566.26,60.91,337.67,1,-1,-1,-1
374,99,712.33,500.08,252.93,442.22,1,-1,-1,-1
374,104,105.38,516.95,253.72,408.26,1,-1,-1,-1
374,114,0.31,520.91,163.99,416.93,1,-1,-1,-1
374,115,1357.61,452.52,302.33,477.75,1,-1,-1,-1
374,118,672.22,477.75,166.04,461.11,1,-1,-1,-1
374,123,1273.34,464.25,318.27,467.65,1,-1,-1,-1
374,125,981.99,470.93,199.45,459.83,1,-1,-1,-1
374,127,7.66,542.15,252.07,388.41,1,-1,-1,-1
374,129,1333.62,457.26,251.71,472.72,1,-1,-1,-1
374,130,1104.27,467.98,302.61,489.69,1,-1,-1,-1
374,131,1768.48,526.15,151.52,440.74,1,-1,-1,-1
374,132,739.70,494.75,295.33,464.73,1,-1,-1,-1
374,133,0.14,480.78,283.71,469.56,1,-1,-1,-1
374,134,1465.86,374.06,451.58,601.08,1,-1,-1,-1
374,135,329.29,517.43,216.30,419.37,1,-1,-1,-1
374,137,349.93,518.51,295.49,428.74,1,-1,-1,-1
374,138,780.49,497.32,224.64,467.06,1,-1,-1,-1
374,139,704.03,495.56,297.66,465.81,1,-1,-1,-1
374,140,992.23,466.61,298.04,466.41,1,-1,-1,-1
374,141,1690.01,381.22,229.13,551.62,1,-1,-1,-1
375,54,316.20,512.08,226.76,429.57,1,-1,-1,-1
375,61,415.22,519.21,206.95,419.23,1,-1,-1,-1
375,97,0.30,566.26,60.91,337.67,1,-1,-1,-1
375,99,712.33,500.08,252.93,442.22,1,-1,-1,-1
375,104,105.38,516.95,253.72,408.26,1,-1,-1,-1
375,114,0.31,520.91,163.99,416.93,1,-1,-1,-1
375,115,1668.64,387.30,223.95,544.66,1,-1,-1,-1
375,118,667.78,477.30,153.30,461.13,1,-1,-1,-1
375,123,1273.34,464.25,318.27,467.65,1,-1,-1,-1
375,125,979.35,471.23,193.44,460.55,1,-1,-1,-1
375,127,7.66,542.15,252.07,388.41,1,-1,-1,-1
375,129,1333.62,457.26,251.71,472.72,1,-1,-1,-1
375,130,1083.25,468.78,318.79,486.42,1,-1,-1,-1
375,131,1768.48,526.15,151.52,440.74,1,-1,-1,-1
375,132,739.70,494.75,295.33,464.73,1,-1,-1,-1
375,133,0.01,479.76,281.83,472.27,1,-1,-1,-1
375,134,1457.19,373.14,459.46,600.67,1,-1,-1,-1
375,135,329.29,517.43,216.30,419.37,1,-1,-1,-1
375,137,349.93,518.51,295.49,428.74,1,-1,-1,-1
375,138,780.49,497.32,224.64,467.06,1,-1,-1,-1
375,139,710.84,494.55,289.34,469.70,1,-1,-1,-1
375,140,992.23,466.61,298.04,466.41,1,-1,-1,-1
375,141,1694.20,383.63,225.71,563.46,1,-1,-1,-1
376,54,306.43,512.18,217.28,431.44,1,-1,-1,-1
376,61,409.72,536.64,202.00,404.15,1,-1,-1,-1
376,97,0.30,566.26,60.91,337.67,1,-1,-1,-1
376,99,712.33,500.08,252.93,442.22,1,-1,-1,-1
376,104,105.38,516.95,253.72,408.26,1,-1,-1,-1
376,114,0.31,520.91,163.99,416.93,1,-1,-1,-1
376,115,1750.36,406.89,166.90,532.51,1,-1,-1,-1
376,118,660.10,488.88,173.81,449.20,1,-1,-1,-1
376,123,1273.50,469.76,300.02,461.30,1,-1,-1,-1
376,125,964.09,472.66,291.56,460.97,1,-1,-1,-1
376,127,7.66,542.15,252.07,388.41,1,-1,-1,-1
376,129,1333.62,457.26,251.71,472.72,1,-1,-1,-1
376,130,1072.31,482.82,322.56,471.64,1,-1,-1,-1
376,131,1768.48,526.15,151.52,440.74,1,-1,-1,-1
376,132,739.70,494.75,295.33,464.73,1,-1,-1,-1
376,133,0.00,495.58,317.93,456.30,1,-1,-1,-1
376,134,1457.35,393.39,458.42,575.71,1,-1,-1,-1
376,135,329.29,517.43,216.30,419.37,1,-1,-1,-1
376,137,307.60,508.59,296.85,435.62,1,-1,-1,-1
376,138,780.49,497.32,224.64,467.06,1,-1,-1,-1
376,139,717.67,494.59,281.30,467.94,1,-1,-1,-1
376,140,966.53,474.56,312.84,459.12,1,-1,-1,-1
376,141,1694.20,383.63,225.71,563.46,1,-1,-1,-1
377,54,298.31,521.88,218.93,422.95,1,-1,-1,-1
377,61,408.76,542.03,197.22,398.15,1,-1,-1,-1
377,97,0.30,566.26,60.91,337.67,1,-1,-1,-1
377,99,712.33,500.08,252.93,442.22,1,-1,-1,-1
377,104,105.38,516.95,253.72,408.26,1,-1,-1,-1
377,114,0.31,520.91,163.99,416.93,1,-1,-1,-1
377,115,1773.90,416.95,145.82,527.50,1,-1,-1,-1
377,118,655.33,496.13,189.82,442.44,1,-1,-1,-1
377,123,1175.01,490.23,232.51,462.31,1,-1,-1,-1
377,125,1077.19,489.71,309.78,459.76,1,-1,-1,-1
377,127,7.66,542.15,252.07,388.41,1,-1,-1,-1
377,129,1333.62,457.26,251.71,472.72,1,-1,-1,-1
377,130,1072.44,492.11,324.05,457.58,1,-1,-1,-1
377,131,1768.48,526.15,151.52,440.74,1,-1,-1,-1
377,132,739.70,494.75,295.33,464.73,1,-1,-1,-1
377,133,0.00,500.00,329.14,452.61,1,-1,-1,-1
377,134,1461.27,407.84,454.23,560.99,1,-1,-1,-1
377,135,329.29,517.43,216.30,419.37,1,-1,-1,-1
377,137,295.32,514.71,293.01,429.45,1,-1,-1,-1
377,138,780.49,497.32,224.64,467.06,1,-1,-1,-1
377,139,705.71,497.53,289.38,465.31,1,-1,-1,-1
377,140,959.93,477.40,325.81,455.39,1,-1,-1,-1
377,141,1694.20,383.63,225.71,563.46,1,-1,-1,-1
377,142,1278.36,471.81,291.76,459.26,1,-1,-1,-1
378,54,287.42,520.17,214.37,422.12,1,-1,-1,-1
378,61,414.22,537.60,183.97,406.74,1,-1,-1,-1
378,97,0.30,566.26,60.91,337.67,1,-1,-1,-1
378,99,712.33,500.08,252.93,442.22,1,-1,-1,-1
378,104,67.33,526.30,266.11,400.07,1,-1,-1,-1
378,114,0.31,520.91,163.99,416.93,1,-1,-1,-1
378,115,1773.90,416.95,145.82,527.50,1,-1,-1,-1
378,118,650.69,496.32,174.75,443.66,1,-1,-1,-1
378,123,1157.11,503.96,222.95,450.73,1,-1,-1,-1
378,125,1077.19,489.71,309.78,459.76,1,-1,-1,-1
378,127,7.66,542.15,252.07,388.41,1,-1,-1,-1
378,129,1333.62,457.26,251.71,472.72,1,-1,-1,-1
378,130,1076.59,501.09,308.24,451.01,1,-1,-1,-1
378,131,1768.48,526.15,151.52,440.74,1,-1,-1,-1
378,132,739.70,494.75,295.33,464.73,1,-1,-1,-1
378,133,0.00,497.82,327.41,454.56,1,-1,-1,-1
378,134,1458.88,407.70,458.26,562.13,1,-1,-1,-1
378,135,329.29,517.43,216.30,419.37,1,-1,-1,-1
378,137,295.32,514.71,293.01,429.45,1,-1,-1,-1
378,138,780.49,497.32,224.64,467.06,1,-1,-1,-1
378,139,687.90,499.92,299.42,465.29,1,-1,-1,-1
378,140,957.77,476.46,308.99,458.86,1,-1,-1,-1
378,141,1694.20,383.63,225.71,563.46,1,-1,-1,-1
378,142,1276.05,470.72,288.11,458.89,1,-1,-1,-1
379,54,281.62,520.78,218.10,417.31,1,-1,-1,-1
379,61,402.34,532.25,192.59,412.83,1,-1,-1,-1
379,97,0.30,566.26,60.91,337.67,1,-1,-1,-1
379,99,712.33,500.08,252.93,442.22,1,-1,-1,-1
379,104,67.33,526.30,266.11,400.07,1,-1,-1,-1
379,114,0.31,520.91,163.99,416.93,1,-1,-1,-1
379,115,1773.90,416.95,145.82,527.50,1,-1,-1,-1
379,118,648.03,494.40,182.19,446.31,1,-1,-1,-1
379,123,1157.11,503.96,222.95,450.73,1,-1,-1,-1
379,125,1077.19,489.71,309.78,459.76,1,-1,-1,-1
379,127,7.66,542.15,252.07,388.41,1,-1,-1,-1
379,129,1333.62,457.26,251.71,472.72,1,-1,-1,-1
379,130,1073.84,490.11,296.79,464.80,1,-1,-1,-1
379,132,739.70,494.75,295.33,464.73,1,-1,-1,-1
379,133,0.00,494.51,254.60,457.13,1,-1,-1,-1
379,134,1456.54,386.95,461.55,581.48,1,-1,-1,-1
379,135,329.29,517.43,216.30,419.37,1,-1,-1,-1
379,137,295.32,514.71,293.01,429.45,1,-1,-1,-1
379,138,780.49,497.32,224.64,467.06,1,-1,-1,-1
379,139,682.00,501.34,300.82,463.76,1,-1,-1,-1
379,140,951.24,479.84,251.97,454.31,1,-1,-1,-1
379,141,1694.20,383.63,225.71,563.46,1,-1,-1,-1
379,142,1266.09,473.63,294.96,457.15,1,-1,-1,-1
380,54,273.70,513.84,223.95,428.25,1,-1,-1,-1
380,61,385.83,524.37,203.40,418.96,1,-1,-1,-1
380,97,0.30,566.26,60.91,337.67,1,-1,-1,-1
380,99,712.33,500.08,252.93,442.22,1,-1,-1,-1
380,104,63.53,507.32,253.50,422.96,1,-1,-1,-1
380,114,0.31,520.91,163.99,416.93,1,-1,-1,-1
380,115,1773.90,416.95,145.82,527.50,1,-1,-1,-1
380,118,641.83,492.64,187.90,448.10,1,-1,-1,-1
380,123,1157.11,503.96,222.95,450.73,1,-1,-1,-1
380,125,1077.19,489.71,309.78,459.76,1,-1,-1,-1
380,127,7.66,542.15,252.07,388.41,1,-1,-1,-1
380,129,1333.62,457.26,251.71,472.72,1,-1,-1,-1
380,130,1074.44,495.45,299.34,459.07,1,-1,-1,-1
380,132,739.70,494.75,295.33,464.73,1,-1,-1,-1
380,133,0.00,492.92,240.13,460.76,1,-1,-1,-1
380,134,1461.54,382.07,456.42,587.65,1,-1,-1,-1
380,135,329.29,517.43,216.30,419.37,1,-1,-1,-1
380,137,274.62,510.44,313.11,434.96,1,-1,-1,-1
380,138,780.49,497.32,224.64,467.06,1,-1,-1,-1
380,139,685.92,502.30,291.43,462.48,1,-1,-1,-1
380,140,942.30,480.77,241.41,453.53,1,-1,-1,-1
380,141,1694.20,383.63,225.71,563.46,1,-1,-1,-1
380,142,1253.88,476.66,299.83,453.00,1,-1,-1,-1
381,54,259.59,515.51,228.51,428.92,1,-1,-1,-1
381,61,380.87,518.06,195.92,424.50,1,-1,-1,-1
381,97,0.30,566.26,60.91,337.67,1,-1,-1,-1
381,99,712.33,500.08,252.93,442.22,1,-1,-1,-1
381,104,64.17,498.99,235.19,428.13,1,-1,-1,-1
381,114,0.31,520.91,163.99,416.93,1,-1,-1,-1
381,115,1773.90,416.95,145.82,527.50,1,-1,-1,-1
381,118,629.29,494.11,161.19,445.05,1,-1,-1,-1
381,123,1085.74,496.36,285.80,457.66,1,-1,-1,-1
381,125,1077.19,489.71,309.78,459.76,1,-1,-1,-1
381,127,7.66,542.15,252.07,388.41,1,-1,-1,-1
381,129,1333.62,457.26,251.71,472.72,1,-1,-1,-1
381,130,1111.19,493.11,257.55,463.25,1,-1,-1,-1
381,132,739.70,494.75,295.33,464.73,1,-1,-1,-1
381,133,0.00,490.05,229.73,459.80,1,-1,-1,-1
381,134,1487.79,380.20,425.60,588.59,1,-1,-1,-1
381,135,329.29,517.43,216.30,419.37,1,-1,-1,-1
381,137,274.62,510.44,313.11,434.96,1,-1,-1,-1
381,138,780.49,497.32,224.64,467.06,1,-1,-1,-1
381,139,670.13,502.48,294.97,460.41,1,-1,-1,-1
381,140,892.76,487.70,283.41,445.98,1,-1,-1,-1
381,141,1739.01,476.93,180.98,471.81,1,-1,-1,-1
381,142,1243.79,484.94,289.23,446.50,1,-1,-1,-1
382,54,253.52,515.33,230.95,430.79,1,-1,-1,-1
382,61,362.54,516.40,206.35,428.62,1,-1,-1,-1
382,99,712.33,500.08,252.93,442.22,1,-1,-1,-1
382,104,54.14,494.45,241.64,432.77,1,-1,-1,-1
382,114,0.31,520.91,163.99,416.93,1,-1,-1,-1
382,115,1773.90,416.95,145.82,527.50,1,-1,-1,-1
382,118,617.91,498.15,174.18,441.95,1,-1,-1,-1
382,123,915.26,491.81,279.00,443.42,1,-1,-1,-1
382,125,1186.20,495.24,320.71,437.02,1,-1,-1,-1
382,127,7.66,542.15,252.07,388.41,1,-1,-1,-1
382,129,1333.62,457.26,251.71,472.72,1,-1,-1,-1
382,130,1075.90,491.16,316.18,465.45,1,-1,-1,-1
382,132,739.70,494.75,295.33,464.73,1,-1,-1,-1
382,133,0.00,484.19,278.40,461.22,1,-1,-1,-1
382,134,1508.61,382.92,406.46,587.28,1,-1,-1,-1
382,135,329.29,517.43,216.30,419.37,1,-1,-1,-1
382,137,274.62,510.44,313.11,434.96,1,-1,-1,-1
382,138,780.49,497.32,224.64,467.06,1,-1,-1,-1
382,139,659.01,500.07,307.59,462.98,1,-1,-1,-1
382,140,886.30,492.89,282.64,440.55,1,-1,-1,-1
382,141,1745.85,485.58,174.15,463.23,1,-1,-1,-1
382,142,1254.73,496.88,270.46,430.78,1,-1,-1,-1
383,54,247.37,513.73,246.93,429.34,1,-1,-1,-1
383,61,352.59,514.47,208.87,433.42,1,-1,-1,-1
383,99,712.33,500.08,252.93,442.22,1,-1,-1,-1
383,104,5.41,482.97,273.90,463.99,1,-1,-1,-1
383,114,0.31,520.91,163.99,416.93,1,-1,-1,-1
383,115,1773.90,416.95,145.82,527.50,1,-1,-1,-1
383,118,608.73,500.14,180.43,440.47,1,-1,-1,-1
383,123,915.26,491.81,279.00,443.42,1,-1,-1,-1
383,125,1186.20,495.24,320.71,437.02,1,-1,-1,-1
383,127,7.66,542.15,252.07,388.41,1,-1,-1,-1
383,129,1333.62,457.26,251.71,472.72,1,-1,-1,-1
383,130,1071.76,490.60,419.37,461.62,1,-1,-1,-1
383,132,739.70,494.75,295.33,464.73,1,-1,-1,-1
383,133,0.00,485.36,238.28,466.53,1,-1,-1,-1
383,134,1547.48,388.24,369.03,581.36,1,-1,-1,-1
383,135,329.29,517.43,216.30,419.37,1,-1,-1,-1
383,137,274.62,510.44,313.11,434.96,1,-1,-1,-1
383,138,780.49,497.32,224.64,467.06,1,-1,-1,-1
383,139,657.38,495.75,311.23,468.95,1,-1,-1,-1
383,140,894.52,490.33,255.50,442.95,1,-1,-1,-1
383,141,1715.08,486.28,204.58,459.87,1,-1,-1,-1
383,142,1254.73,496.88,270.46,430.78,1,-1,-1,-1
384,54,247.30,524.65,234.14,419.56,1,-1,-1,-1
384,61,342.87,512.82,220.26,434.83,1,-1,-1,-1
384,99,712.33,500.08,252.93,442.22,1,-1,-1,-1
384,104,9.07,483.19,269.88,451.99,1,-1,-1,-1
384,114,0.31,520.91,163.99,416.93,1,-1,-1,-1
384,115,1773.90,416.95,145.82,527.50,1,-1,-1,-1
384,118,600.73,499.54,201.34,441.33,1,-1,-1,-1
384,123,915.26,491.81,279.00,443.42,1,-1,-1,-1
384,125,1186.20,495.24,320.71,437.02,1,-1,-1,-1
384,127,7.66,542.15,252.07,388.41,1,-1,-1,-1
384,129,1333.62,457.26,251.71,472.72,1,-1,-1,-1
384,130,1070.44,487.91,412.45,464.36,1,-1,-1,-1
384,132,739.70,494.75,295.33,464.73,1,-1,-1,-1
384,133,0.00,480.97,235.33,472.41,1,-1,-1,-1
384,134,1598.86,389.77,320.75,575.38,1,-1,-1,-1
384,135,329.29,517.43,216.30,419.37,1,-1,-1,-1
384,137,274.62,510.44,313.11,434.96,1,-1,-1,-1
384,138,780.49,497.32,224.64,467.06,1,-1,-1,-1
384,139,658.84,492.73,309.18,469.10,1,-1,-1,-1
384,140,906.51,490.33,211.46,443.93,1,-1,-1,-1
384,141,1722.16,492.22,197.57,451.93,1,-1,-1,-1
384,142,1230.62,500.10,259.62,428.24,1,-1,-1,-1
385,54,225.98,528.76,257.26,414.68,1,-1,-1,-1
385,61,337.08,512.65,247.25,433.35,1,-1,-1,-1
385,99,712.33,500.08,252.93,442.22,1,-1,-1,-1
385,104,3.08,481.01,264.02,451.50,1,-1,-1,-1
385,114,0.31,520.91,163.99,416.93,1,-1,-1,-1
385,115,1773.90,416.95,145.82,527.50,1,-1,-1,-1
385,118,586.76,498.76,208.01,438.32,1,-1,-1,-1
385,123,915.26,491.81,279.00,443.42,1,-1,-1,-1
385,125,1186.20,495.24,320.71,437.02,1,-1,-1,-1
385,127,7.66,542.15,252.07,388.41,1,-1,-1,-1
385,129,1333.62,457.26,251.71,472.72,1,-1,-1,-1
385,130,1083.82,484.47,381.86,467.92,1,-1,-1,-1
385,132,739.70,494.75,295.33,464.73,1,-1,-1,-1
385,133,0.00,478.15,260.69,476.77,1,-1,-1,-1
385,134,1599.95,395.28,319.02,568.19,1,-1,-1,-1
385,135,329.29,517.43,216.30,419.37,1,-1,-1,-1
385,137,232.17,515.99,355.07,432.05,1,-1,-1,-1
385,138,780.49,497.32,224.64,467.06,1,-1,-1,-1
385,139,660.90,483.12,330.74,481.52,1,-1,-1,-1
385,140,906.80,494.00,181.87,437.10,1,-1,-1,-1
385,141,1722.16,492.22,197.57,451.93,1,-1,-1,-1
385,142,1230.62,500.10,259.62,428.24,1,-1,-1,-1
386,54,245.52,537.26,233.05,391.16,1,-1,-1,-1
386,61,306.90,518.60,299.97,427.75,1,-1,-1,-1
386,99,712.33,500.08,252.93,442.22,1,-1,-1,-1
386,104,0.31,477.19,260.25,456.22,1,-1,-1,-1
386,114,0.31,520.91,163.99,416.93,1,-1,-1,-1
386,115,1773.90,416.95,145.82,527.50,1,-1,-1,-1
386,118,557.50,511.13,208.69,417.84,1,-1,-1,-1
386,123,915.26,491.81,279.00,443.42,1,-1,-1,-1
386,125,1186.20,495.24,320.71,437.02,1,-1,-1,-1
386,127,7.66,542.15,252.07,388.41,1,-1,-1,-1
386,129,1552.81,429.71,273.97,493.50,1,-1,-1,-1
386,130,1146.48,487.25,281.10,467.70,1,-1,-1,-1
386,132,739.70,494.75,295.33,464.73,1,-1,-1,-1
386,133,0.00,476.98,255.59,461.10,1,-1,-1,-1
386,134,1593.80,403.06,325.93,561.49,1,-1,-1,-1
386,135,329.29,517.43,216.30,419.37,1,-1,-1,-1
386,137,288.15,521.34,321.67,425.03,1,-1,-1,-1
386,138,745.62,488.89,307.31,464.76,1,-1,-1,-1
386,139,734.56,486.15,293.80,469.10,1,-1,-1,-1
386,140,812.45,497.47,258.37,426.26,1,-1,-1,-1
386,141,1722.16,492.22,197.57,451.93,1,-1,-1,-1
386,142,1230.62,500.10,259.62,428.24,1,-1,-1,-1
387,54,245.67,545.82,217.25,374.09,1,-1,-1,-1
387,61,314.92,516.35,285.69,434.30,1,-1,-1,-1
387,99,712.33,500.08,252.93,442.22,1,-1,-1,-1
387,104,0.31,477.19,260.25,456.22,1,-1,-1,-1
387,114,0.31,520.91,163.99,416.93,1,-1,-1,-1
387,115,1773.90,416.95,145.82,527.50,1,-1,-1,-1
387,118,548.67,516.11,207.12,408.37,1,-1,-1,-1
387,123,915.26,491.81,279.00,443.42,1,-1,-1,-1
387,125,1186.20,495.24,320.71,437.02,1,-1,-1,-1
387,129,1518.94,431.54,304.04,496.84,1,-1,-1,-1
387,130,1153.94,484.35,248.80,469.56,1,-1,-1,-1
387,132,739.70,494.75,295.33,464.73,1,-1,-1,-1
387,133,0.00,469.75,241.64,465.55,1,-1,-1,-1
387,134,1590.41,392.88,329.57,576.27,1,-1,-1,-1
387,135,329.29,517.43,216.30,419.37,1,-1,-1,-1
387,137,288.15,521.34,321.67,425.03,1,-1,-1,-1
387,138,748.55,491.15,254.32,463.85,1,-1,-1,-1
387,139,734.56,486.15,293.80,469.10,1,-1,-1,-1
387,140,813.58,491.59,251.55,430.91,1,-1,-1,-1
387,141,1556.29,442.04,286.35,494.86,1,-1,-1,-1
387,142,1162.33,484.90,246.86,466.29,1,-1,-1,-1
388,54,253.05,550.21,200.85,361.74,1,-1,-1,-1
388,61,327.96,512.82,252.88,442.32,1,-1,-1,-1
388,99,712.33,500.08,252.93,442.22,1,-1,-1,-1
388,104,0.31,477.19,260.25,456.22,1,-1,-1,-1
388,114,0.31,520.91,163.99,416.93,1,-1,-1,-1
388,115,1773.90,416.95,145.82,527.50,1,-1,-1,-1
388,118,550.42,513.30,200.10,405.69,1,-1,-1,-1
388,123,915.26,491.81,279.00,443.42,1,-1,-1,-1
388,125,1186.20,495.24,320.71,437.02,1,-1,-1,-1
388,129,1486.32,436.57,313.19,486.97,1,-1,-1,-1
388,130,1151.22,476.34,240.13,478.79,1,-1,-1,-1
388,132,739.70,494.75,295.33,464.73,1,-1,-1,-1
388,133,0.46,465.30,235.89,473.69,1,-1,-1,-1
388,134,1588.61,382.37,331.34,584.36,1,-1,-1,-1
388,135,329.29,517.43,216.30,419.37,1,-1,-1,-1
388,137,288.15,521.34,321.67,425.03,1,-1,-1,-1
388,138,746.67,493.31,289.01,457.64,1,-1,-1,-1
388,139,734.56,486.15,293.80,469.10,1,-1,-1,-1
388,140,817.30,496.38,246.29,434.23,1,-1,-1,-1
388,141,1556.29,442.04,286.35,494.86,1,-1,-1,-1
388,142,1162.33,484.90,246.86,466.29,1,-1,-1,-1
389,54,245.19,548.28,191.52,370.97,1,-1,-1,-1
389,61,327.96,512.82,252.88,442.32,1,-1,-1,-1
389,99,712.33,500.08,252.93,442.22,1,-1,-1,-1
389,104,0.03,457.83,249.85,485.42,1,-1,-1,-1
389,114,0.15,564.01,167.96,359.95,1,-1,-1,-1
389,115,1773.90,416.95,145.82,527.50,1,-1,-1,-1
389,118,503.23,508.02,239.95,410.74,1,-1,-1,-1
389,123,915.26,491.81,279.00,443.42,1,-1,-1,-1
389,125,1186.20,495.24,320.71,437.02,1,-1,-1,-1
389,129,1474.09,442.92,310.41,485.09,1,-1,-1,-1
389,130,1204.52,468.20,193.44,468.59,1,-1,-1,-1
389,132,739.70,494.75,295.33,464.73,1,-1,-1,-1
389,133,0.16,556.95,140.19,364.69,1,-1,-1,-1
389,134,1605.93,375.77,313.46,597.16,1,-1,-1,-1
389,135,329.29,517.43,216.30,419.37,1,-1,-1,-1
389,137,326.82,502.06,296.55,443.72,1,-1,-1,-1
389,138,742.57,486.71,308.75,461.69,1,-1,-1,-1
389,139,734.56,486.15,293.80,469.10,1,-1,-1,-1
389,140,800.82,493.06,252.55,433.09,1,-1,-1,-1
389,141,1556.29,442.04,286.35,494.86,1,-1,-1,-1
389,142,1151.09,480.27,244.05,475.43,1,-1,-1,-1
390,54,241.89,546.95,175.56,373.07,1,-1,-1,-1
390,61,327.96,512.82,252.88,442.32,1,-1,-1,-1
390,99,712.33,500.08,252.93,442.22,1,-1,-1,-1
390,104,0.42,452.47,255.40,492.82,1,-1,-1,-1
390,114,0.23,568.25,124.28,356.05,1,-1,-1,-1
390,115,1773.90,416.95,145.82,527.50,1,-1,-1,-1
390,118,494.21,502.91,240.02,420.79,1,-1,-1,-1
390,123,915.26,491.81,279.00,443.42,1,-1,-1,-1
390,125,1158.04,455.84,303.65,499.33,1,-1,-1,-1
390,129,1461.43,448.11,288.87,496.92,1,-1,-1,-1
390,130,1160.11,496.56,254.96,456.37,1,-1,-1,-1
390,132,739.70,494.75,295.33,464.73,1,-1,-1,-1
390,133,0.16,556.95,140.19,364.69,1,-1,-1,-1
390,134,1649.05,451.21,269.62,496.99,1,-1,-1,-1
390,135,329.29,517.43,216.30,419.37,1,-1,-1,-1
390,137,329.05,492.98,292.54,449.24,1,-1,-1,-1
390,138,744.27,478.76,329.92,470.31,1,-1,-1,-1
390,139,734.56,486.15,293.80,469.10,1,-1,-1,-1
390,140,796.89,479.60,277.81,450.30,1,-1,-1,-1
390,141,1556.29,442.04,286.35,494.86,1,-1,-1,-1
390,142,1151.86,498.42,241.36,444.49,1,-1,-1,-1
391,54,231.79,541.32,184.39,380.27,1,-1,-1,-1
391,61,339.71,478.23,284.42,472.33,1,-1,-1,-1
391,99,712.33,500.08,252.93,442.22,1,-1,-1,-1
391,104,20.12,444.11,243.21,501.95,1,-1,-1,-1
391,114,0.10,555.53,79.62,376.77,1,-1,-1,-1
391,115,1773.90,416.95,145.82,527.50,1,-1,-1,-1
391,118,484.11,501.71,209.02,411.47,1,-1,-1,-1
391,123,915.26,491.81,279.00,443.42,1,-1,-1,-1
391,125,1177.02,461.02,308.34,504.99,1,-1,-1,-1
391,129,1458.64,451.19,389.11,499.40,1,-1,-1,-1
391,130,1238.69,435.17,224.62,501.05,1,-1,-1,-1
391,132,739.70,494.75,295.33,464.73,1,-1,-1,-1
391,133,0.16,556.95,140.19,364.69,1,-1,-1,-1
391,134,1649.05,451.21,269.62,496.99,1,-1,-1,-1
391,135,329.29,517.43,216.30,419.37,1,-1,-1,-1
391,137,455.94,498.45,226.06,414.53,1,-1,-1,-1
391,138,794.16,495.06,197.17,427.96,1,-1,-1,-1
391,139,789.92,501.94,310.40,455.32,1,-1,-1,-1
391,140,876.08,464.05,176.96,435.87,1,-1,-1,-1
391,141,1556.29,442.04,286.35,494.86,1,-1,-1,-1
391,142,1161.63,500.88,176.86,421.87,1,-1,-1,-1
392,54,209.43,538.62,189.15,379.56,1,-1,-1,-1
392,61,359.09,476.19,267.87,462.72,1,-1,-1,-1
392,99,712.33,500.08,252.93,442.22,1,-1,-1,-1
392,104,15.24,439.27,257.02,507.26,1,-1,-1,-1
392,114,0.01,556.74,68.24,336.20,1,-1,-1,-1
392,115,1773.90,416.95,145.82,527.50,1,-1,-1,-1
392,118,471.90,498.52,210.34,404.95,1,-1,-1,-1
392,123,915.26,491.81,279.00,443.42,1,-1,-1,-1
392,125,1214.38,428.11,286.11,540.65,1,-1,-1,-1
392,129,1446.17,449.92,365.46,497.39,1,-1,-1,-1
392,130,1238.69,435.17,224.62,501.05,1,-1,-1,-1
392,132,739.70,494.75,295.33,464.73,1,-1,-1,-1
392,133,0.16,556.95,140.19,364.69,1,-1,-1,-1
392,134,1649.05,451.21,269.62,496.99,1,-1,-1,-1
392,135,329.29,517.43,216.30,419.37,1,-1,-1,-1
392,137,455.94,498.45,226.06,414.53,1,-1,-1,-1
392,138,794.66,497.11,169.43,430.97,1,-1,-1,-1
392,139,822.56,521.87,285.24,426.81,1,-1,-1,-1
392,140,890.87,458.95,170.00,417.04,1,-1,-1,-1
392,141,1556.29,442.04,286.35,494.86,1,-1,-1,-1
392,142,1148.01,499.75,168.05,424.26,1,-1,-1,-1
392,143,1744.36,359.42,175.64,567.62,1,-1,-1,-1
393,54,178.88,538.57,196.44,378.01,1,-1,-1,-1
393,61,388.87,465.39,270.53,475.97,1,-1,-1,-1
393,99,712.33,500.08,252.93,442.22,1,-1,-1,-1
393,104,79.62,435.64,232.57,511.32,1,-1,-1,-1
393,114,0.01,556.74,68.24,336.20,1,-1,-1,-1
393,115,1773.90,416.95,145.82,527.50,1,-1,-1,-1
393,118,471.90,498.52,210.34,404.95,1,-1,-1,-1
393,123,915.26,491.81,279.00,443.42,1,-1,-1,-1
393,125,1254.26,422.51,248.80,545.28,1,-1,-1,-1
393,129,1441.74,446.82,308.58,498.38,1,-1,-1,-1
393,130,1238.69,435.17,224.62,501.05,1,-1,-1,-1
393,132,739.70,494.75,295.33,464.73,1,-1,-1,-1
393,133,0.16,556.95,140.19,364.69,1,-1,-1,-1
393,134,1649.05,451.21,269.62,496.99,1,-1,-1,-1
393,135,329.29,517.43,216.30,419.37,1,-1,-1,-1
393,137,455.94,498.45,226.06,414.53,1,-1,-1,-1
393,138,775.05,494.74,169.13,424.45,1,-1,-1,-1
393,139,877.90,526.16,231.08,430.47,1,-1,-1,-1
393,140,908.01,456.84,167.16,447.19,1,-1,-1,-1
393,141,1556.29,442.04,286.35,494.86,1,-1,-1,-1
393,142,1133.53,500.29,165.19,421.48,1,-1,-1,-1
393,143,1754.66,354.10,165.34,568.92,1,-1,-1,-1
394,54,168.43,527.07,175.97,372.91,1,-1,-1,-1
394,61,452.32,463.56,194.23,475.88,1,-1,-1,-1
394,99,712.33,500.08,252.93,442.22,1,-1,-1,-1
394,104,85.20,434.21,230.87,514.58,1,-1,-1,-1
394,114,0.01,556.74,68.24,336.20,1,-1,-1,-1
394,115,1773.90,416.95,145.82,527.50,1,-1,-1,-1
394,118,432.70,526.73,214.53,413.80,1,-1,-1,-1
394,123,915.26,491.81,279.00,443.42,1,-1,-1,-1
394,125,1261.38,418.26,251.94,535.95,1,-1,-1,-1
394,129,1425.64,440.79,266.68,495.60,1,-1,-1,-1
394,130,1238.69,435.17,224.62,501.05,1,-1,-1,-1
394,132,151.38,435.33,232.55,514.95,1,-1,-1,-1
394,133,0.16,556.95,140.19,364.69,1,-1,-1,-1
394,134,1649.05,451.21,269.62,496.99,1,-1,-1,-1
394,135,329.29,517.43,216.30,419.37,1,-1,-1,-1
394,137,455.94,498.45,226.06,414.53,1,-1,-1,-1
394,138,738.99,495.42,193.77,424.12,1,-1,-1,-1
394,139,892.44,461.19,214.24,493.55,1,-1,-1,-1
394,140,908.01,456.84,167.16,447.19,1,-1,-1,-1
394,141,1556.29,442.04,286.35,494.86,1,-1,-1,-1
394,142,1117.15,499.79,169.99,420.54,1,-1,-1,-1
394,143,1763.92,352.83,156.08,566.62,1,-1,-1,-1
395,54,160.94,534.66,159.69,375.74,1,-1,-1,-1
395,61,469.66,460.73,168.88,475.41,1,-1,-1,-1
395,99,712.33,500.08,252.93,442.22,1,-1,-1,-1
395,104,85.20,434.21,230.87,514.58,1,-1,-1,-1
395,114,0.01,556.74,68.24,336.20,1,-1,-1,-1
395,115,1773.90,416.95,145.82,527.50,1,-1,-1,-1
395,118,451.87,528.70,187.24,416.47,1,-1,-1,-1
395,123,915.26,491.81,279.00,443.42,1,-1,-1,-1
395,125,1281.16,413.88,290.09,558.49,1,-1,-1,-1
395,129,1428.04,438.16,236.52,501.44,1,-1,-1,-1
395,130,1238.69,435.17,224.62,501.05,1,-1,-1,-1
395,132,89.68,432.76,225.10,516.12,1,-1,-1,-1
395,133,0.16,556.95,140.19,364.69,1,-1,-1,-1
395,134,1649.05,451.21,269.62,496.99,1,-1,-1,-1
395,135,329.29,517.43,216.30,419.37,1,-1,-1,-1
395,137,455.94,498.45,226.06,414.53,1,-1,-1,-1
395,138,735.56,496.57,186.35,426.26,1,-1,-1,-1
395,139,916.12,454.30,224.64,502.99,1,-1,-1,-1
395,140,917.99,453.66,221.91,494.14,1,-1,-1,-1
395,141,1556.29,442.04,286.35,494.86,1,-1,-1,-1
395,142,1076.77,496.68,192.26,425.32,1,-1,-1,-1
395,143,1771.71,352.33,148.29,564.89,1,-1,-1,-1
395,144,0.47,501.52,40.58,488.86,1,-1,-1,-1
396,54,160.94,534.66,159.69,375.74,1,-1,-1,-1
396,61,476.64,454.93,193.65,484.43,1,-1,-1,-1
396,99,712.33,500.08,252.93,442.22,1,-1,-1,-1
396,104,85.20,434.21,230.87,514.58,1,-1,-1,-1
396,114,0.01,556.74,68.24,336.20,1,-1,-1,-1
396,115,1773.90,416.95,145.82,527.50,1,-1,-1,-1
396,118,451.87,528.70,187.24,416.47,1,-1,-1,-1
396,123,915.26,491.81,279.00,443.42,1,-1,-1,-1
396,125,1306.09,405.67,315.61,572.96,1,-1,-1,-1
396,129,1426.55,437.19,208.18,518.16,1,-1,-1,-1
396,130,1238.69,435.17,224.62,501.05,1,-1,-1,-1
396,132,79.44,427.33,239.15,521.08,1,-1,-1,-1
396,133,0.16,556.95,140.19,364.69,1,-1,-1,-1
396,134,1649.05,451.21,269.62,496.99,1,-1,-1,-1
396,135,329.29,517.43,216.30,419.37,1,-1,-1,-1
396,137,455.94,498.45,226.06,414.53,1,-1,-1,-1
396,138,728.68,497.17,178.21,420.97,1,-1,-1,-1
396,139,951.70,450.59,243.93,498.54,1,-1,-1,-1
396,140,917.99,453.66,221.91,494.14,1,-1,-1,-1
396,141,1556.29,442.04,286.35,494.86,1,-1,-1,-1
396,142,1081.54,498.39,173.93,433.09,1,-1,-1,-1
396,143,1803.34,351.82,116.66,571.70,1,-1,-1,-1
396,144,0.47,501.52,40.58,488.86,1,-1,-1,-1
397,54,160.94,534.66,159.69,375.74,1,-1,-1,-1
397,61,485.19,456.33,196.68,485.70,1,-1,-1,-1
397,99,712.33,500.08,252.93,442.22,1,-1,-1,-1
397,104,85.20,434.21,230.87,514.58,1,-1,-1,-1
397,114,0.01,556.74,68.24,336.20,1,-1,-1,-1
397,115,1773.90,416.95,145.82,527.50,1,-1,-1,-1
397,118,451.87,528.70,187.24,416.47,1,-1,-1,-1
397,123,915.26,491.81,279.00,443.42,1,-1,-1,-1
397,125,1321.40,405.29,305.65,576.11,1,-1,-1,-1
397,129,1418.13,437.59,208.43,537.33,1,-1,-1,-1
397,130,1238.69,435.17,224.62,501.05,1,-1,-1,-1
397,132,78.30,425.45,246.24,524.45,1,-1,-1,-1
397,133,0.16,556.95,140.19,364.69,1,-1,-1,-1
397,134,1649.05,451.21,269.62,496.99,1,-1,-1,-1
397,135,329.29,517.43,216.30,419.37,1,-1,-1,-1
397,137,455.94,498.45,226.06,414.53,1,-1,-1,-1
397,138,727.13,495.16,168.78,424.38,1,-1,-1,-1
397,139,968.97,451.48,222.07,500.16,1,-1,-1,-1
397,140,917.99,453.66,221.91,494.14,1,-1,-1,-1
397,141,1556.29,442.04,286.35,494.86,1,-1,-1,-1
397,142,1087.36,498.26,163.45,442.52,1,-1,-1,-1
397,143,1831.52,350.30,88.33,561.73,1,-1,-1,-1
397,144,0.47,501.52,40.58,488.86,1,-1,-1,-1
397,146,431.03,496.27,176.01,422.75,1,-1,-1,-1
398,54,160.94,534.66,159.69,375.74,1,-1,-1,-1
398,61,491.84,456.47,201.90,484.39,1,-1,-1,-1
398,99,712.33,500.08,252.93,442.22,1,-1,-1,-1
398,104,85.20,434.21,230.87,514.58,1,-1,-1,-1
398,114,0.01,556.74,68.24,336.20,1,-1,-1,-1
398,115,1773.90,416.95,145.82,527.50,1,-1,-1,-1
398,118,451.87,528.70,187.24,416.47,1,-1,-1,-1
398,123,915.26,491.81,279.00,443.42,1,-1,-1,-1
398,125,1346.44,465.64,284.75,518.01,1,-1,-1,-1
398,129,1410.16,439.53,221.13,541.27,1,-1,-1,-1
398,130,1238.69,435.17,224.62,501.05,1,-1,-1,-1
398,132,79.33,426.33,252.72,524.19,1,-1,-1,-1
398,133,0.16,556.95,140.19,364.69,1,-1,-1,-1
398,134,1649.05,451.21,269.62,496.99,1,-1,-1,-1
398,135,329.29,517.43,216.30,419.37,1,-1,-1,-1
398,137,455.94,498.45,226.06,414.53,1,-1,-1,-1
398,138,727.72,494.79,160.81,424.11,1,-1,-1,-1
398,139,980.40,451.76,204.70,497.87,1,-1,-1,-1
398,140,917.99,453.66,221.91,494.14,1,-1,-1,-1
398,141,1556.29,442.04,286.35,494.86,1,-1,-1,-1
398,142,1086.80,497.14,158.45,446.14,1,-1,-1,-1
398,143,1844.27,346.92,75.44,556.09,1,-1,-1,-1
398,144,0.47,501.52,40.58,488.86,1,-1,-1,-1
398,146,436.37,495.15,179.38,422.89,1,-1,-1,-1
399,54,92.77,462.22,210.50,454.46,1,-1,-1,-1
399,61,511.96,448.77,192.59,489.97,1,-1,-1,-1
399,99,712.33,500.08,252.93,442.22,1,-1,-1,-1
399,104,85.20,434.21,230.87,514.58,1,-1,-1,-1
399,114,0.01,556.74,68.24,336.20,1,-1,-1,-1
399,115,1773.90,416.95,145.82,527.50,1,-1,-1,-1
399,118,451.87,528.70,187.24,416.47,1,-1,-1,-1
399,123,915.26,491.81,279.00,443.42,1,-1,-1,-1
399,125,1359.30,463.91,270.27,523.95,1,-1,-1,-1
399,129,1418.59,437.44,202.67,515.04,1,-1,-1,-1
399,130,1238.69,435.17,224.62,501.05,1,-1,-1,-1
399,132,84.32,424.67,249.75,524.60,1,-1,-1,-1
399,133,0.16,556.95,140.19,364.69,1,-1,-1,-1
399,134,1649.05,451.21,269.62,496.99,1,-1,-1,-1
399,135,329.29,517.43,216.30,419.37,1,-1,-1,-1
399,137,455.94,498.45,226.06,414.53,1,-1,-1,-1
399,138,726.68,493.87,158.62,425.24,1,-1,-1,-1
399,139,990.61,449.73,206.87,500.05,1,-1,-1,-1
399,140,917.99,453.66,221.91,494.14,1,-1,-1,-1
399,141,1556.29,442.04,286.35,494.86,1,-1,-1,-1
399,142,1083.05,496.26,156.08,450.23,1,-1,-1,-1
399,143,1850.18,343.50,69.57,547.93,1,-1,-1,-1
399,144,0.47,501.52,40.58,488.86,1,-1,-1,-1
399,146,438.39,494.10,167.66,423.49,1,-1,-1,-1
400,54,95.00,490.57,185.68,425.87,1,-1,-1,-1
400,61,524.62,446.32,188.46,494.53,1,-1,-1,-1
400,104,85.20,434.21,230.87,514.58,1,-1,-1,-1
400,114,0.01,556.74,68.24,336.20,1,-1,-1,-1
400,115,1773.90,416.95,145.82,527.50,1,-1,-1,-1
400,118,451.87,528.70,187.24,416.47,1,-1,-1,-1
400,123,915.26,491.81,279.00,443.42,1,-1,-1,-1
400,125,1368.47,433.46,262.34,556.34,1,-1,-1,-1
400,129,1418.59,437.44,202.67,515.04,1,-1,-1,-1
400,130,1238.69,435.17,224.62,501.05,1,-1,-1,-1
400,132,96.23,423.89,241.21,526.66,1,-1,-1,-1
400,133,0.16,556.95,140.19,364.69,1,-1,-1,-1
400,134,1649.05,451.21,269.62,496.99,1,-1,-1,-1
400,135,329.29,517.43,216.30,419.37,1,-1,-1,-1
400,137,455.94,498.45,226.06,414.53,1,-1,-1,-1
400,138,725.97,494.48,157.16,423.97,1,-1,-1,-1
400,139,999.69,450.59,211.03,496.37,1,-1,-1,-1
400,140,917.99,453.66,221.91,494.14,1,-1,-1,-1
400,141,1556.29,442.04,286.35,494.86,1,-1,-1,-1
400,142,1075.43,495.61,160.27,450.53,1,-1,-1,-1
400,143,1858.12,341.49,61.86,534.42,1,-1,-1,-1
400,144,0.47,501.52,40.58,488.86,1,-1,-1,-1
400,146,438.51,492.84,165.79,424.71,1,-1,-1,-1
400,147,1358.05,393.71,210.19,556.96,1,-1,-1,-1
401,54,111.97,497.98,150.62,416.49,1,-1,-1,-1
401,61,539.38,446.48,181.69,494.78,1,-1,-1,-1
401,104,85.20,434.21,230.87,514.58,1,-1,-1,-1
401,114,0.01,556.74,68.24,336.20,1,-1,-1,-1
401,115,1773.90,416.95,145.82,527.50,1,-1,-1,-1
401,118,451.87,528.70,187.24,416.47,1,-1,-1,-1
401,123,915.26,491.81,279.00,443.42,1,-1,-1,-1
401,125,1383.95,401.79,254.65,590.14,1,-1,-1,-1
401,129,1418.59,437.44,202.67,515.04,1,-1,-1,-1
401,130,1238.69,435.17,224.62,501.05,1,-1,-1,-1
401,132,120.10,425.02,225.16,523.34,1,-1,-1,-1
401,133,0.16,556.95,140.19,364.69,1,-1,-1,-1
401,134,1649.05,451.21,269.62,496.99,1,-1,-1,-1
401,135,329.29,517.43,216.30,419.37,1,-1,-1,-1
401,137,455.94,498.45,226.06,414.53,1,-1,-1,-1
401,138,724.92,495.29,151.10,423.01,1,-1,-1,-1
401,139,1014.73,449.66,194.48,470.30,1,-1,-1,-1
401,140,917.99,453.66,221.91,494.14,1,-1,-1,-1
401,141,1556.29,442.04,286.35,494.86,1,-1,-1,-1
401,142,1064.01,495.46,164.70,454.08,1,-1,-1,-1
401,143,1864.52,331.51,55.48,561.73,1,-1,-1,-1
401,144,0.47,501.52,40.58,488.86,1,-1,-1,-1
401,146,435.52,493.29,165.51,422.02,1,-1,-1,-1
401,147,1379.73,386.50,219.87,559.85,1,-1,-1,-1
402,54,122.55,500.98,144.09,413.59,1,-1,-1,-1
402,61,548.14,446.35,177.98,494.40,1,-1,-1,-1
402,104,128.11,423.20,219.98,525.57,1,-1,-1,-1
402,114,0.01,556.74,68.24,336.20,1,-1,-1,-1
402,115,1773.90,416.95,145.82,527.50,1,-1,-1,-1
402,118,451.87,528.70,187.24,416.47,1,-1,-1,-1
402,123,915.26,491.81,279.00,443.42,1,-1,-1,-1
402,125,1392.63,387.24,254.48,605.98,1,-1,-1,-1
402,129,1418.59,437.44,202.67,515.04,1,-1,-1,-1
402,130,1238.69,435.17,224.62,501.05,1,-1,-1,-1
402,132,131.55,419.86,219.27,529.33,1,-1,-1,-1
402,133,0.16,556.95,140.19,364.69,1,-1,-1,-1
402,134,1649.05,451.21,269.62,496.99,1,-1,-1,-1
402,135,329.29,517.43,216.30,419.37,1,-1,-1,-1
402,137,455.94,498.45,226.06,414.53,1,-1,-1,-1
402,138,723.18,495.62,148.67,422.73,1,-1,-1,-1
402,139,1023.85,449.15,195.02,468.05,1,-1,-1,-1
402,140,1019.25,483.47,205.49,466.30,1,-1,-1,-1
402,141,1556.29,442.04,286.35,494.86,1,-1,-1,-1
402,142,1062.79,495.73,170.72,454.70,1,-1,-1,-1
402,143,1868.04,319.45,51.96,594.05,1,-1,-1,-1
402,144,0.47,501.52,40.58,488.86,1,-1,-1,-1
402,146,432.52,491.65,160.83,421.94,1,-1,-1,-1
402,147,1379.73,386.50,219.87,559.85,1,-1,-1,-1
403,54,126.23,505.49,144.76,407.29,1,-1,-1,-1
403,61,548.72,447.90,186.83,491.83,1,-1,-1,-1
403,104,133.32,419.56,221.19,528.94,1,-1,-1,-1
403,114,0.01,556.74,68.24,336.20,1,-1,-1,-1
403,115,1773.90,416.95,145.82,527.50,1,-1,-1,-1
403,118,451.87,528.70,187.24,416.47,1,-1,-1,-1
403,123,915.26,491.81,279.00,443.42,1,-1,-1,-1
403,125,1402.70,383.03,254.91,609.40,1,-1,-1,-1
403,129,1418.59,437.44,202.67,515.04,1,-1,-1,-1
403,130,1238.69,435.17,224.62,501.05,1,-1,-1,-1
403,132,131.55,419.86,219.27,529.33,1,-1,-1,-1
403,133,0.16,556.95,140.19,364.69,1,-1,-1,-1
403,134,1649.05,451.21,269.62,496.99,1,-1,-1,-1
403,137,455.94,498.45,226.06,414.53,1,-1,-1,-1
403,138,721.75,494.53,148.53,424.57,1,-1,-1,-1
403,139,1029.35,449.69,174.63,466.01,1,-1,-1,-1
403,140,1019.25,483.47,205.49,466.30,1,-1,-1,-1
403,141,1556.29,442.04,286.35,494.86,1,-1,-1,-1
403,142,1063.90,499.99,171.90,451.39,1,-1,-1,-1
403,143,1868.04,319.45,51.96,594.05,1,-1,-1,-1
403,144,0.47,501.52,40.58,488.86,1,-1,-1,-1
403,146,432.29,489.96,160.80,422.51,1,-1,-1,-1
403,147,1401.59,383.54,212.04,562.44,1,-1,-1,-1
404,54,127.95,509.04,146.59,400.65,1,-1,-1,-1
404,61,557.70,450.10,187.86,489.20,1,-1,-1,-1
404,104,138.74,421.92,223.17,524.54,1,-1,-1,-1
404,114,0.01,556.74,68.24,336.20,1,-1,-1,-1
404,115,1773.90,416.95,145.82,527.50,1,-1,-1,-1
404,118,451.87,528.70,187.24,416.47,1,-1,-1,-1
404,123,915.26,491.81,279.00,443.42,1,-1,-1,-1
404,125,1411.49,408.25,254.80,587.56,1,-1,-1,-1
404,129,1418.59,437.44,202.67,515.04,1,-1,-1,-1
404,130,1238.69,435.17,224.62,501.05,1,-1,-1,-1
404,132,140.84,419.30,219.55,529.15,1,-1,-1,-1
404,133,0.16,556.95,140.19,364.69,1,-1,-1,-1
404,134,1649.05,451.21,269.62,496.99,1,-1,-1,-1
404,137,455.94,498.45,226.06,414.53,1,-1,-1,-1
404,138,722.31,495.24,147.93,423.62,1,-1,-1,-1
404,139,1036.31,450.51,175.34,466.77,1,-1,-1,-1
404,140,1019.25,483.47,205.49,466.30,1,-1,-1,-1
404,141,1556.29,442.04,286.35,494.86,1,-1,-1,-1
404,142,1054.49,500.13,187.87,452.04,1,-1,-1,-1
404,143,1868.04,319.45,51.96,594.05,1,-1,-1,-1
404,144,0.47,501.52,40.58,488.86,1,-1,-1,-1
404,146,433.02,489.69,158.87,422.37,1,-1,-1,-1
404,147,1406.48,384.01,227.82,573.09,1,-1,-1,-1
404,148,0.01,458.09,40.58,488.77,1,-1,-1,-1
405,54,133.16,518.88,146.08,389.68,1,-1,-1,-1
405,61,565.13,457.02,186.28,483.16,1,-1,-1,-1
405,104,138.74,421.92,223.17,524.54,1,-1,-1,-1
405,114,0.01,556.74,68.24,336.20,1,-1,-1,-1
405,115,1773.90,416.95,145.82,527.50,1,-1,-1,-1
405,118,451.87,528.70,187.24,416.47,1,-1,-1,-1
405,123,915.26,491.81,279.00,443.42,1,-1,-1,-1
405,125,1411.09,385.73,259.80,609.59,1,-1,-1,-1
405,129,1418.59,437.44,202.67,515.04,1,-1,-1,-1
405,130,1238.69,435.17,224.62,501.05,1,-1,-1,-1
405,132,151.41,428.30,217.75,516.18,1,-1,-1,-1
405,133,0.16,556.95,140.19,364.69,1,-1,-1,-1
405,134,1649.05,451.21,269.62,496.99,1,-1,-1,-1
405,137,455.94,498.45,226.06,414.53,1,-1,-1,-1
405,138,723.91,496.28,149.83,422.57,1,-1,-1,-1
405,139,1042.85,451.47,186.15,466.55,1,-1,-1,-1
405,140,1019.25,483.47,205.49,466.30,1,-1,-1,-1
405,141,1556.29,442.04,286.35,494.86,1,-1,-1,-1
405,142,1059.81,507.24,189.17,445.32,1,-1,-1,-1
405,143,1868.04,319.45,51.96,594.05,1,-1,-1,-1
405,144,0.47,501.52,40.58,488.86,1,-1,-1,-1
405,146,436.40,493.12,160.94,418.03,1,-1,-1,-1
405,147,1408.23,394.76,212.70,556.93,1,-1,-1,-1
405,148,0.40,453.28,49.39,475.25,1,-1,-1,-1
406,54,138.27,512.34,148.28,396.91,1,-1,-1,-1
406,61,575.65,462.22,185.78,476.76,1,-1,-1,-1
406,104,138.74,421.92,223.17,524.54,1,-1,-1,-1
406,114,0.01,556.74,68.24,336.20,1,-1,-1,-1
406,115,1773.90,416.95,145.82,527.50,1,-1,-1,-1
406,118,451.87,528.70,187.24,416.47,1,-1,-1,-1
406,123,915.26,491.81,279.00,443.42,1,-1,-1,-1
406,125,1461.86,460.54,218.44,537.31,1,-1,-1,-1
406,129,1432.30,389.14,201.47,533.60,1,-1,-1,-1
406,130,1238.69,435.17,224.62,501.05,1,-1,-1,-1
406,132,161.33,427.36,219.32,516.34,1,-1,-1,-1
406,133,0.16,556.95,140.19,364.69,1,-1,-1,-1
406,134,1649.05,451.21,269.62,496.99,1,-1,-1,-1
406,137,455.94,498.45,226.06,414.53,1,-1,-1,-1
406,138,730.63,497.16,147.91,422.82,1,-1,-1,-1
406,139,1050.07,454.76,189.52,465.70,1,-1,-1,-1
406,140,1047.57,457.69,192.79,461.41,1,-1,-1,-1
406,141,1556.29,442.04,286.35,494.86,1,-1,-1,-1
406,142,1066.78,506.65,189.93,443.77,1,-1,-1,-1
406,143,1868.04,319.45,51.96,594.05,1,-1,-1,-1
406,144,0.47,501.52,40.58,488.86,1,-1,-1,-1
406,146,440.07,494.37,158.97,417.48,1,-1,-1,-1
406,147,1412.77,438.57,192.25,515.93,1,-1,-1,-1
406,148,0.37,457.52,60.33,469.90,1,-1,-1,-1
407,54,154.72,524.68,135.20,378.13,1,-1,-1,-1
407,61,590.68,481.02,201.54,456.30,1,-1,-1,-1
407,104,138.74,421.92,223.17,524.54,1,-1,-1,-1
407,114,0.01,556.74,68.24,336.20,1,-1,-1,-1
407,115,1773.90,416.95,145.82,527.50,1,-1,-1,-1
407,118,451.87,528.70,187.24,416.47,1,-1,-1,-1
407,123,915.26,491.81,279.00,443.42,1,-1,-1,-1
407,125,1469.30,458.74,234.24,541.68,1,-1,-1,-1
407,129,1445.81,388.92,225.63,542.78,1,-1,-1,-1
407,130,1238.69,435.17,224.62,501.05,1,-1,-1,-1
407,132,190.13,430.27,213.42,510.51,1,-1,-1,-1
407,133,0.16,556.95,140.19,364.69,1,-1,-1,-1
407,134,1649.05,451.21,269.62,496.99,1,-1,-1,-1
407,137,455.94,498.45,226.06,414.53,1,-1,-1,-1
407,138,733.52,496.79,155.45,419.76,1,-1,-1,-1
407,139,1077.63,457.73,194.29,464.45,1,-1,-1,-1
407,140,1071.02,513.09,168.98,406.70,1,-1,-1,-1
407,141,1556.29,442.04,286.35,494.86,1,-1,-1,-1
407,142,1072.20,506.95,202.12,444.46,1,-1,-1,-1
407,143,1868.04,319.45,51.96,594.05,1,-1,-1,-1
407,144,0.47,501.52,40.58,488.86,1,-1,-1,-1
407,146,450.47,495.18,162.59,414.15,1,-1,-1,-1
407,147,1427.40,446.55,197.73,502.98,1,-1,-1,-1
407,148,0.29,461.22,86.57,465.90,1,-1,-1,-1
408,54,168.11,524.86,136.77,377.25,1,-1,-1,-1
408,61,604.80,486.38,202.76,451.15,1,-1,-1,-1
408,104,138.74,421.92,223.17,524.54,1,-1,-1,-1
408,114,0.01,556.74,68.24,336.20,1,-1,-1,-1
408,118,451.87,528.70,187.24,416.47,1,-1,-1,-1
408,123,915.26,491.81,279.00,443.42,1,-1,-1,-1
408,125,1469.06,402.27,245.22,597.76,1,-1,-1,-1
408,129,1445.81,388.92,225.63,542.78,1,-1,-1,-1
408,130,1238.69,435.17,224.62,501.05,1,-1,-1,-1
408,132,206.87,447.27,207.21,493.80,1,-1,-1,-1
408,133,0.16,556.95,140.19,364.69,1,-1,-1,-1
408,134,1649.05,451.21,269.62,496.99,1,-1,-1,-1
408,137,455.94,498.45,226.06,414.53,1,-1,-1,-1
408,138,742.44,498.51,153.08,416.97,1,-1,-1,-1
408,139,1099.68,462.46,184.51,467.40,1,-1,-1,-1
408,140,1083.63,503.04,161.63,416.16,1,-1,-1,-1
408,141,1556.29,442.04,286.35,494.86,1,-1,-1,-1
408,142,1083.61,510.03,203.00,442.17,1,-1,-1,-1
408,143,1868.04,319.45,51.96,594.05,1,-1,-1,-1
408,144,0.47,501.52,40.58,488.86,1,-1,-1,-1
408,146,459.43,496.20,162.61,414.91,1,-1,-1,-1
408,147,1434.89,443.10,189.21,502.39,1,-1,-1,-1
408,148,0.03,462.18,101.64,459.20,1,-1,-1,-1
409,54,177.17,523.25,140.23,375.44,1,-1,-1,-1
409,61,615.47,498.85,193.35,438.46,1,-1,-1,-1
409,104,138.74,421.92,223.17,524.54,1,-1,-1,-1
409,114,0.01,556.74,68.24,336.20,1,-1,-1,-1
409,118,451.87,528.70,187.24,416.47,1,-1,-1,-1
409,123,915.26,491.81,279.00,443.42,1,-1,-1,-1
409,125,1480.22,392.71,245.07,609.03,1,-1,-1,-1
409,129,1445.81,388.92,225.63,542.78,1,-1,-1,-1
409,130,1238.69,435.17,224.62,501.05,1,-1,-1,-1
409,132,214.69,432.85,215.53,506.62,1,-1,-1,-1
409,133,0.16,556.95,140.19,364.69,1,-1,-1,-1
409,134,1649.05,451.21,269.62,496.99,1,-1,-1,-1
409,137,455.94,498.45,226.06,414.53,1,-1,-1,-1
409,138,751.87,501.58,151.30,415.13,1,-1,-1,-1
409,139,1105.60,466.28,189.34,464.27,1,-1,-1,-1
409,140,1092.78,496.78,160.48,424.77,1,-1,-1,-1
409,141,1556.29,442.04,286.35,494.86,1,-1,-1,-1
409,142,1106.17,513.91,191.44,438.07,1,-1,-1,-1
409,143,1868.04,319.45,51.96,594.05,1,-1,-1,-1
409,144,0.47,501.52,40.58,488.86,1,-1,-1,-1
409,146,467.00,498.52,164.21,411.65,1,-1,-1,-1
409,147,1442.98,441.28,188.76,504.90,1,-1,-1,-1
409,148,0.00,463.62,112.73,454.30,1,-1,-1,-1
410,54,184.67,524.98,139.22,375.28,1,-1,-1,-1
410,61,624.48,505.74,200.05,429.60,1,-1,-1,-1
410,104,138.74,421.92,223.17,524.54,1,-1,-1,-1
410,114,0.01,556.74,68.24,336.20,1,-1,-1,-1
410,118,451.87,528.70,187.24,416.47,1,-1,-1,-1
410,123,915.26,491.81,279.00,443.42,1,-1,-1,-1
410,125,1509.06,399.05,227.16,602.91,1,-1,-1,-1
410,129,1445.81,388.92,225.63,542.78,1,-1,-1,-1
410,130,1238.69,435.17,224.62,501.05,1,-1,-1,-1
410,132,225.99,432.05,216.37,508.03,1,-1,-1,-1
410,133,0.16,556.95,140.19,364.69,1,-1,-1,-1
410,134,1649.05,451.21,269.62,496.99,1,-1,-1,-1
410,137,455.94,498.45,226.06,414.53,1,-1,-1,-1
410,138,761.92,502.80,147.65,412.90,1,-1,-1,-1
410,139,1121.38,470.50,184.97,449.93,1,-1,-1,-1
410,140,1097.78,500.73,162.48,427.00,1,-1,-1,-1
410,141,1556.29,442.04,286.35,494.86,1,-1,-1,-1
410,142,1111.56,513.75,196.79,438.39,1,-1,-1,-1
410,143,1868.04,319.45,51.96,594.05,1,-1,-1,-1
410,144,0.47,501.52,40.58,488.86,1,-1,-1,-1
410,146,472.28,501.33,163.70,406.92,1,-1,-1,-1
410,147,1452.02,442.39,186.46,504.11,1,-1,-1,-1
410,148,0.00,466.40,124.99,449.12,1,-1,-1,-1
411,54,191.16,527.30,135.49,369.68,1,-1,-1,-1
411,61,637.35,518.44,187.04,417.66,1,-1,-1,-1
411,104,138.74,421.92,223.17,524.54,1,-1,-1,-1
411,114,0.01,556.74,68.24,336.20,1,-1,-1,-1
411,118,451.87,528.70,187.24,416.47,1,-1,-1,-1
411,123,915.26,491.81,279.00,443.42,1,-1,-1,-1
411,125,1525.71,403.34,223.09,602.01,1,-1,-1,-1
411,129,1459.89,443.33,189.28,506.25,1,-1,-1,-1
411,130,1238.69,435.17,224.62,501.05,1,-1,-1,-1
411,132,235.93,433.64,215.66,505.73,1,-1,-1,-1
411,133,0.16,556.95,140.19,364.69,1,-1,-1,-1
411,134,1649.05,451.21,269.62,496.99,1,-1,-1,-1
411,137,455.94,498.45,226.06,414.53,1,-1,-1,-1
411,138,766.75,502.68,148.66,412.87,1,-1,-1,-1
411,139,1146.85,472.29,170.60,444.70,1,-1,-1,-1
411,140,1103.26,502.43,153.79,420.47,1,-1,-1,-1
411,141,1556.29,442.04,286.35,494.86,1,-1,-1,-1
411,142,1118.36,513.69,200.44,439.11,1,-1,-1,-1
411,143,1868.04,319.45,51.96,594.05,1,-1,-1,-1
411,144,0.47,501.52,40.58,488.86,1,-1,-1,-1
411,146,477.08,503.68,163.84,404.48,1,-1,-1,-1
411,147,1461.32,447.72,182.60,499.61,1,-1,-1,-1
411,148,0.00,469.64,140.20,447.21,1,-1,-1,-1
412,54,205.91,530.86,130.72,364.08,1,-1,-1,-1
412,61,651.81,528.66,181.96,408.50,1,-1,-1,-1
412,104,138.74,421.92,223.17,524.54,1,-1,-1,-1
412,114,0.01,556.74,68.24,336.20,1,-1,-1,-1
412,118,451.87,528.70,187.24,416.47,1,-1,-1,-1
412,123,915.26,491.81,279.00,443.42,1,-1,-1,-1
412,125,1539.32,409.90,227.95,598.43,1,-1,-1,-1
412,129,1459.89,443.33,189.28,506.25,1,-1,-1,-1
412,130,1238.69,435.17,224.62,501.05,1,-1,-1,-1
412,132,255.30,453.06,209.94,481.83,1,-1,-1,-1
412,133,0.16,556.95,140.19,364.69,1,-1,-1,-1
412,134,1649.05,451.21,269.62,496.99,1,-1,-1,-1
412,137,455.94,498.45,226.06,414.53,1,-1,-1,-1
412,138,775.89,505.13,147.99,409.49,1,-1,-1,-1
412,139,1160.46,478.91,177.34,440.70,1,-1,-1,-1
412,140,1112.63,501.49,150.33,419.99,1,-1,-1,-1
412,141,1556.29,442.04,286.35,494.86,1,-1,-1,-1
412,142,1137.36,511.46,196.70,442.73,1,-1,-1,-1
412,143,1868.04,319.45,51.96,594.05,1,-1,-1,-1
412,144,0.47,501.52,40.58,488.86,1,-1,-1,-1
412,146,486.58,511.41,163.44,395.62,1,-1,-1,-1
412,147,1473.37,454.00,181.79,495.93,1,-1,-1,-1
412,148,0.00,474.95,159.81,442.73,1,-1,-1,-1
413,54,218.39,532.60,132.68,360.88,1,-1,-1,-1
413,61,660.82,529.29,178.67,406.89,1,-1,-1,-1
413,104,138.74,421.92,223.17,524.54,1,-1,-1,-1
413,114,0.01,556.74,68.24,336.20,1,-1,-1,-1
413,118,451.87,528.70,187.24,416.47,1,-1,-1,-1
413,125,1557.86,416.48,218.84,592.71,1,-1,-1,-1
413,129,1459.89,443.33,189.28,506.25,1,-1,-1,-1
413,130,1238.69,435.17,224.62,501.05,1,-1,-1,-1
413,132,265.28,446.63,211.76,487.39,1,-1,-1,-1
413,133,0.16,556.95,140.19,364.69,1,-1,-1,-1
413,134,1649.05,451.21,269.62,496.99,1,-1,-1,-1
413,137,455.94,498.45,226.06,414.53,1,-1,-1,-1
413,138,786.93,507.19,143.31,406.35,1,-1,-1,-1
413,139,1160.46,478.91,177.34,440.70,1,-1,-1,-1
413,140,1119.61,502.97,149.96,415.57,1,-1,-1,-1
413,141,1556.29,442.04,286.35,494.86,1,-1,-1,-1
413,142,1148.85,513.91,195.76,440.25,1,-1,-1,-1
413,143,1868.04,319.45,51.96,594.05,1,-1,-1,-1
413,144,0.47,501.52,40.58,488.86,1,-1,-1,-1
413,146,492.48,515.16,161.90,389.70,1,-1,-1,-1
413,147,1484.00,460.07,168.34,487.42,1,-1,-1,-1
413,148,0.00,478.14,173.82,440.49,1,-1,-1,-1
414,54,222.39,535.88,138.14,358.38,1,-1,-1,-1
414,61,665.22,528.25,183.64,408.68,1,-1,-1,-1
414,104,138.74,421.92,223.17,524.54,1,-1,-1,-1
414,114,0.01,556.74,68.24,336.20,1,-1,-1,-1
414,118,451.87,528.70,187.24,416.47,1,-1,-1,-1
414,125,1564.38,421.49,222.04,587.65,1,-1,-1,-1
414,129,1459.89,443.33,189.28,506.25,1,-1,-1,-1
414,130,1238.69,435.17,224.62,501.05,1,-1,-1,-1
414,132,268.46,448.06,217.91,483.63,1,-1,-1,-1
414,133,0.16,556.95,140.19,364.69,1,-1,-1,-1
414,134,1649.05,451.21,269.62,496.99,1,-1,-1,-1
414,137,455.94,498.45,226.06,414.53,1,-1,-1,-1
414,138,793.32,509.61,141.79,406.03,1,-1,-1,-1
414,139,1160.46,478.91,177.34,440.70,1,-1,-1,-1
414,140,1124.15,506.68,156.23,414.66,1,-1,-1,-1
414,141,1556.29,442.04,286.35,494.86,1,-1,-1,-1
414,142,1156.27,503.81,200.00,452.35,1,-1,-1,-1
414,143,1868.04,319.45,51.96,594.05,1,-1,-1,-1
414,144,0.47,501.52,40.58,488.86,1,-1,-1,-1
414,146,498.01,519.29,161.11,386.26,1,-1,-1,-1
414,147,1487.65,466.02,172.19,482.25,1,-1,-1,-1
414,148,0.18,483.36,186.46,434.77,1,-1,-1,-1
415,54,227.61,538.62,133.10,354.58,1,-1,-1,-1
415,61,671.65,531.67,181.40,404.91,1,-1,-1,-1
415,104,138.74,421.92,223.17,524.54,1,-1,-1,-1
415,114,0.01,556.74,68.24,336.20,1,-1,-1,-1
415,118,451.87,528.70,187.24,416.47,1,-1,-1,-1
415,125,1576.19,426.40,220.92,585.41,1,-1,-1,-1
415,129,1459.89,443.33,189.28,506.25,1,-1,-1,-1
415,130,1238.69,435.17,224.62,501.05,1,-1,-1,-1
415,132,268.46,448.06,217.91,483.63,1,-1,-1,-1
415,133,0.16,556.95,140.19,364.69,1,-1,-1,-1
415,134,1649.05,451.21,269.62,496.99,1,-1,-1,-1
415,137,455.94,498.45,226.06,414.53,1,-1,-1,-1
415,138,798.03,510.67,142.81,404.62,1,-1,-1,-1
415,139,1160.46,478.91,177.34,440.70,1,-1,-1,-1
415,140,1128.63,508.88,158.37,409.85,1,-1,-1,-1
415,141,1556.29,442.04,286.35,494.86,1,-1,-1,-1
415,142,1165.39,507.73,199.61,447.35,1,-1,-1,-1
415,143,1868.04,319.45,51.96,594.05,1,-1,-1,-1
415,144,0.47,501.52,40.58,488.86,1,-1,-1,-1
415,146,503.26,525.49,161.56,379.64,1,-1,-1,-1
415,147,1494.28,469.75,175.03,478.58,1,-1,-1,-1
415,148,0.18,483.36,186.46,434.77,1,-1,-1,-1
416,54,233.35,541.79,134.28,352.73,1,-1,-1,-1
416,61,678.82,539.21,176.61,397.11,1,-1,-1,-1
416,104,138.74,421.92,223.17,524.54,1,-1,-1,-1
416,114,0.01,556.74,68.24,336.20,1,-1,-1,-1
416,118,451.87,528.70,187.24,416.47,1,-1,-1,-1
416,125,1587.26,432.27,218.35,575.81,1,-1,-1,-1
416,129,1459.89,443.33,189.28,506.25,1,-1,-1,-1
416,130,1238.69,435.17,224.62,501.05,1,-1,-1,-1
416,132,282.99,457.22,212.81,471.88,1,-1,-1,-1
416,133,0.16,556.95,140.19,364.69,1,-1,-1,-1
416,134,1649.05,451.21,269.62,496.99,1,-1,-1,-1
416,137,455.94,498.45,226.06,414.53,1,-1,-1,-1
416,138,803.98,513.14,139.29,400.93,1,-1,-1,-1
416,139,1160.46,478.91,177.34,440.70,1,-1,-1,-1
416,140,1132.24,509.24,160.77,412.93,1,-1,-1,-1
416,141,1556.29,442.04,286.35,494.86,1,-1,-1,-1
416,142,1173.63,512.42,199.40,443.11,1,-1,-1,-1
416,143,1868.04,319.45,51.96,594.05,1,-1,-1,-1
416,144,0.47,501.52,40.58,488.86,1,-1,-1,-1
416,146,506.30,529.02,162.92,376.82,1,-1,-1,-1
416,147,1502.53,474.90,172.38,473.66,1,-1,-1,-1
416,148,0.18,483.36,186.46,434.77,1,-1,-1,-1
417,54,245.06,546.75,129.76,347.28,1,-1,-1,-1
417,61,687.94,545.19,171.96,392.24,1,-1,-1,-1
417,104,138.74,421.92,223.17,524.54,1,-1,-1,-1
417,114,0.01,556.74,68.24,336.20,1,-1,-1,-1
417,118,451.87,528.70,187.24,416.47,1,-1,-1,-1
417,125,1601.91,444.38,223.29,562.56,1,-1,-1,-1
417,129,1459.89,443.33,189.28,506.25,1,-1,-1,-1
417,130,1238.69,435.17,224.62,501.05,1,-1,-1,-1
417,132,296.27,477.52,216.59,450.81,1,-1,-1,-1
417,133,0.16,556.95,140.19,364.69,1,-1,-1,-1
417,134,1649.05,451.21,269.62,496.99,1,-1,-1,-1
417,137,455.94,498.45,226.06,414.53,1,-1,-1,-1
417,138,813.07,517.50,145.31,396.17,1,-1,-1,-1
417,139,1160.46,478.91,177.34,440.70,1,-1,-1,-1
417,140,1142.05,515.35,158.03,406.12,1,-1,-1,-1
417,141,1556.29,442.04,286.35,494.86,1,-1,-1,-1
417,142,1163.99,510.04,222.45,446.88,1,-1,-1,-1
417,143,1868.04,319.45,51.96,594.05,1,-1,-1,-1
417,144,0.47,501.52,40.58,488.86,1,-1,-1,-1
417,146,514.93,543.30,165.52,360.83,1,-1,-1,-1
417,147,1518.70,486.54,179.25,465.78,1,-1,-1,-1
417,148,0.74,494.72,225.65,418.60,1,-1,-1,-1
418,54,254.40,550.21,143.35,341.83,1,-1,-1,-1
418,61,694.90,545.78,172.48,392.12,1,-1,-1,-1
418,104,138.74,421.92,223.17,524.54,1,-1,-1,-1
418,114,0.01,556.74,68.24,336.20,1,-1,-1,-1
418,118,451.87,528.70,187.24,416.47,1,-1,-1,-1
418,125,1611.02,450.42,222.53,560.18,1,-1,-1,-1
418,129,1459.89,443.33,189.28,506.25,1,-1,-1,-1
418,130,1238.69,435.17,224.62,501.05,1,-1,-1,-1
418,132,299.48,488.15,223.24,440.51,1,-1,-1,-1
418,133,0.16,556.95,140.19,364.69,1,-1,-1,-1
418,134,1649.05,451.21,269.62,496.99,1,-1,-1,-1
418,137,455.94,498.45,226.06,414.53,1,-1,-1,-1
418,138,814.73,520.98,147.68,394.47,1,-1,-1,-1
418,139,1160.46,478.91,177.34,440.70,1,-1,-1,-1
418,140,1146.84,521.13,158.78,400.37,1,-1,-1,-1
418,142,1175.78,514.13,216.26,442.93,1,-1,-1,-1
418,143,1868.04,319.45,51.96,594.05,1,-1,-1,-1
418,144,0.47,501.52,40.58,488.86,1,-1,-1,-1
418,146,523.05,547.55,164.36,354.95,1,-1,-1,-1
418,147,1525.75,491.01,177.63,460.79,1,-1,-1,-1
418,148,1.37,500.60,235.39,413.86,1,-1,-1,-1
419,54,261.65,552.06,143.28,339.16,1,-1,-1,-1
419,61,700.68,547.35,168.37,390.19,1,-1,-1,-1
419,104,138.74,421.92,223.17,524.54,1,-1,-1,-1
419,114,0.01,556.74,68.24,336.20,1,-1,-1,-1
419,118,451.87,528.70,187.24,416.47,1,-1,-1,-1
419,125,1619.89,458.32,223.02,552.17,1,-1,-1,-1
419,129,1459.89,443.33,189.28,506.25,1,-1,-1,-1
419,130,1238.69,435.17,224.62,501.05,1,-1,-1,-1
419,132,301.59,496.33,228.42,431.46,1,-1,-1,-1
419,133,0.16,556.95,140.19,364.69,1,-1,-1,-1
419,134,1649.05,451.21,269.62,496.99,1,-1,-1,-1
419,137,455.94,498.45,226.06,414.53,1,-1,-1,-1
419,138,819.38,525.96,148.93,389.65,1,-1,-1,-1
419,139,1160.46,478.91,177.34,440.70,1,-1,-1,-1
419,140,1152.76,526.70,158.55,394.43,1,-1,-1,-1
419,142,1178.61,515.12,218.46,443.61,1,-1,-1,-1
419,143,1868.04,319.45,51.96,594.05,1,-1,-1,-1
419,144,0.47,501.52,40.58,488.86,1,-1,-1,-1
419,146,528.88,555.06,164.47,347.49,1,-1,-1,-1
419,147,1531.18,495.24,182.89,459.20,1,-1,-1,-1
419,148,0.70,509.52,245.36,406.25,1,-1,-1,-1
420,54,267.54,556.19,131.71,334.33,1,-1,-1,-1
420,61,706.65,549.68,171.34,386.70,1,-1,-1,-1
420,104,138.74,421.92,223.17,524.54,1,-1,-1,-1
420,114,0.01,556.74,68.24,336.20,1,-1,-1,-1
420,118,451.87,528.70,187.24,416.47,1,-1,-1,-1
420,125,1621.50,467.63,230.92,543.32,1,-1,-1,-1
420,129,1459.89,443.33,189.28,506.25,1,-1,-1,-1
420,130,1238.69,435.17,224.62,501.05,1,-1,-1,-1
420,132,311.71,491.61,230.86,434.31,1,-1,-1,-1
420,134,1649.05,451.21,269.62,496.99,1,-1,-1,-1
420,137,455.94,498.45,226.06,414.53,1,-1,-1,-1
420,138,828.43,526.24,141.36,387.10,1,-1,-1,-1
420,139,1160.46,478.91,177.34,440.70,1,-1,-1,-1
420,140,1158.99,528.61,152.48,395.40,1,-1,-1,-1
420,142,1196.24,525.06,203.17,433.16,1,-1,-1,-1
420,143,1868.04,319.45,51.96,594.05,1,-1,-1,-1
420,144,0.47,501.52,40.58,488.86,1,-1,-1,-1
420,145,539.30,560.08,162.37,343.63,1,-1,-1,-1
420,146,528.88,555.06,164.47,347.49,1,-1,-1,-1
420,147,1541.27,498.33,179.76,455.80,1,-1,-1,-1
420,148,5.05,513.09,246.25,400.85,1,-1,-1,-1
420,149,0.00,528.32,66.08,361.86,1,-1,-1,-1
421,54,270.67,558.26,137.45,332.31,1,-1,-1,-1
421,61,711.55,553.04,173.06,382.96,1,-1,-1,-1
421,104,138.74,421.92,223.17,524.54,1,-1,-1,-1
421,114,0.01,556.74,68.24,336.20,1,-1,-1,-1
421,118,451.87,528.70,187.24,416.47,1,-1,-1,-1
421,125,1644.50,480.15,217.66,531.47,1,-1,-1,-1
421,129,1459.89,443.33,189.28,506.25,1,-1,-1,-1
421,130,1238.69,435.17,224.62,501.05,1,-1,-1,-1
421,132,319.36,503.10,226.22,420.60,1,-1,-1,-1
421,137,455.94,498.45,226.06,414.53,1,-1,-1,-1
421,138,835.69,527.80,139.14,386.29,1,-1,-1,-1
421,139,1160.46,478.91,177.34,440.70,1,-1,-1,-1
421,140,1164.77,529.63,151.04,392.82,1,-1,-1,-1
421,142,1207.20,529.60,196.83,429.70,1,-1,-1,-1
421,143,1868.04,319.45,51.96,594.05,1,-1,-1,-1
421,144,0.47,501.52,40.58,488.86,1,-1,-1,-1
421,145,544.91,565.01,162.00,339.46,1,-1,-1,-1
421,146,528.88,555.06,164.47,347.49,1,-1,-1,-1
421,147,1549.88,501.17,177.91,456.09,1,-1,-1,-1
421,148,0.67,520.40,252.78,392.98,1,-1,-1,-1
421,149,0.00,528.32,66.08,361.86,1,-1,-1,-1
422,54,282.94,569.67,141.25,321.26,1,-1,-1,-1
422,61,724.74,555.69,169.48,380.23,1,-1,-1,-1
422,104,138.74,421.92,223.17,524.54,1,-1,-1,-1
422,114,0.01,556.74,68.24,336.20,1,-1,-1,-1
422,118,451.87,528.70,187.24,416.47,1,-1,-1,-1
422,125,1681.26,504.05,194.34,509.00,1,-1,-1,-1
422,129,1459.89,443.33,189.28,506.25,1,-1,-1,-1
422,132,334.34,511.87,225.47,411.07,1,-1,-1,-1
422,138,846.71,532.23,138.48,382.17,1,-1,-1,-1
422,139,1160.46,478.91,177.34,440.70,1,-1,-1,-1
422,140,1178.74,532.97,150.31,385.03,1,-1,-1,-1
422,142,1221.48,540.23,190.72,419.70,1,-1,-1,-1
422,143,1868.04,319.45,51.96,594.05,1,-1,-1,-1
422,144,0.47,501.52,40.58,488.86,1,-1,-1,-1
422,145,551.90,571.07,166.37,332.91,1,-1,-1,-1
422,146,528.88,555.06,164.47,347.49,1,-1,-1,-1
422,147,1565.24,517.49,168.92,437.75,1,-1,-1,-1
422,148,29.46,524.04,235.52,387.08,1,-1,-1,-1
422,149,0.00,528.32,66.08,361.86,1,-1,-1,-1
423,54,292.42,573.78,130.73,316.28,1,-1,-1,-1
423,61,729.31,558.98,176.78,377.55,1,-1,-1,-1
423,104,138.74,421.92,223.17,524.54,1,-1,-1,-1
423,118,451.87,528.70,187.24,416.47,1,-1,-1,-1
423,125,1697.14,516.33,188.23,497.09,1,-1,-1,-1
423,129,1459.89,443.33,189.28,506.25,1,-1,-1,-1
423,132,338.46,511.64,236.88,410.73,1,-1,-1,-1
423,138,854.72,536.76,134.88,377.21,1,-1,-1,-1
423,139,1160.46,478.91,177.34,440.70,1,-1,-1,-1
423,140,1186.79,535.80,148.78,383.34,1,-1,-1,-1
423,142,1232.26,544.88,182.11,416.78,1,-1,-1,-1
423,143,1868.04,319.45,51.96,594.05,1,-1,-1,-1
423,144,0.47,501.52,40.58,488.86,1,-1,-1,-1
423,145,581.94,579.66,144.09,322.19,1,-1,-1,-1
423,146,528.88,555.06,164.47,347.49,1,-1,-1,-1
423,147,1575.10,525.32,168.94,428.73,1,-1,-1,-1
423,148,83.85,531.06,187.53,373.53,1,-1,-1,-1
423,149,0.00,528.32,66.08,361.86,1,-1,-1,-1
424,54,299.07,575.37,132.24,314.33,1,-1,-1,-1
424,61,734.72,563.22,174.64,374.21,1,-1,-1,-1
424,104,328.61,517.03,226.65,409.47,1,-1,-1,-1
424,118,451.87,528.70,187.24,416.47,1,-1,-1,-1
424,125,1699.42,519.28,192.53,495.68,1,-1,-1,-1
424,129,1459.89,443.33,189.28,506.25,1,-1,-1,-1
424,132,347.07,518.32,234.68,404.87,1,-1,-1,-1
424,138,858.28,540.82,136.93,373.44,1,-1,-1,-1
424,139,1160.46,478.91,177.34,440.70,1,-1,-1,-1
424,140,1191.97,539.09,151.66,385.20,1,-1,-1,-1
424,142,1233.18,553.25,184.27,408.42,1,-1,-1,-1
424,143,1868.04,319.45,51.96,594.05,1,-1,-1,-1
424,144,0.47,501.52,40.58,488.86,1,-1,-1,-1
424,145,581.94,579.66,144.09,322.19,1,-1,-1,-1
424,146,567.54,574.13,160.27,329.74,1,-1,-1,-1
424,147,1581.45,528.50,169.03,426.99,1,-1,-1,-1
424,148,95.51,535.78,178.58,365.19,1,-1,-1,-1
424,149,0.00,528.32,66.08,361.86,1,-1,-1,-1
424,150,469.04,521.32,108.39,258.88,1,-1,-1,-1
424,151,24.17,550.70,195.42,360.26,1,-1,-1,-1
425,54,305.91,578.42,135.78,310.83,1,-1,-1,-1
425,61,742.00,566.96,169.44,371.83,1,-1,-1,-1
425,104,328.61,517.03,226.65,409.47,1,-1,-1,-1
425,118,451.87,528.70,187.24,416.47,1,-1,-1,-1
425,125,1712.87,525.68,189.50,489.63,1,-1,-1,-1
425,129,1459.89,443.33,189.28,506.25,1,-1,-1,-1
425,132,342.83,532.96,241.99,391.67,1,-1,-1,-1
425,138,859.66,541.08,143.37,372.97,1,-1,-1,-1
425,139,1160.46,478.91,177.34,440.70,1,-1,-1,-1
425,140,1198.16,543.27,144.28,376.92,1,-1,-1,-1
425,142,1232.24,555.05,188.18,407.10,1,-1,-1,-1
425,143,1868.04,319.45,51.96,594.05,1,-1,-1,-1
425,144,0.47,501.52,40.58,488.86,1,-1,-1,-1
425,145,581.94,579.66,144.09,322.19,1,-1,-1,-1
425,146,577.00,577.51,158.78,324.51,1,-1,-1,-1
425,147,1589.51,534.03,172.42,422.01,1,-1,-1,-1
425,148,98.78,540.93,181.33,361.34,1,-1,-1,-1
425,149,8.59,567.65,151.33,318.48,1,-1,-1,-1
425,150,469.04,521.32,108.39,258.88,1,-1,-1,-1
425,151,17.01,555.97,210.26,355.53,1,-1,-1,-1
426,54,313.06,580.90,132.70,309.46,1,-1,-1,-1
426,61,747.78,569.12,165.34,369.25,1,-1,-1,-1
426,104,328.61,517.03,226.65,409.47,1,-1,-1,-1
426,125,1711.67,531.57,199.35,481.40,1,-1,-1,-1
426,129,1459.89,443.33,189.28,506.25,1,-1,-1,-1
426,132,351.82,545.28,231.00,379.70,1,-1,-1,-1
426,138,866.51,544.10,142.68,370.25,1,-1,-1,-1
426,139,1160.46,478.91,177.34,440.70,1,-1,-1,-1
426,140,1206.17,545.90,141.23,373.61,1,-1,-1,-1
426,142,1237.39,557.48,185.04,405.03,1,-1,-1,-1
426,143,1868.04,319.45,51.96,594.05,1,-1,-1,-1
426,145,601.67,589.54,141.42,312.30,1,-1,-1,-1
426,146,587.75,586.53,151.12,313.28,1,-1,-1,-1
426,147,1595.63,541.40,177.46,416.20,1,-1,-1,-1
426,148,98.78,540.93,181.33,361.34,1,-1,-1,-1
426,149,8.59,567.65,151.33,318.48,1,-1,-1,-1
426,150,482.63,532.44,109.16,253.20,1,-1,-1,-1
426,151,17.01,555.97,210.26,355.53,1,-1,-1,-1
427,54,329.93,587.04,121.86,301.35,1,-1,-1,-1
427,61,760.17,575.09,166.40,360.62,1,-1,-1,-1
427,104,328.61,517.03,226.65,409.47,1,-1,-1,-1
427,125,1721.60,537.94,195.86,477.08,1,-1,-1,-1
427,129,1459.89,443.33,189.28,506.25,1,-1,-1,-1
427,132,373.28,545.68,225.70,378.97,1,-1,-1,-1
427,138,890.99,547.92,127.51,367.02,1,-1,-1,-1
427,139,1160.46,478.91,177.34,440.70,1,-1,-1,-1
427,140,1224.02,550.44,140.26,372.39,1,-1,-1,-1
427,142,1254.21,562.87,173.75,398.61,1,-1,-1,-1
427,143,1868.04,319.45,51.96,594.05,1,-1,-1,-1
427,145,620.80,594.31,134.62,305.84,1,-1,-1,-1
427,146,603.10,589.97,126.81,307.97,1,-1,-1,-1
427,147,1614.18,548.29,172.05,407.81,1,-1,-1,-1
427,148,98.78,540.93,181.33,361.34,1,-1,-1,-1
427,149,28.54,578.50,150.78,309.81,1,-1,-1,-1
427,150,493.38,543.17,109.10,246.04,1,-1,-1,-1
427,151,17.01,555.97,210.26,355.53,1,-1,-1,-1
427,152,83.61,561.92,167.57,351.03,1,-1,-1,-1
428,54,340.33,591.78,116.62,296.86,1,-1,-1,-1
428,61,767.91,574.74,162.21,361.66,1,-1,-1,-1
428,104,328.61,517.03,226.65,409.47,1,-1,-1,-1
428,125,1736.98,538.01,181.95,476.94,1,-1,-1,-1
428,129,1459.89,443.33,189.28,506.25,1,-1,-1,-1
428,132,383.14,552.98,217.30,371.83,1,-1,-1,-1
428,138,899.48,551.51,124.35,362.47,1,-1,-1,-1
428,139,1160.46,478.91,177.34,440.70,1,-1,-1,-1
428,140,1233.04,555.14,143.09,364.28,1,-1,-1,-1
428,142,1256.24,564.40,177.87,397.44,1,-1,-1,-1
428,143,1868.04,319.45,51.96,594.05,1,-1,-1,-1
428,145,615.24,590.79,144.20,310.86,1,-1,-1,-1
428,146,603.10,589.97,126.81,307.97,1,-1,-1,-1
428,147,1622.31,552.83,176.80,405.08,1,-1,-1,-1
428,148,98.78,540.93,181.33,361.34,1,-1,-1,-1
428,149,39.61,583.31,163.74,305.01,1,-1,-1,-1
428,150,501.58,549.03,104.02,246.32,1,-1,-1,-1
428,151,17.01,555.97,210.26,355.53,1,-1,-1,-1
428,152,51.28,565.02,206.54,346.67,1,-1,-1,-1
429,54,353.25,594.66,116.94,292.83,1,-1,-1,-1
429,61,776.18,577.75,155.19,358.86,1,-1,-1,-1
429,104,328.61,517.03,226.65,409.47,1,-1,-1,-1
429,125,1731.36,531.39,188.32,484.76,1,-1,-1,-1
429,129,1459.89,443.33,189.28,506.25,1,-1,-1,-1
429,132,389.04,555.00,218.01,370.14,1,-1,-1,-1
429,138,907.71,555.95,124.27,356.54,1,-1,-1,-1
429,139,1160.46,478.91,177.34,440.70,1,-1,-1,-1
429,140,1240.93,562.20,136.32,358.48,1,-1,-1,-1
429,142,1255.65,565.35,185.06,396.33,1,-1,-1,-1
429,143,1868.04,319.45,51.96,594.05,1,-1,-1,-1
429,145,615.24,590.79,144.20,310.86,1,-1,-1,-1
429,146,621.96,591.72,120.83,308.30,1,-1,-1,-1
429,147,1628.30,549.02,186.48,409.96,1,-1,-1,-1
429,148,156.66,562.48,139.24,340.52,1,-1,-1,-1
429,149,57.69,592.82,144.05,293.49,1,-1,-1,-1
429,150,496.04,550.89,114.06,245.64,1,-1,-1,-1
429,151,17.01,555.97,210.26,355.53,1,-1,-1,-1
429,152,66.48,575.81,190.66,334.24,1,-1,-1,-1
429,155,661.99,599.07,108.18,299.00,1,-1,-1,-1
430,54,363.76,596.50,117.07,290.81,1,-1,-1,-1
430,61,782.96,581.75,149.70,356.66,1,-1,-1,-1
430,104,328.61,517.03,226.65,409.47,1,-1,-1,-1
430,125,1731.36,531.39,188.32,484.76,1,-1,-1,-1
430,129,1459.89,443.33,189.28,506.25,1,-1,-1,-1
430,132,398.78,559.89,213.83,364.74,1,-1,-1,-1
430,138,917.90,559.68,121.25,352.38,1,-1,-1,-1
430,139,1160.46,478.91,177.34,440.70,1,-1,-1,-1
430,140,1250.31,567.74,138.52,350.61,1,-1,-1,-1
430,142,1252.90,561.90,195.79,400.53,1,-1,-1,-1
430,143,1868.04,319.45,51.96,594.05,1,-1,-1,-1
430,145,632.32,593.92,135.39,306.12,1,-1,-1,-1
430,146,632.89,595.82,108.76,298.28,1,-1,-1,-1
430,147,1640.54,557.51,183.28,406.31,1,-1,-1,-1
430,148,156.66,562.48,139.24,340.52,1,-1,-1,-1
430,149,63.75,586.90,155.72,297.79,1,-1,-1,-1
430,150,491.66,558.68,124.09,238.66,1,-1,-1,-1
430,151,17.01,555.97,210.26,355.53,1,-1,-1,-1
430,152,65.57,575.50,218.06,334.30,1,-1,-1,-1
430,155,657.51,600.30,117.31,297.68,1,-1,-1,-1
431,54,371.96,599.32,119.65,288.13,1,-1,-1,-1
431,61,782.96,581.75,149.70,356.66,1,-1,-1,-1
431,104,328.61,517.03,226.65,409.47,1,-1,-1,-1
431,125,1731.36,531.39,188.32,484.76,1,-1,-1,-1
431,129,1459.89,443.33,189.28,506.25,1,-1,-1,-1
431,132,391.26,568.55,182.61,354.88,1,-1,-1,-1
431,138,925.32,562.10,121.76,350.27,1,-1,-1,-1
431,139,1160.46,478.91,177.34,440.70,1,-1,-1,-1
431,140,1258.32,570.43,141.91,352.01,1,-1,-1,-1
431,142,1260.83,570.83,197.90,394.02,1,-1,-1,-1
431,143,1868.04,319.45,51.96,594.05,1,-1,-1,-1
431,145,639.70,600.99,118.05,298.59,1,-1,-1,-1
431,146,632.89,595.82,108.76,298.28,1,-1,-1,-1
431,147,1643.92,553.56,189.40,411.57,1,-1,-1,-1
431,148,156.66,562.48,139.24,340.52,1,-1,-1,-1
431,149,63.75,586.90,155.72,297.79,1,-1,-1,-1
431,150,519.99,564.84,102.35,229.56,1,-1,-1,-1
431,151,17.01,555.97,210.26,355.53,1,-1,-1,-1
431,152,72.13,579.25,194.70,328.55,1,-1,-1,-1
431,153,157.10,572.64,149.79,322.34,1,-1,-1,-1
431,155,672.35,602.55,109.25,294.77,1,-1,-1,-1
432,54,389.49,605.83,110.88,281.28,1,-1,-1,-1
432,61,782.96,581.75,149.70,356.66,1,-1,-1,-1
432,104,328.61,517.03,226.65,409.47,1,-1,-1,-1
432,125,1731.36,531.39,188.32,484.76,1,-1,-1,-1
432,129,1459.89,443.33,189.28,506.25,1,-1,-1,-1
432,132,402.83,572.70,195.15,350.16,1,-1,-1,-1
432,138,939.90,566.74,122.44,344.80,1,-1,-1,-1
432,139,1160.46,478.91,177.34,440.70,1,-1,-1,-1
432,140,1275.09,574.11,143.49,355.68,1,-1,-1,-1
432,142,1276.75,574.29,196.44,390.55,1,-1,-1,-1
432,143,1868.04,319.45,51.96,594.05,1,-1,-1,-1
432,145,639.70,600.99,118.05,298.59,1,-1,-1,-1
432,146,632.89,595.82,108.76,298.28,1,-1,-1,-1
432,147,1660.69,564.42,186.27,395.57,1,-1,-1,-1
432,148,165.20,574.43,156.98,328.78,1,-1,-1,-1
432,149,91.99,588.85,159.66,294.34,1,-1,-1,-1
432,150,527.95,573.37,101.23,225.17,1,-1,-1,-1
432,151,17.01,555.97,210.26,355.53,1,-1,-1,-1
432,152,105.69,583.04,173.65,326.44,1,-1,-1,-1
432,153,157.10,572.64,149.79,322.34,1,-1,-1,-1
432,155,659.33,604.25,127.21,295.00,1,-1,-1,-1
432,156,803.91,585.05,153.05,353.35,1,-1,-1,-1
433,54,400.69,594.17,116.33,293.66,1,-1,-1,-1
433,61,782.96,581.75,149.70,356.66,1,-1,-1,-1
433,104,328.61,517.03,226.65,409.47,1,-1,-1,-1
433,125,1731.36,531.39,188.32,484.76,1,-1,-1,-1
433,129,1459.89,443.33,189.28,506.25,1,-1,-1,-1
433,132,421.68,572.45,177.17,351.11,1,-1,-1,-1
433,138,948.50,571.96,121.85,341.01,1,-1,-1,-1
433,139,1160.46,478.91,177.34,440.70,1,-1,-1,-1
433,140,1275.09,574.11,143.49,355.68,1,-1,-1,-1
433,142,1283.72,578.98,198.29,388.29,1,-1,-1,-1
433,145,639.70,600.99,118.05,298.59,1,-1,-1,-1
433,146,632.89,595.82,108.76,298.28,1,-1,-1,-1
433,147,1669.39,570.30,191.79,390.12,1,-1,-1,-1
433,148,165.20,574.43,156.98,328.78,1,-1,-1,-1
433,149,91.99,588.85,159.66,294.34,1,-1,-1,-1
433,150,527.95,573.37,101.23,225.17,1,-1,-1,-1
433,151,17.01,555.97,210.26,355.53,1,-1,-1,-1
433,152,106.72,587.37,181.26,321.40,1,-1,-1,-1
433,153,157.10,572.64,149.79,322.34,1,-1,-1,-1
433,155,662.45,605.38,129.08,294.17,1,-1,-1,-1
433,156,812.42,587.32,148.76,351.41,1,-1,-1,-1
434,54,412.04,608.78,105.41,276.70,1,-1,-1,-1
434,61,782.96,581.75,149.70,356.66,1,-1,-1,-1
434,104,328.61,517.03,226.65,409.47,1,-1,-1,-1
434,125,1731.36,531.39,188.32,484.76,1,-1,-1,-1
434,129,1459.89,443.33,189.28,506.25,1,-1,-1,-1
434,132,431.95,570.86,192.47,352.66,1,-1,-1,-1
434,138,959.14,574.67,120.54,337.42,1,-1,-1,-1
434,139,1160.46,478.91,177.34,440.70,1,-1,-1,-1
434,140,1275.09,574.11,143.49,355.68,1,-1,-1,-1
434,142,1294.38,584.48,198.18,382.38,1,-1,-1,-1
434,145,639.70,600.99,118.05,298.59,1,-1,-1,-1
434,146,632.89,595.82,108.76,298.28,1,-1,-1,-1
434,147,1676.19,565.59,193.50,396.67,1,-1,-1,-1
434,148,193.11,583.23,144.26,322.33,1,-1,-1,-1
434,149,91.99,588.85,159.66,294.34,1,-1,-1,-1
434,150,527.95,573.37,101.23,225.17,1,-1,-1,-1
434,151,17.01,555.97,210.26,355.53,1,-1,-1,-1
434,152,126.20,592.17,166.85,317.39,1,-1,-1,-1
434,153,157.10,572.64,149.79,322.34,1,-1,-1,-1
434,155,669.48,601.03,131.92,299.19,1,-1,-1,-1
434,156,821.24,586.83,150.67,352.03,1,-1,-1,-1
435,54,419.39,614.68,105.89,271.49,1,-1,-1,-1
435,61,782.96,581.75,149.70,356.66,1,-1,-1,-1
435,104,328.61,517.03,226.65,409.47,1,-1,-1,-1
435,125,1731.36,531.39,188.32,484.76,1,-1,-1,-1
435,129,1459.89,443.33,189.28,506.25,1,-1,-1,-1
435,132,437.01,572.37,192.68,351.15,1,-1,-1,-1
435,138,966.56,577.61,120.00,336.16,1,-1,-1,-1
435,139,1160.46,478.91,177.34,440.70,1,-1,-1,-1
435,140,1275.09,574.11,143.49,355.68,1,-1,-1,-1
435,142,1300.46,585.85,201.13,382.72,1,-1,-1,-1
435,145,639.70,600.99,118.05,298.59,1,-1,-1,-1
435,146,632.89,595.82,108.76,298.28,1,-1,-1,-1
435,147,1683.23,564.66,192.95,398.56,1,-1,-1,-1
435,148,193.11,583.23,144.26,322.33,1,-1,-1,-1
435,149,91.99,588.85,159.66,294.34,1,-1,-1,-1
435,150,527.95,573.37,101.23,225.17,1,-1,-1,-1
435,151,17.01,555.97,210.26,355.53,1,-1,-1,-1
435,152,131.87,590.96,175.39,317.54,1,-1,-1,-1
435,153,157.10,572.64,149.79,322.34,1,-1,-1,-1
435,155,679.29,603.93,131.08,294.43,1,-1,-1,-1
435,156,829.09,586.72,154.15,352.73,1,-1,-1,-1
435,158,0.02,584.19,65.27,276.23,1,-1,-1,-1
436,54,430.14,618.59,109.96,270.02,1,-1,-1,-1
436,61,782.96,581.75,149.70,356.66,1,-1,-1,-1
436,104,328.61,517.03,226.65,409.47,1,-1,-1,-1
436,125,1731.36,531.39,188.32,484.76,1,-1,-1,-1
436,129,1459.89,443.33,189.28,506.25,1,-1,-1,-1
436,132,445.62,568.44,190.02,354.53,1,-1,-1,-1
436,138,974.22,578.32,126.21,335.03,1,-1,-1,-1
436,139,1160.46,478.91,177.34,440.70,1,-1,-1,-1
436,140,1275.09,574.11,143.49,355.68,1,-1,-1,-1
436,142,1309.95,589.20,203.75,377.61,1,-1,-1,-1
436,145,639.70,600.99,118.05,298.59,1,-1,-1,-1
436,146,632.89,595.82,108.76,298.28,1,-1,-1,-1
436,147,1688.56,557.69,206.03,407.04,1,-1,-1,-1
436,148,193.47,582.01,161.06,321.20,1,-1,-1,-1
436,149,137.33,590.21,172.85,312.65,1,-1,-1,-1
436,150,527.95,573.37,101.23,225.17,1,-1,-1,-1
436,151,17.01,555.97,210.26,355.53,1,-1,-1,-1
436,152,141.29,582.25,209.55,326.52,1,-1,-1,-1
436,153,157.10,572.64,149.79,322.34,1,-1,-1,-1
436,155,685.54,602.43,135.33,296.80,1,-1,-1,-1
436,156,835.43,585.13,159.66,353.71,1,-1,-1,-1
436,158,0.00,590.39,77.00,277.75,1,-1,-1,-1
437,54,450.91,591.37,115.80,298.28,1,-1,-1,-1
437,61,782.96,581.75,149.70,356.66,1,-1,-1,-1
437,104,328.61,517.03,226.65,409.47,1,-1,-1,-1
437,125,1731.36,531.39,188.32,484.76,1,-1,-1,-1
437,129,1459.89,443.33,189.28,506.25,1,-1,-1,-1
437,132,464.47,571.53,176.21,352.80,1,-1,-1,-1
437,138,991.97,580.80,128.49,332.85,1,-1,-1,-1
437,139,1160.46,478.91,177.34,440.70,1,-1,-1,-1
437,140,1322.28,592.07,137.81,334.75,1,-1,-1,-1
437,142,1336.15,586.08,196.74,380.67,1,-1,-1,-1
437,145,639.70,600.99,118.05,298.59,1,-1,-1,-1
437,146,632.89,595.82,108.76,298.28,1,-1,-1,-1
437,147,1715.72,553.69,195.92,412.77,1,-1,-1,-1
437,148,193.47,582.01,161.06,321.20,1,-1,-1,-1
437,149,137.33,590.21,172.85,312.65,1,-1,-1,-1
437,150,527.95,573.37,101.23,225.17,1,-1,-1,-1
437,151,17.01,555.97,210.26,355.53,1,-1,-1,-1
437,152,172.80,589.08,195.86,319.85,1,-1,-1,-1
437,153,157.10,572.64,149.79,322.34,1,-1,-1,-1
437,155,704.12,608.39,136.52,290.33,1,-1,-1,-1
437,156,853.32,584.08,154.82,356.46,1,-1,-1,-1
437,158,0.00,564.01,91.35,311.18,1,-1,-1,-1
438,54,462.11,590.09,114.76,298.25,1,-1,-1,-1
438,61,782.96,581.75,149.70,356.66,1,-1,-1,-1
438,104,328.61,517.03,226.65,409.47,1,-1,-1,-1
438,125,1731.36,531.39,188.32,484.76,1,-1,-1,-1
438,129,1459.89,443.33,189.28,506.25,1,-1,-1,-1
438,132,474.16,573.31,172.81,350.92,1,-1,-1,-1
438,138,1004.66,585.20,127.05,330.79,1,-1,-1,-1
438,139,1160.46,478.91,177.34,440.70,1,-1,-1,-1
438,140,1335.43,594.95,143.19,329.48,1,-1,-1,-1
438,142,1342.64,586.34,198.81,378.10,1,-1,-1,-1
438,145,639.70,600.99,118.05,298.59,1,-1,-1,-1
438,146,632.89,595.82,108.76,298.28,1,-1,-1,-1
438,147,1727.70,551.39,191.47,415.35,1,-1,-1,-1
438,148,193.47,582.01,161.06,321.20,1,-1,-1,-1
438,149,185.16,602.36,134.96,282.61,1,-1,-1,-1
438,150,527.95,573.37,101.23,225.17,1,-1,-1,-1
438,151,17.01,555.97,210.26,355.53,1,-1,-1,-1
438,152,189.54,591.43,196.05,315.76,1,-1,-1,-1
438,153,157.10,572.64,149.79,322.34,1,-1,-1,-1
438,155,713.66,603.84,138.06,294.62,1,-1,-1,-1
438,156,863.95,586.52,152.73,353.41,1,-1,-1,-1
438,158,0.00,588.18,100.66,291.90,1,-1,-1,-1
439,54,472.24,590.29,116.74,298.03,1,-1,-1,-1
439,61,782.96,581.75,149.70,356.66,1,-1,-1,-1
439,104,328.61,517.03,226.65,409.47,1,-1,-1,-1
439,125,1731.36,531.39,188.32,484.76,1,-1,-1,-1
439,129,1459.89,443.33,189.28,506.25,1,-1,-1,-1
439,132,485.64,569.93,176.60,352.91,1,-1,-1,-1
439,138,1017.14,587.24,127.26,328.12,1,-1,-1,-1
439,139,1160.46,478.91,177.34,440.70,1,-1,-1,-1
439,140,1343.21,591.86,147.28,334.24,1,-1,-1,-1
439,142,1349.25,584.79,201.51,383.90,1,-1,-1,-1
439,145,639.70,600.99,118.05,298.59,1,-1,-1,-1
439,146,632.89,595.82,108.76,298.28,1,-1,-1,-1
439,147,1727.70,551.39,191.47,415.35,1,-1,-1,-1
439,148,193.47,582.01,161.06,321.20,1,-1,-1,-1
439,149,202.16,607.45,119.41,271.70,1,-1,-1,-1
439,150,527.95,573.37,101.23,225.17,1,-1,-1,-1
439,151,17.01,555.97,210.26,355.53,1,-1,-1,-1
439,152,203.98,592.91,189.81,315.14,1,-1,-1,-1
439,153,157.10,572.64,149.79,322.34,1,-1,-1,-1
439,155,724.15,607.57,135.20,289.97,1,-1,-1,-1
439,156,873.16,583.67,153.78,355.07,1,-1,-1,-1
439,158,0.19,594.74,110.06,288.68,1,-1,-1,-1
440,54,483.89,596.71,107.51,291.62,1,-1,-1,-1
440,61,782.96,581.75,149.70,356.66,1,-1,-1,-1
440,104,328.61,517.03,226.65,409.47,1,-1,-1,-1
440,125,1731.36,531.39,188.32,484.76,1,-1,-1,-1
440,129,1459.89,443.33,189.28,506.25,1,-1,-1,-1
440,132,498.56,570.61,172.68,351.76,1,-1,-1,-1
440,138,1026.32,588.64,129.16,326.28,1,-1,-1,-1
440,139,1160.46,478.91,177.34,440.70,1,-1,-1,-1
440,140,1352.64,591.74,137.87,334.82,1,-1,-1,-1
440,142,1355.89,581.31,205.13,383.77,1,-1,-1,-1
440,145,639.70,600.99,118.05,298.59,1,-1,-1,-1
440,146,782.58,619.37,76.99,195.89,1,-1,-1,-1
440,147,1756.88,547.22,163.04,420.44,1,-1,-1,-1
440,148,193.47,582.01,161.06,321.20,1,-1,-1,-1
440,149,216.76,603.33,119.88,276.81,1,-1,-1,-1
440,150,527.95,573.37,101.23,225.17,1,-1,-1,-1
440,151,19.74,595.67,118.82,275.35,1,-1,-1,-1
440,152,220.92,594.71,184.55,310.93,1,-1,-1,-1
440,153,157.10,572.64,149.79,322.34,1,-1,-1,-1
440,155,733.42,611.25,131.55,285.94,1,-1,-1,-1
440,156,881.32,585.66,156.22,354.15,1,-1,-1,-1
440,158,0.29,594.61,116.76,288.28,1,-1,-1,-1
441,54,493.55,599.37,109.44,287.04,1,-1,-1,-1
441,61,782.96,581.75,149.70,356.66,1,-1,-1,-1
441,104,328.61,517.03,226.65,409.47,1,-1,-1,-1
441,125,1731.36,531.39,188.32,484.76,1,-1,-1,-1
441,129,1459.89,443.33,189.28,506.25,1,-1,-1,-1
441,132,502.00,569.24,178.55,354.18,1,-1,-1,-1
441,138,1037.08,588.59,127.58,325.43,1,-1,-1,-1
441,139,1160.46,478.91,177.34,440.70,1,-1,-1,-1
441,140,1352.64,591.74,137.87,334.82,1,-1,-1,-1
441,142,1362.25,577.39,208.42,389.33,1,-1,-1,-1
441,145,639.70,600.99,118.05,298.59,1,-1,-1,-1
441,146,782.58,619.37,76.99,195.89,1,-1,-1,-1
441,147,1767.90,539.98,152.09,428.13,1,-1,-1,-1
441,148,193.47,582.01,161.06,321.20,1,-1,-1,-1
441,149,229.22,601.68,121.29,276.03,1,-1,-1,-1
441,150,527.95,573.37,101.23,225.17,1,-1,-1,-1
441,151,32.88,604.90,108.61,263.15,1,-1,-1,-1
441,152,243.26,595.40,178.15,309.73,1,-1,-1,-1
441,153,157.10,572.64,149.79,322.34,1,-1,-1,-1
441,155,742.21,610.31,137.15,287.52,1,-1,-1,-1
441,156,891.98,584.68,148.48,354.49,1,-1,-1,-1
441,158,0.21,597.37,121.14,293.13,1,-1,-1,-1
442,54,513.61,593.57,106.07,293.06,1,-1,-1,-1
442,61,782.96,581.75,149.70,356.66,1,-1,-1,-1
442,104,328.61,517.03,226.65,409.47,1,-1,-1,-1
442,125,1823.10,539.98,96.87,430.86,1,-1,-1,-1
442,132,535.49,571.35,158.90,350.51,1,-1,-1,-1
442,138,1052.70,585.92,129.52,330.34,1,-1,-1,-1
442,139,1160.46,478.91,177.34,440.70,1,-1,-1,-1
442,140,1379.96,581.89,148.35,347.85,1,-1,-1,-1
442,142,1385.86,577.10,205.52,389.63,1,-1,-1,-1
442,145,639.70,600.99,118.05,298.59,1,-1,-1,-1
442,146,782.58,619.37,76.99,195.89,1,-1,-1,-1
442,147,1787.90,537.34,132.10,431.14,1,-1,-1,-1
442,148,246.71,600.80,129.52,298.90,1,-1,-1,-1
442,149,250.88,608.88,110.41,273.96,1,-1,-1,-1
442,150,527.95,573.37,101.23,225.17,1,-1,-1,-1
442,151,54.80,609.15,105.23,260.49,1,-1,-1,-1
442,152,261.47,595.77,182.32,309.31,1,-1,-1,-1
442,153,157.10,572.64,149.79,322.34,1,-1,-1,-1
442,155,760.28,603.21,139.19,294.26,1,-1,-1,-1
442,156,907.32,586.19,150.37,353.70,1,-1,-1,-1
442,158,0.02,600.67,140.18,294.44,1,-1,-1,-1
443,54,523.93,592.52,110.05,293.63,1,-1,-1,-1
443,61,782.96,581.75,149.70,356.66,1,-1,-1,-1
443,104,328.61,517.03,226.65,409.47,1,-1,-1,-1
443,125,1823.10,539.98,96.87,430.86,1,-1,-1,-1
443,132,539.47,572.35,167.19,347.69,1,-1,-1,-1
443,138,1060.00,588.23,116.94,322.97,1,-1,-1,-1
443,140,1379.96,581.89,148.35,347.85,1,-1,-1,-1
443,142,1390.11,573.01,222.48,393.36,1,-1,-1,-1
443,145,639.70,600.99,118.05,298.59,1,-1,-1,-1
443,146,782.58,619.37,76.99,195.89,1,-1,-1,-1
443,147,1787.90,537.34,132.10,431.14,1,-1,-1,-1
443,148,262.40,604.40,119.83,285.81,1,-1,-1,-1
443,149,250.88,608.88,110.41,273.96,1,-1,-1,-1
443,150,527.95,573.37,101.23,225.17,1,-1,-1,-1
443,151,60.43,609.35,114.69,260.09,1,-1,-1,-1
443,152,270.22,592.69,182.83,310.43,1,-1,-1,-1
443,153,157.10,572.64,149.79,322.34,1,-1,-1,-1
443,155,769.51,605.29,140.73,293.13,1,-1,-1,-1
443,156,917.00,583.97,150.59,354.88,1,-1,-1,-1
443,158,0.00,602.70,153.61,294.32,1,-1,-1,-1
444,54,532.57,598.55,104.93,291.75,1,-1,-1,-1
444,61,782.96,581.75,149.70,356.66,1,-1,-1,-1
444,104,328.61,517.03,226.65,409.47,1,-1,-1,-1
444,125,1823.10,539.98,96.87,430.86,1,-1,-1,-1
444,132,558.16,573.56,159.56,347.56,1,-1,-1,-1
444,138,1060.00,588.23,116.94,322.97,1,-1,-1,-1
444,140,1379.96,581.89,148.35,347.85,1,-1,-1,-1
444,142,1398.23,567.95,232.55,398.57,1,-1,-1,-1
444,145,639.70,600.99,118.05,298.59,1,-1,-1,-1
444,146,782.58,619.37,76.99,195.89,1,-1,-1,-1
444,147,1811.54,516.06,108.46,450.11,1,-1,-1,-1
444,148,271.90,602.56,119.32,283.04,1,-1,-1,-1
444,149,250.88,608.88,110.41,273.96,1,-1,-1,-1
444,150,527.95,573.37,101.23,225.17,1,-1,-1,-1
444,151,86.75,610.11,105.61,258.95,1,-1,-1,-1
444,152,276.24,591.60,181.44,310.26,1,-1,-1,-1
444,153,157.10,572.64,149.79,322.34,1,-1,-1,-1
444,155,778.15,606.40,141.99,292.68,1,-1,-1,-1
444,156,921.88,582.78,153.35,352.42,1,-1,-1,-1
444,158,0.92,600.89,164.36,295.86,1,-1,-1,-1
445,54,536.10,610.63,96.31,277.88,1,-1,-1,-1
445,61,782.96,581.75,149.70,356.66,1,-1,-1,-1
445,104,328.61,517.03,226.65,409.47,1,-1,-1,-1
445,125,1823.10,539.98,96.87,430.86,1,-1,-1,-1
445,132,552.96,572.07,174.41,348.31,1,-1,-1,-1
445,138,1060.00,588.23,116.94,322.97,1,-1,-1,-1
445,140,1379.96,581.89,148.35,347.85,1,-1,-1,-1
445,142,1406.20,555.74,231.17,410.68,1,-1,-1,-1
445,145,639.70,600.99,118.05,298.59,1,-1,-1,-1
445,146,782.58,619.37,76.99,195.89,1,-1,-1,-1
445,147,1819.88,491.90,100.12,478.39,1,-1,-1,-1
445,148,280.11,611.26,117.24,268.41,1,-1,-1,-1
445,149,250.88,608.88,110.41,273.96,1,-1,-1,-1
445,150,527.95,573.37,101.23,225.17,1,-1,-1,-1
445,151,93.62,609.92,112.26,259.79,1,-1,-1,-1
445,152,276.24,591.60,181.44,310.26,1,-1,-1,-1
445,153,157.10,572.64,149.79,322.34,1,-1,-1,-1
445,154,299.49,581.38,179.47,321.17,1,-1,-1,-1
445,155,781.63,603.75,148.09,297.15,1,-1,-1,-1
445,156,923.20,585.44,167.35,349.03,1,-1,-1,-1
445,158,13.35,596.40,161.15,297.34,1,-1,-1,-1
445,159,1074.43,571.97,140.09,342.54,1,-1,-1,-1
446,54,541.74,604.65,93.92,280.18,1,-1,-1,-1
446,61,782.96,581.75,149.70,356.66,1,-1,-1,-1
446,104,328.61,517.03,226.65,409.47,1,-1,-1,-1
446,125,1823.10,539.98,96.87,430.86,1,-1,-1,-1
446,132,560.38,564.86,175.31,353.84,1,-1,-1,-1
446,138,1060.00,588.23,116.94,322.97,1,-1,-1,-1
446,140,1417.33,550.48,165.51,405.59,1,-1,-1,-1
446,142,1424.80,546.86,214.80,420.53,1,-1,-1,-1
446,145,639.70,600.99,118.05,298.59,1,-1,-1,-1
446,146,782.58,619.37,76.99,195.89,1,-1,-1,-1
446,147,1833.25,508.30,86.74,465.21,1,-1,-1,-1
446,148,286.03,606.68,118.35,277.26,1,-1,-1,-1
446,149,250.88,608.88,110.41,273.96,1,-1,-1,-1
446,150,527.95,573.37,101.23,225.17,1,-1,-1,-1
446,151,98.64,607.54,113.97,260.70,1,-1,-1,-1
446,152,276.24,591.60,181.44,310.26,1,-1,-1,-1
446,153,157.10,572.64,149.79,322.34,1,-1,-1,-1
446,154,301.22,573.27,186.00,327.84,1,-1,-1,-1
446,155,788.07,597.43,151.01,303.50,1,-1,-1,-1
446,156,926.26,580.18,179.11,355.16,1,-1,-1,-1
446,158,25.18,596.45,170.87,294.84,1,-1,-1,-1
446,159,1083.41,565.87,139.74,348.86,1,-1,-1,-1
447,54,541.74,604.65,93.92,280.18,1,-1,-1,-1
447,61,782.96,581.75,149.70,356.66,1,-1,-1,-1
447,104,328.61,517.03,226.65,409.47,1,-1,-1,-1
447,125,1823.10,539.98,96.87,430.86,1,-1,-1,-1
447,132,577.98,544.43,175.22,372.55,1,-1,-1,-1
447,138,1060.00,588.23,116.94,322.97,1,-1,-1,-1
447,140,1438.38,525.23,172.31,418.89,1,-1,-1,-1
447,142,1461.93,548.46,194.91,419.32,1,-1,-1,-1
447,145,639.70,600.99,118.05,298.59,1,-1,-1,-1
447,146,782.58,619.37,76.99,195.89,1,-1,-1,-1
447,147,1833.25,508.30,86.74,465.21,1,-1,-1,-1
447,148,309.32,582.59,111.79,297.64,1,-1,-1,-1
447,149,250.88,608.88,110.41,273.96,1,-1,-1,-1
447,150,527.95,573.37,101.23,225.17,1,-1,-1,-1
447,151,116.00,604.35,114.62,263.65,1,-1,-1,-1
447,152,323.46,533.37,174.09,370.41,1,-1,-1,-1
447,153,157.10,572.64,149.79,322.34,1,-1,-1,-1
447,154,324.84,532.28,175.37,370.00,1,-1,-1,-1
447,155,805.10,574.05,146.08,326.61,1,-1,-1,-1
447,156,930.01,549.67,199.27,382.53,1,-1,-1,-1
447,158,52.09,591.04,165.01,301.88,1,-1,-1,-1
447,159,1092.32,542.86,150.37,373.11,1,-1,-1,-1
448,54,541.74,604.65,93.92,280.18,1,-1,-1,-1
448,61,782.96,581.75,149.70,356.66,1,-1,-1,-1
448,104,328.61,517.03,226.65,409.47,1,-1,-1,-1
448,125,1823.10,539.98,96.87,430.86,1,-1,-1,-1
448,132,588.09,525.94,176.07,394.67,1,-1,-1,-1
448,138,1060.00,588.23,116.94,322.97,1,-1,-1,-1
448,140,1448.12,504.75,189.10,441.00,1,-1,-1,-1
448,142,1471.54,527.17,200.49,442.24,1,-1,-1,-1
448,145,639.70,600.99,118.05,298.59,1,-1,-1,-1
448,146,782.58,619.37,76.99,195.89,1,-1,-1,-1
448,147,1833.25,508.30,86.74,465.21,1,-1,-1,-1
448,148,322.59,574.86,116.39,306.69,1,-1,-1,-1
448,149,250.88,608.88,110.41,273.96,1,-1,-1,-1
448,150,527.95,573.37,101.23,225.17,1,-1,-1,-1
448,151,116.00,604.35,114.62,263.65,1,-1,-1,-1
448,152,323.46,533.37,174.09,370.41,1,-1,-1,-1
448,153,157.10,572.64,149.79,322.34,1,-1,-1,-1
448,154,332.08,510.40,180.17,394.26,1,-1,-1,-1
448,155,814.28,551.07,148.21,350.79,1,-1,-1,-1
448,156,941.22,527.48,194.92,406.75,1,-1,-1,-1
448,158,66.81,574.56,172.44,317.73,1,-1,-1,-1
448,159,1101.46,521.71,149.47,393.31,1,-1,-1,-1
448,161,569.91,557.81,119.79,332.35,1,-1,-1,-1
449,54,541.74,604.65,93.92,280.18,1,-1,-1,-1
449,61,782.96,581.75,149.70,356.66,1,-1,-1,-1
449,104,328.61,517.03,226.65,409.47,1,-1,-1,-1
449,125,1823.10,539.98,96.87,430.86,1,-1,-1,-1
449,132,595.99,509.32,178.54,409.75,1,-1,-1,-1
449,138,1060.00,588.23,116.94,322.97,1,-1,-1,-1
449,140,1454.94,489.55,191.09,454.36,1,-1,-1,-1
449,142,1457.31,489.95,231.22,483.68,1,-1,-1,-1
449,145,639.70,600.99,118.05,298.59,1,-1,-1,-1
449,146,782.58,619.37,76.99,195.89,1,-1,-1,-1
449,147,1833.25,508.30,86.74,465.21,1,-1,-1,-1
449,148,335.78,565.43,126.85,315.44,1,-1,-1,-1
449,149,250.88,608.88,110.41,273.96,1,-1,-1,-1
449,150,527.95,573.37,101.23,225.17,1,-1,-1,-1
449,151,116.00,604.35,114.62,263.65,1,-1,-1,-1
449,152,323.46,533.37,174.09,370.41,1,-1,-1,-1
449,153,157.10,572.64,149.79,322.34,1,-1,-1,-1
449,154,340.66,496.66,180.27,408.41,1,-1,-1,-1
449,155,823.05,530.42,155.27,371.06,1,-1,-1,-1
449,156,951.07,501.39,192.96,430.82,1,-1,-1,-1
449,158,76.10,559.59,173.67,333.48,1,-1,-1,-1
449,159,1111.99,504.45,146.73,414.12,1,-1,-1,-1
449,161,578.91,544.53,119.42,343.52,1,-1,-1,-1
450,54,541.74,604.65,93.92,280.18,1,-1,-1,-1
450,61,782.96,581.75,149.70,356.66,1,-1,-1,-1
450,104,328.61,517.03,226.65,409.47,1,-1,-1,-1
450,125,1823.10,539.98,96.87,430.86,1,-1,-1,-1
450,132,609.36,474.91,176.56,444.96,1,-1,-1,-1
450,138,1060.00,588.23,116.94,322.97,1,-1,-1,-1
450,140,1458.96,470.62,196.40,471.33,1,-1,-1,-1
450,142,1458.35,470.01,217.77,487.26,1,-1,-1,-1
450,145,639.70,600.99,118.05,298.59,1,-1,-1,-1
450,146,782.58,619.37,76.99,195.89,1,-1,-1,-1
450,147,1833.25,508.30,86.74,465.21,1,-1,-1,-1
450,148,349.48,560.85,113.57,318.89,1,-1,-1,-1
450,149,250.88,608.88,110.41,273.96,1,-1,-1,-1
450,150,527.95,573.37,101.23,225.17,1,-1,-1,-1
450,151,131.44,553.70,135.42,319.49,1,-1,-1,-1
450,152,350.98,492.12,176.14,412.74,1,-1,-1,-1
450,153,157.10,572.64,149.79,322.34,1,-1,-1,-1
450,154,349.62,540.64,131.90,353.61,1,-1,-1,-1
450,155,829.26,518.50,157.57,382.08,1,-1,-1,-1
450,156,960.63,484.28,186.83,448.46,1,-1,-1,-1
450,158,86.22,546.54,159.12,346.29,1,-1,-1,-1
450,159,1116.05,495.87,152.05,421.71,1,-1,-1,-1
450,161,588.22,537.59,127.97,353.25,1,-1,-1,-1
451,54,541.74,604.65,93.92,280.18,1,-1,-1,-1
451,61,782.96,581.75,149.70,356.66,1,-1,-1,-1
451,104,328.61,517.03,226.65,409.47,1,-1,-1,-1
451,125,1823.10,539.98,96.87,430.86,1,-1,-1,-1
451,132,623.45,458.75,170.38,460.78,1,-1,-1,-1
451,138,1060.00,588.23,116.94,322.97,1,-1,-1,-1
451,140,1458.96,470.62,196.40,471.33,1,-1,-1,-1
451,142,1467.31,448.19,203.48,492.40,1,-1,-1,-1
451,145,639.70,600.99,118.05,298.59,1,-1,-1,-1
451,146,782.58,619.37,76.99,195.89,1,-1,-1,-1
451,147,1833.25,508.30,86.74,465.21,1,-1,-1,-1
451,148,358.46,552.27,115.85,326.44,1,-1,-1,-1
451,149,250.88,608.88,110.41,273.96,1,-1,-1,-1
451,150,527.95,573.37,101.23,225.17,1,-1,-1,-1
451,151,148.37,547.79,136.37,325.20,1,-1,-1,-1
451,152,369.58,481.57,169.29,424.75,1,-1,-1,-1
451,153,157.10,572.64,149.79,322.34,1,-1,-1,-1
451,154,349.62,540.64,131.90,353.61,1,-1,-1,-1
451,155,836.95,503.86,155.27,395.60,1,-1,-1,-1
451,156,967.34,464.98,185.35,467.66,1,-1,-1,-1
451,158,95.73,538.26,154.37,354.70,1,-1,-1,-1
451,159,1123.48,492.65,154.07,420.66,1,-1,-1,-1
451,161,598.16,533.53,124.60,357.65,1,-1,-1,-1
452,54,541.74,604.65,93.92,280.18,1,-1,-1,-1
452,61,782.96,581.75,149.70,356.66,1,-1,-1,-1
452,104,328.61,517.03,226.65,409.47,1,-1,-1,-1
452,125,1823.10,539.98,96.87,430.86,1,-1,-1,-1
452,132,634.71,450.24,170.54,469.10,1,-1,-1,-1
452,138,1060.00,588.23,116.94,322.97,1,-1,-1,-1
452,140,1478.44,476.28,189.34,462.99,1,-1,-1,-1
452,142,1480.10,506.88,173.92,428.10,1,-1,-1,-1
452,145,639.70,600.99,118.05,298.59,1,-1,-1,-1
452,146,782.58,619.37,76.99,195.89,1,-1,-1,-1
452,147,1833.25,508.30,86.74,465.21,1,-1,-1,-1
452,148,371.86,561.52,111.37,316.07,1,-1,-1,-1
452,149,250.88,608.88,110.41,273.96,1,-1,-1,-1
452,150,527.95,573.37,101.23,225.17,1,-1,-1,-1
452,151,166.48,537.70,138.39,336.20,1,-1,-1,-1
452,152,383.40,476.71,173.54,428.18,1,-1,-1,-1
452,153,157.10,572.64,149.79,322.34,1,-1,-1,-1
452,154,349.62,540.64,131.90,353.61,1,-1,-1,-1
452,155,845.27,501.09,153.48,399.87,1,-1,-1,-1
452,156,978.62,454.31,193.68,479.04,1,-1,-1,-1
452,158,112.18,527.88,154.15,367.53,1,-1,-1,-1
452,159,1137.88,491.25,151.61,423.95,1,-1,-1,-1
452,161,610.92,539.57,123.05,351.93,1,-1,-1,-1
452,162,1482.26,418.89,234.86,555.17,1,-1,-1,-1
453,54,541.74,604.65,93.92,280.18,1,-1,-1,-1
453,61,782.96,581.75,149.70,356.66,1,-1,-1,-1
453,104,328.61,517.03,226.65,409.47,1,-1,-1,-1
453,125,1823.10,539.98,96.87,430.86,1,-1,-1,-1
453,132,639.58,449.07,171.58,470.38,1,-1,-1,-1
453,138,1060.00,588.23,116.94,322.97,1,-1,-1,-1
453,140,1488.77,486.92,182.20,446.50,1,-1,-1,-1
453,142,1480.10,506.88,173.92,428.10,1,-1,-1,-1
453,145,639.70,600.99,118.05,298.59,1,-1,-1,-1
453,146,782.58,619.37,76.99,195.89,1,-1,-1,-1
453,147,1833.25,508.30,86.74,465.21,1,-1,-1,-1
453,148,378.04,564.19,115.45,310.78,1,-1,-1,-1
453,149,250.88,608.88,110.41,273.96,1,-1,-1,-1
453,150,527.95,573.37,101.23,225.17,1,-1,-1,-1
453,151,176.13,539.01,140.49,335.45,1,-1,-1,-1
453,152,387.61,476.04,174.93,429.30,1,-1,-1,-1
453,153,157.10,572.64,149.79,322.34,1,-1,-1,-1
453,154,349.62,540.64,131.90,353.61,1,-1,-1,-1
453,155,851.14,501.67,152.89,401.31,1,-1,-1,-1
453,156,987.93,452.93,187.74,480.07,1,-1,-1,-1
453,158,122.62,527.76,144.93,366.96,1,-1,-1,-1
453,159,1139.84,492.79,154.97,422.53,1,-1,-1,-1
453,161,617.20,541.73,123.00,348.16,1,-1,-1,-1
453,162,1492.83,414.44,236.52,557.41,1,-1,-1,-1
454,54,541.74,604.65,93.92,280.18,1,-1,-1,-1
454,61,782.96,581.75,149.70,356.66,1,-1,-1,-1
454,104,328.61,517.03,226.65,409.47,1,-1,-1,-1
454,125,1823.10,539.98,96.87,430.86,1,-1,-1,-1
454,132,639.59,448.27,176.06,471.50,1,-1,-1,-1
454,138,1060.00,588.23,116.94,322.97,1,-1,-1,-1
454,140,1496.40,491.19,184.76,443.40,1,-1,-1,-1
454,142,1480.10,506.88,173.92,428.10,1,-1,-1,-1
454,145,639.70,600.99,118.05,298.59,1,-1,-1,-1
454,146,782.58,619.37,76.99,195.89,1,-1,-1,-1
454,147,1833.25,508.30,86.74,465.21,1,-1,-1,-1
454,148,387.12,559.38,117.20,315.95,1,-1,-1,-1
454,149,250.88,608.88,110.41,273.96,1,-1,-1,-1
454,150,527.95,573.37,101.23,225.17,1,-1,-1,-1
454,151,185.46,539.14,135.13,334.33,1,-1,-1,-1
454,152,392.71,476.58,174.15,429.10,1,-1,-1,-1
454,153,157.10,572.64,149.79,322.34,1,-1,-1,-1
454,154,349.62,540.64,131.90,353.61,1,-1,-1,-1
454,155,857.07,502.34,149.70,398.66,1,-1,-1,-1
454,156,997.67,452.82,182.97,480.97,1,-1,-1,-1
454,158,128.89,529.48,145.27,364.41,1,-1,-1,-1
454,159,1149.65,490.95,149.12,422.26,1,-1,-1,-1
454,161,621.05,539.77,123.60,350.80,1,-1,-1,-1
454,162,1499.11,414.96,234.00,557.19,1,-1,-1,-1
455,54,541.74,604.65,93.92,280.18,1,-1,-1,-1
455,61,782.96,581.75,149.70,356.66,1,-1,-1,-1
455,125,1823.10,539.98,96.87,430.86,1,-1,-1,-1
455,132,646.60,447.78,173.34,471.06,1,-1,-1,-1
455,138,1060.00,588.23,116.94,322.97,1,-1,-1,-1
455,140,1502.02,509.26,173.41,423.26,1,-1,-1,-1
455,142,1480.10,506.88,173.92,428.10,1,-1,-1,-1
455,145,639.70,600.99,118.05,298.59,1,-1,-1,-1
455,146,782.58,619.37,76.99,195.89,1,-1,-1,-1
455,147,1833.25,508.30,86.74,465.21,1,-1,-1,-1
455,148,389.75,566.52,117.65,310.40,1,-1,-1,-1
455,149,250.88,608.88,110.41,273.96,1,-1,-1,-1
455,150,527.95,573.37,101.23,225.17,1,-1,-1,-1
455,151,189.20,539.66,134.14,333.30,1,-1,-1,-1
455,152,396.22,476.69,174.23,428.35,1,-1,-1,-1
455,153,157.10,572.64,149.79,322.34,1,-1,-1,-1
455,154,349.62,540.64,131.90,353.61,1,-1,-1,-1
455,155,860.61,501.76,149.53,399.15,1,-1,-1,-1
455,156,1005.30,455.11,180.20,478.65,1,-1,-1,-1
455,158,133.26,529.50,142.69,363.12,1,-1,-1,-1
455,159,1152.59,491.25,149.27,423.11,1,-1,-1,-1
455,161,627.09,542.11,120.45,348.06,1,-1,-1,-1
455,162,1504.78,412.47,232.71,559.09,1,-1,-1,-1
456,54,541.74,604.65,93.92,280.18,1,-1,-1,-1
456,61,782.96,581.75,149.70,356.66,1,-1,-1,-1
456,125,1823.10,539.98,96.87,430.86,1,-1,-1,-1
456,132,651.60,447.77,171.19,470.81,1,-1,-1,-1
456,138,1060.00,588.23,116.94,322.97,1,-1,-1,-1
456,140,1505.14,485.99,183.95,446.82,1,-1,-1,-1
456,142,1480.10,506.88,173.92,428.10,1,-1,-1,-1
456,145,639.70,600.99,118.05,298.59,1,-1,-1,-1
456,146,782.58,619.37,76.99,195.89,1,-1,-1,-1
456,147,1833.25,508.30,86.74,465.21,1,-1,-1,-1
456,148,393.00,561.48,119.41,315.76,1,-1,-1,-1
456,149,250.88,608.88,110.41,273.96,1,-1,-1,-1
456,150,527.95,573.37,101.23,225.17,1,-1,-1,-1
456,151,189.46,539.40,137.29,333.31,1,-1,-1,-1
456,152,399.84,475.65,173.13,429.88,1,-1,-1,-1
456,153,157.10,572.64,149.79,322.34,1,-1,-1,-1
456,154,349.62,540.64,131.90,353.61,1,-1,-1,-1
456,155,861.16,501.42,149.28,399.17,1,-1,-1,-1
456,156,1007.60,452.19,181.52,480.62,1,-1,-1,-1
456,158,135.02,529.75,142.89,362.76,1,-1,-1,-1
456,159,1153.12,490.10,150.85,425.37,1,-1,-1,-1
456,161,630.24,540.89,119.73,349.20,1,-1,-1,-1
456,162,1505.12,410.47,236.52,561.55,1,-1,-1,-1
457,54,541.74,604.65,93.92,280.18,1,-1,-1,-1
457,61,782.96,581.75,149.70,356.66,1,-1,-1,-1
457,125,1823.10,539.98,96.87,430.86,1,-1,-1,-1
457,132,651.22,447.21,173.26,474.47,1,-1,-1,-1
457,138,1060.00,588.23,116.94,322.97,1,-1,-1,-1
457,140,1508.67,482.29,170.16,445.91,1,-1,-1,-1
457,142,1480.10,506.88,173.92,428.10,1,-1,-1,-1
457,145,639.70,600.99,118.05,298.59,1,-1,-1,-1
457,146,782.58,619.37,76.99,195.89,1,-1,-1,-1
457,147,1833.25,508.30,86.74,465.21,1,-1,-1,-1
457,148,395.97,564.70,117.73,312.48,1,-1,-1,-1
457,149,250.88,608.88,110.41,273.96,1,-1,-1,-1
457,150,527.95,573.37,101.23,225.17,1,-1,-1,-1
457,151,192.11,540.08,139.39,332.98,1,-1,-1,-1
457,152,403.02,476.34,170.38,429.08,1,-1,-1,-1
457,153,157.10,572.64,149.79,322.34,1,-1,-1,-1
457,154,349.62,540.64,131.90,353.61,1,-1,-1,-1
457,155,862.08,500.12,148.98,401.26,1,-1,-1,-1
457,156,1009.12,452.38,176.75,479.11,1,-1,-1,-1
457,158,137.73,529.98,141.88,363.74,1,-1,-1,-1
457,159,1158.92,489.45,146.35,426.67,1,-1,-1,-1
457,161,636.22,543.44,116.47,346.44,1,-1,-1,-1
457,162,1510.97,411.72,241.04,556.81,1,-1,-1,-1
458,54,541.74,604.65,93.92,280.18,1,-1,-1,-1
458,61,782.96,581.75,149.70,356.66,1,-1,-1,-1
458,125,1823.10,539.98,96.87,430.86,1,-1,-1,-1
458,132,653.07,446.13,172.06,476.72,1,-1,-1,-1
458,138,1060.00,588.23,116.94,322.97,1,-1,-1,-1
458,140,1510.06,485.04,165.98,441.84,1,-1,-1,-1
458,142,1480.10,506.88,173.92,428.10,1,-1,-1,-1
458,145,639.70,600.99,118.05,298.59,1,-1,-1,-1
458,146,782.58,619.37,76.99,195.89,1,-1,-1,-1
458,147,1833.25,508.30,86.74,465.21,1,-1,-1,-1
458,148,396.22,568.93,116.82,308.70,1,-1,-1,-1
458,149,250.88,608.88,110.41,273.96,1,-1,-1,-1
458,150,527.95,573.37,101.23,225.17,1,-1,-1,-1
458,151,193.89,542.21,138.11,331.62,1,-1,-1,-1
458,152,402.04,476.40,170.92,429.66,1,-1,-1,-1
458,153,157.10,572.64,149.79,322.34,1,-1,-1,-1
458,154,349.62,540.64,131.90,353.61,1,-1,-1,-1
458,155,862.50,500.14,149.57,401.57,1,-1,-1,-1
458,156,1008.79,451.86,179.04,479.99,1,-1,-1,-1
458,158,137.82,530.52,144.47,365.32,1,-1,-1,-1
458,159,1157.00,488.62,148.98,427.69,1,-1,-1,-1
458,161,636.72,535.98,125.13,364.18,1,-1,-1,-1
458,162,1512.67,412.50,241.93,555.34,1,-1,-1,-1
459,54,541.74,604.65,93.92,280.18,1,-1,-1,-1
459,61,782.96,581.75,149.70,356.66,1,-1,-1,-1
459,125,1823.10,539.98,96.87,430.86,1,-1,-1,-1
459,132,652.55,448.21,171.34,476.38,1,-1,-1,-1
459,138,1060.00,588.23,116.94,322.97,1,-1,-1,-1
459,140,1510.49,485.60,175.27,442.06,1,-1,-1,-1
459,142,1480.10,506.88,173.92,428.10,1,-1,-1,-1
459,145,639.70,600.99,118.05,298.59,1,-1,-1,-1
459,146,782.58,619.37,76.99,195.89,1,-1,-1,-1
459,147,1833.25,508.30,86.74,465.21,1,-1,-1,-1
459,148,396.32,559.25,119.84,318.78,1,-1,-1,-1
459,149,250.88,608.88,110.41,273.96,1,-1,-1,-1
459,150,527.95,573.37,101.23,225.17,1,-1,-1,-1
459,151,191.28,544.00,139.84,331.32,1,-1,-1,-1
459,152,401.93,474.81,169.23,432.44,1,-1,-1,-1
459,153,157.10,572.64,149.79,322.34,1,-1,-1,-1
459,154,349.62,540.64,131.90,353.61,1,-1,-1,-1
459,155,862.79,498.37,149.42,403.24,1,-1,-1,-1
459,156,1009.51,451.25,179.28,481.51,1,-1,-1,-1
459,158,135.98,532.93,146.59,363.47,1,-1,-1,-1
459,159,1153.14,489.73,152.41,426.84,1,-1,-1,-1
459,161,636.53,534.39,125.84,366.39,1,-1,-1,-1
459,162,1508.94,412.60,245.11,556.41,1,-1,-1,-1
460,54,541.74,604.65,93.92,280.18,1,-1,-1,-1
460,61,782.96,581.75,149.70,356.66,1,-1,-1,-1
460,125,1823.10,539.98,96.87,430.86,1,-1,-1,-1
460,132,649.20,448.68,171.75,475.92,1,-1,-1,-1
460,138,1060.00,588.23,116.94,322.97,1,-1,-1,-1
460,140,1509.19,490.18,174.40,436.21,1,-1,-1,-1
460,142,1480.10,506.88,173.92,428.10,1,-1,-1,-1
460,145,639.70,600.99,118.05,298.59,1,-1,-1,-1
460,146,782.58,619.37,76.99,195.89,1,-1,-1,-1
460,147,1833.25,508.30,86.74,465.21,1,-1,-1,-1
460,148,396.32,559.25,119.84,318.78,1,-1,-1,-1
460,149,250.88,608.88,110.41,273.96,1,-1,-1,-1
460,150,527.95,573.37,101.23,225.17,1,-1,-1,-1
460,151,183.50,538.95,146.54,338.14,1,-1,-1,-1
460,152,400.38,477.55,168.37,429.84,1,-1,-1,-1
460,153,157.10,572.64,149.79,322.34,1,-1,-1,-1
460,154,349.62,540.64,131.90,353.61,1,-1,-1,-1
460,155,862.68,498.59,147.09,403.02,1,-1,-1,-1
460,156,1008.74,450.94,178.83,482.26,1,-1,-1,-1
460,158,135.12,533.23,146.96,363.26,1,-1,-1,-1
460,159,1152.18,490.98,152.70,426.26,1,-1,-1,-1
460,161,636.53,534.39,125.84,366.39,1,-1,-1,-1
460,162,1509.32,413.48,244.08,556.20,1,-1,-1,-1
460,163,636.85,545.26,115.23,344.83,1,-1,-1,-1
461,54,541.74,604.65,93.92,280.18,1,-1,-1,-1
461,125,1823.10,539.98,96.87,430.86,1,-1,-1,-1
461,132,643.03,448.34,175.69,475.98,1,-1,-1,-1
461,138,1060.00,588.23,116.94,322.97,1,-1,-1,-1
461,140,1505.73,484.68,177.04,443.27,1,-1,-1,-1
461,142,1480.10,506.88,173.92,428.10,1,-1,-1,-1
461,145,639.70,600.99,118.05,298.59,1,-1,-1,-1
461,146,782.58,619.37,76.99,195.89,1,-1,-1,-1
461,147,1833.25,508.30,86.74,465.21,1,-1,-1,-1
461,148,395.44,557.22,119.15,322.62,1,-1,-1,-1
461,149,250.88,608.88,110.41,273.96,1,-1,-1,-1
461,150,527.95,573.37,101.23,225.17,1,-1,-1,-1
461,151,185.76,545.01,142.58,331.01,1,-1,-1,-1
461,152,399.36,478.32,166.26,430.46,1,-1,-1,-1
461,153,157.10,572.64,149.79,322.34,1,-1,-1,-1
461,154,349.62,540.64,131.90,353.61,1,-1,-1,-1
461,155,860.09,497.75,147.58,403.85,1,-1,-1,-1
461,156,1007.80,451.43,177.82,480.69,1,-1,-1,-1
461,158,133.76,537.03,146.64,360.23,1,-1,-1,-1
461,159,1150.58,490.13,152.73,425.75,1,-1,-1,-1
461,161,636.53,534.39,125.84,366.39,1,-1,-1,-1
461,162,1517.76,413.68,234.73,555.95,1,-1,-1,-1
461,163,634.46,540.39,118.98,349.79,1,-1,-1,-1
462,54,541.74,604.65,93.92,280.18,1,-1,-1,-1
462,125,1823.10,539.98,96.87,430.86,1,-1,-1,-1
462,132,639.25,448.49,176.34,477.83,1,-1,-1,-1
462,138,1060.00,588.23,116.94,322.97,1,-1,-1,-1
462,140,1502.69,439.73,188.86,489.27,1,-1,-1,-1
462,142,1480.10,506.88,173.92,428.10,1,-1,-1,-1
462,146,782.58,619.37,76.99,195.89,1,-1,-1,-1
462,147,1833.25,508.30,86.74,465.21,1,-1,-1,-1
462,148,391.22,551.14,117.01,328.52,1,-1,-1,-1
462,149,250.88,608.88,110.41,273.96,1,-1,-1,-1
462,150,527.95,573.37,101.23,225.17,1,-1,-1,-1
462,151,177.05,542.42,145.21,333.62,1,-1,-1,-1
462,152,395.00,481.61,165.77,428.45,1,-1,-1,-1
462,154,349.62,540.64,131.90,353.61,1,-1,-1,-1
462,155,856.71,498.16,147.76,403.85,1,-1,-1,-1
462,156,1003.84,450.32,175.71,482.28,1,-1,-1,-1
462,158,129.55,538.08,145.31,359.70,1,-1,-1,-1
462,159,1141.68,489.96,158.35,423.79,1,-1,-1,-1
462,161,636.53,534.39,125.84,366.39,1,-1,-1,-1
462,162,1505.83,413.07,243.01,552.25,1,-1,-1,-1
462,163,628.22,538.13,119.81,353.99,1,-1,-1,-1
463,54,541.74,604.65,93.92,280.18,1,-1,-1,-1
463,125,1823.10,539.98,96.87,430.86,1,-1,-1,-1
463,132,636.32,448.98,176.44,477.02,1,-1,-1,-1
463,138,1060.00,588.23,116.94,322.97,1,-1,-1,-1
463,140,1497.69,452.82,181.66,474.29,1,-1,-1,-1
463,142,1480.10,506.88,173.92,428.10,1,-1,-1,-1
463,146,782.58,619.37,76.99,195.89,1,-1,-1,-1
463,147,1833.25,508.30,86.74,465.21,1,-1,-1,-1
463,148,389.86,553.86,116.15,325.12,1,-1,-1,-1
463,149,250.88,608.88,110.41,273.96,1,-1,-1,-1
463,151,174.45,541.83,147.02,337.94,1,-1,-1,-1
463,152,393.69,482.84,163.76,426.61,1,-1,-1,-1
463,154,349.62,540.64,131.90,353.61,1,-1,-1,-1
463,155,856.59,497.67,148.02,403.64,1,-1,-1,-1
463,156,999.12,449.31,175.69,484.16,1,-1,-1,-1
463,158,128.12,539.98,144.71,360.23,1,-1,-1,-1
463,159,1137.70,489.07,160.54,423.65,1,-1,-1,-1
463,161,636.53,534.39,125.84,366.39,1,-1,-1,-1
463,162,1501.76,412.13,242.42,554.54,1,-1,-1,-1
463,163,625.27,540.45,119.27,349.79,1,-1,-1,-1
464,54,541.74,604.65,93.92,280.18,1,-1,-1,-1
464,125,1823.10,539.98,96.87,430.86,1,-1,-1,-1
464,132,635.41,449.96,175.58,473.15,1,-1,-1,-1
464,138,1060.00,588.23,116.94,322.97,1,-1,-1,-1
464,140,1496.82,454.39,189.62,485.92,1,-1,-1,-1
464,142,1480.10,506.88,173.92,428.10,1,-1,-1,-1
464,146,782.58,619.37,76.99,195.89,1,-1,-1,-1
464,147,1833.25,508.30,86.74,465.21,1,-1,-1,-1
464,148,380.94,563.65,117.43,319.73,1,-1,-1,-1
464,149,250.88,608.88,110.41,273.96,1,-1,-1,-1
464,151,174.80,543.49,146.11,336.50,1,-1,-1,-1
464,152,392.38,483.81,163.06,425.67,1,-1,-1,-1
464,154,349.62,540.64,131.90,353.61,1,-1,-1,-1
464,155,855.18,499.03,147.55,401.29,1,-1,-1,-1
464,156,997.54,449.45,176.82,483.40,1,-1,-1,-1
464,158,125.75,541.37,146.01,358.08,1,-1,-1,-1
464,159,1138.16,491.27,160.13,421.75,1,-1,-1,-1
464,161,636.53,534.39,125.84,366.39,1,-1,-1,-1
464,162,1499.20,412.03,240.98,554.22,1,-1,-1,-1
464,163,622.36,539.92,124.61,351.27,1,-1,-1,-1
465,54,541.74,604.65,93.92,280.18,1,-1,-1,-1
465,125,1823.10,539.98,96.87,430.86,1,-1,-1,-1
465,132,635.41,449.96,175.58,473.15,1,-1,-1,-1
465,138,1060.00,588.23,116.94,322.97,1,-1,-1,-1
465,140,1501.43,423.16,232.85,523.81,1,-1,-1,-1
465,142,1480.10,506.88,173.92,428.10,1,-1,-1,-1
465,146,782.58,619.37,76.99,195.89,1,-1,-1,-1
465,147,1833.25,508.30,86.74,465.21,1,-1,-1,-1
465,148,372.94,562.51,130.64,319.43,1,-1,-1,-1
465,149,250.88,608.88,110.41,273.96,1,-1,-1,-1
465,151,164.62,544.97,154.02,333.76,1,-1,-1,-1
465,152,389.09,487.11,166.08,421.47,1,-1,-1,-1
465,154,349.62,540.64,131.90,353.61,1,-1,-1,-1
465,155,853.40,500.94,161.08,399.46,1,-1,-1,-1
465,156,993.89,450.89,182.36,479.21,1,-1,-1,-1
465,158,109.23,542.83,164.63,357.47,1,-1,-1,-1
465,159,1138.20,493.79,160.97,420.04,1,-1,-1,-1
465,161,636.53,534.39,125.84,366.39,1,-1,-1,-1
465,162,1496.97,418.10,245.97,548.29,1,-1,-1,-1
465,163,614.13,535.91,144.44,353.35,1,-1,-1,-1
466,54,541.74,604.65,93.92,280.18,1,-1,-1,-1
466,125,1823.10,539.98,96.87,430.86,1,-1,-1,-1
466,132,623.87,453.52,186.79,467.74,1,-1,-1,-1
466,138,1060.00,588.23,116.94,322.97,1,-1,-1,-1
466,140,1501.43,423.16,232.85,523.81,1,-1,-1,-1
466,142,1480.10,506.88,173.92,428.10,1,-1,-1,-1
466,146,782.58,619.37,76.99,195.89,1,-1,-1,-1
466,147,1833.25,508.30,86.74,465.21,1,-1,-1,-1
466,148,372.89,549.32,141.94,336.03,1,-1,-1,-1
466,149,250.88,608.88,110.41,273.96,1,-1,-1,-1
466,151,164.32,548.14,155.78,331.83,1,-1,-1,-1
466,152,382.97,491.85,171.04,415.96,1,-1,-1,-1
466,154,349.62,540.64,131.90,353.61,1,-1,-1,-1
466,155,851.53,503.99,170.08,397.32,1,-1,-1,-1
466,156,977.22,451.55,201.87,478.25,1,-1,-1,-1
466,158,102.87,544.30,175.25,356.92,1,-1,-1,-1
466,159,1133.60,494.84,165.65,419.07,1,-1,-1,-1
466,161,636.53,534.39,125.84,366.39,1,-1,-1,-1
466,162,1494.16,423.42,274.48,540.30,1,-1,-1,-1
466,163,613.61,539.01,160.46,355.07,1,-1,-1,-1
467,54,541.74,604.65,93.92,280.18,1,-1,-1,-1
467,125,1823.10,539.98,96.87,430.86,1,-1,-1,-1
467,132,618.06,455.85,187.90,467.85,1,-1,-1,-1
467,138,1060.00,588.23,116.94,322.97,1,-1,-1,-1
467,140,1501.43,423.16,232.85,523.81,1,-1,-1,-1
467,142,1480.10,506.88,173.92,428.10,1,-1,-1,-1
467,146,782.58,619.37,76.99,195.89,1,-1,-1,-1
467,147,1833.25,508.30,86.74,465.21,1,-1,-1,-1
467,148,372.89,549.32,141.94,336.03,1,-1,-1,-1
467,149,250.88,608.88,110.41,273.96,1,-1,-1,-1
467,151,165.96,548.89,150.16,332.98,1,-1,-1,-1
467,152,374.47,499.43,176.36,410.75,1,-1,-1,-1
467,154,349.62,540.64,131.90,353.61,1,-1,-1,-1
467,155,827.10,506.44,201.13,395.46,1,-1,-1,-1
467,156,970.36,452.25,211.39,482.24,1,-1,-1,-1
467,158,94.63,544.11,205.09,359.89,1,-1,-1,-1
467,159,1130.06,495.39,170.91,417.45,1,-1,-1,-1
467,161,636.53,534.39,125.84,366.39,1,-1,-1,-1
467,162,1487.12,432.01,280.65,532.69,1,-1,-1,-1
467,163,606.23,544.26,162.84,358.45,1,-1,-1,-1
468,54,541.74,604.65,93.92,280.18,1,-1,-1,-1
468,125,1823.10,539.98,96.87,430.86,1,-1,-1,-1
468,132,604.60,455.62,199.64,467.18,1,-1,-1,-1
468,138,1060.00,588.23,116.94,322.97,1,-1,-1,-1
468,140,1501.43,423.16,232.85,523.81,1,-1,-1,-1
468,142,1480.10,506.88,173.92,428.10,1,-1,-1,-1
468,146,782.58,619.37,76.99,195.89,1,-1,-1,-1
468,147,1833.25,508.30,86.74,465.21,1,-1,-1,-1
468,148,372.89,549.32,141.94,336.03,1,-1,-1,-1
468,149,250.88,608.88,110.41,273.96,1,-1,-1,-1
468,151,162.68,550.56,158.61,332.52,1,-1,-1,-1
468,152,365.14,498.85,184.90,413.99,1,-1,-1,-1
468,154,349.62,540.64,131.90,353.61,1,-1,-1,-1
468,155,817.43,511.45,222.93,389.11,1,-1,-1,-1
468,156,970.36,452.25,211.39,482.24,1,-1,-1,-1
468,158,88.51,550.33,194.67,351.59,1,-1,-1,-1
468,159,1119.18,497.33,210.78,416.38,1,-1,-1,-1
468,161,636.53,534.39,125.84,366.39,1,-1,-1,-1
468,162,1484.40,429.53,282.55,535.54,1,-1,-1,-1
468,163,584.30,536.81,188.05,364.98,1,-1,-1,-1
469,54,541.74,604.65,93.92,280.18,1,-1,-1,-1
469,125,1823.10,539.98,96.87,430.86,1,-1,-1,-1
469,132,584.32,457.80,228.73,464.73,1,-1,-1,-1
469,138,1060.00,588.23,116.94,322.97,1,-1,-1,-1
469,140,1501.43,423.16,232.85,523.81,1,-1,-1,-1
469,142,1480.10,506.88,173.92,428.10,1,-1,-1,-1
469,146,782.58,619.37,76.99,195.89,1,-1,-1,-1
469,147,1833.25,508.30,86.74,465.21,1,-1,-1,-1
469,148,372.89,549.32,141.94,336.03,1,-1,-1,-1
469,149,250.88,608.88,110.41,273.96,1,-1,-1,-1
469,151,147.53,550.52,175.56,334.97,1,-1,-1,-1
469,152,357.97,497.42,195.30,414.02,1,-1,-1,-1
469,154,349.62,540.64,131.90,353.61,1,-1,-1,-1
469,155,807.23,519.34,238.58,381.05,1,-1,-1,-1
469,156,970.36,452.25,211.39,482.24,1,-1,-1,-1
469,158,77.04,546.27,237.17,357.61,1,-1,-1,-1
469,159,1102.49,500.06,238.98,412.49,1,-1,-1,-1
469,161,636.53,534.39,125.84,366.39,1,-1,-1,-1
469,162,1466.20,429.44,303.72,534.28,1,-1,-1,-1
469,163,584.30,536.81,188.05,364.98,1,-1,-1,-1
469,164,925.93,454.84,297.96,478.45,1,-1,-1,-1
470,54,541.74,604.65,93.92,280.18,1,-1,-1,-1
470,125,1823.10,539.98,96.87,430.86,1,-1,-1,-1
470,132,579.89,459.05,235.55,463.78,1,-1,-1,-1
470,138,1060.00,588.23,116.94,322.97,1,-1,-1,-1
470,140,1501.43,423.16,232.85,523.81,1,-1,-1,-1
470,142,1480.10,506.88,173.92,428.10,1,-1,-1,-1
470,146,782.58,619.37,76.99,195.89,1,-1,-1,-1
470,147,1833.25,508.30,86.74,465.21,1,-1,-1,-1
470,148,372.89,549.32,141.94,336.03,1,-1,-1,-1
470,149,250.88,608.88,110.41,273.96,1,-1,-1,-1
470,151,142.60,554.53,182.38,332.94,1,-1,-1,-1
470,152,351.08,500.37,203.84,411.69,1,-1,-1,-1
470,154,349.62,540.64,131.90,353.61,1,-1,-1,-1
470,155,807.72,526.41,241.73,375.48,1,-1,-1,-1
470,156,970.36,452.25,211.39,482.24,1,-1,-1,-1
470,158,58.62,549.20,259.56,358.62,1,-1,-1,-1
470,159,1102.55,506.81,243.14,411.45,1,-1,-1,-1
470,161,636.53,534.39,125.84,366.39,1,-1,-1,-1
470,162,1440.61,432.09,341.81,531.49,1,-1,-1,-1
470,163,584.30,536.81,188.05,364.98,1,-1,-1,-1
470,164,923.54,463.07,299.20,465.15,1,-1,-1,-1
471,54,541.74,604.65,93.92,280.18,1,-1,-1,-1
471,125,1823.10,539.98,96.87,430.86,1,-1,-1,-1
471,132,577.70,462.62,235.77,460.58,1,-1,-1,-1
471,138,1060.00,588.23,116.94,322.97,1,-1,-1,-1
471,140,1501.43,423.16,232.85,523.81,1,-1,-1,-1
471,142,1480.10,506.88,173.92,428.10,1,-1,-1,-1
471,147,1833.25,508.30,86.74,465.21,1,-1,-1,-1
471,148,372.89,549.32,141.94,336.03,1,-1,-1,-1
471,149,250.88,608.88,110.41,273.96,1,-1,-1,-1
471,151,140.80,558.74,185.85,332.21,1,-1,-1,-1
471,152,345.85,503.10,211.60,409.41,1,-1,-1,-1
471,154,349.62,540.64,131.90,353.61,1,-1,-1,-1
471,155,807.26,527.62,239.02,375.16,1,-1,-1,-1
471,156,970.36,452.25,211.39,482.24,1,-1,-1,-1
471,158,57.77,552.93,262.36,356.05,1,-1,-1,-1
471,159,1086.49,513.73,251.52,400.31,1,-1,-1,-1
471,161,636.53,534.39,125.84,366.39,1,-1,-1,-1
471,162,1431.12,437.81,354.97,524.96,1,-1,-1,-1
471,163,584.30,536.81,188.05,364.98,1,-1,-1,-1
471,164,921.47,468.87,299.35,459.98,1,-1,-1,-1
472,54,541.74,604.65,93.92,280.18,1,-1,-1,-1
472,125,1823.10,539.98,96.87,430.86,1,-1,-1,-1
472,132,574.80,465.43,236.17,458.14,1,-1,-1,-1
472,138,1060.00,588.23,116.94,322.97,1,-1,-1,-1
472,140,1501.43,423.16,232.85,523.81,1,-1,-1,-1
472,142,1480.10,506.88,173.92,428.10,1,-1,-1,-1
472,147,1833.25,508.30,86.74,465.21,1,-1,-1,-1
472,148,372.89,549.32,141.94,336.03,1,-1,-1,-1
472,149,250.88,608.88,110.41,273.96,1,-1,-1,-1
472,151,155.44,565.72,169.54,320.74,1,-1,-1,-1
472,152,342.46,511.70,214.30,400.62,1,-1,-1,-1
472,154,349.62,540.64,131.90,353.61,1,-1,-1,-1
472,155,808.73,531.78,232.86,373.74,1,-1,-1,-1
472,156,970.36,452.25,211.39,482.24,1,-1,-1,-1
472,158,56.56,560.82,229.62,348.09,1,-1,-1,-1
472,159,1093.02,517.72,242.19,396.42,1,-1,-1,-1
472,161,636.53,534.39,125.84,366.39,1,-1,-1,-1
472,162,1439.19,444.05,347.76,519.29,1,-1,-1,-1
472,163,584.30,536.81,188.05,364.98,1,-1,-1,-1
472,164,919.26,477.08,302.07,452.67,1,-1,-1,-1
473,54,541.74,604.65,93.92,280.18,1,-1,-1,-1
473,132,575.48,465.85,234.32,457.49,1,-1,-1,-1
473,138,1060.00,588.23,116.94,322.97,1,-1,-1,-1
473,140,1501.43,423.16,232.85,523.81,1,-1,-1,-1
473,142,1480.10,506.88,173.92,428.10,1,-1,-1,-1
473,147,1833.25,508.30,86.74,465.21,1,-1,-1,-1
473,148,372.89,549.32,141.94,336.03,1,-1,-1,-1
473,151,157.48,568.00,165.90,319.81,1,-1,-1,-1
473,152,340.07,513.96,218.06,399.41,1,-1,-1,-1
473,154,349.62,540.64,131.90,353.61,1,-1,-1,-1
473,155,809.02,531.31,230.36,373.39,1,-1,-1,-1
473,156,970.36,452.25,211.39,482.24,1,-1,-1,-1
473,158,56.55,561.39,226.71,347.66,1,-1,-1,-1
473,159,1092.03,517.98,240.29,394.55,1,-1,-1,-1
473,161,636.53,534.39,125.84,366.39,1,-1,-1,-1
473,162,1435.35,443.36,351.23,516.91,1,-1,-1,-1
473,163,584.30,536.81,188.05,364.98,1,-1,-1,-1
473,164,916.46,480.27,304.71,449.38,1,-1,-1,-1
474,54,541.74,604.65,93.92,280.18,1,-1,-1,-1
474,132,576.02,466.15,233.58,457.76,1,-1,-1,-1
474,140,1501.43,423.16,232.85,523.81,1,-1,-1,-1
474,142,1480.10,506.88,173.92,428.10,1,-1,-1,-1
474,147,1833.25,508.30,86.74,465.21,1,-1,-1,-1
474,148,372.89,549.32,141.94,336.03,1,-1,-1,-1
474,151,148.07,569.59,176.24,321.18,1,-1,-1,-1
474,152,325.62,514.59,231.40,399.39,1,-1,-1,-1
474,154,349.62,540.64,131.90,353.61,1,-1,-1,-1
474,155,809.77,530.60,228.13,377.29,1,-1,-1,-1
474,156,970.36,452.25,211.39,482.24,1,-1,-1,-1
474,158,56.04,560.51,241.34,348.87,1,-1,-1,-1
474,159,1093.26,518.87,239.13,394.05,1,-1,-1,-1
474,161,636.53,534.39,125.84,366.39,1,-1,-1,-1
474,162,1429.49,442.99,354.42,518.76,1,-1,-1,-1
474,163,584.30,536.81,188.05,364.98,1,-1,-1,-1
474,164,915.26,481.98,304.39,445.43,1,-1,-1,-1
475,54,541.74,604.65,93.92,280.18,1,-1,-1,-1
475,132,575.27,464.65,233.54,458.80,1,-1,-1,-1
475,140,1501.43,423.16,232.85,523.81,1,-1,-1,-1
475,142,1480.10,506.88,173.92,428.10,1,-1,-1,-1
475,147,1833.25,508.30,86.74,465.21,1,-1,-1,-1
475,148,372.89,549.32,141.94,336.03,1,-1,-1,-1
475,151,154.30,571.63,171.79,321.30,1,-1,-1,-1
475,152,326.08,514.87,227.19,398.81,1,-1,-1,-1
475,154,349.62,540.64,131.90,353.61,1,-1,-1,-1
475,155,809.10,529.91,225.32,378.27,1,-1,-1,-1
475,156,970.36,452.25,211.39,482.24,1,-1,-1,-1
475,158,56.57,560.43,221.68,348.71,1,-1,-1,-1
475,159,1096.42,518.75,234.93,393.61,1,-1,-1,-1
475,161,636.53,534.39,125.84,366.39,1,-1,-1,-1
475,162,1434.60,442.37,348.89,519.71,1,-1,-1,-1
475,163,584.30,536.81,188.05,364.98,1,-1,-1,-1
475,164,914.75,482.99,302.91,443.94,1,-1,-1,-1
476,54,541.74,604.65,93.92,280.18,1,-1,-1,-1
476,132,574.20,462.08,233.83,461.57,1,-1,-1,-1
476,140,1501.43,423.16,232.85,523.81,1,-1,-1,-1
476,142,1480.10,506.88,173.92,428.10,1,-1,-1,-1
476,147,1833.25,508.30,86.74,465.21,1,-1,-1,-1
476,148,372.89,549.32,141.94,336.03,1,-1,-1,-1
476,151,167.55,577.45,159.74,318.04,1,-1,-1,-1
476,152,339.04,515.63,213.40,399.41,1,-1,-1,-1
476,154,349.62,540.64,131.90,353.61,1,-1,-1,-1
476,155,808.99,528.49,227.81,380.21,1,-1,-1,-1
476,156,970.36,452.25,211.39,482.24,1,-1,-1,-1
476,158,56.61,563.12,217.70,345.77,1,-1,-1,-1
476,159,1095.38,517.64,235.47,394.80,1,-1,-1,-1
476,161,636.53,534.39,125.84,366.39,1,-1,-1,-1
476,162,1434.62,442.52,346.60,518.51,1,-1,-1,-1
476,163,584.30,536.81,188.05,364.98,1,-1,-1,-1
476,164,913.53,479.60,303.91,447.72,1,-1,-1,-1
477,132,567.84,468.61,238.69,453.18,1,-1,-1,-1
477,140,1501.43,423.16,232.85,523.81,1,-1,-1,-1
477,142,1480.10,506.88,173.92,428.10,1,-1,-1,-1
477,148,372.89,549.32,141.94,336.03,1,-1,-1,-1
477,151,141.58,581.87,180.19,312.49,1,-1,-1,-1
477,152,340.67,515.83,210.28,399.23,1,-1,-1,-1
477,154,349.62,540.64,131.90,353.61,1,-1,-1,-1
477,155,806.51,527.53,234.33,382.92,1,-1,-1,-1
477,156,949.46,475.24,233.61,426.45,1,-1,-1,-1
477,158,54.24,559.25,246.45,349.84,1,-1,-1,-1
477,159,1095.57,517.38,233.83,394.08,1,-1,-1,-1
477,161,636.53,534.39,125.84,366.39,1,-1,-1,-1
477,162,1427.58,442.31,350.61,513.98,1,-1,-1,-1
477,163,584.30,536.81,188.05,364.98,1,-1,-1,-1
477,164,909.00,524.32,304.96,403.13,1,-1,-1,-1
478,132,568.59,494.58,236.71,426.86,1,-1,-1,-1
478,140,1501.43,423.16,232.85,523.81,1,-1,-1,-1
478,142,1480.10,506.88,173.92,428.10,1,-1,-1,-1
478,148,372.89,549.32,141.94,336.03,1,-1,-1,-1
478,151,149.51,584.21,167.63,306.71,1,-1,-1,-1
478,152,339.87,517.62,209.45,397.27,1,-1,-1,-1
478,154,349.62,540.64,131.90,353.61,1,-1,-1,-1
478,155,804.59,526.40,237.17,384.99,1,-1,-1,-1
478,156,949.46,475.24,233.61,426.45,1,-1,-1,-1
478,158,52.42,562.31,225.32,347.11,1,-1,-1,-1
478,159,1094.87,519.43,235.11,392.51,1,-1,-1,-1
478,161,636.53,534.39,125.84,366.39,1,-1,-1,-1
478,162,1419.09,440.11,358.38,517.91,1,-1,-1,-1
478,163,581.75,473.75,215.72,433.74,1,-1,-1,-1
478,164,906.04,482.17,307.78,446.43,1,-1,-1,-1
479,132,564.87,469.57,239.69,452.85,1,-1,-1,-1
479,140,1501.43,423.16,232.85,523.81,1,-1,-1,-1
479,142,1480.10,506.88,173.92,428.10,1,-1,-1,-1
479,148,372.89,549.32,141.94,336.03,1,-1,-1,-1
479,151,145.47,584.86,172.33,310.01,1,-1,-1,-1
479,152,337.90,516.62,211.45,397.68,1,-1,-1,-1
479,154,349.62,540.64,131.90,353.61,1,-1,-1,-1
479,155,799.35,526.60,242.89,387.70,1,-1,-1,-1
479,156,949.46,475.24,233.61,426.45,1,-1,-1,-1
479,158,52.14,561.38,240.59,348.83,1,-1,-1,-1
479,159,1094.56,520.07,235.04,392.47,1,-1,-1,-1
479,161,636.53,534.39,125.84,366.39,1,-1,-1,-1
479,162,1417.51,440.85,358.61,516.58,1,-1,-1,-1
479,163,581.75,473.75,215.72,433.74,1,-1,-1,-1
479,164,905.49,486.75,306.76,441.55,1,-1,-1,-1
479,165,1876.57,413.47,43.44,495.74,1,-1,-1,-1
480,132,562.98,464.43,236.69,456.35,1,-1,-1,-1
480,140,1501.43,423.16,232.85,523.81,1,-1,-1,-1
480,142,1480.10,506.88,173.92,428.10,1,-1,-1,-1
480,148,372.89,549.32,141.94,336.03,1,-1,-1,-1
480,151,137.23,585.48,175.75,307.37,1,-1,-1,-1
480,152,335.99,518.43,211.24,395.48,1,-1,-1,-1
480,154,349.62,540.64,131.90,353.61,1,-1,-1,-1
480,155,795.90,526.72,242.36,388.18,1,-1,-1,-1
480,156,949.46,475.24,233.61,426.45,1,-1,-1,-1
480,158,50.07,561.18,249.06,348.47,1,-1,-1,-1
480,159,1092.39,518.97,236.23,392.85,1,-1,-1,-1
480,161,636.53,534.39,125.84,366.39,1,-1,-1,-1
480,162,1412.75,440.79,360.24,516.92,1,-1,-1,-1
480,163,581.75,473.75,215.72,433.74,1,-1,-1,-1
480,164,903.65,491.55,307.73,437.17,1,-1,-1,-1
480,165,1874.95,418.81,45.05,538.36,1,-1,-1,-1
481,132,562.75,511.64,236.78,409.95,1,-1,-1,-1
481,140,1501.43,423.16,232.85,523.81,1,-1,-1,-1
481,142,1480.10,506.88,173.92,428.10,1,-1,-1,-1
481,148,372.89,549.32,141.94,336.03,1,-1,-1,-1
481,151,134.49,587.06,176.86,305.50,1,-1,-1,-1
481,152,332.74,517.65,211.83,396.17,1,-1,-1,-1
481,155,798.04,527.36,245.25,390.25,1,-1,-1,-1
481,156,949.46,475.24,233.61,426.45,1,-1,-1,-1
481,158,45.19,560.56,259.31,350.66,1,-1,-1,-1
481,159,1088.59,519.31,236.99,392.77,1,-1,-1,-1
481,161,636.53,534.39,125.84,366.39,1,-1,-1,-1
481,162,1409.90,440.77,359.81,514.02,1,-1,-1,-1
481,163,575.85,469.54,215.76,433.16,1,-1,-1,-1
481,164,907.88,475.91,300.66,451.58,1,-1,-1,-1
481,165,1874.27,421.02,45.73,538.69,1,-1,-1,-1
482,132,559.20,486.26,238.45,434.88,1,-1,-1,-1
482,140,1501.43,423.16,232.85,523.81,1,-1,-1,-1
482,142,1480.10,506.88,173.92,428.10,1,-1,-1,-1
482,148,372.89,549.32,141.94,336.03,1,-1,-1,-1
482,151,143.22,588.53,164.53,307.43,1,-1,-1,-1
482,152,329.59,518.18,212.14,395.77,1,-1,-1,-1
482,155,791.35,528.25,253.38,384.23,1,-1,-1,-1
482,156,907.48,475.85,295.49,445.54,1,-1,-1,-1
482,158,32.89,562.79,246.04,348.51,1,-1,-1,-1
482,159,1086.64,519.95,237.98,398.10,1,-1,-1,-1
482,161,636.53,534.39,125.84,366.39,1,-1,-1,-1
482,162,1410.20,444.52,355.17,507.45,1,-1,-1,-1
482,163,575.85,469.54,215.76,433.16,1,-1,-1,-1
482,164,900.36,480.59,299.60,447.53,1,-1,-1,-1
482,165,1868.19,431.06,51.81,519.21,1,-1,-1,-1
483,132,557.06,477.59,238.63,442.69,1,-1,-1,-1
483,140,1501.43,423.16,232.85,523.81,1,-1,-1,-1
483,148,372.89,549.32,141.94,336.03,1,-1,-1,-1
483,151,141.84,590.46,163.36,308.73,1,-1,-1,-1
483,152,326.49,522.64,211.56,391.80,1,-1,-1,-1
483,155,788.64,529.47,247.84,381.66,1,-1,-1,-1
483,156,893.32,507.86,307.43,414.35,1,-1,-1,-1
483,158,31.85,566.84,225.26,343.14,1,-1,-1,-1
483,159,1093.57,520.51,230.05,398.23,1,-1,-1,-1
483,161,636.53,534.39,125.84,366.39,1,-1,-1,-1
483,162,1394.63,446.36,367.40,502.62,1,-1,-1,-1
483,163,575.85,469.54,215.76,433.16,1,-1,-1,-1
483,164,891.90,514.82,306.60,411.63,1,-1,-1,-1
483,165,1867.41,443.57,52.59,504.72,1,-1,-1,-1
484,132,552.37,481.03,242.34,438.05,1,-1,-1,-1
484,140,1501.43,423.16,232.85,523.81,1,-1,-1,-1
484,148,372.89,549.32,141.94,336.03,1,-1,-1,-1
484,151,136.48,590.50,168.00,304.74,1,-1,-1,-1
484,152,325.05,525.25,209.16,388.73,1,-1,-1,-1
484,155,785.05,532.56,255.58,380.14,1,-1,-1,-1
484,156,884.88,520.26,311.69,404.41,1,-1,-1,-1
484,158,28.65,571.46,244.85,338.19,1,-1,-1,-1
484,159,1096.19,521.54,234.53,390.95,1,-1,-1,-1
484,161,636.53,534.39,125.84,366.39,1,-1,-1,-1
484,162,1375.32,449.79,383.06,500.54,1,-1,-1,-1
484,163,550.59,481.93,243.59,438.34,1,-1,-1,-1
484,164,910.58,488.76,241.92,414.21,1,-1,-1,-1
484,165,1867.55,455.54,52.45,494.22,1,-1,-1,-1
485,132,552.37,481.03,242.34,438.05,1,-1,-1,-1
485,140,1501.43,423.16,232.85,523.81,1,-1,-1,-1
485,148,372.89,549.32,141.94,336.03,1,-1,-1,-1
485,151,136.05,590.79,168.90,302.96,1,-1,-1,-1
485,152,320.63,529.12,214.80,386.34,1,-1,-1,-1
485,155,786.44,534.14,258.31,370.75,1,-1,-1,-1
485,156,862.12,504.41,332.43,419.25,1,-1,-1,-1
485,158,28.65,571.46,244.85,338.19,1,-1,-1,-1
485,159,1098.03,521.25,249.07,385.41,1,-1,-1,-1
485,161,636.53,534.39,125.84,366.39,1,-1,-1,-1
485,162,1354.57,449.73,404.65,504.10,1,-1,-1,-1
485,163,540.57,482.46,253.26,434.65,1,-1,-1,-1
485,164,910.58,488.76,241.92,414.21,1,-1,-1,-1
485,165,1867.55,455.54,52.45,494.22,1,-1,-1,-1
485,166,6.21,574.29,240.85,334.29,1,-1,-1,-1
486,132,552.37,481.03,242.34,438.05,1,-1,-1,-1
486,140,1501.43,423.16,232.85,523.81,1,-1,-1,-1
486,148,372.89,549.32,141.94,336.03,1,-1,-1,-1
486,151,135.19,592.66,171.74,302.06,1,-1,-1,-1
486,152,305.62,535.98,224.58,376.42,1,-1,-1,-1
486,155,786.73,530.10,280.61,376.64,1,-1,-1,-1
486,156,833.10,533.99,360.07,391.23,1,-1,-1,-1
486,158,28.65,571.46,244.85,338.19,1,-1,-1,-1
486,159,1098.38,521.52,273.95,385.01,1,-1,-1,-1
486,161,636.53,534.39,125.84,366.39,1,-1,-1,-1
486,162,1345.58,447.23,406.61,501.92,1,-1,-1,-1
486,163,513.18,482.24,278.85,435.96,1,-1,-1,-1
486,164,910.58,488.76,241.92,414.21,1,-1,-1,-1
486,165,1867.55,455.54,52.45,494.22,1,-1,-1,-1
486,166,2.25,573.76,244.52,338.48,1,-1,-1,-1
487,132,571.42,556.48,210.35,348.10,1,-1,-1,-1
487,140,1501.43,423.16,232.85,523.81,1,-1,-1,-1
487,148,372.89,549.32,141.94,336.03,1,-1,-1,-1
487,151,118.65,595.09,221.77,297.15,1,-1,-1,-1
487,152,255.18,537.10,269.18,379.33,1,-1,-1,-1
487,155,786.73,530.10,280.61,376.64,1,-1,-1,-1
487,156,807.23,486.28,352.13,437.03,1,-1,-1,-1
487,158,28.65,571.46,244.85,338.19,1,-1,-1,-1
487,159,1106.94,518.30,294.33,401.32,1,-1,-1,-1
487,161,636.53,534.39,125.84,366.39,1,-1,-1,-1
487,162,1339.77,442.89,384.24,501.25,1,-1,-1,-1
487,163,498.15,483.52,282.58,429.90,1,-1,-1,-1
487,164,910.58,488.76,241.92,414.21,1,-1,-1,-1
487,165,1839.78,423.45,79.99,562.57,1,-1,-1,-1
487,166,0.98,572.01,239.38,341.14,1,-1,-1,-1
488,132,587.61,568.18,192.92,327.91,1,-1,-1,-1
488,140,1501.43,423.16,232.85,523.81,1,-1,-1,-1
488,148,350.33,583.22,194.93,318.22,1,-1,-1,-1
488,151,123.43,593.48,226.31,285.71,1,-1,-1,-1
488,152,246.50,539.69,277.08,374.96,1,-1,-1,-1
488,155,786.73,530.10,280.61,376.64,1,-1,-1,-1
488,156,807.29,480.85,307.78,443.55,1,-1,-1,-1
488,158,28.65,571.46,244.85,338.19,1,-1,-1,-1
488,159,1090.44,514.29,331.06,417.40,1,-1,-1,-1
488,161,636.53,534.39,125.84,366.39,1,-1,-1,-1
488,162,1331.23,439.08,354.60,494.70,1,-1,-1,-1
488,163,490.01,479.87,264.56,434.18,1,-1,-1,-1
488,164,910.58,488.76,241.92,414.21,1,-1,-1,-1
488,165,1830.29,368.58,89.51,616.83,1,-1,-1,-1
488,166,0.10,571.79,233.52,341.03,1,-1,-1,-1
489,132,592.90,564.60,193.98,331.11,1,-1,-1,-1
489,140,1501.43,423.16,232.85,523.81,1,-1,-1,-1
489,148,364.57,583.94,208.76,322.67,1,-1,-1,-1
489,151,126.36,589.29,237.79,304.07,1,-1,-1,-1
489,152,239.19,528.51,261.44,384.37,1,-1,-1,-1
489,155,786.73,530.10,280.61,376.64,1,-1,-1,-1
489,156,808.96,506.07,263.34,415.72,1,-1,-1,-1
489,158,28.65,571.46,244.85,338.19,1,-1,-1,-1
489,159,1100.61,514.01,319.76,415.28,1,-1,-1,-1
489,161,636.53,534.39,125.84,366.39,1,-1,-1,-1
489,162,1315.72,435.11,330.93,490.69,1,-1,-1,-1
489,163,490.01,479.87,264.56,434.18,1,-1,-1,-1
489,164,910.58,488.76,241.92,414.21,1,-1,-1,-1
489,165,1815.70,345.76,104.28,642.89,1,-1,-1,-1
489,166,0.01,573.09,204.20,341.77,1,-1,-1,-1
489,168,1466.69,480.33,246.31,436.58,1,-1,-1,-1
490,132,603.07,566.01,187.12,324.64,1,-1,-1,-1
490,140,1501.43,423.16,232.85,523.81,1,-1,-1,-1
490,148,370.63,585.74,208.77,316.51,1,-1,-1,-1
490,151,115.70,587.29,261.27,309.01,1,-1,-1,-1
490,152,231.33,524.96,252.54,390.35,1,-1,-1,-1
490,155,786.73,530.10,280.61,376.64,1,-1,-1,-1
490,156,805.19,513.85,243.66,412.07,1,-1,-1,-1
490,158,28.65,571.46,244.85,338.19,1,-1,-1,-1
490,159,1140.02,516.67,279.75,410.14,1,-1,-1,-1
490,162,1286.06,440.90,309.66,484.13,1,-1,-1,-1
490,163,490.01,479.87,264.56,434.18,1,-1,-1,-1
490,164,893.40,520.66,190.21,389.48,1,-1,-1,-1
490,165,1815.70,345.76,104.28,642.89,1,-1,-1,-1
490,166,0.00,570.07,189.54,348.19,1,-1,-1,-1
490,168,1493.89,482.39,226.20,436.05,1,-1,-1,-1
490,169,451.03,482.75,241.58,437.09,1,-1,-1,-1
491,132,643.85,564.76,154.29,327.77,1,-1,-1,-1
491,140,1501.43,423.16,232.85,523.81,1,-1,-1,-1
491,148,413.67,571.34,195.91,339.91,1,-1,-1,-1
491,151,167.45,580.84,214.70,312.19,1,-1,-1,-1
491,152,222.85,527.51,212.35,391.59,1,-1,-1,-1
491,155,786.73,530.10,280.61,376.64,1,-1,-1,-1
491,156,798.22,492.66,246.66,438.42,1,-1,-1,-1
491,158,28.65,571.46,244.85,338.19,1,-1,-1,-1
491,159,1186.96,510.14,230.13,395.38,1,-1,-1,-1
491,162,1280.68,433.99,277.92,509.36,1,-1,-1,-1
491,163,490.01,479.87,264.56,434.18,1,-1,-1,-1
491,164,893.21,519.47,193.73,389.13,1,-1,-1,-1
491,165,1815.70,345.76,104.28,642.89,1,-1,-1,-1
491,166,0.01,574.30,177.45,341.95,1,-1,-1,-1
491,168,1522.47,482.72,214.73,437.27,1,-1,-1,-1
491,169,436.09,487.58,245.85,434.95,1,-1,-1,-1
491,170,1764.59,345.01,155.41,647.61,1,-1,-1,-1
492,132,654.16,566.67,169.19,329.65,1,-1,-1,-1
492,140,1749.98,351.74,151.44,562.59,1,-1,-1,-1
492,148,413.67,571.34,195.91,339.91,1,-1,-1,-1
492,151,167.45,580.84,214.70,312.19,1,-1,-1,-1
492,152,206.09,522.87,192.59,393.57,1,-1,-1,-1
492,155,786.73,530.10,280.61,376.64,1,-1,-1,-1
492,156,742.38,489.35,275.69,432.26,1,-1,-1,-1
492,158,28.65,571.46,244.85,338.19,1,-1,-1,-1
492,159,1186.96,510.14,230.13,395.38,1,-1,-1,-1
492,162,1218.45,444.03,310.88,500.57,1,-1,-1,-1
492,163,490.01,479.87,264.56,434.18,1,-1,-1,-1
492,164,897.93,518.17,251.85,381.30,1,-1,-1,-1
492,165,1815.70,345.76,104.28,642.89,1,-1,-1,-1
492,166,0.37,583.03,154.80,327.90,1,-1,-1,-1
492,168,1525.79,486.27,283.88,435.61,1,-1,-1,-1
492,169,359.71,489.09,297.89,432.28,1,-1,-1,-1
492,170,1709.05,343.58,210.95,623.50,1,-1,-1,-1
493,132,658.62,567.18,188.64,334.78,1,-1,-1,-1
493,140,1749.98,351.74,151.44,562.59,1,-1,-1,-1
493,148,413.67,571.34,195.91,339.91,1,-1,-1,-1
493,151,167.45,580.84,214.70,312.19,1,-1,-1,-1
493,152,196.19,523.24,196.88,397.21,1,-1,-1,-1
493,155,786.73,530.10,280.61,376.64,1,-1,-1,-1
493,156,698.19,492.45,309.05,428.20,1,-1,-1,-1
493,158,28.65,571.46,244.85,338.19,1,-1,-1,-1
493,159,1186.96,510.14,230.13,395.38,1,-1,-1,-1
493,162,1189.24,445.50,331.39,498.65,1,-1,-1,-1
493,163,490.01,479.87,264.56,434.18,1,-1,-1,-1
493,164,906.55,520.62,276.79,379.60,1,-1,-1,-1
493,165,1815.70,345.76,104.28,642.89,1,-1,-1,-1
493,166,0.19,588.76,142.65,321.83,1,-1,-1,-1
493,168,1531.40,490.52,253.84,433.96,1,-1,-1,-1
493,169,335.53,488.89,310.80,432.70,1,-1,-1,-1
493,170,1636.62,350.10,283.38,641.00,1,-1,-1,-1
494,132,659.94,571.13,213.87,337.89,1,-1,-1,-1
494,140,1749.98,351.74,151.44,562.59,1,-1,-1,-1
494,148,413.67,571.34,195.91,339.91,1,-1,-1,-1
494,151,185.02,532.91,218.00,381.42,1,-1,-1,-1
494,152,151.06,536.90,232.05,377.61,1,-1,-1,-1
494,155,786.73,530.10,280.61,376.64,1,-1,-1,-1
494,156,679.89,495.95,320.87,426.27,1,-1,-1,-1
494,158,28.65,571.46,244.85,338.19,1,-1,-1,-1
494,159,1186.96,510.14,230.13,395.38,1,-1,-1,-1
494,162,1183.84,448.56,331.50,500.11,1,-1,-1,-1
494,163,490.01,479.87,264.56,434.18,1,-1,-1,-1
494,164,906.59,521.33,284.72,377.43,1,-1,-1,-1
494,165,1815.70,345.76,104.28,642.89,1,-1,-1,-1
494,166,0.12,594.83,131.12,317.03,1,-1,-1,-1
494,168,1540.44,492.07,235.34,428.22,1,-1,-1,-1
494,169,331.93,487.53,312.86,433.99,1,-1,-1,-1
494,170,1615.64,354.22,304.32,638.47,1,-1,-1,-1
495,132,658.81,566.39,234.60,341.17,1,-1,-1,-1
495,140,1749.98,351.74,151.44,562.59,1,-1,-1,-1
495,148,413.67,571.34,195.91,339.91,1,-1,-1,-1
495,151,185.02,532.91,218.00,381.42,1,-1,-1,-1
495,152,95.80,530.82,291.34,384.90,1,-1,-1,-1
495,155,786.73,530.10,280.61,376.64,1,-1,-1,-1
495,156,672.50,508.09,321.38,412.58,1,-1,-1,-1
495,158,28.65,571.46,244.85,338.19,1,-1,-1,-1
495,159,1186.96,510.14,230.13,395.38,1,-1,-1,-1
495,162,1181.09,450.58,330.76,498.65,1,-1,-1,-1
495,163,490.01,479.87,264.56,434.18,1,-1,-1,-1
495,164,908.69,521.79,272.88,379.54,1,-1,-1,-1
495,165,1815.70,345.76,104.28,642.89,1,-1,-1,-1
495,166,0.19,598.63,121.96,312.84,1,-1,-1,-1
495,168,1549.86,494.37,211.00,434.63,1,-1,-1,-1
495,169,333.41,489.29,290.61,433.09,1,-1,-1,-1
495,170,1606.33,359.04,313.66,626.47,1,-1,-1,-1
496,132,658.81,566.39,234.60,341.17,1,-1,-1,-1
496,140,1749.98,351.74,151.44,562.59,1,-1,-1,-1
496,148,413.67,571.34,195.91,339.91,1,-1,-1,-1
496,151,185.02,532.91,218.00,381.42,1,-1,-1,-1
496,152,73.18,537.56,313.81,381.86,1,-1,-1,-1
496,155,786.73,530.10,280.61,376.64,1,-1,-1,-1
496,156,665.41,551.17,326.20,375.91,1,-1,-1,-1
496,158,28.65,571.46,244.85,338.19,1,-1,-1,-1
496,159,1186.96,510.14,230.13,395.38,1,-1,-1,-1
496,162,1180.15,448.88,326.69,501.17,1,-1,-1,-1
496,163,490.01,479.87,264.56,434.18,1,-1,-1,-1
496,164,910.54,524.62,271.11,379.33,1,-1,-1,-1
496,165,1815.70,345.76,104.28,642.89,1,-1,-1,-1
496,166,0.05,597.51,118.98,315.07,1,-1,-1,-1
496,168,1556.20,495.83,222.20,429.42,1,-1,-1,-1
496,169,328.44,490.32,280.50,433.74,1,-1,-1,-1
496,170,1607.19,359.75,312.37,623.46,1,-1,-1,-1
497,132,657.05,512.83,264.94,400.25,1,-1,-1,-1
497,140,1749.98,351.74,151.44,562.59,1,-1,-1,-1
497,148,413.67,571.34,195.91,339.91,1,-1,-1,-1
497,151,189.26,580.39,223.67,337.76,1,-1,-1,-1
497,152,46.17,544.12,301.15,375.66,1,-1,-1,-1
497,155,786.73,530.10,280.61,376.64,1,-1,-1,-1
497,156,664.54,505.86,319.07,417.40,1,-1,-1,-1
497,158,28.65,571.46,244.85,338.19,1,-1,-1,-1
497,159,1186.96,510.14,230.13,395.38,1,-1,-1,-1
497,162,1177.94,446.89,331.51,502.32,1,-1,-1,-1
497,163,490.01,479.87,264.56,434.18,1,-1,-1,-1
497,164,909.06,523.48,268.28,384.24,1,-1,-1,-1
497,165,1815.70,345.76,104.28,642.89,1,-1,-1,-1
497,166,0.01,598.44,111.15,313.81,1,-1,-1,-1
497,168,1563.86,493.77,218.55,434.92,1,-1,-1,-1
497,169,323.53,490.24,264.30,436.56,1,-1,-1,-1
497,170,1600.67,358.27,318.87,623.15,1,-1,-1,-1
498,132,657.05,512.83,264.94,400.25,1,-1,-1,-1
498,140,1749.98,351.74,151.44,562.59,1,-1,-1,-1
498,148,413.67,571.34,195.91,339.91,1,-1,-1,-1
498,151,197.06,584.34,228.73,321.02,1,-1,-1,-1
498,152,41.96,545.68,284.82,374.51,1,-1,-1,-1
498,155,786.73,530.10,280.61,376.64,1,-1,-1,-1
498,156,663.64,498.98,318.16,423.95,1,-1,-1,-1
498,158,28.65,571.46,244.85,338.19,1,-1,-1,-1
498,159,1186.96,510.14,230.13,395.38,1,-1,-1,-1
498,162,1175.07,460.11,333.77,488.51,1,-1,-1,-1
498,163,337.89,491.24,262.51,433.50,1,-1,-1,-1
498,164,908.79,523.52,271.01,385.38,1,-1,-1,-1
498,165,1815.70,345.76,104.28,642.89,1,-1,-1,-1
498,166,0.08,597.11,107.64,314.29,1,-1,-1,-1
498,168,1567.20,494.89,212.75,433.28,1,-1,-1,-1
498,169,407.19,557.23,193.89,336.97,1,-1,-1,-1
498,170,1599.64,357.17,319.59,625.81,1,-1,-1,-1
499,132,657.05,512.83,264.94,400.25,1,-1,-1,-1
499,140,1749.98,351.74,151.44,562.59,1,-1,-1,-1
499,148,413.67,571.34,195.91,339.91,1,-1,-1,-1
499,151,198.84,583.41,227.91,327.08,1,-1,-1,-1
499,152,29.12,545.81,297.37,374.22,1,-1,-1,-1
499,155,786.73,530.10,280.61,376.64,1,-1,-1,-1
499,156,660.35,497.31,319.32,426.40,1,-1,-1,-1
499,158,28.65,571.46,244.85,338.19,1,-1,-1,-1
499,159,1186.96,510.14,230.13,395.38,1,-1,-1,-1
499,162,1175.01,451.92,330.77,496.57,1,-1,-1,-1
499,163,320.58,491.34,263.28,434.72,1,-1,-1,-1
499,164,907.52,523.55,270.02,384.48,1,-1,-1,-1
499,165,1815.70,345.76,104.28,642.89,1,-1,-1,-1
499,166,0.18,595.12,101.66,316.84,1,-1,-1,-1
499,168,1568.08,494.28,227.54,434.59,1,-1,-1,-1
499,169,419.94,569.39,180.28,321.54,1,-1,-1,-1
499,170,1596.97,354.57,322.64,627.13,1,-1,-1,-1
500,132,657.05,512.83,264.94,400.25,1,-1,-1,-1
500,140,1749.98,351.74,151.44,562.59,1,-1,-1,-1
500,148,413.67,571.34,195.91,339.91,1,-1,-1,-1
500,151,197.84,583.11,243.40,324.97,1,-1,-1,-1
500,152,16.02,546.22,299.96,374.61,1,-1,-1,-1
500,155,786.73,530.10,280.61,376.64,1,-1,-1,-1
500,156,657.55,504.64,318.91,419.26,1,-1,-1,-1
500,158,19.21,549.00,289.73,367.87,1,-1,-1,-1
500,159,1186.96,510.14,230.13,395.38,1,-1,-1,-1
500,162,1171.36,485.54,334.38,461.62,1,-1,-1,-1
500,163,316.93,492.38,264.63,433.78,1,-1,-1,-1
500,164,905.55,522.84,272.00,384.43,1,-1,-1,-1
500,165,1815.70,345.76,104.28,642.89,1,-1,-1,-1
500,166,0.15,595.75,96.31,313.77,1,-1,-1,-1
500,168,1567.78,494.10,234.65,443.96,1,-1,-1,-1
500,169,425.01,576.03,176.27,312.63,1,-1,-1,-1
500,170,1596.05,357.18,323.74,612.04,1,-1,-1,-1
501,132,657.05,512.83,264.94,400.25,1,-1,-1,-1
501,140,1749.98,351.74,151.44,562.59,1,-1,-1,-1
501,148,413.67,571.34,195.91,339.91,1,-1,-1,-1
501,151,197.29,583.00,245.86,325.97,1,-1,-1,-1
501,152,17.86,546.81,291.73,371.97,1,-1,-1,-1
501,155,894.51,526.45,275.48,382.88,1,-1,-1,-1
501,156,656.27,514.58,319.51,409.34,1,-1,-1,-1
501,158,21.65,549.68,285.16,370.41,1,-1,-1,-1
501,159,1186.96,510.14,230.13,395.38,1,-1,-1,-1
501,162,1170.59,520.29,334.24,425.87,1,-1,-1,-1
501,163,314.00,492.62,268.95,433.56,1,-1,-1,-1
501,164,908.87,523.91,270.24,381.59,1,-1,-1,-1
501,165,1815.70,345.76,104.28,642.89,1,-1,-1,-1
501,166,0.22,598.05,91.96,314.17,1,-1,-1,-1
501,168,1566.50,495.72,236.85,433.96,1,-1,-1,-1
501,169,414.25,571.14,185.55,320.26,1,-1,-1,-1
501,170,1594.20,362.26,325.53,616.26,1,-1,-1,-1
502,132,689.52,522.74,222.34,371.14,1,-1,-1,-1
502,140,1749.98,351.74,151.44,562.59,1,-1,-1,-1
502,148,413.67,571.34,195.91,339.91,1,-1,-1,-1
502,151,200.25,587.56,253.69,320.51,1,-1,-1,-1
502,152,13.95,555.28,284.26,364.55,1,-1,-1,-1
502,155,894.51,526.45,275.48,382.88,1,-1,-1,-1
502,156,654.94,571.05,320.78,352.97,1,-1,-1,-1
502,158,15.22,551.93,287.36,367.91,1,-1,-1,-1
502,159,1186.96,510.14,230.13,395.38,1,-1,-1,-1
502,162,1166.44,511.27,332.49,434.50,1,-1,-1,-1
502,163,311.35,535.72,265.45,389.30,1,-1,-1,-1
502,164,907.39,532.35,269.16,376.25,1,-1,-1,-1
502,165,1815.70,345.76,104.28,642.89,1,-1,-1,-1
502,166,0.21,602.45,80.25,309.01,1,-1,-1,-1
502,168,1564.76,496.87,227.66,424.70,1,-1,-1,-1
502,169,416.51,579.15,179.47,314.53,1,-1,-1,-1
502,170,1585.84,371.20,333.10,605.42,1,-1,-1,-1
503,132,685.01,513.60,225.22,384.83,1,-1,-1,-1
503,140,1749.98,351.74,151.44,562.59,1,-1,-1,-1
503,148,413.67,571.34,195.91,339.91,1,-1,-1,-1
503,151,199.56,587.33,255.94,315.69,1,-1,-1,-1
503,152,19.06,550.35,270.18,372.40,1,-1,-1,-1
503,155,894.51,526.45,275.48,382.88,1,-1,-1,-1
503,156,654.47,570.40,321.50,353.42,1,-1,-1,-1
503,158,16.02,548.65,277.12,371.49,1,-1,-1,-1
503,159,1186.96,510.14,230.13,395.38,1,-1,-1,-1
503,162,1165.41,491.50,330.39,454.87,1,-1,-1,-1
503,163,308.49,530.10,265.34,394.66,1,-1,-1,-1
503,164,904.40,536.64,270.83,371.48,1,-1,-1,-1
503,165,1815.70,345.76,104.28,642.89,1,-1,-1,-1
503,166,0.09,604.90,76.70,304.94,1,-1,-1,-1
503,168,1563.74,498.78,241.22,425.43,1,-1,-1,-1
503,169,409.23,574.04,185.36,322.47,1,-1,-1,-1
503,170,1578.68,373.24,340.31,599.49,1,-1,-1,-1
504,132,650.97,554.41,253.21,361.99,1,-1,-1,-1
504,140,1749.98,351.74,151.44,562.59,1,-1,-1,-1
504,148,413.67,571.34,195.91,339.91,1,-1,-1,-1
504,151,200.29,587.88,252.38,315.29,1,-1,-1,-1
504,152,25.53,544.67,259.43,376.81,1,-1,-1,-1
504,155,894.51,526.45,275.48,382.88,1,-1,-1,-1
504,156,653.71,510.34,321.15,412.85,1,-1,-1,-1
504,158,22.90,542.34,263.78,376.71,1,-1,-1,-1
504,159,1186.96,510.14,230.13,395.38,1,-1,-1,-1
504,162,1164.74,465.26,328.55,480.40,1,-1,-1,-1
504,163,308.70,499.01,266.03,426.64,1,-1,-1,-1
504,164,902.08,530.84,271.86,375.63,1,-1,-1,-1
504,165,1815.70,345.76,104.28,642.89,1,-1,-1,-1
504,166,0.13,600.35,73.20,310.75,1,-1,-1,-1
504,168,1562.93,497.53,258.74,429.13,1,-1,-1,-1
504,169,410.74,574.35,178.99,323.50,1,-1,-1,-1
504,170,1571.87,369.76,346.40,600.71,1,-1,-1,-1
505,132,645.17,548.76,257.36,366.02,1,-1,-1,-1
505,140,1749.98,351.74,151.44,562.59,1,-1,-1,-1
505,148,413.67,571.34,195.91,339.91,1,-1,-1,-1
505,151,192.82,584.03,247.56,329.20,1,-1,-1,-1
505,152,24.32,530.47,256.33,390.95,1,-1,-1,-1
505,155,894.51,526.45,275.48,382.88,1,-1,-1,-1
505,156,652.25,515.16,320.02,409.63,1,-1,-1,-1
505,158,21.18,528.54,258.39,391.42,1,-1,-1,-1
505,159,1186.96,510.14,230.13,395.38,1,-1,-1,-1
505,162,1163.33,447.67,329.34,497.40,1,-1,-1,-1
505,163,308.01,485.95,263.51,439.77,1,-1,-1,-1
505,164,898.35,523.31,265.32,383.34,1,-1,-1,-1
505,165,1815.70,345.76,104.28,642.89,1,-1,-1,-1
505,166,0.14,592.61,72.75,321.87,1,-1,-1,-1
505,168,1562.43,488.84,256.08,440.95,1,-1,-1,-1
505,169,411.91,559.81,172.99,337.87,1,-1,-1,-1
505,170,1573.69,358.66,345.64,612.11,1,-1,-1,-1
506,132,635.47,543.15,230.43,357.54,1,-1,-1,-1
506,140,1749.98,351.74,151.44,562.59,1,-1,-1,-1
506,148,657.93,474.54,236.21,406.66,1,-1,-1,-1
506,151,197.27,574.44,232.80,327.18,1,-1,-1,-1
506,152,24.32,530.47,256.33,390.95,1,-1,-1,-1
506,155,894.51,526.45,275.48,382.88,1,-1,-1,-1
506,156,661.16,525.21,291.81,392.86,1,-1,-1,-1
506,158,24.56,515.24,246.67,404.83,1,-1,-1,-1
506,159,1186.96,510.14,230.13,395.38,1,-1,-1,-1
506,162,1159.32,433.25,331.90,509.77,1,-1,-1,-1
506,163,305.92,467.47,266.02,457.84,1,-1,-1,-1
506,164,895.47,511.45,280.42,389.78,1,-1,-1,-1
506,165,1815.70,345.76,104.28,642.89,1,-1,-1,-1
506,166,0.21,581.78,74.02,330.06,1,-1,-1,-1
506,168,1561.44,472.48,226.23,456.05,1,-1,-1,-1
506,169,411.91,559.81,172.99,337.87,1,-1,-1,-1
506,170,1575.09,343.30,344.24,631.69,1,-1,-1,-1
507,132,664.80,537.06,146.76,359.11,1,-1,-1,-1
507,140,1749.98,351.74,151.44,562.59,1,-1,-1,-1
507,148,657.93,474.54,236.21,406.66,1,-1,-1,-1
507,151,240.25,562.91,165.71,322.91,1,-1,-1,-1
507,152,24.32,530.47,256.33,390.95,1,-1,-1,-1
507,155,894.51,526.45,275.48,382.88,1,-1,-1,-1
507,156,690.78,461.67,224.62,443.04,1,-1,-1,-1
507,158,41.95,498.51,221.52,417.23,1,-1,-1,-1
507,159,1186.96,510.14,230.13,395.38,1,-1,-1,-1
507,162,1211.66,418.49,223.46,496.83,1,-1,-1,-1
507,163,305.92,467.47,266.02,457.84,1,-1,-1,-1
507,164,936.48,500.14,187.49,389.76,1,-1,-1,-1
507,165,1815.70,345.76,104.28,642.89,1,-1,-1,-1
507,166,0.23,565.74,77.23,342.05,1,-1,-1,-1
507,168,1555.79,453.52,213.39,481.29,1,-1,-1,-1
507,169,411.91,559.81,172.99,337.87,1,-1,-1,-1
507,170,1602.11,312.37,317.83,672.15,1,-1,-1,-1
507,171,1210.04,479.45,226.78,442.70,1,-1,-1,-1
508,132,666.98,543.21,134.12,352.27,1,-1,-1,-1
508,140,1749.98,351.74,151.44,562.59,1,-1,-1,-1
508,148,657.93,474.54,236.21,406.66,1,-1,-1,-1
508,151,250.47,559.82,135.29,330.30,1,-1,-1,-1
508,152,24.32,530.47,256.33,390.95,1,-1,-1,-1
508,155,894.51,526.45,275.48,382.88,1,-1,-1,-1
508,156,697.04,452.62,220.90,459.17,1,-1,-1,-1
508,158,58.65,493.89,200.46,422.71,1,-1,-1,-1
508,159,1186.96,510.14,230.13,395.38,1,-1,-1,-1
508,162,1218.38,414.12,204.77,496.98,1,-1,-1,-1
508,163,305.92,467.47,266.02,457.84,1,-1,-1,-1
508,164,943.37,499.28,159.05,396.47,1,-1,-1,-1
508,165,1815.70,345.76,104.28,642.89,1,-1,-1,-1
508,166,0.22,560.66,76.83,351.27,1,-1,-1,-1
508,168,1555.47,455.27,208.06,466.46,1,-1,-1,-1
508,169,411.91,559.81,172.99,337.87,1,-1,-1,-1
508,170,1625.35,343.59,294.65,637.89,1,-1,-1,-1
508,171,1212.92,484.41,210.56,440.94,1,-1,-1,-1
508,172,349.68,453.17,202.42,474.78,1,-1,-1,-1
509,132,664.99,551.54,127.53,343.62,1,-1,-1,-1
509,140,1749.98,351.74,151.44,562.59,1,-1,-1,-1
509,148,657.93,474.54,236.21,406.66,1,-1,-1,-1
509,151,251.87,558.74,129.05,334.30,1,-1,-1,-1
509,152,24.32,530.47,256.33,390.95,1,-1,-1,-1
509,155,894.51,526.45,275.48,382.88,1,-1,-1,-1
509,156,701.41,453.59,220.93,475.50,1,-1,-1,-1
509,158,53.75,496.90,204.69,428.21,1,-1,-1,-1
509,159,1186.96,510.14,230.13,395.38,1,-1,-1,-1
509,162,1215.40,416.50,207.68,523.24,1,-1,-1,-1
509,163,305.92,467.47,266.02,457.84,1,-1,-1,-1
509,164,940.86,499.31,153.73,398.89,1,-1,-1,-1
509,165,1815.70,345.76,104.28,642.89,1,-1,-1,-1
509,166,0.26,559.46,76.62,366.61,1,-1,-1,-1
509,168,1553.42,459.59,205.74,458.84,1,-1,-1,-1
509,169,411.91,559.81,172.99,337.87,1,-1,-1,-1
509,170,1637.60,390.71,282.40,602.32,1,-1,-1,-1
509,171,1214.76,465.81,208.09,475.33,1,-1,-1,-1
509,172,350.36,455.36,200.24,474.30,1,-1,-1,-1
510,132,661.63,555.28,133.76,340.61,1,-1,-1,-1
510,140,1749.98,351.74,151.44,562.59,1,-1,-1,-1
510,148,657.93,474.54,236.21,406.66,1,-1,-1,-1
510,151,252.93,560.21,119.43,332.33,1,-1,-1,-1
510,152,24.32,530.47,256.33,390.95,1,-1,-1,-1
510,155,894.51,526.45,275.48,382.88,1,-1,-1,-1
510,156,702.48,460.43,223.33,469.70,1,-1,-1,-1
510,158,47.16,502.85,202.60,422.89,1,-1,-1,-1
510,159,1186.96,510.14,230.13,395.38,1,-1,-1,-1
510,162,1215.98,419.16,198.91,512.00,1,-1,-1,-1
510,163,370.38,462.49,185.14,438.82,1,-1,-1,-1
510,164,937.55,500.47,151.68,396.50,1,-1,-1,-1
510,165,1815.70,345.76,104.28,642.89,1,-1,-1,-1
510,166,0.35,559.87,82.28,353.53,1,-1,-1,-1
510,168,1549.20,457.92,194.97,459.28,1,-1,-1,-1
510,169,411.91,559.81,172.99,337.87,1,-1,-1,-1
510,170,1630.79,401.55,288.38,600.88,1,-1,-1,-1
510,171,1217.00,457.80,200.12,483.13,1,-1,-1,-1
510,172,352.35,459.53,197.81,470.84,1,-1,-1,-1
510,173,1614.22,312.60,246.88,598.48,1,-1,-1,-1
511,132,657.85,554.22,126.57,338.57,1,-1,-1,-1
511,140,1749.98,351.74,151.44,562.59,1,-1,-1,-1
511,148,657.93,474.54,236.21,406.66,1,-1,-1,-1
511,151,251.57,558.01,117.58,333.62,1,-1,-1,-1
511,152,80.51,502.64,171.74,403.41,1,-1,-1,-1
511,155,894.51,526.45,275.48,382.88,1,-1,-1,-1
511,156,690.92,467.69,235.94,462.66,1,-1,-1,-1
511,158,53.56,555.74,191.72,371.16,1,-1,-1,-1
511,159,1186.96,510.14,230.13,395.38,1,-1,-1,-1
511,162,1215.98,419.16,198.91,512.00,1,-1,-1,-1
511,163,370.38,462.49,185.14,438.82,1,-1,-1,-1
511,164,933.58,504.46,152.67,393.10,1,-1,-1,-1
511,165,1815.70,345.76,104.28,642.89,1,-1,-1,-1
511,166,0.32,560.09,81.35,351.15,1,-1,-1,-1
511,168,1548.20,460.25,192.04,455.31,1,-1,-1,-1
511,169,411.91,559.81,172.99,337.87,1,-1,-1,-1
511,170,1626.62,416.62,291.78,576.94,1,-1,-1,-1
511,171,1216.65,427.52,199.53,513.63,1,-1,-1,-1
511,172,360.41,460.92,190.46,468.48,1,-1,-1,-1
511,173,1609.66,319.40,239.79,605.74,1,-1,-1,-1
512,132,632.84,552.55,145.80,330.06,1,-1,-1,-1
512,140,1749.98,351.74,151.44,562.59,1,-1,-1,-1
512,148,657.93,474.54,236.21,406.66,1,-1,-1,-1
512,151,232.41,555.25,129.93,336.90,1,-1,-1,-1
512,152,80.51,502.64,171.74,403.41,1,-1,-1,-1
512,155,894.51,526.45,275.48,382.88,1,-1,-1,-1
512,156,695.88,477.11,217.21,452.07,1,-1,-1,-1
512,158,57.59,507.50,199.46,420.84,1,-1,-1,-1
512,159,1186.96,510.14,230.13,395.38,1,-1,-1,-1
512,162,1215.98,419.16,198.91,512.00,1,-1,-1,-1
512,163,370.38,462.49,185.14,438.82,1,-1,-1,-1
512,164,915.12,514.16,175.41,381.40,1,-1,-1,-1
512,165,1815.70,345.76,104.28,642.89,1,-1,-1,-1
512,166,0.33,565.85,84.82,350.83,1,-1,-1,-1
512,168,1541.99,466.80,200.38,446.41,1,-1,-1,-1
512,169,411.91,559.81,172.99,337.87,1,-1,-1,-1
512,170,1586.98,337.42,292.99,651.90,1,-1,-1,-1
512,171,1215.42,431.68,196.25,507.53,1,-1,-1,-1
512,172,363.40,466.10,188.79,463.13,1,-1,-1,-1
512,173,1609.66,319.40,239.79,605.74,1,-1,-1,-1
513,132,620.27,553.23,155.00,328.94,1,-1,-1,-1
513,140,1749.98,351.74,151.44,562.59,1,-1,-1,-1
513,148,657.93,474.54,236.21,406.66,1,-1,-1,-1
513,151,155.23,554.00,199.65,337.80,1,-1,-1,-1
513,152,80.51,502.64,171.74,403.41,1,-1,-1,-1
513,155,894.51,526.45,275.48,382.88,1,-1,-1,-1
513,156,698.98,484.00,218.31,447.45,1,-1,-1,-1
513,158,60.61,503.77,204.79,424.01,1,-1,-1,-1
513,159,1186.96,510.14,230.13,395.38,1,-1,-1,-1
513,162,1215.98,419.16,198.91,512.00,1,-1,-1,-1
513,163,370.38,462.49,185.14,438.82,1,-1,-1,-1
513,164,871.44,515.85,212.28,380.44,1,-1,-1,-1
513,165,1815.70,345.76,104.28,642.89,1,-1,-1,-1
513,166,0.43,567.53,93.61,333.86,1,-1,-1,-1
513,168,1538.89,463.03,204.62,451.99,1,-1,-1,-1
513,169,411.91,559.81,172.99,337.87,1,-1,-1,-1
513,170,1586.21,336.04,280.43,652.29,1,-1,-1,-1
513,171,1215.56,437.38,196.13,501.00,1,-1,-1,-1
513,172,362.45,469.42,191.18,460.57,1,-1,-1,-1
513,173,1609.66,319.40,239.79,605.74,1,-1,-1,-1
514,132,599.79,549.81,175.59,340.38,1,-1,-1,-1
514,140,1749.98,351.74,151.44,562.59,1,-1,-1,-1
514,148,657.93,474.54,236.21,406.66,1,-1,-1,-1
514,151,181.86,557.93,174.14,333.44,1,-1,-1,-1
514,152,80.51,502.64,171.74,403.41,1,-1,-1,-1
514,155,894.51,526.45,275.48,382.88,1,-1,-1,-1
514,156,700.01,494.68,225.35,435.62,1,-1,-1,-1
514,158,57.50,506.06,246.23,420.58,1,-1,-1,-1
514,159,1186.96,510.14,230.13,395.38,1,-1,-1,-1
514,162,1213.74,508.03,152.61,406.02,1,-1,-1,-1
514,163,370.38,462.49,185.14,438.82,1,-1,-1,-1
514,164,851.52,518.62,220.58,380.40,1,-1,-1,-1
514,165,1815.70,345.76,104.28,642.89,1,-1,-1,-1
514,166,0.32,569.10,134.71,319.28,1,-1,-1,-1
514,168,1538.79,456.44,206.44,456.55,1,-1,-1,-1
514,169,411.91,559.81,172.99,337.87,1,-1,-1,-1
514,170,1550.25,349.43,304.77,637.50,1,-1,-1,-1
514,171,1212.57,441.49,202.39,488.89,1,-1,-1,-1
514,172,359.52,475.67,206.22,450.72,1,-1,-1,-1
514,173,1609.66,319.40,239.79,605.74,1,-1,-1,-1
515,132,581.57,553.18,185.61,342.21,1,-1,-1,-1
515,140,1749.98,351.74,151.44,562.59,1,-1,-1,-1
515,148,657.93,474.54,236.21,406.66,1,-1,-1,-1
515,151,189.14,558.97,163.82,335.87,1,-1,-1,-1
515,152,80.51,502.64,171.74,403.41,1,-1,-1,-1
515,155,894.51,526.45,275.48,382.88,1,-1,-1,-1
515,156,701.50,505.20,237.79,426.19,1,-1,-1,-1
515,158,53.23,511.82,243.75,415.02,1,-1,-1,-1
515,159,1186.96,510.14,230.13,395.38,1,-1,-1,-1
515,162,1195.33,522.29,167.70,402.99,1,-1,-1,-1
515,163,412.71,547.02,171.44,356.09,1,-1,-1,-1
515,164,860.45,521.22,206.15,379.58,1,-1,-1,-1
515,165,1815.70,345.76,104.28,642.89,1,-1,-1,-1
515,166,0.34,567.90,105.39,317.67,1,-1,-1,-1
515,168,1535.74,471.31,202.19,447.05,1,-1,-1,-1
515,169,411.91,559.81,172.99,337.87,1,-1,-1,-1
515,170,1587.12,383.61,266.14,596.53,1,-1,-1,-1
515,171,1207.56,447.92,214.06,478.96,1,-1,-1,-1
515,172,355.42,484.98,226.45,443.71,1,-1,-1,-1
515,173,1585.99,362.24,227.40,541.23,1,-1,-1,-1
516,132,565.97,555.39,199.37,342.51,1,-1,-1,-1
516,140,1749.98,351.74,151.44,562.59,1,-1,-1,-1
516,148,657.93,474.54,236.21,406.66,1,-1,-1,-1
516,151,166.06,566.14,176.54,333.81,1,-1,-1,-1
516,152,43.69,520.33,232.51,407.26,1,-1,-1,-1
516,155,1147.01,520.24,194.41,406.19,1,-1,-1,-1
516,156,697.95,522.27,258.74,405.71,1,-1,-1,-1
516,158,40.22,522.63,292.30,406.77,1,-1,-1,-1
516,159,1186.96,510.14,230.13,395.38,1,-1,-1,-1
516,162,1210.90,465.88,202.76,450.89,1,-1,-1,-1
516,163,332.38,546.19,209.20,357.22,1,-1,-1,-1
516,164,851.40,523.46,211.42,378.20,1,-1,-1,-1
516,165,1815.70,345.76,104.28,642.89,1,-1,-1,-1
516,166,0.81,568.94,136.95,322.61,1,-1,-1,-1
516,168,1532.48,450.70,203.08,471.05,1,-1,-1,-1
516,169,411.91,559.81,172.99,337.87,1,-1,-1,-1
516,170,1552.18,385.99,298.41,596.55,1,-1,-1,-1
516,171,1224.86,480.84,198.08,455.51,1,-1,-1,-1
516,172,347.96,495.36,243.60,431.61,1,-1,-1,-1
516,173,1585.99,362.24,227.40,541.23,1,-1,-1,-1
517,132,541.00,568.55,203.34,336.19,1,-1,-1,-1
517,140,1749.98,351.74,151.44,562.59,1,-1,-1,-1
517,148,657.93,474.54,236.21,406.66,1,-1,-1,-1
517,151,166.06,566.14,176.54,333.81,1,-1,-1,-1
517,152,43.69,520.33,232.51,407.26,1,-1,-1,-1
517,155,1141.60,530.68,206.03,391.24,1,-1,-1,-1
517,156,687.94,549.41,275.88,381.68,1,-1,-1,-1
517,158,34.65,543.54,317.63,382.36,1,-1,-1,-1
517,159,1186.96,510.14,230.13,395.38,1,-1,-1,-1
517,162,1224.75,518.33,191.71,418.62,1,-1,-1,-1
517,163,287.64,568.22,223.11,334.54,1,-1,-1,-1
517,164,819.04,534.07,236.30,368.15,1,-1,-1,-1
517,165,1815.70,345.76,104.28,642.89,1,-1,-1,-1
517,166,0.67,582.58,154.01,342.25,1,-1,-1,-1
517,168,1518.64,434.20,220.02,489.40,1,-1,-1,-1
517,169,411.91,559.81,172.99,337.87,1,-1,-1,-1
517,170,1528.80,425.42,307.27,546.25,1,-1,-1,-1
517,171,1223.68,510.85,193.80,428.43,1,-1,-1,-1
517,172,333.67,527.80,245.71,399.63,1,-1,-1,-1
517,173,1585.99,362.24,227.40,541.23,1,-1,-1,-1
518,132,518.08,577.08,210.89,331.74,1,-1,-1,-1
518,140,1749.98,351.74,151.44,562.59,1,-1,-1,-1
518,148,657.93,474.54,236.21,406.66,1,-1,-1,-1
518,151,166.06,566.14,176.54,333.81,1,-1,-1,-1
518,152,43.69,520.33,232.51,407.26,1,-1,-1,-1
518,155,1135.59,543.34,194.60,376.62,1,-1,-1,-1
518,156,680.92,550.00,283.71,381.14,1,-1,-1,-1
518,158,25.54,555.82,331.87,374.82,1,-1,-1,-1
518,159,1186.96,510.14,230.13,395.38,1,-1,-1,-1
518,162,1219.92,505.14,195.56,432.99,1,-1,-1,-1
518,163,254.58,596.06,250.87,311.01,1,-1,-1,-1
518,164,803.07,538.73,239.59,365.16,1,-1,-1,-1
518,165,1815.70,345.76,104.28,642.89,1,-1,-1,-1
518,166,0.27,595.31,129.33,332.51,1,-1,-1,-1
518,168,1518.64,434.20,220.02,489.40,1,-1,-1,-1
518,169,411.91,559.81,172.99,337.87,1,-1,-1,-1
518,170,1519.91,446.38,306.99,517.39,1,-1,-1,-1
518,171,1223.68,510.85,193.80,428.43,1,-1,-1,-1
518,172,319.90,541.74,255.36,387.36,1,-1,-1,-1
518,173,1585.99,362.24,227.40,541.23,1,-1,-1,-1
519,132,509.55,584.61,210.09,318.74,1,-1,-1,-1
519,140,1749.98,351.74,151.44,562.59,1,-1,-1,-1
519,148,657.93,474.54,236.21,406.66,1,-1,-1,-1
519,151,166.06,566.14,176.54,333.81,1,-1,-1,-1
519,152,19.30,566.55,315.75,359.68,1,-1,-1,-1
519,155,1129.96,553.28,185.86,367.31,1,-1,-1,-1
519,156,680.92,550.00,283.71,381.14,1,-1,-1,-1
519,158,25.54,555.82,331.87,374.82,1,-1,-1,-1
519,159,1186.96,510.14,230.13,395.38,1,-1,-1,-1
519,162,1216.82,524.86,196.90,412.59,1,-1,-1,-1
519,163,235.77,612.47,263.39,290.66,1,-1,-1,-1
519,164,795.68,535.10,233.12,364.94,1,-1,-1,-1
519,165,1815.70,345.76,104.28,642.89,1,-1,-1,-1
519,166,0.14,613.81,120.24,299.71,1,-1,-1,-1
519,168,1518.64,434.20,220.02,489.40,1,-1,-1,-1
519,169,411.91,559.81,172.99,337.87,1,-1,-1,-1
519,170,1514.02,470.00,296.34,497.82,1,-1,-1,-1
519,171,1223.68,510.85,193.80,428.43,1,-1,-1,-1
519,172,318.35,549.20,250.15,380.23,1,-1,-1,-1
519,173,1585.99,362.24,227.40,541.23,1,-1,-1,-1
520,132,502.75,587.52,208.95,311.68,1,-1,-1,-1
520,140,1749.98,351.74,151.44,562.59,1,-1,-1,-1
520,148,657.93,474.54,236.21,406.66,1,-1,-1,-1
520,151,34.70,583.20,307.53,334.94,1,-1,-1,-1
520,152,13.95,581.63,324.33,342.50,1,-1,-1,-1
520,155,1123.59,563.94,184.65,360.60,1,-1,-1,-1
520,156,680.92,550.00,283.71,381.14,1,-1,-1,-1
520,158,25.54,555.82,331.87,374.82,1,-1,-1,-1
520,159,1186.96,510.14,230.13,395.38,1,-1,-1,-1
520,162,1216.30,530.25,202.59,405.98,1,-1,-1,-1
520,163,186.64,600.90,270.90,303.79,1,-1,-1,-1
520,164,791.78,564.13,203.96,333.47,1,-1,-1,-1
520,166,0.03,627.27,129.54,290.44,1,-1,-1,-1
520,168,1513.35,486.23,270.92,472.21,1,-1,-1,-1
520,169,411.91,559.81,172.99,337.87,1,-1,-1,-1
520,170,1570.93,518.31,228.98,446.07,1,-1,-1,-1
520,171,1223.68,510.85,193.80,428.43,1,-1,-1,-1
520,172,316.24,555.13,253.93,373.51,1,-1,-1,-1
520,173,1518.40,482.91,188.75,435.07,1,-1,-1,-1
520,174,673.13,570.50,272.84,356.70,1,-1,-1,-1
521,132,494.52,588.72,221.14,313.61,1,-1,-1,-1
521,140,1749.98,351.74,151.44,562.59,1,-1,-1,-1
521,148,657.93,474.54,236.21,406.66,1,-1,-1,-1
521,151,11.96,600.32,310.27,321.09,1,-1,-1,-1
521,152,13.95,581.63,324.33,342.50,1,-1,-1,-1
521,155,1119.18,570.55,188.92,354.52,1,-1,-1,-1
521,156,680.92,550.00,283.71,381.14,1,-1,-1,-1
521,158,25.54,555.82,331.87,374.82,1,-1,-1,-1
521,159,1186.96,510.14,230.13,395.38,1,-1,-1,-1
521,162,1221.72,538.67,202.29,397.57,1,-1,-1,-1
521,163,179.55,591.65,256.57,317.48,1,-1,-1,-1
521,164,788.02,575.11,185.12,322.15,1,-1,-1,-1
521,166,0.03,627.27,129.54,290.44,1,-1,-1,-1
521,168,1506.65,502.13,278.98,461.17,1,-1,-1,-1
521,169,411.91,559.81,172.99,337.87,1,-1,-1,-1
521,170,1570.93,518.31,228.98,446.07,1,-1,-1,-1
521,171,1223.68,510.85,193.80,428.43,1,-1,-1,-1
521,172,316.24,555.13,253.93,373.51,1,-1,-1,-1
521,173,1518.40,482.91,188.75,435.07,1,-1,-1,-1
521,174,672.47,549.95,283.30,378.85,1,-1,-1,-1
522,132,475.14,578.81,217.75,324.11,1,-1,-1,-1
522,140,1749.98,351.74,151.44,562.59,1,-1,-1,-1
522,148,657.93,474.54,236.21,406.66,1,-1,-1,-1
522,151,26.42,598.14,302.08,319.79,1,-1,-1,-1
522,152,13.95,581.63,324.33,342.50,1,-1,-1,-1
522,155,1107.07,575.62,201.67,349.02,1,-1,-1,-1
522,156,680.92,550.00,283.71,381.14,1,-1,-1,-1
522,158,25.54,555.82,331.87,374.82,1,-1,-1,-1
522,162,1225.92,546.67,194.22,386.10,1,-1,-1,-1
522,163,192.19,600.33,235.28,310.61,1,-1,-1,-1
522,164,788.02,575.11,185.12,322.15,1,-1,-1,-1
522,166,0.29,614.25,178.59,312.89,1,-1,-1,-1
522,168,1541.85,513.60,249.14,449.36,1,-1,-1,-1
522,169,411.91,559.81,172.99,337.87,1,-1,-1,-1
522,170,1570.93,518.31,228.98,446.07,1,-1,-1,-1
522,171,1223.68,510.85,193.80,428.43,1,-1,-1,-1
522,172,306.46,567.80,271.79,363.96,1,-1,-1,-1
522,173,1494.63,547.14,194.62,371.97,1,-1,-1,-1
522,174,689.89,555.78,258.02,371.01,1,-1,-1,-1
523,132,473.74,577.23,209.64,327.11,1,-1,-1,-1
523,148,657.93,474.54,236.21,406.66,1,-1,-1,-1
523,151,14.88,591.27,328.73,334.63,1,-1,-1,-1
523,152,13.95,581.63,324.33,342.50,1,-1,-1,-1
523,155,1099.83,575.16,213.69,346.37,1,-1,-1,-1
523,156,680.92,550.00,283.71,381.14,1,-1,-1,-1
523,158,25.54,555.82,331.87,374.82,1,-1,-1,-1
523,162,1228.72,547.67,189.68,380.72,1,-1,-1,-1
523,163,178.06,596.47,240.60,317.12,1,-1,-1,-1
523,164,788.02,575.11,185.12,322.15,1,-1,-1,-1
523,166,0.23,613.82,189.07,308.42,1,-1,-1,-1
523,168,1551.86,522.63,243.64,441.45,1,-1,-1,-1
523,169,411.91,559.81,172.99,337.87,1,-1,-1,-1
523,170,1570.93,518.31,228.98,446.07,1,-1,-1,-1
523,171,1223.68,510.85,193.80,428.43,1,-1,-1,-1
523,172,304.24,572.12,281.77,359.50,1,-1,-1,-1
523,173,1490.34,559.80,181.66,359.69,1,-1,-1,-1
523,174,702.94,557.09,243.92,368.13,1,-1,-1,-1
524,132,471.78,574.66,205.20,331.23,1,-1,-1,-1
524,148,657.93,474.54,236.21,406.66,1,-1,-1,-1
524,151,20.72,594.11,321.53,329.99,1,-1,-1,-1
524,152,13.95,581.63,324.33,342.50,1,-1,-1,-1
524,155,1097.34,573.30,216.30,346.62,1,-1,-1,-1
524,156,680.92,550.00,283.71,381.14,1,-1,-1,-1
524,158,25.54,555.82,331.87,374.82,1,-1,-1,-1
524,162,1227.75,549.37,187.13,378.70,1,-1,-1,-1
524,163,173.16,597.27,239.59,315.66,1,-1,-1,-1
524,164,788.02,575.11,185.12,322.15,1,-1,-1,-1
524,166,0.38,614.18,194.02,308.25,1,-1,-1,-1
524,168,1561.22,529.29,237.11,435.85,1,-1,-1,-1
524,169,411.91,559.81,172.99,337.87,1,-1,-1,-1
524,170,1570.93,518.31,228.98,446.07,1,-1,-1,-1
524,171,1223.68,510.85,193.80,428.43,1,-1,-1,-1
524,172,303.99,570.78,276.61,359.61,1,-1,-1,-1
524,173,1487.12,566.26,171.45,353.66,1,-1,-1,-1
524,174,705.49,556.51,242.10,368.58,1,-1,-1,-1
525,132,471.36,577.74,197.96,332.73,1,-1,-1,-1
525,148,657.93,474.54,236.21,406.66,1,-1,-1,-1
525,151,31.25,596.93,305.06,326.64,1,-1,-1,-1
525,152,28.04,604.14,313.02,319.74,1,-1,-1,-1
525,155,1094.24,569.72,223.63,348.89,1,-1,-1,-1
525,156,680.92,550.00,283.71,381.14,1,-1,-1,-1
525,158,276.66,571.49,277.01,356.55,1,-1,-1,-1
525,162,1230.33,549.42,178.55,378.74,1,-1,-1,-1
525,163,127.67,597.06,221.37,315.82,1,-1,-1,-1
525,164,788.02,575.11,185.12,322.15,1,-1,-1,-1
525,166,0.99,617.45,179.70,293.98,1,-1,-1,-1
525,168,1563.78,529.71,234.53,433.89,1,-1,-1,-1
525,169,411.91,559.81,172.99,337.87,1,-1,-1,-1
525,170,1570.93,518.31,228.98,446.07,1,-1,-1,-1
525,171,1223.68,510.85,193.80,428.43,1,-1,-1,-1
525,172,303.11,571.61,280.53,356.59,1,-1,-1,-1
525,173,1482.59,567.53,169.00,352.53,1,-1,-1,-1
525,174,706.27,556.37,234.95,366.54,1,-1,-1,-1
525,175,166.00,599.23,229.48,316.72,1,-1,-1,-1
526,132,468.49,570.26,190.55,339.66,1,-1,-1,-1
526,148,657.93,474.54,236.21,406.66,1,-1,-1,-1
526,151,35.35,642.04,249.49,280.58,1,-1,-1,-1
526,152,28.04,604.14,313.02,319.74,1,-1,-1,-1
526,155,1089.82,562.69,193.89,356.54,1,-1,-1,-1
526,156,680.92,550.00,283.71,381.14,1,-1,-1,-1
526,158,276.66,571.49,277.01,356.55,1,-1,-1,-1
526,162,1220.43,548.73,185.71,382.38,1,-1,-1,-1
526,163,138.80,601.55,207.22,314.72,1,-1,-1,-1
526,164,788.02,575.11,185.12,322.15,1,-1,-1,-1
526,166,0.55,617.90,187.80,300.16,1,-1,-1,-1
526,168,1552.51,545.50,247.35,416.38,1,-1,-1,-1
526,169,411.91,559.81,172.99,337.87,1,-1,-1,-1
526,170,1570.93,518.31,228.98,446.07,1,-1,-1,-1
526,171,1223.68,510.85,193.80,428.43,1,-1,-1,-1
526,172,311.52,568.55,259.37,356.85,1,-1,-1,-1
526,173,1475.15,565.47,190.20,356.79,1,-1,-1,-1
526,174,704.95,559.63,235.58,364.00,1,-1,-1,-1
526,175,176.63,597.31,238.07,318.02,1,-1,-1,-1
526,176,1850.07,498.60,69.93,435.16,1,-1,-1,-1
527,132,476.18,585.07,173.14,325.58,1,-1,-1,-1
527,148,657.93,474.54,236.21,406.66,1,-1,-1,-1
527,151,35.35,642.04,249.49,280.58,1,-1,-1,-1
527,152,51.31,608.16,293.80,312.57,1,-1,-1,-1
527,155,1082.97,548.70,180.46,370.47,1,-1,-1,-1
527,156,680.92,550.00,283.71,381.14,1,-1,-1,-1
527,158,276.66,571.49,277.01,356.55,1,-1,-1,-1
527,162,1214.06,547.56,182.08,386.43,1,-1,-1,-1
527,163,138.80,601.55,207.22,314.72,1,-1,-1,-1
527,164,788.02,575.11,185.12,322.15,1,-1,-1,-1
527,166,0.51,624.93,188.99,299.22,1,-1,-1,-1
527,168,1566.07,534.39,234.52,428.66,1,-1,-1,-1
527,169,411.91,559.81,172.99,337.87,1,-1,-1,-1
527,170,1570.93,518.31,228.98,446.07,1,-1,-1,-1
527,171,1223.68,510.85,193.80,428.43,1,-1,-1,-1
527,172,345.24,550.03,234.95,371.89,1,-1,-1,-1
527,173,1460.57,562.81,214.50,356.14,1,-1,-1,-1
527,174,704.32,579.28,236.93,345.78,1,-1,-1,-1
527,175,177.61,597.64,243.65,313.93,1,-1,-1,-1
527,176,1833.61,491.27,86.39,442.08,1,-1,-1,-1
528,132,477.29,578.97,169.22,326.44,1,-1,-1,-1
528,148,657.93,474.54,236.21,406.66,1,-1,-1,-1
528,151,34.92,623.45,178.42,297.89,1,-1,-1,-1
528,152,54.09,609.73,286.46,309.99,1,-1,-1,-1
528,155,1082.68,540.73,175.40,378.54,1,-1,-1,-1
528,156,680.92,550.00,283.71,381.14,1,-1,-1,-1
528,158,276.66,571.49,277.01,356.55,1,-1,-1,-1
528,162,1202.29,548.19,193.32,385.60,1,-1,-1,-1
528,163,138.80,601.55,207.22,314.72,1,-1,-1,-1
528,164,760.06,577.60,190.76,330.92,1,-1,-1,-1
528,166,0.42,632.00,143.63,290.96,1,-1,-1,-1
528,168,1566.07,534.39,234.52,428.66,1,-1,-1,-1
528,169,411.91,559.81,172.99,337.87,1,-1,-1,-1
528,170,1570.93,518.31,228.98,446.07,1,-1,-1,-1
528,171,1223.68,510.85,193.80,428.43,1,-1,-1,-1
528,172,356.25,544.30,220.27,379.23,1,-1,-1,-1
528,173,1455.23,549.27,205.59,369.84,1,-1,-1,-1
528,174,705.52,575.26,234.50,349.96,1,-1,-1,-1
528,175,199.22,598.89,244.73,309.96,1,-1,-1,-1
528,176,1822.34,513.59,97.66,419.50,1,-1,-1,-1
528,178,1517.02,522.25,277.21,439.03,1,-1,-1,-1
529,132,479.31,576.67,169.35,328.12,1,-1,-1,-1
529,148,657.93,474.54,236.21,406.66,1,-1,-1,-1
529,151,42.44,622.96,172.38,294.49,1,-1,-1,-1
529,152,62.65,612.90,274.35,303.65,1,-1,-1,-1
529,155,1089.65,534.14,169.96,385.43,1,-1,-1,-1
529,156,680.92,550.00,283.71,381.14,1,-1,-1,-1
529,158,276.66,571.49,277.01,356.55,1,-1,-1,-1
529,162,1207.49,545.82,190.44,388.19,1,-1,-1,-1
529,163,138.80,601.55,207.22,314.72,1,-1,-1,-1
529,164,760.06,577.60,190.76,330.92,1,-1,-1,-1
529,166,0.45,631.12,130.07,291.40,1,-1,-1,-1
529,168,1566.07,534.39,234.52,428.66,1,-1,-1,-1
529,169,411.91,559.81,172.99,337.87,1,-1,-1,-1
529,170,1570.93,518.31,228.98,446.07,1,-1,-1,-1
529,171,1223.68,510.85,193.80,428.43,1,-1,-1,-1
529,172,361.78,530.26,209.68,394.24,1,-1,-1,-1
529,173,1452.45,548.75,239.19,368.94,1,-1,-1,-1
529,174,707.28,571.17,238.14,354.49,1,-1,-1,-1
529,175,197.34,595.22,223.98,312.30,1,-1,-1,-1
529,176,1810.40,553.70,109.60,377.56,1,-1,-1,-1
529,178,1512.34,517.31,279.39,445.98,1,-1,-1,-1
530,132,475.26,575.34,175.65,327.15,1,-1,-1,-1
530,148,657.93,474.54,236.21,406.66,1,-1,-1,-1
530,151,40.86,628.68,193.13,288.86,1,-1,-1,-1
530,152,58.18,614.69,277.35,305.11,1,-1,-1,-1
530,155,1102.16,529.49,164.15,389.01,1,-1,-1,-1
530,156,680.92,550.00,283.71,381.14,1,-1,-1,-1
530,158,276.66,571.49,277.01,356.55,1,-1,-1,-1
530,162,1204.26,535.17,201.26,400.05,1,-1,-1,-1
530,163,62.08,622.34,246.60,298.53,1,-1,-1,-1
530,164,760.06,577.60,190.76,330.92,1,-1,-1,-1
530,166,0.22,631.34,133.92,288.01,1,-1,-1,-1
530,168,1463.88,506.84,316.76,423.00,1,-1,-1,-1
530,169,411.91,559.81,172.99,337.87,1,-1,-1,-1
530,170,1570.93,518.31,228.98,446.07,1,-1,-1,-1
530,171,1223.68,510.85,193.80,428.43,1,-1,-1,-1
530,172,366.39,524.14,198.50,401.27,1,-1,-1,-1
530,173,1450.29,511.43,276.49,407.44,1,-1,-1,-1
530,174,710.05,567.71,236.65,359.51,1,-1,-1,-1
530,175,181.61,588.33,242.21,317.71,1,-1,-1,-1
530,176,1810.40,553.70,109.60,377.56,1,-1,-1,-1
530,178,1515.08,520.69,278.62,444.18,1,-1,-1,-1
531,132,478.27,579.36,172.53,324.31,1,-1,-1,-1
531,148,657.93,474.54,236.21,406.66,1,-1,-1,-1
531,151,40.86,628.68,193.13,288.86,1,-1,-1,-1
531,152,58.87,585.31,276.05,336.49,1,-1,-1,-1
531,155,1105.24,530.25,170.13,388.24,1,-1,-1,-1
531,156,680.92,550.00,283.71,381.14,1,-1,-1,-1
531,158,276.66,571.49,277.01,356.55,1,-1,-1,-1
531,162,1195.98,535.68,213.83,399.59,1,-1,-1,-1
531,163,62.08,622.34,246.60,298.53,1,-1,-1,-1
531,164,749.24,593.58,200.72,318.35,1,-1,-1,-1
531,166,0.13,629.08,143.76,291.33,1,-1,-1,-1
531,168,1452.71,498.79,312.02,425.35,1,-1,-1,-1
531,169,411.91,559.81,172.99,337.87,1,-1,-1,-1
531,170,1570.93,518.31,228.98,446.07,1,-1,-1,-1
531,171,1223.68,510.85,193.80,428.43,1,-1,-1,-1
531,172,366.66,517.30,189.12,408.94,1,-1,-1,-1
531,173,1449.04,504.47,270.82,415.57,1,-1,-1,-1
531,174,709.32,565.09,237.80,363.45,1,-1,-1,-1
531,175,174.44,580.65,249.43,324.32,1,-1,-1,-1
531,176,1800.28,523.85,119.72,411.74,1,-1,-1,-1
531,178,1519.11,517.60,281.13,448.82,1,-1,-1,-1
532,132,476.74,579.52,197.33,324.26,1,-1,-1,-1
532,148,657.93,474.54,236.21,406.66,1,-1,-1,-1
532,151,40.86,628.68,193.13,288.86,1,-1,-1,-1
532,152,65.02,566.84,262.13,355.94,1,-1,-1,-1
532,155,1108.33,531.30,162.95,389.00,1,-1,-1,-1
532,156,680.92,550.00,283.71,381.14,1,-1,-1,-1
532,158,276.66,571.49,277.01,356.55,1,-1,-1,-1
532,162,1205.65,529.61,206.26,406.57,1,-1,-1,-1
532,163,62.08,622.34,246.60,298.53,1,-1,-1,-1
532,164,738.74,594.67,209.59,322.09,1,-1,-1,-1
532,166,0.01,631.20,125.12,282.40,1,-1,-1,-1
532,168,1452.71,498.79,312.02,425.35,1,-1,-1,-1
532,169,411.91,559.81,172.99,337.87,1,-1,-1,-1
532,170,1570.93,518.31,228.98,446.07,1,-1,-1,-1
532,171,1223.68,510.85,193.80,428.43,1,-1,-1,-1
532,172,355.31,512.32,190.09,415.28,1,-1,-1,-1
532,173,1451.69,573.73,229.33,344.85,1,-1,-1,-1
532,174,707.84,574.12,237.43,356.15,1,-1,-1,-1
532,175,214.87,620.33,230.70,283.27,1,-1,-1,-1
532,176,1790.79,503.47,129.21,433.83,1,-1,-1,-1
532,178,1517.11,475.65,287.94,480.74,1,-1,-1,-1
533,132,484.26,580.10,192.97,324.94,1,-1,-1,-1
533,148,657.93,474.54,236.21,406.66,1,-1,-1,-1
533,151,40.86,628.68,193.13,288.86,1,-1,-1,-1
533,152,64.15,560.50,259.43,363.27,1,-1,-1,-1
533,155,1110.30,534.94,163.93,386.61,1,-1,-1,-1
533,156,680.92,550.00,283.71,381.14,1,-1,-1,-1
533,158,276.66,571.49,277.01,356.55,1,-1,-1,-1
533,162,1212.07,524.67,202.97,410.97,1,-1,-1,-1
533,163,62.08,622.34,246.60,298.53,1,-1,-1,-1
533,164,757.08,592.37,190.55,320.41,1,-1,-1,-1
533,166,0.00,620.81,114.29,286.59,1,-1,-1,-1
533,168,1452.71,498.79,312.02,425.35,1,-1,-1,-1
533,169,411.91,559.81,172.99,337.87,1,-1,-1,-1
533,170,1570.93,518.31,228.98,446.07,1,-1,-1,-1
533,171,1223.68,510.85,193.80,428.43,1,-1,-1,-1
533,172,360.88,510.48,184.25,414.86,1,-1,-1,-1
533,173,1454.50,574.40,221.76,346.07,1,-1,-1,-1
533,174,708.79,556.25,237.45,373.93,1,-1,-1,-1
533,175,200.76,617.53,236.96,286.29,1,-1,-1,-1
533,176,1789.60,521.55,130.40,414.08,1,-1,-1,-1
533,178,1528.30,455.99,271.23,504.39,1,-1,-1,-1
534,132,487.55,579.84,189.23,324.01,1,-1,-1,-1
534,148,657.93,474.54,236.21,406.66,1,-1,-1,-1
534,151,40.86,628.68,193.13,288.86,1,-1,-1,-1
534,152,58.91,556.69,259.90,367.32,1,-1,-1,-1
534,155,1114.67,533.80,162.44,387.24,1,-1,-1,-1
534,156,680.92,550.00,283.71,381.14,1,-1,-1,-1
534,158,276.66,571.49,277.01,356.55,1,-1,-1,-1
534,162,1211.60,517.26,203.58,418.63,1,-1,-1,-1
534,163,62.08,622.34,246.60,298.53,1,-1,-1,-1
534,164,755.56,588.03,193.66,321.72,1,-1,-1,-1
534,166,0.00,600.83,111.55,301.03,1,-1,-1,-1
534,168,1545.67,450.79,250.86,490.27,1,-1,-1,-1
534,169,411.91,559.81,172.99,337.87,1,-1,-1,-1
534,170,1570.93,518.31,228.98,446.07,1,-1,-1,-1
534,171,1223.68,510.85,193.80,428.43,1,-1,-1,-1
534,172,357.87,511.17,189.51,415.73,1,-1,-1,-1
534,173,1459.36,562.95,196.74,357.52,1,-1,-1,-1
534,174,709.71,551.89,239.06,378.66,1,-1,-1,-1
534,175,215.66,625.40,227.50,279.23,1,-1,-1,-1
534,176,1798.58,521.20,121.42,414.14,1,-1,-1,-1
534,178,1551.94,441.58,244.38,517.73,1,-1,-1,-1
534,180,1616.64,543.31,189.23,423.70,1,-1,-1,-1
535,132,481.02,576.48,191.97,325.37,1,-1,-1,-1
535,148,657.93,474.54,236.21,406.66,1,-1,-1,-1
535,151,40.86,628.68,193.13,288.86,1,-1,-1,-1
535,152,60.98,557.88,257.68,364.22,1,-1,-1,-1
535,155,1119.28,534.58,167.41,386.66,1,-1,-1,-1
535,156,680.92,550.00,283.71,381.14,1,-1,-1,-1
535,158,276.66,571.49,277.01,356.55,1,-1,-1,-1
535,162,1212.61,510.57,202.55,429.15,1,-1,-1,-1
535,163,62.08,622.34,246.60,298.53,1,-1,-1,-1
535,164,763.06,578.23,186.14,326.15,1,-1,-1,-1
535,166,0.00,592.95,114.29,304.51,1,-1,-1,-1
535,168,1577.94,428.98,231.53,533.97,1,-1,-1,-1
535,169,411.91,559.81,172.99,337.87,1,-1,-1,-1
535,170,1570.93,518.31,228.98,446.07,1,-1,-1,-1
535,171,1223.68,510.85,193.80,428.43,1,-1,-1,-1
535,172,362.01,510.47,182.56,414.11,1,-1,-1,-1
535,173,1466.60,547.35,185.09,374.03,1,-1,-1,-1
535,174,711.23,545.95,240.12,384.38,1,-1,-1,-1
535,175,222.64,626.08,210.32,278.30,1,-1,-1,-1
535,176,1797.15,511.28,122.85,426.25,1,-1,-1,-1
535,178,1577.28,428.57,235.45,533.16,1,-1,-1,-1
535,180,1616.64,543.31,189.23,423.70,1,-1,-1,-1
536,132,490.55,573.10,176.88,328.48,1,-1,-1,-1
536,148,657.93,474.54,236.21,406.66,1,-1,-1,-1
536,151,40.86,628.68,193.13,288.86,1,-1,-1,-1
536,152,67.46,559.54,248.99,363.68,1,-1,-1,-1
536,155,1122.74,533.03,170.01,385.30,1,-1,-1,-1
536,156,680.92,550.00,283.71,381.14,1,-1,-1,-1
536,158,671.94,541.33,245.46,388.13,1,-1,-1,-1
536,162,1214.77,507.27,200.72,433.61,1,-1,-1,-1
536,163,62.08,622.34,246.60,298.53,1,-1,-1,-1
536,164,745.16,567.36,211.49,346.21,1,-1,-1,-1
536,166,0.00,619.63,122.36,285.11,1,-1,-1,-1
536,168,1577.94,428.98,231.53,533.97,1,-1,-1,-1
536,170,1570.93,518.31,228.98,446.07,1,-1,-1,-1
536,171,1223.68,510.85,193.80,428.43,1,-1,-1,-1
536,172,366.26,509.91,183.72,418.43,1,-1,-1,-1
536,173,1473.05,541.91,186.36,378.15,1,-1,-1,-1
536,174,718.65,541.09,238.12,389.66,1,-1,-1,-1
536,175,223.86,620.09,213.67,283.66,1,-1,-1,-1
536,176,1787.65,498.20,132.35,438.26,1,-1,-1,-1
536,178,1588.93,417.27,227.50,548.43,1,-1,-1,-1
536,180,1616.64,543.31,189.23,423.70,1,-1,-1,-1
537,132,483.09,566.27,177.29,335.65,1,-1,-1,-1
537,151,40.86,628.68,193.13,288.86,1,-1,-1,-1
537,152,69.46,554.64,248.61,368.79,1,-1,-1,-1
537,155,1134.66,527.19,161.96,390.62,1,-1,-1,-1
537,156,680.92,550.00,283.71,381.14,1,-1,-1,-1
537,158,671.94,541.33,245.46,388.13,1,-1,-1,-1
537,162,1243.29,501.42,168.92,442.69,1,-1,-1,-1
537,163,62.08,622.34,246.60,298.53,1,-1,-1,-1
537,164,745.16,567.36,211.49,346.21,1,-1,-1,-1
537,166,0.00,617.00,173.21,276.78,1,-1,-1,-1
537,168,1577.94,428.98,231.53,533.97,1,-1,-1,-1
537,170,1570.93,518.31,228.98,446.07,1,-1,-1,-1
537,171,1223.68,510.85,193.80,428.43,1,-1,-1,-1
537,172,383.00,497.14,175.76,430.38,1,-1,-1,-1
537,173,1481.30,526.86,187.95,391.36,1,-1,-1,-1
537,174,725.05,526.19,232.91,401.70,1,-1,-1,-1
537,175,256.11,618.50,180.76,280.47,1,-1,-1,-1
537,176,1784.21,476.63,135.79,463.31,1,-1,-1,-1
537,178,1540.79,406.20,281.64,562.86,1,-1,-1,-1
537,180,1616.64,543.31,189.23,423.70,1,-1,-1,-1
538,132,484.77,561.42,175.12,342.15,1,-1,-1,-1
538,151,40.86,628.68,193.13,288.86,1,-1,-1,-1
538,152,75.46,556.99,248.36,363.61,1,-1,-1,-1
538,155,1142.66,518.98,157.72,397.39,1,-1,-1,-1
538,156,680.92,550.00,283.71,381.14,1,-1,-1,-1
538,158,671.94,541.33,245.46,388.13,1,-1,-1,-1
538,162,1247.26,495.93,162.14,450.52,1,-1,-1,-1
538,163,62.08,622.34,246.60,298.53,1,-1,-1,-1
538,164,745.16,567.36,211.49,346.21,1,-1,-1,-1
538,166,0.00,605.78,181.88,285.11,1,-1,-1,-1
538,168,1577.94,428.98,231.53,533.97,1,-1,-1,-1
538,170,1570.93,518.31,228.98,446.07,1,-1,-1,-1
538,171,1223.68,510.85,193.80,428.43,1,-1,-1,-1
538,172,395.89,484.33,174.45,441.56,1,-1,-1,-1
538,173,1484.68,511.07,176.58,406.05,1,-1,-1,-1
538,174,726.97,519.25,233.36,407.21,1,-1,-1,-1
538,175,259.33,610.21,173.26,292.40,1,-1,-1,-1
538,176,1791.82,457.98,128.18,482.04,1,-1,-1,-1
538,178,1537.86,401.45,283.73,569.07,1,-1,-1,-1
538,180,1616.64,543.31,189.23,423.70,1,-1,-1,-1
539,132,480.80,554.47,177.37,350.12,1,-1,-1,-1
539,151,40.86,628.68,193.13,288.86,1,-1,-1,-1
539,152,81.54,545.69,246.67,374.96,1,-1,-1,-1
539,155,1146.47,503.67,154.14,414.86,1,-1,-1,-1
539,156,680.92,550.00,283.71,381.14,1,-1,-1,-1
539,158,671.94,541.33,245.46,388.13,1,-1,-1,-1
539,162,1249.80,493.59,166.15,454.13,1,-1,-1,-1
539,163,62.08,622.34,246.60,298.53,1,-1,-1,-1
539,164,732.12,512.85,232.58,407.28,1,-1,-1,-1
539,166,0.00,598.52,189.47,312.81,1,-1,-1,-1
539,168,1577.94,428.98,231.53,533.97,1,-1,-1,-1
539,170,1570.93,518.31,228.98,446.07,1,-1,-1,-1
539,171,1223.68,510.85,193.80,428.43,1,-1,-1,-1
539,172,402.87,469.72,182.16,451.96,1,-1,-1,-1
539,173,1485.44,499.21,168.22,421.16,1,-1,-1,-1
539,174,731.33,516.74,234.93,407.30,1,-1,-1,-1
539,175,264.33,601.26,165.80,298.74,1,-1,-1,-1
539,176,1803.20,445.19,116.80,490.84,1,-1,-1,-1
539,178,1541.78,400.14,281.45,570.37,1,-1,-1,-1
539,180,1616.64,543.31,189.23,423.70,1,-1,-1,-1
540,132,506.62,550.43,152.63,351.40,1,-1,-1,-1
540,151,40.86,628.68,193.13,288.86,1,-1,-1,-1
540,152,89.43,571.26,249.77,348.13,1,-1,-1,-1
540,155,1148.77,496.13,151.88,424.97,1,-1,-1,-1
540,156,680.92,550.00,283.71,381.14,1,-1,-1,-1
540,158,671.94,541.33,245.46,388.13,1,-1,-1,-1
540,162,1251.40,492.57,179.04,448.19,1,-1,-1,-1
540,163,62.08,622.34,246.60,298.53,1,-1,-1,-1
540,164,767.51,502.87,206.22,412.21,1,-1,-1,-1
540,166,0.00,592.41,193.50,314.70,1,-1,-1,-1
540,168,1577.94,428.98,231.53,533.97,1,-1,-1,-1
540,170,1570.93,518.31,228.98,446.07,1,-1,-1,-1
540,171,1223.68,510.85,193.80,428.43,1,-1,-1,-1
540,172,431.74,463.49,170.56,458.64,1,-1,-1,-1
540,173,1479.02,490.27,173.35,434.19,1,-1,-1,-1
540,174,762.92,509.45,208.96,406.45,1,-1,-1,-1
540,175,263.99,592.69,175.08,299.87,1,-1,-1,-1
540,176,1813.42,434.35,106.58,500.13,1,-1,-1,-1
540,178,1599.06,400.16,224.93,571.91,1,-1,-1,-1
540,180,1616.64,543.31,189.23,423.70,1,-1,-1,-1
541,132,498.98,550.53,163.85,354.83,1,-1,-1,-1
541,151,40.86,628.68,193.13,288.86,1,-1,-1,-1
541,152,111.46,531.07,231.12,387.69,1,-1,-1,-1
541,155,1145.70,488.80,157.73,433.70,1,-1,-1,-1
541,156,680.92,550.00,283.71,381.14,1,-1,-1,-1
541,158,671.94,541.33,245.46,388.13,1,-1,-1,-1
541,162,1250.17,491.75,196.09,448.77,1,-1,-1,-1
541,163,62.08,622.34,246.60,298.53,1,-1,-1,-1
541,164,778.80,501.04,169.68,407.66,1,-1,-1,-1
541,166,33.67,586.55,172.93,309.71,1,-1,-1,-1
541,168,1577.94,428.98,231.53,533.97,1,-1,-1,-1
541,170,1570.93,518.31,228.98,446.07,1,-1,-1,-1
541,171,1223.68,510.85,193.80,428.43,1,-1,-1,-1
541,172,441.15,459.58,175.06,454.09,1,-1,-1,-1
541,173,1472.26,479.09,189.68,448.01,1,-1,-1,-1
541,174,799.43,501.66,179.70,412.06,1,-1,-1,-1
541,175,258.08,583.45,167.24,309.28,1,-1,-1,-1
541,176,1814.72,423.97,105.28,512.89,1,-1,-1,-1
541,178,1604.52,400.02,227.82,562.92,1,-1,-1,-1
541,180,1616.64,543.31,189.23,423.70,1,-1,-1,-1
542,132,516.06,542.45,159.24,356.88,1,-1,-1,-1
542,151,40.86,628.68,193.13,288.86,1,-1,-1,-1
542,152,198.09,517.25,178.43,393.97,1,-1,-1,-1
542,155,1144.00,476.02,164.40,446.61,1,-1,-1,-1
542,156,680.92,550.00,283.71,381.14,1,-1,-1,-1
542,158,762.06,504.88,221.92,407.62,1,-1,-1,-1
542,162,1259.48,493.20,200.30,445.36,1,-1,-1,-1
542,163,62.08,622.34,246.60,298.53,1,-1,-1,-1
542,164,769.99,500.69,188.12,404.52,1,-1,-1,-1
542,166,61.02,575.65,166.94,322.97,1,-1,-1,-1
542,168,1577.94,428.98,231.53,533.97,1,-1,-1,-1
542,170,1570.93,518.31,228.98,446.07,1,-1,-1,-1
542,171,1223.68,510.85,193.80,428.43,1,-1,-1,-1
542,172,457.75,456.78,188.44,457.48,1,-1,-1,-1
542,173,1469.73,469.08,218.66,459.95,1,-1,-1,-1
542,174,814.18,500.80,177.50,401.66,1,-1,-1,-1
542,175,243.47,567.99,156.41,333.14,1,-1,-1,-1
542,176,1827.90,400.06,92.01,495.80,1,-1,-1,-1
542,178,1615.49,401.56,230.52,545.93,1,-1,-1,-1
542,180,1616.64,543.31,189.23,423.70,1,-1,-1,-1
543,132,499.21,541.72,166.67,363.08,1,-1,-1,-1
543,151,40.86,628.68,193.13,288.86,1,-1,-1,-1
543,152,220.35,511.87,168.76,396.20,1,-1,-1,-1
543,155,1145.42,471.40,162.52,449.06,1,-1,-1,-1
543,156,680.92,550.00,283.71,381.14,1,-1,-1,-1
543,158,774.20,507.59,216.56,404.61,1,-1,-1,-1
543,162,1263.05,492.16,196.05,447.40,1,-1,-1,-1
543,163,62.08,622.34,246.60,298.53,1,-1,-1,-1
543,164,766.63,500.75,190.26,404.99,1,-1,-1,-1
543,166,44.95,572.78,189.98,313.99,1,-1,-1,-1
543,168,1577.94,428.98,231.53,533.97,1,-1,-1,-1
543,170,1570.93,518.31,228.98,446.07,1,-1,-1,-1
543,171,1223.68,510.85,193.80,428.43,1,-1,-1,-1
543,172,464.20,460.34,193.77,453.33,1,-1,-1,-1
543,173,1467.06,468.16,236.63,459.62,1,-1,-1,-1
543,174,850.50,499.62,153.69,376.01,1,-1,-1,-1
543,175,243.47,567.99,156.41,333.14,1,-1,-1,-1
543,176,1842.45,389.87,77.54,499.00,1,-1,-1,-1
543,178,1623.50,400.65,233.24,561.70,1,-1,-1,-1
543,180,1616.64,543.31,189.23,423.70,1,-1,-1,-1
544,132,520.17,552.62,154.21,343.43,1,-1,-1,-1
544,151,40.86,628.68,193.13,288.86,1,-1,-1,-1
544,152,239.86,512.17,157.50,395.57,1,-1,-1,-1
544,155,1146.38,466.85,164.44,454.42,1,-1,-1,-1
544,156,680.92,550.00,283.71,381.14,1,-1,-1,-1
544,158,777.57,501.24,226.99,409.01,1,-1,-1,-1
544,162,1262.29,487.71,189.54,448.56,1,-1,-1,-1
544,163,62.08,622.34,246.60,298.53,1,-1,-1,-1
544,164,767.08,501.12,162.86,401.73,1,-1,-1,-1
544,166,18.15,575.15,220.57,311.82,1,-1,-1,-1
544,168,1577.94,428.98,231.53,533.97,1,-1,-1,-1
544,170,1570.93,518.31,228.98,446.07,1,-1,-1,-1
544,171,1223.68,510.85,193.80,428.43,1,-1,-1,-1
544,172,474.69,464.71,182.39,444.44,1,-1,-1,-1
544,173,1472.34,463.35,216.06,466.34,1,-1,-1,-1
544,174,854.86,499.38,174.60,392.66,1,-1,-1,-1
544,175,243.47,567.99,156.41,333.14,1,-1,-1,-1
544,176,1849.17,381.87,70.83,475.65,1,-1,-1,-1
544,178,1634.11,394.33,225.86,571.96,1,-1,-1,-1
544,179,110.69,574.37,166.82,319.48,1,-1,-1,-1
544,180,1616.64,543.31,189.23,423.70,1,-1,-1,-1
545,132,535.43,554.81,158.79,340.71,1,-1,-1,-1
545,151,40.86,628.68,193.13,288.86,1,-1,-1,-1
545,152,251.47,511.88,159.01,395.68,1,-1,-1,-1
545,155,1148.18,461.66,169.89,457.51,1,-1,-1,-1
545,156,680.92,550.00,283.71,381.14,1,-1,-1,-1
545,158,777.57,501.24,226.99,409.01,1,-1,-1,-1
545,162,1263.82,484.12,184.80,448.27,1,-1,-1,-1
545,163,62.08,622.34,246.60,298.53,1,-1,-1,-1
545,164,752.95,500.62,173.79,405.62,1,-1,-1,-1
545,166,9.55,576.98,232.65,308.75,1,-1,-1,-1
545,168,1577.94,428.98,231.53,533.97,1,-1,-1,-1
545,170,1570.93,518.31,228.98,446.07,1,-1,-1,-1
545,171,1223.68,510.85,193.80,428.43,1,-1,-1,-1
545,172,480.63,470.31,183.23,438.62,1,-1,-1,-1
545,173,1473.16,456.82,202.29,473.63,1,-1,-1,-1
545,174,875.88,500.85,167.99,405.27,1,-1,-1,-1
545,175,243.47,567.99,156.41,333.14,1,-1,-1,-1
545,176,1852.42,379.66,67.58,516.92,1,-1,-1,-1
545,178,1640.77,390.81,215.84,570.41,1,-1,-1,-1
545,179,117.70,570.20,161.64,326.26,1,-1,-1,-1
545,180,1616.64,543.31,189.23,423.70,1,-1,-1,-1
546,132,522.60,544.44,180.89,352.10,1,-1,-1,-1
546,151,40.86,628.68,193.13,288.86,1,-1,-1,-1
546,152,261.42,513.93,157.81,392.70,1,-1,-1,-1
546,155,1148.06,459.43,171.79,458.61,1,-1,-1,-1
546,156,680.92,550.00,283.71,381.14,1,-1,-1,-1
546,158,777.57,501.24,226.99,409.01,1,-1,-1,-1
546,162,1262.22,482.47,183.94,443.50,1,-1,-1,-1
546,163,62.08,622.34,246.60,298.53,1,-1,-1,-1
546,164,744.43,499.86,179.87,406.42,1,-1,-1,-1
546,166,6.02,568.82,237.37,316.29,1,-1,-1,-1
546,168,1577.94,428.98,231.53,533.97,1,-1,-1,-1
546,170,1570.93,518.31,228.98,446.07,1,-1,-1,-1
546,171,1223.68,510.85,193.80,428.43,1,-1,-1,-1
546,172,486.05,477.97,183.90,431.20,1,-1,-1,-1
546,173,1475.45,455.45,209.76,475.67,1,-1,-1,-1
546,174,880.46,499.53,176.00,407.85,1,-1,-1,-1
546,175,179.70,567.73,196.60,333.22,1,-1,-1,-1
546,176,1857.46,368.50,62.54,526.14,1,-1,-1,-1
546,178,1652.55,390.44,217.36,569.01,1,-1,-1,-1
546,179,121.36,565.92,173.23,328.18,1,-1,-1,-1
546,180,1616.64,543.31,189.23,423.70,1,-1,-1,-1
547,132,513.13,509.83,213.80,387.50,1,-1,-1,-1
547,151,40.86,628.68,193.13,288.86,1,-1,-1,-1
547,152,275.17,516.71,203.73,365.68,1,-1,-1,-1
547,155,1149.64,454.73,178.13,470.18,1,-1,-1,-1
547,156,680.92,550.00,283.71,381.14,1,-1,-1,-1
547,158,777.57,501.24,226.99,409.01,1,-1,-1,-1
547,162,1274.10,480.56,167.82,442.63,1,-1,-1,-1
547,163,62.08,622.34,246.60,298.53,1,-1,-1,-1
547,164,741.69,498.34,184.96,415.24,1,-1,-1,-1
547,166,0.60,555.39,250.31,336.13,1,-1,-1,-1
547,168,1577.94,428.98,231.53,533.97,1,-1,-1,-1
547,170,1570.93,518.31,228.98,446.07,1,-1,-1,-1
547,171,1223.68,510.85,193.80,428.43,1,-1,-1,-1
547,172,493.12,490.50,183.32,417.92,1,-1,-1,-1
547,173,1479.12,453.90,199.70,479.21,1,-1,-1,-1
547,174,900.88,508.47,181.77,397.14,1,-1,-1,-1
547,175,166.39,597.27,207.06,303.53,1,-1,-1,-1
547,176,1857.77,369.47,62.23,528.55,1,-1,-1,-1
547,178,1660.70,396.38,248.84,566.64,1,-1,-1,-1
547,179,152.82,600.98,144.55,294.37,1,-1,-1,-1
547,180,1616.64,543.31,189.23,423.70,1,-1,-1,-1
548,132,513.37,497.47,221.77,400.26,1,-1,-1,-1
548,151,40.86,628.68,193.13,288.86,1,-1,-1,-1
548,152,290.25,517.70,202.14,369.26,1,-1,-1,-1
548,155,1153.87,454.58,169.05,470.04,1,-1,-1,-1
548,156,680.92,550.00,283.71,381.14,1,-1,-1,-1
548,158,777.57,501.24,226.99,409.01,1,-1,-1,-1
548,162,1283.35,481.27,157.41,438.78,1,-1,-1,-1
548,163,62.08,622.34,246.60,298.53,1,-1,-1,-1
548,164,741.89,497.93,180.21,418.96,1,-1,-1,-1
548,166,3.00,552.59,249.32,341.86,1,-1,-1,-1
548,168,1577.94,428.98,231.53,533.97,1,-1,-1,-1
548,170,1570.93,518.31,228.98,446.07,1,-1,-1,-1
548,172,493.12,490.50,183.32,417.92,1,-1,-1,-1
548,173,1485.36,452.68,199.38,479.25,1,-1,-1,-1
548,174,914.93,513.59,170.97,394.31,1,-1,-1,-1
548,175,179.38,559.29,209.41,341.70,1,-1,-1,-1
548,176,1857.77,369.47,62.23,528.55,1,-1,-1,-1
548,178,1665.41,401.14,239.35,558.14,1,-1,-1,-1
548,179,153.44,606.66,137.05,288.75,1,-1,-1,-1
548,180,1616.64,543.31,189.23,423.70,1,-1,-1,-1
549,132,525.26,499.31,210.39,402.38,1,-1,-1,-1
549,151,40.86,628.68,193.13,288.86,1,-1,-1,-1
549,152,301.64,518.14,205.99,378.67,1,-1,-1,-1
549,155,1160.30,454.31,159.40,477.30,1,-1,-1,-1
549,158,777.57,501.24,226.99,409.01,1,-1,-1,-1
549,162,1285.59,484.52,160.42,436.20,1,-1,-1,-1
549,163,62.08,622.34,246.60,298.53,1,-1,-1,-1
549,164,747.87,498.97,169.26,419.66,1,-1,-1,-1
549,166,12.42,549.00,234.09,345.13,1,-1,-1,-1
549,168,1577.94,428.98,231.53,533.97,1,-1,-1,-1
549,170,1570.93,518.31,228.98,446.07,1,-1,-1,-1
549,172,493.12,490.50,183.32,417.92,1,-1,-1,-1
549,173,1489.99,455.35,193.04,477.13,1,-1,-1,-1
549,174,928.44,513.85,159.71,393.22,1,-1,-1,-1
549,175,192.36,553.80,196.17,345.36,1,-1,-1,-1
549,176,1857.77,369.47,62.23,528.55,1,-1,-1,-1
549,178,1673.89,409.28,209.65,548.31,1,-1,-1,-1
549,179,161.40,613.95,140.40,276.37,1,-1,-1,-1
549,180,1616.64,543.31,189.23,423.70,1,-1,-1,-1
549,182,469.68,547.38,177.19,358.56,1,-1,-1,-1
550,132,535.04,504.81,200.12,404.94,1,-1,-1,-1
550,151,40.86,628.68,193.13,288.86,1,-1,-1,-1
550,152,307.37,515.45,206.30,382.85,1,-1,-1,-1
550,155,1171.76,454.08,142.44,474.77,1,-1,-1,-1
550,158,777.57,501.24,226.99,409.01,1,-1,-1,-1
550,162,1298.44,487.80,148.07,432.21,1,-1,-1,-1
550,163,62.08,622.34,246.60,298.53,1,-1,-1,-1
550,164,751.87,501.74,168.57,415.17,1,-1,-1,-1
550,166,23.74,548.28,219.27,346.94,1,-1,-1,-1
550,168,1577.94,428.98,231.53,533.97,1,-1,-1,-1
550,170,1570.93,518.31,228.98,446.07,1,-1,-1,-1
550,172,493.12,490.50,183.32,417.92,1,-1,-1,-1
550,173,1495.96,460.25,182.71,470.10,1,-1,-1,-1
550,174,934.86,514.91,157.07,391.92,1,-1,-1,-1
550,175,198.19,552.12,189.23,348.53,1,-1,-1,-1
550,176,1857.77,369.47,62.23,528.55,1,-1,-1,-1
550,178,1687.01,418.05,197.30,535.91,1,-1,-1,-1
550,179,161.40,613.95,140.40,276.37,1,-1,-1,-1
550,180,1616.64,543.31,189.23,423.70,1,-1,-1,-1
550,182,470.02,546.46,185.15,359.42,1,-1,-1,-1
551,132,555.50,508.13,182.91,402.67,1,-1,-1,-1
551,151,40.86,628.68,193.13,288.86,1,-1,-1,-1
551,152,319.47,519.45,196.63,380.22,1,-1,-1,-1
551,155,1175.68,458.85,138.08,467.62,1,-1,-1,-1
551,158,777.57,501.24,226.99,409.01,1,-1,-1,-1
551,162,1311.23,492.01,137.44,429.76,1,-1,-1,-1
551,163,62.08,622.34,246.60,298.53,1,-1,-1,-1
551,164,750.62,502.07,174.13,415.05,1,-1,-1,-1
551,166,36.63,548.24,197.80,345.74,1,-1,-1,-1
551,168,1577.94,428.98,231.53,533.97,1,-1,-1,-1
551,172,493.12,490.50,183.32,417.92,1,-1,-1,-1
551,173,1504.80,465.14,165.59,468.49,1,-1,-1,-1
551,174,936.14,516.99,166.24,390.00,1,-1,-1,-1
551,175,206.56,553.20,186.28,348.28,1,-1,-1,-1
551,176,1857.77,369.47,62.23,528.55,1,-1,-1,-1
551,178,1706.08,428.46,186.47,529.19,1,-1,-1,-1
551,179,161.40,613.95,140.40,276.37,1,-1,-1,-1
551,180,1616.64,543.31,189.23,423.70,1,-1,-1,-1
551,182,465.26,544.36,189.40,360.78,1,-1,-1,-1
552,132,594.24,509.59,153.35,395.70,1,-1,-1,-1
552,151,40.86,628.68,193.13,288.86,1,-1,-1,-1
552,152,361.00,524.44,156.50,373.99,1,-1,-1,-1
552,155,1175.68,458.85,138.08,467.62,1,-1,-1,-1
552,158,777.57,501.24,226.99,409.01,1,-1,-1,-1
552,162,1330.68,499.35,125.70,423.47,1,-1,-1,-1
552,163,62.08,622.34,246.60,298.53,1,-1,-1,-1
552,164,767.20,500.89,152.44,415.32,1,-1,-1,-1
552,166,58.09,548.09,169.98,343.79,1,-1,-1,-1
552,168,1577.94,428.98,231.53,533.97,1,-1,-1,-1
552,172,493.12,490.50,183.32,417.92,1,-1,-1,-1
552,173,1510.68,464.73,167.86,475.02,1,-1,-1,-1
552,174,961.86,521.44,147.75,389.91,1,-1,-1,-1
552,175,221.19,558.73,169.87,342.83,1,-1,-1,-1
552,176,1857.77,369.47,62.23,528.55,1,-1,-1,-1
552,178,1742.44,442.86,174.19,519.20,1,-1,-1,-1
552,179,161.40,613.95,140.40,276.37,1,-1,-1,-1
552,180,1616.64,543.31,189.23,423.70,1,-1,-1,-1
552,182,485.99,538.87,181.72,365.01,1,-1,-1,-1
553,132,610.68,511.20,141.87,393.94,1,-1,-1,-1
553,151,40.86,628.68,193.13,288.86,1,-1,-1,-1
553,152,376.63,526.26,147.18,368.28,1,-1,-1,-1
553,155,1175.68,458.85,138.08,467.62,1,-1,-1,-1
553,158,777.57,501.24,226.99,409.01,1,-1,-1,-1
553,162,1334.12,504.20,139.24,417.75,1,-1,-1,-1
553,163,62.08,622.34,246.60,298.53,1,-1,-1,-1
553,164,776.79,499.58,138.52,414.82,1,-1,-1,-1
553,166,67.82,549.26,161.43,342.47,1,-1,-1,-1
553,168,1577.94,428.98,231.53,533.97,1,-1,-1,-1
553,172,493.12,490.50,183.32,417.92,1,-1,-1,-1
553,173,1517.83,465.55,167.18,475.10,1,-1,-1,-1
553,174,982.79,520.72,131.42,389.14,1,-1,-1,-1
553,175,228.75,566.23,172.66,332.86,1,-1,-1,-1
553,176,1857.77,369.47,62.23,528.55,1,-1,-1,-1
553,178,1758.47,450.75,161.19,510.75,1,-1,-1,-1
553,179,161.40,613.95,140.40,276.37,1,-1,-1,-1
553,180,1616.64,543.31,189.23,423.70,1,-1,-1,-1
553,182,492.10,538.21,155.36,362.81,1,-1,-1,-1
553,183,1175.39,467.63,168.64,461.09,1,-1,-1,-1
554,132,626.84,512.43,129.75,393.80,1,-1,-1,-1
554,151,40.86,628.68,193.13,288.86,1,-1,-1,-1
554,152,386.11,527.75,145.66,367.39,1,-1,-1,-1
554,155,1175.68,458.85,138.08,467.62,1,-1,-1,-1
554,158,777.57,501.24,226.99,409.01,1,-1,-1,-1
554,162,1335.51,505.93,143.54,418.06,1,-1,-1,-1
554,163,62.08,622.34,246.60,298.53,1,-1,-1,-1
554,164,783.68,500.90,133.91,414.13,1,-1,-1,-1
554,166,70.32,555.53,168.77,335.22,1,-1,-1,-1
554,168,1577.94,428.98,231.53,533.97,1,-1,-1,-1
554,172,493.12,490.50,183.32,417.92,1,-1,-1,-1
554,173,1530.11,465.56,159.96,476.46,1,-1,-1,-1
554,174,997.15,523.83,122.75,387.22,1,-1,-1,-1
554,175,237.43,574.11,169.70,323.30,1,-1,-1,-1
554,176,1857.77,369.47,62.23,528.55,1,-1,-1,-1
554,178,1755.16,459.65,164.81,490.90,1,-1,-1,-1
554,179,161.40,613.95,140.40,276.37,1,-1,-1,-1
554,180,1616.64,543.31,189.23,423.70,1,-1,-1,-1
554,182,485.85,537.97,157.78,361.84,1,-1,-1,-1
554,183,1177.60,474.84,176.41,455.18,1,-1,-1,-1
555,132,645.56,509.24,119.25,395.94,1,-1,-1,-1
555,151,40.86,628.68,193.13,288.86,1,-1,-1,-1
555,152,400.64,530.59,137.60,364.39,1,-1,-1,-1
555,155,1175.68,458.85,138.08,467.62,1,-1,-1,-1
555,158,777.57,501.24,226.99,409.01,1,-1,-1,-1
555,162,1341.41,508.61,141.00,415.23,1,-1,-1,-1
555,163,62.08,622.34,246.60,298.53,1,-1,-1,-1
555,164,786.33,499.44,134.37,417.35,1,-1,-1,-1
555,166,78.69,559.63,171.16,328.84,1,-1,-1,-1
555,168,1577.94,428.98,231.53,533.97,1,-1,-1,-1
555,172,493.12,490.50,183.32,417.92,1,-1,-1,-1
555,173,1534.80,466.88,166.67,476.04,1,-1,-1,-1
555,174,1002.09,520.38,122.80,390.48,1,-1,-1,-1
555,175,243.94,578.97,170.44,320.23,1,-1,-1,-1
555,176,1857.77,369.47,62.23,528.55,1,-1,-1,-1
555,178,1757.88,461.99,162.12,469.41,1,-1,-1,-1
555,179,161.40,613.95,140.40,276.37,1,-1,-1,-1
555,180,1616.64,543.31,189.23,423.70,1,-1,-1,-1
555,182,491.60,535.19,151.99,367.91,1,-1,-1,-1
555,183,1177.95,482.70,182.54,447.93,1,-1,-1,-1
556,132,655.15,511.80,117.55,394.15,1,-1,-1,-1
556,151,40.86,628.68,193.13,288.86,1,-1,-1,-1
556,152,418.83,529.83,120.01,364.35,1,-1,-1,-1
556,155,1175.68,458.85,138.08,467.62,1,-1,-1,-1
556,158,777.57,501.24,226.99,409.01,1,-1,-1,-1
556,162,1332.73,514.32,160.02,409.06,1,-1,-1,-1
556,163,62.08,622.34,246.60,298.53,1,-1,-1,-1
556,164,789.88,498.76,134.25,419.09,1,-1,-1,-1
556,166,85.49,564.41,171.77,325.10,1,-1,-1,-1
556,168,1577.94,428.98,231.53,533.97,1,-1,-1,-1
556,172,493.12,490.50,183.32,417.92,1,-1,-1,-1
556,173,1533.08,469.17,183.90,475.56,1,-1,-1,-1
556,174,1008.17,519.71,121.68,389.54,1,-1,-1,-1
556,175,253.24,582.70,165.89,312.70,1,-1,-1,-1
556,176,1857.77,369.47,62.23,528.55,1,-1,-1,-1
556,178,1759.41,464.50,160.59,483.49,1,-1,-1,-1
556,179,161.40,613.95,140.40,276.37,1,-1,-1,-1
556,180,1616.64,543.31,189.23,423.70,1,-1,-1,-1
556,182,505.18,534.82,137.91,365.80,1,-1,-1,-1
556,183,1176.78,491.77,191.58,439.57,1,-1,-1,-1
557,132,669.06,510.36,134.53,394.86,1,-1,-1,-1
557,151,40.86,628.68,193.13,288.86,1,-1,-1,-1
557,152,440.94,531.15,117.36,362.93,1,-1,-1,-1
557,155,1175.68,458.85,138.08,467.62,1,-1,-1,-1
557,158,777.57,501.24,226.99,409.01,1,-1,-1,-1
557,162,1347.88,517.04,164.29,403.25,1,-1,-1,-1
557,163,62.08,622.34,246.60,298.53,1,-1,-1,-1
557,164,809.19,490.30,142.17,429.68,1,-1,-1,-1
557,166,91.65,574.22,174.08,316.80,1,-1,-1,-1
557,168,1577.94,428.98,231.53,533.97,1,-1,-1,-1
557,172,493.12,490.50,183.32,417.92,1,-1,-1,-1
557,173,1527.37,477.48,209.94,469.49,1,-1,-1,-1
557,174,1009.30,521.44,145.53,385.99,1,-1,-1,-1
557,175,258.95,583.19,168.79,313.46,1,-1,-1,-1
557,176,1857.77,369.47,62.23,528.55,1,-1,-1,-1
557,178,1757.71,462.87,162.16,485.11,1,-1,-1,-1
557,179,294.55,603.68,126.77,282.14,1,-1,-1,-1
557,180,1616.64,543.31,189.23,423.70,1,-1,-1,-1
557,182,513.53,535.19,137.71,365.84,1,-1,-1,-1
557,183,1186.14,502.23,190.02,429.36,1,-1,-1,-1
558,132,674.50,506.52,155.28,397.04,1,-1,-1,-1
558,151,40.86,628.68,193.13,288.86,1,-1,-1,-1
558,152,449.98,528.87,130.08,367.16,1,-1,-1,-1
558,155,1175.68,458.85,138.08,467.62,1,-1,-1,-1
558,158,777.57,501.24,226.99,409.01,1,-1,-1,-1
558,162,1352.05,519.38,171.45,401.50,1,-1,-1,-1
558,163,62.08,622.34,246.60,298.53,1,-1,-1,-1
558,164,810.75,488.94,154.21,429.73,1,-1,-1,-1
558,166,93.08,587.13,166.50,303.69,1,-1,-1,-1
558,168,1577.94,428.98,231.53,533.97,1,-1,-1,-1
558,172,493.12,490.50,183.32,417.92,1,-1,-1,-1
558,173,1528.76,481.28,214.73,464.88,1,-1,-1,-1
558,174,1008.42,520.11,162.37,386.49,1,-1,-1,-1
558,175,260.88,589.05,176.98,306.10,1,-1,-1,-1
558,176,1857.77,369.47,62.23,528.55,1,-1,-1,-1
558,178,1759.82,461.17,160.16,483.42,1,-1,-1,-1
558,179,324.70,600.25,140.65,280.48,1,-1,-1,-1
558,180,1616.64,543.31,189.23,423.70,1,-1,-1,-1
558,182,523.46,537.36,131.91,364.96,1,-1,-1,-1
558,183,1186.99,510.87,193.07,419.16,1,-1,-1,-1
559,132,679.51,502.96,159.20,402.39,1,-1,-1,-1
559,151,40.86,628.68,193.13,288.86,1,-1,-1,-1
559,152,456.12,528.06,129.51,366.36,1,-1,-1,-1
559,155,1175.68,458.85,138.08,467.62,1,-1,-1,-1
559,158,777.57,501.24,226.99,409.01,1,-1,-1,-1
559,162,1361.89,517.11,181.84,404.62,1,-1,-1,-1
559,163,62.08,622.34,246.60,298.53,1,-1,-1,-1
559,164,815.14,489.42,150.57,431.85,1,-1,-1,-1
559,166,89.95,598.40,168.12,291.48,1,-1,-1,-1
559,168,1577.94,428.98,231.53,533.97,1,-1,-1,-1
559,172,493.12,490.50,183.32,417.92,1,-1,-1,-1
559,173,1527.31,483.84,234.88,462.88,1,-1,-1,-1
559,174,1008.93,520.59,177.23,385.78,1,-1,-1,-1
559,175,262.31,595.95,181.75,300.83,1,-1,-1,-1
559,176,1857.77,369.47,62.23,528.55,1,-1,-1,-1
559,178,1771.21,456.70,148.78,490.16,1,-1,-1,-1
559,179,324.52,598.62,136.05,284.50,1,-1,-1,-1
559,180,1616.64,543.31,189.23,423.70,1,-1,-1,-1
559,182,526.21,544.27,135.51,359.96,1,-1,-1,-1
559,183,1183.81,519.29,209.40,413.01,1,-1,-1,-1
560,132,683.86,499.01,144.17,405.80,1,-1,-1,-1
560,151,40.86,628.68,193.13,288.86,1,-1,-1,-1
560,152,455.77,527.32,132.24,365.76,1,-1,-1,-1
560,155,1175.68,458.85,138.08,467.62,1,-1,-1,-1
560,158,777.57,501.24,226.99,409.01,1,-1,-1,-1
560,162,1361.69,515.93,192.55,405.49,1,-1,-1,-1
560,163,62.08,622.34,246.60,298.53,1,-1,-1,-1
560,164,811.61,494.86,153.89,425.33,1,-1,-1,-1
560,166,90.18,601.86,176.24,285.02,1,-1,-1,-1
560,168,1577.94,428.98,231.53,533.97,1,-1,-1,-1
560,172,493.12,490.50,183.32,417.92,1,-1,-1,-1
560,173,1549.45,485.05,232.00,462.21,1,-1,-1,-1
560,174,1015.58,521.03,185.26,387.31,1,-1,-1,-1
560,175,273.72,599.10,173.62,297.01,1,-1,-1,-1
560,176,1857.77,369.47,62.23,528.55,1,-1,-1,-1
560,178,1786.53,452.64,133.47,492.74,1,-1,-1,-1
560,179,320.70,600.02,131.81,283.71,1,-1,-1,-1
560,180,1616.64,543.31,189.23,423.70,1,-1,-1,-1
560,182,525.97,546.71,141.37,358.02,1,-1,-1,-1
560,183,1186.47,525.70,210.23,405.86,1,-1,-1,-1
561,132,693.88,497.95,132.91,406.64,1,-1,-1,-1
561,152,448.24,530.03,148.32,362.99,1,-1,-1,-1
561,155,1175.68,458.85,138.08,467.62,1,-1,-1,-1
561,158,777.57,501.24,226.99,409.01,1,-1,-1,-1
561,162,1372.04,512.83,190.07,410.09,1,-1,-1,-1
561,164,804.28,503.44,169.90,419.42,1,-1,-1,-1
561,166,94.72,607.66,179.13,279.24,1,-1,-1,-1
561,168,1577.94,428.98,231.53,533.97,1,-1,-1,-1
561,172,493.12,490.50,183.32,417.92,1,-1,-1,-1
561,173,1565.62,488.42,228.22,460.92,1,-1,-1,-1
561,174,1023.96,518.34,184.41,388.42,1,-1,-1,-1
561,175,276.71,602.79,179.73,293.11,1,-1,-1,-1
561,176,1857.77,369.47,62.23,528.55,1,-1,-1,-1
561,178,1765.47,451.55,154.49,496.90,1,-1,-1,-1
561,179,335.27,597.41,130.69,287.28,1,-1,-1,-1
561,180,1616.64,543.31,189.23,423.70,1,-1,-1,-1
561,182,530.62,552.37,142.66,351.92,1,-1,-1,-1
561,183,1191.43,533.30,205.64,398.72,1,-1,-1,-1
562,132,684.08,499.06,168.44,403.56,1,-1,-1,-1
562,152,464.83,528.46,152.70,361.72,1,-1,-1,-1
562,155,1175.68,458.85,138.08,467.62,1,-1,-1,-1
562,158,777.57,501.24,226.99,409.01,1,-1,-1,-1
562,162,1373.11,512.55,212.80,412.93,1,-1,-1,-1
562,164,791.31,535.52,185.36,387.33,1,-1,-1,-1
562,166,105.99,612.78,190.50,270.57,1,-1,-1,-1
562,168,1577.94,428.98,231.53,533.97,1,-1,-1,-1
562,172,493.12,490.50,183.32,417.92,1,-1,-1,-1
562,173,1582.96,484.14,227.79,467.48,1,-1,-1,-1
562,174,1046.27,514.27,171.94,394.90,1,-1,-1,-1
562,175,275.33,602.82,193.13,293.12,1,-1,-1,-1
562,176,1857.77,369.47,62.23,528.55,1,-1,-1,-1
562,178,1751.93,442.41,167.99,509.09,1,-1,-1,-1
562,179,335.74,596.30,140.50,286.43,1,-1,-1,-1
562,180,1616.64,543.31,189.23,423.70,1,-1,-1,-1
562,182,531.49,555.21,150.36,348.38,1,-1,-1,-1
562,183,1201.42,539.92,202.72,392.28,1,-1,-1,-1
563,132,688.24,497.91,168.18,405.20,1,-1,-1,-1
563,152,475.04,524.77,148.55,365.85,1,-1,-1,-1
563,155,1175.68,458.85,138.08,467.62,1,-1,-1,-1
563,158,777.57,501.24,226.99,409.01,1,-1,-1,-1
563,162,1359.26,509.22,233.29,415.92,1,-1,-1,-1
563,164,795.87,550.99,180.80,370.25,1,-1,-1,-1
563,166,112.18,619.14,178.45,263.76,1,-1,-1,-1
563,168,1577.94,428.98,231.53,533.97,1,-1,-1,-1
563,172,493.12,490.50,183.32,417.92,1,-1,-1,-1
563,173,1578.69,484.02,254.77,469.46,1,-1,-1,-1
563,174,1063.10,481.20,161.27,429.88,1,-1,-1,-1
563,175,280.76,599.29,192.46,294.33,1,-1,-1,-1
563,176,1857.77,369.47,62.23,528.55,1,-1,-1,-1
563,178,1751.98,440.48,167.67,513.87,1,-1,-1,-1
563,179,335.74,596.30,140.50,286.43,1,-1,-1,-1
563,180,1616.64,543.31,189.23,423.70,1,-1,-1,-1
563,182,539.74,543.08,148.32,357.70,1,-1,-1,-1
563,183,1199.35,546.66,204.25,389.19,1,-1,-1,-1
564,132,695.41,486.88,159.80,414.06,1,-1,-1,-1
564,152,425.39,523.10,210.01,370.04,1,-1,-1,-1
564,155,1175.68,458.85,138.08,467.62,1,-1,-1,-1
564,158,777.57,501.24,226.99,409.01,1,-1,-1,-1
564,162,1379.25,510.10,206.92,416.39,1,-1,-1,-1
564,164,810.75,570.30,172.91,352.03,1,-1,-1,-1
564,166,111.85,615.24,175.02,267.31,1,-1,-1,-1
564,168,1577.94,428.98,231.53,533.97,1,-1,-1,-1
564,172,493.12,490.50,183.32,417.92,1,-1,-1,-1
564,173,1571.99,486.96,275.14,461.28,1,-1,-1,-1
564,174,1068.20,454.61,161.03,457.68,1,-1,-1,-1
564,175,285.53,598.43,191.32,295.63,1,-1,-1,-1
564,176,1857.77,369.47,62.23,528.55,1,-1,-1,-1
564,178,1769.96,443.54,150.00,512.73,1,-1,-1,-1
564,179,336.98,585.97,154.28,296.40,1,-1,-1,-1
564,180,1616.64,543.31,189.23,423.70,1,-1,-1,-1
564,182,540.08,529.63,153.70,369.53,1,-1,-1,-1
564,183,1198.62,548.05,207.61,388.27,1,-1,-1,-1
565,132,705.93,474.94,153.02,428.49,1,-1,-1,-1
565,152,492.73,520.24,141.61,372.26,1,-1,-1,-1
565,155,1175.68,458.85,138.08,467.62,1,-1,-1,-1
565,158,777.57,501.24,226.99,409.01,1,-1,-1,-1
565,162,1401.64,488.43,174.24,436.75,1,-1,-1,-1
565,164,817.10,575.57,176.46,347.16,1,-1,-1,-1
565,166,113.47,616.60,173.79,264.18,1,-1,-1,-1
565,168,1577.94,428.98,231.53,533.97,1,-1,-1,-1
565,172,493.12,490.50,183.32,417.92,1,-1,-1,-1
565,173,1576.36,489.59,279.57,463.20,1,-1,-1,-1
565,174,1073.32,451.28,154.27,458.04,1,-1,-1,-1
565,175,264.56,584.61,228.26,309.10,1,-1,-1,-1
565,176,1857.77,369.47,62.23,528.55,1,-1,-1,-1
565,178,1787.56,420.52,132.43,514.69,1,-1,-1,-1
565,179,335.18,556.13,167.46,330.12,1,-1,-1,-1
565,182,547.32,533.26,153.09,367.22,1,-1,-1,-1
565,183,1205.36,549.58,210.50,386.13,1,-1,-1,-1
566,132,713.10,449.06,154.68,453.55,1,-1,-1,-1
566,152,503.37,508.66,135.94,383.72,1,-1,-1,-1
566,155,1175.68,458.85,138.08,467.62,1,-1,-1,-1
566,158,777.57,501.24,226.99,409.01,1,-1,-1,-1
566,162,1403.25,453.73,173.75,473.10,1,-1,-1,-1
566,164,823.93,580.53,178.77,341.90,1,-1,-1,-1
566,166,123.15,618.05,167.97,263.97,1,-1,-1,-1
566,172,493.12,490.50,183.32,417.92,1,-1,-1,-1
566,173,1592.90,491.36,266.56,463.87,1,-1,-1,-1
566,174,1077.29,450.71,156.98,459.61,1,-1,-1,-1
566,175,283.49,587.54,213.09,305.55,1,-1,-1,-1
566,176,1857.77,369.47,62.23,528.55,1,-1,-1,-1
566,178,1810.52,392.47,109.48,505.32,1,-1,-1,-1
566,179,337.64,553.54,164.21,332.89,1,-1,-1,-1
566,182,554.54,516.22,151.33,384.81,1,-1,-1,-1
566,183,1210.42,547.61,210.63,391.04,1,-1,-1,-1
567,132,728.96,418.05,149.32,486.01,1,-1,-1,-1
567,152,510.76,496.99,142.22,393.48,1,-1,-1,-1
567,155,1175.68,458.85,138.08,467.62,1,-1,-1,-1
567,158,777.57,501.24,226.99,409.01,1,-1,-1,-1
567,162,1429.41,444.86,163.57,483.46,1,-1,-1,-1
567,164,838.56,584.36,175.85,335.35,1,-1,-1,-1
567,166,138.21,616.74,166.94,264.45,1,-1,-1,-1
567,172,493.12,490.50,183.32,417.92,1,-1,-1,-1
567,173,1621.06,494.15,239.65,461.52,1,-1,-1,-1
567,174,1077.29,450.71,156.98,459.61,1,-1,-1,-1
567,175,283.49,587.54,213.09,305.55,1,-1,-1,-1
567,176,1857.77,369.47,62.23,528.55,1,-1,-1,-1
567,178,1828.74,384.01,91.26,506.36,1,-1,-1,-1
567,179,341.39,555.63,167.42,333.81,1,-1,-1,-1
567,182,569.83,587.84,143.56,310.38,1,-1,-1,-1
567,183,1221.50,545.85,211.42,390.58,1,-1,-1,-1
568,132,736.52,413.98,151.07,490.40,1,-1,-1,-1
568,152,522.18,481.10,141.28,403.49,1,-1,-1,-1
568,155,1175.68,458.85,138.08,467.62,1,-1,-1,-1
568,158,777.57,501.24,226.99,409.01,1,-1,-1,-1
568,162,1436.58,444.76,160.63,482.82,1,-1,-1,-1
568,164,844.17,581.37,172.60,339.96,1,-1,-1,-1
568,166,140.77,614.66,177.93,265.81,1,-1,-1,-1
568,172,493.12,490.50,183.32,417.92,1,-1,-1,-1
568,173,1630.29,494.30,236.77,460.85,1,-1,-1,-1
568,174,1077.29,450.71,156.98,459.61,1,-1,-1,-1
568,175,283.49,587.54,213.09,305.55,1,-1,-1,-1
568,176,1857.77,369.47,62.23,528.55,1,-1,-1,-1
568,178,1844.91,379.20,75.09,493.08,1,-1,-1,-1
568,179,331.36,544.99,188.94,348.52,1,-1,-1,-1
568,182,582.76,593.52,138.42,308.76,1,-1,-1,-1
568,183,1228.97,544.85,211.31,391.42,1,-1,-1,-1
568,184,1090.16,449.85,152.03,458.85,1,-1,-1,-1
569,132,743.11,417.42,151.00,484.59,1,-1,-1,-1
569,152,525.94,477.35,139.42,408.94,1,-1,-1,-1
569,155,1175.68,458.85,138.08,467.62,1,-1,-1,-1
569,158,777.57,501.24,226.99,409.01,1,-1,-1,-1
569,162,1439.44,446.40,162.71,481.50,1,-1,-1,-1
569,164,834.17,576.33,185.15,343.33,1,-1,-1,-1
569,166,136.70,613.94,179.44,267.47,1,-1,-1,-1
569,172,493.12,490.50,183.32,417.92,1,-1,-1,-1
569,173,1636.37,492.22,237.18,463.71,1,-1,-1,-1
569,174,1077.29,450.71,156.98,459.61,1,-1,-1,-1
569,175,283.49,587.54,213.09,305.55,1,-1,-1,-1
569,176,1857.77,369.47,62.23,528.55,1,-1,-1,-1
569,178,1844.91,379.20,75.09,493.08,1,-1,-1,-1
569,179,338.28,541.35,187.44,352.15,1,-1,-1,-1
569,182,590.19,594.00,137.12,308.86,1,-1,-1,-1
569,183,1234.66,544.26,211.27,392.59,1,-1,-1,-1
569,184,1093.42,452.73,139.86,455.97,1,-1,-1,-1
570,132,752.11,423.86,139.62,478.27,1,-1,-1,-1
570,152,533.91,479.35,132.88,408.39,1,-1,-1,-1
570,155,1175.68,458.85,138.08,467.62,1,-1,-1,-1
570,158,777.57,501.24,226.99,409.01,1,-1,-1,-1
570,162,1441.33,440.12,170.82,489.58,1,-1,-1,-1
570,164,815.22,572.02,208.16,347.23,1,-1,-1,-1
570,166,134.36,611.22,179.75,267.68,1,-1,-1,-1
570,172,493.12,490.50,183.32,417.92,1,-1,-1,-1
570,173,1646.12,491.91,235.25,465.56,1,-1,-1,-1
570,174,1077.29,450.71,156.98,459.61,1,-1,-1,-1
570,175,283.49,587.54,213.09,305.55,1,-1,-1,-1
570,176,1857.77,369.47,62.23,528.55,1,-1,-1,-1
570,178,1844.91,379.20,75.09,493.08,1,-1,-1,-1
570,179,341.84,534.24,195.81,360.03,1,-1,-1,-1
570,182,590.19,594.00,137.12,308.86,1,-1,-1,-1
570,183,1241.54,544.26,206.46,392.79,1,-1,-1,-1
570,184,1094.43,459.70,137.04,448.58,1,-1,-1,-1
570,185,528.71,515.70,132.48,378.60,1,-1,-1,-1
571,132,756.10,425.91,138.34,477.14,1,-1,-1,-1
571,152,536.89,472.79,135.20,413.66,1,-1,-1,-1
571,155,1175.68,458.85,138.08,467.62,1,-1,-1,-1
571,158,777.57,501.24,226.99,409.01,1,-1,-1,-1
571,162,1445.34,444.16,172.20,485.42,1,-1,-1,-1
571,164,812.35,569.90,215.88,349.38,1,-1,-1,-1
571,166,149.98,609.95,179.79,269.36,1,-1,-1,-1
571,172,493.12,490.50,183.32,417.92,1,-1,-1,-1
571,173,1646.12,491.91,235.25,465.56,1,-1,-1,-1
571,174,1077.29,450.71,156.98,459.61,1,-1,-1,-1
571,175,283.49,587.54,213.09,305.55,1,-1,-1,-1
571,176,1857.77,369.47,62.23,528.55,1,-1,-1,-1
571,178,1844.91,379.20,75.09,493.08,1,-1,-1,-1
571,179,349.82,542.50,190.52,350.33,1,-1,-1,-1
571,182,590.19,594.00,137.12,308.86,1,-1,-1,-1
571,183,1247.72,544.48,203.57,394.55,1,-1,-1,-1
571,184,1101.26,473.36,127.59,436.27,1,-1,-1,-1
571,185,534.57,560.73,132.33,331.74,1,-1,-1,-1
571,186,594.44,584.60,141.05,315.15,1,-1,-1,-1
572,132,762.99,443.03,130.30,460.16,1,-1,-1,-1
572,152,542.71,467.52,132.41,421.85,1,-1,-1,-1
572,155,1175.68,458.85,138.08,467.62,1,-1,-1,-1
572,158,777.57,501.24,226.99,409.01,1,-1,-1,-1
572,162,1452.07,448.72,171.80,480.23,1,-1,-1,-1
572,164,839.42,573.63,194.48,345.96,1,-1,-1,-1
572,166,158.20,609.32,171.55,271.24,1,-1,-1,-1
572,172,493.12,490.50,183.32,417.92,1,-1,-1,-1
572,173,1656.40,496.32,216.47,464.39,1,-1,-1,-1
572,174,1077.29,450.71,156.98,459.61,1,-1,-1,-1
572,175,283.49,587.54,213.09,305.55,1,-1,-1,-1
572,176,1857.77,369.47,62.23,528.55,1,-1,-1,-1
572,178,1844.91,379.20,75.09,493.08,1,-1,-1,-1
572,179,343.86,545.30,199.59,347.04,1,-1,-1,-1
572,182,590.19,594.00,137.12,308.86,1,-1,-1,-1
572,183,1252.92,545.23,204.70,391.45,1,-1,-1,-1
572,184,1105.66,467.75,126.81,443.88,1,-1,-1,-1
572,185,534.57,560.73,132.33,331.74,1,-1,-1,-1
572,186,602.59,584.68,139.41,313.79,1,-1,-1,-1
573,132,770.64,446.18,132.44,456.69,1,-1,-1,-1
573,152,552.26,497.86,123.64,391.96,1,-1,-1,-1
573,155,1175.68,458.85,138.08,467.62,1,-1,-1,-1
573,158,777.57,501.24,226.99,409.01,1,-1,-1,-1
573,162,1470.67,440.35,165.67,490.19,1,-1,-1,-1
573,164,839.42,573.63,194.48,345.96,1,-1,-1,-1
573,166,178.88,609.37,167.69,270.61,1,-1,-1,-1
573,172,493.12,490.50,183.32,417.92,1,-1,-1,-1
573,173,1641.02,501.20,273.38,456.71,1,-1,-1,-1
573,174,1077.29,450.71,156.98,459.61,1,-1,-1,-1
573,175,381.81,568.24,157.03,317.03,1,-1,-1,-1
573,176,1857.77,369.47,62.23,528.55,1,-1,-1,-1
573,178,1844.91,379.20,75.09,493.08,1,-1,-1,-1
573,179,356.76,574.32,183.04,318.14,1,-1,-1,-1
573,182,590.19,594.00,137.12,308.86,1,-1,-1,-1
573,183,1267.52,545.65,200.21,390.79,1,-1,-1,-1
573,184,1102.24,481.14,138.73,429.04,1,-1,-1,-1
573,185,534.57,560.73,132.33,331.74,1,-1,-1,-1
573,186,612.72,602.55,135.75,295.12,1,-1,-1,-1
573,187,870.77,576.96,172.82,344.15,1,-1,-1,-1
574,132,774.39,462.06,132.65,440.26,1,-1,-1,-1
574,152,562.43,506.63,116.50,381.42,1,-1,-1,-1
574,155,1175.68,458.85,138.08,467.62,1,-1,-1,-1
574,158,777.57,501.24,226.99,409.01,1,-1,-1,-1
574,162,1478.83,455.86,164.49,476.59,1,-1,-1,-1
574,164,839.42,573.63,194.48,345.96,1,-1,-1,-1
574,166,183.42,611.55,171.25,268.93,1,-1,-1,-1
574,172,493.12,490.50,183.32,417.92,1,-1,-1,-1
574,173,1644.15,503.53,275.29,454.61,1,-1,-1,-1
574,174,1077.29,450.71,156.98,459.61,1,-1,-1,-1
574,175,393.23,570.77,154.80,313.64,1,-1,-1,-1
574,176,1857.77,369.47,62.23,528.55,1,-1,-1,-1
574,178,1844.91,379.20,75.09,493.08,1,-1,-1,-1
574,179,353.21,596.19,192.17,295.79,1,-1,-1,-1
574,182,590.19,594.00,137.12,308.86,1,-1,-1,-1
574,183,1285.49,545.41,188.82,391.36,1,-1,-1,-1
574,184,1110.93,491.87,138.16,419.79,1,-1,-1,-1
574,185,534.57,560.73,132.33,331.74,1,-1,-1,-1
574,186,620.87,601.95,134.13,294.78,1,-1,-1,-1
574,187,876.33,574.29,174.18,344.49,1,-1,-1,-1
575,132,776.50,481.94,139.19,420.03,1,-1,-1,-1
575,152,565.48,517.97,128.01,370.48,1,-1,-1,-1
575,155,1175.68,458.85,138.08,467.62,1,-1,-1,-1
575,162,1482.78,482.51,165.10,446.77,1,-1,-1,-1
575,164,839.42,573.63,194.48,345.96,1,-1,-1,-1
575,166,209.65,611.08,160.38,268.03,1,-1,-1,-1
575,172,493.12,490.50,183.32,417.92,1,-1,-1,-1
575,173,1669.07,505.49,250.87,454.30,1,-1,-1,-1
575,174,1077.29,450.71,156.98,459.61,1,-1,-1,-1
575,175,399.99,576.88,155.63,307.37,1,-1,-1,-1
575,176,1857.77,369.47,62.23,528.55,1,-1,-1,-1
575,178,1844.91,379.20,75.09,493.08,1,-1,-1,-1
575,179,364.52,603.45,185.84,288.08,1,-1,-1,-1
575,182,590.19,594.00,137.12,308.86,1,-1,-1,-1
575,183,1286.96,544.04,195.84,391.51,1,-1,-1,-1
575,184,1118.41,496.63,136.29,416.83,1,-1,-1,-1
575,185,534.57,560.73,132.33,331.74,1,-1,-1,-1
575,186,623.88,594.07,135.62,302.50,1,-1,-1,-1
575,187,892.66,571.73,162.38,347.15,1,-1,-1,-1
576,132,785.90,490.99,139.07,408.67,1,-1,-1,-1
576,152,572.04,523.14,127.79,365.50,1,-1,-1,-1
576,155,1175.68,458.85,138.08,467.62,1,-1,-1,-1
576,162,1491.12,491.31,170.01,440.79,1,-1,-1,-1
576,164,839.42,573.63,194.48,345.96,1,-1,-1,-1
576,166,215.36,612.48,158.80,266.76,1,-1,-1,-1
576,172,493.12,490.50,183.32,417.92,1,-1,-1,-1
576,173,1687.72,504.68,217.96,456.51,1,-1,-1,-1
576,174,1077.29,450.71,156.98,459.61,1,-1,-1,-1
576,175,380.14,600.92,179.80,290.31,1,-1,-1,-1
576,176,1857.77,369.47,62.23,528.55,1,-1,-1,-1
576,178,1844.91,379.20,75.09,493.08,1,-1,-1,-1
576,179,364.52,603.45,185.84,288.08,1,-1,-1,-1
576,182,590.19,594.00,137.12,308.86,1,-1,-1,-1
576,183,1297.55,541.05,193.94,394.74,1,-1,-1,-1
576,184,1116.01,508.55,143.12,404.29,1,-1,-1,-1
576,185,534.57,560.73,132.33,331.74,1,-1,-1,-1
576,186,602.09,521.93,166.75,374.98,1,-1,-1,-1
576,187,900.71,566.56,158.11,354.27,1,-1,-1,-1
577,132,790.44,494.68,143.54,403.91,1,-1,-1,-1
577,152,575.78,527.61,130.85,359.70,1,-1,-1,-1
577,155,1175.68,458.85,138.08,467.62,1,-1,-1,-1
577,162,1491.12,491.31,170.01,440.79,1,-1,-1,-1
577,164,839.42,573.63,194.48,345.96,1,-1,-1,-1
577,166,219.99,614.92,158.49,264.19,1,-1,-1,-1
577,172,493.12,490.50,183.32,417.92,1,-1,-1,-1
577,173,1700.55,502.94,205.95,456.91,1,-1,-1,-1
577,174,1077.29,450.71,156.98,459.61,1,-1,-1,-1
577,175,385.18,598.24,183.61,293.23,1,-1,-1,-1
577,176,1857.77,369.47,62.23,528.55,1,-1,-1,-1
577,178,1844.91,379.20,75.09,493.08,1,-1,-1,-1
577,179,364.52,603.45,185.84,288.08,1,-1,-1,-1
577,182,590.19,594.00,137.12,308.86,1,-1,-1,-1
577,183,1306.62,538.64,189.96,398.39,1,-1,-1,-1
577,184,1101.74,511.02,167.10,399.03,1,-1,-1,-1
577,185,534.57,560.73,132.33,331.74,1,-1,-1,-1
577,186,605.30,529.92,170.42,365.81,1,-1,-1,-1
577,187,897.21,560.18,164.88,360.69,1,-1,-1,-1
578,132,795.19,475.66,143.00,421.84,1,-1,-1,-1
578,152,579.63,527.89,170.42,360.02,1,-1,-1,-1
578,155,1175.68,458.85,138.08,467.62,1,-1,-1,-1
578,162,1491.12,491.31,170.01,440.79,1,-1,-1,-1
578,164,839.42,573.63,194.48,345.96,1,-1,-1,-1
578,166,189.62,614.85,177.87,263.43,1,-1,-1,-1
578,173,1694.21,507.31,213.30,451.38,1,-1,-1,-1
578,174,1077.29,450.71,156.98,459.61,1,-1,-1,-1
578,175,387.69,593.08,186.99,296.10,1,-1,-1,-1
578,178,1844.91,379.20,75.09,493.08,1,-1,-1,-1
578,179,272.75,605.38,270.08,269.12,1,-1,-1,-1
578,182,622.00,566.89,159.91,328.48,1,-1,-1,-1
578,183,1299.15,532.38,227.12,403.52,1,-1,-1,-1
578,184,1075.05,520.27,203.81,387.67,1,-1,-1,-1
578,185,534.57,560.73,132.33,331.74,1,-1,-1,-1
578,186,599.13,509.86,185.44,382.09,1,-1,-1,-1
578,187,885.45,556.01,210.55,363.70,1,-1,-1,-1
578,188,1479.00,489.25,194.81,439.24,1,-1,-1,-1
579,132,786.75,472.62,162.55,424.40,1,-1,-1,-1
579,152,577.79,524.16,155.39,363.63,1,-1,-1,-1
579,155,1175.68,458.85,138.08,467.62,1,-1,-1,-1
579,162,1491.12,491.31,170.01,440.79,1,-1,-1,-1
579,164,839.42,573.63,194.48,345.96,1,-1,-1,-1
579,166,185.71,614.53,186.18,264.10,1,-1,-1,-1
579,173,1664.57,513.05,254.08,443.69,1,-1,-1,-1
579,174,1077.29,450.71,156.98,459.61,1,-1,-1,-1
579,175,376.41,598.08,190.65,290.37,1,-1,-1,-1
579,178,1844.91,379.20,75.09,493.08,1,-1,-1,-1
579,179,272.75,605.38,270.08,269.12,1,-1,-1,-1
579,182,616.72,573.41,167.51,321.47,1,-1,-1,-1
579,183,1294.07,524.76,231.26,408.74,1,-1,-1,-1
579,184,1080.97,520.45,190.58,388.66,1,-1,-1,-1
579,185,534.57,560.73,132.33,331.74,1,-1,-1,-1
579,186,599.13,509.86,185.44,382.09,1,-1,-1,-1
579,187,882.82,556.19,232.99,363.03,1,-1,-1,-1
579,188,1446.96,480.63,249.76,444.33,1,-1,-1,-1
580,132,776.16,479.42,184.42,417.15,1,-1,-1,-1
580,152,575.86,525.11,165.30,364.18,1,-1,-1,-1
580,155,1175.68,458.85,138.08,467.62,1,-1,-1,-1
580,162,1491.12,491.31,170.01,440.79,1,-1,-1,-1
580,164,839.42,573.63,194.48,345.96,1,-1,-1,-1
580,166,221.25,616.44,156.62,264.42,1,-1,-1,-1
580,173,1646.94,521.33,271.88,435.50,1,-1,-1,-1
580,174,1077.29,450.71,156.98,459.61,1,-1,-1,-1
580,175,377.52,584.45,191.57,306.62,1,-1,-1,-1
580,178,1844.91,379.20,75.09,493.08,1,-1,-1,-1
580,179,272.75,605.38,270.08,269.12,1,-1,-1,-1
580,182,612.35,571.71,169.34,322.48,1,-1,-1,-1
580,183,1291.03,521.47,248.82,412.32,1,-1,-1,-1
580,184,1071.77,520.43,196.40,387.84,1,-1,-1,-1
580,185,534.57,560.73,132.33,331.74,1,-1,-1,-1
580,186,599.13,509.86,185.44,382.09,1,-1,-1,-1
580,187,888.21,547.32,221.65,373.67,1,-1,-1,-1
580,188,1446.39,477.09,285.05,449.34,1,-1,-1,-1
581,132,765.12,486.19,200.57,412.93,1,-1,-1,-1
581,152,572.44,513.14,147.95,375.22,1,-1,-1,-1
581,155,1175.68,458.85,138.08,467.62,1,-1,-1,-1
581,162,1435.68,485.93,297.23,442.98,1,-1,-1,-1
581,164,839.42,573.63,194.48,345.96,1,-1,-1,-1
581,166,228.19,616.42,153.34,264.29,1,-1,-1,-1
581,173,1633.34,501.98,286.03,455.17,1,-1,-1,-1
581,174,1077.29,450.71,156.98,459.61,1,-1,-1,-1
581,175,372.89,591.23,197.92,299.86,1,-1,-1,-1
581,178,1844.91,379.20,75.09,493.08,1,-1,-1,-1
581,179,272.75,605.38,270.08,269.12,1,-1,-1,-1
581,182,606.51,517.29,174.58,377.63,1,-1,-1,-1
581,183,1293.55,518.77,260.43,415.91,1,-1,-1,-1
581,184,1091.33,516.46,174.36,393.95,1,-1,-1,-1
581,185,534.57,560.73,132.33,331.74,1,-1,-1,-1
581,186,574.33,545.72,153.49,345.12,1,-1,-1,-1
581,187,890.87,540.48,194.32,380.99,1,-1,-1,-1
581,188,1309.75,516.37,268.02,414.65,1,-1,-1,-1
582,132,764.15,484.35,196.57,414.14,1,-1,-1,-1
582,152,576.33,493.79,137.87,395.02,1,-1,-1,-1
582,162,1446.49,484.45,274.88,442.88,1,-1,-1,-1
582,164,839.42,573.63,194.48,345.96,1,-1,-1,-1
582,166,229.14,614.09,154.80,267.21,1,-1,-1,-1
582,173,1625.68,480.48,292.64,474.71,1,-1,-1,-1
582,174,1077.29,450.71,156.98,459.61,1,-1,-1,-1
582,175,380.58,596.89,184.57,293.15,1,-1,-1,-1
582,178,1844.91,379.20,75.09,493.08,1,-1,-1,-1
582,179,272.75,605.38,270.08,269.12,1,-1,-1,-1
582,182,602.12,496.48,182.99,397.75,1,-1,-1,-1
582,183,1287.37,516.21,238.06,419.55,1,-1,-1,-1
582,184,1112.87,507.41,144.85,404.07,1,-1,-1,-1
582,185,534.57,560.73,132.33,331.74,1,-1,-1,-1
582,186,574.33,545.72,153.49,345.12,1,-1,-1,-1
582,187,886.25,512.85,173.30,409.47,1,-1,-1,-1
582,188,1437.15,488.50,269.60,437.60,1,-1,-1,-1
583,132,779.48,468.54,157.07,431.42,1,-1,-1,-1
583,152,579.41,498.58,131.79,393.45,1,-1,-1,-1
583,162,1446.49,484.45,274.88,442.88,1,-1,-1,-1
583,164,839.42,573.63,194.48,345.96,1,-1,-1,-1
583,166,232.25,599.53,141.20,281.29,1,-1,-1,-1
583,173,1625.89,433.21,266.00,520.31,1,-1,-1,-1
583,174,1077.29,450.71,156.98,459.61,1,-1,-1,-1
583,175,358.57,592.51,198.78,299.29,1,-1,-1,-1
583,178,1844.91,379.20,75.09,493.08,1,-1,-1,-1
583,179,272.75,605.38,270.08,269.12,1,-1,-1,-1
583,182,597.78,486.40,187.35,409.83,1,-1,-1,-1
583,183,1292.30,500.46,206.51,431.51,1,-1,-1,-1
583,184,1117.40,505.06,129.31,403.60,1,-1,-1,-1
583,185,534.57,560.73,132.33,331.74,1,-1,-1,-1
583,186,576.95,496.81,140.04,397.00,1,-1,-1,-1
583,187,878.21,478.08,174.48,434.14,1,-1,-1,-1
583,188,1490.68,482.82,198.36,441.27,1,-1,-1,-1
584,132,779.40,475.87,138.97,421.79,1,-1,-1,-1
584,152,579.41,498.58,131.79,393.45,1,-1,-1,-1
584,162,1446.49,484.45,274.88,442.88,1,-1,-1,-1
584,164,839.42,573.63,194.48,345.96,1,-1,-1,-1
584,166,211.63,590.63,162.79,290.35,1,-1,-1,-1
584,173,1640.07,411.37,224.92,540.51,1,-1,-1,-1
584,174,1077.29,450.71,156.98,459.61,1,-1,-1,-1
584,175,361.14,585.62,191.17,305.99,1,-1,-1,-1
584,178,1844.91,379.20,75.09,493.08,1,-1,-1,-1
584,179,272.75,605.38,270.08,269.12,1,-1,-1,-1
584,182,607.10,507.22,171.19,387.63,1,-1,-1,-1
584,183,1293.17,493.22,200.98,433.79,1,-1,-1,-1
584,184,1112.68,506.92,128.78,399.15,1,-1,-1,-1
584,185,534.57,560.73,132.33,331.74,1,-1,-1,-1
584,186,576.95,496.81,140.04,397.00,1,-1,-1,-1
584,187,871.76,464.09,180.08,448.66,1,-1,-1,-1
584,188,1505.21,482.86,173.11,438.84,1,-1,-1,-1
585,132,784.17,478.40,142.45,418.62,1,-1,-1,-1
585,152,579.41,498.58,131.79,393.45,1,-1,-1,-1
585,162,1446.49,484.45,274.88,442.88,1,-1,-1,-1
585,164,839.42,573.63,194.48,345.96,1,-1,-1,-1
585,166,189.36,580.27,192.37,302.40,1,-1,-1,-1
585,173,1640.07,411.37,224.92,540.51,1,-1,-1,-1
585,174,1077.29,450.71,156.98,459.61,1,-1,-1,-1
585,175,385.01,584.64,175.27,303.22,1,-1,-1,-1
585,178,1844.91,379.20,75.09,493.08,1,-1,-1,-1
585,179,352.21,582.15,202.01,307.77,1,-1,-1,-1
585,182,602.34,503.05,169.28,392.65,1,-1,-1,-1
585,183,1274.97,481.46,221.82,449.46,1,-1,-1,-1
585,184,1107.61,510.21,142.05,394.67,1,-1,-1,-1
585,185,534.57,560.73,132.33,331.74,1,-1,-1,-1
585,186,576.95,496.81,140.04,397.00,1,-1,-1,-1
585,187,858.99,455.33,190.12,459.40,1,-1,-1,-1
585,188,1505.43,483.63,162.53,436.72,1,-1,-1,-1
585,190,572.86,489.56,131.88,400.03,1,-1,-1,-1
586,132,784.07,482.97,132.32,411.61,1,-1,-1,-1
586,152,579.41,498.58,131.79,393.45,1,-1,-1,-1
586,162,1446.49,484.45,274.88,442.88,1,-1,-1,-1
586,164,839.42,573.63,194.48,345.96,1,-1,-1,-1
586,166,179.33,574.60,208.98,308.91,1,-1,-1,-1
586,173,1644.42,399.30,208.86,557.64,1,-1,-1,-1
586,174,1077.29,450.71,156.98,459.61,1,-1,-1,-1
586,175,385.01,584.64,175.27,303.22,1,-1,-1,-1
586,178,1844.91,379.20,75.09,493.08,1,-1,-1,-1
586,179,354.45,577.23,210.59,313.20,1,-1,-1,-1
586,182,604.44,503.86,159.65,393.41,1,-1,-1,-1
586,183,1271.45,478.97,222.42,448.10,1,-1,-1,-1
586,184,1102.30,510.97,147.71,395.84,1,-1,-1,-1
586,185,534.57,560.73,132.33,331.74,1,-1,-1,-1
586,186,576.95,496.81,140.04,397.00,1,-1,-1,-1
586,187,860.44,449.81,188.28,463.21,1,-1,-1,-1
586,188,1502.69,486.00,163.67,431.74,1,-1,-1,-1
586,190,570.38,488.35,135.48,402.52,1,-1,-1,-1
586,191,1649.24,400.44,201.94,551.10,1,-1,-1,-1
587,132,780.32,491.32,126.54,401.78,1,-1,-1,-1
587,152,579.41,498.58,131.79,393.45,1,-1,-1,-1
587,162,1446.49,484.45,274.88,442.88,1,-1,-1,-1
587,164,839.42,573.63,194.48,345.96,1,-1,-1,-1
587,166,197.01,572.75,191.88,311.48,1,-1,-1,-1
587,173,1644.42,399.30,208.86,557.64,1,-1,-1,-1
587,174,1077.29,450.71,156.98,459.61,1,-1,-1,-1
587,175,385.01,584.64,175.27,303.22,1,-1,-1,-1
587,178,1844.91,379.20,75.09,493.08,1,-1,-1,-1
587,179,355.57,573.44,218.70,319.98,1,-1,-1,-1
587,182,594.95,505.24,167.36,389.92,1,-1,-1,-1
587,183,1277.77,471.21,216.60,453.73,1,-1,-1,-1
587,184,1098.82,512.63,147.76,394.10,1,-1,-1,-1
587,185,534.57,560.73,132.33,331.74,1,-1,-1,-1
587,186,576.95,496.81,140.04,397.00,1,-1,-1,-1
587,187,834.16,445.32,217.44,468.68,1,-1,-1,-1
587,188,1496.87,487.92,174.61,429.01,1,-1,-1,-1
587,190,567.77,500.02,142.50,393.30,1,-1,-1,-1
587,191,1642.40,395.59,204.42,558.40,1,-1,-1,-1
588,132,770.73,492.86,142.37,401.73,1,-1,-1,-1
588,152,579.41,498.58,131.79,393.45,1,-1,-1,-1
588,162,1446.49,484.45,274.88,442.88,1,-1,-1,-1
588,164,839.42,573.63,194.48,345.96,1,-1,-1,-1
588,166,209.51,565.35,187.65,317.93,1,-1,-1,-1
588,173,1644.42,399.30,208.86,557.64,1,-1,-1,-1
588,174,1077.29,450.71,156.98,459.61,1,-1,-1,-1
588,175,385.01,584.64,175.27,303.22,1,-1,-1,-1
588,178,1844.91,379.20,75.09,493.08,1,-1,-1,-1
588,179,369.92,564.76,184.37,327.91,1,-1,-1,-1
588,182,596.08,515.14,171.84,379.03,1,-1,-1,-1
588,183,1286.50,460.14,199.52,460.04,1,-1,-1,-1
588,184,1093.32,521.92,138.51,383.82,1,-1,-1,-1
588,185,534.57,560.73,132.33,331.74,1,-1,-1,-1
588,186,576.95,496.81,140.04,397.00,1,-1,-1,-1
588,187,888.30,441.15,165.50,474.40,1,-1,-1,-1
588,188,1487.48,489.37,166.61,431.50,1,-1,-1,-1
588,190,557.46,522.78,140.32,367.74,1,-1,-1,-1
588,191,1627.87,395.86,210.97,552.32,1,-1,-1,-1
589,132,758.44,498.97,140.26,397.82,1,-1,-1,-1
589,152,579.41,498.58,131.79,393.45,1,-1,-1,-1
589,162,1446.49,484.45,274.88,442.88,1,-1,-1,-1
589,164,839.42,573.63,194.48,345.96,1,-1,-1,-1
589,166,226.76,559.15,168.85,324.72,1,-1,-1,-1
589,173,1644.42,399.30,208.86,557.64,1,-1,-1,-1
589,174,1077.29,450.71,156.98,459.61,1,-1,-1,-1
589,175,385.01,584.64,175.27,303.22,1,-1,-1,-1
589,178,1844.91,379.20,75.09,493.08,1,-1,-1,-1
589,179,377.73,560.82,166.44,332.77,1,-1,-1,-1
589,182,571.06,521.10,208.18,376.13,1,-1,-1,-1
589,183,1289.10,459.81,194.38,462.56,1,-1,-1,-1
589,184,1090.03,527.33,152.10,374.19,1,-1,-1,-1
589,185,534.57,560.73,132.33,331.74,1,-1,-1,-1
589,186,576.95,496.81,140.04,397.00,1,-1,-1,-1
589,187,895.01,439.23,157.90,477.07,1,-1,-1,-1
589,188,1489.74,490.49,157.11,428.93,1,-1,-1,-1
589,190,547.23,523.95,156.27,369.41,1,-1,-1,-1
589,191,1625.23,399.21,211.72,546.29,1,-1,-1,-1
590,132,744.05,501.02,149.77,396.90,1,-1,-1,-1
590,152,579.41,498.58,131.79,393.45,1,-1,-1,-1
590,162,1446.49,484.45,274.88,442.88,1,-1,-1,-1
590,164,839.42,573.63,194.48,345.96,1,-1,-1,-1
590,166,231.22,559.91,163.61,324.35,1,-1,-1,-1
590,173,1644.42,399.30,208.86,557.64,1,-1,-1,-1
590,174,1077.29,450.71,156.98,459.61,1,-1,-1,-1
590,175,385.01,584.64,175.27,303.22,1,-1,-1,-1
590,178,1844.91,379.20,75.09,493.08,1,-1,-1,-1
590,179,387.05,559.14,167.49,332.51,1,-1,-1,-1
590,182,580.52,523.23,213.36,373.86,1,-1,-1,-1
590,183,1290.51,458.69,187.14,462.29,1,-1,-1,-1
590,184,1085.22,538.76,154.92,364.62,1,-1,-1,-1
590,185,534.57,560.73,132.33,331.74,1,-1,-1,-1
590,186,576.95,496.81,140.04,397.00,1,-1,-1,-1
590,187,890.53,444.79,164.28,472.64,1,-1,-1,-1
590,188,1486.05,496.36,155.38,426.32,1,-1,-1,-1
590,190,541.47,528.02,164.46,366.73,1,-1,-1,-1
590,191,1628.68,403.39,211.64,541.75,1,-1,-1,-1
591,132,739.34,509.45,152.71,389.92,1,-1,-1,-1
591,152,579.41,498.58,131.79,393.45,1,-1,-1,-1
591,162,1446.49,484.45,274.88,442.88,1,-1,-1,-1
591,164,839.42,573.63,194.48,345.96,1,-1,-1,-1
591,166,230.23,561.73,161.77,321.97,1,-1,-1,-1
591,173,1644.42,399.30,208.86,557.64,1,-1,-1,-1
591,174,1077.29,450.71,156.98,459.61,1,-1,-1,-1
591,175,385.01,584.64,175.27,303.22,1,-1,-1,-1
591,178,1844.91,379.20,75.09,493.08,1,-1,-1,-1
591,179,386.69,559.21,171.66,332.74,1,-1,-1,-1
591,182,601.53,525.17,188.83,370.55,1,-1,-1,-1
591,183,1292.83,458.20,176.25,461.98,1,-1,-1,-1
591,184,1084.36,547.08,155.42,356.13,1,-1,-1,-1
591,185,534.57,560.73,132.33,331.74,1,-1,-1,-1
591,186,576.95,496.81,140.04,397.00,1,-1,-1,-1
591,187,895.59,444.68,161.18,473.53,1,-1,-1,-1
591,188,1480.33,509.33,155.22,411.69,1,-1,-1,-1
591,190,537.90,535.44,164.89,358.31,1,-1,-1,-1
591,191,1632.75,405.23,203.94,539.18,1,-1,-1,-1
592,132,728.58,514.17,160.10,384.81,1,-1,-1,-1
592,152,579.41,498.58,131.79,393.45,1,-1,-1,-1
592,162,1446.49,484.45,274.88,442.88,1,-1,-1,-1
592,164,839.42,573.63,194.48,345.96,1,-1,-1,-1
592,166,224.72,564.29,168.45,319.42,1,-1,-1,-1
592,173,1644.42,399.30,208.86,557.64,1,-1,-1,-1
592,174,1077.29,450.71,156.98,459.61,1,-1,-1,-1
592,175,385.01,584.64,175.27,303.22,1,-1,-1,-1
592,178,1844.91,379.20,75.09,493.08,1,-1,-1,-1
592,179,383.95,564.93,182.03,328.40,1,-1,-1,-1
592,182,600.95,523.93,194.08,374.07,1,-1,-1,-1
592,183,1294.43,456.92,165.88,463.12,1,-1,-1,-1
592,184,1085.29,549.82,153.20,352.98,1,-1,-1,-1
592,185,534.57,560.73,132.33,331.74,1,-1,-1,-1
592,186,576.95,496.81,140.04,397.00,1,-1,-1,-1
592,187,897.43,445.28,160.28,473.56,1,-1,-1,-1
592,188,1473.14,522.94,161.73,398.18,1,-1,-1,-1
592,190,532.51,545.44,167.74,346.81,1,-1,-1,-1
592,191,1631.65,402.17,203.22,541.73,1,-1,-1,-1
592,192,1877.47,397.38,42.33,533.66,1,-1,-1,-1
593,132,725.30,513.40,160.23,383.92,1,-1,-1,-1
593,152,579.41,498.58,131.79,393.45,1,-1,-1,-1
593,162,1605.84,406.97,211.33,530.95,1,-1,-1,-1
593,164,839.42,573.63,194.48,345.96,1,-1,-1,-1
593,166,224.71,564.46,169.11,320.34,1,-1,-1,-1
593,173,1644.42,399.30,208.86,557.64,1,-1,-1,-1
593,174,1077.29,450.71,156.98,459.61,1,-1,-1,-1
593,175,385.01,584.64,175.27,303.22,1,-1,-1,-1
593,178,1844.91,379.20,75.09,493.08,1,-1,-1,-1
593,179,381.96,565.88,204.56,328.17,1,-1,-1,-1
593,182,601.66,524.09,191.78,375.06,1,-1,-1,-1
593,183,1292.45,456.58,161.98,463.66,1,-1,-1,-1
593,184,1083.40,549.07,153.55,353.01,1,-1,-1,-1
593,185,534.57,560.73,132.33,331.74,1,-1,-1,-1
593,186,576.95,496.81,140.04,397.00,1,-1,-1,-1
593,187,897.13,447.64,159.72,470.33,1,-1,-1,-1
593,188,1461.84,542.07,166.93,379.53,1,-1,-1,-1
593,190,523.83,544.89,174.81,348.53,1,-1,-1,-1
593,191,1626.16,399.87,202.21,541.21,1,-1,-1,-1
593,192,1861.97,429.92,58.01,476.11,1,-1,-1,-1
594,132,717.07,515.53,165.52,383.61,1,-1,-1,-1
594,152,579.41,498.58,131.79,393.45,1,-1,-1,-1
594,162,1605.84,406.97,211.33,530.95,1,-1,-1,-1
594,164,839.42,573.63,194.48,345.96,1,-1,-1,-1
594,166,221.13,563.38,178.33,322.73,1,-1,-1,-1
594,173,1644.42,399.30,208.86,557.64,1,-1,-1,-1
594,174,1077.29,450.71,156.98,459.61,1,-1,-1,-1
594,175,385.01,584.64,175.27,303.22,1,-1,-1,-1
594,178,1844.91,379.20,75.09,493.08,1,-1,-1,-1
594,179,376.05,564.94,223.77,328.93,1,-1,-1,-1
594,182,602.18,523.52,189.77,377.71,1,-1,-1,-1
594,183,1290.87,455.59,160.21,464.21,1,-1,-1,-1
594,184,1082.34,548.67,149.88,352.60,1,-1,-1,-1
594,185,534.57,560.73,132.33,331.74,1,-1,-1,-1
594,186,576.95,496.81,140.04,397.00,1,-1,-1,-1
594,187,894.89,448.67,159.59,468.84,1,-1,-1,-1
594,188,1459.82,542.10,166.01,378.51,1,-1,-1,-1
594,189,1860.06,441.98,59.94,452.57,1,-1,-1,-1
594,190,514.66,544.47,180.67,350.29,1,-1,-1,-1
594,191,1619.88,397.38,204.01,542.80,1,-1,-1,-1
594,192,1861.97,429.92,58.01,476.11,1,-1,-1,-1
595,132,717.69,515.12,164.49,383.66,1,-1,-1,-1
595,152,579.41,498.58,131.79,393.45,1,-1,-1,-1
595,162,1605.84,406.97,211.33,530.95,1,-1,-1,-1
595,164,839.42,573.63,194.48,345.96,1,-1,-1,-1
595,166,221.62,562.67,178.83,322.28,1,-1,-1,-1
595,173,1644.42,399.30,208.86,557.64,1,-1,-1,-1
595,174,1077.29,450.71,156.98,459.61,1,-1,-1,-1
595,175,385.01,584.64,175.27,303.22,1,-1,-1,-1
595,178,1844.91,379.20,75.09,493.08,1,-1,-1,-1
595,179,375.59,563.03,232.91,332.07,1,-1,-1,-1
595,182,595.30,524.70,188.29,375.42,1,-1,-1,-1
595,183,1290.45,456.34,158.67,463.72,1,-1,-1,-1
595,184,1081.40,548.61,149.32,353.04,1,-1,-1,-1
595,185,534.57,560.73,132.33,331.74,1,-1,-1,-1
595,186,576.95,496.81,140.04,397.00,1,-1,-1,-1
595,187,893.05,448.09,160.19,469.33,1,-1,-1,-1
595,188,1457.91,537.54,160.47,382.92,1,-1,-1,-1
595,189,1857.25,441.98,62.75,462.67,1,-1,-1,-1
595,190,520.39,543.37,174.41,350.16,1,-1,-1,-1
595,191,1614.75,398.34,206.88,541.65,1,-1,-1,-1
595,192,1861.97,429.92,58.01,476.11,1,-1,-1,-1
596,132,698.28,514.51,186.16,383.90,1,-1,-1,-1
596,152,579.41,498.58,131.79,393.45,1,-1,-1,-1
596,162,1605.84,406.97,211.33,530.95,1,-1,-1,-1
596,164,839.42,573.63,194.48,345.96,1,-1,-1,-1
596,166,221.47,564.40,177.56,320.61,1,-1,-1,-1
596,173,1644.42,399.30,208.86,557.64,1,-1,-1,-1
596,174,1077.29,450.71,156.98,459.61,1,-1,-1,-1
596,175,385.01,584.64,175.27,303.22,1,-1,-1,-1
596,178,1844.91,379.20,75.09,493.08,1,-1,-1,-1
596,179,372.78,565.07,216.10,329.55,1,-1,-1,-1
596,182,591.09,524.67,188.41,373.84,1,-1,-1,-1
596,183,1288.23,457.65,159.57,461.26,1,-1,-1,-1
596,184,1079.47,547.63,149.76,354.16,1,-1,-1,-1
596,185,534.57,560.73,132.33,331.74,1,-1,-1,-1
596,186,576.95,496.81,140.04,397.00,1,-1,-1,-1
596,187,892.25,447.84,158.24,470.36,1,-1,-1,-1
596,188,1455.22,532.02,157.89,388.09,1,-1,-1,-1
596,189,1855.03,444.28,64.95,465.61,1,-1,-1,-1
596,190,520.92,543.80,175.38,351.00,1,-1,-1,-1
596,191,1607.51,398.43,210.08,541.31,1,-1,-1,-1
596,192,1861.97,429.92,58.01,476.11,1,-1,-1,-1
597,132,705.57,514.71,174.44,384.84,1,-1,-1,-1
597,152,579.41,498.58,131.79,393.45,1,-1,-1,-1
597,162,1605.84,406.97,211.33,530.95,1,-1,-1,-1
597,164,839.42,573.63,194.48,345.96,1,-1,-1,-1
597,166,214.04,565.16,193.14,320.79,1,-1,-1,-1
597,173,1644.42,399.30,208.86,557.64,1,-1,-1,-1
597,175,385.01,584.64,175.27,303.22,1,-1,-1,-1
597,178,1844.91,379.20,75.09,493.08,1,-1,-1,-1
597,179,368.77,564.67,209.53,328.61,1,-1,-1,-1
597,182,595.40,523.64,182.83,376.04,1,-1,-1,-1
597,183,1286.55,457.34,159.57,461.79,1,-1,-1,-1
597,184,1074.26,547.35,155.13,354.58,1,-1,-1,-1
597,185,534.57,560.73,132.33,331.74,1,-1,-1,-1
597,186,576.95,496.81,140.04,397.00,1,-1,-1,-1
597,187,890.31,448.70,157.78,468.91,1,-1,-1,-1
597,188,1449.95,526.59,166.99,391.68,1,-1,-1,-1
597,189,1852.28,441.06,67.68,473.06,1,-1,-1,-1
597,190,519.81,544.29,169.66,351.58,1,-1,-1,-1
597,191,1602.49,398.68,209.78,540.22,1,-1,-1,-1
597,192,1861.97,429.92,58.01,476.11,1,-1,-1,-1
598,132,706.11,512.41,167.10,390.21,1,-1,-1,-1
598,152,579.41,498.58,131.79,393.45,1,-1,-1,-1
598,162,1605.84,406.97,211.33,530.95,1,-1,-1,-1
598,164,839.42,573.63,194.48,345.96,1,-1,-1,-1
598,166,207.24,569.40,203.27,320.37,1,-1,-1,-1
598,173,1644.42,399.30,208.86,557.64,1,-1,-1,-1
598,175,385.01,584.64,175.27,303.22,1,-1,-1,-1
598,178,1844.91,379.20,75.09,493.08,1,-1,-1,-1
598,179,357.86,564.53,202.63,328.94,1,-1,-1,-1
598,182,595.63,523.51,175.86,379.18,1,-1,-1,-1
598,183,1280.16,455.99,159.81,463.28,1,-1,-1,-1
598,184,1066.36,544.34,153.56,357.44,1,-1,-1,-1
598,185,534.57,560.73,132.33,331.74,1,-1,-1,-1
598,186,576.95,496.81,140.04,397.00,1,-1,-1,-1
598,187,879.62,451.11,158.58,466.74,1,-1,-1,-1
598,188,1444.81,528.22,153.46,392.31,1,-1,-1,-1
598,189,1843.86,452.61,76.05,472.43,1,-1,-1,-1
598,190,510.06,544.40,168.78,348.01,1,-1,-1,-1
598,191,1591.87,400.05,211.99,535.14,1,-1,-1,-1
598,192,1861.97,429.92,58.01,476.11,1,-1,-1,-1
599,132,700.30,512.66,170.21,391.39,1,-1,-1,-1
599,152,579.41,498.58,131.79,393.45,1,-1,-1,-1
599,162,1605.84,406.97,211.33,530.95,1,-1,-1,-1
599,164,839.42,573.63,194.48,345.96,1,-1,-1,-1
599,166,198.66,569.03,207.00,321.76,1,-1,-1,-1
599,173,1644.42,399.30,208.86,557.64,1,-1,-1,-1
599,175,385.01,584.64,175.27,303.22,1,-1,-1,-1
599,179,353.61,564.47,190.34,328.63,1,-1,-1,-1
599,182,590.73,524.63,177.51,377.84,1,-1,-1,-1
599,183,1277.25,455.74,155.81,464.88,1,-1,-1,-1
599,184,1061.95,543.21,153.41,358.62,1,-1,-1,-1
599,185,534.57,560.73,132.33,331.74,1,-1,-1,-1
599,186,576.95,496.81,140.04,397.00,1,-1,-1,-1
599,187,874.62,450.26,157.73,467.21,1,-1,-1,-1
599,188,1439.13,532.15,154.70,388.04,1,-1,-1,-1
599,189,1838.42,451.24,81.33,508.67,1,-1,-1,-1
599,190,501.67,546.32,170.32,347.44,1,-1,-1,-1
599,191,1586.45,402.20,211.24,534.71,1,-1,-1,-1
599,192,1861.97,429.92,58.01,476.11,1,-1,-1,-1
600,132,700.41,514.86,162.83,389.42,1,-1,-1,-1
600,152,579.41,498.58,131.79,393.45,1,-1,-1,-1
600,162,1605.84,406.97,211.33,530.95,1,-1,-1,-1
600,164,839.42,573.63,194.48,345.96,1,-1,-1,-1
600,166,195.32,570.51,198.25,319.81,1,-1,-1,-1
600,173,1644.42,399.30,208.86,557.64,1,-1,-1,-1
600,175,477.78,549.30,180.34,344.83,1,-1,-1,-1
600,179,351.80,566.40,200.35,327.06,1,-1,-1,-1
600,182,586.08,524.85,177.86,380.10,1,-1,-1,-1
600,183,1273.92,456.41,154.46,463.67,1,-1,-1,-1
600,184,1056.05,543.22,152.27,360.97,1,-1,-1,-1
600,185,534.57,560.73,132.33,331.74,1,-1,-1,-1
600,186,576.95,496.81,140.04,397.00,1,-1,-1,-1
600,187,871.74,450.10,156.59,468.51,1,-1,-1,-1
600,188,1433.55,535.87,157.66,383.47,1,-1,-1,-1
600,189,1830.47,446.12,89.39,516.53,1,-1,-1,-1
600,190,478.83,547.90,189.85,345.08,1,-1,-1,-1
600,191,1580.97,401.46,211.91,535.03,1,-1,-1,-1
600,192,1861.97,429.92,58.01,476.11,1,-1,-1,-1
601,132,695.41,515.20,161.51,389.81,1,-1,-1,-1
601,152,579.41,498.58,131.79,393.45,1,-1,-1,-1
601,162,1605.84,406.97,211.33,530.95,1,-1,-1,-1
601,164,839.42,573.63,194.48,345.96,1,-1,-1,-1
601,166,193.26,568.81,200.02,321.85,1,-1,-1,-1
601,173,1644.42,399.30,208.86,557.64,1,-1,-1,-1
601,175,490.49,549.06,171.16,346.10,1,-1,-1,-1
601,179,343.99,567.09,188.36,327.01,1,-1,-1,-1
601,182,581.00,524.55,175.96,375.63,1,-1,-1,-1
601,183,1267.11,457.46,157.56,462.37,1,-1,-1,-1
601,184,1048.64,540.74,158.16,364.11,1,-1,-1,-1
601,185,534.57,560.73,132.33,331.74,1,-1,-1,-1
601,186,576.95,496.81,140.04,397.00,1,-1,-1,-1
601,187,868.51,449.78,153.84,469.97,1,-1,-1,-1
601,188,1429.29,536.66,159.58,382.73,1,-1,-1,-1
601,189,1824.98,439.23,95.01,511.70,1,-1,-1,-1
601,190,478.83,547.90,189.85,345.08,1,-1,-1,-1
601,191,1576.16,401.48,213.95,536.84,1,-1,-1,-1
601,192,1861.97,429.92,58.01,476.11,1,-1,-1,-1
602,132,689.91,515.46,164.75,390.96,1,-1,-1,-1
602,152,579.41,498.58,131.79,393.45,1,-1,-1,-1
602,162,1605.84,406.97,211.33,530.95,1,-1,-1,-1
602,164,839.42,573.63,194.48,345.96,1,-1,-1,-1
602,166,185.72,568.39,201.74,323.48,1,-1,-1,-1
602,173,1644.42,399.30,208.86,557.64,1,-1,-1,-1
602,175,469.83,548.76,192.74,348.69,1,-1,-1,-1
602,179,338.23,566.57,208.27,328.47,1,-1,-1,-1
602,182,570.52,523.90,191.22,375.99,1,-1,-1,-1
602,183,1263.35,457.83,156.46,461.54,1,-1,-1,-1
602,184,1044.49,539.89,160.63,365.28,1,-1,-1,-1
602,186,576.95,496.81,140.04,397.00,1,-1,-1,-1
602,187,863.35,449.39,157.52,470.69,1,-1,-1,-1
602,188,1422.44,537.39,163.77,382.49,1,-1,-1,-1
602,189,1819.99,427.73,100.01,518.02,1,-1,-1,-1
602,190,478.83,547.90,189.85,345.08,1,-1,-1,-1
602,191,1571.90,400.30,211.99,536.79,1,-1,-1,-1
602,192,1861.97,429.92,58.01,476.11,1,-1,-1,-1
603,132,679.25,514.87,162.83,388.85,1,-1,-1,-1
603,152,579.41,498.58,131.79,393.45,1,-1,-1,-1
603,162,1605.84,406.97,211.33,530.95,1,-1,-1,-1
603,166,172.46,565.67,213.04,326.95,1,-1,-1,-1
603,173,1644.42,399.30,208.86,557.64,1,-1,-1,-1
603,175,482.31,546.95,173.63,349.40,1,-1,-1,-1
603,179,329.07,565.45,210.88,330.70,1,-1,-1,-1
603,182,561.16,525.14,178.21,377.81,1,-1,-1,-1
603,183,1254.22,458.88,154.06,461.15,1,-1,-1,-1
603,184,1038.76,539.31,158.21,365.55,1,-1,-1,-1
603,186,576.95,496.81,140.04,397.00,1,-1,-1,-1
603,187,854.35,449.84,157.15,469.77,1,-1,-1,-1
603,188,1417.53,534.47,162.85,385.63,1,-1,-1,-1
603,189,1790.20,403.10,129.80,546.14,1,-1,-1,-1
603,190,478.83,547.90,189.85,345.08,1,-1,-1,-1
603,191,1563.99,401.39,207.04,532.88,1,-1,-1,-1
603,192,1861.97,429.92,58.01,476.11,1,-1,-1,-1
604,132,676.19,513.43,165.76,390.05,1,-1,-1,-1
604,152,579.41,498.58,131.79,393.45,1,-1,-1,-1
604,162,1605.84,406.97,211.33,530.95,1,-1,-1,-1
604,166,170.19,566.79,212.74,326.46,1,-1,-1,-1
604,173,1644.42,399.30,208.86,557.64,1,-1,-1,-1
604,175,480.03,546.78,173.99,350.78,1,-1,-1,-1
604,179,326.89,564.30,226.61,332.88,1,-1,-1,-1
604,182,557.70,523.91,183.33,379.74,1,-1,-1,-1
604,183,1249.90,459.06,154.50,460.69,1,-1,-1,-1
604,184,1037.31,539.62,155.63,363.80,1,-1,-1,-1
604,186,576.95,496.81,140.04,397.00,1,-1,-1,-1
604,187,851.67,449.62,157.13,469.50,1,-1,-1,-1
604,188,1413.43,531.18,165.18,388.48,1,-1,-1,-1
604,189,1762.02,394.23,156.85,554.34,1,-1,-1,-1
604,190,478.83,547.90,189.85,345.08,1,-1,-1,-1
604,191,1558.11,402.23,207.96,531.90,1,-1,-1,-1
604,192,1861.97,429.92,58.01,476.11,1,-1,-1,-1
605,132,673.41,512.35,161.98,392.03,1,-1,-1,-1
605,152,579.41,498.58,131.79,393.45,1,-1,-1,-1
605,162,1605.84,406.97,211.33,530.95,1,-1,-1,-1
605,166,164.96,568.16,216.67,325.68,1,-1,-1,-1
605,173,1644.42,399.30,208.86,557.64,1,-1,-1,-1
605,175,475.04,546.11,176.86,352.64,1,-1,-1,-1
605,179,322.89,563.20,233.12,334.45,1,-1,-1,-1
605,182,546.05,523.92,189.86,381.80,1,-1,-1,-1
605,183,1243.99,459.98,157.79,458.71,1,-1,-1,-1
605,184,1033.79,539.75,153.33,361.98,1,-1,-1,-1
605,186,576.95,496.81,140.04,397.00,1,-1,-1,-1
605,187,848.65,449.04,167.35,469.87,1,-1,-1,-1
605,188,1408.99,525.90,169.94,393.66,1,-1,-1,-1
605,189,1760.42,392.14,158.35,554.09,1,-1,-1,-1
605,190,478.83,547.90,189.85,345.08,1,-1,-1,-1
605,191,1551.23,402.54,213.00,532.06,1,-1,-1,-1
605,192,1861.97,429.92,58.01,476.11,1,-1,-1,-1
606,132,664.09,514.53,166.03,391.67,1,-1,-1,-1
606,152,579.41,498.58,131.79,393.45,1,-1,-1,-1
606,162,1605.84,406.97,211.33,530.95,1,-1,-1,-1
606,166,161.85,566.58,214.47,326.22,1,-1,-1,-1
606,173,1644.42,399.30,208.86,557.64,1,-1,-1,-1
606,175,468.37,544.10,183.07,354.24,1,-1,-1,-1
606,179,318.52,563.46,220.74,332.17,1,-1,-1,-1
606,182,544.28,525.65,186.07,379.47,1,-1,-1,-1
606,183,1240.47,458.80,159.29,460.00,1,-1,-1,-1
606,184,1032.04,540.68,149.72,361.59,1,-1,-1,-1
606,186,576.95,496.81,140.04,397.00,1,-1,-1,-1
606,187,844.17,448.21,178.05,470.30,1,-1,-1,-1
606,188,1405.36,521.41,172.08,397.85,1,-1,-1,-1
606,189,1770.90,346.47,147.87,595.90,1,-1,-1,-1
606,190,478.83,547.90,189.85,345.08,1,-1,-1,-1
606,191,1550.72,400.82,209.29,532.99,1,-1,-1,-1
606,192,1861.97,429.92,58.01,476.11,1,-1,-1,-1
607,132,663.35,515.03,165.80,391.08,1,-1,-1,-1
607,152,579.41,498.58,131.79,393.45,1,-1,-1,-1
607,162,1605.84,406.97,211.33,530.95,1,-1,-1,-1
607,166,156.72,566.69,216.75,327.60,1,-1,-1,-1
607,173,1644.42,399.30,208.86,557.64,1,-1,-1,-1
607,175,469.17,544.49,176.81,353.31,1,-1,-1,-1
607,179,314.54,562.04,216.14,333.94,1,-1,-1,-1
607,182,542.52,524.63,188.20,380.41,1,-1,-1,-1
607,183,1240.81,454.38,155.55,465.23,1,-1,-1,-1
607,184,1027.04,542.01,153.67,359.97,1,-1,-1,-1
607,186,576.95,496.81,140.04,397.00,1,-1,-1,-1
607,187,839.10,449.71,178.39,469.27,1,-1,-1,-1
607,188,1398.59,517.91,176.68,399.87,1,-1,-1,-1
607,189,1781.18,296.74,138.15,650.89,1,-1,-1,-1
607,190,478.83,547.90,189.85,345.08,1,-1,-1,-1
607,191,1550.72,400.82,209.29,532.99,1,-1,-1,-1
607,192,1861.97,429.92,58.01,476.11,1,-1,-1,-1
608,132,655.93,514.72,164.61,389.59,1,-1,-1,-1
608,152,579.41,498.58,131.79,393.45,1,-1,-1,-1
608,162,1605.84,406.97,211.33,530.95,1,-1,-1,-1
608,166,147.95,567.72,208.72,327.93,1,-1,-1,-1
608,173,1644.42,399.30,208.86,557.64,1,-1,-1,-1
608,175,460.76,544.57,174.18,352.98,1,-1,-1,-1
608,179,302.44,563.79,194.03,332.74,1,-1,-1,-1
608,182,544.45,524.38,176.30,382.48,1,-1,-1,-1
608,183,1230.52,448.24,157.91,471.95,1,-1,-1,-1
608,184,1018.67,537.82,153.75,365.14,1,-1,-1,-1
608,186,576.95,496.81,140.04,397.00,1,-1,-1,-1
608,187,811.29,382.80,182.42,536.10,1,-1,-1,-1
608,188,1378.04,504.91,184.23,412.65,1,-1,-1,-1
608,189,1760.73,345.14,158.94,604.43,1,-1,-1,-1
608,190,478.83,547.90,189.85,345.08,1,-1,-1,-1
608,191,1550.72,400.82,209.29,532.99,1,-1,-1,-1
608,192,1861.97,429.92,58.01,476.11,1,-1,-1,-1
608,193,1563.64,380.38,184.65,552.26,1,-1,-1,-1
609,132,652.82,512.97,168.34,390.06,1,-1,-1,-1
609,152,579.41,498.58,131.79,393.45,1,-1,-1,-1
609,162,1605.84,406.97,211.33,530.95,1,-1,-1,-1
609,166,140.96,569.45,211.76,326.32,1,-1,-1,-1
609,173,1644.42,399.30,208.86,557.64,1,-1,-1,-1
609,175,454.72,543.94,180.21,355.01,1,-1,-1,-1
609,179,297.85,563.88,188.70,332.71,1,-1,-1,-1
609,182,530.70,525.09,187.69,382.26,1,-1,-1,-1
609,183,1201.61,417.53,176.98,503.84,1,-1,-1,-1
609,184,1019.16,531.02,142.86,371.00,1,-1,-1,-1
609,186,576.95,496.81,140.04,397.00,1,-1,-1,-1
609,187,790.26,391.40,195.34,528.73,1,-1,-1,-1
609,188,1371.13,496.46,178.47,421.16,1,-1,-1,-1
609,189,1760.73,345.14,158.94,604.43,1,-1,-1,-1
609,190,478.83,547.90,189.85,345.08,1,-1,-1,-1
609,191,1552.78,331.55,195.12,602.87,1,-1,-1,-1
609,192,1861.97,429.92,58.01,476.11,1,-1,-1,-1
609,193,1563.64,380.38,184.65,552.26,1,-1,-1,-1
610,132,650.81,503.08,168.28,404.49,1,-1,-1,-1
610,152,579.41,498.58,131.79,393.45,1,-1,-1,-1
610,162,1605.84,406.97,211.33,530.95,1,-1,-1,-1
610,166,133.99,566.99,209.02,328.38,1,-1,-1,-1
610,173,1644.42,399.30,208.86,557.64,1,-1,-1,-1
610,175,451.53,542.59,181.90,358.39,1,-1,-1,-1
610,179,292.19,562.65,201.36,334.10,1,-1,-1,-1
610,182,528.60,524.63,184.94,383.40,1,-1,-1,-1
610,183,1193.19,400.56,182.07,520.36,1,-1,-1,-1
610,184,1018.92,515.78,136.97,387.92,1,-1,-1,-1
610,186,576.95,496.81,140.04,397.00,1,-1,-1,-1
610,187,783.34,436.26,210.11,482.24,1,-1,-1,-1
610,188,1373.63,456.64,173.24,463.76,1,-1,-1,-1
610,189,1760.73,345.14,158.94,604.43,1,-1,-1,-1
610,190,478.83,547.90,189.85,345.08,1,-1,-1,-1
610,191,1552.78,331.55,195.12,602.87,1,-1,-1,-1
610,192,1861.97,429.92,58.01,476.11,1,-1,-1,-1
610,193,1541.13,330.14,201.44,605.44,1,-1,-1,-1
610,194,1743.65,477.71,176.35,472.76,1,-1,-1,-1
611,132,647.19,494.22,177.13,413.34,1,-1,-1,-1
611,152,579.41,498.58,131.79,393.45,1,-1,-1,-1
611,162,1605.84,406.97,211.33,530.95,1,-1,-1,-1
611,166,125.82,564.14,215.49,331.56,1,-1,-1,-1
611,173,1644.42,399.30,208.86,557.64,1,-1,-1,-1
611,175,424.11,544.88,197.96,354.90,1,-1,-1,-1
611,179,285.37,563.81,205.64,334.08,1,-1,-1,-1
611,182,518.74,526.48,204.31,380.44,1,-1,-1,-1
611,183,1182.04,451.95,185.36,466.23,1,-1,-1,-1
611,184,1016.41,489.85,137.31,413.64,1,-1,-1,-1
611,186,576.95,496.81,140.04,397.00,1,-1,-1,-1
611,187,797.47,471.59,197.78,447.27,1,-1,-1,-1
611,188,1364.39,436.34,179.86,481.35,1,-1,-1,-1
611,189,1760.73,345.14,158.94,604.43,1,-1,-1,-1
611,190,478.83,547.90,189.85,345.08,1,-1,-1,-1
611,191,1530.81,370.16,201.37,566.18,1,-1,-1,-1
611,192,1861.97,429.92,58.01,476.11,1,-1,-1,-1
611,193,1527.32,377.62,204.69,557.59,1,-1,-1,-1
611,194,1743.70,519.73,176.30,428.64,1,-1,-1,-1
612,132,639.45,480.78,168.62,425.95,1,-1,-1,-1
612,152,579.41,498.58,131.79,393.45,1,-1,-1,-1
612,162,1605.84,406.97,211.33,530.95,1,-1,-1,-1
612,166,122.45,563.70,215.18,332.48,1,-1,-1,-1
612,173,1644.42,399.30,208.86,557.64,1,-1,-1,-1
612,175,424.60,543.88,193.52,357.91,1,-1,-1,-1
612,179,279.10,566.12,212.36,331.45,1,-1,-1,-1
612,182,511.36,523.45,202.91,382.20,1,-1,-1,-1
612,183,1195.49,465.59,170.07,453.11,1,-1,-1,-1
612,184,996.64,446.62,151.47,455.44,1,-1,-1,-1
612,186,576.95,496.81,140.04,397.00,1,-1,-1,-1
612,187,801.51,466.61,190.18,448.22,1,-1,-1,-1
612,188,1369.36,454.77,169.04,462.20,1,-1,-1,-1
612,189,1760.73,345.14,158.94,604.43,1,-1,-1,-1
612,190,478.83,547.90,189.85,345.08,1,-1,-1,-1
612,191,1525.40,412.10,203.31,523.29,1,-1,-1,-1
612,192,1861.97,429.92,58.01,476.11,1,-1,-1,-1
612,193,1527.32,377.62,204.69,557.59,1,-1,-1,-1
612,194,1744.53,558.01,175.47,386.95,1,-1,-1,-1
613,132,628.24,432.45,169.32,472.66,1,-1,-1,-1
613,152,579.41,498.58,131.79,393.45,1,-1,-1,-1
613,162,1605.84,406.97,211.33,530.95,1,-1,-1,-1
613,166,107.75,566.61,220.31,330.86,1,-1,-1,-1
613,173,1644.42,399.30,208.86,557.64,1,-1,-1,-1
613,175,429.72,543.47,172.30,358.54,1,-1,-1,-1
613,179,271.48,568.91,203.44,331.68,1,-1,-1,-1
613,182,516.05,519.51,171.99,384.22,1,-1,-1,-1
613,183,1190.85,518.19,171.16,401.13,1,-1,-1,-1
613,184,967.17,458.46,174.66,439.25,1,-1,-1,-1
613,186,576.95,496.81,140.04,397.00,1,-1,-1,-1
613,187,798.07,514.99,179.91,400.08,1,-1,-1,-1
613,188,1368.50,505.95,164.58,412.68,1,-1,-1,-1
613,189,1760.73,345.14,158.94,604.43,1,-1,-1,-1
613,190,478.83,547.90,189.85,345.08,1,-1,-1,-1
613,191,1533.51,467.78,194.41,466.07,1,-1,-1,-1
613,192,1861.97,429.92,58.01,476.11,1,-1,-1,-1
613,193,1527.32,377.62,204.69,557.59,1,-1,-1,-1
613,194,1733.78,621.58,186.22,324.97,1,-1,-1,-1
614,132,623.42,476.33,172.08,430.94,1,-1,-1,-1
614,162,1605.84,406.97,211.33,530.95,1,-1,-1,-1
614,166,104.47,566.54,214.13,330.42,1,-1,-1,-1
614,173,1644.42,399.30,208.86,557.64,1,-1,-1,-1
614,175,431.33,544.73,160.37,358.04,1,-1,-1,-1
614,179,265.84,570.53,194.05,328.24,1,-1,-1,-1
614,182,507.37,513.90,171.34,385.95,1,-1,-1,-1
614,183,1183.94,546.08,182.85,373.27,1,-1,-1,-1
614,184,966.84,499.24,171.96,394.86,1,-1,-1,-1
614,187,800.09,545.30,178.07,369.76,1,-1,-1,-1
614,188,1368.11,528.01,159.55,390.68,1,-1,-1,-1
614,189,1760.73,345.14,158.94,604.43,1,-1,-1,-1
614,190,478.83,547.90,189.85,345.08,1,-1,-1,-1
614,191,1539.40,501.92,185.44,430.29,1,-1,-1,-1
614,192,1861.97,429.92,58.01,476.11,1,-1,-1,-1
614,193,1527.32,377.62,204.69,557.59,1,-1,-1,-1
614,194,1728.60,647.03,191.21,295.03,1,-1,-1,-1
615,132,621.44,485.67,176.12,421.90,1,-1,-1,-1
615,162,1605.84,406.97,211.33,530.95,1,-1,-1,-1
615,166,97.95,566.61,218.28,332.02,1,-1,-1,-1
615,173,1644.42,399.30,208.86,557.64,1,-1,-1,-1
615,175,429.50,542.90,163.16,354.75,1,-1,-1,-1
615,179,260.27,568.64,198.18,332.33,1,-1,-1,-1
615,182,503.22,469.88,169.02,429.88,1,-1,-1,-1
615,183,1180.69,582.10,188.45,336.96,1,-1,-1,-1
615,184,955.15,510.41,187.51,389.89,1,-1,-1,-1
615,187,796.21,573.54,182.08,341.56,1,-1,-1,-1
615,188,1364.12,558.79,160.67,361.20,1,-1,-1,-1
615,189,1760.73,345.14,158.94,604.43,1,-1,-1,-1
615,190,478.83,547.90,189.85,345.08,1,-1,-1,-1
615,191,1536.68,552.72,184.10,381.18,1,-1,-1,-1
615,192,1861.97,429.92,58.01,476.11,1,-1,-1,-1
615,193,1527.32,377.62,204.69,557.59,1,-1,-1,-1
615,194,1724.48,667.71,195.39,274.58,1,-1,-1,-1
616,132,626.39,552.32,172.38,355.31,1,-1,-1,-1
616,162,1605.84,406.97,211.33,530.95,1,-1,-1,-1
616,166,94.19,567.30,210.51,330.77,1,-1,-1,-1
616,173,1644.42,399.30,208.86,557.64,1,-1,-1,-1
616,175,427.66,537.17,159.37,357.91,1,-1,-1,-1
616,179,254.64,569.00,198.03,331.91,1,-1,-1,-1
616,182,499.98,470.12,167.24,430.94,1,-1,-1,-1
616,183,1180.74,618.04,191.94,300.98,1,-1,-1,-1
616,184,967.60,513.15,177.36,388.17,1,-1,-1,-1
616,187,793.52,597.26,185.33,317.09,1,-1,-1,-1
616,188,1359.28,593.98,162.63,324.97,1,-1,-1,-1
616,189,1760.73,345.14,158.94,604.43,1,-1,-1,-1
616,190,478.83,547.90,189.85,345.08,1,-1,-1,-1
616,191,1533.72,591.88,189.10,341.35,1,-1,-1,-1
616,192,1861.97,429.92,58.01,476.11,1,-1,-1,-1
616,193,1527.32,377.62,204.69,557.59,1,-1,-1,-1
616,194,1715.49,678.34,203.55,266.01,1,-1,-1,-1
617,132,627.05,579.90,166.68,329.66,1,-1,-1,-1
617,162,1605.84,406.97,211.33,530.95,1,-1,-1,-1
617,166,90.59,568.56,209.70,327.99,1,-1,-1,-1
617,175,422.73,526.36,171.60,372.12,1,-1,-1,-1
617,179,254.12,567.04,189.54,333.82,1,-1,-1,-1
617,182,489.53,499.05,177.03,400.57,1,-1,-1,-1
617,183,1183.17,653.15,185.04,265.71,1,-1,-1,-1
617,184,973.02,565.97,168.40,334.40,1,-1,-1,-1
617,187,799.71,624.04,181.70,291.63,1,-1,-1,-1
617,188,1358.06,628.87,168.73,289.27,1,-1,-1,-1
617,189,1760.73,345.14,158.94,604.43,1,-1,-1,-1
617,190,478.83,547.90,189.85,345.08,1,-1,-1,-1
617,191,1531.30,623.43,199.75,308.89,1,-1,-1,-1
617,192,1861.97,429.92,58.01,476.11,1,-1,-1,-1
617,193,1527.32,377.62,204.69,557.59,1,-1,-1,-1
617,194,1717.95,683.06,201.15,259.79,1,-1,-1,-1
618,132,602.53,625.94,186.57,280.10,1,-1,-1,-1
618,162,1605.84,406.97,211.33,530.95,1,-1,-1,-1
618,166,87.13,566.27,210.43,328.91,1,-1,-1,-1
618,175,418.88,494.42,183.60,402.47,1,-1,-1,-1
618,179,249.53,564.30,187.27,337.28,1,-1,-1,-1
618,182,489.13,579.46,180.47,323.83,1,-1,-1,-1
618,183,1174.93,687.75,180.94,231.64,1,-1,-1,-1
618,184,991.63,626.16,144.62,276.18,1,-1,-1,-1
618,187,793.10,666.27,191.49,249.31,1,-1,-1,-1
618,188,1361.86,673.21,160.95,247.36,1,-1,-1,-1
618,189,1760.73,345.14,158.94,604.43,1,-1,-1,-1
618,190,478.83,547.90,189.85,345.08,1,-1,-1,-1
618,191,1529.78,671.44,232.74,261.68,1,-1,-1,-1
618,192,1861.97,429.92,58.01,476.11,1,-1,-1,-1
618,193,1527.32,377.62,204.69,557.59,1,-1,-1,-1
618,194,1735.16,679.39,184.15,260.89,1,-1,-1,-1
619,132,620.01,648.11,163.94,258.05,1,-1,-1,-1
619,162,1605.84,406.97,211.33,530.95,1,-1,-1,-1
619,166,85.57,560.91,209.54,334.89,1,-1,-1,-1
619,175,415.92,492.06,187.09,407.29,1,-1,-1,-1
619,179,247.61,554.17,187.29,347.27,1,-1,-1,-1
619,182,495.71,610.00,167.27,290.06,1,-1,-1,-1
619,183,1170.11,690.96,182.32,228.66,1,-1,-1,-1
619,184,993.77,656.29,139.26,246.52,1,-1,-1,-1
619,187,792.86,680.58,189.95,235.71,1,-1,-1,-1
619,188,1362.08,681.77,154.79,239.03,1,-1,-1,-1
619,189,1760.73,345.14,158.94,604.43,1,-1,-1,-1
619,190,478.83,547.90,189.85,345.08,1,-1,-1,-1
619,191,1527.37,683.46,225.86,247.49,1,-1,-1,-1
619,192,1861.97,429.92,58.01,476.11,1,-1,-1,-1
619,193,1527.32,377.62,204.69,557.59,1,-1,-1,-1
619,194,1735.51,676.25,183.66,264.03,1,-1,-1,-1
620,132,609.90,671.21,177.31,236.99,1,-1,-1,-1
620,162,1605.84,406.97,211.33,530.95,1,-1,-1,-1
620,166,83.03,554.16,214.28,343.81,1,-1,-1,-1
620,175,418.84,514.98,178.56,377.78,1,-1,-1,-1
620,179,246.67,513.39,188.49,386.28,1,-1,-1,-1
620,182,500.46,635.14,160.82,264.60,1,-1,-1,-1
620,183,1169.96,685.97,182.70,233.84,1,-1,-1,-1
620,184,987.43,679.56,151.06,226.80,1,-1,-1,-1
620,187,783.18,686.62,201.68,230.29,1,-1,-1,-1
620,188,1359.91,682.35,155.21,238.70,1,-1,-1,-1
620,189,1760.73,345.14,158.94,604.43,1,-1,-1,-1
620,190,478.83,547.90,189.85,345.08,1,-1,-1,-1
620,191,1527.90,696.32,231.35,236.19,1,-1,-1,-1
620,192,1861.97,429.92,58.01,476.11,1,-1,-1,-1
620,193,1527.32,377.62,204.69,557.59,1,-1,-1,-1
620,194,1734.57,675.82,184.44,264.76,1,-1,-1,-1
621,132,602.64,691.55,183.86,219.14,1,-1,-1,-1
621,162,1605.84,406.97,211.33,530.95,1,-1,-1,-1
621,166,82.36,508.13,215.45,390.60,1,-1,-1,-1
621,175,410.33,534.99,188.41,363.56,1,-1,-1,-1
621,179,248.28,528.60,193.55,369.23,1,-1,-1,-1
621,182,507.62,661.31,151.92,242.13,1,-1,-1,-1
621,183,1173.24,679.49,175.53,239.73,1,-1,-1,-1
621,184,985.63,694.69,143.69,211.55,1,-1,-1,-1
621,187,780.62,689.32,205.04,227.33,1,-1,-1,-1
621,188,1358.71,682.99,156.68,238.18,1,-1,-1,-1
621,189,1760.73,345.14,158.94,604.43,1,-1,-1,-1
621,190,478.83,547.90,189.85,345.08,1,-1,-1,-1
621,191,1574.74,703.94,179.59,227.32,1,-1,-1,-1
621,192,1861.97,429.92,58.01,476.11,1,-1,-1,-1
621,193,1527.32,377.62,204.69,557.59,1,-1,-1,-1
621,194,1708.46,702.93,167.19,232.41,1,-1,-1,-1
622,132,598.46,706.22,189.22,203.37,1,-1,-1,-1
622,162,1605.84,406.97,211.33,530.95,1,-1,-1,-1
622,166,79.66,523.70,227.08,374.90,1,-1,-1,-1
622,175,416.72,509.84,175.85,389.65,1,-1,-1,-1
622,179,254.62,531.22,180.23,361.00,1,-1,-1,-1
622,182,506.04,681.95,154.77,221.41,1,-1,-1,-1
622,183,1168.59,672.27,180.92,246.62,1,-1,-1,-1
622,184,980.27,702.71,151.57,204.76,1,-1,-1,-1
622,187,777.18,687.32,208.10,228.74,1,-1,-1,-1
622,188,1354.12,679.07,159.77,242.40,1,-1,-1,-1
622,189,1760.73,345.14,158.94,604.43,1,-1,-1,-1
622,190,478.83,547.90,189.85,345.08,1,-1,-1,-1
622,191,1574.74,703.94,179.59,227.32,1,-1,-1,-1
622,192,1861.97,429.92,58.01,476.11,1,-1,-1,-1
622,193,1527.32,377.62,204.69,557.59,1,-1,-1,-1
622,194,1708.46,702.93,167.19,232.41,1,-1,-1,-1
623,132,588.38,712.63,196.45,198.54,1,-1,-1,-1
623,162,1605.84,406.97,211.33,530.95,1,-1,-1,-1
623,166,80.42,522.71,227.62,370.27,1,-1,-1,-1
623,175,433.21,567.59,153.03,331.34,1,-1,-1,-1
623,179,226.44,559.24,203.15,339.18,1,-1,-1,-1
623,182,490.93,708.43,175.72,197.89,1,-1,-1,-1
623,183,1166.65,670.16,176.26,249.54,1,-1,-1,-1
623,184,971.27,694.89,156.05,213.61,1,-1,-1,-1
623,187,793.35,669.31,194.65,247.31,1,-1,-1,-1
623,188,1348.13,675.02,165.51,246.24,1,-1,-1,-1
623,189,1760.73,345.14,158.94,604.43,1,-1,-1,-1
623,190,478.83,547.90,189.85,345.08,1,-1,-1,-1
623,191,1574.74,703.94,179.59,227.32,1,-1,-1,-1
623,192,1861.97,429.92,58.01,476.11,1,-1,-1,-1
623,193,1527.32,377.62,204.69,557.59,1,-1,-1,-1
623,194,1708.46,702.93,167.19,232.41,1,-1,-1,-1
623,195,1726.32,675.58,192.85,267.49,1,-1,-1,-1
623,196,1521.48,690.14,236.09,243.99,1,-1,-1,-1
624,132,588.75,709.07,198.79,202.17,1,-1,-1,-1
624,166,78.08,548.71,230.09,344.97,1,-1,-1,-1
624,175,434.02,600.18,147.94,297.86,1,-1,-1,-1
624,179,226.44,559.24,203.15,339.18,1,-1,-1,-1
624,182,462.99,701.09,189.24,204.22,1,-1,-1,-1
624,183,1164.63,669.95,176.63,249.96,1,-1,-1,-1
624,184,972.12,691.42,149.16,215.81,1,-1,-1,-1
624,187,796.37,648.94,191.64,267.77,1,-1,-1,-1
624,188,1347.90,675.15,163.80,245.85,1,-1,-1,-1
624,189,1760.73,345.14,158.94,604.43,1,-1,-1,-1
624,190,265.47,606.78,180.24,294.58,1,-1,-1,-1
624,191,1574.74,703.94,179.59,227.32,1,-1,-1,-1
624,193,1527.32,377.62,204.69,557.59,1,-1,-1,-1
624,194,1708.46,702.93,167.19,232.41,1,-1,-1,-1
624,195,1722.13,675.37,196.92,267.98,1,-1,-1,-1
624,196,1517.59,678.87,239.47,255.88,1,-1,-1,-1
625,132,595.09,706.98,188.22,203.00,1,-1,-1,-1
625,166,74.40,594.92,249.57,299.29,1,-1,-1,-1
625,175,433.99,626.43,191.90,275.81,1,-1,-1,-1
625,179,226.44,559.24,203.15,339.18,1,-1,-1,-1
625,182,444.13,644.30,207.67,260.44,1,-1,-1,-1
625,183,1161.70,670.54,178.91,249.18,1,-1,-1,-1
625,184,966.62,687.86,153.03,219.31,1,-1,-1,-1
625,187,792.91,629.82,192.25,285.94,1,-1,-1,-1
625,188,1344.11,673.87,167.48,246.89,1,-1,-1,-1
625,189,1760.73,345.14,158.94,604.43,1,-1,-1,-1
625,190,239.15,633.47,176.63,269.42,1,-1,-1,-1
625,191,1574.74,703.94,179.59,227.32,1,-1,-1,-1
625,193,1527.32,377.62,204.69,557.59,1,-1,-1,-1
625,194,1708.46,702.93,167.19,232.41,1,-1,-1,-1
625,195,1721.37,673.73,197.51,271.17,1,-1,-1,-1
625,196,1514.04,677.44,240.54,256.22,1,-1,-1,-1
626,132,591.61,701.83,188.76,208.27,1,-1,-1,-1
626,166,72.47,621.02,245.56,270.34,1,-1,-1,-1
626,175,433.99,626.43,191.90,275.81,1,-1,-1,-1
626,179,226.44,559.24,203.15,339.18,1,-1,-1,-1
626,182,436.25,656.72,211.43,248.68,1,-1,-1,-1
626,183,1160.64,671.03,180.04,248.65,1,-1,-1,-1
626,184,964.60,687.84,154.42,219.83,1,-1,-1,-1
626,187,777.15,615.32,200.80,299.77,1,-1,-1,-1
626,188,1341.70,672.72,165.11,248.01,1,-1,-1,-1
626,189,1760.73,345.14,158.94,604.43,1,-1,-1,-1
626,190,233.21,654.00,174.70,247.15,1,-1,-1,-1
626,191,1574.74,703.94,179.59,227.32,1,-1,-1,-1
626,193,1527.32,377.62,204.69,557.59,1,-1,-1,-1
626,194,1708.46,702.93,167.19,232.41,1,-1,-1,-1
626,195,1718.60,674.88,200.16,270.36,1,-1,-1,-1
626,196,1508.08,678.76,231.68,254.89,1,-1,-1,-1
627,132,584.45,696.54,202.56,215.62,1,-1,-1,-1
627,166,72.78,639.63,255.44,252.42,1,-1,-1,-1
627,175,433.99,626.43,191.90,275.81,1,-1,-1,-1
627,179,226.44,559.24,203.15,339.18,1,-1,-1,-1
627,182,423.32,674.04,219.63,230.54,1,-1,-1,-1
627,183,1160.35,671.13,180.45,248.71,1,-1,-1,-1
627,184,970.35,688.25,147.87,217.69,1,-1,-1,-1
627,187,796.70,597.68,178.49,317.51,1,-1,-1,-1
627,188,1341.49,671.17,161.11,248.48,1,-1,-1,-1
627,189,1760.73,345.14,158.94,604.43,1,-1,-1,-1
627,190,222.27,669.20,179.20,233.55,1,-1,-1,-1
627,191,1574.74,703.94,179.59,227.32,1,-1,-1,-1
627,193,1527.32,377.62,204.69,557.59,1,-1,-1,-1
627,194,1708.46,702.93,167.19,232.41,1,-1,-1,-1
627,195,1717.30,673.67,200.80,270.94,1,-1,-1,-1
627,196,1505.62,682.77,225.83,249.08,1,-1,-1,-1
628,132,581.89,691.16,200.85,221.72,1,-1,-1,-1
628,166,67.38,671.03,232.79,227.09,1,-1,-1,-1
628,175,433.99,626.43,191.90,275.81,1,-1,-1,-1
628,179,226.44,559.24,203.15,339.18,1,-1,-1,-1
628,182,418.37,696.39,230.24,211.61,1,-1,-1,-1
628,183,1158.27,673.31,181.18,246.56,1,-1,-1,-1
628,184,968.84,686.28,152.63,219.46,1,-1,-1,-1
628,187,807.22,578.77,158.55,336.26,1,-1,-1,-1
628,188,1337.93,655.31,150.00,262.34,1,-1,-1,-1
628,189,1760.73,345.14,158.94,604.43,1,-1,-1,-1
628,190,161.94,694.28,251.52,213.26,1,-1,-1,-1
628,191,1574.74,703.94,179.59,227.32,1,-1,-1,-1
628,193,1527.32,377.62,204.69,557.59,1,-1,-1,-1
628,194,1708.46,702.93,167.19,232.41,1,-1,-1,-1
628,195,1694.47,674.22,224.59,269.04,1,-1,-1,-1
628,196,1507.80,697.95,251.03,233.57,1,-1,-1,-1
629,132,577.94,684.69,197.27,226.27,1,-1,-1,-1
629,166,67.38,671.03,232.79,227.09,1,-1,-1,-1
629,175,433.99,626.43,191.90,275.81,1,-1,-1,-1
629,179,226.44,559.24,203.15,339.18,1,-1,-1,-1
629,182,411.24,693.47,250.95,214.95,1,-1,-1,-1
629,183,1157.00,671.13,177.50,248.17,1,-1,-1,-1
629,184,971.40,681.73,149.37,223.84,1,-1,-1,-1
629,187,795.28,569.67,167.77,346.30,1,-1,-1,-1
629,188,1333.45,644.36,136.35,274.37,1,-1,-1,-1
629,189,1760.73,345.14,158.94,604.43,1,-1,-1,-1
629,190,75.89,694.12,333.37,215.28,1,-1,-1,-1
629,191,1574.74,703.94,179.59,227.32,1,-1,-1,-1
629,193,1527.32,377.62,204.69,557.59,1,-1,-1,-1
629,194,1708.46,702.93,167.19,232.41,1,-1,-1,-1
629,195,1683.54,669.99,235.31,271.28,1,-1,-1,-1
629,196,1507.45,705.15,251.69,226.96,1,-1,-1,-1
630,132,593.03,674.60,174.64,234.75,1,-1,-1,-1
630,166,67.38,671.03,232.79,227.09,1,-1,-1,-1
630,175,433.99,626.43,191.90,275.81,1,-1,-1,-1
630,179,226.44,559.24,203.15,339.18,1,-1,-1,-1
630,182,406.74,686.10,234.30,220.55,1,-1,-1,-1
630,183,1156.58,666.29,173.19,252.72,1,-1,-1,-1
630,184,966.75,677.40,152.24,228.94,1,-1,-1,-1
630,187,784.61,561.56,174.47,338.26,1,-1,-1,-1
630,188,1326.88,634.50,137.84,283.42,1,-1,-1,-1
630,189,1760.73,345.14,158.94,604.43,1,-1,-1,-1
630,190,75.64,692.37,340.43,221.15,1,-1,-1,-1
630,191,1574.74,703.94,179.59,227.32,1,-1,-1,-1
630,193,1527.32,377.62,204.69,557.59,1,-1,-1,-1
630,194,1708.46,702.93,167.19,232.41,1,-1,-1,-1
630,195,1659.45,664.84,260.39,276.12,1,-1,-1,-1
630,196,1507.45,705.15,251.69,226.96,1,-1,-1,-1
631,132,605.89,666.33,164.41,243.49,1,-1,-1,-1
631,166,67.38,671.03,232.79,227.09,1,-1,-1,-1
631,175,433.99,626.43,191.90,275.81,1,-1,-1,-1
631,179,226.44,559.24,203.15,339.18,1,-1,-1,-1
631,182,391.08,682.07,241.06,224.85,1,-1,-1,-1
631,183,1152.57,665.50,179.60,253.21,1,-1,-1,-1
631,184,960.85,673.11,154.31,230.46,1,-1,-1,-1
631,187,787.62,551.27,170.30,352.91,1,-1,-1,-1
631,188,1323.95,624.42,141.43,292.91,1,-1,-1,-1
631,189,1760.73,345.14,158.94,604.43,1,-1,-1,-1
631,190,62.47,690.17,326.52,223.10,1,-1,-1,-1
631,191,1574.74,703.94,179.59,227.32,1,-1,-1,-1
631,193,1527.32,377.62,204.69,557.59,1,-1,-1,-1
631,194,1708.46,702.93,167.19,232.41,1,-1,-1,-1
631,195,1637.55,656.07,282.04,284.28,1,-1,-1,-1
631,196,1505.83,710.03,270.17,223.09,1,-1,-1,-1
632,132,610.52,656.93,166.38,250.69,1,-1,-1,-1
632,166,67.38,671.03,232.79,227.09,1,-1,-1,-1
632,175,433.99,626.43,191.90,275.81,1,-1,-1,-1
632,179,226.44,559.24,203.15,339.18,1,-1,-1,-1
632,182,383.93,687.31,200.79,214.60,1,-1,-1,-1
632,183,1141.80,660.38,197.55,257.65,1,-1,-1,-1
632,184,954.42,666.49,155.17,234.39,1,-1,-1,-1
632,187,803.83,546.39,151.70,360.87,1,-1,-1,-1
632,188,1316.66,614.68,148.08,300.61,1,-1,-1,-1
632,189,1760.73,345.14,158.94,604.43,1,-1,-1,-1
632,190,63.79,677.95,281.66,233.87,1,-1,-1,-1
632,191,1574.74,703.94,179.59,227.32,1,-1,-1,-1
632,193,1527.32,377.62,204.69,557.59,1,-1,-1,-1
632,194,1708.46,702.93,167.19,232.41,1,-1,-1,-1
632,195,1608.90,653.59,311.06,285.39,1,-1,-1,-1
632,196,1505.43,714.31,258.05,217.92,1,-1,-1,-1
633,132,614.16,634.72,172.44,273.68,1,-1,-1,-1
633,166,67.38,671.03,232.79,227.09,1,-1,-1,-1
633,175,433.99,626.43,191.90,275.81,1,-1,-1,-1
633,179,226.44,559.24,203.15,339.18,1,-1,-1,-1
633,182,383.93,687.31,200.79,214.60,1,-1,-1,-1
633,183,1125.75,647.09,224.63,269.53,1,-1,-1,-1
633,184,941.74,659.43,164.60,239.13,1,-1,-1,-1
633,187,802.12,526.93,176.14,388.14,1,-1,-1,-1
633,188,1302.17,600.22,159.60,313.17,1,-1,-1,-1
633,189,1760.73,345.14,158.94,604.43,1,-1,-1,-1
633,190,59.07,670.66,284.32,244.99,1,-1,-1,-1
633,191,1574.74,703.94,179.59,227.32,1,-1,-1,-1
633,193,1527.32,377.62,204.69,557.59,1,-1,-1,-1
633,194,1708.46,702.93,167.19,232.41,1,-1,-1,-1
633,195,1729.61,664.31,188.88,276.01,1,-1,-1,-1
633,196,1505.58,649.49,276.36,283.90,1,-1,-1,-1
633,197,1574.69,658.16,325.56,279.23,1,-1,-1,-1
633,198,406.51,615.67,212.54,287.70,1,-1,-1,-1
634,132,614.57,625.17,172.79,279.59,1,-1,-1,-1
634,166,67.38,671.03,232.79,227.09,1,-1,-1,-1
634,175,433.99,626.43,191.90,275.81,1,-1,-1,-1
634,179,226.44,559.24,203.15,339.18,1,-1,-1,-1
634,182,373.44,671.67,186.50,236.10,1,-1,-1,-1
634,183,1116.86,641.11,249.35,279.25,1,-1,-1,-1
634,184,944.40,613.68,162.93,283.13,1,-1,-1,-1
634,187,808.09,514.29,178.94,405.50,1,-1,-1,-1
634,188,1287.37,594.83,171.44,312.86,1,-1,-1,-1
634,189,1760.73,345.14,158.94,604.43,1,-1,-1,-1
634,190,59.34,672.95,268.56,243.99,1,-1,-1,-1
634,191,1574.74,703.94,179.59,227.32,1,-1,-1,-1
634,193,1527.32,377.62,204.69,557.59,1,-1,-1,-1
634,194,1708.46,702.93,167.19,232.41,1,-1,-1,-1
634,195,1729.61,664.31,188.88,276.01,1,-1,-1,-1
634,196,1505.58,649.49,276.36,283.90,1,-1,-1,-1
634,197,1509.80,640.84,402.46,292.76,1,-1,-1,-1
634,198,373.90,598.27,204.49,307.51,1,-1,-1,-1
634,199,1795.42,651.50,124.46,274.75,1,-1,-1,-1
635,132,610.30,615.59,177.89,287.53,1,-1,-1,-1
635,166,67.38,671.03,232.79,227.09,1,-1,-1,-1
635,175,433.99,626.43,191.90,275.81,1,-1,-1,-1
635,179,226.44,559.24,203.15,339.18,1,-1,-1,-1
635,182,373.44,671.67,186.50,236.10,1,-1,-1,-1
635,183,1109.07,630.60,255.23,291.71,1,-1,-1,-1
635,184,944.82,630.80,163.06,270.70,1,-1,-1,-1
635,187,814.04,500.89,182.13,422.13,1,-1,-1,-1
635,188,1269.68,591.75,180.28,312.35,1,-1,-1,-1
635,189,1760.73,345.14,158.94,604.43,1,-1,-1,-1
635,190,61.76,679.19,268.62,237.49,1,-1,-1,-1
635,191,1574.74,703.94,179.59,227.32,1,-1,-1,-1
635,193,1527.32,377.62,204.69,557.59,1,-1,-1,-1
635,194,1708.46,702.93,167.19,232.41,1,-1,-1,-1
635,195,1729.61,664.31,188.88,276.01,1,-1,-1,-1
635,196,1505.58,649.49,276.36,283.90,1,-1,-1,-1
635,197,1580.91,653.75,323.16,285.53,1,-1,-1,-1
635,198,373.90,598.27,204.49,307.51,1,-1,-1,-1
635,199,1778.54,652.36,141.45,275.21,1,-1,-1,-1
636,132,604.55,607.23,182.12,296.84,1,-1,-1,-1
636,166,67.38,671.03,232.79,227.09,1,-1,-1,-1
636,175,433.99,626.43,191.90,275.81,1,-1,-1,-1
636,179,226.44,559.24,203.15,339.18,1,-1,-1,-1
636,182,373.44,671.67,186.50,236.10,1,-1,-1,-1
636,183,1101.93,619.20,254.82,302.64,1,-1,-1,-1
636,184,944.06,637.51,159.59,266.54,1,-1,-1,-1
636,187,810.91,488.13,182.32,436.82,1,-1,-1,-1
636,188,1255.37,588.13,190.95,316.79,1,-1,-1,-1
636,189,1760.73,345.14,158.94,604.43,1,-1,-1,-1
636,190,60.57,687.11,260.00,236.30,1,-1,-1,-1
636,191,1574.74,703.94,179.59,227.32,1,-1,-1,-1
636,193,1527.32,377.62,204.69,557.59,1,-1,-1,-1
636,194,1708.46,702.93,167.19,232.41,1,-1,-1,-1
636,195,1729.61,664.31,188.88,276.01,1,-1,-1,-1
636,196,1505.58,649.49,276.36,283.90,1,-1,-1,-1
636,197,1492.12,640.03,399.71,296.84,1,-1,-1,-1
636,198,373.90,598.27,204.49,307.51,1,-1,-1,-1
636,199,1763.19,654.42,156.81,273.63,1,-1,-1,-1
636,200,355.35,552.18,243.22,353.53,1,-1,-1,-1
637,132,598.49,600.03,185.61,305.52,1,-1,-1,-1
637,166,67.38,671.03,232.79,227.09,1,-1,-1,-1
637,175,433.99,626.43,191.90,275.81,1,-1,-1,-1
637,179,226.44,559.24,203.15,339.18,1,-1,-1,-1
637,182,373.44,671.67,186.50,236.10,1,-1,-1,-1
637,183,1101.93,619.20,254.82,302.64,1,-1,-1,-1
637,184,943.59,691.84,158.32,210.99,1,-1,-1,-1
637,187,806.28,471.52,183.13,453.36,1,-1,-1,-1
637,188,1230.19,586.50,212.79,319.42,1,-1,-1,-1
637,189,1760.73,345.14,158.94,604.43,1,-1,-1,-1
637,190,61.51,689.26,269.04,234.36,1,-1,-1,-1
637,191,1574.74,703.94,179.59,227.32,1,-1,-1,-1
637,193,1527.32,377.62,204.69,557.59,1,-1,-1,-1
637,194,1708.46,702.93,167.19,232.41,1,-1,-1,-1
637,195,1729.61,664.31,188.88,276.01,1,-1,-1,-1
637,196,1480.70,639.33,281.62,280.93,1,-1,-1,-1
637,197,1530.01,746.36,350.22,194.41,1,-1,-1,-1
637,198,326.88,665.13,204.03,244.97,1,-1,-1,-1
637,199,1749.39,655.96,169.92,272.34,1,-1,-1,-1
637,200,371.39,550.01,216.63,357.15,1,-1,-1,-1
638,132,590.30,590.75,187.80,319.32,1,-1,-1,-1
638,166,67.38,671.03,232.79,227.09,1,-1,-1,-1
638,175,433.99,626.43,191.90,275.81,1,-1,-1,-1
638,179,226.44,559.24,203.15,339.18,1,-1,-1,-1
638,182,373.44,671.67,186.50,236.10,1,-1,-1,-1
638,183,1101.93,619.20,254.82,302.64,1,-1,-1,-1
638,184,943.59,691.84,158.32,210.99,1,-1,-1,-1
638,187,802.95,449.18,182.15,477.48,1,-1,-1,-1
638,188,1195.26,584.17,247.72,332.37,1,-1,-1,-1
638,189,1760.73,345.14,158.94,604.43,1,-1,-1,-1
638,190,6.76,694.26,223.64,236.52,1,-1,-1,-1
638,191,1574.74,703.94,179.59,227.32,1,-1,-1,-1
638,193,1527.32,377.62,204.69,557.59,1,-1,-1,-1
638,194,1708.46,702.93,167.19,232.41,1,-1,-1,-1
638,195,1729.61,664.31,188.88,276.01,1,-1,-1,-1
638,196,1478.78,641.91,292.80,299.15,1,-1,-1,-1
638,197,1530.01,746.36,350.22,194.41,1,-1,-1,-1
638,198,288.05,672.31,180.13,239.30,1,-1,-1,-1
638,199,1737.64,642.44,181.31,292.32,1,-1,-1,-1
638,200,360.09,555.47,214.13,357.12,1,-1,-1,-1
639,132,587.34,587.13,189.82,323.29,1,-1,-1,-1
639,166,67.38,671.03,232.79,227.09,1,-1,-1,-1
639,175,433.99,626.43,191.90,275.81,1,-1,-1,-1
639,179,226.44,559.24,203.15,339.18,1,-1,-1,-1
639,182,373.44,671.67,186.50,236.10,1,-1,-1,-1
639,183,1101.93,619.20,254.82,302.64,1,-1,-1,-1
639,184,936.06,717.28,155.85,187.30,1,-1,-1,-1
639,187,805.66,438.12,176.80,487.40,1,-1,-1,-1
639,188,1186.39,583.75,256.19,332.89,1,-1,-1,-1
639,190,1.31,697.12,209.56,230.87,1,-1,-1,-1
639,191,1574.74,703.94,179.59,227.32,1,-1,-1,-1
639,193,1527.32,377.62,204.69,557.59,1,-1,-1,-1
639,194,1708.46,702.93,167.19,232.41,1,-1,-1,-1
639,195,1796.78,637.40,122.89,297.48,1,-1,-1,-1
639,196,1478.76,644.18,262.09,299.47,1,-1,-1,-1
639,197,1530.01,746.36,350.22,194.41,1,-1,-1,-1
639,198,191.89,689.05,192.29,211.93,1,-1,-1,-1
639,199,1733.05,643.30,185.66,293.50,1,-1,-1,-1
639,200,346.37,571.03,215.55,338.47,1,-1,-1,-1
640,132,585.48,583.34,189.95,327.44,1,-1,-1,-1
640,166,67.38,671.03,232.79,227.09,1,-1,-1,-1
640,175,433.99,626.43,191.90,275.81,1,-1,-1,-1
640,179,226.44,559.24,203.15,339.18,1,-1,-1,-1
640,182,327.67,673.28,129.77,235.52,1,-1,-1,-1
640,183,1089.39,584.59,234.02,329.78,1,-1,-1,-1
640,184,936.06,717.28,155.85,187.30,1,-1,-1,-1
640,187,805.31,429.47,171.20,495.39,1,-1,-1,-1
640,188,1171.76,580.82,266.77,334.21,1,-1,-1,-1
640,190,0.90,695.05,203.53,234.30,1,-1,-1,-1
640,191,1574.74,703.94,179.59,227.32,1,-1,-1,-1
640,193,1527.32,377.62,204.69,557.59,1,-1,-1,-1
640,194,1708.46,702.93,167.19,232.41,1,-1,-1,-1
640,195,1796.78,637.40,122.89,297.48,1,-1,-1,-1
640,196,1488.62,652.46,242.72,289.45,1,-1,-1,-1
640,197,1530.01,746.36,350.22,194.41,1,-1,-1,-1
640,198,183.18,692.91,176.00,205.38,1,-1,-1,-1
640,199,1727.49,648.38,191.70,286.52,1,-1,-1,-1
640,200,339.72,570.61,212.59,339.52,1,-1,-1,-1
641,132,583.74,580.10,192.80,330.27,1,-1,-1,-1
641,166,67.38,671.03,232.79,227.09,1,-1,-1,-1
641,175,433.99,626.43,191.90,275.81,1,-1,-1,-1
641,179,226.44,559.24,203.15,339.18,1,-1,-1,-1
641,182,327.67,673.28,129.77,235.52,1,-1,-1,-1
641,183,1082.46,575.23,247.72,344.41,1,-1,-1,-1
641,184,936.06,717.28,155.85,187.30,1,-1,-1,-1
641,187,803.50,421.81,169.72,502.75,1,-1,-1,-1
641,188,1166.81,590.48,270.56,321.45,1,-1,-1,-1
641,190,0.86,689.25,196.13,239.55,1,-1,-1,-1
641,191,1574.74,703.94,179.59,227.32,1,-1,-1,-1
641,193,1527.32,377.62,204.69,557.59,1,-1,-1,-1
641,194,1708.46,702.93,167.19,232.41,1,-1,-1,-1
641,195,1796.78,637.40,122.89,297.48,1,-1,-1,-1
641,196,1471.27,657.63,258.42,284.44,1,-1,-1,-1
641,197,1530.01,746.36,350.22,194.41,1,-1,-1,-1
641,198,182.18,697.83,167.49,204.16,1,-1,-1,-1
641,199,1723.41,648.90,195.62,286.23,1,-1,-1,-1
641,200,313.40,571.88,228.69,340.61,1,-1,-1,-1
642,132,581.36,576.89,194.20,333.71,1,-1,-1,-1
642,166,67.38,671.03,232.79,227.09,1,-1,-1,-1
642,175,433.99,626.43,191.90,275.81,1,-1,-1,-1
642,179,226.44,559.24,203.15,339.18,1,-1,-1,-1
642,182,327.67,673.28,129.77,235.52,1,-1,-1,-1
642,183,1077.38,571.48,254.50,355.48,1,-1,-1,-1
642,184,936.06,717.28,155.85,187.30,1,-1,-1,-1
642,187,803.00,416.28,172.01,507.79,1,-1,-1,-1
642,188,1152.77,592.80,284.46,314.08,1,-1,-1,-1
642,190,0.52,684.14,178.05,244.29,1,-1,-1,-1
642,191,1574.74,703.94,179.59,227.32,1,-1,-1,-1
642,194,1708.46,702.93,167.19,232.41,1,-1,-1,-1
642,195,1796.78,637.40,122.89,297.48,1,-1,-1,-1
642,196,1445.05,658.22,280.64,281.51,1,-1,-1,-1
642,197,1530.01,746.36,350.22,194.41,1,-1,-1,-1
642,198,185.65,705.41,175.40,197.29,1,-1,-1,-1
642,199,1723.42,651.26,195.53,284.17,1,-1,-1,-1
642,200,320.83,570.66,214.34,343.26,1,-1,-1,-1
643,132,581.84,572.44,194.00,340.92,1,-1,-1,-1
643,166,67.38,671.03,232.79,227.09,1,-1,-1,-1
643,175,433.99,626.43,191.90,275.81,1,-1,-1,-1
643,179,226.44,559.24,203.15,339.18,1,-1,-1,-1
643,182,327.67,673.28,129.77,235.52,1,-1,-1,-1
643,183,1072.38,563.87,248.93,366.37,1,-1,-1,-1
643,184,936.06,717.28,155.85,187.30,1,-1,-1,-1
643,187,801.42,410.34,182.69,515.99,1,-1,-1,-1
643,188,1152.77,592.80,284.46,314.08,1,-1,-1,-1
643,190,0.65,686.93,152.17,242.98,1,-1,-1,-1
643,191,1574.74,703.94,179.59,227.32,1,-1,-1,-1
643,194,1708.46,702.93,167.19,232.41,1,-1,-1,-1
643,195,1796.78,637.40,122.89,297.48,1,-1,-1,-1
643,196,1457.07,663.85,262.29,274.73,1,-1,-1,-1
643,197,1530.01,746.36,350.22,194.41,1,-1,-1,-1
643,198,185.65,705.41,175.40,197.29,1,-1,-1,-1
643,199,1723.42,651.26,195.53,284.17,1,-1,-1,-1
643,200,319.25,563.93,205.02,355.84,1,-1,-1,-1
643,203,196.11,647.23,227.50,270.04,1,-1,-1,-1
644,132,583.11,567.29,194.32,344.28,1,-1,-1,-1
644,166,67.38,671.03,232.79,227.09,1,-1,-1,-1
644,175,433.99,626.43,191.90,275.81,1,-1,-1,-1
644,179,226.44,559.24,203.15,339.18,1,-1,-1,-1
644,182,327.67,673.28,129.77,235.52,1,-1,-1,-1
644,183,1071.00,560.92,249.05,372.56,1,-1,-1,-1
644,184,936.06,717.28,155.85,187.30,1,-1,-1,-1
644,187,801.26,410.90,171.58,520.62,1,-1,-1,-1
644,188,1152.77,592.80,284.46,314.08,1,-1,-1,-1
644,190,0.43,694.89,147.84,236.84,1,-1,-1,-1
644,191,1574.74,703.94,179.59,227.32,1,-1,-1,-1
644,194,1708.46,702.93,167.19,232.41,1,-1,-1,-1
644,195,1796.78,637.40,122.89,297.48,1,-1,-1,-1
644,196,1473.66,664.12,247.57,275.83,1,-1,-1,-1
644,197,1530.01,746.36,350.22,194.41,1,-1,-1,-1
644,198,185.65,705.41,175.40,197.29,1,-1,-1,-1
644,199,1728.42,665.67,190.65,301.04,1,-1,-1,-1
644,200,323.31,559.98,198.23,359.33,1,-1,-1,-1
644,203,195.36,646.51,223.50,272.69,1,-1,-1,-1
645,132,583.16,560.06,195.81,356.92,1,-1,-1,-1
645,166,67.38,671.03,232.79,227.09,1,-1,-1,-1
645,175,433.99,626.43,191.90,275.81,1,-1,-1,-1
645,179,226.44,559.24,203.15,339.18,1,-1,-1,-1
645,182,327.67,673.28,129.77,235.52,1,-1,-1,-1
645,183,1070.86,555.85,234.87,379.44,1,-1,-1,-1
645,184,936.06,717.28,155.85,187.30,1,-1,-1,-1
645,187,800.97,410.23,176.03,526.91,1,-1,-1,-1
645,188,1152.77,592.80,284.46,314.08,1,-1,-1,-1
645,190,0.43,705.54,146.27,225.68,1,-1,-1,-1
645,191,1574.74,703.94,179.59,227.32,1,-1,-1,-1
645,194,1708.46,702.93,167.19,232.41,1,-1,-1,-1
645,195,1796.78,637.40,122.89,297.48,1,-1,-1,-1
645,196,1471.95,665.96,251.25,273.85,1,-1,-1,-1
645,197,1530.01,746.36,350.22,194.41,1,-1,-1,-1
645,198,185.65,705.41,175.40,197.29,1,-1,-1,-1
645,199,1730.58,661.23,189.17,303.70,1,-1,-1,-1
645,200,321.24,559.19,202.30,359.73,1,-1,-1,-1
645,203,199.58,650.08,213.03,270.37,1,-1,-1,-1
646,132,584.38,553.36,199.27,364.10,1,-1,-1,-1
646,166,67.38,671.03,232.79,227.09,1,-1,-1,-1
646,175,433.99,626.43,191.90,275.81,1,-1,-1,-1
646,179,226.44,559.24,203.15,339.18,1,-1,-1,-1
646,182,327.67,673.28,129.77,235.52,1,-1,-1,-1
646,183,1070.53,549.52,232.46,384.51,1,-1,-1,-1
646,184,936.06,717.28,155.85,187.30,1,-1,-1,-1
646,187,801.55,408.69,182.92,534.79,1,-1,-1,-1
646,188,1152.77,592.80,284.46,314.08,1,-1,-1,-1
646,190,0.43,703.07,147.50,228.07,1,-1,-1,-1
646,191,1574.74,703.94,179.59,227.32,1,-1,-1,-1
646,194,1708.46,702.93,167.19,232.41,1,-1,-1,-1
646,195,1796.78,637.40,122.89,297.48,1,-1,-1,-1
646,196,1468.21,675.64,252.89,262.05,1,-1,-1,-1
646,197,1530.01,746.36,350.22,194.41,1,-1,-1,-1
646,198,185.65,705.41,175.40,197.29,1,-1,-1,-1
646,199,1718.45,629.80,201.53,337.00,1,-1,-1,-1
646,200,317.73,555.40,205.00,357.12,1,-1,-1,-1
646,203,203.38,676.60,217.76,245.02,1,-1,-1,-1
647,132,585.22,548.75,203.10,368.90,1,-1,-1,-1
647,166,67.38,671.03,232.79,227.09,1,-1,-1,-1
647,175,433.99,626.43,191.90,275.81,1,-1,-1,-1
647,179,226.44,559.24,203.15,339.18,1,-1,-1,-1
647,182,327.67,673.28,129.77,235.52,1,-1,-1,-1
647,183,1072.74,548.13,231.91,387.76,1,-1,-1,-1
647,184,936.06,717.28,155.85,187.30,1,-1,-1,-1
647,187,799.83,406.45,180.12,531.13,1,-1,-1,-1
647,188,1152.77,592.80,284.46,314.08,1,-1,-1,-1
647,190,0.48,696.71,149.34,236.39,1,-1,-1,-1
647,191,1574.74,703.94,179.59,227.32,1,-1,-1,-1
647,194,1708.46,702.93,167.19,232.41,1,-1,-1,-1
647,195,1796.78,637.40,122.89,297.48,1,-1,-1,-1
647,196,1456.05,682.91,263.62,254.41,1,-1,-1,-1
647,197,1530.01,746.36,350.22,194.41,1,-1,-1,-1
647,198,185.65,705.41,175.40,197.29,1,-1,-1,-1
647,199,1727.14,635.51,192.85,335.41,1,-1,-1,-1
647,200,317.50,551.93,207.86,370.36,1,-1,-1,-1
647,203,204.80,661.97,216.41,256.59,1,-1,-1,-1
648,132,584.01,541.42,208.00,377.73,1,-1,-1,-1
648,166,67.38,671.03,232.79,227.09,1,-1,-1,-1
648,175,433.99,626.43,191.90,275.81,1,-1,-1,-1
648,179,226.44,559.24,203.15,339.18,1,-1,-1,-1
648,182,327.67,673.28,129.77,235.52,1,-1,-1,-1
648,183,1075.76,542.01,212.85,379.68,1,-1,-1,-1
648,184,936.06,717.28,155.85,187.30,1,-1,-1,-1
648,187,791.35,394.60,203.37,552.14,1,-1,-1,-1
648,188,1097.89,549.12,221.32,379.55,1,-1,-1,-1
648,190,0.52,689.69,151.82,239.99,1,-1,-1,-1
648,191,1574.74,703.94,179.59,227.32,1,-1,-1,-1
648,194,1708.46,702.93,167.19,232.41,1,-1,-1,-1
648,195,1796.78,637.40,122.89,297.48,1,-1,-1,-1
648,196,1448.73,687.66,277.00,244.26,1,-1,-1,-1
648,197,1530.01,746.36,350.22,194.41,1,-1,-1,-1
648,198,185.65,705.41,175.40,197.29,1,-1,-1,-1
648,199,1699.62,689.91,219.01,279.47,1,-1,-1,-1
648,200,310.95,547.18,218.62,380.66,1,-1,-1,-1
648,203,211.32,676.98,204.25,235.76,1,-1,-1,-1
649,132,584.69,537.48,206.01,383.01,1,-1,-1,-1
649,166,67.38,671.03,232.79,227.09,1,-1,-1,-1
649,175,433.99,626.43,191.90,275.81,1,-1,-1,-1
649,179,226.44,559.24,203.15,339.18,1,-1,-1,-1
649,182,327.67,673.28,129.77,235.52,1,-1,-1,-1
649,183,1087.77,539.07,219.85,392.95,1,-1,-1,-1
649,184,936.06,717.28,155.85,187.30,1,-1,-1,-1
649,187,788.03,386.39,207.11,559.54,1,-1,-1,-1
649,188,1082.36,539.25,203.54,378.51,1,-1,-1,-1
649,190,0.49,689.28,152.12,239.02,1,-1,-1,-1
649,191,1574.74,703.94,179.59,227.32,1,-1,-1,-1
649,194,1708.46,702.93,167.19,232.41,1,-1,-1,-1
649,195,1796.78,637.40,122.89,297.48,1,-1,-1,-1
649,196,1445.62,689.86,295.81,243.87,1,-1,-1,-1
649,197,1530.01,746.36,350.22,194.41,1,-1,-1,-1
649,198,185.65,705.41,175.40,197.29,1,-1,-1,-1
649,199,1699.69,665.38,219.44,302.23,1,-1,-1,-1
649,200,312.35,545.91,218.72,382.86,1,-1,-1,-1
649,203,214.61,688.77,199.32,220.94,1,-1,-1,-1
650,132,583.10,532.57,201.70,391.10,1,-1,-1,-1
650,166,67.38,671.03,232.79,227.09,1,-1,-1,-1
650,175,433.99,626.43,191.90,275.81,1,-1,-1,-1
650,179,226.44,559.24,203.15,339.18,1,-1,-1,-1
650,182,327.67,673.28,129.77,235.52,1,-1,-1,-1
650,183,1087.00,535.01,224.96,395.78,1,-1,-1,-1
650,184,936.06,717.28,155.85,187.30,1,-1,-1,-1
650,187,783.59,376.08,222.11,569.52,1,-1,-1,-1
650,188,1082.36,539.25,203.54,378.51,1,-1,-1,-1
650,190,0.86,690.52,153.80,231.41,1,-1,-1,-1
650,191,1574.74,703.94,179.59,227.32,1,-1,-1,-1
650,194,1708.46,702.93,167.19,232.41,1,-1,-1,-1
650,195,1796.78,637.40,122.89,297.48,1,-1,-1,-1
650,196,1444.49,693.46,296.95,240.86,1,-1,-1,-1
650,197,1530.01,746.36,350.22,194.41,1,-1,-1,-1
650,198,185.65,705.41,175.40,197.29,1,-1,-1,-1
650,199,1701.89,678.78,217.41,286.16,1,-1,-1,-1
650,200,313.08,542.88,220.24,391.91,1,-1,-1,-1
650,203,218.50,690.76,198.37,219.93,1,-1,-1,-1
650,206,1078.19,540.91,193.61,377.44,1,-1,-1,-1
651,132,583.31,526.96,207.35,396.98,1,-1,-1,-1
651,166,67.38,671.03,232.79,227.09,1,-1,-1,-1
651,175,433.99,626.43,191.90,275.81,1,-1,-1,-1
651,179,226.44,559.24,203.15,339.18,1,-1,-1,-1
651,182,327.67,673.28,129.77,235.52,1,-1,-1,-1
651,183,1095.72,530.62,221.69,400.01,1,-1,-1,-1
651,184,936.06,717.28,155.85,187.30,1,-1,-1,-1
651,187,777.47,362.34,237.36,584.03,1,-1,-1,-1
651,188,1082.36,539.25,203.54,378.51,1,-1,-1,-1
651,190,0.67,686.22,154.56,236.38,1,-1,-1,-1
651,191,1574.74,703.94,179.59,227.32,1,-1,-1,-1
651,194,1708.46,702.93,167.19,232.41,1,-1,-1,-1
651,195,1796.78,637.40,122.89,297.48,1,-1,-1,-1
651,196,1442.91,698.90,295.21,232.83,1,-1,-1,-1
651,197,1530.01,746.36,350.22,194.41,1,-1,-1,-1
651,198,185.65,705.41,175.40,197.29,1,-1,-1,-1
651,199,1699.37,700.65,219.86,265.13,1,-1,-1,-1
651,200,311.58,539.44,224.33,395.69,1,-1,-1,-1
651,203,219.99,692.80,186.67,213.48,1,-1,-1,-1
651,206,1068.12,536.27,205.17,378.58,1,-1,-1,-1
652,132,583.17,522.56,223.23,403.35,1,-1,-1,-1
652,166,67.38,671.03,232.79,227.09,1,-1,-1,-1
652,175,433.99,626.43,191.90,275.81,1,-1,-1,-1
652,179,226.44,559.24,203.15,339.18,1,-1,-1,-1
652,182,327.67,673.28,129.77,235.52,1,-1,-1,-1
652,183,1104.55,528.92,221.95,409.34,1,-1,-1,-1
652,184,936.06,717.28,155.85,187.30,1,-1,-1,-1
652,187,773.64,352.66,245.77,593.96,1,-1,-1,-1
652,188,1082.36,539.25,203.54,378.51,1,-1,-1,-1
652,190,0.69,674.00,155.84,255.59,1,-1,-1,-1
652,195,1796.78,637.40,122.89,297.48,1,-1,-1,-1
652,196,1436.39,685.82,297.57,246.42,1,-1,-1,-1
652,197,1530.01,746.36,350.22,194.41,1,-1,-1,-1
652,198,185.65,705.41,175.40,197.29,1,-1,-1,-1
652,199,1700.97,703.21,217.92,262.90,1,-1,-1,-1
652,200,312.43,537.31,224.74,399.17,1,-1,-1,-1
652,203,223.15,691.92,188.38,216.07,1,-1,-1,-1
652,206,1059.48,550.33,214.04,369.86,1,-1,-1,-1
653,132,582.77,515.12,230.93,413.05,1,-1,-1,-1
653,166,67.38,671.03,232.79,227.09,1,-1,-1,-1
653,175,433.99,626.43,191.90,275.81,1,-1,-1,-1
653,179,226.44,559.24,203.15,339.18,1,-1,-1,-1
653,182,327.67,673.28,129.77,235.52,1,-1,-1,-1
653,183,1127.63,525.99,208.93,412.63,1,-1,-1,-1
653,184,936.06,717.28,155.85,187.30,1,-1,-1,-1
653,187,768.77,344.42,267.05,607.89,1,-1,-1,-1
653,188,1082.36,539.25,203.54,378.51,1,-1,-1,-1
653,190,0.87,645.61,157.52,275.70,1,-1,-1,-1
653,195,1796.78,637.40,122.89,297.48,1,-1,-1,-1
653,196,1421.36,654.60,299.21,278.78,1,-1,-1,-1
653,197,1530.01,746.36,350.22,194.41,1,-1,-1,-1
653,198,185.65,705.41,175.40,197.29,1,-1,-1,-1
653,199,1675.58,602.32,244.31,359.01,1,-1,-1,-1
653,200,317.13,530.24,225.96,408.48,1,-1,-1,-1
653,203,219.19,651.73,204.62,255.16,1,-1,-1,-1
653,206,1041.63,568.87,194.26,346.25,1,-1,-1,-1
654,132,583.63,511.59,233.95,418.98,1,-1,-1,-1
654,166,67.38,671.03,232.79,227.09,1,-1,-1,-1
654,175,433.99,626.43,191.90,275.81,1,-1,-1,-1
654,182,327.67,673.28,129.77,235.52,1,-1,-1,-1
654,183,1124.88,520.41,218.25,420.83,1,-1,-1,-1
654,184,936.06,717.28,155.85,187.30,1,-1,-1,-1
654,187,768.01,339.72,272.25,617.72,1,-1,-1,-1
654,188,1082.36,539.25,203.54,378.51,1,-1,-1,-1
654,190,0.69,626.90,85.93,290.19,1,-1,-1,-1
654,195,1796.78,637.40,122.89,297.48,1,-1,-1,-1
654,196,1421.36,654.60,299.21,278.78,1,-1,-1,-1
654,197,1530.01,746.36,350.22,194.41,1,-1,-1,-1
654,198,185.65,705.41,175.40,197.29,1,-1,-1,-1
654,199,1685.35,568.96,234.63,394.27,1,-1,-1,-1
654,200,320.70,524.65,224.92,414.67,1,-1,-1,-1
654,203,217.88,627.84,197.80,278.83,1,-1,-1,-1
654,206,1036.85,567.99,171.21,342.79,1,-1,-1,-1
655,132,585.28,509.28,231.29,422.70,1,-1,-1,-1
655,166,67.38,671.03,232.79,227.09,1,-1,-1,-1
655,175,433.99,626.43,191.90,275.81,1,-1,-1,-1
655,182,327.67,673.28,129.77,235.52,1,-1,-1,-1
655,183,1138.61,517.49,212.92,417.12,1,-1,-1,-1
655,184,936.06,717.28,155.85,187.30,1,-1,-1,-1
655,187,769.04,336.82,273.46,625.30,1,-1,-1,-1
655,188,1034.47,559.36,165.09,351.21,1,-1,-1,-1
655,190,0.20,607.38,74.60,309.48,1,-1,-1,-1
655,195,1796.78,637.40,122.89,297.48,1,-1,-1,-1
655,196,1418.36,603.67,267.28,326.16,1,-1,-1,-1
655,197,1530.01,746.36,350.22,194.41,1,-1,-1,-1
655,198,185.65,705.41,175.40,197.29,1,-1,-1,-1
655,199,1677.66,590.62,242.34,372.67,1,-1,-1,-1
655,200,319.74,521.52,227.27,418.71,1,-1,-1,-1
655,202,0.79,618.06,159.13,301.25,1,-1,-1,-1
655,203,214.86,604.71,198.82,300.14,1,-1,-1,-1
655,206,1105.67,552.78,159.34,368.36,1,-1,-1,-1
656,132,604.57,507.83,205.41,426.16,1,-1,-1,-1
656,166,67.38,671.03,232.79,227.09,1,-1,-1,-1
656,182,327.67,673.28,129.77,235.52,1,-1,-1,-1
656,183,1147.61,515.35,209.13,420.07,1,-1,-1,-1
656,184,936.06,717.28,155.85,187.30,1,-1,-1,-1
656,187,770.98,334.98,275.06,626.62,1,-1,-1,-1
656,188,1018.09,554.14,174.82,363.28,1,-1,-1,-1
656,190,0.02,589.18,75.55,333.57,1,-1,-1,-1
656,195,1796.78,637.40,122.89,297.48,1,-1,-1,-1
656,196,1416.20,588.10,249.73,341.08,1,-1,-1,-1
656,197,1530.01,746.36,350.22,194.41,1,-1,-1,-1
656,198,185.65,705.41,175.40,197.29,1,-1,-1,-1
656,199,1671.95,581.49,248.05,382.44,1,-1,-1,-1
656,200,321.37,516.88,226.30,426.94,1,-1,-1,-1
656,202,0.89,595.40,163.05,316.65,1,-1,-1,-1
656,203,220.36,589.00,209.05,318.99,1,-1,-1,-1
656,206,1122.20,544.35,166.59,378.75,1,-1,-1,-1
656,207,1741.61,524.70,177.35,403.00,1,-1,-1,-1
657,132,593.87,500.88,220.67,435.41,1,-1,-1,-1
657,166,67.38,671.03,232.79,227.09,1,-1,-1,-1
657,182,327.67,673.28,129.77,235.52,1,-1,-1,-1
657,183,1150.78,509.63,213.01,435.21,1,-1,-1,-1
657,184,936.06,717.28,155.85,187.30,1,-1,-1,-1
657,187,772.00,330.74,276.97,635.34,1,-1,-1,-1
657,188,1011.93,546.85,176.68,374.27,1,-1,-1,-1
657,190,0.02,589.18,75.55,333.57,1,-1,-1,-1
657,195,1796.78,637.40,122.89,297.48,1,-1,-1,-1
657,196,1417.68,582.29,238.92,345.91,1,-1,-1,-1
657,197,1530.01,746.36,350.22,194.41,1,-1,-1,-1
657,198,185.65,705.41,175.40,197.29,1,-1,-1,-1
657,199,1665.96,559.84,254.04,405.52,1,-1,-1,-1
657,200,317.96,511.06,232.34,435.15,1,-1,-1,-1
657,202,0.09,572.16,81.02,349.15,1,-1,-1,-1
657,203,228.16,577.18,179.67,324.84,1,-1,-1,-1
657,206,1124.80,531.40,172.79,392.97,1,-1,-1,-1
657,207,1733.51,505.41,186.03,429.78,1,-1,-1,-1
658,132,599.82,493.96,200.92,445.68,1,-1,-1,-1
658,166,67.38,671.03,232.79,227.09,1,-1,-1,-1
658,182,327.67,673.28,129.77,235.52,1,-1,-1,-1
658,183,1155.59,499.75,224.03,453.70,1,-1,-1,-1
658,184,936.06,717.28,155.85,187.30,1,-1,-1,-1
658,187,772.22,316.13,279.15,663.21,1,-1,-1,-1
658,188,1008.24,536.93,183.46,386.53,1,-1,-1,-1
658,190,0.02,589.18,75.55,333.57,1,-1,-1,-1
658,195,1796.78,637.40,122.89,297.48,1,-1,-1,-1
658,196,1426.26,554.90,212.96,364.00,1,-1,-1,-1
658,197,1530.01,746.36,350.22,194.41,1,-1,-1,-1
658,198,185.65,705.41,175.40,197.29,1,-1,-1,-1
658,199,1663.84,536.47,255.70,425.11,1,-1,-1,-1
658,200,331.61,500.44,220.73,453.38,1,-1,-1,-1
658,202,0.01,546.93,81.03,378.24,1,-1,-1,-1
658,203,236.86,552.30,164.40,347.81,1,-1,-1,-1
658,206,1124.80,531.40,172.79,392.97,1,-1,-1,-1
658,207,1710.58,487.87,209.38,474.90,1,-1,-1,-1
658,208,1477.71,558.18,161.27,351.98,1,-1,-1,-1
658,209,22.10,620.89,147.57,276.10,1,-1,-1,-1
659,132,604.40,489.42,214.49,451.96,1,-1,-1,-1
659,182,327.67,673.28,129.77,235.52,1,-1,-1,-1
659,183,1158.69,495.67,227.61,460.49,1,-1,-1,-1
659,184,936.06,717.28,155.85,187.30,1,-1,-1,-1
659,187,778.47,303.67,276.15,678.83,1,-1,-1,-1
659,188,1005.77,533.42,173.57,391.84,1,-1,-1,-1
659,190,0.02,589.18,75.55,333.57,1,-1,-1,-1
659,195,1796.78,637.40,122.89,297.48,1,-1,-1,-1
659,196,1424.14,539.08,205.58,388.20,1,-1,-1,-1
659,197,1530.01,746.36,350.22,194.41,1,-1,-1,-1
659,198,185.65,705.41,175.40,197.29,1,-1,-1,-1
659,199,1817.83,593.74,102.12,374.45,1,-1,-1,-1
659,200,337.36,494.78,215.72,452.77,1,-1,-1,-1
659,202,0.00,536.18,80.84,389.27,1,-1,-1,-1
659,203,244.75,544.10,151.81,354.46,1,-1,-1,-1
659,206,1124.80,531.40,172.79,392.97,1,-1,-1,-1
659,207,1728.86,477.09,191.14,480.49,1,-1,-1,-1
659,208,1484.12,543.55,149.31,365.93,1,-1,-1,-1
659,209,3.50,600.32,165.77,317.54,1,-1,-1,-1
660,132,608.26,482.53,206.54,456.53,1,-1,-1,-1
660,182,327.67,673.28,129.77,235.52,1,-1,-1,-1
660,183,1140.24,493.14,256.84,464.42,1,-1,-1,-1
660,184,936.06,717.28,155.85,187.30,1,-1,-1,-1
660,187,781.54,291.00,270.89,691.07,1,-1,-1,-1
660,188,1004.05,531.02,178.76,397.22,1,-1,-1,-1
660,190,0.02,589.18,75.55,333.57,1,-1,-1,-1
660,195,1796.78,637.40,122.89,297.48,1,-1,-1,-1
660,196,1411.03,521.89,222.66,404.41,1,-1,-1,-1
660,197,1530.01,746.36,350.22,194.41,1,-1,-1,-1
660,198,185.65,705.41,175.40,197.29,1,-1,-1,-1
660,199,1817.83,593.74,102.12,374.45,1,-1,-1,-1
660,200,340.04,491.87,216.01,465.28,1,-1,-1,-1
660,202,0.00,536.18,80.84,389.27,1,-1,-1,-1
660,203,249.07,535.35,161.45,364.20,1,-1,-1,-1
660,206,1124.80,531.40,172.79,392.97,1,-1,-1,-1
660,207,1721.92,473.24,197.78,478.64,1,-1,-1,-1
660,208,1481.73,530.93,156.77,378.91,1,-1,-1,-1
660,209,9.90,594.49,161.47,318.06,1,-1,-1,-1
660,210,1663.13,520.42,256.53,441.91,1,-1,-1,-1
661,132,611.42,480.86,221.26,457.65,1,-1,-1,-1
661,182,327.67,673.28,129.77,235.52,1,-1,-1,-1
661,183,1152.71,489.14,251.97,475.63,1,-1,-1,-1
661,184,936.06,717.28,155.85,187.30,1,-1,-1,-1
661,187,786.42,280.65,272.67,699.73,1,-1,-1,-1
661,188,1016.77,527.20,173.71,401.74,1,-1,-1,-1
661,190,0.02,589.18,75.55,333.57,1,-1,-1,-1
661,195,1796.78,637.40,122.89,297.48,1,-1,-1,-1
661,196,1411.03,521.89,222.66,404.41,1,-1,-1,-1
661,197,1530.01,746.36,350.22,194.41,1,-1,-1,-1
661,198,185.65,705.41,175.40,197.29,1,-1,-1,-1
661,199,1817.83,593.74,102.12,374.45,1,-1,-1,-1
661,200,340.92,488.45,219.13,467.84,1,-1,-1,-1
661,202,0.00,536.18,80.84,389.27,1,-1,-1,-1
661,203,253.54,527.85,163.11,372.59,1,-1,-1,-1
661,206,1124.80,531.40,172.79,392.97,1,-1,-1,-1
661,207,1711.61,474.78,208.03,455.08,1,-1,-1,-1
661,208,1481.73,530.93,156.77,378.91,1,-1,-1,-1
661,209,20.75,587.88,155.07,324.78,1,-1,-1,-1
661,210,1660.29,515.69,259.68,442.46,1,-1,-1,-1
662,132,617.32,472.50,226.53,467.42,1,-1,-1,-1
662,182,327.67,673.28,129.77,235.52,1,-1,-1,-1
662,183,1154.61,483.20,259.61,478.30,1,-1,-1,-1
662,184,936.06,717.28,155.85,187.30,1,-1,-1,-1
662,187,797.62,270.95,262.99,709.07,1,-1,-1,-1
662,188,1017.76,522.86,170.66,410.49,1,-1,-1,-1
662,190,0.02,589.18,75.55,333.57,1,-1,-1,-1
662,195,1796.78,637.40,122.89,297.48,1,-1,-1,-1
662,196,1411.03,521.89,222.66,404.41,1,-1,-1,-1
662,197,1530.01,746.36,350.22,194.41,1,-1,-1,-1
662,198,185.65,705.41,175.40,197.29,1,-1,-1,-1
662,199,1817.83,593.74,102.12,374.45,1,-1,-1,-1
662,200,343.74,482.87,217.60,477.02,1,-1,-1,-1
662,202,0.00,536.18,80.84,389.27,1,-1,-1,-1
662,203,258.09,523.33,172.83,378.77,1,-1,-1,-1
662,206,1124.80,531.40,172.79,392.97,1,-1,-1,-1
662,207,1690.43,471.56,229.00,448.72,1,-1,-1,-1
662,208,1481.73,530.93,156.77,378.91,1,-1,-1,-1
662,209,22.33,578.12,159.08,332.72,1,-1,-1,-1
662,210,1657.65,514.94,262.34,443.93,1,-1,-1,-1
662,211,0.22,524.24,88.05,391.93,1,-1,-1,-1
662,212,1397.70,501.11,242.36,419.30,1,-1,-1,-1
663,132,628.30,461.48,222.13,482.74,1,-1,-1,-1
663,182,327.67,673.28,129.77,235.52,1,-1,-1,-1
663,183,1180.05,475.43,259.02,487.54,1,-1,-1,-1
663,184,936.06,717.28,155.85,187.30,1,-1,-1,-1
663,187,808.82,257.87,269.22,725.39,1,-1,-1,-1
663,188,1021.55,512.12,175.63,427.08,1,-1,-1,-1
663,190,0.02,589.18,75.55,333.57,1,-1,-1,-1
663,195,1796.78,637.40,122.89,297.48,1,-1,-1,-1
663,196,1411.03,521.89,222.66,404.41,1,-1,-1,-1
663,197,1530.01,746.36,350.22,194.41,1,-1,-1,-1
663,198,185.65,705.41,175.40,197.29,1,-1,-1,-1
663,199,1817.83,593.74,102.12,374.45,1,-1,-1,-1
663,200,335.07,475.33,232.66,487.22,1,-1,-1,-1
663,202,0.00,536.18,80.84,389.27,1,-1,-1,-1
663,203,267.38,520.52,191.33,386.37,1,-1,-1,-1
663,206,1124.80,531.40,172.79,392.97,1,-1,-1,-1
663,207,1709.79,471.38,209.80,444.37,1,-1,-1,-1
663,208,1384.93,497.82,263.15,415.32,1,-1,-1,-1
663,209,54.94,573.13,147.02,329.99,1,-1,-1,-1
663,210,1656.82,515.49,263.18,444.44,1,-1,-1,-1
663,211,0.02,521.68,180.90,392.86,1,-1,-1,-1
663,212,1379.40,492.38,267.08,423.77,1,-1,-1,-1
664,132,632.53,456.06,238.83,492.34,1,-1,-1,-1
664,182,327.67,673.28,129.77,235.52,1,-1,-1,-1
664,183,1187.87,469.27,257.85,489.77,1,-1,-1,-1
664,184,936.06,717.28,155.85,187.30,1,-1,-1,-1
664,187,820.43,254.09,260.42,730.16,1,-1,-1,-1
664,188,1022.53,507.61,184.22,430.43,1,-1,-1,-1
664,190,0.02,589.18,75.55,333.57,1,-1,-1,-1
664,195,1796.78,637.40,122.89,297.48,1,-1,-1,-1
664,196,1411.03,521.89,222.66,404.41,1,-1,-1,-1
664,197,1530.01,746.36,350.22,194.41,1,-1,-1,-1
664,198,185.65,705.41,175.40,197.29,1,-1,-1,-1
664,199,1817.83,593.74,102.12,374.45,1,-1,-1,-1
664,200,328.82,472.61,243.34,490.40,1,-1,-1,-1
664,202,0.00,536.18,80.84,389.27,1,-1,-1,-1
664,203,271.94,512.80,210.33,397.53,1,-1,-1,-1
664,206,1124.80,531.40,172.79,392.97,1,-1,-1,-1
664,207,1705.67,472.48,213.82,437.78,1,-1,-1,-1
664,208,1384.93,497.82,263.15,415.32,1,-1,-1,-1
664,209,54.94,573.13,147.02,329.99,1,-1,-1,-1
664,210,1653.53,515.68,266.47,444.62,1,-1,-1,-1
664,211,0.00,521.46,216.71,398.00,1,-1,-1,-1
664,212,1404.39,491.62,250.46,420.48,1,-1,-1,-1
665,132,635.57,452.02,233.92,498.97,1,-1,-1,-1
665,182,327.67,673.28,129.77,235.52,1,-1,-1,-1
665,183,1188.19,466.65,266.98,505.73,1,-1,-1,-1
665,184,936.06,717.28,155.85,187.30,1,-1,-1,-1
665,187,831.64,249.59,254.37,745.24,1,-1,-1,-1
665,188,1026.57,503.30,189.11,440.28,1,-1,-1,-1
665,190,0.02,589.18,75.55,333.57,1,-1,-1,-1
665,195,1796.78,637.40,122.89,297.48,1,-1,-1,-1
665,196,1411.03,521.89,222.66,404.41,1,-1,-1,-1
665,197,1530.01,746.36,350.22,194.41,1,-1,-1,-1
665,198,185.65,705.41,175.40,197.29,1,-1,-1,-1
665,199,1817.83,593.74,102.12,374.45,1,-1,-1,-1
665,200,285.94,464.40,289.38,508.81,1,-1,-1,-1
665,202,0.00,536.18,80.84,389.27,1,-1,-1,-1
665,203,276.35,525.64,223.28,384.79,1,-1,-1,-1
665,206,1124.80,531.40,172.79,392.97,1,-1,-1,-1
665,207,1684.83,473.18,235.12,426.96,1,-1,-1,-1
665,208,1384.93,497.82,263.15,415.32,1,-1,-1,-1
665,209,36.16,562.37,198.42,354.33,1,-1,-1,-1
665,210,1650.56,511.03,269.44,450.78,1,-1,-1,-1
665,211,0.00,519.79,221.38,397.14,1,-1,-1,-1
665,212,1403.23,493.77,251.76,416.56,1,-1,-1,-1
666,132,637.09,448.89,237.18,504.68,1,-1,-1,-1
666,182,327.67,673.28,129.77,235.52,1,-1,-1,-1
666,183,1204.16,462.38,254.40,503.27,1,-1,-1,-1
666,184,936.06,717.28,155.85,187.30,1,-1,-1,-1
666,187,835.07,246.21,255.03,757.50,1,-1,-1,-1
666,188,1031.40,500.00,184.76,448.27,1,-1,-1,-1
666,190,0.02,589.18,75.55,333.57,1,-1,-1,-1
666,195,1796.78,637.40,122.89,297.48,1,-1,-1,-1
666,196,1411.03,521.89,222.66,404.41,1,-1,-1,-1
666,197,1530.01,746.36,350.22,194.41,1,-1,-1,-1
666,198,185.65,705.41,175.40,197.29,1,-1,-1,-1
666,199,1817.83,593.74,102.12,374.45,1,-1,-1,-1
666,200,298.68,458.72,278.59,518.17,1,-1,-1,-1
666,202,0.00,536.18,80.84,389.27,1,-1,-1,-1
666,203,281.11,540.83,198.74,368.50,1,-1,-1,-1
666,206,1124.80,531.40,172.79,392.97,1,-1,-1,-1
666,207,1693.87,475.58,225.82,443.62,1,-1,-1,-1
666,208,1384.93,497.82,263.15,415.32,1,-1,-1,-1
666,209,39.62,551.02,213.67,366.31,1,-1,-1,-1
666,210,1641.57,512.38,278.43,447.55,1,-1,-1,-1
666,211,0.42,517.60,251.04,401.40,1,-1,-1,-1
666,212,1414.89,497.63,229.37,415.29,1,-1,-1,-1
667,132,636.13,445.22,238.84,508.99,1,-1,-1,-1
667,182,327.67,673.28,129.77,235.52,1,-1,-1,-1
667,183,1211.53,452.31,255.38,518.91,1,-1,-1,-1
667,184,936.06,717.28,155.85,187.30,1,-1,-1,-1
667,187,833.32,243.76,259.76,768.05,1,-1,-1,-1
667,188,1030.08,498.50,197.28,449.51,1,-1,-1,-1
667,190,0.02,589.18,75.55,333.57,1,-1,-1,-1
667,195,1796.78,637.40,122.89,297.48,1,-1,-1,-1
667,196,1411.03,521.89,222.66,404.41,1,-1,-1,-1
667,197,1530.01,746.36,350.22,194.41,1,-1,-1,-1
667,198,185.65,705.41,175.40,197.29,1,-1,-1,-1
667,199,1817.83,593.74,102.12,374.45,1,-1,-1,-1
667,200,287.74,456.53,290.90,526.51,1,-1,-1,-1
667,202,0.00,536.18,80.84,389.27,1,-1,-1,-1
667,203,282.47,486.43,213.01,422.48,1,-1,-1,-1
667,206,1124.80,531.40,172.79,392.97,1,-1,-1,-1
667,207,1702.90,475.43,215.69,440.60,1,-1,-1,-1
667,208,1228.07,473.17,223.96,462.66,1,-1,-1,-1
667,209,39.62,551.02,213.67,366.31,1,-1,-1,-1
667,210,1622.33,516.83,297.67,441.45,1,-1,-1,-1
667,211,12.43,519.05,244.20,401.22,1,-1,-1,-1
667,212,1419.26,495.72,209.14,419.41,1,-1,-1,-1
667,213,282.12,567.44,158.55,335.66,1,-1,-1,-1
668,132,639.13,438.18,242.34,515.57,1,-1,-1,-1
668,182,327.67,673.28,129.77,235.52,1,-1,-1,-1
668,183,1228.53,442.76,259.47,531.82,1,-1,-1,-1
668,184,936.06,717.28,155.85,187.30,1,-1,-1,-1
668,187,824.46,236.39,286.18,773.26,1,-1,-1,-1
668,188,1039.59,498.14,198.13,449.17,1,-1,-1,-1
668,190,0.02,589.18,75.55,333.57,1,-1,-1,-1
668,195,1796.78,637.40,122.89,297.48,1,-1,-1,-1
668,196,1411.03,521.89,222.66,404.41,1,-1,-1,-1
668,198,185.65,705.41,175.40,197.29,1,-1,-1,-1
668,199,1817.83,593.74,102.12,374.45,1,-1,-1,-1
668,200,288.94,448.10,290.14,532.98,1,-1,-1,-1
668,202,0.00,536.18,80.84,389.27,1,-1,-1,-1
668,203,281.87,470.58,207.42,439.18,1,-1,-1,-1
668,206,1124.80,531.40,172.79,392.97,1,-1,-1,-1
668,207,1699.87,474.61,189.60,436.04,1,-1,-1,-1
668,208,1228.07,473.17,223.96,462.66,1,-1,-1,-1
668,209,28.63,519.09,227.90,399.85,1,-1,-1,-1
668,210,1633.20,525.69,286.80,432.38,1,-1,-1,-1
668,211,1.24,509.83,241.68,406.76,1,-1,-1,-1
668,212,1418.83,498.85,192.44,418.95,1,-1,-1,-1
668,213,277.16,548.46,171.27,355.18,1,-1,-1,-1
669,132,641.70,434.00,233.73,520.75,1,-1,-1,-1
669,182,327.67,673.28,129.77,235.52,1,-1,-1,-1
669,183,1233.56,438.65,256.22,533.22,1,-1,-1,-1
669,184,936.06,717.28,155.85,187.30,1,-1,-1,-1
669,187,818.81,230.22,286.86,787.62,1,-1,-1,-1
669,188,1004.62,439.23,180.14,473.21,1,-1,-1,-1
669,190,0.02,589.18,75.55,333.57,1,-1,-1,-1
669,195,1796.78,637.40,122.89,297.48,1,-1,-1,-1
669,196,1411.03,521.89,222.66,404.41,1,-1,-1,-1
669,198,185.65,705.41,175.40,197.29,1,-1,-1,-1
669,199,1817.83,593.74,102.12,374.45,1,-1,-1,-1
669,200,296.22,442.56,281.46,546.53,1,-1,-1,-1
669,202,0.00,536.18,80.84,389.27,1,-1,-1,-1
669,203,277.73,461.84,205.48,449.81,1,-1,-1,-1
669,206,1124.80,531.40,172.79,392.97,1,-1,-1,-1
669,207,1693.42,473.03,182.38,448.23,1,-1,-1,-1
669,208,1061.06,494.14,199.17,453.90,1,-1,-1,-1
669,209,22.55,510.85,229.84,408.29,1,-1,-1,-1
669,210,1610.57,531.53,309.43,428.13,1,-1,-1,-1
669,211,0.12,507.68,249.72,412.65,1,-1,-1,-1
669,212,1415.11,498.87,199.43,418.15,1,-1,-1,-1
669,213,269.43,538.95,169.17,364.24,1,-1,-1,-1
669,214,346.22,453.55,234.19,459.40,1,-1,-1,-1
670,132,643.79,431.39,242.18,531.17,1,-1,-1,-1
670,182,327.67,673.28,129.77,235.52,1,-1,-1,-1
670,183,1236.20,428.72,255.13,544.47,1,-1,-1,-1
670,187,807.23,227.21,317.68,783.85,1,-1,-1,-1
670,188,1004.62,439.23,180.14,473.21,1,-1,-1,-1
670,190,0.02,589.18,75.55,333.57,1,-1,-1,-1
670,196,1411.03,521.89,222.66,404.41,1,-1,-1,-1
670,198,185.65,705.41,175.40,197.29,1,-1,-1,-1
670,199,1817.83,593.74,102.12,374.45,1,-1,-1,-1
670,200,285.31,438.35,291.21,541.58,1,-1,-1,-1
670,202,0.00,536.18,80.84,389.27,1,-1,-1,-1
670,203,272.05,453.11,216.16,463.15,1,-1,-1,-1
670,206,1124.80,531.40,172.79,392.97,1,-1,-1,-1
670,207,1693.20,481.22,193.60,449.83,1,-1,-1,-1
670,208,1046.97,492.63,199.48,454.91,1,-1,-1,-1
670,209,11.03,508.42,232.00,411.73,1,-1,-1,-1
670,210,1615.90,535.85,301.15,425.21,1,-1,-1,-1
670,211,0.01,505.15,244.52,416.99,1,-1,-1,-1
670,212,1405.77,500.68,227.13,411.98,1,-1,-1,-1
670,213,269.43,538.95,169.17,364.24,1,-1,-1,-1
670,214,347.46,452.25,233.27,455.93,1,-1,-1,-1
671,132,646.65,432.04,235.43,528.72,1,-1,-1,-1
671,183,1239.40,426.28,256.88,544.79,1,-1,-1,-1
671,187,798.48,225.91,324.88,794.35,1,-1,-1,-1
671,188,1004.62,439.23,180.14,473.21,1,-1,-1,-1
671,190,0.02,589.18,75.55,333.57,1,-1,-1,-1
671,196,1411.03,521.89,222.66,404.41,1,-1,-1,-1
671,198,185.65,705.41,175.40,197.29,1,-1,-1,-1
671,199,1817.83,593.74,102.12,374.45,1,-1,-1,-1
671,200,287.49,434.97,278.19,553.91,1,-1,-1,-1
671,202,0.00,536.18,80.84,389.27,1,-1,-1,-1
671,203,275.84,443.19,220.66,462.40,1,-1,-1,-1
671,206,1124.80,531.40,172.79,392.97,1,-1,-1,-1
671,207,1680.83,488.93,192.29,441.13,1,-1,-1,-1
671,208,1048.16,490.68,199.11,459.78,1,-1,-1,-1
671,209,8.29,503.80,234.46,418.04,1,-1,-1,-1
671,210,1622.52,530.50,296.66,423.68,1,-1,-1,-1
671,211,0.01,505.15,244.52,416.99,1,-1,-1,-1
671,212,1414.72,524.82,197.90,384.60,1,-1,-1,-1
671,213,269.43,538.95,169.17,364.24,1,-1,-1,-1
671,214,353.10,449.12,227.84,459.52,1,-1,-1,-1
672,132,650.00,433.08,234.41,529.00,1,-1,-1,-1
672,183,1242.98,427.27,255.68,541.91,1,-1,-1,-1
672,187,827.47,228.32,296.26,782.59,1,-1,-1,-1
672,188,1004.62,439.23,180.14,473.21,1,-1,-1,-1
672,190,0.02,589.18,75.55,333.57,1,-1,-1,-1
672,196,1411.03,521.89,222.66,404.41,1,-1,-1,-1
672,198,185.65,705.41,175.40,197.29,1,-1,-1,-1
672,199,1817.83,593.74,102.12,374.45,1,-1,-1,-1
672,200,303.23,428.83,274.99,562.80,1,-1,-1,-1
672,202,0.00,536.18,80.84,389.27,1,-1,-1,-1
672,203,275.12,446.12,211.22,455.81,1,-1,-1,-1
672,206,1410.97,547.00,196.55,350.28,1,-1,-1,-1
672,207,1693.35,495.41,167.22,433.23,1,-1,-1,-1
672,208,1045.83,483.73,205.22,470.38,1,-1,-1,-1
672,209,0.83,498.40,244.71,428.57,1,-1,-1,-1
672,210,1630.40,523.40,289.41,427.14,1,-1,-1,-1
672,211,0.01,505.15,244.52,416.99,1,-1,-1,-1
672,212,1424.13,540.54,173.52,364.29,1,-1,-1,-1
672,213,269.43,538.95,169.17,364.24,1,-1,-1,-1
672,214,348.92,438.72,233.46,472.08,1,-1,-1,-1
673,132,656.78,428.93,237.84,536.79,1,-1,-1,-1
673,183,1256.48,430.06,270.34,553.12,1,-1,-1,-1
673,187,835.05,222.86,295.82,797.41,1,-1,-1,-1
673,188,965.80,409.52,212.64,519.98,1,-1,-1,-1
673,190,0.02,589.18,75.55,333.57,1,-1,-1,-1
673,196,1411.03,521.89,222.66,404.41,1,-1,-1,-1
673,199,1817.83,593.74,102.12,374.45,1,-1,-1,-1
673,200,286.40,400.79,296.70,586.16,1,-1,-1,-1
673,202,0.00,536.18,80.84,389.27,1,-1,-1,-1
673,203,275.12,446.12,211.22,455.81,1,-1,-1,-1
673,206,1435.91,542.48,201.72,354.94,1,-1,-1,-1
673,207,1676.75,496.98,230.61,420.84,1,-1,-1,-1
673,208,1039.08,455.55,219.07,499.66,1,-1,-1,-1
673,209,0.08,491.07,250.25,434.19,1,-1,-1,-1
673,210,1615.89,565.38,300.68,385.86,1,-1,-1,-1
673,211,0.01,505.15,244.52,416.99,1,-1,-1,-1
673,212,1339.22,480.63,225.52,434.77,1,-1,-1,-1
673,213,269.43,538.95,169.17,364.24,1,-1,-1,-1
673,214,348.92,438.72,233.46,472.08,1,-1,-1,-1
673,215,1616.94,542.80,210.22,397.16,1,-1,-1,-1
674,132,659.17,401.29,251.56,564.27,1,-1,-1,-1
674,183,1255.52,417.93,275.88,566.73,1,-1,-1,-1
674,187,836.97,211.64,295.73,757.41,1,-1,-1,-1
674,188,941.72,401.32,217.09,544.42,1,-1,-1,-1
674,190,0.02,589.18,75.55,333.57,1,-1,-1,-1
674,196,1411.03,521.89,222.66,404.41,1,-1,-1,-1
674,199,1817.83,593.74,102.12,374.45,1,-1,-1,-1
674,200,301.14,377.64,286.73,601.51,1,-1,-1,-1
674,202,0.00,536.18,80.84,389.27,1,-1,-1,-1
674,203,275.12,446.12,211.22,455.81,1,-1,-1,-1
674,206,1434.42,539.59,203.60,364.44,1,-1,-1,-1
674,207,1673.77,497.81,242.00,427.84,1,-1,-1,-1
674,208,1034.73,431.93,228.11,518.72,1,-1,-1,-1
674,209,0.08,491.07,250.25,434.19,1,-1,-1,-1
674,210,1599.38,550.52,320.27,391.88,1,-1,-1,-1
674,211,1.01,496.04,249.44,426.43,1,-1,-1,-1
674,212,1339.22,480.63,225.52,434.77,1,-1,-1,-1
674,213,257.80,545.96,188.93,342.82,1,-1,-1,-1
674,214,348.92,438.72,233.46,472.08,1,-1,-1,-1
674,215,1616.94,542.80,210.22,397.16,1,-1,-1,-1
675,132,663.22,368.75,279.28,592.75,1,-1,-1,-1
675,183,1254.02,382.91,293.15,591.17,1,-1,-1,-1
675,187,817.20,209.06,334.55,795.60,1,-1,-1,-1
675,188,941.72,401.32,217.09,544.42,1,-1,-1,-1
675,190,0.02,589.18,75.55,333.57,1,-1,-1,-1
675,196,1411.03,521.89,222.66,404.41,1,-1,-1,-1
675,199,1817.83,593.74,102.12,374.45,1,-1,-1,-1
675,200,305.62,355.47,289.11,634.44,1,-1,-1,-1
675,202,0.00,536.18,80.84,389.27,1,-1,-1,-1
675,203,248.77,462.90,220.02,428.93,1,-1,-1,-1
675,206,1428.53,528.37,211.50,374.07,1,-1,-1,-1
675,207,1685.79,498.48,230.03,429.56,1,-1,-1,-1
675,208,1026.02,404.16,235.71,550.39,1,-1,-1,-1
675,209,0.69,500.79,253.81,422.16,1,-1,-1,-1
675,210,1592.40,551.00,326.17,388.05,1,-1,-1,-1
675,211,6.85,504.25,246.26,414.45,1,-1,-1,-1
675,212,1339.22,480.63,225.52,434.77,1,-1,-1,-1
675,213,257.80,545.96,188.93,342.82,1,-1,-1,-1
675,214,348.92,438.72,233.46,472.08,1,-1,-1,-1
675,215,1616.94,542.80,210.22,397.16,1,-1,-1,-1
676,132,655.32,347.35,324.60,608.35,1,-1,-1,-1
676,183,1256.32,346.80,299.69,625.96,1,-1,-1,-1
676,187,804.95,204.54,348.54,786.94,1,-1,-1,-1
676,188,941.72,401.32,217.09,544.42,1,-1,-1,-1
676,190,0.02,589.18,75.55,333.57,1,-1,-1,-1
676,196,1411.03,521.89,222.66,404.41,1,-1,-1,-1
676,199,1817.83,593.74,102.12,374.45,1,-1,-1,-1
676,200,310.36,339.48,287.61,622.27,1,-1,-1,-1
676,202,0.00,536.18,80.84,389.27,1,-1,-1,-1
676,203,248.77,462.90,220.02,428.93,1,-1,-1,-1
676,206,1425.44,546.86,220.19,354.41,1,-1,-1,-1
676,207,1697.57,500.13,209.69,425.24,1,-1,-1,-1
676,208,1008.39,383.38,250.58,558.82,1,-1,-1,-1
676,209,0.07,507.71,258.86,420.31,1,-1,-1,-1
676,210,1573.04,557.76,326.88,379.68,1,-1,-1,-1
676,211,0.69,509.13,257.01,416.74,1,-1,-1,-1
676,212,1339.22,480.63,225.52,434.77,1,-1,-1,-1
676,213,225.46,510.17,240.75,384.26,1,-1,-1,-1
676,214,348.92,438.72,233.46,472.08,1,-1,-1,-1
676,215,1581.25,557.55,257.06,379.83,1,-1,-1,-1
677,132,613.33,336.66,370.79,645.87,1,-1,-1,-1
677,183,1259.68,322.30,298.46,649.27,1,-1,-1,-1
677,187,795.74,205.73,359.10,776.16,1,-1,-1,-1
677,188,941.72,401.32,217.09,544.42,1,-1,-1,-1
677,190,0.02,589.18,75.55,333.57,1,-1,-1,-1
677,196,1411.03,521.89,222.66,404.41,1,-1,-1,-1
677,199,1817.83,593.74,102.12,374.45,1,-1,-1,-1
677,200,279.95,328.77,325.52,627.61,1,-1,-1,-1
677,202,0.00,536.18,80.84,389.27,1,-1,-1,-1
677,203,248.77,462.90,220.02,428.93,1,-1,-1,-1
677,206,1426.38,558.62,223.87,340.15,1,-1,-1,-1
677,207,1702.14,501.63,173.80,418.70,1,-1,-1,-1
677,208,1007.20,373.52,261.98,571.06,1,-1,-1,-1
677,209,0.07,507.71,258.86,420.31,1,-1,-1,-1
677,210,1573.04,557.76,326.88,379.68,1,-1,-1,-1
677,211,0.07,518.55,256.39,407.28,1,-1,-1,-1
677,212,1339.22,480.63,225.52,434.77,1,-1,-1,-1
677,213,226.58,558.56,248.77,332.39,1,-1,-1,-1
677,214,348.92,438.72,233.46,472.08,1,-1,-1,-1
677,215,1572.25,565.43,268.37,372.31,1,-1,-1,-1
678,132,617.99,329.60,368.47,645.39,1,-1,-1,-1
678,183,1246.16,296.67,393.50,690.90,1,-1,-1,-1
678,187,814.36,217.29,333.48,820.11,1,-1,-1,-1
678,188,941.72,401.32,217.09,544.42,1,-1,-1,-1
678,190,0.02,589.18,75.55,333.57,1,-1,-1,-1
678,196,1411.03,521.89,222.66,404.41,1,-1,-1,-1
678,199,1817.83,593.74,102.12,374.45,1,-1,-1,-1
678,200,238.81,325.66,382.04,666.55,1,-1,-1,-1
678,202,0.00,536.18,80.84,389.27,1,-1,-1,-1
678,203,248.77,462.90,220.02,428.93,1,-1,-1,-1
678,206,1415.44,564.75,251.99,341.73,1,-1,-1,-1
678,207,1693.48,484.24,221.22,440.97,1,-1,-1,-1
678,208,966.30,377.21,366.83,600.91,1,-1,-1,-1
678,209,0.01,550.01,248.05,376.76,1,-1,-1,-1
678,210,1573.04,557.76,326.88,379.68,1,-1,-1,-1
678,211,0.01,551.12,202.22,368.46,1,-1,-1,-1
678,212,1339.22,480.63,225.52,434.77,1,-1,-1,-1
678,213,225.49,564.60,258.21,330.56,1,-1,-1,-1
678,214,348.92,438.72,233.46,472.08,1,-1,-1,-1
678,215,1537.19,583.64,299.64,358.49,1,-1,-1,-1
678,217,0.42,552.80,147.43,359.33,1,-1,-1,-1
679,132,619.60,329.13,376.27,646.54,1,-1,-1,-1
679,183,1234.96,295.00,415.02,695.31,1,-1,-1,-1
679,187,820.72,224.97,325.19,809.94,1,-1,-1,-1
679,188,834.57,246.70,308.51,780.07,1,-1,-1,-1
679,190,0.02,589.18,75.55,333.57,1,-1,-1,-1
679,196,1411.03,521.89,222.66,404.41,1,-1,-1,-1
679,199,1817.83,593.74,102.12,374.45,1,-1,-1,-1
679,200,248.15,330.26,379.88,659.16,1,-1,-1,-1
679,202,0.00,536.18,80.84,389.27,1,-1,-1,-1
679,203,248.77,462.90,220.02,428.93,1,-1,-1,-1
679,206,1357.33,550.67,298.46,391.41,1,-1,-1,-1
679,207,1701.85,472.70,216.67,452.85,1,-1,-1,-1
679,208,961.21,387.78,371.53,595.66,1,-1,-1,-1
679,209,0.01,550.01,248.05,376.76,1,-1,-1,-1
679,210,1684.44,483.23,233.55,446.77,1,-1,-1,-1
679,211,0.00,577.38,245.34,354.09,1,-1,-1,-1
679,212,1339.22,480.63,225.52,434.77,1,-1,-1,-1
679,213,211.87,566.97,280.59,329.73,1,-1,-1,-1
679,214,348.92,438.72,233.46,472.08,1,-1,-1,-1
679,215,1525.92,584.94,303.57,359.79,1,-1,-1,-1
679,217,0.43,562.16,128.51,349.57,1,-1,-1,-1
680,132,622.44,327.02,371.36,642.99,1,-1,-1,-1
680,183,1245.39,304.61,395.00,681.03,1,-1,-1,-1
680,187,821.13,233.85,310.04,805.28,1,-1,-1,-1
680,188,834.57,246.70,308.51,780.07,1,-1,-1,-1
680,190,0.02,589.18,75.55,333.57,1,-1,-1,-1
680,196,1411.03,521.89,222.66,404.41,1,-1,-1,-1
680,199,1817.83,593.74,102.12,374.45,1,-1,-1,-1
680,200,256.59,332.57,369.42,657.32,1,-1,-1,-1
680,202,0.00,536.18,80.84,389.27,1,-1,-1,-1
680,203,248.77,462.90,220.02,428.93,1,-1,-1,-1
680,206,1469.28,565.75,237.07,346.06,1,-1,-1,-1
680,207,1698.65,496.09,221.21,431.57,1,-1,-1,-1
680,208,964.86,396.39,369.18,579.94,1,-1,-1,-1
680,209,0.09,581.66,251.01,349.92,1,-1,-1,-1
680,210,1684.44,483.23,233.55,446.77,1,-1,-1,-1
680,211,0.00,590.59,247.35,343.88,1,-1,-1,-1
680,212,1339.22,480.63,225.52,434.77,1,-1,-1,-1
680,213,193.81,568.18,296.32,327.54,1,-1,-1,-1
680,214,348.92,438.72,233.46,472.08,1,-1,-1,-1
680,215,1524.41,592.36,305.30,353.38,1,-1,-1,-1
680,217,0.47,570.12,125.42,343.03,1,-1,-1,-1
681,132,621.95,326.84,365.36,646.45,1,-1,-1,-1
681,183,1251.30,311.94,386.68,678.15,1,-1,-1,-1
681,187,828.82,232.24,297.86,803.05,1,-1,-1,-1
681,188,834.57,246.70,308.51,780.07,1,-1,-1,-1
681,190,0.02,589.18,75.55,333.57,1,-1,-1,-1
681,196,1411.03,521.89,222.66,404.41,1,-1,-1,-1
681,199,1817.83,593.74,102.12,374.45,1,-1,-1,-1
681,200,256.06,332.10,368.00,657.92,1,-1,-1,-1
681,202,0.00,536.18,80.84,389.27,1,-1,-1,-1
681,203,248.77,462.90,220.02,428.93,1,-1,-1,-1
681,206,1457.57,570.54,214.19,335.69,1,-1,-1,-1
681,207,1694.14,498.31,225.84,429.64,1,-1,-1,-1
681,208,964.10,402.48,360.57,570.79,1,-1,-1,-1
681,209,0.09,581.66,251.01,349.92,1,-1,-1,-1
681,210,1700.01,495.34,218.60,430.48,1,-1,-1,-1
681,211,0.00,606.49,251.59,329.39,1,-1,-1,-1
681,212,1339.22,480.63,225.52,434.77,1,-1,-1,-1
681,213,193.09,563.95,281.29,333.37,1,-1,-1,-1
681,214,348.92,438.72,233.46,472.08,1,-1,-1,-1
681,215,1528.36,612.35,300.29,332.68,1,-1,-1,-1
681,217,0.08,578.97,172.55,353.93,1,-1,-1,-1
682,132,615.34,326.17,370.25,650.29,1,-1,-1,-1
682,183,1245.56,313.88,397.81,678.44,1,-1,-1,-1
682,187,834.77,228.60,292.59,810.03,1,-1,-1,-1
682,188,834.57,246.70,308.51,780.07,1,-1,-1,-1
682,190,0.02,589.18,75.55,333.57,1,-1,-1,-1
682,196,1411.03,521.89,222.66,404.41,1,-1,-1,-1
682,199,1817.83,593.74,102.12,374.45,1,-1,-1,-1
682,200,256.56,330.71,370.45,657.88,1,-1,-1,-1
682,202,0.00,536.18,80.84,389.27,1,-1,-1,-1
682,203,248.77,462.90,220.02,428.93,1,-1,-1,-1
682,206,1442.88,570.83,221.61,334.77,1,-1,-1,-1
682,207,1551.83,613.28,283.65,329.51,1,-1,-1,-1
682,208,962.57,402.53,362.87,572.80,1,-1,-1,-1
682,209,0.01,605.25,257.99,335.23,1,-1,-1,-1
682,210,1693.02,488.27,226.84,440.65,1,-1,-1,-1
682,211,0.23,610.06,253.84,327.89,1,-1,-1,-1
682,212,1339.22,480.63,225.52,434.77,1,-1,-1,-1
682,213,203.84,569.61,267.08,330.55,1,-1,-1,-1
682,214,348.92,438.72,233.46,472.08,1,-1,-1,-1
682,215,1492.16,615.85,334.61,328.88,1,-1,-1,-1
682,217,0.16,585.77,177.61,354.03,1,-1,-1,-1
683,132,600.58,326.01,390.39,658.26,1,-1,-1,-1
683,183,1245.85,315.41,406.14,678.77,1,-1,-1,-1
683,187,839.85,230.99,294.00,805.57,1,-1,-1,-1
683,188,834.57,246.70,308.51,780.07,1,-1,-1,-1
683,190,0.02,589.18,75.55,333.57,1,-1,-1,-1
683,196,1411.03,521.89,222.66,404.41,1,-1,-1,-1
683,199,1817.83,593.74,102.12,374.45,1,-1,-1,-1
683,200,249.71,332.65,377.49,657.22,1,-1,-1,-1
683,202,0.00,536.18,80.84,389.27,1,-1,-1,-1
683,203,248.77,462.90,220.02,428.93,1,-1,-1,-1
683,206,1435.17,572.70,232.06,332.82,1,-1,-1,-1
683,207,1539.76,633.76,295.16,313.38,1,-1,-1,-1
683,208,974.70,403.57,347.39,573.74,1,-1,-1,-1
683,209,73.31,612.22,179.55,311.74,1,-1,-1,-1
683,210,1697.38,481.25,221.59,446.75,1,-1,-1,-1
683,211,0.36,608.55,253.97,326.48,1,-1,-1,-1
683,212,1339.22,480.63,225.52,434.77,1,-1,-1,-1
683,213,201.72,568.56,269.10,337.05,1,-1,-1,-1
683,214,348.92,438.72,233.46,472.08,1,-1,-1,-1
683,215,1492.16,615.85,334.61,328.88,1,-1,-1,-1
683,217,0.02,588.44,184.31,346.94,1,-1,-1,-1
684,132,597.71,325.96,398.31,662.89,1,-1,-1,-1
684,183,1244.27,317.65,409.42,678.73,1,-1,-1,-1
684,187,840.82,230.46,294.16,806.19,1,-1,-1,-1
684,188,834.57,246.70,308.51,780.07,1,-1,-1,-1
684,190,0.02,589.18,75.55,333.57,1,-1,-1,-1
684,196,1411.03,521.89,222.66,404.41,1,-1,-1,-1
684,199,1817.83,593.74,102.12,374.45,1,-1,-1,-1
684,200,236.36,333.35,389.95,657.81,1,-1,-1,-1
684,202,0.00,536.18,80.84,389.27,1,-1,-1,-1
684,203,248.77,462.90,220.02,428.93,1,-1,-1,-1
684,206,1414.01,574.67,247.42,332.95,1,-1,-1,-1
684,207,1539.76,633.76,295.16,313.38,1,-1,-1,-1
684,208,975.52,403.07,347.54,574.59,1,-1,-1,-1
684,209,87.44,613.97,164.29,312.29,1,-1,-1,-1
684,210,1696.67,485.16,222.09,445.11,1,-1,-1,-1
684,211,0.04,600.08,250.71,340.72,1,-1,-1,-1
684,212,1339.22,480.63,225.52,434.77,1,-1,-1,-1
684,213,207.96,567.90,264.28,337.23,1,-1,-1,-1
684,214,348.92,438.72,233.46,472.08,1,-1,-1,-1
684,215,1529.54,637.27,303.09,311.29,1,-1,-1,-1
684,217,0.00,589.57,190.29,350.63,1,-1,-1,-1
685,132,604.05,326.26,397.64,680.21,1,-1,-1,-1
685,183,1244.60,319.31,410.08,678.14,1,-1,-1,-1
685,187,837.51,212.77,311.66,820.71,1,-1,-1,-1
685,188,834.57,246.70,308.51,780.07,1,-1,-1,-1
685,190,0.02,589.18,75.55,333.57,1,-1,-1,-1
685,196,1411.03,521.89,222.66,404.41,1,-1,-1,-1
685,199,1817.83,593.74,102.12,374.45,1,-1,-1,-1
685,200,236.84,335.71,392.45,655.00,1,-1,-1,-1
685,202,0.00,536.18,80.84,389.27,1,-1,-1,-1
685,203,248.77,462.90,220.02,428.93,1,-1,-1,-1
685,206,1414.59,576.43,250.71,332.43,1,-1,-1,-1
685,207,1539.76,633.76,295.16,313.38,1,-1,-1,-1
685,208,977.01,399.38,349.55,576.84,1,-1,-1,-1
685,209,87.44,613.97,164.29,312.29,1,-1,-1,-1
685,210,1701.45,482.84,217.30,449.24,1,-1,-1,-1
685,211,0.00,613.79,259.76,326.15,1,-1,-1,-1
685,212,1339.22,480.63,225.52,434.77,1,-1,-1,-1
685,213,212.48,574.14,273.54,331.46,1,-1,-1,-1
685,214,348.92,438.72,233.46,472.08,1,-1,-1,-1
685,215,1537.32,640.21,295.77,311.54,1,-1,-1,-1
685,217,0.33,588.78,126.90,337.66,1,-1,-1,-1
685,218,1700.12,489.93,219.88,442.40,1,-1,-1,-1
686,132,613.75,329.76,386.25,668.40,1,-1,-1,-1
686,183,1255.77,322.76,402.59,675.96,1,-1,-1,-1
686,187,816.20,197.49,372.75,842.88,1,-1,-1,-1
686,188,834.57,246.70,308.51,780.07,1,-1,-1,-1
686,190,0.02,589.18,75.55,333.57,1,-1,-1,-1
686,196,1411.03,521.89,222.66,404.41,1,-1,-1,-1
686,199,1817.83,593.74,102.12,374.45,1,-1,-1,-1
686,200,239.21,339.05,393.29,654.53,1,-1,-1,-1
686,202,0.00,536.18,80.84,389.27,1,-1,-1,-1
686,203,248.77,462.90,220.02,428.93,1,-1,-1,-1
686,206,1416.42,575.40,255.07,409.71,1,-1,-1,-1
686,207,1539.76,633.76,295.16,313.38,1,-1,-1,-1
686,208,985.97,410.02,345.52,567.42,1,-1,-1,-1
686,209,87.44,613.97,164.29,312.29,1,-1,-1,-1
686,210,1707.78,486.91,211.28,445.71,1,-1,-1,-1
686,211,0.00,612.89,264.24,322.66,1,-1,-1,-1
686,212,1339.22,480.63,225.52,434.77,1,-1,-1,-1
686,213,223.55,574.54,288.98,328.10,1,-1,-1,-1
686,214,348.92,438.72,233.46,472.08,1,-1,-1,-1
686,215,1538.43,641.16,296.96,311.23,1,-1,-1,-1
686,217,0.05,587.03,181.30,344.57,1,-1,-1,-1
686,218,1704.26,494.88,215.74,437.37,1,-1,-1,-1
687,132,621.27,332.93,382.80,667.74,1,-1,-1,-1
687,183,1260.49,321.13,398.41,677.91,1,-1,-1,-1
687,187,784.56,187.68,416.90,842.56,1,-1,-1,-1
687,188,834.57,246.70,308.51,780.07,1,-1,-1,-1
687,196,1411.03,521.89,222.66,404.41,1,-1,-1,-1
687,199,1817.83,593.74,102.12,374.45,1,-1,-1,-1
687,200,245.02,339.34,390.74,652.04,1,-1,-1,-1
687,202,0.00,536.18,80.84,389.27,1,-1,-1,-1
687,203,248.77,462.90,220.02,428.93,1,-1,-1,-1
687,206,1407.80,572.30,260.64,361.30,1,-1,-1,-1
687,207,1539.76,633.76,295.16,313.38,1,-1,-1,-1
687,208,986.04,372.25,344.82,607.26,1,-1,-1,-1
687,209,87.44,613.97,164.29,312.29,1,-1,-1,-1
687,210,1707.78,486.91,211.28,445.71,1,-1,-1,-1
687,211,0.00,615.60,267.25,318.43,1,-1,-1,-1
687,212,1339.22,480.63,225.52,434.77,1,-1,-1,-1
687,213,198.86,569.85,280.66,336.06,1,-1,-1,-1
687,214,348.92,438.72,233.46,472.08,1,-1,-1,-1
687,215,1547.29,641.27,290.45,310.18,1,-1,-1,-1
687,217,0.09,588.48,175.61,341.56,1,-1,-1,-1
687,218,1705.53,488.58,214.14,446.57,1,-1,-1,-1
688,132,617.23,315.11,394.87,664.67,1,-1,-1,-1
688,183,1260.24,311.55,455.02,681.71,1,-1,-1,-1
688,187,768.47,176.49,454.65,849.75,1,-1,-1,-1
688,188,834.57,246.70,308.51,780.07,1,-1,-1,-1
688,196,1411.03,521.89,222.66,404.41,1,-1,-1,-1
688,199,1817.83,593.74,102.12,374.45,1,-1,-1,-1
688,200,240.67,343.47,396.96,649.00,1,-1,-1,-1
688,202,0.00,536.18,80.84,389.27,1,-1,-1,-1
688,203,248.77,462.90,220.02,428.93,1,-1,-1,-1
688,206,1393.53,572.21,277.33,360.55,1,-1,-1,-1
688,207,1539.76,633.76,295.16,313.38,1,-1,-1,-1
688,208,983.63,354.22,364.37,637.94,1,-1,-1,-1
688,209,8.74,613.10,255.06,321.06,1,-1,-1,-1
688,210,1707.78,486.91,211.28,445.71,1,-1,-1,-1
688,211,0.31,597.41,151.60,330.89,1,-1,-1,-1
688,212,1339.22,480.63,225.52,434.77,1,-1,-1,-1
688,213,199.89,571.55,286.08,337.99,1,-1,-1,-1
688,214,348.92,438.72,233.46,472.08,1,-1,-1,-1
688,215,1531.49,642.35,310.25,310.63,1,-1,-1,-1
688,217,0.06,593.62,178.72,336.57,1,-1,-1,-1
688,218,1707.23,489.70,212.20,447.14,1,-1,-1,-1
689,132,616.64,326.23,385.99,665.63,1,-1,-1,-1
689,183,1271.69,316.26,493.90,675.25,1,-1,-1,-1
689,187,751.45,175.60,503.06,840.27,1,-1,-1,-1
689,188,834.57,246.70,308.51,780.07,1,-1,-1,-1
689,196,1411.03,521.89,222.66,404.41,1,-1,-1,-1
689,199,1817.83,593.74,102.12,374.45,1,-1,-1,-1
689,200,240.68,345.72,396.05,646.59,1,-1,-1,-1
689,202,0.00,536.18,80.84,389.27,1,-1,-1,-1
689,203,248.77,462.90,220.02,428.93,1,-1,-1,-1
689,206,1396.82,572.38,278.86,362.26,1,-1,-1,-1
689,207,1539.76,633.76,295.16,313.38,1,-1,-1,-1
689,208,979.99,401.71,362.82,589.21,1,-1,-1,-1
689,209,0.87,605.55,261.08,329.78,1,-1,-1,-1
689,210,1707.78,486.91,211.28,445.71,1,-1,-1,-1
689,211,0.34,595.54,137.43,329.50,1,-1,-1,-1
689,212,1339.22,480.63,225.52,434.77,1,-1,-1,-1
689,213,199.90,567.45,293.51,341.28,1,-1,-1,-1
689,214,223.53,550.83,318.15,354.72,1,-1,-1,-1
689,215,1535.31,645.09,307.15,308.51,1,-1,-1,-1
689,217,0.01,594.21,184.32,335.48,1,-1,-1,-1
689,218,1708.41,488.62,210.73,449.35,1,-1,-1,-1
690,132,617.37,322.68,382.61,678.12,1,-1,-1,-1
690,183,1275.45,323.77,513.69,665.83,1,-1,-1,-1
690,187,718.90,180.94,595.74,838.14,1,-1,-1,-1
690,188,834.57,246.70,308.51,780.07,1,-1,-1,-1
690,196,1411.03,521.89,222.66,404.41,1,-1,-1,-1
690,200,242.83,348.97,394.46,642.80,1,-1,-1,-1
690,203,248.77,462.90,220.02,428.93,1,-1,-1,-1
690,206,1401.84,574.92,276.83,370.27,1,-1,-1,-1
690,207,1539.76,633.76,295.16,313.38,1,-1,-1,-1
690,208,982.71,402.78,372.14,589.05,1,-1,-1,-1
690,209,0.09,603.30,265.63,331.59,1,-1,-1,-1
690,210,1707.78,486.91,211.28,445.71,1,-1,-1,-1
690,211,0.34,595.54,137.43,329.50,1,-1,-1,-1
690,212,1339.22,480.63,225.52,434.77,1,-1,-1,-1
690,213,199.90,567.45,293.51,341.28,1,-1,-1,-1
690,214,215.12,566.14,320.95,338.91,1,-1,-1,-1
690,215,1540.75,649.42,303.08,305.72,1,-1,-1,-1
690,217,0.00,594.88,171.68,335.00,1,-1,-1,-1
690,218,1705.08,490.93,214.80,447.87,1,-1,-1,-1
691,132,615.22,301.56,390.30,689.22,1,-1,-1,-1
691,183,1274.16,330.84,536.51,671.26,1,-1,-1,-1
691,187,667.51,197.42,683.06,842.05,1,-1,-1,-1
691,188,834.57,246.70,308.51,780.07,1,-1,-1,-1
691,200,262.80,354.44,374.70,637.86,1,-1,-1,-1
691,203,248.77,462.90,220.02,428.93,1,-1,-1,-1
691,206,1401.84,574.92,276.83,370.27,1,-1,-1,-1
691,207,1539.76,633.76,295.16,313.38,1,-1,-1,-1
691,208,979.98,387.35,391.12,606.88,1,-1,-1,-1
691,209,0.01,603.88,257.53,331.69,1,-1,-1,-1
691,210,1707.78,486.91,211.28,445.71,1,-1,-1,-1
691,211,0.34,595.54,137.43,329.50,1,-1,-1,-1
691,212,1339.22,480.63,225.52,434.77,1,-1,-1,-1
691,213,199.90,567.45,293.51,341.28,1,-1,-1,-1
691,214,231.48,584.15,290.77,320.50,1,-1,-1,-1
691,215,1530.53,634.91,325.49,321.03,1,-1,-1,-1
691,217,0.12,595.54,174.56,335.77,1,-1,-1,-1
691,218,1703.68,499.40,215.96,441.52,1,-1,-1,-1
691,219,103.37,621.96,175.54,311.29,1,-1,-1,-1
692,132,615.85,333.90,414.27,659.27,1,-1,-1,-1
692,183,1279.22,340.05,542.93,670.03,1,-1,-1,-1
692,187,646.01,224.99,734.20,822.74,1,-1,-1,-1
692,188,834.57,246.70,308.51,780.07,1,-1,-1,-1
692,200,274.91,379.42,368.76,615.78,1,-1,-1,-1
692,203,221.23,379.70,401.78,594.39,1,-1,-1,-1
692,206,1401.84,574.92,276.83,370.27,1,-1,-1,-1
692,207,1539.76,633.76,295.16,313.38,1,-1,-1,-1
692,208,974.09,409.90,417.72,583.54,1,-1,-1,-1
692,209,0.00,606.30,268.95,330.69,1,-1,-1,-1
692,210,1702.60,472.42,217.19,469.34,1,-1,-1,-1
692,211,0.34,595.54,137.43,329.50,1,-1,-1,-1
692,212,1339.22,480.63,225.52,434.77,1,-1,-1,-1
692,213,212.44,540.08,330.73,368.02,1,-1,-1,-1
692,214,214.34,394.27,358.62,532.54,1,-1,-1,-1
692,215,1530.72,633.97,337.27,323.09,1,-1,-1,-1
692,217,0.14,597.67,153.34,329.23,1,-1,-1,-1
692,218,1544.22,608.52,375.52,345.46,1,-1,-1,-1
692,219,101.14,623.39,186.49,312.37,1,-1,-1,-1
693,132,598.21,367.96,421.51,619.52,1,-1,-1,-1
693,183,1277.69,378.45,574.25,629.73,1,-1,-1,-1
693,187,646.42,269.26,683.07,788.57,1,-1,-1,-1
693,188,834.57,246.70,308.51,780.07,1,-1,-1,-1
693,200,274.91,379.42,368.76,615.78,1,-1,-1,-1
693,203,221.35,399.67,423.39,597.38,1,-1,-1,-1
693,206,1401.84,574.92,276.83,370.27,1,-1,-1,-1
693,207,1539.76,633.76,295.16,313.38,1,-1,-1,-1
693,208,977.06,424.97,427.89,563.40,1,-1,-1,-1
693,209,0.00,601.99,238.55,336.16,1,-1,-1,-1
693,210,1712.58,488.65,207.28,458.85,1,-1,-1,-1
693,211,0.34,595.54,137.43,329.50,1,-1,-1,-1
693,212,1339.22,480.63,225.52,434.77,1,-1,-1,-1
693,213,188.98,417.07,396.22,512.48,1,-1,-1,-1
693,214,214.34,394.27,358.62,532.54,1,-1,-1,-1
693,215,1572.07,635.28,321.51,322.96,1,-1,-1,-1
693,217,0.01,600.55,198.80,332.49,1,-1,-1,-1
693,218,1564.50,634.07,353.73,326.95,1,-1,-1,-1
693,219,101.14,623.39,186.49,312.37,1,-1,-1,-1
694,132,592.25,364.58,428.16,625.75,1,-1,-1,-1
694,183,1281.37,391.38,584.83,605.97,1,-1,-1,-1
694,187,651.50,254.62,706.13,797.73,1,-1,-1,-1
694,188,834.57,246.70,308.51,780.07,1,-1,-1,-1
694,200,283.26,479.45,365.35,521.60,1,-1,-1,-1
694,203,221.35,399.67,423.39,597.38,1,-1,-1,-1
694,206,1401.84,574.92,276.83,370.27,1,-1,-1,-1
694,207,1539.76,633.76,295.16,313.38,1,-1,-1,-1
694,208,986.28,428.28,431.31,560.72,1,-1,-1,-1
694,209,0.00,602.69,237.24,336.93,1,-1,-1,-1
694,210,1728.85,490.40,190.86,434.49,1,-1,-1,-1
694,211,0.34,595.54,137.43,329.50,1,-1,-1,-1
694,212,1339.22,480.63,225.52,434.77,1,-1,-1,-1
694,213,180.41,399.41,376.33,525.83,1,-1,-1,-1
694,214,214.34,394.27,358.62,532.54,1,-1,-1,-1
694,215,1577.48,638.14,299.87,324.18,1,-1,-1,-1
694,217,0.01,600.55,198.80,332.49,1,-1,-1,-1
694,218,1561.93,640.28,357.60,325.19,1,-1,-1,-1
694,219,99.90,630.41,195.61,308.57,1,-1,-1,-1
695,132,595.16,354.10,417.09,665.67,1,-1,-1,-1
695,183,1283.00,380.63,590.23,623.45,1,-1,-1,-1
695,187,638.48,228.61,721.03,814.60,1,-1,-1,-1
695,188,834.57,246.70,308.51,780.07,1,-1,-1,-1
695,200,283.26,479.45,365.35,521.60,1,-1,-1,-1
695,203,279.18,476.47,376.35,526.43,1,-1,-1,-1
695,206,1401.84,574.92,276.83,370.27,1,-1,-1,-1
695,207,1539.76,633.76,295.16,313.38,1,-1,-1,-1
695,208,994.46,425.84,427.28,569.76,1,-1,-1,-1
695,209,0.38,604.18,250.83,337.21,1,-1,-1,-1
695,210,1717.35,501.79,202.27,444.39,1,-1,-1,-1
695,211,0.34,595.54,137.43,329.50,1,-1,-1,-1
695,212,1339.22,480.63,225.52,434.77,1,-1,-1,-1
695,213,176.09,396.35,392.69,529.13,1,-1,-1,-1
695,214,214.34,394.27,358.62,532.54,1,-1,-1,-1
695,215,1576.88,641.20,301.68,322.46,1,-1,-1,-1
695,217,0.25,605.04,210.28,332.26,1,-1,-1,-1
695,218,1548.63,633.80,371.33,333.32,1,-1,-1,-1
695,219,9.99,629.18,288.15,313.52,1,-1,-1,-1
696,132,592.61,381.96,421.34,630.53,1,-1,-1,-1
696,183,1282.37,372.37,592.57,630.45,1,-1,-1,-1
696,187,633.67,213.85,739.81,831.86,1,-1,-1,-1
696,188,834.57,246.70,308.51,780.07,1,-1,-1,-1
696,200,263.68,411.90,399.00,592.03,1,-1,-1,-1
696,203,200.70,409.21,460.06,592.36,1,-1,-1,-1
696,206,1401.84,574.92,276.83,370.27,1,-1,-1,-1
696,207,1539.76,633.76,295.16,313.38,1,-1,-1,-1
696,208,998.22,419.28,425.25,576.78,1,-1,-1,-1
696,209,0.38,604.18,250.83,337.21,1,-1,-1,-1
696,210,1730.72,494.54,189.22,452.01,1,-1,-1,-1
696,211,0.34,595.54,137.43,329.50,1,-1,-1,-1
696,212,1339.22,480.63,225.52,434.77,1,-1,-1,-1
696,213,180.97,405.65,426.13,527.78,1,-1,-1,-1
696,214,214.34,394.27,358.62,532.54,1,-1,-1,-1
696,215,1582.86,642.27,301.55,323.17,1,-1,-1,-1
696,217,0.07,607.00,196.05,330.39,1,-1,-1,-1
696,218,1548.63,633.80,371.33,333.32,1,-1,-1,-1
696,219,1.00,633.67,297.22,310.89,1,-1,-1,-1
697,132,592.39,374.57,421.06,634.55,1,-1,-1,-1
697,183,1283.80,369.26,593.69,638.13,1,-1,-1,-1
697,187,643.54,224.68,733.39,823.62,1,-1,-1,-1
697,188,834.57,246.70,308.51,780.07,1,-1,-1,-1
697,200,263.68,411.90,399.00,592.03,1,-1,-1,-1
697,203,208.93,400.81,452.38,604.86,1,-1,-1,-1
697,206,1401.84,574.92,276.83,370.27,1,-1,-1,-1
697,207,1539.76,633.76,295.16,313.38,1,-1,-1,-1
697,208,1000.45,419.99,419.35,581.75,1,-1,-1,-1
697,209,0.38,604.18,250.83,337.21,1,-1,-1,-1
697,210,1719.39,565.91,199.45,381.32,1,-1,-1,-1
697,211,0.34,595.54,137.43,329.50,1,-1,-1,-1
697,212,1339.22,480.63,225.52,434.77,1,-1,-1,-1
697,213,190.68,404.69,422.21,532.16,1,-1,-1,-1
697,214,214.34,394.27,358.62,532.54,1,-1,-1,-1
697,215,1594.64,647.66,297.03,319.99,1,-1,-1,-1
697,217,0.17,608.97,194.45,327.69,1,-1,-1,-1
697,218,1570.84,646.68,349.15,324.23,1,-1,-1,-1
697,219,3.66,635.68,296.70,309.71,1,-1,-1,-1
698,132,589.19,361.87,424.22,663.40,1,-1,-1,-1
698,183,1287.99,363.47,600.10,647.35,1,-1,-1,-1
698,187,659.12,233.78,719.95,821.68,1,-1,-1,-1
698,188,834.57,246.70,308.51,780.07,1,-1,-1,-1
698,200,263.68,411.90,399.00,592.03,1,-1,-1,-1
698,203,196.06,384.30,463.27,624.75,1,-1,-1,-1
698,206,1300.57,410.66,398.90,591.33,1,-1,-1,-1
698,207,1539.76,633.76,295.16,313.38,1,-1,-1,-1
698,208,998.81,422.47,431.72,583.19,1,-1,-1,-1
698,209,0.38,604.18,250.83,337.21,1,-1,-1,-1
698,210,1736.89,500.36,182.53,433.53,1,-1,-1,-1
698,211,0.34,595.54,137.43,329.50,1,-1,-1,-1
698,212,1339.22,480.63,225.52,434.77,1,-1,-1,-1
698,213,190.68,404.69,422.21,532.16,1,-1,-1,-1
698,214,214.34,394.27,358.62,532.54,1,-1,-1,-1
698,215,1598.22,642.33,302.70,328.30,1,-1,-1,-1
698,217,0.17,608.97,194.45,327.69,1,-1,-1,-1
698,218,1583.78,637.70,334.07,335.94,1,-1,-1,-1
698,219,7.78,636.00,296.11,312.76,1,-1,-1,-1
699,132,592.27,385.71,431.55,619.90,1,-1,-1,-1
699,183,1289.75,365.54,600.28,646.40,1,-1,-1,-1
699,187,663.48,232.02,717.21,843.58,1,-1,-1,-1
699,188,834.57,246.70,308.51,780.07,1,-1,-1,-1
699,200,263.68,411.90,399.00,592.03,1,-1,-1,-1
699,203,194.07,380.69,466.37,631.20,1,-1,-1,-1
699,206,1300.57,410.66,398.90,591.33,1,-1,-1,-1
699,207,1539.76,633.76,295.16,313.38,1,-1,-1,-1
699,208,993.28,417.93,442.28,588.48,1,-1,-1,-1
699,209,0.38,604.18,250.83,337.21,1,-1,-1,-1
699,210,1733.34,492.73,186.27,435.92,1,-1,-1,-1
699,211,0.34,595.54,137.43,329.50,1,-1,-1,-1
699,212,1339.22,480.63,225.52,434.77,1,-1,-1,-1
699,213,190.68,404.69,422.21,532.16,1,-1,-1,-1
699,214,214.34,394.27,358.62,532.54,1,-1,-1,-1
699,215,1603.20,635.72,304.73,336.48,1,-1,-1,-1
699,217,0.17,608.97,194.45,327.69,1,-1,-1,-1
699,218,1592.79,612.38,324.98,362.43,1,-1,-1,-1
699,219,11.42,635.79,297.72,313.82,1,-1,-1,-1
700,132,595.46,376.83,432.54,632.84,1,-1,-1,-1
700,183,1290.40,366.22,597.08,647.71,1,-1,-1,-1
700,187,666.74,243.99,718.03,834.13,1,-1,-1,-1
700,188,834.57,246.70,308.51,780.07,1,-1,-1,-1
700,200,263.68,411.90,399.00,592.03,1,-1,-1,-1
700,203,192.70,386.19,469.24,632.46,1,-1,-1,-1
700,206,1300.57,410.66,398.90,591.33,1,-1,-1,-1
700,207,1539.76,633.76,295.16,313.38,1,-1,-1,-1
700,208,987.69,421.02,449.32,588.13,1,-1,-1,-1
700,209,0.38,604.18,250.83,337.21,1,-1,-1,-1
700,210,1743.41,492.24,176.49,458.64,1,-1,-1,-1
700,211,0.34,595.54,137.43,329.50,1,-1,-1,-1
700,212,1339.22,480.63,225.52,434.77,1,-1,-1,-1
700,213,190.68,404.69,422.21,532.16,1,-1,-1,-1
700,214,214.34,394.27,358.62,532.54,1,-1,-1,-1
700,215,1600.71,640.87,306.70,333.17,1,-1,-1,-1
700,217,0.02,615.92,188.34,325.21,1,-1,-1,-1
700,218,1585.50,636.02,331.98,340.68,1,-1,-1,-1
700,219,11.64,638.75,299.61,309.90,1,-1,-1,-1
701,132,605.59,382.31,426.32,620.48,1,-1,-1,-1
701,183,1292.54,376.04,593.64,637.17,1,-1,-1,-1
701,187,673.21,279.29,695.42,800.52,1,-1,-1,-1
701,188,834.57,246.70,308.51,780.07,1,-1,-1,-1
701,200,263.68,411.90,399.00,592.03,1,-1,-1,-1
701,203,201.61,387.40,461.60,627.80,1,-1,-1,-1
701,206,1300.57,410.66,398.90,591.33,1,-1,-1,-1
701,207,1539.76,633.76,295.16,313.38,1,-1,-1,-1
701,208,981.53,425.03,457.76,582.46,1,-1,-1,-1
701,209,109.46,637.17,202.63,308.41,1,-1,-1,-1
701,210,1750.33,491.03,169.66,450.76,1,-1,-1,-1
701,211,0.34,595.54,137.43,329.50,1,-1,-1,-1
701,212,1339.22,480.63,225.52,434.77,1,-1,-1,-1
701,213,190.68,404.69,422.21,532.16,1,-1,-1,-1
701,214,214.34,394.27,358.62,532.54,1,-1,-1,-1
701,215,1609.85,644.89,294.55,330.21,1,-1,-1,-1
701,217,0.00,617.94,196.33,324.66,1,-1,-1,-1
701,218,1585.50,636.02,331.98,340.68,1,-1,-1,-1
701,219,10.03,637.35,302.28,312.31,1,-1,-1,-1
702,132,618.48,376.82,414.70,636.55,1,-1,-1,-1
702,183,1291.44,379.18,599.10,635.61,1,-1,-1,-1
702,187,672.06,295.87,686.90,783.67,1,-1,-1,-1
702,188,834.57,246.70,308.51,780.07,1,-1,-1,-1
702,200,263.68,411.90,399.00,592.03,1,-1,-1,-1
702,203,199.77,380.62,463.92,633.56,1,-1,-1,-1
702,206,1300.57,410.66,398.90,591.33,1,-1,-1,-1
702,207,1539.76,633.76,295.16,313.38,1,-1,-1,-1
702,208,986.33,431.24,450.83,576.76,1,-1,-1,-1
702,209,126.67,642.18,183.30,305.16,1,-1,-1,-1
702,210,1751.68,489.13,168.32,459.34,1,-1,-1,-1
702,211,0.34,595.54,137.43,329.50,1,-1,-1,-1
702,212,1339.22,480.63,225.52,434.77,1,-1,-1,-1
702,213,190.68,404.69,422.21,532.16,1,-1,-1,-1
702,214,214.34,394.27,358.62,532.54,1,-1,-1,-1
702,215,1590.96,631.97,324.80,345.91,1,-1,-1,-1
702,217,0.00,617.94,196.33,324.66,1,-1,-1,-1
702,218,1600.80,638.80,306.93,338.34,1,-1,-1,-1
702,219,5.59,635.29,301.83,317.13,1,-1,-1,-1
703,132,611.42,359.83,411.04,660.81,1,-1,-1,-1
703,183,1291.17,371.31,596.90,647.30,1,-1,-1,-1
703,187,658.50,250.71,701.56,829.25,1,-1,-1,-1
703,188,834.57,246.70,308.51,780.07,1,-1,-1,-1
703,200,231.35,543.01,332.52,402.82,1,-1,-1,-1
703,203,208.82,381.74,452.07,632.19,1,-1,-1,-1
703,206,1300.57,410.66,398.90,591.33,1,-1,-1,-1
703,207,1539.76,633.76,295.16,313.38,1,-1,-1,-1
703,208,986.66,422.42,448.03,588.98,1,-1,-1,-1
703,209,132.89,644.69,176.64,303.77,1,-1,-1,-1
703,210,1752.22,487.66,167.78,451.22,1,-1,-1,-1
703,211,0.34,595.54,137.43,329.50,1,-1,-1,-1
703,212,1339.22,480.63,225.52,434.77,1,-1,-1,-1
703,213,190.68,404.69,422.21,532.16,1,-1,-1,-1
703,214,214.34,394.27,358.62,532.54,1,-1,-1,-1
703,215,1560.56,642.28,351.74,335.28,1,-1,-1,-1
703,217,0.00,617.94,196.33,324.66,1,-1,-1,-1
703,218,1586.49,645.16,314.42,332.21,1,-1,-1,-1
703,219,10.98,640.23,296.68,314.55,1,-1,-1,-1
704,132,602.65,396.28,418.75,619.01,1,-1,-1,-1
704,183,1288.16,366.49,584.56,653.25,1,-1,-1,-1
704,187,651.55,234.04,730.86,842.88,1,-1,-1,-1
704,188,834.57,246.70,308.51,780.07,1,-1,-1,-1
704,200,231.35,543.01,332.52,402.82,1,-1,-1,-1
704,203,212.46,381.03,447.77,634.14,1,-1,-1,-1
704,206,1300.57,410.66,398.90,591.33,1,-1,-1,-1
704,207,1539.76,633.76,295.16,313.38,1,-1,-1,-1
704,208,988.58,415.37,445.40,597.27,1,-1,-1,-1
704,209,132.89,644.69,176.64,303.77,1,-1,-1,-1
704,210,1752.27,485.59,167.73,455.35,1,-1,-1,-1
704,211,0.34,595.54,137.43,329.50,1,-1,-1,-1
704,213,190.68,404.69,422.21,532.16,1,-1,-1,-1
704,214,214.34,394.27,358.62,532.54,1,-1,-1,-1
704,215,1587.07,651.07,313.29,328.41,1,-1,-1,-1
704,217,7.85,621.80,206.01,328.73,1,-1,-1,-1
704,218,1586.49,645.16,314.42,332.21,1,-1,-1,-1
704,219,9.78,643.17,292.05,312.89,1,-1,-1,-1
705,132,595.37,393.21,421.37,625.33,1,-1,-1,-1
705,183,1290.41,358.78,543.97,658.35,1,-1,-1,-1
705,187,645.09,242.23,715.78,828.79,1,-1,-1,-1
705,188,834.57,246.70,308.51,780.07,1,-1,-1,-1
705,200,230.50,566.08,328.78,377.57,1,-1,-1,-1
705,203,215.06,381.25,444.59,634.21,1,-1,-1,-1
705,206,1300.57,410.66,398.90,591.33,1,-1,-1,-1
705,207,1539.76,633.76,295.16,313.38,1,-1,-1,-1
705,208,990.75,404.71,439.24,605.70,1,-1,-1,-1
705,209,132.89,644.69,176.64,303.77,1,-1,-1,-1
705,210,1746.65,484.27,173.35,453.03,1,-1,-1,-1
705,211,0.34,595.54,137.43,329.50,1,-1,-1,-1
705,213,190.68,404.69,422.21,532.16,1,-1,-1,-1
705,214,214.34,394.27,358.62,532.54,1,-1,-1,-1
705,215,1593.92,652.55,305.61,326.49,1,-1,-1,-1
705,217,0.78,622.52,194.18,323.20,1,-1,-1,-1
705,218,1586.49,645.16,314.42,332.21,1,-1,-1,-1
705,219,1.66,643.48,296.82,312.85,1,-1,-1,-1
706,132,593.61,358.59,414.30,674.42,1,-1,-1,-1
706,183,1286.41,348.77,548.07,670.01,1,-1,-1,-1
706,187,656.42,240.44,703.14,827.77,1,-1,-1,-1
706,188,834.57,246.70,308.51,780.07,1,-1,-1,-1
706,200,230.50,566.08,328.78,377.57,1,-1,-1,-1
706,203,215.45,386.93,445.25,628.07,1,-1,-1,-1
706,206,1300.57,410.66,398.90,591.33,1,-1,-1,-1
706,207,1539.76,633.76,295.16,313.38,1,-1,-1,-1
706,208,993.74,399.05,421.36,611.54,1,-1,-1,-1
706,209,132.89,644.69,176.64,303.77,1,-1,-1,-1
706,210,1750.47,434.80,169.46,493.48,1,-1,-1,-1
706,211,0.34,595.54,137.43,329.50,1,-1,-1,-1
706,213,205.91,391.35,417.24,589.40,1,-1,-1,-1
706,214,214.34,394.27,358.62,532.54,1,-1,-1,-1
706,215,1586.99,658.97,309.44,320.57,1,-1,-1,-1
706,217,0.08,623.29,192.35,321.51,1,-1,-1,-1
706,218,1586.49,645.16,314.42,332.21,1,-1,-1,-1
706,219,3.51,643.78,297.38,312.80,1,-1,-1,-1
707,132,589.99,369.92,412.95,653.07,1,-1,-1,-1
707,183,1283.15,352.25,545.56,667.00,1,-1,-1,-1
707,187,714.80,240.14,649.73,828.31,1,-1,-1,-1
707,188,834.57,246.70,308.51,780.07,1,-1,-1,-1
707,200,230.50,566.08,328.78,377.57,1,-1,-1,-1
707,203,208.48,396.77,450.98,619.88,1,-1,-1,-1
707,206,1300.57,410.66,398.90,591.33,1,-1,-1,-1
707,207,1539.76,633.76,295.16,313.38,1,-1,-1,-1
707,208,995.71,400.03,415.71,611.56,1,-1,-1,-1
707,209,132.89,644.69,176.64,303.77,1,-1,-1,-1
707,210,1740.19,474.39,179.37,463.54,1,-1,-1,-1
707,211,0.34,595.54,137.43,329.50,1,-1,-1,-1
707,213,205.91,391.35,417.24,589.40,1,-1,-1,-1
707,214,214.34,394.27,358.62,532.54,1,-1,-1,-1
707,215,1551.28,657.03,360.61,321.89,1,-1,-1,-1
707,217,0.08,623.29,192.35,321.51,1,-1,-1,-1
707,218,1580.42,656.14,317.39,323.48,1,-1,-1,-1
707,219,3.58,644.85,296.07,312.44,1,-1,-1,-1
708,132,574.26,400.70,429.07,605.26,1,-1,-1,-1
708,183,1280.86,376.24,556.51,640.88,1,-1,-1,-1
708,187,706.92,265.77,659.17,804.46,1,-1,-1,-1
708,188,834.57,246.70,308.51,780.07,1,-1,-1,-1
708,200,230.50,566.08,328.78,377.57,1,-1,-1,-1
708,203,194.66,411.98,461.86,605.74,1,-1,-1,-1
708,206,1300.57,410.66,398.90,591.33,1,-1,-1,-1
708,207,1539.76,633.76,295.16,313.38,1,-1,-1,-1
708,208,991.96,391.72,411.54,619.43,1,-1,-1,-1
708,209,13.29,649.12,282.16,308.59,1,-1,-1,-1
708,210,1740.19,474.39,179.37,463.54,1,-1,-1,-1
708,211,0.34,595.54,137.43,329.50,1,-1,-1,-1
708,213,205.91,391.35,417.24,589.40,1,-1,-1,-1
708,214,214.34,394.27,358.62,532.54,1,-1,-1,-1
708,215,1549.54,660.88,368.17,318.06,1,-1,-1,-1
708,217,0.06,625.53,180.12,316.16,1,-1,-1,-1
708,218,1580.09,664.97,312.82,313.76,1,-1,-1,-1
708,219,2.20,627.30,202.45,321.68,1,-1,-1,-1
709,132,572.65,405.11,429.11,610.79,1,-1,-1,-1
709,183,1279.74,369.71,547.18,647.59,1,-1,-1,-1
709,187,643.10,264.29,724.52,807.24,1,-1,-1,-1
709,188,834.57,246.70,308.51,780.07,1,-1,-1,-1
709,200,230.50,566.08,328.78,377.57,1,-1,-1,-1
709,203,257.67,446.08,401.83,575.80,1,-1,-1,-1
709,206,1300.57,410.66,398.90,591.33,1,-1,-1,-1
709,207,1539.76,633.76,295.16,313.38,1,-1,-1,-1
709,208,990.31,403.47,418.50,609.59,1,-1,-1,-1
709,209,1.33,649.31,292.60,311.18,1,-1,-1,-1
709,210,1729.58,570.02,189.81,388.76,1,-1,-1,-1
709,211,0.34,595.54,137.43,329.50,1,-1,-1,-1
709,213,197.39,415.25,456.32,600.11,1,-1,-1,-1
709,214,214.34,394.27,358.62,532.54,1,-1,-1,-1
709,215,1550.20,661.96,363.12,318.37,1,-1,-1,-1
709,217,0.29,626.49,179.28,318.06,1,-1,-1,-1
709,218,1579.78,669.61,308.49,309.66,1,-1,-1,-1
709,219,4.07,625.82,194.53,324.91,1,-1,-1,-1
710,132,573.38,389.36,428.66,635.01,1,-1,-1,-1
710,183,1273.53,365.70,555.77,654.23,1,-1,-1,-1
710,187,616.11,260.68,756.22,805.31,1,-1,-1,-1
710,200,230.50,566.08,328.78,377.57,1,-1,-1,-1
710,203,257.67,446.08,401.83,575.80,1,-1,-1,-1
710,206,1300.57,410.66,398.90,591.33,1,-1,-1,-1
710,207,1539.76,633.76,295.16,313.38,1,-1,-1,-1
710,208,987.15,413.42,421.90,597.59,1,-1,-1,-1
710,209,0.13,650.80,293.32,309.99,1,-1,-1,-1
710,210,1729.58,570.02,189.81,388.76,1,-1,-1,-1
710,211,0.34,595.54,137.43,329.50,1,-1,-1,-1
710,213,184.55,412.85,468.26,605.47,1,-1,-1,-1
710,214,214.34,394.27,358.62,532.54,1,-1,-1,-1
710,215,1538.69,655.10,380.64,325.91,1,-1,-1,-1
710,217,0.54,628.08,183.04,320.16,1,-1,-1,-1
710,218,1566.82,667.50,318.60,312.48,1,-1,-1,-1
710,219,3.38,626.93,203.87,325.56,1,-1,-1,-1
711,132,574.78,405.05,424.19,632.72,1,-1,-1,-1
711,183,1262.65,358.56,572.84,662.56,1,-1,-1,-1
711,187,605.78,258.30,766.81,805.34,1,-1,-1,-1
711,200,230.50,566.08,328.78,377.57,1,-1,-1,-1
711,203,263.92,442.27,389.62,578.99,1,-1,-1,-1
711,206,1300.57,410.66,398.90,591.33,1,-1,-1,-1
711,207,1539.76,633.76,295.16,313.38,1,-1,-1,-1
711,208,977.77,416.18,430.24,598.30,1,-1,-1,-1
711,209,0.01,651.64,293.09,309.65,1,-1,-1,-1
711,210,1729.58,570.02,189.81,388.76,1,-1,-1,-1
711,211,0.34,595.54,137.43,329.50,1,-1,-1,-1
711,213,185.11,411.02,467.00,606.89,1,-1,-1,-1
711,214,214.34,394.27,358.62,532.54,1,-1,-1,-1
711,215,1537.38,656.06,374.47,323.78,1,-1,-1,-1
711,217,0.65,627.79,186.38,320.84,1,-1,-1,-1
711,218,1567.92,664.69,313.97,314.91,1,-1,-1,-1
711,219,3.11,628.03,228.49,328.46,1,-1,-1,-1
712,132,573.21,417.80,421.04,619.31,1,-1,-1,-1
712,183,1273.18,352.68,563.65,668.70,1,-1,-1,-1
712,187,605.96,256.77,766.01,810.96,1,-1,-1,-1
712,200,230.50,566.08,328.78,377.57,1,-1,-1,-1
712,203,263.92,442.27,389.62,578.99,1,-1,-1,-1
712,206,1300.57,410.66,398.90,591.33,1,-1,-1,-1
712,207,1539.76,633.76,295.16,313.38,1,-1,-1,-1
712,208,981.87,419.81,422.70,592.61,1,-1,-1,-1
712,209,0.00,651.55,293.58,311.67,1,-1,-1,-1
712,210,1729.58,570.02,189.81,388.76,1,-1,-1,-1
712,211,0.34,595.54,137.43,329.50,1,-1,-1,-1
712,213,185.11,411.02,467.00,606.89,1,-1,-1,-1
712,214,214.34,394.27,358.62,532.54,1,-1,-1,-1
712,215,1537.38,656.06,374.47,323.78,1,-1,-1,-1
712,217,0.70,628.78,179.39,323.94,1,-1,-1,-1
712,218,1566.04,662.23,310.23,317.25,1,-1,-1,-1
712,219,3.11,628.03,228.49,328.46,1,-1,-1,-1
712,220,1730.19,538.38,189.55,421.72,1,-1,-1,-1
712,221,1426.39,597.12,281.90,341.51,1,-1,-1,-1
713,132,581.52,382.86,408.70,644.55,1,-1,-1,-1
713,183,1271.86,349.67,566.01,674.33,1,-1,-1,-1
713,187,621.46,250.81,751.26,827.96,1,-1,-1,-1
713,200,230.50,566.08,328.78,377.57,1,-1,-1,-1
713,203,263.92,442.27,389.62,578.99,1,-1,-1,-1
713,206,1300.57,410.66,398.90,591.33,1,-1,-1,-1
713,207,1539.76,633.76,295.16,313.38,1,-1,-1,-1
713,208,977.89,426.20,423.76,584.78,1,-1,-1,-1
713,209,0.00,652.52,295.70,311.27,1,-1,-1,-1
713,210,1729.58,570.02,189.81,388.76,1,-1,-1,-1
713,211,0.34,595.54,137.43,329.50,1,-1,-1,-1
713,213,185.11,411.02,467.00,606.89,1,-1,-1,-1
713,214,214.34,394.27,358.62,532.54,1,-1,-1,-1
713,215,1537.38,656.06,374.47,323.78,1,-1,-1,-1
713,217,0.67,629.03,180.41,324.52,1,-1,-1,-1
713,218,1557.86,663.88,317.09,314.89,1,-1,-1,-1
713,219,3.11,628.03,228.49,328.46,1,-1,-1,-1
713,220,1731.04,537.15,188.68,415.72,1,-1,-1,-1
713,221,1440.43,596.37,267.83,340.92,1,-1,-1,-1
713,222,204.55,406.13,443.13,610.32,1,-1,-1,-1
714,132,587.08,391.23,393.54,637.47,1,-1,-1,-1
714,183,1269.04,349.21,568.27,673.90,1,-1,-1,-1
714,187,629.29,248.26,733.68,830.77,1,-1,-1,-1
714,200,230.50,566.08,328.78,377.57,1,-1,-1,-1
714,203,263.92,442.27,389.62,578.99,1,-1,-1,-1
714,206,1300.57,410.66,398.90,591.33,1,-1,-1,-1
714,208,977.67,433.64,420.79,578.20,1,-1,-1,-1
714,209,0.00,653.49,295.64,310.76,1,-1,-1,-1
714,210,1729.58,570.02,189.81,388.76,1,-1,-1,-1
714,211,0.34,595.54,137.43,329.50,1,-1,-1,-1
714,213,185.11,411.02,467.00,606.89,1,-1,-1,-1
714,214,214.34,394.27,358.62,532.54,1,-1,-1,-1
714,215,1523.32,658.33,381.08,320.67,1,-1,-1,-1
714,217,0.76,629.25,178.81,325.92,1,-1,-1,-1
714,218,1557.85,664.27,315.15,314.54,1,-1,-1,-1
714,219,3.81,627.91,201.50,330.06,1,-1,-1,-1
714,220,1728.77,537.80,191.20,425.30,1,-1,-1,-1
714,221,1443.84,596.49,263.00,341.54,1,-1,-1,-1
714,222,208.10,403.24,440.15,613.85,1,-1,-1,-1
715,132,594.11,383.57,386.87,651.31,1,-1,-1,-1
715,183,1267.53,349.01,566.41,675.24,1,-1,-1,-1
715,187,641.93,248.78,642.77,831.12,1,-1,-1,-1
715,200,230.50,566.08,328.78,377.57,1,-1,-1,-1
715,203,263.92,442.27,389.62,578.99,1,-1,-1,-1
715,206,1300.57,410.66,398.90,591.33,1,-1,-1,-1
715,208,973.88,437.20,425.77,573.28,1,-1,-1,-1
715,209,0.00,653.27,294.20,311.46,1,-1,-1,-1
715,210,1729.58,570.02,189.81,388.76,1,-1,-1,-1
715,211,0.34,595.54,137.43,329.50,1,-1,-1,-1
715,213,185.11,411.02,467.00,606.89,1,-1,-1,-1
715,214,214.34,394.27,358.62,532.54,1,-1,-1,-1
715,215,1523.32,658.33,381.08,320.67,1,-1,-1,-1
715,217,0.63,629.29,177.91,327.33,1,-1,-1,-1
715,218,1560.24,662.87,310.50,315.49,1,-1,-1,-1
715,219,3.81,627.91,201.50,330.06,1,-1,-1,-1
715,220,1730.40,540.01,189.60,417.52,1,-1,-1,-1
715,221,1442.61,597.25,265.70,340.36,1,-1,-1,-1
715,222,209.60,400.14,437.90,614.97,1,-1,-1,-1
716,132,597.08,380.27,382.29,670.11,1,-1,-1,-1
716,183,1272.03,347.29,560.30,678.79,1,-1,-1,-1
716,187,644.94,249.60,683.28,828.58,1,-1,-1,-1
716,200,230.50,566.08,328.78,377.57,1,-1,-1,-1
716,203,263.92,442.27,389.62,578.99,1,-1,-1,-1
716,206,1300.57,410.66,398.90,591.33,1,-1,-1,-1
716,208,981.99,443.84,415.14,567.14,1,-1,-1,-1
716,209,0.00,654.89,294.56,310.06,1,-1,-1,-1
716,210,1729.58,570.02,189.81,388.76,1,-1,-1,-1
716,211,0.34,595.54,137.43,329.50,1,-1,-1,-1
716,213,185.11,411.02,467.00,606.89,1,-1,-1,-1
716,214,214.34,394.27,358.62,532.54,1,-1,-1,-1
716,215,1523.32,658.33,381.08,320.67,1,-1,-1,-1
716,217,0.68,629.56,175.21,326.90,1,-1,-1,-1
716,218,1557.15,662.84,311.71,315.13,1,-1,-1,-1
716,219,3.81,627.91,201.50,330.06,1,-1,-1,-1
716,220,1724.98,538.91,195.02,425.45,1,-1,-1,-1
716,221,1444.90,596.22,266.69,341.02,1,-1,-1,-1
716,222,217.30,395.17,426.06,621.84,1,-1,-1,-1
717,132,602.21,377.08,378.75,667.24,1,-1,-1,-1
717,183,1271.18,347.55,558.79,677.30,1,-1,-1,-1
717,187,649.57,246.53,608.21,828.42,1,-1,-1,-1
717,200,230.50,566.08,328.78,377.57,1,-1,-1,-1
717,203,263.92,442.27,389.62,578.99,1,-1,-1,-1
717,206,1300.57,410.66,398.90,591.33,1,-1,-1,-1
717,208,983.93,443.83,410.89,569.15,1,-1,-1,-1
717,209,113.33,656.65,181.09,301.36,1,-1,-1,-1
717,210,1729.58,570.02,189.81,388.76,1,-1,-1,-1
717,211,0.34,595.54,137.43,329.50,1,-1,-1,-1
717,213,185.11,411.02,467.00,606.89,1,-1,-1,-1
717,214,214.34,394.27,358.62,532.54,1,-1,-1,-1
717,215,1504.83,652.70,372.35,327.75,1,-1,-1,-1
717,217,0.07,629.15,178.58,330.27,1,-1,-1,-1
717,218,1549.33,663.73,318.64,314.65,1,-1,-1,-1
717,219,0.38,652.70,284.32,312.21,1,-1,-1,-1
717,220,1725.67,540.84,194.33,423.40,1,-1,-1,-1
717,221,1450.39,596.68,258.10,339.35,1,-1,-1,-1
717,222,219.76,392.78,418.30,628.21,1,-1,-1,-1
718,132,608.53,379.85,371.73,649.95,1,-1,-1,-1
718,183,1262.16,349.23,557.32,670.69,1,-1,-1,-1
718,187,661.74,244.75,588.37,822.40,1,-1,-1,-1
718,200,232.60,585.97,314.62,366.29,1,-1,-1,-1
718,203,263.92,442.27,389.62,578.99,1,-1,-1,-1
718,206,1300.57,410.66,398.90,591.33,1,-1,-1,-1
718,208,980.34,448.05,408.11,562.87,1,-1,-1,-1
718,209,125.23,656.90,180.15,300.93,1,-1,-1,-1
718,210,1729.58,570.02,189.81,388.76,1,-1,-1,-1
718,211,0.34,595.54,137.43,329.50,1,-1,-1,-1
718,213,185.11,411.02,467.00,606.89,1,-1,-1,-1
718,214,214.34,394.27,358.62,532.54,1,-1,-1,-1
718,215,1504.83,652.70,372.35,327.75,1,-1,-1,-1
718,217,0.59,629.85,178.87,326.21,1,-1,-1,-1
718,218,1546.79,657.71,319.31,320.70,1,-1,-1,-1
718,219,0.38,652.70,284.32,312.21,1,-1,-1,-1
718,220,1733.27,541.17,186.45,426.14,1,-1,-1,-1
718,221,1399.46,594.46,281.37,352.39,1,-1,-1,-1
718,222,225.95,381.38,406.50,638.49,1,-1,-1,-1
719,132,617.22,376.49,359.42,648.92,1,-1,-1,-1
719,183,1264.34,350.74,552.59,668.74,1,-1,-1,-1
719,187,661.75,242.65,565.29,818.59,1,-1,-1,-1
719,200,232.60,585.97,314.62,366.29,1,-1,-1,-1
719,203,263.92,442.27,389.62,578.99,1,-1,-1,-1
719,206,1300.57,410.66,398.90,591.33,1,-1,-1,-1
719,208,974.93,444.13,412.83,571.01,1,-1,-1,-1
719,209,125.23,656.90,180.15,300.93,1,-1,-1,-1
719,210,1729.58,570.02,189.81,388.76,1,-1,-1,-1
719,211,0.34,595.54,137.43,329.50,1,-1,-1,-1
719,213,185.11,411.02,467.00,606.89,1,-1,-1,-1
719,214,214.34,394.27,358.62,532.54,1,-1,-1,-1
719,215,1504.83,652.70,372.35,327.75,1,-1,-1,-1
719,217,0.49,630.04,177.02,329.83,1,-1,-1,-1
719,218,1557.72,665.18,306.90,312.28,1,-1,-1,-1
719,219,0.38,652.70,284.32,312.21,1,-1,-1,-1
719,220,1732.83,542.46,186.82,425.89,1,-1,-1,-1
719,221,1391.87,594.89,290.80,351.27,1,-1,-1,-1
719,222,237.22,374.40,403.94,646.53,1,-1,-1,-1
720,132,624.51,370.74,355.34,662.93,1,-1,-1,-1
720,183,1319.88,369.51,494.76,597.73,1,-1,-1,-1
720,187,667.60,244.05,635.51,822.32,1,-1,-1,-1
720,200,236.13,601.66,289.83,340.68,1,-1,-1,-1
720,203,263.92,442.27,389.62,578.99,1,-1,-1,-1
720,206,1300.57,410.66,398.90,591.33,1,-1,-1,-1
720,208,977.77,448.14,406.52,565.99,1,-1,-1,-1
720,209,125.23,656.90,180.15,300.93,1,-1,-1,-1
720,210,1729.58,570.02,189.81,388.76,1,-1,-1,-1
720,213,185.11,411.02,467.00,606.89,1,-1,-1,-1
720,214,214.34,394.27,358.62,532.54,1,-1,-1,-1
720,215,1284.73,557.49,408.40,463.88,1,-1,-1,-1
720,217,0.36,630.21,183.54,332.84,1,-1,-1,-1
720,218,1562.75,664.35,298.95,313.24,1,-1,-1,-1
720,219,0.04,633.61,244.31,331.10,1,-1,-1,-1
720,220,1729.32,538.77,190.37,431.43,1,-1,-1,-1
720,221,1384.07,595.00,304.88,348.92,1,-1,-1,-1
720,222,247.16,359.93,405.26,665.74,1,-1,-1,-1
721,132,623.16,363.45,350.81,700.13,1,-1,-1,-1
721,183,1265.43,367.17,526.29,650.62,1,-1,-1,-1
721,187,699.88,224.68,438.62,814.37,1,-1,-1,-1
721,200,237.90,605.96,286.52,339.82,1,-1,-1,-1
721,203,263.92,442.27,389.62,578.99,1,-1,-1,-1
721,206,1300.57,410.66,398.90,591.33,1,-1,-1,-1
721,208,969.40,443.78,414.03,568.21,1,-1,-1,-1
721,209,125.23,656.90,180.15,300.93,1,-1,-1,-1
721,210,1729.58,570.02,189.81,388.76,1,-1,-1,-1
721,213,185.11,411.02,467.00,606.89,1,-1,-1,-1
721,214,214.34,394.27,358.62,532.54,1,-1,-1,-1
721,215,1284.73,557.49,408.40,463.88,1,-1,-1,-1
721,217,0.25,629.66,167.72,333.76,1,-1,-1,-1
721,218,1553.51,642.71,309.99,335.00,1,-1,-1,-1
721,219,0.00,652.48,279.71,316.23,1,-1,-1,-1
721,220,1726.50,533.62,192.76,436.85,1,-1,-1,-1
721,221,1443.10,596.19,271.80,341.46,1,-1,-1,-1
721,222,251.33,351.15,397.01,674.29,1,-1,-1,-1
722,132,622.15,349.77,359.78,708.15,1,-1,-1,-1
722,183,1276.76,379.97,525.96,594.20,1,-1,-1,-1
722,187,684.22,218.80,428.19,801.94,1,-1,-1,-1
722,200,237.90,605.96,286.52,339.82,1,-1,-1,-1
722,203,263.92,442.27,389.62,578.99,1,-1,-1,-1
722,206,1300.57,410.66,398.90,591.33,1,-1,-1,-1
722,208,958.98,441.42,437.08,571.34,1,-1,-1,-1
722,209,125.23,656.90,180.15,300.93,1,-1,-1,-1
722,210,1729.58,570.02,189.81,388.76,1,-1,-1,-1
722,213,185.11,411.02,467.00,606.89,1,-1,-1,-1
722,214,214.34,394.27,358.62,532.54,1,-1,-1,-1
722,215,1284.73,557.49,408.40,463.88,1,-1,-1,-1
722,217,0.19,630.94,166.21,332.50,1,-1,-1,-1
722,218,1533.39,651.35,331.37,328.03,1,-1,-1,-1
722,219,0.00,655.45,281.66,313.56,1,-1,-1,-1
722,220,1723.21,537.09,195.99,432.94,1,-1,-1,-1
722,221,1274.44,578.95,389.00,436.68,1,-1,-1,-1
722,222,248.29,350.12,395.25,672.00,1,-1,-1,-1
723,132,618.85,353.12,368.98,675.39,1,-1,-1,-1
723,183,1348.81,385.21,459.11,588.51,1,-1,-1,-1
723,187,674.79,266.14,507.08,802.89,1,-1,-1,-1
723,200,239.34,609.65,274.32,338.18,1,-1,-1,-1
723,203,263.92,442.27,389.62,578.99,1,-1,-1,-1
723,206,1300.57,410.66,398.90,591.33,1,-1,-1,-1
723,208,974.60,431.45,409.52,582.89,1,-1,-1,-1
723,209,125.23,656.90,180.15,300.93,1,-1,-1,-1
723,210,1729.58,570.02,189.81,388.76,1,-1,-1,-1
723,213,185.11,411.02,467.00,606.89,1,-1,-1,-1
723,215,1284.73,557.49,408.40,463.88,1,-1,-1,-1
723,217,0.04,631.15,160.31,330.17,1,-1,-1,-1
723,218,1534.08,661.52,324.21,318.13,1,-1,-1,-1
723,219,0.00,657.21,278.53,311.75,1,-1,-1,-1
723,220,1722.12,532.01,197.23,436.17,1,-1,-1,-1
723,221,1404.70,596.95,267.94,357.30,1,-1,-1,-1
723,222,221.19,345.67,421.38,677.40,1,-1,-1,-1
724,132,618.47,359.40,365.95,667.86,1,-1,-1,-1
724,183,1378.72,384.04,434.08,584.24,1,-1,-1,-1
724,187,692.77,273.51,447.17,797.94,1,-1,-1,-1
724,200,245.08,610.73,275.41,343.69,1,-1,-1,-1
724,203,263.92,442.27,389.62,578.99,1,-1,-1,-1
724,206,1300.57,410.66,398.90,591.33,1,-1,-1,-1
724,208,987.00,429.69,384.62,581.92,1,-1,-1,-1
724,209,125.23,656.90,180.15,300.93,1,-1,-1,-1
724,210,1729.58,570.02,189.81,388.76,1,-1,-1,-1
724,213,185.11,411.02,467.00,606.89,1,-1,-1,-1
724,215,1284.73,557.49,408.40,463.88,1,-1,-1,-1
724,217,0.00,631.14,162.24,330.81,1,-1,-1,-1
724,218,1529.97,663.14,327.71,316.15,1,-1,-1,-1
724,219,0.00,657.49,275.91,313.64,1,-1,-1,-1
724,220,1722.12,532.01,197.23,436.17,1,-1,-1,-1
724,221,1429.06,600.96,243.49,336.37,1,-1,-1,-1
724,222,230.45,364.74,409.29,657.46,1,-1,-1,-1
725,132,617.39,352.65,365.99,685.87,1,-1,-1,-1
725,183,1332.58,384.00,486.67,611.70,1,-1,-1,-1
725,187,755.35,283.29,393.03,741.12,1,-1,-1,-1
725,200,245.08,610.73,275.41,343.69,1,-1,-1,-1
725,203,263.92,442.27,389.62,578.99,1,-1,-1,-1
725,206,1300.57,410.66,398.90,591.33,1,-1,-1,-1
725,208,998.28,426.95,376.47,584.58,1,-1,-1,-1
725,209,125.23,656.90,180.15,300.93,1,-1,-1,-1
725,210,1729.58,570.02,189.81,388.76,1,-1,-1,-1
725,213,185.11,411.02,467.00,606.89,1,-1,-1,-1
725,215,1284.73,557.49,408.40,463.88,1,-1,-1,-1
725,217,0.03,633.18,156.12,327.32,1,-1,-1,-1
725,218,1521.92,659.30,334.97,320.64,1,-1,-1,-1
725,219,0.00,657.53,273.08,312.00,1,-1,-1,-1
725,220,1718.88,529.54,200.96,436.60,1,-1,-1,-1
725,221,1429.06,600.96,243.49,336.37,1,-1,-1,-1
725,222,220.74,383.86,414.73,636.30,1,-1,-1,-1
726,132,618.52,354.25,355.67,657.11,1,-1,-1,-1
726,183,1260.13,376.77,538.51,641.57,1,-1,-1,-1
726,187,734.86,293.88,462.50,751.93,1,-1,-1,-1
726,200,245.08,610.73,275.41,343.69,1,-1,-1,-1
726,203,263.92,442.27,389.62,578.99,1,-1,-1,-1
726,206,1300.57,410.66,398.90,591.33,1,-1,-1,-1
726,208,997.45,429.69,374.99,580.06,1,-1,-1,-1
726,209,125.23,656.90,180.15,300.93,1,-1,-1,-1
726,210,1729.58,570.02,189.81,388.76,1,-1,-1,-1
726,213,185.11,411.02,467.00,606.89,1,-1,-1,-1
726,215,1284.73,557.49,408.40,463.88,1,-1,-1,-1
726,217,0.00,633.91,163.28,328.90,1,-1,-1,-1
726,218,1521.92,659.30,334.97,320.64,1,-1,-1,-1
726,219,0.00,657.66,273.13,314.41,1,-1,-1,-1
726,220,1712.58,521.72,206.92,445.14,1,-1,-1,-1
726,221,1429.06,600.96,243.49,336.37,1,-1,-1,-1
726,222,221.59,391.70,414.66,630.00,1,-1,-1,-1
726,223,726.57,301.63,473.50,744.14,1,-1,-1,-1
727,132,620.30,367.60,353.65,639.23,1,-1,-1,-1
727,183,1251.73,367.01,478.12,651.65,1,-1,-1,-1
727,187,734.86,293.88,462.50,751.93,1,-1,-1,-1
727,200,245.08,610.73,275.41,343.69,1,-1,-1,-1
727,203,263.92,442.27,389.62,578.99,1,-1,-1,-1
727,206,1300.57,410.66,398.90,591.33,1,-1,-1,-1
727,208,997.86,439.09,374.97,568.22,1,-1,-1,-1
727,209,125.23,656.90,180.15,300.93,1,-1,-1,-1
727,210,1729.58,570.02,189.81,388.76,1,-1,-1,-1
727,213,185.11,411.02,467.00,606.89,1,-1,-1,-1
727,215,1284.73,557.49,408.40,463.88,1,-1,-1,-1
727,217,0.00,634.24,166.08,328.28,1,-1,-1,-1
727,218,1545.70,675.52,304.84,304.87,1,-1,-1,-1
727,219,0.00,656.94,280.20,314.19,1,-1,-1,-1
727,220,1709.33,531.73,210.62,434.79,1,-1,-1,-1
727,221,1429.06,600.96,243.49,336.37,1,-1,-1,-1
727,222,225.98,397.39,405.13,625.60,1,-1,-1,-1
727,223,678.72,305.19,519.00,735.87,1,-1,-1,-1
728,132,620.30,367.60,353.65,639.23,1,-1,-1,-1
728,183,1257.58,361.31,454.04,661.56,1,-1,-1,-1
728,187,734.86,293.88,462.50,751.93,1,-1,-1,-1
728,200,245.08,610.73,275.41,343.69,1,-1,-1,-1
728,203,263.92,442.27,389.62,578.99,1,-1,-1,-1
728,206,1300.57,410.66,398.90,591.33,1,-1,-1,-1
728,208,1050.71,460.87,317.28,544.13,1,-1,-1,-1
728,209,125.23,656.90,180.15,300.93,1,-1,-1,-1
728,210,1729.58,570.02,189.81,388.76,1,-1,-1,-1
728,213,185.11,411.02,467.00,606.89,1,-1,-1,-1
728,215,1284.73,557.49,408.40,463.88,1,-1,-1,-1
728,217,0.23,633.86,156.12,331.50,1,-1,-1,-1
728,218,1548.98,670.61,297.62,308.86,1,-1,-1,-1
728,219,0.00,657.16,266.15,317.32,1,-1,-1,-1
728,220,1714.16,568.49,205.82,397.67,1,-1,-1,-1
728,221,1429.06,600.96,243.49,336.37,1,-1,-1,-1
728,222,205.89,402.11,424.20,628.31,1,-1,-1,-1
728,223,543.66,381.22,657.01,677.56,1,-1,-1,-1
729,132,620.30,367.60,353.65,639.23,1,-1,-1,-1
729,183,1292.57,360.92,411.99,655.69,1,-1,-1,-1
729,187,734.86,293.88,462.50,751.93,1,-1,-1,-1
729,200,288.15,594.91,340.64,378.33,1,-1,-1,-1
729,203,263.92,442.27,389.62,578.99,1,-1,-1,-1
729,208,1072.65,464.70,291.80,544.76,1,-1,-1,-1
729,209,125.23,656.90,180.15,300.93,1,-1,-1,-1
729,210,1729.58,570.02,189.81,388.76,1,-1,-1,-1
729,213,185.11,411.02,467.00,606.89,1,-1,-1,-1
729,215,1284.73,557.49,408.40,463.88,1,-1,-1,-1
729,217,0.25,634.21,156.03,331.56,1,-1,-1,-1
729,218,1531.30,661.22,308.49,318.87,1,-1,-1,-1
729,219,0.00,657.16,266.15,317.32,1,-1,-1,-1
729,220,1700.72,548.96,219.02,418.32,1,-1,-1,-1
729,221,1429.06,600.96,243.49,336.37,1,-1,-1,-1
729,222,185.36,403.59,421.46,640.59,1,-1,-1,-1
729,223,504.90,330.41,693.67,730.22,1,-1,-1,-1
730,132,620.30,367.60,353.65,639.23,1,-1,-1,-1
730,183,1361.28,365.45,333.55,643.56,1,-1,-1,-1
730,187,734.86,293.88,462.50,751.93,1,-1,-1,-1
730,200,291.61,596.52,343.08,355.82,1,-1,-1,-1
730,203,263.92,442.27,389.62,578.99,1,-1,-1,-1
730,208,1063.14,460.85,296.80,556.44,1,-1,-1,-1
730,209,125.23,656.90,180.15,300.93,1,-1,-1,-1
730,210,1729.58,570.02,189.81,388.76,1,-1,-1,-1
730,213,185.11,411.02,467.00,606.89,1,-1,-1,-1
730,215,1284.73,557.49,408.40,463.88,1,-1,-1,-1
730,217,0.12,631.92,162.73,332.77,1,-1,-1,-1
730,218,1531.30,661.22,308.49,318.87,1,-1,-1,-1
730,219,0.00,654.49,257.87,323.77,1,-1,-1,-1
730,220,1695.16,538.36,224.35,428.93,1,-1,-1,-1
730,221,1429.06,600.96,243.49,336.37,1,-1,-1,-1
730,222,177.12,409.62,395.30,629.30,1,-1,-1,-1
730,223,495.27,315.56,705.78,748.26,1,-1,-1,-1
731,132,742.51,465.77,406.86,564.62,1,-1,-1,-1
731,183,1401.78,362.70,376.21,656.26,1,-1,-1,-1
731,187,734.86,293.88,462.50,751.93,1,-1,-1,-1
731,200,312.33,600.62,314.29,338.97,1,-1,-1,-1
731,203,263.92,442.27,389.62,578.99,1,-1,-1,-1
731,208,1013.57,450.08,343.47,574.65,1,-1,-1,-1
731,209,125.23,656.90,180.15,300.93,1,-1,-1,-1
731,210,1729.58,570.02,189.81,388.76,1,-1,-1,-1
731,213,185.11,411.02,467.00,606.89,1,-1,-1,-1
731,215,1284.73,557.49,408.40,463.88,1,-1,-1,-1
731,217,0.03,632.42,178.71,338.58,1,-1,-1,-1
731,218,1531.30,661.22,308.49,318.87,1,-1,-1,-1
731,219,0.00,658.08,258.90,324.52,1,-1,-1,-1
731,220,1697.65,563.54,221.05,402.36,1,-1,-1,-1
731,221,1429.06,600.96,243.49,336.37,1,-1,-1,-1
731,222,177.12,409.62,395.30,629.30,1,-1,-1,-1
731,223,484.50,319.41,664.22,734.26,1,-1,-1,-1
732,132,725.95,418.29,357.16,610.79,1,-1,-1,-1
732,183,1409.01,356.17,406.07,671.42,1,-1,-1,-1
732,187,734.86,293.88,462.50,751.93,1,-1,-1,-1
732,200,305.41,592.24,313.43,353.38,1,-1,-1,-1
732,203,263.92,442.27,389.62,578.99,1,-1,-1,-1
732,208,1032.37,441.49,326.65,585.29,1,-1,-1,-1
732,209,125.23,656.90,180.15,300.93,1,-1,-1,-1
732,210,1729.58,570.02,189.81,388.76,1,-1,-1,-1
732,213,185.11,411.02,467.00,606.89,1,-1,-1,-1
732,215,1284.73,557.49,408.40,463.88,1,-1,-1,-1
732,217,0.03,632.42,178.71,338.58,1,-1,-1,-1
732,218,1531.30,661.22,308.49,318.87,1,-1,-1,-1
732,219,0.00,635.41,231.85,352.55,1,-1,-1,-1
732,220,1693.20,548.47,224.87,417.44,1,-1,-1,-1
732,221,1429.06,600.96,243.49,336.37,1,-1,-1,-1
732,222,146.83,421.04,284.11,621.21,1,-1,-1,-1
732,223,487.46,321.35,571.47,741.93,1,-1,-1,-1
732,226,1257.79,537.67,379.56,445.29,1,-1,-1,-1
733,132,734.16,421.45,298.38,582.38,1,-1,-1,-1
733,183,1419.49,344.84,466.03,697.70,1,-1,-1,-1
733,187,734.86,293.88,462.50,751.93,1,-1,-1,-1
733,200,306.89,591.48,302.80,360.80,1,-1,-1,-1
733,203,263.92,442.27,389.62,578.99,1,-1,-1,-1
733,208,1036.35,435.90,276.74,592.88,1,-1,-1,-1
733,209,125.23,656.90,180.15,300.93,1,-1,-1,-1
733,210,1729.58,570.02,189.81,388.76,1,-1,-1,-1
733,213,185.11,411.02,467.00,606.89,1,-1,-1,-1
733,215,1284.73,557.49,408.40,463.88,1,-1,-1,-1
733,217,0.27,635.84,138.51,337.68,1,-1,-1,-1
733,218,1531.30,661.22,308.49,318.87,1,-1,-1,-1
733,219,0.00,634.39,210.70,344.34,1,-1,-1,-1
733,220,1684.61,533.33,235.20,435.78,1,-1,-1,-1
733,221,1429.06,600.96,243.49,336.37,1,-1,-1,-1
733,222,67.46,428.92,293.98,610.57,1,-1,-1,-1
733,223,487.79,323.97,442.99,737.20,1,-1,-1,-1
733,226,1271.33,584.63,282.95,358.62,1,-1,-1,-1
734,132,745.69,424.45,285.21,575.25,1,-1,-1,-1
734,183,1428.66,343.06,477.93,703.00,1,-1,-1,-1
734,187,734.86,293.88,462.50,751.93,1,-1,-1,-1
734,200,305.13,591.61,304.35,360.87,1,-1,-1,-1
734,203,263.92,442.27,389.62,578.99,1,-1,-1,-1
734,208,1041.46,436.06,243.22,594.47,1,-1,-1,-1
734,209,125.23,656.90,180.15,300.93,1,-1,-1,-1
734,210,1729.58,570.02,189.81,388.76,1,-1,-1,-1
734,213,185.11,411.02,467.00,606.89,1,-1,-1,-1
734,215,1284.73,557.49,408.40,463.88,1,-1,-1,-1
734,217,0.27,635.84,138.51,337.68,1,-1,-1,-1
734,218,1531.30,661.22,308.49,318.87,1,-1,-1,-1
734,219,0.36,633.35,163.91,354.11,1,-1,-1,-1
734,220,1678.92,534.36,235.63,451.77,1,-1,-1,-1
734,221,1429.06,600.96,243.49,336.37,1,-1,-1,-1
734,222,7.24,427.07,346.01,618.85,1,-1,-1,-1
734,223,487.00,329.42,401.78,731.41,1,-1,-1,-1
734,226,1268.61,602.83,271.85,340.73,1,-1,-1,-1
735,132,841.57,422.41,203.94,573.98,1,-1,-1,-1
735,183,1443.51,344.06,468.98,704.06,1,-1,-1,-1
735,187,734.86,293.88,462.50,751.93,1,-1,-1,-1
735,200,302.58,591.12,303.22,361.48,1,-1,-1,-1
735,203,263.92,442.27,389.62,578.99,1,-1,-1,-1
735,208,1035.20,435.82,221.59,593.81,1,-1,-1,-1
735,209,125.23,656.90,180.15,300.93,1,-1,-1,-1
735,210,1729.58,570.02,189.81,388.76,1,-1,-1,-1
735,213,185.11,411.02,467.00,606.89,1,-1,-1,-1
735,215,1284.73,557.49,408.40,463.88,1,-1,-1,-1
735,217,0.27,635.84,138.51,337.68,1,-1,-1,-1
735,218,1531.30,661.22,308.49,318.87,1,-1,-1,-1
735,219,0.36,633.35,163.91,354.11,1,-1,-1,-1
735,220,1663.32,536.30,251.49,451.74,1,-1,-1,-1
735,221,1429.06,600.96,243.49,336.37,1,-1,-1,-1
735,222,0.72,420.88,346.42,623.41,1,-1,-1,-1
735,223,489.40,330.37,365.46,729.85,1,-1,-1,-1
735,226,1270.48,611.14,277.93,332.58,1,-1,-1,-1
735,227,216.18,596.38,276.96,344.41,1,-1,-1,-1
736,132,853.54,420.51,306.39,575.38,1,-1,-1,-1
736,183,1464.38,342.84,453.79,706.25,1,-1,-1,-1
736,187,734.86,293.88,462.50,751.93,1,-1,-1,-1
736,200,303.33,590.67,295.20,358.01,1,-1,-1,-1
736,203,263.92,442.27,389.62,578.99,1,-1,-1,-1
736,208,983.58,435.27,259.56,589.45,1,-1,-1,-1
736,209,125.23,656.90,180.15,300.93,1,-1,-1,-1
736,210,1729.58,570.02,189.81,388.76,1,-1,-1,-1
736,213,185.11,411.02,467.00,606.89,1,-1,-1,-1
736,215,1284.73,557.49,408.40,463.88,1,-1,-1,-1
736,217,0.27,635.84,138.51,337.68,1,-1,-1,-1
736,218,1531.30,661.22,308.49,318.87,1,-1,-1,-1
736,219,0.36,633.35,163.91,354.11,1,-1,-1,-1
736,220,1694.42,578.74,222.46,391.23,1,-1,-1,-1
736,221,1429.06,600.96,243.49,336.37,1,-1,-1,-1
736,222,0.07,418.47,324.04,620.48,1,-1,-1,-1
736,223,488.00,332.60,344.09,725.57,1,-1,-1,-1
736,224,1693.66,587.71,223.83,379.93,1,-1,-1,-1
736,226,1271.31,616.07,281.04,325.95,1,-1,-1,-1
736,227,223.03,614.27,270.66,327.11,1,-1,-1,-1
737,132,862.78,414.52,328.70,611.87,1,-1,-1,-1
737,183,1485.07,341.97,434.75,707.82,1,-1,-1,-1
737,187,734.86,293.88,462.50,751.93,1,-1,-1,-1
737,200,308.69,590.34,302.69,363.15,1,-1,-1,-1
737,203,263.92,442.27,389.62,578.99,1,-1,-1,-1
737,208,943.39,430.83,296.56,601.82,1,-1,-1,-1
737,209,125.23,656.90,180.15,300.93,1,-1,-1,-1
737,210,1729.58,570.02,189.81,388.76,1,-1,-1,-1
737,213,185.11,411.02,467.00,606.89,1,-1,-1,-1
737,215,1284.73,557.49,408.40,463.88,1,-1,-1,-1
737,217,0.27,635.84,138.51,337.68,1,-1,-1,-1
737,218,1531.30,661.22,308.49,318.87,1,-1,-1,-1
737,219,0.36,633.35,163.91,354.11,1,-1,-1,-1
737,220,1648.47,518.65,268.21,443.98,1,-1,-1,-1
737,221,1429.06,600.96,243.49,336.37,1,-1,-1,-1
737,222,0.01,416.02,290.39,614.51,1,-1,-1,-1
737,223,491.65,336.11,323.48,716.38,1,-1,-1,-1
737,224,1693.66,587.71,223.83,379.93,1,-1,-1,-1
737,226,1272.97,616.73,283.98,324.60,1,-1,-1,-1
737,227,229.30,613.87,261.48,325.63,1,-1,-1,-1
738,132,876.86,412.67,273.76,586.43,1,-1,-1,-1
738,183,1500.80,341.72,419.18,703.60,1,-1,-1,-1
738,187,901.69,412.34,333.31,645.53,1,-1,-1,-1
738,200,314.17,589.77,300.77,366.80,1,-1,-1,-1
738,203,263.92,442.27,389.62,578.99,1,-1,-1,-1
738,208,882.68,412.55,294.82,601.07,1,-1,-1,-1
738,209,125.23,656.90,180.15,300.93,1,-1,-1,-1
738,210,1729.58,570.02,189.81,388.76,1,-1,-1,-1
738,213,185.11,411.02,467.00,606.89,1,-1,-1,-1
738,215,1284.73,557.49,408.40,463.88,1,-1,-1,-1
738,217,0.27,635.84,138.51,337.68,1,-1,-1,-1
738,218,1408.15,628.67,291.39,315.54,1,-1,-1,-1
738,219,0.36,633.35,163.91,354.11,1,-1,-1,-1
738,220,1642.63,500.47,274.28,459.96,1,-1,-1,-1
738,221,1429.06,600.96,243.49,336.37,1,-1,-1,-1
738,222,0.00,421.96,245.66,623.11,1,-1,-1,-1
738,223,511.44,338.95,299.67,704.19,1,-1,-1,-1
738,224,1693.66,587.71,223.83,379.93,1,-1,-1,-1
738,226,1274.73,617.08,281.51,324.20,1,-1,-1,-1
738,227,233.61,615.03,250.28,324.96,1,-1,-1,-1
739,132,876.86,412.67,273.76,586.43,1,-1,-1,-1
739,183,1504.45,351.65,415.42,701.43,1,-1,-1,-1
739,187,876.99,405.37,353.59,657.58,1,-1,-1,-1
739,200,314.72,592.52,309.16,352.45,1,-1,-1,-1
739,203,263.92,442.27,389.62,578.99,1,-1,-1,-1
739,208,882.68,412.55,294.82,601.07,1,-1,-1,-1
739,209,125.23,656.90,180.15,300.93,1,-1,-1,-1
739,210,1729.58,570.02,189.81,388.76,1,-1,-1,-1
739,213,185.11,411.02,467.00,606.89,1,-1,-1,-1
739,215,1284.73,557.49,408.40,463.88,1,-1,-1,-1
739,217,0.27,635.84,138.51,337.68,1,-1,-1,-1
739,218,1386.47,590.57,295.82,348.54,1,-1,-1,-1
739,219,0.36,633.35,163.91,354.11,1,-1,-1,-1
739,220,1642.63,500.47,274.28,459.96,1,-1,-1,-1
739,221,1429.06,600.96,243.49,336.37,1,-1,-1,-1
739,222,0.11,440.53,233.16,627.39,1,-1,-1,-1
739,223,543.83,323.46,290.59,692.22,1,-1,-1,-1
739,224,1693.66,587.71,223.83,379.93,1,-1,-1,-1
739,226,1276.62,613.74,280.31,326.40,1,-1,-1,-1
739,227,232.79,611.58,254.82,327.63,1,-1,-1,-1
739,228,97.52,658.88,160.81,303.20,1,-1,-1,-1
740,132,876.86,412.67,273.76,586.43,1,-1,-1,-1
740,183,1508.09,372.39,411.90,669.01,1,-1,-1,-1
740,187,861.48,373.56,353.52,682.81,1,-1,-1,-1
740,200,322.60,588.52,285.62,356.02,1,-1,-1,-1
740,203,263.92,442.27,389.62,578.99,1,-1,-1,-1
740,208,882.68,412.55,294.82,601.07,1,-1,-1,-1
740,209,125.23,656.90,180.15,300.93,1,-1,-1,-1
740,213,185.11,411.02,467.00,606.89,1,-1,-1,-1
740,215,1284.73,557.49,408.40,463.88,1,-1,-1,-1
740,217,0.27,635.84,138.51,337.68,1,-1,-1,-1
740,218,1401.36,619.40,270.41,318.03,1,-1,-1,-1
740,219,0.36,633.35,163.91,354.11,1,-1,-1,-1
740,220,1649.24,523.41,268.20,437.87,1,-1,-1,-1
740,221,1429.06,600.96,243.49,336.37,1,-1,-1,-1
740,222,0.04,466.43,194.50,512.00,1,-1,-1,-1
740,223,550.50,315.50,295.44,692.67,1,-1,-1,-1
740,224,1693.66,587.71,223.83,379.93,1,-1,-1,-1
740,226,1276.20,617.76,275.04,322.64,1,-1,-1,-1
740,227,228.49,612.20,258.46,326.66,1,-1,-1,-1
740,228,100.53,657.39,159.67,303.68,1,-1,-1,-1
741,132,876.86,412.67,273.76,586.43,1,-1,-1,-1
741,183,1518.55,401.43,401.45,615.30,1,-1,-1,-1
741,187,856.44,339.92,348.71,722.40,1,-1,-1,-1
741,200,319.91,592.64,299.20,349.05,1,-1,-1,-1
741,203,263.92,442.27,389.62,578.99,1,-1,-1,-1
741,208,882.68,412.55,294.82,601.07,1,-1,-1,-1
741,209,125.23,656.90,180.15,300.93,1,-1,-1,-1
741,213,185.11,411.02,467.00,606.89,1,-1,-1,-1
741,215,1284.73,557.49,408.40,463.88,1,-1,-1,-1
741,217,0.27,635.84,138.51,337.68,1,-1,-1,-1
741,218,1397.36,595.81,271.96,341.32,1,-1,-1,-1
741,219,0.36,633.35,163.91,354.11,1,-1,-1,-1
741,220,1654.12,521.89,264.84,440.04,1,-1,-1,-1
741,221,1429.06,600.96,243.49,336.37,1,-1,-1,-1
741,222,0.00,628.12,252.42,344.50,1,-1,-1,-1
741,223,549.78,310.50,299.65,682.98,1,-1,-1,-1
741,224,1693.66,587.71,223.83,379.93,1,-1,-1,-1
741,226,1278.49,614.75,281.81,326.25,1,-1,-1,-1
741,227,223.30,611.71,267.21,326.88,1,-1,-1,-1
741,228,87.50,658.12,174.42,304.62,1,-1,-1,-1
742,132,960.39,373.40,246.88,611.52,1,-1,-1,-1
742,183,1527.35,437.08,391.64,583.31,1,-1,-1,-1
742,187,853.66,309.64,354.22,740.61,1,-1,-1,-1
742,200,320.82,592.14,289.46,354.13,1,-1,-1,-1
742,208,882.68,412.55,294.82,601.07,1,-1,-1,-1
742,209,125.23,656.90,180.15,300.93,1,-1,-1,-1
742,215,1284.73,557.49,408.40,463.88,1,-1,-1,-1
742,217,0.27,635.84,138.51,337.68,1,-1,-1,-1
742,218,1397.36,595.81,271.96,341.32,1,-1,-1,-1
742,219,0.36,633.35,163.91,354.11,1,-1,-1,-1
742,220,1654.78,530.61,265.12,458.52,1,-1,-1,-1
742,221,1429.06,600.96,243.49,336.37,1,-1,-1,-1
742,222,0.00,628.12,252.42,344.50,1,-1,-1,-1
742,223,542.95,314.69,309.51,671.72,1,-1,-1,-1
742,224,1693.66,587.71,223.83,379.93,1,-1,-1,-1
742,226,1279.34,615.68,279.48,325.88,1,-1,-1,-1
742,227,217.35,611.74,272.23,326.05,1,-1,-1,-1
742,228,99.37,657.47,166.17,303.26,1,-1,-1,-1
742,230,0.51,537.53,135.44,430.93,1,-1,-1,-1
743,132,950.45,363.32,321.82,609.48,1,-1,-1,-1
743,183,1539.49,483.12,380.41,550.45,1,-1,-1,-1
743,187,845.86,292.95,308.36,719.86,1,-1,-1,-1
743,200,318.32,594.20,289.47,359.86,1,-1,-1,-1
743,208,882.68,412.55,294.82,601.07,1,-1,-1,-1
743,209,125.23,656.90,180.15,300.93,1,-1,-1,-1
743,215,1284.73,557.49,408.40,463.88,1,-1,-1,-1
743,217,0.27,635.84,138.51,337.68,1,-1,-1,-1
743,218,1397.36,595.81,271.96,341.32,1,-1,-1,-1
743,219,0.36,633.35,163.91,354.11,1,-1,-1,-1
743,220,1654.78,530.61,265.12,458.52,1,-1,-1,-1
743,221,1429.06,600.96,243.49,336.37,1,-1,-1,-1
743,222,1.69,628.49,261.71,349.08,1,-1,-1,-1
743,223,519.53,322.25,354.71,672.40,1,-1,-1,-1
743,224,1693.66,587.71,223.83,379.93,1,-1,-1,-1
743,226,1281.05,619.19,282.32,321.39,1,-1,-1,-1
743,227,224.63,612.04,267.93,326.50,1,-1,-1,-1
743,228,106.89,655.92,158.84,305.54,1,-1,-1,-1
743,230,1.11,623.25,247.01,352.19,1,-1,-1,-1
744,132,954.17,363.25,375.75,641.94,1,-1,-1,-1
744,183,1554.05,569.18,365.94,481.11,1,-1,-1,-1
744,187,766.78,277.41,399.73,729.65,1,-1,-1,-1
744,200,321.51,591.52,288.37,357.60,1,-1,-1,-1
744,208,882.68,412.55,294.82,601.07,1,-1,-1,-1
744,209,125.23,656.90,180.15,300.93,1,-1,-1,-1
744,215,1284.73,557.49,408.40,463.88,1,-1,-1,-1
744,217,0.30,629.40,164.21,338.78,1,-1,-1,-1
744,218,1397.36,595.81,271.96,341.32,1,-1,-1,-1
744,219,0.36,633.35,163.91,354.11,1,-1,-1,-1
744,220,1654.78,530.61,265.12,458.52,1,-1,-1,-1
744,221,1429.06,600.96,243.49,336.37,1,-1,-1,-1
744,222,1.69,628.49,261.71,349.08,1,-1,-1,-1
744,223,513.33,349.79,379.89,663.53,1,-1,-1,-1
744,224,1693.66,587.71,223.83,379.93,1,-1,-1,-1
744,226,1272.23,619.48,293.79,320.57,1,-1,-1,-1
744,227,216.79,611.19,277.30,327.11,1,-1,-1,-1
744,228,102.15,654.08,164.36,304.08,1,-1,-1,-1
744,230,0.89,651.26,257.39,318.20,1,-1,-1,-1
745,132,950.10,368.47,388.70,634.64,1,-1,-1,-1
745,183,1557.52,598.51,362.47,457.81,1,-1,-1,-1
745,187,744.99,276.89,443.28,752.84,1,-1,-1,-1
745,200,320.01,593.81,286.60,356.82,1,-1,-1,-1
745,208,882.68,412.55,294.82,601.07,1,-1,-1,-1
745,209,125.23,656.90,180.15,300.93,1,-1,-1,-1
745,215,1284.73,557.49,408.40,463.88,1,-1,-1,-1
745,217,0.27,629.24,160.44,337.22,1,-1,-1,-1
745,218,1397.36,595.81,271.96,341.32,1,-1,-1,-1
745,219,0.36,633.35,163.91,354.11,1,-1,-1,-1
745,220,1712.07,569.43,207.56,445.42,1,-1,-1,-1
745,221,1429.06,600.96,243.49,336.37,1,-1,-1,-1
745,222,1.69,628.49,261.71,349.08,1,-1,-1,-1
745,223,515.64,357.10,383.19,660.33,1,-1,-1,-1
745,224,1716.51,545.70,201.88,436.21,1,-1,-1,-1
745,226,1269.64,620.65,284.11,318.87,1,-1,-1,-1
745,227,223.86,613.20,270.11,324.20,1,-1,-1,-1
745,228,110.99,653.46,156.89,303.86,1,-1,-1,-1
745,230,0.89,651.26,257.39,318.20,1,-1,-1,-1
746,132,955.82,371.21,384.14,629.19,1,-1,-1,-1
746,183,1557.52,598.51,362.47,457.81,1,-1,-1,-1
746,187,742.28,287.40,449.72,753.42,1,-1,-1,-1
746,200,322.45,594.02,285.14,351.65,1,-1,-1,-1
746,208,882.68,412.55,294.82,601.07,1,-1,-1,-1
746,209,125.23,656.90,180.15,300.93,1,-1,-1,-1
746,215,1284.73,557.49,408.40,463.88,1,-1,-1,-1
746,217,0.27,629.72,171.06,335.99,1,-1,-1,-1
746,218,1415.23,601.12,318.64,383.01,1,-1,-1,-1
746,219,0.36,633.35,163.91,354.11,1,-1,-1,-1
746,220,1712.30,573.69,207.63,464.91,1,-1,-1,-1
746,221,1429.06,600.96,243.49,336.37,1,-1,-1,-1
746,222,1.69,628.49,261.71,349.08,1,-1,-1,-1
746,223,519.87,354.28,381.89,659.49,1,-1,-1,-1
746,224,1716.51,545.70,201.88,436.21,1,-1,-1,-1
746,226,1270.80,619.04,288.89,318.29,1,-1,-1,-1
746,227,224.27,612.43,269.09,323.32,1,-1,-1,-1
746,228,111.52,652.74,157.84,305.30,1,-1,-1,-1
746,230,0.09,640.53,256.62,324.78,1,-1,-1,-1
747,132,963.88,371.86,378.75,630.29,1,-1,-1,-1
747,183,1557.52,598.51,362.47,457.81,1,-1,-1,-1
747,187,744.93,297.02,445.53,747.53,1,-1,-1,-1
747,200,328.11,593.08,278.51,349.75,1,-1,-1,-1
747,208,882.68,412.55,294.82,601.07,1,-1,-1,-1
747,209,125.23,656.90,180.15,300.93,1,-1,-1,-1
747,215,1284.73,557.49,408.40,463.88,1,-1,-1,-1
747,217,0.21,630.22,161.09,334.18,1,-1,-1,-1
747,218,1291.04,610.16,349.11,332.20,1,-1,-1,-1
747,219,0.36,633.35,163.91,354.11,1,-1,-1,-1
747,220,1714.70,585.38,205.27,455.31,1,-1,-1,-1
747,221,1429.06,600.96,243.49,336.37,1,-1,-1,-1
747,222,1.69,628.49,261.71,349.08,1,-1,-1,-1
747,223,526.58,355.80,374.67,657.01,1,-1,-1,-1
747,224,1714.83,544.35,202.84,449.46,1,-1,-1,-1
747,226,1273.04,619.13,282.41,316.81,1,-1,-1,-1
747,227,236.60,613.90,252.51,321.46,1,-1,-1,-1
747,228,113.82,651.95,156.60,305.99,1,-1,-1,-1
747,230,0.09,640.53,256.62,324.78,1,-1,-1,-1
747,232,1570.87,645.65,349.13,429.72,1,-1,-1,-1
748,132,965.42,369.45,384.24,631.78,1,-1,-1,-1
748,183,1557.52,598.51,362.47,457.81,1,-1,-1,-1
748,187,750.07,304.17,440.44,722.23,1,-1,-1,-1
748,200,328.95,591.06,278.24,350.54,1,-1,-1,-1
748,208,882.68,412.55,294.82,601.07,1,-1,-1,-1
748,209,125.23,656.90,180.15,300.93,1,-1,-1,-1
748,215,1284.73,557.49,408.40,463.88,1,-1,-1,-1
748,217,0.16,629.92,166.62,333.44,1,-1,-1,-1
748,218,1284.94,605.78,384.33,342.51,1,-1,-1,-1
748,219,0.36,633.35,163.91,354.11,1,-1,-1,-1
748,220,1714.70,585.38,205.27,455.31,1,-1,-1,-1
748,221,1429.06,600.96,243.49,336.37,1,-1,-1,-1
748,222,1.69,628.49,261.71,349.08,1,-1,-1,-1
748,223,528.35,356.70,373.08,660.88,1,-1,-1,-1
748,224,1717.29,544.36,202.27,468.87,1,-1,-1,-1
748,226,1278.82,620.37,277.81,315.66,1,-1,-1,-1
748,227,250.72,611.53,241.59,322.58,1,-1,-1,-1
748,228,111.72,650.95,161.35,308.04,1,-1,-1,-1
748,230,0.09,640.53,256.62,324.78,1,-1,-1,-1
748,232,1575.37,647.54,344.58,417.52,1,-1,-1,-1
749,132,970.95,368.41,382.13,630.69,1,-1,-1,-1
749,183,1557.52,598.51,362.47,457.81,1,-1,-1,-1
749,187,756.24,309.08,443.32,720.15,1,-1,-1,-1
749,200,334.48,589.43,278.27,357.49,1,-1,-1,-1
749,208,882.68,412.55,294.82,601.07,1,-1,-1,-1
749,215,1284.73,557.49,408.40,463.88,1,-1,-1,-1
749,217,0.04,629.51,183.83,329.93,1,-1,-1,-1
749,218,1407.35,607.36,277.85,340.01,1,-1,-1,-1
749,219,0.36,633.35,163.91,354.11,1,-1,-1,-1
749,220,1714.70,585.38,205.27,455.31,1,-1,-1,-1
749,221,1429.06,600.96,243.49,336.37,1,-1,-1,-1
749,222,1.69,628.49,261.71,349.08,1,-1,-1,-1
749,223,543.09,359.42,362.48,661.51,1,-1,-1,-1
749,224,1724.53,538.03,195.28,478.90,1,-1,-1,-1
749,226,1286.40,623.37,269.73,314.03,1,-1,-1,-1
749,227,247.30,606.94,248.65,327.49,1,-1,-1,-1
749,228,117.80,651.81,163.88,305.17,1,-1,-1,-1
749,230,0.01,640.60,231.38,320.14,1,-1,-1,-1
749,232,1571.91,632.28,348.09,429.11,1,-1,-1,-1
750,132,967.34,366.76,388.97,632.65,1,-1,-1,-1
750,183,1557.52,598.51,362.47,457.81,1,-1,-1,-1
750,187,756.47,309.40,460.33,727.54,1,-1,-1,-1
750,200,330.32,588.34,286.81,358.00,1,-1,-1,-1
750,208,882.68,412.55,294.82,601.07,1,-1,-1,-1
750,215,1284.73,557.49,408.40,463.88,1,-1,-1,-1
750,217,0.10,628.45,171.30,328.96,1,-1,-1,-1
750,218,1401.25,632.95,255.61,307.13,1,-1,-1,-1
750,219,0.36,633.35,163.91,354.11,1,-1,-1,-1
750,220,1714.70,585.38,205.27,455.31,1,-1,-1,-1
750,221,1429.06,600.96,243.49,336.37,1,-1,-1,-1
750,222,1.69,628.49,261.71,349.08,1,-1,-1,-1
750,223,561.41,360.73,356.07,659.08,1,-1,-1,-1
750,224,1723.78,521.74,196.20,484.80,1,-1,-1,-1
750,226,1290.72,627.34,264.21,311.67,1,-1,-1,-1
750,227,235.87,599.23,257.55,335.85,1,-1,-1,-1
750,228,110.79,652.95,176.45,304.13,1,-1,-1,-1
750,230,0.01,640.60,231.38,320.14,1,-1,-1,-1
750,232,1567.27,628.10,352.73,428.36,1,-1,-1,-1
751,132,965.35,369.23,395.19,632.96,1,-1,-1,-1
751,183,1557.52,598.51,362.47,457.81,1,-1,-1,-1
751,187,758.41,312.57,467.15,733.10,1,-1,-1,-1
751,200,338.02,585.61,281.12,356.32,1,-1,-1,-1
751,208,882.68,412.55,294.82,601.07,1,-1,-1,-1
751,217,0.20,629.12,175.51,331.31,1,-1,-1,-1
751,218,1425.87,610.67,288.09,332.44,1,-1,-1,-1
751,219,0.36,633.35,163.91,354.11,1,-1,-1,-1
751,220,1714.70,585.38,205.27,455.31,1,-1,-1,-1
751,221,1429.06,600.96,243.49,336.37,1,-1,-1,-1
751,222,1.69,628.49,261.71,349.08,1,-1,-1,-1
751,223,580.03,358.99,353.06,652.77,1,-1,-1,-1
751,224,1708.33,505.50,211.67,492.62,1,-1,-1,-1
751,226,1285.45,632.24,285.41,304.57,1,-1,-1,-1
751,227,242.22,600.33,256.36,333.63,1,-1,-1,-1
751,228,81.31,655.03,207.75,302.79,1,-1,-1,-1
751,230,2.50,638.56,261.66,333.86,1,-1,-1,-1
751,232,1556.30,619.42,363.70,434.66,1,-1,-1,-1
752,132,957.21,369.36,406.26,631.86,1,-1,-1,-1
752,183,1557.52,598.51,362.47,457.81,1,-1,-1,-1
752,187,718.13,312.61,512.48,731.66,1,-1,-1,-1
752,200,343.12,580.79,272.82,359.37,1,-1,-1,-1
752,208,882.68,412.55,294.82,601.07,1,-1,-1,-1
752,217,1.70,638.96,259.06,335.41,1,-1,-1,-1
752,218,1387.63,628.43,255.40,309.71,1,-1,-1,-1
752,219,0.36,633.35,163.91,354.11,1,-1,-1,-1
752,220,1714.70,585.38,205.27,455.31,1,-1,-1,-1
752,221,1429.06,600.96,243.49,336.37,1,-1,-1,-1
752,222,1.69,628.49,261.71,349.08,1,-1,-1,-1
752,223,583.87,353.45,360.14,659.28,1,-1,-1,-1
752,224,1687.09,488.04,232.91,527.12,1,-1,-1,-1
752,226,1278.49,633.37,297.77,305.13,1,-1,-1,-1
752,227,226.89,600.35,276.78,333.49,1,-1,-1,-1
752,228,81.31,655.03,207.75,302.79,1,-1,-1,-1
752,230,2.50,638.56,261.66,333.86,1,-1,-1,-1
752,232,1543.19,609.61,376.81,445.03,1,-1,-1,-1
753,132,956.16,367.91,409.99,633.33,1,-1,-1,-1
753,183,1557.52,598.51,362.47,457.81,1,-1,-1,-1
753,187,700.62,311.71,531.02,737.19,1,-1,-1,-1
753,200,342.73,577.53,274.08,365.00,1,-1,-1,-1
753,208,882.68,412.55,294.82,601.07,1,-1,-1,-1
753,217,1.48,644.40,285.94,322.81,1,-1,-1,-1
753,218,1387.63,628.43,255.40,309.71,1,-1,-1,-1
753,219,0.36,633.35,163.91,354.11,1,-1,-1,-1
753,220,1548.49,601.53,371.51,446.31,1,-1,-1,-1
753,221,1429.06,600.96,243.49,336.37,1,-1,-1,-1
753,222,1.69,628.49,261.71,349.08,1,-1,-1,-1
753,223,590.26,360.06,372.89,651.76,1,-1,-1,-1
753,224,1650.24,488.20,269.71,523.02,1,-1,-1,-1
753,226,1267.92,626.31,310.77,317.56,1,-1,-1,-1
753,227,212.65,587.47,297.62,343.52,1,-1,-1,-1
753,228,79.56,646.18,215.55,310.87,1,-1,-1,-1
753,230,2.50,638.56,261.66,333.86,1,-1,-1,-1
753,232,1637.16,490.22,282.54,538.27,1,-1,-1,-1
754,132,975.09,366.61,397.15,639.36,1,-1,-1,-1
754,183,1557.52,598.51,362.47,457.81,1,-1,-1,-1
754,187,736.12,313.22,501.31,717.78,1,-1,-1,-1
754,200,346.50,562.74,275.60,372.03,1,-1,-1,-1
754,208,882.68,412.55,294.82,601.07,1,-1,-1,-1
754,217,0.62,624.88,159.85,324.58,1,-1,-1,-1
754,218,1292.24,597.51,297.71,350.35,1,-1,-1,-1
754,219,0.36,633.35,163.91,354.11,1,-1,-1,-1
754,220,1537.62,599.59,382.38,445.47,1,-1,-1,-1
754,221,1429.06,600.96,243.49,336.37,1,-1,-1,-1
754,222,1.69,628.49,261.71,349.08,1,-1,-1,-1
754,223,593.96,366.45,376.18,651.81,1,-1,-1,-1
754,224,1627.73,476.66,291.09,529.32,1,-1,-1,-1
754,226,1283.26,591.64,298.18,357.77,1,-1,-1,-1
754,227,214.93,584.72,306.86,341.79,1,-1,-1,-1
754,228,12.16,640.83,286.02,319.74,1,-1,-1,-1
754,230,2.50,638.56,261.66,333.86,1,-1,-1,-1
754,232,1637.16,490.22,282.54,538.27,1,-1,-1,-1
755,132,976.43,369.18,396.96,632.12,1,-1,-1,-1
755,183,1557.52,598.51,362.47,457.81,1,-1,-1,-1
755,187,763.00,310.47,479.11,713.18,1,-1,-1,-1
755,200,347.39,534.26,279.83,399.04,1,-1,-1,-1
755,208,882.68,412.55,294.82,601.07,1,-1,-1,-1
755,217,0.48,622.58,140.14,331.50,1,-1,-1,-1
755,218,1292.24,597.51,297.71,350.35,1,-1,-1,-1
755,219,0.36,633.35,163.91,354.11,1,-1,-1,-1
755,220,1493.95,589.37,425.19,452.56,1,-1,-1,-1
755,222,1.69,628.49,261.71,349.08,1,-1,-1,-1
755,223,595.26,372.94,360.63,647.98,1,-1,-1,-1
755,224,1634.19,479.47,285.02,521.78,1,-1,-1,-1
755,226,1286.35,579.67,298.62,374.84,1,-1,-1,-1
755,227,209.52,578.86,311.41,349.67,1,-1,-1,-1
755,228,4.45,635.81,292.83,325.95,1,-1,-1,-1
755,230,2.50,638.56,261.66,333.86,1,-1,-1,-1
755,232,1645.87,519.14,272.46,465.14,1,-1,-1,-1
756,132,979.73,367.00,398.54,637.66,1,-1,-1,-1
756,183,1557.52,598.51,362.47,457.81,1,-1,-1,-1
756,187,785.49,307.39,463.04,713.69,1,-1,-1,-1
756,200,347.35,522.20,287.14,411.60,1,-1,-1,-1
756,208,882.68,412.55,294.82,601.07,1,-1,-1,-1
756,217,0.12,620.91,126.40,334.06,1,-1,-1,-1
756,218,1283.63,580.43,297.30,361.70,1,-1,-1,-1
756,219,0.36,633.35,163.91,354.11,1,-1,-1,-1
756,220,1536.43,604.86,383.48,441.61,1,-1,-1,-1
756,222,1.69,628.49,261.71,349.08,1,-1,-1,-1
756,223,595.39,375.96,369.28,640.18,1,-1,-1,-1
756,224,1642.65,467.90,277.01,545.87,1,-1,-1,-1
756,226,1286.97,571.98,292.15,371.62,1,-1,-1,-1
756,227,209.28,574.49,308.72,350.01,1,-1,-1,-1
756,228,7.01,632.05,293.40,327.74,1,-1,-1,-1
756,230,2.50,638.56,261.66,333.86,1,-1,-1,-1
756,232,1657.33,486.33,262.51,484.52,1,-1,-1,-1
757,132,970.81,369.79,412.28,624.73,1,-1,-1,-1
757,183,1557.52,598.51,362.47,457.81,1,-1,-1,-1
757,187,788.29,301.91,462.45,731.86,1,-1,-1,-1
757,200,347.32,520.37,294.29,419.00,1,-1,-1,-1
757,208,882.68,412.55,294.82,601.07,1,-1,-1,-1
757,217,0.15,619.69,123.58,334.65,1,-1,-1,-1
757,218,1277.61,575.55,292.71,361.76,1,-1,-1,-1
757,219,0.36,633.35,163.91,354.11,1,-1,-1,-1
757,220,1481.18,586.08,438.63,454.94,1,-1,-1,-1
757,222,1.69,628.49,261.71,349.08,1,-1,-1,-1
757,223,596.27,377.09,402.54,631.87,1,-1,-1,-1
757,224,1630.10,464.16,289.44,550.57,1,-1,-1,-1
757,226,1286.97,571.98,292.15,371.62,1,-1,-1,-1
757,227,208.41,567.83,320.23,357.43,1,-1,-1,-1
757,228,6.87,627.42,293.51,330.76,1,-1,-1,-1
757,230,2.50,638.56,261.66,333.86,1,-1,-1,-1
757,232,1657.33,486.33,262.51,484.52,1,-1,-1,-1
758,132,989.76,420.75,400.50,566.31,1,-1,-1,-1
758,183,1557.52,598.51,362.47,457.81,1,-1,-1,-1
758,187,787.22,295.67,463.63,738.96,1,-1,-1,-1
758,200,347.32,516.30,295.52,423.35,1,-1,-1,-1
758,208,882.68,412.55,294.82,601.07,1,-1,-1,-1
758,217,0.31,618.87,119.69,336.74,1,-1,-1,-1
758,218,1263.27,573.60,309.28,359.76,1,-1,-1,-1
758,219,0.36,633.35,163.91,354.11,1,-1,-1,-1
758,220,1548.45,610.89,371.54,435.69,1,-1,-1,-1
758,222,1.69,628.49,261.71,349.08,1,-1,-1,-1
758,223,596.99,377.66,414.91,630.85,1,-1,-1,-1
758,224,1624.83,473.41,295.13,553.45,1,-1,-1,-1
758,226,1286.97,571.98,292.15,371.62,1,-1,-1,-1
758,227,208.20,563.71,322.49,363.05,1,-1,-1,-1
758,228,4.11,624.52,299.24,335.23,1,-1,-1,-1
758,230,2.50,638.56,261.66,333.86,1,-1,-1,-1
758,232,1657.33,486.33,262.51,484.52,1,-1,-1,-1
758,234,1640.45,524.14,278.34,460.35,1,-1,-1,-1
759,132,995.38,426.30,402.66,562.28,1,-1,-1,-1
759,183,1557.52,598.51,362.47,457.81,1,-1,-1,-1
759,187,789.65,301.72,462.95,735.74,1,-1,-1,-1
759,200,349.27,518.09,295.60,422.47,1,-1,-1,-1
759,208,882.68,412.55,294.82,601.07,1,-1,-1,-1
759,217,0.51,620.43,111.86,335.16,1,-1,-1,-1
759,218,1270.02,573.48,301.86,352.70,1,-1,-1,-1
759,219,0.36,633.35,163.91,354.11,1,-1,-1,-1
759,220,1537.01,594.04,382.99,450.86,1,-1,-1,-1
759,222,1.69,628.49,261.71,349.08,1,-1,-1,-1
759,223,599.32,375.86,415.68,630.99,1,-1,-1,-1
759,224,1626.63,477.02,293.37,545.09,1,-1,-1,-1
759,226,1429.89,575.44,274.75,343.14,1,-1,-1,-1
759,227,210.35,564.67,320.33,360.48,1,-1,-1,-1
759,228,4.57,622.62,299.88,337.80,1,-1,-1,-1
759,230,2.50,638.56,261.66,333.86,1,-1,-1,-1
759,232,1657.33,486.33,262.51,484.52,1,-1,-1,-1
759,233,1502.18,579.50,408.56,455.60,1,-1,-1,-1
759,234,1640.45,524.14,278.34,460.35,1,-1,-1,-1
759,235,208.82,555.58,346.32,371.17,1,-1,-1,-1
760,132,999.23,434.03,398.79,552.87,1,-1,-1,-1
760,183,1557.52,598.51,362.47,457.81,1,-1,-1,-1
760,187,790.77,300.43,461.80,737.13,1,-1,-1,-1
760,200,349.16,522.91,294.74,416.71,1,-1,-1,-1
760,208,882.68,412.55,294.82,601.07,1,-1,-1,-1
760,217,0.57,621.29,109.66,336.08,1,-1,-1,-1
760,218,1270.04,573.98,298.40,350.69,1,-1,-1,-1
760,219,0.36,633.35,163.91,354.11,1,-1,-1,-1
760,220,1565.03,619.68,354.97,427.28,1,-1,-1,-1
760,222,1.69,628.49,261.71,349.08,1,-1,-1,-1
760,223,601.74,372.32,409.09,634.09,1,-1,-1,-1
760,224,1629.39,482.33,290.61,548.28,1,-1,-1,-1
760,226,1444.96,571.41,264.90,347.96,1,-1,-1,-1
760,227,211.73,559.56,318.22,367.15,1,-1,-1,-1
760,228,3.83,621.70,302.90,337.91,1,-1,-1,-1
760,230,2.50,638.56,261.66,333.86,1,-1,-1,-1
760,232,1657.33,486.33,262.51,484.52,1,-1,-1,-1
760,233,1502.18,579.50,408.56,455.60,1,-1,-1,-1
760,234,1640.45,524.14,278.34,460.35,1,-1,-1,-1
760,235,209.80,555.01,338.04,371.75,1,-1,-1,-1
761,132,990.28,385.17,407.49,608.58,1,-1,-1,-1
761,183,1557.52,598.51,362.47,457.81,1,-1,-1,-1
761,187,792.98,296.17,462.76,739.34,1,-1,-1,-1
761,200,348.40,540.09,292.98,399.85,1,-1,-1,-1
761,208,882.68,412.55,294.82,601.07,1,-1,-1,-1
761,217,0.20,623.41,156.90,326.50,1,-1,-1,-1
761,218,1271.25,574.01,297.45,347.91,1,-1,-1,-1
761,219,0.36,633.35,163.91,354.11,1,-1,-1,-1
761,220,1571.37,627.15,348.63,419.24,1,-1,-1,-1
761,222,1.69,628.49,261.71,349.08,1,-1,-1,-1
761,223,603.03,368.08,388.95,634.87,1,-1,-1,-1
761,224,1634.89,472.71,285.11,553.93,1,-1,-1,-1
761,226,1451.00,571.05,253.42,343.61,1,-1,-1,-1
761,227,213.29,559.89,312.34,366.81,1,-1,-1,-1
761,228,2.68,623.19,306.45,338.04,1,-1,-1,-1
761,230,2.50,638.56,261.66,333.86,1,-1,-1,-1
761,232,1657.33,486.33,262.51,484.52,1,-1,-1,-1
761,233,1502.18,579.50,408.56,455.60,1,-1,-1,-1
761,234,1646.64,474.15,273.24,498.00,1,-1,-1,-1
761,235,211.93,557.29,325.25,370.09,1,-1,-1,-1
762,132,991.94,371.71,403.53,624.64,1,-1,-1,-1
762,183,1557.52,598.51,362.47,457.81,1,-1,-1,-1
762,187,796.53,296.12,460.80,739.05,1,-1,-1,-1
762,200,349.15,528.98,286.14,411.06,1,-1,-1,-1
762,208,882.68,412.55,294.82,601.07,1,-1,-1,-1
762,217,0.02,623.17,147.81,320.11,1,-1,-1,-1
762,218,1264.66,575.38,303.52,348.25,1,-1,-1,-1
762,219,0.36,633.35,163.91,354.11,1,-1,-1,-1
762,220,1581.71,616.60,338.01,430.62,1,-1,-1,-1
762,222,1.69,628.49,261.71,349.08,1,-1,-1,-1
762,223,604.36,360.94,376.58,645.59,1,-1,-1,-1
762,224,1625.71,477.00,294.29,560.23,1,-1,-1,-1
762,226,1456.09,571.54,245.68,343.47,1,-1,-1,-1
762,227,217.05,561.05,312.03,362.08,1,-1,-1,-1
762,228,8.24,620.56,299.31,339.92,1,-1,-1,-1
762,230,2.50,638.56,261.66,333.86,1,-1,-1,-1
762,231,0.13,608.16,101.43,361.48,1,-1,-1,-1
762,232,1657.33,486.33,262.51,484.52,1,-1,-1,-1
762,233,1502.18,579.50,408.56,455.60,1,-1,-1,-1
762,234,1646.64,474.15,273.24,498.00,1,-1,-1,-1
762,235,216.65,556.22,320.80,369.47,1,-1,-1,-1
763,132,996.09,367.14,397.87,627.67,1,-1,-1,-1
763,183,1557.52,598.51,362.47,457.81,1,-1,-1,-1
763,187,793.96,297.16,464.25,735.51,1,-1,-1,-1
763,200,350.58,542.96,278.38,397.97,1,-1,-1,-1
763,208,882.68,412.55,294.82,601.07,1,-1,-1,-1
763,217,0.00,617.27,167.12,335.52,1,-1,-1,-1
763,218,1268.20,574.50,298.31,358.07,1,-1,-1,-1
763,219,0.36,633.35,163.91,354.11,1,-1,-1,-1
763,220,1545.82,608.98,291.01,413.50,1,-1,-1,-1
763,222,1.69,628.49,261.71,349.08,1,-1,-1,-1
763,223,606.14,355.60,363.49,649.63,1,-1,-1,-1
763,224,1587.23,493.55,332.51,550.02,1,-1,-1,-1
763,226,1465.03,573.75,230.36,340.02,1,-1,-1,-1
763,227,221.73,563.95,303.30,358.44,1,-1,-1,-1
763,228,5.16,623.55,303.14,334.06,1,-1,-1,-1
763,230,2.50,638.56,261.66,333.86,1,-1,-1,-1
763,231,0.11,583.11,100.89,398.15,1,-1,-1,-1
763,232,1657.33,486.33,262.51,484.52,1,-1,-1,-1
763,233,1502.18,579.50,408.56,455.60,1,-1,-1,-1
763,234,1646.64,474.15,273.24,498.00,1,-1,-1,-1
763,235,216.65,556.22,320.80,369.47,1,-1,-1,-1
764,132,1001.15,364.37,393.47,626.36,1,-1,-1,-1
764,183,1557.52,598.51,362.47,457.81,1,-1,-1,-1
764,187,784.80,300.34,475.59,727.82,1,-1,-1,-1
764,200,349.21,556.32,272.30,381.94,1,-1,-1,-1
764,208,882.68,412.55,294.82,601.07,1,-1,-1,-1
764,217,0.28,603.97,159.27,352.42,1,-1,-1,-1
764,218,1256.81,570.44,303.91,369.84,1,-1,-1,-1
764,219,0.36,633.35,163.91,354.11,1,-1,-1,-1
764,220,1582.04,611.75,329.49,422.34,1,-1,-1,-1
764,222,1.69,628.49,261.71,349.08,1,-1,-1,-1
764,223,607.90,355.29,339.27,650.59,1,-1,-1,-1
764,224,1569.86,480.42,323.04,530.39,1,-1,-1,-1
764,226,1468.67,576.95,231.67,333.23,1,-1,-1,-1
764,227,230.62,565.62,287.32,352.56,1,-1,-1,-1
764,228,2.85,632.51,307.23,321.04,1,-1,-1,-1
764,230,2.50,638.56,261.66,333.86,1,-1,-1,-1
764,231,0.23,592.43,105.93,446.74,1,-1,-1,-1
764,232,1657.33,486.33,262.51,484.52,1,-1,-1,-1
764,233,1502.18,579.50,408.56,455.60,1,-1,-1,-1
764,234,1646.64,474.15,273.24,498.00,1,-1,-1,-1
764,235,336.39,555.95,275.07,379.38,1,-1,-1,-1
765,132,1006.32,363.25,390.53,630.91,1,-1,-1,-1
765,183,1557.52,598.51,362.47,457.81,1,-1,-1,-1
765,187,783.74,299.89,476.93,727.69,1,-1,-1,-1
765,200,352.63,567.53,272.89,368.44,1,-1,-1,-1
765,208,882.68,412.55,294.82,601.07,1,-1,-1,-1
765,217,1.00,599.04,169.93,429.87,1,-1,-1,-1
765,218,1275.50,575.44,282.17,363.96,1,-1,-1,-1
765,220,1600.71,615.00,318.44,422.58,1,-1,-1,-1
765,222,1.69,628.49,261.71,349.08,1,-1,-1,-1
765,223,604.86,356.60,337.88,646.32,1,-1,-1,-1
765,224,1570.04,598.63,266.63,416.21,1,-1,-1,-1
765,226,1469.07,582.50,242.71,382.99,1,-1,-1,-1
765,227,240.42,576.02,281.98,345.83,1,-1,-1,-1
765,228,2.85,632.51,307.23,321.04,1,-1,-1,-1
765,230,2.50,638.56,261.66,333.86,1,-1,-1,-1
765,231,0.04,596.43,142.25,454.36,1,-1,-1,-1
765,232,1657.33,486.33,262.51,484.52,1,-1,-1,-1
765,233,1502.18,579.50,408.56,455.60,1,-1,-1,-1
765,234,1674.69,480.01,243.45,477.42,1,-1,-1,-1
765,235,336.39,555.95,275.07,379.38,1,-1,-1,-1
766,132,1009.79,365.39,389.06,627.09,1,-1,-1,-1
766,183,1557.52,598.51,362.47,457.81,1,-1,-1,-1
766,187,782.93,298.91,475.97,731.23,1,-1,-1,-1
766,200,348.73,565.81,272.89,373.80,1,-1,-1,-1
766,208,882.68,412.55,294.82,601.07,1,-1,-1,-1
766,217,7.34,633.97,289.43,330.04,1,-1,-1,-1
766,218,1270.02,575.29,293.12,370.27,1,-1,-1,-1
766,220,1605.11,625.35,314.80,418.75,1,-1,-1,-1
766,222,1.69,628.49,261.71,349.08,1,-1,-1,-1
766,223,607.16,356.85,335.51,648.43,1,-1,-1,-1
766,224,1570.04,598.63,266.63,416.21,1,-1,-1,-1
766,226,1466.01,587.11,246.80,365.23,1,-1,-1,-1
766,227,245.82,583.43,272.85,334.48,1,-1,-1,-1
766,228,2.00,617.78,307.36,341.24,1,-1,-1,-1
766,230,2.50,638.56,261.66,333.86,1,-1,-1,-1
766,231,0.06,606.09,118.33,431.20,1,-1,-1,-1
766,232,1657.33,486.33,262.51,484.52,1,-1,-1,-1
766,233,1502.18,579.50,408.56,455.60,1,-1,-1,-1
766,234,1698.70,503.99,221.11,481.98,1,-1,-1,-1
766,235,336.39,555.95,275.07,379.38,1,-1,-1,-1
766,236,98.11,642.63,211.46,306.50,1,-1,-1,-1
767,132,1012.78,367.02,387.37,624.51,1,-1,-1,-1
767,183,1557.52,598.51,362.47,457.81,1,-1,-1,-1
767,187,782.71,299.77,473.04,729.00,1,-1,-1,-1
767,200,350.97,567.82,274.17,368.95,1,-1,-1,-1
767,208,882.68,412.55,294.82,601.07,1,-1,-1,-1
767,217,7.34,633.97,289.43,330.04,1,-1,-1,-1
767,218,1278.25,586.31,282.46,357.08,1,-1,-1,-1
767,220,1604.48,624.12,315.51,417.11,1,-1,-1,-1
767,222,1.69,628.49,261.71,349.08,1,-1,-1,-1
767,223,605.49,352.91,338.21,653.94,1,-1,-1,-1
767,224,1570.04,598.63,266.63,416.21,1,-1,-1,-1
767,226,1457.83,587.90,253.17,348.27,1,-1,-1,-1
767,227,244.59,581.82,273.30,335.77,1,-1,-1,-1
767,228,1.49,617.29,254.75,334.48,1,-1,-1,-1
767,230,2.50,638.56,261.66,333.86,1,-1,-1,-1
767,231,0.01,608.78,120.07,429.69,1,-1,-1,-1
767,232,1657.33,486.33,262.51,484.52,1,-1,-1,-1
767,233,1699.14,543.84,219.63,443.39,1,-1,-1,-1
767,234,1709.07,501.40,201.51,451.93,1,-1,-1,-1
767,235,336.39,555.95,275.07,379.38,1,-1,-1,-1
767,236,138.69,651.74,171.28,294.35,1,-1,-1,-1
768,132,1011.01,365.30,389.05,625.78,1,-1,-1,-1
768,183,1557.52,598.51,362.47,457.81,1,-1,-1,-1
768,187,781.97,299.23,472.58,730.51,1,-1,-1,-1
768,200,358.08,566.81,275.01,368.76,1,-1,-1,-1
768,208,882.68,412.55,294.82,601.07,1,-1,-1,-1
768,217,2.09,643.17,304.57,316.14,1,-1,-1,-1
768,218,1278.77,596.19,279.67,352.31,1,-1,-1,-1
768,220,1616.00,621.31,304.00,415.27,1,-1,-1,-1
768,222,1.69,628.49,261.71,349.08,1,-1,-1,-1
768,223,605.59,354.12,341.52,652.85,1,-1,-1,-1
768,224,1570.04,598.63,266.63,416.21,1,-1,-1,-1
768,226,1453.09,586.76,259.68,344.51,1,-1,-1,-1
768,227,244.68,580.78,271.50,339.20,1,-1,-1,-1
768,228,2.43,635.88,296.95,338.17,1,-1,-1,-1
768,230,2.50,638.56,261.66,333.86,1,-1,-1,-1
768,231,0.00,606.52,145.54,433.46,1,-1,-1,-1
768,232,1657.33,486.33,262.51,484.52,1,-1,-1,-1
768,233,1699.14,543.84,219.63,443.39,1,-1,-1,-1
768,234,1709.07,501.40,201.51,451.93,1,-1,-1,-1
768,235,336.39,555.95,275.07,379.38,1,-1,-1,-1
768,236,140.24,654.92,168.74,291.36,1,-1,-1,-1
769,132,1004.72,362.99,393.10,630.91,1,-1,-1,-1
769,183,1557.52,598.51,362.47,457.81,1,-1,-1,-1
769,187,780.49,303.46,468.85,728.09,1,-1,-1,-1
769,200,349.72,563.14,291.53,370.63,1,-1,-1,-1
769,217,2.09,643.17,304.57,316.14,1,-1,-1,-1
769,218,1271.41,613.58,296.21,340.37,1,-1,-1,-1
769,220,1608.67,623.82,311.33,412.60,1,-1,-1,-1
769,222,1.69,628.49,261.71,349.08,1,-1,-1,-1
769,223,603.27,354.21,338.59,650.61,1,-1,-1,-1
769,224,1570.04,598.63,266.63,416.21,1,-1,-1,-1
769,226,1437.57,585.88,263.63,344.69,1,-1,-1,-1
769,227,241.85,572.93,271.93,345.60,1,-1,-1,-1
769,228,2.43,635.88,296.95,338.17,1,-1,-1,-1
769,230,2.50,638.56,261.66,333.86,1,-1,-1,-1
769,231,0.80,606.57,168.26,428.11,1,-1,-1,-1
769,232,1657.33,486.33,262.51,484.52,1,-1,-1,-1
769,233,1699.14,543.84,219.63,443.39,1,-1,-1,-1
769,234,1722.32,520.85,196.74,454.18,1,-1,-1,-1
769,235,336.39,555.95,275.07,379.38,1,-1,-1,-1
769,236,145.50,645.80,163.29,299.59,1,-1,-1,-1
770,132,1003.70,362.64,390.90,632.30,1,-1,-1,-1
770,183,1557.52,598.51,362.47,457.81,1,-1,-1,-1
770,187,778.46,304.49,467.81,726.81,1,-1,-1,-1
770,200,351.76,564.53,293.02,370.55,1,-1,-1,-1
770,217,2.09,643.17,304.57,316.14,1,-1,-1,-1
770,218,1273.50,614.58,298.42,337.52,1,-1,-1,-1
770,220,1614.18,622.17,305.82,414.74,1,-1,-1,-1
770,222,1.69,628.49,261.71,349.08,1,-1,-1,-1
770,223,602.24,354.07,331.61,653.79,1,-1,-1,-1
770,224,1570.04,598.63,266.63,416.21,1,-1,-1,-1
770,226,1437.88,584.26,262.92,348.02,1,-1,-1,-1
770,227,241.03,573.33,270.84,342.60,1,-1,-1,-1
770,228,115.67,643.02,191.23,306.08,1,-1,-1,-1
770,230,2.50,638.56,261.66,333.86,1,-1,-1,-1
770,231,0.45,604.73,167.45,393.71,1,-1,-1,-1
770,232,1657.33,486.33,262.51,484.52,1,-1,-1,-1
770,233,1699.14,543.84,219.63,443.39,1,-1,-1,-1
770,234,1723.53,520.27,196.37,451.61,1,-1,-1,-1
770,235,336.39,555.95,275.07,379.38,1,-1,-1,-1
770,236,134.47,643.20,175.02,303.73,1,-1,-1,-1
771,132,1007.57,361.67,386.05,632.17,1,-1,-1,-1
771,183,1557.52,598.51,362.47,457.81,1,-1,-1,-1
771,187,774.33,303.99,468.85,722.70,1,-1,-1,-1
771,200,351.76,564.53,293.02,370.55,1,-1,-1,-1
771,217,2.09,643.17,304.57,316.14,1,-1,-1,-1
771,218,1276.50,615.56,295.47,337.75,1,-1,-1,-1
771,220,1609.99,625.77,310.01,407.80,1,-1,-1,-1
771,222,1.69,628.49,261.71,349.08,1,-1,-1,-1
771,223,601.90,354.09,331.88,646.02,1,-1,-1,-1
771,224,1570.04,598.63,266.63,416.21,1,-1,-1,-1
771,226,1440.44,583.42,256.26,346.14,1,-1,-1,-1
771,227,239.17,571.01,268.42,345.14,1,-1,-1,-1
771,228,13.48,616.52,232.05,332.45,1,-1,-1,-1
771,230,2.50,638.56,261.66,333.86,1,-1,-1,-1
771,231,0.47,604.95,169.79,394.21,1,-1,-1,-1
771,232,1657.33,486.33,262.51,484.52,1,-1,-1,-1
771,233,1699.14,543.84,219.63,443.39,1,-1,-1,-1
771,234,1727.74,511.97,192.25,455.98,1,-1,-1,-1
771,235,336.39,555.95,275.07,379.38,1,-1,-1,-1
771,236,130.21,642.14,176.01,303.66,1,-1,-1,-1
772,132,1010.24,359.28,380.87,633.12,1,-1,-1,-1
772,183,1557.52,598.51,362.47,457.81,1,-1,-1,-1
772,187,772.04,303.61,470.50,720.73,1,-1,-1,-1
772,200,351.76,564.53,293.02,370.55,1,-1,-1,-1
772,217,2.09,643.17,304.57,316.14,1,-1,-1,-1
772,218,1276.46,616.38,295.35,340.66,1,-1,-1,-1
772,220,1610.29,627.71,309.71,403.21,1,-1,-1,-1
772,222,1.69,628.49,261.71,349.08,1,-1,-1,-1
772,223,601.51,354.61,329.47,646.15,1,-1,-1,-1
772,224,1570.04,598.63,266.63,416.21,1,-1,-1,-1
772,226,1434.52,584.14,267.64,346.86,1,-1,-1,-1
772,227,239.01,568.63,267.18,347.49,1,-1,-1,-1
772,228,5.60,627.04,242.05,320.34,1,-1,-1,-1
772,230,2.50,638.56,261.66,333.86,1,-1,-1,-1
772,231,0.22,604.09,150.43,425.32,1,-1,-1,-1
772,232,1657.33,486.33,262.51,484.52,1,-1,-1,-1
772,233,1699.14,543.84,219.63,443.39,1,-1,-1,-1
772,234,1712.35,509.86,206.88,454.32,1,-1,-1,-1
772,235,336.39,555.95,275.07,379.38,1,-1,-1,-1
772,236,129.45,641.76,175.13,303.64,1,-1,-1,-1
772,238,353.25,561.93,283.83,370.37,1,-1,-1,-1
773,132,1003.34,359.11,385.47,633.46,1,-1,-1,-1
773,183,1557.52,598.51,362.47,457.81,1,-1,-1,-1
773,187,767.54,302.67,474.86,725.48,1,-1,-1,-1
773,200,351.76,564.53,293.02,370.55,1,-1,-1,-1
773,217,2.09,643.17,304.57,316.14,1,-1,-1,-1
773,218,1273.85,616.29,295.78,340.11,1,-1,-1,-1
773,220,1608.89,627.57,311.11,402.68,1,-1,-1,-1
773,222,1.69,628.49,261.71,349.08,1,-1,-1,-1
773,223,600.43,355.21,330.50,648.23,1,-1,-1,-1
773,224,1570.04,598.63,266.63,416.21,1,-1,-1,-1
773,226,1435.28,582.57,264.17,348.88,1,-1,-1,-1
773,227,236.37,568.77,269.46,347.86,1,-1,-1,-1
773,228,5.60,627.04,242.05,320.34,1,-1,-1,-1
773,230,2.50,638.56,261.66,333.86,1,-1,-1,-1
773,231,0.08,604.05,130.28,430.50,1,-1,-1,-1
773,232,1657.33,486.33,262.51,484.52,1,-1,-1,-1
773,233,1699.14,543.84,219.63,443.39,1,-1,-1,-1
773,234,1705.71,512.06,214.12,459.32,1,-1,-1,-1
773,235,336.39,555.95,275.07,379.38,1,-1,-1,-1
773,236,129.61,642.16,172.95,302.56,1,-1,-1,-1
773,238,354.34,561.39,281.74,370.50,1,-1,-1,-1
774,132,993.50,358.21,393.28,632.60,1,-1,-1,-1
774,183,1557.52,598.51,362.47,457.81,1,-1,-1,-1
774,187,748.91,303.17,493.52,727.78,1,-1,-1,-1
774,200,351.76,564.53,293.02,370.55,1,-1,-1,-1
774,217,2.09,643.17,304.57,316.14,1,-1,-1,-1
774,218,1267.51,615.92,295.36,339.83,1,-1,-1,-1
774,220,1599.10,622.94,320.90,407.53,1,-1,-1,-1
774,223,597.12,356.85,338.49,638.59,1,-1,-1,-1
774,224,1570.04,598.63,266.63,416.21,1,-1,-1,-1
774,226,1439.99,578.95,269.35,357.03,1,-1,-1,-1
774,227,236.78,568.06,262.99,350.34,1,-1,-1,-1
774,228,5.60,627.04,242.05,320.34,1,-1,-1,-1
774,230,2.50,638.56,261.66,333.86,1,-1,-1,-1
774,231,0.07,598.61,126.98,448.27,1,-1,-1,-1
774,232,1657.33,486.33,262.51,484.52,1,-1,-1,-1
774,233,1699.14,543.84,219.63,443.39,1,-1,-1,-1
774,234,1719.25,515.99,199.10,445.53,1,-1,-1,-1
774,235,336.39,555.95,275.07,379.38,1,-1,-1,-1
774,236,128.53,640.79,171.67,304.45,1,-1,-1,-1
774,238,358.08,562.60,274.54,369.01,1,-1,-1,-1
775,132,991.53,359.42,393.29,629.40,1,-1,-1,-1
775,183,1557.52,598.51,362.47,457.81,1,-1,-1,-1
775,187,743.66,303.58,509.00,730.09,1,-1,-1,-1
775,200,351.76,564.53,293.02,370.55,1,-1,-1,-1
775,217,4.21,635.93,295.88,307.20,1,-1,-1,-1
775,218,1269.48,614.30,290.77,337.56,1,-1,-1,-1
775,220,1614.76,615.67,305.24,418.97,1,-1,-1,-1
775,223,595.92,356.91,336.65,639.71,1,-1,-1,-1
775,224,1570.04,598.63,266.63,416.21,1,-1,-1,-1
775,226,1443.84,577.31,265.32,391.00,1,-1,-1,-1
775,227,236.60,569.79,263.84,346.95,1,-1,-1,-1
775,228,0.72,598.91,178.65,357.97,1,-1,-1,-1
775,230,2.50,638.56,261.66,333.86,1,-1,-1,-1
775,231,0.01,594.81,125.40,440.23,1,-1,-1,-1
775,232,1657.33,486.33,262.51,484.52,1,-1,-1,-1
775,233,1699.14,543.84,219.63,443.39,1,-1,-1,-1
775,234,1716.05,504.72,202.53,467.90,1,-1,-1,-1
775,235,336.39,555.95,275.07,379.38,1,-1,-1,-1
775,236,110.82,639.67,188.22,303.75,1,-1,-1,-1
775,238,359.07,565.50,283.37,368.30,1,-1,-1,-1
776,132,986.25,360.46,398.35,629.01,1,-1,-1,-1
776,187,739.18,310.88,530.29,715.92,1,-1,-1,-1
776,200,351.76,564.53,293.02,370.55,1,-1,-1,-1
776,217,1.11,600.87,244.36,330.98,1,-1,-1,-1
776,218,1269.02,611.63,284.97,334.32,1,-1,-1,-1
776,220,1618.98,613.74,300.88,423.13,1,-1,-1,-1
776,223,593.11,356.37,340.01,637.94,1,-1,-1,-1
776,224,1570.04,598.63,266.63,416.21,1,-1,-1,-1
776,226,1442.10,577.74,241.12,355.35,1,-1,-1,-1
776,227,235.73,567.87,262.21,348.32,1,-1,-1,-1
776,228,0.62,590.57,166.54,351.71,1,-1,-1,-1
776,230,2.50,638.56,261.66,333.86,1,-1,-1,-1
776,231,0.01,594.81,125.40,440.23,1,-1,-1,-1
776,232,1657.33,486.33,262.51,484.52,1,-1,-1,-1
776,233,1699.14,543.84,219.63,443.39,1,-1,-1,-1
776,234,1722.24,511.44,197.22,463.66,1,-1,-1,-1
776,235,336.39,555.95,275.07,379.38,1,-1,-1,-1
776,236,126.73,637.10,169.62,306.68,1,-1,-1,-1
776,238,353.58,564.27,275.17,366.18,1,-1,-1,-1
777,132,985.22,359.57,397.55,626.36,1,-1,-1,-1
777,187,735.70,322.57,544.31,701.69,1,-1,-1,-1
777,200,343.22,559.03,275.16,371.49,1,-1,-1,-1
777,217,1.13,604.54,235.11,338.88,1,-1,-1,-1
777,218,1269.03,604.69,280.50,343.49,1,-1,-1,-1
777,220,1618.05,595.12,301.69,443.71,1,-1,-1,-1
777,223,589.12,354.38,352.87,644.42,1,-1,-1,-1
777,224,1570.04,598.63,266.63,416.21,1,-1,-1,-1
777,226,1441.19,576.60,253.73,355.52,1,-1,-1,-1
777,227,236.44,568.87,264.57,348.08,1,-1,-1,-1
777,228,0.14,579.17,112.00,371.64,1,-1,-1,-1
777,230,2.50,638.56,261.66,333.86,1,-1,-1,-1
777,231,0.01,594.81,125.40,440.23,1,-1,-1,-1
777,232,1657.33,486.33,262.51,484.52,1,-1,-1,-1
777,233,1699.14,543.84,219.63,443.39,1,-1,-1,-1
777,234,1591.76,615.93,233.58,338.25,1,-1,-1,-1
777,235,336.39,555.95,275.07,379.38,1,-1,-1,-1
777,236,115.46,628.37,179.39,315.13,1,-1,-1,-1
777,238,351.12,559.27,267.91,371.02,1,-1,-1,-1
778,132,972.22,352.90,414.01,633.60,1,-1,-1,-1
778,187,727.31,333.66,551.73,686.73,1,-1,-1,-1
778,200,333.63,553.40,284.03,376.48,1,-1,-1,-1
778,217,2.58,603.81,236.83,342.58,1,-1,-1,-1
778,218,1267.96,595.05,285.94,351.00,1,-1,-1,-1
778,220,1609.17,587.39,310.81,454.68,1,-1,-1,-1
778,223,570.45,353.72,385.14,639.38,1,-1,-1,-1
778,224,1570.04,598.63,266.63,416.21,1,-1,-1,-1
778,226,1439.34,579.63,256.39,348.60,1,-1,-1,-1
778,227,233.60,568.82,264.66,345.44,1,-1,-1,-1
778,228,0.05,564.85,87.56,382.04,1,-1,-1,-1
778,230,2.50,638.56,261.66,333.86,1,-1,-1,-1
778,231,0.01,594.81,125.40,440.23,1,-1,-1,-1
778,232,1657.33,486.33,262.51,484.52,1,-1,-1,-1
778,233,1699.14,543.84,219.63,443.39,1,-1,-1,-1
778,234,1660.42,507.22,237.48,446.19,1,-1,-1,-1
778,235,336.39,555.95,275.07,379.38,1,-1,-1,-1
778,236,84.08,619.02,212.43,325.32,1,-1,-1,-1
778,238,340.71,552.02,280.43,377.27,1,-1,-1,-1
779,132,956.08,354.08,460.70,631.00,1,-1,-1,-1
779,187,734.92,368.35,537.11,653.43,1,-1,-1,-1
779,200,331.55,535.68,301.44,400.37,1,-1,-1,-1
779,217,0.26,557.95,181.09,374.70,1,-1,-1,-1
779,218,1267.96,595.05,285.94,351.00,1,-1,-1,-1
779,220,1619.33,470.17,300.37,568.98,1,-1,-1,-1
779,223,526.04,333.56,437.96,660.14,1,-1,-1,-1
779,224,1570.04,598.63,266.63,416.21,1,-1,-1,-1
779,226,1424.59,572.28,248.41,347.37,1,-1,-1,-1
779,227,234.36,552.36,262.78,363.79,1,-1,-1,-1
779,228,0.01,551.46,118.07,388.65,1,-1,-1,-1
779,230,2.50,638.56,261.66,333.86,1,-1,-1,-1
779,231,0.01,594.81,125.40,440.23,1,-1,-1,-1
779,232,1657.33,486.33,262.51,484.52,1,-1,-1,-1
779,233,1699.14,543.84,219.63,443.39,1,-1,-1,-1
779,234,1584.01,613.66,206.87,335.98,1,-1,-1,-1
779,235,336.39,555.95,275.07,379.38,1,-1,-1,-1
779,236,8.41,589.21,285.09,359.85,1,-1,-1,-1
779,238,327.36,542.40,300.28,396.85,1,-1,-1,-1
780,132,963.00,289.11,493.36,693.12,1,-1,-1,-1
780,187,731.27,395.83,536.01,622.65,1,-1,-1,-1
780,200,331.55,535.68,301.44,400.37,1,-1,-1,-1
780,217,0.05,515.27,138.86,425.83,1,-1,-1,-1
780,218,1267.96,595.05,285.94,351.00,1,-1,-1,-1
780,220,1631.85,435.89,287.52,594.53,1,-1,-1,-1
780,223,522.34,333.36,439.21,661.74,1,-1,-1,-1
780,224,1570.04,598.63,266.63,416.21,1,-1,-1,-1
780,226,1429.30,564.40,251.77,364.03,1,-1,-1,-1
780,227,227.16,530.02,269.81,391.03,1,-1,-1,-1
780,228,0.01,551.46,118.07,388.65,1,-1,-1,-1
780,230,2.50,638.56,261.66,333.86,1,-1,-1,-1
780,231,0.01,594.81,125.40,440.23,1,-1,-1,-1
780,232,1657.33,486.33,262.51,484.52,1,-1,-1,-1
780,233,1699.14,543.84,219.63,443.39,1,-1,-1,-1
780,234,1584.01,613.66,206.87,335.98,1,-1,-1,-1
780,235,336.39,555.95,275.07,379.38,1,-1,-1,-1
780,236,0.84,543.67,293.61,401.16,1,-1,-1,-1
780,237,1273.10,539.93,268.43,397.56,1,-1,-1,-1
780,238,326.39,533.73,275.27,395.67,1,-1,-1,-1
781,132,952.69,285.27,480.14,703.71,1,-1,-1,-1
781,187,706.29,426.04,567.11,596.80,1,-1,-1,-1
781,200,331.55,535.68,301.44,400.37,1,-1,-1,-1
781,217,0.05,515.27,138.86,425.83,1,-1,-1,-1
781,218,1267.96,595.05,285.94,351.00,1,-1,-1,-1
781,220,1697.77,433.50,222.17,529.69,1,-1,-1,-1
781,223,519.65,338.30,434.49,654.50,1,-1,-1,-1
781,224,1570.04,598.63,266.63,416.21,1,-1,-1,-1
781,226,1427.27,547.33,253.82,380.21,1,-1,-1,-1
781,227,237.18,531.60,256.53,386.53,1,-1,-1,-1
781,228,0.01,551.46,118.07,388.65,1,-1,-1,-1
781,230,2.50,638.56,261.66,333.86,1,-1,-1,-1
781,231,0.01,594.81,125.40,440.23,1,-1,-1,-1
781,232,1657.33,486.33,262.51,484.52,1,-1,-1,-1
781,233,1699.14,543.84,219.63,443.39,1,-1,-1,-1
781,234,1584.75,614.22,321.62,412.08,1,-1,-1,-1
781,235,336.39,555.95,275.07,379.38,1,-1,-1,-1
781,236,0.08,511.42,293.45,433.84,1,-1,-1,-1
781,237,1273.26,495.07,297.39,434.89,1,-1,-1,-1
781,238,327.10,537.79,248.47,395.94,1,-1,-1,-1
782,132,955.89,308.52,470.87,679.15,1,-1,-1,-1
782,187,705.25,447.20,566.26,571.77,1,-1,-1,-1
782,200,331.55,535.68,301.44,400.37,1,-1,-1,-1
782,217,0.05,515.27,138.86,425.83,1,-1,-1,-1
782,218,1267.96,595.05,285.94,351.00,1,-1,-1,-1
782,220,1697.77,433.50,222.17,529.69,1,-1,-1,-1
782,223,519.46,336.70,432.05,658.45,1,-1,-1,-1
782,224,1570.04,598.63,266.63,416.21,1,-1,-1,-1
782,226,1435.33,542.42,241.07,383.00,1,-1,-1,-1
782,227,241.26,532.36,242.81,384.36,1,-1,-1,-1
782,228,0.01,551.46,118.07,388.65,1,-1,-1,-1
782,231,0.00,515.40,212.84,437.06,1,-1,-1,-1
782,232,1657.33,486.33,262.51,484.52,1,-1,-1,-1
782,233,1699.14,543.84,219.63,443.39,1,-1,-1,-1
782,234,1596.40,621.88,321.69,413.01,1,-1,-1,-1
782,235,336.39,555.95,275.07,379.38,1,-1,-1,-1
782,236,0.01,499.75,290.00,444.81,1,-1,-1,-1
782,237,1275.67,489.41,260.95,440.76,1,-1,-1,-1
782,238,330.29,510.12,250.41,423.29,1,-1,-1,-1
783,132,973.86,314.14,449.66,668.84,1,-1,-1,-1
783,187,705.72,463.98,566.65,554.68,1,-1,-1,-1
783,200,331.55,535.68,301.44,400.37,1,-1,-1,-1
783,217,0.05,515.27,138.86,425.83,1,-1,-1,-1
783,218,1267.96,595.05,285.94,351.00,1,-1,-1,-1
783,220,1693.05,440.22,226.94,530.52,1,-1,-1,-1
783,223,520.22,334.32,447.26,657.25,1,-1,-1,-1
783,224,1570.04,598.63,266.63,416.21,1,-1,-1,-1
783,226,1442.95,544.23,230.24,376.49,1,-1,-1,-1
783,227,243.80,535.84,245.32,382.13,1,-1,-1,-1
783,228,0.01,551.46,118.07,388.65,1,-1,-1,-1
783,231,0.00,505.23,220.38,438.65,1,-1,-1,-1
783,232,1657.33,486.33,262.51,484.52,1,-1,-1,-1
783,233,1699.14,543.84,219.63,443.39,1,-1,-1,-1
783,234,1601.13,631.17,318.15,405.32,1,-1,-1,-1
783,235,336.39,555.95,275.07,379.38,1,-1,-1,-1
783,236,0.00,497.14,291.61,446.47,1,-1,-1,-1
783,237,1276.71,489.30,254.24,444.06,1,-1,-1,-1
783,238,328.60,501.93,253.30,432.79,1,-1,-1,-1
783,239,1651.84,429.51,268.16,575.99,1,-1,-1,-1
784,132,953.79,319.42,455.70,662.79,1,-1,-1,-1
784,187,704.65,470.22,566.18,556.07,1,-1,-1,-1
784,200,331.55,535.68,301.44,400.37,1,-1,-1,-1
784,217,0.05,515.27,138.86,425.83,1,-1,-1,-1
784,218,1267.96,595.05,285.94,351.00,1,-1,-1,-1
784,220,1693.05,440.22,226.94,530.52,1,-1,-1,-1
784,223,514.49,307.54,436.92,687.90,1,-1,-1,-1
784,224,1570.04,598.63,266.63,416.21,1,-1,-1,-1
784,226,1433.91,548.83,240.77,371.86,1,-1,-1,-1
784,227,240.23,534.12,251.61,386.83,1,-1,-1,-1
784,228,0.01,551.46,118.07,388.65,1,-1,-1,-1
784,231,0.00,505.23,220.38,438.65,1,-1,-1,-1
784,232,1657.33,486.33,262.51,484.52,1,-1,-1,-1
784,233,1699.14,543.84,219.63,443.39,1,-1,-1,-1
784,234,1599.10,624.66,320.67,413.44,1,-1,-1,-1
784,235,336.39,555.95,275.07,379.38,1,-1,-1,-1
784,236,0.00,504.38,300.43,440.09,1,-1,-1,-1
784,237,1269.83,491.80,255.74,446.74,1,-1,-1,-1
784,238,328.60,501.93,253.30,432.79,1,-1,-1,-1
784,239,1651.84,429.51,268.16,575.99,1,-1,-1,-1
785,132,984.10,309.56,428.03,672.94,1,-1,-1,-1
785,187,700.85,465.95,564.69,560.68,1,-1,-1,-1
785,200,304.54,512.37,289.23,417.18,1,-1,-1,-1
785,217,0.05,515.27,138.86,425.83,1,-1,-1,-1
785,218,1267.96,595.05,285.94,351.00,1,-1,-1,-1
785,220,1693.05,440.22,226.94,530.52,1,-1,-1,-1
785,223,509.87,274.50,436.62,720.76,1,-1,-1,-1
785,224,1570.04,598.63,266.63,416.21,1,-1,-1,-1
785,226,1424.24,554.93,271.78,367.27,1,-1,-1,-1
785,227,233.14,528.82,262.55,397.88,1,-1,-1,-1
785,228,0.01,551.46,118.07,388.65,1,-1,-1,-1
785,231,0.00,505.23,220.38,438.65,1,-1,-1,-1
785,232,1657.33,486.33,262.51,484.52,1,-1,-1,-1
785,233,1699.14,543.84,219.63,443.39,1,-1,-1,-1
785,234,1593.54,627.14,324.81,404.16,1,-1,-1,-1
785,235,336.39,555.95,275.07,379.38,1,-1,-1,-1
785,236,1.06,509.35,308.94,432.39,1,-1,-1,-1
785,237,1269.83,491.80,255.74,446.74,1,-1,-1,-1
785,238,311.84,504.02,279.55,424.94,1,-1,-1,-1
785,239,1688.87,438.33,231.13,575.77,1,-1,-1,-1
786,132,1071.34,321.55,363.01,656.67,1,-1,-1,-1
786,187,694.75,452.12,573.58,577.79,1,-1,-1,-1
786,200,281.54,526.58,323.46,399.16,1,-1,-1,-1
786,217,0.05,515.27,138.86,425.83,1,-1,-1,-1
786,218,1267.96,595.05,285.94,351.00,1,-1,-1,-1
786,220,1686.52,476.25,233.48,515.66,1,-1,-1,-1
786,223,494.45,305.15,449.31,691.01,1,-1,-1,-1
786,224,1570.04,598.63,266.63,416.21,1,-1,-1,-1
786,226,1424.96,560.32,314.17,380.93,1,-1,-1,-1
786,227,235.45,533.09,266.24,396.68,1,-1,-1,-1
786,228,0.01,551.46,118.07,388.65,1,-1,-1,-1
786,231,0.00,505.23,220.38,438.65,1,-1,-1,-1
786,232,1657.33,486.33,262.51,484.52,1,-1,-1,-1
786,233,1699.14,543.84,219.63,443.39,1,-1,-1,-1
786,234,1591.79,622.37,327.18,419.06,1,-1,-1,-1
786,235,336.39,555.95,275.07,379.38,1,-1,-1,-1
786,236,1.22,513.52,322.82,431.81,1,-1,-1,-1
786,237,1263.31,495.28,305.66,440.36,1,-1,-1,-1
786,238,304.86,527.82,288.99,391.92,1,-1,-1,-1
786,239,1690.75,440.24,229.25,564.26,1,-1,-1,-1
787,132,991.14,324.56,458.01,667.96,1,-1,-1,-1
787,187,685.74,437.17,577.32,587.37,1,-1,-1,-1
787,200,278.88,537.10,343.20,393.83,1,-1,-1,-1
787,217,0.05,515.27,138.86,425.83,1,-1,-1,-1
787,218,1267.96,595.05,285.94,351.00,1,-1,-1,-1
787,220,1687.93,449.45,232.07,523.46,1,-1,-1,-1
787,223,508.02,310.83,434.76,686.22,1,-1,-1,-1
787,224,1570.04,598.63,266.63,416.21,1,-1,-1,-1
787,226,1400.90,566.27,335.99,420.13,1,-1,-1,-1
787,227,238.65,543.42,277.15,383.67,1,-1,-1,-1
787,228,0.01,551.46,118.07,388.65,1,-1,-1,-1
787,231,0.00,505.23,220.38,438.65,1,-1,-1,-1
787,233,1699.14,543.84,219.63,443.39,1,-1,-1,-1
787,234,1576.90,583.52,342.12,458.61,1,-1,-1,-1
787,235,336.39,555.95,275.07,379.38,1,-1,-1,-1
787,236,0.82,563.69,345.94,381.27,1,-1,-1,-1
787,237,1263.31,495.28,305.66,440.36,1,-1,-1,-1
787,238,301.78,540.29,309.07,386.83,1,-1,-1,-1
787,239,1690.09,445.10,229.47,547.77,1,-1,-1,-1
788,132,976.11,322.95,460.26,668.58,1,-1,-1,-1
788,187,687.68,421.70,577.43,603.98,1,-1,-1,-1
788,200,295.40,542.20,342.43,395.17,1,-1,-1,-1
788,217,0.05,515.27,138.86,425.83,1,-1,-1,-1
788,218,1240.82,548.40,280.77,383.61,1,-1,-1,-1
788,220,1690.72,467.43,229.28,489.66,1,-1,-1,-1
788,223,502.31,347.97,438.66,653.95,1,-1,-1,-1
788,224,1570.04,598.63,266.63,416.21,1,-1,-1,-1
788,226,1400.90,566.27,335.99,420.13,1,-1,-1,-1
788,227,259.76,555.62,257.01,369.93,1,-1,-1,-1
788,228,0.01,551.46,118.07,388.65,1,-1,-1,-1
788,231,1.42,548.15,343.64,393.09,1,-1,-1,-1
788,233,1699.14,543.84,219.63,443.39,1,-1,-1,-1
788,234,1558.89,582.28,360.06,457.10,1,-1,-1,-1
788,235,336.39,555.95,275.07,379.38,1,-1,-1,-1
788,236,0.08,529.79,174.89,487.12,1,-1,-1,-1
788,237,1263.31,495.28,305.66,440.36,1,-1,-1,-1
788,238,301.78,540.29,309.07,386.83,1,-1,-1,-1
788,239,1690.09,445.10,229.47,547.77,1,-1,-1,-1
789,132,940.82,355.84,481.19,643.10,1,-1,-1,-1
789,187,728.51,389.48,555.24,625.10,1,-1,-1,-1
789,200,322.15,550.56,334.44,384.80,1,-1,-1,-1
789,217,0.05,515.27,138.86,425.83,1,-1,-1,-1
789,218,1221.78,577.59,320.82,355.32,1,-1,-1,-1
789,220,1690.72,467.43,229.28,489.66,1,-1,-1,-1
789,223,507.55,344.06,425.78,652.10,1,-1,-1,-1
789,224,1570.04,598.63,266.63,416.21,1,-1,-1,-1
789,226,1400.90,566.27,335.99,420.13,1,-1,-1,-1
789,227,250.26,580.01,281.03,318.88,1,-1,-1,-1
789,228,0.01,551.46,118.07,388.65,1,-1,-1,-1
789,231,1.27,568.19,378.82,381.76,1,-1,-1,-1
789,233,1699.14,543.84,219.63,443.39,1,-1,-1,-1
789,234,1557.48,527.92,361.56,508.99,1,-1,-1,-1
789,235,336.39,555.95,275.07,379.38,1,-1,-1,-1
789,236,0.01,544.62,214.48,483.43,1,-1,-1,-1
789,237,1263.31,495.28,305.66,440.36,1,-1,-1,-1
789,238,301.78,540.29,309.07,386.83,1,-1,-1,-1
789,239,1690.09,445.10,229.47,547.77,1,-1,-1,-1
789,240,1356.30,588.52,323.06,363.75,1,-1,-1,-1
790,132,937.50,357.76,465.40,639.24,1,-1,-1,-1
790,187,749.57,376.82,531.82,630.58,1,-1,-1,-1
790,200,322.68,554.62,337.64,377.49,1,-1,-1,-1
790,217,0.05,515.27,138.86,425.83,1,-1,-1,-1
790,218,1238.74,575.16,283.90,352.08,1,-1,-1,-1
790,220,1690.72,467.43,229.28,489.66,1,-1,-1,-1
790,223,510.92,334.14,434.00,667.50,1,-1,-1,-1
790,224,1570.04,598.63,266.63,416.21,1,-1,-1,-1
790,226,1400.90,566.27,335.99,420.13,1,-1,-1,-1
790,227,255.19,595.90,285.53,329.10,1,-1,-1,-1
790,228,0.01,551.46,118.07,388.65,1,-1,-1,-1
790,231,5.48,570.45,383.01,381.41,1,-1,-1,-1
790,233,1699.14,543.84,219.63,443.39,1,-1,-1,-1
790,234,1569.99,522.41,349.38,506.54,1,-1,-1,-1
790,235,336.39,555.95,275.07,379.38,1,-1,-1,-1
790,236,0.00,515.17,221.43,544.59,1,-1,-1,-1
790,237,1263.31,495.28,305.66,440.36,1,-1,-1,-1
790,238,301.78,540.29,309.07,386.83,1,-1,-1,-1
790,239,1690.09,445.10,229.47,547.77,1,-1,-1,-1
790,240,1345.24,594.24,313.09,357.41,1,-1,-1,-1
791,132,933.35,371.96,454.64,629.96,1,-1,-1,-1
791,187,759.38,351.79,515.73,653.54,1,-1,-1,-1
791,200,337.31,549.44,337.55,393.79,1,-1,-1,-1
791,217,0.05,515.27,138.86,425.83,1,-1,-1,-1
791,218,1224.20,577.13,290.10,348.47,1,-1,-1,-1
791,220,1690.72,467.43,229.28,489.66,1,-1,-1,-1
791,223,511.79,353.99,434.05,639.89,1,-1,-1,-1
791,224,1570.04,598.63,266.63,416.21,1,-1,-1,-1
791,226,1400.90,566.27,335.99,420.13,1,-1,-1,-1
791,227,93.80,576.22,323.75,364.93,1,-1,-1,-1
791,228,0.01,551.46,118.07,388.65,1,-1,-1,-1
791,231,12.51,575.58,384.53,374.70,1,-1,-1,-1
791,233,1699.14,543.84,219.63,443.39,1,-1,-1,-1
791,234,1537.13,529.03,382.56,505.03,1,-1,-1,-1
791,235,336.39,555.95,275.07,379.38,1,-1,-1,-1
791,236,0.00,539.28,252.10,514.69,1,-1,-1,-1
791,237,1263.31,495.28,305.66,440.36,1,-1,-1,-1
791,238,254.18,595.47,302.08,339.06,1,-1,-1,-1
791,239,1690.09,445.10,229.47,547.77,1,-1,-1,-1
791,240,1337.96,593.11,307.81,330.28,1,-1,-1,-1
792,132,927.18,351.94,458.88,643.81,1,-1,-1,-1
792,187,747.47,393.12,523.10,631.29,1,-1,-1,-1
792,200,349.67,552.55,326.84,382.42,1,-1,-1,-1
792,217,0.05,515.27,138.86,425.83,1,-1,-1,-1
792,218,1202.33,574.28,297.22,347.94,1,-1,-1,-1
792,220,1690.72,467.43,229.28,489.66,1,-1,-1,-1
792,223,511.42,379.69,435.00,612.04,1,-1,-1,-1
792,224,1570.04,598.63,266.63,416.21,1,-1,-1,-1
792,226,1400.90,566.27,335.99,420.13,1,-1,-1,-1
792,227,94.78,575.24,312.54,367.54,1,-1,-1,-1
792,228,0.01,551.46,118.07,388.65,1,-1,-1,-1
792,231,18.29,575.35,380.84,370.81,1,-1,-1,-1
792,233,1699.14,543.84,219.63,443.39,1,-1,-1,-1
792,234,1509.92,524.52,410.05,510.56,1,-1,-1,-1
792,235,336.39,555.95,275.07,379.38,1,-1,-1,-1
792,236,0.00,541.63,273.34,515.59,1,-1,-1,-1
792,237,1263.31,495.28,305.66,440.36,1,-1,-1,-1
792,238,277.37,606.23,276.43,316.42,1,-1,-1,-1
792,239,1690.09,445.10,229.47,547.77,1,-1,-1,-1
792,240,1341.78,597.07,311.90,326.89,1,-1,-1,-1
793,132,928.64,348.87,466.13,652.17,1,-1,-1,-1
793,187,744.63,364.64,516.53,660.26,1,-1,-1,-1
793,200,386.88,552.83,269.39,378.47,1,-1,-1,-1
793,217,0.05,515.27,138.86,425.83,1,-1,-1,-1
793,218,1187.16,576.71,313.99,341.00,1,-1,-1,-1
793,220,1690.72,467.43,229.28,489.66,1,-1,-1,-1
793,223,508.41,380.03,437.81,607.23,1,-1,-1,-1
793,224,1570.04,598.63,266.63,416.21,1,-1,-1,-1
793,226,1400.90,566.27,335.99,420.13,1,-1,-1,-1
793,227,75.00,580.56,311.57,364.46,1,-1,-1,-1
793,228,0.01,551.46,118.07,388.65,1,-1,-1,-1
793,231,18.29,575.35,380.84,370.81,1,-1,-1,-1
793,233,1699.14,543.84,219.63,443.39,1,-1,-1,-1
793,234,1500.12,528.82,419.88,501.77,1,-1,-1,-1
793,235,336.39,555.95,275.07,379.38,1,-1,-1,-1
793,236,0.00,552.38,284.80,462.79,1,-1,-1,-1
793,237,1263.31,495.28,305.66,440.36,1,-1,-1,-1
793,238,286.57,610.62,278.33,302.76,1,-1,-1,-1
793,239,1690.09,445.10,229.47,547.77,1,-1,-1,-1
793,240,1317.79,599.13,325.21,332.36,1,-1,-1,-1
794,132,920.16,395.18,462.94,597.23,1,-1,-1,-1
794,187,741.05,340.24,534.88,684.49,1,-1,-1,-1
794,200,435.10,559.94,230.60,368.05,1,-1,-1,-1
794,217,0.05,515.27,138.86,425.83,1,-1,-1,-1
794,218,1166.12,578.06,283.45,347.98,1,-1,-1,-1
794,220,1690.72,467.43,229.28,489.66,1,-1,-1,-1
794,223,504.41,377.74,447.85,613.88,1,-1,-1,-1
794,224,1570.04,598.63,266.63,416.21,1,-1,-1,-1
794,226,1400.90,566.27,335.99,420.13,1,-1,-1,-1
794,227,71.38,596.13,256.21,341.42,1,-1,-1,-1
794,228,0.01,551.46,118.07,388.65,1,-1,-1,-1
794,231,135.20,565.39,285.93,379.05,1,-1,-1,-1
794,233,1699.14,543.84,219.63,443.39,1,-1,-1,-1
794,234,1471.73,541.01,447.91,481.74,1,-1,-1,-1
794,235,336.39,555.95,275.07,379.38,1,-1,-1,-1
794,236,51.98,563.52,354.91,390.65,1,-1,-1,-1
794,237,1263.31,495.28,305.66,440.36,1,-1,-1,-1
794,238,301.29,621.77,255.73,307.49,1,-1,-1,-1
794,239,1690.09,445.10,229.47,547.77,1,-1,-1,-1
794,240,1318.16,610.07,254.75,307.33,1,-1,-1,-1
795,132,932.88,410.31,455.40,572.08,1,-1,-1,-1
795,187,745.51,319.52,535.27,693.79,1,-1,-1,-1
795,200,435.20,567.11,244.89,363.68,1,-1,-1,-1
795,217,0.05,515.27,138.86,425.83,1,-1,-1,-1
795,218,1150.94,588.38,277.46,340.28,1,-1,-1,-1
795,220,1690.72,467.43,229.28,489.66,1,-1,-1,-1
795,223,503.45,391.74,450.13,603.53,1,-1,-1,-1
795,224,1570.04,598.63,266.63,416.21,1,-1,-1,-1
795,226,1400.90,566.27,335.99,420.13,1,-1,-1,-1
795,227,7.20,562.41,299.34,436.70,1,-1,-1,-1
795,228,0.01,551.46,118.07,388.65,1,-1,-1,-1
795,231,183.96,566.67,265.78,371.46,1,-1,-1,-1
795,233,1699.14,543.84,219.63,443.39,1,-1,-1,-1
795,234,1458.99,547.48,460.98,473.47,1,-1,-1,-1
795,236,51.98,563.52,354.91,390.65,1,-1,-1,-1
795,237,1263.31,495.28,305.66,440.36,1,-1,-1,-1
795,238,302.78,641.41,264.06,291.57,1,-1,-1,-1
795,239,1690.09,445.10,229.47,547.77,1,-1,-1,-1
795,240,1296.54,619.30,251.73,300.72,1,-1,-1,-1
796,132,931.01,405.70,461.10,592.42,1,-1,-1,-1
796,187,739.65,308.18,544.91,715.35,1,-1,-1,-1
796,200,448.29,574.88,243.16,360.00,1,-1,-1,-1
796,217,0.05,515.27,138.86,425.83,1,-1,-1,-1
796,218,1141.07,601.75,277.48,327.25,1,-1,-1,-1
796,220,1690.72,467.43,229.28,489.66,1,-1,-1,-1
796,223,502.80,401.85,451.66,582.50,1,-1,-1,-1
796,226,1400.90,566.27,335.99,420.13,1,-1,-1,-1
796,227,2.94,557.58,338.26,383.41,1,-1,-1,-1
796,228,0.01,551.46,118.07,388.65,1,-1,-1,-1
796,231,158.82,563.91,304.13,375.05,1,-1,-1,-1
796,233,1699.14,543.84,219.63,443.39,1,-1,-1,-1
796,234,1450.68,540.73,469.31,490.07,1,-1,-1,-1
796,236,51.98,563.52,354.91,390.65,1,-1,-1,-1
796,237,1263.31,495.28,305.66,440.36,1,-1,-1,-1
796,238,307.84,647.47,275.37,279.14,1,-1,-1,-1
796,239,1690.09,445.10,229.47,547.77,1,-1,-1,-1
796,240,1291.91,634.16,247.59,285.02,1,-1,-1,-1
797,132,919.86,401.60,470.87,591.65,1,-1,-1,-1
797,187,738.85,297.87,553.03,724.63,1,-1,-1,-1
797,200,456.74,588.33,263.88,344.44,1,-1,-1,-1
797,217,0.05,515.27,138.86,425.83,1,-1,-1,-1
797,218,1093.50,603.33,323.82,335.10,1,-1,-1,-1
797,220,1690.72,467.43,229.28,489.66,1,-1,-1,-1
797,223,505.95,399.11,448.13,585.55,1,-1,-1,-1
797,226,1400.90,566.27,335.99,420.13,1,-1,-1,-1
797,227,61.49,587.64,339.57,356.72,1,-1,-1,-1
797,228,0.01,551.46,118.07,388.65,1,-1,-1,-1
797,231,158.96,569.07,309.72,367.27,1,-1,-1,-1
797,233,1699.14,543.84,219.63,443.39,1,-1,-1,-1
797,234,1441.33,484.01,478.67,546.45,1,-1,-1,-1
797,236,74.12,577.44,389.27,365.60,1,-1,-1,-1
797,237,1263.31,495.28,305.66,440.36,1,-1,-1,-1
797,238,312.20,655.68,271.60,274.88,1,-1,-1,-1
797,239,1690.09,445.10,229.47,547.77,1,-1,-1,-1
797,240,1281.58,644.43,258.51,275.71,1,-1,-1,-1
798,132,920.88,577.46,469.77,416.10,1,-1,-1,-1
798,187,732.08,293.23,560.35,709.66,1,-1,-1,-1
798,200,454.79,602.26,276.02,330.17,1,-1,-1,-1
798,217,0.05,515.27,138.86,425.83,1,-1,-1,-1
798,218,1074.55,588.42,336.61,347.27,1,-1,-1,-1
798,220,1690.72,467.43,229.28,489.66,1,-1,-1,-1
798,223,504.48,362.63,447.84,624.22,1,-1,-1,-1
798,226,1400.90,566.27,335.99,420.13,1,-1,-1,-1
798,227,61.49,587.64,339.57,356.72,1,-1,-1,-1
798,228,0.01,551.46,118.07,388.65,1,-1,-1,-1
798,231,157.01,580.52,312.20,357.79,1,-1,-1,-1
798,234,1443.22,504.43,476.78,526.04,1,-1,-1,-1
798,236,7.41,558.13,333.11,462.83,1,-1,-1,-1
798,237,1263.31,495.28,305.66,440.36,1,-1,-1,-1
798,238,312.73,659.39,270.62,276.48,1,-1,-1,-1
798,239,1690.09,445.10,229.47,547.77,1,-1,-1,-1
798,240,1273.76,651.36,263.95,268.93,1,-1,-1,-1
798,241,2.17,557.50,332.33,386.89,1,-1,-1,-1
799,132,920.88,577.46,469.77,416.10,1,-1,-1,-1
799,187,729.50,298.44,548.82,713.59,1,-1,-1,-1
799,200,453.64,616.71,293.97,319.46,1,-1,-1,-1
799,217,0.05,515.27,138.86,425.83,1,-1,-1,-1
799,218,1060.38,564.77,342.95,365.28,1,-1,-1,-1
799,220,1690.72,467.43,229.28,489.66,1,-1,-1,-1
799,223,499.59,353.52,466.78,628.76,1,-1,-1,-1
799,226,1400.90,566.27,335.99,420.13,1,-1,-1,-1
799,227,61.49,587.64,339.57,356.72,1,-1,-1,-1
799,228,0.01,551.46,118.07,388.65,1,-1,-1,-1
799,231,155.48,580.58,321.43,356.51,1,-1,-1,-1
799,234,1435.26,491.92,484.74,537.33,1,-1,-1,-1
799,236,7.41,558.13,333.11,462.83,1,-1,-1,-1
799,237,1263.31,495.28,305.66,440.36,1,-1,-1,-1
799,238,317.17,668.29,275.05,267.98,1,-1,-1,-1
799,239,1690.09,445.10,229.47,547.77,1,-1,-1,-1
799,240,1271.29,652.37,267.25,269.91,1,-1,-1,-1
799,241,2.48,557.82,364.28,380.08,1,-1,-1,-1
800,132,920.88,577.46,469.77,416.10,1,-1,-1,-1
800,187,731.54,310.00,548.00,697.93,1,-1,-1,-1
800,200,456.65,617.07,308.65,326.17,1,-1,-1,-1
800,217,0.05,515.27,138.86,425.83,1,-1,-1,-1
800,218,1046.56,549.72,356.57,383.92,1,-1,-1,-1
800,220,1690.72,467.43,229.28,489.66,1,-1,-1,-1
800,223,502.34,391.88,467.53,595.52,1,-1,-1,-1
800,226,1400.90,566.27,335.99,420.13,1,-1,-1,-1
800,227,6.15,561.31,298.48,381.56,1,-1,-1,-1
800,228,0.01,551.46,118.07,388.65,1,-1,-1,-1
800,231,107.39,588.22,371.01,348.12,1,-1,-1,-1
800,234,1430.56,489.81,489.17,533.82,1,-1,-1,-1
800,236,7.41,558.13,333.11,462.83,1,-1,-1,-1
800,237,1263.31,495.28,305.66,440.36,1,-1,-1,-1
800,238,319.04,666.15,277.32,269.38,1,-1,-1,-1
800,239,1690.09,445.10,229.47,547.77,1,-1,-1,-1
800,240,1247.07,653.14,287.73,269.33,1,-1,-1,-1
800,241,1.66,559.67,356.29,377.88,1,-1,-1,-1
800,243,927.11,408.97,466.52,566.17,1,-1,-1,-1
801,132,744.84,550.25,545.95,463.01,1,-1,-1,-1
801,187,733.55,335.14,555.79,680.87,1,-1,-1,-1
801,200,451.24,614.49,308.58,326.65,1,-1,-1,-1
801,217,0.05,515.27,138.86,425.83,1,-1,-1,-1
801,218,1083.93,475.32,436.69,448.19,1,-1,-1,-1
801,220,1690.72,467.43,229.28,489.66,1,-1,-1,-1
801,223,502.52,399.42,444.81,575.05,1,-1,-1,-1
801,226,1400.90,566.27,335.99,420.13,1,-1,-1,-1
801,227,0.76,558.00,296.55,384.99,1,-1,-1,-1
801,228,0.01,551.46,118.07,388.65,1,-1,-1,-1
801,231,92.26,587.41,384.81,349.34,1,-1,-1,-1
801,234,1434.14,496.23,485.12,523.47,1,-1,-1,-1
801,236,7.41,558.13,333.11,462.83,1,-1,-1,-1
801,237,1263.31,495.28,305.66,440.36,1,-1,-1,-1
801,238,317.18,664.04,289.24,272.50,1,-1,-1,-1
801,239,1690.09,445.10,229.47,547.77,1,-1,-1,-1
801,240,1247.07,653.14,287.73,269.33,1,-1,-1,-1
801,241,1.75,559.57,339.91,375.77,1,-1,-1,-1
801,243,922.57,416.65,481.92,553.72,1,-1,-1,-1
802,132,744.84,550.25,545.95,463.01,1,-1,-1,-1
802,187,738.27,346.52,553.52,670.42,1,-1,-1,-1
802,200,450.15,615.12,310.21,326.96,1,-1,-1,-1
802,217,0.05,515.27,138.86,425.83,1,-1,-1,-1
802,218,1083.93,475.32,436.69,448.19,1,-1,-1,-1
802,220,1690.72,467.43,229.28,489.66,1,-1,-1,-1
802,223,499.45,403.90,436.09,576.72,1,-1,-1,-1
802,226,1400.90,566.27,335.99,420.13,1,-1,-1,-1
802,227,0.25,559.25,291.19,382.93,1,-1,-1,-1
802,228,0.01,551.46,118.07,388.65,1,-1,-1,-1
802,231,146.97,583.85,326.70,351.73,1,-1,-1,-1
802,234,1436.16,498.09,483.02,519.26,1,-1,-1,-1
802,236,7.41,558.13,333.11,462.83,1,-1,-1,-1
802,237,1263.31,495.28,305.66,440.36,1,-1,-1,-1
802,238,317.14,665.91,288.92,270.19,1,-1,-1,-1
802,239,1690.09,445.10,229.47,547.77,1,-1,-1,-1
802,240,1236.39,657.51,294.06,263.87,1,-1,-1,-1
802,241,1.88,561.09,339.28,370.97,1,-1,-1,-1
802,243,1003.91,432.80,403.34,535.68,1,-1,-1,-1
802,244,444.66,666.71,272.39,262.77,1,-1,-1,-1
803,132,517.33,598.58,449.63,395.02,1,-1,-1,-1
803,187,734.07,360.02,569.77,659.60,1,-1,-1,-1
803,200,452.91,612.55,302.74,329.91,1,-1,-1,-1
803,217,0.05,515.27,138.86,425.83,1,-1,-1,-1
803,218,1095.33,508.51,432.41,411.75,1,-1,-1,-1
803,220,1690.72,467.43,229.28,489.66,1,-1,-1,-1
803,223,499.34,407.09,438.11,573.81,1,-1,-1,-1
803,226,1400.90,566.27,335.99,420.13,1,-1,-1,-1
803,227,0.25,559.25,291.19,382.93,1,-1,-1,-1
803,228,0.01,551.46,118.07,388.65,1,-1,-1,-1
803,231,154.89,584.07,317.87,352.35,1,-1,-1,-1
803,234,1436.09,499.51,483.83,517.32,1,-1,-1,-1
803,236,7.41,558.13,333.11,462.83,1,-1,-1,-1
803,237,1263.31,495.28,305.66,440.36,1,-1,-1,-1
803,238,317.01,665.88,284.55,270.23,1,-1,-1,-1
803,239,1690.09,445.10,229.47,547.77,1,-1,-1,-1
803,240,1228.69,654.16,298.80,267.80,1,-1,-1,-1
803,241,2.01,560.42,351.01,372.19,1,-1,-1,-1
803,243,972.55,442.67,427.89,528.64,1,-1,-1,-1
803,244,445.96,662.63,272.13,266.47,1,-1,-1,-1
804,132,517.33,598.58,449.63,395.02,1,-1,-1,-1
804,187,735.82,534.67,549.65,489.22,1,-1,-1,-1
804,200,455.32,613.50,307.33,326.76,1,-1,-1,-1
804,217,0.05,515.27,138.86,425.83,1,-1,-1,-1
804,218,1103.22,501.70,430.03,417.26,1,-1,-1,-1
804,220,1690.72,467.43,229.28,489.66,1,-1,-1,-1
804,223,495.25,408.62,431.16,579.09,1,-1,-1,-1
804,226,1400.90,566.27,335.99,420.13,1,-1,-1,-1
804,227,0.20,558.95,292.14,381.26,1,-1,-1,-1
804,228,0.01,551.46,118.07,388.65,1,-1,-1,-1
804,231,107.89,590.28,352.67,348.48,1,-1,-1,-1
804,234,1432.77,511.83,487.22,505.37,1,-1,-1,-1
804,236,7.41,558.13,333.11,462.83,1,-1,-1,-1
804,237,1263.31,495.28,305.66,440.36,1,-1,-1,-1
804,238,316.07,664.28,287.06,270.42,1,-1,-1,-1
804,239,1690.09,445.10,229.47,547.77,1,-1,-1,-1
804,240,1233.96,658.67,297.98,260.92,1,-1,-1,-1
804,241,1.30,559.34,331.66,376.49,1,-1,-1,-1
804,242,894.37,376.01,256.20,549.14,1,-1,-1,-1
804,243,1000.20,444.49,405.05,526.53,1,-1,-1,-1
804,244,443.40,661.10,273.37,265.30,1,-1,-1,-1
805,132,517.33,598.58,449.63,395.02,1,-1,-1,-1
805,187,731.73,389.25,551.34,628.90,1,-1,-1,-1
805,200,477.11,608.87,294.68,354.21,1,-1,-1,-1
805,217,0.05,515.27,138.86,425.83,1,-1,-1,-1
805,218,1103.14,476.26,433.26,442.43,1,-1,-1,-1
805,220,1690.72,467.43,229.28,489.66,1,-1,-1,-1
805,223,496.64,406.71,438.13,584.02,1,-1,-1,-1
805,226,1400.90,566.27,335.99,420.13,1,-1,-1,-1
805,227,0.19,558.93,292.89,379.72,1,-1,-1,-1
805,228,0.01,551.46,118.07,388.65,1,-1,-1,-1
805,231,107.89,590.28,352.67,348.48,1,-1,-1,-1
805,234,1426.69,511.03,493.30,504.47,1,-1,-1,-1
805,236,7.41,558.13,333.11,462.83,1,-1,-1,-1
805,237,1263.31,495.28,305.66,440.36,1,-1,-1,-1
805,238,314.77,661.73,286.96,272.58,1,-1,-1,-1
805,239,1690.09,445.10,229.47,547.77,1,-1,-1,-1
805,240,1235.96,657.01,299.48,260.70,1,-1,-1,-1
805,241,1.82,557.32,342.87,375.10,1,-1,-1,-1
805,242,894.37,376.01,256.20,549.14,1,-1,-1,-1
805,243,977.56,442.93,420.23,528.64,1,-1,-1,-1
805,244,441.94,657.65,280.90,267.84,1,-1,-1,-1
806,132,517.33,598.58,449.63,395.02,1,-1,-1,-1
806,187,733.57,377.32,545.36,642.52,1,-1,-1,-1
806,200,457.62,610.69,306.90,332.07,1,-1,-1,-1
806,217,0.05,515.27,138.86,425.83,1,-1,-1,-1
806,218,1110.47,509.50,423.12,408.49,1,-1,-1,-1
806,220,1690.72,467.43,229.28,489.66,1,-1,-1,-1
806,223,491.26,413.62,437.62,580.17,1,-1,-1,-1
806,226,1400.90,566.27,335.99,420.13,1,-1,-1,-1
806,227,0.19,558.93,292.89,379.72,1,-1,-1,-1
806,228,0.01,551.46,118.07,388.65,1,-1,-1,-1
806,231,121.21,589.75,345.23,348.28,1,-1,-1,-1
806,234,1424.79,516.35,495.21,500.98,1,-1,-1,-1
806,236,7.41,558.13,333.11,462.83,1,-1,-1,-1
806,237,1263.31,495.28,305.66,440.36,1,-1,-1,-1
806,238,314.60,659.86,286.21,275.15,1,-1,-1,-1
806,239,1690.09,445.10,229.47,547.77,1,-1,-1,-1
806,240,1237.35,653.82,295.70,263.43,1,-1,-1,-1
806,241,2.17,557.20,353.51,375.40,1,-1,-1,-1
806,242,894.37,376.01,256.20,549.14,1,-1,-1,-1
806,243,955.01,437.04,442.90,540.16,1,-1,-1,-1
806,244,444.60,658.17,277.78,267.57,1,-1,-1,-1
807,132,517.33,598.58,449.63,395.02,1,-1,-1,-1
807,187,733.30,370.40,544.74,648.71,1,-1,-1,-1
807,200,456.29,610.54,318.26,338.11,1,-1,-1,-1
807,217,0.05,515.27,138.86,425.83,1,-1,-1,-1
807,218,1133.57,528.35,398.40,388.08,1,-1,-1,-1
807,220,1690.72,467.43,229.28,489.66,1,-1,-1,-1
807,223,489.90,384.96,439.27,616.14,1,-1,-1,-1
807,226,1400.90,566.27,335.99,420.13,1,-1,-1,-1
807,227,0.19,558.93,292.89,379.72,1,-1,-1,-1
807,228,0.01,551.46,118.07,388.65,1,-1,-1,-1
807,231,120.62,587.88,345.09,349.62,1,-1,-1,-1
807,234,1424.58,518.52,495.42,496.79,1,-1,-1,-1
807,236,7.41,558.13,333.11,462.83,1,-1,-1,-1
807,237,1263.31,495.28,305.66,440.36,1,-1,-1,-1
807,238,313.42,660.53,283.46,274.29,1,-1,-1,-1
807,239,1690.09,445.10,229.47,547.77,1,-1,-1,-1
807,240,1241.55,651.84,291.07,265.24,1,-1,-1,-1
807,241,0.93,556.91,343.10,384.98,1,-1,-1,-1
807,242,894.37,376.01,256.20,549.14,1,-1,-1,-1
807,243,972.08,425.19,421.03,551.42,1,-1,-1,-1
807,244,441.68,660.15,278.88,268.77,1,-1,-1,-1
808,132,517.33,598.58,449.63,395.02,1,-1,-1,-1
808,187,728.85,365.19,566.44,654.42,1,-1,-1,-1
808,200,456.29,610.54,318.26,338.11,1,-1,-1,-1
808,217,0.05,515.27,138.86,425.83,1,-1,-1,-1
808,218,1133.57,528.35,398.40,388.08,1,-1,-1,-1
808,220,1690.72,467.43,229.28,489.66,1,-1,-1,-1
808,223,495.95,366.29,444.53,618.62,1,-1,-1,-1
808,226,1400.90,566.27,335.99,420.13,1,-1,-1,-1
808,227,0.19,558.93,292.89,379.72,1,-1,-1,-1
808,228,0.01,551.46,118.07,388.65,1,-1,-1,-1
808,231,121.21,587.59,338.21,350.18,1,-1,-1,-1
808,234,1424.97,514.16,495.03,501.44,1,-1,-1,-1
808,236,7.41,558.13,333.11,462.83,1,-1,-1,-1
808,237,1263.31,495.28,305.66,440.36,1,-1,-1,-1
808,238,313.18,661.25,289.66,272.73,1,-1,-1,-1
808,239,1690.09,445.10,229.47,547.77,1,-1,-1,-1
808,240,1252.79,654.22,280.73,262.83,1,-1,-1,-1
808,241,0.70,557.32,347.18,398.06,1,-1,-1,-1
808,242,894.37,376.01,256.20,549.14,1,-1,-1,-1
808,243,952.03,414.07,439.96,556.30,1,-1,-1,-1
808,244,440.77,660.77,271.73,267.85,1,-1,-1,-1
809,132,517.33,598.58,449.63,395.02,1,-1,-1,-1
809,187,726.74,347.39,563.67,663.37,1,-1,-1,-1
809,200,497.64,603.92,267.17,360.86,1,-1,-1,-1
809,217,0.05,515.27,138.86,425.83,1,-1,-1,-1
809,218,1066.47,546.26,354.12,378.83,1,-1,-1,-1
809,220,1690.72,467.43,229.28,489.66,1,-1,-1,-1
809,223,503.70,349.65,436.31,625.51,1,-1,-1,-1
809,226,1400.90,566.27,335.99,420.13,1,-1,-1,-1
809,227,0.19,558.93,292.89,379.72,1,-1,-1,-1
809,228,0.01,551.46,118.07,388.65,1,-1,-1,-1
809,231,114.63,585.41,343.72,352.81,1,-1,-1,-1
809,234,1425.30,518.50,494.70,497.65,1,-1,-1,-1
809,236,7.41,558.13,333.11,462.83,1,-1,-1,-1
809,237,1263.31,495.28,305.66,440.36,1,-1,-1,-1
809,238,310.76,662.37,289.64,270.55,1,-1,-1,-1
809,239,1690.09,445.10,229.47,547.77,1,-1,-1,-1
809,240,1263.96,653.35,265.78,262.77,1,-1,-1,-1
809,241,0.70,557.32,347.18,398.06,1,-1,-1,-1
809,242,894.37,376.01,256.20,549.14,1,-1,-1,-1
809,243,925.34,397.66,457.07,568.66,1,-1,-1,-1
809,244,444.12,660.34,249.42,267.18,1,-1,-1,-1
810,132,517.33,598.58,449.63,395.02,1,-1,-1,-1
810,187,720.33,349.70,553.40,659.71,1,-1,-1,-1
810,200,497.64,603.92,267.17,360.86,1,-1,-1,-1
810,217,0.05,515.27,138.86,425.83,1,-1,-1,-1
810,218,1057.78,541.45,353.41,388.55,1,-1,-1,-1
810,220,1690.72,467.43,229.28,489.66,1,-1,-1,-1
810,223,492.76,350.12,447.68,632.03,1,-1,-1,-1
810,226,1400.90,566.27,335.99,420.13,1,-1,-1,-1
810,227,0.19,558.93,292.89,379.72,1,-1,-1,-1
810,231,82.52,580.69,382.63,358.46,1,-1,-1,-1
810,234,1424.59,517.95,495.41,496.58,1,-1,-1,-1
810,236,7.41,558.13,333.11,462.83,1,-1,-1,-1
810,237,1263.31,495.28,305.66,440.36,1,-1,-1,-1
810,238,310.44,661.61,297.03,270.84,1,-1,-1,-1
810,239,1690.09,445.10,229.47,547.77,1,-1,-1,-1
810,240,1268.62,653.22,262.04,263.20,1,-1,-1,-1
810,241,0.14,556.49,313.23,450.66,1,-1,-1,-1
810,242,894.37,376.01,256.20,549.14,1,-1,-1,-1
810,243,922.15,392.71,458.77,577.18,1,-1,-1,-1
810,244,447.31,660.88,248.44,261.26,1,-1,-1,-1
811,132,517.33,598.58,449.63,395.02,1,-1,-1,-1
811,187,719.70,354.79,553.17,660.10,1,-1,-1,-1
811,200,497.64,603.92,267.17,360.86,1,-1,-1,-1
811,218,1057.78,541.45,353.41,388.55,1,-1,-1,-1
811,220,1690.72,467.43,229.28,489.66,1,-1,-1,-1
811,223,492.83,346.89,452.22,639.26,1,-1,-1,-1
811,226,1400.90,566.27,335.99,420.13,1,-1,-1,-1
811,227,71.08,583.10,377.19,356.46,1,-1,-1,-1
811,231,100.47,586.29,357.27,351.10,1,-1,-1,-1
811,234,1425.71,518.29,494.29,496.63,1,-1,-1,-1
811,236,7.41,558.13,333.11,462.83,1,-1,-1,-1
811,237,1263.31,495.28,305.66,440.36,1,-1,-1,-1
811,238,310.28,661.73,295.43,271.13,1,-1,-1,-1
811,239,1690.09,445.10,229.47,547.77,1,-1,-1,-1
811,240,1264.06,653.88,266.30,262.71,1,-1,-1,-1
811,241,0.24,555.93,329.65,468.02,1,-1,-1,-1
811,242,894.37,376.01,256.20,549.14,1,-1,-1,-1
811,243,919.82,384.90,461.93,584.01,1,-1,-1,-1
811,244,446.77,660.47,258.34,262.01,1,-1,-1,-1
812,132,517.33,598.58,449.63,395.02,1,-1,-1,-1
812,187,709.27,375.33,552.00,637.15,1,-1,-1,-1
812,200,497.64,603.92,267.17,360.86,1,-1,-1,-1
812,218,1044.12,530.02,367.54,403.82,1,-1,-1,-1
812,220,1690.72,467.43,229.28,489.66,1,-1,-1,-1
812,223,494.00,345.59,435.24,638.39,1,-1,-1,-1
812,226,1400.90,566.27,335.99,420.13,1,-1,-1,-1
812,227,71.08,583.10,377.19,356.46,1,-1,-1,-1
812,231,79.99,585.83,380.82,352.96,1,-1,-1,-1
812,234,1425.80,525.89,494.20,487.93,1,-1,-1,-1
812,236,7.41,558.13,333.11,462.83,1,-1,-1,-1
812,237,1263.31,495.28,305.66,440.36,1,-1,-1,-1
812,238,308.18,661.80,299.22,270.45,1,-1,-1,-1
812,239,1690.09,445.10,229.47,547.77,1,-1,-1,-1
812,240,1260.66,654.91,270.67,260.46,1,-1,-1,-1
812,241,0.46,556.08,341.54,475.49,1,-1,-1,-1
812,242,894.37,376.01,256.20,549.14,1,-1,-1,-1
812,243,920.81,383.51,460.86,586.29,1,-1,-1,-1
812,244,443.29,660.73,256.07,260.37,1,-1,-1,-1
813,132,517.33,598.58,449.63,395.02,1,-1,-1,-1
813,187,708.14,366.91,570.46,646.82,1,-1,-1,-1
813,200,497.64,603.92,267.17,360.86,1,-1,-1,-1
813,218,924.41,400.92,456.92,556.98,1,-1,-1,-1
813,220,1690.72,467.43,229.28,489.66,1,-1,-1,-1
813,223,496.33,348.56,420.87,634.40,1,-1,-1,-1
813,226,1400.90,566.27,335.99,420.13,1,-1,-1,-1
813,227,71.08,583.10,377.19,356.46,1,-1,-1,-1
813,231,123.93,584.08,336.75,351.33,1,-1,-1,-1
813,234,1423.43,529.41,496.57,483.11,1,-1,-1,-1
813,236,7.41,558.13,333.11,462.83,1,-1,-1,-1
813,237,1263.31,495.28,305.66,440.36,1,-1,-1,-1
813,238,309.39,660.43,291.24,272.22,1,-1,-1,-1
813,239,1690.09,445.10,229.47,547.77,1,-1,-1,-1
813,240,1256.20,654.71,273.03,260.72,1,-1,-1,-1
813,241,0.45,555.53,331.36,488.22,1,-1,-1,-1
813,242,894.37,376.01,256.20,549.14,1,-1,-1,-1
813,243,886.03,354.58,455.37,638.93,1,-1,-1,-1
813,244,446.30,660.42,262.24,265.29,1,-1,-1,-1
814,132,517.33,598.58,449.63,395.02,1,-1,-1,-1
814,187,710.45,455.03,554.85,557.87,1,-1,-1,-1
814,200,497.64,603.92,267.17,360.86,1,-1,-1,-1
814,218,927.88,397.63,453.55,570.94,1,-1,-1,-1
814,220,1690.72,467.43,229.28,489.66,1,-1,-1,-1
814,223,501.62,373.51,407.86,605.29,1,-1,-1,-1
814,226,1400.90,566.27,335.99,420.13,1,-1,-1,-1
814,227,71.08,583.10,377.19,356.46,1,-1,-1,-1
814,231,131.30,582.14,330.73,353.17,1,-1,-1,-1
814,234,1422.83,538.79,497.17,474.51,1,-1,-1,-1
814,236,7.41,558.13,333.11,462.83,1,-1,-1,-1
814,237,1263.31,495.28,305.66,440.36,1,-1,-1,-1
814,238,311.85,661.65,293.72,268.94,1,-1,-1,-1
814,239,1690.09,445.10,229.47,547.77,1,-1,-1,-1
814,240,1243.16,628.03,283.65,290.75,1,-1,-1,-1
814,241,0.16,555.78,322.87,513.63,1,-1,-1,-1
814,242,894.37,376.01,256.20,549.14,1,-1,-1,-1
814,243,855.78,352.85,421.05,628.90,1,-1,-1,-1
814,244,444.98,658.68,280.52,268.46,1,-1,-1,-1
815,132,517.33,598.58,449.63,395.02,1,-1,-1,-1
815,187,719.91,362.70,543.85,651.36,1,-1,-1,-1
815,200,497.64,603.92,267.17,360.86,1,-1,-1,-1
815,218,925.86,396.49,455.95,573.27,1,-1,-1,-1
815,220,1690.72,467.43,229.28,489.66,1,-1,-1,-1
815,223,498.00,378.00,414.81,615.40,1,-1,-1,-1
815,226,1400.90,566.27,335.99,420.13,1,-1,-1,-1
815,227,71.08,583.10,377.19,356.46,1,-1,-1,-1
815,231,134.33,582.47,326.18,352.08,1,-1,-1,-1
815,234,1421.91,537.15,498.09,475.54,1,-1,-1,-1
815,236,7.41,558.13,333.11,462.83,1,-1,-1,-1
815,237,1263.31,495.28,305.66,440.36,1,-1,-1,-1
815,238,310.76,662.17,291.76,271.03,1,-1,-1,-1
815,239,1690.09,445.10,229.47,547.77,1,-1,-1,-1
815,240,1246.56,613.73,281.37,305.64,1,-1,-1,-1
815,241,0.40,555.88,314.43,470.59,1,-1,-1,-1
815,242,894.37,376.01,256.20,549.14,1,-1,-1,-1
815,243,888.64,440.77,379.42,574.07,1,-1,-1,-1
815,244,442.99,658.22,279.56,265.45,1,-1,-1,-1
816,132,517.33,598.58,449.63,395.02,1,-1,-1,-1
816,187,711.87,453.43,547.70,559.04,1,-1,-1,-1
816,200,497.64,603.92,267.17,360.86,1,-1,-1,-1
816,218,926.17,394.22,454.39,578.04,1,-1,-1,-1
816,220,1690.72,467.43,229.28,489.66,1,-1,-1,-1
816,223,498.49,382.88,414.58,603.76,1,-1,-1,-1
816,226,1400.90,566.27,335.99,420.13,1,-1,-1,-1
816,227,71.08,583.10,377.19,356.46,1,-1,-1,-1
816,231,115.75,583.83,342.00,352.29,1,-1,-1,-1
816,234,1421.58,537.70,498.42,476.48,1,-1,-1,-1
816,236,7.41,558.13,333.11,462.83,1,-1,-1,-1
816,237,1263.31,495.28,305.66,440.36,1,-1,-1,-1
816,238,308.41,662.70,295.15,272.66,1,-1,-1,-1
816,239,1690.09,445.10,229.47,547.77,1,-1,-1,-1
816,240,1245.80,610.80,282.78,308.35,1,-1,-1,-1
816,241,0.23,556.72,319.35,479.31,1,-1,-1,-1
816,242,894.37,376.01,256.20,549.14,1,-1,-1,-1
816,243,888.64,440.77,379.42,574.07,1,-1,-1,-1
816,244,441.43,660.30,275.64,262.14,1,-1,-1,-1
817,132,517.33,598.58,449.63,395.02,1,-1,-1,-1
817,187,710.29,361.80,559.31,654.34,1,-1,-1,-1
817,200,497.64,603.92,267.17,360.86,1,-1,-1,-1
817,218,925.63,391.58,451.86,585.80,1,-1,-1,-1
817,220,1690.72,467.43,229.28,489.66,1,-1,-1,-1
817,223,494.21,385.10,422.73,606.41,1,-1,-1,-1
817,226,1400.90,566.27,335.99,420.13,1,-1,-1,-1
817,227,71.08,583.10,377.19,356.46,1,-1,-1,-1
817,231,121.10,585.54,336.21,350.62,1,-1,-1,-1
817,234,1422.03,542.27,497.97,474.43,1,-1,-1,-1
817,236,7.41,558.13,333.11,462.83,1,-1,-1,-1
817,238,308.13,662.06,294.12,273.47,1,-1,-1,-1
817,239,1690.09,445.10,229.47,547.77,1,-1,-1,-1
817,240,1243.07,606.94,283.40,311.84,1,-1,-1,-1
817,241,1.35,556.76,350.72,398.15,1,-1,-1,-1
817,242,894.37,376.01,256.20,549.14,1,-1,-1,-1
817,243,888.64,440.77,379.42,574.07,1,-1,-1,-1
817,244,440.20,660.13,276.75,263.58,1,-1,-1,-1
818,132,517.33,598.58,449.63,395.02,1,-1,-1,-1
818,187,712.78,348.88,548.55,668.40,1,-1,-1,-1
818,200,497.64,603.92,267.17,360.86,1,-1,-1,-1
818,218,922.26,391.95,456.28,585.92,1,-1,-1,-1
818,220,1690.72,467.43,229.28,489.66,1,-1,-1,-1
818,223,493.11,383.59,424.00,603.45,1,-1,-1,-1
818,227,7.11,562.16,283.74,380.11,1,-1,-1,-1
818,231,129.12,585.91,328.03,348.70,1,-1,-1,-1
818,234,1419.66,544.78,500.34,472.58,1,-1,-1,-1
818,236,7.41,558.13,333.11,462.83,1,-1,-1,-1
818,238,306.96,664.18,292.42,271.46,1,-1,-1,-1
818,240,1235.04,594.26,293.53,326.53,1,-1,-1,-1
818,241,0.13,559.56,289.65,477.92,1,-1,-1,-1
818,242,894.37,376.01,256.20,549.14,1,-1,-1,-1
818,243,888.64,440.77,379.42,574.07,1,-1,-1,-1
818,244,437.55,662.32,268.10,260.55,1,-1,-1,-1
819,132,517.33,598.58,449.63,395.02,1,-1,-1,-1
819,187,698.94,352.42,550.16,665.23,1,-1,-1,-1
819,200,497.64,603.92,267.17,360.86,1,-1,-1,-1
819,218,918.40,391.18,456.15,580.02,1,-1,-1,-1
819,223,493.72,379.19,426.50,617.88,1,-1,-1,-1
819,227,1.66,560.66,341.48,386.44,1,-1,-1,-1
819,231,114.15,588.91,338.50,345.69,1,-1,-1,-1
819,234,1415.09,544.81,504.49,469.46,1,-1,-1,-1
819,236,7.41,558.13,333.11,462.83,1,-1,-1,-1
819,238,303.15,665.74,289.31,269.55,1,-1,-1,-1
819,240,1245.11,647.43,277.82,272.16,1,-1,-1,-1
819,241,0.13,559.56,289.65,477.92,1,-1,-1,-1
819,242,894.37,376.01,256.20,549.14,1,-1,-1,-1
819,243,888.64,440.77,379.42,574.07,1,-1,-1,-1
819,244,435.89,662.47,279.13,262.24,1,-1,-1,-1
820,132,517.33,598.58,449.63,395.02,1,-1,-1,-1
820,187,691.87,356.27,553.40,664.19,1,-1,-1,-1
820,200,497.64,603.92,267.17,360.86,1,-1,-1,-1
820,218,911.54,383.96,452.78,589.61,1,-1,-1,-1
820,223,489.55,371.12,442.51,628.85,1,-1,-1,-1
820,227,1.66,560.66,341.48,386.44,1,-1,-1,-1
820,231,121.46,588.43,335.05,345.74,1,-1,-1,-1
820,234,1415.76,548.10,503.43,466.20,1,-1,-1,-1
820,236,7.41,558.13,333.11,462.83,1,-1,-1,-1
820,238,300.12,661.58,297.96,275.11,1,-1,-1,-1
820,240,1255.76,650.46,263.37,265.30,1,-1,-1,-1
820,241,0.01,565.30,270.78,462.72,1,-1,-1,-1
820,242,894.37,376.01,256.20,549.14,1,-1,-1,-1
820,243,1049.03,591.17,329.61,348.53,1,-1,-1,-1
820,244,431.39,662.43,278.66,264.87,1,-1,-1,-1
821,132,517.33,598.58,449.63,395.02,1,-1,-1,-1
821,187,689.25,358.97,551.92,660.26,1,-1,-1,-1
821,200,497.64,603.92,267.17,360.86,1,-1,-1,-1
821,218,906.42,378.22,450.66,591.46,1,-1,-1,-1
821,223,475.09,367.68,448.81,626.22,1,-1,-1,-1
821,227,0.81,563.53,327.57,384.97,1,-1,-1,-1
821,231,128.00,588.20,322.22,346.77,1,-1,-1,-1
821,234,1410.05,546.68,509.28,469.21,1,-1,-1,-1
821,236,7.41,558.13,333.11,462.83,1,-1,-1,-1
821,238,298.72,661.57,295.21,274.26,1,-1,-1,-1
821,240,1255.70,651.34,269.14,265.13,1,-1,-1,-1
821,241,0.01,564.45,296.56,434.58,1,-1,-1,-1
821,242,894.37,376.01,256.20,549.14,1,-1,-1,-1
821,243,1049.03,591.17,329.61,348.53,1,-1,-1,-1
821,244,432.06,665.79,277.82,268.75,1,-1,-1,-1
822,132,517.33,598.58,449.63,395.02,1,-1,-1,-1
822,187,686.06,362.98,544.50,658.79,1,-1,-1,-1
822,200,497.64,603.92,267.17,360.86,1,-1,-1,-1
822,218,890.92,375.29,457.46,594.26,1,-1,-1,-1
822,223,461.29,426.79,459.68,560.71,1,-1,-1,-1
822,227,0.81,563.53,327.57,384.97,1,-1,-1,-1
822,231,126.75,587.18,320.55,348.34,1,-1,-1,-1
822,234,1399.57,545.20,519.99,470.98,1,-1,-1,-1
822,236,7.41,558.13,333.11,462.83,1,-1,-1,-1
822,238,292.13,663.21,289.52,271.67,1,-1,-1,-1
822,240,1259.59,654.61,254.53,260.52,1,-1,-1,-1
822,241,0.00,565.07,307.65,453.57,1,-1,-1,-1
822,242,894.37,376.01,256.20,549.14,1,-1,-1,-1
822,243,1008.39,509.94,365.73,435.92,1,-1,-1,-1
822,244,432.06,665.79,277.82,268.75,1,-1,-1,-1
823,132,517.33,598.58,449.63,395.02,1,-1,-1,-1
823,187,687.37,361.13,538.69,655.35,1,-1,-1,-1
823,200,497.64,603.92,267.17,360.86,1,-1,-1,-1
823,218,890.66,370.43,457.87,597.71,1,-1,-1,-1
823,223,454.40,369.60,443.92,609.26,1,-1,-1,-1
823,227,0.81,563.53,327.57,384.97,1,-1,-1,-1
823,231,116.29,583.57,325.99,354.89,1,-1,-1,-1
823,234,1397.51,546.69,522.45,471.51,1,-1,-1,-1
823,236,7.41,558.13,333.11,462.83,1,-1,-1,-1
823,238,284.80,662.09,303.99,273.28,1,-1,-1,-1
823,240,1248.30,653.83,264.39,263.94,1,-1,-1,-1
823,241,0.07,565.64,308.27,455.29,1,-1,-1,-1
823,242,894.37,376.01,256.20,549.14,1,-1,-1,-1
823,243,1008.39,509.94,365.73,435.92,1,-1,-1,-1
823,244,432.06,665.79,277.82,268.75,1,-1,-1,-1
824,132,517.33,598.58,449.63,395.02,1,-1,-1,-1
824,187,685.03,348.81,557.22,659.54,1,-1,-1,-1
824,200,497.64,603.92,267.17,360.86,1,-1,-1,-1
824,218,883.07,370.22,440.96,611.77,1,-1,-1,-1
824,223,452.19,369.87,440.19,603.85,1,-1,-1,-1
824,227,0.09,567.17,334.89,462.03,1,-1,-1,-1
824,231,115.37,586.21,324.41,353.02,1,-1,-1,-1
824,234,1389.44,550.60,529.88,470.21,1,-1,-1,-1
824,236,7.41,558.13,333.11,462.83,1,-1,-1,-1
824,238,281.06,661.10,300.16,276.30,1,-1,-1,-1
824,240,1233.25,655.76,282.51,265.29,1,-1,-1,-1
824,241,0.01,569.63,279.33,488.63,1,-1,-1,-1
824,242,894.37,376.01,256.20,549.14,1,-1,-1,-1
824,243,1017.44,569.78,353.76,379.31,1,-1,-1,-1
824,244,432.06,665.79,277.82,268.75,1,-1,-1,-1
825,132,517.33,598.58,449.63,395.02,1,-1,-1,-1
825,187,684.03,344.63,575.02,663.97,1,-1,-1,-1
825,200,497.64,603.92,267.17,360.86,1,-1,-1,-1
825,218,908.81,370.54,416.04,594.36,1,-1,-1,-1
825,223,448.77,369.51,447.03,608.84,1,-1,-1,-1
825,227,0.18,568.62,344.95,468.43,1,-1,-1,-1
825,231,118.86,585.97,314.42,352.14,1,-1,-1,-1
825,234,1384.86,553.23,534.53,465.17,1,-1,-1,-1
825,236,7.41,558.13,333.11,462.83,1,-1,-1,-1
825,238,286.48,669.66,293.68,267.42,1,-1,-1,-1
825,240,1227.95,656.81,289.22,265.13,1,-1,-1,-1
825,241,0.01,569.63,279.33,488.63,1,-1,-1,-1
825,242,894.37,376.01,256.20,549.14,1,-1,-1,-1
825,243,1017.44,569.78,353.76,379.31,1,-1,-1,-1
825,244,432.06,665.79,277.82,268.75,1,-1,-1,-1
826,132,517.33,598.58,449.63,395.02,1,-1,-1,-1
826,187,680.40,339.34,569.39,677.41,1,-1,-1,-1
826,200,497.64,603.92,267.17,360.86,1,-1,-1,-1
826,218,903.23,372.00,433.82,599.89,1,-1,-1,-1
826,223,448.68,365.51,444.59,620.84,1,-1,-1,-1
826,227,0.18,568.62,344.95,468.43,1,-1,-1,-1
826,231,117.14,586.97,316.34,350.43,1,-1,-1,-1
826,234,1381.64,552.94,538.16,468.42,1,-1,-1,-1
826,236,7.41,558.13,333.11,462.83,1,-1,-1,-1
826,238,288.22,670.56,286.63,266.48,1,-1,-1,-1
826,240,1224.67,655.20,291.23,267.46,1,-1,-1,-1
826,241,0.00,572.36,298.63,490.61,1,-1,-1,-1
826,242,894.37,376.01,256.20,549.14,1,-1,-1,-1
826,243,1017.44,569.78,353.76,379.31,1,-1,-1,-1
826,244,432.06,665.79,277.82,268.75,1,-1,-1,-1
827,132,517.33,598.58,449.63,395.02,1,-1,-1,-1
827,187,677.00,306.82,557.28,707.69,1,-1,-1,-1
827,200,497.64,603.92,267.17,360.86,1,-1,-1,-1
827,218,895.37,371.96,441.82,597.63,1,-1,-1,-1
827,223,450.15,354.43,454.65,635.91,1,-1,-1,-1
827,227,0.02,568.86,344.50,476.19,1,-1,-1,-1
827,231,114.49,586.50,319.03,351.71,1,-1,-1,-1
827,234,1382.16,551.25,537.47,476.93,1,-1,-1,-1
827,236,7.41,558.13,333.11,462.83,1,-1,-1,-1
827,238,288.97,670.61,286.89,266.80,1,-1,-1,-1
827,240,1220.43,655.30,296.49,267.61,1,-1,-1,-1
827,241,0.00,572.36,298.63,490.61,1,-1,-1,-1
827,242,894.37,376.01,256.20,549.14,1,-1,-1,-1
827,243,1017.44,569.78,353.76,379.31,1,-1,-1,-1
827,244,432.06,665.79,277.82,268.75,1,-1,-1,-1
828,132,517.33,598.58,449.63,395.02,1,-1,-1,-1
828,187,676.15,276.36,549.79,741.10,1,-1,-1,-1
828,200,497.64,603.92,267.17,360.86,1,-1,-1,-1
828,218,900.79,374.45,444.70,599.84,1,-1,-1,-1
828,223,458.00,347.23,446.91,642.71,1,-1,-1,-1
828,227,0.24,571.31,346.09,461.38,1,-1,-1,-1
828,231,117.40,587.07,317.04,352.69,1,-1,-1,-1
828,234,1383.44,550.39,536.52,475.90,1,-1,-1,-1
828,236,7.41,558.13,333.11,462.83,1,-1,-1,-1
828,238,285.67,670.83,287.39,266.65,1,-1,-1,-1
828,240,1223.52,654.64,295.28,268.14,1,-1,-1,-1
828,241,0.00,575.46,278.06,491.21,1,-1,-1,-1
828,242,894.37,376.01,256.20,549.14,1,-1,-1,-1
828,243,1017.44,569.78,353.76,379.31,1,-1,-1,-1
828,244,427.13,670.67,288.71,276.28,1,-1,-1,-1
829,132,517.33,598.58,449.63,395.02,1,-1,-1,-1
829,187,686.64,270.34,519.33,748.82,1,-1,-1,-1
829,200,497.64,603.92,267.17,360.86,1,-1,-1,-1
829,218,941.07,379.85,403.64,599.70,1,-1,-1,-1
829,223,495.36,335.95,425.84,660.69,1,-1,-1,-1
829,227,0.95,571.92,341.21,438.98,1,-1,-1,-1
829,231,127.22,591.11,308.81,348.72,1,-1,-1,-1
829,234,1386.03,552.13,533.81,469.26,1,-1,-1,-1
829,238,284.98,671.73,288.62,264.53,1,-1,-1,-1
829,240,1207.70,654.69,304.03,268.73,1,-1,-1,-1
829,241,0.00,577.49,257.54,481.39,1,-1,-1,-1
829,242,894.37,376.01,256.20,549.14,1,-1,-1,-1
829,243,1017.44,569.78,353.76,379.31,1,-1,-1,-1
829,244,416.13,670.56,303.32,272.70,1,-1,-1,-1
830,132,517.33,598.58,449.63,395.02,1,-1,-1,-1
830,187,691.38,305.69,512.08,713.22,1,-1,-1,-1
830,200,497.64,603.92,267.17,360.86,1,-1,-1,-1
830,218,948.21,376.74,395.13,609.25,1,-1,-1,-1
830,223,508.45,329.31,417.70,650.76,1,-1,-1,-1
830,227,0.17,571.30,348.19,463.84,1,-1,-1,-1
830,231,123.16,591.43,313.72,349.35,1,-1,-1,-1
830,234,1388.70,552.02,530.32,466.00,1,-1,-1,-1
830,238,279.56,664.52,308.20,272.76,1,-1,-1,-1
830,240,1202.92,653.28,310.44,271.41,1,-1,-1,-1
830,241,0.00,575.39,256.01,489.23,1,-1,-1,-1
830,242,894.37,376.01,256.20,549.14,1,-1,-1,-1
830,243,1017.44,569.78,353.76,379.31,1,-1,-1,-1
830,244,416.13,670.56,303.32,272.70,1,-1,-1,-1
831,132,517.33,598.58,449.63,395.02,1,-1,-1,-1
831,187,693.40,355.75,513.02,664.72,1,-1,-1,-1
831,200,497.64,603.92,267.17,360.86,1,-1,-1,-1
831,218,937.22,372.15,410.36,617.00,1,-1,-1,-1
831,223,521.00,326.20,392.99,645.05,1,-1,-1,-1
831,227,0.60,571.22,344.50,449.50,1,-1,-1,-1
831,231,119.83,592.26,316.88,349.05,1,-1,-1,-1
831,234,1390.37,550.80,529.28,468.66,1,-1,-1,-1
831,238,278.84,663.34,310.51,274.23,1,-1,-1,-1
831,240,1201.97,653.71,314.66,271.60,1,-1,-1,-1
831,241,0.00,576.61,243.94,486.84,1,-1,-1,-1
831,242,894.37,376.01,256.20,549.14,1,-1,-1,-1
831,243,1017.44,569.78,353.76,379.31,1,-1,-1,-1
831,244,413.89,612.65,339.87,337.09,1,-1,-1,-1
832,132,517.33,598.58,449.63,395.02,1,-1,-1,-1
832,187,696.42,367.06,515.87,648.29,1,-1,-1,-1
832,200,497.64,603.92,267.17,360.86,1,-1,-1,-1
832,218,926.94,368.50,424.73,623.21,1,-1,-1,-1
832,223,508.78,323.20,415.53,662.20,1,-1,-1,-1
832,227,0.32,572.33,349.29,457.95,1,-1,-1,-1
832,231,116.64,592.95,321.06,349.03,1,-1,-1,-1
832,234,1395.55,550.90,523.82,466.36,1,-1,-1,-1
832,238,281.82,663.37,313.28,272.79,1,-1,-1,-1
832,240,1202.32,655.31,315.57,270.05,1,-1,-1,-1
832,241,0.00,577.16,254.50,484.71,1,-1,-1,-1
832,242,894.37,376.01,256.20,549.14,1,-1,-1,-1
832,243,1017.44,569.78,353.76,379.31,1,-1,-1,-1
832,244,415.43,610.47,336.49,337.31,1,-1,-1,-1
833,132,517.33,598.58,449.63,395.02,1,-1,-1,-1
833,187,696.74,368.59,518.44,649.22,1,-1,-1,-1
833,200,497.64,603.92,267.17,360.86,1,-1,-1,-1
833,218,942.95,367.56,416.24,622.82,1,-1,-1,-1
833,223,512.07,322.52,421.12,666.10,1,-1,-1,-1
833,227,0.94,573.27,342.94,440.01,1,-1,-1,-1
833,231,120.97,593.53,320.39,348.54,1,-1,-1,-1
833,234,1400.32,551.28,518.84,465.08,1,-1,-1,-1
833,238,284.17,664.02,311.43,272.64,1,-1,-1,-1
833,240,1215.84,657.14,304.62,267.74,1,-1,-1,-1
833,241,0.00,578.02,247.07,487.13,1,-1,-1,-1
833,242,894.37,376.01,256.20,549.14,1,-1,-1,-1
833,243,1017.44,569.78,353.76,379.31,1,-1,-1,-1
833,244,413.22,607.40,330.68,337.95,1,-1,-1,-1
834,187,694.81,364.37,524.54,651.79,1,-1,-1,-1
834,200,497.64,603.92,267.17,360.86,1,-1,-1,-1
834,218,964.21,364.90,418.13,619.26,1,-1,-1,-1
834,223,525.48,304.50,400.11,697.31,1,-1,-1,-1
834,227,0.65,573.53,330.51,391.24,1,-1,-1,-1
834,231,127.33,593.41,319.46,351.28,1,-1,-1,-1
834,234,1402.98,551.86,516.02,470.28,1,-1,-1,-1
834,238,289.93,664.06,298.65,275.27,1,-1,-1,-1
834,240,1247.19,658.58,269.91,266.54,1,-1,-1,-1
834,241,0.00,574.98,257.13,470.20,1,-1,-1,-1
834,242,894.37,376.01,256.20,549.14,1,-1,-1,-1
834,243,1017.44,569.78,353.76,379.31,1,-1,-1,-1
834,244,426.29,609.48,311.02,325.17,1,-1,-1,-1
835,187,729.82,361.14,500.47,600.71,1,-1,-1,-1
835,200,497.64,603.92,267.17,360.86,1,-1,-1,-1
835,218,967.53,364.93,426.82,615.10,1,-1,-1,-1
835,223,535.82,298.70,385.49,696.56,1,-1,-1,-1
835,227,0.44,574.86,328.76,373.15,1,-1,-1,-1
835,231,131.12,594.18,318.16,351.62,1,-1,-1,-1
835,234,1405.39,552.02,513.74,470.96,1,-1,-1,-1
835,238,291.59,662.92,294.91,276.16,1,-1,-1,-1
835,240,1251.54,656.38,263.83,269.42,1,-1,-1,-1
835,241,0.00,574.98,257.13,470.20,1,-1,-1,-1
835,243,1017.44,569.78,353.76,379.31,1,-1,-1,-1
835,244,428.65,607.18,310.51,328.65,1,-1,-1,-1
836,187,703.93,371.43,524.79,633.18,1,-1,-1,-1
836,200,497.64,603.92,267.17,360.86,1,-1,-1,-1
836,218,969.18,364.98,439.60,618.43,1,-1,-1,-1
836,223,534.07,324.46,399.56,665.86,1,-1,-1,-1
836,227,0.64,575.61,336.50,387.41,1,-1,-1,-1
836,231,134.82,594.61,317.27,351.49,1,-1,-1,-1
836,234,1407.75,546.67,511.12,478.45,1,-1,-1,-1
836,238,295.37,662.87,289.81,277.04,1,-1,-1,-1
836,240,1243.31,650.94,272.70,274.08,1,-1,-1,-1
836,241,0.00,574.98,257.13,470.20,1,-1,-1,-1
836,243,1017.44,569.78,353.76,379.31,1,-1,-1,-1
836,244,430.62,604.64,321.97,331.46,1,-1,-1,-1
837,187,715.87,519.21,507.39,489.79,1,-1,-1,-1
837,200,497.64,603.92,267.17,360.86,1,-1,-1,-1
837,218,971.91,368.08,444.51,611.81,1,-1,-1,-1
837,223,538.64,336.20,394.77,653.52,1,-1,-1,-1
837,227,1.08,575.66,328.25,371.72,1,-1,-1,-1
837,231,142.52,594.75,312.89,350.14,1,-1,-1,-1
837,234,1408.87,545.24,510.61,479.38,1,-1,-1,-1
837,238,296.24,662.97,286.36,278.00,1,-1,-1,-1
837,240,1241.29,656.16,276.75,269.44,1,-1,-1,-1
837,241,0.00,574.98,257.13,470.20,1,-1,-1,-1
837,243,1017.44,569.78,353.76,379.31,1,-1,-1,-1
837,244,433.28,605.73,314.99,329.70,1,-1,-1,-1
838,187,728.48,507.39,500.03,513.62,1,-1,-1,-1
838,200,497.64,603.92,267.17,360.86,1,-1,-1,-1
838,218,980.14,365.48,432.15,618.47,1,-1,-1,-1
838,223,540.74,345.39,392.16,645.02,1,-1,-1,-1
838,227,0.73,576.52,317.77,369.22,1,-1,-1,-1
838,231,131.89,595.45,323.44,347.31,1,-1,-1,-1
838,234,1409.06,544.01,510.83,484.51,1,-1,-1,-1
838,238,297.64,663.30,287.27,277.64,1,-1,-1,-1
838,240,1245.47,659.90,271.99,265.47,1,-1,-1,-1
838,241,0.05,577.63,266.02,383.39,1,-1,-1,-1
838,243,1017.44,569.78,353.76,379.31,1,-1,-1,-1
838,244,436.12,604.85,316.56,331.44,1,-1,-1,-1
839,187,739.69,387.70,494.62,628.11,1,-1,-1,-1
839,200,497.64,603.92,267.17,360.86,1,-1,-1,-1
839,218,977.64,360.23,423.80,620.08,1,-1,-1,-1
839,223,539.28,352.67,397.69,639.35,1,-1,-1,-1
839,227,0.62,575.53,287.44,370.90,1,-1,-1,-1
839,231,131.57,595.31,327.53,347.89,1,-1,-1,-1
839,234,1409.38,544.42,510.60,478.80,1,-1,-1,-1
839,238,299.37,661.66,292.54,279.85,1,-1,-1,-1
839,240,1240.69,656.71,279.23,268.06,1,-1,-1,-1
839,241,0.05,577.63,266.02,383.39,1,-1,-1,-1
839,243,1017.44,569.78,353.76,379.31,1,-1,-1,-1
839,244,443.93,607.88,309.14,328.70,1,-1,-1,-1
840,187,758.25,355.42,499.20,646.05,1,-1,-1,-1
840,218,980.62,357.91,413.49,613.47,1,-1,-1,-1
840,223,543.68,351.64,391.69,644.30,1,-1,-1,-1
840,227,0.63,575.03,282.38,370.59,1,-1,-1,-1
840,231,134.14,596.19,326.42,347.54,1,-1,-1,-1
840,234,1410.02,545.64,509.98,477.19,1,-1,-1,-1
840,238,302.65,663.13,288.65,278.47,1,-1,-1,-1
840,240,1236.65,655.88,287.34,269.43,1,-1,-1,-1
840,241,0.05,577.63,266.02,383.39,1,-1,-1,-1
840,243,1017.44,569.78,353.76,379.31,1,-1,-1,-1
840,244,444.25,609.47,316.89,326.56,1,-1,-1,-1
841,187,789.00,358.10,468.65,627.80,1,-1,-1,-1
841,218,974.55,351.96,410.80,622.65,1,-1,-1,-1
841,223,546.83,349.10,387.21,651.62,1,-1,-1,-1
841,227,1.03,574.85,286.47,368.56,1,-1,-1,-1
841,231,131.68,596.65,328.41,347.35,1,-1,-1,-1
841,234,1414.23,547.80,505.77,471.63,1,-1,-1,-1
841,238,302.47,662.08,301.02,277.84,1,-1,-1,-1
841,240,1234.34,655.76,289.45,269.41,1,-1,-1,-1
841,241,0.05,577.63,266.02,383.39,1,-1,-1,-1
841,243,1017.44,569.78,353.76,379.31,1,-1,-1,-1
841,244,443.49,617.11,318.70,316.60,1,-1,-1,-1
841,245,449.59,632.80,297.02,302.99,1,-1,-1,-1
841,246,0.09,675.78,110.01,404.22,1,-1,-1,-1
842,187,833.74,349.17,418.28,624.00,1,-1,-1,-1
842,218,959.90,337.18,415.76,643.26,1,-1,-1,-1
842,223,537.77,346.89,408.47,647.72,1,-1,-1,-1
842,227,0.81,576.47,286.40,366.28,1,-1,-1,-1
842,231,148.29,598.61,313.93,345.29,1,-1,-1,-1
842,234,1411.05,546.84,508.95,473.83,1,-1,-1,-1
842,238,304.57,663.18,307.23,277.89,1,-1,-1,-1
842,240,1233.61,656.34,291.15,269.51,1,-1,-1,-1
842,241,0.05,577.63,266.02,383.39,1,-1,-1,-1
842,243,1017.44,569.78,353.76,379.31,1,-1,-1,-1
842,244,443.49,617.11,318.70,316.60,1,-1,-1,-1
842,245,443.76,661.49,273.30,270.57,1,-1,-1,-1
842,246,0.14,674.32,111.01,399.19,1,-1,-1,-1
842,247,768.39,541.92,477.12,475.42,1,-1,-1,-1
842,248,1117.24,640.06,400.56,293.61,1,-1,-1,-1
843,187,774.01,346.19,476.52,661.36,1,-1,-1,-1
843,218,967.05,295.55,409.38,687.74,1,-1,-1,-1
843,223,545.37,335.05,409.15,654.99,1,-1,-1,-1
843,227,0.79,576.00,285.53,366.44,1,-1,-1,-1
843,231,146.18,595.92,317.67,348.32,1,-1,-1,-1
843,234,1413.86,550.56,506.14,466.92,1,-1,-1,-1
843,238,304.30,663.88,306.87,276.25,1,-1,-1,-1
843,240,1233.21,657.57,291.00,267.28,1,-1,-1,-1
843,241,0.05,577.63,266.02,383.39,1,-1,-1,-1
843,243,1017.44,569.78,353.76,379.31,1,-1,-1,-1
843,244,443.49,617.11,318.70,316.60,1,-1,-1,-1
843,245,442.57,662.57,271.30,268.19,1,-1,-1,-1
843,246,0.14,672.26,112.04,398.86,1,-1,-1,-1
843,247,768.39,541.92,477.12,475.42,1,-1,-1,-1
843,248,1117.24,640.06,400.56,293.61,1,-1,-1,-1
844,187,777.64,328.06,510.23,672.75,1,-1,-1,-1
844,218,1004.93,244.29,381.64,724.32,1,-1,-1,-1
844,223,550.75,264.67,402.98,728.03,1,-1,-1,-1
844,227,0.08,576.94,319.82,364.06,1,-1,-1,-1
844,231,177.52,591.61,288.97,349.08,1,-1,-1,-1
844,234,1418.18,549.07,501.72,460.93,1,-1,-1,-1
844,238,313.86,665.39,290.44,273.45,1,-1,-1,-1
844,240,1240.95,648.19,290.63,274.62,1,-1,-1,-1
844,241,0.40,579.52,390.77,368.13,1,-1,-1,-1
844,243,1017.44,569.78,353.76,379.31,1,-1,-1,-1
844,244,443.49,617.11,318.70,316.60,1,-1,-1,-1
844,245,444.44,660.99,286.44,270.86,1,-1,-1,-1
844,246,0.14,672.26,112.04,398.86,1,-1,-1,-1
844,247,768.39,541.92,477.12,475.42,1,-1,-1,-1
844,248,1117.24,640.06,400.56,293.61,1,-1,-1,-1
845,187,782.26,295.35,558.89,670.83,1,-1,-1,-1
845,218,1000.93,229.80,389.72,723.53,1,-1,-1,-1
845,223,552.42,256.61,403.79,745.01,1,-1,-1,-1
845,227,0.01,574.62,300.64,365.33,1,-1,-1,-1
845,231,194.48,588.86,277.58,349.60,1,-1,-1,-1
845,234,1421.90,548.98,498.09,463.98,1,-1,-1,-1
845,238,313.63,663.62,283.62,276.31,1,-1,-1,-1
845,240,1221.29,635.82,314.80,286.88,1,-1,-1,-1
845,241,0.25,577.37,422.86,367.04,1,-1,-1,-1
845,243,1017.44,569.78,353.76,379.31,1,-1,-1,-1
845,244,446.78,619.84,323.77,316.88,1,-1,-1,-1
845,245,447.88,661.90,292.62,268.48,1,-1,-1,-1
845,246,0.14,672.26,112.04,398.86,1,-1,-1,-1
845,247,768.39,541.92,477.12,475.42,1,-1,-1,-1
845,248,1006.57,578.87,403.35,390.68,1,-1,-1,-1
846,187,776.77,234.97,515.51,702.06,1,-1,-1,-1
846,218,1025.10,236.51,342.49,702.13,1,-1,-1,-1
846,223,557.64,266.91,387.16,735.18,1,-1,-1,-1
846,227,0.13,574.29,294.30,364.44,1,-1,-1,-1
846,231,196.05,590.31,280.32,346.87,1,-1,-1,-1
846,234,1424.46,549.78,495.54,462.12,1,-1,-1,-1
846,238,314.45,660.04,282.53,277.98,1,-1,-1,-1
846,240,1236.93,648.15,299.53,275.13,1,-1,-1,-1
846,241,0.25,577.37,422.86,367.04,1,-1,-1,-1
846,243,1017.44,569.78,353.76,379.31,1,-1,-1,-1
846,244,451.20,613.48,327.39,315.24,1,-1,-1,-1
846,245,447.88,661.90,292.62,268.48,1,-1,-1,-1
846,246,0.01,669.35,119.29,409.76,1,-1,-1,-1
846,247,768.39,541.92,477.12,475.42,1,-1,-1,-1
846,248,1000.67,582.77,399.11,394.56,1,-1,-1,-1
847,187,763.88,212.88,494.48,725.40,1,-1,-1,-1
847,218,1015.51,243.59,376.91,714.87,1,-1,-1,-1
847,223,566.58,273.25,381.94,728.93,1,-1,-1,-1
847,227,0.13,574.29,294.30,364.44,1,-1,-1,-1
847,231,192.21,591.63,282.25,345.68,1,-1,-1,-1
847,234,1428.81,550.03,491.19,457.19,1,-1,-1,-1
847,238,320.78,661.88,278.98,275.31,1,-1,-1,-1
847,240,1261.90,654.53,275.65,268.12,1,-1,-1,-1
847,241,0.25,577.37,422.86,367.04,1,-1,-1,-1
847,243,1017.44,569.78,353.76,379.31,1,-1,-1,-1
847,244,458.26,609.02,322.01,317.84,1,-1,-1,-1
847,245,447.88,661.90,292.62,268.48,1,-1,-1,-1
847,246,0.01,669.35,119.29,409.76,1,-1,-1,-1
847,247,768.39,541.92,477.12,475.42,1,-1,-1,-1
847,248,1002.18,490.78,398.71,486.59,1,-1,-1,-1
848,187,789.53,228.06,481.71,731.42,1,-1,-1,-1
848,218,1021.53,255.52,371.60,706.86,1,-1,-1,-1
848,223,568.93,268.96,383.69,724.73,1,-1,-1,-1
848,227,0.13,574.29,294.30,364.44,1,-1,-1,-1
848,231,187.54,590.77,289.19,346.80,1,-1,-1,-1
848,234,1434.26,549.31,484.99,457.52,1,-1,-1,-1
848,238,323.65,665.43,282.67,271.38,1,-1,-1,-1
848,240,1239.14,654.90,298.63,268.48,1,-1,-1,-1
848,241,1.12,578.97,431.93,363.49,1,-1,-1,-1
848,243,1017.44,569.78,353.76,379.31,1,-1,-1,-1
848,244,465.56,597.90,319.43,339.15,1,-1,-1,-1
848,245,453.46,613.15,324.12,317.46,1,-1,-1,-1
848,246,0.01,669.35,119.29,409.76,1,-1,-1,-1
848,247,768.39,541.92,477.12,475.42,1,-1,-1,-1
848,248,1002.18,490.78,398.71,486.59,1,-1,-1,-1
849,187,803.42,298.28,506.12,681.69,1,-1,-1,-1
849,218,1047.37,271.96,335.94,677.91,1,-1,-1,-1
849,223,569.51,295.61,393.63,694.14,1,-1,-1,-1
849,227,0.13,574.29,294.30,364.44,1,-1,-1,-1
849,231,184.01,591.79,296.56,342.98,1,-1,-1,-1
849,234,1438.63,550.26,480.32,455.85,1,-1,-1,-1
849,238,329.70,661.65,280.34,272.99,1,-1,-1,-1
849,240,1217.97,652.75,326.60,269.97,1,-1,-1,-1
849,241,1.06,577.72,393.00,362.55,1,-1,-1,-1
849,243,1017.44,569.78,353.76,379.31,1,-1,-1,-1
849,244,461.84,601.91,335.80,333.62,1,-1,-1,-1
849,245,453.46,613.15,324.12,317.46,1,-1,-1,-1
849,246,0.01,669.35,119.29,409.76,1,-1,-1,-1
849,247,790.24,518.17,525.62,484.49,1,-1,-1,-1
849,248,1002.18,490.78,398.71,486.59,1,-1,-1,-1
850,187,808.88,300.57,494.16,642.85,1,-1,-1,-1
850,218,995.78,298.67,425.61,686.30,1,-1,-1,-1
850,223,573.78,254.76,395.00,741.67,1,-1,-1,-1
850,227,0.13,574.29,294.30,364.44,1,-1,-1,-1
850,231,177.23,592.30,303.66,342.98,1,-1,-1,-1
850,234,1435.91,545.37,483.49,458.86,1,-1,-1,-1
850,238,325.61,662.11,290.53,271.08,1,-1,-1,-1
850,240,1233.22,654.79,310.82,266.77,1,-1,-1,-1
850,241,0.79,578.37,379.14,360.07,1,-1,-1,-1
850,243,1017.44,569.78,353.76,379.31,1,-1,-1,-1
850,244,460.32,602.08,334.97,331.03,1,-1,-1,-1
850,245,453.46,613.15,324.12,317.46,1,-1,-1,-1
850,246,0.01,669.35,119.29,409.76,1,-1,-1,-1
850,247,790.24,518.17,525.62,484.49,1,-1,-1,-1
850,248,1002.18,490.78,398.71,486.59,1,-1,-1,-1
851,187,807.88,333.84,485.40,621.30,1,-1,-1,-1
851,218,999.79,309.42,424.66,672.87,1,-1,-1,-1
851,223,577.08,225.54,419.33,764.39,1,-1,-1,-1
851,227,0.13,574.29,294.30,364.44,1,-1,-1,-1
851,231,168.87,592.71,313.05,342.90,1,-1,-1,-1
851,234,1435.15,541.72,484.76,458.00,1,-1,-1,-1
851,238,325.21,662.51,294.21,270.60,1,-1,-1,-1
851,240,1205.92,651.76,337.18,269.92,1,-1,-1,-1
851,241,0.78,578.13,380.68,358.94,1,-1,-1,-1
851,243,1017.44,569.78,353.76,379.31,1,-1,-1,-1
851,244,460.33,602.50,330.97,331.77,1,-1,-1,-1
851,245,453.46,613.15,324.12,317.46,1,-1,-1,-1
851,246,0.01,669.35,119.29,409.76,1,-1,-1,-1
851,247,796.50,577.54,512.22,423.35,1,-1,-1,-1
851,248,1002.18,490.78,398.71,486.59,1,-1,-1,-1
852,187,794.89,350.39,509.12,642.14,1,-1,-1,-1
852,218,1009.81,340.15,412.70,642.24,1,-1,-1,-1
852,223,576.73,217.48,420.90,763.57,1,-1,-1,-1
852,227,0.13,574.29,294.30,364.44,1,-1,-1,-1
852,231,173.39,592.42,312.26,343.27,1,-1,-1,-1
852,234,1436.19,542.00,483.80,459.81,1,-1,-1,-1
852,238,326.29,660.71,293.73,271.55,1,-1,-1,-1
852,240,1223.91,654.24,322.30,267.26,1,-1,-1,-1
852,241,0.73,576.46,384.25,361.67,1,-1,-1,-1
852,243,1017.44,569.78,353.76,379.31,1,-1,-1,-1
852,244,462.37,604.17,318.80,327.15,1,-1,-1,-1
852,245,453.46,613.15,324.12,317.46,1,-1,-1,-1
852,246,0.01,669.35,119.29,409.76,1,-1,-1,-1
852,247,796.50,577.54,512.22,423.35,1,-1,-1,-1
852,248,1002.18,490.78,398.71,486.59,1,-1,-1,-1
853,187,759.66,360.70,547.60,627.78,1,-1,-1,-1
853,218,1022.84,372.43,412.16,602.08,1,-1,-1,-1
853,223,577.94,240.40,413.85,732.29,1,-1,-1,-1
853,227,0.13,574.29,294.30,364.44,1,-1,-1,-1
853,231,173.36,591.58,316.99,344.01,1,-1,-1,-1
853,234,1436.28,539.06,483.61,464.31,1,-1,-1,-1
853,238,328.58,660.49,291.16,269.73,1,-1,-1,-1
853,240,1235.19,654.70,315.44,268.50,1,-1,-1,-1
853,241,0.91,575.71,397.87,363.26,1,-1,-1,-1
853,243,1017.44,569.78,353.76,379.31,1,-1,-1,-1
853,244,463.09,602.59,328.66,335.68,1,-1,-1,-1
853,245,453.46,613.15,324.12,317.46,1,-1,-1,-1
853,246,0.01,669.35,119.29,409.76,1,-1,-1,-1
853,247,796.50,577.54,512.22,423.35,1,-1,-1,-1
853,248,1002.18,490.78,398.71,486.59,1,-1,-1,-1
854,187,828.59,367.05,487.85,632.82,1,-1,-1,-1
854,218,1043.37,357.89,398.73,617.44,1,-1,-1,-1
854,223,581.87,249.29,408.47,730.38,1,-1,-1,-1
854,227,0.13,574.29,294.30,364.44,1,-1,-1,-1
854,231,182.05,591.92,312.76,343.57,1,-1,-1,-1
854,234,1441.89,541.09,477.53,464.26,1,-1,-1,-1
854,238,326.77,658.67,292.98,275.26,1,-1,-1,-1
854,240,1251.70,654.89,299.27,268.26,1,-1,-1,-1
854,241,1.02,575.87,389.57,364.21,1,-1,-1,-1
854,243,1017.44,569.78,353.76,379.31,1,-1,-1,-1
854,244,473.52,603.53,315.13,325.81,1,-1,-1,-1
854,245,453.46,613.15,324.12,317.46,1,-1,-1,-1
854,246,0.01,669.35,119.29,409.76,1,-1,-1,-1
854,247,796.50,577.54,512.22,423.35,1,-1,-1,-1
854,248,1002.18,490.78,398.71,486.59,1,-1,-1,-1
855,187,770.92,371.21,544.14,620.62,1,-1,-1,-1
855,218,1047.47,337.60,389.93,635.83,1,-1,-1,-1
855,223,585.44,265.60,405.20,710.79,1,-1,-1,-1
855,227,0.13,574.29,294.30,364.44,1,-1,-1,-1
855,231,183.01,591.81,315.00,342.65,1,-1,-1,-1
855,234,1441.83,546.76,478.11,455.99,1,-1,-1,-1
855,238,331.78,658.03,291.96,270.90,1,-1,-1,-1
855,240,1234.24,651.80,316.83,273.00,1,-1,-1,-1
855,241,1.12,576.64,388.30,362.27,1,-1,-1,-1
855,244,474.67,601.53,311.49,325.32,1,-1,-1,-1
855,245,453.46,613.15,324.12,317.46,1,-1,-1,-1
855,246,0.01,669.35,119.29,409.76,1,-1,-1,-1
855,247,796.50,577.54,512.22,423.35,1,-1,-1,-1
855,248,1002.18,490.78,398.71,486.59,1,-1,-1,-1
856,187,757.12,379.55,561.46,620.50,1,-1,-1,-1
856,218,1044.87,345.09,385.37,625.45,1,-1,-1,-1
856,223,592.39,287.24,403.97,692.47,1,-1,-1,-1
856,227,0.13,574.29,294.30,364.44,1,-1,-1,-1
856,231,183.33,591.31,315.11,342.40,1,-1,-1,-1
856,234,1444.05,548.28,475.94,453.67,1,-1,-1,-1
856,238,333.40,658.05,290.08,272.12,1,-1,-1,-1
856,240,1213.63,615.92,337.02,308.13,1,-1,-1,-1
856,241,1.55,574.71,397.30,365.49,1,-1,-1,-1
856,244,475.37,600.59,307.10,327.35,1,-1,-1,-1
856,245,453.46,613.15,324.12,317.46,1,-1,-1,-1
856,246,0.01,669.35,119.29,409.76,1,-1,-1,-1
856,247,796.50,577.54,512.22,423.35,1,-1,-1,-1
856,248,1002.18,490.78,398.71,486.59,1,-1,-1,-1
857,187,756.88,387.85,569.02,609.84,1,-1,-1,-1
857,218,1041.22,389.77,395.55,584.68,1,-1,-1,-1
857,223,595.67,291.09,396.17,688.86,1,-1,-1,-1
857,227,0.13,574.29,294.30,364.44,1,-1,-1,-1
857,231,185.90,590.66,313.14,343.70,1,-1,-1,-1
857,234,1440.38,548.01,479.62,452.85,1,-1,-1,-1
857,238,333.20,657.98,293.94,272.70,1,-1,-1,-1
857,240,1212.98,616.66,338.86,307.78,1,-1,-1,-1
857,241,1.74,574.54,401.40,364.38,1,-1,-1,-1
857,244,470.18,604.63,316.40,320.51,1,-1,-1,-1
857,245,453.46,613.15,324.12,317.46,1,-1,-1,-1
857,246,0.01,669.35,119.29,409.76,1,-1,-1,-1
857,247,796.50,577.54,512.22,423.35,1,-1,-1,-1
857,248,1002.18,490.78,398.71,486.59,1,-1,-1,-1
858,187,730.33,391.58,591.74,602.25,1,-1,-1,-1
858,218,1042.80,406.71,393.10,571.39,1,-1,-1,-1
858,223,591.43,310.04,401.48,669.40,1,-1,-1,-1
858,227,0.13,574.29,294.30,364.44,1,-1,-1,-1
858,231,178.33,590.70,317.88,344.60,1,-1,-1,-1
858,234,1438.10,547.79,481.90,452.83,1,-1,-1,-1
858,238,333.20,657.98,293.94,272.70,1,-1,-1,-1
858,240,1231.62,647.75,317.02,274.88,1,-1,-1,-1
858,241,1.54,574.50,399.57,365.24,1,-1,-1,-1
858,244,472.47,609.20,307.97,316.55,1,-1,-1,-1
858,245,453.46,613.15,324.12,317.46,1,-1,-1,-1
858,246,0.01,669.35,119.29,409.76,1,-1,-1,-1
858,247,796.50,577.54,512.22,423.35,1,-1,-1,-1
858,248,1002.18,490.78,398.71,486.59,1,-1,-1,-1
859,187,722.45,399.35,594.19,602.78,1,-1,-1,-1
859,218,1029.19,425.62,395.02,545.54,1,-1,-1,-1
859,223,569.82,291.58,433.34,688.42,1,-1,-1,-1
859,227,0.13,574.29,294.30,364.44,1,-1,-1,-1
859,231,182.91,591.08,309.83,344.64,1,-1,-1,-1
859,234,1438.70,549.50,481.30,451.34,1,-1,-1,-1
859,238,330.66,659.30,290.45,272.05,1,-1,-1,-1
859,240,1233.16,649.94,311.69,269.56,1,-1,-1,-1
859,241,0.96,577.06,384.52,361.72,1,-1,-1,-1
859,244,467.99,610.04,311.90,316.41,1,-1,-1,-1
859,245,453.46,613.15,324.12,317.46,1,-1,-1,-1
859,246,0.01,669.35,119.29,409.76,1,-1,-1,-1
859,247,796.50,577.54,512.22,423.35,1,-1,-1,-1
859,248,1002.18,490.78,398.71,486.59,1,-1,-1,-1
860,187,719.26,399.03,598.82,604.59,1,-1,-1,-1
860,218,1024.93,427.10,400.94,552.16,1,-1,-1,-1
860,223,566.56,322.59,464.92,651.47,1,-1,-1,-1
860,227,0.13,574.29,294.30,364.44,1,-1,-1,-1
860,231,179.35,590.62,313.22,345.13,1,-1,-1,-1
860,234,1435.32,549.00,484.68,449.85,1,-1,-1,-1
860,238,328.79,659.02,291.98,271.43,1,-1,-1,-1
860,240,1220.53,648.30,325.06,270.09,1,-1,-1,-1
860,241,1.02,577.19,391.02,361.57,1,-1,-1,-1
860,244,467.69,605.07,307.22,322.06,1,-1,-1,-1
860,245,453.46,613.15,324.12,317.46,1,-1,-1,-1
860,246,0.01,669.35,119.29,409.76,1,-1,-1,-1
860,247,796.50,577.54,512.22,423.35,1,-1,-1,-1
860,248,1002.18,490.78,398.71,486.59,1,-1,-1,-1
861,187,713.63,398.88,636.04,601.25,1,-1,-1,-1
861,218,1026.15,426.70,397.87,551.39,1,-1,-1,-1
861,223,578.83,309.00,450.07,669.52,1,-1,-1,-1
861,227,0.13,574.29,294.30,364.44,1,-1,-1,-1
861,231,179.45,590.80,311.93,345.00,1,-1,-1,-1
861,234,1433.92,547.83,486.08,452.40,1,-1,-1,-1
861,238,329.55,657.83,291.66,271.40,1,-1,-1,-1
861,240,1233.54,648.43,310.73,270.11,1,-1,-1,-1
861,241,1.09,577.69,393.41,360.06,1,-1,-1,-1
861,244,470.24,605.59,303.62,322.17,1,-1,-1,-1
861,245,453.46,613.15,324.12,317.46,1,-1,-1,-1
861,246,0.01,669.35,119.29,409.76,1,-1,-1,-1
861,247,796.50,577.54,512.22,423.35,1,-1,-1,-1
861,248,1002.18,490.78,398.71,486.59,1,-1,-1,-1
862,187,717.05,384.82,644.12,614.26,1,-1,-1,-1
862,218,1029.87,417.90,398.64,553.01,1,-1,-1,-1
862,223,587.82,315.89,430.17,652.09,1,-1,-1,-1
862,227,0.13,574.29,294.30,364.44,1,-1,-1,-1
862,231,170.95,590.58,317.89,344.96,1,-1,-1,-1
862,234,1434.58,549.64,485.42,450.66,1,-1,-1,-1
862,238,330.11,658.22,291.78,270.26,1,-1,-1,-1
862,240,1245.86,650.15,294.64,266.82,1,-1,-1,-1
862,241,1.09,577.60,389.62,359.31,1,-1,-1,-1
862,244,469.90,611.31,300.48,318.72,1,-1,-1,-1
862,245,453.46,613.15,324.12,317.46,1,-1,-1,-1
862,246,0.01,669.35,119.29,409.76,1,-1,-1,-1
862,247,796.50,577.54,512.22,423.35,1,-1,-1,-1
862,248,1002.18,490.78,398.71,486.59,1,-1,-1,-1
863,187,715.22,416.43,621.52,582.99,1,-1,-1,-1
863,218,1032.00,406.96,400.00,560.93,1,-1,-1,-1
863,223,583.43,349.21,439.77,623.48,1,-1,-1,-1
863,227,0.13,574.29,294.30,364.44,1,-1,-1,-1
863,231,171.94,590.48,316.53,345.68,1,-1,-1,-1
863,234,1430.60,549.10,489.40,451.78,1,-1,-1,-1
863,238,328.02,657.81,292.90,269.63,1,-1,-1,-1
863,240,1256.08,650.65,281.85,267.60,1,-1,-1,-1
863,241,1.17,578.69,385.78,356.66,1,-1,-1,-1
863,244,469.88,617.48,309.48,308.40,1,-1,-1,-1
863,245,453.46,613.15,324.12,317.46,1,-1,-1,-1
863,246,0.01,669.35,119.29,409.76,1,-1,-1,-1
863,247,796.50,577.54,512.22,423.35,1,-1,-1,-1
863,248,1002.18,490.78,398.71,486.59,1,-1,-1,-1
864,187,714.20,399.55,600.36,584.90,1,-1,-1,-1
864,218,1035.62,409.56,401.07,564.27,1,-1,-1,-1
864,223,585.32,405.61,409.36,580.05,1,-1,-1,-1
864,227,0.71,579.65,352.14,356.01,1,-1,-1,-1
864,231,176.66,590.34,313.69,345.93,1,-1,-1,-1
864,234,1427.51,550.54,492.49,449.32,1,-1,-1,-1
864,238,330.18,656.22,287.97,272.14,1,-1,-1,-1
864,240,1250.76,649.56,286.35,268.46,1,-1,-1,-1
864,241,0.12,579.80,414.33,361.81,1,-1,-1,-1
864,244,472.99,597.88,312.69,332.43,1,-1,-1,-1
864,245,453.46,613.15,324.12,317.46,1,-1,-1,-1
864,246,0.01,669.35,119.29,409.76,1,-1,-1,-1
864,247,796.50,577.54,512.22,423.35,1,-1,-1,-1
864,248,1002.18,490.78,398.71,486.59,1,-1,-1,-1
865,187,717.67,407.10,567.53,587.41,1,-1,-1,-1
865,218,1035.50,417.24,387.22,570.97,1,-1,-1,-1
865,223,587.15,410.85,409.47,570.82,1,-1,-1,-1
865,227,0.54,581.03,358.12,354.62,1,-1,-1,-1
865,231,182.02,590.01,308.47,346.68,1,-1,-1,-1
865,234,1422.76,548.51,497.24,458.75,1,-1,-1,-1
865,238,330.72,655.03,283.16,273.36,1,-1,-1,-1
865,240,1254.02,648.54,283.57,268.64,1,-1,-1,-1
865,241,0.01,579.97,419.39,362.41,1,-1,-1,-1
865,244,474.19,597.92,311.91,328.31,1,-1,-1,-1
865,245,453.46,613.15,324.12,317.46,1,-1,-1,-1
865,246,0.01,669.35,119.29,409.76,1,-1,-1,-1
865,247,796.50,577.54,512.22,423.35,1,-1,-1,-1
865,248,1002.18,490.78,398.71,486.59,1,-1,-1,-1
866,187,717.07,409.13,548.57,590.39,1,-1,-1,-1
866,218,1039.01,410.76,386.23,576.69,1,-1,-1,-1
866,223,584.18,417.68,406.76,563.86,1,-1,-1,-1
866,227,0.69,580.65,338.90,356.37,1,-1,-1,-1
866,231,182.61,589.83,310.53,346.90,1,-1,-1,-1
866,234,1419.58,546.68,500.42,462.27,1,-1,-1,-1
866,238,331.45,655.66,280.16,272.86,1,-1,-1,-1
866,240,1254.04,648.73,283.39,264.50,1,-1,-1,-1
866,241,0.09,579.70,412.84,363.40,1,-1,-1,-1
866,244,474.24,560.53,330.23,366.45,1,-1,-1,-1
866,245,453.46,613.15,324.12,317.46,1,-1,-1,-1
866,246,0.01,669.35,119.29,409.76,1,-1,-1,-1
866,247,796.50,577.54,512.22,423.35,1,-1,-1,-1
866,248,1002.18,490.78,398.71,486.59,1,-1,-1,-1
867,187,725.70,415.74,563.60,582.56,1,-1,-1,-1
867,218,1045.79,395.87,391.50,582.77,1,-1,-1,-1
867,223,572.10,414.60,418.42,562.18,1,-1,-1,-1
867,227,0.69,580.65,338.90,356.37,1,-1,-1,-1
867,231,177.93,589.72,314.11,346.55,1,-1,-1,-1
867,234,1418.48,545.68,501.28,460.91,1,-1,-1,-1
867,238,327.88,656.61,288.28,273.57,1,-1,-1,-1
867,240,1241.39,649.83,293.35,263.06,1,-1,-1,-1
867,241,1.45,576.72,389.80,362.91,1,-1,-1,-1
867,244,474.24,560.53,330.23,366.45,1,-1,-1,-1
867,245,453.46,613.15,324.12,317.46,1,-1,-1,-1
867,246,0.01,669.35,119.29,409.76,1,-1,-1,-1
867,247,796.50,577.54,512.22,423.35,1,-1,-1,-1
867,248,1002.18,490.78,398.71,486.59,1,-1,-1,-1
868,187,727.85,427.30,575.07,574.02,1,-1,-1,-1
868,218,1046.01,402.66,401.28,575.58,1,-1,-1,-1
868,223,571.33,416.40,420.78,558.61,1,-1,-1,-1
868,227,0.69,580.65,338.90,356.37,1,-1,-1,-1
868,231,188.23,592.80,303.29,343.83,1,-1,-1,-1
868,234,1419.34,543.11,499.53,467.46,1,-1,-1,-1
868,238,329.06,655.78,282.63,276.14,1,-1,-1,-1
868,240,1231.53,614.23,298.56,301.90,1,-1,-1,-1
868,241,1.49,574.51,408.90,364.96,1,-1,-1,-1
868,244,471.64,578.68,318.38,354.58,1,-1,-1,-1
868,245,453.46,613.15,324.12,317.46,1,-1,-1,-1
868,246,0.01,669.35,119.29,409.76,1,-1,-1,-1
868,247,796.50,577.54,512.22,423.35,1,-1,-1,-1
868,248,1002.18,490.78,398.71,486.59,1,-1,-1,-1
869,187,730.15,449.68,569.68,551.51,1,-1,-1,-1
869,218,1030.17,446.26,418.38,529.54,1,-1,-1,-1
869,223,579.84,411.71,406.24,561.05,1,-1,-1,-1
869,227,0.07,578.17,277.95,484.01,1,-1,-1,-1
869,231,181.80,595.93,286.13,342.09,1,-1,-1,-1
869,234,1424.59,522.99,495.00,474.48,1,-1,-1,-1
869,238,327.92,651.96,285.33,279.24,1,-1,-1,-1
869,240,1244.27,588.31,294.37,328.86,1,-1,-1,-1
869,241,1.49,574.51,408.90,364.96,1,-1,-1,-1
869,244,465.80,593.41,319.26,337.76,1,-1,-1,-1
869,245,453.46,613.15,324.12,317.46,1,-1,-1,-1
869,246,0.01,669.35,119.29,409.76,1,-1,-1,-1
869,247,796.50,577.54,512.22,423.35,1,-1,-1,-1
869,248,1002.18,490.78,398.71,486.59,1,-1,-1,-1
870,187,721.38,470.41,565.47,527.08,1,-1,-1,-1
870,218,1027.78,461.11,419.24,528.59,1,-1,-1,-1
870,223,585.34,414.37,422.44,560.95,1,-1,-1,-1
870,227,0.07,578.17,277.95,484.01,1,-1,-1,-1
870,231,203.70,593.05,251.14,345.73,1,-1,-1,-1
870,234,1435.62,506.49,480.72,488.59,1,-1,-1,-1
870,238,322.10,647.78,272.44,283.79,1,-1,-1,-1
870,240,1237.83,575.85,296.42,335.97,1,-1,-1,-1
870,241,1.89,554.77,389.05,393.26,1,-1,-1,-1
870,244,469.54,582.57,307.37,348.62,1,-1,-1,-1
870,245,453.46,613.15,324.12,317.46,1,-1,-1,-1
870,246,0.01,669.35,119.29,409.76,1,-1,-1,-1
870,247,796.50,577.54,512.22,423.35,1,-1,-1,-1
870,248,1002.18,490.78,398.71,486.59,1,-1,-1,-1
871,187,725.57,483.35,558.73,517.26,1,-1,-1,-1
871,218,1022.68,473.26,420.70,508.84,1,-1,-1,-1
871,223,582.03,432.14,380.10,542.03,1,-1,-1,-1
871,227,0.01,545.74,276.64,532.47,1,-1,-1,-1
871,231,201.13,590.18,251.40,343.45,1,-1,-1,-1
871,234,1429.19,498.72,489.30,498.36,1,-1,-1,-1
871,238,322.19,646.11,270.67,278.59,1,-1,-1,-1
871,240,1244.53,573.55,288.47,340.34,1,-1,-1,-1
871,241,67.40,580.02,342.00,357.75,1,-1,-1,-1
871,244,465.90,570.81,302.85,359.42,1,-1,-1,-1
871,245,453.46,613.15,324.12,317.46,1,-1,-1,-1
871,246,0.01,669.35,119.29,409.76,1,-1,-1,-1
871,247,796.50,577.54,512.22,423.35,1,-1,-1,-1
871,248,1002.18,490.78,398.71,486.59,1,-1,-1,-1
872,187,721.50,491.41,567.41,511.55,1,-1,-1,-1
872,218,1027.07,485.30,417.49,497.08,1,-1,-1,-1
872,223,583.53,440.37,412.12,537.08,1,-1,-1,-1
872,227,0.00,536.98,299.02,542.84,1,-1,-1,-1
872,231,142.42,583.92,281.96,353.42,1,-1,-1,-1
872,234,1505.98,502.81,413.87,497.04,1,-1,-1,-1
872,238,313.49,633.28,279.55,293.25,1,-1,-1,-1
872,240,1271.23,573.40,260.02,342.79,1,-1,-1,-1
872,241,70.23,580.99,340.63,355.15,1,-1,-1,-1
872,244,469.00,553.14,297.76,375.37,1,-1,-1,-1
872,245,453.46,613.15,324.12,317.46,1,-1,-1,-1
872,246,0.01,669.35,119.29,409.76,1,-1,-1,-1
872,247,796.50,577.54,512.22,423.35,1,-1,-1,-1
872,248,1002.18,490.78,398.71,486.59,1,-1,-1,-1
873,187,721.97,494.22,570.32,508.61,1,-1,-1,-1
873,218,1025.64,496.16,420.09,489.48,1,-1,-1,-1
873,223,582.49,445.69,415.75,526.87,1,-1,-1,-1
873,227,0.00,529.65,273.63,550.33,1,-1,-1,-1
873,231,157.12,580.73,266.73,353.38,1,-1,-1,-1
873,234,1535.56,505.00,384.42,494.18,1,-1,-1,-1
873,238,320.33,620.42,272.57,300.49,1,-1,-1,-1
873,240,1291.49,575.63,247.10,337.26,1,-1,-1,-1
873,241,47.52,581.34,270.94,351.21,1,-1,-1,-1
873,244,468.57,548.38,301.17,372.24,1,-1,-1,-1
873,245,453.46,613.15,324.12,317.46,1,-1,-1,-1
873,246,0.01,669.35,119.29,409.76,1,-1,-1,-1
873,247,796.50,577.54,512.22,423.35,1,-1,-1,-1
873,248,1002.18,490.78,398.71,486.59,1,-1,-1,-1
874,187,720.23,479.08,567.80,522.20,1,-1,-1,-1
874,218,1037.30,493.42,406.83,489.33,1,-1,-1,-1
874,223,580.84,437.67,423.92,541.47,1,-1,-1,-1
874,227,0.00,519.43,251.10,560.57,1,-1,-1,-1
874,231,115.96,582.48,297.66,350.03,1,-1,-1,-1
874,234,1535.70,491.70,384.17,509.73,1,-1,-1,-1
874,238,337.47,606.72,254.11,314.57,1,-1,-1,-1
874,240,1312.50,612.31,226.77,297.80,1,-1,-1,-1
874,241,47.52,581.34,270.94,351.21,1,-1,-1,-1
874,244,464.20,543.14,293.77,375.36,1,-1,-1,-1
874,245,453.46,613.15,324.12,317.46,1,-1,-1,-1
874,246,0.01,669.35,119.29,409.76,1,-1,-1,-1
874,247,796.50,577.54,512.22,423.35,1,-1,-1,-1
874,248,1002.18,490.78,398.71,486.59,1,-1,-1,-1
875,187,722.41,475.97,562.08,525.06,1,-1,-1,-1
875,218,1040.32,495.70,404.41,487.35,1,-1,-1,-1
875,223,585.12,434.01,414.54,541.93,1,-1,-1,-1
875,227,0.00,513.09,261.27,549.68,1,-1,-1,-1
875,231,130.89,585.04,280.03,346.58,1,-1,-1,-1
875,234,1539.45,482.56,380.53,517.98,1,-1,-1,-1
875,238,334.85,603.16,259.77,314.41,1,-1,-1,-1
875,240,1279.39,616.33,262.06,291.99,1,-1,-1,-1
875,241,30.57,582.11,368.37,352.18,1,-1,-1,-1
875,244,459.26,543.34,299.49,381.46,1,-1,-1,-1
875,245,453.46,613.15,324.12,317.46,1,-1,-1,-1
875,246,0.01,669.35,119.29,409.76,1,-1,-1,-1
875,247,796.50,577.54,512.22,423.35,1,-1,-1,-1
875,248,1002.18,490.78,398.71,486.59,1,-1,-1,-1
875,251,1395.96,538.47,414.81,417.97,1,-1,-1,-1
876,187,717.80,478.26,568.04,522.68,1,-1,-1,-1
876,218,1044.28,495.81,400.07,488.05,1,-1,-1,-1
876,223,592.58,433.51,411.26,539.75,1,-1,-1,-1
876,227,0.00,508.91,280.04,569.36,1,-1,-1,-1
876,231,117.23,586.00,291.91,347.00,1,-1,-1,-1
876,234,1543.05,480.18,376.95,512.54,1,-1,-1,-1
876,238,333.07,601.07,260.00,316.64,1,-1,-1,-1
876,240,1272.04,613.27,266.79,294.92,1,-1,-1,-1
876,241,30.57,582.11,368.37,352.18,1,-1,-1,-1
876,244,457.65,543.43,307.54,390.67,1,-1,-1,-1
876,245,453.46,613.15,324.12,317.46,1,-1,-1,-1
876,246,0.01,669.35,119.29,409.76,1,-1,-1,-1
876,247,796.50,577.54,512.22,423.35,1,-1,-1,-1
876,248,1002.18,490.78,398.71,486.59,1,-1,-1,-1
876,251,1387.41,533.96,424.38,425.09,1,-1,-1,-1
877,187,716.91,481.65,566.35,521.39,1,-1,-1,-1
877,218,1040.95,493.57,400.78,490.98,1,-1,-1,-1
877,223,583.57,434.40,420.11,518.38,1,-1,-1,-1
877,227,0.00,508.88,269.46,570.94,1,-1,-1,-1
877,231,125.83,583.54,282.47,347.27,1,-1,-1,-1
877,234,1555.26,475.83,364.74,513.00,1,-1,-1,-1
877,238,323.76,600.61,266.89,318.17,1,-1,-1,-1
877,240,1275.35,604.39,261.44,305.94,1,-1,-1,-1
877,241,30.57,582.11,368.37,352.18,1,-1,-1,-1
877,244,458.86,550.67,299.39,377.49,1,-1,-1,-1
877,245,453.46,613.15,324.12,317.46,1,-1,-1,-1
877,247,796.50,577.54,512.22,423.35,1,-1,-1,-1
877,248,1002.18,490.78,398.71,486.59,1,-1,-1,-1
877,251,1344.00,528.97,407.38,394.01,1,-1,-1,-1
878,187,716.25,491.13,576.36,512.96,1,-1,-1,-1
878,218,1043.42,485.65,397.80,491.80,1,-1,-1,-1
878,223,544.12,432.32,458.45,523.77,1,-1,-1,-1
878,227,0.00,509.82,228.76,536.43,1,-1,-1,-1
878,231,163.27,580.19,240.84,346.99,1,-1,-1,-1
878,234,1583.78,472.99,336.22,497.55,1,-1,-1,-1
878,238,327.23,601.59,262.89,324.71,1,-1,-1,-1
878,240,1291.57,596.50,246.03,313.82,1,-1,-1,-1
878,241,61.54,583.30,338.61,344.06,1,-1,-1,-1
878,244,459.98,560.61,292.01,375.34,1,-1,-1,-1
878,245,453.46,613.15,324.12,317.46,1,-1,-1,-1
878,247,796.50,577.54,512.22,423.35,1,-1,-1,-1
878,251,1350.81,521.83,449.83,442.00,1,-1,-1,-1
879,187,705.66,509.86,589.85,497.15,1,-1,-1,-1
879,218,1063.09,466.80,370.48,506.29,1,-1,-1,-1
879,223,485.35,423.84,497.14,534.19,1,-1,-1,-1
879,227,0.00,511.10,198.57,525.94,1,-1,-1,-1
879,231,163.27,580.19,240.84,346.99,1,-1,-1,-1
879,234,1561.74,474.84,358.26,505.75,1,-1,-1,-1
879,238,307.31,598.58,276.66,326.60,1,-1,-1,-1
879,240,1303.57,511.55,347.25,416.50,1,-1,-1,-1
879,241,35.43,569.61,353.06,367.69,1,-1,-1,-1
879,244,457.05,553.60,313.66,409.78,1,-1,-1,-1
879,247,796.50,577.54,512.22,423.35,1,-1,-1,-1
879,251,1412.67,506.55,308.44,411.58,1,-1,-1,-1
880,187,700.99,515.54,591.94,493.14,1,-1,-1,-1
880,218,1008.74,454.79,425.80,521.70,1,-1,-1,-1
880,223,454.07,416.87,506.30,553.37,1,-1,-1,-1
880,227,0.00,510.30,169.53,541.37,1,-1,-1,-1
880,231,163.27,580.19,240.84,346.99,1,-1,-1,-1
880,234,1534.98,472.90,385.02,493.73,1,-1,-1,-1
880,238,318.09,604.04,256.73,308.76,1,-1,-1,-1
880,240,1303.57,511.55,347.25,416.50,1,-1,-1,-1
880,241,68.47,560.49,327.72,373.51,1,-1,-1,-1
880,244,457.05,553.60,313.66,409.78,1,-1,-1,-1
880,247,796.50,577.54,512.22,423.35,1,-1,-1,-1
880,251,1298.21,498.73,408.96,467.04,1,-1,-1,-1
881,187,703.07,506.16,600.58,499.11,1,-1,-1,-1
881,218,999.98,445.26,412.58,531.62,1,-1,-1,-1
881,223,451.15,409.87,516.83,568.11,1,-1,-1,-1
881,227,0.00,510.30,169.53,541.37,1,-1,-1,-1
881,231,163.27,580.19,240.84,346.99,1,-1,-1,-1
881,234,1517.84,474.98,402.16,512.75,1,-1,-1,-1
881,238,299.59,611.41,270.63,297.62,1,-1,-1,-1
881,240,1303.57,511.55,347.25,416.50,1,-1,-1,-1
881,241,80.96,554.04,344.17,381.09,1,-1,-1,-1
881,244,457.05,553.60,313.66,409.78,1,-1,-1,-1
881,247,796.50,577.54,512.22,423.35,1,-1,-1,-1
881,251,1305.14,498.06,369.74,459.68,1,-1,-1,-1
882,187,699.79,502.43,605.88,499.97,1,-1,-1,-1
882,218,1008.55,435.59,344.15,522.34,1,-1,-1,-1
882,223,430.05,402.91,501.85,570.92,1,-1,-1,-1
882,227,0.00,523.45,154.37,552.83,1,-1,-1,-1
882,231,163.27,580.19,240.84,346.99,1,-1,-1,-1
882,234,1494.28,483.60,425.66,480.58,1,-1,-1,-1
882,238,310.52,616.90,272.48,291.82,1,-1,-1,-1
882,240,1302.26,499.80,339.65,434.78,1,-1,-1,-1
882,241,74.36,550.67,364.30,383.99,1,-1,-1,-1
882,244,457.05,553.60,313.66,409.78,1,-1,-1,-1
882,251,1083.21,559.29,365.99,408.93,1,-1,-1,-1
882,252,1505.97,473.24,411.67,475.48,1,-1,-1,-1
883,187,703.87,479.49,587.10,516.85,1,-1,-1,-1
883,218,982.76,418.00,281.98,500.08,1,-1,-1,-1
883,223,419.22,400.61,503.41,581.09,1,-1,-1,-1
883,227,0.82,517.52,156.40,562.11,1,-1,-1,-1
883,231,163.27,580.19,240.84,346.99,1,-1,-1,-1
883,234,1454.72,462.18,465.28,518.54,1,-1,-1,-1
883,238,306.43,629.55,294.85,280.15,1,-1,-1,-1
883,240,1317.00,495.62,364.25,457.03,1,-1,-1,-1
883,241,60.52,550.89,390.56,382.69,1,-1,-1,-1
883,244,457.05,553.60,313.66,409.78,1,-1,-1,-1
883,251,973.92,497.34,348.93,501.70,1,-1,-1,-1
883,252,1338.83,492.23,376.87,466.70,1,-1,-1,-1
883,256,1042.62,495.42,368.78,475.99,1,-1,-1,-1
884,187,761.13,416.08,525.95,567.00,1,-1,-1,-1
884,218,982.76,418.00,281.98,500.08,1,-1,-1,-1
884,223,415.75,398.46,413.04,556.88,1,-1,-1,-1
884,227,0.08,514.27,150.14,449.47,1,-1,-1,-1
884,231,163.27,580.19,240.84,346.99,1,-1,-1,-1
884,234,1449.25,535.98,470.75,428.63,1,-1,-1,-1
884,238,306.43,629.55,294.85,280.15,1,-1,-1,-1
884,240,1317.00,495.62,364.25,457.03,1,-1,-1,-1
884,241,86.06,549.48,391.15,387.60,1,-1,-1,-1
884,244,501.52,520.52,342.06,423.67,1,-1,-1,-1
884,251,974.14,460.56,374.70,543.03,1,-1,-1,-1
884,252,1272.00,463.10,436.21,514.79,1,-1,-1,-1
884,256,1013.36,463.14,406.57,483.46,1,-1,-1,-1
884,257,1119.34,560.37,293.89,382.50,1,-1,-1,-1
885,187,879.63,392.99,383.75,571.72,1,-1,-1,-1
885,218,1031.05,445.30,392.40,502.88,1,-1,-1,-1
885,223,398.98,396.20,412.22,570.91,1,-1,-1,-1
885,227,0.01,510.73,150.46,435.20,1,-1,-1,-1
885,231,163.27,580.19,240.84,346.99,1,-1,-1,-1
885,234,1432.81,537.89,423.06,403.93,1,-1,-1,-1
885,238,306.43,629.55,294.85,280.15,1,-1,-1,-1
885,240,1414.17,531.60,329.86,409.63,1,-1,-1,-1
885,241,108.43,549.02,365.63,387.02,1,-1,-1,-1
885,244,515.58,532.95,319.67,426.86,1,-1,-1,-1
885,251,967.84,445.09,363.41,562.66,1,-1,-1,-1
885,252,1295.73,462.50,395.41,508.99,1,-1,-1,-1
885,256,1072.45,447.80,357.36,497.82,1,-1,-1,-1
885,257,1103.62,463.10,332.75,484.92,1,-1,-1,-1
886,187,879.63,392.99,383.75,571.72,1,-1,-1,-1
886,218,1083.45,398.54,412.66,558.33,1,-1,-1,-1
886,223,391.21,395.81,431.61,586.35,1,-1,-1,-1
886,227,0.00,507.81,169.50,424.10,1,-1,-1,-1
886,231,163.27,580.19,240.84,346.99,1,-1,-1,-1
886,234,1310.67,461.30,425.30,505.69,1,-1,-1,-1
886,238,306.43,629.55,294.85,280.15,1,-1,-1,-1
886,240,1315.55,463.46,435.20,498.28,1,-1,-1,-1
886,241,131.83,547.81,331.79,388.52,1,-1,-1,-1
886,244,548.86,528.85,286.13,443.29,1,-1,-1,-1
886,251,890.00,389.78,414.37,600.50,1,-1,-1,-1
886,252,1127.31,436.44,541.15,534.06,1,-1,-1,-1
886,256,1072.45,447.80,357.36,497.82,1,-1,-1,-1
886,257,1103.62,463.10,332.75,484.92,1,-1,-1,-1
887,187,879.63,392.99,383.75,571.72,1,-1,-1,-1
887,218,1110.00,382.99,407.93,577.98,1,-1,-1,-1
887,223,388.85,395.45,406.47,589.45,1,-1,-1,-1
887,227,0.00,507.95,257.56,426.91,1,-1,-1,-1
887,231,163.27,580.19,240.84,346.99,1,-1,-1,-1
887,234,1295.62,450.16,403.32,518.48,1,-1,-1,-1
887,238,306.43,629.55,294.85,280.15,1,-1,-1,-1
887,240,1414.86,527.40,289.10,420.56,1,-1,-1,-1
887,241,154.29,544.06,346.00,398.11,1,-1,-1,-1
887,244,548.86,528.85,286.13,443.29,1,-1,-1,-1
887,251,868.71,374.71,416.51,599.46,1,-1,-1,-1
887,252,1119.51,411.28,512.39,550.35,1,-1,-1,-1
887,253,586.32,523.97,226.38,428.04,1,-1,-1,-1
887,256,1084.58,394.58,392.03,573.02,1,-1,-1,-1
887,257,1103.62,463.10,332.75,484.92,1,-1,-1,-1
888,187,879.63,392.99,383.75,571.72,1,-1,-1,-1
888,218,1110.00,382.99,407.93,577.98,1,-1,-1,-1
888,223,396.48,395.09,354.29,578.20,1,-1,-1,-1
888,227,0.00,507.95,257.56,426.91,1,-1,-1,-1
888,231,163.27,580.19,240.84,346.99,1,-1,-1,-1
888,234,1287.49,445.00,391.11,527.72,1,-1,-1,-1
888,238,306.43,629.55,294.85,280.15,1,-1,-1,-1
888,240,1394.25,532.48,288.95,427.21,1,-1,-1,-1
888,241,249.53,588.62,271.88,396.01,1,-1,-1,-1
888,244,548.86,528.85,286.13,443.29,1,-1,-1,-1
888,251,853.19,370.38,420.95,601.31,1,-1,-1,-1
888,252,1119.51,411.28,512.39,550.35,1,-1,-1,-1
888,253,605.46,521.63,208.34,415.23,1,-1,-1,-1
888,256,1045.29,405.84,402.90,569.90,1,-1,-1,-1
888,257,1103.62,463.10,332.75,484.92,1,-1,-1,-1
889,187,879.63,392.99,383.75,571.72,1,-1,-1,-1
889,218,1110.00,382.99,407.93,577.98,1,-1,-1,-1
889,223,402.20,395.64,282.99,575.57,1,-1,-1,-1
889,227,0.00,507.95,257.56,426.91,1,-1,-1,-1
889,231,248.48,556.00,214.73,378.17,1,-1,-1,-1
889,234,1148.91,494.82,506.95,499.80,1,-1,-1,-1
889,238,306.43,629.55,294.85,280.15,1,-1,-1,-1
889,240,1397.09,535.81,259.98,435.68,1,-1,-1,-1
889,241,368.13,601.02,177.33,381.77,1,-1,-1,-1
889,244,548.86,528.85,286.13,443.29,1,-1,-1,-1
889,251,843.75,366.68,356.48,603.79,1,-1,-1,-1
889,252,1119.51,411.28,512.39,550.35,1,-1,-1,-1
889,253,632.87,514.51,184.81,415.99,1,-1,-1,-1
889,256,1120.32,394.69,379.09,594.90,1,-1,-1,-1
889,257,1103.62,463.10,332.75,484.92,1,-1,-1,-1
889,258,0.00,497.51,217.25,481.52,1,-1,-1,-1
890,187,879.63,392.99,383.75,571.72,1,-1,-1,-1
890,218,1110.00,382.99,407.93,577.98,1,-1,-1,-1
890,223,395.54,393.52,254.87,590.04,1,-1,-1,-1
890,227,0.00,507.95,257.56,426.91,1,-1,-1,-1
890,231,258.62,553.67,220.58,379.86,1,-1,-1,-1
890,234,1147.71,397.17,494.40,604.16,1,-1,-1,-1
890,238,306.43,629.55,294.85,280.15,1,-1,-1,-1
890,240,1361.46,533.78,291.39,440.22,1,-1,-1,-1
890,241,368.13,601.02,177.33,381.77,1,-1,-1,-1
890,244,548.86,528.85,286.13,443.29,1,-1,-1,-1
890,251,851.46,365.53,328.75,609.41,1,-1,-1,-1
890,252,1119.51,411.28,512.39,550.35,1,-1,-1,-1
890,253,642.90,508.97,180.72,424.54,1,-1,-1,-1
890,256,1120.32,394.69,379.09,594.90,1,-1,-1,-1
890,257,1103.62,463.10,332.75,484.92,1,-1,-1,-1
890,258,0.00,494.76,233.95,466.27,1,-1,-1,-1
891,187,879.63,392.99,383.75,571.72,1,-1,-1,-1
891,218,1340.26,516.87,261.58,431.33,1,-1,-1,-1
891,223,387.65,397.06,249.40,545.21,1,-1,-1,-1
891,227,0.00,507.95,257.56,426.91,1,-1,-1,-1
891,231,262.78,552.81,236.39,390.26,1,-1,-1,-1
891,234,1147.71,397.17,494.40,604.16,1,-1,-1,-1
891,238,306.43,629.55,294.85,280.15,1,-1,-1,-1
891,240,1450.51,581.69,203.49,360.61,1,-1,-1,-1
891,241,368.13,601.02,177.33,381.77,1,-1,-1,-1
891,244,548.86,528.85,286.13,443.29,1,-1,-1,-1
891,251,861.13,364.28,317.08,614.87,1,-1,-1,-1
891,252,1119.51,411.28,512.39,550.35,1,-1,-1,-1
891,253,651.23,501.21,174.02,429.59,1,-1,-1,-1
891,256,1152.34,378.05,433.77,621.41,1,-1,-1,-1
891,257,1103.62,463.10,332.75,484.92,1,-1,-1,-1
891,258,0.00,489.51,256.19,453.98,1,-1,-1,-1
892,187,879.63,392.99,383.75,571.72,1,-1,-1,-1
892,218,1340.26,516.87,261.58,431.33,1,-1,-1,-1
892,223,362.49,400.97,254.99,573.15,1,-1,-1,-1
892,227,0.00,507.95,257.56,426.91,1,-1,-1,-1
892,231,266.00,552.22,246.75,382.69,1,-1,-1,-1
892,234,1147.71,397.17,494.40,604.16,1,-1,-1,-1
892,238,356.11,596.88,250.53,379.77,1,-1,-1,-1
892,240,1452.03,584.06,200.96,356.18,1,-1,-1,-1
892,241,368.13,601.02,177.33,381.77,1,-1,-1,-1
892,244,548.86,528.85,286.13,443.29,1,-1,-1,-1
892,251,887.49,363.51,292.91,618.49,1,-1,-1,-1
892,252,1119.51,411.28,512.39,550.35,1,-1,-1,-1
892,253,657.90,494.92,165.63,440.70,1,-1,-1,-1
892,256,1157.86,367.11,491.87,645.48,1,-1,-1,-1
892,257,1103.62,463.10,332.75,484.92,1,-1,-1,-1
892,258,0.00,485.22,275.57,462.13,1,-1,-1,-1
892,259,1142.57,453.75,282.78,501.78,1,-1,-1,-1
893,187,879.63,392.99,383.75,571.72,1,-1,-1,-1
893,218,1340.26,516.87,261.58,431.33,1,-1,-1,-1
893,223,355.51,404.28,250.60,573.25,1,-1,-1,-1
893,227,0.00,507.95,257.56,426.91,1,-1,-1,-1
893,231,266.80,546.74,246.62,387.11,1,-1,-1,-1
893,234,1125.57,450.20,319.90,517.51,1,-1,-1,-1
893,238,356.11,596.88,250.53,379.77,1,-1,-1,-1
893,240,1452.03,584.06,200.96,356.18,1,-1,-1,-1
893,241,368.13,601.02,177.33,381.77,1,-1,-1,-1
893,244,548.86,528.85,286.13,443.29,1,-1,-1,-1
893,251,915.53,362.12,259.72,623.98,1,-1,-1,-1
893,252,1119.51,411.28,512.39,550.35,1,-1,-1,-1
893,253,667.85,489.23,154.16,450.71,1,-1,-1,-1
893,256,1160.12,362.88,534.74,664.46,1,-1,-1,-1
893,257,1103.62,463.10,332.75,484.92,1,-1,-1,-1
893,258,0.00,483.44,287.51,468.61,1,-1,-1,-1
893,259,1124.89,451.59,301.64,509.57,1,-1,-1,-1
894,187,879.63,392.99,383.75,571.72,1,-1,-1,-1
894,218,1340.26,516.87,261.58,431.33,1,-1,-1,-1
894,223,345.84,411.98,274.76,558.35,1,-1,-1,-1
894,227,0.00,507.95,257.56,426.91,1,-1,-1,-1
894,231,278.80,513.03,229.96,420.22,1,-1,-1,-1
894,234,1109.25,460.20,251.90,494.63,1,-1,-1,-1
894,238,356.11,596.88,250.53,379.77,1,-1,-1,-1
894,240,1456.03,561.47,217.39,361.07,1,-1,-1,-1
894,241,368.13,601.02,177.33,381.77,1,-1,-1,-1
894,244,548.86,528.85,286.13,443.29,1,-1,-1,-1
894,251,936.45,357.02,232.28,628.21,1,-1,-1,-1
894,252,1119.51,411.28,512.39,550.35,1,-1,-1,-1
894,253,684.60,481.22,154.92,461.08,1,-1,-1,-1
894,256,1198.23,350.31,549.21,678.52,1,-1,-1,-1
894,257,1103.62,463.10,332.75,484.92,1,-1,-1,-1
894,258,0.00,486.19,318.79,479.73,1,-1,-1,-1
894,259,1124.89,451.59,301.64,509.57,1,-1,-1,-1
895,187,879.63,392.99,383.75,571.72,1,-1,-1,-1
895,218,1340.26,516.87,261.58,431.33,1,-1,-1,-1
895,223,336.90,416.31,277.27,537.37,1,-1,-1,-1
895,227,95.89,493.72,229.33,442.14,1,-1,-1,-1
895,231,290.14,510.82,226.16,426.44,1,-1,-1,-1
895,234,1102.64,478.09,245.75,485.22,1,-1,-1,-1
895,238,450.76,592.27,189.92,332.68,1,-1,-1,-1
895,240,1456.03,561.47,217.39,361.07,1,-1,-1,-1
895,241,368.13,601.02,177.33,381.77,1,-1,-1,-1
895,244,548.86,528.85,286.13,443.29,1,-1,-1,-1
895,251,940.21,353.53,229.85,631.52,1,-1,-1,-1
895,252,1069.77,451.00,236.11,496.55,1,-1,-1,-1
895,253,680.30,477.61,169.78,465.24,1,-1,-1,-1
895,256,1239.43,347.79,514.79,687.18,1,-1,-1,-1
895,257,1103.62,463.10,332.75,484.92,1,-1,-1,-1
895,258,0.12,490.58,329.78,466.72,1,-1,-1,-1
895,259,1124.89,451.59,301.64,509.57,1,-1,-1,-1
896,187,879.63,392.99,383.75,571.72,1,-1,-1,-1
896,218,1340.26,516.87,261.58,431.33,1,-1,-1,-1
896,223,331.36,417.07,256.72,544.16,1,-1,-1,-1
896,227,95.89,493.72,229.33,442.14,1,-1,-1,-1
896,231,290.14,510.82,226.16,426.44,1,-1,-1,-1
896,234,1075.95,487.74,289.46,466.28,1,-1,-1,-1
896,238,479.83,572.34,160.86,346.81,1,-1,-1,-1
896,240,1456.03,561.47,217.39,361.07,1,-1,-1,-1
896,241,368.13,601.02,177.33,381.77,1,-1,-1,-1
896,244,548.86,528.85,286.13,443.29,1,-1,-1,-1
896,251,939.05,351.30,234.95,633.68,1,-1,-1,-1
896,252,996.85,449.46,247.30,502.52,1,-1,-1,-1
896,253,666.12,473.88,205.75,468.84,1,-1,-1,-1
896,256,1282.05,345.59,471.73,688.66,1,-1,-1,-1
896,257,1103.62,463.10,332.75,484.92,1,-1,-1,-1
896,258,33.96,495.52,298.77,460.39,1,-1,-1,-1
896,259,1077.11,484.02,295.72,472.78,1,-1,-1,-1
897,187,879.63,392.99,383.75,571.72,1,-1,-1,-1
897,218,1340.26,516.87,261.58,431.33,1,-1,-1,-1
897,223,321.97,411.52,261.28,553.61,1,-1,-1,-1
897,227,75.72,497.42,256.25,455.58,1,-1,-1,-1
897,231,315.11,515.17,175.02,387.88,1,-1,-1,-1
897,234,1064.20,491.51,247.56,460.00,1,-1,-1,-1
897,238,485.01,565.37,172.49,355.99,1,-1,-1,-1
897,240,1456.03,561.47,217.39,361.07,1,-1,-1,-1
897,241,368.13,601.02,177.33,381.77,1,-1,-1,-1
897,244,548.86,528.85,286.13,443.29,1,-1,-1,-1
897,251,927.66,347.73,257.92,635.39,1,-1,-1,-1
897,252,996.85,449.46,247.30,502.52,1,-1,-1,-1
897,253,640.86,463.79,252.46,475.64,1,-1,-1,-1
897,256,1320.02,345.64,465.57,687.22,1,-1,-1,-1
897,257,1103.62,463.10,332.75,484.92,1,-1,-1,-1
897,258,33.96,495.52,298.77,460.39,1,-1,-1,-1
897,259,1103.18,517.74,283.44,432.34,1,-1,-1,-1
897,261,1257.92,501.62,251.58,418.53,1,-1,-1,-1
898,187,879.63,392.99,383.75,571.72,1,-1,-1,-1
898,218,1340.26,516.87,261.58,431.33,1,-1,-1,-1
898,223,286.25,406.02,275.69,559.39,1,-1,-1,-1
898,227,75.72,497.42,256.25,455.58,1,-1,-1,-1
898,231,277.01,517.88,230.99,388.22,1,-1,-1,-1
898,234,1065.25,496.23,226.33,447.71,1,-1,-1,-1
898,238,513.58,562.39,168.53,355.93,1,-1,-1,-1
898,240,1456.03,561.47,217.39,361.07,1,-1,-1,-1
898,241,368.13,601.02,177.33,381.77,1,-1,-1,-1
898,244,548.86,528.85,286.13,443.29,1,-1,-1,-1
898,250,418.11,567.81,198.85,353.66,1,-1,-1,-1
898,251,915.19,345.41,266.63,636.97,1,-1,-1,-1
898,252,987.96,470.93,244.02,483.06,1,-1,-1,-1
898,253,616.28,458.92,286.14,481.00,1,-1,-1,-1
898,256,1328.09,345.89,465.91,687.18,1,-1,-1,-1
898,257,1103.62,463.10,332.75,484.92,1,-1,-1,-1
898,258,33.96,495.52,298.77,460.39,1,-1,-1,-1
898,259,1115.11,507.35,270.80,416.83,1,-1,-1,-1
898,261,1257.60,496.11,208.37,435.52,1,-1,-1,-1
899,187,879.63,392.99,383.75,571.72,1,-1,-1,-1
899,218,1340.26,516.87,261.58,431.33,1,-1,-1,-1
899,223,186.06,408.78,365.50,557.14,1,-1,-1,-1
899,227,113.46,508.87,236.41,447.56,1,-1,-1,-1
899,231,277.01,517.88,230.99,388.22,1,-1,-1,-1
899,234,1094.52,523.52,184.59,413.65,1,-1,-1,-1
899,238,582.54,518.07,182.63,390.77,1,-1,-1,-1
899,240,1456.03,561.47,217.39,361.07,1,-1,-1,-1
899,241,368.13,601.02,177.33,381.77,1,-1,-1,-1
899,244,548.86,528.85,286.13,443.29,1,-1,-1,-1
899,250,430.12,550.27,185.04,353.51,1,-1,-1,-1
899,251,876.42,341.01,305.65,649.12,1,-1,-1,-1
899,252,999.26,498.36,211.09,447.08,1,-1,-1,-1
899,253,620.27,463.40,253.90,450.54,1,-1,-1,-1
899,256,1341.77,351.85,422.40,677.45,1,-1,-1,-1
899,257,1103.62,463.10,332.75,484.92,1,-1,-1,-1
899,258,33.96,495.52,298.77,460.39,1,-1,-1,-1
899,259,1115.11,507.35,270.80,416.83,1,-1,-1,-1
899,261,1224.12,502.46,197.08,433.29,1,-1,-1,-1
900,187,879.63,392.99,383.75,571.72,1,-1,-1,-1
900,218,1340.26,516.87,261.58,431.33,1,-1,-1,-1
900,223,179.45,416.72,386.16,553.36,1,-1,-1,-1
900,227,121.18,513.16,234.81,452.65,1,-1,-1,-1
900,231,277.01,517.88,230.99,388.22,1,-1,-1,-1
900,234,1079.05,539.02,206.44,397.49,1,-1,-1,-1
900,238,616.70,568.06,185.67,347.12,1,-1,-1,-1
900,240,1456.03,561.47,217.39,361.07,1,-1,-1,-1
900,241,368.13,601.02,177.33,381.77,1,-1,-1,-1
900,244,548.86,528.85,286.13,443.29,1,-1,-1,-1
900,250,435.05,558.90,200.77,346.39,1,-1,-1,-1
900,251,844.05,337.86,335.41,650.13,1,-1,-1,-1
900,252,999.26,498.36,211.09,447.08,1,-1,-1,-1
900,253,625.84,467.26,246.15,454.78,1,-1,-1,-1
900,256,1350.06,362.45,400.45,665.76,1,-1,-1,-1
900,257,1103.62,463.10,332.75,484.92,1,-1,-1,-1
900,258,33.96,495.52,298.77,460.39,1,-1,-1,-1
900,259,1115.11,507.35,270.80,416.83,1,-1,-1,-1
900,261,1213.31,509.23,190.15,427.16,1,-1,-1,-1
901,187,879.63,392.99,383.75,571.72,1,-1,-1,-1
901,218,1340.26,516.87,261.58,431.33,1,-1,-1,-1
901,223,169.72,422.13,378.13,547.57,1,-1,-1,-1
901,227,134.05,514.83,224.76,449.41,1,-1,-1,-1
901,231,277.01,517.88,230.99,388.22,1,-1,-1,-1
901,234,1120.13,591.21,173.03,342.92,1,-1,-1,-1
901,238,634.54,543.59,197.33,386.07,1,-1,-1,-1
901,240,1456.03,561.47,217.39,361.07,1,-1,-1,-1
901,241,368.13,601.02,177.33,381.77,1,-1,-1,-1
901,244,548.86,528.85,286.13,443.29,1,-1,-1,-1
901,250,451.00,571.08,185.05,337.60,1,-1,-1,-1
901,251,822.31,334.96,349.19,659.18,1,-1,-1,-1
901,252,1012.73,520.46,220.38,421.54,1,-1,-1,-1
901,253,637.11,471.63,242.13,482.63,1,-1,-1,-1
901,256,1367.77,372.34,379.35,658.55,1,-1,-1,-1
901,257,1103.62,463.10,332.75,484.92,1,-1,-1,-1
901,258,33.96,495.52,298.77,460.39,1,-1,-1,-1
901,259,1115.11,507.35,270.80,416.83,1,-1,-1,-1
901,261,1216.63,513.89,175.43,420.81,1,-1,-1,-1
902,187,879.63,392.99,383.75,571.72,1,-1,-1,-1
902,218,1340.26,516.87,261.58,431.33,1,-1,-1,-1
902,223,165.73,429.87,377.10,537.88,1,-1,-1,-1
902,227,143.45,512.24,213.61,448.50,1,-1,-1,-1
902,231,277.01,517.88,230.99,388.22,1,-1,-1,-1
902,234,1118.51,614.84,168.61,318.06,1,-1,-1,-1
902,238,634.54,543.59,197.33,386.07,1,-1,-1,-1
902,240,1456.03,561.47,217.39,361.07,1,-1,-1,-1
902,241,368.13,601.02,177.33,381.77,1,-1,-1,-1
902,244,548.86,528.85,286.13,443.29,1,-1,-1,-1
902,250,455.09,579.47,176.00,330.36,1,-1,-1,-1
902,251,823.26,335.37,345.93,658.09,1,-1,-1,-1
902,252,1010.44,512.90,207.37,435.87,1,-1,-1,-1
902,253,632.20,478.10,241.24,477.75,1,-1,-1,-1
902,256,1384.63,385.64,361.43,636.97,1,-1,-1,-1
902,257,1103.62,463.10,332.75,484.92,1,-1,-1,-1
902,258,33.96,495.52,298.77,460.39,1,-1,-1,-1
902,259,1115.11,507.35,270.80,416.83,1,-1,-1,-1
902,261,1214.27,512.95,169.48,420.13,1,-1,-1,-1
903,187,879.63,392.99,383.75,571.72,1,-1,-1,-1
903,218,1340.26,516.87,261.58,431.33,1,-1,-1,-1
903,223,161.08,431.01,379.57,539.61,1,-1,-1,-1
903,227,149.76,502.13,223.88,460.79,1,-1,-1,-1
903,231,277.01,517.88,230.99,388.22,1,-1,-1,-1
903,234,1111.05,632.32,175.40,299.57,1,-1,-1,-1
903,238,634.54,543.59,197.33,386.07,1,-1,-1,-1
903,240,1456.03,561.47,217.39,361.07,1,-1,-1,-1
903,241,368.13,601.02,177.33,381.77,1,-1,-1,-1
903,244,548.86,528.85,286.13,443.29,1,-1,-1,-1
903,250,449.70,590.07,182.50,321.68,1,-1,-1,-1
903,251,819.50,337.40,362.76,656.16,1,-1,-1,-1
903,252,1004.78,521.80,200.02,419.82,1,-1,-1,-1
903,253,632.45,488.73,248.21,468.40,1,-1,-1,-1
903,256,1399.45,395.40,349.31,627.49,1,-1,-1,-1
903,257,1103.62,463.10,332.75,484.92,1,-1,-1,-1
903,258,33.96,495.52,298.77,460.39,1,-1,-1,-1
903,259,1115.11,507.35,270.80,416.83,1,-1,-1,-1
903,261,1207.91,511.00,171.99,422.31,1,-1,-1,-1
904,187,879.63,392.99,383.75,571.72,1,-1,-1,-1
904,218,1340.26,516.87,261.58,431.33,1,-1,-1,-1
904,223,159.82,430.13,377.92,540.01,1,-1,-1,-1
904,227,154.40,503.12,236.96,458.22,1,-1,-1,-1
904,231,277.01,517.88,230.99,388.22,1,-1,-1,-1
904,234,1107.24,643.02,178.88,287.92,1,-1,-1,-1
904,238,634.54,543.59,197.33,386.07,1,-1,-1,-1
904,240,1456.03,561.47,217.39,361.07,1,-1,-1,-1
904,241,368.13,601.02,177.33,381.77,1,-1,-1,-1
904,244,548.86,528.85,286.13,443.29,1,-1,-1,-1
904,250,440.72,591.00,192.68,321.54,1,-1,-1,-1
904,251,816.92,338.48,341.56,657.38,1,-1,-1,-1
904,252,1001.30,531.90,207.27,404.11,1,-1,-1,-1
904,253,630.43,493.67,252.81,463.65,1,-1,-1,-1
904,256,1408.40,401.28,340.03,619.57,1,-1,-1,-1
904,257,1103.62,463.10,332.75,484.92,1,-1,-1,-1
904,258,33.96,495.52,298.77,460.39,1,-1,-1,-1
904,259,1115.11,507.35,270.80,416.83,1,-1,-1,-1
904,261,1205.68,511.30,172.30,421.28,1,-1,-1,-1
905,187,879.63,392.99,383.75,571.72,1,-1,-1,-1
905,218,1340.26,516.87,261.58,431.33,1,-1,-1,-1
905,223,157.59,428.32,381.77,542.01,1,-1,-1,-1
905,227,154.40,503.12,236.96,458.22,1,-1,-1,-1
905,231,277.01,517.88,230.99,388.22,1,-1,-1,-1
905,234,1117.79,637.01,181.17,292.45,1,-1,-1,-1
905,238,634.54,543.59,197.33,386.07,1,-1,-1,-1
905,240,1456.03,561.47,217.39,361.07,1,-1,-1,-1
905,241,368.13,601.02,177.33,381.77,1,-1,-1,-1
905,244,548.86,528.85,286.13,443.29,1,-1,-1,-1
905,250,443.64,591.26,188.09,322.48,1,-1,-1,-1
905,251,817.12,338.62,331.17,656.49,1,-1,-1,-1
905,252,996.39,562.90,199.05,369.05,1,-1,-1,-1
905,253,629.91,491.09,257.73,473.32,1,-1,-1,-1
905,256,1409.43,410.90,345.47,615.68,1,-1,-1,-1
905,257,1103.62,463.10,332.75,484.92,1,-1,-1,-1
905,258,33.96,495.52,298.77,460.39,1,-1,-1,-1
905,259,1115.11,507.35,270.80,416.83,1,-1,-1,-1
905,261,1189.06,508.94,188.14,425.09,1,-1,-1,-1
906,187,879.63,392.99,383.75,571.72,1,-1,-1,-1
906,218,1340.26,516.87,261.58,431.33,1,-1,-1,-1
906,223,154.63,426.19,384.52,545.39,1,-1,-1,-1
906,227,154.40,503.12,236.96,458.22,1,-1,-1,-1
906,231,277.01,517.88,230.99,388.22,1,-1,-1,-1
906,234,1116.40,625.17,180.97,304.66,1,-1,-1,-1
906,238,634.54,543.59,197.33,386.07,1,-1,-1,-1
906,240,1456.03,561.47,217.39,361.07,1,-1,-1,-1
906,241,368.13,601.02,177.33,381.77,1,-1,-1,-1
906,244,548.86,528.85,286.13,443.29,1,-1,-1,-1
906,250,443.64,591.26,188.09,322.48,1,-1,-1,-1
906,251,821.69,337.56,323.46,655.45,1,-1,-1,-1
906,252,988.24,545.12,198.12,384.67,1,-1,-1,-1
906,253,629.84,484.98,263.09,486.70,1,-1,-1,-1
906,256,1399.96,414.40,360.36,613.25,1,-1,-1,-1
906,257,1103.62,463.10,332.75,484.92,1,-1,-1,-1
906,258,33.96,495.52,298.77,460.39,1,-1,-1,-1
906,259,1115.11,507.35,270.80,416.83,1,-1,-1,-1
906,261,1187.61,502.58,188.94,432.17,1,-1,-1,-1
907,187,879.63,392.99,383.75,571.72,1,-1,-1,-1
907,218,1340.26,516.87,261.58,431.33,1,-1,-1,-1
907,223,148.76,424.64,388.05,548.31,1,-1,-1,-1
907,227,154.40,503.12,236.96,458.22,1,-1,-1,-1
907,231,277.01,517.88,230.99,388.22,1,-1,-1,-1
907,234,1114.02,616.57,170.26,311.71,1,-1,-1,-1
907,238,634.54,543.59,197.33,386.07,1,-1,-1,-1
907,240,1456.03,561.47,217.39,361.07,1,-1,-1,-1
907,241,368.13,601.02,177.33,381.77,1,-1,-1,-1
907,244,548.86,528.85,286.13,443.29,1,-1,-1,-1
907,250,443.64,591.26,188.09,322.48,1,-1,-1,-1
907,251,815.47,333.71,327.96,659.24,1,-1,-1,-1
907,252,980.67,529.64,198.98,400.10,1,-1,-1,-1
907,253,625.11,477.39,267.88,494.58,1,-1,-1,-1
907,256,1385.11,413.89,389.85,614.74,1,-1,-1,-1
907,257,1103.62,463.10,332.75,484.92,1,-1,-1,-1
907,258,33.96,495.52,298.77,460.39,1,-1,-1,-1
907,259,1114.82,595.96,204.06,334.91,1,-1,-1,-1
907,261,1183.59,499.44,194.30,435.66,1,-1,-1,-1
907,263,451.86,593.06,197.41,320.84,1,-1,-1,-1
908,187,879.63,392.99,383.75,571.72,1,-1,-1,-1
908,218,1340.26,516.87,261.58,431.33,1,-1,-1,-1
908,223,147.03,424.60,385.16,555.94,1,-1,-1,-1
908,227,154.40,503.12,236.96,458.22,1,-1,-1,-1
908,231,277.01,517.88,230.99,388.22,1,-1,-1,-1
908,234,1114.02,616.57,170.26,311.71,1,-1,-1,-1
908,238,716.93,573.00,209.18,385.50,1,-1,-1,-1
908,240,1456.03,561.47,217.39,361.07,1,-1,-1,-1
908,241,368.13,601.02,177.33,381.77,1,-1,-1,-1
908,244,548.86,528.85,286.13,443.29,1,-1,-1,-1
908,250,443.64,591.26,188.09,322.48,1,-1,-1,-1
908,251,811.36,330.69,329.57,663.47,1,-1,-1,-1
908,252,965.88,512.89,210.24,429.06,1,-1,-1,-1
908,253,600.03,459.95,292.31,504.04,1,-1,-1,-1
908,256,1367.51,409.84,416.34,618.13,1,-1,-1,-1
908,257,1103.62,463.10,332.75,484.92,1,-1,-1,-1
908,258,33.96,495.52,298.77,460.39,1,-1,-1,-1
908,259,1113.22,603.04,172.31,323.51,1,-1,-1,-1
908,261,1180.61,486.89,216.41,450.13,1,-1,-1,-1
908,263,445.54,592.35,219.68,323.15,1,-1,-1,-1
909,187,879.63,392.99,383.75,571.72,1,-1,-1,-1
909,218,1340.26,516.87,261.58,431.33,1,-1,-1,-1
909,223,135.79,423.31,394.89,554.81,1,-1,-1,-1
909,227,154.40,503.12,236.96,458.22,1,-1,-1,-1
909,231,277.01,517.88,230.99,388.22,1,-1,-1,-1
909,234,1031.75,559.96,170.72,365.26,1,-1,-1,-1
909,238,718.62,532.65,234.03,425.81,1,-1,-1,-1
909,240,1456.03,561.47,217.39,361.07,1,-1,-1,-1
909,241,368.13,601.02,177.33,381.77,1,-1,-1,-1
909,244,548.86,528.85,286.13,443.29,1,-1,-1,-1
909,250,443.64,591.26,188.09,322.48,1,-1,-1,-1
909,251,809.53,326.03,329.24,668.03,1,-1,-1,-1
909,252,965.69,522.36,213.79,417.50,1,-1,-1,-1
909,253,576.87,449.46,312.24,514.31,1,-1,-1,-1
909,256,1329.19,399.79,457.07,629.62,1,-1,-1,-1
909,257,1103.62,463.10,332.75,484.92,1,-1,-1,-1
909,258,33.96,495.52,298.77,460.39,1,-1,-1,-1
909,259,1109.16,596.16,171.54,332.77,1,-1,-1,-1
909,261,1181.63,495.58,205.63,441.48,1,-1,-1,-1
909,263,441.36,588.61,235.70,326.53,1,-1,-1,-1
910,187,879.63,392.99,383.75,571.72,1,-1,-1,-1
910,218,1340.26,516.87,261.58,431.33,1,-1,-1,-1
910,223,132.83,417.85,399.69,554.82,1,-1,-1,-1
910,227,154.40,503.12,236.96,458.22,1,-1,-1,-1
910,231,277.01,517.88,230.99,388.22,1,-1,-1,-1
910,234,1031.75,559.96,170.72,365.26,1,-1,-1,-1
910,238,715.79,468.23,254.37,480.67,1,-1,-1,-1
910,240,1456.03,561.47,217.39,361.07,1,-1,-1,-1
910,241,368.13,601.02,177.33,381.77,1,-1,-1,-1
910,244,548.86,528.85,286.13,443.29,1,-1,-1,-1
910,250,443.64,591.26,188.09,322.48,1,-1,-1,-1
910,251,809.71,319.30,325.21,677.41,1,-1,-1,-1
910,252,984.52,531.05,214.64,383.40,1,-1,-1,-1
910,253,547.53,436.06,356.19,524.73,1,-1,-1,-1
910,256,1293.66,387.64,497.47,637.11,1,-1,-1,-1
910,257,1103.62,463.10,332.75,484.92,1,-1,-1,-1
910,258,33.96,495.52,298.77,460.39,1,-1,-1,-1
910,259,1078.90,531.87,218.27,395.74,1,-1,-1,-1
910,261,1166.95,529.55,211.37,406.75,1,-1,-1,-1
910,263,433.13,575.74,248.98,340.23,1,-1,-1,-1
911,187,879.63,392.99,383.75,571.72,1,-1,-1,-1
911,218,1340.26,516.87,261.58,431.33,1,-1,-1,-1
911,223,143.14,415.00,386.10,556.29,1,-1,-1,-1
911,227,154.40,503.12,236.96,458.22,1,-1,-1,-1
911,231,277.01,517.88,230.99,388.22,1,-1,-1,-1
911,234,1031.75,559.96,170.72,365.26,1,-1,-1,-1
911,238,715.79,468.23,254.37,480.67,1,-1,-1,-1
911,240,1456.03,561.47,217.39,361.07,1,-1,-1,-1
911,241,368.13,601.02,177.33,381.77,1,-1,-1,-1
911,244,548.86,528.85,286.13,443.29,1,-1,-1,-1
911,250,443.64,591.26,188.09,322.48,1,-1,-1,-1
911,251,814.98,316.49,318.37,678.16,1,-1,-1,-1
911,252,982.57,525.17,272.77,391.81,1,-1,-1,-1
911,253,531.20,431.22,378.17,538.18,1,-1,-1,-1
911,256,1302.03,381.29,498.84,642.10,1,-1,-1,-1
911,257,1103.62,463.10,332.75,484.92,1,-1,-1,-1
911,258,33.96,495.52,298.77,460.39,1,-1,-1,-1
911,259,1078.90,531.87,218.27,395.74,1,-1,-1,-1
911,261,1156.80,511.26,225.48,424.08,1,-1,-1,-1
911,262,768.96,442.47,240.94,489.05,1,-1,-1,-1
911,263,439.34,562.38,254.07,354.53,1,-1,-1,-1
912,187,879.63,392.99,383.75,571.72,1,-1,-1,-1
912,218,1340.26,516.87,261.58,431.33,1,-1,-1,-1
912,223,152.27,412.04,374.70,551.66,1,-1,-1,-1
912,227,154.40,503.12,236.96,458.22,1,-1,-1,-1
912,231,277.01,517.88,230.99,388.22,1,-1,-1,-1
912,234,1031.75,559.96,170.72,365.26,1,-1,-1,-1
912,238,715.79,468.23,254.37,480.67,1,-1,-1,-1
912,240,1456.03,561.47,217.39,361.07,1,-1,-1,-1
912,241,368.13,601.02,177.33,381.77,1,-1,-1,-1
912,244,548.86,528.85,286.13,443.29,1,-1,-1,-1
912,250,443.64,591.26,188.09,322.48,1,-1,-1,-1
912,251,805.13,315.36,326.43,681.36,1,-1,-1,-1
912,252,979.45,523.05,254.84,386.03,1,-1,-1,-1
912,253,525.78,431.98,379.41,526.01,1,-1,-1,-1
912,256,1306.36,377.63,547.21,642.43,1,-1,-1,-1
912,257,1103.62,463.10,332.75,484.92,1,-1,-1,-1
912,258,33.96,495.52,298.77,460.39,1,-1,-1,-1
912,259,1078.90,531.87,218.27,395.74,1,-1,-1,-1
912,261,1156.80,511.26,225.48,424.08,1,-1,-1,-1
912,262,768.96,442.47,240.94,489.05,1,-1,-1,-1
912,263,445.13,560.09,258.86,356.21,1,-1,-1,-1
913,187,879.63,392.99,383.75,571.72,1,-1,-1,-1
913,218,1340.26,516.87,261.58,431.33,1,-1,-1,-1
913,223,152.94,412.79,366.02,549.03,1,-1,-1,-1
913,227,154.40,503.12,236.96,458.22,1,-1,-1,-1
913,231,277.01,517.88,230.99,388.22,1,-1,-1,-1
913,234,1031.75,559.96,170.72,365.26,1,-1,-1,-1
913,238,715.79,468.23,254.37,480.67,1,-1,-1,-1
913,240,1456.03,561.47,217.39,361.07,1,-1,-1,-1
913,241,368.13,601.02,177.33,381.77,1,-1,-1,-1
913,244,548.86,528.85,286.13,443.29,1,-1,-1,-1
913,250,443.64,591.26,188.09,322.48,1,-1,-1,-1
913,251,802.60,317.45,330.25,679.70,1,-1,-1,-1
913,252,984.50,525.48,237.59,383.88,1,-1,-1,-1
913,253,510.76,429.23,396.13,523.19,1,-1,-1,-1
913,256,1302.11,373.62,545.50,636.45,1,-1,-1,-1
913,257,1103.62,463.10,332.75,484.92,1,-1,-1,-1
913,258,33.96,495.52,298.77,460.39,1,-1,-1,-1
913,259,1078.90,531.87,218.27,395.74,1,-1,-1,-1
913,261,1156.80,511.26,225.48,424.08,1,-1,-1,-1
913,262,768.96,442.47,240.94,489.05,1,-1,-1,-1
913,263,446.12,573.39,238.21,341.05,1,-1,-1,-1
913,264,1158.59,472.28,221.48,462.78,1,-1,-1,-1
914,187,879.63,392.99,383.75,571.72,1,-1,-1,-1
914,218,1340.26,516.87,261.58,431.33,1,-1,-1,-1
914,223,148.30,416.51,355.47,545.67,1,-1,-1,-1
914,227,154.40,503.12,236.96,458.22,1,-1,-1,-1
914,231,277.01,517.88,230.99,388.22,1,-1,-1,-1
914,234,1031.75,559.96,170.72,365.26,1,-1,-1,-1
914,238,715.79,468.23,254.37,480.67,1,-1,-1,-1
914,240,1456.03,561.47,217.39,361.07,1,-1,-1,-1
914,241,368.13,601.02,177.33,381.77,1,-1,-1,-1
914,244,548.86,528.85,286.13,443.29,1,-1,-1,-1
914,250,470.63,587.26,161.01,319.09,1,-1,-1,-1
914,251,807.98,318.66,324.71,681.10,1,-1,-1,-1
914,252,965.30,526.44,287.61,383.86,1,-1,-1,-1
914,253,512.51,425.70,375.14,544.83,1,-1,-1,-1
914,256,1337.44,383.47,417.31,629.69,1,-1,-1,-1
914,257,1103.62,463.10,332.75,484.92,1,-1,-1,-1
914,258,33.96,495.52,298.77,460.39,1,-1,-1,-1
914,259,1049.09,531.79,267.51,382.50,1,-1,-1,-1
914,261,1141.13,532.69,239.95,402.71,1,-1,-1,-1
914,262,768.96,442.47,240.94,489.05,1,-1,-1,-1
914,263,491.16,597.65,198.87,312.80,1,-1,-1,-1
914,264,1145.82,470.50,229.15,439.74,1,-1,-1,-1
915,187,879.63,392.99,383.75,571.72,1,-1,-1,-1
915,218,1340.26,516.87,261.58,431.33,1,-1,-1,-1
915,223,148.07,436.34,351.72,521.81,1,-1,-1,-1
915,227,154.40,503.12,236.96,458.22,1,-1,-1,-1
915,231,277.01,517.88,230.99,388.22,1,-1,-1,-1
915,234,1031.75,559.96,170.72,365.26,1,-1,-1,-1
915,238,715.79,468.23,254.37,480.67,1,-1,-1,-1
915,240,1456.03,561.47,217.39,361.07,1,-1,-1,-1
915,241,368.13,601.02,177.33,381.77,1,-1,-1,-1
915,244,548.86,528.85,286.13,443.29,1,-1,-1,-1
915,250,472.77,583.80,180.78,320.47,1,-1,-1,-1
915,251,801.19,318.61,324.46,680.05,1,-1,-1,-1
915,252,970.38,539.30,275.24,377.25,1,-1,-1,-1
915,253,556.96,439.97,316.19,515.46,1,-1,-1,-1
915,256,1321.47,429.14,400.30,581.53,1,-1,-1,-1
915,257,1103.62,463.10,332.75,484.92,1,-1,-1,-1
915,258,33.96,495.52,298.77,460.39,1,-1,-1,-1
915,259,1049.09,531.79,267.51,382.50,1,-1,-1,-1
915,261,1107.63,488.20,284.09,445.89,1,-1,-1,-1
915,262,768.96,442.47,240.94,489.05,1,-1,-1,-1
915,263,491.16,597.65,198.87,312.80,1,-1,-1,-1
915,264,1145.82,470.50,229.15,439.74,1,-1,-1,-1
916,218,1340.26,516.87,261.58,431.33,1,-1,-1,-1
916,223,147.68,450.39,354.21,513.05,1,-1,-1,-1
916,227,154.40,503.12,236.96,458.22,1,-1,-1,-1
916,231,277.01,517.88,230.99,388.22,1,-1,-1,-1
916,234,1031.75,559.96,170.72,365.26,1,-1,-1,-1
916,238,715.79,468.23,254.37,480.67,1,-1,-1,-1
916,240,1456.03,561.47,217.39,361.07,1,-1,-1,-1
916,241,368.13,601.02,177.33,381.77,1,-1,-1,-1
916,244,548.86,528.85,286.13,443.29,1,-1,-1,-1
916,250,462.03,584.88,186.11,315.41,1,-1,-1,-1
916,251,801.24,320.54,327.59,679.87,1,-1,-1,-1
916,252,965.26,545.29,299.47,372.89,1,-1,-1,-1
916,253,559.67,442.74,320.03,524.58,1,-1,-1,-1
916,256,1311.16,454.47,405.53,557.51,1,-1,-1,-1
916,258,33.96,495.52,298.77,460.39,1,-1,-1,-1
916,259,1049.09,531.79,267.51,382.50,1,-1,-1,-1
916,261,1093.28,487.18,285.75,446.29,1,-1,-1,-1
916,262,768.96,442.47,240.94,489.05,1,-1,-1,-1
916,263,521.64,590.31,213.24,325.20,1,-1,-1,-1
916,264,1094.63,492.35,277.52,437.82,1,-1,-1,-1
916,265,1482.85,534.29,257.86,422.00,1,-1,-1,-1
917,218,1340.26,516.87,261.58,431.33,1,-1,-1,-1
917,223,142.02,461.74,368.74,503.84,1,-1,-1,-1
917,227,154.40,503.12,236.96,458.22,1,-1,-1,-1
917,231,277.01,517.88,230.99,388.22,1,-1,-1,-1
917,234,1031.75,559.96,170.72,365.26,1,-1,-1,-1
917,238,715.79,468.23,254.37,480.67,1,-1,-1,-1
917,240,1456.03,561.47,217.39,361.07,1,-1,-1,-1
917,241,368.13,601.02,177.33,381.77,1,-1,-1,-1
917,250,463.04,587.02,184.84,312.38,1,-1,-1,-1
917,251,804.48,323.37,346.36,673.40,1,-1,-1,-1
917,252,970.12,533.66,306.11,381.58,1,-1,-1,-1
917,253,562.73,442.51,312.26,522.03,1,-1,-1,-1
917,256,1302.64,472.26,411.68,538.83,1,-1,-1,-1
917,258,33.96,495.52,298.77,460.39,1,-1,-1,-1
917,259,1049.09,531.79,267.51,382.50,1,-1,-1,-1
917,261,1084.24,490.49,267.76,445.15,1,-1,-1,-1
917,262,781.44,496.12,214.56,448.11,1,-1,-1,-1
917,263,521.64,590.31,213.24,325.20,1,-1,-1,-1
917,264,1081.61,492.93,267.40,442.35,1,-1,-1,-1
917,265,1486.71,546.79,250.89,408.64,1,-1,-1,-1
918,218,1340.26,516.87,261.58,431.33,1,-1,-1,-1
918,223,143.57,468.56,364.30,497.95,1,-1,-1,-1
918,227,154.40,503.12,236.96,458.22,1,-1,-1,-1
918,231,277.01,517.88,230.99,388.22,1,-1,-1,-1
918,234,1031.75,559.96,170.72,365.26,1,-1,-1,-1
918,238,715.79,468.23,254.37,480.67,1,-1,-1,-1
918,240,1456.03,561.47,217.39,361.07,1,-1,-1,-1
918,241,368.13,601.02,177.33,381.77,1,-1,-1,-1
918,250,468.72,589.98,186.77,318.68,1,-1,-1,-1
918,251,802.07,329.42,365.96,663.30,1,-1,-1,-1
918,252,970.12,533.66,306.11,381.58,1,-1,-1,-1
918,253,558.47,442.89,325.54,521.86,1,-1,-1,-1
918,256,1284.36,482.59,431.91,531.31,1,-1,-1,-1
918,258,33.96,495.52,298.77,460.39,1,-1,-1,-1
918,259,1049.09,531.79,267.51,382.50,1,-1,-1,-1
918,261,1068.44,498.00,279.70,436.13,1,-1,-1,-1
918,262,781.24,497.54,225.22,448.52,1,-1,-1,-1
918,263,521.64,590.31,213.24,325.20,1,-1,-1,-1
918,264,1081.61,492.93,267.40,442.35,1,-1,-1,-1
918,265,1495.58,550.79,241.89,404.63,1,-1,-1,-1
919,218,1340.26,516.87,261.58,431.33,1,-1,-1,-1
919,223,144.58,474.42,359.27,493.41,1,-1,-1,-1
919,227,154.40,503.12,236.96,458.22,1,-1,-1,-1
919,231,277.01,517.88,230.99,388.22,1,-1,-1,-1
919,234,1031.75,559.96,170.72,365.26,1,-1,-1,-1
919,238,715.79,468.23,254.37,480.67,1,-1,-1,-1
919,240,1456.03,561.47,217.39,361.07,1,-1,-1,-1
919,241,368.13,601.02,177.33,381.77,1,-1,-1,-1
919,250,474.24,589.53,186.20,317.07,1,-1,-1,-1
919,251,793.74,327.22,375.73,665.25,1,-1,-1,-1
919,252,970.12,533.66,306.11,381.58,1,-1,-1,-1
919,253,551.68,438.99,325.68,527.54,1,-1,-1,-1
919,256,1279.69,485.29,431.06,526.11,1,-1,-1,-1
919,258,33.96,495.52,298.77,460.39,1,-1,-1,-1
919,259,1049.09,531.79,267.51,382.50,1,-1,-1,-1
919,261,1074.23,505.92,268.01,427.57,1,-1,-1,-1
919,262,769.39,497.32,224.95,454.82,1,-1,-1,-1
919,263,521.64,590.31,213.24,325.20,1,-1,-1,-1
919,264,1081.61,492.93,267.40,442.35,1,-1,-1,-1
919,265,1506.62,548.02,235.20,406.06,1,-1,-1,-1
920,218,1340.26,516.87,261.58,431.33,1,-1,-1,-1
920,223,147.59,479.89,358.25,497.56,1,-1,-1,-1
920,227,290.25,483.84,201.07,465.65,1,-1,-1,-1
920,231,277.01,517.88,230.99,388.22,1,-1,-1,-1
920,234,1031.75,559.96,170.72,365.26,1,-1,-1,-1
920,238,715.79,468.23,254.37,480.67,1,-1,-1,-1
920,240,1456.03,561.47,217.39,361.07,1,-1,-1,-1
920,250,501.10,581.04,150.43,328.72,1,-1,-1,-1
920,251,792.02,331.50,375.89,669.15,1,-1,-1,-1
920,252,970.12,533.66,306.11,381.58,1,-1,-1,-1
920,253,522.61,429.41,318.42,541.77,1,-1,-1,-1
920,256,1265.87,485.46,344.10,500.81,1,-1,-1,-1
920,258,33.96,495.52,298.77,460.39,1,-1,-1,-1
920,259,1049.09,531.79,267.51,382.50,1,-1,-1,-1
920,261,1137.68,566.72,215.29,361.66,1,-1,-1,-1
920,262,786.54,466.71,248.84,484.01,1,-1,-1,-1
920,263,521.64,590.31,213.24,325.20,1,-1,-1,-1
920,264,1053.03,508.28,267.00,430.06,1,-1,-1,-1
920,265,1507.56,531.37,243.31,431.86,1,-1,-1,-1
921,218,1340.26,516.87,261.58,431.33,1,-1,-1,-1
921,223,169.75,477.25,341.48,492.57,1,-1,-1,-1
921,227,290.25,483.84,201.07,465.65,1,-1,-1,-1
921,231,277.01,517.88,230.99,388.22,1,-1,-1,-1
921,234,1031.75,559.96,170.72,365.26,1,-1,-1,-1
921,238,715.79,468.23,254.37,480.67,1,-1,-1,-1
921,240,1456.03,561.47,217.39,361.07,1,-1,-1,-1
921,250,503.87,609.54,145.17,303.26,1,-1,-1,-1
921,251,797.81,335.10,371.19,663.93,1,-1,-1,-1
921,252,970.12,533.66,306.11,381.58,1,-1,-1,-1
921,253,521.48,427.01,279.85,544.69,1,-1,-1,-1
921,256,1260.43,479.54,293.42,501.36,1,-1,-1,-1
921,258,33.96,495.52,298.77,460.39,1,-1,-1,-1
921,259,1049.09,531.79,267.51,382.50,1,-1,-1,-1
921,261,1163.60,568.72,200.77,357.91,1,-1,-1,-1
921,262,786.54,466.71,248.84,484.01,1,-1,-1,-1
921,263,521.64,590.31,213.24,325.20,1,-1,-1,-1
921,264,1045.27,506.23,254.98,429.87,1,-1,-1,-1
921,265,1508.30,517.28,243.68,444.46,1,-1,-1,-1
922,223,192.53,485.99,318.40,478.61,1,-1,-1,-1
922,227,335.80,476.58,178.88,475.23,1,-1,-1,-1
922,231,277.01,517.88,230.99,388.22,1,-1,-1,-1
922,234,1031.75,559.96,170.72,365.26,1,-1,-1,-1
922,238,715.79,468.23,254.37,480.67,1,-1,-1,-1
922,240,1456.03,561.47,217.39,361.07,1,-1,-1,-1
922,250,510.20,588.27,141.80,339.52,1,-1,-1,-1
922,251,797.53,336.61,369.71,662.58,1,-1,-1,-1
922,252,970.12,533.66,306.11,381.58,1,-1,-1,-1
922,253,516.00,421.47,255.06,547.18,1,-1,-1,-1
922,256,1247.38,466.42,265.66,509.61,1,-1,-1,-1
922,258,33.96,495.52,298.77,460.39,1,-1,-1,-1
922,259,1049.09,531.79,267.51,382.50,1,-1,-1,-1
922,261,1170.62,584.54,171.24,345.92,1,-1,-1,-1
922,262,786.54,466.71,248.84,484.01,1,-1,-1,-1
922,263,521.64,590.31,213.24,325.20,1,-1,-1,-1
922,264,1050.83,505.66,230.59,431.26,1,-1,-1,-1
922,265,1510.48,505.98,242.37,456.91,1,-1,-1,-1
922,266,687.61,475.85,220.84,469.67,1,-1,-1,-1
923,223,217.01,476.77,304.76,486.97,1,-1,-1,-1
923,227,327.75,475.79,196.66,477.47,1,-1,-1,-1
923,231,277.01,517.88,230.99,388.22,1,-1,-1,-1
923,234,1031.75,559.96,170.72,365.26,1,-1,-1,-1
923,238,715.79,468.23,254.37,480.67,1,-1,-1,-1
923,240,1456.03,561.47,217.39,361.07,1,-1,-1,-1
923,250,510.20,588.27,141.80,339.52,1,-1,-1,-1
923,251,793.89,337.00,378.98,668.67,1,-1,-1,-1
923,252,970.12,533.66,306.11,381.58,1,-1,-1,-1
923,253,514.62,416.05,219.90,550.76,1,-1,-1,-1
923,256,1246.21,456.86,234.81,518.79,1,-1,-1,-1
923,258,33.96,495.52,298.77,460.39,1,-1,-1,-1
923,259,1049.09,531.79,267.51,382.50,1,-1,-1,-1
923,261,1166.34,570.55,172.42,355.51,1,-1,-1,-1
923,262,786.54,466.71,248.84,484.01,1,-1,-1,-1
923,263,521.64,590.31,213.24,325.20,1,-1,-1,-1
923,264,1046.37,501.98,175.32,439.94,1,-1,-1,-1
923,265,1511.10,495.08,244.98,469.78,1,-1,-1,-1
923,266,678.97,471.61,202.15,472.46,1,-1,-1,-1
