1,304,1120.280029296875,401.1099853515625,353.6199951171875,546.510009765625,1,-1,-1,-1
1,305,121.91999816894531,430.5899963378906,359.3699951171875,524.550048828125,1,-1,-1,-1
1,306,762.3300170898438,218.86000061035156,402.09002685546875,770.4000244140625,1,-1,-1,-1
2,304,1125.02001953125,397.70001220703125,349.949951171875,563.739990234375,1,-1,-1,-1
2,305,75.11000061035156,425.5299987792969,390.48004150390625,527.2899169921875,1,-1,-1,-1
2,306,712.8300170898438,208.19000244140625,443.22003173828125,794.9600219726562,1,-1,-1,-1
3,304,1100.9200439453125,394.82000732421875,378.8599853515625,567.3400268554688,1,-1,-1,-1
3,305,45.349998474121094,418.7799987792969,404.67999267578125,554.760009765625,1,-1,-1,-1
3,306,660.7899780273438,201.0800018310547,491.76995849609375,830.0800170898438,1,-1,-1,-1
4,304,1112.489990234375,393.7900085449219,367.530029296875,564.75,1,-1,-1,-1
4,305,39.349998474121094,414.0199890136719,406.55999755859375,570.5999755859375,1,-1,-1,-1
4,306,653.6599731445312,192.17999267578125,488.64996337890625,887.8200073242188,1,-1,-1,-1
5,304,1119.52001953125,391.95001220703125,360.8299560546875,569.0499877929688,1,-1,-1,-1
5,305,25.8799991607666,410.0199890136719,417.8699951171875,619.510009765625,1,-1,-1,-1
5,306,658.1099853515625,188.4600067138672,471.8499755859375,890.5199584960938,1,-1,-1,-1
6,304,1145.050048828125,389.4700012207031,336.5999755859375,562.3699951171875,1,-1,-1,-1
6,305,28.549999237060547,406.79998779296875,401.2699890136719,625.3200073242188,1,-1,-1,-1
6,306,653.1900024414062,188.50999450683594,487.72003173828125,891.489990234375,1,-1,-1,-1
7,304,1159.5799560546875,381.2300109863281,326.3599853515625,560.3900146484375,1,-1,-1,-1
7,305,22.209999084472656,405.1199951171875,362.7200012207031,636.530029296875,1,-1,-1,-1
7,306,664.9000244140625,184.4600067138672,456.6900634765625,852.4799194335938,1,-1,-1,-1
8,304,1177.0699462890625,380.760009765625,312.5899658203125,572.6699829101562,1,-1,-1,-1
8,305,24.0,401.2699890136719,339.42999267578125,643.969970703125,1,-1,-1,-1
8,306,666.6799926757812,185.25,461.50994873046875,845.18994140625,1,-1,-1,-1
8,307,945.7000122070312,400.42999267578125,235.53997802734375,552.3699951171875,1,-1,-1,-1
9,304,1185.93994140625,383.9700012207031,299.0,584.030029296875,1,-1,-1,-1
9,305,21.799999237060547,399.3699951171875,332.5,639.8399658203125,1,-1,-1,-1
9,306,657.8900146484375,184.49000549316406,462.97998046875,846.02001953125,1,-1,-1,-1
9,307,945.719970703125,400.2900085449219,235.56005859375,555.43994140625,1,-1,-1,-1
10,304,1193.1700439453125,383.45001220703125,291.5699462890625,592.9299926757812,1,-1,-1,-1
10,305,17.760000228881836,394.5799865722656,333.4200134277344,642.02001953125,1,-1,-1,-1
10,306,659.969970703125,182.89999389648438,452.6700439453125,864.7999267578125,1,-1,-1,-1
10,307,925.7999877929688,398.44000244140625,259.50006103515625,549.6300048828125,1,-1,-1,-1
11,304,1191.4100341796875,377.7699890136719,292.239990234375,591.449951171875,1,-1,-1,-1
11,305,19.399999618530273,391.1099853515625,332.19000244140625,623.5399780273438,1,-1,-1,-1
11,306,662.1199951171875,173.3300018310547,450.260009765625,865.3499145507812,1,-1,-1,-1
11,307,929.9000244140625,394.5,255.050048828125,551.02001953125,1,-1,-1,-1
12,304,1186.5999755859375,376.19000244140625,297.3900146484375,594.25,1,-1,-1,-1
12,305,18.8799991607666,388.2799987792969,328.6400146484375,602.5399169921875,1,-1,-1,-1
12,306,679.5399780273438,170.1300048828125,435.10003662109375,873.8399658203125,1,-1,-1,-1
12,307,930.47998046875,395.5400085449219,254.8399658203125,549.18994140625,1,-1,-1,-1
13,304,1191.469970703125,375.95001220703125,292.6600341796875,595.0399780273438,1,-1,-1,-1
13,305,19.8799991607666,384.7300109863281,321.6199951171875,596.8900146484375,1,-1,-1,-1
13,306,704.5999755859375,169.52999877929688,407.7000732421875,849.6300048828125,1,-1,-1,-1
13,307,932.22998046875,395.69000244140625,249.4599609375,580.3800048828125,1,-1,-1,-1
14,304,1192.8599853515625,375.0,288.9000244140625,586.52001953125,1,-1,-1,-1
14,305,2.140000104904175,380.79998779296875,330.9599914550781,606.4000244140625,1,-1,-1,-1
14,306,671.010009765625,161.5500030517578,440.68994140625,854.8099975585938,1,-1,-1,-1
14,307,937.3599853515625,393.30999755859375,247.6600341796875,539.030029296875,1,-1,-1,-1
14,308,586.5399780273438,442.19000244140625,268.10003662109375,506.47003173828125,1,-1,-1,-1
15,304,1193.5,373.19000244140625,287.6300048828125,599.239990234375,1,-1,-1,-1
15,305,0.44999998807907104,378.79998779296875,329.82000732421875,619.780029296875,1,-1,-1,-1
15,306,680.6699829101562,158.10000610351562,431.47003173828125,853.239990234375,1,-1,-1,-1
15,307,935.469970703125,391.80999755859375,245.72998046875,537.8900146484375,1,-1,-1,-1
15,308,577.8699951171875,448.6600036621094,278.54998779296875,497.7900085449219,1,-1,-1,-1
16,304,1203.699951171875,371.489990234375,278.9100341796875,596.9400024414062,1,-1,-1,-1
16,305,0.0,379.0,332.04998779296875,630.2000122070312,1,-1,-1,-1
16,306,676.1500244140625,151.3300018310547,427.5,855.5499877929688,1,-1,-1,-1
16,307,928.1699829101562,386.510009765625,250.67999267578125,541.52001953125,1,-1,-1,-1
16,308,570.239990234375,430.2799987792969,327.7900390625,534.199951171875,1,-1,-1,-1
17,304,1203.3499755859375,370.3399963378906,277.3800048828125,589.27001953125,1,-1,-1,-1
17,305,0.0,379.45001220703125,337.9800109863281,617.2000122070312,1,-1,-1,-1
17,306,676.3300170898438,149.14999389648438,416.53997802734375,857.0399169921875,1,-1,-1,-1
17,307,889.3900146484375,387.30999755859375,290.4000244140625,536.1599731445312,1,-1,-1,-1
17,308,562.97998046875,441.95001220703125,329.1099853515625,528.77001953125,1,-1,-1,-1
18,304,1175.97998046875,371.760009765625,315.6199951171875,585.989990234375,1,-1,-1,-1
18,305,0.0,383.30999755859375,392.0899963378906,606.0599975585938,1,-1,-1,-1
18,306,675.0399780273438,139.72000122070312,387.60003662109375,861.6900634765625,1,-1,-1,-1
18,307,914.3400268554688,391.79998779296875,272.21002197265625,536.4500122070312,1,-1,-1,-1
18,308,555.8099975585938,440.2799987792969,327.83001708984375,521.6300048828125,1,-1,-1,-1
19,304,1171.9100341796875,366.8699951171875,332.02001953125,583.5800170898438,1,-1,-1,-1
19,305,0.0,390.0799865722656,449.3500061035156,599.0,1,-1,-1,-1
19,306,703.6599731445312,142.4199981689453,339.03997802734375,858.8499755859375,1,-1,-1,-1
19,307,914.260009765625,389.80999755859375,273.469970703125,546.1900024414062,1,-1,-1,-1
19,308,568.489990234375,436.92999267578125,240.30999755859375,510.10003662109375,1,-1,-1,-1
20,304,1164.3499755859375,361.92999267578125,364.1500244140625,581.2999877929688,1,-1,-1,-1
20,305,1.0,392.3900146484375,475.8399963378906,606.2899780273438,1,-1,-1,-1
20,306,718.4199829101562,136.4499969482422,317.23992919921875,863.3900146484375,1,-1,-1,-1
20,307,915.760009765625,389.6000061035156,280.0999755859375,545.6600341796875,1,-1,-1,-1
20,308,575.8099975585938,436.17999267578125,234.78997802734375,515.2000122070312,1,-1,-1,-1
21,304,1120.1800537109375,353.7300109863281,456.3399658203125,590.489990234375,1,-1,-1,-1
21,305,7.53000020980835,390.19000244140625,497.3500061035156,600.0,1,-1,-1,-1
21,306,736.5900268554688,119.01000213623047,313.33001708984375,888.5399780273438,1,-1,-1,-1
21,307,933.4500122070312,391.29998779296875,263.11004638671875,534.9500122070312,1,-1,-1,-1
21,308,594.0499877929688,434.8999938964844,213.52996826171875,515.969970703125,1,-1,-1,-1
22,304,1128.8699951171875,351.4599914550781,463.6800537109375,587.77001953125,1,-1,-1,-1
22,305,8.300000190734863,383.7200012207031,510.9000244140625,606.0999755859375,1,-1,-1,-1
22,306,737.9099731445312,111.63999938964844,310.63006591796875,892.760009765625,1,-1,-1,-1
22,307,957.780029296875,396.8599853515625,246.719970703125,523.2100219726562,1,-1,-1,-1
22,308,587.5499877929688,432.1700134277344,209.07000732421875,507.4399719238281,1,-1,-1,-1
23,304,1154.9599609375,350.3900146484375,449.679931640625,588.9400024414062,1,-1,-1,-1
23,305,10.859999656677246,381.0400085449219,520.1799926757812,607.8599853515625,1,-1,-1,-1
23,306,740.0700073242188,106.30000305175781,313.53997802734375,894.9600219726562,1,-1,-1,-1
23,307,954.27001953125,401.6000061035156,252.489990234375,519.4100341796875,1,-1,-1,-1
23,308,551.6699829101562,429.2900085449219,247.27001953125,512.93994140625,1,-1,-1,-1
24,305,19.079999923706055,370.70001220703125,516.6699829101562,609.77001953125,1,-1,-1,-1
24,306,741.9600219726562,99.27999877929688,366.98992919921875,916.8299560546875,1,-1,-1,-1
24,308,502.1499938964844,429.8599853515625,291.3600158691406,525.6099853515625,1,-1,-1,-1
25,305,51.029998779296875,369.4200134277344,478.9200134277344,621.5999755859375,1,-1,-1,-1
25,306,740.75,101.68000030517578,369.97998046875,925.9500122070312,1,-1,-1,-1
25,308,508.04998779296875,430.19000244140625,280.46002197265625,517.030029296875,1,-1,-1,-1
25,304,1302.8199462890625,341.6499938964844,337.5,614.6300048828125,1,-1,-1,-1
25,307,982.469970703125,406.95001220703125,240.300048828125,548.969970703125,1,-1,-1,-1
26,305,88.91000366210938,366.94000244140625,444.4200134277344,613.219970703125,1,-1,-1,-1
26,306,747.0800170898438,102.33000183105469,366.55999755859375,925.7799682617188,1,-1,-1,-1
26,308,501.8800048828125,429.989990234375,286.0,517.4600219726562,1,-1,-1,-1
26,304,1320.6099853515625,340.9800109863281,321.2099609375,613.840087890625,1,-1,-1,-1
26,307,973.4099731445312,405.1600036621094,253.15997314453125,548.280029296875,1,-1,-1,-1
27,305,116.51000213623047,364.6000061035156,418.52996826171875,617.340087890625,1,-1,-1,-1
27,306,758.4000244140625,94.79000091552734,355.0799560546875,962.7100219726562,1,-1,-1,-1
27,308,503.6199951171875,429.5799865722656,280.719970703125,517.0999755859375,1,-1,-1,-1
27,304,1329.9100341796875,344.7699890136719,318.9500732421875,614.169921875,1,-1,-1,-1
27,307,987.3599853515625,410.55999755859375,242.8599853515625,535.5399780273438,1,-1,-1,-1
28,305,179.02000427246094,364.1700134277344,359.19000244140625,613.8699951171875,1,-1,-1,-1
28,306,775.3099975585938,94.08000183105469,342.73004150390625,927.8400268554688,1,-1,-1,-1
28,308,499.8599853515625,424.8699951171875,284.42999267578125,535.8900146484375,1,-1,-1,-1
28,304,1354.3299560546875,350.510009765625,295.02001953125,636.0900268554688,1,-1,-1,-1
28,307,924.969970703125,402.489990234375,305.0999755859375,553.9400024414062,1,-1,-1,-1
29,305,215.39999389648438,369.1000061035156,346.5799865722656,625.1300048828125,1,-1,-1,-1
29,306,763.5399780273438,96.1500015258789,360.60992431640625,919.280029296875,1,-1,-1,-1
29,308,512.3599853515625,420.94000244140625,274.72998046875,520.2999877929688,1,-1,-1,-1
29,304,1365.9200439453125,345.04998779296875,284.25,642.489990234375,1,-1,-1,-1
29,307,975.6900024414062,408.95001220703125,263.69000244140625,539.5999755859375,1,-1,-1,-1
30,305,229.1999969482422,368.7699890136719,327.28997802734375,645.27001953125,1,-1,-1,-1
30,306,751.760009765625,95.51000213623047,367.52001953125,923.6900024414062,1,-1,-1,-1
30,308,507.82000732421875,421.2699890136719,278.29998779296875,513.949951171875,1,-1,-1,-1
30,304,1365.0400390625,344.1499938964844,284.3299560546875,629.77001953125,1,-1,-1,-1
30,307,985.8099975585938,411.1600036621094,252.86004638671875,530.199951171875,1,-1,-1,-1
31,305,232.24000549316406,366.6099853515625,364.6199951171875,649.22998046875,1,-1,-1,-1
31,306,700.8400268554688,94.45999908447266,427.77996826171875,959.6199340820312,1,-1,-1,-1
31,308,488.9700012207031,426.4200134277344,300.8399963378906,514.949951171875,1,-1,-1,-1
31,304,1364.449951171875,341.2799987792969,278.719970703125,625.9000244140625,1,-1,-1,-1
31,307,988.219970703125,415.5400085449219,250.4100341796875,518.9599609375,1,-1,-1,-1
32,305,232.49000549316406,364.1600036621094,367.54998779296875,643.1500244140625,1,-1,-1,-1
32,306,674.3599853515625,95.04000091552734,450.8599853515625,930.5599975585938,1,-1,-1,-1
32,308,489.95001220703125,426.7300109863281,310.19000244140625,525.580078125,1,-1,-1,-1
32,304,1368.27001953125,345.3900146484375,278.4100341796875,638.1500244140625,1,-1,-1,-1
32,307,986.22998046875,452.3599853515625,247.9200439453125,483.0400390625,1,-1,-1,-1
33,305,235.82000732421875,364.1300048828125,348.52996826171875,652.7899780273438,1,-1,-1,-1
33,306,604.3200073242188,95.33000183105469,510.71002197265625,925.1199951171875,1,-1,-1,-1
33,308,501.1499938964844,429.6600036621094,293.7500305175781,522.969970703125,1,-1,-1,-1
33,304,1371.9100341796875,353.05999755859375,273.5599365234375,631.219970703125,1,-1,-1,-1
33,307,971.2100219726562,404.239990234375,264.42999267578125,532.3699951171875,1,-1,-1,-1
34,305,231.4199981689453,352.510009765625,365.10003662109375,704.739990234375,1,-1,-1,-1
34,306,615.2100219726562,108.98999786376953,565.2699584960938,901.780029296875,1,-1,-1,-1
34,308,546.7999877929688,417.5199890136719,253.8599853515625,520.739990234375,1,-1,-1,-1
34,304,1364.7099609375,350.8999938964844,290.4000244140625,601.75,1,-1,-1,-1
34,307,964.010009765625,393.1700134277344,268.489990234375,571.169921875,1,-1,-1,-1
35,305,240.6199951171875,348.3599853515625,366.6199951171875,681.1500244140625,1,-1,-1,-1
35,306,611.1900024414062,119.7699966430664,568.9699096679688,884.0399780273438,1,-1,-1,-1
35,308,528.5800170898438,412.9599914550781,296.489990234375,533.2000732421875,1,-1,-1,-1
35,304,1362.1500244140625,350.6400146484375,292.6400146484375,599.77001953125,1,-1,-1,-1
35,307,963.5800170898438,389.8599853515625,277.63995361328125,573.6199951171875,1,-1,-1,-1
36,305,240.36000061035156,345.9800109863281,376.44000244140625,645.3900146484375,1,-1,-1,-1
36,306,606.489990234375,135.57000732421875,583.760009765625,870.9199829101562,1,-1,-1,-1
36,308,525.0599975585938,408.989990234375,347.02996826171875,540.7100219726562,1,-1,-1,-1
36,304,1361.8499755859375,349.05999755859375,299.27001953125,608.6799926757812,1,-1,-1,-1
36,307,978.6699829101562,402.0400085449219,264.63006591796875,553.010009765625,1,-1,-1,-1
37,305,213.77000427246094,346.3399963378906,415.03997802734375,643.81005859375,1,-1,-1,-1
37,306,625.1900024414062,150.66000366210938,573.8700561523438,866.909912109375,1,-1,-1,-1
37,308,526.989990234375,403.5400085449219,342.47998046875,530.010009765625,1,-1,-1,-1
37,304,1348.780029296875,350.7300109863281,324.8599853515625,602.9200439453125,1,-1,-1,-1
37,307,965.0800170898438,407.19000244140625,283.03997802734375,563.1400146484375,1,-1,-1,-1
38,305,174.44000244140625,349.4800109863281,479.41998291015625,646.9500732421875,1,-1,-1,-1
38,306,671.6500244140625,181.52000427246094,538.72998046875,832.5399780273438,1,-1,-1,-1
38,308,500.8599853515625,402.30999755859375,362.6700439453125,554.1599731445312,1,-1,-1,-1
38,304,1347.18994140625,353.67999267578125,343.969970703125,598.5,1,-1,-1,-1
39,305,221.64999389648438,347.92999267578125,390.6000061035156,655.1500244140625,1,-1,-1,-1
39,306,705.969970703125,188.61000061035156,512.510009765625,817.3099975585938,1,-1,-1,-1
39,308,557.9199829101562,406.94000244140625,391.76995849609375,578.5700073242188,1,-1,-1,-1
39,304,1337.7900390625,352.0400085449219,322.0400390625,601.68994140625,1,-1,-1,-1
40,305,244.66000366210938,346.3299865722656,355.5100402832031,636.280029296875,1,-1,-1,-1
40,306,711.5599975585938,191.6999969482422,509.64996337890625,818.969970703125,1,-1,-1,-1
40,308,564.77001953125,422.3900146484375,368.780029296875,520.25,1,-1,-1,-1
40,304,1331.3599853515625,349.3699951171875,342.4400634765625,599.27001953125,1,-1,-1,-1
41,305,287.9700012207031,347.1199951171875,304.7599792480469,633.239990234375,1,-1,-1,-1
41,306,756.8800048828125,206.66000366210938,466.1600341796875,802.6099853515625,1,-1,-1,-1
41,308,579.9400024414062,443.760009765625,316.44000244140625,515.8400268554688,1,-1,-1,-1
41,304,1319.0799560546875,347.5799865722656,373.2999267578125,603.1199951171875,1,-1,-1,-1
42,305,294.70001220703125,351.17999267578125,295.14996337890625,631.780029296875,1,-1,-1,-1
42,306,774.0700073242188,213.52999877929688,454.01995849609375,808.280029296875,1,-1,-1,-1
42,308,569.739990234375,447.1499938964844,314.5899658203125,513.5699462890625,1,-1,-1,-1
42,304,1315.9300537109375,353.0400085449219,373.5400390625,605.169921875,1,-1,-1,-1
43,305,295.3500061035156,354.7799987792969,300.8799743652344,634.929931640625,1,-1,-1,-1
43,306,785.760009765625,213.7899932861328,439.7900390625,802.6400146484375,1,-1,-1,-1
43,308,590.8300170898438,442.6300048828125,307.739990234375,552.219970703125,1,-1,-1,-1
43,304,1315.18994140625,357.6000061035156,366.8299560546875,598.7900390625,1,-1,-1,-1
43,307,788.0399780273438,326.1099853515625,439.44000244140625,708.0599365234375,1,-1,-1,-1
44,305,304.510009765625,358.45001220703125,300.97998046875,621.6599731445312,1,-1,-1,-1
44,306,787.2899780273438,207.75999450683594,425.57000732421875,808.1099853515625,1,-1,-1,-1
44,308,594.4000244140625,397.1600036621094,358.3499755859375,553.5399169921875,1,-1,-1,-1
44,304,1304.949951171875,367.69000244140625,353.320068359375,590.4000244140625,1,-1,-1,-1
45,305,297.1400146484375,361.6300048828125,322.9200439453125,622.9000244140625,1,-1,-1,-1
45,306,784.469970703125,210.4199981689453,434.739990234375,817.0700073242188,1,-1,-1,-1
45,308,599.8300170898438,381.42999267578125,343.3599853515625,568.6300048828125,1,-1,-1,-1
45,304,1296.31005859375,364.510009765625,357.0899658203125,600.989990234375,1,-1,-1,-1
46,305,286.9800109863281,360.69000244140625,341.1399841308594,642.8499755859375,1,-1,-1,-1
46,306,789.9000244140625,217.92999267578125,428.780029296875,835.7399291992188,1,-1,-1,-1
46,308,595.4199829101562,368.07000732421875,327.55999755859375,598.9199829101562,1,-1,-1,-1
46,304,1292.1500244140625,362.3699951171875,352.5999755859375,602.8200073242188,1,-1,-1,-1
47,305,265.3999938964844,361.8699951171875,363.2900085449219,638.739990234375,1,-1,-1,-1
47,306,778.1599731445312,231.22999572753906,440.16998291015625,839.1600341796875,1,-1,-1,-1
47,304,1288.22998046875,361.8800048828125,351.679931640625,642.9500122070312,1,-1,-1,-1
47,307,591.5599975585938,365.45001220703125,367.6400146484375,600.2100219726562,1,-1,-1,-1
48,305,256.1400146484375,363.239990234375,372.4599609375,628.9400024414062,1,-1,-1,-1
48,306,783.239990234375,235.4199981689453,432.1099853515625,809.3600463867188,1,-1,-1,-1
48,304,1272.5999755859375,364.3599853515625,351.0699462890625,623.8200073242188,1,-1,-1,-1
48,307,601.6900024414062,362.1000061035156,350.01995849609375,628.300048828125,1,-1,-1,-1
49,305,285.760009765625,356.1499938964844,339.02001953125,644.530029296875,1,-1,-1,-1
49,306,773.97998046875,223.38999938964844,439.3499755859375,797.6599731445312,1,-1,-1,-1
49,304,1269.3800048828125,358.19000244140625,346.6800537109375,631.3099975585938,1,-1,-1,-1
49,307,624.3800048828125,365.4599914550781,344.07000732421875,608.9000244140625,1,-1,-1,-1
50,305,308.2799987792969,353.6400146484375,316.9599914550781,629.8699951171875,1,-1,-1,-1
50,306,769.9199829101562,215.41000366210938,444.25994873046875,809.5699462890625,1,-1,-1,-1
50,304,1263.300048828125,354.5299987792969,353.030029296875,627.949951171875,1,-1,-1,-1
50,307,630.2000122070312,372.8500061035156,310.6400146484375,584.969970703125,1,-1,-1,-1
51,305,341.6499938964844,353.6600036621094,315.5100402832031,627.52001953125,1,-1,-1,-1
51,306,754.280029296875,210.5500030517578,459.489990234375,813.0800170898438,1,-1,-1,-1
51,304,1250.27001953125,348.55999755859375,357.530029296875,615.8300170898438,1,-1,-1,-1
51,307,648.0999755859375,393.6099853515625,301.20001220703125,563.719970703125,1,-1,-1,-1
52,305,342.6499938964844,355.6099853515625,316.2099914550781,624.280029296875,1,-1,-1,-1
52,306,767.3800048828125,214.47000122070312,445.6400146484375,800.9000244140625,1,-1,-1,-1
52,304,1242.02001953125,348.17999267578125,361.550048828125,641.8499755859375,1,-1,-1,-1
52,307,650.3800048828125,408.9700012207031,278.70001220703125,569.6099853515625,1,-1,-1,-1
53,305,340.3399963378906,357.0,319.1099548339844,624.4400024414062,1,-1,-1,-1
53,306,770.0,220.50999450683594,445.070068359375,789.7000122070312,1,-1,-1,-1
53,304,1222.43994140625,350.6600036621094,304.469970703125,636.3800048828125,1,-1,-1,-1
53,307,664.5599975585938,423.17999267578125,293.47003173828125,543.8200073242188,1,-1,-1,-1
54,305,333.0799865722656,352.4100036621094,329.0199890136719,649.8599853515625,1,-1,-1,-1
54,306,834.7999877929688,207.66000366210938,387.51007080078125,786.5999755859375,1,-1,-1,-1
54,304,1225.0999755859375,340.2699890136719,324.7999267578125,630.1099853515625,1,-1,-1,-1
54,307,654.2100219726562,430.82000732421875,304.95001220703125,563.0,1,-1,-1,-1
55,305,324.55999755859375,350.29998779296875,329.32000732421875,680.7400512695312,1,-1,-1,-1
55,306,860.010009765625,202.35000610351562,354.3900146484375,782.1199951171875,1,-1,-1,-1
55,304,1226.449951171875,335.82000732421875,307.1199951171875,638.6799926757812,1,-1,-1,-1
55,307,634.2999877929688,439.2300109863281,322.6300048828125,520.4400634765625,1,-1,-1,-1
56,305,317.1499938964844,347.1300048828125,350.0400085449219,692.3299560546875,1,-1,-1,-1
56,306,801.6799926757812,192.50999450683594,403.29998779296875,795.4299926757812,1,-1,-1,-1
56,304,1229.4200439453125,329.6300048828125,326.6500244140625,640.1199951171875,1,-1,-1,-1
56,307,614.510009765625,446.0400085449219,331.6300048828125,512.6400146484375,1,-1,-1,-1
56,312,769.8099975585938,481.30999755859375,414.74005126953125,526.3099975585938,1,-1,-1,-1
57,305,301.239990234375,349.2300109863281,411.52001953125,640.9000244140625,1,-1,-1,-1
57,306,805.27001953125,186.4499969482422,426.4200439453125,792.2000122070312,1,-1,-1,-1
57,304,1223.5400390625,323.9200134277344,346.75,666.169921875,1,-1,-1,-1
57,307,583.5,464.4800109863281,339.5899658203125,502.3799743652344,1,-1,-1,-1
57,312,766.5900268554688,476.6300048828125,423.17999267578125,528.8599853515625,1,-1,-1,-1
58,305,306.20001220703125,348.7799987792969,386.84002685546875,640.5999755859375,1,-1,-1,-1
58,306,791.9500122070312,174.30999755859375,402.98992919921875,818.6599731445312,1,-1,-1,-1
58,304,1211.72998046875,321.8299865722656,328.31005859375,654.6099853515625,1,-1,-1,-1
58,307,583.0999755859375,447.4800109863281,375.1099853515625,529.02001953125,1,-1,-1,-1
58,312,950.3599853515625,394.75,310.7999267578125,535.5900268554688,1,-1,-1,-1
59,305,338.8999938964844,332.9800109863281,339.9299621582031,655.77001953125,1,-1,-1,-1
59,306,787.4600219726562,176.94000244140625,409.30999755859375,830.4500122070312,1,-1,-1,-1
59,304,1198.4000244140625,315.5199890136719,358.030029296875,658.3399658203125,1,-1,-1,-1
59,307,636.9600219726562,417.82000732421875,254.79998779296875,541.8800048828125,1,-1,-1,-1
59,312,1020.1400146484375,391.30999755859375,247.1800537109375,555.0599975585938,1,-1,-1,-1
60,305,342.3999938964844,330.9800109863281,325.6899719238281,655.72998046875,1,-1,-1,-1
60,306,765.280029296875,170.10000610351562,430.719970703125,839.4200439453125,1,-1,-1,-1
60,304,1198.4200439453125,306.4200134277344,354.3599853515625,675.010009765625,1,-1,-1,-1
60,307,642.2999877929688,402.5299987792969,287.46002197265625,563.25,1,-1,-1,-1
60,312,1005.5599975585938,309.94000244140625,254.36004638671875,627.9099731445312,1,-1,-1,-1
61,305,379.1099853515625,323.92999267578125,335.719970703125,667.3699951171875,1,-1,-1,-1
61,306,769.1300048828125,170.67999267578125,428.3299560546875,841.969970703125,1,-1,-1,-1
61,304,1188.6500244140625,299.5899963378906,366.3599853515625,678.8499755859375,1,-1,-1,-1
61,307,678.2999877929688,408.4700012207031,222.97998046875,556.1600341796875,1,-1,-1,-1
61,312,985.6500244140625,305.7699890136719,312.1199951171875,674.3199462890625,1,-1,-1,-1
62,305,391.2200012207031,321.7200012207031,381.0799865722656,687.530029296875,1,-1,-1,-1
62,306,788.9099731445312,174.02000427246094,410.64007568359375,838.4199829101562,1,-1,-1,-1
62,304,1192.469970703125,298.9599914550781,354.179931640625,681.580078125,1,-1,-1,-1
62,307,685.280029296875,412.3800048828125,215.239990234375,549.0399780273438,1,-1,-1,-1
62,312,990.6400146484375,308.9100036621094,307.719970703125,669.260009765625,1,-1,-1,-1
63,305,393.9599914550781,324.55999755859375,339.6399841308594,671.0700073242188,1,-1,-1,-1
63,306,766.2000122070312,174.8000030517578,428.78997802734375,840.9199829101562,1,-1,-1,-1
63,304,1181.6800537109375,298.6300048828125,363.1199951171875,677.1400146484375,1,-1,-1,-1
63,307,688.219970703125,407.9800109863281,214.969970703125,549.4300537109375,1,-1,-1,-1
63,312,991.6500244140625,303.489990234375,315.239990234375,667.510009765625,1,-1,-1,-1
64,305,388.8399963378906,323.67999267578125,335.7900085449219,679.1099853515625,1,-1,-1,-1
64,306,768.0900268554688,164.47999572753906,431.01007080078125,852.8200073242188,1,-1,-1,-1
64,304,1177.969970703125,286.5299987792969,329.679931640625,687.6500244140625,1,-1,-1,-1
64,307,693.030029296875,393.82000732421875,243.1300048828125,590.280029296875,1,-1,-1,-1
64,312,990.6500244140625,305.0299987792969,330.5799560546875,683.7899169921875,1,-1,-1,-1
65,305,377.8900146484375,322.239990234375,330.29998779296875,727.050048828125,1,-1,-1,-1
65,306,827.1799926757812,158.0500030517578,382.73004150390625,853.2000122070312,1,-1,-1,-1
65,304,1178.8599853515625,274.4100036621094,323.3099365234375,695.669921875,1,-1,-1,-1
65,307,695.72998046875,391.6499938964844,262.4100341796875,607.530029296875,1,-1,-1,-1
65,312,971.9299926757812,306.8299865722656,331.89007568359375,676.010009765625,1,-1,-1,-1
66,305,348.7799987792969,320.55999755859375,373.5499572753906,709.1699829101562,1,-1,-1,-1
66,306,795.7000122070312,148.72000122070312,394.78997802734375,865.6900634765625,1,-1,-1,-1
66,304,1178.5999755859375,268.8399963378906,318.4500732421875,707.719970703125,1,-1,-1,-1
66,307,689.3800048828125,381.20001220703125,271.5400390625,621.489990234375,1,-1,-1,-1
66,312,980.489990234375,319.9200134277344,316.679931640625,667.72998046875,1,-1,-1,-1
67,305,318.8299865722656,319.6700134277344,430.0799865722656,731.7099609375,1,-1,-1,-1
67,306,811.2999877929688,146.2899932861328,374.59002685546875,871.4299926757812,1,-1,-1,-1
67,304,1168.989990234375,266.05999755859375,334.8900146484375,705.8300170898438,1,-1,-1,-1
67,307,674.1400146484375,381.260009765625,308.3299560546875,626.969970703125,1,-1,-1,-1
67,312,985.97998046875,315.3500061035156,297.3599853515625,682.9500732421875,1,-1,-1,-1
68,305,301.95001220703125,306.2099914550781,463.70001220703125,746.8800048828125,1,-1,-1,-1
68,306,810.1900024414062,140.58999633789062,382.79998779296875,877.8900146484375,1,-1,-1,-1
68,304,1167.3900146484375,266.1600036621094,367.4500732421875,718.9000244140625,1,-1,-1,-1
68,307,681.1799926757812,377.4200134277344,278.84002685546875,621.3199462890625,1,-1,-1,-1
68,312,1007.010009765625,301.5,304.6300048828125,694.0399780273438,1,-1,-1,-1
69,305,350.4800109863281,287.67999267578125,424.8699645996094,727.6199951171875,1,-1,-1,-1
69,306,809.1099853515625,132.94000244140625,366.4100341796875,885.0499877929688,1,-1,-1,-1
69,304,1161.739990234375,260.45001220703125,382.280029296875,721.0399780273438,1,-1,-1,-1
69,307,673.0700073242188,375.2799987792969,270.45001220703125,590.179931640625,1,-1,-1,-1
69,312,1046.18994140625,290.8500061035156,252.030029296875,716.8499755859375,1,-1,-1,-1
70,305,361.42999267578125,276.010009765625,399.32000732421875,750.179931640625,1,-1,-1,-1
70,306,806.0,135.9600067138672,375.31005859375,877.7100219726562,1,-1,-1,-1
70,304,1162.8299560546875,255.1199951171875,374.6199951171875,716.719970703125,1,-1,-1,-1
70,307,673.1500244140625,372.20001220703125,294.8900146484375,606.77001953125,1,-1,-1,-1
70,312,1047.8800048828125,283.8900146484375,261.7000732421875,709.030029296875,1,-1,-1,-1
71,305,394.7799987792969,251.47000122070312,343.4800109863281,746.56005859375,1,-1,-1,-1
71,306,814.0999755859375,136.2899932861328,357.27001953125,878.1199951171875,1,-1,-1,-1
71,304,1166.8299560546875,242.19000244140625,319.5799560546875,752.8499755859375,1,-1,-1,-1
71,307,698.27001953125,357.5899963378906,260.42999267578125,620.300048828125,1,-1,-1,-1
71,312,1019.7999877929688,273.1000061035156,288.89996337890625,688.4000244140625,1,-1,-1,-1
72,305,405.32000732421875,238.75,328.42999267578125,763.7999877929688,1,-1,-1,-1
72,306,814.280029296875,134.19000244140625,353.18994140625,884.0700073242188,1,-1,-1,-1
72,304,1172.31005859375,239.42999267578125,284.8599853515625,816.5199584960938,1,-1,-1,-1
72,307,695.530029296875,343.82000732421875,264.5899658203125,633.47998046875,1,-1,-1,-1
72,312,1019.9400024414062,268.6099853515625,297.19000244140625,728.97998046875,1,-1,-1,-1
73,305,413.2099914550781,227.72999572753906,316.8000183105469,772.72998046875,1,-1,-1,-1
73,306,814.9600219726562,136.30999755859375,353.63006591796875,880.25,1,-1,-1,-1
73,304,1172.4300537109375,236.2899932861328,299.489990234375,782.010009765625,1,-1,-1,-1
73,307,701.4600219726562,324.3800048828125,249.3900146484375,656.6099853515625,1,-1,-1,-1
73,312,1016.719970703125,261.95001220703125,288.1500244140625,735.239990234375,1,-1,-1,-1
74,305,440.8800048828125,198.52999877929688,276.5899658203125,810.93994140625,1,-1,-1,-1
74,306,785.3699951171875,135.92999267578125,381.969970703125,893.4799194335938,1,-1,-1,-1
74,304,1174.3499755859375,230.25,326.3299560546875,771.9000244140625,1,-1,-1,-1
74,307,702.5599975585938,278.67999267578125,267.6199951171875,703.489990234375,1,-1,-1,-1
74,312,1005.1599731445312,248.69000244140625,280.04998779296875,738.8099975585938,1,-1,-1,-1
75,305,448.95001220703125,192.4199981689453,264.739990234375,814.989990234375,1,-1,-1,-1
75,306,793.469970703125,138.1699981689453,372.5,879.0800170898438,1,-1,-1,-1
75,304,1171.9100341796875,228.1999969482422,331.7000732421875,770.530029296875,1,-1,-1,-1
75,307,703.4500122070312,271.8299865722656,245.03997802734375,720.3900146484375,1,-1,-1,-1
75,312,1005.489990234375,241.72000122070312,274.199951171875,753.4500732421875,1,-1,-1,-1
76,305,451.17999267578125,192.0399932861328,257.95001220703125,807.5900268554688,1,-1,-1,-1
76,306,792.9600219726562,140.97000122070312,377.37005615234375,873.719970703125,1,-1,-1,-1
76,304,1172.8699951171875,227.9499969482422,339.25,772.9099731445312,1,-1,-1,-1
76,307,704.6099853515625,269.1400146484375,243.91998291015625,699.1699829101562,1,-1,-1,-1
76,312,1002.3200073242188,238.57000732421875,283.13995361328125,758.760009765625,1,-1,-1,-1
77,305,447.6499938964844,190.8300018310547,260.3700256347656,805.489990234375,1,-1,-1,-1
77,306,792.260009765625,142.88999938964844,377.260009765625,869.7000122070312,1,-1,-1,-1
77,304,1174.1500244140625,225.88999938964844,335.0799560546875,774.2899780273438,1,-1,-1,-1
77,307,703.75,268.19000244140625,252.030029296875,693.3499755859375,1,-1,-1,-1
77,312,1005.27001953125,239.14999389648438,273.22998046875,711.0599365234375,1,-1,-1,-1
78,305,446.8999938964844,190.38999938964844,261.3800354003906,805.5499877929688,1,-1,-1,-1
78,306,794.8499755859375,143.67999267578125,374.989990234375,870.8099975585938,1,-1,-1,-1
78,304,1178.8599853515625,221.60000610351562,329.5,781.590087890625,1,-1,-1,-1
78,307,695.8599853515625,262.8900146484375,243.72998046875,725.2899780273438,1,-1,-1,-1
78,312,1008.4299926757812,237.24000549316406,275.39007568359375,736.27001953125,1,-1,-1,-1
79,305,445.0400085449219,190.8000030517578,260.9100036621094,808.9600219726562,1,-1,-1,-1
79,306,792.4500122070312,146.22000122070312,374.36004638671875,869.1500244140625,1,-1,-1,-1
79,304,1184.719970703125,216.86000061035156,325.77001953125,777.7100219726562,1,-1,-1,-1
79,307,692.6799926757812,262.6400146484375,230.6300048828125,735.5700073242188,1,-1,-1,-1
79,312,1005.1699829101562,237.10000610351562,276.21002197265625,724.6900634765625,1,-1,-1,-1
80,305,442.1600036621094,190.6699981689453,263.4800109863281,810.8400268554688,1,-1,-1,-1
80,306,790.510009765625,146.50999450683594,374.4100341796875,868.739990234375,1,-1,-1,-1
80,304,1188.0400390625,217.42999267578125,320.3399658203125,779.4299926757812,1,-1,-1,-1
80,307,688.8900146484375,262.8500061035156,237.32000732421875,738.6199951171875,1,-1,-1,-1
80,312,999.8300170898438,237.1300048828125,278.55999755859375,718.8800048828125,1,-1,-1,-1
81,305,436.8900146484375,190.80999755859375,268.8599853515625,812.3400268554688,1,-1,-1,-1
81,306,767.9299926757812,149.8699951171875,397.61004638671875,866.530029296875,1,-1,-1,-1
81,304,1187.510009765625,217.97000122070312,320.780029296875,782.820068359375,1,-1,-1,-1
81,307,680.280029296875,261.6099853515625,237.20001220703125,744.0,1,-1,-1,-1
81,312,998.0999755859375,238.9499969482422,273.9300537109375,705.719970703125,1,-1,-1,-1
82,305,437.2699890136719,190.64999389648438,267.5199890136719,819.97998046875,1,-1,-1,-1
82,306,765.2000122070312,148.3800048828125,399.79998779296875,871.969970703125,1,-1,-1,-1
82,304,1184.800048828125,219.66000366210938,322.2900390625,784.510009765625,1,-1,-1,-1
82,307,677.6300048828125,261.010009765625,241.0899658203125,764.159912109375,1,-1,-1,-1
82,312,1000.8800048828125,241.10000610351562,275.1199951171875,713.1500244140625,1,-1,-1,-1
83,305,436.4599914550781,189.41000366210938,267.7200012207031,816.7099609375,1,-1,-1,-1
83,306,766.530029296875,151.4199981689453,395.820068359375,866.8200073242188,1,-1,-1,-1
83,304,1184.989990234375,223.3800048828125,322.47998046875,777.4099731445312,1,-1,-1,-1
83,307,673.2899780273438,261.8399963378906,240.52001953125,774.4100341796875,1,-1,-1,-1
83,312,1003.5499877929688,241.77999877929688,272.46002197265625,721.179931640625,1,-1,-1,-1
84,305,431.45001220703125,192.66000366210938,265.3599853515625,810.030029296875,1,-1,-1,-1
84,306,772.3200073242188,152.02999877929688,391.04998779296875,866.5699462890625,1,-1,-1,-1
84,304,1183.8399658203125,226.83999633789062,319.3299560546875,771.2900390625,1,-1,-1,-1
84,307,658.22998046875,262.2300109863281,253.6600341796875,746.090087890625,1,-1,-1,-1
84,312,1000.9099731445312,246.08999633789062,279.50994873046875,731.06005859375,1,-1,-1,-1
85,305,427.05999755859375,194.22999572753906,269.3800048828125,809.739990234375,1,-1,-1,-1
85,306,770.2899780273438,151.0399932861328,393.83001708984375,868.5800170898438,1,-1,-1,-1
85,304,1184.3900146484375,226.36000061035156,319.0799560546875,772.030029296875,1,-1,-1,-1
85,307,661.27001953125,263.7300109863281,245.77001953125,743.7000732421875,1,-1,-1,-1
85,312,999.6500244140625,246.0,275.5499267578125,715.77001953125,1,-1,-1,-1
86,305,428.8800048828125,194.83999633789062,267.8800048828125,811.780029296875,1,-1,-1,-1
86,306,770.8800048828125,152.02000427246094,390.6600341796875,869.5900268554688,1,-1,-1,-1
86,304,1183.300048828125,225.72999572753906,320.0799560546875,774.6699829101562,1,-1,-1,-1
86,307,663.6300048828125,261.760009765625,243.83001708984375,746.7100219726562,1,-1,-1,-1
86,312,1000.9600219726562,247.47999572753906,273.39007568359375,726.5800170898438,1,-1,-1,-1
87,305,426.25,193.77000427246094,271.3399658203125,814.2899780273438,1,-1,-1,-1
87,306,765.6699829101562,151.97000122070312,396.73992919921875,871.050048828125,1,-1,-1,-1
87,304,1179.18994140625,226.25,323.429931640625,774.9000244140625,1,-1,-1,-1
87,307,661.2999877929688,265.82000732421875,250.90997314453125,731.1900024414062,1,-1,-1,-1
87,312,998.4600219726562,247.58999633789062,274.47003173828125,711.280029296875,1,-1,-1,-1
88,305,425.8999938964844,196.25,270.7400207519531,813.530029296875,1,-1,-1,-1
88,306,772.77001953125,150.7100067138672,390.949951171875,883.1099243164062,1,-1,-1,-1
88,304,1184.68994140625,228.30999755859375,314.9200439453125,781.02001953125,1,-1,-1,-1
88,307,665.0700073242188,269.1099853515625,242.20001220703125,701.8200073242188,1,-1,-1,-1
88,312,998.3200073242188,250.77000427246094,281.63995361328125,724.1500244140625,1,-1,-1,-1
89,305,374.67999267578125,201.8000030517578,327.22003173828125,834.8800659179688,1,-1,-1,-1
89,306,778.1900024414062,151.16000366210938,381.63006591796875,883.4000244140625,1,-1,-1,-1
89,304,1183.469970703125,230.1199951171875,314.1600341796875,787.8099975585938,1,-1,-1,-1
89,307,670.030029296875,268.5299987792969,240.32000732421875,728.669921875,1,-1,-1,-1
89,312,997.989990234375,253.24000549316406,271.570068359375,722.0599975585938,1,-1,-1,-1
90,305,392.2699890136719,205.99000549316406,309.7600402832031,845.02001953125,1,-1,-1,-1
90,306,779.4500122070312,152.49000549316406,379.79998779296875,878.9300537109375,1,-1,-1,-1
90,304,1179.550048828125,230.58999633789062,316.8699951171875,785.4000244140625,1,-1,-1,-1
90,307,670.27001953125,267.7900085449219,242.030029296875,745.0,1,-1,-1,-1
90,312,1000.469970703125,252.3699951171875,271.6500244140625,723.3699951171875,1,-1,-1,-1
91,305,404.6499938964844,208.6699981689453,297.6000061035156,852.7999877929688,1,-1,-1,-1
91,306,779.4299926757812,151.3699951171875,379.17999267578125,877.1099853515625,1,-1,-1,-1
91,304,1176.5400390625,230.6199951171875,319.8800048828125,780.219970703125,1,-1,-1,-1
91,307,672.3900146484375,266.32000732421875,240.95001220703125,737.260009765625,1,-1,-1,-1
91,312,990.5900268554688,251.52000427246094,291.10992431640625,740.280029296875,1,-1,-1,-1
92,305,409.4700012207031,210.99000549316406,290.9899597167969,854.1800537109375,1,-1,-1,-1
92,306,777.3300170898438,151.05999755859375,378.08001708984375,875.7300415039062,1,-1,-1,-1
92,304,1174.6400146484375,229.60000610351562,321.47998046875,779.3599853515625,1,-1,-1,-1
92,307,675.0700073242188,266.7699890136719,238.33001708984375,731.9599609375,1,-1,-1,-1
92,312,990.7999877929688,251.05999755859375,290.54998779296875,735.0499877929688,1,-1,-1,-1
93,305,408.04998779296875,211.58999633789062,292.22003173828125,854.030029296875,1,-1,-1,-1
93,306,751.1300048828125,150.25999450683594,405.8900146484375,876.659912109375,1,-1,-1,-1
93,304,1170.43994140625,228.10000610351562,326.27001953125,778.4300537109375,1,-1,-1,-1
93,307,666.989990234375,265.8500061035156,253.25,745.9300537109375,1,-1,-1,-1
93,312,986.72998046875,252.22000122070312,297.320068359375,703.739990234375,1,-1,-1,-1
94,305,413.95001220703125,212.60000610351562,286.84002685546875,850.1099853515625,1,-1,-1,-1
94,306,764.8099975585938,155.1300048828125,412.37994384765625,875.1199951171875,1,-1,-1,-1
94,304,1171.780029296875,236.74000549316406,317.239990234375,767.469970703125,1,-1,-1,-1
94,307,674.030029296875,271.0799865722656,245.07000732421875,752.330078125,1,-1,-1,-1
94,312,985.8800048828125,262.4700012207031,284.3699951171875,706.489990234375,1,-1,-1,-1
95,305,406.20001220703125,211.36000061035156,292.67999267578125,827.9600830078125,1,-1,-1,-1
95,306,767.77001953125,155.0,422.6099853515625,875.840087890625,1,-1,-1,-1
95,304,1178.780029296875,237.4199981689453,312.0400390625,759.5399780273438,1,-1,-1,-1
95,307,680.3900146484375,272.5299987792969,249.53997802734375,748.030029296875,1,-1,-1,-1
95,312,981.3599853515625,264.5199890136719,285.7099609375,691.030029296875,1,-1,-1,-1
96,305,393.0799865722656,209.8300018310547,308.3299865722656,847.4799194335938,1,-1,-1,-1
96,306,761.8099975585938,155.2899932861328,461.85003662109375,876.5399780273438,1,-1,-1,-1
96,304,1171.8399658203125,237.1300048828125,324.8800048828125,763.8099975585938,1,-1,-1,-1
96,307,667.22998046875,268.7699890136719,263.54998779296875,757.6099853515625,1,-1,-1,-1
96,312,987.4000244140625,260.1000061035156,279.52001953125,708.5999755859375,1,-1,-1,-1
97,305,384.1099853515625,211.47999572753906,321.780029296875,810.489990234375,1,-1,-1,-1
97,306,768.3300170898438,151.72999572753906,459.26995849609375,879.800048828125,1,-1,-1,-1
97,307,671.6400146484375,268.45001220703125,264.8499755859375,723.7999877929688,1,-1,-1,-1
97,312,988.9500122070312,263.2699890136719,285.44000244140625,694.669921875,1,-1,-1,-1
98,305,338.3599853515625,230.91000366210938,399.79998779296875,772.419921875,1,-1,-1,-1
98,306,736.1300048828125,151.39999389648438,476.4200439453125,889.2999267578125,1,-1,-1,-1
98,307,667.7899780273438,270.5199890136719,288.08001708984375,716.3399658203125,1,-1,-1,-1
98,312,1015.969970703125,336.8399963378906,311.3900146484375,657.989990234375,1,-1,-1,-1
98,304,1171.719970703125,235.36000061035156,341.0400390625,774.6900024414062,1,-1,-1,-1
99,305,332.95001220703125,257.2900085449219,513.4500122070312,756.5499267578125,1,-1,-1,-1
99,306,770.969970703125,156.82000732421875,412.81005859375,871.5200805664062,1,-1,-1,-1
99,307,665.0700073242188,279.6099853515625,339.8699951171875,693.1699829101562,1,-1,-1,-1
99,312,991.27001953125,296.4599914550781,361.1300048828125,711.820068359375,1,-1,-1,-1
99,304,1159.4599609375,241.85000610351562,382.81005859375,752.06005859375,1,-1,-1,-1
100,305,421.0899963378906,257.6400146484375,397.8999938964844,752.52001953125,1,-1,-1,-1
100,306,781.4299926757812,159.6300048828125,419.34002685546875,880.1800537109375,1,-1,-1,-1
100,307,666.4600219726562,279.260009765625,351.8699951171875,695.4000244140625,1,-1,-1,-1
100,312,987.0599975585938,293.2099914550781,382.64996337890625,714.1099853515625,1,-1,-1,-1
100,304,1138.8699951171875,249.86000061035156,413.47998046875,747.1199951171875,1,-1,-1,-1
101,305,400.5199890136719,242.24000549316406,426.2099914550781,770.4099731445312,1,-1,-1,-1
101,306,777.0499877929688,149.8000030517578,481.65997314453125,886.3900756835938,1,-1,-1,-1
101,307,682.530029296875,279.4700012207031,338.760009765625,700.030029296875,1,-1,-1,-1
101,312,1004.8200073242188,280.3299865722656,360.69000244140625,710.27001953125,1,-1,-1,-1
101,304,1175.5999755859375,255.44000244140625,410.52001953125,748.6799926757812,1,-1,-1,-1
102,305,403.2200012207031,242.0500030517578,423.6299743652344,770.6500244140625,1,-1,-1,-1
102,306,777.3800048828125,149.88999938964844,481.3699951171875,886.22998046875,1,-1,-1,-1
102,307,682.5,279.5299987792969,338.510009765625,700.27001953125,1,-1,-1,-1
102,312,1005.4600219726562,279.7900085449219,359.64996337890625,710.739990234375,1,-1,-1,-1
102,304,1175.52001953125,255.39999389648438,410.9200439453125,748.739990234375,1,-1,-1,-1
103,305,423.42999267578125,232.83999633789062,385.6400146484375,790.320068359375,1,-1,-1,-1
103,306,703.2000122070312,152.41000366210938,557.1000366210938,879.510009765625,1,-1,-1,-1
103,307,686.3200073242188,277.5199890136719,358.13995361328125,721.5,1,-1,-1,-1
103,312,1012.4500122070312,274.19000244140625,323.97003173828125,682.5399780273438,1,-1,-1,-1
103,304,1190.5999755859375,250.85000610351562,399.72998046875,752.030029296875,1,-1,-1,-1
104,305,446.8399963378906,221.42999267578125,328.7900085449219,811.8900756835938,1,-1,-1,-1
104,306,715.5800170898438,147.35000610351562,538.9199829101562,882.1600341796875,1,-1,-1,-1
104,307,680.7999877929688,271.1600036621094,345.14996337890625,742.1099853515625,1,-1,-1,-1
104,312,1034.969970703125,278.9100036621094,353.5899658203125,713.3499755859375,1,-1,-1,-1
104,304,1203.0899658203125,240.89999389648438,395.4200439453125,757.219970703125,1,-1,-1,-1
105,305,449.6199951171875,214.8800048828125,335.07000732421875,815.2100830078125,1,-1,-1,-1
105,306,811.4299926757812,147.72000122070312,441.37005615234375,894.4500732421875,1,-1,-1,-1
105,307,700.6400146484375,271.44000244140625,319.8800048828125,715.8099975585938,1,-1,-1,-1
105,312,1042.7900390625,273.92999267578125,333.6199951171875,686.0399780273438,1,-1,-1,-1
105,304,1212.2900390625,235.55999755859375,398.010009765625,761.5900268554688,1,-1,-1,-1
106,305,447.32000732421875,214.72000122070312,350.489990234375,819.22998046875,1,-1,-1,-1
106,306,703.2000122070312,147.07000732421875,555.0499877929688,893.2200317382812,1,-1,-1,-1
106,307,701.9299926757812,270.5799865722656,318.82000732421875,704.0999755859375,1,-1,-1,-1
106,312,1041.699951171875,280.489990234375,354.97998046875,696.72998046875,1,-1,-1,-1
106,304,1214.4200439453125,237.0500030517578,402.77001953125,762.8699951171875,1,-1,-1,-1
107,305,436.80999755859375,214.47999572753906,377.1400146484375,842.6400146484375,1,-1,-1,-1
107,306,865.6300048828125,146.4199981689453,382.6199951171875,899.0900268554688,1,-1,-1,-1
107,307,717.6599731445312,270.9599914550781,296.010009765625,707.4300537109375,1,-1,-1,-1
107,312,1056.0,281.3500061035156,327.0799560546875,699.010009765625,1,-1,-1,-1
107,304,1220.5799560546875,235.58999633789062,399.5400390625,764.239990234375,1,-1,-1,-1
108,305,430.2799987792969,216.7100067138672,393.0499572753906,813.2999877929688,1,-1,-1,-1
108,306,876.5499877929688,145.4499969482422,376.55999755859375,892.7799682617188,1,-1,-1,-1
108,307,726.5800170898438,271.5899963378906,285.26995849609375,694.9200439453125,1,-1,-1,-1
108,312,1059.6800537109375,279.8999938964844,330.5599365234375,704.199951171875,1,-1,-1,-1
108,304,1223.18994140625,233.91000366210938,397.8499755859375,765.4599609375,1,-1,-1,-1
109,305,391.489990234375,235.35000610351562,464.5400390625,802.510009765625,1,-1,-1,-1
109,306,849.97998046875,150.3800048828125,398.7099609375,879.0699462890625,1,-1,-1,-1
109,307,727.0,282.19000244140625,296.19000244140625,690.27001953125,1,-1,-1,-1
109,312,1084.1199951171875,283.3699951171875,321.9000244140625,692.0399780273438,1,-1,-1,-1
109,304,1229.719970703125,234.8699951171875,402.719970703125,777.9000244140625,1,-1,-1,-1
110,305,402.1300048828125,241.11000061035156,458.1500244140625,805.739990234375,1,-1,-1,-1
110,306,887.4199829101562,159.0800018310547,372.79998779296875,873.9799194335938,1,-1,-1,-1
110,307,736.8200073242188,284.8699951171875,294.76007080078125,696.9600219726562,1,-1,-1,-1
110,312,1085.1600341796875,290.57000732421875,322.6700439453125,702.75,1,-1,-1,-1
110,304,1237.5999755859375,244.6699981689453,389.52001953125,763.5900268554688,1,-1,-1,-1
111,305,412.5299987792969,236.3800048828125,444.6000061035156,827.9100341796875,1,-1,-1,-1
111,306,888.6900024414062,160.88999938964844,394.41998291015625,865.68994140625,1,-1,-1,-1
111,307,729.6799926757812,284.82000732421875,315.73992919921875,716.5599975585938,1,-1,-1,-1
111,312,1088.449951171875,286.6400146484375,333.679931640625,719.719970703125,1,-1,-1,-1
111,304,1240.0,246.16000366210938,404.72998046875,769.4599609375,1,-1,-1,-1
112,305,465.4800109863281,221.44000244140625,379.0400085449219,811.8400268554688,1,-1,-1,-1
112,306,907.4500122070312,150.64999389648438,404.32000732421875,883.8299560546875,1,-1,-1,-1
112,307,741.3800048828125,288.75,297.8099365234375,697.1500244140625,1,-1,-1,-1
112,312,1083.3599853515625,287.1199951171875,339.9400634765625,702.780029296875,1,-1,-1,-1
112,304,1253.31005859375,243.91000366210938,430.949951171875,768.18994140625,1,-1,-1,-1
113,305,494.69000244140625,209.1999969482422,349.19000244140625,820.8200073242188,1,-1,-1,-1
113,306,908.780029296875,149.7899932861328,396.1099853515625,883.5000610351562,1,-1,-1,-1
113,307,725.4099731445312,285.9800109863281,320.71002197265625,695.4500732421875,1,-1,-1,-1
113,312,1089.510009765625,286.6499938964844,342.52001953125,693.5799560546875,1,-1,-1,-1
113,304,1260.68994140625,240.1699981689453,417.949951171875,770.4000244140625,1,-1,-1,-1
114,305,521.25,200.42999267578125,316.5,842.2299194335938,1,-1,-1,-1
114,306,894.02001953125,146.44000244140625,408.8599853515625,892.1100463867188,1,-1,-1,-1
114,307,742.72998046875,285.3500061035156,319.56005859375,694.7900390625,1,-1,-1,-1
114,312,1093.3299560546875,287.92999267578125,342.1400146484375,713.510009765625,1,-1,-1,-1
114,304,1260.2900390625,237.1199951171875,418.97998046875,785.3200073242188,1,-1,-1,-1
115,305,518.489990234375,199.99000549316406,312.2099609375,850.989990234375,1,-1,-1,-1
115,306,884.5499877929688,141.8699951171875,405.89996337890625,896.8099365234375,1,-1,-1,-1
115,307,731.3099975585938,281.1700134277344,335.39996337890625,722.280029296875,1,-1,-1,-1
115,312,1083.5699462890625,283.07000732421875,349.1500244140625,749.5800170898438,1,-1,-1,-1
115,304,1263.02001953125,239.2899932861328,428.5799560546875,780.5399780273438,1,-1,-1,-1
116,305,519.9099731445312,196.8800048828125,304.71002197265625,856.030029296875,1,-1,-1,-1
116,306,926.3200073242188,141.00999450683594,359.01007080078125,897.0399169921875,1,-1,-1,-1
116,307,733.969970703125,283.3500061035156,322.030029296875,697.1099853515625,1,-1,-1,-1
116,312,1096.52001953125,275.5,328.7900390625,789.2099609375,1,-1,-1,-1
116,304,1264.4300537109375,238.72000122070312,430.510009765625,787.030029296875,1,-1,-1,-1
117,305,520.8499755859375,195.64999389648438,298.69000244140625,849.429931640625,1,-1,-1,-1
117,306,918.239990234375,142.5399932861328,363.31005859375,889.4700317382812,1,-1,-1,-1
117,307,718.5499877929688,284.8900146484375,329.21002197265625,662.5900268554688,1,-1,-1,-1
117,312,1099.489990234375,282.1300048828125,324.5799560546875,733.530029296875,1,-1,-1,-1
117,304,1271.3699951171875,237.02000427246094,426.22998046875,777.2999877929688,1,-1,-1,-1
118,305,520.6699829101562,197.32000732421875,298.21002197265625,843.3799438476562,1,-1,-1,-1
118,306,914.6900024414062,144.13999938964844,369.42999267578125,881.6500244140625,1,-1,-1,-1
118,307,725.3800048828125,285.7200012207031,306.8299560546875,674.6099853515625,1,-1,-1,-1
118,312,1099.0400390625,281.2300109863281,326.739990234375,708.969970703125,1,-1,-1,-1
118,304,1278.52001953125,236.82000732421875,419.72998046875,781.969970703125,1,-1,-1,-1
119,305,517.6699829101562,203.11000061035156,301.92999267578125,823.4100341796875,1,-1,-1,-1
119,306,895.6099853515625,153.02000427246094,393.22998046875,860.5399780273438,1,-1,-1,-1
119,307,705.780029296875,293.5299987792969,319.260009765625,713.2099609375,1,-1,-1,-1
119,312,1083.0899658203125,279.1600036621094,343.8900146484375,732.2999267578125,1,-1,-1,-1
119,304,1290.4599609375,239.92999267578125,419.1199951171875,773.3699951171875,1,-1,-1,-1
120,305,518.2999877929688,204.6199951171875,286.0,824.4300537109375,1,-1,-1,-1
120,306,863.9500122070312,162.8699951171875,417.73004150390625,856.030029296875,1,-1,-1,-1
120,307,697.1199951171875,292.82000732421875,325.07000732421875,718.5900268554688,1,-1,-1,-1
120,312,1077.6500244140625,284.3299865722656,337.2099609375,734.050048828125,1,-1,-1,-1
120,304,1289.02001953125,245.72999572753906,404.239990234375,776.5700073242188,1,-1,-1,-1
121,305,514.510009765625,206.38999938964844,282.95001220703125,819.75,1,-1,-1,-1
121,306,866.280029296875,171.02999877929688,424.4200439453125,866.780029296875,1,-1,-1,-1
121,307,691.52001953125,292.8599853515625,321.77001953125,724.5599975585938,1,-1,-1,-1
121,312,1066.8499755859375,292.67999267578125,344.5400390625,715.1199951171875,1,-1,-1,-1
121,304,1285.8800048828125,244.5500030517578,403.6199951171875,779.4800415039062,1,-1,-1,-1
122,305,500.6700134277344,207.25999450683594,285.0599670410156,818.530029296875,1,-1,-1,-1
122,306,821.8200073242188,173.07000732421875,451.30999755859375,858.7700805664062,1,-1,-1,-1
122,307,687.4000244140625,295.0199890136719,312.7099609375,724.4000244140625,1,-1,-1,-1
122,312,1055.550048828125,292.8599853515625,356.449951171875,695.0999755859375,1,-1,-1,-1
122,304,1276.0400390625,247.49000549316406,420.31005859375,771.3200073242188,1,-1,-1,-1
123,305,495.25,209.24000549316406,281.29998779296875,832.1099853515625,1,-1,-1,-1
123,306,764.4000244140625,173.9499969482422,490.02001953125,856.9899291992188,1,-1,-1,-1
123,307,677.0399780273438,298.70001220703125,320.0,692.97998046875,1,-1,-1,-1
123,312,1033.9300537109375,295.6499938964844,364.260009765625,669.5699462890625,1,-1,-1,-1
123,304,1267.469970703125,249.97000122070312,423.699951171875,774.2100830078125,1,-1,-1,-1
124,305,444.489990234375,215.14999389648438,318.4000244140625,811.6300048828125,1,-1,-1,-1
124,306,757.6099853515625,171.36000061035156,456.8499755859375,871.239990234375,1,-1,-1,-1
124,307,692.9500122070312,303.82000732421875,286.010009765625,688.219970703125,1,-1,-1,-1
124,312,1024.5899658203125,300.8399963378906,351.0599365234375,690.75,1,-1,-1,-1
124,304,1253.530029296875,258.05999755859375,427.18994140625,761.8599853515625,1,-1,-1,-1
125,305,322.9800109863281,224.44000244140625,433.8100280761719,814.8099975585938,1,-1,-1,-1
125,306,727.72998046875,173.1300048828125,466.8299560546875,867.989990234375,1,-1,-1,-1
125,307,670.530029296875,315.0400085449219,300.7900390625,678.52001953125,1,-1,-1,-1
125,312,1018.3400268554688,311.44000244140625,363.60003662109375,664.4299926757812,1,-1,-1,-1
125,304,1233.1400146484375,263.5,422.1800537109375,753.989990234375,1,-1,-1,-1
126,305,272.760009765625,230.7899932861328,480.20001220703125,810.0399780273438,1,-1,-1,-1
126,306,717.7899780273438,179.33999633789062,470.97003173828125,858.219970703125,1,-1,-1,-1
126,307,587.6599731445312,324.1000061035156,384.47003173828125,646.820068359375,1,-1,-1,-1
126,312,1007.6099853515625,313.6499938964844,352.6700439453125,647.0799560546875,1,-1,-1,-1
126,304,1214.18994140625,266.7099914550781,429.780029296875,759.010009765625,1,-1,-1,-1
127,305,238.11000061035156,235.6999969482422,498.05999755859375,809.7000122070312,1,-1,-1,-1
127,306,712.6900024414062,185.27000427246094,472.44000244140625,853.510009765625,1,-1,-1,-1
127,307,576.0399780273438,321.95001220703125,391.1400146484375,648.6300048828125,1,-1,-1,-1
127,312,991.7100219726562,317.739990234375,398.86004638671875,666.0900268554688,1,-1,-1,-1
127,304,1199.06005859375,273.6199951171875,435.43994140625,753.760009765625,1,-1,-1,-1
128,305,228.4499969482422,241.0,504.80999755859375,796.72998046875,1,-1,-1,-1
128,306,708.9099731445312,189.52000427246094,462.80999755859375,862.8800048828125,1,-1,-1,-1
128,307,568.1599731445312,324.5799865722656,386.27996826171875,648.6500244140625,1,-1,-1,-1
128,312,979.3400268554688,318.9200134277344,381.03997802734375,677.52001953125,1,-1,-1,-1
128,304,1201.72998046875,276.9700012207031,422.6700439453125,749.2000732421875,1,-1,-1,-1
129,305,214.9499969482422,257.69000244140625,487.8800048828125,773.2599487304688,1,-1,-1,-1
129,306,672.0800170898438,198.42999267578125,478.19000244140625,841.8099975585938,1,-1,-1,-1
129,307,553.4000244140625,340.3500061035156,404.719970703125,630.0999755859375,1,-1,-1,-1
129,312,941.9199829101562,331.3599853515625,391.72003173828125,684.760009765625,1,-1,-1,-1
129,304,1141.949951171875,291.44000244140625,432.179931640625,743.9000854492188,1,-1,-1,-1
130,305,212.85000610351562,267.9100036621094,497.0099792480469,774.8900146484375,1,-1,-1,-1
130,306,676.0399780273438,206.64999389648438,462.73004150390625,837.909912109375,1,-1,-1,-1
130,307,544.0399780273438,341.1600036621094,411.760009765625,669.989990234375,1,-1,-1,-1
130,312,950.1300048828125,337.8399963378906,369.27001953125,677.3499755859375,1,-1,-1,-1
130,304,1153.6700439453125,296.2099914550781,403.8399658203125,726.9400634765625,1,-1,-1,-1
131,305,213.47000122070312,273.0299987792969,486.9200134277344,788.409912109375,1,-1,-1,-1
131,306,672.7000122070312,211.80999755859375,465.86004638671875,840.7600708007812,1,-1,-1,-1
131,307,541.5700073242188,342.0799865722656,410.51995849609375,656.010009765625,1,-1,-1,-1
131,312,945.5,343.3399963378906,368.3299560546875,655.6199951171875,1,-1,-1,-1
131,304,1144.75,302.2900085449219,399.3900146484375,723.93994140625,1,-1,-1,-1
132,305,221.13999938964844,285.1499938964844,465.1400146484375,792.760009765625,1,-1,-1,-1
132,306,673.1300048828125,224.11000061035156,466.3099365234375,822.4300537109375,1,-1,-1,-1
132,307,535.6599731445312,350.20001220703125,388.59002685546875,668.1400146484375,1,-1,-1,-1
132,312,952.6300048828125,351.32000732421875,352.8900146484375,636.6699829101562,1,-1,-1,-1
132,304,1143.260009765625,310.7099914550781,397.679931640625,730.320068359375,1,-1,-1,-1
133,305,219.3800048828125,286.1600036621094,491.9599609375,788.25,1,-1,-1,-1
133,306,661.9600219726562,223.47999572753906,476.83001708984375,824.4100341796875,1,-1,-1,-1
133,307,539.3300170898438,350.6000061035156,381.85003662109375,650.510009765625,1,-1,-1,-1
133,312,936.4500122070312,355.8399963378906,371.82000732421875,657.9300537109375,1,-1,-1,-1
133,304,1130.739990234375,320.3500061035156,412.1099853515625,720.070068359375,1,-1,-1,-1
134,305,233.22999572753906,292.9800109863281,479.4200439453125,775.7000732421875,1,-1,-1,-1
134,306,662.7100219726562,314.8900146484375,484.52996826171875,732.719970703125,1,-1,-1,-1
134,307,544.3300170898438,360.19000244140625,335.73004150390625,647.25,1,-1,-1,-1
134,312,947.1099853515625,359.17999267578125,382.219970703125,639.9299926757812,1,-1,-1,-1
134,304,1133.550048828125,329.8299865722656,415.550048828125,716.3900146484375,1,-1,-1,-1
135,305,245.22999572753906,295.2300109863281,487.489990234375,771.280029296875,1,-1,-1,-1
135,306,690.3400268554688,345.7900085449219,486.10992431640625,697.0899658203125,1,-1,-1,-1
135,307,546.4000244140625,360.6199951171875,362.6099853515625,640.97998046875,1,-1,-1,-1
135,312,962.2000122070312,358.79998779296875,388.12005615234375,638.9000244140625,1,-1,-1,-1
135,304,1124.3800048828125,327.6199951171875,438.3199462890625,719.989990234375,1,-1,-1,-1
136,305,235.77999877929688,299.2300109863281,500.7300109863281,780.77001953125,1,-1,-1,-1
136,306,707.3599853515625,361.5299987792969,475.4200439453125,686.3499755859375,1,-1,-1,-1
136,307,557.719970703125,359.8699951171875,371.2099609375,617.3699951171875,1,-1,-1,-1
136,312,966.6799926757812,360.6099853515625,382.98992919921875,629.4600219726562,1,-1,-1,-1
136,304,1129.1300048828125,325.7099914550781,441.25,704.090087890625,1,-1,-1,-1
137,305,241.10000610351562,298.7699890136719,497.4899597167969,760.969970703125,1,-1,-1,-1
137,306,722.0700073242188,371.2799987792969,454.49005126953125,670.3099365234375,1,-1,-1,-1
137,307,556.4099731445312,361.4200134277344,347.45001220703125,640.5499267578125,1,-1,-1,-1
137,312,960.3200073242188,361.20001220703125,395.16998291015625,609.6900024414062,1,-1,-1,-1
137,304,1142.9000244140625,325.6099853515625,434.8699951171875,704.1300048828125,1,-1,-1,-1
138,305,247.5800018310547,297.739990234375,479.64996337890625,758.659912109375,1,-1,-1,-1
138,306,715.7899780273438,226.60000610351562,454.00006103515625,817.330078125,1,-1,-1,-1
138,307,554.989990234375,364.2200012207031,393.20001220703125,622.1700439453125,1,-1,-1,-1
138,312,971.3599853515625,356.6300048828125,390.280029296875,591.1300048828125,1,-1,-1,-1
138,304,1150.530029296875,328.3599853515625,431.9200439453125,705.3900146484375,1,-1,-1,-1
139,305,270.2900085449219,296.5400085449219,491.6899719238281,783.4599609375,1,-1,-1,-1
139,306,726.1500244140625,221.24000549316406,483.760009765625,831.47998046875,1,-1,-1,-1
139,307,585.9500122070312,367.75,338.6400146484375,632.4299926757812,1,-1,-1,-1
139,312,963.5499877929688,356.489990234375,436.11993408203125,607.8099975585938,1,-1,-1,-1
139,304,1152.3399658203125,328.29998779296875,444.9500732421875,704.2000122070312,1,-1,-1,-1
140,305,276.8500061035156,298.2699890136719,489.4999694824219,734.669921875,1,-1,-1,-1
140,306,730.4199829101562,219.55999755859375,463.67999267578125,831.4500122070312,1,-1,-1,-1
140,307,589.469970703125,367.0899963378906,326.80999755859375,635.0400390625,1,-1,-1,-1
140,312,951.27001953125,358.8500061035156,446.27001953125,606.570068359375,1,-1,-1,-1
140,304,1152.780029296875,327.739990234375,447.1300048828125,705.489990234375,1,-1,-1,-1
141,305,282.1600036621094,298.8599853515625,486.9900207519531,752.1400146484375,1,-1,-1,-1
141,306,713.8200073242188,218.1999969482422,485.26007080078125,833.3200073242188,1,-1,-1,-1
141,307,591.8400268554688,368.0199890136719,349.739990234375,631.949951171875,1,-1,-1,-1
141,312,944.8400268554688,358.7699890136719,462.47003173828125,613.77001953125,1,-1,-1,-1
141,304,1157.43994140625,326.9800109863281,446.199951171875,708.75,1,-1,-1,-1
142,305,290.9100036621094,301.7200012207031,460.7799987792969,734.4500732421875,1,-1,-1,-1
142,306,665.2899780273438,221.22999572753906,534.3799438476562,824.1900634765625,1,-1,-1,-1
142,307,589.4099731445312,368.17999267578125,356.3599853515625,633.8200073242188,1,-1,-1,-1
142,312,969.4199829101562,365.7699890136719,409.73004150390625,602.909912109375,1,-1,-1,-1
142,304,1175.0799560546875,331.489990234375,434.239990234375,698.050048828125,1,-1,-1,-1
143,305,292.8900146484375,304.1600036621094,486.69000244140625,734.449951171875,1,-1,-1,-1
143,306,695.4099731445312,226.17999267578125,530.2799682617188,823.2299194335938,1,-1,-1,-1
143,307,593.6199951171875,371.80999755859375,360.29998779296875,629.1099853515625,1,-1,-1,-1
143,304,1186.780029296875,331.8800048828125,423.4100341796875,707.6600341796875,1,-1,-1,-1
144,305,290.5199890136719,313.70001220703125,499.2699890136719,728.8900756835938,1,-1,-1,-1
144,306,718.27001953125,234.5800018310547,513.9000244140625,814.6499633789062,1,-1,-1,-1
144,307,602.5999755859375,376.3500061035156,342.989990234375,620.1800537109375,1,-1,-1,-1
144,304,1185.780029296875,331.4599914550781,437.8800048828125,710.2100830078125,1,-1,-1,-1
144,312,979.9000244140625,373.2699890136719,384.8699951171875,606.8900146484375,1,-1,-1,-1
145,305,295.2699890136719,324.1199951171875,511.0899963378906,755.8800048828125,1,-1,-1,-1
145,306,735.760009765625,239.10000610351562,492.52001953125,821.25,1,-1,-1,-1
145,307,606.8400268554688,385.3500061035156,365.10003662109375,591.4500732421875,1,-1,-1,-1
145,304,1202.1400146484375,334.2200012207031,455.9000244140625,698.050048828125,1,-1,-1,-1
145,312,999.3699951171875,369.44000244140625,391.7999267578125,600.510009765625,1,-1,-1,-1
146,305,300.9800109863281,327.1499938964844,514.9600830078125,733.010009765625,1,-1,-1,-1
146,306,718.7999877929688,239.55999755859375,526.3599243164062,825.8300170898438,1,-1,-1,-1
146,307,610.8499755859375,388.6099853515625,410.1600341796875,605.280029296875,1,-1,-1,-1
146,304,1208.47998046875,335.8299865722656,459.4599609375,700.6500244140625,1,-1,-1,-1
146,312,1004.9400024414062,369.9100036621094,368.66998291015625,603.93994140625,1,-1,-1,-1
147,305,299.8800048828125,330.3800048828125,510.95001220703125,726.9200439453125,1,-1,-1,-1
147,306,754.25,243.0500030517578,485.22998046875,807.5000610351562,1,-1,-1,-1
147,307,630.4000244140625,389.7900085449219,378.5999755859375,611.739990234375,1,-1,-1,-1
147,304,1209.93994140625,337.2200012207031,463.0,698.9400634765625,1,-1,-1,-1
147,312,1013.22998046875,366.82000732421875,355.8599853515625,607.8099975585938,1,-1,-1,-1
148,305,299.1600036621094,332.04998779296875,500.4200134277344,723.9500122070312,1,-1,-1,-1
148,306,762.9099731445312,244.38999938964844,484.48004150390625,801.0999755859375,1,-1,-1,-1
148,307,621.6500244140625,390.1300048828125,387.9200439453125,617.469970703125,1,-1,-1,-1
148,304,1208.3699951171875,339.7699890136719,466.9100341796875,695.9000244140625,1,-1,-1,-1
148,312,1016.280029296875,365.6600036621094,361.239990234375,618.929931640625,1,-1,-1,-1
149,305,294.1300048828125,341.82000732421875,502.510009765625,710.2800903320312,1,-1,-1,-1
149,306,779.2899780273438,254.63999938964844,459.10003662109375,785.5999755859375,1,-1,-1,-1
149,307,635.3099975585938,398.4200134277344,366.489990234375,616.699951171875,1,-1,-1,-1
149,304,1184.469970703125,351.32000732421875,492.31005859375,688.2100219726562,1,-1,-1,-1
149,312,1016.1199951171875,366.9100036621094,357.1300048828125,642.469970703125,1,-1,-1,-1
150,305,293.94000244140625,343.29998779296875,500.84002685546875,704.3400268554688,1,-1,-1,-1
150,306,765.489990234375,258.32000732421875,477.699951171875,791.2800903320312,1,-1,-1,-1
150,307,634.6199951171875,399.70001220703125,370.5400390625,613.6300048828125,1,-1,-1,-1
150,304,1186.3499755859375,352.7099914550781,490.0899658203125,688.080078125,1,-1,-1,-1
150,312,999.280029296875,370.9800109863281,389.179931640625,649.7900390625,1,-1,-1,-1
151,305,293.8699951171875,347.9599914550781,516.6099853515625,725.6400146484375,1,-1,-1,-1
151,306,755.1400146484375,263.1099853515625,490.4200439453125,784.219970703125,1,-1,-1,-1
151,307,631.3200073242188,400.6099853515625,369.72003173828125,615.1900024414062,1,-1,-1,-1
151,304,1208.02001953125,358.07000732421875,468.81005859375,683.1399536132812,1,-1,-1,-1
151,312,1005.719970703125,376.3599853515625,394.1600341796875,654.1199951171875,1,-1,-1,-1
152,305,290.05999755859375,356.260009765625,510.85003662109375,723.169921875,1,-1,-1,-1
152,306,758.6400146484375,273.6700134277344,478.1700439453125,778.5599365234375,1,-1,-1,-1
152,307,631.719970703125,405.3599853515625,374.0,619.760009765625,1,-1,-1,-1
152,304,1213.5799560546875,362.7200012207031,468.1099853515625,709.2000732421875,1,-1,-1,-1
152,312,1031.989990234375,380.54998779296875,364.31005859375,642.739990234375,1,-1,-1,-1
153,305,288.0,360.6600036621094,514.030029296875,719.3399658203125,1,-1,-1,-1
153,306,750.530029296875,274.8999938964844,484.699951171875,774.0899658203125,1,-1,-1,-1
153,307,637.8300170898438,407.0199890136719,373.19000244140625,628.8399658203125,1,-1,-1,-1
153,304,1210.8900146484375,366.7900085449219,468.530029296875,712.5499267578125,1,-1,-1,-1
153,312,1026.6400146484375,383.44000244140625,369.0699462890625,628.02001953125,1,-1,-1,-1
154,305,288.989990234375,363.2300109863281,516.469970703125,716.77001953125,1,-1,-1,-1
154,306,751.0499877929688,311.1499938964844,475.13995361328125,734.739990234375,1,-1,-1,-1
154,307,633.8499755859375,407.760009765625,373.1400146484375,623.219970703125,1,-1,-1,-1
154,304,1210.469970703125,370.05999755859375,464.820068359375,682.1900024414062,1,-1,-1,-1
154,312,1027.5799560546875,383.20001220703125,372.47998046875,614.1699829101562,1,-1,-1,-1
155,305,287.0899963378906,362.42999267578125,510.4200134277344,715.8300170898438,1,-1,-1,-1
155,306,765.1599731445312,288.4100036621094,462.87005615234375,757.8199462890625,1,-1,-1,-1
155,307,625.9199829101562,402.3599853515625,389.34002685546875,617.0700073242188,1,-1,-1,-1
155,304,1195.6800537109375,369.1199951171875,475.1400146484375,680.3800048828125,1,-1,-1,-1
155,312,1019.2100219726562,384.0199890136719,364.44000244140625,618.5799560546875,1,-1,-1,-1
156,305,282.54998779296875,361.70001220703125,508.64996337890625,718.2999877929688,1,-1,-1,-1
156,306,764.8099975585938,273.1700134277344,471.52996826171875,777.8099365234375,1,-1,-1,-1
156,307,619.1799926757812,402.8800048828125,391.35003662109375,615.4099731445312,1,-1,-1,-1
156,304,1196.5,368.1199951171875,474.219970703125,695.4500732421875,1,-1,-1,-1
156,312,1005.3900146484375,382.5899963378906,376.5400390625,621.2100830078125,1,-1,-1,-1
157,305,279.489990234375,360.79998779296875,510.7900390625,713.3200073242188,1,-1,-1,-1
157,306,773.8200073242188,272.6400146484375,466.04998779296875,776.3699951171875,1,-1,-1,-1
157,307,619.1599731445312,400.30999755859375,397.92999267578125,615.1699829101562,1,-1,-1,-1
157,304,1196.9200439453125,366.8800048828125,472.780029296875,703.4100341796875,1,-1,-1,-1
157,312,1005.469970703125,382.4800109863281,386.7099609375,617.080078125,1,-1,-1,-1
158,305,278.1499938964844,361.04998779296875,509.2799987792969,713.8899536132812,1,-1,-1,-1
158,306,778.5800170898438,272.6600036621094,458.78997802734375,775.5999755859375,1,-1,-1,-1
158,307,628.6599731445312,402.8599853515625,394.07000732421875,605.6599731445312,1,-1,-1,-1
158,304,1195.8599853515625,366.32000732421875,473.4599609375,709.2500610351562,1,-1,-1,-1
158,312,1017.9600219726562,382.1600036621094,367.19000244140625,611.2999267578125,1,-1,-1,-1
159,305,273.8699951171875,364.6700134277344,509.69000244140625,709.1500244140625,1,-1,-1,-1
159,306,768.97998046875,275.9599914550781,475.43994140625,772.75,1,-1,-1,-1
159,307,619.8800048828125,411.5400085449219,392.760009765625,618.8299560546875,1,-1,-1,-1
159,304,1193.5,363.7900085449219,472.22998046875,709.8599853515625,1,-1,-1,-1
160,305,272.44000244140625,364.7200012207031,508.30999755859375,705.6500244140625,1,-1,-1,-1
160,306,759.4000244140625,275.6499938964844,475.3599853515625,775.449951171875,1,-1,-1,-1
160,307,631.0800170898438,414.5,380.15997314453125,619.0999755859375,1,-1,-1,-1
160,304,1192.52001953125,363.1499938964844,473.949951171875,716.8499755859375,1,-1,-1,-1
160,312,1014.9000244140625,382.4100036621094,378.2099609375,632.969970703125,1,-1,-1,-1
161,305,270.9800109863281,362.45001220703125,509.3699645996094,708.7100219726562,1,-1,-1,-1
161,306,724.469970703125,278.57000732421875,525.6300048828125,773.3999633789062,1,-1,-1,-1
161,307,639.5999755859375,414.44000244140625,372.6300048828125,607.510009765625,1,-1,-1,-1
161,304,1193.4200439453125,361.25,472.02001953125,715.6500244140625,1,-1,-1,-1
161,312,1024.800048828125,384.739990234375,368.320068359375,631.27001953125,1,-1,-1,-1
162,305,276.1499938964844,366.489990234375,508.8500061035156,684.3900146484375,1,-1,-1,-1
162,306,716.0399780273438,282.95001220703125,513.7500610351562,768.1900024414062,1,-1,-1,-1
162,307,632.719970703125,409.9800109863281,384.79998779296875,609.9300537109375,1,-1,-1,-1
162,304,1189.300048828125,365.3399963378906,476.1099853515625,706.2100830078125,1,-1,-1,-1
162,312,1025.260009765625,382.8399963378906,367.52001953125,628.6199951171875,1,-1,-1,-1
163,305,271.45001220703125,365.7900085449219,512.0999755859375,685.52001953125,1,-1,-1,-1
163,306,738.7999877929688,282.6000061035156,491.19000244140625,775.25,1,-1,-1,-1
163,307,605.760009765625,406.44000244140625,398.1400146484375,599.9099731445312,1,-1,-1,-1
163,304,1181.0999755859375,368.7200012207031,484.239990234375,703.9000244140625,1,-1,-1,-1
163,312,1007.4000244140625,382.5199890136719,389.8900146484375,624.909912109375,1,-1,-1,-1
164,305,262.05999755859375,373.8299865722656,520.5900268554688,674.77001953125,1,-1,-1,-1
164,306,733.9199829101562,283.7099914550781,487.30999755859375,772.7900390625,1,-1,-1,-1
164,307,609.969970703125,408.760009765625,379.30999755859375,603.1599731445312,1,-1,-1,-1
164,304,1177.3900146484375,377.92999267578125,488.8599853515625,695.7699584960938,1,-1,-1,-1
164,312,1028.6400146484375,386.7699890136719,343.6800537109375,607.72998046875,1,-1,-1,-1
165,305,257.25,379.75,524.5700073242188,673.1400146484375,1,-1,-1,-1
165,306,714.9400024414062,288.2200012207031,503.46002197265625,770.8699951171875,1,-1,-1,-1
165,307,641.530029296875,405.7799987792969,377.54998779296875,627.43994140625,1,-1,-1,-1
165,304,1183.9599609375,378.8699951171875,481.550048828125,695.6400146484375,1,-1,-1,-1
165,312,1025.97998046875,388.7300109863281,374.550048828125,615.9400634765625,1,-1,-1,-1
166,305,255.55999755859375,385.6199951171875,528.0499877929688,666.8800048828125,1,-1,-1,-1
166,306,716.8699951171875,289.25,512.1900634765625,776.699951171875,1,-1,-1,-1
166,307,640.6099853515625,408.1300048828125,368.6099853515625,625.0899658203125,1,-1,-1,-1
166,304,1181.6300048828125,379.6099853515625,483.8399658203125,688.8900146484375,1,-1,-1,-1
166,312,1043.489990234375,390.17999267578125,325.75,618.3499755859375,1,-1,-1,-1
167,305,254.55999755859375,387.6199951171875,527.97998046875,660.3900146484375,1,-1,-1,-1
167,306,710.9400024414062,293.3299865722656,524.1900024414062,767.3499755859375,1,-1,-1,-1
167,307,622.75,407.3999938964844,387.79998779296875,619.179931640625,1,-1,-1,-1
167,304,1179.5999755859375,381.6499938964844,487.2000732421875,696.159912109375,1,-1,-1,-1
167,312,1028.5,393.6300048828125,341.3699951171875,614.9000244140625,1,-1,-1,-1
168,305,252.60000610351562,391.1199951171875,531.7000732421875,658.22998046875,1,-1,-1,-1
168,306,712.1300048828125,298.1700134277344,516.9600830078125,756.5499267578125,1,-1,-1,-1
168,307,597.6500244140625,405.4100036621094,380.1500244140625,611.169921875,1,-1,-1,-1
168,304,1189.1199951171875,384.9700012207031,475.97998046875,660.239990234375,1,-1,-1,-1
168,312,1024.1800537109375,393.1000061035156,330.6900634765625,616.9100341796875,1,-1,-1,-1
169,305,241.8800048828125,394.95001220703125,526.3800048828125,661.6900024414062,1,-1,-1,-1
169,306,692.97998046875,300.3900146484375,527.0400390625,759.0399169921875,1,-1,-1,-1
169,307,575.0499877929688,415.57000732421875,372.760009765625,600.239990234375,1,-1,-1,-1
169,304,1182.1700439453125,390.3299865722656,478.1600341796875,644.7900390625,1,-1,-1,-1
169,312,1011.1099853515625,395.7200012207031,359.7999267578125,621.4500732421875,1,-1,-1,-1
170,305,238.41000366210938,397.0199890136719,526.2999267578125,677.0,1,-1,-1,-1
170,306,665.6400146484375,303.239990234375,551.8299560546875,757.469970703125,1,-1,-1,-1
170,307,610.010009765625,416.6300048828125,268.45001220703125,605.280029296875,1,-1,-1,-1
170,304,1183.6300048828125,392.8900146484375,476.8299560546875,640.0999755859375,1,-1,-1,-1
170,312,1004.27001953125,395.7099914550781,396.0,628.9400634765625,1,-1,-1,-1
171,305,239.08999633789062,399.8699951171875,513.580078125,680.1300048828125,1,-1,-1,-1
171,306,660.6500244140625,306.2200012207031,554.6600341796875,750.81005859375,1,-1,-1,-1
171,307,575.0599975585938,418.260009765625,330.1300048828125,612.699951171875,1,-1,-1,-1
171,304,1172.1500244140625,395.6199951171875,490.2999267578125,648.1900634765625,1,-1,-1,-1
171,312,997.0900268554688,401.0400085449219,394.38995361328125,626.1500244140625,1,-1,-1,-1
172,305,238.47000122070312,401.1199951171875,508.7399597167969,678.8800048828125,1,-1,-1,-1
172,306,664.1500244140625,308.5899963378906,550.1500244140625,760.8599853515625,1,-1,-1,-1
172,307,570.0,423.29998779296875,358.760009765625,602.0300903320312,1,-1,-1,-1
172,304,1183.530029296875,396.6600036621094,478.010009765625,655.659912109375,1,-1,-1,-1
172,312,971.3400268554688,397.6499938964844,435.26995849609375,636.5699462890625,1,-1,-1,-1
173,305,238.6699981689453,402.4100036621094,503.510009765625,677.5899658203125,1,-1,-1,-1
173,306,699.2999877929688,308.9100036621094,496.10003662109375,771.0899658203125,1,-1,-1,-1
173,307,568.3300170898438,425.2900085449219,349.760009765625,602.669921875,1,-1,-1,-1
173,304,1167.800048828125,397.3399963378906,493.1099853515625,678.0999755859375,1,-1,-1,-1
173,312,982.010009765625,398.42999267578125,407.6400146484375,635.6100463867188,1,-1,-1,-1
174,305,236.17999267578125,402.0799865722656,503.1099853515625,677.9200439453125,1,-1,-1,-1
174,306,709.9000244140625,311.9599914550781,459.8800048828125,768.0400390625,1,-1,-1,-1
174,307,579.9199829101562,421.739990234375,359.23004150390625,613.179931640625,1,-1,-1,-1
174,304,1164.6300048828125,401.6499938964844,495.0400390625,677.989990234375,1,-1,-1,-1
174,312,996.6300048828125,397.3399963378906,387.0,622.9000244140625,1,-1,-1,-1
175,305,233.5,408.739990234375,502.1199951171875,671.260009765625,1,-1,-1,-1
175,306,702.530029296875,322.760009765625,507.300048828125,753.1300048828125,1,-1,-1,-1
175,307,576.8800048828125,414.260009765625,388.3699951171875,606.4099731445312,1,-1,-1,-1
175,304,1158.5,403.9599914550781,501.18994140625,666.1199951171875,1,-1,-1,-1
175,312,977.9099731445312,396.5400085449219,412.07000732421875,614.679931640625,1,-1,-1,-1
176,305,231.80999755859375,413.54998779296875,510.41998291015625,666.4500122070312,1,-1,-1,-1
176,306,715.3400268554688,324.739990234375,488.04998779296875,732.5400390625,1,-1,-1,-1
176,307,574.9199829101562,402.79998779296875,393.09002685546875,616.7899780273438,1,-1,-1,-1
176,304,1159.7900390625,401.25,501.93994140625,672.070068359375,1,-1,-1,-1
176,312,994.4400024414062,396.17999267578125,399.88006591796875,608.0999755859375,1,-1,-1,-1
177,305,230.4499969482422,415.6300048828125,510.0899658203125,664.3699951171875,1,-1,-1,-1
177,306,703.9400024414062,325.6099853515625,506.70001220703125,750.4000244140625,1,-1,-1,-1
177,307,571.8900146484375,399.04998779296875,414.57000732421875,620.8099975585938,1,-1,-1,-1
177,304,1160.6700439453125,403.6099853515625,498.7999267578125,671.8399658203125,1,-1,-1,-1
177,312,1006.8200073242188,395.260009765625,383.58001708984375,604.6500244140625,1,-1,-1,-1
178,305,232.00999450683594,416.04998779296875,510.1300048828125,663.9500122070312,1,-1,-1,-1
178,306,700.239990234375,326.0299987792969,506.68994140625,713.3900146484375,1,-1,-1,-1
178,307,574.8200073242188,402.07000732421875,412.95001220703125,613.7000122070312,1,-1,-1,-1
178,304,1161.8599853515625,402.989990234375,497.72998046875,669.8699951171875,1,-1,-1,-1
178,312,1012.0800170898438,396.5199890136719,364.22003173828125,597.0799560546875,1,-1,-1,-1
179,305,235.47999572753906,425.239990234375,509.94000244140625,631.330078125,1,-1,-1,-1
179,306,728.7899780273438,325.1400146484375,494.48004150390625,710.6600341796875,1,-1,-1,-1
179,307,560.760009765625,443.7099914550781,409.239990234375,548.300048828125,1,-1,-1,-1
179,304,1145.5699462890625,409.2300109863281,510.2999267578125,623.52001953125,1,-1,-1,-1
179,312,1023.6400146484375,399.25,360.8900146484375,596.7100219726562,1,-1,-1,-1
180,305,236.0800018310547,426.75,511.969970703125,621.409912109375,1,-1,-1,-1
180,306,730.3200073242188,325.8999938964844,478.86993408203125,711.760009765625,1,-1,-1,-1
180,307,566.2000122070312,446.2699890136719,390.489990234375,537.5799560546875,1,-1,-1,-1
180,304,1149.77001953125,409.42999267578125,505.7900390625,624.9400024414062,1,-1,-1,-1
180,312,1045.050048828125,400.1400146484375,354.3699951171875,607.2100219726562,1,-1,-1,-1
181,305,234.0,425.94000244140625,512.52001953125,626.8300170898438,1,-1,-1,-1
181,306,734.7000122070312,328.6199951171875,475.89007568359375,721.7100830078125,1,-1,-1,-1
181,307,567.5999755859375,445.1400146484375,398.94000244140625,541.47998046875,1,-1,-1,-1
181,304,1168.5400390625,406.8800048828125,486.969970703125,637.25,1,-1,-1,-1
181,312,1035.050048828125,398.6099853515625,359.429931640625,608.4600219726562,1,-1,-1,-1
182,305,227.30999755859375,432.239990234375,517.8300170898438,635.75,1,-1,-1,-1
182,306,705.2899780273438,333.4599914550781,495.26007080078125,704.469970703125,1,-1,-1,-1
182,307,580.1300048828125,440.5899963378906,392.0999755859375,538.1300048828125,1,-1,-1,-1
182,304,1173.0899658203125,407.8999938964844,482.239990234375,643.3299560546875,1,-1,-1,-1
182,312,1028.030029296875,400.6099853515625,363.949951171875,593.8499755859375,1,-1,-1,-1
183,305,229.22999572753906,436.6600036621094,517.52001953125,629.3099365234375,1,-1,-1,-1
183,306,717.4500122070312,334.67999267578125,483.63006591796875,702.4500122070312,1,-1,-1,-1
183,307,589.2999877929688,437.4700012207031,372.27996826171875,538.4400634765625,1,-1,-1,-1
183,304,1173.6500244140625,411.95001220703125,480.0,608.7899780273438,1,-1,-1,-1
183,312,1019.8300170898438,399.6199951171875,360.60992431640625,595.77001953125,1,-1,-1,-1
184,305,223.30999755859375,439.95001220703125,522.3900146484375,639.9699096679688,1,-1,-1,-1
184,306,700.52001953125,331.3999938964844,497.56005859375,717.3299560546875,1,-1,-1,-1
184,307,644.1500244140625,439.25,268.6700439453125,527.989990234375,1,-1,-1,-1
184,304,1167.719970703125,416.7200012207031,481.3699951171875,601.5,1,-1,-1,-1
184,312,1023.0599975585938,399.05999755859375,351.83001708984375,588.9400024414062,1,-1,-1,-1
185,305,219.27000427246094,444.7200012207031,518.5,632.8800048828125,1,-1,-1,-1
185,306,677.2999877929688,331.1000061035156,484.59002685546875,724.2000732421875,1,-1,-1,-1
185,307,626.1400146484375,434.1600036621094,268.5799560546875,550.760009765625,1,-1,-1,-1
185,304,1166.7900390625,419.0799865722656,480.820068359375,595.5400390625,1,-1,-1,-1
185,312,1014.27001953125,399.5400085449219,362.72998046875,579.739990234375,1,-1,-1,-1
186,305,215.4600067138672,444.7799987792969,520.7000122070312,627.780029296875,1,-1,-1,-1
186,306,667.22998046875,331.7200012207031,493.81005859375,743.6700439453125,1,-1,-1,-1
186,307,617.510009765625,428.7699890136719,270.280029296875,549.25,1,-1,-1,-1
186,304,1166.1300048828125,422.2900085449219,480.6300048828125,592.760009765625,1,-1,-1,-1
186,312,1002.9600219726562,400.9700012207031,339.16998291015625,568.06005859375,1,-1,-1,-1
187,305,215.49000549316406,446.75,520.1400146484375,633.25,1,-1,-1,-1
187,306,649.1300048828125,333.8800048828125,510.4599609375,733.72998046875,1,-1,-1,-1
187,307,599.1900024414062,425.8599853515625,288.1300048828125,542.5,1,-1,-1,-1
187,304,1164.300048828125,422.9100036621094,484.280029296875,593.0399169921875,1,-1,-1,-1
187,312,999.3499755859375,401.7099914550781,352.5499267578125,571.0999755859375,1,-1,-1,-1
188,305,218.2100067138672,448.70001220703125,523.3499755859375,625.9199829101562,1,-1,-1,-1
188,306,639.27001953125,331.95001220703125,519.159912109375,708.5800170898438,1,-1,-1,-1
188,307,598.3200073242188,426.0,278.64996337890625,548.239990234375,1,-1,-1,-1
188,304,1164.8800048828125,422.30999755859375,484.4300537109375,594.0499877929688,1,-1,-1,-1
188,312,989.3300170898438,400.6400146484375,377.51995849609375,568.760009765625,1,-1,-1,-1
189,305,213.85000610351562,453.1600036621094,515.56005859375,613.969970703125,1,-1,-1,-1
189,306,638.3200073242188,330.1400146484375,519.3099975585938,695.0499267578125,1,-1,-1,-1
189,307,547.9099731445312,419.70001220703125,447.30999755859375,583.9299926757812,1,-1,-1,-1
189,304,1157.6500244140625,423.95001220703125,489.8399658203125,589.260009765625,1,-1,-1,-1
189,312,984.1099853515625,400.4800109863281,353.8800048828125,556.9000244140625,1,-1,-1,-1
190,305,214.35000610351562,454.5299987792969,512.6199951171875,615.6199951171875,1,-1,-1,-1
190,306,631.97998046875,327.8900146484375,527.5,700.4600830078125,1,-1,-1,-1
190,307,546.1300048828125,416.6700134277344,451.760009765625,584.5899658203125,1,-1,-1,-1
190,304,1155.06005859375,424.6300048828125,493.9599609375,589.9199829101562,1,-1,-1,-1
190,312,979.9000244140625,403.45001220703125,378.8199462890625,556.27001953125,1,-1,-1,-1
191,305,215.24000549316406,457.6099853515625,509.6099853515625,595.4400634765625,1,-1,-1,-1
191,306,623.760009765625,329.69000244140625,544.010009765625,705.3800659179688,1,-1,-1,-1
191,307,549.3599853515625,414.8800048828125,450.1500244140625,573.239990234375,1,-1,-1,-1
191,304,1157.6700439453125,426.1499938964844,493.4500732421875,596.68994140625,1,-1,-1,-1
191,312,978.7899780273438,404.54998779296875,368.28997802734375,554.280029296875,1,-1,-1,-1
192,305,215.5399932861328,461.239990234375,506.0400390625,599.9599609375,1,-1,-1,-1
192,306,620.3099975585938,328.739990234375,553.6900024414062,702.830078125,1,-1,-1,-1
192,307,538.3900146484375,419.8900146484375,427.4200439453125,573.760009765625,1,-1,-1,-1
192,304,1159.68994140625,422.7799987792969,492.6300048828125,612.5899658203125,1,-1,-1,-1
192,312,959.8800048828125,411.0199890136719,413.4599609375,549.2099609375,1,-1,-1,-1
193,305,216.64999389648438,462.19000244140625,505.4399719238281,606.6699829101562,1,-1,-1,-1
193,306,684.530029296875,334.6400146484375,477.260009765625,692.239990234375,1,-1,-1,-1
193,307,526.9000244140625,429.3800048828125,357.8800048828125,585.1900024414062,1,-1,-1,-1
193,304,1130.6500244140625,422.9100036621094,520.0599365234375,616.659912109375,1,-1,-1,-1
193,312,955.719970703125,414.7200012207031,430.6300048828125,567.2000732421875,1,-1,-1,-1
194,305,217.8800048828125,468.3999938964844,526.4199829101562,603.72998046875,1,-1,-1,-1
194,306,695.4199829101562,339.7699890136719,470.41998291015625,716.949951171875,1,-1,-1,-1
194,307,566.4000244140625,446.489990234375,349.32000732421875,553.5999755859375,1,-1,-1,-1
194,304,1122.6500244140625,418.6199951171875,528.27001953125,637.3699951171875,1,-1,-1,-1
194,312,952.9500122070312,424.8399963378906,445.24993896484375,573.0,1,-1,-1,-1
195,305,219.6999969482422,472.489990234375,509.75,605.8800048828125,1,-1,-1,-1
195,306,723.1500244140625,340.79998779296875,456.97998046875,733.6699829101562,1,-1,-1,-1
195,307,600.8900146484375,471.30999755859375,295.4599609375,532.9600219726562,1,-1,-1,-1
195,304,1132.1099853515625,414.95001220703125,519.0899658203125,616.2199096679688,1,-1,-1,-1
195,312,982.1699829101562,438.7900085449219,418.63006591796875,560.0499267578125,1,-1,-1,-1
196,305,217.94000244140625,475.4700012207031,510.67999267578125,594.3499755859375,1,-1,-1,-1
196,306,709.9199829101562,341.9100036621094,499.16998291015625,719.6199951171875,1,-1,-1,-1
196,307,606.47998046875,476.92999267578125,268.9599609375,528.6300048828125,1,-1,-1,-1
196,304,1129.0699462890625,410.0400085449219,521.2999267578125,600.739990234375,1,-1,-1,-1
196,312,983.780029296875,443.3299865722656,413.510009765625,544.6199951171875,1,-1,-1,-1
197,305,217.6199951171875,476.3500061035156,510.5400390625,586.3599853515625,1,-1,-1,-1
197,306,702.6199951171875,346.1000061035156,508.8299560546875,733.9000244140625,1,-1,-1,-1
197,307,596.489990234375,485.8999938964844,278.75,516.8399658203125,1,-1,-1,-1
197,304,1127.300048828125,409.0899963378906,522.4599609375,596.72998046875,1,-1,-1,-1
197,312,970.9199829101562,450.04998779296875,424.07000732421875,534.25,1,-1,-1,-1
198,305,215.85000610351562,478.7799987792969,513.969970703125,581.989990234375,1,-1,-1,-1
198,306,696.739990234375,345.0199890136719,512.239990234375,715.3699951171875,1,-1,-1,-1
198,307,598.1799926757812,490.55999755859375,279.71002197265625,493.989990234375,1,-1,-1,-1
198,304,1132.280029296875,415.1499938964844,514.580078125,586.159912109375,1,-1,-1,-1
198,312,948.5999755859375,451.25,425.219970703125,520.0,1,-1,-1,-1
199,305,209.35000610351562,473.69000244140625,535.9000244140625,603.3600463867188,1,-1,-1,-1
199,306,721.9500122070312,351.3999938964844,493.09002685546875,698.5499267578125,1,-1,-1,-1
199,304,1141.9200439453125,414.5,507.6700439453125,582.4400024414062,1,-1,-1,-1
199,312,968.280029296875,451.0299987792969,437.31005859375,496.6700134277344,1,-1,-1,-1
200,305,210.2899932861328,462.3900146484375,531.4600219726562,608.4400634765625,1,-1,-1,-1
200,306,726.1900024414062,348.05999755859375,485.92999267578125,710.6299438476562,1,-1,-1,-1
200,304,1163.030029296875,408.7799987792969,485.9100341796875,591.0699462890625,1,-1,-1,-1
200,312,960.8200073242188,445.7099914550781,440.99005126953125,539.4100341796875,1,-1,-1,-1
200,307,602.260009765625,476.9100036621094,288.530029296875,480.6300354003906,1,-1,-1,-1
201,305,213.6199951171875,451.45001220703125,533.9199829101562,603.7699584960938,1,-1,-1,-1
201,306,710.030029296875,347.5299987792969,491.550048828125,682.6199951171875,1,-1,-1,-1
201,304,1164.6199951171875,404.4200134277344,479.72998046875,594.669921875,1,-1,-1,-1
201,312,994.760009765625,446.1700134277344,302.8499755859375,508.4299621582031,1,-1,-1,-1
201,307,603.0999755859375,467.7699890136719,260.4200439453125,489.4700012207031,1,-1,-1,-1
202,305,212.57000732421875,437.07000732421875,529.22998046875,599.8899536132812,1,-1,-1,-1
202,306,677.6300048828125,337.32000732421875,537.2999267578125,708.0399780273438,1,-1,-1,-1
202,304,1181.6199951171875,396.1700134277344,443.1600341796875,606.5599365234375,1,-1,-1,-1
202,312,974.239990234375,443.3699951171875,310.6700439453125,546.280029296875,1,-1,-1,-1
202,307,533.0399780273438,452.2200012207031,384.6400146484375,542.739990234375,1,-1,-1,-1
203,305,214.3699951171875,426.7699890136719,559.8900146484375,611.5799560546875,1,-1,-1,-1
203,306,679.239990234375,335.32000732421875,539.3900146484375,692.2400512695312,1,-1,-1,-1
203,304,1179.5,393.7300109863281,440.06005859375,611.570068359375,1,-1,-1,-1
203,312,1016.6400146484375,450.1000061035156,270.7900390625,533.6700439453125,1,-1,-1,-1
203,307,555.4299926757812,445.8599853515625,329.54998779296875,550.4099731445312,1,-1,-1,-1
204,305,216.55999755859375,409.6499938964844,555.9600219726562,620.93994140625,1,-1,-1,-1
204,306,676.52001953125,332.67999267578125,538.3699951171875,699.1699829101562,1,-1,-1,-1
204,304,1180.699951171875,387.8800048828125,440.429931640625,614.5,1,-1,-1,-1
204,312,1016.22998046875,434.3599853515625,288.81005859375,546.9299926757812,1,-1,-1,-1
204,307,574.7100219726562,466.9800109863281,337.510009765625,514.530029296875,1,-1,-1,-1
205,305,215.10000610351562,389.07000732421875,547.56005859375,640.7700805664062,1,-1,-1,-1
205,306,674.739990234375,313.6199951171875,532.3599853515625,715.3299560546875,1,-1,-1,-1
205,304,1181.1300048828125,374.3900146484375,439.27001953125,630.969970703125,1,-1,-1,-1
205,312,1028.949951171875,391.1600036621094,328.31005859375,597.02001953125,1,-1,-1,-1
205,307,530.75,425.32000732421875,429.719970703125,570.72998046875,1,-1,-1,-1
206,305,216.8699951171875,383.19000244140625,552.6599731445312,654.6799926757812,1,-1,-1,-1
206,306,677.97998046875,304.29998779296875,523.909912109375,723.2100219726562,1,-1,-1,-1
206,304,1201.22998046875,365.2200012207031,417.9100341796875,637.0,1,-1,-1,-1
206,312,1006.3800048828125,378.6499938964844,325.5400390625,613.469970703125,1,-1,-1,-1
206,307,544.8800048828125,412.4100036621094,417.6099853515625,598.3699951171875,1,-1,-1,-1
207,305,212.49000549316406,369.0400085449219,563.6699829101562,669.5399169921875,1,-1,-1,-1
207,306,684.0900268554688,295.8599853515625,520.0499877929688,732.030029296875,1,-1,-1,-1
207,304,1205.3599853515625,360.2699890136719,413.780029296875,642.530029296875,1,-1,-1,-1
207,312,1006.1500244140625,367.6700134277344,345.75,630.2999267578125,1,-1,-1,-1
207,307,569.9600219726562,399.510009765625,379.52996826171875,596.3400268554688,1,-1,-1,-1
208,305,214.67999267578125,356.6400146484375,581.260009765625,699.9200439453125,1,-1,-1,-1
208,306,689.9299926757812,287.05999755859375,520.8800659179688,739.3099975585938,1,-1,-1,-1
208,304,1203.300048828125,359.489990234375,415.8599853515625,643.8300170898438,1,-1,-1,-1
208,312,992.530029296875,356.9200134277344,390.7099609375,643.909912109375,1,-1,-1,-1
208,307,522.0399780273438,394.69000244140625,396.989990234375,610.3200073242188,1,-1,-1,-1
209,305,219.13999938964844,334.70001220703125,570.8699951171875,743.2000122070312,1,-1,-1,-1
209,306,701.3400268554688,281.260009765625,504.80999755859375,757.97998046875,1,-1,-1,-1
209,304,1213.6500244140625,349.6000061035156,409.260009765625,655.8800048828125,1,-1,-1,-1
209,312,995.030029296875,376.07000732421875,384.030029296875,594.2100219726562,1,-1,-1,-1
209,307,545.6799926757812,381.80999755859375,392.6400146484375,585.5599975585938,1,-1,-1,-1
210,305,216.8699951171875,329.489990234375,566.9099731445312,736.550048828125,1,-1,-1,-1
210,306,707.0399780273438,275.5199890136719,497.26995849609375,769.4599609375,1,-1,-1,-1
210,304,1216.7900390625,346.19000244140625,409.5,659.260009765625,1,-1,-1,-1
210,312,1000.5999755859375,372.3500061035156,373.969970703125,594.010009765625,1,-1,-1,-1
210,307,593.9199829101562,370.07000732421875,363.91998291015625,610.5700073242188,1,-1,-1,-1
211,305,218.11000061035156,319.9800109863281,562.7899780273438,727.8699951171875,1,-1,-1,-1
211,306,699.4400024414062,269.6000061035156,503.98992919921875,794.9200439453125,1,-1,-1,-1
211,304,1219.3900146484375,338.45001220703125,409.6500244140625,665.2899780273438,1,-1,-1,-1
211,312,996.260009765625,365.4700012207031,373.6500244140625,600.1500244140625,1,-1,-1,-1
211,307,592.4199829101562,350.4200134277344,364.78997802734375,652.530029296875,1,-1,-1,-1
212,305,224.0800018310547,305.6300048828125,577.8599853515625,774.3699951171875,1,-1,-1,-1
212,306,702.6500244140625,259.44000244140625,496.3499755859375,779.7299194335938,1,-1,-1,-1
212,304,1222.030029296875,332.2799987792969,407.2900390625,673.3299560546875,1,-1,-1,-1
212,312,1000.47998046875,345.1000061035156,349.739990234375,609.1600341796875,1,-1,-1,-1
212,307,580.1400146484375,340.2300109863281,355.4000244140625,648.6400146484375,1,-1,-1,-1
213,305,227.02000427246094,294.1099853515625,561.010009765625,747.3699951171875,1,-1,-1,-1
213,306,705.0999755859375,260.7300109863281,492.280029296875,790.090087890625,1,-1,-1,-1
213,304,1221.27001953125,331.79998779296875,410.4599609375,676.0900268554688,1,-1,-1,-1
213,312,1009.780029296875,344.3800048828125,334.8900146484375,611.969970703125,1,-1,-1,-1
213,307,586.4600219726562,332.69000244140625,369.30999755859375,650.2899780273438,1,-1,-1,-1
214,305,243.60000610351562,291.0,473.1700134277344,763.5,1,-1,-1,-1
214,306,713.469970703125,266.2699890136719,483.489990234375,774.159912109375,1,-1,-1,-1
214,304,1225.6400146484375,328.42999267578125,406.8399658203125,682.260009765625,1,-1,-1,-1
214,312,1018.3699951171875,331.94000244140625,356.3800048828125,639.489990234375,1,-1,-1,-1
214,307,584.0800170898438,327.5799865722656,373.02996826171875,642.3900146484375,1,-1,-1,-1
215,305,249.36000061035156,252.67999267578125,461.6300048828125,778.5800170898438,1,-1,-1,-1
215,306,719.1599731445312,259.8900146484375,473.83001708984375,776.25,1,-1,-1,-1
215,304,1225.8499755859375,319.6700134277344,404.4200439453125,691.409912109375,1,-1,-1,-1
215,312,1040.8299560546875,326.07000732421875,334.27001953125,642.1300048828125,1,-1,-1,-1
215,307,568.0900268554688,320.1199951171875,379.1099853515625,637.8400268554688,1,-1,-1,-1
216,305,245.88999938964844,250.5500030517578,462.66998291015625,782.6799926757812,1,-1,-1,-1
216,306,718.9199829101562,257.6199951171875,472.17999267578125,779.72998046875,1,-1,-1,-1
216,304,1228.239990234375,313.0799865722656,399.929931640625,693.030029296875,1,-1,-1,-1
216,312,1050.4100341796875,323.0299987792969,328.0999755859375,633.3499755859375,1,-1,-1,-1
216,307,558.9400024414062,319.7300109863281,380.33001708984375,641.780029296875,1,-1,-1,-1
217,305,255.08999633789062,242.0,444.0799865722656,777.02001953125,1,-1,-1,-1
217,306,720.7100219726562,256.8599853515625,471.95001220703125,777.469970703125,1,-1,-1,-1
217,304,1234.030029296875,312.9800109863281,391.0799560546875,698.77001953125,1,-1,-1,-1
217,312,1056.3900146484375,321.0400085449219,313.719970703125,618.3499755859375,1,-1,-1,-1
217,307,576.1500244140625,321.3999938964844,357.5899658203125,624.77001953125,1,-1,-1,-1
218,305,260.79998779296875,231.08999633789062,426.1400146484375,788.330078125,1,-1,-1,-1
218,306,720.2999877929688,257.67999267578125,471.45001220703125,768.4500122070312,1,-1,-1,-1
218,304,1237.77001953125,311.1400146484375,384.489990234375,707.72998046875,1,-1,-1,-1
218,312,1060.9599609375,320.42999267578125,310.300048828125,627.8200073242188,1,-1,-1,-1
218,307,567.8599853515625,323.6499938964844,355.6099853515625,637.3699951171875,1,-1,-1,-1
219,305,262.9100036621094,208.22000122070312,409.6499938964844,845.510009765625,1,-1,-1,-1
219,306,711.469970703125,254.80999755859375,474.93994140625,774.4299926757812,1,-1,-1,-1
219,304,1239.1199951171875,301.05999755859375,382.6099853515625,717.4099731445312,1,-1,-1,-1
219,312,1031.3800048828125,312.1199951171875,351.4500732421875,666.8599853515625,1,-1,-1,-1
219,307,533.1599731445312,328.3800048828125,358.77996826171875,667.3699951171875,1,-1,-1,-1
220,305,260.6400146484375,199.86000061035156,414.8800048828125,839.8499755859375,1,-1,-1,-1
220,306,707.6599731445312,249.5500030517578,476.74993896484375,779.1300659179688,1,-1,-1,-1
220,304,1240.699951171875,295.6099853515625,380.3699951171875,719.25,1,-1,-1,-1
220,312,1030.2099609375,312.8599853515625,348.8399658203125,643.8099975585938,1,-1,-1,-1
220,307,527.469970703125,326.82000732421875,365.6300048828125,679.9299926757812,1,-1,-1,-1
221,305,262.7900085449219,187.02000427246094,410.3700256347656,840.3099365234375,1,-1,-1,-1
221,306,704.5999755859375,242.97000122070312,481.260009765625,784.9400634765625,1,-1,-1,-1
221,304,1244.9599609375,287.6000061035156,373.4100341796875,723.239990234375,1,-1,-1,-1
221,312,1027.719970703125,317.0799865722656,351.3800048828125,640.9300537109375,1,-1,-1,-1
221,307,531.2999877929688,324.9800109863281,346.77996826171875,677.2900390625,1,-1,-1,-1
222,305,242.3000030517578,157.80999755859375,421.4000244140625,866.1900024414062,1,-1,-1,-1
222,306,706.469970703125,217.55999755859375,475.239990234375,812.1499633789062,1,-1,-1,-1
222,304,1246.760009765625,276.0799865722656,370.719970703125,735.239990234375,1,-1,-1,-1
222,312,1035.800048828125,328.9200134277344,336.8399658203125,643.3599853515625,1,-1,-1,-1
222,307,539.77001953125,317.260009765625,352.2900390625,684.4600219726562,1,-1,-1,-1
223,305,211.14999389648438,137.1699981689453,457.3099670410156,895.4400024414062,1,-1,-1,-1
223,306,702.27001953125,210.82000732421875,478.510009765625,820.5200805664062,1,-1,-1,-1
223,304,1247.300048828125,275.19000244140625,370.1600341796875,737.8300170898438,1,-1,-1,-1
223,312,1038.93994140625,331.1400146484375,345.550048828125,656.4500122070312,1,-1,-1,-1
223,307,537.0800170898438,317.4200134277344,332.8599853515625,694.25,1,-1,-1,-1
224,305,245.24000549316406,155.97999572753906,413.1400146484375,874.3599853515625,1,-1,-1,-1
224,306,670.0599975585938,211.39999389648438,509.38995361328125,820.3199462890625,1,-1,-1,-1
224,304,1247.800048828125,271.7799987792969,373.68994140625,750.52001953125,1,-1,-1,-1
224,312,1050.3699951171875,333.55999755859375,336.8900146484375,681.1699829101562,1,-1,-1,-1
224,307,528.1199951171875,308.0400085449219,375.25,688.760009765625,1,-1,-1,-1
225,305,257.80999755859375,191.25999450683594,383.58001708984375,834.239990234375,1,-1,-1,-1
225,306,664.5499877929688,204.2100067138672,508.08001708984375,828.2899780273438,1,-1,-1,-1
225,304,1251.9100341796875,260.989990234375,362.719970703125,766.5400390625,1,-1,-1,-1
225,312,1034.7900390625,326.7900085449219,333.8399658203125,695.2899169921875,1,-1,-1,-1
225,307,523.02001953125,304.79998779296875,349.6199951171875,730.9099731445312,1,-1,-1,-1
226,305,258.2900085449219,214.39999389648438,374.5799865722656,814.919921875,1,-1,-1,-1
226,306,671.1900024414062,203.13999938964844,500.79998779296875,830.77001953125,1,-1,-1,-1
226,304,1252.2900390625,257.010009765625,359.27001953125,757.72998046875,1,-1,-1,-1
226,312,1031.8399658203125,327.0899963378906,334.4200439453125,698.22998046875,1,-1,-1,-1
226,307,555.8200073242188,300.0899963378906,324.14996337890625,712.8499755859375,1,-1,-1,-1
227,305,256.2099914550781,218.1300048828125,368.4400329589844,812.72998046875,1,-1,-1,-1
227,306,684.1500244140625,205.72000122070312,490.6400146484375,827.1199951171875,1,-1,-1,-1
227,304,1254.6500244140625,249.8300018310547,343.77001953125,759.1900024414062,1,-1,-1,-1
227,312,1035.5799560546875,323.989990234375,330.9100341796875,696.3300170898438,1,-1,-1,-1
227,307,541.0700073242188,296.79998779296875,350.98004150390625,715.0,1,-1,-1,-1
228,305,256.7799987792969,222.64999389648438,357.5199890136719,808.6300048828125,1,-1,-1,-1
228,306,701.3599853515625,209.0399932861328,476.3199462890625,824.7100219726562,1,-1,-1,-1
228,304,1261.0,250.5800018310547,330.8399658203125,760.5599975585938,1,-1,-1,-1
228,312,1031.6400146484375,325.95001220703125,322.1900634765625,657.52001953125,1,-1,-1,-1
228,307,551.5900268554688,296.30999755859375,336.45001220703125,696.010009765625,1,-1,-1,-1
229,305,253.13999938964844,237.0500030517578,334.02996826171875,798.4000854492188,1,-1,-1,-1
229,306,695.4299926757812,211.2100067138672,491.00994873046875,823.7100219726562,1,-1,-1,-1
229,304,1267.9300537109375,254.2100067138672,320.9000244140625,763.239990234375,1,-1,-1,-1
229,312,1025.4100341796875,317.79998779296875,350.4300537109375,683.7999877929688,1,-1,-1,-1
229,307,544.9500122070312,295.7200012207031,363.1300048828125,722.1300048828125,1,-1,-1,-1
230,305,250.9499969482422,240.13999938964844,329.92999267578125,784.93994140625,1,-1,-1,-1
230,306,693.0700073242188,208.52000427246094,502.77996826171875,825.429931640625,1,-1,-1,-1
230,304,1268.27001953125,254.61000061035156,320.949951171875,763.27001953125,1,-1,-1,-1
230,312,1032.7900390625,312.80999755859375,345.5799560546875,708.260009765625,1,-1,-1,-1
230,307,533.8300170898438,297.0400085449219,395.39996337890625,716.8299560546875,1,-1,-1,-1
231,305,239.8300018310547,241.10000610351562,334.239990234375,785.4400634765625,1,-1,-1,-1
231,306,695.1599731445312,205.30999755859375,498.90997314453125,827.9800415039062,1,-1,-1,-1
231,304,1269.0,254.0,320.239990234375,766.8400268554688,1,-1,-1,-1
231,312,1026.3399658203125,304.92999267578125,343.6400146484375,708.1799926757812,1,-1,-1,-1
231,307,544.9099731445312,296.7699890136719,372.23004150390625,702.8599853515625,1,-1,-1,-1
232,305,156.99000549316406,244.66000366210938,406.70001220703125,786.929931640625,1,-1,-1,-1
232,306,725.97998046875,205.14999389648438,503.5799560546875,829.739990234375,1,-1,-1,-1
232,304,1272.6500244140625,251.6199951171875,317.280029296875,768.1500244140625,1,-1,-1,-1
232,312,1019.989990234375,295.95001220703125,308.43994140625,706.9500122070312,1,-1,-1,-1
232,307,549.739990234375,294.9100036621094,361.42999267578125,714.010009765625,1,-1,-1,-1
233,305,138.67999267578125,248.7100067138672,420.91998291015625,785.3400268554688,1,-1,-1,-1
233,306,723.0800170898438,204.58999633789062,498.95001220703125,835.4100341796875,1,-1,-1,-1
233,304,1273.3599853515625,251.0399932861328,316.1800537109375,774.5800170898438,1,-1,-1,-1
233,312,1024.300048828125,293.5400085449219,314.8900146484375,705.949951171875,1,-1,-1,-1
233,307,564.3699951171875,294.0,344.42999267578125,710.5900268554688,1,-1,-1,-1
234,305,118.23999786376953,252.60000610351562,431.19000244140625,792.56005859375,1,-1,-1,-1
234,306,753.1400146484375,203.7899932861328,419.47998046875,834.6900024414062,1,-1,-1,-1
234,304,1278.3299560546875,254.64999389648438,314.8299560546875,770.1500244140625,1,-1,-1,-1
234,312,1021.1799926757812,294.739990234375,320.42999267578125,733.25,1,-1,-1,-1
234,307,587.0,295.25,309.8399658203125,741.97998046875,1,-1,-1,-1
235,305,118.13999938964844,248.3800048828125,427.26995849609375,805.1300048828125,1,-1,-1,-1
235,306,693.25,205.0,483.5999755859375,830.43994140625,1,-1,-1,-1
235,304,1266.1099853515625,256.0799865722656,321.739990234375,788.010009765625,1,-1,-1,-1
235,312,1041.6700439453125,298.2099914550781,318.6600341796875,690.6099853515625,1,-1,-1,-1
235,307,591.27001953125,299.7699890136719,291.3499755859375,700.469970703125,1,-1,-1,-1
236,305,110.81999969482422,242.32000732421875,437.40997314453125,809.0499877929688,1,-1,-1,-1
236,306,649.22998046875,202.3699951171875,504.1700439453125,842.02001953125,1,-1,-1,-1
236,304,1255.2900390625,256.7300109863281,332.3900146484375,772.6800537109375,1,-1,-1,-1
236,312,1026.1300048828125,297.5299987792969,327.6500244140625,701.199951171875,1,-1,-1,-1
236,307,590.6900024414062,300.0899963378906,295.8800048828125,692.5400390625,1,-1,-1,-1
237,305,110.61000061035156,240.8000030517578,424.09002685546875,820.2200317382812,1,-1,-1,-1
237,306,664.9299926757812,204.2100067138672,528.0099487304688,838.7000122070312,1,-1,-1,-1
237,304,1232.6600341796875,254.85000610351562,356.0,789.02001953125,1,-1,-1,-1
237,312,1025.1600341796875,296.3900146484375,327.6700439453125,704.219970703125,1,-1,-1,-1
237,307,591.8900146484375,304.5,290.239990234375,692.0,1,-1,-1,-1
238,305,111.83999633789062,237.4600067138672,420.9999694824219,829.3999633789062,1,-1,-1,-1
238,306,667.6599731445312,201.60000610351562,494.96002197265625,842.489990234375,1,-1,-1,-1
238,304,1225.9200439453125,253.0800018310547,364.3800048828125,794.9500122070312,1,-1,-1,-1
238,312,1018.3900146484375,296.32000732421875,313.530029296875,729.8599243164062,1,-1,-1,-1
238,307,562.4000244140625,305.7200012207031,320.989990234375,687.760009765625,1,-1,-1,-1
239,305,104.33000183105469,212.00999450683594,422.260009765625,862.260009765625,1,-1,-1,-1
239,306,676.8800048828125,190.39999389648438,463.9300537109375,856.93994140625,1,-1,-1,-1
239,304,1206.75,248.41000366210938,383.9000244140625,785.4000244140625,1,-1,-1,-1
239,312,975.6799926757812,295.7699890136719,378.49993896484375,713.919921875,1,-1,-1,-1
239,307,456.9700012207031,322.8999938964844,417.8999938964844,695.5999755859375,1,-1,-1,-1
240,305,101.73999786376953,205.0,429.29998779296875,875.0,1,-1,-1,-1
240,306,674.4600219726562,187.39999389648438,455.36004638671875,856.409912109375,1,-1,-1,-1
240,304,1201.949951171875,245.75,386.31005859375,791.5,1,-1,-1,-1
240,312,986.3699951171875,292.57000732421875,354.1500244140625,692.7000122070312,1,-1,-1,-1
240,307,433.0400085449219,321.5799865722656,432.6899719238281,697.1300048828125,1,-1,-1,-1
241,305,105.01000213623047,201.82000732421875,427.65997314453125,855.0800170898438,1,-1,-1,-1
241,306,664.8200073242188,188.47000122070312,432.77996826171875,858.340087890625,1,-1,-1,-1
241,304,1191.1500244140625,243.27999877929688,388.4300537109375,784.0699462890625,1,-1,-1,-1
241,312,969.1400146484375,290.8699951171875,363.0799560546875,706.6500244140625,1,-1,-1,-1
241,307,426.239990234375,312.3699951171875,450.5999755859375,707.8400268554688,1,-1,-1,-1
242,305,128.89999389648438,196.6300048828125,405.0000305175781,851.1900634765625,1,-1,-1,-1
242,306,656.77001953125,175.13999938964844,398.1300048828125,870.1199951171875,1,-1,-1,-1
242,304,1193.81005859375,237.24000549316406,342.1700439453125,790.080078125,1,-1,-1,-1
242,312,919.280029296875,284.70001220703125,367.9000244140625,760.6100463867188,1,-1,-1,-1
242,307,417.0400085449219,304.3599853515625,445.8099670410156,690.3699951171875,1,-1,-1,-1
243,305,130.33999633789062,195.8800048828125,403.8200378417969,855.4400634765625,1,-1,-1,-1
243,306,657.2000122070312,177.36000061035156,376.80999755859375,866.6300048828125,1,-1,-1,-1
243,304,1193.530029296875,238.52000427246094,331.0400390625,794.0399169921875,1,-1,-1,-1
243,312,948.3400268554688,284.510009765625,315.61993408203125,733.760009765625,1,-1,-1,-1
243,307,413.7799987792969,303.69000244140625,416.8199768066406,688.9099731445312,1,-1,-1,-1
244,305,131.86000061035156,191.7899932861328,395.82000732421875,861.2899780273438,1,-1,-1,-1
244,304,1192.9599609375,239.44000244140625,307.75,796.5599975585938,1,-1,-1,-1
244,312,947.7999877929688,278.7200012207031,305.98004150390625,725.239990234375,1,-1,-1,-1
244,307,426.1700134277344,295.8699951171875,369.5499572753906,714.969970703125,1,-1,-1,-1
245,305,133.86000061035156,191.49000549316406,394.22003173828125,858.590087890625,1,-1,-1,-1
245,304,1195.4100341796875,234.9499969482422,281.7900390625,801.2599487304688,1,-1,-1,-1
245,312,955.5499877929688,273.2099914550781,283.22003173828125,740.1600341796875,1,-1,-1,-1
245,307,439.4100036621094,291.54998779296875,332.5599670410156,723.510009765625,1,-1,-1,-1
245,306,617.1300048828125,165.8000030517578,410.3800048828125,878.8700561523438,1,-1,-1,-1
246,305,133.72000122070312,191.75,396.4700012207031,858.0,1,-1,-1,-1
246,304,1178.469970703125,234.0500030517578,294.469970703125,797.5200805664062,1,-1,-1,-1
246,312,960.239990234375,272.69000244140625,278.2099609375,721.010009765625,1,-1,-1,-1
246,307,435.19000244140625,291.3900146484375,332.3900146484375,713.9099731445312,1,-1,-1,-1
246,306,611.6799926757812,161.75999450683594,418.21002197265625,875.43994140625,1,-1,-1,-1
247,305,135.88999938964844,191.4199981689453,394.3699951171875,858.3099975585938,1,-1,-1,-1
247,304,1178.780029296875,233.38999938964844,295.5,795.6099853515625,1,-1,-1,-1
247,312,961.4099731445312,272.8399963378906,269.59002685546875,732.530029296875,1,-1,-1,-1
247,307,437.32000732421875,291.17999267578125,331.80999755859375,721.219970703125,1,-1,-1,-1
247,306,604.3099975585938,161.69000244140625,446.70001220703125,876.0299682617188,1,-1,-1,-1
248,305,137.60000610351562,191.27999877929688,393.7399597167969,854.8599853515625,1,-1,-1,-1
248,304,1183.5699462890625,233.1999969482422,292.4500732421875,795.3699340820312,1,-1,-1,-1
248,312,954.5800170898438,271.7699890136719,272.44000244140625,727.1099853515625,1,-1,-1,-1
248,307,446.6000061035156,291.7200012207031,322.1499938964844,704.1700439453125,1,-1,-1,-1
248,306,601.0800170898438,160.25999450683594,465.40997314453125,886.8399658203125,1,-1,-1,-1
249,305,139.38999938964844,190.47000122070312,392.22998046875,855.4000244140625,1,-1,-1,-1
249,304,1189.199951171875,233.2100067138672,291.969970703125,803.9199829101562,1,-1,-1,-1
249,312,956.02001953125,268.3699951171875,270.429931640625,726.5599975585938,1,-1,-1,-1
249,307,438.54998779296875,289.6099853515625,335.03997802734375,720.9199829101562,1,-1,-1,-1
249,306,615.77001953125,164.5399932861328,413.9100341796875,874.5300903320312,1,-1,-1,-1
250,305,141.74000549316406,190.57000732421875,394.8800048828125,849.6699829101562,1,-1,-1,-1
250,304,1176.1800537109375,232.4600067138672,307.8699951171875,799.4699096679688,1,-1,-1,-1
250,312,953.7999877929688,267.4700012207031,277.26007080078125,752.1700439453125,1,-1,-1,-1
250,307,439.0400085449219,291.7699890136719,346.3099670410156,713.489990234375,1,-1,-1,-1
250,306,647.9199829101562,164.00999450683594,379.65997314453125,868.8599853515625,1,-1,-1,-1
251,305,145.58999633789062,189.5500030517578,393.7599792480469,846.9700317382812,1,-1,-1,-1
251,304,1137.530029296875,230.6300048828125,348.6300048828125,795.8699951171875,1,-1,-1,-1
251,312,952.6099853515625,265.4800109863281,279.010009765625,754.4500732421875,1,-1,-1,-1
251,307,440.94000244140625,291.2900085449219,331.92999267578125,700.68994140625,1,-1,-1,-1
251,306,657.6500244140625,166.30999755859375,383.5400390625,865.1799926757812,1,-1,-1,-1
252,305,153.07000732421875,188.63999938964844,394.67999267578125,852.02001953125,1,-1,-1,-1
252,304,1133.8199462890625,228.55999755859375,357.1800537109375,808.7000122070312,1,-1,-1,-1
252,312,959.030029296875,265.1400146484375,288.3299560546875,744.6799926757812,1,-1,-1,-1
252,307,432.1300048828125,288.4599914550781,356.02001953125,737.6400146484375,1,-1,-1,-1
252,306,678.5999755859375,165.92999267578125,377.6500244140625,866.2299194335938,1,-1,-1,-1
253,305,160.11000061035156,187.42999267578125,390.42999267578125,849.7799682617188,1,-1,-1,-1
253,304,1157.3900146484375,230.75999450683594,343.989990234375,808.8299560546875,1,-1,-1,-1
253,312,963.3900146484375,262.0400085449219,319.2000732421875,766.52001953125,1,-1,-1,-1
253,307,446.1600036621094,287.1099853515625,346.4599914550781,741.469970703125,1,-1,-1,-1
253,306,677.6099853515625,166.6199951171875,372.9599609375,861.780029296875,1,-1,-1,-1
254,305,166.19000244140625,188.4499969482422,395.3599853515625,847.4500122070312,1,-1,-1,-1
254,304,1130.0999755859375,229.5399932861328,376.6300048828125,795.8400268554688,1,-1,-1,-1
254,312,961.0700073242188,251.6300048828125,285.23004150390625,768.8599853515625,1,-1,-1,-1
254,307,429.010009765625,288.5400085449219,358.47998046875,749.1300048828125,1,-1,-1,-1
254,306,693.6799926757812,165.7899932861328,366.38006591796875,863.8900756835938,1,-1,-1,-1
255,305,173.17999267578125,189.47000122070312,391.48004150390625,843.1900634765625,1,-1,-1,-1
255,304,1138.510009765625,227.0399932861328,372.18994140625,796.6199951171875,1,-1,-1,-1
255,312,974.9199829101562,246.25,276.98992919921875,776.0700073242188,1,-1,-1,-1
255,307,462.8599853515625,289.489990234375,338.32000732421875,700.97998046875,1,-1,-1,-1
255,306,703.8400268554688,167.1300048828125,347.66998291015625,862.4400634765625,1,-1,-1,-1
256,305,178.88999938964844,190.3699951171875,384.52996826171875,841.6300048828125,1,-1,-1,-1
256,304,1155.6199951171875,225.6199951171875,357.3399658203125,800.9000244140625,1,-1,-1,-1
256,312,978.5599975585938,241.07000732421875,278.04998779296875,776.2999877929688,1,-1,-1,-1
256,307,441.2099914550781,288.9599914550781,364.0600280761719,709.3599853515625,1,-1,-1,-1
256,306,708.8400268554688,166.17999267578125,329.70001220703125,868.2799682617188,1,-1,-1,-1
257,305,186.10000610351562,189.9600067138672,382.1099548339844,840.5399780273438,1,-1,-1,-1
257,304,1163.6700439453125,224.64999389648438,351.510009765625,799.030029296875,1,-1,-1,-1
257,312,983.7899780273438,246.66000366210938,274.97003173828125,750.0599365234375,1,-1,-1,-1
257,307,464.0400085449219,287.7300109863281,341.0599670410156,706.22998046875,1,-1,-1,-1
257,306,714.010009765625,165.22999572753906,359.4100341796875,873.2100830078125,1,-1,-1,-1
258,305,190.8699951171875,190.55999755859375,381.47998046875,839.5700073242188,1,-1,-1,-1
258,304,1168.52001953125,224.75999450683594,352.1500244140625,801.6199951171875,1,-1,-1,-1
258,312,987.4199829101562,254.49000549316406,277.85003662109375,746.3599853515625,1,-1,-1,-1
258,307,478.69000244140625,288.6600036621094,325.66998291015625,697.3599853515625,1,-1,-1,-1
258,306,718.02001953125,164.6199951171875,347.31005859375,866.989990234375,1,-1,-1,-1
259,305,191.86000061035156,190.07000732421875,392.8800048828125,838.9900512695312,1,-1,-1,-1
259,304,1183.719970703125,225.97999572753906,345.760009765625,804.22998046875,1,-1,-1,-1
259,312,992.4000244140625,258.1000061035156,280.5499267578125,737.1199951171875,1,-1,-1,-1
259,307,449.20001220703125,287.8399963378906,394.84002685546875,721.010009765625,1,-1,-1,-1
259,306,724.0700073242188,164.99000549316406,359.77996826171875,894.5,1,-1,-1,-1
260,305,194.63999938964844,191.1199951171875,390.94000244140625,839.280029296875,1,-1,-1,-1
260,304,1189.3499755859375,225.05999755859375,342.3399658203125,819.5000610351562,1,-1,-1,-1
260,312,994.5,258.8599853515625,283.47998046875,746.2100219726562,1,-1,-1,-1
260,307,458.9800109863281,288.0199890136719,387.9700012207031,724.280029296875,1,-1,-1,-1
260,306,726.4000244140625,163.99000549316406,361.0799560546875,883.820068359375,1,-1,-1,-1
261,305,199.02999877929688,191.17999267578125,387.4599914550781,841.6500854492188,1,-1,-1,-1
261,304,1191.3299560546875,226.74000549316406,341.8399658203125,825.780029296875,1,-1,-1,-1
261,312,994.9199829101562,258.6400146484375,278.23992919921875,753.6099853515625,1,-1,-1,-1
261,307,484.67999267578125,288.7300109863281,358.79998779296875,706.090087890625,1,-1,-1,-1
261,306,726.9000244140625,164.49000549316406,356.5,881.300048828125,1,-1,-1,-1
262,305,202.8800048828125,192.25,383.4100341796875,843.8499755859375,1,-1,-1,-1
262,304,1205.800048828125,225.66000366210938,328.989990234375,814.530029296875,1,-1,-1,-1
262,312,995.3599853515625,262.80999755859375,284.7000732421875,753.7999877929688,1,-1,-1,-1
262,307,480.6400146484375,288.07000732421875,356.1600341796875,703.719970703125,1,-1,-1,-1
262,306,730.0599975585938,164.19000244140625,353.80999755859375,863.1200561523438,1,-1,-1,-1
263,305,206.92999267578125,192.39999389648438,382.1099853515625,839.8499755859375,1,-1,-1,-1
263,304,1210.0799560546875,225.27000427246094,327.010009765625,804.739990234375,1,-1,-1,-1
263,312,995.5599975585938,262.6600036621094,284.83001708984375,755.780029296875,1,-1,-1,-1
263,307,465.7900085449219,288.7200012207031,374.1200256347656,709.320068359375,1,-1,-1,-1
263,306,722.75,162.88999938964844,365.68994140625,864.199951171875,1,-1,-1,-1
264,305,211.0399932861328,191.67999267578125,375.84002685546875,841.7499389648438,1,-1,-1,-1
264,304,1223.6700439453125,224.9499969482422,322.0899658203125,820.5999145507812,1,-1,-1,-1
264,312,1001.72998046875,262.510009765625,282.9100341796875,747.4500122070312,1,-1,-1,-1
264,307,497.0299987792969,288.989990234375,338.7099914550781,714.4500122070312,1,-1,-1,-1
264,306,732.9400024414062,165.72999572753906,366.87005615234375,864.6199951171875,1,-1,-1,-1
265,305,212.85000610351562,191.8300018310547,375.2099914550781,843.5900268554688,1,-1,-1,-1
265,304,1226.6800537109375,225.14999389648438,323.52001953125,848.8599853515625,1,-1,-1,-1
265,312,1001.6799926757812,262.0899963378906,293.23992919921875,755.06005859375,1,-1,-1,-1
265,307,502.8299865722656,289.4700012207031,328.4300231933594,712.6500244140625,1,-1,-1,-1
265,306,734.969970703125,171.1699981689453,362.68994140625,856.4500122070312,1,-1,-1,-1
266,305,213.77000427246094,190.91000366210938,375.260009765625,843.3599853515625,1,-1,-1,-1
266,304,1230.77001953125,225.3800048828125,320.8599853515625,823.52001953125,1,-1,-1,-1
266,312,1003.52001953125,261.5899963378906,290.4200439453125,757.1199951171875,1,-1,-1,-1
266,307,500.7699890136719,288.8800048828125,335.1300354003906,716.3200073242188,1,-1,-1,-1
266,306,739.27001953125,167.8800048828125,359.530029296875,858.0999755859375,1,-1,-1,-1
267,305,214.8800048828125,190.22000122070312,375.4100341796875,843.56005859375,1,-1,-1,-1
267,304,1233.760009765625,224.3300018310547,318.56005859375,803.1299438476562,1,-1,-1,-1
267,312,1000.3699951171875,262.1400146484375,295.3099365234375,755.469970703125,1,-1,-1,-1
267,307,502.8999938964844,288.8999938964844,332.7699890136719,715.760009765625,1,-1,-1,-1
267,306,739.22998046875,169.32000732421875,362.8800048828125,857.7200317382812,1,-1,-1,-1
268,305,215.5500030517578,192.14999389648438,378.6700439453125,837.989990234375,1,-1,-1,-1
268,304,1233.3699951171875,223.32000732421875,320.5699462890625,804.5999145507812,1,-1,-1,-1
268,312,1004.8300170898438,261.760009765625,288.57000732421875,754.4600219726562,1,-1,-1,-1
268,307,502.55999755859375,290.0400085449219,328.89996337890625,715.239990234375,1,-1,-1,-1
268,306,741.25,169.61000061035156,361.9000244140625,857.2000732421875,1,-1,-1,-1
269,305,218.14999389648438,192.42999267578125,381.3800354003906,838.3400268554688,1,-1,-1,-1
269,304,1240.2099609375,223.19000244140625,317.02001953125,798.739990234375,1,-1,-1,-1
269,312,984.1500244140625,261.8399963378906,311.4400634765625,755.9100341796875,1,-1,-1,-1
269,307,502.0,288.7699890136719,332.3299560546875,728.8900146484375,1,-1,-1,-1
269,306,726.5999755859375,165.55999755859375,385.3199462890625,861.6499633789062,1,-1,-1,-1
270,305,220.6199951171875,191.5500030517578,382.6500244140625,838.9199829101562,1,-1,-1,-1
270,304,1241.699951171875,223.61000061035156,316.300048828125,794.4000244140625,1,-1,-1,-1
270,312,1019.0499877929688,260.82000732421875,275.25006103515625,736.760009765625,1,-1,-1,-1
270,307,504.1199951171875,288.07000732421875,341.719970703125,726.4299926757812,1,-1,-1,-1
270,306,737.3300170898438,169.64999389648438,362.04998779296875,858.18994140625,1,-1,-1,-1
271,305,222.33999633789062,191.72000122070312,380.4500427246094,840.9500732421875,1,-1,-1,-1
271,304,1242.199951171875,224.47000122070312,316.780029296875,801.3800048828125,1,-1,-1,-1
271,312,1019.7000122070312,261.4100036621094,280.10003662109375,757.8900146484375,1,-1,-1,-1
271,307,506.3599853515625,288.3399963378906,334.3900146484375,736.090087890625,1,-1,-1,-1
271,306,719.4199829101562,165.94000244140625,379.47003173828125,866.9500122070312,1,-1,-1,-1
272,305,222.47999572753906,192.05999755859375,380.5400390625,842.8200073242188,1,-1,-1,-1
272,304,1242.199951171875,224.50999450683594,317.010009765625,804.679931640625,1,-1,-1,-1
272,312,1015.6199951171875,260.9700012207031,285.72998046875,745.010009765625,1,-1,-1,-1
272,307,503.2200012207031,288.0400085449219,335.1000061035156,737.43994140625,1,-1,-1,-1
272,306,703.8900146484375,170.5,424.75,863.419921875,1,-1,-1,-1
273,305,225.50999450683594,194.80999755859375,377.94000244140625,840.4400024414062,1,-1,-1,-1
273,304,1244.8800048828125,224.2899932861328,316.4599609375,804.4400024414062,1,-1,-1,-1
273,312,1017.02001953125,260.4200134277344,280.570068359375,722.8399658203125,1,-1,-1,-1
273,307,510.1499938964844,288.80999755859375,342.9800109863281,728.8300170898438,1,-1,-1,-1
273,306,732.1400146484375,213.2100067138672,407.7999267578125,813.6099243164062,1,-1,-1,-1
274,305,226.36000061035156,194.63999938964844,369.60003662109375,838.75,1,-1,-1,-1
274,304,1246.8599853515625,224.0500030517578,315.0,801.5900268554688,1,-1,-1,-1
274,312,1021.47998046875,260.44000244140625,277.699951171875,756.2899780273438,1,-1,-1,-1
274,307,514.5999755859375,291.0199890136719,328.92999267578125,711.22998046875,1,-1,-1,-1
274,306,733.6099853515625,188.35000610351562,414.1099853515625,823.1199951171875,1,-1,-1,-1
275,305,226.9600067138672,195.02000427246094,368.75,839.3099365234375,1,-1,-1,-1
275,304,1247.9200439453125,226.4600067138672,313.9400634765625,796.3800048828125,1,-1,-1,-1
275,312,1021.5700073242188,260.5,278.98004150390625,729.2999877929688,1,-1,-1,-1
275,307,511.92999267578125,290.8699951171875,324.02996826171875,695.7000122070312,1,-1,-1,-1
275,306,743.5999755859375,186.8000030517578,405.260009765625,853.0399780273438,1,-1,-1,-1
276,305,232.72999572753906,197.5500030517578,359.58001708984375,843.4900512695312,1,-1,-1,-1
276,304,1247.6099853515625,220.0399932861328,315.72998046875,809.9900512695312,1,-1,-1,-1
276,312,1022.5999755859375,266.8399963378906,277.6600341796875,711.780029296875,1,-1,-1,-1
276,307,515.22998046875,291.70001220703125,321.4000244140625,692.0800170898438,1,-1,-1,-1
276,306,757.3900146484375,188.57000732421875,389.3299560546875,842.7999877929688,1,-1,-1,-1
277,305,233.92999267578125,198.02000427246094,368.510009765625,851.3199462890625,1,-1,-1,-1
277,304,1246.9200439453125,222.42999267578125,312.9300537109375,802.0599975585938,1,-1,-1,-1
277,312,1032.7099609375,272.4700012207031,262.8800048828125,702.469970703125,1,-1,-1,-1
277,307,523.9600219726562,295.0799865722656,315.72003173828125,688.570068359375,1,-1,-1,-1
277,306,760.4000244140625,193.05999755859375,387.8900146484375,846.6699829101562,1,-1,-1,-1
278,305,234.52000427246094,198.82000732421875,366.75,851.5900268554688,1,-1,-1,-1
278,304,1248.489990234375,221.47999572753906,313.1700439453125,801.5900268554688,1,-1,-1,-1
278,312,1031.449951171875,269.8999938964844,264.9599609375,711.419921875,1,-1,-1,-1
278,307,531.6900024414062,294.2900085449219,308.02996826171875,704.25,1,-1,-1,-1
278,306,763.9400024414062,192.77999877929688,385.84002685546875,849.1199951171875,1,-1,-1,-1
279,305,221.1699981689453,202.25999450683594,374.1199951171875,849.9000244140625,1,-1,-1,-1
279,304,1253.739990234375,229.2100067138672,353.780029296875,798.2399291992188,1,-1,-1,-1
279,312,1025.3499755859375,268.7699890136719,273.5899658203125,726.43994140625,1,-1,-1,-1
279,307,499.17999267578125,296.2900085449219,347.3900146484375,700.239990234375,1,-1,-1,-1
279,306,764.5900268554688,180.86000061035156,384.87994384765625,860.1099853515625,1,-1,-1,-1
280,305,210.8000030517578,204.14999389648438,388.6400146484375,834.969970703125,1,-1,-1,-1
280,304,1253.81005859375,235.5800018310547,361.5799560546875,790.0499877929688,1,-1,-1,-1
280,312,1023.47998046875,268.54998779296875,277.56005859375,726.6599731445312,1,-1,-1,-1
280,307,502.3599853515625,297.489990234375,338.1700439453125,692.2000122070312,1,-1,-1,-1
280,306,753.4000244140625,183.08999633789062,382.8599853515625,851.989990234375,1,-1,-1,-1
281,305,201.97999572753906,202.92999267578125,344.67999267578125,844.8099975585938,1,-1,-1,-1
281,304,1254.4000244140625,235.5800018310547,362.5400390625,796.2499389648438,1,-1,-1,-1
281,312,1023.5399780273438,270.1199951171875,274.77996826171875,725.8400268554688,1,-1,-1,-1
281,307,491.9700012207031,297.82000732421875,348.5700378417969,705.7000122070312,1,-1,-1,-1
281,306,771.0,180.85000610351562,363.429931640625,858.780029296875,1,-1,-1,-1
282,305,194.9499969482422,202.13999938964844,382.41998291015625,861.6500244140625,1,-1,-1,-1
282,304,1257.050048828125,237.86000061035156,359.800048828125,792.469970703125,1,-1,-1,-1
282,312,1023.2000122070312,270.70001220703125,272.45001220703125,715.8300170898438,1,-1,-1,-1
282,307,499.4100036621094,294.510009765625,348.1400451660156,722.5599975585938,1,-1,-1,-1
282,306,723.5999755859375,184.8300018310547,411.0400390625,852.3099975585938,1,-1,-1,-1
283,305,190.97000122070312,206.89999389648438,352.1800231933594,844.3599853515625,1,-1,-1,-1
283,304,1253.489990234375,232.6300048828125,362.3900146484375,796.0999755859375,1,-1,-1,-1
283,312,1015.25,271.0199890136719,283.1199951171875,750.699951171875,1,-1,-1,-1
283,307,494.9700012207031,297.2300109863281,348.6199645996094,713.510009765625,1,-1,-1,-1
283,306,774.010009765625,175.47000122070312,363.530029296875,862.320068359375,1,-1,-1,-1
284,305,168.77999877929688,204.3000030517578,374.7900085449219,838.3099975585938,1,-1,-1,-1
284,304,1262.81005859375,213.4499969482422,353.449951171875,810.530029296875,1,-1,-1,-1
284,312,1011.2999877929688,272.0199890136719,286.16998291015625,729.239990234375,1,-1,-1,-1
284,307,489.80999755859375,293.1000061035156,364.94000244140625,735.2900390625,1,-1,-1,-1
284,306,766.510009765625,152.08999633789062,373.199951171875,882.72998046875,1,-1,-1,-1
285,305,158.1699981689453,203.3300018310547,380.07000732421875,847.8400268554688,1,-1,-1,-1
285,304,1262.5400390625,207.94000244140625,356.929931640625,817.6500854492188,1,-1,-1,-1
285,312,1001.6099853515625,272.6499938964844,298.3299560546875,716.030029296875,1,-1,-1,-1
285,307,487.0199890136719,287.6600036621094,356.5799865722656,727.1400146484375,1,-1,-1,-1
285,306,771.0800170898438,146.94000244140625,364.54998779296875,885.4999389648438,1,-1,-1,-1
286,305,120.86000061035156,201.24000549316406,435.8599853515625,833.9300537109375,1,-1,-1,-1
286,304,1255.0,202.8300018310547,415.4100341796875,821.3799438476562,1,-1,-1,-1
286,312,1029.9300537109375,271.6400146484375,266.3699951171875,713.0700073242188,1,-1,-1,-1
286,307,489.6700134277344,290.3399963378906,358.0000305175781,694.0400390625,1,-1,-1,-1
286,306,739.3300170898438,156.44000244140625,421.60992431640625,878.4999389648438,1,-1,-1,-1
287,305,112.55000305175781,197.58999633789062,446.5400390625,835.9500732421875,1,-1,-1,-1
287,304,1248.3800048828125,208.94000244140625,433.3299560546875,824.3700561523438,1,-1,-1,-1
287,312,1031.3399658203125,274.80999755859375,266.47998046875,712.5999755859375,1,-1,-1,-1
287,307,486.010009765625,294.25,371.3299560546875,739.739990234375,1,-1,-1,-1
287,306,710.780029296875,165.74000549316406,416.3800048828125,880.7100830078125,1,-1,-1,-1
288,305,108.79000091552734,198.36000061035156,509.4999694824219,835.6199951171875,1,-1,-1,-1
288,304,1251.9200439453125,212.77999877929688,464.1600341796875,811.9000244140625,1,-1,-1,-1
288,312,1035.9000244140625,272.6000061035156,267.6500244140625,723.760009765625,1,-1,-1,-1
288,307,471.3599853515625,298.510009765625,375.92999267578125,736.97998046875,1,-1,-1,-1
288,306,729.1500244140625,176.05999755859375,390.3499755859375,862.2800903320312,1,-1,-1,-1
289,305,141.92999267578125,206.39999389648438,435.53997802734375,830.75,1,-1,-1,-1
289,304,1255.800048828125,217.17999267578125,458.8599853515625,811.4000854492188,1,-1,-1,-1
289,312,1022.5,271.1300048828125,296.4000244140625,710.52001953125,1,-1,-1,-1
289,307,465.239990234375,296.7900085449219,390.010009765625,738.6099853515625,1,-1,-1,-1
289,306,714.8400268554688,168.17999267578125,495.15997314453125,867.9000854492188,1,-1,-1,-1
290,305,154.77000427246094,210.94000244140625,425.76995849609375,826.9899291992188,1,-1,-1,-1
290,304,1253.760009765625,221.08999633789062,443.06005859375,804.4500732421875,1,-1,-1,-1
290,312,1001.6599731445312,274.1000061035156,348.74993896484375,700.030029296875,1,-1,-1,-1
290,307,462.7900085449219,302.7699890136719,395.2200012207031,726.02001953125,1,-1,-1,-1
290,306,749.5499877929688,172.05999755859375,398.87994384765625,862.0300903320312,1,-1,-1,-1
291,305,168.17999267578125,213.49000549316406,424.739990234375,824.550048828125,1,-1,-1,-1
291,304,1249.1199951171875,219.55999755859375,420.8699951171875,806.9700317382812,1,-1,-1,-1
291,312,985.3900146484375,272.8599853515625,367.510009765625,696.52001953125,1,-1,-1,-1
291,307,476.4800109863281,307.3900146484375,400.7000427246094,696.510009765625,1,-1,-1,-1
291,306,748.1199951171875,179.17999267578125,399.8499755859375,862.5499877929688,1,-1,-1,-1
292,305,172.61000061035156,225.4600067138672,425.44000244140625,812.9899291992188,1,-1,-1,-1
292,304,1251.8299560546875,228.17999267578125,381.219970703125,795.8700561523438,1,-1,-1,-1
292,312,978.0499877929688,276.80999755859375,344.69000244140625,702.8699951171875,1,-1,-1,-1
292,307,490.6300048828125,312.6300048828125,404.6199951171875,683.6400146484375,1,-1,-1,-1
292,306,772.25,186.2100067138672,352.3699951171875,866.5999145507812,1,-1,-1,-1
293,305,170.80999755859375,239.22000122070312,428.69000244140625,804.800048828125,1,-1,-1,-1
293,304,1248.4599609375,244.3000030517578,384.8299560546875,788.0200805664062,1,-1,-1,-1
293,312,963.8900146484375,277.7200012207031,368.9400634765625,713.6300048828125,1,-1,-1,-1
293,307,522.489990234375,318.760009765625,385.2099609375,687.25,1,-1,-1,-1
293,306,773.739990234375,188.6300048828125,343.6300048828125,855.25,1,-1,-1,-1
294,305,169.14999389648438,249.88999938964844,430.9399719238281,804.2099609375,1,-1,-1,-1
294,304,1266.7099609375,254.27000427246094,365.3599853515625,782.0699462890625,1,-1,-1,-1
294,312,956.97998046875,280.6199951171875,373.260009765625,704.52001953125,1,-1,-1,-1
294,307,496.0899963378906,327.54998779296875,409.3799743652344,646.1199951171875,1,-1,-1,-1
294,306,735.010009765625,178.33999633789062,404.0400390625,865.580078125,1,-1,-1,-1
295,305,154.6199951171875,252.77000427246094,444.3699951171875,814.3499755859375,1,-1,-1,-1
295,304,1266.43994140625,257.29998779296875,366.0999755859375,781.5900268554688,1,-1,-1,-1
295,312,956.1699829101562,281.05999755859375,367.30999755859375,717.22998046875,1,-1,-1,-1
295,307,503.0799865722656,332.2699890136719,402.0899963378906,641.199951171875,1,-1,-1,-1
295,306,753.2999877929688,167.77999877929688,378.01007080078125,881.2999267578125,1,-1,-1,-1
296,305,124.1500015258789,260.95001220703125,478.5400085449219,783.0900268554688,1,-1,-1,-1
296,304,1261.1600341796875,270.0899963378906,371.52001953125,766.4300537109375,1,-1,-1,-1
296,312,972.2999877929688,280.57000732421875,345.70001220703125,708.7100219726562,1,-1,-1,-1
296,307,494.1300048828125,294.42999267578125,407.94000244140625,738.9500122070312,1,-1,-1,-1
296,306,723.8400268554688,163.05999755859375,419.80999755859375,878.0300903320312,1,-1,-1,-1
297,305,128.7899932861328,266.79998779296875,476.9200439453125,789.7500610351562,1,-1,-1,-1
297,304,1271.1400146484375,276.2900085449219,361.9000244140625,766.030029296875,1,-1,-1,-1
297,312,964.22998046875,276.67999267578125,361.570068359375,725.510009765625,1,-1,-1,-1
297,307,499.67999267578125,276.0799865722656,405.20001220703125,739.3699951171875,1,-1,-1,-1
297,306,702.6799926757812,165.8800048828125,430.19000244140625,881.030029296875,1,-1,-1,-1
298,305,141.6999969482422,267.5199890136719,463.67999267578125,789.3099365234375,1,-1,-1,-1
298,304,1272.6600341796875,275.57000732421875,359.6600341796875,778.7200317382812,1,-1,-1,-1
298,312,956.9299926757812,260.3399963378906,376.11004638671875,751.22998046875,1,-1,-1,-1
298,307,503.3500061035156,278.0899963378906,402.5400085449219,737.280029296875,1,-1,-1,-1
298,306,685.22998046875,172.1699981689453,457.5400390625,891.8300170898438,1,-1,-1,-1
299,305,161.32000732421875,267.75,443.77996826171875,793.1400146484375,1,-1,-1,-1
299,304,1263.4100341796875,266.1300048828125,372.6099853515625,783.47998046875,1,-1,-1,-1
299,312,984.4299926757812,278.6600036621094,359.77996826171875,717.659912109375,1,-1,-1,-1
299,307,511.4200134277344,315.010009765625,383.4700012207031,689.9000244140625,1,-1,-1,-1
299,306,611.8599853515625,182.89999389648438,655.0799560546875,859.75,1,-1,-1,-1
300,305,163.13999938964844,264.739990234375,442.5799560546875,787.1500244140625,1,-1,-1,-1
300,304,1268.6800537109375,267.25,367.52001953125,785.77001953125,1,-1,-1,-1
300,312,987.8400268554688,284.94000244140625,342.46002197265625,707.6099853515625,1,-1,-1,-1
300,307,504.8999938964844,337.1700134277344,388.8299865722656,645.3599853515625,1,-1,-1,-1
300,306,589.8300170898438,185.75999450683594,680.2899780273438,856.77001953125,1,-1,-1,-1
301,305,158.8699951171875,264.2200012207031,451.8800048828125,804.590087890625,1,-1,-1,-1
301,304,1262.6099853515625,269.07000732421875,374.3699951171875,797.5900268554688,1,-1,-1,-1
301,312,988.52001953125,280.44000244140625,379.72998046875,728.6500244140625,1,-1,-1,-1
301,307,479.989990234375,341.1300048828125,421.75,679.5599975585938,1,-1,-1,-1
301,306,585.4000244140625,188.2899932861328,704.5,852.8600463867188,1,-1,-1,-1
302,305,155.5399932861328,264.67999267578125,451.57000732421875,809.5299682617188,1,-1,-1,-1
302,304,1259.8199462890625,265.94000244140625,378.6400146484375,804.4299926757812,1,-1,-1,-1
302,312,978.8499755859375,277.9700012207031,399.0799560546875,730.580078125,1,-1,-1,-1
302,307,481.3500061035156,333.32000732421875,419.8999938964844,696.9199829101562,1,-1,-1,-1
302,306,568.8800048828125,189.9199981689453,691.4000244140625,850.9400024414062,1,-1,-1,-1
303,305,150.69000244140625,249.89999389648438,458.89996337890625,827.0999755859375,1,-1,-1,-1
303,304,1256.4000244140625,256.510009765625,384.5,799.969970703125,1,-1,-1,-1
303,312,938.0599975585938,270.7900085449219,437.61993408203125,741.8299560546875,1,-1,-1,-1
303,307,471.5799865722656,318.54998779296875,427.6900329589844,715.2300415039062,1,-1,-1,-1
303,306,549.0,187.08999633789062,785.449951171875,856.0400390625,1,-1,-1,-1
304,305,147.05999755859375,232.02999877929688,463.95001220703125,836.949951171875,1,-1,-1,-1
304,304,1262.530029296875,249.0500030517578,381.5999755859375,808.3099975585938,1,-1,-1,-1
304,312,975.1799926757812,242.2899932861328,397.16998291015625,745.739990234375,1,-1,-1,-1
304,307,463.239990234375,306.9599914550781,419.780029296875,671.4500732421875,1,-1,-1,-1
304,306,549.3200073242188,182.3000030517578,658.4700317382812,853.3900756835938,1,-1,-1,-1
305,305,144.74000549316406,221.97000122070312,476.19000244140625,841.0999755859375,1,-1,-1,-1
305,304,1266.1700439453125,245.8300018310547,382.8499755859375,818.8499145507812,1,-1,-1,-1
305,312,989.3200073242188,279.7699890136719,382.37994384765625,697.3900146484375,1,-1,-1,-1
305,307,448.1600036621094,299.2900085449219,416.7799987792969,697.760009765625,1,-1,-1,-1
305,306,544.97998046875,184.25999450683594,622.919921875,853.1099853515625,1,-1,-1,-1
306,305,136.52999877929688,209.33999633789062,488.9200134277344,848.260009765625,1,-1,-1,-1
306,304,1259.800048828125,242.10000610351562,413.5899658203125,827.02001953125,1,-1,-1,-1
306,312,981.969970703125,280.0,406.6500244140625,711.0499877929688,1,-1,-1,-1
306,307,452.5,300.0799865722656,463.20001220703125,688.9200439453125,1,-1,-1,-1
306,306,609.4600219726562,190.0800018310547,522.4500122070312,843.8400268554688,1,-1,-1,-1
307,305,133.57000732421875,211.0,491.65997314453125,837.469970703125,1,-1,-1,-1
307,304,1253.050048828125,243.6199951171875,431.679931640625,805.510009765625,1,-1,-1,-1
307,312,982.760009765625,280.7200012207031,405.550048828125,703.010009765625,1,-1,-1,-1
307,307,435.3500061035156,294.80999755859375,441.1399841308594,684.3599853515625,1,-1,-1,-1
307,306,597.1900024414062,196.47999572753906,522.2399291992188,845.239990234375,1,-1,-1,-1
308,305,136.17999267578125,218.27000427246094,491.3599853515625,831.1300048828125,1,-1,-1,-1
308,304,1260.18994140625,246.19000244140625,427.1099853515625,806.0199584960938,1,-1,-1,-1
308,312,980.260009765625,284.0199890136719,406.739990234375,705.5899658203125,1,-1,-1,-1
308,307,446.4100036621094,295.6700134277344,428.1300354003906,682.47998046875,1,-1,-1,-1
308,306,615.5399780273438,191.94000244140625,516.6099243164062,856.5900268554688,1,-1,-1,-1
309,305,148.69000244140625,234.7100067138672,480.07000732421875,811.7899780273438,1,-1,-1,-1
309,304,1258.469970703125,242.24000549316406,399.5899658203125,827.2900390625,1,-1,-1,-1
309,312,989.7100219726562,271.5799865722656,394.51995849609375,721.27001953125,1,-1,-1,-1
309,307,481.3699951171875,306.9599914550781,418.4000244140625,687.0400390625,1,-1,-1,-1
309,306,621.27001953125,181.77000427246094,598.7099609375,846.7999267578125,1,-1,-1,-1
310,305,149.14999389648438,237.00999450683594,463.4299621582031,803.0499267578125,1,-1,-1,-1
310,304,1257.77001953125,245.02999877929688,391.8800048828125,827.739990234375,1,-1,-1,-1
310,312,989.4000244140625,238.39999389648438,383.72998046875,747.949951171875,1,-1,-1,-1
310,307,487.0799865722656,311.739990234375,389.0700378417969,680.1699829101562,1,-1,-1,-1
310,306,630.0700073242188,182.3800048828125,593.0700073242188,838.4199829101562,1,-1,-1,-1
311,305,149.24000549316406,240.22000122070312,454.8699951171875,804.0,1,-1,-1,-1
311,304,1258.3599853515625,246.9600067138672,388.719970703125,818.8099975585938,1,-1,-1,-1
311,312,992.7100219726562,223.5,369.83001708984375,762.969970703125,1,-1,-1,-1
311,307,485.7699890136719,312.5899963378906,389.3999938964844,685.6400146484375,1,-1,-1,-1
311,306,638.739990234375,183.97000122070312,593.6400146484375,842.6500244140625,1,-1,-1,-1
312,305,152.27999877929688,249.58999633789062,449.3999938964844,799.22998046875,1,-1,-1,-1
312,304,1263.43994140625,251.11000061035156,382.699951171875,784.31005859375,1,-1,-1,-1
312,312,1011.9400024414062,221.22999572753906,361.23004150390625,772.530029296875,1,-1,-1,-1
312,307,484.57000732421875,309.760009765625,402.82000732421875,723.6099853515625,1,-1,-1,-1
312,306,665.6500244140625,188.7100067138672,602.1300048828125,825.8499755859375,1,-1,-1,-1
313,305,154.72999572753906,254.30999755859375,446.1700439453125,784.8200073242188,1,-1,-1,-1
313,304,1264.530029296875,255.11000061035156,381.179931640625,787.3699951171875,1,-1,-1,-1
313,312,999.1400146484375,231.88999938964844,339.1300048828125,752.469970703125,1,-1,-1,-1
313,307,493.1600036621094,330.8800048828125,391.8600158691406,699.0699462890625,1,-1,-1,-1
313,306,704.739990234375,190.3300018310547,570.1199951171875,819.260009765625,1,-1,-1,-1
314,305,145.83999633789062,255.69000244140625,458.8899841308594,823.6500854492188,1,-1,-1,-1
314,304,1264.43994140625,258.57000732421875,382.1300048828125,803.1399536132812,1,-1,-1,-1
314,312,989.8499755859375,258.3399963378906,339.9599609375,721.6900634765625,1,-1,-1,-1
314,307,486.3299865722656,326.4599914550781,400.2499694824219,657.1400146484375,1,-1,-1,-1
314,306,740.72998046875,186.63999938964844,500.4599609375,818.5900268554688,1,-1,-1,-1
315,305,147.9199981689453,257.5299987792969,459.239990234375,817.8800048828125,1,-1,-1,-1
315,304,1267.949951171875,259.05999755859375,379.3599853515625,802.5599975585938,1,-1,-1,-1
315,312,986.3699951171875,272.67999267578125,341.9300537109375,710.2899780273438,1,-1,-1,-1
315,307,471.6400146484375,328.6499938964844,417.010009765625,659.8399658203125,1,-1,-1,-1
315,306,749.8099975585938,178.80999755859375,484.54998779296875,859.3999633789062,1,-1,-1,-1
316,305,149.99000549316406,261.2200012207031,466.19000244140625,809.510009765625,1,-1,-1,-1
316,304,1268.47998046875,263.07000732421875,376.0,783.7999877929688,1,-1,-1,-1
316,312,967.6199951171875,310.6099853515625,361.280029296875,672.719970703125,1,-1,-1,-1
316,307,484.2900085449219,336.5199890136719,411.4499816894531,651.6500244140625,1,-1,-1,-1
316,306,783.7000122070312,178.6199951171875,433.37005615234375,873.8099365234375,1,-1,-1,-1
317,305,150.50999450683594,263.20001220703125,460.95001220703125,807.4999389648438,1,-1,-1,-1
317,304,1262.25,268.1300048828125,382.8800048828125,787.6199951171875,1,-1,-1,-1
317,312,973.4000244140625,312.2099914550781,363.6199951171875,678.840087890625,1,-1,-1,-1
317,307,491.4700012207031,336.94000244140625,406.9400329589844,655.9400024414062,1,-1,-1,-1
317,306,804.3900146484375,183.24000549316406,416.2999267578125,875.260009765625,1,-1,-1,-1
318,305,151.6999969482422,263.32000732421875,466.9599609375,808.6799926757812,1,-1,-1,-1
318,304,1263.8900146484375,267.4599914550781,382.010009765625,791.27001953125,1,-1,-1,-1
318,312,961.7000122070312,300.05999755859375,379.90997314453125,722.3400268554688,1,-1,-1,-1
318,307,490.2200012207031,333.0400085449219,399.0099792480469,658.239990234375,1,-1,-1,-1
318,306,816.4500122070312,185.08999633789062,393.36004638671875,894.9100341796875,1,-1,-1,-1
319,305,154.22999572753906,257.2699890136719,463.55999755859375,811.219970703125,1,-1,-1,-1
319,304,1235.760009765625,267.6099853515625,409.1300048828125,798.22998046875,1,-1,-1,-1
319,312,967.6599731445312,296.4800109863281,355.85003662109375,704.06005859375,1,-1,-1,-1
319,307,487.510009765625,330.75,397.1500244140625,684.1699829101562,1,-1,-1,-1
319,306,798.25,197.22999572753906,416.52001953125,856.090087890625,1,-1,-1,-1
320,305,153.82000732421875,259.69000244140625,466.510009765625,812.2199096679688,1,-1,-1,-1
320,304,1212.3599853515625,266.5199890136719,432.1800537109375,801.3199462890625,1,-1,-1,-1
320,312,956.8499755859375,288.6300048828125,375.1300048828125,720.239990234375,1,-1,-1,-1
320,307,489.2900085449219,333.8699951171875,395.1300354003906,684.6099853515625,1,-1,-1,-1
320,306,793.4299926757812,189.19000244140625,434.17999267578125,852.1699829101562,1,-1,-1,-1
321,305,155.2899932861328,261.4800109863281,457.71002197265625,802.4300537109375,1,-1,-1,-1
321,304,1250.43994140625,266.75,392.760009765625,802.929931640625,1,-1,-1,-1
321,312,966.8200073242188,289.30999755859375,365.10003662109375,698.72998046875,1,-1,-1,-1
321,307,489.4200134277344,333.9700012207031,393.8399963378906,675.780029296875,1,-1,-1,-1
321,306,792.5399780273438,190.5399932861328,411.04998779296875,853.2500610351562,1,-1,-1,-1
322,305,159.19000244140625,258.6400146484375,450.54998779296875,799.280029296875,1,-1,-1,-1
322,304,1266.6500244140625,261.3999938964844,376.6800537109375,805.47998046875,1,-1,-1,-1
322,312,981.2899780273438,294.42999267578125,382.97003173828125,703.8800048828125,1,-1,-1,-1
322,307,463.5299987792969,332.6400146484375,420.9299621582031,651.22998046875,1,-1,-1,-1
322,306,773.260009765625,180.88999938964844,452.3699951171875,839.6799926757812,1,-1,-1,-1
323,305,154.83999633789062,248.69000244140625,454.8799743652344,800.2899780273438,1,-1,-1,-1
323,304,1260.52001953125,258.45001220703125,385.6300048828125,775.4600219726562,1,-1,-1,-1
323,312,973.6699829101562,295.5299987792969,418.32000732421875,684.919921875,1,-1,-1,-1
323,307,470.7300109863281,325.8299865722656,415.8100280761719,656.300048828125,1,-1,-1,-1
323,306,735.8300170898438,184.82000732421875,474.10003662109375,887.7400512695312,1,-1,-1,-1
324,305,149.8000030517578,235.55999755859375,468.07000732421875,824.6399536132812,1,-1,-1,-1
324,304,1265.97998046875,254.5800018310547,381.1400146484375,772.3699340820312,1,-1,-1,-1
324,312,1008.25,293.44000244140625,397.489990234375,683.77001953125,1,-1,-1,-1
324,307,465.489990234375,311.1000061035156,392.9599609375,661.27001953125,1,-1,-1,-1
324,306,720.6500244140625,186.80999755859375,487.4500732421875,850.1499633789062,1,-1,-1,-1
325,305,150.16000366210938,228.39999389648438,474.1600036621094,829.1199951171875,1,-1,-1,-1
325,304,1265.8499755859375,251.52000427246094,381.97998046875,777.489990234375,1,-1,-1,-1
325,312,1018.8699951171875,292.1700134277344,399.3900146484375,679.2899169921875,1,-1,-1,-1
325,307,466.32000732421875,303.1400146484375,360.92999267578125,676.9500122070312,1,-1,-1,-1
325,306,718.8699951171875,187.67999267578125,491.25,851.1100463867188,1,-1,-1,-1
326,305,150.75,225.07000732421875,478.02001953125,838.3899536132812,1,-1,-1,-1
326,304,1267.8299560546875,242.08999633789062,398.1500244140625,798.1600341796875,1,-1,-1,-1
326,312,1023.5599975585938,287.6199951171875,394.73004150390625,681.5999755859375,1,-1,-1,-1
326,307,459.05999755859375,300.5799865722656,403.77996826171875,687.739990234375,1,-1,-1,-1
326,306,724.6900024414062,189.6999969482422,485.25994873046875,840.2299194335938,1,-1,-1,-1
327,305,150.22999572753906,222.27000427246094,477.9000244140625,843.409912109375,1,-1,-1,-1
327,304,1270.5799560546875,243.07000732421875,411.22998046875,793.7700805664062,1,-1,-1,-1
327,312,1036.1700439453125,288.9200134277344,341.239990234375,676.3699951171875,1,-1,-1,-1
327,307,456.1499938964844,301.3599853515625,414.4100036621094,695.030029296875,1,-1,-1,-1
327,306,728.3400268554688,199.02999877929688,478.69000244140625,837.260009765625,1,-1,-1,-1
328,305,153.6699981689453,222.92999267578125,472.46002197265625,839.1300659179688,1,-1,-1,-1
328,304,1266.699951171875,248.10000610351562,435.18994140625,785.3699951171875,1,-1,-1,-1
328,312,1033.1800537109375,289.9700012207031,340.1500244140625,673.1400146484375,1,-1,-1,-1
328,307,453.6400146484375,300.1499938964844,415.30999755859375,703.6300048828125,1,-1,-1,-1
328,306,730.9400024414062,199.3300018310547,463.41998291015625,829.8099975585938,1,-1,-1,-1
329,305,158.5,224.35000610351562,463.57000732421875,824.7900390625,1,-1,-1,-1
329,304,1265.7900390625,247.27999877929688,435.8699951171875,789.5499267578125,1,-1,-1,-1
329,312,1040.0999755859375,290.70001220703125,312.02001953125,671.2899780273438,1,-1,-1,-1
329,307,445.8399963378906,303.010009765625,403.8599548339844,688.3900146484375,1,-1,-1,-1
329,306,751.25,194.8000030517578,472.199951171875,832.7899780273438,1,-1,-1,-1
330,305,156.47999572753906,222.97999572753906,465.8900146484375,833.530029296875,1,-1,-1,-1
330,304,1265.9599609375,247.27999877929688,435.0400390625,792.469970703125,1,-1,-1,-1
330,312,1035.7900390625,289.8800048828125,323.429931640625,673.260009765625,1,-1,-1,-1
330,307,442.3599853515625,305.3999938964844,447.5799560546875,695.179931640625,1,-1,-1,-1
330,306,755.3300170898438,193.8800048828125,423.27996826171875,829.9299926757812,1,-1,-1,-1
331,305,155.72000122070312,222.22000122070312,468.1499938964844,834.8800048828125,1,-1,-1,-1
331,304,1268.3699951171875,246.22000122070312,434.8099365234375,792.75,1,-1,-1,-1
331,312,1039.949951171875,290.94000244140625,317.31005859375,671.030029296875,1,-1,-1,-1
331,307,446.45001220703125,305.3399963378906,418.35003662109375,703.2000732421875,1,-1,-1,-1
331,306,777.1599731445312,197.74000549316406,408.88006591796875,830.550048828125,1,-1,-1,-1
332,305,155.97999572753906,221.67999267578125,470.1700439453125,834.2100219726562,1,-1,-1,-1
332,304,1268.5899658203125,244.0500030517578,435.8699951171875,794.2999877929688,1,-1,-1,-1
332,312,1037.1199951171875,290.6199951171875,314.0999755859375,672.4000244140625,1,-1,-1,-1
332,307,456.2699890136719,305.69000244140625,410.6600036621094,700.030029296875,1,-1,-1,-1
332,306,796.9199829101562,201.1999969482422,375.04998779296875,829.7699584960938,1,-1,-1,-1
333,305,158.9199981689453,222.88999938964844,478.3900146484375,830.239990234375,1,-1,-1,-1
333,304,1269.4100341796875,244.19000244140625,435.0999755859375,792.1000366210938,1,-1,-1,-1
333,312,1036.02001953125,288.1300048828125,364.929931640625,676.969970703125,1,-1,-1,-1
333,307,472.0799865722656,304.17999267578125,379.2099914550781,678.1599731445312,1,-1,-1,-1
333,306,794.1900024414062,198.57000732421875,349.46002197265625,831.1099243164062,1,-1,-1,-1
334,305,157.80999755859375,227.2100067138672,475.1400146484375,821.8599243164062,1,-1,-1,-1
334,304,1271.7099609375,244.86000061035156,395.530029296875,790.820068359375,1,-1,-1,-1
334,312,1036.18994140625,288.1600036621094,333.5899658203125,673.0899658203125,1,-1,-1,-1
334,307,483.6499938964844,305.0799865722656,399.2500305175781,705.760009765625,1,-1,-1,-1
334,306,799.9000244140625,195.2100067138672,331.7999267578125,840.1799926757812,1,-1,-1,-1
335,305,153.7100067138672,233.50999450683594,476.0999755859375,822.010009765625,1,-1,-1,-1
335,304,1271.719970703125,245.9499969482422,385.280029296875,796.5499877929688,1,-1,-1,-1
335,312,1034.97998046875,286.739990234375,297.2099609375,675.75,1,-1,-1,-1
335,307,490.010009765625,301.75,378.1199951171875,704.780029296875,1,-1,-1,-1
335,306,776.010009765625,192.24000549316406,355.3299560546875,842.81005859375,1,-1,-1,-1
336,305,156.32000732421875,248.9499969482422,465.6300048828125,800.7399291992188,1,-1,-1,-1
336,304,1268.280029296875,241.4199981689453,382.56005859375,794.7700805664062,1,-1,-1,-1
336,312,1035.9300537109375,293.2900085449219,368.1199951171875,669.919921875,1,-1,-1,-1
336,307,492.4700012207031,305.5400085449219,359.2699890136719,672.1300048828125,1,-1,-1,-1
336,306,772.1300048828125,188.94000244140625,350.0400390625,846.4500122070312,1,-1,-1,-1
337,305,156.02999877929688,252.9499969482422,466.8800354003906,804.2999877929688,1,-1,-1,-1
337,304,1263.3399658203125,244.32000732421875,387.8900146484375,790.5599975585938,1,-1,-1,-1
337,312,1019.530029296875,294.4700012207031,329.81005859375,670.219970703125,1,-1,-1,-1
337,307,486.5899963378906,310.4800109863281,360.2699890136719,661.0,1,-1,-1,-1
337,306,781.719970703125,188.99000549316406,343.449951171875,842.719970703125,1,-1,-1,-1
338,305,159.22999572753906,260.3500061035156,464.1500244140625,792.4400634765625,1,-1,-1,-1
338,304,1269.6800537109375,246.89999389648438,379.5,795.8499755859375,1,-1,-1,-1
338,312,1007.010009765625,297.2799987792969,323.1199951171875,669.47998046875,1,-1,-1,-1
338,307,494.3299865722656,314.42999267578125,339.3100280761719,655.3800048828125,1,-1,-1,-1
338,306,784.9099731445312,189.27999877929688,337.89996337890625,844.8900146484375,1,-1,-1,-1
339,305,155.8800048828125,281.79998779296875,465.2099609375,777.7000122070312,1,-1,-1,-1
339,304,1267.8299560546875,247.6199951171875,381.280029296875,785.22998046875,1,-1,-1,-1
339,312,991.5700073242188,303.94000244140625,351.83001708984375,676.0800170898438,1,-1,-1,-1
339,307,497.1700134277344,324.8299865722656,334.3800354003906,638.830078125,1,-1,-1,-1
339,306,784.7100219726562,189.72000122070312,329.91998291015625,848.469970703125,1,-1,-1,-1
340,305,162.2100067138672,290.6600036621094,459.75,767.77001953125,1,-1,-1,-1
340,304,1267.3699951171875,249.85000610351562,381.8299560546875,785.510009765625,1,-1,-1,-1
340,312,987.8699951171875,309.260009765625,346.0499267578125,658.47998046875,1,-1,-1,-1
340,307,512.7999877929688,330.5199890136719,356.32000732421875,625.0,1,-1,-1,-1
340,306,769.8499755859375,189.4499969482422,351.3699951171875,857.9099731445312,1,-1,-1,-1
341,305,188.3800048828125,300.4100036621094,435.5899658203125,734.8499755859375,1,-1,-1,-1
341,304,1262.8800048828125,250.24000549316406,387.6600341796875,781.469970703125,1,-1,-1,-1
341,312,983.239990234375,316.70001220703125,353.6300048828125,653.5399780273438,1,-1,-1,-1
341,307,503.1099853515625,334.760009765625,405.6500244140625,627.3300170898438,1,-1,-1,-1
341,306,750.6799926757812,190.77999877929688,376.79998779296875,837.0399169921875,1,-1,-1,-1
342,305,202.1300048828125,306.3699951171875,426.1700439453125,736.9100341796875,1,-1,-1,-1
342,304,1269.449951171875,249.07000732421875,379.699951171875,781.5700073242188,1,-1,-1,-1
342,312,997.4400024414062,322.6300048828125,332.25994873046875,640.9299926757812,1,-1,-1,-1
342,307,491.1600036621094,339.9100036621094,394.1200256347656,660.469970703125,1,-1,-1,-1
342,306,734.219970703125,191.88999938964844,424.0899658203125,857.5,1,-1,-1,-1
343,305,201.11000061035156,315.510009765625,433.280029296875,764.489990234375,1,-1,-1,-1
343,304,1274.0699462890625,254.10000610351562,372.75,795.820068359375,1,-1,-1,-1
343,312,989.3400268554688,318.7699890136719,340.26995849609375,643.6199951171875,1,-1,-1,-1
343,307,497.5799865722656,344.4200134277344,401.1900329589844,613.7999267578125,1,-1,-1,-1
343,306,754.5399780273438,197.05999755859375,405.50006103515625,856.5100708007812,1,-1,-1,-1
344,305,192.1300048828125,316.54998779296875,445.739990234375,763.4500122070312,1,-1,-1,-1
344,304,1275.75,251.69000244140625,370.56005859375,783.6300659179688,1,-1,-1,-1
344,312,987.1799926757812,315.94000244140625,348.47003173828125,652.8200073242188,1,-1,-1,-1
344,307,495.20001220703125,343.0299987792969,371.54998779296875,605.5599365234375,1,-1,-1,-1
344,306,738.22998046875,194.22000122070312,423.8299560546875,852.6099853515625,1,-1,-1,-1
345,305,193.94000244140625,317.6600036621094,443.70001220703125,762.3399658203125,1,-1,-1,-1
345,304,1273.6800537109375,251.14999389648438,373.3199462890625,777.9000244140625,1,-1,-1,-1
345,312,991.1599731445312,314.5400085449219,344.57000732421875,652.5599365234375,1,-1,-1,-1
345,307,497.7900085449219,342.67999267578125,371.0899963378906,604.6799926757812,1,-1,-1,-1
345,306,741.030029296875,193.47999572753906,419.31005859375,844.969970703125,1,-1,-1,-1
346,305,193.92999267578125,316.2900085449219,440.40997314453125,763.7099609375,1,-1,-1,-1
346,304,1274.52001953125,249.52000427246094,372.9000244140625,784.1099853515625,1,-1,-1,-1
346,312,997.3699951171875,314.1199951171875,338.4599609375,653.4600219726562,1,-1,-1,-1
346,307,517.5800170898438,342.5299987792969,346.95001220703125,607.5499267578125,1,-1,-1,-1
346,306,740.6599731445312,193.0,421.04998779296875,857.580078125,1,-1,-1,-1
347,305,193.2100067138672,315.17999267578125,440.02996826171875,764.8200073242188,1,-1,-1,-1
347,304,1274.1300048828125,249.3800048828125,374.8199462890625,788.1800537109375,1,-1,-1,-1
347,312,999.3300170898438,313.2799987792969,334.19000244140625,653.7999267578125,1,-1,-1,-1
347,307,517.5800170898438,340.760009765625,343.29998779296875,608.4400024414062,1,-1,-1,-1
347,306,735.1199951171875,191.47000122070312,426.030029296875,859.5,1,-1,-1,-1
348,305,193.69000244140625,312.739990234375,440.77996826171875,767.260009765625,1,-1,-1,-1
348,304,1273.6400146484375,249.22999572753906,375.4000244140625,787.47998046875,1,-1,-1,-1
348,312,998.8200073242188,312.45001220703125,335.80999755859375,653.3099975585938,1,-1,-1,-1
348,307,516.9400024414062,340.5299987792969,346.739990234375,608.6099853515625,1,-1,-1,-1
348,306,721.780029296875,191.69000244140625,440.56005859375,855.8400268554688,1,-1,-1,-1
349,305,197.27999877929688,309.7099914550781,436.2200012207031,770.2900390625,1,-1,-1,-1
349,304,1275.8599853515625,249.08999633789062,372.2999267578125,789.030029296875,1,-1,-1,-1
349,312,1003.3400268554688,311.6300048828125,331.28997802734375,656.5700073242188,1,-1,-1,-1
349,307,516.3200073242188,339.1199951171875,348.6199951171875,623.469970703125,1,-1,-1,-1
349,306,685.4600219726562,188.99000549316406,479.02996826171875,850.6400146484375,1,-1,-1,-1
350,305,199.52999877929688,307.489990234375,435.8800354003906,772.510009765625,1,-1,-1,-1
350,304,1276.75,249.0800018310547,372.280029296875,797.4099731445312,1,-1,-1,-1
350,312,1005.6599731445312,310.54998779296875,325.98992919921875,656.8900146484375,1,-1,-1,-1
350,307,520.0999755859375,338.75,342.3599853515625,621.2999877929688,1,-1,-1,-1
350,306,708.739990234375,186.1699981689453,456.1400146484375,861.2300415039062,1,-1,-1,-1
351,305,199.1999969482422,306.6099853515625,437.92999267578125,773.3900146484375,1,-1,-1,-1
351,304,1276.8900146484375,249.24000549316406,374.8699951171875,785.9400634765625,1,-1,-1,-1
351,312,1006.6400146484375,310.0899963378906,326.4200439453125,658.580078125,1,-1,-1,-1
351,307,524.0599975585938,337.489990234375,339.8800048828125,624.489990234375,1,-1,-1,-1
351,306,715.3900146484375,186.41000366210938,450.0,854.9000244140625,1,-1,-1,-1
352,305,202.25999450683594,308.19000244140625,434.3399658203125,771.8099975585938,1,-1,-1,-1
352,304,1274.1099853515625,250.19000244140625,376.6199951171875,783.6799926757812,1,-1,-1,-1
352,312,1003.8200073242188,309.6499938964844,330.91998291015625,660.3599853515625,1,-1,-1,-1
352,307,512.1699829101562,334.9599914550781,354.19000244140625,647.47998046875,1,-1,-1,-1
352,306,740.25,187.19000244140625,424.77001953125,848.5199584960938,1,-1,-1,-1
353,305,207.08999633789062,311.7900085449219,433.0799865722656,731.0399169921875,1,-1,-1,-1
353,304,1267.8900146484375,253.3000030517578,383.6900634765625,775.5700073242188,1,-1,-1,-1
353,312,1000.4299926757812,308.8299865722656,335.51995849609375,662.080078125,1,-1,-1,-1
353,307,486.4100036621094,337.239990234375,410.9100036621094,677.239990234375,1,-1,-1,-1
353,306,748.8599853515625,193.2899932861328,418.0599365234375,841.8500366210938,1,-1,-1,-1
354,305,193.00999450683594,311.6199951171875,440.07000732421875,740.9000244140625,1,-1,-1,-1
354,304,1275.969970703125,248.72999572753906,377.550048828125,776.1500244140625,1,-1,-1,-1
354,312,996.22998046875,307.5,338.22998046875,659.75,1,-1,-1,-1
354,307,482.92999267578125,341.6000061035156,426.1099853515625,674.030029296875,1,-1,-1,-1
354,306,747.3200073242188,195.47999572753906,406.69000244140625,839.4600830078125,1,-1,-1,-1
355,305,190.5,303.3599853515625,441.1099853515625,761.530029296875,1,-1,-1,-1
355,304,1275.5899658203125,245.91000366210938,378.1600341796875,778.3599853515625,1,-1,-1,-1
355,312,986.0900268554688,309.4800109863281,359.08001708984375,665.6199951171875,1,-1,-1,-1
355,307,489.25,332.9100036621094,382.3399658203125,681.47998046875,1,-1,-1,-1
355,306,732.02001953125,207.3699951171875,400.93994140625,821.9000244140625,1,-1,-1,-1
356,305,186.4199981689453,285.55999755859375,442.82000732421875,756.8099975585938,1,-1,-1,-1
356,304,1270.8299560546875,239.27000427246094,385.27001953125,780.9600219726562,1,-1,-1,-1
356,312,983.27001953125,305.25,367.6199951171875,671.5599975585938,1,-1,-1,-1
356,307,516.1500244140625,329.6199951171875,336.6700439453125,649.1699829101562,1,-1,-1,-1
356,306,708.52001953125,228.89999389648438,426.219970703125,801.72998046875,1,-1,-1,-1
357,305,187.99000549316406,274.8299865722656,438.05999755859375,765.6900634765625,1,-1,-1,-1
357,304,1280.52001953125,237.3800048828125,376.1700439453125,782.1699829101562,1,-1,-1,-1
357,312,983.4099731445312,297.7200012207031,366.89996337890625,680.97998046875,1,-1,-1,-1
357,307,508.760009765625,321.760009765625,349.6400146484375,684.7000122070312,1,-1,-1,-1
357,306,715.1699829101562,235.6300048828125,419.94000244140625,794.1400146484375,1,-1,-1,-1
358,305,189.47999572753906,267.3699951171875,419.6300048828125,775.9500732421875,1,-1,-1,-1
358,304,1284.9000244140625,234.52999877929688,372.7999267578125,786.0799560546875,1,-1,-1,-1
358,312,983.6500244140625,296.2099914550781,360.6900634765625,685.489990234375,1,-1,-1,-1
358,307,517.5399780273438,315.54998779296875,325.72003173828125,680.530029296875,1,-1,-1,-1
358,306,746.9199829101562,236.7899932861328,388.76995849609375,791.9299926757812,1,-1,-1,-1
359,305,184.89999389648438,247.5399932861328,431.9299621582031,795.7100219726562,1,-1,-1,-1
359,304,1306.3900146484375,234.27000427246094,357.4200439453125,787.5399780273438,1,-1,-1,-1
359,312,979.6599731445312,287.67999267578125,336.69000244140625,684.4600219726562,1,-1,-1,-1
359,307,492.5400085449219,301.8399963378906,347.1499938964844,712.56005859375,1,-1,-1,-1
359,306,770.969970703125,228.97999572753906,373.8399658203125,793.77001953125,1,-1,-1,-1
360,305,135.89999389648438,239.7899932861328,519.5599365234375,806.2899780273438,1,-1,-1,-1
360,304,1308.3699951171875,234.47000122070312,368.469970703125,787.4000244140625,1,-1,-1,-1
360,312,969.77001953125,286.8800048828125,341.429931640625,687.5399780273438,1,-1,-1,-1
360,307,475.3900146484375,297.5899963378906,376.80999755859375,724.8699951171875,1,-1,-1,-1
360,306,728.1799926757812,222.75,417.29998779296875,812.179931640625,1,-1,-1,-1
361,305,96.44999694824219,237.27000427246094,564.0399780273438,820.5399169921875,1,-1,-1,-1
361,304,1322.47998046875,234.00999450683594,358.43994140625,804.419921875,1,-1,-1,-1
361,312,1004.0999755859375,279.6400146484375,304.6199951171875,723.780029296875,1,-1,-1,-1
361,307,487.6499938964844,298.5899963378906,369.8399963378906,720.1900634765625,1,-1,-1,-1
361,306,740.5800170898438,218.16000366210938,406.19000244140625,844.8299560546875,1,-1,-1,-1
362,305,84.54000091552734,237.38999938964844,587.760009765625,818.4599609375,1,-1,-1,-1
362,304,1325.530029296875,231.72999572753906,355.72998046875,808.010009765625,1,-1,-1,-1
362,312,1001.9000244140625,277.9800109863281,303.27001953125,703.1600341796875,1,-1,-1,-1
362,307,485.04998779296875,299.79998779296875,368.22003173828125,713.3300170898438,1,-1,-1,-1
362,306,763.969970703125,213.10000610351562,382.179931640625,862.4600830078125,1,-1,-1,-1
363,305,82.68000030517578,238.0500030517578,595.8200073242188,823.9700317382812,1,-1,-1,-1
363,304,1327.1700439453125,234.1199951171875,349.1800537109375,801.77001953125,1,-1,-1,-1
363,312,1014.8900146484375,276.5899963378906,279.4400634765625,702.830078125,1,-1,-1,-1
363,307,505.4700012207031,298.5899963378906,337.0299987792969,711.9200439453125,1,-1,-1,-1
363,306,746.3900146484375,207.57000732421875,416.0599365234375,853.8499145507812,1,-1,-1,-1
364,305,84.38999938964844,235.49000549316406,589.5499877929688,827.340087890625,1,-1,-1,-1
364,304,1322.18994140625,247.0800018310547,362.1700439453125,779.6599731445312,1,-1,-1,-1
364,312,1015.47998046875,275.55999755859375,279.97998046875,703.6599731445312,1,-1,-1,-1
364,307,491.6199951171875,298.94000244140625,355.94000244140625,714.0599975585938,1,-1,-1,-1
364,306,781.7000122070312,205.30999755859375,383.53997802734375,819.8099975585938,1,-1,-1,-1
365,305,91.19000244140625,236.5399932861328,566.4600219726562,823.5100708007812,1,-1,-1,-1
365,304,1324.72998046875,250.3300018310547,359.5999755859375,774.8799438476562,1,-1,-1,-1
365,312,1019.1300048828125,275.989990234375,278.27001953125,700.0999755859375,1,-1,-1,-1
365,307,500.9599914550781,304.7099914550781,349.7000427246094,695.9400634765625,1,-1,-1,-1
365,306,781.8900146484375,198.38999938964844,384.4599609375,824.8599853515625,1,-1,-1,-1
366,305,151.50999450683594,251.05999755859375,535.4199829101562,804.8300170898438,1,-1,-1,-1
366,304,1325.489990234375,248.1999969482422,361.7099609375,778.4500122070312,1,-1,-1,-1
366,312,1020.6699829101562,280.9100036621094,284.90997314453125,697.3199462890625,1,-1,-1,-1
366,307,483.7900085449219,326.239990234375,380.3299865722656,648.3300170898438,1,-1,-1,-1
366,306,781.8900146484375,189.57000732421875,385.0400390625,844.3400268554688,1,-1,-1,-1
367,305,187.61000061035156,262.3399963378906,541.8499755859375,764.4100341796875,1,-1,-1,-1
367,304,1297.4300537109375,246.72999572753906,390.0699462890625,775.4099731445312,1,-1,-1,-1
367,312,1026.56005859375,284.6099853515625,298.68994140625,700.7999877929688,1,-1,-1,-1
367,307,443.4100036621094,335.2200012207031,402.8299865722656,640.4100341796875,1,-1,-1,-1
367,306,785.22998046875,182.4199981689453,382.8399658203125,844.4400024414062,1,-1,-1,-1
368,305,192.5,273.19000244140625,587.719970703125,751.9699096679688,1,-1,-1,-1
368,304,1258.56005859375,249.17999267578125,437.0,775.5299682617188,1,-1,-1,-1
368,312,1023.8499755859375,294.3399963378906,333.4000244140625,658.580078125,1,-1,-1,-1
368,307,461.5299987792969,341.7699890136719,385.8900451660156,637.409912109375,1,-1,-1,-1
368,306,780.3900146484375,179.80999755859375,384.7999267578125,844.9800415039062,1,-1,-1,-1
369,305,192.86000061035156,281.6600036621094,607.97998046875,746.43994140625,1,-1,-1,-1
369,304,1159.739990234375,280.5400085449219,533.4000244140625,745.179931640625,1,-1,-1,-1
369,312,1029.9100341796875,325.8599853515625,391.22998046875,650.9299926757812,1,-1,-1,-1
369,307,321.75,326.5400085449219,517.1599731445312,668.3199462890625,1,-1,-1,-1
369,306,774.5999755859375,176.66000366210938,385.3199462890625,845.6300048828125,1,-1,-1,-1
370,305,196.22000122070312,277.05999755859375,647.5999755859375,742.6300048828125,1,-1,-1,-1
370,304,1157.5899658203125,282.19000244140625,535.5499267578125,738.7000122070312,1,-1,-1,-1
370,312,1028.550048828125,323.8800048828125,367.4599609375,640.719970703125,1,-1,-1,-1
370,306,775.0900268554688,174.00999450683594,389.94000244140625,848.780029296875,1,-1,-1,-1
371,304,1138.68994140625,274.1400146484375,557.090087890625,760.1600341796875,1,-1,-1,-1
371,312,1049.8599853515625,319.2799987792969,359.030029296875,648.739990234375,1,-1,-1,-1
371,306,776.8099975585938,172.33999633789062,386.58001708984375,851.300048828125,1,-1,-1,-1
372,304,1140.0999755859375,268.1400146484375,549.280029296875,726.1699829101562,1,-1,-1,-1
372,312,1041.739990234375,313.2799987792969,366.52001953125,654.52001953125,1,-1,-1,-1
372,306,776.27001953125,171.3800048828125,389.570068359375,852.5999755859375,1,-1,-1,-1
372,305,238.3300018310547,267.6400146484375,616.239990234375,762.6199951171875,1,-1,-1,-1
373,304,1136.27001953125,258.5299987792969,506.18994140625,756.0499267578125,1,-1,-1,-1
373,312,1084.06005859375,297.5,385.52001953125,686.760009765625,1,-1,-1,-1
373,306,779.8300170898438,174.42999267578125,385.28997802734375,850.2199096679688,1,-1,-1,-1
373,305,301.6600036621094,315.30999755859375,446.7200012207031,686.7899780273438,1,-1,-1,-1
374,304,1113.550048828125,256.57000732421875,484.570068359375,762.22998046875,1,-1,-1,-1
374,306,775.219970703125,176.47999572753906,389.75,848.25,1,-1,-1,-1
374,305,301.0299987792969,306.20001220703125,401.2900085449219,685.5599975585938,1,-1,-1,-1
374,320,400.6099853515625,245.60000610351562,450.6700439453125,739.050048828125,1,-1,-1,-1
375,304,1139.050048828125,260.3699951171875,420.1400146484375,756.6799926757812,1,-1,-1,-1
375,306,770.8800048828125,175.27999877929688,391.75,846.8900146484375,1,-1,-1,-1
375,305,296.1400146484375,301.989990234375,375.8299560546875,682.9400024414062,1,-1,-1,-1
375,320,428.760009765625,240.3800048828125,425.75,766.9199829101562,1,-1,-1,-1
376,304,1137.1400146484375,251.36000061035156,363.2099609375,752.4600219726562,1,-1,-1,-1
376,306,767.27001953125,173.75,391.75,850.6500244140625,1,-1,-1,-1
376,305,269.739990234375,293.3399963378906,404.54998779296875,703.489990234375,1,-1,-1,-1
376,320,506.5799865722656,234.9499969482422,326.8100280761719,773.3300170898438,1,-1,-1,-1
376,312,1268.3399658203125,275.7699890136719,365.1700439453125,706.8399658203125,1,-1,-1,-1
377,304,1131.4599609375,250.27999877929688,341.43994140625,749.719970703125,1,-1,-1,-1
377,306,770.8699951171875,172.75,386.1199951171875,851.239990234375,1,-1,-1,-1
377,305,276.80999755859375,295.8800048828125,386.32000732421875,688.4099731445312,1,-1,-1,-1
377,320,542.72998046875,234.24000549316406,294.1400146484375,770.1500244140625,1,-1,-1,-1
377,312,1282.5999755859375,271.510009765625,351.5599365234375,705.3599853515625,1,-1,-1,-1
378,304,1132.1400146484375,248.8300018310547,338.8599853515625,756.9099731445312,1,-1,-1,-1
378,306,776.3400268554688,171.02000427246094,382.16998291015625,851.6400146484375,1,-1,-1,-1
378,305,293.2200012207031,297.2200012207031,364.3200378417969,699.320068359375,1,-1,-1,-1
378,320,554.6400146484375,233.63999938964844,309.260009765625,769.8800048828125,1,-1,-1,-1
378,312,1307.56005859375,269.82000732421875,336.72998046875,709.5999755859375,1,-1,-1,-1
379,304,1100.47998046875,257.79998779296875,345.3699951171875,771.0700073242188,1,-1,-1,-1
379,306,777.739990234375,170.00999450683594,372.320068359375,848.6400146484375,1,-1,-1,-1
379,305,291.25,302.1700134277344,353.67999267578125,684.179931640625,1,-1,-1,-1
379,320,562.5999755859375,244.89999389648438,315.4599609375,777.679931640625,1,-1,-1,-1
379,312,1335.9300537109375,281.7699890136719,312.719970703125,707.1500244140625,1,-1,-1,-1
380,304,1109.2900390625,258.3999938964844,335.030029296875,752.199951171875,1,-1,-1,-1
380,306,777.530029296875,172.3699951171875,379.6600341796875,848.5700073242188,1,-1,-1,-1
380,305,291.739990234375,302.760009765625,348.8900146484375,679.1599731445312,1,-1,-1,-1
380,320,568.8699951171875,238.88999938964844,302.1400146484375,774.5499877929688,1,-1,-1,-1
380,312,1338.050048828125,274.6600036621094,305.7099609375,739.27001953125,1,-1,-1,-1
381,304,1114.5,256.8500061035156,337.93994140625,761.2900390625,1,-1,-1,-1
381,306,776.4099731445312,168.17999267578125,375.96002197265625,857.4099731445312,1,-1,-1,-1
381,305,293.4700012207031,306.42999267578125,334.7699890136719,680.9400024414062,1,-1,-1,-1
381,320,581.3599853515625,234.99000549316406,304.239990234375,779.3699951171875,1,-1,-1,-1
381,312,1325.81005859375,271.8800048828125,326.25,713.8300170898438,1,-1,-1,-1
382,304,1111.0699462890625,259.010009765625,345.9100341796875,804.739990234375,1,-1,-1,-1
382,306,772.9500122070312,170.77999877929688,385.50994873046875,858.2099609375,1,-1,-1,-1
382,305,292.0199890136719,313.1499938964844,356.2099914550781,687.030029296875,1,-1,-1,-1
382,320,570.5900268554688,234.55999755859375,308.89996337890625,784.6900024414062,1,-1,-1,-1
382,312,1326.06005859375,271.5,339.199951171875,710.9199829101562,1,-1,-1,-1
383,304,1113.5999755859375,276.04998779296875,340.52001953125,782.1299438476562,1,-1,-1,-1
383,306,771.1900024414062,179.80999755859375,391.07000732421875,846.8699340820312,1,-1,-1,-1
383,305,292.1000061035156,329.1700134277344,348.7200012207031,682.0399169921875,1,-1,-1,-1
383,320,534.1900024414062,238.91000366210938,352.05999755859375,779.3199462890625,1,-1,-1,-1
383,312,1319.8699951171875,280.32000732421875,350.010009765625,715.030029296875,1,-1,-1,-1
384,304,1099.8699951171875,278.1400146484375,349.77001953125,754.6500244140625,1,-1,-1,-1
384,306,749.530029296875,205.36000061035156,433.4200439453125,824.469970703125,1,-1,-1,-1
384,305,290.510009765625,333.2099914550781,342.6700439453125,681.1900634765625,1,-1,-1,-1
384,320,506.3900146484375,251.3699951171875,386.8599853515625,772.77001953125,1,-1,-1,-1
384,312,1313.780029296875,289.4599914550781,353.219970703125,702.9100341796875,1,-1,-1,-1
385,304,1102.3199462890625,268.07000732421875,347.6400146484375,785.1199340820312,1,-1,-1,-1
385,306,775.4500122070312,200.97999572753906,393.02996826171875,833.1400146484375,1,-1,-1,-1
385,305,291.4700012207031,327.32000732421875,340.8899841308594,673.8699951171875,1,-1,-1,-1
385,320,506.07000732421875,251.8300018310547,382.97003173828125,777.3099975585938,1,-1,-1,-1
385,312,1317.3900146484375,283.67999267578125,348.7099609375,707.5,1,-1,-1,-1
386,304,1120.8499755859375,246.0,328.0,769.3599853515625,1,-1,-1,-1
386,306,769.3400268554688,175.49000549316406,395.42999267578125,856.4200439453125,1,-1,-1,-1
386,305,300.6099853515625,314.6600036621094,334.9200439453125,658.77001953125,1,-1,-1,-1
386,320,513.9000244140625,244.5800018310547,368.6500244140625,773.5499877929688,1,-1,-1,-1
386,312,1325.9100341796875,267.19000244140625,340.6600341796875,722.6799926757812,1,-1,-1,-1
387,304,1123.449951171875,236.36000061035156,324.43994140625,782.1900024414062,1,-1,-1,-1
387,306,768.6400146484375,160.7899932861328,393.3599853515625,868.4800415039062,1,-1,-1,-1
387,305,311.2699890136719,307.3900146484375,331.4100036621094,664.0800170898438,1,-1,-1,-1
387,320,513.22998046875,238.8800048828125,364.969970703125,774.0700073242188,1,-1,-1,-1
387,312,1323.449951171875,255.67999267578125,343.27001953125,739.5900268554688,1,-1,-1,-1
388,304,1117.9100341796875,234.2899932861328,331.7000732421875,803.8700561523438,1,-1,-1,-1
388,306,778.4000244140625,154.91000366210938,398.1700439453125,896.5899658203125,1,-1,-1,-1
388,305,310.5400085449219,302.739990234375,347.9900207519531,659.7100219726562,1,-1,-1,-1
388,320,543.8599853515625,235.08999633789062,335.530029296875,783.0999755859375,1,-1,-1,-1
388,312,1329.0899658203125,254.9499969482422,334.3399658203125,732.5,1,-1,-1,-1
389,304,1123.8900146484375,240.50999450683594,323.1400146484375,790.489990234375,1,-1,-1,-1
389,306,785.77001953125,164.2899932861328,362.320068359375,851.4500122070312,1,-1,-1,-1
389,305,280.44000244140625,308.8900146484375,345.58001708984375,675.1099853515625,1,-1,-1,-1
389,320,581.4400024414062,231.75999450683594,305.70001220703125,781.0,1,-1,-1,-1
389,312,1330.280029296875,268.3500061035156,329.8499755859375,719.27001953125,1,-1,-1,-1
390,304,1122.25,243.74000549316406,324.949951171875,765.5499877929688,1,-1,-1,-1
390,306,772.8499755859375,173.69000244140625,371.8399658203125,845.3099975585938,1,-1,-1,-1
390,305,277.30999755859375,313.4599914550781,344.53997802734375,686.9500732421875,1,-1,-1,-1
390,320,551.0499877929688,237.36000061035156,339.69000244140625,767.5700073242188,1,-1,-1,-1
390,312,1322.530029296875,269.9800109863281,338.1700439453125,713.6800537109375,1,-1,-1,-1
391,304,1123.280029296875,243.80999755859375,320.510009765625,769.6699829101562,1,-1,-1,-1
391,306,769.8300170898438,175.47000122070312,379.90997314453125,845.31005859375,1,-1,-1,-1
391,305,277.04998779296875,311.75,357.09002685546875,692.5499877929688,1,-1,-1,-1
391,320,524.4600219726562,236.17999267578125,358.42999267578125,772.010009765625,1,-1,-1,-1
391,312,1325.1099853515625,265.7699890136719,336.1900634765625,719.260009765625,1,-1,-1,-1
392,304,1125.06005859375,243.64999389648438,314.510009765625,761.0399169921875,1,-1,-1,-1
392,306,768.260009765625,173.36000061035156,378.6500244140625,844.2100219726562,1,-1,-1,-1
392,305,276.69000244140625,309.20001220703125,356.3900146484375,689.7899780273438,1,-1,-1,-1
392,320,521.1599731445312,236.50999450683594,365.6300048828125,772.02001953125,1,-1,-1,-1
392,312,1329.739990234375,263.19000244140625,332.4100341796875,722.25,1,-1,-1,-1
393,304,1110.5799560546875,248.0800018310547,331.9200439453125,758.52001953125,1,-1,-1,-1
393,306,743.7899780273438,166.94000244140625,417.17999267578125,855.1199951171875,1,-1,-1,-1
393,305,274.8599853515625,304.0299987792969,359.1300048828125,689.8099365234375,1,-1,-1,-1
393,320,517.5,236.07000732421875,364.469970703125,765.5700073242188,1,-1,-1,-1
393,312,1325.27001953125,274.5899963378906,355.52001953125,709.6700439453125,1,-1,-1,-1
394,304,1078.239990234375,264.989990234375,374.9100341796875,759.97998046875,1,-1,-1,-1
394,306,731.0999755859375,179.66000366210938,459.3499755859375,845.1199951171875,1,-1,-1,-1
394,305,272.79998779296875,321.1000061035156,357.58001708984375,660.4500732421875,1,-1,-1,-1
394,320,504.5400085449219,254.36000061035156,382.5699768066406,761.8900146484375,1,-1,-1,-1
394,312,1323.3599853515625,297.1600036621094,372.0799560546875,702.7099609375,1,-1,-1,-1
395,304,1079.3900146484375,276.17999267578125,380.7099609375,750.9799194335938,1,-1,-1,-1
395,306,668.5,192.6300048828125,593.669921875,836.0,1,-1,-1,-1
395,305,271.17999267578125,328.6199951171875,369.28997802734375,663.5,1,-1,-1,-1
395,320,497.17999267578125,262.7900085449219,416.510009765625,756.8499755859375,1,-1,-1,-1
395,312,1318.6700439453125,303.9599914550781,388.77001953125,686.580078125,1,-1,-1,-1
396,304,1082.3699951171875,288.3299865722656,380.8199462890625,765.969970703125,1,-1,-1,-1
396,306,748.3400268554688,198.60000610351562,444.12994384765625,827.6900634765625,1,-1,-1,-1
396,305,267.9700012207031,342.2200012207031,397.9400329589844,664.1300048828125,1,-1,-1,-1
396,320,489.05999755859375,279.95001220703125,403.41998291015625,747.2299194335938,1,-1,-1,-1
396,312,1312.1199951171875,309.2799987792969,402.1500244140625,684.2999267578125,1,-1,-1,-1
397,304,1081.9599609375,289.3900146484375,374.0799560546875,790.6099853515625,1,-1,-1,-1
397,306,740.3200073242188,201.75,461.65997314453125,824.010009765625,1,-1,-1,-1
397,305,266.9800109863281,345.79998779296875,424.5700378417969,675.0700073242188,1,-1,-1,-1
397,320,490.57000732421875,284.1400146484375,421.75,737.5900268554688,1,-1,-1,-1
397,312,1307.5899658203125,311.1600036621094,399.0899658203125,695.2999267578125,1,-1,-1,-1
398,304,1068.5699462890625,293.1199951171875,382.97998046875,760.27001953125,1,-1,-1,-1
398,306,741.6699829101562,203.64999389648438,441.80999755859375,822.1500244140625,1,-1,-1,-1
398,305,266.510009765625,349.3500061035156,428.2900390625,666.8800048828125,1,-1,-1,-1
398,320,495.1000061035156,287.510009765625,423.7200012207031,737.5400390625,1,-1,-1,-1
398,312,1317.449951171875,318.6199951171875,385.9200439453125,686.0,1,-1,-1,-1
399,304,1068.0999755859375,304.44000244140625,386.489990234375,752.1000366210938,1,-1,-1,-1
399,306,759.9500122070312,237.75,413.89996337890625,774.8900146484375,1,-1,-1,-1
399,305,258.3599853515625,379.5899963378906,390.8699951171875,619.719970703125,1,-1,-1,-1
399,320,497.32000732421875,292.6300048828125,384.32000732421875,715.6199951171875,1,-1,-1,-1
399,312,1316.9200439453125,341.8900146484375,371.6199951171875,649.8400268554688,1,-1,-1,-1
400,304,1065.1600341796875,315.92999267578125,396.8900146484375,726.9299926757812,1,-1,-1,-1
400,306,764.27001953125,251.6999969482422,415.4100341796875,767.25,1,-1,-1,-1
400,305,255.2100067138672,383.239990234375,420.67999267578125,595.3699951171875,1,-1,-1,-1
400,320,488.4200134277344,295.9100036621094,402.7900085449219,711.8199462890625,1,-1,-1,-1
400,312,1318.469970703125,341.1700134277344,371.4000244140625,657.8699951171875,1,-1,-1,-1
401,304,1074.0799560546875,312.989990234375,386.3699951171875,716.409912109375,1,-1,-1,-1
401,306,762.0499877929688,260.3699951171875,420.32000732421875,759.5999755859375,1,-1,-1,-1
401,305,254.50999450683594,382.75,408.8499755859375,596.489990234375,1,-1,-1,-1
401,320,490.5,291.45001220703125,407.70001220703125,714.969970703125,1,-1,-1,-1
401,312,1314.219970703125,332.489990234375,376.489990234375,669.9199829101562,1,-1,-1,-1
402,304,1076.47998046875,304.57000732421875,378.27001953125,732.4299926757812,1,-1,-1,-1
402,306,761.0399780273438,259.1400146484375,411.98004150390625,764.25,1,-1,-1,-1
402,305,258.0,378.5299987792969,423.0999755859375,619.0899658203125,1,-1,-1,-1
402,320,491.2699890136719,285.3900146484375,406.2200012207031,723.8400268554688,1,-1,-1,-1
402,312,1312.4200439453125,323.7200012207031,374.0799560546875,661.1400146484375,1,-1,-1,-1
403,304,1062.31005859375,297.1499938964844,385.550048828125,752.9599609375,1,-1,-1,-1
403,306,756.9199829101562,253.22999572753906,431.73004150390625,765.4299926757812,1,-1,-1,-1
403,305,260.8999938964844,370.5400085449219,432.1300354003906,636.8599853515625,1,-1,-1,-1
403,320,492.5400085449219,268.7300109863281,428.2500305175781,744.0999755859375,1,-1,-1,-1
403,312,1310.1400146484375,307.32000732421875,375.25,687.4600219726562,1,-1,-1,-1
404,304,1074.8900146484375,292.3500061035156,371.6099853515625,774.9400634765625,1,-1,-1,-1
404,306,749.3300170898438,247.30999755859375,438.27996826171875,771.5,1,-1,-1,-1
404,305,262.67999267578125,369.4200134277344,404.94000244140625,623.7099609375,1,-1,-1,-1
404,320,488.7900085449219,260.25,409.5000305175781,757.8800048828125,1,-1,-1,-1
404,312,1309.5,300.8399963378906,389.18994140625,690.7900390625,1,-1,-1,-1
404,321,974.3699951171875,367.19000244140625,276.2999267578125,596.1400146484375,1,-1,-1,-1
405,304,1069.510009765625,292.6300048828125,388.6500244140625,762.9500732421875,1,-1,-1,-1
405,306,755.469970703125,243.6300048828125,428.8599853515625,782.8099365234375,1,-1,-1,-1
405,305,263.44000244140625,374.80999755859375,408.8699951171875,596.9000244140625,1,-1,-1,-1
405,320,496.0899963378906,256.4599914550781,418.2099914550781,758.0999755859375,1,-1,-1,-1
405,312,1314.9000244140625,300.8800048828125,385.4200439453125,694.2899780273438,1,-1,-1,-1
405,321,985.4500122070312,366.7099914550781,259.30999755859375,584.4600830078125,1,-1,-1,-1
406,304,1068.9100341796875,281.82000732421875,373.6400146484375,774.2700805664062,1,-1,-1,-1
406,306,753.8300170898438,209.47000122070312,427.83001708984375,808.6099853515625,1,-1,-1,-1
406,305,263.2200012207031,345.4200134277344,418.2499694824219,625.75,1,-1,-1,-1
406,320,480.19000244140625,243.1300048828125,408.96002197265625,775.75,1,-1,-1,-1
406,312,1312.6800537109375,292.30999755859375,374.1900634765625,716.7999877929688,1,-1,-1,-1
407,304,1082.5899658203125,271.7699890136719,360.4300537109375,796.949951171875,1,-1,-1,-1
407,306,757.3099975585938,188.1199951171875,414.16998291015625,826.4500122070312,1,-1,-1,-1
407,305,264.3500061035156,338.70001220703125,426.3699645996094,647.1900024414062,1,-1,-1,-1
407,320,479.9800109863281,234.39999389648438,413.0799865722656,784.8499755859375,1,-1,-1,-1
407,312,1331.1199951171875,281.0299987792969,351.5,714.8099365234375,1,-1,-1,-1
408,304,1074.5899658203125,258.8699951171875,370.719970703125,797.8499755859375,1,-1,-1,-1
408,306,772.469970703125,167.5800018310547,393.800048828125,870.9199829101562,1,-1,-1,-1
408,305,270.5,327.7300109863281,380.94000244140625,682.800048828125,1,-1,-1,-1
408,320,482.4599914550781,225.5800018310547,420.0700378417969,794.9000244140625,1,-1,-1,-1
408,312,1325.4000244140625,269.2200012207031,353.530029296875,728.1900634765625,1,-1,-1,-1
409,304,1101.5899658203125,242.49000549316406,345.1600341796875,754.72998046875,1,-1,-1,-1
409,306,780.219970703125,155.16000366210938,370.72998046875,857.2999267578125,1,-1,-1,-1
409,305,279.9100036621094,317.04998779296875,366.7300109863281,661.77001953125,1,-1,-1,-1
409,320,508.010009765625,221.7899932861328,354.6300048828125,776.22998046875,1,-1,-1,-1
409,312,1349.1099853515625,254.36000061035156,289.9300537109375,732.1799926757812,1,-1,-1,-1
410,304,1097.81005859375,242.64999389648438,340.3800048828125,752.75,1,-1,-1,-1
410,306,790.0700073242188,159.64999389648438,361.66998291015625,850.1400146484375,1,-1,-1,-1
410,305,279.489990234375,311.75,340.69000244140625,683.5599975585938,1,-1,-1,-1
410,320,529.02001953125,222.97999572753906,321.6099853515625,768.1699829101562,1,-1,-1,-1
410,312,1355.4100341796875,255.2899932861328,279.2900390625,728.530029296875,1,-1,-1,-1
411,304,1091.4599609375,245.4199981689453,346.050048828125,751.239990234375,1,-1,-1,-1
411,306,792.5900268554688,166.5800018310547,356.12994384765625,843.4000244140625,1,-1,-1,-1
411,305,282.7699890136719,306.5899963378906,346.7900085449219,683.5400390625,1,-1,-1,-1
411,320,551.5900268554688,224.08999633789062,295.46002197265625,764.969970703125,1,-1,-1,-1
411,312,1364.6800537109375,255.17999267578125,272.9300537109375,739.02001953125,1,-1,-1,-1
412,304,1093.1800537109375,244.2899932861328,332.7999267578125,748.5999755859375,1,-1,-1,-1
412,306,793.3300170898438,164.66000366210938,351.26007080078125,846.5499267578125,1,-1,-1,-1
412,305,285.0899963378906,305.79998779296875,344.3599548339844,673.530029296875,1,-1,-1,-1
412,320,549.2100219726562,223.8300018310547,296.34002685546875,764.9299926757812,1,-1,-1,-1
412,312,1364.3699951171875,255.42999267578125,274.9100341796875,745.8699951171875,1,-1,-1,-1
413,304,1111.2099609375,244.14999389648438,313.530029296875,746.0999755859375,1,-1,-1,-1
413,306,792.030029296875,158.1199951171875,347.3900146484375,849.7899780273438,1,-1,-1,-1
413,305,288.20001220703125,302.5400085449219,343.94000244140625,683.030029296875,1,-1,-1,-1
413,320,536.9400024414062,223.36000061035156,310.25,771.0700073242188,1,-1,-1,-1
413,312,1357.2099609375,257.67999267578125,282.52001953125,755.8300170898438,1,-1,-1,-1
414,304,1119.030029296875,248.60000610351562,314.1700439453125,749.530029296875,1,-1,-1,-1
414,306,786.4400024414062,165.94000244140625,377.65997314453125,845.510009765625,1,-1,-1,-1
414,305,272.0799865722656,301.760009765625,364.3799743652344,669.9500122070312,1,-1,-1,-1
414,320,495.7699890136719,226.91000366210938,356.5100402832031,779.5599365234375,1,-1,-1,-1
414,312,1328.530029296875,259.2099914550781,321.739990234375,763.330078125,1,-1,-1,-1
415,304,1112.0699462890625,256.0400085449219,341.6900634765625,734.659912109375,1,-1,-1,-1
415,306,789.9400024414062,171.72999572753906,428.87005615234375,844.8800048828125,1,-1,-1,-1
415,305,264.5,301.7900085449219,372.0999755859375,670.3499755859375,1,-1,-1,-1
415,320,487.2799987792969,230.27000427246094,366.3299865722656,769.7899780273438,1,-1,-1,-1
416,304,1103.1199951171875,263.07000732421875,362.1900634765625,742.6300048828125,1,-1,-1,-1
416,306,778.27001953125,172.0,457.219970703125,842.7100219726562,1,-1,-1,-1
416,305,239.13999938964844,296.6300048828125,391.20001220703125,681.780029296875,1,-1,-1,-1
416,320,429.7300109863281,229.57000732421875,405.6299743652344,770.489990234375,1,-1,-1,-1
416,312,1323.18994140625,268.3599853515625,380.820068359375,746.9299926757812,1,-1,-1,-1
417,304,1096.4100341796875,264.3599853515625,354.8199462890625,747.3699951171875,1,-1,-1,-1
417,306,777.77001953125,167.2899932861328,410.25,845.8699951171875,1,-1,-1,-1
417,305,238.44000244140625,297.010009765625,385.83001708984375,684.0900268554688,1,-1,-1,-1
417,320,422.989990234375,228.58999633789062,402.5400390625,769.1300048828125,1,-1,-1,-1
417,312,1299.239990234375,270.6700134277344,409.9200439453125,744.199951171875,1,-1,-1,-1
418,304,1092.77001953125,263.2699890136719,344.679931640625,744.52001953125,1,-1,-1,-1
418,306,774.219970703125,165.30999755859375,395.449951171875,850.3599853515625,1,-1,-1,-1
418,305,235.63999938964844,298.3299865722656,374.29998779296875,684.320068359375,1,-1,-1,-1
418,320,422.6300048828125,230.61000061035156,412.8399658203125,767.010009765625,1,-1,-1,-1
418,312,1288.5999755859375,269.6199951171875,416.4599609375,745.4099731445312,1,-1,-1,-1
419,304,1069.3499755859375,259.739990234375,352.030029296875,741.4500122070312,1,-1,-1,-1
419,306,782.8699951171875,157.92999267578125,350.780029296875,856.9500122070312,1,-1,-1,-1
419,305,182.47999572753906,301.19000244140625,431.4000244140625,673.7100219726562,1,-1,-1,-1
419,320,420.760009765625,238.57000732421875,404.69000244140625,756.6500244140625,1,-1,-1,-1
419,312,1316.3299560546875,269.7200012207031,348.0699462890625,709.3900146484375,1,-1,-1,-1
420,304,1057.22998046875,256.6600036621094,371.449951171875,746.3699951171875,1,-1,-1,-1
420,306,781.97998046875,154.32000732421875,360.4100341796875,862.0599975585938,1,-1,-1,-1
420,305,179.4199981689453,304.6199951171875,433.780029296875,670.1400146484375,1,-1,-1,-1
420,320,423.1199951171875,237.72000122070312,411.6099853515625,758.9600830078125,1,-1,-1,-1
420,312,1311.93994140625,265.0199890136719,346.8800048828125,723.1500244140625,1,-1,-1,-1
421,304,1055.9100341796875,256.07000732421875,372.1400146484375,768.8599243164062,1,-1,-1,-1
421,306,789.2100219726562,153.83999633789062,345.13006591796875,862.469970703125,1,-1,-1,-1
421,305,189.3300018310547,301.1400146484375,424.2099609375,689.47998046875,1,-1,-1,-1
421,320,423.8699951171875,236.89999389648438,406.19000244140625,757.1400146484375,1,-1,-1,-1
421,312,1306.3199462890625,262.1300048828125,340.760009765625,753.47998046875,1,-1,-1,-1
422,304,1046.4300537109375,256.9800109863281,378.4000244140625,778.6099853515625,1,-1,-1,-1
422,306,772.72998046875,155.44000244140625,358.77001953125,864.9000244140625,1,-1,-1,-1
422,305,214.17999267578125,302.3800048828125,398.59002685546875,695.1500244140625,1,-1,-1,-1
422,320,422.95001220703125,233.72999572753906,408.80999755859375,769.719970703125,1,-1,-1,-1
422,312,1316.1800537109375,261.7900085449219,327.3399658203125,757.8599853515625,1,-1,-1,-1
423,304,1107.68994140625,253.6699981689453,324.010009765625,733.280029296875,1,-1,-1,-1
423,306,770.25,158.24000549316406,355.550048828125,860.1799926757812,1,-1,-1,-1
423,305,241.49000549316406,298.6199951171875,376.60003662109375,680.72998046875,1,-1,-1,-1
423,320,444.9800109863281,233.6999969482422,388.7099914550781,757.1300048828125,1,-1,-1,-1
423,312,1348.2900390625,258.57000732421875,297.6600341796875,740.0800170898438,1,-1,-1,-1
424,304,1189.0899658203125,256.69000244140625,239.550048828125,715.9500122070312,1,-1,-1,-1
424,306,807.9400024414062,159.3699951171875,322.08001708984375,854.27001953125,1,-1,-1,-1
424,305,303.260009765625,300.4100036621094,314.72998046875,672.0799560546875,1,-1,-1,-1
424,320,547.5800170898438,232.66000366210938,293.510009765625,737.8599853515625,1,-1,-1,-1
424,312,1402.77001953125,268.55999755859375,253.0,721.8099975585938,1,-1,-1,-1
425,304,1195.2099609375,259.54998779296875,242.47998046875,716.1699829101562,1,-1,-1,-1
425,306,818.7100219726562,163.77000427246094,304.30999755859375,853.8200073242188,1,-1,-1,-1
425,305,358.4599914550781,304.6499938964844,269.1600036621094,652.409912109375,1,-1,-1,-1
425,320,565.8800048828125,232.83999633789062,272.8499755859375,782.4200439453125,1,-1,-1,-1
425,312,1412.1400146484375,274.6199951171875,256.3800048828125,704.8800048828125,1,-1,-1,-1
426,304,1203.280029296875,254.97999572753906,246.3900146484375,735.3200073242188,1,-1,-1,-1
426,306,813.3599853515625,168.99000549316406,322.530029296875,851.6099853515625,1,-1,-1,-1
426,305,395.7099914550781,305.82000732421875,240.07003784179688,667.8099975585938,1,-1,-1,-1
426,320,595.010009765625,228.6999969482422,247.29998779296875,762.8800048828125,1,-1,-1,-1
426,312,1439.010009765625,269.4599914550781,239.5899658203125,710.330078125,1,-1,-1,-1
427,304,1209.25,247.66000366210938,240.43994140625,739.3499755859375,1,-1,-1,-1
427,306,794.02001953125,171.13999938964844,348.449951171875,845.0,1,-1,-1,-1
427,305,400.0299987792969,304.4599914550781,260.2600402832031,665.5999755859375,1,-1,-1,-1
427,320,587.5700073242188,222.19000244140625,256.22003173828125,757.280029296875,1,-1,-1,-1
427,312,1455.030029296875,258.6300048828125,228.719970703125,720.1099853515625,1,-1,-1,-1
428,304,1217.3299560546875,237.3699951171875,232.1700439453125,750.1599731445312,1,-1,-1,-1
428,306,803.77001953125,177.1699981689453,337.0899658203125,843.4199829101562,1,-1,-1,-1
428,305,399.3500061035156,296.8399963378906,280.9300231933594,675.1900634765625,1,-1,-1,-1
428,320,596.3599853515625,212.4499969482422,253.8599853515625,769.3099975585938,1,-1,-1,-1
428,312,1450.52001953125,253.57000732421875,232.219970703125,724.5999755859375,1,-1,-1,-1
429,304,1220.530029296875,223.7899932861328,231.47998046875,777.9600219726562,1,-1,-1,-1
429,306,797.6799926757812,192.47000122070312,340.35003662109375,825.070068359375,1,-1,-1,-1
429,305,405.7099914550781,274.1400146484375,279.9200134277344,699.030029296875,1,-1,-1,-1
429,320,587.6699829101562,200.8300018310547,284.33001708984375,779.4400024414062,1,-1,-1,-1
429,312,1437.3399658203125,232.05999755859375,247.050048828125,746.3900146484375,1,-1,-1,-1
430,304,1220.6099853515625,223.19000244140625,226.5699462890625,772.5,1,-1,-1,-1
430,306,812.3699951171875,174.14999389648438,326.8199462890625,841.5799560546875,1,-1,-1,-1
430,305,408.3599853515625,270.010009765625,247.42999267578125,700.9400024414062,1,-1,-1,-1
430,320,589.8900146484375,198.14999389648438,286.29998779296875,783.6300048828125,1,-1,-1,-1
430,312,1434.43994140625,232.97999572753906,258.18994140625,747.4299926757812,1,-1,-1,-1
431,304,1223.0699462890625,222.97000122070312,221.0799560546875,770.760009765625,1,-1,-1,-1
431,306,815.1699829101562,173.74000549316406,322.82000732421875,840.97998046875,1,-1,-1,-1
431,305,410.25,269.0400085449219,240.8699951171875,700.669921875,1,-1,-1,-1
431,320,588.8499755859375,197.44000244140625,289.47998046875,786.0,1,-1,-1,-1
431,312,1442.5999755859375,231.80999755859375,257.9500732421875,750.2100219726562,1,-1,-1,-1
432,304,1223.0799560546875,225.5500030517578,217.9300537109375,767.280029296875,1,-1,-1,-1
432,306,809.0499877929688,172.7100067138672,329.98004150390625,840.9400024414062,1,-1,-1,-1
432,305,412.5199890136719,269.5,243.11001586914062,697.9299926757812,1,-1,-1,-1
432,320,590.8699951171875,199.0500030517578,287.95001220703125,785.47998046875,1,-1,-1,-1
432,312,1436.760009765625,236.67999267578125,270.699951171875,740.8499755859375,1,-1,-1,-1
433,304,1225.9599609375,237.55999755859375,214.469970703125,750.6199951171875,1,-1,-1,-1
433,306,805.760009765625,171.8300018310547,332.68994140625,842.8699951171875,1,-1,-1,-1
433,305,412.3399963378906,279.54998779296875,248.99996948242188,686.219970703125,1,-1,-1,-1
433,320,591.9199829101562,206.22000122070312,295.78997802734375,780.280029296875,1,-1,-1,-1
433,312,1441.719970703125,245.32000732421875,272.56005859375,730.219970703125,1,-1,-1,-1
434,304,1212.1800537109375,240.6999969482422,243.27001953125,752.8099975585938,1,-1,-1,-1
434,306,803.6400146484375,174.97999572753906,335.1199951171875,841.1300048828125,1,-1,-1,-1
434,305,411.2699890136719,285.1400146484375,252.80001831054688,681.219970703125,1,-1,-1,-1
434,320,592.489990234375,211.3000030517578,312.280029296875,782.8200073242188,1,-1,-1,-1
434,312,1449.9599609375,251.57000732421875,242.52001953125,721.6199951171875,1,-1,-1,-1
435,304,1208.8800048828125,241.22999572753906,278.2999267578125,755.52001953125,1,-1,-1,-1
435,306,805.7100219726562,175.86000061035156,349.67999267578125,836.6699829101562,1,-1,-1,-1
435,305,408.54998779296875,288.2900085449219,256.60003662109375,681.169921875,1,-1,-1,-1
435,320,596.3900146484375,219.4600067138672,311.2099609375,783.260009765625,1,-1,-1,-1
435,312,1443.050048828125,252.69000244140625,252.030029296875,720.3800048828125,1,-1,-1,-1
436,304,1208.5799560546875,241.3800048828125,329.6199951171875,757.3900146484375,1,-1,-1,-1
436,306,804.3200073242188,177.36000061035156,378.69000244140625,827.7000122070312,1,-1,-1,-1
436,305,408.57000732421875,292.82000732421875,267.66998291015625,673.4600219726562,1,-1,-1,-1
436,320,600.489990234375,221.99000549316406,316.79998779296875,772.6699829101562,1,-1,-1,-1
436,312,1443.300048828125,255.74000549316406,276.969970703125,710.780029296875,1,-1,-1,-1
437,304,1220.1600341796875,244.4499969482422,364.8399658203125,751.72998046875,1,-1,-1,-1
437,306,805.1300048828125,185.92999267578125,389.1900634765625,814.8499755859375,1,-1,-1,-1
437,305,410.1199951171875,298.7200012207031,327.7099609375,680.6700439453125,1,-1,-1,-1
437,320,629.3099975585938,230.11000061035156,330.26995849609375,776.1099853515625,1,-1,-1,-1
437,312,1431.6500244140625,260.6700134277344,360.719970703125,701.0,1,-1,-1,-1
438,304,1229.3199462890625,247.61000061035156,354.280029296875,749.219970703125,1,-1,-1,-1
438,306,803.0599975585938,192.14999389648438,399.28997802734375,821.199951171875,1,-1,-1,-1
438,305,410.2900085449219,300.0899963378906,317.6000061035156,677.739990234375,1,-1,-1,-1
438,320,634.9199829101562,232.89999389648438,326.52996826171875,769.0399169921875,1,-1,-1,-1
438,312,1441.0400390625,267.4200134277344,372.449951171875,707.739990234375,1,-1,-1,-1
439,304,1208.9200439453125,246.58999633789062,381.469970703125,753.5,1,-1,-1,-1
439,306,801.6500244140625,183.7899932861328,406.8099365234375,831.9400024414062,1,-1,-1,-1
439,305,410.0199890136719,296.989990234375,337.6600036621094,693.52001953125,1,-1,-1,-1
439,320,654.719970703125,236.7899932861328,298.55999755859375,769.7000122070312,1,-1,-1,-1
439,312,1452.7900390625,261.04998779296875,360.8800048828125,712.9400024414062,1,-1,-1,-1
440,304,1202.18994140625,247.22999572753906,388.3299560546875,752.2999877929688,1,-1,-1,-1
440,306,811.719970703125,158.35000610351562,375.8299560546875,867.2100830078125,1,-1,-1,-1
440,305,399.1199951171875,296.67999267578125,323.8800048828125,669.219970703125,1,-1,-1,-1
440,320,660.4000244140625,231.82000732421875,299.3299560546875,773.2899780273438,1,-1,-1,-1
440,312,1441.8499755859375,261.6000061035156,370.9300537109375,710.830078125,1,-1,-1,-1
441,304,1210.260009765625,247.80999755859375,363.3699951171875,752.2899780273438,1,-1,-1,-1
441,306,820.1900024414062,152.97000122070312,361.85003662109375,876.25,1,-1,-1,-1
441,305,390.5199890136719,295.42999267578125,333.8199768066406,673.7000122070312,1,-1,-1,-1
441,320,640.8800048828125,232.47999572753906,311.0799560546875,771.8599853515625,1,-1,-1,-1
441,312,1467.7900390625,262.260009765625,341.77001953125,706.6099853515625,1,-1,-1,-1
442,304,1215.0899658203125,245.50999450683594,353.510009765625,760.1699829101562,1,-1,-1,-1
442,306,821.6300048828125,148.36000061035156,369.6600341796875,882.580078125,1,-1,-1,-1
442,305,385.17999267578125,298.4100036621094,338.58001708984375,668.489990234375,1,-1,-1,-1
442,320,624.25,237.25999450683594,263.5400390625,727.5,1,-1,-1,-1
442,312,1461.0699462890625,259.2099914550781,348.219970703125,708.6500244140625,1,-1,-1,-1
443,304,1231.6099853515625,244.58999633789062,337.510009765625,770.02001953125,1,-1,-1,-1
443,306,827.280029296875,148.33999633789062,389.52001953125,880.0,1,-1,-1,-1
443,305,375.8900146484375,299.4200134277344,336.6099853515625,664.5,1,-1,-1,-1
443,320,651.7999877929688,361.3699951171875,335.64996337890625,631.7899780273438,1,-1,-1,-1
443,312,1459.3399658203125,258.0,351.0599365234375,722.3599853515625,1,-1,-1,-1
444,304,1248.75,245.24000549316406,354.179931640625,764.5900268554688,1,-1,-1,-1
444,306,848.0599975585938,151.35000610351562,366.67999267578125,884.8900146484375,1,-1,-1,-1
444,305,339.739990234375,301.3599853515625,378.5400390625,663.6599731445312,1,-1,-1,-1
444,320,608.1599731445312,238.82000732421875,391.989990234375,766.3900146484375,1,-1,-1,-1
444,312,1463.7099609375,268.4700012207031,356.320068359375,733.97998046875,1,-1,-1,-1
445,304,1241.4000244140625,247.19000244140625,372.22998046875,768.4500122070312,1,-1,-1,-1
445,306,829.5,153.6199951171875,369.570068359375,882.1099853515625,1,-1,-1,-1
445,305,331.6000061035156,301.1600036621094,396.8899841308594,670.4599609375,1,-1,-1,-1
445,320,595.9000244140625,233.9600067138672,397.1300048828125,788.6599731445312,1,-1,-1,-1
445,312,1458.1099853515625,271.7799987792969,370.0400390625,728.47998046875,1,-1,-1,-1
446,304,1229.9200439453125,250.10000610351562,393.010009765625,762.530029296875,1,-1,-1,-1
446,306,811.4400024414062,158.13999938964844,373.97003173828125,879.5799560546875,1,-1,-1,-1
446,305,346.44000244140625,302.6700134277344,360.1099853515625,673.1400146484375,1,-1,-1,-1
446,320,589.239990234375,235.88999938964844,355.239990234375,767.9600219726562,1,-1,-1,-1
446,312,1442.0899658203125,271.1499938964844,380.3099365234375,717.3599853515625,1,-1,-1,-1
447,304,1200.2900390625,247.14999389648438,401.3699951171875,761.919921875,1,-1,-1,-1
447,306,764.4099731445312,161.36000061035156,406.64996337890625,867.9600830078125,1,-1,-1,-1
447,305,353.82000732421875,305.8900146484375,359.10003662109375,661.72998046875,1,-1,-1,-1
447,320,548.8200073242188,235.88999938964844,351.8900146484375,741.5599975585938,1,-1,-1,-1
447,312,1430.699951171875,274.0799865722656,359.2099609375,720.580078125,1,-1,-1,-1
448,304,1187.780029296875,248.66000366210938,406.489990234375,754.1400146484375,1,-1,-1,-1
448,306,788.0599975585938,163.67999267578125,378.02996826171875,866.3300170898438,1,-1,-1,-1
448,305,346.6700134277344,305.7300109863281,390.8299865722656,676.0400390625,1,-1,-1,-1
448,320,500.1099853515625,233.75,406.9200439453125,734.5800170898438,1,-1,-1,-1
448,312,1412.1800537109375,276.2699890136719,343.1400146484375,681.02001953125,1,-1,-1,-1
449,304,1143.9300537109375,242.19000244140625,342.7099609375,760.0,1,-1,-1,-1
449,306,848.510009765625,161.39999389648438,275.699951171875,857.9599609375,1,-1,-1,-1
449,305,265.3999938964844,306.2099914550781,482.7200012207031,714.3699951171875,1,-1,-1,-1
449,320,492.82000732421875,234.52000427246094,443.0,800.0,1,-1,-1,-1
449,312,1407.5999755859375,275.9200134277344,308.7099609375,714.030029296875,1,-1,-1,-1
450,304,1151.4599609375,238.4600067138672,318.3499755859375,761.1500244140625,1,-1,-1,-1
450,306,855.3400268554688,162.5,262.82000732421875,847.6400146484375,1,-1,-1,-1
450,305,237.30999755859375,313.8699951171875,412.1199951171875,663.1599731445312,1,-1,-1,-1
450,320,446.6499938964844,246.52999877929688,390.9299621582031,787.47998046875,1,-1,-1,-1
450,312,1343.0999755859375,279.95001220703125,386.8299560546875,735.030029296875,1,-1,-1,-1
451,304,1142.8299560546875,242.75,324.8499755859375,751.8400268554688,1,-1,-1,-1
451,306,807.1699829101562,172.52000427246094,307.98992919921875,826.6199951171875,1,-1,-1,-1
451,305,189.77000427246094,331.8599853515625,386.41998291015625,641.0499877929688,1,-1,-1,-1
451,320,382.3599853515625,262.42999267578125,442.0799560546875,767.1000366210938,1,-1,-1,-1
451,312,1343.0400390625,287.9700012207031,390.300048828125,700.77001953125,1,-1,-1,-1
452,304,1138.8399658203125,246.75,340.8199462890625,750.0499877929688,1,-1,-1,-1
452,306,762.27001953125,175.07000732421875,342.449951171875,831.3099975585938,1,-1,-1,-1
452,305,165.22999572753906,327.75,403.34002685546875,641.4600219726562,1,-1,-1,-1
452,320,379.2200012207031,264.80999755859375,433.4899597167969,765.9900512695312,1,-1,-1,-1
452,312,1341.449951171875,296.7900085449219,395.25,712.669921875,1,-1,-1,-1
453,304,1128.949951171875,252.83999633789062,330.72998046875,748.2000732421875,1,-1,-1,-1
453,306,759.6199951171875,178.25999450683594,351.8499755859375,839.4199829101562,1,-1,-1,-1
453,305,161.02999877929688,326.2300109863281,407.3099670410156,646.300048828125,1,-1,-1,-1
453,320,374.8800048828125,262.4200134277344,419.5799560546875,766.8699951171875,1,-1,-1,-1
453,312,1335.0400390625,296.54998779296875,398.280029296875,721.719970703125,1,-1,-1,-1
454,304,1186.199951171875,245.36000061035156,263.6300048828125,762.6199951171875,1,-1,-1,-1
454,306,760.47998046875,190.47000122070312,337.1600341796875,829.6199951171875,1,-1,-1,-1
454,305,151.08999633789062,325.4200134277344,384.1900329589844,649.159912109375,1,-1,-1,-1
454,320,370.510009765625,258.2099914550781,398.0400390625,770.489990234375,1,-1,-1,-1
454,312,1332.530029296875,289.6000061035156,363.679931640625,726.1400146484375,1,-1,-1,-1
455,304,1181.530029296875,245.38999938964844,271.1400146484375,759.1500244140625,1,-1,-1,-1
455,306,758.4199829101562,189.22000122070312,332.23992919921875,829.7000732421875,1,-1,-1,-1
455,305,147.67999267578125,322.760009765625,380.21002197265625,654.1500244140625,1,-1,-1,-1
455,320,366.0,257.19000244140625,400.260009765625,774.1100463867188,1,-1,-1,-1
455,312,1334.4599609375,291.6400146484375,349.6300048828125,724.3499755859375,1,-1,-1,-1
456,304,1181.1600341796875,245.66000366210938,273.0799560546875,760.429931640625,1,-1,-1,-1
456,306,755.3400268554688,187.47999572753906,331.78997802734375,831.4400024414062,1,-1,-1,-1
456,305,145.99000549316406,322.6000061035156,382.6500244140625,651.4400634765625,1,-1,-1,-1
456,320,364.2799987792969,253.88999938964844,397.6400451660156,777.0999755859375,1,-1,-1,-1
456,312,1325.8399658203125,287.7300109863281,353.5699462890625,730.1800537109375,1,-1,-1,-1
457,304,1126.1800537109375,248.77000427246094,324.5799560546875,751.739990234375,1,-1,-1,-1
457,306,753.4500122070312,187.1999969482422,332.01995849609375,831.030029296875,1,-1,-1,-1
457,305,143.0500030517578,319.3500061035156,382.46002197265625,656.7000732421875,1,-1,-1,-1
457,320,364.05999755859375,252.10000610351562,394.80999755859375,767.530029296875,1,-1,-1,-1
457,312,1325.0899658203125,286.9200134277344,349.8699951171875,735.0999755859375,1,-1,-1,-1
458,304,1101.1800537109375,250.11000061035156,339.3699951171875,751.3599853515625,1,-1,-1,-1
458,306,753.75,183.69000244140625,331.929931640625,830.6500244140625,1,-1,-1,-1
458,305,143.72999572753906,321.6199951171875,385.59002685546875,658.47998046875,1,-1,-1,-1
458,320,367.4599914550781,250.47000122070312,391.7399597167969,767.2100830078125,1,-1,-1,-1
458,312,1324.6300048828125,286.7200012207031,348.260009765625,733.489990234375,1,-1,-1,-1
459,304,1102.06005859375,247.9600067138672,329.679931640625,753.8699951171875,1,-1,-1,-1
459,306,752.469970703125,176.77999877929688,339.9100341796875,838.0699462890625,1,-1,-1,-1
459,305,143.49000549316406,324.1499938964844,375.59002685546875,662.5499267578125,1,-1,-1,-1
459,320,372.95001220703125,244.00999450683594,395.79998779296875,771.02001953125,1,-1,-1,-1
459,312,1324.510009765625,285.2200012207031,345.070068359375,718.25,1,-1,-1,-1
460,304,1097.050048828125,254.75999450683594,361.9000244140625,749.969970703125,1,-1,-1,-1
460,306,746.4199829101562,177.7100067138672,355.34002685546875,844.5900268554688,1,-1,-1,-1
460,305,138.2899932861328,316.69000244140625,384.75,672.8400268554688,1,-1,-1,-1
460,320,367.5899963378906,248.9199981689453,417.4300231933594,775.4400024414062,1,-1,-1,-1
460,312,1327.6800537109375,286.4700012207031,347.5599365234375,724.6099853515625,1,-1,-1,-1
461,304,1089.1400146484375,251.80999755859375,388.6099853515625,749.6400146484375,1,-1,-1,-1
461,306,719.510009765625,185.22999572753906,429.4200439453125,846.840087890625,1,-1,-1,-1
461,305,138.2100067138672,322.70001220703125,387.760009765625,666.1500244140625,1,-1,-1,-1
461,320,358.7200012207031,257.0,428.0899963378906,776.3499755859375,1,-1,-1,-1
461,312,1322.7099609375,285.3399963378906,352.1400146484375,714.989990234375,1,-1,-1,-1
462,304,1068.4000244140625,245.3699951171875,432.239990234375,752.489990234375,1,-1,-1,-1
462,306,722.6400146484375,189.30999755859375,357.1500244140625,832.010009765625,1,-1,-1,-1
462,305,135.9499969482422,312.04998779296875,392.8299560546875,676.4299926757812,1,-1,-1,-1
462,320,361.8599853515625,259.239990234375,427.969970703125,750.3300170898438,1,-1,-1,-1
462,312,1319.6800537109375,283.1300048828125,351.030029296875,725.8699951171875,1,-1,-1,-1
463,304,1056.7900390625,239.0800018310547,417.2900390625,749.4600219726562,1,-1,-1,-1
463,306,691.3400268554688,190.35000610351562,365.48004150390625,825.0,1,-1,-1,-1
463,305,130.10000610351562,321.1300048828125,410.5299987792969,672.1300048828125,1,-1,-1,-1
463,320,346.3900146484375,255.8000030517578,521.780029296875,746.8699951171875,1,-1,-1,-1
463,312,1298.8299560546875,284.3599853515625,358.4100341796875,732.02001953125,1,-1,-1,-1
464,304,1111.0799560546875,246.88999938964844,310.1900634765625,750.02001953125,1,-1,-1,-1
464,306,737.97998046875,204.4499969482422,323.0400390625,808.3499755859375,1,-1,-1,-1
464,305,129.9499969482422,313.1000061035156,389.3299560546875,667.06005859375,1,-1,-1,-1
464,320,357.69000244140625,266.5299987792969,390.67999267578125,734.949951171875,1,-1,-1,-1
464,312,1359.06005859375,301.739990234375,251.550048828125,688.3800048828125,1,-1,-1,-1
465,304,1133.9300537109375,254.69000244140625,333.1700439453125,746.0,1,-1,-1,-1
465,306,768.9400024414062,215.77000427246094,294.13006591796875,800.8499755859375,1,-1,-1,-1
465,305,155.58999633789062,317.54998779296875,376.3299865722656,660.8400268554688,1,-1,-1,-1
465,320,416.489990234375,274.8299865722656,332.45001220703125,717.9300537109375,1,-1,-1,-1
465,312,1345.7900390625,305.0799865722656,268.9200439453125,675.52001953125,1,-1,-1,-1
466,304,1144.6500244140625,261.260009765625,367.6600341796875,741.2899780273438,1,-1,-1,-1
466,306,755.22998046875,230.4499969482422,319.550048828125,777.75,1,-1,-1,-1
466,305,194.27999877929688,326.6499938964844,325.9399719238281,660.929931640625,1,-1,-1,-1
466,320,435.6099853515625,288.6400146484375,310.07000732421875,708.5499877929688,1,-1,-1,-1
466,312,1341.27001953125,313.2900085449219,312.22998046875,656.4000244140625,1,-1,-1,-1
467,304,1134.06005859375,279.8800048828125,390.77001953125,734.739990234375,1,-1,-1,-1
467,306,722.5800170898438,254.77000427246094,396.21002197265625,747.1799926757812,1,-1,-1,-1
467,305,199.4199981689453,344.3399963378906,335.55999755859375,650.3699951171875,1,-1,-1,-1
467,320,435.69000244140625,316.260009765625,330.6300048828125,688.530029296875,1,-1,-1,-1
467,312,1327.239990234375,331.75,392.070068359375,637.4500122070312,1,-1,-1,-1
468,304,1131.18994140625,284.57000732421875,403.56005859375,729.5999755859375,1,-1,-1,-1
468,306,714.7899780273438,257.8299865722656,462.35992431640625,752.8800048828125,1,-1,-1,-1
468,305,215.6999969482422,350.2300109863281,337.3599853515625,663.6700439453125,1,-1,-1,-1
468,320,427.5,327.94000244140625,377.22998046875,665.8499755859375,1,-1,-1,-1
468,312,1322.6099853515625,338.0199890136719,417.1800537109375,638.5799560546875,1,-1,-1,-1
469,304,1108.68994140625,289.32000732421875,410.3900146484375,727.8099975585938,1,-1,-1,-1
469,306,705.469970703125,264.6400146484375,562.169921875,752.27001953125,1,-1,-1,-1
469,305,240.2899932861328,354.3800048828125,393.8900146484375,650.3800048828125,1,-1,-1,-1
469,320,416.8800048828125,350.8399963378906,479.22998046875,652.300048828125,1,-1,-1,-1
469,312,1306.0400390625,384.8800048828125,443.3900146484375,596.5999755859375,1,-1,-1,-1
470,304,1108.75,292.8299865722656,403.6600341796875,723.6900634765625,1,-1,-1,-1
470,306,714.239990234375,273.42999267578125,551.06005859375,755.7399291992188,1,-1,-1,-1
470,305,216.4499969482422,366.1400146484375,447.78997802734375,631.1699829101562,1,-1,-1,-1
470,320,374.9700012207031,368.5,571.239990234375,640.6199951171875,1,-1,-1,-1
470,312,1290.699951171875,384.8699951171875,462.6400146484375,602.2100219726562,1,-1,-1,-1
471,304,1111.9300537109375,295.3900146484375,399.1099853515625,718.8400268554688,1,-1,-1,-1
471,306,706.4400024414062,277.1400146484375,586.1599731445312,750.1199951171875,1,-1,-1,-1
471,305,192.9600067138672,377.3299865722656,450.67999267578125,614.27001953125,1,-1,-1,-1
471,320,399.8699951171875,379.2300109863281,562.1400146484375,636.3699951171875,1,-1,-1,-1
471,312,1276.6400146484375,394.0799865722656,476.6500244140625,594.340087890625,1,-1,-1,-1
472,304,1106.5799560546875,294.6000061035156,406.0899658203125,735.590087890625,1,-1,-1,-1
472,306,721.3900146484375,259.8999938964844,553.4400634765625,769.949951171875,1,-1,-1,-1
472,305,205.52000427246094,383.010009765625,447.3900146484375,604.5999755859375,1,-1,-1,-1
472,320,404.05999755859375,378.3999938964844,556.530029296875,646.7999267578125,1,-1,-1,-1
472,312,1298.1500244140625,420.0199890136719,460.989990234375,574.489990234375,1,-1,-1,-1
473,304,1099.0899658203125,300.45001220703125,425.9000244140625,734.5099487304688,1,-1,-1,-1
473,306,746.780029296875,260.6400146484375,523.6400146484375,771.280029296875,1,-1,-1,-1
473,305,234.02000427246094,390.239990234375,425.89996337890625,609.1799926757812,1,-1,-1,-1
473,320,405.20001220703125,381.30999755859375,555.8300170898438,652.5900268554688,1,-1,-1,-1
473,312,1311.8599853515625,434.5199890136719,450.27001953125,564.8699951171875,1,-1,-1,-1
474,304,1143.02001953125,301.32000732421875,367.510009765625,715.7100219726562,1,-1,-1,-1
474,306,803.1500244140625,259.32000732421875,441.1400146484375,763.1799926757812,1,-1,-1,-1
474,305,268.3599853515625,400.6099853515625,399.1199951171875,612.1599731445312,1,-1,-1,-1
474,320,451.8900146484375,360.95001220703125,473.6700439453125,661.9199829101562,1,-1,-1,-1
474,312,1283.1199951171875,410.7699890136719,482.8900146484375,574.27001953125,1,-1,-1,-1
475,304,1138.1400146484375,302.2799987792969,358.2900390625,729.260009765625,1,-1,-1,-1
475,306,812.72998046875,258.3500061035156,426.780029296875,771.1199951171875,1,-1,-1,-1
475,305,280.54998779296875,400.489990234375,370.8800048828125,627.31005859375,1,-1,-1,-1
475,320,493.92999267578125,349.239990234375,431.27996826171875,672.5999755859375,1,-1,-1,-1
475,312,1254.780029296875,368.5899963378906,507.5799560546875,626.5400390625,1,-1,-1,-1
476,304,1158.7900390625,304.9800109863281,330.93994140625,737.0,1,-1,-1,-1
476,306,800.7999877929688,258.3800048828125,444.38995361328125,775.9600830078125,1,-1,-1,-1
476,305,290.5,398.9200134277344,369.94000244140625,618.949951171875,1,-1,-1,-1
476,320,519.4199829101562,344.67999267578125,394.46002197265625,683.5900268554688,1,-1,-1,-1
476,312,1293.0699462890625,367.70001220703125,467.52001953125,626.6300048828125,1,-1,-1,-1
477,304,1158.4200439453125,321.0400085449219,320.4599609375,747.679931640625,1,-1,-1,-1
477,306,796.9199829101562,256.260009765625,437.22003173828125,787.659912109375,1,-1,-1,-1
477,305,304.2200012207031,400.69000244140625,338.6399841308594,625.3700561523438,1,-1,-1,-1
477,320,526.9600219726562,338.4200134277344,347.09002685546875,684.25,1,-1,-1,-1
477,312,1335.2099609375,358.82000732421875,400.75,628.1300048828125,1,-1,-1,-1
478,304,1172.449951171875,327.010009765625,298.5999755859375,670.280029296875,1,-1,-1,-1
478,306,792.8499755859375,255.8699951171875,454.8199462890625,775.6600341796875,1,-1,-1,-1
478,305,309.19000244140625,399.1400146484375,325.010009765625,601.8400268554688,1,-1,-1,-1
478,320,533.5499877929688,332.75,332.29998779296875,686.1599731445312,1,-1,-1,-1
478,312,1353.31005859375,354.4700012207031,360.9000244140625,637.9000244140625,1,-1,-1,-1
479,304,1150.050048828125,333.55999755859375,320.1199951171875,679.7899780273438,1,-1,-1,-1
479,306,783.739990234375,251.5399932861328,461.0799560546875,778.4099731445312,1,-1,-1,-1
479,305,303.8599853515625,399.3299865722656,311.7099609375,601.27001953125,1,-1,-1,-1
479,320,526.1099853515625,332.4100036621094,351.80999755859375,708.010009765625,1,-1,-1,-1
479,312,1344.22998046875,351.55999755859375,338.550048828125,624.0900268554688,1,-1,-1,-1
480,304,1148.1300048828125,340.42999267578125,328.719970703125,695.2100219726562,1,-1,-1,-1
480,306,780.5399780273438,248.89999389648438,463.72003173828125,783.510009765625,1,-1,-1,-1
480,305,286.010009765625,403.8800048828125,319.1300048828125,582.280029296875,1,-1,-1,-1
480,320,506.489990234375,328.0899963378906,377.280029296875,751.9100341796875,1,-1,-1,-1
480,312,1330.5799560546875,349.739990234375,315.4599609375,629.2899780273438,1,-1,-1,-1
481,304,1137.68994140625,335.75,376.739990234375,679.75,1,-1,-1,-1
481,306,775.2999877929688,247.88999938964844,468.80999755859375,783.699951171875,1,-1,-1,-1
481,305,288.95001220703125,403.4800109863281,311.989990234375,590.090087890625,1,-1,-1,-1
481,320,497.32000732421875,327.0799865722656,399.05999755859375,752.9200439453125,1,-1,-1,-1
481,312,1309.9200439453125,352.07000732421875,327.1700439453125,649.4299926757812,1,-1,-1,-1
482,304,1129.3900146484375,337.760009765625,402.77001953125,698.330078125,1,-1,-1,-1
482,306,778.0999755859375,246.7899932861328,461.75,780.7000122070312,1,-1,-1,-1
482,305,288.7200012207031,404.04998779296875,319.3899841308594,597.780029296875,1,-1,-1,-1
482,320,498.6600036621094,329.1499938964844,402.4399719238281,710.8599853515625,1,-1,-1,-1
482,312,1298.219970703125,355.45001220703125,332.97998046875,643.3900146484375,1,-1,-1,-1
483,304,1125.6400146484375,342.7099914550781,462.760009765625,677.4200439453125,1,-1,-1,-1
483,306,779.9500122070312,250.39999389648438,458.11004638671875,780.919921875,1,-1,-1,-1
483,305,287.8699951171875,400.69000244140625,323.469970703125,588.7100219726562,1,-1,-1,-1
483,320,493.69000244140625,329.1700134277344,416.489990234375,700.5699462890625,1,-1,-1,-1
483,312,1302.6500244140625,357.9599914550781,325.3499755859375,628.2100830078125,1,-1,-1,-1
484,304,1123.75,336.010009765625,409.5999755859375,670.9600219726562,1,-1,-1,-1
484,306,780.1699829101562,254.25999450683594,440.35003662109375,776.3800048828125,1,-1,-1,-1
484,305,289.7900085449219,385.760009765625,340.5199890136719,611.3499755859375,1,-1,-1,-1
484,320,507.5899963378906,327.25,404.8999938964844,708.330078125,1,-1,-1,-1
484,312,1435.1099853515625,358.0799865722656,297.0699462890625,578.6900634765625,1,-1,-1,-1
485,304,1169.2099609375,347.4200134277344,305.9200439453125,643.969970703125,1,-1,-1,-1
485,306,792.4500122070312,255.99000549316406,412.73004150390625,776.3499755859375,1,-1,-1,-1
485,305,306.8299865722656,383.5899963378906,331.0400085449219,585.9200439453125,1,-1,-1,-1
485,320,532.1500244140625,327.45001220703125,380.1199951171875,705.1599731445312,1,-1,-1,-1
485,312,1294.280029296875,346.19000244140625,377.6199951171875,635.1199951171875,1,-1,-1,-1
486,304,1200.6099853515625,323.8599853515625,312.489990234375,681.6799926757812,1,-1,-1,-1
486,306,798.6699829101562,259.75,406.98992919921875,775.6500244140625,1,-1,-1,-1
486,305,339.5799865722656,382.010009765625,312.3399963378906,617.6199951171875,1,-1,-1,-1
486,320,553.9000244140625,327.239990234375,364.67999267578125,682.7000122070312,1,-1,-1,-1
486,312,1338.6099853515625,362.7799987792969,349.780029296875,624.27001953125,1,-1,-1,-1
487,304,1213.469970703125,307.9700012207031,365.06005859375,717.8599853515625,1,-1,-1,-1
487,306,859.2899780273438,256.3699951171875,349.05999755859375,772.0799560546875,1,-1,-1,-1
487,305,399.7799987792969,379.9700012207031,248.31997680664062,596.8699951171875,1,-1,-1,-1
487,320,558.0499877929688,332.0899963378906,351.55999755859375,690.6099853515625,1,-1,-1,-1
487,312,1415.6400146484375,364.32000732421875,333.4100341796875,639.0499877929688,1,-1,-1,-1
488,304,1221.06005859375,305.6600036621094,374.4200439453125,705.219970703125,1,-1,-1,-1
488,306,877.02001953125,257.3299865722656,332.0,788.3900146484375,1,-1,-1,-1
488,305,414.4100036621094,378.8699951171875,244.37002563476562,612.47998046875,1,-1,-1,-1
488,320,554.219970703125,334.7300109863281,338.07000732421875,671.9300537109375,1,-1,-1,-1
488,312,1387.43994140625,365.1099853515625,362.0400390625,620.989990234375,1,-1,-1,-1
489,304,1228.3800048828125,299.2900085449219,343.3599853515625,709.1300048828125,1,-1,-1,-1
489,306,893.4000244140625,254.9499969482422,378.530029296875,802.5999145507812,1,-1,-1,-1
489,305,418.4200134277344,372.0799865722656,266.6600036621094,617.590087890625,1,-1,-1,-1
489,320,529.02001953125,334.4800109863281,392.9100341796875,676.260009765625,1,-1,-1,-1
489,312,1394.8399658203125,367.42999267578125,357.969970703125,597.6500244140625,1,-1,-1,-1
490,304,1234.8199462890625,293.3900146484375,334.1400146484375,701.9199829101562,1,-1,-1,-1
490,306,896.239990234375,252.07000732421875,477.780029296875,794.2100219726562,1,-1,-1,-1
490,305,415.3500061035156,368.1700134277344,321.0299987792969,652.4599609375,1,-1,-1,-1
490,320,546.22998046875,336.7699890136719,404.3699951171875,639.8699951171875,1,-1,-1,-1
490,312,1425.0799560546875,372.989990234375,340.97998046875,591.2999877929688,1,-1,-1,-1
491,304,1235.9300537109375,293.54998779296875,377.8299560546875,727.239990234375,1,-1,-1,-1
491,306,878.2999877929688,248.19000244140625,488.27996826171875,787.2299194335938,1,-1,-1,-1
491,305,417.2300109863281,366.6199951171875,321.7399597167969,675.5799560546875,1,-1,-1,-1
491,320,548.52001953125,341.1099853515625,407.9100341796875,658.260009765625,1,-1,-1,-1
491,312,1426.72998046875,379.5899963378906,373.5799560546875,604.1500244140625,1,-1,-1,-1
492,304,1238.2900390625,295.45001220703125,385.6500244140625,718.3099975585938,1,-1,-1,-1
492,306,870.2000122070312,250.6300048828125,468.67999267578125,787.1900634765625,1,-1,-1,-1
492,305,416.4100036621094,371.0400085449219,322.2999572753906,667.5699462890625,1,-1,-1,-1
492,320,539.1500244140625,343.5799865722656,433.6500244140625,719.7100830078125,1,-1,-1,-1
492,312,1420.4300537109375,383.0799865722656,383.1900634765625,612.4100341796875,1,-1,-1,-1
493,304,1242.6300048828125,303.489990234375,383.0499267578125,719.3800048828125,1,-1,-1,-1
493,306,876.780029296875,254.13999938964844,424.3399658203125,780.0,1,-1,-1,-1
493,305,414.57000732421875,374.5799865722656,309.53997802734375,635.070068359375,1,-1,-1,-1
493,320,550.2000122070312,341.989990234375,402.489990234375,702.330078125,1,-1,-1,-1
493,312,1423.1700439453125,392.45001220703125,376.6500244140625,621.489990234375,1,-1,-1,-1
494,304,1267.4000244140625,304.5299987792969,380.0599365234375,720.2999267578125,1,-1,-1,-1
494,306,908.0399780273438,234.8699951171875,393.46002197265625,801.9100341796875,1,-1,-1,-1
494,305,394.54998779296875,373.0799865722656,304.47003173828125,634.6199951171875,1,-1,-1,-1
494,320,565.75,307.69000244140625,412.7099609375,727.7899780273438,1,-1,-1,-1
494,312,1409.7900390625,385.2900085449219,378.050048828125,617.3099365234375,1,-1,-1,-1
495,304,1268.1600341796875,287.0899963378906,368.9200439453125,731.590087890625,1,-1,-1,-1
495,306,909.5,232.0500030517578,375.760009765625,803.7899780273438,1,-1,-1,-1
495,305,388.0199890136719,365.010009765625,310.6100158691406,627.2000122070312,1,-1,-1,-1
495,320,590.52001953125,293.260009765625,389.3900146484375,741.0,1,-1,-1,-1
495,312,1423.72998046875,371.2099914550781,357.9599609375,625.4300537109375,1,-1,-1,-1
496,304,1273.0699462890625,274.2799987792969,350.5,747.0899658203125,1,-1,-1,-1
496,306,915.8300170898438,227.74000549316406,367.60992431640625,797.7100830078125,1,-1,-1,-1
496,305,378.4100036621094,363.69000244140625,303.2300109863281,623.1099853515625,1,-1,-1,-1
496,320,597.989990234375,284.44000244140625,337.5999755859375,724.280029296875,1,-1,-1,-1
496,312,1409.8399658203125,357.7699890136719,365.3399658203125,647.199951171875,1,-1,-1,-1
497,304,1279.77001953125,268.9800109863281,332.489990234375,786.2100830078125,1,-1,-1,-1
497,306,895.4600219726562,215.64999389648438,386.15997314453125,828.3399658203125,1,-1,-1,-1
497,305,363.5400085449219,349.17999267578125,295.8500061035156,662.010009765625,1,-1,-1,-1
497,320,602.030029296875,276.0899963378906,330.3399658203125,735.72998046875,1,-1,-1,-1
497,312,1403.5999755859375,341.75,357.8900146484375,650.3400268554688,1,-1,-1,-1
498,304,1275.050048828125,267.8399963378906,329.97998046875,757.530029296875,1,-1,-1,-1
498,306,898.7899780273438,213.42999267578125,368.75006103515625,826.0700073242188,1,-1,-1,-1
498,305,348.260009765625,341.79998779296875,310.530029296875,664.6199951171875,1,-1,-1,-1
498,320,598.1500244140625,277.2200012207031,330.44000244140625,734.469970703125,1,-1,-1,-1
498,312,1408.6600341796875,336.1000061035156,345.739990234375,644.6400146484375,1,-1,-1,-1
499,304,1251.510009765625,277.1199951171875,352.8599853515625,754.5799560546875,1,-1,-1,-1
499,306,875.1099853515625,207.50999450683594,398.8900146484375,817.659912109375,1,-1,-1,-1
499,305,275.17999267578125,339.67999267578125,395.48004150390625,677.0700073242188,1,-1,-1,-1
499,320,579.010009765625,273.5899963378906,339.0999755859375,761.330078125,1,-1,-1,-1
499,312,1392.469970703125,330.29998779296875,345.050048828125,649.1099853515625,1,-1,-1,-1
500,304,1230.1300048828125,281.3699951171875,373.780029296875,767.77001953125,1,-1,-1,-1
500,306,838.7999877929688,204.19000244140625,420.28997802734375,825.1599731445312,1,-1,-1,-1
500,305,247.16000366210938,336.55999755859375,413.4599914550781,677.6799926757812,1,-1,-1,-1
500,320,568.8699951171875,285.3599853515625,361.75,761.4300537109375,1,-1,-1,-1
500,312,1379.5,331.1000061035156,343.1400146484375,651.6600341796875,1,-1,-1,-1
501,304,1216.6099853515625,290.45001220703125,394.9200439453125,732.8300170898438,1,-1,-1,-1
501,306,811.0,204.08999633789062,428.52001953125,830.969970703125,1,-1,-1,-1
501,305,237.39999389648438,338.69000244140625,426.5599670410156,689.2199096679688,1,-1,-1,-1
501,320,558.3599853515625,291.82000732421875,369.52001953125,757.2800903320312,1,-1,-1,-1
501,312,1353.800048828125,330.44000244140625,364.179931640625,648.22998046875,1,-1,-1,-1
502,304,1195.0999755859375,286.0199890136719,436.9400634765625,758.179931640625,1,-1,-1,-1
502,306,825.6300048828125,202.1999969482422,419.6700439453125,827.6599731445312,1,-1,-1,-1
502,305,239.75999450683594,336.3900146484375,421.94000244140625,688.3800048828125,1,-1,-1,-1
502,320,544.3599853515625,297.1700134277344,377.7099609375,742.699951171875,1,-1,-1,-1
502,312,1360.18994140625,341.1199951171875,354.97998046875,641.47998046875,1,-1,-1,-1
503,304,1186.2099609375,289.94000244140625,424.949951171875,747.7000122070312,1,-1,-1,-1
503,306,810.97998046875,196.13999938964844,415.4599609375,842.530029296875,1,-1,-1,-1
503,305,297.6199951171875,332.9599914550781,338.05999755859375,686.9600830078125,1,-1,-1,-1
503,320,556.0499877929688,297.7300109863281,356.85003662109375,757.3900146484375,1,-1,-1,-1
503,312,1351.2900390625,340.8999938964844,357.7900390625,662.3099365234375,1,-1,-1,-1
