1,48,1791.49,662.58,62.06,204.60,1,-1,-1,-1
1,47,1263.23,482.87,47.06,110.94,1,-1,-1,-1
1,46,851.91,475.57,40.34,108.59,1,-1,-1,-1
1,45,1580.06,713.73,65.58,154.57,1,-1,-1,-1
1,44,1035.98,563.89,63.65,192.11,1,-1,-1,-1
1,43,1529.90,695.23,78.09,201.06,1,-1,-1,-1
1,42,1389.39,616.36,63.61,179.18,1,-1,-1,-1
1,41,1536.83,544.87,49.99,137.93,1,-1,-1,-1
1,40,820.38,459.79,42.39,113.54,1,-1,-1,-1
1,39,1792.00,662.52,62.95,214.99,1,-1,-1,-1
1,38,1444.35,616.86,64.32,173.30,1,-1,-1,-1
1,37,991.99,525.43,52.51,140.33,1,-1,-1,-1
1,36,977.51,488.27,51.42,131.81,1,-1,-1,-1
1,35,728.28,454.36,49.80,121.42,1,-1,-1,-1
1,34,1435.39,500.55,46.20,108.62,1,-1,-1,-1
1,33,1400.57,652.18,64.20,200.16,1,-1,-1,-1
1,32,1365.30,651.82,60.82,198.52,1,-1,-1,-1
1,31,1184.82,566.10,60.36,177.67,1,-1,-1,-1
1,30,1719.21,649.21,65.75,208.53,1,-1,-1,-1
1,29,1036.03,562.96,66.29,194.65,1,-1,-1,-1
1,28,1023.15,543.17,52.20,156.12,1,-1,-1,-1
1,27,91.28,953.37,102.22,126.63,1,-1,-1,-1
1,26,961.61,520.05,48.32,141.10,1,-1,-1,-1
1,25,936.28,477.31,48.30,127.84,1,-1,-1,-1
1,24,1168.76,615.31,86.54,202.35,1,-1,-1,-1
1,23,1217.70,584.34,62.50,196.23,1,-1,-1,-1
1,22,1309.87,681.27,82.48,219.79,1,-1,-1,-1
1,21,110.06,832.40,104.49,247.60,1,-1,-1,-1
1,20,1533.16,609.53,71.24,166.58,1,-1,-1,-1
1,19,1030.51,433.99,39.53,116.66,1,-1,-1,-1
1,18,495.54,909.96,135.50,170.04,1,-1,-1,-1
1,17,1453.68,674.62,91.08,232.38,1,-1,-1,-1
1,16,1079.65,544.50,58.93,154.18,1,-1,-1,-1
1,15,778.11,465.10,51.69,134.36,1,-1,-1,-1
1,14,1648.58,696.11,67.68,219.14,1,-1,-1,-1
1,13,974.94,567.71,71.50,200.05,1,-1,-1,-1
1,12,316.37,921.02,145.15,158.98,1,-1,-1,-1
1,11,838.43,563.06,57.14,151.15,1,-1,-1,-1
1,10,224.81,865.29,96.71,214.71,1,-1,-1,-1
1,9,610.30,617.57,87.60,217.03,1,-1,-1,-1
1,8,913.23,516.71,50.32,142.51,1,-1,-1,-1
1,7,621.39,757.21,100.82,253.63,1,-1,-1,-1
1,6,413.88,766.56,83.34,216.70,1,-1,-1,-1
1,5,778.36,624.64,70.10,202.03,1,-1,-1,-1
1,4,1364.22,791.45,100.90,273.56,1,-1,-1,-1
1,3,501.63,622.41,97.46,210.50,1,-1,-1,-1
1,2,1242.24,787.26,112.48,273.32,1,-1,-1,-1
1,1,1106.82,782.99,113.85,297.01,1,-1,-1,-1
2,54,975.97,568.35,66.15,199.15,1,-1,-1,-1
2,53,1550.91,668.53,62.02,179.94,1,-1,-1,-1
2,52,1724.22,648.71,63.31,205.30,1,-1,-1,-1
2,51,1484.32,613.77,54.48,153.78,1,-1,-1,-1
2,50,1334.03,646.14,59.93,187.86,1,-1,-1,-1
2,49,1160.64,598.62,67.51,186.13,1,-1,-1,-1
2,47,1261.81,481.83,48.35,112.47,1,-1,-1,-1
2,46,856.45,480.74,38.58,101.95,1,-1,-1,-1
2,44,1036.90,571.17,62.14,183.18,1,-1,-1,-1
2,43,1521.48,687.68,82.67,211.83,1,-1,-1,-1
2,39,1797.86,657.82,64.22,217.44,1,-1,-1,-1
2,38,1446.53,618.31,58.54,163.70,1,-1,-1,-1
2,37,989.41,524.46,54.52,145.26,1,-1,-1,-1
2,35,729.31,453.63,48.96,118.41,1,-1,-1,-1
2,34,1435.87,500.83,45.18,107.77,1,-1,-1,-1
2,33,1409.07,652.46,64.67,192.78,1,-1,-1,-1
2,32,1368.79,648.11,58.12,187.95,1,-1,-1,-1
2,31,1185.53,566.00,59.36,179.38,1,-1,-1,-1
2,30,1723.58,648.66,63.84,206.36,1,-1,-1,-1
2,28,1024.19,543.18,52.21,158.39,1,-1,-1,-1
2,27,93.67,951.25,100.71,128.75,1,-1,-1,-1
2,26,960.95,519.48,50.01,143.17,1,-1,-1,-1
2,25,934.34,475.21,51.22,131.90,1,-1,-1,-1
2,24,1177.45,631.25,85.12,187.59,1,-1,-1,-1
2,23,1219.67,585.97,60.54,197.70,1,-1,-1,-1
2,22,1292.80,697.81,80.63,212.43,1,-1,-1,-1
2,21,109.07,832.74,103.80,247.26,1,-1,-1,-1
2,20,1535.24,609.70,72.60,163.09,1,-1,-1,-1
2,19,1031.22,433.25,39.36,116.20,1,-1,-1,-1
2,18,486.96,909.80,147.10,170.20,1,-1,-1,-1
2,17,1447.39,671.22,97.77,236.54,1,-1,-1,-1
2,16,1081.37,543.39,59.11,155.26,1,-1,-1,-1
2,15,779.11,465.29,51.37,135.43,1,-1,-1,-1
2,14,1634.51,698.98,88.53,216.44,1,-1,-1,-1
2,13,975.06,567.72,68.21,198.22,1,-1,-1,-1
2,12,316.54,915.27,142.65,164.73,1,-1,-1,-1
2,11,838.97,564.67,57.63,149.41,1,-1,-1,-1
2,10,227.26,862.09,95.83,217.91,1,-1,-1,-1
2,9,610.76,616.83,87.70,218.01,1,-1,-1,-1
2,8,914.39,517.08,48.21,143.06,1,-1,-1,-1
2,7,612.79,762.06,106.96,256.24,1,-1,-1,-1
2,6,410.51,766.98,80.17,215.37,1,-1,-1,-1
2,5,778.93,624.08,69.13,196.55,1,-1,-1,-1
2,4,1365.98,790.91,95.54,276.85,1,-1,-1,-1
2,3,501.63,621.64,97.88,211.27,1,-1,-1,-1
2,2,1244.05,789.73,112.13,275.07,1,-1,-1,-1
2,1,1105.93,784.08,109.77,293.76,1,-1,-1,-1
3,54,976.89,568.10,64.93,198.52,1,-1,-1,-1
3,53,1549.02,670.41,68.77,196.41,1,-1,-1,-1
3,52,1719.54,644.80,80.46,215.93,1,-1,-1,-1
3,51,1488.31,615.11,53.57,147.61,1,-1,-1,-1
3,50,1340.44,681.29,73.72,194.56,1,-1,-1,-1
3,49,1159.00,596.30,66.23,189.74,1,-1,-1,-1
3,47,1260.73,481.69,50.50,114.07,1,-1,-1,-1
3,46,857.81,480.60,37.44,98.31,1,-1,-1,-1
3,44,1035.37,576.02,63.37,179.18,1,-1,-1,-1
3,43,1523.53,699.14,83.07,195.09,1,-1,-1,-1
3,41,1532.39,541.72,44.46,113.34,1,-1,-1,-1
3,40,823.60,461.00,42.99,113.46,1,-1,-1,-1
3,39,1799.95,659.98,72.97,220.48,1,-1,-1,-1
3,38,1452.29,620.67,57.02,157.53,1,-1,-1,-1
3,36,985.14,486.86,48.22,107.06,1,-1,-1,-1
3,35,730.19,454.38,50.38,118.96,1,-1,-1,-1
3,34,1435.93,499.91,44.90,110.20,1,-1,-1,-1
3,33,1415.23,646.74,64.51,193.12,1,-1,-1,-1
3,32,1377.39,651.62,58.40,186.30,1,-1,-1,-1
3,31,1185.05,565.31,59.71,188.76,1,-1,-1,-1
3,28,1023.89,543.90,55.97,158.47,1,-1,-1,-1
3,27,94.20,947.59,100.84,132.41,1,-1,-1,-1
3,26,960.85,519.53,50.32,141.87,1,-1,-1,-1
3,25,932.55,471.15,53.58,131.72,1,-1,-1,-1
3,24,1178.66,628.16,90.61,191.60,1,-1,-1,-1
3,23,1216.99,585.11,62.60,203.46,1,-1,-1,-1
3,22,1285.90,697.91,82.78,207.45,1,-1,-1,-1
3,21,108.75,832.21,106.00,247.79,1,-1,-1,-1
3,20,1534.57,609.30,75.10,160.65,1,-1,-1,-1
3,19,1030.98,434.14,39.28,117.34,1,-1,-1,-1
3,18,481.08,901.83,150.84,178.17,1,-1,-1,-1
3,17,1441.53,670.48,103.91,238.72,1,-1,-1,-1
3,16,1081.95,543.55,59.18,157.79,1,-1,-1,-1
3,15,778.89,466.30,50.35,133.23,1,-1,-1,-1
3,14,1622.73,694.78,94.25,216.72,1,-1,-1,-1
3,13,976.35,567.66,66.14,196.70,1,-1,-1,-1
3,12,314.71,919.15,139.41,160.85,1,-1,-1,-1
3,11,838.64,566.68,56.87,145.94,1,-1,-1,-1
3,10,227.90,857.73,102.25,222.27,1,-1,-1,-1
3,9,610.84,616.09,88.25,214.50,1,-1,-1,-1
3,8,914.45,517.08,48.60,147.69,1,-1,-1,-1
3,7,608.93,765.88,110.40,251.51,1,-1,-1,-1
3,6,403.76,765.40,74.00,217.10,1,-1,-1,-1
3,5,779.07,622.59,71.36,194.79,1,-1,-1,-1
3,4,1367.28,792.51,92.53,282.61,1,-1,-1,-1
3,3,499.93,619.97,99.26,209.84,1,-1,-1,-1
3,2,1244.56,795.23,108.09,271.70,1,-1,-1,-1
3,1,1104.63,784.86,113.30,289.22,1,-1,-1,-1
4,47,1260.72,481.54,51.12,114.20,1,-1,-1,-1
4,46,859.70,482.64,36.82,96.80,1,-1,-1,-1
4,44,1032.28,570.25,66.23,184.91,1,-1,-1,-1
4,39,1802.12,660.62,84.04,218.95,1,-1,-1,-1
4,35,731.78,452.14,50.22,117.62,1,-1,-1,-1
4,34,1438.63,500.40,45.28,114.86,1,-1,-1,-1
4,33,1422.79,646.21,65.91,193.68,1,-1,-1,-1
4,31,1185.63,564.91,59.05,188.87,1,-1,-1,-1
4,28,1025.09,544.47,66.99,196.13,1,-1,-1,-1
4,27,97.57,948.59,99.08,131.41,1,-1,-1,-1
4,26,961.95,520.33,49.50,142.10,1,-1,-1,-1
4,25,931.93,468.37,54.01,131.93,1,-1,-1,-1
4,24,1186.55,628.13,84.43,189.09,1,-1,-1,-1
4,23,1219.47,586.08,59.66,184.23,1,-1,-1,-1
4,22,1281.89,696.46,76.61,198.17,1,-1,-1,-1
4,21,107.67,831.45,109.22,248.55,1,-1,-1,-1
4,20,1540.91,610.34,74.03,166.17,1,-1,-1,-1
4,19,1030.94,433.80,39.86,118.44,1,-1,-1,-1
4,18,473.22,896.07,155.72,183.93,1,-1,-1,-1
4,17,1439.54,669.86,103.11,237.58,1,-1,-1,-1
4,16,1082.71,544.25,61.46,157.62,1,-1,-1,-1
4,15,779.98,468.22,49.52,131.58,1,-1,-1,-1
4,14,1611.66,695.02,108.59,213.77,1,-1,-1,-1
4,13,976.52,567.51,67.32,195.23,1,-1,-1,-1
4,12,318.61,921.49,133.69,158.51,1,-1,-1,-1
4,11,839.16,567.53,55.87,146.27,1,-1,-1,-1
4,10,230.00,856.24,106.28,223.76,1,-1,-1,-1
4,9,610.71,615.77,88.11,210.20,1,-1,-1,-1
4,8,914.90,516.84,48.49,148.23,1,-1,-1,-1
4,7,602.09,763.34,117.54,258.12,1,-1,-1,-1
4,6,399.05,765.31,69.71,215.74,1,-1,-1,-1
4,5,779.57,621.50,72.01,197.35,1,-1,-1,-1
4,4,1366.11,788.20,92.46,287.32,1,-1,-1,-1
4,3,500.17,618.82,98.61,210.50,1,-1,-1,-1
4,2,1244.61,799.01,107.53,273.15,1,-1,-1,-1
4,1,1103.27,785.06,111.65,283.36,1,-1,-1,-1
5,54,977.60,565.92,64.21,196.75,1,-1,-1,-1
5,53,1560.62,672.21,75.03,201.01,1,-1,-1,-1
5,52,1730.31,646.21,75.15,216.13,1,-1,-1,-1
5,50,1352.91,641.00,77.12,228.34,1,-1,-1,-1
5,49,1158.58,594.60,66.06,197.29,1,-1,-1,-1
5,47,1260.90,481.42,50.38,113.74,1,-1,-1,-1
5,46,859.95,477.85,38.57,98.46,1,-1,-1,-1
5,41,1524.39,543.27,53.36,142.66,1,-1,-1,-1
5,40,829.22,461.56,44.71,110.27,1,-1,-1,-1
5,39,1803.91,661.99,98.11,220.37,1,-1,-1,-1
5,36,985.91,486.72,50.54,114.88,1,-1,-1,-1
5,35,733.09,454.59,53.10,118.96,1,-1,-1,-1
5,34,1437.86,499.09,46.42,117.49,1,-1,-1,-1
5,33,1426.90,642.19,70.50,221.20,1,-1,-1,-1
5,31,1185.02,564.10,58.19,182.60,1,-1,-1,-1
5,28,1029.16,553.32,70.56,203.47,1,-1,-1,-1
5,27,100.60,944.95,98.70,135.05,1,-1,-1,-1
5,26,963.89,520.19,50.77,139.71,1,-1,-1,-1
5,25,933.83,473.20,53.56,129.11,1,-1,-1,-1
5,24,1200.91,609.19,72.19,208.73,1,-1,-1,-1
5,22,1278.99,693.54,73.28,186.71,1,-1,-1,-1
5,21,106.99,830.97,109.08,249.03,1,-1,-1,-1
5,20,1542.97,610.81,73.67,178.74,1,-1,-1,-1
5,19,1031.33,433.74,40.24,120.21,1,-1,-1,-1
5,18,465.42,884.41,163.86,195.59,1,-1,-1,-1
5,17,1437.39,662.36,100.78,245.06,1,-1,-1,-1
5,16,1083.59,545.92,61.43,157.76,1,-1,-1,-1
5,15,780.84,470.10,52.10,132.26,1,-1,-1,-1
5,14,1603.31,697.24,111.81,212.97,1,-1,-1,-1
5,12,316.84,904.11,132.71,175.89,1,-1,-1,-1
5,11,839.94,567.85,56.35,147.42,1,-1,-1,-1
5,10,233.21,854.60,105.64,225.40,1,-1,-1,-1
5,9,609.51,616.73,88.16,200.62,1,-1,-1,-1
5,8,915.26,516.98,48.95,151.05,1,-1,-1,-1
5,7,590.49,767.33,129.87,252.46,1,-1,-1,-1
5,6,395.85,765.18,69.75,215.79,1,-1,-1,-1
5,5,782.67,621.10,69.54,194.94,1,-1,-1,-1
5,4,1362.53,796.14,96.58,283.42,1,-1,-1,-1
5,3,499.91,619.83,98.29,206.49,1,-1,-1,-1
5,2,1245.69,800.59,102.27,269.24,1,-1,-1,-1
5,1,1101.33,784.62,110.50,291.60,1,-1,-1,-1
6,54,977.44,567.34,65.36,195.34,1,-1,-1,-1
6,53,1565.60,671.88,68.93,204.39,1,-1,-1,-1
6,52,1733.41,646.36,78.43,214.91,1,-1,-1,-1
6,50,1358.07,641.27,73.11,225.18,1,-1,-1,-1
6,47,1261.86,481.59,52.07,114.96,1,-1,-1,-1
6,46,859.86,475.33,40.32,104.41,1,-1,-1,-1
6,41,1518.74,547.04,55.58,157.31,1,-1,-1,-1
6,40,829.62,461.40,48.28,113.17,1,-1,-1,-1
6,39,1805.93,661.28,109.79,220.49,1,-1,-1,-1
6,37,995.91,520.04,58.99,148.93,1,-1,-1,-1
5,37,992.52,525.59,57.80,145.96,1,-1,-1,-1
4,37,988.64,523.05,59.79,149.85,1,-1,-1,-1
6,36,985.85,486.08,51.78,121.09,1,-1,-1,-1
6,35,734.93,455.37,52.78,115.94,1,-1,-1,-1
6,34,1439.21,498.31,46.04,118.09,1,-1,-1,-1
6,31,1186.21,562.61,58.94,183.57,1,-1,-1,-1
6,28,1031.40,564.17,70.01,191.92,1,-1,-1,-1
6,27,102.67,944.25,98.71,135.75,1,-1,-1,-1
6,26,964.31,523.42,49.03,134.13,1,-1,-1,-1
6,25,934.32,471.23,53.98,129.78,1,-1,-1,-1
6,24,1205.52,628.16,67.30,200.72,1,-1,-1,-1
6,22,1279.15,693.90,67.71,172.10,1,-1,-1,-1
6,21,105.50,828.52,110.12,251.48,1,-1,-1,-1
6,20,1544.38,610.91,77.11,176.61,1,-1,-1,-1
6,19,1031.24,432.67,40.21,119.72,1,-1,-1,-1
6,17,1436.46,669.01,94.05,242.18,1,-1,-1,-1
6,16,1085.29,544.93,61.69,156.03,1,-1,-1,-1
6,15,781.66,471.03,52.51,132.74,1,-1,-1,-1
6,12,317.57,906.44,128.06,173.56,1,-1,-1,-1
6,11,840.73,573.45,54.91,142.58,1,-1,-1,-1
6,10,234.85,854.26,108.30,225.74,1,-1,-1,-1
6,9,610.65,617.32,87.70,191.50,1,-1,-1,-1
6,8,915.45,518.70,49.02,150.42,1,-1,-1,-1
6,7,581.59,766.77,139.84,257.53,1,-1,-1,-1
6,6,391.85,763.80,72.13,219.82,1,-1,-1,-1
6,5,784.41,620.74,66.33,195.28,1,-1,-1,-1
6,4,1362.25,799.98,96.32,277.31,1,-1,-1,-1
6,3,499.39,620.14,99.35,205.95,1,-1,-1,-1
6,2,1246.47,804.94,102.25,273.40,1,-1,-1,-1
6,1,1100.39,784.15,109.29,294.37,1,-1,-1,-1
7,56,523.00,912.93,107.89,167.07,1,-1,-1,-1
6,56,524.85,913.86,106.83,166.14,1,-1,-1,-1
5,56,523.30,918.24,106.44,161.76,1,-1,-1,-1
7,55,1159.28,595.29,64.29,186.37,1,-1,-1,-1
6,55,1158.76,595.42,65.15,183.00,1,-1,-1,-1
5,55,1158.21,593.66,66.62,201.69,1,-1,-1,-1
7,54,975.84,566.67,66.28,195.33,1,-1,-1,-1
7,53,1574.93,677.81,72.57,190.25,1,-1,-1,-1
7,52,1737.43,643.91,78.66,215.88,1,-1,-1,-1
7,50,1368.11,638.97,69.43,214.24,1,-1,-1,-1
7,47,1260.56,480.88,52.40,113.83,1,-1,-1,-1
7,43,1509.93,675.12,67.61,205.30,1,-1,-1,-1
6,43,1509.18,700.20,82.80,199.40,1,-1,-1,-1
5,43,1511.48,686.55,82.83,207.30,1,-1,-1,-1
7,41,1516.93,551.76,51.93,124.43,1,-1,-1,-1
7,40,830.11,457.67,51.02,126.54,1,-1,-1,-1
7,39,1811.00,662.70,104.38,225.39,1,-1,-1,-1
7,37,996.47,518.19,59.74,155.76,1,-1,-1,-1
7,36,987.29,487.91,50.38,125.12,1,-1,-1,-1
7,35,737.90,451.69,53.06,121.69,1,-1,-1,-1
7,34,1438.27,499.33,47.68,114.05,1,-1,-1,-1
7,32,1396.16,643.49,62.18,212.02,1,-1,-1,-1
6,32,1389.11,648.01,65.93,221.12,1,-1,-1,-1
5,32,1389.49,648.29,59.21,206.16,1,-1,-1,-1
7,31,1188.58,564.75,55.71,176.51,1,-1,-1,-1
7,27,106.65,948.17,98.90,131.83,1,-1,-1,-1
7,26,964.12,526.23,48.05,132.21,1,-1,-1,-1
7,25,937.00,471.29,54.38,135.38,1,-1,-1,-1
7,24,1214.52,628.12,67.12,194.89,1,-1,-1,-1
7,22,1274.23,691.11,69.31,165.21,1,-1,-1,-1
7,21,109.39,826.37,107.67,253.63,1,-1,-1,-1
7,20,1554.49,611.64,72.26,177.01,1,-1,-1,-1
7,19,1035.07,433.65,41.62,120.55,1,-1,-1,-1
7,17,1433.54,643.26,92.48,263.56,1,-1,-1,-1
7,16,1086.05,545.56,59.20,154.17,1,-1,-1,-1
7,15,784.37,469.96,53.54,133.09,1,-1,-1,-1
7,12,319.49,904.40,124.80,175.60,1,-1,-1,-1
7,11,841.73,560.09,59.11,159.50,1,-1,-1,-1
7,10,237.30,852.11,112.91,227.89,1,-1,-1,-1
7,9,612.80,616.54,88.20,194.20,1,-1,-1,-1
7,8,916.47,519.55,48.79,146.98,1,-1,-1,-1
7,7,576.23,767.89,143.43,255.82,1,-1,-1,-1
7,6,388.48,762.36,74.31,217.73,1,-1,-1,-1
7,5,786.22,617.98,67.24,195.63,1,-1,-1,-1
7,4,1362.32,801.71,95.39,278.29,1,-1,-1,-1
7,3,499.74,620.19,99.30,206.26,1,-1,-1,-1
7,2,1247.05,796.35,102.16,283.65,1,-1,-1,-1
7,1,1099.12,783.23,113.03,296.77,1,-1,-1,-1
8,56,520.77,903.34,108.61,176.66,1,-1,-1,-1
8,55,1159.74,596.01,66.75,185.08,1,-1,-1,-1
8,54,976.63,568.38,65.78,194.23,1,-1,-1,-1
8,53,1586.77,667.70,70.52,182.82,1,-1,-1,-1
8,52,1742.31,645.44,79.49,213.83,1,-1,-1,-1
8,50,1375.38,639.46,73.40,216.79,1,-1,-1,-1
8,47,1260.63,481.27,52.13,113.79,1,-1,-1,-1
8,43,1493.25,663.64,91.87,229.27,1,-1,-1,-1
8,41,1513.16,547.73,51.57,126.12,1,-1,-1,-1
8,40,832.11,460.70,48.52,129.27,1,-1,-1,-1
8,39,1819.67,662.79,99.87,255.78,1,-1,-1,-1
8,38,1466.68,615.47,63.65,189.10,1,-1,-1,-1
7,38,1464.82,614.17,64.66,192.36,1,-1,-1,-1
6,38,1461.74,616.07,64.32,181.38,1,-1,-1,-1
8,37,997.65,517.76,58.29,154.89,1,-1,-1,-1
8,36,989.50,487.66,48.95,125.86,1,-1,-1,-1
8,35,743.30,457.29,49.48,116.47,1,-1,-1,-1
8,34,1439.09,498.66,46.62,115.06,1,-1,-1,-1
8,31,1188.66,565.37,56.29,169.97,1,-1,-1,-1
8,27,109.72,945.89,100.36,134.11,1,-1,-1,-1
8,26,964.18,525.99,48.42,128.94,1,-1,-1,-1
8,25,936.40,467.64,55.45,137.66,1,-1,-1,-1
8,24,1222.54,634.20,64.85,189.70,1,-1,-1,-1
8,23,1222.04,585.57,63.98,209.58,1,-1,-1,-1
7,23,1215.23,602.90,68.50,220.57,1,-1,-1,-1
6,23,1215.92,583.40,63.26,194.42,1,-1,-1,-1
8,21,102.02,823.49,116.09,256.51,1,-1,-1,-1
8,20,1552.38,611.17,75.50,192.10,1,-1,-1,-1
8,19,1035.95,434.10,41.45,120.16,1,-1,-1,-1
8,17,1428.19,653.57,90.51,252.14,1,-1,-1,-1
8,16,1089.84,546.99,57.81,154.11,1,-1,-1,-1
8,15,785.30,469.66,52.99,135.49,1,-1,-1,-1
8,12,319.94,908.35,119.89,171.65,1,-1,-1,-1
8,11,842.27,559.90,60.08,159.16,1,-1,-1,-1
8,10,235.24,851.27,120.44,228.73,1,-1,-1,-1
8,9,613.23,616.67,87.62,191.90,1,-1,-1,-1
8,8,917.26,518.48,49.61,147.92,1,-1,-1,-1
8,7,569.02,767.72,139.57,257.51,1,-1,-1,-1
8,6,385.88,761.31,76.35,217.87,1,-1,-1,-1
8,5,786.44,617.31,69.61,194.89,1,-1,-1,-1
8,4,1360.53,797.94,93.58,279.92,1,-1,-1,-1
8,3,499.09,620.17,100.84,205.62,1,-1,-1,-1
8,2,1245.83,797.79,103.28,282.21,1,-1,-1,-1
8,1,1097.21,783.31,112.08,296.69,1,-1,-1,-1
9,57,1259.73,686.04,78.22,192.42,1,-1,-1,-1
8,57,1269.97,687.11,68.52,173.44,1,-1,-1,-1
7,57,1273.33,690.71,71.02,178.93,1,-1,-1,-1
9,56,517.14,897.23,113.63,182.77,1,-1,-1,-1
9,55,1160.55,594.92,65.64,190.82,1,-1,-1,-1
9,53,1588.55,665.29,63.72,161.28,1,-1,-1,-1
9,52,1744.41,645.90,83.93,215.27,1,-1,-1,-1
9,50,1378.93,638.04,69.20,223.04,1,-1,-1,-1
9,43,1495.11,664.45,90.55,226.69,1,-1,-1,-1
9,41,1510.73,550.79,54.13,126.00,1,-1,-1,-1
9,40,835.83,457.66,46.91,127.51,1,-1,-1,-1
9,39,1822.24,660.96,97.51,260.90,1,-1,-1,-1
9,38,1467.18,615.63,63.15,181.21,1,-1,-1,-1
9,37,1001.05,514.13,58.14,156.84,1,-1,-1,-1
9,36,988.83,485.35,49.22,130.36,1,-1,-1,-1
9,35,745.46,454.61,48.99,116.15,1,-1,-1,-1
9,34,1438.90,497.61,47.66,116.25,1,-1,-1,-1
9,31,1188.12,565.33,57.81,176.12,1,-1,-1,-1
9,27,114.46,946.27,99.88,133.73,1,-1,-1,-1
9,26,966.41,527.57,46.43,125.68,1,-1,-1,-1
9,25,939.59,467.24,54.80,135.42,1,-1,-1,-1
9,24,1227.52,630.28,64.39,193.68,1,-1,-1,-1
9,23,1222.17,583.58,64.06,203.60,1,-1,-1,-1
9,21,107.79,820.11,115.94,259.89,1,-1,-1,-1
9,20,1555.19,610.43,74.37,193.17,1,-1,-1,-1
9,19,1036.41,433.34,42.62,120.39,1,-1,-1,-1
9,17,1429.61,677.33,77.63,229.17,1,-1,-1,-1
9,16,1091.55,546.04,58.71,155.63,1,-1,-1,-1
9,15,786.61,469.07,52.91,139.03,1,-1,-1,-1
9,14,1589.46,702.79,118.26,206.65,1,-1,-1,-1
8,14,1596.99,699.60,114.94,211.95,1,-1,-1,-1
7,14,1618.06,698.88,93.87,204.44,1,-1,-1,-1
9,13,979.10,566.18,67.18,195.61,1,-1,-1,-1
8,13,977.22,567.12,65.98,194.19,1,-1,-1,-1
7,13,977.07,564.34,65.48,199.26,1,-1,-1,-1
9,12,319.64,902.75,120.04,177.25,1,-1,-1,-1
9,11,843.44,560.34,58.48,160.90,1,-1,-1,-1
9,10,244.74,851.34,111.40,228.66,1,-1,-1,-1
9,9,614.92,616.74,84.97,198.75,1,-1,-1,-1
9,8,918.25,519.41,49.64,147.41,1,-1,-1,-1
9,7,559.30,768.87,139.31,256.82,1,-1,-1,-1
9,6,381.86,760.95,79.89,219.15,1,-1,-1,-1
9,5,788.41,614.67,69.12,199.06,1,-1,-1,-1
9,4,1359.22,796.87,93.81,281.80,1,-1,-1,-1
9,3,499.60,620.66,101.51,204.61,1,-1,-1,-1
9,2,1244.75,799.61,105.44,280.39,1,-1,-1,-1
9,1,1097.01,784.18,113.01,295.82,1,-1,-1,-1
10,57,1256.56,684.69,78.98,199.52,1,-1,-1,-1
10,55,1160.00,593.94,64.61,193.49,1,-1,-1,-1
10,53,1552.51,612.46,83.71,196.25,1,-1,-1,-1
10,52,1745.89,647.27,87.73,213.35,1,-1,-1,-1
10,50,1374.80,639.84,82.52,246.04,1,-1,-1,-1
10,46,870.01,471.71,40.40,118.73,1,-1,-1,-1
9,46,869.52,475.79,37.67,108.70,1,-1,-1,-1
8,46,866.77,478.92,38.57,105.98,1,-1,-1,-1
10,43,1492.31,667.42,66.24,223.51,1,-1,-1,-1
10,41,1506.25,550.44,54.90,131.87,1,-1,-1,-1
10,40,837.17,457.08,46.75,128.68,1,-1,-1,-1
10,39,1825.38,664.07,94.51,260.15,1,-1,-1,-1
10,38,1464.07,613.79,61.78,180.01,1,-1,-1,-1
10,37,1002.63,514.96,56.56,154.70,1,-1,-1,-1
10,36,990.25,485.34,51.36,129.48,1,-1,-1,-1
10,35,745.87,454.09,49.09,117.72,1,-1,-1,-1
10,34,1438.90,497.26,47.54,116.13,1,-1,-1,-1
10,31,1187.98,565.02,57.68,168.93,1,-1,-1,-1
10,27,115.98,942.13,101.88,137.87,1,-1,-1,-1
10,25,939.02,468.83,54.67,134.22,1,-1,-1,-1
10,24,1224.78,637.59,64.29,182.02,1,-1,-1,-1
10,23,1223.60,583.59,67.77,214.32,1,-1,-1,-1
10,21,106.48,818.46,122.86,261.54,1,-1,-1,-1
10,20,1555.94,612.86,74.66,197.21,1,-1,-1,-1
10,19,1036.99,432.50,42.61,120.36,1,-1,-1,-1
10,17,1427.31,672.49,78.32,231.73,1,-1,-1,-1
10,16,1093.76,547.29,57.73,156.07,1,-1,-1,-1
10,15,786.12,466.60,55.28,143.21,1,-1,-1,-1
10,14,1586.40,703.89,105.80,198.57,1,-1,-1,-1
10,13,979.06,567.30,67.14,194.70,1,-1,-1,-1
10,12,317.57,906.77,119.25,173.23,1,-1,-1,-1
10,11,843.56,561.64,58.82,159.83,1,-1,-1,-1
10,10,244.79,851.29,108.08,228.71,1,-1,-1,-1
10,9,614.94,615.17,84.77,206.85,1,-1,-1,-1
10,8,918.43,520.90,51.59,147.72,1,-1,-1,-1
10,7,556.16,765.51,133.60,258.64,1,-1,-1,-1
10,6,367.35,763.77,94.89,215.68,1,-1,-1,-1
10,5,788.86,615.57,69.70,197.22,1,-1,-1,-1
10,4,1358.00,801.50,94.27,278.50,1,-1,-1,-1
10,3,498.95,619.55,101.09,206.61,1,-1,-1,-1
10,2,1243.38,802.09,107.61,277.91,1,-1,-1,-1
10,1,1095.68,784.66,111.39,295.34,1,-1,-1,-1
11,57,1251.86,683.48,80.18,206.76,1,-1,-1,-1
11,55,1160.03,593.07,64.85,195.05,1,-1,-1,-1
11,52,1745.62,650.25,96.27,208.84,1,-1,-1,-1
11,46,869.56,472.71,41.81,122.34,1,-1,-1,-1
11,43,1481.06,659.92,73.72,229.78,1,-1,-1,-1
11,41,1502.15,555.87,57.21,126.36,1,-1,-1,-1
11,40,840.48,457.19,48.62,125.97,1,-1,-1,-1
11,39,1819.82,662.00,100.18,260.38,1,-1,-1,-1
11,38,1464.91,614.32,65.84,174.81,1,-1,-1,-1
11,37,1004.26,518.54,56.19,141.53,1,-1,-1,-1
11,36,991.95,485.31,48.43,122.89,1,-1,-1,-1
11,35,747.67,454.22,48.12,117.34,1,-1,-1,-1
11,34,1437.97,496.99,49.97,115.35,1,-1,-1,-1
11,31,1189.46,564.35,56.37,162.61,1,-1,-1,-1
11,27,118.25,937.24,104.30,142.76,1,-1,-1,-1
11,25,943.63,469.62,52.72,130.44,1,-1,-1,-1
11,23,1224.14,583.79,63.31,190.85,1,-1,-1,-1
11,21,111.66,816.56,122.09,263.44,1,-1,-1,-1
11,20,1557.43,613.75,74.19,185.39,1,-1,-1,-1
11,19,1037.98,432.99,42.93,120.82,1,-1,-1,-1
11,18,483.27,905.64,144.23,174.36,1,-1,-1,-1
10,18,472.42,904.55,155.69,175.45,1,-1,-1,-1
9,18,466.19,903.33,161.87,176.67,1,-1,-1,-1
11,17,1417.51,684.17,69.86,215.14,1,-1,-1,-1
11,16,1095.86,548.43,57.82,154.11,1,-1,-1,-1
11,15,786.01,467.37,56.54,141.52,1,-1,-1,-1
11,13,981.23,567.98,64.28,194.52,1,-1,-1,-1
11,12,316.00,910.07,119.53,169.93,1,-1,-1,-1
11,11,844.04,562.33,58.40,160.89,1,-1,-1,-1
11,10,246.97,851.48,107.80,228.52,1,-1,-1,-1
11,9,615.92,614.55,83.94,208.64,1,-1,-1,-1
11,8,918.60,520.66,51.86,147.30,1,-1,-1,-1
11,7,553.81,764.03,108.86,238.43,1,-1,-1,-1
11,6,362.09,763.13,97.29,215.47,1,-1,-1,-1
11,5,790.30,615.48,68.60,196.81,1,-1,-1,-1
11,4,1356.47,802.32,96.59,277.68,1,-1,-1,-1
11,3,499.85,617.95,101.08,208.84,1,-1,-1,-1
11,2,1241.65,799.83,110.86,280.17,1,-1,-1,-1
11,1,1094.10,786.43,111.41,293.57,1,-1,-1,-1
12,55,1160.99,592.46,64.86,190.58,1,-1,-1,-1
12,52,1749.81,651.78,93.25,206.47,1,-1,-1,-1
12,46,873.94,474.84,42.86,117.06,1,-1,-1,-1
12,44,1040.31,553.77,71.23,200.14,1,-1,-1,-1
11,44,1036.87,548.50,73.02,205.51,1,-1,-1,-1
10,44,1036.89,532.78,58.50,151.28,1,-1,-1,-1
12,43,1483.26,657.20,79.97,229.17,1,-1,-1,-1
12,41,1499.68,548.46,62.51,141.37,1,-1,-1,-1
12,40,842.58,457.84,47.65,122.70,1,-1,-1,-1
12,39,1819.42,661.99,100.56,265.43,1,-1,-1,-1
12,38,1465.94,615.06,66.23,175.15,1,-1,-1,-1
12,37,1005.62,517.74,54.95,140.86,1,-1,-1,-1
12,36,995.61,485.92,53.30,120.77,1,-1,-1,-1
12,35,751.78,454.34,46.77,115.86,1,-1,-1,-1
12,34,1436.44,496.39,52.33,114.57,1,-1,-1,-1
12,31,1190.81,565.57,60.16,167.36,1,-1,-1,-1
12,27,120.88,934.27,107.30,145.73,1,-1,-1,-1
12,25,944.74,468.02,52.60,126.60,1,-1,-1,-1
12,23,1225.50,583.39,75.60,216.41,1,-1,-1,-1
12,21,119.20,815.55,115.05,264.45,1,-1,-1,-1
12,20,1561.03,613.03,75.68,187.16,1,-1,-1,-1
12,19,1038.55,432.45,43.31,121.09,1,-1,-1,-1
12,18,486.90,911.31,138.85,168.69,1,-1,-1,-1
12,17,1413.06,686.15,70.66,217.36,1,-1,-1,-1
12,16,1096.35,547.70,58.69,153.25,1,-1,-1,-1
12,15,789.08,467.11,55.31,140.01,1,-1,-1,-1
12,13,983.44,568.20,63.58,192.80,1,-1,-1,-1
12,12,309.98,912.38,123.31,167.62,1,-1,-1,-1
12,11,845.81,563.53,56.11,157.74,1,-1,-1,-1
12,10,246.30,849.14,109.17,230.86,1,-1,-1,-1
12,9,617.66,611.77,84.04,217.69,1,-1,-1,-1
12,8,919.27,522.86,52.79,144.42,1,-1,-1,-1
12,7,546.30,760.75,101.36,232.59,1,-1,-1,-1
12,6,358.92,763.47,99.16,215.26,1,-1,-1,-1
12,5,793.08,615.60,67.39,197.21,1,-1,-1,-1
12,4,1355.92,802.30,97.85,277.70,1,-1,-1,-1
12,3,501.20,616.07,100.02,209.87,1,-1,-1,-1
12,2,1241.49,801.60,114.60,278.40,1,-1,-1,-1
12,1,1093.81,788.63,112.78,291.37,1,-1,-1,-1
13,62,1638.81,712.21,75.05,186.53,1,-1,-1,-1
12,62,1637.39,712.44,79.03,191.89,1,-1,-1,-1
11,62,1638.40,709.47,81.96,191.25,1,-1,-1,-1
13,55,1160.80,593.38,65.51,189.51,1,-1,-1,-1
13,52,1752.94,654.50,92.12,203.01,1,-1,-1,-1
13,49,1161.20,593.79,65.38,187.79,1,-1,-1,-1
12,49,1161.17,592.88,64.63,187.55,1,-1,-1,-1
11,49,1160.44,592.97,64.59,192.02,1,-1,-1,-1
13,46,879.02,480.22,41.33,114.95,1,-1,-1,-1
13,44,1039.49,552.00,72.43,201.29,1,-1,-1,-1
13,43,1475.94,701.87,76.41,185.94,1,-1,-1,-1
13,41,1499.43,546.47,62.56,162.17,1,-1,-1,-1
13,40,849.68,458.92,45.43,122.85,1,-1,-1,-1
13,39,1817.43,744.50,88.90,180.95,1,-1,-1,-1
13,38,1466.55,617.26,62.92,169.86,1,-1,-1,-1
13,37,1006.18,519.53,55.64,138.06,1,-1,-1,-1
13,36,996.59,485.51,53.17,116.28,1,-1,-1,-1
13,35,755.40,455.86,44.69,113.58,1,-1,-1,-1
13,34,1438.14,496.32,49.95,116.15,1,-1,-1,-1
13,31,1192.50,565.69,58.51,172.42,1,-1,-1,-1
13,27,124.08,934.79,107.67,145.21,1,-1,-1,-1
13,26,970.77,527.77,48.40,121.65,1,-1,-1,-1
12,26,973.11,528.13,46.91,125.53,1,-1,-1,-1
11,26,970.19,527.69,46.75,131.12,1,-1,-1,-1
13,25,947.94,470.00,50.90,126.41,1,-1,-1,-1
13,23,1227.68,585.95,65.40,193.12,1,-1,-1,-1
13,21,122.04,815.36,114.66,264.64,1,-1,-1,-1
13,20,1563.82,613.30,74.29,183.28,1,-1,-1,-1
13,19,1039.94,432.50,42.40,120.37,1,-1,-1,-1
13,18,493.45,921.33,131.56,158.67,1,-1,-1,-1
13,17,1408.66,675.76,73.70,227.56,1,-1,-1,-1
13,16,1098.02,547.64,59.08,154.04,1,-1,-1,-1
13,15,790.10,468.74,54.28,138.69,1,-1,-1,-1
13,13,983.56,568.63,62.95,193.18,1,-1,-1,-1
13,12,308.26,920.37,123.54,159.63,1,-1,-1,-1
13,11,847.55,565.11,53.63,153.44,1,-1,-1,-1
13,10,246.73,849.83,106.86,230.17,1,-1,-1,-1
13,9,619.89,611.06,81.00,218.36,1,-1,-1,-1
13,8,918.56,522.07,55.18,144.47,1,-1,-1,-1
13,7,541.80,763.01,92.07,240.46,1,-1,-1,-1
13,6,354.78,764.76,100.76,214.45,1,-1,-1,-1
13,5,793.90,615.60,67.21,197.90,1,-1,-1,-1
13,4,1354.80,802.32,99.51,277.68,1,-1,-1,-1
13,3,502.74,614.31,98.79,208.24,1,-1,-1,-1
13,2,1238.60,802.11,118.77,277.89,1,-1,-1,-1
13,1,1091.75,790.17,113.63,289.83,1,-1,-1,-1
14,62,1647.11,714.94,68.98,186.38,1,-1,-1,-1
14,61,1509.20,620.76,60.95,189.74,1,-1,-1,-1
13,61,1509.05,617.35,57.62,159.62,1,-1,-1,-1
12,61,1504.76,617.83,60.93,175.73,1,-1,-1,-1
14,55,1159.53,595.13,63.33,183.89,1,-1,-1,-1
14,52,1755.04,655.69,96.45,203.46,1,-1,-1,-1
14,46,878.10,478.70,42.64,114.62,1,-1,-1,-1
14,44,1043.33,559.08,69.71,194.97,1,-1,-1,-1
14,43,1477.98,660.91,75.24,232.71,1,-1,-1,-1
14,41,1496.89,551.85,62.51,156.50,1,-1,-1,-1
14,40,849.59,456.14,46.29,122.83,1,-1,-1,-1
14,39,1816.36,707.86,79.50,218.98,1,-1,-1,-1
14,38,1476.13,617.89,59.30,165.53,1,-1,-1,-1
14,37,1006.28,519.15,54.42,134.55,1,-1,-1,-1
14,36,997.08,489.50,51.65,111.58,1,-1,-1,-1
14,35,756.51,455.15,45.58,113.67,1,-1,-1,-1
14,34,1438.03,498.56,50.53,111.54,1,-1,-1,-1
14,33,1486.05,653.18,73.65,207.48,1,-1,-1,-1
13,33,1480.63,651.65,69.78,201.10,1,-1,-1,-1
12,33,1471.05,646.65,64.18,190.95,1,-1,-1,-1
14,31,1191.26,566.51,55.46,163.27,1,-1,-1,-1
14,27,122.96,932.00,109.78,148.00,1,-1,-1,-1
14,26,971.00,528.32,47.46,120.59,1,-1,-1,-1
14,25,949.81,472.41,49.73,123.38,1,-1,-1,-1
14,21,127.50,815.86,109.88,264.14,1,-1,-1,-1
14,20,1565.29,612.92,74.40,189.16,1,-1,-1,-1
14,19,1039.83,432.60,43.27,119.73,1,-1,-1,-1
14,18,497.38,909.48,120.74,170.52,1,-1,-1,-1
14,17,1403.27,667.44,81.53,237.80,1,-1,-1,-1
14,16,1100.78,548.21,57.81,154.73,1,-1,-1,-1
14,15,790.35,470.50,54.45,138.77,1,-1,-1,-1
14,14,1578.47,700.47,74.60,210.57,1,-1,-1,-1
13,14,1574.02,699.45,81.77,214.54,1,-1,-1,-1
12,14,1569.86,699.08,91.58,218.01,1,-1,-1,-1
14,13,983.53,566.15,63.80,195.75,1,-1,-1,-1
14,12,310.71,932.83,119.27,147.17,1,-1,-1,-1
14,11,847.13,568.88,53.85,150.32,1,-1,-1,-1
14,10,245.89,846.38,106.64,233.62,1,-1,-1,-1
14,9,618.60,611.24,81.50,214.85,1,-1,-1,-1
14,8,916.81,520.46,56.12,148.31,1,-1,-1,-1
14,7,533.56,761.66,92.55,247.75,1,-1,-1,-1
14,6,355.00,764.10,97.22,216.24,1,-1,-1,-1
14,5,793.72,614.95,67.06,199.36,1,-1,-1,-1
14,4,1348.33,803.91,104.64,276.09,1,-1,-1,-1
14,3,502.49,614.83,98.05,209.07,1,-1,-1,-1
14,2,1236.91,801.18,124.29,278.82,1,-1,-1,-1
14,1,1090.10,794.07,113.87,285.93,1,-1,-1,-1
15,62,1645.29,714.18,71.94,187.07,1,-1,-1,-1
15,61,1519.20,621.31,55.16,158.97,1,-1,-1,-1
15,57,1232.62,679.66,89.37,207.60,1,-1,-1,-1
14,57,1233.33,686.93,93.43,201.95,1,-1,-1,-1
13,57,1235.73,694.21,93.88,211.29,1,-1,-1,-1
15,55,1159.00,593.64,63.79,188.43,1,-1,-1,-1
15,52,1763.23,656.77,97.53,199.21,1,-1,-1,-1
15,46,882.78,477.42,38.93,103.22,1,-1,-1,-1
15,44,1045.55,561.17,69.46,192.80,1,-1,-1,-1
15,43,1472.82,698.49,71.80,193.80,1,-1,-1,-1
15,41,1492.60,555.96,64.19,157.40,1,-1,-1,-1
15,38,1479.58,618.95,58.70,163.28,1,-1,-1,-1
15,37,1007.53,522.80,53.45,135.26,1,-1,-1,-1
15,36,997.77,489.33,50.93,111.62,1,-1,-1,-1
15,35,757.77,455.61,47.47,111.75,1,-1,-1,-1
15,34,1438.36,499.04,49.86,109.73,1,-1,-1,-1
15,33,1490.06,651.07,70.22,206.48,1,-1,-1,-1
15,31,1191.61,565.85,59.75,177.49,1,-1,-1,-1
15,27,124.91,930.64,112.22,149.36,1,-1,-1,-1
15,26,970.54,529.42,47.71,117.85,1,-1,-1,-1
15,25,950.01,474.68,49.74,121.56,1,-1,-1,-1
15,21,130.05,814.03,107.93,265.97,1,-1,-1,-1
15,20,1566.15,613.18,74.42,198.35,1,-1,-1,-1
15,19,1041.67,433.76,42.55,116.62,1,-1,-1,-1
15,18,501.26,898.22,116.79,181.78,1,-1,-1,-1
15,17,1398.06,682.23,83.81,223.43,1,-1,-1,-1
15,16,1102.57,549.20,57.69,155.83,1,-1,-1,-1
15,15,790.83,472.19,54.60,138.79,1,-1,-1,-1
15,13,984.06,569.65,62.31,191.88,1,-1,-1,-1
15,12,309.28,931.04,118.09,148.96,1,-1,-1,-1
15,11,847.61,569.85,53.65,150.18,1,-1,-1,-1
15,10,248.07,844.99,107.15,235.01,1,-1,-1,-1
15,9,619.32,610.54,81.45,215.69,1,-1,-1,-1
15,8,915.76,518.81,57.56,153.32,1,-1,-1,-1
15,7,522.18,762.66,102.62,244.96,1,-1,-1,-1
15,6,355.78,765.65,94.67,215.24,1,-1,-1,-1
15,5,794.98,614.49,65.95,200.42,1,-1,-1,-1
15,4,1343.43,803.75,109.75,276.25,1,-1,-1,-1
15,3,502.72,615.47,97.43,207.69,1,-1,-1,-1
15,2,1236.66,809.82,123.52,270.18,1,-1,-1,-1
15,1,1090.25,798.55,112.08,281.45,1,-1,-1,-1
16,68,1633.22,674.55,64.37,193.57,1,-1,-1,-1
15,68,1624.12,677.58,69.22,206.09,1,-1,-1,-1
14,68,1616.36,677.35,66.95,204.05,1,-1,-1,-1
16,66,1814.74,740.34,67.48,183.46,1,-1,-1,-1
15,66,1818.68,746.63,67.52,180.48,1,-1,-1,-1
14,66,1815.62,705.12,73.33,215.98,1,-1,-1,-1
16,62,1659.89,714.87,62.92,175.87,1,-1,-1,-1
16,61,1518.81,621.20,55.92,159.47,1,-1,-1,-1
16,60,1225.26,582.83,57.33,195.95,1,-1,-1,-1
15,60,1225.94,585.00,60.48,194.15,1,-1,-1,-1
14,60,1225.79,585.60,58.85,190.77,1,-1,-1,-1
16,57,1229.66,691.30,79.48,194.87,1,-1,-1,-1
16,55,1159.13,592.85,65.62,191.38,1,-1,-1,-1
16,52,1771.31,656.04,93.20,201.26,1,-1,-1,-1
16,46,883.79,475.69,40.02,105.78,1,-1,-1,-1
16,45,1580.92,704.80,69.21,195.60,1,-1,-1,-1
15,45,1583.74,702.37,65.95,194.20,1,-1,-1,-1
14,45,1583.29,701.83,68.39,194.59,1,-1,-1,-1
16,44,1045.65,558.94,71.40,195.97,1,-1,-1,-1
16,43,1459.11,671.10,79.18,221.48,1,-1,-1,-1
16,41,1490.19,557.40,60.05,144.29,1,-1,-1,-1
16,37,1008.52,516.35,56.25,140.08,1,-1,-1,-1
16,36,999.82,489.75,50.93,111.49,1,-1,-1,-1
16,35,759.64,455.91,46.22,110.84,1,-1,-1,-1
16,34,1437.70,498.76,50.59,109.66,1,-1,-1,-1
16,33,1493.33,653.08,68.62,203.10,1,-1,-1,-1
16,31,1191.88,564.67,60.22,178.97,1,-1,-1,-1
16,27,126.14,929.47,113.11,150.53,1,-1,-1,-1
16,26,971.02,527.41,48.22,120.67,1,-1,-1,-1
16,25,948.51,472.88,53.98,126.78,1,-1,-1,-1
16,21,135.71,814.56,103.61,265.44,1,-1,-1,-1
16,20,1567.76,613.01,72.95,199.90,1,-1,-1,-1
16,19,1042.09,429.80,42.78,123.03,1,-1,-1,-1
16,18,495.15,905.92,117.81,174.08,1,-1,-1,-1
16,17,1394.99,666.10,81.98,237.92,1,-1,-1,-1
16,16,1104.09,550.32,60.30,157.42,1,-1,-1,-1
16,15,789.87,470.87,53.93,135.54,1,-1,-1,-1
16,13,984.24,567.81,62.57,192.85,1,-1,-1,-1
16,12,301.59,922.94,124.10,157.06,1,-1,-1,-1
16,11,846.12,563.97,56.46,156.60,1,-1,-1,-1
16,10,250.65,841.85,105.95,238.15,1,-1,-1,-1
16,9,618.92,607.24,82.89,216.63,1,-1,-1,-1
16,8,916.04,519.18,57.49,152.16,1,-1,-1,-1
16,7,514.28,765.28,109.11,243.05,1,-1,-1,-1
16,6,354.42,766.27,93.22,214.31,1,-1,-1,-1
16,5,795.51,613.04,65.65,202.27,1,-1,-1,-1
16,4,1342.52,804.21,113.29,275.79,1,-1,-1,-1
16,3,502.88,612.01,97.63,209.06,1,-1,-1,-1
16,2,1235.86,809.98,124.28,270.02,1,-1,-1,-1
16,1,1092.27,800.40,110.67,279.60,1,-1,-1,-1
17,68,1633.73,679.37,68.65,196.40,1,-1,-1,-1
17,67,848.32,461.97,48.31,125.65,1,-1,-1,-1
16,67,848.03,462.61,49.71,127.67,1,-1,-1,-1
15,67,844.79,470.69,48.37,119.28,1,-1,-1,-1
17,66,1816.34,734.02,69.97,190.07,1,-1,-1,-1
17,60,1224.67,581.90,56.51,195.21,1,-1,-1,-1
17,57,1226.77,686.80,79.01,196.66,1,-1,-1,-1
17,52,1799.11,651.99,72.44,200.16,1,-1,-1,-1
17,46,880.78,472.73,44.49,118.11,1,-1,-1,-1
17,45,1573.25,700.91,63.92,191.67,1,-1,-1,-1
17,43,1447.61,690.74,87.40,200.15,1,-1,-1,-1
17,41,1488.05,552.50,59.64,140.94,1,-1,-1,-1
17,37,1008.24,517.41,55.78,135.71,1,-1,-1,-1
17,36,1008.25,490.97,49.13,109.63,1,-1,-1,-1
17,35,760.75,455.47,47.78,110.55,1,-1,-1,-1
17,34,1437.81,497.88,50.48,115.45,1,-1,-1,-1
17,31,1193.12,564.60,58.31,177.65,1,-1,-1,-1
17,27,132.52,930.74,119.24,149.26,1,-1,-1,-1
17,26,972.67,527.73,46.09,117.96,1,-1,-1,-1
17,25,950.18,472.85,53.87,126.97,1,-1,-1,-1
17,21,146.01,814.97,98.83,265.03,1,-1,-1,-1
17,20,1569.17,614.31,71.58,194.66,1,-1,-1,-1
17,19,1043.17,429.95,42.74,122.92,1,-1,-1,-1
17,18,493.67,908.48,118.19,171.52,1,-1,-1,-1
17,17,1392.30,679.78,80.90,217.35,1,-1,-1,-1
17,16,1105.71,551.57,61.67,157.79,1,-1,-1,-1
17,15,790.37,470.76,53.29,138.01,1,-1,-1,-1
17,13,984.41,568.98,62.07,190.77,1,-1,-1,-1
17,12,301.33,924.13,121.13,155.87,1,-1,-1,-1
17,11,847.64,563.24,56.64,158.12,1,-1,-1,-1
17,10,252.07,841.25,106.44,238.75,1,-1,-1,-1
17,9,619.53,605.79,82.37,216.36,1,-1,-1,-1
17,8,915.82,521.52,57.38,148.34,1,-1,-1,-1
17,7,504.95,766.67,118.62,242.31,1,-1,-1,-1
17,6,353.67,762.13,91.51,217.10,1,-1,-1,-1
17,5,795.82,613.48,65.69,202.17,1,-1,-1,-1
17,4,1346.85,810.09,107.24,269.91,1,-1,-1,-1
17,3,505.11,610.00,95.38,204.30,1,-1,-1,-1
17,2,1237.29,814.37,123.23,265.63,1,-1,-1,-1
17,1,1093.93,802.78,110.04,277.22,1,-1,-1,-1
18,68,1630.11,678.40,77.52,185.19,1,-1,-1,-1
18,67,847.40,460.01,51.35,130.28,1,-1,-1,-1
18,66,1808.77,705.15,74.25,207.32,1,-1,-1,-1
18,60,1223.48,581.17,57.45,189.62,1,-1,-1,-1
18,57,1225.08,673.57,77.23,206.57,1,-1,-1,-1
18,52,1810.93,651.73,65.32,183.99,1,-1,-1,-1
18,46,877.15,473.05,49.01,118.84,1,-1,-1,-1
18,41,1486.97,556.81,54.37,122.96,1,-1,-1,-1
18,37,1006.52,518.86,57.85,143.76,1,-1,-1,-1
18,36,1007.25,489.39,51.42,115.83,1,-1,-1,-1
18,35,762.30,455.66,48.62,112.31,1,-1,-1,-1
18,34,1437.86,498.91,51.36,113.55,1,-1,-1,-1
18,31,1193.34,563.86,58.24,171.42,1,-1,-1,-1
18,27,137.56,930.65,120.39,149.35,1,-1,-1,-1
18,26,972.54,526.76,47.88,126.52,1,-1,-1,-1
18,25,947.94,470.59,58.25,132.29,1,-1,-1,-1
18,21,146.32,815.69,104.40,264.31,1,-1,-1,-1
18,20,1569.99,613.07,71.38,193.10,1,-1,-1,-1
18,19,1043.01,428.07,43.63,125.06,1,-1,-1,-1
18,18,493.73,916.44,108.47,163.56,1,-1,-1,-1
18,17,1381.11,671.02,90.55,224.72,1,-1,-1,-1
18,16,1108.81,549.54,62.15,169.11,1,-1,-1,-1
18,15,789.72,469.75,54.70,139.25,1,-1,-1,-1
18,13,983.17,565.29,64.17,193.67,1,-1,-1,-1
18,12,299.90,918.08,119.41,161.92,1,-1,-1,-1
18,11,846.94,563.96,58.17,158.50,1,-1,-1,-1
18,10,256.10,839.41,103.56,240.59,1,-1,-1,-1
18,9,619.32,605.41,82.84,215.75,1,-1,-1,-1
18,8,914.94,519.33,58.59,154.92,1,-1,-1,-1
18,7,498.25,768.62,125.11,240.92,1,-1,-1,-1
18,6,351.99,765.81,93.08,213.80,1,-1,-1,-1
18,5,795.15,612.65,68.55,200.35,1,-1,-1,-1
18,4,1342.79,811.26,111.12,268.74,1,-1,-1,-1
18,3,505.09,609.25,94.48,204.71,1,-1,-1,-1
18,2,1237.34,819.59,123.47,260.41,1,-1,-1,-1
18,1,1094.13,802.93,108.94,277.07,1,-1,-1,-1
19,68,1631.10,677.87,102.44,207.73,1,-1,-1,-1
19,67,848.85,463.29,48.06,123.15,1,-1,-1,-1
19,66,1811.16,711.25,71.45,199.35,1,-1,-1,-1
19,60,1223.12,581.15,59.24,191.54,1,-1,-1,-1
19,57,1219.81,681.79,75.71,197.98,1,-1,-1,-1
19,52,1813.85,651.58,65.20,191.77,1,-1,-1,-1
19,46,881.34,473.09,47.40,114.80,1,-1,-1,-1
19,41,1484.73,552.84,54.60,129.86,1,-1,-1,-1
19,37,1009.41,518.17,55.95,139.75,1,-1,-1,-1
19,36,1007.99,486.94,51.97,116.67,1,-1,-1,-1
19,35,764.19,454.93,48.74,112.56,1,-1,-1,-1
19,34,1438.22,498.62,50.55,115.95,1,-1,-1,-1
19,31,1193.65,563.42,59.83,168.30,1,-1,-1,-1
19,27,140.68,930.85,119.51,149.15,1,-1,-1,-1
19,26,978.71,526.46,44.40,116.43,1,-1,-1,-1
19,25,947.99,474.02,59.51,134.59,1,-1,-1,-1
19,24,1294.48,634.44,68.42,192.78,1,-1,-1,-1
18,24,1287.05,635.23,71.45,192.24,1,-1,-1,-1
17,24,1283.04,633.89,69.87,191.26,1,-1,-1,-1
19,21,150.28,814.38,104.31,265.62,1,-1,-1,-1
19,20,1577.09,612.51,68.56,192.10,1,-1,-1,-1
19,19,1044.27,428.96,42.96,124.11,1,-1,-1,-1
19,18,492.53,917.33,106.65,162.67,1,-1,-1,-1
19,17,1381.33,670.46,84.04,223.88,1,-1,-1,-1
19,16,1111.68,549.06,61.57,164.13,1,-1,-1,-1
19,15,791.21,471.27,53.51,135.49,1,-1,-1,-1
19,13,983.52,566.50,63.83,191.71,1,-1,-1,-1
19,12,297.90,925.35,120.26,154.65,1,-1,-1,-1
19,11,848.79,566.69,57.34,156.18,1,-1,-1,-1
19,10,259.35,838.94,104.41,241.06,1,-1,-1,-1
19,9,619.20,605.62,83.06,214.51,1,-1,-1,-1
19,8,916.27,519.29,59.38,157.92,1,-1,-1,-1
19,7,491.63,769.37,132.05,241.14,1,-1,-1,-1
19,6,345.13,765.57,100.23,213.81,1,-1,-1,-1
19,5,795.86,612.66,68.56,200.77,1,-1,-1,-1
19,4,1342.75,813.69,112.60,266.31,1,-1,-1,-1
19,3,507.30,609.84,92.76,199.97,1,-1,-1,-1
19,2,1236.99,820.40,123.58,259.60,1,-1,-1,-1
19,1,1095.13,802.55,107.98,277.45,1,-1,-1,-1
20,68,1633.12,677.16,105.93,213.73,1,-1,-1,-1
20,67,848.50,462.92,52.14,124.85,1,-1,-1,-1
20,60,1226.44,579.09,57.27,181.37,1,-1,-1,-1
20,57,1203.32,655.41,88.51,228.82,1,-1,-1,-1
20,52,1821.95,647.40,65.41,203.35,1,-1,-1,-1
20,44,1043.64,562.50,70.37,190.37,1,-1,-1,-1
19,44,1046.24,556.95,70.44,197.32,1,-1,-1,-1
18,44,1045.04,559.23,71.07,193.50,1,-1,-1,-1
20,41,1474.68,545.97,62.49,153.54,1,-1,-1,-1
20,37,1004.45,521.94,55.46,136.73,1,-1,-1,-1
20,36,1009.37,489.65,48.71,104.12,1,-1,-1,-1
20,35,767.33,454.47,46.72,109.08,1,-1,-1,-1
20,34,1437.66,497.42,52.55,117.79,1,-1,-1,-1
20,32,1451.65,667.08,89.26,221.05,1,-1,-1,-1
19,32,1446.64,653.50,91.24,242.72,1,-1,-1,-1
18,32,1443.81,654.70,96.88,238.74,1,-1,-1,-1
20,31,1193.76,563.20,59.19,169.43,1,-1,-1,-1
20,27,143.99,929.61,119.41,150.39,1,-1,-1,-1
20,26,981.15,525.07,42.59,109.18,1,-1,-1,-1
20,25,947.51,472.83,60.45,137.27,1,-1,-1,-1
20,24,1299.30,632.99,67.43,193.96,1,-1,-1,-1
20,21,163.61,814.65,97.56,265.35,1,-1,-1,-1
20,20,1577.32,611.56,68.53,193.45,1,-1,-1,-1
20,19,1045.30,428.49,42.64,126.17,1,-1,-1,-1
20,18,488.55,910.81,113.23,169.19,1,-1,-1,-1
20,17,1375.14,664.53,83.09,220.82,1,-1,-1,-1
20,16,1113.74,546.69,61.39,159.27,1,-1,-1,-1
20,15,789.46,467.85,55.54,146.29,1,-1,-1,-1
20,13,983.02,567.51,64.94,190.43,1,-1,-1,-1
20,12,297.45,928.66,114.10,151.34,1,-1,-1,-1
20,11,848.87,566.58,57.00,158.79,1,-1,-1,-1
20,10,262.41,839.04,104.97,240.96,1,-1,-1,-1
20,9,618.65,604.71,83.92,210.66,1,-1,-1,-1
20,8,914.72,516.15,59.37,159.96,1,-1,-1,-1
20,7,480.92,769.08,141.88,250.70,1,-1,-1,-1
20,6,341.13,762.67,94.85,215.48,1,-1,-1,-1
20,5,795.23,611.45,68.41,198.94,1,-1,-1,-1
20,4,1340.53,816.19,113.74,263.81,1,-1,-1,-1
20,3,506.00,609.29,90.77,188.36,1,-1,-1,-1
20,2,1237.33,822.71,122.69,257.29,1,-1,-1,-1
20,1,1094.50,802.42,109.39,277.58,1,-1,-1,-1
21,70,1751.51,705.10,123.23,211.32,1,-1,-1,-1
20,70,1765.66,708.93,109.99,207.56,1,-1,-1,-1
19,70,1785.94,718.70,79.33,199.57,1,-1,-1,-1
21,68,1641.33,678.54,107.17,206.81,1,-1,-1,-1
21,67,851.50,465.27,48.81,118.93,1,-1,-1,-1
21,60,1226.10,578.75,57.97,178.39,1,-1,-1,-1
21,57,1201.06,651.11,85.85,227.74,1,-1,-1,-1
21,52,1830.06,647.58,62.73,199.36,1,-1,-1,-1
21,44,1044.03,563.66,70.06,188.00,1,-1,-1,-1
21,41,1473.77,555.43,60.24,148.23,1,-1,-1,-1
21,38,1491.00,650.11,74.15,208.23,1,-1,-1,-1
20,38,1490.27,652.10,81.39,204.05,1,-1,-1,-1
19,38,1483.47,616.80,56.89,169.45,1,-1,-1,-1
21,37,1005.48,524.52,55.56,139.07,1,-1,-1,-1
21,36,1009.78,489.75,48.93,106.66,1,-1,-1,-1
21,35,773.88,452.50,40.62,106.20,1,-1,-1,-1
21,34,1439.02,497.25,51.37,121.58,1,-1,-1,-1
21,31,1194.36,563.45,58.96,171.39,1,-1,-1,-1
21,27,146.31,929.54,116.27,150.46,1,-1,-1,-1
21,25,948.26,476.65,58.48,134.00,1,-1,-1,-1
21,24,1303.04,636.57,67.40,191.15,1,-1,-1,-1
21,21,161.55,813.70,100.11,266.30,1,-1,-1,-1
21,20,1578.68,612.76,68.58,196.98,1,-1,-1,-1
21,19,1046.38,430.23,41.22,122.61,1,-1,-1,-1
21,18,481.30,904.62,115.81,175.38,1,-1,-1,-1
21,17,1370.81,673.21,72.98,204.57,1,-1,-1,-1
21,16,1117.58,548.99,58.50,158.27,1,-1,-1,-1
21,15,790.00,468.72,54.81,144.18,1,-1,-1,-1
21,13,983.04,568.05,66.51,190.01,1,-1,-1,-1
21,12,296.65,929.77,110.60,150.23,1,-1,-1,-1
21,11,850.02,568.64,56.75,158.57,1,-1,-1,-1
21,10,268.65,838.35,99.80,241.65,1,-1,-1,-1
21,9,618.63,606.02,82.27,208.21,1,-1,-1,-1
21,8,915.05,516.80,58.97,159.23,1,-1,-1,-1
21,7,478.68,770.52,140.92,249.92,1,-1,-1,-1
21,6,338.35,763.35,89.31,210.66,1,-1,-1,-1
21,5,795.07,611.08,68.18,196.73,1,-1,-1,-1
21,4,1340.41,821.88,112.59,258.12,1,-1,-1,-1
21,3,505.72,609.96,90.82,191.04,1,-1,-1,-1
21,2,1236.81,822.46,122.14,257.54,1,-1,-1,-1
21,1,1094.65,802.14,109.66,277.86,1,-1,-1,-1
22,70,1746.37,703.10,127.64,217.45,1,-1,-1,-1
22,69,725.39,448.75,45.74,114.31,1,-1,-1,-1
21,69,724.47,450.51,43.83,113.23,1,-1,-1,-1
20,69,722.11,453.16,46.12,112.42,1,-1,-1,-1
22,68,1647.11,683.82,99.63,202.39,1,-1,-1,-1
22,67,852.20,464.40,53.97,122.45,1,-1,-1,-1
22,60,1228.37,579.56,56.31,173.26,1,-1,-1,-1
22,57,1200.63,658.54,83.30,222.97,1,-1,-1,-1
22,55,1161.36,587.42,65.45,206.40,1,-1,-1,-1
21,55,1161.47,585.78,64.07,195.05,1,-1,-1,-1
20,55,1161.45,585.28,64.41,196.56,1,-1,-1,-1
22,52,1837.65,647.14,59.53,198.15,1,-1,-1,-1
22,50,1463.93,623.58,71.69,194.96,1,-1,-1,-1
21,50,1445.18,659.06,88.45,226.99,1,-1,-1,-1
20,50,1452.07,651.41,86.39,232.71,1,-1,-1,-1
22,44,1048.69,564.81,65.15,186.90,1,-1,-1,-1
22,41,1469.70,554.54,57.68,154.22,1,-1,-1,-1
22,38,1491.05,643.01,71.15,214.91,1,-1,-1,-1
22,37,1007.18,524.17,57.42,144.33,1,-1,-1,-1
22,35,774.39,451.99,40.61,106.12,1,-1,-1,-1
22,34,1439.41,497.15,51.58,123.89,1,-1,-1,-1
22,33,1531.48,650.41,65.19,177.23,1,-1,-1,-1
21,33,1528.46,649.22,69.08,189.61,1,-1,-1,-1
20,33,1524.96,650.81,68.00,180.96,1,-1,-1,-1
22,31,1194.22,563.58,59.14,171.95,1,-1,-1,-1
22,27,149.17,929.49,110.43,150.51,1,-1,-1,-1
22,25,948.41,477.07,59.43,133.84,1,-1,-1,-1
22,24,1310.09,633.90,64.35,193.67,1,-1,-1,-1
22,21,163.36,813.06,99.32,266.94,1,-1,-1,-1
22,19,1046.10,431.45,42.54,122.16,1,-1,-1,-1
22,18,480.50,915.66,107.22,164.34,1,-1,-1,-1
22,17,1368.16,677.37,70.36,198.58,1,-1,-1,-1
22,16,1118.00,550.64,59.59,162.47,1,-1,-1,-1
22,15,789.90,468.42,55.36,144.76,1,-1,-1,-1
22,13,983.06,568.33,66.73,189.60,1,-1,-1,-1
22,12,295.44,937.47,105.77,142.53,1,-1,-1,-1
22,11,850.18,568.65,57.52,159.54,1,-1,-1,-1
22,10,273.19,835.92,97.36,244.08,1,-1,-1,-1
22,9,619.10,608.64,79.01,204.65,1,-1,-1,-1
22,8,914.03,520.25,59.98,155.73,1,-1,-1,-1
22,7,475.37,772.57,135.09,248.82,1,-1,-1,-1
22,6,337.68,766.17,84.72,209.30,1,-1,-1,-1
22,5,793.93,611.40,67.38,197.06,1,-1,-1,-1
22,4,1338.16,822.49,114.72,257.51,1,-1,-1,-1
22,3,505.21,610.43,90.83,193.92,1,-1,-1,-1
22,2,1236.31,822.54,123.17,257.46,1,-1,-1,-1
22,1,1094.74,802.41,109.17,277.59,1,-1,-1,-1
23,70,1741.83,704.61,122.57,218.78,1,-1,-1,-1
23,69,730.11,449.20,44.72,112.81,1,-1,-1,-1
23,68,1650.78,683.51,100.60,201.75,1,-1,-1,-1
23,67,853.06,463.88,54.92,121.37,1,-1,-1,-1
23,60,1229.31,580.50,56.18,172.21,1,-1,-1,-1
23,57,1200.74,653.41,84.81,234.67,1,-1,-1,-1
23,55,1160.54,592.40,65.78,198.87,1,-1,-1,-1
23,52,1841.19,651.84,61.00,202.59,1,-1,-1,-1
23,50,1461.67,647.94,72.94,197.87,1,-1,-1,-1
23,44,1046.61,565.90,68.36,189.10,1,-1,-1,-1
23,41,1467.26,552.40,55.68,155.90,1,-1,-1,-1
23,37,1012.02,526.28,53.33,140.35,1,-1,-1,-1
23,35,776.31,453.55,41.19,108.42,1,-1,-1,-1
23,34,1440.01,497.64,52.42,121.55,1,-1,-1,-1
23,31,1193.41,563.87,59.99,172.12,1,-1,-1,-1
23,27,151.46,926.65,109.19,153.35,1,-1,-1,-1
23,25,949.19,477.06,59.49,134.68,1,-1,-1,-1
23,24,1311.91,634.89,70.89,197.55,1,-1,-1,-1
23,21,168.41,815.27,98.90,264.73,1,-1,-1,-1
23,19,1047.03,432.86,42.86,121.17,1,-1,-1,-1
23,18,480.20,920.77,103.26,159.23,1,-1,-1,-1
23,17,1362.24,676.11,70.64,194.52,1,-1,-1,-1
23,16,1114.89,551.05,68.68,166.99,1,-1,-1,-1
23,15,790.82,469.64,55.05,145.94,1,-1,-1,-1
23,14,1525.79,698.85,78.07,206.28,1,-1,-1,-1
22,14,1522.51,696.57,91.18,207.03,1,-1,-1,-1
21,14,1524.91,695.54,89.67,209.67,1,-1,-1,-1
23,13,983.57,568.08,68.16,191.21,1,-1,-1,-1
23,12,283.71,930.57,114.36,149.43,1,-1,-1,-1
23,11,850.82,568.77,58.88,163.02,1,-1,-1,-1
23,10,275.17,836.29,96.06,243.71,1,-1,-1,-1
23,9,620.00,609.51,79.37,205.56,1,-1,-1,-1
23,8,913.45,521.54,61.18,154.72,1,-1,-1,-1
23,7,470.04,768.64,119.15,240.26,1,-1,-1,-1
23,6,335.27,763.55,78.30,212.39,1,-1,-1,-1
23,5,790.08,611.35,71.03,196.78,1,-1,-1,-1
23,4,1340.72,823.83,111.10,256.17,1,-1,-1,-1
23,3,503.32,609.41,91.55,204.47,1,-1,-1,-1
23,2,1236.14,821.68,124.02,258.32,1,-1,-1,-1
23,1,1095.48,802.89,110.64,277.11,1,-1,-1,-1
24,70,1737.70,705.46,119.15,218.22,1,-1,-1,-1
24,69,731.59,453.68,43.71,112.63,1,-1,-1,-1
24,68,1657.08,681.24,93.43,204.42,1,-1,-1,-1
24,67,854.62,465.82,51.99,116.69,1,-1,-1,-1
24,60,1230.48,582.74,55.10,174.27,1,-1,-1,-1
24,58,1017.32,491.21,47.88,114.20,1,-1,-1,-1
23,58,1013.21,490.11,48.52,116.15,1,-1,-1,-1
22,58,1010.78,490.33,49.46,113.55,1,-1,-1,-1
24,57,1199.64,658.81,82.36,223.96,1,-1,-1,-1
24,55,1159.83,590.88,64.03,193.21,1,-1,-1,-1
24,52,1837.48,648.59,72.29,211.10,1,-1,-1,-1
24,51,1435.94,683.76,72.43,200.96,1,-1,-1,-1
23,51,1439.87,700.82,68.47,183.90,1,-1,-1,-1
22,51,1441.02,701.27,72.44,183.91,1,-1,-1,-1
24,50,1468.10,652.96,74.31,202.24,1,-1,-1,-1
24,49,1156.86,591.23,68.62,214.42,1,-1,-1,-1
23,49,1160.09,588.14,67.53,210.08,1,-1,-1,-1
22,49,1162.85,587.56,62.92,194.74,1,-1,-1,-1
24,44,1049.63,567.10,65.20,190.19,1,-1,-1,-1
24,41,1464.19,550.87,54.67,159.69,1,-1,-1,-1
24,37,1015.66,525.19,51.18,140.96,1,-1,-1,-1
24,35,778.10,450.65,42.05,113.04,1,-1,-1,-1
24,34,1442.42,497.82,50.48,120.15,1,-1,-1,-1
24,31,1195.21,564.45,58.99,168.65,1,-1,-1,-1
24,27,154.13,924.61,105.85,155.39,1,-1,-1,-1
24,25,951.18,481.78,57.69,134.58,1,-1,-1,-1
24,24,1314.03,634.68,73.01,196.63,1,-1,-1,-1
24,21,178.79,810.22,91.72,265.39,1,-1,-1,-1
24,19,1050.66,435.95,39.93,115.62,1,-1,-1,-1
24,18,479.68,918.45,101.87,161.55,1,-1,-1,-1
24,17,1358.96,675.15,70.67,195.18,1,-1,-1,-1
24,16,1116.30,552.05,69.57,164.90,1,-1,-1,-1
24,15,793.72,468.62,54.12,150.48,1,-1,-1,-1
24,14,1527.87,662.67,82.72,242.59,1,-1,-1,-1
24,13,984.18,568.37,67.14,191.19,1,-1,-1,-1
24,12,278.60,920.78,117.73,159.22,1,-1,-1,-1
24,11,852.53,569.82,59.10,162.98,1,-1,-1,-1
24,10,272.99,833.22,99.29,246.78,1,-1,-1,-1
24,9,619.80,609.83,79.90,204.58,1,-1,-1,-1
24,8,916.81,521.85,58.54,155.49,1,-1,-1,-1
24,7,463.83,763.96,98.34,246.10,1,-1,-1,-1
24,6,332.85,762.71,73.82,214.08,1,-1,-1,-1
24,5,784.50,612.86,75.80,195.64,1,-1,-1,-1
24,4,1338.53,823.75,112.88,256.25,1,-1,-1,-1
24,3,503.71,608.40,89.76,207.32,1,-1,-1,-1
24,2,1234.38,822.18,125.61,257.82,1,-1,-1,-1
24,1,1096.27,804.60,108.50,275.40,1,-1,-1,-1
25,70,1731.67,708.44,116.64,212.53,1,-1,-1,-1
25,69,729.64,450.28,48.61,118.71,1,-1,-1,-1
25,68,1668.55,682.03,82.27,200.92,1,-1,-1,-1
25,67,858.14,464.89,52.84,121.04,1,-1,-1,-1
25,60,1228.87,580.67,57.59,189.38,1,-1,-1,-1
25,58,1018.88,491.13,49.39,122.09,1,-1,-1,-1
25,57,1195.04,678.47,81.19,204.91,1,-1,-1,-1
25,55,1163.13,585.93,62.91,189.67,1,-1,-1,-1
25,52,1858.65,650.09,61.34,221.73,1,-1,-1,-1
25,51,1434.47,695.16,71.25,188.37,1,-1,-1,-1
25,50,1483.52,642.43,74.40,209.66,1,-1,-1,-1
25,44,1046.34,563.59,69.74,192.47,1,-1,-1,-1
25,41,1461.80,545.00,52.13,134.80,1,-1,-1,-1
25,37,1014.63,522.48,55.96,154.16,1,-1,-1,-1
25,35,780.98,449.52,43.26,108.96,1,-1,-1,-1
25,34,1443.01,496.83,49.17,118.65,1,-1,-1,-1
25,31,1194.11,563.61,60.22,170.33,1,-1,-1,-1
25,28,1081.40,556.69,50.56,156.62,1,-1,-1,-1
24,28,1075.37,555.60,53.34,160.40,1,-1,-1,-1
23,28,1048.52,565.41,66.66,189.62,1,-1,-1,-1
25,27,157.01,921.49,103.98,158.51,1,-1,-1,-1
25,25,952.67,476.08,58.87,139.95,1,-1,-1,-1
25,24,1318.43,637.05,71.98,190.38,1,-1,-1,-1
25,21,180.69,811.01,95.03,266.26,1,-1,-1,-1
25,19,1049.74,431.92,40.77,117.97,1,-1,-1,-1
25,18,473.83,910.41,105.66,169.59,1,-1,-1,-1
25,16,1119.73,552.18,68.85,164.51,1,-1,-1,-1
25,15,793.89,468.99,54.32,150.32,1,-1,-1,-1
25,14,1526.26,687.74,83.21,216.12,1,-1,-1,-1
25,13,984.30,565.54,66.29,193.06,1,-1,-1,-1
25,12,275.66,910.51,119.43,169.49,1,-1,-1,-1
25,11,854.76,568.92,59.26,165.23,1,-1,-1,-1
25,10,278.74,831.83,103.90,246.34,1,-1,-1,-1
25,9,618.60,608.97,81.38,204.22,1,-1,-1,-1
25,8,916.34,520.78,59.68,155.33,1,-1,-1,-1
25,7,457.71,762.46,95.39,246.60,1,-1,-1,-1
25,6,324.62,760.48,78.55,227.51,1,-1,-1,-1
25,5,782.34,610.09,78.82,196.22,1,-1,-1,-1
25,4,1338.51,823.01,111.65,256.99,1,-1,-1,-1
25,3,500.73,605.63,92.14,209.85,1,-1,-1,-1
25,2,1234.59,820.81,126.44,259.19,1,-1,-1,-1
25,1,1097.34,804.34,109.08,275.66,1,-1,-1,-1
26,70,1733.11,700.25,109.64,220.97,1,-1,-1,-1
26,68,1673.05,680.30,88.74,204.67,1,-1,-1,-1
26,67,858.98,464.52,53.04,120.77,1,-1,-1,-1
26,60,1228.52,580.45,56.14,184.47,1,-1,-1,-1
26,58,1018.29,490.62,50.22,120.27,1,-1,-1,-1
26,57,1191.35,677.00,84.86,227.39,1,-1,-1,-1
26,55,1161.48,584.52,65.84,189.69,1,-1,-1,-1
26,52,1852.92,652.32,66.87,215.62,1,-1,-1,-1
26,50,1474.92,643.27,93.36,229.06,1,-1,-1,-1
26,44,1049.45,562.58,66.82,193.44,1,-1,-1,-1
26,43,1431.49,692.09,68.12,190.29,1,-1,-1,-1
25,43,1434.02,689.38,70.84,194.11,1,-1,-1,-1
24,43,1436.26,687.45,69.27,199.11,1,-1,-1,-1
26,42,1348.74,671.32,75.36,212.05,1,-1,-1,-1
25,42,1353.99,673.49,72.85,208.42,1,-1,-1,-1
24,42,1357.73,676.16,69.02,192.24,1,-1,-1,-1
26,41,1459.46,550.00,50.54,133.75,1,-1,-1,-1
26,37,1014.20,521.83,57.42,154.66,1,-1,-1,-1
26,35,782.36,453.89,40.77,103.00,1,-1,-1,-1
26,34,1445.64,496.92,46.99,118.29,1,-1,-1,-1
26,31,1193.34,562.86,61.14,176.14,1,-1,-1,-1
26,28,1081.00,554.08,53.72,165.29,1,-1,-1,-1
26,27,159.10,920.68,103.46,159.32,1,-1,-1,-1
26,25,952.52,474.22,59.47,140.70,1,-1,-1,-1
26,24,1321.50,635.22,79.10,198.10,1,-1,-1,-1
26,21,183.06,809.65,97.04,265.91,1,-1,-1,-1
26,19,1050.23,430.55,40.73,120.45,1,-1,-1,-1
26,16,1123.07,552.35,66.45,168.66,1,-1,-1,-1
26,15,794.46,468.23,53.38,153.04,1,-1,-1,-1
26,14,1523.32,697.11,85.71,207.53,1,-1,-1,-1
26,13,984.38,566.34,67.87,192.97,1,-1,-1,-1
26,12,274.15,922.56,116.99,157.44,1,-1,-1,-1
26,11,855.24,567.21,59.85,165.03,1,-1,-1,-1
26,10,280.42,832.22,103.83,245.84,1,-1,-1,-1
26,8,915.90,520.54,62.07,156.15,1,-1,-1,-1
26,7,449.89,764.83,94.17,244.09,1,-1,-1,-1
26,5,779.94,610.57,78.07,194.48,1,-1,-1,-1
26,4,1336.21,823.55,112.03,256.45,1,-1,-1,-1
26,3,500.12,604.82,90.32,208.48,1,-1,-1,-1
26,2,1234.34,820.13,127.33,259.87,1,-1,-1,-1
26,1,1097.53,805.14,108.59,274.86,1,-1,-1,-1
27,70,1730.56,698.27,100.50,216.59,1,-1,-1,-1
27,68,1678.07,674.25,85.97,208.60,1,-1,-1,-1
27,67,859.67,464.47,50.16,117.33,1,-1,-1,-1
27,60,1231.13,580.44,53.58,181.48,1,-1,-1,-1
27,58,1020.45,490.83,49.01,117.05,1,-1,-1,-1
27,57,1192.82,673.04,84.48,208.80,1,-1,-1,-1
27,55,1159.41,586.05,66.24,195.06,1,-1,-1,-1
27,52,1845.24,652.37,74.76,211.95,1,-1,-1,-1
27,50,1473.76,684.72,104.04,213.30,1,-1,-1,-1
27,44,1050.90,564.04,61.71,194.40,1,-1,-1,-1
27,43,1428.53,689.52,67.00,191.87,1,-1,-1,-1
27,42,1339.05,663.30,78.90,226.64,1,-1,-1,-1
27,41,1454.59,549.15,53.55,146.17,1,-1,-1,-1
27,37,1017.94,521.27,55.34,148.26,1,-1,-1,-1
27,34,1443.30,495.83,50.34,126.73,1,-1,-1,-1
27,33,1560.05,658.36,77.32,195.74,1,-1,-1,-1
26,33,1554.07,654.60,73.27,185.51,1,-1,-1,-1
25,33,1547.19,651.85,72.33,190.74,1,-1,-1,-1
27,31,1192.03,565.94,62.18,178.67,1,-1,-1,-1
27,28,1086.70,554.41,53.35,168.75,1,-1,-1,-1
27,27,160.18,919.58,106.81,160.42,1,-1,-1,-1
27,25,953.81,474.29,60.12,141.93,1,-1,-1,-1
27,24,1321.97,641.73,76.38,194.31,1,-1,-1,-1
27,21,185.46,807.49,97.51,268.86,1,-1,-1,-1
27,19,1051.31,431.51,39.78,118.69,1,-1,-1,-1
27,16,1126.03,553.84,61.10,158.42,1,-1,-1,-1
27,15,795.32,469.56,52.92,144.87,1,-1,-1,-1
27,13,984.88,566.32,67.47,192.38,1,-1,-1,-1
27,12,271.67,930.96,116.80,149.04,1,-1,-1,-1
27,11,854.54,578.04,59.27,153.39,1,-1,-1,-1
27,10,280.19,830.28,105.90,247.20,1,-1,-1,-1
27,8,917.33,519.10,59.82,157.77,1,-1,-1,-1
27,7,442.85,761.73,94.77,251.06,1,-1,-1,-1
27,5,781.42,609.73,75.61,193.83,1,-1,-1,-1
27,4,1336.96,821.90,111.72,258.10,1,-1,-1,-1
27,3,497.64,604.68,91.89,202.31,1,-1,-1,-1
27,2,1234.85,820.95,126.58,259.05,1,-1,-1,-1
27,1,1097.78,805.84,105.87,274.16,1,-1,-1,-1
28,72,615.39,603.02,85.17,206.13,1,-1,-1,-1
27,72,615.97,604.31,84.87,208.33,1,-1,-1,-1
26,72,616.92,605.92,84.03,207.04,1,-1,-1,-1
28,70,1727.72,698.75,97.63,215.99,1,-1,-1,-1
28,68,1683.75,675.12,88.38,210.81,1,-1,-1,-1
28,67,861.33,462.73,53.92,129.90,1,-1,-1,-1
28,60,1231.37,580.51,54.60,190.42,1,-1,-1,-1
28,58,1021.60,489.76,49.64,111.72,1,-1,-1,-1
28,57,1191.02,678.05,80.20,197.90,1,-1,-1,-1
28,55,1159.33,588.85,64.42,188.79,1,-1,-1,-1
28,52,1850.69,648.48,69.31,224.65,1,-1,-1,-1
28,50,1507.35,686.66,72.40,201.17,1,-1,-1,-1
28,44,1050.23,564.14,62.55,195.21,1,-1,-1,-1
28,43,1423.49,685.97,64.89,197.99,1,-1,-1,-1
28,42,1332.22,666.99,81.67,218.86,1,-1,-1,-1
28,41,1451.19,548.75,56.25,158.32,1,-1,-1,-1
28,37,1020.41,509.09,55.63,148.75,1,-1,-1,-1
28,34,1446.75,494.01,49.82,126.17,1,-1,-1,-1
28,33,1568.87,658.48,73.35,197.37,1,-1,-1,-1
28,32,1484.89,624.12,63.09,184.09,1,-1,-1,-1
27,32,1475.36,619.97,63.53,200.70,1,-1,-1,-1
26,32,1476.81,618.86,61.15,198.98,1,-1,-1,-1
28,31,1195.28,565.63,61.04,177.36,1,-1,-1,-1
28,28,1090.42,556.37,53.19,163.53,1,-1,-1,-1
28,27,162.55,918.31,109.18,161.69,1,-1,-1,-1
28,25,956.20,474.73,57.63,140.06,1,-1,-1,-1
28,24,1325.31,644.01,75.03,194.38,1,-1,-1,-1
28,21,189.76,806.14,95.46,270.73,1,-1,-1,-1
28,19,1052.59,431.17,39.52,119.35,1,-1,-1,-1
28,16,1130.30,569.10,55.44,152.68,1,-1,-1,-1
28,15,796.09,471.18,52.85,143.29,1,-1,-1,-1
28,13,985.99,566.43,65.38,193.22,1,-1,-1,-1
28,12,272.21,922.18,117.97,157.82,1,-1,-1,-1
28,11,855.86,568.69,60.98,163.75,1,-1,-1,-1
28,10,290.42,829.71,97.06,244.94,1,-1,-1,-1
28,8,918.61,520.59,59.72,156.45,1,-1,-1,-1
28,7,440.26,763.22,92.54,248.36,1,-1,-1,-1
28,5,782.77,609.51,74.65,194.22,1,-1,-1,-1
28,4,1341.49,822.38,106.83,257.62,1,-1,-1,-1
28,3,498.71,604.51,89.99,199.91,1,-1,-1,-1
28,2,1233.15,823.06,127.65,256.94,1,-1,-1,-1
28,1,1098.19,808.29,111.39,271.71,1,-1,-1,-1
29,72,614.34,601.11,87.15,208.20,1,-1,-1,-1
29,70,1733.46,701.44,86.94,215.40,1,-1,-1,-1
29,69,730.28,444.39,48.17,121.22,1,-1,-1,-1
28,69,729.95,446.91,46.88,116.89,1,-1,-1,-1
27,69,726.22,444.39,47.59,118.48,1,-1,-1,-1
29,68,1695.08,674.07,85.86,214.62,1,-1,-1,-1
29,67,861.34,462.67,54.72,133.64,1,-1,-1,-1
29,60,1230.96,580.19,56.09,193.73,1,-1,-1,-1
29,58,1021.65,489.81,50.50,115.07,1,-1,-1,-1
29,57,1185.44,675.42,81.98,204.87,1,-1,-1,-1
29,55,1158.96,587.74,65.24,197.25,1,-1,-1,-1
29,50,1476.87,686.77,101.10,216.09,1,-1,-1,-1
29,44,1049.19,564.22,65.74,194.78,1,-1,-1,-1
29,43,1394.99,653.34,76.23,216.00,1,-1,-1,-1
29,42,1326.04,643.26,86.40,239.69,1,-1,-1,-1
29,41,1443.98,551.21,58.32,163.40,1,-1,-1,-1
29,37,1020.10,491.19,56.07,137.77,1,-1,-1,-1
29,34,1444.24,494.17,55.02,132.43,1,-1,-1,-1
29,33,1572.61,658.88,77.81,200.42,1,-1,-1,-1
29,32,1484.16,623.50,69.24,198.87,1,-1,-1,-1
29,31,1197.32,565.62,61.22,182.28,1,-1,-1,-1
29,28,1089.56,556.85,57.02,162.45,1,-1,-1,-1
29,27,164.76,918.00,108.41,162.00,1,-1,-1,-1
29,25,957.66,476.05,57.30,140.79,1,-1,-1,-1
29,21,191.80,806.19,98.62,270.91,1,-1,-1,-1
29,20,1597.65,621.47,68.91,196.11,1,-1,-1,-1
28,20,1597.75,622.81,66.28,193.38,1,-1,-1,-1
27,20,1592.71,625.62,69.38,190.01,1,-1,-1,-1
29,19,1052.92,430.78,40.86,120.69,1,-1,-1,-1
29,16,1130.90,566.02,58.43,167.18,1,-1,-1,-1
29,15,796.35,471.17,53.48,143.88,1,-1,-1,-1
29,13,986.12,564.90,67.02,194.39,1,-1,-1,-1
29,12,276.41,956.37,102.14,123.63,1,-1,-1,-1
29,11,857.41,564.57,61.12,165.70,1,-1,-1,-1
29,10,289.68,826.83,100.02,252.96,1,-1,-1,-1
29,8,919.85,520.45,63.56,160.33,1,-1,-1,-1
29,7,430.12,766.10,99.79,246.79,1,-1,-1,-1
29,6,309.63,764.23,72.09,212.21,1,-1,-1,-1
28,6,314.08,763.54,73.89,218.55,1,-1,-1,-1
27,6,314.61,762.24,73.12,218.94,1,-1,-1,-1
29,5,782.96,611.32,75.31,192.69,1,-1,-1,-1
29,4,1340.33,824.94,107.47,255.06,1,-1,-1,-1
29,3,494.87,602.44,94.66,201.29,1,-1,-1,-1
29,2,1230.13,825.47,130.77,254.53,1,-1,-1,-1
29,1,1098.08,811.35,120.56,268.65,1,-1,-1,-1
30,72,614.07,600.37,87.46,209.12,1,-1,-1,-1
30,70,1727.24,703.31,89.77,213.47,1,-1,-1,-1
30,69,730.38,444.27,50.28,123.62,1,-1,-1,-1
30,68,1698.90,687.91,86.09,203.34,1,-1,-1,-1
30,67,863.41,463.74,55.81,129.13,1,-1,-1,-1
30,60,1229.83,582.22,57.89,201.38,1,-1,-1,-1
30,58,1023.13,489.99,52.14,115.57,1,-1,-1,-1
30,57,1186.74,679.07,78.06,202.32,1,-1,-1,-1
30,55,1157.54,585.60,68.56,193.79,1,-1,-1,-1
30,50,1470.18,694.51,100.36,204.39,1,-1,-1,-1
30,42,1328.39,641.37,89.46,246.26,1,-1,-1,-1
30,41,1441.36,553.71,60.04,157.52,1,-1,-1,-1
30,37,1021.71,490.28,56.91,138.05,1,-1,-1,-1
30,34,1444.30,492.85,56.95,129.27,1,-1,-1,-1
30,33,1582.86,658.10,74.30,182.94,1,-1,-1,-1
30,32,1487.32,625.98,72.56,198.79,1,-1,-1,-1
30,31,1197.99,562.63,58.53,174.03,1,-1,-1,-1
30,28,1093.01,557.44,57.27,161.22,1,-1,-1,-1
30,27,167.94,918.72,108.25,161.28,1,-1,-1,-1
30,25,959.27,477.45,57.96,142.03,1,-1,-1,-1
30,21,195.26,807.24,97.45,266.81,1,-1,-1,-1
30,20,1599.35,620.50,70.25,195.49,1,-1,-1,-1
30,19,1056.37,431.74,40.93,118.20,1,-1,-1,-1
30,16,1134.11,572.22,57.48,157.42,1,-1,-1,-1
30,15,796.88,473.39,54.54,144.65,1,-1,-1,-1
30,13,986.32,565.24,68.16,196.24,1,-1,-1,-1
30,12,279.06,961.31,94.38,118.69,1,-1,-1,-1
30,11,861.06,592.06,54.93,138.55,1,-1,-1,-1
30,10,290.31,825.94,101.96,254.06,1,-1,-1,-1
30,8,919.01,519.98,65.98,164.58,1,-1,-1,-1
30,7,417.52,768.48,110.85,244.98,1,-1,-1,-1
30,6,306.65,763.52,74.17,213.82,1,-1,-1,-1
30,5,781.99,610.77,75.92,193.60,1,-1,-1,-1
30,4,1341.39,828.10,105.45,251.90,1,-1,-1,-1
30,3,494.83,601.61,95.39,202.22,1,-1,-1,-1
30,2,1229.99,829.10,129.45,250.90,1,-1,-1,-1
30,1,1096.63,818.69,119.72,261.31,1,-1,-1,-1
31,72,614.82,598.91,86.29,209.13,1,-1,-1,-1
31,70,1706.68,702.27,102.49,216.31,1,-1,-1,-1
31,69,730.57,440.84,53.14,127.05,1,-1,-1,-1
31,68,1705.44,693.77,84.99,206.43,1,-1,-1,-1
31,67,866.00,463.73,57.56,133.01,1,-1,-1,-1
31,60,1229.73,584.24,58.13,188.69,1,-1,-1,-1
31,57,1181.76,672.99,79.59,206.70,1,-1,-1,-1
31,55,1155.91,585.68,70.38,196.72,1,-1,-1,-1
31,51,1398.57,677.31,90.54,214.20,1,-1,-1,-1
30,51,1405.91,687.77,82.41,198.53,1,-1,-1,-1
29,51,1415.86,688.58,79.57,197.58,1,-1,-1,-1
31,50,1470.92,688.82,97.22,213.57,1,-1,-1,-1
31,42,1322.39,662.17,94.94,229.82,1,-1,-1,-1
31,41,1438.83,555.87,60.29,147.26,1,-1,-1,-1
31,37,1030.20,521.08,53.70,141.31,1,-1,-1,-1
31,34,1447.17,493.59,53.97,123.42,1,-1,-1,-1
31,33,1583.70,658.77,75.37,201.93,1,-1,-1,-1
31,32,1489.49,626.77,72.95,197.05,1,-1,-1,-1
31,31,1198.16,562.87,58.39,177.44,1,-1,-1,-1
31,28,1097.73,558.79,57.42,160.30,1,-1,-1,-1
31,27,170.02,916.08,109.67,163.92,1,-1,-1,-1
31,25,961.70,479.28,57.46,143.59,1,-1,-1,-1
31,21,195.90,806.63,99.06,268.12,1,-1,-1,-1
31,20,1598.56,621.37,71.47,194.88,1,-1,-1,-1
31,19,1057.18,432.43,41.80,114.10,1,-1,-1,-1
31,16,1136.45,557.44,58.58,169.32,1,-1,-1,-1
31,15,795.95,471.97,57.93,144.66,1,-1,-1,-1
31,13,986.38,563.14,66.36,197.52,1,-1,-1,-1
31,12,283.69,960.99,92.82,119.01,1,-1,-1,-1
31,11,863.00,592.95,54.76,138.07,1,-1,-1,-1
31,10,294.70,826.32,99.67,253.68,1,-1,-1,-1
31,8,919.33,521.65,66.72,163.86,1,-1,-1,-1
31,7,401.36,768.02,126.80,244.58,1,-1,-1,-1
31,6,305.56,763.78,70.85,202.68,1,-1,-1,-1
31,5,783.62,613.28,75.45,193.23,1,-1,-1,-1
31,4,1340.68,829.65,106.25,250.35,1,-1,-1,-1
31,3,494.26,601.30,95.53,203.68,1,-1,-1,-1
31,2,1228.11,831.62,131.44,248.38,1,-1,-1,-1
31,1,1094.88,821.48,116.95,258.52,1,-1,-1,-1
32,72,614.54,598.54,86.26,210.47,1,-1,-1,-1
32,70,1688.69,707.69,103.44,210.62,1,-1,-1,-1
32,69,730.47,440.77,50.91,127.25,1,-1,-1,-1
32,68,1740.19,692.03,80.19,197.86,1,-1,-1,-1
32,67,867.72,464.62,56.59,128.09,1,-1,-1,-1
32,60,1230.83,584.68,57.01,187.85,1,-1,-1,-1
32,57,1175.61,670.46,80.50,211.20,1,-1,-1,-1
32,51,1397.77,678.89,91.84,212.74,1,-1,-1,-1
32,50,1467.30,693.03,94.84,208.04,1,-1,-1,-1
32,42,1317.60,676.17,91.26,213.64,1,-1,-1,-1
32,41,1435.00,556.34,65.05,157.16,1,-1,-1,-1
32,37,1031.21,529.75,52.46,137.20,1,-1,-1,-1
32,34,1448.89,493.95,51.88,122.39,1,-1,-1,-1
32,32,1491.47,629.20,71.33,198.21,1,-1,-1,-1
32,31,1197.90,562.79,58.73,180.60,1,-1,-1,-1
32,29,1051.83,564.03,62.13,186.38,1,-1,-1,-1
31,29,1051.10,563.95,62.56,189.90,1,-1,-1,-1
30,29,1051.41,563.50,62.20,191.01,1,-1,-1,-1
32,28,1095.67,559.26,62.44,159.36,1,-1,-1,-1
32,27,172.43,915.91,109.18,164.09,1,-1,-1,-1
32,25,964.17,483.47,57.37,143.71,1,-1,-1,-1
32,21,212.44,809.03,85.08,257.12,1,-1,-1,-1
32,20,1599.80,620.15,70.97,198.84,1,-1,-1,-1
32,16,1140.77,559.59,57.74,164.17,1,-1,-1,-1
32,15,797.65,472.89,56.26,142.99,1,-1,-1,-1
32,14,1532.97,696.66,80.81,203.13,1,-1,-1,-1
31,14,1522.79,693.70,91.58,210.31,1,-1,-1,-1
30,14,1520.67,691.33,81.31,210.01,1,-1,-1,-1
32,13,986.34,565.77,65.56,193.04,1,-1,-1,-1
32,10,295.44,824.13,100.83,255.87,1,-1,-1,-1
32,8,918.89,524.73,65.65,160.34,1,-1,-1,-1
32,7,396.26,767.73,132.29,245.32,1,-1,-1,-1
32,6,299.15,764.27,64.04,204.23,1,-1,-1,-1
32,5,782.55,614.59,74.09,192.99,1,-1,-1,-1
32,4,1340.96,831.85,105.60,248.15,1,-1,-1,-1
32,3,493.89,600.86,95.89,202.48,1,-1,-1,-1
32,2,1229.97,833.35,129.61,246.65,1,-1,-1,-1
32,1,1093.69,823.72,111.73,256.28,1,-1,-1,-1
33,72,615.85,598.01,85.24,211.92,1,-1,-1,-1
33,71,861.99,549.43,64.20,187.58,1,-1,-1,-1
32,71,862.13,557.91,61.61,172.80,1,-1,-1,-1
31,71,861.48,550.06,63.88,177.92,1,-1,-1,-1
33,70,1675.37,705.15,114.87,212.04,1,-1,-1,-1
33,69,736.04,444.42,52.74,129.47,1,-1,-1,-1
33,68,1741.48,688.78,92.91,205.94,1,-1,-1,-1
33,67,870.15,462.85,57.79,131.28,1,-1,-1,-1
33,65,1346.10,466.70,61.05,131.52,1,-1,-1,-1
32,65,1344.26,467.98,62.61,134.04,1,-1,-1,-1
31,65,1343.53,468.01,62.72,134.50,1,-1,-1,-1
33,60,1233.48,584.42,54.27,180.27,1,-1,-1,-1
33,57,1172.33,671.59,79.35,203.86,1,-1,-1,-1
33,51,1395.19,678.44,90.97,211.94,1,-1,-1,-1
33,50,1455.78,682.31,106.12,216.25,1,-1,-1,-1
33,49,1146.48,578.37,77.66,196.98,1,-1,-1,-1
32,49,1150.46,582.07,74.46,197.88,1,-1,-1,-1
31,49,1153.45,584.05,71.59,205.03,1,-1,-1,-1
33,42,1314.75,672.72,88.95,221.43,1,-1,-1,-1
33,41,1427.53,556.59,70.29,158.82,1,-1,-1,-1
33,37,1034.69,528.73,58.57,169.33,1,-1,-1,-1
33,34,1452.05,493.28,50.65,119.66,1,-1,-1,-1
33,32,1490.09,630.14,72.31,190.65,1,-1,-1,-1
33,31,1199.98,566.08,60.41,181.91,1,-1,-1,-1
33,29,1052.07,564.73,64.46,191.23,1,-1,-1,-1
33,28,1103.49,556.01,59.44,164.12,1,-1,-1,-1
33,27,178.85,916.73,108.09,163.27,1,-1,-1,-1
33,25,962.69,479.47,59.81,146.63,1,-1,-1,-1
33,21,215.88,810.08,84.32,241.65,1,-1,-1,-1
33,20,1603.65,623.89,70.57,173.57,1,-1,-1,-1
33,15,800.72,473.52,54.17,143.74,1,-1,-1,-1
33,14,1530.65,687.78,85.37,214.94,1,-1,-1,-1
33,13,986.67,567.09,65.15,195.55,1,-1,-1,-1
33,10,300.49,822.41,101.49,257.59,1,-1,-1,-1
33,8,921.52,528.84,61.03,157.67,1,-1,-1,-1
33,7,394.93,768.05,131.46,245.76,1,-1,-1,-1
33,6,293.84,763.48,65.72,209.25,1,-1,-1,-1
33,5,781.68,614.81,73.88,189.91,1,-1,-1,-1
33,4,1339.52,837.17,105.79,242.83,1,-1,-1,-1
33,3,491.20,598.30,98.62,206.08,1,-1,-1,-1
33,2,1225.87,833.47,132.47,246.53,1,-1,-1,-1
33,1,1089.53,825.08,120.25,254.92,1,-1,-1,-1
34,72,616.16,598.55,83.97,211.34,1,-1,-1,-1
34,71,860.88,553.28,64.41,184.74,1,-1,-1,-1
34,70,1674.64,716.98,111.31,200.32,1,-1,-1,-1
34,69,736.85,448.20,54.41,124.66,1,-1,-1,-1
34,68,1748.87,688.13,90.33,202.65,1,-1,-1,-1
34,67,872.99,462.19,57.37,128.85,1,-1,-1,-1
34,65,1347.12,466.33,59.78,133.68,1,-1,-1,-1
34,60,1233.62,583.75,56.00,193.27,1,-1,-1,-1
34,57,1172.45,669.75,80.77,208.80,1,-1,-1,-1
34,51,1388.46,650.72,94.19,237.76,1,-1,-1,-1
34,50,1464.26,684.15,99.68,215.40,1,-1,-1,-1
34,49,1149.79,577.60,74.95,204.68,1,-1,-1,-1
34,42,1314.04,675.73,86.23,224.59,1,-1,-1,-1
34,41,1425.12,558.81,72.62,156.75,1,-1,-1,-1
34,38,1562.67,649.58,66.67,198.10,1,-1,-1,-1
33,38,1554.41,645.60,67.60,198.22,1,-1,-1,-1
32,38,1537.76,649.86,64.06,197.72,1,-1,-1,-1
34,37,1037.31,525.88,59.72,170.09,1,-1,-1,-1
34,34,1452.18,493.08,50.79,121.25,1,-1,-1,-1
34,32,1491.61,630.88,74.92,188.08,1,-1,-1,-1
34,31,1199.15,565.35,61.04,191.15,1,-1,-1,-1
34,29,1051.13,565.88,66.92,189.58,1,-1,-1,-1
34,28,1106.42,557.62,59.21,162.88,1,-1,-1,-1
34,27,182.24,914.58,105.82,165.42,1,-1,-1,-1
34,25,966.46,480.24,58.63,143.78,1,-1,-1,-1
34,24,1369.21,644.61,69.23,207.91,1,-1,-1,-1
33,24,1366.11,642.14,67.30,217.90,1,-1,-1,-1
32,24,1362.57,640.98,63.27,210.32,1,-1,-1,-1
34,21,215.95,811.04,85.56,246.94,1,-1,-1,-1
34,20,1605.54,625.37,70.03,181.98,1,-1,-1,-1
34,15,802.29,474.02,52.85,143.82,1,-1,-1,-1
34,14,1530.32,655.25,65.23,185.39,1,-1,-1,-1
34,13,985.85,566.96,66.40,197.21,1,-1,-1,-1
34,10,300.99,823.59,103.57,256.41,1,-1,-1,-1
34,8,922.62,527.86,60.35,159.85,1,-1,-1,-1
34,7,390.31,769.61,132.56,244.40,1,-1,-1,-1
34,6,291.14,764.93,64.98,212.17,1,-1,-1,-1
34,5,782.68,613.89,71.19,191.19,1,-1,-1,-1
34,4,1337.70,840.81,107.27,239.19,1,-1,-1,-1
34,3,491.54,599.29,98.91,207.21,1,-1,-1,-1
34,2,1223.63,833.63,132.23,246.37,1,-1,-1,-1
34,1,1087.21,824.53,120.88,255.47,1,-1,-1,-1
35,72,615.24,598.30,83.95,210.93,1,-1,-1,-1
35,71,862.95,553.62,62.12,183.74,1,-1,-1,-1
35,70,1671.60,699.10,112.95,216.17,1,-1,-1,-1
35,68,1747.43,683.59,105.42,215.86,1,-1,-1,-1
35,67,872.73,463.91,60.78,133.01,1,-1,-1,-1
35,65,1345.69,465.32,61.83,137.90,1,-1,-1,-1
35,60,1233.73,583.42,56.18,194.40,1,-1,-1,-1
35,58,1036.00,499.87,46.19,116.63,1,-1,-1,-1
34,58,1036.18,500.29,44.74,110.05,1,-1,-1,-1
33,58,1034.45,497.25,48.14,113.45,1,-1,-1,-1
35,57,1166.61,673.19,78.33,194.35,1,-1,-1,-1
35,51,1381.26,637.54,94.32,241.07,1,-1,-1,-1
35,50,1465.99,687.05,92.26,213.14,1,-1,-1,-1
35,49,1149.32,576.48,74.08,201.23,1,-1,-1,-1
35,42,1309.78,675.33,87.88,214.10,1,-1,-1,-1
35,41,1420.57,554.22,76.15,161.25,1,-1,-1,-1
35,38,1552.44,684.14,75.91,187.60,1,-1,-1,-1
35,37,1037.74,525.19,60.26,170.11,1,-1,-1,-1
35,34,1447.56,491.42,55.42,126.17,1,-1,-1,-1
35,33,1607.62,659.96,72.26,197.73,1,-1,-1,-1
34,33,1603.04,655.98,69.84,201.87,1,-1,-1,-1
33,33,1596.14,649.20,73.56,211.85,1,-1,-1,-1
35,32,1488.22,629.42,79.52,206.18,1,-1,-1,-1
35,31,1199.32,565.26,60.80,191.48,1,-1,-1,-1
35,29,1046.06,564.16,70.46,194.56,1,-1,-1,-1
35,28,1109.73,555.70,60.03,166.13,1,-1,-1,-1
35,27,185.90,909.69,104.48,170.31,1,-1,-1,-1
35,25,967.86,479.43,58.33,145.01,1,-1,-1,-1
35,21,213.38,809.70,90.38,245.28,1,-1,-1,-1
35,20,1607.56,627.05,72.78,205.77,1,-1,-1,-1
35,15,802.33,473.12,53.18,144.43,1,-1,-1,-1
35,13,985.73,566.85,66.85,195.39,1,-1,-1,-1
35,10,303.06,824.92,100.36,255.08,1,-1,-1,-1
35,8,923.24,528.33,59.16,157.13,1,-1,-1,-1
35,7,390.77,771.22,129.52,242.52,1,-1,-1,-1
35,6,287.80,765.13,63.76,210.14,1,-1,-1,-1
35,5,781.04,613.96,69.12,191.73,1,-1,-1,-1
35,4,1335.93,841.53,105.87,238.47,1,-1,-1,-1
35,3,491.42,598.99,98.54,206.73,1,-1,-1,-1
35,2,1221.31,833.84,133.52,246.16,1,-1,-1,-1
35,1,1083.95,823.43,123.25,256.57,1,-1,-1,-1
36,72,616.24,598.11,81.89,208.18,1,-1,-1,-1
36,71,864.12,556.05,62.29,182.23,1,-1,-1,-1
36,70,1666.07,700.46,113.95,215.62,1,-1,-1,-1
36,68,1767.58,685.84,81.14,209.73,1,-1,-1,-1
36,67,874.02,464.46,59.37,131.91,1,-1,-1,-1
36,60,1233.19,582.98,56.33,191.96,1,-1,-1,-1
36,58,1034.96,496.62,47.68,122.82,1,-1,-1,-1
36,57,1161.84,670.89,79.26,197.34,1,-1,-1,-1
36,51,1384.47,632.97,74.07,240.06,1,-1,-1,-1
36,50,1461.37,686.07,96.81,213.30,1,-1,-1,-1
36,44,1049.21,564.95,64.67,190.57,1,-1,-1,-1
35,44,1050.34,564.14,65.05,191.37,1,-1,-1,-1
34,44,1047.11,564.89,72.16,193.54,1,-1,-1,-1
36,42,1306.25,671.18,86.31,220.49,1,-1,-1,-1
36,41,1423.01,555.75,64.61,160.05,1,-1,-1,-1
36,38,1577.07,654.48,73.83,205.57,1,-1,-1,-1
36,37,1039.81,523.91,58.69,167.56,1,-1,-1,-1
36,34,1450.45,492.51,52.07,123.93,1,-1,-1,-1
36,33,1613.06,657.57,76.54,202.36,1,-1,-1,-1
36,32,1487.57,630.71,77.81,202.46,1,-1,-1,-1
36,31,1200.66,563.23,58.20,174.02,1,-1,-1,-1
36,29,1045.70,565.57,68.57,192.63,1,-1,-1,-1
36,28,1112.11,557.07,60.11,163.95,1,-1,-1,-1
36,27,188.21,908.20,105.78,171.80,1,-1,-1,-1
36,25,969.66,478.69,57.19,142.97,1,-1,-1,-1
36,21,228.34,810.19,78.75,237.49,1,-1,-1,-1
36,20,1610.97,629.56,61.71,174.58,1,-1,-1,-1
36,16,1149.04,557.10,59.48,162.79,1,-1,-1,-1
35,16,1146.31,556.52,62.22,172.82,1,-1,-1,-1
34,16,1146.63,556.39,62.18,172.99,1,-1,-1,-1
36,15,803.31,472.72,52.74,147.49,1,-1,-1,-1
36,13,985.49,567.55,66.31,193.64,1,-1,-1,-1
36,10,309.54,825.12,94.21,254.88,1,-1,-1,-1
36,8,924.69,526.78,60.44,158.51,1,-1,-1,-1
36,7,392.96,771.36,120.24,242.45,1,-1,-1,-1
36,6,285.76,765.71,65.93,212.50,1,-1,-1,-1
36,5,779.05,612.71,66.59,191.03,1,-1,-1,-1
36,4,1336.42,842.13,104.70,237.87,1,-1,-1,-1
36,3,491.52,597.44,98.07,207.67,1,-1,-1,-1
36,2,1220.47,833.06,133.36,246.94,1,-1,-1,-1
36,1,1080.94,821.40,123.22,258.60,1,-1,-1,-1
37,72,616.26,600.12,82.18,206.86,1,-1,-1,-1
37,71,865.87,561.38,60.59,177.75,1,-1,-1,-1
37,70,1665.16,702.37,113.66,213.79,1,-1,-1,-1
37,68,1755.72,688.71,97.99,209.89,1,-1,-1,-1
37,67,876.23,465.39,57.30,128.39,1,-1,-1,-1
37,61,1554.62,629.63,66.84,178.36,1,-1,-1,-1
36,61,1555.18,626.48,68.78,184.61,1,-1,-1,-1
35,61,1558.12,625.46,63.81,168.43,1,-1,-1,-1
37,60,1233.46,583.45,56.81,193.10,1,-1,-1,-1
37,58,1037.28,499.31,48.48,120.80,1,-1,-1,-1
37,57,1164.37,670.96,78.08,196.20,1,-1,-1,-1
37,55,1152.04,576.93,73.02,203.22,1,-1,-1,-1
36,55,1153.68,579.09,71.14,193.42,1,-1,-1,-1
35,55,1149.39,576.83,75.46,203.88,1,-1,-1,-1
37,50,1462.30,682.13,84.54,215.59,1,-1,-1,-1
37,44,1046.20,564.98,66.27,189.58,1,-1,-1,-1
37,42,1299.44,671.21,89.62,219.22,1,-1,-1,-1
37,41,1416.77,554.76,66.40,157.00,1,-1,-1,-1
37,38,1591.83,654.89,64.42,183.20,1,-1,-1,-1
37,37,1038.72,522.17,60.58,172.87,1,-1,-1,-1
37,34,1447.31,492.91,53.72,125.95,1,-1,-1,-1
37,33,1609.39,659.26,92.66,202.19,1,-1,-1,-1
37,32,1498.39,632.10,69.54,182.92,1,-1,-1,-1
37,31,1200.75,563.73,58.68,177.77,1,-1,-1,-1
37,29,1040.21,566.92,72.91,190.45,1,-1,-1,-1
37,28,1112.21,559.02,60.79,162.56,1,-1,-1,-1
37,27,190.52,908.77,106.02,171.23,1,-1,-1,-1
37,25,971.21,478.22,55.27,141.14,1,-1,-1,-1
37,16,1152.24,558.22,61.12,169.24,1,-1,-1,-1
37,15,805.84,474.31,50.93,143.86,1,-1,-1,-1
37,13,985.47,565.08,59.50,194.20,1,-1,-1,-1
37,10,316.81,824.92,94.18,255.08,1,-1,-1,-1
37,8,924.10,528.36,61.16,156.82,1,-1,-1,-1
37,7,386.26,770.39,116.42,242.89,1,-1,-1,-1
37,6,280.46,763.25,66.58,214.97,1,-1,-1,-1
37,5,775.97,612.57,65.23,191.02,1,-1,-1,-1
37,4,1333.69,841.20,104.95,238.80,1,-1,-1,-1
37,3,492.69,597.86,96.76,206.73,1,-1,-1,-1
37,2,1219.77,832.46,132.66,247.54,1,-1,-1,-1
37,1,1080.68,822.40,117.99,257.60,1,-1,-1,-1
38,75,1042.12,513.68,51.47,131.89,1,-1,-1,-1
37,75,1040.96,524.96,55.49,144.24,1,-1,-1,-1
36,75,1041.56,528.70,54.88,141.52,1,-1,-1,-1
38,72,616.06,599.92,81.73,206.60,1,-1,-1,-1
38,70,1666.27,721.19,105.09,195.58,1,-1,-1,-1
38,69,756.96,451.01,53.38,120.62,1,-1,-1,-1
37,69,756.23,448.63,54.80,122.42,1,-1,-1,-1
36,69,751.69,446.73,55.59,125.00,1,-1,-1,-1
38,68,1784.74,691.80,80.23,202.67,1,-1,-1,-1
38,67,876.06,465.97,56.81,124.91,1,-1,-1,-1
38,60,1234.22,583.86,55.50,193.16,1,-1,-1,-1
38,58,1038.50,501.88,49.80,129.88,1,-1,-1,-1
38,57,1155.44,663.84,85.53,203.64,1,-1,-1,-1
38,55,1150.88,577.53,72.75,194.42,1,-1,-1,-1
38,50,1458.02,686.72,80.32,208.34,1,-1,-1,-1
38,42,1298.24,668.24,79.79,213.02,1,-1,-1,-1
38,41,1415.53,555.13,57.49,138.56,1,-1,-1,-1
38,40,909.92,471.97,39.63,102.41,1,-1,-1,-1
37,40,909.85,471.55,39.40,101.68,1,-1,-1,-1
36,40,910.26,468.94,39.29,106.41,1,-1,-1,-1
38,38,1587.82,659.12,62.04,167.76,1,-1,-1,-1
38,34,1447.42,492.17,51.18,122.89,1,-1,-1,-1
38,33,1628.12,662.89,66.93,175.47,1,-1,-1,-1
38,32,1500.35,632.60,68.81,173.95,1,-1,-1,-1
38,31,1201.57,564.86,56.84,168.08,1,-1,-1,-1
38,29,1041.57,566.66,72.87,191.87,1,-1,-1,-1
38,28,1112.80,561.23,61.10,164.61,1,-1,-1,-1
38,27,191.35,907.11,106.71,172.89,1,-1,-1,-1
38,25,971.48,478.52,54.70,138.18,1,-1,-1,-1
38,16,1156.11,557.93,57.91,163.23,1,-1,-1,-1
38,15,805.77,474.03,51.14,142.13,1,-1,-1,-1
38,10,309.37,825.37,98.87,254.63,1,-1,-1,-1
38,8,925.29,530.23,58.68,154.63,1,-1,-1,-1
38,7,376.18,766.98,108.60,245.12,1,-1,-1,-1
38,6,274.66,760.67,64.65,215.71,1,-1,-1,-1
38,5,771.48,613.52,66.36,189.35,1,-1,-1,-1
38,4,1329.55,840.93,107.94,239.07,1,-1,-1,-1
38,3,492.65,598.19,95.82,208.13,1,-1,-1,-1
38,2,1219.38,833.16,131.11,246.84,1,-1,-1,-1
38,1,1076.64,823.02,123.53,256.98,1,-1,-1,-1
39,72,616.19,600.36,80.95,207.60,1,-1,-1,-1
39,70,1665.38,709.20,102.84,207.90,1,-1,-1,-1
39,69,754.99,447.90,53.81,123.63,1,-1,-1,-1
39,68,1794.23,725.73,75.82,170.51,1,-1,-1,-1
39,67,876.47,466.43,52.34,114.27,1,-1,-1,-1
39,60,1234.35,585.03,55.70,194.62,1,-1,-1,-1
39,58,1038.59,500.96,49.29,130.64,1,-1,-1,-1
39,57,1149.97,664.71,88.22,202.56,1,-1,-1,-1
39,54,985.72,572.40,56.04,189.00,1,-1,-1,-1
38,54,985.72,572.09,56.98,190.72,1,-1,-1,-1
37,54,984.89,569.55,59.13,189.60,1,-1,-1,-1
39,50,1454.76,683.03,79.61,211.16,1,-1,-1,-1
39,42,1293.58,670.74,74.40,211.83,1,-1,-1,-1
39,40,906.69,475.93,43.22,104.70,1,-1,-1,-1
39,38,1592.66,658.70,64.64,179.07,1,-1,-1,-1
39,34,1451.51,492.49,50.96,116.08,1,-1,-1,-1
39,33,1639.55,664.53,65.54,169.58,1,-1,-1,-1
39,32,1501.01,632.97,69.34,174.87,1,-1,-1,-1
39,31,1201.97,563.61,55.41,167.99,1,-1,-1,-1
39,29,1044.19,569.14,67.63,190.14,1,-1,-1,-1
39,28,1115.62,561.50,62.08,167.67,1,-1,-1,-1
39,27,193.66,906.37,105.40,173.63,1,-1,-1,-1
39,25,971.86,479.95,54.79,136.62,1,-1,-1,-1
39,24,1378.18,662.70,84.52,216.20,1,-1,-1,-1
38,24,1385.94,646.21,73.23,230.13,1,-1,-1,-1
37,24,1386.61,642.90,70.54,234.51,1,-1,-1,-1
39,16,1157.94,558.64,58.87,158.98,1,-1,-1,-1
39,15,805.49,477.42,51.08,140.06,1,-1,-1,-1
39,10,313.41,824.93,94.88,255.07,1,-1,-1,-1
39,8,924.57,532.21,58.52,153.39,1,-1,-1,-1
39,7,373.22,767.75,93.18,245.48,1,-1,-1,-1
39,6,271.45,761.47,65.76,213.53,1,-1,-1,-1
39,5,767.99,613.87,65.91,190.35,1,-1,-1,-1
39,4,1330.04,841.78,106.49,238.22,1,-1,-1,-1
39,3,492.29,596.86,95.64,209.64,1,-1,-1,-1
39,2,1218.89,834.77,131.27,245.23,1,-1,-1,-1
39,1,1074.50,823.79,123.64,256.21,1,-1,-1,-1
40,72,616.23,599.43,79.27,208.25,1,-1,-1,-1
40,70,1665.01,703.53,95.38,214.36,1,-1,-1,-1
40,69,757.05,461.03,53.97,112.07,1,-1,-1,-1
40,67,876.29,469.09,54.93,117.03,1,-1,-1,-1
40,62,1767.97,694.69,85.36,201.98,1,-1,-1,-1
39,62,1755.99,692.10,88.60,204.14,1,-1,-1,-1
38,62,1754.15,689.28,91.24,209.56,1,-1,-1,-1
40,60,1234.17,585.36,55.69,192.24,1,-1,-1,-1
40,58,1039.35,499.92,48.85,134.26,1,-1,-1,-1
40,57,1146.69,663.88,82.51,201.00,1,-1,-1,-1
40,54,985.91,572.85,56.58,190.03,1,-1,-1,-1
40,50,1454.25,687.99,75.08,206.00,1,-1,-1,-1
40,42,1292.70,672.73,68.54,211.31,1,-1,-1,-1
40,40,910.06,472.61,39.51,101.79,1,-1,-1,-1
40,33,1645.72,666.37,63.91,166.91,1,-1,-1,-1
40,32,1501.13,633.54,70.97,193.80,1,-1,-1,-1
40,31,1203.30,570.49,56.61,165.65,1,-1,-1,-1
40,29,1045.19,573.78,63.96,186.17,1,-1,-1,-1
40,28,1116.89,561.82,63.47,164.99,1,-1,-1,-1
40,27,196.14,904.43,104.71,175.57,1,-1,-1,-1
40,25,972.48,477.94,56.57,136.36,1,-1,-1,-1
40,24,1374.11,673.74,83.37,206.13,1,-1,-1,-1
40,16,1161.31,560.59,58.84,155.35,1,-1,-1,-1
40,15,805.29,478.60,52.84,141.35,1,-1,-1,-1
40,10,311.11,821.38,100.49,258.62,1,-1,-1,-1
40,8,924.94,534.01,57.66,152.73,1,-1,-1,-1
40,7,367.89,768.88,84.56,242.27,1,-1,-1,-1
40,6,267.67,762.25,69.26,215.33,1,-1,-1,-1
40,5,765.85,611.92,65.85,192.62,1,-1,-1,-1
40,4,1330.01,843.00,107.11,237.00,1,-1,-1,-1
40,3,491.78,596.30,95.94,206.98,1,-1,-1,-1
40,2,1220.48,842.43,129.71,237.57,1,-1,-1,-1
40,1,1075.66,826.61,121.95,253.39,1,-1,-1,-1
41,72,617.65,598.69,77.64,209.22,1,-1,-1,-1
41,71,868.48,575.42,54.57,166.60,1,-1,-1,-1
40,71,868.01,574.54,54.55,167.27,1,-1,-1,-1
39,71,866.13,564.71,58.75,173.76,1,-1,-1,-1
41,70,1664.81,703.52,84.95,212.73,1,-1,-1,-1
41,69,755.93,458.56,55.71,115.88,1,-1,-1,-1
41,67,876.82,466.56,53.33,116.79,1,-1,-1,-1
41,62,1774.21,686.77,89.64,205.46,1,-1,-1,-1
41,61,1555.23,634.64,65.17,187.75,1,-1,-1,-1
40,61,1559.30,639.78,61.98,173.52,1,-1,-1,-1
39,61,1554.24,636.62,64.03,179.34,1,-1,-1,-1
41,60,1234.60,584.32,55.67,192.24,1,-1,-1,-1
41,57,1143.52,664.13,84.19,202.28,1,-1,-1,-1
41,54,986.03,572.84,56.64,189.19,1,-1,-1,-1
41,50,1444.61,687.46,88.35,206.24,1,-1,-1,-1
41,42,1287.23,671.55,69.29,213.48,1,-1,-1,-1
41,40,908.21,474.24,42.77,105.63,1,-1,-1,-1
41,37,1054.45,530.28,53.94,136.78,1,-1,-1,-1
40,37,1053.95,529.97,51.72,132.64,1,-1,-1,-1
39,37,1050.39,528.24,53.38,137.22,1,-1,-1,-1
41,32,1502.03,634.78,72.12,191.55,1,-1,-1,-1
41,31,1200.99,572.87,58.25,154.17,1,-1,-1,-1
41,30,1590.82,696.16,72.78,182.56,1,-1,-1,-1
40,30,1558.12,703.32,105.05,195.88,1,-1,-1,-1
39,30,1581.80,696.74,70.65,176.65,1,-1,-1,-1
41,29,1046.10,569.46,63.10,190.19,1,-1,-1,-1
41,28,1122.78,562.92,59.45,163.65,1,-1,-1,-1
41,27,199.98,902.82,102.27,177.18,1,-1,-1,-1
41,25,972.91,477.96,56.27,133.59,1,-1,-1,-1
41,24,1367.39,662.17,88.30,216.90,1,-1,-1,-1
41,16,1166.58,559.95,55.34,150.84,1,-1,-1,-1
41,15,805.03,477.78,53.98,143.32,1,-1,-1,-1
41,10,314.75,819.07,98.46,260.93,1,-1,-1,-1
41,8,924.02,533.57,58.16,152.91,1,-1,-1,-1
41,7,364.48,767.32,82.53,245.73,1,-1,-1,-1
41,6,265.12,763.75,68.78,215.55,1,-1,-1,-1
41,5,763.60,611.45,65.97,188.50,1,-1,-1,-1
41,4,1327.95,842.58,110.00,237.42,1,-1,-1,-1
41,3,492.47,595.83,94.61,204.03,1,-1,-1,-1
41,2,1221.24,844.46,126.49,235.54,1,-1,-1,-1
41,1,1078.24,829.15,119.83,250.85,1,-1,-1,-1
42,72,616.76,596.13,76.79,211.56,1,-1,-1,-1
42,71,866.45,564.88,58.90,172.39,1,-1,-1,-1
42,70,1660.02,700.40,82.31,215.00,1,-1,-1,-1
42,69,757.49,461.08,53.68,111.70,1,-1,-1,-1
42,67,876.80,469.15,51.14,115.90,1,-1,-1,-1
42,62,1777.41,686.37,91.01,207.26,1,-1,-1,-1
42,61,1556.33,636.46,61.83,180.50,1,-1,-1,-1
42,60,1234.68,583.06,54.52,186.70,1,-1,-1,-1
42,57,1138.73,664.79,81.58,198.78,1,-1,-1,-1
42,54,985.12,572.51,58.28,189.71,1,-1,-1,-1
42,50,1437.89,687.50,96.10,205.65,1,-1,-1,-1
42,46,910.12,474.28,40.37,104.64,1,-1,-1,-1
41,46,911.05,470.50,39.04,102.94,1,-1,-1,-1
40,46,903.52,476.14,45.09,105.88,1,-1,-1,-1
42,42,1283.49,672.47,70.28,212.31,1,-1,-1,-1
42,37,1054.59,531.00,56.98,131.65,1,-1,-1,-1
42,32,1502.82,635.73,70.82,194.07,1,-1,-1,-1
42,31,1202.92,566.40,54.15,159.75,1,-1,-1,-1
42,30,1603.56,699.32,73.54,183.96,1,-1,-1,-1
42,28,1122.44,563.50,63.81,167.11,1,-1,-1,-1
42,27,202.63,899.47,101.63,180.53,1,-1,-1,-1
42,25,973.88,480.41,55.17,133.26,1,-1,-1,-1
42,24,1356.30,672.46,88.60,205.15,1,-1,-1,-1
42,15,805.05,478.35,54.87,144.52,1,-1,-1,-1
42,10,315.20,818.36,102.21,261.64,1,-1,-1,-1
42,8,922.91,535.05,56.40,150.94,1,-1,-1,-1
42,7,355.61,766.51,81.38,248.67,1,-1,-1,-1
42,6,255.72,761.84,72.03,215.67,1,-1,-1,-1
42,5,763.57,611.58,64.31,192.29,1,-1,-1,-1
42,4,1324.73,842.41,115.36,237.59,1,-1,-1,-1
42,3,492.45,594.33,92.78,203.63,1,-1,-1,-1
42,2,1222.50,847.72,120.61,232.28,1,-1,-1,-1
42,1,1078.82,830.22,118.52,249.78,1,-1,-1,-1
43,72,617.17,595.43,76.29,213.48,1,-1,-1,-1
43,71,869.10,570.86,54.85,169.43,1,-1,-1,-1
43,70,1646.43,702.68,84.58,213.48,1,-1,-1,-1
43,69,757.99,459.52,53.33,113.54,1,-1,-1,-1
43,67,877.59,467.82,50.73,114.90,1,-1,-1,-1
43,62,1785.15,693.38,92.64,202.10,1,-1,-1,-1
43,61,1557.60,638.57,60.36,181.83,1,-1,-1,-1
43,60,1234.37,582.32,55.05,188.34,1,-1,-1,-1
43,57,1136.84,669.38,80.85,197.20,1,-1,-1,-1
43,54,985.25,571.93,59.09,190.16,1,-1,-1,-1
43,50,1440.70,688.22,90.16,205.56,1,-1,-1,-1
43,46,910.02,471.35,40.18,107.19,1,-1,-1,-1
43,45,1522.55,749.07,56.28,141.41,1,-1,-1,-1
42,45,1524.32,748.79,60.08,147.02,1,-1,-1,-1
41,45,1531.44,748.15,62.34,146.38,1,-1,-1,-1
43,42,1275.26,672.20,75.44,211.59,1,-1,-1,-1
43,37,1057.48,532.70,58.62,127.01,1,-1,-1,-1
43,32,1503.28,637.33,71.76,188.32,1,-1,-1,-1
43,31,1199.61,562.96,54.46,161.17,1,-1,-1,-1
43,30,1607.13,696.88,69.58,181.02,1,-1,-1,-1
43,28,1128.64,562.35,60.46,169.29,1,-1,-1,-1
43,27,204.29,897.21,101.87,182.79,1,-1,-1,-1
43,24,1353.37,679.65,85.12,196.67,1,-1,-1,-1
43,15,804.73,477.84,55.65,143.96,1,-1,-1,-1
43,10,320.74,816.46,98.82,261.16,1,-1,-1,-1
43,8,921.98,533.13,59.12,153.11,1,-1,-1,-1
43,7,354.37,766.26,77.58,246.71,1,-1,-1,-1
43,6,251.00,761.70,73.19,213.71,1,-1,-1,-1
43,5,760.62,611.38,65.60,191.69,1,-1,-1,-1
43,4,1325.24,844.32,116.48,235.68,1,-1,-1,-1
43,3,494.06,594.00,90.75,203.24,1,-1,-1,-1
43,2,1222.65,848.36,119.89,231.64,1,-1,-1,-1
43,1,1078.41,832.71,117.81,247.29,1,-1,-1,-1
44,73,979.12,483.98,51.93,138.64,1,-1,-1,-1
43,73,977.29,481.17,54.51,140.19,1,-1,-1,-1
42,73,974.80,480.69,55.58,143.01,1,-1,-1,-1
44,72,615.49,595.28,77.03,210.32,1,-1,-1,-1
44,71,868.26,571.48,57.57,170.76,1,-1,-1,-1
44,70,1639.28,697.83,88.86,217.38,1,-1,-1,-1
44,69,767.87,453.12,50.23,121.89,1,-1,-1,-1
44,67,879.00,470.13,49.76,116.22,1,-1,-1,-1
44,62,1790.75,697.50,89.32,201.38,1,-1,-1,-1
44,61,1556.43,634.88,63.10,191.98,1,-1,-1,-1
44,60,1234.19,582.81,55.10,191.53,1,-1,-1,-1
44,58,1041.51,499.27,49.38,130.84,1,-1,-1,-1
43,58,1042.25,498.00,49.40,132.32,1,-1,-1,-1
42,58,1041.17,500.32,50.25,131.71,1,-1,-1,-1
44,57,1131.95,663.02,85.13,204.58,1,-1,-1,-1
44,54,984.39,571.68,58.95,191.73,1,-1,-1,-1
44,51,1425.95,649.65,64.45,173.53,1,-1,-1,-1
43,51,1420.79,648.55,64.80,173.05,1,-1,-1,-1
42,51,1411.96,648.08,66.46,187.15,1,-1,-1,-1
44,50,1423.29,682.52,107.03,211.42,1,-1,-1,-1
44,45,1517.68,749.18,59.45,140.56,1,-1,-1,-1
44,44,1046.21,570.83,64.42,189.43,1,-1,-1,-1
43,44,1046.52,570.95,64.56,188.16,1,-1,-1,-1
42,44,1045.92,570.44,63.36,187.35,1,-1,-1,-1
44,42,1265.51,671.31,82.40,215.46,1,-1,-1,-1
44,37,1060.69,534.85,57.76,122.00,1,-1,-1,-1
44,33,1667.02,662.54,59.06,187.25,1,-1,-1,-1
43,33,1661.29,661.70,62.53,179.54,1,-1,-1,-1
42,33,1654.95,661.16,62.72,182.34,1,-1,-1,-1
44,32,1504.84,639.55,71.03,186.28,1,-1,-1,-1
44,31,1200.42,559.95,54.24,166.11,1,-1,-1,-1
44,28,1133.16,562.74,59.56,169.61,1,-1,-1,-1
44,27,206.56,895.88,101.12,184.12,1,-1,-1,-1
44,24,1347.43,671.45,91.03,206.00,1,-1,-1,-1
44,15,804.30,478.92,56.92,144.84,1,-1,-1,-1
44,10,325.52,817.45,95.79,254.03,1,-1,-1,-1
44,8,919.93,532.07,60.08,154.49,1,-1,-1,-1
44,5,755.18,610.78,68.47,193.51,1,-1,-1,-1
44,4,1324.59,846.60,116.62,233.40,1,-1,-1,-1
44,3,495.09,592.08,88.55,205.05,1,-1,-1,-1
44,2,1221.37,851.35,120.55,228.65,1,-1,-1,-1
44,1,1075.63,834.93,120.41,245.07,1,-1,-1,-1
45,73,978.59,481.76,53.12,135.07,1,-1,-1,-1
45,72,614.03,592.79,78.19,207.85,1,-1,-1,-1
45,71,868.74,571.90,58.48,167.33,1,-1,-1,-1
45,70,1635.16,700.24,72.80,211.37,1,-1,-1,-1
45,69,769.14,453.95,49.15,120.20,1,-1,-1,-1
45,67,879.63,470.75,51.40,117.69,1,-1,-1,-1
45,62,1795.60,695.92,91.96,204.04,1,-1,-1,-1
45,61,1556.02,633.82,63.92,187.98,1,-1,-1,-1
45,60,1234.14,582.47,55.07,190.54,1,-1,-1,-1
45,58,1041.88,499.72,51.35,131.14,1,-1,-1,-1
45,57,1129.36,665.58,81.82,194.74,1,-1,-1,-1
45,54,985.33,570.72,58.98,189.20,1,-1,-1,-1
45,51,1429.38,644.34,74.67,200.23,1,-1,-1,-1
45,50,1410.59,684.42,113.10,210.75,1,-1,-1,-1
45,45,1511.12,749.92,64.59,144.77,1,-1,-1,-1
45,44,1046.10,570.66,64.06,188.91,1,-1,-1,-1
45,42,1263.17,672.68,83.95,213.96,1,-1,-1,-1
45,37,1060.77,534.91,59.05,127.86,1,-1,-1,-1
45,33,1674.42,659.79,57.26,188.38,1,-1,-1,-1
45,32,1504.55,639.32,75.00,189.79,1,-1,-1,-1
45,31,1205.01,556.65,50.58,161.65,1,-1,-1,-1
45,28,1138.84,560.76,57.90,165.76,1,-1,-1,-1
45,27,208.01,895.84,102.73,184.16,1,-1,-1,-1
45,24,1345.17,676.60,88.16,199.17,1,-1,-1,-1
45,16,1180.70,562.05,54.19,165.26,1,-1,-1,-1
44,16,1175.20,562.85,54.70,163.61,1,-1,-1,-1
43,16,1173.49,562.59,55.34,163.84,1,-1,-1,-1
45,15,804.68,478.40,56.84,145.87,1,-1,-1,-1
45,10,321.59,816.09,99.14,253.27,1,-1,-1,-1
45,8,918.37,531.64,61.44,155.26,1,-1,-1,-1
45,5,748.70,609.88,73.21,194.25,1,-1,-1,-1
45,4,1321.12,850.73,121.48,229.27,1,-1,-1,-1
45,3,494.79,590.90,89.27,204.73,1,-1,-1,-1
45,2,1217.16,850.89,122.44,229.11,1,-1,-1,-1
45,1,1074.34,838.43,122.46,241.57,1,-1,-1,-1
46,72,612.02,591.26,78.45,202.33,1,-1,-1,-1
46,71,868.17,575.08,62.30,167.06,1,-1,-1,-1
46,70,1613.82,704.54,92.91,208.81,1,-1,-1,-1
46,69,773.60,457.45,45.65,115.79,1,-1,-1,-1
46,67,881.82,474.03,52.06,119.16,1,-1,-1,-1
46,62,1801.35,700.41,87.85,196.91,1,-1,-1,-1
46,61,1552.66,632.41,67.64,192.68,1,-1,-1,-1
46,60,1233.23,580.67,56.37,188.84,1,-1,-1,-1
46,58,1044.55,502.21,50.50,127.86,1,-1,-1,-1
46,57,1126.16,661.35,81.62,197.42,1,-1,-1,-1
46,54,984.38,571.23,59.85,192.42,1,-1,-1,-1
46,51,1434.81,644.60,71.63,198.16,1,-1,-1,-1
46,50,1402.04,686.98,115.27,202.93,1,-1,-1,-1
46,44,1047.41,570.43,63.70,189.03,1,-1,-1,-1
46,42,1262.37,671.37,84.10,217.84,1,-1,-1,-1
46,38,1618.38,632.60,59.37,179.01,1,-1,-1,-1
45,38,1621.03,645.40,58.02,181.37,1,-1,-1,-1
44,38,1617.09,633.93,60.62,172.37,1,-1,-1,-1
46,37,1064.51,535.43,58.26,120.14,1,-1,-1,-1
46,33,1672.57,658.24,65.57,210.19,1,-1,-1,-1
46,32,1503.12,639.37,78.28,193.52,1,-1,-1,-1
46,28,1142.41,561.47,57.43,156.86,1,-1,-1,-1
46,27,209.86,894.27,105.06,185.73,1,-1,-1,-1
46,24,1343.04,675.85,85.52,198.26,1,-1,-1,-1
46,15,804.80,477.52,54.06,144.61,1,-1,-1,-1
46,10,325.49,809.75,98.86,257.89,1,-1,-1,-1
46,8,916.99,530.88,60.80,155.40,1,-1,-1,-1
46,5,746.95,610.32,71.68,196.20,1,-1,-1,-1
46,4,1322.97,855.48,119.55,224.52,1,-1,-1,-1
46,3,496.57,591.46,85.65,201.08,1,-1,-1,-1
46,2,1215.28,849.55,123.91,230.45,1,-1,-1,-1
46,1,1072.47,842.05,123.99,237.95,1,-1,-1,-1
47,72,610.87,589.05,78.63,203.37,1,-1,-1,-1
47,71,865.70,575.49,67.49,169.59,1,-1,-1,-1
47,70,1602.60,733.54,103.10,182.02,1,-1,-1,-1
47,69,774.54,460.32,45.99,114.71,1,-1,-1,-1
47,67,882.46,474.00,51.08,119.43,1,-1,-1,-1
47,65,1347.80,467.54,58.74,135.99,1,-1,-1,-1
46,65,1349.30,467.25,57.48,134.67,1,-1,-1,-1
45,65,1348.29,466.98,58.67,136.32,1,-1,-1,-1
47,62,1803.48,696.35,100.16,199.26,1,-1,-1,-1
47,61,1553.00,634.07,67.41,188.27,1,-1,-1,-1
47,60,1233.04,580.15,56.60,192.38,1,-1,-1,-1
47,58,1046.04,504.68,50.01,127.06,1,-1,-1,-1
47,57,1120.52,652.19,86.26,208.62,1,-1,-1,-1
47,51,1436.01,644.29,72.21,209.20,1,-1,-1,-1
47,50,1416.02,684.40,92.44,206.49,1,-1,-1,-1
47,46,904.60,476.25,39.38,100.98,1,-1,-1,-1
46,46,906.38,475.83,39.79,101.77,1,-1,-1,-1
45,46,908.80,473.79,40.16,103.28,1,-1,-1,-1
47,44,1046.93,570.37,66.30,187.79,1,-1,-1,-1
47,42,1260.74,671.58,83.18,216.03,1,-1,-1,-1
47,38,1619.16,632.71,61.39,182.92,1,-1,-1,-1
47,33,1680.36,659.98,69.37,204.47,1,-1,-1,-1
47,32,1502.69,639.87,78.80,199.13,1,-1,-1,-1
47,28,1140.91,562.35,60.59,154.75,1,-1,-1,-1
47,27,211.90,894.27,103.77,185.73,1,-1,-1,-1
47,25,981.05,484.12,53.65,129.52,1,-1,-1,-1
46,25,980.08,482.85,53.86,133.36,1,-1,-1,-1
45,25,979.51,480.64,53.50,134.06,1,-1,-1,-1
47,24,1339.38,675.29,82.47,202.34,1,-1,-1,-1
47,15,803.93,477.12,55.43,145.79,1,-1,-1,-1
47,10,331.37,809.76,94.17,257.53,1,-1,-1,-1
47,8,916.41,529.35,60.24,158.42,1,-1,-1,-1
47,7,321.05,773.00,82.37,229.60,1,-1,-1,-1
46,7,321.85,771.16,85.43,234.75,1,-1,-1,-1
45,7,344.57,768.22,80.23,230.81,1,-1,-1,-1
47,6,233.21,762.88,79.32,220.70,1,-1,-1,-1
46,6,235.84,766.79,77.10,223.83,1,-1,-1,-1
45,6,241.49,763.29,71.74,211.81,1,-1,-1,-1
47,5,745.63,611.35,72.32,192.85,1,-1,-1,-1
47,4,1313.60,859.41,128.84,220.59,1,-1,-1,-1
47,3,497.97,591.44,83.65,201.30,1,-1,-1,-1
47,2,1212.57,847.94,128.57,232.06,1,-1,-1,-1
47,1,1071.04,842.35,125.80,237.65,1,-1,-1,-1
48,72,609.83,587.95,77.66,206.10,1,-1,-1,-1
48,71,865.93,577.66,66.96,166.84,1,-1,-1,-1
48,70,1596.21,697.13,111.54,217.54,1,-1,-1,-1
48,69,776.31,460.14,43.42,114.25,1,-1,-1,-1
48,67,883.66,476.77,49.66,116.25,1,-1,-1,-1
48,65,1348.81,466.93,57.92,136.11,1,-1,-1,-1
48,62,1809.04,693.54,101.46,204.30,1,-1,-1,-1
48,61,1555.53,634.54,65.01,189.73,1,-1,-1,-1
48,60,1233.61,581.10,52.99,168.14,1,-1,-1,-1
48,58,1047.46,503.19,50.48,127.87,1,-1,-1,-1
48,57,1114.65,653.09,86.89,205.03,1,-1,-1,-1
48,51,1443.79,644.57,70.11,209.79,1,-1,-1,-1
48,50,1426.31,682.84,84.97,208.30,1,-1,-1,-1
48,46,904.30,477.96,38.99,99.44,1,-1,-1,-1
48,44,1047.32,571.65,65.40,186.97,1,-1,-1,-1
48,42,1259.79,673.71,80.56,211.35,1,-1,-1,-1
48,38,1619.13,633.74,66.28,185.81,1,-1,-1,-1
48,33,1687.76,659.84,86.66,199.04,1,-1,-1,-1
48,32,1506.83,639.41,76.92,207.11,1,-1,-1,-1
48,28,1147.52,562.88,54.63,143.44,1,-1,-1,-1
48,27,215.09,894.36,102.79,185.64,1,-1,-1,-1
48,25,981.43,485.36,53.85,127.09,1,-1,-1,-1
48,24,1335.50,670.27,77.91,201.39,1,-1,-1,-1
48,15,803.63,478.96,54.07,144.10,1,-1,-1,-1
48,10,331.86,811.95,92.83,254.36,1,-1,-1,-1
48,8,917.44,531.47,59.18,158.81,1,-1,-1,-1
48,7,315.38,775.26,83.65,238.39,1,-1,-1,-1
48,5,745.73,611.20,70.50,192.07,1,-1,-1,-1
48,4,1319.39,865.00,122.47,215.00,1,-1,-1,-1
48,3,497.43,591.92,83.45,200.79,1,-1,-1,-1
48,2,1208.89,850.09,127.84,229.91,1,-1,-1,-1
48,1,1069.72,843.06,124.80,236.94,1,-1,-1,-1
49,72,608.60,588.09,78.60,206.05,1,-1,-1,-1
49,70,1590.73,704.02,114.59,212.96,1,-1,-1,-1
49,69,777.39,465.08,41.56,107.94,1,-1,-1,-1
49,67,883.80,477.93,47.99,115.80,1,-1,-1,-1
49,65,1347.20,468.31,59.99,134.59,1,-1,-1,-1
49,62,1811.52,691.85,102.25,209.55,1,-1,-1,-1
49,61,1556.56,635.91,63.32,191.65,1,-1,-1,-1
49,60,1233.04,580.73,54.77,167.63,1,-1,-1,-1
49,58,1048.08,505.19,51.31,131.26,1,-1,-1,-1
49,57,1111.43,656.90,86.71,197.16,1,-1,-1,-1
49,51,1451.04,645.55,67.24,202.54,1,-1,-1,-1
49,50,1425.14,679.75,86.75,207.97,1,-1,-1,-1
49,46,905.81,477.90,38.12,99.49,1,-1,-1,-1
49,42,1255.62,673.11,80.53,218.63,1,-1,-1,-1
49,38,1619.62,635.28,66.99,189.68,1,-1,-1,-1
49,35,835.37,464.81,38.59,109.01,1,-1,-1,-1
48,35,833.83,463.83,38.69,111.19,1,-1,-1,-1
47,35,832.68,465.34,39.30,113.40,1,-1,-1,-1
49,33,1692.34,658.34,64.93,206.12,1,-1,-1,-1
49,32,1510.21,638.47,75.96,209.14,1,-1,-1,-1
49,29,1047.70,569.30,65.94,186.95,1,-1,-1,-1
48,29,1046.79,568.16,68.06,189.70,1,-1,-1,-1
47,29,1047.33,573.05,64.33,186.44,1,-1,-1,-1
49,28,1152.42,563.18,53.36,139.23,1,-1,-1,-1
49,27,216.66,892.97,104.11,187.03,1,-1,-1,-1
49,25,982.88,486.10,53.75,127.91,1,-1,-1,-1
49,24,1333.50,670.31,73.48,198.01,1,-1,-1,-1
49,16,1193.88,571.28,53.89,154.45,1,-1,-1,-1
48,16,1191.15,570.60,56.11,158.73,1,-1,-1,-1
47,16,1186.46,573.76,58.00,174.84,1,-1,-1,-1
49,15,802.55,480.42,54.59,142.24,1,-1,-1,-1
49,13,985.71,536.63,56.38,145.82,1,-1,-1,-1
48,13,985.83,534.86,56.84,154.48,1,-1,-1,-1
47,13,986.34,532.50,55.45,142.40,1,-1,-1,-1
49,11,865.84,569.86,68.39,174.96,1,-1,-1,-1
48,11,867.20,574.27,66.73,169.32,1,-1,-1,-1
47,11,867.10,568.89,66.32,175.93,1,-1,-1,-1
49,10,336.12,810.52,91.45,253.69,1,-1,-1,-1
49,8,916.68,531.65,56.70,158.03,1,-1,-1,-1
49,7,309.34,774.53,90.21,241.51,1,-1,-1,-1
49,5,743.59,610.43,68.62,192.39,1,-1,-1,-1
49,4,1318.87,865.63,121.51,214.37,1,-1,-1,-1
49,3,496.53,592.24,83.72,202.41,1,-1,-1,-1
49,2,1205.02,851.02,128.10,228.98,1,-1,-1,-1
49,1,1068.90,842.94,120.76,237.06,1,-1,-1,-1
50,75,1065.55,541.39,64.02,157.64,1,-1,-1,-1
49,75,1063.74,543.01,65.91,157.42,1,-1,-1,-1
48,75,1064.29,543.73,64.88,156.75,1,-1,-1,-1
50,72,608.56,588.86,78.68,203.35,1,-1,-1,-1
50,70,1576.59,696.55,84.32,215.80,1,-1,-1,-1
50,69,780.24,461.82,42.29,111.58,1,-1,-1,-1
50,67,884.06,478.00,48.11,115.16,1,-1,-1,-1
50,65,1345.89,467.38,60.93,137.73,1,-1,-1,-1
50,62,1824.49,685.41,94.52,212.94,1,-1,-1,-1
50,61,1561.25,636.08,59.00,192.06,1,-1,-1,-1
50,60,1234.51,582.77,52.34,161.25,1,-1,-1,-1
50,58,1049.62,506.42,49.68,130.97,1,-1,-1,-1
50,57,1106.83,655.13,89.48,197.67,1,-1,-1,-1
50,55,1129.08,590.36,74.19,186.49,1,-1,-1,-1
49,55,1128.81,588.87,74.01,186.35,1,-1,-1,-1
48,55,1132.13,587.80,73.15,188.31,1,-1,-1,-1
50,54,983.92,571.94,62.79,193.68,1,-1,-1,-1
49,54,982.58,569.03,63.06,196.69,1,-1,-1,-1
48,54,982.97,570.45,61.90,195.40,1,-1,-1,-1
50,51,1460.61,646.86,63.24,201.42,1,-1,-1,-1
50,50,1422.18,679.66,85.39,207.34,1,-1,-1,-1
50,42,1246.68,653.94,86.27,233.12,1,-1,-1,-1
50,38,1624.30,637.45,72.10,194.96,1,-1,-1,-1
50,35,834.64,461.71,39.83,113.67,1,-1,-1,-1
50,33,1693.24,660.50,85.94,209.48,1,-1,-1,-1
50,32,1518.54,639.70,67.79,209.56,1,-1,-1,-1
50,29,1047.62,574.75,63.55,179.25,1,-1,-1,-1
50,28,1158.11,563.48,49.37,137.22,1,-1,-1,-1
50,27,218.77,893.31,103.28,186.69,1,-1,-1,-1
50,25,983.58,485.95,57.17,140.89,1,-1,-1,-1
50,24,1331.62,671.25,70.94,192.68,1,-1,-1,-1
50,16,1193.18,566.89,54.31,154.52,1,-1,-1,-1
50,15,803.92,482.82,54.21,141.67,1,-1,-1,-1
50,13,987.93,533.52,54.48,138.70,1,-1,-1,-1
50,10,334.34,808.23,95.58,256.78,1,-1,-1,-1
50,8,916.34,532.77,57.49,157.19,1,-1,-1,-1
50,7,303.92,775.51,79.92,236.97,1,-1,-1,-1
50,5,741.08,609.54,67.02,192.13,1,-1,-1,-1
50,4,1321.38,866.76,119.25,213.24,1,-1,-1,-1
50,3,495.55,591.71,84.31,202.74,1,-1,-1,-1
50,2,1201.81,851.62,130.63,228.38,1,-1,-1,-1
50,1,1067.95,843.30,120.11,236.70,1,-1,-1,-1
51,81,948.32,488.02,39.00,107.03,1,-1,-1,-1
50,81,944.72,486.95,39.55,111.18,1,-1,-1,-1
49,81,943.38,482.58,40.08,113.17,1,-1,-1,-1
51,75,1070.60,540.24,61.03,157.44,1,-1,-1,-1
51,72,608.32,589.30,77.89,203.37,1,-1,-1,-1
51,69,781.72,463.34,40.30,110.04,1,-1,-1,-1
51,67,885.13,480.91,46.57,117.67,1,-1,-1,-1
51,65,1351.08,468.17,55.35,133.30,1,-1,-1,-1
51,64,753.80,462.47,39.92,113.51,1,-1,-1,-1
50,64,751.89,463.21,40.91,112.09,1,-1,-1,-1
49,64,754.90,465.38,36.79,103.50,1,-1,-1,-1
51,62,1834.00,684.18,85.23,210.97,1,-1,-1,-1
51,61,1558.87,638.95,62.37,196.79,1,-1,-1,-1
51,60,1231.37,583.05,54.60,175.45,1,-1,-1,-1
51,58,1051.32,505.10,50.90,133.10,1,-1,-1,-1
51,57,1104.36,657.35,82.51,197.63,1,-1,-1,-1
51,55,1132.58,585.48,74.82,189.87,1,-1,-1,-1
51,54,983.69,572.12,64.01,192.90,1,-1,-1,-1
51,51,1463.99,644.64,63.71,207.50,1,-1,-1,-1
51,50,1417.81,677.43,83.01,207.72,1,-1,-1,-1
51,42,1242.90,661.74,88.87,226.21,1,-1,-1,-1
51,38,1627.52,636.92,73.75,207.82,1,-1,-1,-1
51,35,835.36,464.09,39.16,112.00,1,-1,-1,-1
51,33,1703.03,667.13,70.85,197.32,1,-1,-1,-1
51,32,1521.71,638.29,71.99,224.60,1,-1,-1,-1
51,27,220.09,892.02,104.87,187.98,1,-1,-1,-1
51,25,988.31,486.96,52.11,125.81,1,-1,-1,-1
51,24,1327.84,665.51,69.83,199.99,1,-1,-1,-1
51,20,1657.40,695.65,91.89,195.97,1,-1,-1,-1
50,20,1654.90,696.62,74.41,187.70,1,-1,-1,-1
49,20,1647.88,694.53,66.32,196.86,1,-1,-1,-1
51,16,1197.17,574.54,52.71,170.85,1,-1,-1,-1
51,15,805.11,485.60,53.78,138.31,1,-1,-1,-1
51,13,987.99,536.84,55.12,141.59,1,-1,-1,-1
51,10,334.53,808.20,96.92,256.38,1,-1,-1,-1
51,8,917.04,534.45,58.06,155.90,1,-1,-1,-1
51,7,298.31,773.74,71.28,198.55,1,-1,-1,-1
51,6,221.12,789.60,69.51,231.57,1,-1,-1,-1
50,6,220.37,763.13,73.71,229.82,1,-1,-1,-1
49,6,222.16,762.04,81.78,248.05,1,-1,-1,-1
51,5,740.43,609.34,64.04,192.73,1,-1,-1,-1
51,4,1323.97,867.72,114.73,212.28,1,-1,-1,-1
51,3,493.32,590.32,85.15,205.59,1,-1,-1,-1
51,2,1197.76,852.35,133.55,227.65,1,-1,-1,-1
51,1,1067.80,841.50,117.94,238.50,1,-1,-1,-1
52,81,946.89,488.97,40.30,107.03,1,-1,-1,-1
52,75,1072.89,540.36,58.64,158.24,1,-1,-1,-1
52,72,607.85,590.76,76.29,200.87,1,-1,-1,-1
52,71,870.31,579.02,67.59,171.54,1,-1,-1,-1
51,71,867.57,579.10,69.45,170.87,1,-1,-1,-1
50,71,867.17,578.65,67.67,169.34,1,-1,-1,-1
52,69,784.15,461.87,41.90,111.97,1,-1,-1,-1
52,67,885.61,479.39,47.02,119.12,1,-1,-1,-1
52,65,1351.52,468.54,54.52,130.72,1,-1,-1,-1
52,64,755.16,464.14,40.18,113.00,1,-1,-1,-1
52,62,1833.98,682.71,85.53,210.09,1,-1,-1,-1
52,61,1558.65,638.41,65.70,209.96,1,-1,-1,-1
52,60,1232.29,582.65,54.20,170.19,1,-1,-1,-1
52,58,1051.16,503.85,51.31,133.03,1,-1,-1,-1
52,57,1099.34,665.50,88.39,192.91,1,-1,-1,-1
52,55,1132.01,586.64,75.77,185.33,1,-1,-1,-1
52,54,983.90,575.56,64.85,189.46,1,-1,-1,-1
52,51,1465.30,647.89,66.80,206.39,1,-1,-1,-1
52,50,1417.53,675.47,74.68,209.89,1,-1,-1,-1
52,42,1236.43,652.65,93.22,233.91,1,-1,-1,-1
52,38,1629.57,636.25,75.13,214.93,1,-1,-1,-1
52,35,835.73,462.25,40.14,112.85,1,-1,-1,-1
52,33,1710.04,668.76,70.66,186.69,1,-1,-1,-1
52,32,1526.85,641.49,63.98,210.22,1,-1,-1,-1
52,30,1580.96,697.45,103.05,231.52,1,-1,-1,-1
51,30,1582.25,697.04,110.47,220.65,1,-1,-1,-1
50,30,1592.85,696.86,107.38,218.42,1,-1,-1,-1
52,27,221.28,888.37,104.81,191.63,1,-1,-1,-1
52,25,987.54,486.94,52.30,124.59,1,-1,-1,-1
52,24,1322.74,667.06,66.83,196.52,1,-1,-1,-1
52,20,1648.80,689.96,109.92,197.49,1,-1,-1,-1
52,16,1198.96,575.43,53.29,162.91,1,-1,-1,-1
52,15,804.68,487.14,54.77,137.63,1,-1,-1,-1
52,13,988.39,532.84,55.83,148.10,1,-1,-1,-1
52,10,338.26,806.37,93.75,258.14,1,-1,-1,-1
52,8,916.56,534.56,58.63,154.57,1,-1,-1,-1
52,6,217.01,780.48,73.56,244.85,1,-1,-1,-1
52,5,738.08,609.70,62.49,190.52,1,-1,-1,-1
52,4,1324.41,868.14,113.64,211.86,1,-1,-1,-1
52,3,490.95,590.80,87.02,203.91,1,-1,-1,-1
52,2,1193.39,855.73,136.80,224.27,1,-1,-1,-1
52,1,1065.71,845.24,119.05,234.76,1,-1,-1,-1
53,81,948.80,489.36,40.08,107.66,1,-1,-1,-1
53,75,1073.83,540.12,55.84,161.71,1,-1,-1,-1
53,72,607.11,592.04,75.06,197.75,1,-1,-1,-1
53,71,869.20,580.53,69.14,167.52,1,-1,-1,-1
53,69,780.40,469.66,37.20,104.71,1,-1,-1,-1
53,67,886.21,478.69,54.26,119.39,1,-1,-1,-1
53,65,1347.30,468.20,58.66,132.53,1,-1,-1,-1
53,64,733.32,446.71,40.70,118.16,1,-1,-1,-1
53,62,1844.11,685.47,75.58,204.34,1,-1,-1,-1
53,61,1560.63,642.40,67.01,203.07,1,-1,-1,-1
53,60,1225.36,583.37,57.64,175.22,1,-1,-1,-1
53,58,1050.82,504.79,51.28,132.86,1,-1,-1,-1
53,57,1098.09,667.45,84.46,192.85,1,-1,-1,-1
53,55,1131.22,587.54,74.98,188.79,1,-1,-1,-1
53,54,984.45,576.78,66.23,189.81,1,-1,-1,-1
53,51,1469.32,651.81,69.94,220.48,1,-1,-1,-1
53,50,1418.43,675.03,71.92,211.26,1,-1,-1,-1
53,44,1047.30,574.55,61.33,178.99,1,-1,-1,-1
52,44,1048.68,571.10,65.67,184.78,1,-1,-1,-1
51,44,1047.75,572.57,63.81,180.75,1,-1,-1,-1
53,42,1236.88,660.88,84.68,216.80,1,-1,-1,-1
53,38,1629.32,636.70,73.24,204.86,1,-1,-1,-1
53,35,835.74,462.10,40.35,112.21,1,-1,-1,-1
53,33,1712.90,671.34,77.37,199.40,1,-1,-1,-1
53,32,1527.71,641.65,67.22,209.04,1,-1,-1,-1
53,30,1570.71,702.76,103.29,211.12,1,-1,-1,-1
53,27,221.21,886.25,106.19,193.75,1,-1,-1,-1
53,25,989.10,486.44,52.13,124.97,1,-1,-1,-1
53,24,1318.52,672.66,65.78,192.44,1,-1,-1,-1
53,20,1642.44,696.59,127.06,189.04,1,-1,-1,-1
53,16,1202.70,583.68,57.90,179.66,1,-1,-1,-1
53,15,805.27,489.29,54.13,136.70,1,-1,-1,-1
53,13,989.73,531.60,55.26,149.49,1,-1,-1,-1
53,10,338.37,806.79,94.70,257.24,1,-1,-1,-1
53,8,917.72,535.09,57.39,155.23,1,-1,-1,-1
53,6,211.87,792.86,81.76,253.76,1,-1,-1,-1
53,5,735.41,611.53,61.59,191.13,1,-1,-1,-1
53,4,1322.76,868.47,114.55,211.53,1,-1,-1,-1
53,3,488.68,589.08,87.65,202.74,1,-1,-1,-1
53,2,1189.31,859.92,139.84,220.08,1,-1,-1,-1
53,1,1064.89,845.75,120.24,234.25,1,-1,-1,-1
54,81,948.44,489.66,40.22,106.23,1,-1,-1,-1
54,75,1076.61,539.08,52.66,158.48,1,-1,-1,-1
54,72,605.20,592.06,77.03,199.11,1,-1,-1,-1
54,71,868.92,577.36,70.03,171.68,1,-1,-1,-1
54,69,780.24,470.17,38.38,104.51,1,-1,-1,-1
54,67,885.88,478.02,54.48,121.70,1,-1,-1,-1
54,64,733.56,443.26,42.02,122.36,1,-1,-1,-1
54,62,1848.18,680.36,71.50,210.98,1,-1,-1,-1
54,61,1561.36,646.60,63.92,189.01,1,-1,-1,-1
54,60,1221.01,583.58,59.28,177.12,1,-1,-1,-1
54,58,1050.59,506.23,50.09,130.92,1,-1,-1,-1
54,57,1095.56,664.17,83.65,197.81,1,-1,-1,-1
54,54,984.22,578.25,64.98,189.04,1,-1,-1,-1
54,51,1469.86,653.06,68.52,208.07,1,-1,-1,-1
54,50,1414.16,671.65,71.85,212.81,1,-1,-1,-1
54,44,1046.19,575.80,62.75,177.95,1,-1,-1,-1
54,42,1229.96,672.19,84.57,210.58,1,-1,-1,-1
54,35,835.91,462.37,40.52,114.98,1,-1,-1,-1
54,33,1713.25,670.20,85.69,204.23,1,-1,-1,-1
54,32,1530.07,642.51,70.04,209.07,1,-1,-1,-1
54,31,1203.93,560.09,50.74,156.70,1,-1,-1,-1
53,31,1202.51,562.82,52.14,156.98,1,-1,-1,-1
52,31,1200.11,561.87,51.45,154.75,1,-1,-1,-1
54,30,1570.40,710.02,83.08,202.46,1,-1,-1,-1
54,28,1173.45,567.24,50.72,161.04,1,-1,-1,-1
53,28,1169.60,567.15,50.68,157.23,1,-1,-1,-1
52,28,1167.36,564.56,50.67,156.70,1,-1,-1,-1
54,27,221.63,883.47,107.90,196.53,1,-1,-1,-1
54,25,987.25,485.50,55.30,128.22,1,-1,-1,-1
54,24,1304.67,675.49,75.88,191.66,1,-1,-1,-1
54,20,1640.95,662.60,132.66,222.97,1,-1,-1,-1
54,16,1204.90,585.30,63.02,187.22,1,-1,-1,-1
54,15,804.56,489.44,53.62,136.77,1,-1,-1,-1
54,13,991.30,534.09,53.75,142.24,1,-1,-1,-1
54,10,336.98,804.89,96.88,257.28,1,-1,-1,-1
54,8,916.74,534.73,57.35,153.39,1,-1,-1,-1
54,6,209.51,791.10,81.21,249.64,1,-1,-1,-1
54,5,731.08,610.42,61.16,192.00,1,-1,-1,-1
54,4,1324.74,869.05,110.92,210.95,1,-1,-1,-1
54,3,485.05,585.32,86.86,205.17,1,-1,-1,-1
54,2,1185.34,865.33,143.19,214.67,1,-1,-1,-1
54,1,1062.30,847.31,120.57,232.69,1,-1,-1,-1
55,81,950.84,490.87,39.67,103.92,1,-1,-1,-1
55,78,256.59,777.70,82.78,268.86,1,-1,-1,-1
54,78,259.37,784.92,82.67,254.17,1,-1,-1,-1
53,78,257.29,789.13,83.74,247.14,1,-1,-1,-1
55,75,1077.89,543.19,55.09,167.21,1,-1,-1,-1
55,72,603.03,588.86,78.68,202.73,1,-1,-1,-1
55,71,872.77,578.76,67.39,170.83,1,-1,-1,-1
55,69,786.55,466.70,40.21,106.65,1,-1,-1,-1
55,67,887.60,477.01,54.93,121.75,1,-1,-1,-1
55,64,734.00,444.84,40.19,117.71,1,-1,-1,-1
55,62,1858.05,656.53,61.95,423.47,1,-1,-1,-1
55,61,1562.38,645.16,64.68,191.40,1,-1,-1,-1
55,60,1219.86,584.57,60.01,178.85,1,-1,-1,-1
55,58,1050.67,509.95,48.69,127.09,1,-1,-1,-1
55,57,1092.78,665.72,83.97,198.15,1,-1,-1,-1
55,54,985.48,578.47,63.70,189.93,1,-1,-1,-1
55,51,1475.19,657.21,68.57,194.20,1,-1,-1,-1
55,50,1409.69,671.97,77.62,211.95,1,-1,-1,-1
55,49,1130.43,588.08,71.23,192.42,1,-1,-1,-1
54,49,1130.68,587.07,71.79,189.46,1,-1,-1,-1
53,49,1131.73,585.87,78.03,191.50,1,-1,-1,-1
55,44,1046.29,576.04,61.52,178.16,1,-1,-1,-1
55,42,1225.18,672.36,82.72,212.37,1,-1,-1,-1
55,35,836.41,465.42,41.35,112.88,1,-1,-1,-1
55,33,1715.67,667.92,84.59,213.52,1,-1,-1,-1
55,32,1529.65,642.62,73.87,209.39,1,-1,-1,-1
55,31,1202.00,561.21,51.64,160.09,1,-1,-1,-1
55,30,1557.01,724.20,84.26,187.94,1,-1,-1,-1
55,28,1175.39,568.32,52.30,163.32,1,-1,-1,-1
55,27,222.35,879.72,108.15,200.28,1,-1,-1,-1
55,25,989.78,485.77,55.13,126.13,1,-1,-1,-1
55,24,1300.04,671.82,78.34,196.00,1,-1,-1,-1
55,20,1640.96,674.63,124.76,214.02,1,-1,-1,-1
55,16,1206.72,584.45,62.91,187.79,1,-1,-1,-1
55,15,805.55,488.79,54.42,137.64,1,-1,-1,-1
55,13,992.88,534.59,52.88,141.95,1,-1,-1,-1
55,10,341.26,803.43,95.63,258.37,1,-1,-1,-1
55,8,917.48,535.38,56.73,156.22,1,-1,-1,-1
55,5,726.10,608.94,64.26,197.72,1,-1,-1,-1
55,4,1324.06,869.35,110.64,210.65,1,-1,-1,-1
55,3,482.90,584.84,88.81,202.79,1,-1,-1,-1
55,2,1182.19,862.05,143.76,217.95,1,-1,-1,-1
55,1,1061.47,850.84,121.18,229.16,1,-1,-1,-1
56,81,950.78,491.06,39.49,103.58,1,-1,-1,-1
56,78,241.90,774.25,93.83,270.53,1,-1,-1,-1
56,75,1080.53,537.62,55.63,164.53,1,-1,-1,-1
56,72,599.83,589.99,80.73,201.96,1,-1,-1,-1
56,71,873.94,576.92,66.40,171.82,1,-1,-1,-1
56,69,783.27,467.16,42.15,106.39,1,-1,-1,-1
56,67,888.53,475.87,53.79,121.18,1,-1,-1,-1
56,64,734.49,446.93,43.76,119.60,1,-1,-1,-1
56,61,1572.91,643.05,55.50,175.29,1,-1,-1,-1
56,60,1218.37,584.60,60.09,172.57,1,-1,-1,-1
56,58,1050.78,513.73,50.81,146.58,1,-1,-1,-1
56,57,1089.62,661.34,83.03,201.12,1,-1,-1,-1
56,54,985.38,577.86,63.00,191.43,1,-1,-1,-1
56,51,1472.13,658.98,81.67,222.64,1,-1,-1,-1
56,50,1401.26,671.12,79.95,212.77,1,-1,-1,-1
56,49,1128.39,585.19,74.13,193.95,1,-1,-1,-1
56,44,1044.98,575.61,61.87,180.04,1,-1,-1,-1
56,42,1215.96,667.62,85.56,217.09,1,-1,-1,-1
56,35,837.38,465.43,40.58,110.70,1,-1,-1,-1
56,33,1731.17,668.35,67.02,208.82,1,-1,-1,-1
56,32,1529.58,641.77,77.67,203.82,1,-1,-1,-1
56,31,1202.17,559.36,52.92,153.36,1,-1,-1,-1
56,30,1554.71,726.17,82.83,189.29,1,-1,-1,-1
56,28,1174.31,571.14,55.46,166.88,1,-1,-1,-1
56,27,223.91,880.49,105.47,199.51,1,-1,-1,-1
56,25,990.26,487.10,57.00,136.11,1,-1,-1,-1
56,24,1297.04,677.46,78.15,186.42,1,-1,-1,-1
56,20,1651.58,686.51,120.88,201.52,1,-1,-1,-1
56,15,805.17,488.09,54.88,138.83,1,-1,-1,-1
56,13,992.39,528.97,53.49,149.33,1,-1,-1,-1
56,10,342.08,800.00,95.86,259.44,1,-1,-1,-1
56,8,916.90,536.48,57.58,154.11,1,-1,-1,-1
56,5,723.99,609.13,63.71,194.91,1,-1,-1,-1
56,4,1323.67,870.59,110.68,209.41,1,-1,-1,-1
56,3,479.24,583.40,90.87,200.49,1,-1,-1,-1
56,2,1179.27,871.42,144.50,208.58,1,-1,-1,-1
56,1,1058.67,855.83,120.59,224.17,1,-1,-1,-1
57,81,952.89,490.85,38.50,102.21,1,-1,-1,-1
57,78,238.86,772.33,100.38,288.35,1,-1,-1,-1
57,75,1081.51,537.48,54.75,160.69,1,-1,-1,-1
57,72,597.61,589.39,83.52,201.61,1,-1,-1,-1
57,71,876.43,579.35,65.80,172.74,1,-1,-1,-1
57,69,782.66,465.78,42.77,107.19,1,-1,-1,-1
57,67,889.49,475.06,51.54,120.41,1,-1,-1,-1
57,64,733.71,446.69,44.89,123.37,1,-1,-1,-1
57,61,1580.07,643.86,56.55,169.59,1,-1,-1,-1
57,60,1215.01,580.36,61.02,169.50,1,-1,-1,-1
57,58,1050.67,514.74,50.78,145.57,1,-1,-1,-1
57,57,1086.65,656.69,81.54,207.06,1,-1,-1,-1
57,51,1471.87,660.54,81.47,220.74,1,-1,-1,-1
57,50,1395.74,671.97,84.78,212.23,1,-1,-1,-1
57,49,1129.39,584.96,71.73,196.20,1,-1,-1,-1
57,44,1046.27,572.84,59.05,183.86,1,-1,-1,-1
57,42,1204.59,672.55,95.36,212.40,1,-1,-1,-1
57,35,835.49,459.55,42.63,117.63,1,-1,-1,-1
57,33,1739.20,669.94,64.95,200.64,1,-1,-1,-1
57,32,1534.25,643.39,71.46,195.82,1,-1,-1,-1
57,30,1553.59,723.89,77.60,190.87,1,-1,-1,-1
57,28,1176.51,569.93,59.29,180.11,1,-1,-1,-1
57,27,227.89,875.82,103.72,204.18,1,-1,-1,-1
57,25,990.09,488.43,56.06,134.26,1,-1,-1,-1
57,24,1295.65,678.69,76.32,184.71,1,-1,-1,-1
57,20,1660.42,693.30,110.56,195.68,1,-1,-1,-1
57,15,804.99,487.65,55.08,139.73,1,-1,-1,-1
57,10,346.42,800.06,95.37,256.74,1,-1,-1,-1
57,8,915.64,536.30,58.88,160.62,1,-1,-1,-1
57,5,718.51,608.39,67.63,195.91,1,-1,-1,-1
57,4,1323.43,870.20,110.99,209.80,1,-1,-1,-1
57,3,476.17,582.09,91.49,201.08,1,-1,-1,-1
57,2,1177.03,871.82,144.65,208.18,1,-1,-1,-1
57,1,1057.78,858.68,118.74,221.32,1,-1,-1,-1
58,81,953.73,491.08,38.27,102.63,1,-1,-1,-1
58,79,1632.23,638.29,76.00,201.31,1,-1,-1,-1
57,79,1630.88,635.93,74.57,202.34,1,-1,-1,-1
56,79,1630.24,636.19,71.68,200.38,1,-1,-1,-1
58,78,242.00,775.15,98.67,276.58,1,-1,-1,-1
58,75,1082.55,538.86,54.36,157.52,1,-1,-1,-1
58,72,594.80,586.88,85.80,201.36,1,-1,-1,-1
58,71,875.29,577.68,66.32,173.41,1,-1,-1,-1
58,69,782.22,465.57,42.96,107.80,1,-1,-1,-1
58,67,889.61,474.47,50.50,119.69,1,-1,-1,-1
58,64,734.16,448.74,45.70,119.38,1,-1,-1,-1
58,61,1578.95,644.24,63.11,187.30,1,-1,-1,-1
58,60,1219.99,582.28,57.12,163.48,1,-1,-1,-1
58,58,1048.38,512.11,48.73,125.07,1,-1,-1,-1
58,57,1082.30,659.36,77.32,191.47,1,-1,-1,-1
58,51,1473.54,663.63,76.80,216.28,1,-1,-1,-1
58,50,1395.14,673.81,85.40,209.30,1,-1,-1,-1
58,49,1126.88,583.41,75.76,198.85,1,-1,-1,-1
58,44,1043.84,575.17,60.32,183.68,1,-1,-1,-1
58,42,1196.70,671.74,101.10,213.83,1,-1,-1,-1
58,35,835.98,462.13,42.10,114.78,1,-1,-1,-1
58,33,1741.64,668.61,63.05,208.03,1,-1,-1,-1
58,32,1537.10,645.32,69.40,207.63,1,-1,-1,-1
58,30,1545.02,696.54,91.15,216.45,1,-1,-1,-1
58,28,1175.66,567.84,63.40,186.97,1,-1,-1,-1
58,27,228.70,871.45,103.31,208.55,1,-1,-1,-1
58,25,990.36,489.23,55.91,134.36,1,-1,-1,-1
58,24,1291.67,680.35,71.28,180.98,1,-1,-1,-1
58,20,1674.45,676.19,96.45,213.02,1,-1,-1,-1
58,15,804.73,487.23,55.46,140.88,1,-1,-1,-1
58,10,350.55,799.85,91.39,255.60,1,-1,-1,-1
58,8,916.05,538.30,58.45,159.33,1,-1,-1,-1
58,6,189.65,769.10,71.08,208.36,1,-1,-1,-1
57,6,194.02,767.82,68.57,209.60,1,-1,-1,-1
56,6,199.96,766.23,65.64,215.65,1,-1,-1,-1
58,5,708.25,607.95,74.82,195.52,1,-1,-1,-1
58,4,1320.47,873.49,113.61,206.51,1,-1,-1,-1
58,3,474.76,581.32,91.67,201.48,1,-1,-1,-1
58,2,1174.49,869.84,145.60,210.16,1,-1,-1,-1
58,1,1055.71,860.13,120.41,219.87,1,-1,-1,-1
59,81,954.80,489.24,38.17,103.65,1,-1,-1,-1
59,79,1634.57,639.68,75.71,202.19,1,-1,-1,-1
59,78,255.36,782.27,90.03,252.51,1,-1,-1,-1
59,75,1086.46,537.49,51.97,151.50,1,-1,-1,-1
59,72,591.95,587.45,84.71,198.41,1,-1,-1,-1
59,71,875.16,576.93,68.63,176.29,1,-1,-1,-1
59,69,781.50,464.07,42.70,109.94,1,-1,-1,-1
59,67,889.58,475.86,52.98,121.31,1,-1,-1,-1
59,64,738.47,443.45,46.05,119.34,1,-1,-1,-1
59,61,1575.43,644.30,63.08,191.34,1,-1,-1,-1
59,60,1218.98,576.97,58.25,171.98,1,-1,-1,-1
59,58,1047.66,510.89,53.62,150.66,1,-1,-1,-1
59,57,1078.73,658.27,73.46,199.00,1,-1,-1,-1
59,51,1484.22,661.47,79.51,223.97,1,-1,-1,-1
59,50,1393.96,674.02,83.44,210.30,1,-1,-1,-1
59,49,1126.85,582.41,73.25,195.90,1,-1,-1,-1
59,44,1043.44,576.30,59.76,182.10,1,-1,-1,-1
59,42,1188.24,650.30,106.16,233.14,1,-1,-1,-1
59,35,832.44,457.12,44.18,120.94,1,-1,-1,-1
59,33,1746.87,665.70,63.46,211.08,1,-1,-1,-1
59,32,1540.90,641.92,70.40,212.63,1,-1,-1,-1
59,30,1558.42,690.57,82.54,222.96,1,-1,-1,-1
59,28,1178.02,565.27,65.84,194.56,1,-1,-1,-1
59,27,229.76,880.31,104.07,199.69,1,-1,-1,-1
59,25,987.11,490.17,58.80,135.77,1,-1,-1,-1
59,24,1281.62,676.89,74.84,183.43,1,-1,-1,-1
59,20,1698.54,664.91,106.54,229.41,1,-1,-1,-1
59,15,804.55,482.66,55.04,145.10,1,-1,-1,-1
59,10,351.65,799.63,92.04,253.47,1,-1,-1,-1
59,8,912.61,539.39,61.53,160.24,1,-1,-1,-1
59,6,181.81,767.42,76.92,211.49,1,-1,-1,-1
59,5,694.30,608.19,86.62,195.14,1,-1,-1,-1
59,4,1320.00,876.29,112.10,203.71,1,-1,-1,-1
59,3,470.84,580.92,93.90,203.24,1,-1,-1,-1
59,2,1170.59,871.47,149.47,208.53,1,-1,-1,-1
59,1,1053.87,865.01,120.71,214.99,1,-1,-1,-1
60,81,950.96,490.82,40.57,107.56,1,-1,-1,-1
60,79,1635.95,641.20,73.86,202.45,1,-1,-1,-1
60,78,264.66,785.48,87.37,240.15,1,-1,-1,-1
60,75,1088.01,540.44,53.00,154.29,1,-1,-1,-1
60,72,590.31,586.93,85.81,195.05,1,-1,-1,-1
60,71,876.02,576.70,70.05,179.66,1,-1,-1,-1
60,69,782.28,464.38,43.74,109.61,1,-1,-1,-1
60,67,889.95,474.68,53.61,122.61,1,-1,-1,-1
60,64,736.74,440.55,47.99,124.47,1,-1,-1,-1
60,61,1577.26,645.54,59.47,184.72,1,-1,-1,-1
60,60,1218.68,576.99,58.44,174.49,1,-1,-1,-1
60,58,1048.47,510.52,50.73,128.53,1,-1,-1,-1
60,57,1078.89,650.02,69.24,214.73,1,-1,-1,-1
60,50,1394.41,677.43,82.36,205.66,1,-1,-1,-1
60,49,1127.69,582.91,70.62,194.87,1,-1,-1,-1
60,45,1467.46,741.23,65.54,147.65,1,-1,-1,-1
59,45,1467.20,738.39,62.15,144.86,1,-1,-1,-1
58,45,1469.91,734.20,65.52,146.03,1,-1,-1,-1
60,44,1043.82,575.60,59.11,181.36,1,-1,-1,-1
60,42,1190.24,648.52,100.28,233.54,1,-1,-1,-1
60,35,835.01,457.96,42.97,119.35,1,-1,-1,-1
60,33,1754.58,665.66,60.47,211.14,1,-1,-1,-1
60,32,1547.35,643.52,66.06,208.00,1,-1,-1,-1
60,30,1551.17,691.74,82.66,217.10,1,-1,-1,-1
60,28,1183.42,566.44,64.34,182.11,1,-1,-1,-1
60,27,231.64,878.86,104.38,201.14,1,-1,-1,-1
60,25,988.09,491.78,58.05,133.54,1,-1,-1,-1
60,24,1279.57,674.28,69.09,188.29,1,-1,-1,-1
60,20,1692.85,661.83,117.10,233.00,1,-1,-1,-1
60,15,805.14,482.56,54.25,145.63,1,-1,-1,-1
60,10,352.69,799.37,90.61,252.49,1,-1,-1,-1
60,8,912.92,538.86,59.78,158.99,1,-1,-1,-1
60,6,181.11,766.02,75.85,215.57,1,-1,-1,-1
60,5,693.02,607.92,86.35,194.18,1,-1,-1,-1
60,4,1319.06,879.49,110.71,200.51,1,-1,-1,-1
60,3,470.14,579.71,93.84,204.57,1,-1,-1,-1
60,2,1169.67,873.13,149.89,206.87,1,-1,-1,-1
60,1,1053.12,867.34,119.25,212.66,1,-1,-1,-1
61,81,951.51,494.34,41.76,107.96,1,-1,-1,-1
61,79,1636.29,642.64,74.80,203.69,1,-1,-1,-1
61,78,265.01,784.87,94.34,243.41,1,-1,-1,-1
61,75,1090.02,544.02,53.99,162.47,1,-1,-1,-1
61,72,588.91,585.94,84.48,195.46,1,-1,-1,-1
61,71,876.41,576.25,67.97,181.57,1,-1,-1,-1
61,69,782.47,466.51,42.04,107.18,1,-1,-1,-1
61,67,890.69,477.00,51.40,119.24,1,-1,-1,-1
61,61,1577.41,647.36,58.75,183.77,1,-1,-1,-1
61,60,1217.98,576.87,59.37,178.33,1,-1,-1,-1
61,58,1051.94,512.17,52.80,128.94,1,-1,-1,-1
61,57,1075.37,636.46,71.38,208.83,1,-1,-1,-1
61,54,988.23,572.93,63.54,199.36,1,-1,-1,-1
60,54,987.79,571.26,62.43,200.30,1,-1,-1,-1
59,54,986.51,571.38,63.43,200.52,1,-1,-1,-1
61,50,1392.19,673.05,82.79,204.60,1,-1,-1,-1
61,49,1127.59,583.74,67.86,202.74,1,-1,-1,-1
61,45,1467.26,742.55,64.93,141.72,1,-1,-1,-1
61,44,1043.30,576.97,57.81,179.15,1,-1,-1,-1
61,42,1190.25,659.20,99.60,221.78,1,-1,-1,-1
61,33,1763.11,669.41,61.61,207.24,1,-1,-1,-1
61,32,1553.53,647.52,71.01,209.36,1,-1,-1,-1
61,28,1185.69,566.20,63.67,180.27,1,-1,-1,-1
61,27,234.13,879.09,104.52,200.91,1,-1,-1,-1
61,25,987.83,491.34,58.37,133.75,1,-1,-1,-1
61,24,1269.66,668.01,72.87,192.60,1,-1,-1,-1
61,20,1700.98,685.21,103.41,207.39,1,-1,-1,-1
61,15,803.90,484.92,55.35,144.69,1,-1,-1,-1
61,14,1505.86,693.85,117.24,216.89,1,-1,-1,-1
60,14,1509.74,721.08,105.49,188.69,1,-1,-1,-1
59,14,1510.15,729.09,104.15,183.78,1,-1,-1,-1
61,10,353.15,799.24,91.63,251.29,1,-1,-1,-1
61,8,912.38,538.21,59.61,165.27,1,-1,-1,-1
61,7,229.05,774.30,83.66,244.38,1,-1,-1,-1
60,7,243.59,771.44,67.92,214.72,1,-1,-1,-1
59,7,247.97,770.92,70.47,221.93,1,-1,-1,-1
61,6,180.45,765.38,69.77,213.82,1,-1,-1,-1
61,5,691.00,606.97,86.80,194.92,1,-1,-1,-1
61,4,1319.57,884.12,107.56,195.88,1,-1,-1,-1
61,3,469.15,579.58,94.15,205.21,1,-1,-1,-1
61,2,1168.85,874.38,149.63,205.62,1,-1,-1,-1
61,1,1050.85,869.61,112.93,210.39,1,-1,-1,-1
62,81,948.28,494.73,40.85,105.40,1,-1,-1,-1
62,79,1636.05,644.96,76.48,204.25,1,-1,-1,-1
62,78,257.60,786.22,99.81,239.11,1,-1,-1,-1
62,75,1091.19,545.92,53.98,169.31,1,-1,-1,-1
62,72,587.27,587.31,85.29,193.07,1,-1,-1,-1
62,71,868.43,565.64,55.28,144.08,1,-1,-1,-1
62,69,782.33,468.31,41.37,105.72,1,-1,-1,-1
62,67,891.42,477.72,51.76,121.29,1,-1,-1,-1
62,61,1577.18,647.27,59.04,179.99,1,-1,-1,-1
62,60,1217.24,577.56,60.69,184.06,1,-1,-1,-1
62,58,1049.71,508.66,57.17,151.42,1,-1,-1,-1
62,57,1072.35,621.61,71.18,222.75,1,-1,-1,-1
62,54,988.57,573.00,63.67,198.87,1,-1,-1,-1
62,50,1391.46,671.15,80.24,204.44,1,-1,-1,-1
62,49,1128.40,584.04,66.98,197.31,1,-1,-1,-1
62,45,1464.59,741.97,67.15,148.94,1,-1,-1,-1
62,44,1041.94,574.99,57.66,183.10,1,-1,-1,-1
62,42,1185.64,660.16,100.54,220.19,1,-1,-1,-1
62,33,1766.75,669.95,63.23,209.02,1,-1,-1,-1
62,32,1554.86,647.24,68.31,207.26,1,-1,-1,-1
62,28,1184.27,562.94,71.15,200.66,1,-1,-1,-1
62,27,236.71,877.80,104.92,202.20,1,-1,-1,-1
62,25,987.65,491.52,59.52,136.72,1,-1,-1,-1
62,24,1268.17,671.64,68.89,194.02,1,-1,-1,-1
62,20,1759.80,669.37,71.73,218.47,1,-1,-1,-1
62,15,803.85,486.72,55.21,144.20,1,-1,-1,-1
62,14,1497.29,689.65,123.53,220.61,1,-1,-1,-1
62,11,881.75,589.49,61.61,165.51,1,-1,-1,-1
61,11,879.37,582.93,64.26,171.68,1,-1,-1,-1
60,11,878.15,580.92,66.70,171.63,1,-1,-1,-1
62,10,355.99,797.84,89.79,252.32,1,-1,-1,-1
62,8,911.41,538.75,61.12,165.45,1,-1,-1,-1
62,6,179.73,764.51,65.89,214.62,1,-1,-1,-1
62,5,688.38,608.96,89.32,194.36,1,-1,-1,-1
62,4,1315.65,886.54,108.95,193.46,1,-1,-1,-1
62,3,467.73,579.81,94.66,206.08,1,-1,-1,-1
62,2,1168.88,875.59,146.16,204.41,1,-1,-1,-1
62,1,1047.66,870.72,113.67,209.28,1,-1,-1,-1
63,82,1724.59,683.01,97.34,212.03,1,-1,-1,-1
62,82,1723.38,678.53,81.81,216.06,1,-1,-1,-1
61,82,1697.35,692.44,85.40,192.63,1,-1,-1,-1
63,81,959.73,491.03,36.89,101.61,1,-1,-1,-1
63,79,1637.86,646.56,76.71,205.63,1,-1,-1,-1
63,78,257.10,787.25,101.51,242.58,1,-1,-1,-1
63,75,1094.98,548.84,53.32,165.59,1,-1,-1,-1
63,72,586.92,587.11,83.71,194.54,1,-1,-1,-1
63,71,868.05,566.61,52.17,137.09,1,-1,-1,-1
63,69,780.55,476.56,42.30,103.46,1,-1,-1,-1
63,67,893.36,479.18,54.09,121.62,1,-1,-1,-1
63,65,1343.83,468.62,59.82,131.79,1,-1,-1,-1
62,65,1344.34,469.68,58.85,130.25,1,-1,-1,-1
61,65,1345.49,467.99,58.86,131.32,1,-1,-1,-1
63,61,1575.36,645.79,63.56,186.40,1,-1,-1,-1
63,58,1050.88,507.99,55.03,134.34,1,-1,-1,-1
63,57,1068.42,611.32,72.11,237.77,1,-1,-1,-1
63,54,990.90,575.62,62.02,196.26,1,-1,-1,-1
63,51,1513.55,660.60,68.13,206.16,1,-1,-1,-1
62,51,1510.82,657.36,65.64,201.57,1,-1,-1,-1
61,51,1503.57,658.81,69.74,206.89,1,-1,-1,-1
63,50,1390.16,671.40,80.33,201.35,1,-1,-1,-1
63,49,1130.21,585.38,65.71,194.72,1,-1,-1,-1
63,45,1461.78,742.61,60.14,140.95,1,-1,-1,-1
63,44,1042.60,577.59,56.76,181.97,1,-1,-1,-1
63,42,1185.56,656.19,96.13,226.22,1,-1,-1,-1
63,34,1456.40,497.63,40.68,109.94,1,-1,-1,-1
62,34,1457.31,496.02,40.59,111.95,1,-1,-1,-1
61,34,1457.46,496.08,40.17,110.23,1,-1,-1,-1
63,33,1766.50,672.31,67.42,210.09,1,-1,-1,-1
63,28,1187.10,565.96,72.00,194.46,1,-1,-1,-1
63,27,239.09,875.37,104.61,204.63,1,-1,-1,-1
63,25,989.93,492.03,57.94,135.31,1,-1,-1,-1
63,24,1264.72,671.98,67.94,188.63,1,-1,-1,-1
63,20,1749.01,670.31,84.49,219.73,1,-1,-1,-1
63,15,805.39,488.71,54.17,141.44,1,-1,-1,-1
63,14,1495.71,695.09,97.49,217.92,1,-1,-1,-1
63,11,882.47,588.31,62.87,171.00,1,-1,-1,-1
63,10,358.60,797.91,88.57,251.92,1,-1,-1,-1
63,8,912.25,540.16,60.14,161.97,1,-1,-1,-1
63,6,177.96,764.79,63.86,212.05,1,-1,-1,-1
63,5,688.03,610.63,89.49,193.49,1,-1,-1,-1
63,4,1313.72,888.87,108.99,191.13,1,-1,-1,-1
63,3,467.29,579.98,95.41,205.31,1,-1,-1,-1
63,2,1169.07,877.15,142.14,202.85,1,-1,-1,-1
63,1,1045.25,871.67,113.60,208.33,1,-1,-1,-1
64,82,1727.79,685.26,89.73,214.65,1,-1,-1,-1
64,81,958.60,490.98,38.22,100.58,1,-1,-1,-1
64,79,1637.05,647.09,77.58,206.92,1,-1,-1,-1
64,78,267.52,784.60,96.41,236.24,1,-1,-1,-1
64,75,1097.12,547.93,59.20,172.34,1,-1,-1,-1
64,72,584.97,587.05,85.88,194.16,1,-1,-1,-1
64,71,867.19,569.58,51.54,134.43,1,-1,-1,-1
64,69,783.11,477.35,42.01,99.28,1,-1,-1,-1
64,67,893.54,479.11,53.03,119.97,1,-1,-1,-1
64,61,1570.53,646.94,68.07,199.53,1,-1,-1,-1
64,58,1052.62,511.35,52.73,128.95,1,-1,-1,-1
64,57,1059.72,628.94,80.19,221.69,1,-1,-1,-1
64,54,991.81,573.97,63.22,200.14,1,-1,-1,-1
64,51,1516.45,659.71,69.47,214.89,1,-1,-1,-1
64,50,1389.15,668.59,77.88,203.43,1,-1,-1,-1
64,49,1129.70,586.07,66.67,192.26,1,-1,-1,-1
64,45,1458.69,742.55,63.06,150.81,1,-1,-1,-1
64,44,1043.44,572.70,55.51,180.39,1,-1,-1,-1
64,42,1189.23,652.60,92.65,230.27,1,-1,-1,-1
64,34,1456.09,499.26,42.17,112.96,1,-1,-1,-1
64,33,1768.29,672.47,71.86,212.98,1,-1,-1,-1
64,28,1191.88,567.32,76.58,202.04,1,-1,-1,-1
64,27,240.56,872.76,105.04,207.24,1,-1,-1,-1
64,25,990.56,492.58,56.79,131.80,1,-1,-1,-1
64,24,1259.70,668.15,70.72,190.67,1,-1,-1,-1
64,20,1737.52,668.74,99.09,233.66,1,-1,-1,-1
64,17,1260.49,666.17,70.79,191.70,1,-1,-1,-1
63,17,1265.67,672.81,68.11,188.58,1,-1,-1,-1
62,17,1266.43,671.52,69.20,185.01,1,-1,-1,-1
64,15,805.56,491.33,54.85,140.13,1,-1,-1,-1
64,14,1498.70,726.64,83.18,183.87,1,-1,-1,-1
64,11,883.50,592.82,60.02,168.47,1,-1,-1,-1
64,10,358.00,797.91,90.22,253.23,1,-1,-1,-1
64,8,912.69,540.32,60.11,162.44,1,-1,-1,-1
64,6,177.61,764.26,62.09,212.76,1,-1,-1,-1
64,5,687.91,610.27,87.13,195.42,1,-1,-1,-1
64,4,1311.57,890.83,109.06,189.17,1,-1,-1,-1
64,3,466.57,579.55,94.65,205.07,1,-1,-1,-1
64,2,1168.52,881.55,137.19,198.45,1,-1,-1,-1
64,1,1041.66,870.87,114.11,209.13,1,-1,-1,-1
65,82,1730.64,669.38,104.85,237.17,1,-1,-1,-1
65,81,958.99,495.49,39.71,100.30,1,-1,-1,-1
65,79,1638.61,647.21,78.24,207.84,1,-1,-1,-1
65,78,262.68,785.63,99.24,237.25,1,-1,-1,-1
65,75,1100.26,548.70,58.67,172.68,1,-1,-1,-1
65,72,584.83,586.27,85.41,194.27,1,-1,-1,-1
65,67,894.30,480.06,52.67,118.43,1,-1,-1,-1
65,61,1566.87,646.61,72.68,202.00,1,-1,-1,-1
65,58,1049.66,511.85,56.74,141.27,1,-1,-1,-1
65,57,1055.63,651.02,79.39,195.68,1,-1,-1,-1
65,54,991.85,574.21,64.68,200.39,1,-1,-1,-1
65,51,1521.06,657.58,63.13,194.86,1,-1,-1,-1
65,50,1387.46,668.08,77.92,203.34,1,-1,-1,-1
65,49,1131.34,587.31,64.76,191.52,1,-1,-1,-1
65,45,1457.34,743.55,60.73,139.39,1,-1,-1,-1
65,44,1042.31,575.09,57.63,175.39,1,-1,-1,-1
65,42,1186.77,672.37,94.23,212.69,1,-1,-1,-1
65,35,843.27,477.19,39.36,100.66,1,-1,-1,-1
64,35,840.72,464.20,40.71,109.31,1,-1,-1,-1
63,35,824.27,449.63,40.24,104.45,1,-1,-1,-1
65,34,1455.55,499.50,42.39,114.11,1,-1,-1,-1
65,28,1198.86,570.92,66.80,185.20,1,-1,-1,-1
65,27,246.39,870.70,101.95,209.30,1,-1,-1,-1
65,25,992.03,492.93,56.40,125.97,1,-1,-1,-1
65,24,1256.22,666.28,71.86,192.16,1,-1,-1,-1
65,15,805.87,492.72,54.93,139.10,1,-1,-1,-1
65,14,1498.62,721.77,101.31,190.68,1,-1,-1,-1
65,11,882.89,590.27,61.29,170.12,1,-1,-1,-1
65,10,358.03,798.03,91.23,252.29,1,-1,-1,-1
65,8,912.77,541.15,59.79,162.72,1,-1,-1,-1
65,6,174.70,764.66,61.72,210.88,1,-1,-1,-1
65,5,687.84,609.19,82.89,195.91,1,-1,-1,-1
65,4,1308.34,893.35,109.60,186.65,1,-1,-1,-1
65,3,466.15,579.78,94.51,204.13,1,-1,-1,-1
65,2,1167.82,887.01,134.79,192.99,1,-1,-1,-1
65,1,1039.14,870.67,113.61,209.33,1,-1,-1,-1
66,82,1730.78,667.77,122.23,242.85,1,-1,-1,-1
66,81,959.54,496.13,40.90,100.36,1,-1,-1,-1
66,79,1638.26,649.28,80.28,206.33,1,-1,-1,-1
66,78,258.41,785.87,101.64,240.94,1,-1,-1,-1
66,75,1101.59,548.22,59.31,170.52,1,-1,-1,-1
66,72,583.96,587.54,85.83,194.36,1,-1,-1,-1
66,67,895.40,479.93,54.87,121.52,1,-1,-1,-1
66,61,1568.32,646.88,73.36,199.74,1,-1,-1,-1
66,58,1050.37,513.26,55.54,139.42,1,-1,-1,-1
66,57,1051.94,653.22,81.13,191.93,1,-1,-1,-1
66,54,993.48,576.70,63.88,199.02,1,-1,-1,-1
66,51,1529.33,661.32,62.60,197.26,1,-1,-1,-1
66,50,1386.49,667.14,77.53,208.53,1,-1,-1,-1
66,49,1127.68,589.14,67.49,190.36,1,-1,-1,-1
66,45,1457.21,742.16,54.69,138.29,1,-1,-1,-1
66,44,1043.52,580.57,56.80,171.73,1,-1,-1,-1
66,42,1186.87,672.62,96.48,211.64,1,-1,-1,-1
66,35,842.13,478.09,41.66,107.74,1,-1,-1,-1
66,34,1453.66,500.44,45.00,114.62,1,-1,-1,-1
66,32,1569.41,648.10,72.74,208.53,1,-1,-1,-1
65,32,1564.36,647.76,75.11,207.67,1,-1,-1,-1
64,32,1556.76,649.02,79.93,253.54,1,-1,-1,-1
66,28,1201.57,573.30,60.88,174.84,1,-1,-1,-1
66,27,248.42,868.08,102.90,211.92,1,-1,-1,-1
66,25,992.21,492.60,57.48,130.26,1,-1,-1,-1
66,24,1247.48,670.28,72.44,185.96,1,-1,-1,-1
66,15,805.16,493.20,56.18,141.79,1,-1,-1,-1
66,14,1500.00,726.09,71.12,191.32,1,-1,-1,-1
66,11,884.77,594.48,58.20,164.49,1,-1,-1,-1
66,10,358.08,797.35,92.32,252.68,1,-1,-1,-1
66,8,913.16,540.18,59.79,162.03,1,-1,-1,-1
66,6,171.40,766.51,61.52,207.35,1,-1,-1,-1
66,5,685.80,610.56,81.56,194.65,1,-1,-1,-1
66,4,1305.52,894.68,111.03,185.32,1,-1,-1,-1
66,3,466.39,581.25,90.24,198.80,1,-1,-1,-1
66,2,1167.98,891.60,130.49,188.40,1,-1,-1,-1
66,1,1036.30,871.55,114.32,208.45,1,-1,-1,-1
67,82,1731.19,668.10,127.05,241.52,1,-1,-1,-1
67,81,959.22,494.40,41.66,100.64,1,-1,-1,-1
67,79,1641.16,648.69,76.43,206.98,1,-1,-1,-1
67,78,257.13,783.17,104.09,243.98,1,-1,-1,-1
67,75,1103.59,548.07,60.19,175.07,1,-1,-1,-1
67,72,583.01,586.94,85.19,195.22,1,-1,-1,-1
67,67,895.54,480.22,55.32,121.03,1,-1,-1,-1
67,58,1051.68,513.39,55.32,138.97,1,-1,-1,-1
67,57,1049.91,641.52,78.32,204.10,1,-1,-1,-1
67,55,1129.31,591.88,64.11,188.44,1,-1,-1,-1
66,55,1128.26,591.22,64.72,189.55,1,-1,-1,-1
65,55,1131.23,591.64,62.02,188.10,1,-1,-1,-1
67,54,992.88,577.49,64.88,198.46,1,-1,-1,-1
67,51,1533.43,661.03,59.60,189.45,1,-1,-1,-1
67,50,1384.24,666.92,76.46,206.45,1,-1,-1,-1
67,45,1456.83,742.51,53.44,138.55,1,-1,-1,-1
67,44,1044.05,577.23,57.10,169.18,1,-1,-1,-1
67,42,1179.59,675.24,95.52,206.18,1,-1,-1,-1
67,35,840.81,476.69,43.14,107.56,1,-1,-1,-1
67,34,1454.28,501.01,44.84,116.23,1,-1,-1,-1
67,32,1571.22,652.56,71.25,208.12,1,-1,-1,-1
67,28,1201.40,574.71,63.71,176.75,1,-1,-1,-1
67,27,250.80,867.95,102.82,212.05,1,-1,-1,-1
67,25,993.82,491.13,56.77,131.78,1,-1,-1,-1
67,24,1237.59,667.74,77.80,190.75,1,-1,-1,-1
67,21,171.28,765.81,66.95,216.20,1,-1,-1,-1
66,21,174.42,764.75,70.18,212.12,1,-1,-1,-1
65,21,177.54,765.18,64.46,211.54,1,-1,-1,-1
67,15,806.41,493.13,56.09,141.69,1,-1,-1,-1
67,14,1494.81,719.25,67.19,196.81,1,-1,-1,-1
67,11,884.24,594.46,57.98,165.32,1,-1,-1,-1
67,10,357.78,793.73,92.99,255.72,1,-1,-1,-1
67,8,913.43,539.95,59.80,162.65,1,-1,-1,-1
67,5,684.04,609.42,74.18,194.62,1,-1,-1,-1
67,4,1303.89,894.76,111.18,185.24,1,-1,-1,-1
67,3,466.86,580.98,87.45,193.52,1,-1,-1,-1
67,2,1165.57,894.98,129.15,185.02,1,-1,-1,-1
67,1,1032.56,872.68,116.17,207.32,1,-1,-1,-1
68,82,1730.67,669.17,132.87,239.34,1,-1,-1,-1
68,81,959.69,495.38,41.90,100.02,1,-1,-1,-1
68,79,1640.78,648.72,79.90,208.65,1,-1,-1,-1
68,78,257.35,782.42,103.97,242.27,1,-1,-1,-1
68,75,1104.34,548.18,62.36,171.38,1,-1,-1,-1
68,72,581.43,585.48,84.46,197.33,1,-1,-1,-1
68,67,894.98,480.44,56.03,120.85,1,-1,-1,-1
68,58,1052.84,515.89,54.12,131.73,1,-1,-1,-1
68,57,1046.58,643.53,78.57,204.15,1,-1,-1,-1
68,55,1130.09,593.22,62.34,187.70,1,-1,-1,-1
68,54,992.95,574.55,65.26,201.65,1,-1,-1,-1
68,51,1531.77,662.94,63.54,200.79,1,-1,-1,-1
68,50,1385.02,667.22,71.71,206.91,1,-1,-1,-1
68,45,1453.46,741.67,54.31,138.41,1,-1,-1,-1
68,44,1044.03,580.47,55.56,158.01,1,-1,-1,-1
68,42,1179.16,676.99,89.18,203.63,1,-1,-1,-1
68,35,840.82,475.15,44.86,113.58,1,-1,-1,-1
68,34,1453.69,500.08,45.79,117.44,1,-1,-1,-1
68,28,1201.99,573.72,64.33,175.76,1,-1,-1,-1
68,27,254.22,864.91,102.90,215.09,1,-1,-1,-1
68,25,995.58,492.27,54.41,127.29,1,-1,-1,-1
68,24,1235.43,671.23,77.36,187.50,1,-1,-1,-1
68,21,168.05,762.82,81.94,223.60,1,-1,-1,-1
68,15,806.98,492.33,54.92,142.29,1,-1,-1,-1
68,14,1484.95,718.02,78.54,196.98,1,-1,-1,-1
68,11,881.91,594.64,60.15,165.69,1,-1,-1,-1
68,10,352.99,793.84,97.29,252.91,1,-1,-1,-1
68,8,913.98,541.60,58.79,158.57,1,-1,-1,-1
68,5,678.93,608.99,70.32,189.13,1,-1,-1,-1
68,4,1298.43,896.09,115.43,183.91,1,-1,-1,-1
68,3,467.49,579.50,84.75,194.41,1,-1,-1,-1
68,2,1163.65,897.63,128.79,182.37,1,-1,-1,-1
68,1,1029.06,874.62,117.28,205.38,1,-1,-1,-1
69,82,1730.37,671.94,131.51,235.97,1,-1,-1,-1
69,81,963.54,492.27,41.62,100.46,1,-1,-1,-1
69,79,1640.73,650.13,78.54,208.51,1,-1,-1,-1
69,78,257.50,781.71,103.37,244.87,1,-1,-1,-1
69,75,1103.64,546.58,65.52,172.24,1,-1,-1,-1
69,72,582.29,585.06,78.33,194.65,1,-1,-1,-1
69,67,894.69,479.80,57.63,124.71,1,-1,-1,-1
69,58,1052.05,515.36,55.83,133.95,1,-1,-1,-1
69,57,1044.45,646.41,79.39,201.18,1,-1,-1,-1
69,55,1126.20,592.51,65.32,189.71,1,-1,-1,-1
69,54,993.18,575.44,67.18,200.98,1,-1,-1,-1
69,51,1526.30,669.67,69.34,201.15,1,-1,-1,-1
69,50,1383.15,667.11,73.73,205.61,1,-1,-1,-1
69,45,1451.67,740.11,56.65,143.64,1,-1,-1,-1
69,44,1043.82,578.63,54.32,143.67,1,-1,-1,-1
69,42,1177.81,674.36,93.69,208.46,1,-1,-1,-1
69,35,840.20,474.59,45.52,115.52,1,-1,-1,-1
69,34,1452.28,500.84,46.85,117.29,1,-1,-1,-1
69,33,1815.71,679.89,62.23,211.11,1,-1,-1,-1
68,33,1798.61,679.08,71.19,205.30,1,-1,-1,-1
67,33,1790.06,679.34,73.30,209.27,1,-1,-1,-1
69,28,1200.27,570.79,66.10,179.49,1,-1,-1,-1
69,27,256.94,865.09,102.70,214.91,1,-1,-1,-1
69,25,995.93,492.81,54.46,132.44,1,-1,-1,-1
69,21,168.55,763.40,85.70,237.98,1,-1,-1,-1
69,16,1222.67,656.46,92.41,207.21,1,-1,-1,-1
68,16,1230.92,664.60,86.22,197.94,1,-1,-1,-1
67,16,1236.64,663.38,78.14,202.41,1,-1,-1,-1
69,15,807.18,492.69,55.33,142.05,1,-1,-1,-1
69,14,1475.84,717.51,76.31,195.49,1,-1,-1,-1
69,11,879.53,594.20,62.15,166.98,1,-1,-1,-1
69,10,353.45,792.52,95.34,251.23,1,-1,-1,-1
69,8,913.76,541.57,59.10,159.19,1,-1,-1,-1
69,5,672.03,607.38,69.84,188.10,1,-1,-1,-1
69,4,1293.74,896.05,117.90,183.95,1,-1,-1,-1
69,3,468.65,580.09,81.49,192.14,1,-1,-1,-1
69,2,1160.83,897.69,128.08,182.31,1,-1,-1,-1
69,1,1025.76,877.23,119.62,202.77,1,-1,-1,-1
70,87,833.85,451.39,44.11,111.54,1,-1,-1,-1
69,87,832.10,449.98,45.90,114.59,1,-1,-1,-1
68,87,830.13,450.05,47.02,115.07,1,-1,-1,-1
70,85,865.16,571.77,48.67,134.41,1,-1,-1,-1
69,85,864.45,568.37,43.22,105.60,1,-1,-1,-1
68,85,865.55,568.64,42.87,111.71,1,-1,-1,-1
70,82,1737.69,693.84,126.17,208.76,1,-1,-1,-1
70,81,965.23,492.79,41.08,100.12,1,-1,-1,-1
70,79,1643.29,651.48,77.30,206.90,1,-1,-1,-1
70,78,257.91,781.25,105.01,244.98,1,-1,-1,-1
70,75,1106.03,546.43,64.96,170.97,1,-1,-1,-1
70,72,582.59,582.96,75.14,195.85,1,-1,-1,-1
70,67,894.44,481.91,53.47,132.28,1,-1,-1,-1
70,61,1577.50,655.79,68.70,209.55,1,-1,-1,-1
69,61,1575.38,655.97,67.66,205.53,1,-1,-1,-1
68,61,1574.50,653.07,68.51,209.49,1,-1,-1,-1
70,58,1054.23,512.92,54.84,134.53,1,-1,-1,-1
70,57,1039.27,640.13,82.29,208.01,1,-1,-1,-1
70,54,994.64,574.71,67.00,200.07,1,-1,-1,-1
70,51,1526.56,674.99,76.04,202.18,1,-1,-1,-1
70,50,1383.30,667.22,73.57,205.07,1,-1,-1,-1
70,45,1451.01,738.45,60.15,156.92,1,-1,-1,-1
70,42,1176.64,672.28,85.66,207.98,1,-1,-1,-1
70,35,839.78,467.88,46.62,119.47,1,-1,-1,-1
70,34,1452.26,501.22,46.39,115.12,1,-1,-1,-1
70,33,1819.52,680.62,64.82,212.50,1,-1,-1,-1
70,27,258.42,866.16,103.37,213.84,1,-1,-1,-1
70,25,996.13,494.15,54.76,131.52,1,-1,-1,-1
70,21,166.69,762.22,82.34,228.00,1,-1,-1,-1
70,16,1228.59,677.83,85.85,187.26,1,-1,-1,-1
70,15,808.09,492.28,55.98,143.70,1,-1,-1,-1
70,14,1469.54,732.91,82.30,178.66,1,-1,-1,-1
70,11,878.46,593.38,67.04,171.23,1,-1,-1,-1
70,10,358.24,791.22,92.75,251.12,1,-1,-1,-1
70,8,914.27,542.26,58.81,157.82,1,-1,-1,-1
70,5,662.97,605.06,76.04,193.68,1,-1,-1,-1
70,4,1290.93,896.16,121.33,183.84,1,-1,-1,-1
70,3,467.99,578.91,81.36,190.69,1,-1,-1,-1
70,2,1158.05,899.73,127.52,180.27,1,-1,-1,-1
70,1,1023.38,879.63,122.06,200.37,1,-1,-1,-1
71,85,865.34,573.69,47.41,132.22,1,-1,-1,-1
71,82,1744.86,683.06,108.36,217.32,1,-1,-1,-1
71,81,966.92,491.41,41.21,101.35,1,-1,-1,-1
71,79,1646.43,654.16,75.81,203.39,1,-1,-1,-1
71,78,258.96,777.41,103.45,243.68,1,-1,-1,-1
71,75,1108.16,546.07,70.20,174.36,1,-1,-1,-1
71,72,582.37,583.33,74.19,196.32,1,-1,-1,-1
71,67,896.27,482.32,53.78,119.56,1,-1,-1,-1
71,61,1580.91,654.26,72.05,214.44,1,-1,-1,-1
71,58,1055.78,514.74,54.74,138.43,1,-1,-1,-1
71,57,1037.42,646.49,80.56,200.35,1,-1,-1,-1
71,54,995.42,574.37,68.85,200.08,1,-1,-1,-1
71,51,1533.19,674.64,75.80,197.64,1,-1,-1,-1
71,50,1383.25,668.87,73.01,202.93,1,-1,-1,-1
71,45,1450.41,736.53,63.03,161.07,1,-1,-1,-1
71,42,1175.71,673.22,87.10,205.17,1,-1,-1,-1
71,35,842.08,475.63,44.20,114.36,1,-1,-1,-1
71,33,1812.45,677.85,76.46,235.60,1,-1,-1,-1
71,30,1487.01,688.76,75.15,207.46,1,-1,-1,-1
70,30,1487.74,692.11,70.76,198.17,1,-1,-1,-1
69,30,1490.49,695.31,68.85,202.80,1,-1,-1,-1
71,27,262.21,866.38,102.99,213.62,1,-1,-1,-1
71,25,999.35,496.16,53.75,131.06,1,-1,-1,-1
71,21,176.36,764.02,81.94,225.88,1,-1,-1,-1
71,16,1213.62,677.32,96.38,193.50,1,-1,-1,-1
71,15,808.30,493.45,56.79,145.04,1,-1,-1,-1
71,14,1466.09,731.13,86.05,181.81,1,-1,-1,-1
71,11,879.06,593.99,68.14,170.27,1,-1,-1,-1
71,10,358.88,789.49,92.43,248.76,1,-1,-1,-1
71,8,914.30,542.63,58.63,156.81,1,-1,-1,-1
71,5,666.60,604.39,70.15,193.45,1,-1,-1,-1
71,4,1288.50,899.20,123.18,180.80,1,-1,-1,-1
71,3,468.81,578.65,79.52,191.64,1,-1,-1,-1
71,2,1155.61,900.10,127.27,179.90,1,-1,-1,-1
71,1,1022.54,882.20,121.29,197.80,1,-1,-1,-1
72,85,864.40,575.57,46.42,132.61,1,-1,-1,-1
72,84,754.78,474.94,42.46,110.12,1,-1,-1,-1
71,84,752.89,472.90,43.94,112.37,1,-1,-1,-1
70,84,752.44,468.99,43.16,111.16,1,-1,-1,-1
72,82,1761.04,683.00,106.36,221.07,1,-1,-1,-1
72,81,967.59,495.03,41.34,103.93,1,-1,-1,-1
72,79,1645.44,654.05,82.05,206.42,1,-1,-1,-1
72,78,262.52,772.45,102.36,245.10,1,-1,-1,-1
72,75,1110.57,546.75,68.99,175.55,1,-1,-1,-1
72,72,581.46,584.52,75.12,194.45,1,-1,-1,-1
72,67,899.14,483.98,51.71,126.18,1,-1,-1,-1
72,61,1578.50,658.76,80.93,209.01,1,-1,-1,-1
72,60,1199.50,574.26,63.75,178.45,1,-1,-1,-1
71,60,1199.12,582.41,65.04,177.22,1,-1,-1,-1
70,60,1200.19,572.70,64.01,170.10,1,-1,-1,-1
72,58,1058.49,512.98,51.20,135.63,1,-1,-1,-1
72,57,1034.41,633.72,73.88,210.37,1,-1,-1,-1
72,54,995.77,574.18,63.89,200.06,1,-1,-1,-1
72,51,1539.03,680.39,76.19,189.94,1,-1,-1,-1
72,50,1384.55,664.72,72.47,206.05,1,-1,-1,-1
72,45,1446.37,737.00,68.93,160.26,1,-1,-1,-1
72,42,1164.86,674.03,96.61,206.23,1,-1,-1,-1
72,35,842.77,474.09,44.60,110.74,1,-1,-1,-1
72,33,1789.55,676.46,95.11,236.30,1,-1,-1,-1
72,27,263.93,865.28,104.35,214.72,1,-1,-1,-1
72,25,1000.60,499.01,52.08,126.03,1,-1,-1,-1
72,21,164.89,761.77,84.59,240.94,1,-1,-1,-1
72,15,810.35,494.02,54.62,144.98,1,-1,-1,-1
72,14,1461.44,724.04,95.95,184.47,1,-1,-1,-1
72,11,880.26,595.92,68.27,169.38,1,-1,-1,-1
72,10,364.69,786.55,87.28,246.74,1,-1,-1,-1
72,8,916.19,549.61,57.21,153.15,1,-1,-1,-1
72,5,662.10,601.67,69.86,190.63,1,-1,-1,-1
72,4,1286.58,902.60,122.44,177.40,1,-1,-1,-1
72,3,471.19,578.67,75.47,192.96,1,-1,-1,-1
72,2,1151.25,900.02,130.04,179.98,1,-1,-1,-1
72,1,1021.25,886.66,119.72,193.34,1,-1,-1,-1
73,85,863.19,574.51,47.97,133.51,1,-1,-1,-1
73,84,750.49,466.68,44.17,116.00,1,-1,-1,-1
73,82,1762.32,694.40,94.44,200.78,1,-1,-1,-1
73,81,968.08,494.80,41.87,105.07,1,-1,-1,-1
73,79,1646.76,655.10,84.33,205.10,1,-1,-1,-1
73,78,259.54,772.52,102.39,243.33,1,-1,-1,-1
73,75,1113.68,546.95,66.88,171.57,1,-1,-1,-1
73,72,579.87,582.70,73.98,195.49,1,-1,-1,-1
73,67,899.95,482.39,51.94,128.23,1,-1,-1,-1
73,61,1584.57,654.50,76.97,214.59,1,-1,-1,-1
73,60,1197.87,581.12,66.24,191.52,1,-1,-1,-1
73,58,1057.51,513.45,53.41,136.62,1,-1,-1,-1
73,57,1032.70,628.25,69.57,212.59,1,-1,-1,-1
73,54,995.87,580.01,60.18,189.25,1,-1,-1,-1
73,51,1532.87,675.61,88.60,200.18,1,-1,-1,-1
73,50,1384.27,663.55,73.59,206.46,1,-1,-1,-1
73,45,1446.55,733.19,79.73,168.30,1,-1,-1,-1
73,42,1154.40,668.63,84.73,209.81,1,-1,-1,-1
73,35,843.57,473.95,44.89,111.12,1,-1,-1,-1
73,33,1801.39,673.99,86.70,235.99,1,-1,-1,-1
73,27,265.41,866.30,105.16,213.70,1,-1,-1,-1
73,25,1001.52,498.66,51.58,126.60,1,-1,-1,-1
73,21,163.19,763.96,86.19,248.41,1,-1,-1,-1
73,15,810.21,494.17,54.77,145.41,1,-1,-1,-1
73,14,1449.61,734.81,84.01,168.98,1,-1,-1,-1
73,11,879.82,595.99,70.28,171.04,1,-1,-1,-1
73,10,365.22,785.00,88.31,247.20,1,-1,-1,-1
73,8,917.72,550.23,56.80,145.98,1,-1,-1,-1
73,5,660.86,603.10,68.45,189.42,1,-1,-1,-1
73,4,1283.71,904.41,124.58,175.59,1,-1,-1,-1
73,3,470.16,578.29,74.99,193.30,1,-1,-1,-1
73,2,1147.79,900.43,132.80,179.57,1,-1,-1,-1
73,1,1021.03,888.78,118.26,191.22,1,-1,-1,-1
74,85,863.17,578.05,47.42,130.94,1,-1,-1,-1
74,84,751.00,465.24,44.53,116.98,1,-1,-1,-1
74,82,1771.71,688.37,89.07,206.25,1,-1,-1,-1
74,81,969.47,494.11,41.63,105.08,1,-1,-1,-1
74,79,1648.11,653.81,84.55,209.15,1,-1,-1,-1
74,78,260.23,770.34,101.97,239.93,1,-1,-1,-1
74,75,1112.95,548.69,70.29,167.26,1,-1,-1,-1
74,72,578.53,582.18,73.54,194.76,1,-1,-1,-1
74,67,900.32,482.60,51.87,118.19,1,-1,-1,-1
74,60,1196.28,582.68,72.77,200.05,1,-1,-1,-1
74,58,1058.00,513.91,54.34,137.49,1,-1,-1,-1
74,57,1028.54,636.55,70.70,202.05,1,-1,-1,-1
74,55,1126.42,608.20,65.49,168.71,1,-1,-1,-1
73,55,1128.55,602.19,63.59,173.40,1,-1,-1,-1
72,55,1127.71,599.09,65.46,181.57,1,-1,-1,-1
74,54,995.19,580.56,60.91,189.68,1,-1,-1,-1
74,51,1535.86,676.57,89.90,204.99,1,-1,-1,-1
74,50,1384.32,662.98,74.16,204.39,1,-1,-1,-1
74,45,1447.06,732.86,74.05,168.33,1,-1,-1,-1
74,42,1152.16,670.65,83.46,213.23,1,-1,-1,-1
74,35,843.93,469.11,46.67,115.01,1,-1,-1,-1
74,34,1451.52,500.21,47.59,116.14,1,-1,-1,-1
73,34,1451.02,501.22,47.75,115.26,1,-1,-1,-1
72,34,1448.38,503.14,49.84,121.61,1,-1,-1,-1
74,33,1805.50,674.23,88.87,234.31,1,-1,-1,-1
74,27,267.51,867.04,105.69,212.96,1,-1,-1,-1
74,25,1002.95,500.27,51.54,125.13,1,-1,-1,-1
74,21,162.46,761.06,87.37,251.95,1,-1,-1,-1
74,15,811.17,496.04,54.96,145.50,1,-1,-1,-1
74,14,1449.11,734.32,74.80,169.37,1,-1,-1,-1
74,11,882.35,598.41,66.03,168.96,1,-1,-1,-1
74,10,366.27,784.30,89.23,246.58,1,-1,-1,-1
74,8,917.37,550.01,58.45,150.58,1,-1,-1,-1
74,5,654.72,605.45,73.52,186.48,1,-1,-1,-1
74,4,1283.66,909.39,122.57,170.61,1,-1,-1,-1
74,3,469.49,578.52,75.67,191.79,1,-1,-1,-1
74,2,1147.32,901.63,130.81,178.37,1,-1,-1,-1
74,1,1019.70,892.78,117.71,187.22,1,-1,-1,-1
75,85,863.07,577.29,47.66,131.28,1,-1,-1,-1
75,84,748.00,466.38,46.92,116.92,1,-1,-1,-1
75,81,972.72,495.59,39.61,102.29,1,-1,-1,-1
75,79,1649.39,651.98,84.71,212.53,1,-1,-1,-1
75,78,266.39,772.09,95.83,230.29,1,-1,-1,-1
75,75,1114.97,549.02,70.39,168.75,1,-1,-1,-1
75,72,577.77,582.06,71.98,193.88,1,-1,-1,-1
75,67,902.82,482.01,50.58,127.91,1,-1,-1,-1
75,60,1197.64,582.85,70.01,201.82,1,-1,-1,-1
75,58,1058.08,514.33,54.50,136.31,1,-1,-1,-1
75,57,1025.14,639.87,71.02,199.77,1,-1,-1,-1
75,55,1126.74,607.11,67.16,172.84,1,-1,-1,-1
75,51,1545.90,673.30,86.56,205.62,1,-1,-1,-1
75,50,1385.70,661.84,75.87,203.63,1,-1,-1,-1
75,45,1448.48,733.10,68.99,167.63,1,-1,-1,-1
75,42,1152.46,673.43,91.31,208.65,1,-1,-1,-1
75,35,847.11,478.45,44.38,109.73,1,-1,-1,-1
75,34,1449.73,503.04,47.83,123.07,1,-1,-1,-1
75,33,1814.22,673.80,83.73,239.10,1,-1,-1,-1
75,30,1466.04,692.66,87.27,208.70,1,-1,-1,-1
74,30,1471.93,690.23,85.10,213.30,1,-1,-1,-1
73,30,1464.36,692.72,96.03,213.01,1,-1,-1,-1
75,27,269.87,866.34,107.29,213.66,1,-1,-1,-1
75,25,1006.14,501.89,50.69,126.34,1,-1,-1,-1
75,24,1192.01,676.54,74.39,185.84,1,-1,-1,-1
74,24,1205.07,674.34,76.93,183.27,1,-1,-1,-1
73,24,1208.26,671.25,80.69,192.09,1,-1,-1,-1
75,21,159.09,761.72,87.88,241.68,1,-1,-1,-1
75,20,1859.85,677.27,60.13,228.18,1,-1,-1,-1
74,20,1850.62,676.06,69.27,232.38,1,-1,-1,-1
73,20,1846.98,673.68,72.83,233.41,1,-1,-1,-1
75,15,812.59,497.89,54.81,144.51,1,-1,-1,-1
75,11,883.92,595.86,68.95,172.20,1,-1,-1,-1
75,10,368.88,784.50,88.15,247.51,1,-1,-1,-1
75,8,919.45,551.01,55.51,143.41,1,-1,-1,-1
75,5,650.07,605.79,75.69,186.93,1,-1,-1,-1
75,4,1283.07,913.37,122.99,166.63,1,-1,-1,-1
75,3,468.03,578.68,78.11,191.85,1,-1,-1,-1
75,2,1146.93,901.22,131.08,178.78,1,-1,-1,-1
75,1,1019.69,893.78,116.39,186.22,1,-1,-1,-1
76,85,862.77,578.27,47.54,130.74,1,-1,-1,-1
76,84,749.79,464.65,47.22,120.21,1,-1,-1,-1
76,81,972.69,495.90,39.29,101.19,1,-1,-1,-1
76,79,1650.16,652.75,87.32,212.54,1,-1,-1,-1
76,78,269.43,771.44,94.33,231.58,1,-1,-1,-1
76,75,1115.50,553.25,71.28,173.56,1,-1,-1,-1
76,72,576.18,583.30,72.89,191.27,1,-1,-1,-1
76,69,794.81,469.58,42.17,115.36,1,-1,-1,-1
75,69,795.56,469.69,40.35,114.46,1,-1,-1,-1
74,69,790.32,465.92,42.57,120.07,1,-1,-1,-1
76,67,904.76,484.30,47.28,126.21,1,-1,-1,-1
76,60,1198.61,585.19,69.27,197.76,1,-1,-1,-1
76,58,1060.66,513.90,53.35,136.89,1,-1,-1,-1
76,57,1024.48,642.45,70.75,198.37,1,-1,-1,-1
76,55,1128.23,609.90,66.62,166.38,1,-1,-1,-1
76,51,1551.75,679.35,83.22,203.51,1,-1,-1,-1
76,50,1387.92,661.95,73.36,202.16,1,-1,-1,-1
76,42,1152.03,677.95,78.50,204.82,1,-1,-1,-1
76,35,849.07,478.39,46.00,110.50,1,-1,-1,-1
76,34,1449.15,503.50,49.76,123.13,1,-1,-1,-1
76,33,1817.13,675.06,91.68,238.80,1,-1,-1,-1
76,30,1465.38,694.75,82.56,202.92,1,-1,-1,-1
76,27,270.57,861.35,109.02,218.65,1,-1,-1,-1
76,25,1007.83,503.43,51.91,129.43,1,-1,-1,-1
76,24,1193.30,676.12,74.42,190.87,1,-1,-1,-1
76,21,160.09,762.24,87.78,248.71,1,-1,-1,-1
76,20,1862.50,680.24,57.50,225.34,1,-1,-1,-1
76,15,813.50,499.49,54.79,147.21,1,-1,-1,-1
76,11,884.02,599.53,68.91,169.57,1,-1,-1,-1
76,10,370.57,783.48,87.77,248.18,1,-1,-1,-1
76,8,922.05,557.92,52.32,138.94,1,-1,-1,-1
76,5,646.81,605.05,77.36,186.99,1,-1,-1,-1
76,4,1282.06,917.09,124.69,162.91,1,-1,-1,-1
76,3,466.82,579.63,78.95,190.85,1,-1,-1,-1
76,2,1146.51,903.46,130.77,176.54,1,-1,-1,-1
76,1,1019.02,895.33,116.47,184.67,1,-1,-1,-1
77,85,862.80,577.08,46.42,134.11,1,-1,-1,-1
77,84,745.97,468.21,48.32,119.30,1,-1,-1,-1
77,81,973.63,499.31,38.03,97.97,1,-1,-1,-1
77,79,1650.05,654.45,89.55,212.68,1,-1,-1,-1
77,78,268.19,769.03,96.72,237.92,1,-1,-1,-1
77,75,1115.42,553.31,73.38,175.78,1,-1,-1,-1
77,72,572.73,580.86,73.60,195.13,1,-1,-1,-1
77,69,793.94,471.77,43.68,115.59,1,-1,-1,-1
77,67,904.85,488.35,46.39,122.11,1,-1,-1,-1
77,61,1603.74,660.61,76.07,214.82,1,-1,-1,-1
76,61,1600.55,661.38,74.89,213.69,1,-1,-1,-1
75,61,1593.10,659.15,75.95,215.89,1,-1,-1,-1
77,60,1197.55,584.57,64.30,190.81,1,-1,-1,-1
77,58,1060.46,515.49,53.63,136.73,1,-1,-1,-1
77,57,1008.81,645.87,83.45,199.75,1,-1,-1,-1
77,55,1127.05,611.87,67.43,170.07,1,-1,-1,-1
77,51,1555.27,672.99,84.26,209.27,1,-1,-1,-1
77,50,1389.26,662.32,73.25,202.15,1,-1,-1,-1
77,42,1151.66,677.15,76.16,206.56,1,-1,-1,-1
77,35,850.70,481.54,44.45,107.96,1,-1,-1,-1
77,34,1451.83,501.91,47.64,115.74,1,-1,-1,-1
77,33,1821.62,677.82,86.46,238.05,1,-1,-1,-1
77,30,1452.72,691.30,89.43,211.35,1,-1,-1,-1
77,27,271.75,860.43,109.33,219.57,1,-1,-1,-1
77,25,1006.67,503.81,53.38,130.37,1,-1,-1,-1
77,21,156.22,764.94,89.88,252.00,1,-1,-1,-1
77,20,1868.98,683.16,51.02,226.25,1,-1,-1,-1
77,15,814.34,501.88,53.95,144.34,1,-1,-1,-1
77,11,886.58,600.29,66.79,171.51,1,-1,-1,-1
77,10,374.96,785.03,83.41,246.22,1,-1,-1,-1
77,8,918.93,555.93,55.17,143.43,1,-1,-1,-1
77,5,644.50,605.12,76.70,188.27,1,-1,-1,-1
77,4,1281.63,921.28,122.27,158.72,1,-1,-1,-1
77,3,464.86,580.42,79.37,189.39,1,-1,-1,-1
77,2,1143.93,907.33,130.66,172.67,1,-1,-1,-1
77,1,1017.02,896.37,118.09,183.63,1,-1,-1,-1
78,85,863.47,577.73,46.36,135.08,1,-1,-1,-1
78,84,750.16,466.19,46.56,120.97,1,-1,-1,-1
78,81,974.90,499.57,38.22,99.52,1,-1,-1,-1
78,79,1659.30,656.84,86.64,207.55,1,-1,-1,-1
78,78,270.83,767.00,94.58,235.40,1,-1,-1,-1
78,75,1121.18,554.29,72.87,177.93,1,-1,-1,-1
78,72,571.69,579.21,71.91,196.06,1,-1,-1,-1
78,69,794.32,472.55,46.79,123.26,1,-1,-1,-1
78,67,906.38,487.74,48.99,126.48,1,-1,-1,-1
78,61,1612.64,661.01,68.94,214.99,1,-1,-1,-1
78,60,1200.22,583.53,60.56,179.85,1,-1,-1,-1
78,58,1062.46,517.62,52.60,137.35,1,-1,-1,-1
78,57,1013.59,638.73,75.73,206.04,1,-1,-1,-1
78,55,1129.78,607.56,66.75,169.67,1,-1,-1,-1
78,51,1570.18,674.00,71.59,211.62,1,-1,-1,-1
78,50,1390.38,662.66,73.99,202.68,1,-1,-1,-1
78,48,1863.33,676.67,56.67,238.99,1,-1,-1,-1
77,48,1863.89,680.06,56.11,234.90,1,-1,-1,-1
76,48,1852.55,678.74,67.45,232.26,1,-1,-1,-1
78,44,1057.62,573.82,57.31,176.05,1,-1,-1,-1
77,44,1050.08,612.66,62.68,158.86,1,-1,-1,-1
76,44,1057.64,605.52,56.21,157.09,1,-1,-1,-1
78,42,1154.54,676.46,73.51,207.85,1,-1,-1,-1
78,35,851.43,478.26,46.95,114.76,1,-1,-1,-1
78,34,1452.71,501.05,48.10,117.66,1,-1,-1,-1
78,33,1821.79,677.28,88.56,238.59,1,-1,-1,-1
78,30,1449.73,691.86,90.52,212.20,1,-1,-1,-1
78,27,271.56,854.17,111.63,225.83,1,-1,-1,-1
78,25,1006.82,503.42,53.63,129.64,1,-1,-1,-1
78,21,158.07,765.13,88.55,247.47,1,-1,-1,-1
78,20,1869.91,679.96,50.09,227.93,1,-1,-1,-1
78,16,1191.81,681.15,78.12,202.17,1,-1,-1,-1
77,16,1191.12,681.25,78.91,199.12,1,-1,-1,-1
76,16,1195.27,676.59,74.41,196.86,1,-1,-1,-1
78,15,815.76,500.71,54.44,145.87,1,-1,-1,-1
78,11,887.65,598.81,69.25,171.35,1,-1,-1,-1
78,10,375.66,783.70,84.74,248.36,1,-1,-1,-1
78,8,918.10,549.73,56.96,151.74,1,-1,-1,-1
78,5,645.66,607.18,76.39,186.57,1,-1,-1,-1
78,4,1282.79,922.55,122.21,157.45,1,-1,-1,-1
78,3,463.89,579.34,80.45,193.56,1,-1,-1,-1
78,2,1144.45,910.23,131.47,169.77,1,-1,-1,-1
78,1,1016.92,896.81,118.20,183.19,1,-1,-1,-1
79,85,863.58,577.46,50.57,136.57,1,-1,-1,-1
79,84,750.41,462.98,45.07,126.12,1,-1,-1,-1
79,81,974.82,500.27,37.54,101.49,1,-1,-1,-1
79,79,1663.83,657.07,90.53,211.31,1,-1,-1,-1
79,78,272.52,766.69,93.20,235.57,1,-1,-1,-1
79,75,1124.24,553.90,72.17,177.53,1,-1,-1,-1
79,72,569.86,578.98,73.92,194.64,1,-1,-1,-1
79,69,795.35,475.94,45.46,121.27,1,-1,-1,-1
79,67,906.73,488.34,45.43,114.89,1,-1,-1,-1
79,61,1613.24,663.26,74.01,213.41,1,-1,-1,-1
79,60,1201.23,582.85,60.91,182.91,1,-1,-1,-1
79,58,1065.14,521.91,50.26,128.47,1,-1,-1,-1
79,57,1006.35,647.67,74.45,195.50,1,-1,-1,-1
79,55,1129.04,606.79,68.49,178.44,1,-1,-1,-1
79,51,1579.09,674.47,83.61,213.18,1,-1,-1,-1
79,50,1392.26,661.68,72.11,203.04,1,-1,-1,-1
79,44,1053.08,573.05,59.40,175.21,1,-1,-1,-1
79,42,1150.86,676.77,75.11,205.72,1,-1,-1,-1
79,35,855.98,482.46,44.82,124.20,1,-1,-1,-1
79,34,1449.92,504.18,49.80,122.90,1,-1,-1,-1
79,33,1826.23,674.71,93.41,235.91,1,-1,-1,-1
79,30,1449.66,692.36,88.28,212.03,1,-1,-1,-1
79,29,1039.08,560.89,51.91,149.43,1,-1,-1,-1
78,29,1034.95,562.15,53.24,151.08,1,-1,-1,-1
77,29,1031.70,561.71,55.28,150.97,1,-1,-1,-1
79,27,273.02,853.84,112.65,226.16,1,-1,-1,-1
79,25,1006.63,504.42,54.14,126.94,1,-1,-1,-1
79,21,156.76,764.80,90.02,251.62,1,-1,-1,-1
79,16,1188.05,684.64,73.44,189.29,1,-1,-1,-1
79,15,817.70,500.55,54.20,146.66,1,-1,-1,-1
79,13,1000.46,583.78,53.78,151.37,1,-1,-1,-1
78,13,997.50,582.26,56.75,183.06,1,-1,-1,-1
77,13,996.54,585.80,59.02,179.30,1,-1,-1,-1
79,11,890.09,598.69,67.11,172.61,1,-1,-1,-1
79,10,373.54,782.49,88.91,249.91,1,-1,-1,-1
79,8,917.35,549.00,56.21,153.01,1,-1,-1,-1
79,5,646.19,608.61,74.65,186.78,1,-1,-1,-1
79,4,1280.85,923.25,123.20,156.75,1,-1,-1,-1
79,3,461.91,579.03,81.14,191.29,1,-1,-1,-1
79,2,1141.88,912.92,133.84,167.08,1,-1,-1,-1
79,1,1015.33,896.19,119.72,183.81,1,-1,-1,-1
80,85,861.92,579.20,53.44,135.91,1,-1,-1,-1
80,84,751.93,468.26,42.81,119.97,1,-1,-1,-1
80,81,974.16,500.28,37.66,101.14,1,-1,-1,-1
80,79,1671.68,657.09,85.22,209.07,1,-1,-1,-1
80,78,273.25,766.64,93.61,236.07,1,-1,-1,-1
80,75,1125.27,553.83,72.59,184.63,1,-1,-1,-1
80,72,567.96,577.86,74.83,195.27,1,-1,-1,-1
80,67,907.06,488.82,48.76,123.94,1,-1,-1,-1
80,61,1612.93,661.27,73.52,218.24,1,-1,-1,-1
80,60,1201.16,583.15,60.43,182.41,1,-1,-1,-1
80,58,1063.97,522.41,51.29,131.59,1,-1,-1,-1
80,57,1002.86,651.65,75.88,192.20,1,-1,-1,-1
80,55,1124.22,601.28,73.70,177.07,1,-1,-1,-1
80,51,1587.08,674.43,69.44,215.61,1,-1,-1,-1
80,50,1391.95,659.74,71.84,204.39,1,-1,-1,-1
80,44,1047.82,575.42,66.93,194.34,1,-1,-1,-1
80,42,1149.72,678.32,75.45,199.46,1,-1,-1,-1
80,35,857.18,484.04,43.26,119.27,1,-1,-1,-1
80,34,1448.10,503.28,51.70,124.59,1,-1,-1,-1
80,33,1826.20,675.53,93.60,238.01,1,-1,-1,-1
80,30,1449.09,691.68,84.37,210.83,1,-1,-1,-1
80,27,274.51,855.27,112.31,224.73,1,-1,-1,-1
80,25,1005.30,503.87,56.53,129.67,1,-1,-1,-1
80,21,156.60,765.52,88.57,250.09,1,-1,-1,-1
80,16,1188.35,684.86,69.47,187.83,1,-1,-1,-1
80,15,818.37,500.57,53.35,146.18,1,-1,-1,-1
80,13,1000.07,583.13,55.10,153.55,1,-1,-1,-1
80,11,890.38,598.31,68.82,174.51,1,-1,-1,-1
80,10,374.64,780.13,87.91,251.15,1,-1,-1,-1
80,8,918.57,553.01,54.57,145.21,1,-1,-1,-1
80,5,644.58,607.47,69.27,186.17,1,-1,-1,-1
80,4,1281.27,923.48,120.85,156.52,1,-1,-1,-1
80,3,458.54,579.67,82.26,190.08,1,-1,-1,-1
80,2,1139.28,914.78,134.57,165.22,1,-1,-1,-1
80,1,1014.31,896.88,119.99,183.12,1,-1,-1,-1
81,84,756.69,474.62,40.02,114.95,1,-1,-1,-1
81,83,795.85,484.24,37.64,103.25,1,-1,-1,-1
80,83,795.50,478.68,38.11,106.59,1,-1,-1,-1
79,83,795.06,474.79,40.61,110.84,1,-1,-1,-1
81,81,976.62,502.38,37.23,100.52,1,-1,-1,-1
81,79,1679.17,657.18,79.83,212.57,1,-1,-1,-1
81,78,277.25,768.53,93.59,231.93,1,-1,-1,-1
81,75,1130.66,553.79,70.06,179.17,1,-1,-1,-1
81,72,567.40,578.89,74.79,195.68,1,-1,-1,-1
81,67,908.96,489.58,43.12,108.28,1,-1,-1,-1
81,61,1619.80,663.34,71.67,214.76,1,-1,-1,-1
81,60,1200.61,583.55,61.33,184.55,1,-1,-1,-1
81,58,1063.69,524.79,54.00,133.02,1,-1,-1,-1
81,57,1000.21,639.20,77.97,206.57,1,-1,-1,-1
81,55,1128.34,597.96,69.11,179.32,1,-1,-1,-1
81,51,1589.26,674.31,70.39,214.27,1,-1,-1,-1
81,50,1392.63,661.21,72.24,203.74,1,-1,-1,-1
81,44,1052.76,574.94,64.62,195.69,1,-1,-1,-1
81,42,1146.96,670.70,79.78,210.82,1,-1,-1,-1
81,38,1620.78,663.91,70.51,212.95,1,-1,-1,-1
80,38,1613.36,663.02,73.96,213.82,1,-1,-1,-1
79,38,1620.10,666.27,67.86,209.39,1,-1,-1,-1
81,34,1451.94,500.83,48.76,116.71,1,-1,-1,-1
81,33,1828.82,674.44,91.05,236.74,1,-1,-1,-1
81,30,1454.59,690.45,77.34,212.40,1,-1,-1,-1
81,27,276.36,852.41,115.06,227.59,1,-1,-1,-1
81,15,820.09,498.96,55.44,149.58,1,-1,-1,-1
81,14,1418.97,726.94,69.92,172.64,1,-1,-1,-1
80,14,1429.09,728.99,68.87,173.49,1,-1,-1,-1
79,14,1434.32,731.48,68.96,172.45,1,-1,-1,-1
81,13,1000.00,579.56,61.74,160.90,1,-1,-1,-1
81,11,891.06,597.91,67.84,171.82,1,-1,-1,-1
81,10,381.04,781.11,85.38,247.40,1,-1,-1,-1
81,8,917.18,550.68,57.14,151.19,1,-1,-1,-1
81,5,641.02,605.66,67.99,187.77,1,-1,-1,-1
81,4,1281.40,923.09,120.99,156.91,1,-1,-1,-1
81,3,456.71,578.91,82.88,188.61,1,-1,-1,-1
81,2,1139.47,916.94,133.61,163.06,1,-1,-1,-1
81,1,1013.39,897.45,121.51,182.55,1,-1,-1,-1
82,84,756.49,472.12,41.19,118.22,1,-1,-1,-1
82,83,794.95,481.88,39.72,106.60,1,-1,-1,-1
82,81,976.02,502.29,37.43,100.66,1,-1,-1,-1
82,79,1686.62,658.65,74.07,211.50,1,-1,-1,-1
82,78,278.23,769.12,94.93,233.50,1,-1,-1,-1
82,75,1134.44,554.49,66.23,174.02,1,-1,-1,-1
82,72,566.64,577.87,72.99,194.95,1,-1,-1,-1
82,67,909.43,488.62,45.85,113.73,1,-1,-1,-1
82,61,1627.90,663.05,70.47,216.17,1,-1,-1,-1
82,60,1200.18,580.68,61.49,194.02,1,-1,-1,-1
82,58,1066.20,525.42,52.81,132.91,1,-1,-1,-1
82,57,996.61,636.11,76.93,204.77,1,-1,-1,-1
82,55,1130.74,600.47,66.63,179.54,1,-1,-1,-1
82,51,1591.66,677.88,67.11,208.34,1,-1,-1,-1
82,50,1393.42,659.17,73.74,228.47,1,-1,-1,-1
82,44,1053.65,572.18,64.20,199.95,1,-1,-1,-1
82,42,1145.61,670.38,82.09,218.21,1,-1,-1,-1
82,33,1828.11,676.97,91.89,234.15,1,-1,-1,-1
82,30,1453.48,688.13,74.24,213.41,1,-1,-1,-1
82,27,280.26,849.53,116.57,230.47,1,-1,-1,-1
82,15,820.03,499.06,56.32,149.43,1,-1,-1,-1
82,14,1415.60,725.08,71.72,173.27,1,-1,-1,-1
82,13,1000.04,578.04,61.19,165.02,1,-1,-1,-1
82,10,379.87,780.48,89.31,249.09,1,-1,-1,-1
82,8,915.74,550.27,59.42,154.43,1,-1,-1,-1
82,5,635.15,605.95,69.42,184.03,1,-1,-1,-1
82,4,1281.54,922.21,120.56,157.79,1,-1,-1,-1
82,3,453.11,577.61,82.80,189.21,1,-1,-1,-1
82,2,1137.82,917.52,133.72,162.48,1,-1,-1,-1
82,1,1012.78,900.28,121.07,179.72,1,-1,-1,-1
83,84,759.01,475.68,39.74,113.36,1,-1,-1,-1
83,81,975.53,501.42,38.17,102.82,1,-1,-1,-1
83,79,1688.18,661.66,74.71,201.56,1,-1,-1,-1
83,78,280.51,768.55,93.49,231.82,1,-1,-1,-1
83,75,1137.71,555.67,62.86,171.22,1,-1,-1,-1
83,72,566.01,580.35,71.65,192.20,1,-1,-1,-1
83,69,797.82,480.91,41.62,112.02,1,-1,-1,-1
82,69,796.59,480.48,43.08,111.33,1,-1,-1,-1
81,69,797.14,481.53,42.34,110.63,1,-1,-1,-1
83,67,914.99,486.36,52.53,120.25,1,-1,-1,-1
83,61,1631.13,663.13,70.03,215.18,1,-1,-1,-1
83,60,1198.46,579.37,61.65,192.21,1,-1,-1,-1
83,58,1066.87,525.77,53.02,136.27,1,-1,-1,-1
83,57,992.86,634.38,77.36,205.29,1,-1,-1,-1
83,55,1132.86,598.79,63.40,170.35,1,-1,-1,-1
83,51,1594.29,678.72,66.01,200.54,1,-1,-1,-1
83,50,1392.00,659.33,73.44,222.81,1,-1,-1,-1
83,44,1052.61,570.33,68.14,201.78,1,-1,-1,-1
83,42,1144.21,669.68,79.69,208.96,1,-1,-1,-1
83,33,1829.76,676.93,90.24,234.48,1,-1,-1,-1
83,30,1450.02,688.65,72.25,211.74,1,-1,-1,-1
83,27,278.53,849.71,121.29,230.29,1,-1,-1,-1
83,15,821.31,499.80,55.60,149.05,1,-1,-1,-1
83,13,1000.37,578.60,59.12,151.68,1,-1,-1,-1
83,10,381.71,779.61,88.85,245.48,1,-1,-1,-1
83,8,916.61,551.60,57.41,147.26,1,-1,-1,-1
83,5,636.71,604.06,64.70,185.15,1,-1,-1,-1
83,4,1281.62,922.24,121.33,157.76,1,-1,-1,-1
83,3,451.03,576.94,79.25,188.23,1,-1,-1,-1
83,2,1137.28,918.00,134.34,162.00,1,-1,-1,-1
83,1,1011.65,903.66,119.58,176.34,1,-1,-1,-1
84,85,858.00,581.98,53.72,139.57,1,-1,-1,-1
83,85,857.87,578.28,53.13,144.26,1,-1,-1,-1
82,85,859.98,577.71,51.00,142.15,1,-1,-1,-1
84,84,759.08,471.86,40.81,117.27,1,-1,-1,-1
84,81,975.66,500.97,39.79,105.04,1,-1,-1,-1
84,79,1692.08,663.11,71.85,198.21,1,-1,-1,-1
84,78,278.91,765.54,97.55,240.00,1,-1,-1,-1
84,72,565.26,579.99,71.10,192.26,1,-1,-1,-1
84,69,797.89,481.43,41.83,112.23,1,-1,-1,-1
84,67,917.28,487.15,52.37,117.49,1,-1,-1,-1
84,61,1636.86,664.15,71.02,213.71,1,-1,-1,-1
84,60,1201.86,578.75,59.37,196.85,1,-1,-1,-1
84,58,1065.55,522.83,56.12,140.02,1,-1,-1,-1
84,57,988.36,625.62,77.62,206.04,1,-1,-1,-1
84,55,1136.35,601.32,64.46,170.71,1,-1,-1,-1
84,51,1595.72,682.59,73.50,203.55,1,-1,-1,-1
84,50,1389.62,661.48,81.05,220.79,1,-1,-1,-1
84,45,1388.66,719.54,99.75,174.28,1,-1,-1,-1
83,45,1398.76,722.22,88.05,178.46,1,-1,-1,-1
82,45,1408.17,724.60,79.75,177.36,1,-1,-1,-1
84,44,1052.80,573.38,71.21,203.17,1,-1,-1,-1
84,42,1143.18,670.02,84.02,215.44,1,-1,-1,-1
84,33,1837.54,670.64,82.46,240.82,1,-1,-1,-1
84,30,1448.27,688.94,72.93,208.22,1,-1,-1,-1
84,28,1243.57,552.26,55.81,173.48,1,-1,-1,-1
83,28,1243.86,550.60,56.37,176.33,1,-1,-1,-1
82,28,1247.37,550.76,54.61,176.87,1,-1,-1,-1
84,27,282.35,848.39,120.91,231.61,1,-1,-1,-1
84,16,1187.64,683.31,66.00,191.50,1,-1,-1,-1
83,16,1187.71,681.23,66.91,194.40,1,-1,-1,-1
82,16,1189.19,683.22,65.60,189.64,1,-1,-1,-1
84,15,821.88,500.57,56.16,150.97,1,-1,-1,-1
84,13,1001.99,580.38,59.54,149.36,1,-1,-1,-1
84,10,384.33,778.17,89.91,244.46,1,-1,-1,-1
84,8,912.77,550.40,61.68,149.49,1,-1,-1,-1
84,5,632.92,603.42,66.96,184.94,1,-1,-1,-1
84,4,1281.71,922.30,121.30,157.70,1,-1,-1,-1
84,3,448.68,576.43,80.71,187.27,1,-1,-1,-1
84,2,1135.75,917.79,135.95,162.21,1,-1,-1,-1
84,1,1010.48,907.77,121.14,172.23,1,-1,-1,-1
85,85,857.92,591.36,53.99,133.19,1,-1,-1,-1
85,84,758.37,467.71,43.13,126.76,1,-1,-1,-1
85,81,977.20,501.12,39.27,104.66,1,-1,-1,-1
85,79,1693.34,664.92,75.28,200.54,1,-1,-1,-1
85,78,285.31,765.50,96.69,251.47,1,-1,-1,-1
85,72,563.78,581.40,73.10,190.15,1,-1,-1,-1
85,69,797.71,480.90,43.61,112.87,1,-1,-1,-1
85,61,1640.10,662.00,86.22,212.84,1,-1,-1,-1
85,60,1202.42,581.90,57.64,190.36,1,-1,-1,-1
85,58,1067.72,522.11,54.13,137.48,1,-1,-1,-1
85,57,986.24,618.95,73.99,214.45,1,-1,-1,-1
85,55,1138.20,599.87,61.32,161.01,1,-1,-1,-1
85,51,1595.38,680.44,85.59,210.92,1,-1,-1,-1
85,50,1392.55,660.07,78.20,215.96,1,-1,-1,-1
85,45,1389.97,722.85,93.42,172.59,1,-1,-1,-1
85,44,1055.75,573.50,67.69,201.67,1,-1,-1,-1
85,42,1143.07,670.28,76.45,211.96,1,-1,-1,-1
85,34,1453.46,506.15,48.79,120.34,1,-1,-1,-1
84,34,1452.16,502.30,49.98,114.27,1,-1,-1,-1
83,34,1451.24,501.26,50.52,117.28,1,-1,-1,-1
85,33,1846.02,664.14,73.98,415.86,1,-1,-1,-1
85,30,1447.24,688.94,71.27,201.50,1,-1,-1,-1
85,28,1235.94,552.37,50.61,168.49,1,-1,-1,-1
85,27,290.28,850.17,116.46,229.83,1,-1,-1,-1
85,21,159.81,764.08,82.34,246.01,1,-1,-1,-1
84,21,156.39,764.97,86.03,250.97,1,-1,-1,-1
83,21,156.07,766.60,85.39,247.36,1,-1,-1,-1
85,16,1186.90,683.93,66.79,190.83,1,-1,-1,-1
85,15,823.73,501.70,55.50,151.10,1,-1,-1,-1
85,11,900.18,602.02,64.94,174.31,1,-1,-1,-1
84,11,897.64,596.44,65.28,177.35,1,-1,-1,-1
83,11,898.55,600.22,61.21,171.71,1,-1,-1,-1
85,10,393.16,778.37,84.23,239.41,1,-1,-1,-1
85,8,913.08,548.81,63.52,139.77,1,-1,-1,-1
85,5,632.43,602.40,64.06,185.65,1,-1,-1,-1
85,4,1281.10,924.03,121.09,155.97,1,-1,-1,-1
85,3,448.86,575.65,80.19,189.35,1,-1,-1,-1
85,2,1135.48,918.50,136.04,161.50,1,-1,-1,-1
85,1,1009.86,911.21,117.07,168.79,1,-1,-1,-1
86,85,861.33,591.87,50.55,135.40,1,-1,-1,-1
86,84,759.44,475.37,43.20,118.48,1,-1,-1,-1
86,81,978.11,502.55,38.74,97.27,1,-1,-1,-1
86,79,1695.89,668.12,74.66,200.82,1,-1,-1,-1
86,78,288.98,761.76,98.16,259.51,1,-1,-1,-1
86,72,563.81,582.75,72.66,188.74,1,-1,-1,-1
86,69,800.19,482.72,43.55,110.57,1,-1,-1,-1
86,61,1641.17,662.89,92.93,215.49,1,-1,-1,-1
86,60,1202.69,583.12,58.11,194.27,1,-1,-1,-1
86,58,1071.41,522.44,51.83,133.01,1,-1,-1,-1
86,57,983.58,619.38,72.67,213.33,1,-1,-1,-1
86,55,1137.89,600.96,63.88,168.78,1,-1,-1,-1
86,51,1601.95,678.90,79.56,211.14,1,-1,-1,-1
86,45,1385.21,665.16,88.68,229.92,1,-1,-1,-1
86,44,1058.63,580.98,66.04,195.00,1,-1,-1,-1
86,42,1141.20,668.95,77.09,211.22,1,-1,-1,-1
86,37,1154.09,556.38,53.54,146.55,1,-1,-1,-1
85,37,1146.34,555.34,57.15,148.41,1,-1,-1,-1
84,37,1144.18,555.67,58.37,154.45,1,-1,-1,-1
86,34,1455.52,507.93,47.47,117.23,1,-1,-1,-1
86,33,1858.22,673.44,61.78,406.56,1,-1,-1,-1
86,30,1444.52,687.27,73.50,214.12,1,-1,-1,-1
86,28,1233.44,553.43,52.89,167.57,1,-1,-1,-1
86,27,291.82,847.76,117.20,232.24,1,-1,-1,-1
86,25,1012.28,504.85,59.38,136.75,1,-1,-1,-1
85,25,1011.21,504.09,60.40,132.32,1,-1,-1,-1
84,25,1009.92,504.21,60.61,135.08,1,-1,-1,-1
86,21,160.56,764.09,81.63,246.07,1,-1,-1,-1
86,16,1182.77,675.60,68.65,201.26,1,-1,-1,-1
86,15,823.72,501.91,55.97,151.38,1,-1,-1,-1
86,11,902.15,602.10,63.40,175.36,1,-1,-1,-1
86,10,395.34,778.08,82.26,240.01,1,-1,-1,-1
86,8,911.35,550.57,65.97,158.60,1,-1,-1,-1
86,5,628.88,601.77,64.34,186.52,1,-1,-1,-1
86,4,1279.18,924.95,123.23,155.05,1,-1,-1,-1
86,3,449.64,574.79,80.55,189.78,1,-1,-1,-1
86,2,1135.50,917.26,135.63,162.74,1,-1,-1,-1
86,1,1008.91,915.62,116.26,164.38,1,-1,-1,-1
87,85,863.47,603.77,56.84,123.85,1,-1,-1,-1
87,84,758.80,477.41,43.75,117.70,1,-1,-1,-1
87,81,979.65,505.33,37.90,94.34,1,-1,-1,-1
87,79,1698.59,670.46,74.95,201.79,1,-1,-1,-1
87,78,292.11,762.46,98.56,253.91,1,-1,-1,-1
87,72,564.04,583.91,71.34,185.41,1,-1,-1,-1
87,69,798.29,482.36,45.19,112.92,1,-1,-1,-1
87,61,1640.45,663.89,99.21,218.10,1,-1,-1,-1
87,60,1202.49,582.60,60.24,201.96,1,-1,-1,-1
87,58,1072.48,522.96,51.07,131.77,1,-1,-1,-1
87,57,981.88,621.94,71.60,210.92,1,-1,-1,-1
87,55,1136.91,599.91,67.64,178.44,1,-1,-1,-1
87,51,1602.02,677.63,82.19,213.53,1,-1,-1,-1
87,45,1386.17,660.31,81.93,234.26,1,-1,-1,-1
87,44,1060.60,579.62,65.24,195.24,1,-1,-1,-1
87,42,1138.13,669.77,77.71,211.07,1,-1,-1,-1
87,37,1157.67,558.20,53.48,148.91,1,-1,-1,-1
87,34,1456.60,508.66,45.45,116.95,1,-1,-1,-1
87,33,1857.14,695.59,62.86,384.41,1,-1,-1,-1
87,30,1438.47,685.28,79.07,213.20,1,-1,-1,-1
87,28,1226.86,554.70,58.17,178.21,1,-1,-1,-1
87,27,292.69,849.44,118.13,230.56,1,-1,-1,-1
87,25,1014.76,505.90,58.84,139.30,1,-1,-1,-1
87,24,1177.75,676.82,72.62,198.85,1,-1,-1,-1
86,24,1178.10,676.59,72.33,197.59,1,-1,-1,-1
85,24,1184.96,674.93,69.92,202.49,1,-1,-1,-1
87,16,1182.67,675.56,68.16,202.11,1,-1,-1,-1
87,15,824.25,503.33,56.46,150.50,1,-1,-1,-1
87,11,904.33,604.34,61.68,174.34,1,-1,-1,-1
87,10,397.27,778.16,82.45,240.00,1,-1,-1,-1
87,8,914.24,552.38,62.37,152.32,1,-1,-1,-1
87,5,621.24,604.49,68.12,183.36,1,-1,-1,-1
87,4,1277.09,927.15,123.01,152.85,1,-1,-1,-1
87,3,447.97,574.99,77.20,190.63,1,-1,-1,-1
87,2,1134.58,919.07,136.36,160.93,1,-1,-1,-1
87,1,1005.42,918.86,118.02,161.14,1,-1,-1,-1
88,84,759.16,475.85,42.59,118.65,1,-1,-1,-1
88,81,979.87,500.85,38.92,96.07,1,-1,-1,-1
88,79,1701.94,670.16,71.79,199.94,1,-1,-1,-1
88,78,295.49,764.67,98.16,255.27,1,-1,-1,-1
88,72,562.47,583.40,71.16,186.05,1,-1,-1,-1
88,61,1702.12,670.53,70.21,197.67,1,-1,-1,-1
88,60,1201.84,590.89,62.32,196.87,1,-1,-1,-1
88,58,1072.72,522.93,51.70,128.19,1,-1,-1,-1
88,57,980.77,627.04,71.44,207.65,1,-1,-1,-1
88,55,1136.89,608.54,63.90,164.83,1,-1,-1,-1
88,51,1607.27,675.85,82.36,215.26,1,-1,-1,-1
88,45,1387.42,684.52,76.21,210.64,1,-1,-1,-1
88,44,1062.00,578.62,64.25,194.93,1,-1,-1,-1
88,42,1136.27,669.49,81.46,211.86,1,-1,-1,-1
88,37,1161.09,559.98,55.60,157.96,1,-1,-1,-1
88,34,1458.33,510.54,45.00,110.99,1,-1,-1,-1
88,33,1853.62,701.29,66.38,378.71,1,-1,-1,-1
88,30,1432.52,685.15,87.05,210.67,1,-1,-1,-1
88,28,1221.71,554.84,58.65,164.20,1,-1,-1,-1
88,27,295.84,847.77,118.65,232.23,1,-1,-1,-1
88,25,1014.35,505.38,60.90,138.59,1,-1,-1,-1
88,24,1173.12,679.15,75.41,194.14,1,-1,-1,-1
88,16,1176.87,676.53,72.25,202.00,1,-1,-1,-1
88,15,824.50,502.82,58.05,150.51,1,-1,-1,-1
88,11,906.87,605.29,60.34,171.74,1,-1,-1,-1
88,10,398.59,777.53,82.19,241.22,1,-1,-1,-1
88,8,914.63,552.32,63.35,153.84,1,-1,-1,-1
88,5,606.34,604.43,82.98,182.07,1,-1,-1,-1
88,4,1276.46,928.31,123.19,151.69,1,-1,-1,-1
88,3,448.41,575.07,76.49,188.96,1,-1,-1,-1
88,2,1134.32,921.34,136.56,158.66,1,-1,-1,-1
88,1,1003.22,921.82,118.61,158.18,1,-1,-1,-1
89,84,759.65,485.65,39.37,109.76,1,-1,-1,-1
89,81,978.89,500.39,39.74,98.25,1,-1,-1,-1
89,79,1706.16,670.67,69.16,203.59,1,-1,-1,-1
89,78,296.42,764.31,100.74,258.32,1,-1,-1,-1
89,72,561.89,582.38,69.27,184.14,1,-1,-1,-1
89,61,1705.08,671.81,69.55,200.40,1,-1,-1,-1
89,60,1202.97,594.84,60.14,192.41,1,-1,-1,-1
89,58,1073.81,524.49,50.91,124.87,1,-1,-1,-1
89,57,979.42,625.85,72.76,206.89,1,-1,-1,-1
89,55,1136.13,611.06,65.20,165.86,1,-1,-1,-1
89,51,1612.51,677.15,76.39,215.90,1,-1,-1,-1
89,45,1396.66,659.49,69.88,220.33,1,-1,-1,-1
89,44,1064.76,575.03,63.07,198.60,1,-1,-1,-1
89,42,1134.06,667.36,79.65,214.08,1,-1,-1,-1
89,37,1162.42,561.64,56.20,156.26,1,-1,-1,-1
89,34,1458.85,509.37,44.39,112.18,1,-1,-1,-1
89,33,1858.63,705.27,61.37,374.73,1,-1,-1,-1
89,30,1429.98,683.15,88.87,213.58,1,-1,-1,-1
89,28,1219.50,555.21,56.41,160.54,1,-1,-1,-1
89,27,298.31,843.64,118.85,236.36,1,-1,-1,-1
89,25,1015.04,504.57,60.93,142.18,1,-1,-1,-1
89,24,1170.83,682.14,76.56,191.96,1,-1,-1,-1
89,16,1174.96,677.63,72.52,200.75,1,-1,-1,-1
89,15,825.40,503.26,57.27,150.70,1,-1,-1,-1
89,11,908.58,606.62,59.08,171.59,1,-1,-1,-1
89,10,399.26,777.02,83.52,239.87,1,-1,-1,-1
89,8,913.57,557.90,65.05,154.32,1,-1,-1,-1
89,5,601.27,603.39,87.11,184.14,1,-1,-1,-1
89,4,1275.78,930.25,122.07,149.75,1,-1,-1,-1
89,3,448.97,575.02,73.62,189.74,1,-1,-1,-1
89,2,1133.91,921.37,136.08,158.63,1,-1,-1,-1
89,1,999.48,922.28,115.92,157.72,1,-1,-1,-1
90,90,861.39,594.78,44.94,129.54,1,-1,-1,-1
89,90,861.56,594.17,42.92,104.50,1,-1,-1,-1
88,90,861.43,594.22,43.44,107.55,1,-1,-1,-1
90,84,759.41,482.82,41.62,112.78,1,-1,-1,-1
90,83,796.72,483.63,44.10,110.81,1,-1,-1,-1
89,83,797.83,481.81,44.85,111.64,1,-1,-1,-1
88,83,796.41,483.76,45.10,110.52,1,-1,-1,-1
90,81,980.31,503.12,38.10,97.61,1,-1,-1,-1
90,79,1715.25,675.55,63.25,189.72,1,-1,-1,-1
90,78,297.99,763.22,101.36,257.81,1,-1,-1,-1
90,72,558.50,583.21,70.88,183.80,1,-1,-1,-1
90,60,1204.01,602.15,62.10,190.97,1,-1,-1,-1
90,58,1074.65,523.11,50.77,124.88,1,-1,-1,-1
90,57,975.10,625.39,74.68,206.71,1,-1,-1,-1
90,55,1135.33,606.27,72.97,175.14,1,-1,-1,-1
90,51,1623.15,676.82,71.26,214.10,1,-1,-1,-1
90,50,1385.86,714.43,68.97,181.48,1,-1,-1,-1
89,50,1388.01,707.08,69.03,187.38,1,-1,-1,-1
88,50,1390.47,659.73,78.12,231.43,1,-1,-1,-1
90,45,1397.34,659.60,67.75,193.03,1,-1,-1,-1
90,44,1066.73,575.06,61.98,195.67,1,-1,-1,-1
90,42,1132.05,671.27,78.80,210.62,1,-1,-1,-1
90,38,1644.66,670.76,110.11,218.76,1,-1,-1,-1
89,38,1645.13,668.63,106.15,217.03,1,-1,-1,-1
88,38,1630.98,666.00,119.12,220.41,1,-1,-1,-1
90,37,1164.67,565.18,57.23,150.40,1,-1,-1,-1
90,35,861.13,485.02,42.02,105.46,1,-1,-1,-1
89,35,862.58,486.86,39.82,101.98,1,-1,-1,-1
88,35,861.88,481.34,42.20,108.01,1,-1,-1,-1
90,34,1458.45,509.45,44.57,114.00,1,-1,-1,-1
90,33,1868.75,700.22,51.25,379.78,1,-1,-1,-1
90,30,1436.69,685.32,82.12,210.73,1,-1,-1,-1
90,28,1216.95,559.53,56.32,154.91,1,-1,-1,-1
90,27,301.46,844.07,117.43,235.93,1,-1,-1,-1
90,25,1015.42,504.52,60.54,141.20,1,-1,-1,-1
90,24,1163.56,677.00,79.76,201.55,1,-1,-1,-1
90,21,163.36,764.35,80.97,251.52,1,-1,-1,-1
89,21,163.57,764.54,80.27,245.41,1,-1,-1,-1
88,21,162.07,766.56,79.35,247.31,1,-1,-1,-1
90,15,825.18,505.98,57.05,145.33,1,-1,-1,-1
90,11,908.56,607.90,59.13,175.57,1,-1,-1,-1
90,10,400.17,776.89,85.56,241.59,1,-1,-1,-1
90,8,913.60,560.04,63.49,144.15,1,-1,-1,-1
90,5,598.86,605.50,87.86,183.21,1,-1,-1,-1
90,4,1275.34,932.58,121.11,147.42,1,-1,-1,-1
90,3,447.51,576.15,72.16,188.31,1,-1,-1,-1
90,2,1133.62,926.31,136.37,153.69,1,-1,-1,-1
90,1,994.40,922.86,117.86,157.14,1,-1,-1,-1
91,90,859.13,592.97,47.06,131.33,1,-1,-1,-1
91,84,758.86,480.62,42.13,116.42,1,-1,-1,-1
91,83,797.16,481.94,43.71,112.55,1,-1,-1,-1
91,81,979.42,502.10,38.97,98.45,1,-1,-1,-1
91,79,1714.01,673.41,66.40,192.33,1,-1,-1,-1
91,78,299.86,761.40,102.95,261.39,1,-1,-1,-1
91,72,555.25,581.48,69.85,183.06,1,-1,-1,-1
91,62,1811.42,712.31,100.93,237.61,1,-1,-1,-1
90,62,1818.99,709.26,95.38,245.03,1,-1,-1,-1
89,62,1839.88,711.92,76.18,239.29,1,-1,-1,-1
91,60,1203.26,597.60,65.24,195.72,1,-1,-1,-1
91,58,1075.98,527.32,52.21,129.45,1,-1,-1,-1
91,57,971.53,628.43,77.44,200.06,1,-1,-1,-1
91,55,1134.74,604.75,68.29,174.60,1,-1,-1,-1
91,51,1628.40,675.16,69.47,217.72,1,-1,-1,-1
91,50,1382.40,717.40,65.18,177.11,1,-1,-1,-1
91,45,1398.42,659.29,67.52,181.92,1,-1,-1,-1
91,44,1066.36,571.85,63.55,200.44,1,-1,-1,-1
91,42,1126.42,671.05,81.36,210.70,1,-1,-1,-1
91,38,1660.55,673.26,97.66,217.70,1,-1,-1,-1
91,37,1170.40,565.04,57.52,161.95,1,-1,-1,-1
91,35,862.52,486.14,40.16,104.38,1,-1,-1,-1
91,34,1458.84,509.24,44.57,114.73,1,-1,-1,-1
91,33,1868.76,696.37,51.24,383.63,1,-1,-1,-1
91,30,1434.91,686.07,84.61,208.85,1,-1,-1,-1
91,28,1214.15,558.03,50.63,150.80,1,-1,-1,-1
91,27,302.56,837.53,120.29,242.47,1,-1,-1,-1
91,24,1164.21,678.28,77.65,200.35,1,-1,-1,-1
91,21,163.64,765.61,80.99,247.82,1,-1,-1,-1
91,15,824.78,504.14,59.67,150.86,1,-1,-1,-1
91,14,1382.06,718.46,65.36,174.31,1,-1,-1,-1
90,14,1383.97,714.83,68.63,180.04,1,-1,-1,-1
89,14,1387.95,708.86,70.89,186.57,1,-1,-1,-1
91,13,1006.23,584.36,53.67,158.70,1,-1,-1,-1
90,13,1006.04,585.30,52.60,157.07,1,-1,-1,-1
89,13,1005.95,584.65,51.55,142.30,1,-1,-1,-1
91,11,908.42,607.22,60.34,177.40,1,-1,-1,-1
91,10,401.71,776.81,85.02,241.17,1,-1,-1,-1
91,8,914.46,560.36,62.16,139.60,1,-1,-1,-1
91,5,595.53,608.90,90.45,180.96,1,-1,-1,-1
91,4,1274.74,938.02,116.75,141.98,1,-1,-1,-1
91,3,446.94,577.09,72.03,186.57,1,-1,-1,-1
91,2,1133.85,930.82,134.49,149.18,1,-1,-1,-1
91,1,992.10,923.50,115.12,156.50,1,-1,-1,-1
92,90,859.47,592.75,46.07,133.01,1,-1,-1,-1
92,84,760.65,476.85,42.42,118.71,1,-1,-1,-1
92,83,797.69,481.57,45.15,113.68,1,-1,-1,-1
92,81,980.72,500.89,40.00,100.42,1,-1,-1,-1
92,79,1719.05,672.11,63.57,195.57,1,-1,-1,-1
92,78,300.06,755.29,102.49,263.85,1,-1,-1,-1
92,72,550.96,579.87,69.56,183.19,1,-1,-1,-1
92,62,1799.28,719.12,105.86,223.02,1,-1,-1,-1
92,60,1205.17,594.24,61.73,184.20,1,-1,-1,-1
92,58,1075.83,526.46,53.78,129.55,1,-1,-1,-1
92,57,963.11,634.15,80.50,189.30,1,-1,-1,-1
92,55,1136.57,606.29,62.00,168.40,1,-1,-1,-1
92,51,1633.20,678.00,70.12,217.91,1,-1,-1,-1
92,50,1381.02,718.81,63.34,175.97,1,-1,-1,-1
92,45,1401.13,660.66,63.97,174.05,1,-1,-1,-1
92,44,1067.42,582.14,62.66,190.07,1,-1,-1,-1
92,42,1127.80,670.67,76.06,211.74,1,-1,-1,-1
92,38,1652.19,675.73,105.93,215.70,1,-1,-1,-1
92,37,1177.15,565.34,55.25,153.76,1,-1,-1,-1
92,34,1454.85,508.42,48.30,117.32,1,-1,-1,-1
92,33,1872.33,691.14,47.39,388.86,1,-1,-1,-1
92,30,1431.84,688.41,88.66,206.46,1,-1,-1,-1
92,28,1211.40,558.46,50.98,154.92,1,-1,-1,-1
92,27,304.88,839.80,121.90,240.20,1,-1,-1,-1
92,24,1164.06,669.50,75.48,209.84,1,-1,-1,-1
92,21,162.89,765.69,81.93,246.61,1,-1,-1,-1
92,15,824.75,504.46,58.90,150.05,1,-1,-1,-1
92,14,1380.69,719.57,62.50,173.23,1,-1,-1,-1
92,13,1006.30,587.20,53.59,167.63,1,-1,-1,-1
92,11,911.81,608.93,57.88,175.32,1,-1,-1,-1
92,10,403.65,776.66,83.26,241.72,1,-1,-1,-1
92,8,913.27,560.90,63.93,147.26,1,-1,-1,-1
92,5,592.06,607.83,93.52,180.98,1,-1,-1,-1
92,4,1272.01,937.09,116.99,142.91,1,-1,-1,-1
92,3,443.32,576.70,73.13,189.16,1,-1,-1,-1
92,2,1134.00,929.59,130.90,150.41,1,-1,-1,-1
92,1,988.66,922.33,112.57,157.67,1,-1,-1,-1
93,90,860.77,591.33,45.28,137.20,1,-1,-1,-1
93,84,761.18,487.99,40.58,109.64,1,-1,-1,-1
93,83,797.96,483.05,44.66,112.21,1,-1,-1,-1
93,82,1864.66,705.27,55.13,251.11,1,-1,-1,-1
92,82,1871.94,699.57,47.63,268.69,1,-1,-1,-1
91,82,1863.50,703.74,56.41,275.50,1,-1,-1,-1
93,81,981.77,501.00,40.30,104.50,1,-1,-1,-1
93,79,1723.25,672.99,64.20,212.77,1,-1,-1,-1
93,78,302.16,757.46,100.37,257.33,1,-1,-1,-1
93,73,1017.24,509.60,61.54,139.87,1,-1,-1,-1
92,73,1015.04,506.94,62.47,144.41,1,-1,-1,-1
91,73,1013.84,504.37,62.95,145.84,1,-1,-1,-1
93,72,550.19,580.56,70.98,186.08,1,-1,-1,-1
93,62,1796.41,721.48,102.02,225.38,1,-1,-1,-1
93,60,1205.05,598.69,60.79,176.32,1,-1,-1,-1
93,58,1077.03,527.05,54.84,127.96,1,-1,-1,-1
93,57,961.34,635.23,78.14,193.19,1,-1,-1,-1
93,55,1134.85,604.26,68.04,173.53,1,-1,-1,-1
93,51,1636.82,674.81,69.12,220.25,1,-1,-1,-1
93,50,1377.32,718.85,64.31,177.16,1,-1,-1,-1
93,45,1400.09,660.57,63.34,167.51,1,-1,-1,-1
93,42,1126.14,674.39,77.89,209.29,1,-1,-1,-1
93,38,1665.84,678.15,99.08,214.08,1,-1,-1,-1
93,37,1182.61,569.40,55.82,157.80,1,-1,-1,-1
93,34,1456.02,509.94,46.44,114.50,1,-1,-1,-1
93,30,1430.16,687.32,82.66,205.58,1,-1,-1,-1
93,28,1210.23,557.33,50.05,152.76,1,-1,-1,-1
93,27,308.87,840.67,123.56,239.33,1,-1,-1,-1
93,21,161.94,767.24,83.04,242.21,1,-1,-1,-1
93,15,824.40,506.01,61.54,150.56,1,-1,-1,-1
93,14,1377.12,721.46,62.64,171.92,1,-1,-1,-1
93,13,1004.22,588.31,56.31,177.79,1,-1,-1,-1
93,11,912.04,609.50,59.22,174.68,1,-1,-1,-1
93,10,404.29,776.90,84.17,241.36,1,-1,-1,-1
93,8,914.56,559.66,62.88,142.55,1,-1,-1,-1
93,5,592.21,605.95,89.12,183.65,1,-1,-1,-1
93,4,1270.93,938.21,116.78,141.79,1,-1,-1,-1
93,3,442.23,576.95,73.82,188.63,1,-1,-1,-1
93,2,1133.21,933.02,129.34,146.98,1,-1,-1,-1
93,1,983.49,923.29,118.11,156.71,1,-1,-1,-1
94,90,859.81,592.35,45.89,136.12,1,-1,-1,-1
94,84,761.49,487.66,39.50,108.77,1,-1,-1,-1
94,81,977.52,501.11,41.87,105.53,1,-1,-1,-1
94,79,1729.60,673.41,63.28,198.57,1,-1,-1,-1
94,78,305.24,757.30,96.86,251.88,1,-1,-1,-1
94,73,1021.86,512.13,60.96,144.70,1,-1,-1,-1
94,72,550.09,579.83,67.87,189.22,1,-1,-1,-1
94,62,1793.93,724.58,91.98,219.21,1,-1,-1,-1
94,60,1207.27,608.22,58.87,166.57,1,-1,-1,-1
94,58,1078.82,527.13,53.07,126.44,1,-1,-1,-1
94,57,958.01,634.25,77.21,194.07,1,-1,-1,-1
94,55,1138.12,602.38,63.68,171.29,1,-1,-1,-1
94,51,1639.47,676.05,68.52,222.66,1,-1,-1,-1
94,45,1402.03,662.64,62.46,170.01,1,-1,-1,-1
94,42,1125.50,672.80,79.43,211.18,1,-1,-1,-1
94,38,1693.65,677.69,72.25,212.29,1,-1,-1,-1
94,37,1187.68,560.38,62.62,177.74,1,-1,-1,-1
94,34,1454.24,509.55,48.60,112.24,1,-1,-1,-1
94,30,1428.57,688.29,68.73,200.46,1,-1,-1,-1
94,27,312.41,840.13,122.74,239.87,1,-1,-1,-1
94,21,161.82,768.02,83.32,235.46,1,-1,-1,-1
94,15,826.95,507.56,59.69,146.93,1,-1,-1,-1
94,14,1376.78,722.56,59.29,170.08,1,-1,-1,-1
94,13,1003.35,587.90,55.75,181.54,1,-1,-1,-1
94,11,913.65,611.18,59.09,172.30,1,-1,-1,-1
94,10,407.30,777.32,81.76,239.94,1,-1,-1,-1
94,8,914.91,558.25,63.99,158.03,1,-1,-1,-1
94,5,592.99,604.41,84.64,188.99,1,-1,-1,-1
94,4,1269.44,936.26,117.22,143.74,1,-1,-1,-1
94,3,435.38,572.09,77.52,202.57,1,-1,-1,-1
94,2,1129.34,933.10,129.19,146.90,1,-1,-1,-1
94,1,980.15,924.07,118.20,155.93,1,-1,-1,-1
95,90,860.19,590.61,45.36,130.96,1,-1,-1,-1
95,84,761.65,477.24,42.49,119.38,1,-1,-1,-1
95,79,1737.09,675.91,63.59,195.58,1,-1,-1,-1
95,78,308.61,757.56,93.77,248.58,1,-1,-1,-1
95,73,1021.24,507.64,61.24,150.39,1,-1,-1,-1
95,72,551.03,579.57,66.65,191.55,1,-1,-1,-1
95,62,1792.88,724.00,83.81,215.72,1,-1,-1,-1
95,60,1207.18,601.71,60.15,170.80,1,-1,-1,-1
95,58,1078.65,528.14,55.22,128.64,1,-1,-1,-1
95,57,956.85,635.50,74.80,192.46,1,-1,-1,-1
95,55,1138.48,601.19,62.33,165.27,1,-1,-1,-1
95,51,1641.53,676.52,72.88,223.82,1,-1,-1,-1
95,45,1403.31,661.15,61.59,176.59,1,-1,-1,-1
95,42,1123.08,675.28,80.31,209.69,1,-1,-1,-1
95,38,1693.61,676.07,80.26,214.83,1,-1,-1,-1
95,37,1190.85,561.32,59.94,172.37,1,-1,-1,-1
95,34,1455.10,510.64,50.07,112.81,1,-1,-1,-1
95,30,1428.28,688.85,67.44,197.11,1,-1,-1,-1
95,27,315.61,837.16,122.03,242.84,1,-1,-1,-1
95,21,163.39,767.97,83.03,230.18,1,-1,-1,-1
95,15,828.86,507.14,58.64,147.82,1,-1,-1,-1
95,14,1374.53,719.25,61.31,172.18,1,-1,-1,-1
95,13,1003.32,590.60,56.00,180.09,1,-1,-1,-1
95,11,914.75,613.16,59.25,170.64,1,-1,-1,-1
95,10,410.33,778.37,79.39,239.00,1,-1,-1,-1
95,8,915.86,560.04,63.88,158.11,1,-1,-1,-1
95,5,592.50,604.75,79.44,187.27,1,-1,-1,-1
95,4,1267.85,937.24,118.31,142.76,1,-1,-1,-1
95,3,434.89,571.87,77.34,200.51,1,-1,-1,-1
95,2,1127.92,931.82,127.16,148.18,1,-1,-1,-1
95,1,977.97,925.13,119.66,154.87,1,-1,-1,-1
96,90,859.89,588.86,44.54,105.94,1,-1,-1,-1
96,86,1473.27,737.78,54.72,126.75,1,-1,-1,-1
95,86,1472.93,738.85,53.42,125.62,1,-1,-1,-1
94,86,1468.97,737.22,57.43,138.72,1,-1,-1,-1
96,84,760.75,478.56,41.55,116.31,1,-1,-1,-1
96,79,1738.10,673.49,67.95,199.45,1,-1,-1,-1
96,78,312.25,758.22,91.74,246.83,1,-1,-1,-1
96,73,1022.03,508.48,61.58,149.02,1,-1,-1,-1
96,72,550.88,579.72,65.31,190.01,1,-1,-1,-1
96,62,1792.00,720.35,80.10,218.78,1,-1,-1,-1
96,60,1206.06,598.19,61.91,174.14,1,-1,-1,-1
96,58,1079.01,528.09,57.41,132.73,1,-1,-1,-1
96,57,952.62,638.80,79.26,191.87,1,-1,-1,-1
96,55,1138.84,598.90,61.08,165.81,1,-1,-1,-1
96,51,1642.80,679.84,82.79,222.10,1,-1,-1,-1
96,45,1406.12,662.13,58.62,171.21,1,-1,-1,-1
96,42,1117.01,671.80,86.79,213.18,1,-1,-1,-1
96,38,1695.25,677.80,78.65,217.36,1,-1,-1,-1
96,37,1197.82,555.16,58.64,168.15,1,-1,-1,-1
96,34,1454.17,510.45,49.81,112.30,1,-1,-1,-1
96,33,1848.17,699.61,71.83,380.39,1,-1,-1,-1
95,33,1856.10,697.25,63.71,382.75,1,-1,-1,-1
94,33,1860.67,693.82,59.29,386.18,1,-1,-1,-1
96,30,1426.87,689.71,69.86,190.41,1,-1,-1,-1
96,27,321.72,836.71,118.85,243.29,1,-1,-1,-1
96,21,165.03,767.78,81.46,225.13,1,-1,-1,-1
96,15,827.09,511.53,59.72,145.12,1,-1,-1,-1
96,13,1002.71,587.51,57.74,187.55,1,-1,-1,-1
96,11,914.64,612.59,62.21,171.54,1,-1,-1,-1
96,10,411.34,777.78,80.33,239.49,1,-1,-1,-1
96,8,915.51,559.45,67.05,167.02,1,-1,-1,-1
96,5,592.57,602.97,73.02,184.78,1,-1,-1,-1
96,4,1266.51,936.19,119.66,143.81,1,-1,-1,-1
96,3,430.65,569.01,80.17,204.92,1,-1,-1,-1
96,2,1125.67,930.08,127.80,149.92,1,-1,-1,-1
96,1,975.47,926.77,121.35,153.23,1,-1,-1,-1
97,86,1472.69,733.45,53.68,131.99,1,-1,-1,-1
97,84,760.48,480.32,41.80,113.90,1,-1,-1,-1
97,83,801.81,487.85,45.20,108.90,1,-1,-1,-1
96,83,802.82,485.64,43.54,109.55,1,-1,-1,-1
95,83,800.65,484.44,46.12,111.92,1,-1,-1,-1
97,79,1739.22,674.66,72.41,200.91,1,-1,-1,-1
97,78,313.70,759.63,95.39,248.97,1,-1,-1,-1
97,72,548.75,578.76,68.32,191.37,1,-1,-1,-1
97,62,1792.38,720.60,76.32,220.79,1,-1,-1,-1
97,60,1206.76,596.17,62.01,182.75,1,-1,-1,-1
97,58,1079.62,528.51,60.16,137.77,1,-1,-1,-1
97,57,950.04,640.28,76.70,187.76,1,-1,-1,-1
97,55,1151.71,596.60,52.15,152.59,1,-1,-1,-1
97,51,1642.20,680.58,97.82,222.80,1,-1,-1,-1
97,50,1375.03,717.47,59.19,172.07,1,-1,-1,-1
96,50,1375.64,719.84,58.93,170.79,1,-1,-1,-1
95,50,1374.49,717.25,62.73,176.00,1,-1,-1,-1
97,45,1407.57,664.07,58.26,169.71,1,-1,-1,-1
97,42,1113.84,667.85,88.89,217.35,1,-1,-1,-1
97,38,1707.30,679.57,72.15,212.53,1,-1,-1,-1
97,37,1199.70,563.98,61.04,188.82,1,-1,-1,-1
97,34,1456.91,511.33,48.46,112.31,1,-1,-1,-1
97,30,1426.18,687.95,69.75,188.19,1,-1,-1,-1
97,27,326.10,836.54,120.05,243.46,1,-1,-1,-1
97,21,165.88,767.99,82.12,224.96,1,-1,-1,-1
97,15,827.29,512.94,60.64,145.70,1,-1,-1,-1
97,13,1003.78,585.83,58.73,189.19,1,-1,-1,-1
97,11,916.90,611.29,64.26,174.68,1,-1,-1,-1
97,10,412.18,773.38,82.03,242.91,1,-1,-1,-1
97,8,915.07,559.99,67.17,165.98,1,-1,-1,-1
97,5,591.29,599.95,68.45,188.44,1,-1,-1,-1
97,4,1264.82,932.64,121.58,147.36,1,-1,-1,-1
97,3,436.46,567.39,74.09,198.40,1,-1,-1,-1
97,2,1124.63,930.20,127.25,149.80,1,-1,-1,-1
97,1,973.73,926.18,123.02,153.82,1,-1,-1,-1
98,86,1471.66,731.04,53.57,134.89,1,-1,-1,-1
98,84,759.37,483.19,40.34,114.80,1,-1,-1,-1
98,83,803.44,488.62,45.53,110.68,1,-1,-1,-1
98,79,1747.43,675.62,66.22,189.94,1,-1,-1,-1
98,78,317.07,757.24,93.98,249.60,1,-1,-1,-1
98,72,545.80,582.42,72.75,192.16,1,-1,-1,-1
98,62,1786.83,720.19,75.83,225.62,1,-1,-1,-1
98,60,1204.61,591.79,64.94,191.23,1,-1,-1,-1
98,58,1082.28,528.92,55.42,128.43,1,-1,-1,-1
98,57,941.59,630.21,78.57,197.94,1,-1,-1,-1
98,55,1154.07,596.64,51.34,147.98,1,-1,-1,-1
98,51,1644.14,687.16,88.15,217.37,1,-1,-1,-1
98,50,1372.81,720.00,60.56,171.60,1,-1,-1,-1
98,45,1411.88,660.94,61.43,180.15,1,-1,-1,-1
98,44,1074.74,584.53,67.05,184.67,1,-1,-1,-1
97,44,1074.37,585.09,68.80,185.02,1,-1,-1,-1
96,44,1073.14,585.31,69.43,184.70,1,-1,-1,-1
98,42,1114.79,670.36,87.46,213.80,1,-1,-1,-1
98,38,1709.68,680.40,76.32,218.20,1,-1,-1,-1
98,37,1201.35,571.53,65.62,197.49,1,-1,-1,-1
98,34,1455.08,510.36,50.85,115.71,1,-1,-1,-1
98,30,1426.09,686.51,69.90,187.00,1,-1,-1,-1
98,27,326.37,836.72,126.45,243.28,1,-1,-1,-1
98,21,165.28,767.15,83.69,232.00,1,-1,-1,-1
98,15,831.32,512.77,57.60,146.40,1,-1,-1,-1
98,13,1003.73,586.54,58.57,189.70,1,-1,-1,-1
98,11,920.09,608.94,64.58,179.04,1,-1,-1,-1
98,10,412.67,770.55,85.69,245.73,1,-1,-1,-1
98,8,915.48,559.84,68.23,161.34,1,-1,-1,-1
98,5,586.41,602.08,70.59,186.03,1,-1,-1,-1
98,4,1262.80,930.94,122.61,149.06,1,-1,-1,-1
98,3,436.30,566.85,74.04,196.18,1,-1,-1,-1
98,2,1123.03,930.16,127.05,149.84,1,-1,-1,-1
98,1,970.45,932.76,124.89,147.24,1,-1,-1,-1
99,92,1426.95,684.36,67.54,196.63,1,-1,-1,-1
98,92,1425.93,686.81,67.83,193.24,1,-1,-1,-1
97,92,1424.45,688.90,69.03,191.12,1,-1,-1,-1
99,86,1473.20,728.70,50.75,137.18,1,-1,-1,-1
99,84,759.91,484.67,41.02,115.79,1,-1,-1,-1
99,83,804.65,489.63,47.11,108.74,1,-1,-1,-1
99,79,1753.66,677.07,65.22,197.84,1,-1,-1,-1
99,78,317.96,757.57,95.56,250.24,1,-1,-1,-1
99,72,543.52,578.67,67.52,185.00,1,-1,-1,-1
99,62,1780.43,717.12,77.66,235.77,1,-1,-1,-1
99,60,1206.80,597.82,62.83,186.42,1,-1,-1,-1
99,58,1085.20,529.76,51.87,123.40,1,-1,-1,-1
99,57,931.16,609.39,82.81,212.95,1,-1,-1,-1
99,55,1152.59,596.71,53.56,167.02,1,-1,-1,-1
99,51,1643.81,685.10,96.20,219.62,1,-1,-1,-1
99,50,1371.05,717.38,64.75,172.76,1,-1,-1,-1
99,44,1071.47,584.72,59.53,187.99,1,-1,-1,-1
99,42,1115.71,670.40,86.91,214.89,1,-1,-1,-1
99,38,1713.77,679.60,79.53,222.94,1,-1,-1,-1
99,37,1206.97,568.40,57.76,178.34,1,-1,-1,-1
99,35,873.73,492.59,43.11,117.24,1,-1,-1,-1
98,35,872.38,494.98,42.08,113.72,1,-1,-1,-1
97,35,874.53,500.76,39.30,104.57,1,-1,-1,-1
99,34,1455.47,509.53,51.79,116.64,1,-1,-1,-1
99,30,1427.85,684.74,68.67,190.26,1,-1,-1,-1
99,27,333.62,837.59,119.60,242.41,1,-1,-1,-1
99,21,167.45,770.03,85.24,229.72,1,-1,-1,-1
99,15,832.00,513.89,57.88,147.44,1,-1,-1,-1
99,13,1005.03,586.10,57.31,192.49,1,-1,-1,-1
99,11,922.87,608.03,63.21,181.52,1,-1,-1,-1
99,10,414.97,770.91,83.81,240.25,1,-1,-1,-1
99,8,915.43,563.28,66.70,152.47,1,-1,-1,-1
99,5,582.33,602.67,71.40,184.29,1,-1,-1,-1
99,4,1261.89,930.61,124.02,149.39,1,-1,-1,-1
99,3,436.04,566.14,73.95,198.04,1,-1,-1,-1
99,2,1121.89,931.96,126.06,148.04,1,-1,-1,-1
99,1,967.42,935.15,126.83,144.85,1,-1,-1,-1
100,90,859.42,593.98,56.51,140.46,1,-1,-1,-1
99,90,860.05,591.19,55.07,140.73,1,-1,-1,-1
98,90,858.91,587.83,48.99,143.86,1,-1,-1,-1
100,86,1472.46,728.09,52.40,140.02,1,-1,-1,-1
100,84,761.07,483.90,41.03,118.12,1,-1,-1,-1
100,83,805.19,487.98,46.88,111.39,1,-1,-1,-1
100,81,993.40,507.20,38.80,112.97,1,-1,-1,-1
99,81,991.85,505.27,38.37,114.83,1,-1,-1,-1
98,81,991.83,509.77,37.94,110.48,1,-1,-1,-1
100,79,1755.47,675.07,66.06,206.82,1,-1,-1,-1
100,78,320.61,757.53,95.45,250.09,1,-1,-1,-1
100,62,1772.26,714.32,79.15,232.17,1,-1,-1,-1
100,60,1212.86,599.48,63.06,188.96,1,-1,-1,-1
100,58,1086.72,531.03,50.91,127.82,1,-1,-1,-1
100,57,932.02,611.68,77.16,210.43,1,-1,-1,-1
100,55,1153.37,596.30,52.92,164.91,1,-1,-1,-1
100,51,1644.91,687.56,112.71,218.48,1,-1,-1,-1
100,50,1367.94,716.62,68.65,168.96,1,-1,-1,-1
100,44,1071.30,582.62,60.15,189.72,1,-1,-1,-1
100,42,1114.95,670.76,87.42,215.21,1,-1,-1,-1
100,38,1721.61,679.41,80.64,223.30,1,-1,-1,-1
100,37,1208.99,567.88,59.45,179.55,1,-1,-1,-1
100,35,874.86,498.02,43.22,115.30,1,-1,-1,-1
100,33,1825.47,713.67,81.57,223.48,1,-1,-1,-1
99,33,1827.63,715.62,77.45,219.00,1,-1,-1,-1
98,33,1818.34,717.57,85.26,222.54,1,-1,-1,-1
100,30,1424.92,677.60,72.73,204.34,1,-1,-1,-1
100,28,1181.93,555.70,49.16,152.37,1,-1,-1,-1
99,28,1187.26,555.47,46.57,144.73,1,-1,-1,-1
98,28,1186.79,554.63,48.65,152.29,1,-1,-1,-1
100,27,339.05,836.36,116.61,243.64,1,-1,-1,-1
100,21,169.03,771.94,86.07,223.04,1,-1,-1,-1
100,15,832.87,514.09,55.84,146.36,1,-1,-1,-1
100,13,1004.92,586.03,56.98,193.87,1,-1,-1,-1
100,10,417.19,770.50,82.79,237.16,1,-1,-1,-1
100,8,913.13,562.42,71.39,167.01,1,-1,-1,-1
100,5,579.76,606.02,72.99,181.15,1,-1,-1,-1
100,4,1262.46,931.42,124.33,148.58,1,-1,-1,-1
100,3,433.74,565.33,74.17,201.16,1,-1,-1,-1
100,2,1120.02,932.06,127.49,147.94,1,-1,-1,-1
100,1,965.45,936.01,127.44,143.99,1,-1,-1,-1
101,90,859.37,597.33,56.86,137.44,1,-1,-1,-1
101,86,1474.02,725.62,52.51,145.05,1,-1,-1,-1
101,84,760.00,484.39,42.22,120.41,1,-1,-1,-1
101,83,804.53,487.07,48.34,117.15,1,-1,-1,-1
101,81,994.47,505.42,38.64,114.44,1,-1,-1,-1
101,78,322.00,755.84,95.37,249.56,1,-1,-1,-1
101,62,1760.75,714.91,81.74,233.65,1,-1,-1,-1
101,60,1213.10,599.14,63.91,189.41,1,-1,-1,-1
101,58,1087.46,532.46,49.99,125.70,1,-1,-1,-1
101,57,928.18,613.42,77.27,211.25,1,-1,-1,-1
101,55,1156.17,602.90,54.76,155.93,1,-1,-1,-1
101,51,1646.48,690.97,114.87,214.25,1,-1,-1,-1
101,50,1368.38,711.72,66.26,173.08,1,-1,-1,-1
101,44,1071.15,584.14,58.95,189.40,1,-1,-1,-1
101,42,1127.62,674.69,74.41,211.96,1,-1,-1,-1
101,38,1727.20,684.27,72.17,206.51,1,-1,-1,-1
101,37,1213.69,568.67,58.06,170.38,1,-1,-1,-1
101,35,876.32,497.30,43.97,115.06,1,-1,-1,-1
101,33,1820.79,714.28,80.39,221.84,1,-1,-1,-1
101,29,1128.27,576.57,46.46,138.90,1,-1,-1,-1
100,29,1120.38,572.22,49.94,152.81,1,-1,-1,-1
99,29,1118.71,578.38,45.50,140.02,1,-1,-1,-1
101,28,1178.92,558.15,51.97,159.15,1,-1,-1,-1
101,27,343.45,834.01,113.86,245.99,1,-1,-1,-1
101,25,1027.48,516.28,62.82,143.45,1,-1,-1,-1
100,25,1025.27,514.06,62.88,145.31,1,-1,-1,-1
99,25,1022.07,512.15,63.46,143.00,1,-1,-1,-1
101,21,171.24,774.34,86.15,231.46,1,-1,-1,-1
101,15,830.00,513.75,59.54,147.11,1,-1,-1,-1
101,13,1005.84,587.04,55.83,193.12,1,-1,-1,-1
101,10,419.49,767.84,82.87,238.50,1,-1,-1,-1
101,8,913.44,564.60,71.49,175.57,1,-1,-1,-1
101,5,579.59,607.20,67.52,179.77,1,-1,-1,-1
101,4,1261.39,925.09,126.10,154.91,1,-1,-1,-1
101,3,431.69,566.96,75.44,199.46,1,-1,-1,-1
101,2,1115.50,926.34,131.57,153.66,1,-1,-1,-1
101,1,964.77,936.00,128.10,144.00,1,-1,-1,-1
102,90,862.49,598.02,55.86,139.20,1,-1,-1,-1
102,88,834.86,514.78,57.01,145.98,1,-1,-1,-1
101,88,834.74,512.99,53.70,142.95,1,-1,-1,-1
100,88,835.42,512.66,52.60,142.86,1,-1,-1,-1
102,86,1475.27,728.03,52.98,140.87,1,-1,-1,-1
102,84,758.80,483.92,43.73,122.14,1,-1,-1,-1
102,83,804.73,488.72,48.09,115.54,1,-1,-1,-1
102,81,994.91,504.93,38.74,115.45,1,-1,-1,-1
102,78,322.19,755.39,95.41,248.65,1,-1,-1,-1
102,62,1752.14,715.07,87.84,233.25,1,-1,-1,-1
102,60,1214.37,596.74,65.13,193.26,1,-1,-1,-1
102,58,1088.15,532.17,50.05,127.03,1,-1,-1,-1
102,57,928.31,616.84,73.08,207.82,1,-1,-1,-1
102,55,1156.71,605.92,54.99,144.10,1,-1,-1,-1
102,51,1648.66,691.09,108.29,212.61,1,-1,-1,-1
102,50,1366.91,710.31,68.52,174.01,1,-1,-1,-1
102,44,1069.85,584.51,61.98,190.81,1,-1,-1,-1
102,42,1125.92,675.55,76.34,211.25,1,-1,-1,-1
102,38,1736.47,687.02,69.35,205.97,1,-1,-1,-1
102,37,1214.05,570.71,58.61,172.49,1,-1,-1,-1
102,35,874.04,487.02,44.83,123.86,1,-1,-1,-1
102,33,1817.04,711.16,77.28,225.10,1,-1,-1,-1
102,29,1130.46,575.77,47.91,140.79,1,-1,-1,-1
102,28,1175.02,558.19,54.17,159.32,1,-1,-1,-1
102,27,339.87,829.50,118.92,250.50,1,-1,-1,-1
102,25,1028.43,516.23,64.35,144.86,1,-1,-1,-1
102,21,172.53,774.47,87.44,230.84,1,-1,-1,-1
102,16,1171.22,685.76,61.91,193.44,1,-1,-1,-1
101,16,1168.41,685.56,64.04,195.96,1,-1,-1,-1
100,16,1166.70,682.72,67.66,203.26,1,-1,-1,-1
102,13,1005.48,586.57,57.12,192.78,1,-1,-1,-1
102,10,419.09,765.37,85.84,239.21,1,-1,-1,-1
102,8,913.91,564.65,71.28,181.09,1,-1,-1,-1
102,5,573.15,604.11,72.47,182.65,1,-1,-1,-1
102,4,1260.71,925.99,125.76,154.01,1,-1,-1,-1
102,3,431.25,568.19,74.32,198.96,1,-1,-1,-1
102,2,1114.32,929.05,131.53,150.95,1,-1,-1,-1
102,1,964.81,936.88,123.68,143.12,1,-1,-1,-1
103,92,1429.32,684.92,71.77,195.15,1,-1,-1,-1
102,92,1427.16,684.35,70.85,195.21,1,-1,-1,-1
101,92,1425.26,682.39,72.19,199.76,1,-1,-1,-1
103,90,865.03,607.22,52.29,130.08,1,-1,-1,-1
103,88,836.83,513.58,55.14,143.19,1,-1,-1,-1
103,86,1476.25,730.47,50.73,140.31,1,-1,-1,-1
103,84,760.17,483.29,43.36,123.22,1,-1,-1,-1
103,83,804.35,490.53,46.35,112.50,1,-1,-1,-1
103,81,995.79,505.44,38.27,111.61,1,-1,-1,-1
103,78,323.04,751.07,96.72,254.39,1,-1,-1,-1
103,62,1739.47,714.70,94.50,236.19,1,-1,-1,-1
103,60,1218.07,605.13,60.64,176.30,1,-1,-1,-1
103,58,1090.36,533.14,48.07,124.46,1,-1,-1,-1
103,57,927.37,620.42,71.64,201.08,1,-1,-1,-1
103,55,1155.08,604.29,59.30,149.46,1,-1,-1,-1
103,51,1654.06,694.25,101.63,206.87,1,-1,-1,-1
103,50,1365.90,708.79,67.31,173.93,1,-1,-1,-1
103,44,1068.23,586.13,61.50,181.68,1,-1,-1,-1
103,42,1126.10,672.52,76.43,212.82,1,-1,-1,-1
103,38,1739.65,688.08,68.19,204.50,1,-1,-1,-1
103,37,1214.69,574.54,54.61,152.58,1,-1,-1,-1
103,35,876.14,491.98,42.42,114.57,1,-1,-1,-1
103,34,1463.93,509.69,45.05,116.84,1,-1,-1,-1
102,34,1462.91,508.83,46.44,120.09,1,-1,-1,-1
101,34,1462.52,508.50,46.91,122.04,1,-1,-1,-1
103,33,1809.24,707.33,74.60,227.31,1,-1,-1,-1
103,29,1133.35,580.34,53.55,146.78,1,-1,-1,-1
103,28,1173.71,557.40,53.82,152.87,1,-1,-1,-1
103,27,346.10,828.65,115.57,251.35,1,-1,-1,-1
103,25,1031.07,517.07,63.22,142.51,1,-1,-1,-1
103,21,172.47,771.85,91.82,253.46,1,-1,-1,-1
103,16,1172.26,685.92,59.22,197.74,1,-1,-1,-1
103,13,1005.83,587.10,56.15,189.83,1,-1,-1,-1
103,10,421.32,764.52,87.56,236.83,1,-1,-1,-1
103,8,914.42,569.33,64.75,160.64,1,-1,-1,-1
103,5,569.02,603.15,75.74,184.03,1,-1,-1,-1
103,4,1264.77,927.68,119.25,152.32,1,-1,-1,-1
103,3,430.85,572.81,73.37,195.01,1,-1,-1,-1
103,2,1111.44,924.98,133.84,155.02,1,-1,-1,-1
103,1,963.38,936.54,123.37,143.46,1,-1,-1,-1
104,96,1077.54,662.40,71.59,170.87,1,-1,-1,-1
103,96,1082.57,668.71,68.91,166.24,1,-1,-1,-1
102,96,1093.99,678.37,59.44,155.42,1,-1,-1,-1
104,92,1432.04,687.76,69.19,192.39,1,-1,-1,-1
104,90,862.19,592.06,56.41,144.37,1,-1,-1,-1
104,88,837.00,512.23,55.61,146.10,1,-1,-1,-1
104,86,1471.34,727.13,57.72,146.13,1,-1,-1,-1
104,84,760.70,483.44,43.46,123.29,1,-1,-1,-1
104,81,992.37,508.25,42.51,127.66,1,-1,-1,-1
104,79,1783.43,674.16,70.20,208.80,1,-1,-1,-1
103,79,1773.53,674.02,76.86,216.37,1,-1,-1,-1
102,79,1767.28,675.01,76.35,226.47,1,-1,-1,-1
104,78,323.45,748.29,96.47,257.41,1,-1,-1,-1
104,72,532.94,573.24,67.03,176.76,1,-1,-1,-1
103,72,534.38,574.69,66.04,175.08,1,-1,-1,-1
102,72,537.25,575.59,64.75,174.09,1,-1,-1,-1
104,62,1730.03,715.73,107.21,227.88,1,-1,-1,-1
104,60,1212.38,601.96,66.16,178.95,1,-1,-1,-1
104,58,1090.90,533.79,49.21,128.06,1,-1,-1,-1
104,57,927.63,617.73,72.68,199.73,1,-1,-1,-1
104,55,1159.51,599.33,60.38,166.87,1,-1,-1,-1
104,51,1664.89,699.87,99.94,202.47,1,-1,-1,-1
104,50,1365.48,707.44,66.56,175.07,1,-1,-1,-1
104,44,1067.10,581.75,63.14,180.43,1,-1,-1,-1
104,42,1125.04,670.22,77.45,215.37,1,-1,-1,-1
104,37,1211.66,573.88,58.59,163.40,1,-1,-1,-1
104,35,877.03,486.18,46.22,119.94,1,-1,-1,-1
104,34,1463.98,508.45,46.16,123.86,1,-1,-1,-1
104,33,1804.24,707.57,73.70,228.69,1,-1,-1,-1
104,29,1134.72,579.22,57.40,156.38,1,-1,-1,-1
104,28,1167.13,556.33,52.76,153.37,1,-1,-1,-1
104,27,348.26,828.57,115.29,251.43,1,-1,-1,-1
104,25,1031.74,517.78,62.89,140.92,1,-1,-1,-1
104,21,175.57,774.03,92.79,263.62,1,-1,-1,-1
104,16,1172.13,686.27,61.67,196.23,1,-1,-1,-1
104,13,1005.60,586.72,57.59,192.43,1,-1,-1,-1
104,10,424.77,764.81,86.10,235.17,1,-1,-1,-1
104,8,914.60,567.33,65.19,155.56,1,-1,-1,-1
104,5,563.52,602.88,80.49,184.71,1,-1,-1,-1
104,4,1265.93,932.05,119.69,147.95,1,-1,-1,-1
104,3,425.66,569.70,77.37,202.52,1,-1,-1,-1
104,2,1110.83,923.56,135.03,156.44,1,-1,-1,-1
104,1,962.70,935.25,124.68,144.75,1,-1,-1,-1
105,96,1070.62,665.94,77.42,170.83,1,-1,-1,-1
105,92,1431.21,686.05,77.27,195.03,1,-1,-1,-1
105,91,924.71,476.62,39.47,107.47,1,-1,-1,-1
104,91,919.58,473.21,40.56,112.16,1,-1,-1,-1
103,91,918.89,474.27,40.05,110.03,1,-1,-1,-1
105,90,862.97,592.93,54.95,145.62,1,-1,-1,-1
105,88,837.41,512.99,55.47,148.36,1,-1,-1,-1
105,84,759.00,482.26,45.31,125.59,1,-1,-1,-1
105,81,994.62,507.97,42.83,134.51,1,-1,-1,-1
105,78,326.16,748.47,93.75,256.19,1,-1,-1,-1
105,72,530.62,571.45,68.41,177.41,1,-1,-1,-1
105,67,952.51,490.81,48.17,122.24,1,-1,-1,-1
104,67,952.04,493.09,48.69,121.26,1,-1,-1,-1
103,67,953.21,493.30,44.69,118.56,1,-1,-1,-1
105,62,1720.64,716.11,114.29,225.07,1,-1,-1,-1
105,60,1212.99,597.27,68.27,191.78,1,-1,-1,-1
105,58,1091.22,535.01,50.68,129.92,1,-1,-1,-1
105,57,927.18,616.77,75.88,195.79,1,-1,-1,-1
105,55,1145.55,589.42,69.62,181.49,1,-1,-1,-1
105,51,1673.42,684.11,96.10,214.35,1,-1,-1,-1
105,50,1363.57,706.99,68.13,174.66,1,-1,-1,-1
105,44,1066.61,580.70,64.19,183.53,1,-1,-1,-1
105,42,1125.22,668.96,79.53,217.55,1,-1,-1,-1
105,35,880.53,483.39,45.23,124.69,1,-1,-1,-1
105,34,1464.43,510.22,45.56,123.42,1,-1,-1,-1
105,33,1791.95,709.98,81.09,227.90,1,-1,-1,-1
105,29,1131.19,589.03,74.15,184.59,1,-1,-1,-1
105,28,1149.62,555.71,67.14,176.12,1,-1,-1,-1
105,27,352.97,828.44,114.08,251.56,1,-1,-1,-1
105,25,1032.48,517.66,62.39,141.23,1,-1,-1,-1
105,21,177.45,779.04,91.23,257.72,1,-1,-1,-1
105,13,1004.55,587.03,59.67,192.05,1,-1,-1,-1
105,10,423.92,763.50,88.29,235.26,1,-1,-1,-1
105,8,914.42,568.89,66.29,165.13,1,-1,-1,-1
105,5,558.56,605.79,82.58,181.27,1,-1,-1,-1
105,4,1267.45,931.68,116.94,148.32,1,-1,-1,-1
105,3,416.23,568.54,84.96,204.53,1,-1,-1,-1
105,2,1111.17,908.92,134.21,171.08,1,-1,-1,-1
105,1,961.83,934.36,123.81,145.64,1,-1,-1,-1
106,96,1070.17,647.84,79.17,188.95,1,-1,-1,-1
106,92,1431.96,684.91,71.54,195.44,1,-1,-1,-1
106,91,924.02,474.81,39.68,107.74,1,-1,-1,-1
106,90,861.89,591.82,54.92,147.73,1,-1,-1,-1
106,88,837.06,513.18,55.81,147.73,1,-1,-1,-1
106,84,758.00,484.42,45.53,122.47,1,-1,-1,-1
106,81,992.36,508.67,43.52,133.69,1,-1,-1,-1
106,78,326.43,746.72,93.31,257.67,1,-1,-1,-1
106,72,529.42,570.76,67.70,180.86,1,-1,-1,-1
106,69,805.31,483.87,48.06,118.96,1,-1,-1,-1
105,69,805.90,488.13,46.77,114.89,1,-1,-1,-1
104,69,804.17,484.40,48.61,121.24,1,-1,-1,-1
106,67,953.69,490.04,46.95,123.27,1,-1,-1,-1
106,62,1718.99,713.02,105.30,219.99,1,-1,-1,-1
106,60,1213.32,595.67,69.12,195.18,1,-1,-1,-1
106,58,1091.85,534.58,49.72,126.97,1,-1,-1,-1
106,57,920.14,629.81,77.93,184.32,1,-1,-1,-1
106,51,1682.67,682.69,84.36,216.28,1,-1,-1,-1
106,50,1363.06,707.09,69.84,174.01,1,-1,-1,-1
106,44,1067.01,582.38,63.94,184.92,1,-1,-1,-1
106,42,1124.54,669.11,79.47,217.27,1,-1,-1,-1
106,35,878.56,483.39,46.54,128.80,1,-1,-1,-1
106,34,1464.53,511.72,45.67,121.02,1,-1,-1,-1
106,33,1783.74,708.55,85.44,227.25,1,-1,-1,-1
106,29,1133.87,593.10,72.13,177.66,1,-1,-1,-1
106,28,1146.83,556.77,66.24,169.95,1,-1,-1,-1
106,27,354.78,827.63,111.27,252.37,1,-1,-1,-1
106,25,1031.98,517.00,62.99,145.53,1,-1,-1,-1
106,21,178.12,777.74,91.85,260.74,1,-1,-1,-1
106,13,1005.03,587.10,58.96,190.15,1,-1,-1,-1
106,10,425.80,764.80,87.18,232.69,1,-1,-1,-1
106,8,914.28,570.97,62.95,146.47,1,-1,-1,-1
106,5,558.11,606.98,77.44,180.02,1,-1,-1,-1
106,4,1266.90,921.06,117.79,158.94,1,-1,-1,-1
106,3,420.98,569.26,78.26,199.81,1,-1,-1,-1
106,2,1111.14,912.04,133.73,167.96,1,-1,-1,-1
106,1,958.70,936.37,125.88,143.63,1,-1,-1,-1
107,92,1432.05,686.70,73.14,193.02,1,-1,-1,-1
107,91,926.04,475.80,41.88,109.88,1,-1,-1,-1
107,90,861.34,595.15,55.29,140.63,1,-1,-1,-1
107,88,836.38,515.30,58.73,155.40,1,-1,-1,-1
107,84,757.11,481.42,46.89,125.59,1,-1,-1,-1
107,81,992.73,509.39,43.10,130.25,1,-1,-1,-1
107,78,328.18,746.46,93.79,253.43,1,-1,-1,-1
107,72,527.88,569.91,63.89,179.75,1,-1,-1,-1
107,69,805.56,483.49,48.38,119.89,1,-1,-1,-1
107,67,953.56,494.69,47.92,127.50,1,-1,-1,-1
107,62,1716.50,717.10,96.24,215.29,1,-1,-1,-1
107,60,1215.40,589.46,66.18,199.98,1,-1,-1,-1
107,58,1092.01,533.73,50.82,129.58,1,-1,-1,-1
107,57,916.12,626.77,74.75,186.16,1,-1,-1,-1
107,51,1687.11,686.51,80.84,202.24,1,-1,-1,-1
107,50,1360.92,707.06,69.75,174.80,1,-1,-1,-1
107,44,1068.39,582.85,63.43,188.12,1,-1,-1,-1
107,42,1119.87,669.04,82.52,218.50,1,-1,-1,-1
107,35,879.54,481.97,46.77,128.76,1,-1,-1,-1
107,34,1463.90,511.85,46.04,120.75,1,-1,-1,-1
107,33,1775.86,708.50,87.39,227.17,1,-1,-1,-1
107,29,1138.26,591.51,72.42,183.74,1,-1,-1,-1
107,28,1146.78,557.48,56.84,150.46,1,-1,-1,-1
107,27,360.73,825.79,108.15,254.21,1,-1,-1,-1
107,25,1034.60,516.38,62.96,148.89,1,-1,-1,-1
107,21,176.34,779.43,96.20,258.52,1,-1,-1,-1
107,10,429.29,765.34,86.43,234.27,1,-1,-1,-1
107,8,913.57,567.75,63.36,153.44,1,-1,-1,-1
107,5,554.60,604.34,79.83,183.49,1,-1,-1,-1
107,4,1268.13,918.01,116.65,161.99,1,-1,-1,-1
107,2,1112.32,907.83,132.58,172.17,1,-1,-1,-1
107,1,956.04,928.91,129.82,151.09,1,-1,-1,-1
108,92,1432.41,677.02,69.61,200.47,1,-1,-1,-1
108,91,926.82,475.60,40.50,107.66,1,-1,-1,-1
108,90,863.99,588.56,51.70,120.22,1,-1,-1,-1
108,88,839.02,516.60,58.75,157.32,1,-1,-1,-1
108,86,1477.40,716.63,60.22,151.66,1,-1,-1,-1
107,86,1481.07,720.41,54.44,146.97,1,-1,-1,-1
106,86,1481.31,722.59,52.01,142.67,1,-1,-1,-1
108,84,756.74,479.92,48.14,127.16,1,-1,-1,-1
108,81,993.65,510.79,41.21,125.34,1,-1,-1,-1
108,78,329.05,745.14,93.33,254.55,1,-1,-1,-1
108,72,526.83,568.80,61.29,180.33,1,-1,-1,-1
108,69,805.35,485.47,47.80,120.14,1,-1,-1,-1
108,67,953.09,497.38,48.06,124.77,1,-1,-1,-1
108,62,1714.12,718.34,93.48,209.97,1,-1,-1,-1
108,60,1218.47,599.31,62.93,191.18,1,-1,-1,-1
108,58,1093.31,534.53,51.19,128.84,1,-1,-1,-1
108,57,913.25,627.54,72.85,183.29,1,-1,-1,-1
108,51,1689.32,685.08,80.80,193.10,1,-1,-1,-1
108,50,1361.53,707.48,66.82,173.26,1,-1,-1,-1
108,44,1066.62,584.82,65.05,183.33,1,-1,-1,-1
108,42,1123.02,672.30,78.83,215.97,1,-1,-1,-1
108,37,1210.29,576.96,53.58,171.92,1,-1,-1,-1
107,37,1210.07,574.91,57.76,186.78,1,-1,-1,-1
106,37,1209.77,574.67,55.61,164.20,1,-1,-1,-1
108,35,880.54,479.61,44.68,118.36,1,-1,-1,-1
108,34,1464.29,512.77,45.38,117.84,1,-1,-1,-1
108,33,1773.81,713.89,87.66,221.92,1,-1,-1,-1
108,29,1140.11,597.45,69.23,170.50,1,-1,-1,-1
108,28,1149.77,558.43,50.36,139.89,1,-1,-1,-1
108,27,363.19,824.55,105.70,255.06,1,-1,-1,-1
108,25,1035.31,515.34,64.29,150.86,1,-1,-1,-1
108,21,178.59,779.59,94.26,257.18,1,-1,-1,-1
108,11,959.05,616.31,55.71,173.42,1,-1,-1,-1
107,11,955.71,617.59,56.49,171.40,1,-1,-1,-1
106,11,951.07,616.94,58.35,169.58,1,-1,-1,-1
108,10,429.85,765.65,87.40,231.81,1,-1,-1,-1
108,8,913.54,567.97,63.56,154.61,1,-1,-1,-1
108,5,552.21,602.69,79.32,184.81,1,-1,-1,-1
108,4,1270.73,920.72,114.54,159.28,1,-1,-1,-1
108,2,1114.64,911.54,130.14,168.46,1,-1,-1,-1
108,1,954.87,927.24,128.60,152.76,1,-1,-1,-1
109,92,1433.16,681.14,71.05,192.43,1,-1,-1,-1
109,91,927.56,477.99,41.18,107.28,1,-1,-1,-1
109,90,862.32,606.11,54.91,140.29,1,-1,-1,-1
109,88,838.43,519.73,58.87,153.11,1,-1,-1,-1
109,86,1476.39,712.35,64.99,152.22,1,-1,-1,-1
109,84,758.97,481.42,48.83,127.81,1,-1,-1,-1
109,81,995.72,508.79,38.61,113.34,1,-1,-1,-1
109,78,330.72,743.91,93.76,251.02,1,-1,-1,-1
109,67,961.02,498.16,43.42,115.97,1,-1,-1,-1
109,62,1712.32,716.73,85.54,213.40,1,-1,-1,-1
109,60,1220.08,599.24,62.37,199.21,1,-1,-1,-1
109,58,1091.58,536.46,53.57,144.00,1,-1,-1,-1
109,57,913.86,623.21,70.61,184.66,1,-1,-1,-1
109,51,1693.12,684.13,78.18,196.28,1,-1,-1,-1
109,50,1362.32,706.92,65.73,172.38,1,-1,-1,-1
109,44,1062.12,585.15,69.38,207.89,1,-1,-1,-1
109,42,1124.55,672.47,75.31,215.09,1,-1,-1,-1
109,35,881.22,480.36,43.34,115.43,1,-1,-1,-1
109,34,1465.65,512.65,44.03,118.54,1,-1,-1,-1
109,33,1762.36,712.97,96.00,228.86,1,-1,-1,-1
109,30,1435.70,649.80,69.78,195.76,1,-1,-1,-1
108,30,1437.03,652.14,66.87,194.19,1,-1,-1,-1
107,30,1434.75,648.52,68.63,194.66,1,-1,-1,-1
109,29,1143.63,603.01,63.37,174.46,1,-1,-1,-1
109,28,1144.54,557.40,51.39,141.76,1,-1,-1,-1
109,27,363.78,825.84,107.10,254.16,1,-1,-1,-1
109,25,1037.65,515.94,63.27,147.27,1,-1,-1,-1
109,21,176.01,780.53,97.84,259.61,1,-1,-1,-1
109,11,962.01,616.03,56.09,170.88,1,-1,-1,-1
109,10,430.06,763.56,90.25,233.89,1,-1,-1,-1
109,8,911.88,568.26,66.24,165.77,1,-1,-1,-1
109,5,553.82,600.46,73.66,184.44,1,-1,-1,-1
109,4,1271.53,922.46,114.40,157.54,1,-1,-1,-1
109,2,1114.68,909.98,130.41,170.02,1,-1,-1,-1
109,1,953.21,930.50,129.94,149.50,1,-1,-1,-1
110,92,1434.74,679.54,72.18,194.42,1,-1,-1,-1
110,91,928.06,476.30,43.26,114.33,1,-1,-1,-1
110,90,863.42,598.56,54.41,139.69,1,-1,-1,-1
110,88,839.67,520.37,58.78,156.01,1,-1,-1,-1
110,87,840.89,457.59,36.06,105.17,1,-1,-1,-1
109,87,836.93,456.33,42.97,120.29,1,-1,-1,-1
108,87,835.76,456.07,43.16,119.50,1,-1,-1,-1
110,86,1482.96,710.37,57.54,142.81,1,-1,-1,-1
110,84,757.34,481.89,52.24,126.86,1,-1,-1,-1
110,81,997.11,508.16,39.47,114.69,1,-1,-1,-1
110,78,333.06,744.67,91.77,249.60,1,-1,-1,-1
110,67,960.65,498.50,46.15,122.65,1,-1,-1,-1
110,62,1709.98,713.42,85.51,216.72,1,-1,-1,-1
110,60,1218.94,601.52,64.14,202.73,1,-1,-1,-1
110,58,1090.76,536.67,57.10,155.30,1,-1,-1,-1
110,57,913.80,622.64,70.50,186.00,1,-1,-1,-1
110,50,1362.50,705.31,66.16,169.52,1,-1,-1,-1
110,44,1067.24,582.70,66.69,192.38,1,-1,-1,-1
110,42,1123.68,670.28,76.07,216.83,1,-1,-1,-1
110,35,883.45,479.26,42.95,118.85,1,-1,-1,-1
110,34,1467.42,511.94,43.26,116.63,1,-1,-1,-1
110,33,1753.63,716.00,103.71,224.80,1,-1,-1,-1
110,30,1437.67,646.05,70.81,196.61,1,-1,-1,-1
110,29,1146.50,598.31,63.05,179.92,1,-1,-1,-1
110,28,1137.99,554.74,52.32,167.65,1,-1,-1,-1
110,27,367.21,824.56,106.93,255.44,1,-1,-1,-1
110,25,1039.04,514.61,62.58,150.27,1,-1,-1,-1
110,21,174.84,780.31,100.08,258.82,1,-1,-1,-1
110,13,1008.89,588.95,61.00,191.88,1,-1,-1,-1
109,13,1007.15,588.30,58.72,189.04,1,-1,-1,-1
108,13,1005.35,589.01,58.89,188.62,1,-1,-1,-1
110,11,965.60,615.33,56.55,175.75,1,-1,-1,-1
110,10,434.12,765.18,88.48,229.57,1,-1,-1,-1
110,8,912.08,566.25,69.14,174.60,1,-1,-1,-1
110,5,553.66,599.08,72.74,185.76,1,-1,-1,-1
110,4,1273.27,936.86,113.07,143.14,1,-1,-1,-1
110,2,1114.62,911.60,130.62,168.40,1,-1,-1,-1
110,1,951.63,934.46,127.18,145.54,1,-1,-1,-1
111,99,1213.05,577.06,55.20,165.02,1,-1,-1,-1
110,99,1211.77,575.46,56.14,164.42,1,-1,-1,-1
109,99,1211.12,574.68,51.35,155.63,1,-1,-1,-1
111,92,1438.81,674.34,67.84,199.05,1,-1,-1,-1
111,91,929.97,480.08,40.65,106.35,1,-1,-1,-1
111,90,865.57,606.56,54.06,114.04,1,-1,-1,-1
111,86,1484.96,712.85,55.23,140.67,1,-1,-1,-1
111,84,757.99,488.50,50.70,121.64,1,-1,-1,-1
111,83,805.61,489.20,53.23,126.41,1,-1,-1,-1
110,83,807.16,488.46,51.74,126.56,1,-1,-1,-1
109,83,805.25,491.96,50.47,122.20,1,-1,-1,-1
111,81,997.92,510.42,39.30,110.34,1,-1,-1,-1
111,78,336.49,744.69,90.59,248.49,1,-1,-1,-1
111,67,959.99,500.55,45.48,119.15,1,-1,-1,-1
111,62,1698.67,706.38,89.61,225.61,1,-1,-1,-1
111,60,1222.37,615.03,58.26,175.79,1,-1,-1,-1
111,58,1098.71,536.62,48.85,128.13,1,-1,-1,-1
111,57,912.61,623.07,69.01,189.18,1,-1,-1,-1
111,50,1366.00,704.60,64.11,168.49,1,-1,-1,-1
111,44,1072.48,582.75,60.37,190.34,1,-1,-1,-1
111,42,1124.64,670.05,75.79,216.99,1,-1,-1,-1
111,35,888.05,491.56,43.65,116.44,1,-1,-1,-1
111,34,1466.62,513.27,42.76,112.91,1,-1,-1,-1
111,33,1757.94,712.92,96.56,228.68,1,-1,-1,-1
111,29,1148.02,597.82,64.39,175.91,1,-1,-1,-1
111,28,1134.24,556.47,50.30,156.95,1,-1,-1,-1
111,27,370.52,827.59,110.99,252.41,1,-1,-1,-1
111,25,1040.64,518.76,62.26,137.61,1,-1,-1,-1
111,21,177.62,784.40,99.64,259.01,1,-1,-1,-1
111,16,1179.02,677.73,68.51,205.96,1,-1,-1,-1
110,16,1178.69,677.98,69.52,205.08,1,-1,-1,-1
109,16,1179.49,684.56,74.23,198.61,1,-1,-1,-1
111,13,1012.58,591.54,58.72,188.05,1,-1,-1,-1
111,11,968.87,618.23,59.60,181.67,1,-1,-1,-1
111,10,435.89,763.49,89.51,231.29,1,-1,-1,-1
111,8,914.06,571.01,65.37,151.21,1,-1,-1,-1
111,5,549.31,601.33,72.82,180.62,1,-1,-1,-1
111,4,1273.34,921.64,111.43,158.36,1,-1,-1,-1
111,2,1115.48,927.50,130.74,152.50,1,-1,-1,-1
111,1,952.97,938.68,124.02,141.32,1,-1,-1,-1
112,99,1214.21,576.82,54.44,171.02,1,-1,-1,-1
112,92,1438.16,664.48,71.92,206.17,1,-1,-1,-1
112,91,930.15,478.48,41.52,109.75,1,-1,-1,-1
112,90,865.46,606.98,53.54,104.61,1,-1,-1,-1
112,86,1487.60,715.45,53.71,136.73,1,-1,-1,-1
112,84,759.16,490.78,48.84,119.89,1,-1,-1,-1
112,83,806.90,490.54,51.72,125.02,1,-1,-1,-1
112,81,997.65,507.84,41.49,109.86,1,-1,-1,-1
112,79,1803.75,684.60,88.94,210.78,1,-1,-1,-1
111,79,1807.76,683.72,80.40,203.12,1,-1,-1,-1
110,79,1799.77,681.86,82.83,204.67,1,-1,-1,-1
112,78,339.34,744.58,89.98,246.85,1,-1,-1,-1
112,67,961.20,500.00,43.78,114.28,1,-1,-1,-1
112,62,1699.70,709.46,81.57,223.78,1,-1,-1,-1
112,60,1219.63,604.60,63.38,191.99,1,-1,-1,-1
112,58,1103.63,539.62,45.21,128.05,1,-1,-1,-1
112,57,907.74,623.99,68.08,189.54,1,-1,-1,-1
112,55,1170.77,584.11,49.81,149.12,1,-1,-1,-1
111,55,1167.76,586.19,45.64,139.88,1,-1,-1,-1
110,55,1163.69,586.92,48.76,151.53,1,-1,-1,-1
112,50,1365.48,700.29,66.64,170.66,1,-1,-1,-1
112,45,1430.23,605.72,51.88,160.69,1,-1,-1,-1
111,45,1430.11,609.63,49.71,150.76,1,-1,-1,-1
110,45,1428.75,612.89,52.79,162.74,1,-1,-1,-1
112,44,1072.35,583.54,60.69,190.05,1,-1,-1,-1
112,42,1127.32,669.93,74.07,218.02,1,-1,-1,-1
112,35,887.36,490.55,44.82,115.69,1,-1,-1,-1
112,34,1464.97,512.52,45.44,115.86,1,-1,-1,-1
112,33,1744.08,711.90,104.01,226.52,1,-1,-1,-1
112,29,1152.96,598.29,59.08,165.64,1,-1,-1,-1
112,28,1130.32,555.90,51.12,156.83,1,-1,-1,-1
112,27,372.87,826.22,112.39,253.78,1,-1,-1,-1
112,25,1042.48,518.41,61.21,140.43,1,-1,-1,-1
112,21,181.35,786.50,95.64,256.62,1,-1,-1,-1
112,16,1180.02,673.60,66.81,208.26,1,-1,-1,-1
112,13,1016.37,591.23,55.81,183.11,1,-1,-1,-1
112,11,973.87,620.92,61.49,174.99,1,-1,-1,-1
112,10,438.91,762.97,88.78,231.92,1,-1,-1,-1
112,8,911.23,569.66,70.38,174.20,1,-1,-1,-1
112,5,543.63,600.69,77.35,183.19,1,-1,-1,-1
112,4,1272.54,918.40,112.51,161.60,1,-1,-1,-1
112,2,1116.82,913.73,128.01,166.27,1,-1,-1,-1
112,1,948.02,936.82,128.30,143.18,1,-1,-1,-1
113,96,1040.50,651.15,72.91,182.57,1,-1,-1,-1
112,96,1043.34,640.76,74.60,193.58,1,-1,-1,-1
111,96,1049.58,634.74,71.54,199.74,1,-1,-1,-1
113,92,1436.09,662.83,77.99,208.44,1,-1,-1,-1
113,91,930.83,476.03,42.86,115.81,1,-1,-1,-1
113,90,868.23,606.18,54.72,120.09,1,-1,-1,-1
113,86,1489.36,714.86,52.93,135.04,1,-1,-1,-1
113,84,759.24,494.03,49.98,117.13,1,-1,-1,-1
113,83,808.71,490.96,50.60,125.60,1,-1,-1,-1
113,81,998.56,508.86,40.22,110.03,1,-1,-1,-1
113,79,1806.14,684.68,88.82,220.50,1,-1,-1,-1
113,78,341.23,740.76,91.83,248.59,1,-1,-1,-1
113,75,1260.58,573.32,45.14,150.98,1,-1,-1,-1
112,75,1255.35,575.38,52.20,175.66,1,-1,-1,-1
111,75,1255.30,576.84,45.13,147.32,1,-1,-1,-1
113,67,958.03,500.63,46.29,119.96,1,-1,-1,-1
113,62,1697.98,703.03,79.13,230.59,1,-1,-1,-1
113,60,1218.27,604.10,65.84,200.59,1,-1,-1,-1
113,58,1104.59,540.04,47.99,129.13,1,-1,-1,-1
113,57,905.17,620.28,67.56,195.60,1,-1,-1,-1
113,55,1172.26,583.37,50.26,150.98,1,-1,-1,-1
113,50,1365.76,699.44,67.09,170.25,1,-1,-1,-1
113,45,1432.35,606.40,54.22,156.49,1,-1,-1,-1
113,44,1074.19,584.15,63.02,191.09,1,-1,-1,-1
113,42,1128.74,672.34,74.92,214.58,1,-1,-1,-1
113,35,887.71,486.47,45.98,117.72,1,-1,-1,-1
113,34,1464.66,512.39,46.61,114.33,1,-1,-1,-1
113,33,1743.61,706.40,97.26,224.56,1,-1,-1,-1
113,29,1154.87,598.68,63.21,164.89,1,-1,-1,-1
113,28,1125.74,557.33,53.18,156.72,1,-1,-1,-1
113,27,378.02,825.77,108.10,253.02,1,-1,-1,-1
113,25,1042.37,520.26,60.23,138.50,1,-1,-1,-1
113,21,185.67,790.25,92.65,252.07,1,-1,-1,-1
113,15,838.10,522.86,58.46,149.46,1,-1,-1,-1
112,15,838.08,522.85,55.50,149.79,1,-1,-1,-1
111,15,837.44,524.40,53.93,148.88,1,-1,-1,-1
113,13,1019.46,589.40,53.96,171.55,1,-1,-1,-1
113,11,977.47,617.24,66.39,184.25,1,-1,-1,-1
113,10,443.94,760.07,87.47,235.85,1,-1,-1,-1
113,5,544.81,601.04,76.61,183.53,1,-1,-1,-1
113,4,1271.76,912.12,113.91,167.88,1,-1,-1,-1
113,2,1119.01,910.08,125.71,169.92,1,-1,-1,-1
113,1,947.19,926.17,128.17,153.83,1,-1,-1,-1
114,96,1030.11,646.77,79.82,183.85,1,-1,-1,-1
114,92,1443.19,667.43,71.61,201.81,1,-1,-1,-1
114,91,933.51,476.59,41.65,113.70,1,-1,-1,-1
114,90,868.81,604.99,55.86,135.27,1,-1,-1,-1
114,86,1494.56,713.96,51.48,140.01,1,-1,-1,-1
114,84,760.78,493.31,48.39,117.89,1,-1,-1,-1
114,83,809.63,492.00,49.49,123.01,1,-1,-1,-1
114,81,995.16,520.61,42.92,106.88,1,-1,-1,-1
114,79,1810.06,687.58,88.93,223.40,1,-1,-1,-1
114,78,345.08,740.44,89.46,249.15,1,-1,-1,-1
114,72,518.55,582.24,63.18,177.76,1,-1,-1,-1
113,72,520.86,590.36,60.95,169.19,1,-1,-1,-1
112,72,523.10,565.46,61.40,188.83,1,-1,-1,-1
114,67,958.30,500.31,46.70,116.99,1,-1,-1,-1
114,62,1692.93,702.22,79.89,232.50,1,-1,-1,-1
114,60,1217.33,608.25,63.60,187.61,1,-1,-1,-1
114,58,1105.34,539.64,48.11,127.75,1,-1,-1,-1
114,57,903.54,624.17,69.08,187.02,1,-1,-1,-1
114,55,1184.18,585.05,43.84,129.65,1,-1,-1,-1
114,50,1374.87,695.41,63.84,173.94,1,-1,-1,-1
114,45,1436.75,607.59,49.40,145.99,1,-1,-1,-1
114,44,1078.93,584.84,56.26,168.06,1,-1,-1,-1
114,42,1129.18,673.64,73.05,212.90,1,-1,-1,-1
114,37,1216.05,575.26,51.66,141.02,1,-1,-1,-1
113,37,1214.05,575.19,54.14,149.50,1,-1,-1,-1
112,37,1213.62,575.59,52.28,153.21,1,-1,-1,-1
114,35,888.56,479.96,45.41,125.27,1,-1,-1,-1
114,34,1464.70,512.63,47.71,113.45,1,-1,-1,-1
114,33,1744.19,701.73,85.41,227.49,1,-1,-1,-1
114,29,1162.75,598.07,57.14,146.16,1,-1,-1,-1
114,28,1123.87,555.38,48.72,139.43,1,-1,-1,-1
114,27,383.95,824.36,106.30,254.52,1,-1,-1,-1
114,25,1042.78,524.77,56.93,130.26,1,-1,-1,-1
114,24,1183.94,689.35,71.95,192.87,1,-1,-1,-1
113,24,1181.80,687.22,69.06,196.22,1,-1,-1,-1
112,24,1176.70,683.30,68.35,197.36,1,-1,-1,-1
114,21,186.57,791.22,95.22,255.91,1,-1,-1,-1
114,15,839.30,521.93,59.39,147.33,1,-1,-1,-1
114,13,1021.68,584.70,53.57,158.11,1,-1,-1,-1
114,11,977.68,623.65,72.24,181.54,1,-1,-1,-1
114,10,445.04,757.36,89.09,239.12,1,-1,-1,-1
114,5,541.97,601.47,77.04,183.24,1,-1,-1,-1
114,4,1270.09,909.27,115.25,170.73,1,-1,-1,-1
114,2,1119.34,906.75,124.44,173.25,1,-1,-1,-1
114,1,944.36,928.09,126.78,151.91,1,-1,-1,-1
115,96,1020.53,647.18,87.39,182.86,1,-1,-1,-1
115,92,1449.31,669.40,68.79,200.22,1,-1,-1,-1
115,91,934.66,477.53,40.96,112.87,1,-1,-1,-1
115,90,868.63,604.00,56.99,137.28,1,-1,-1,-1
115,87,847.26,459.60,40.99,113.85,1,-1,-1,-1
114,87,845.86,458.85,41.64,112.97,1,-1,-1,-1
113,87,844.29,458.22,44.55,117.03,1,-1,-1,-1
115,86,1492.44,714.96,53.16,140.08,1,-1,-1,-1
115,84,763.06,490.23,47.58,122.18,1,-1,-1,-1
115,83,809.74,490.20,49.59,124.71,1,-1,-1,-1
115,79,1804.23,687.85,105.57,227.20,1,-1,-1,-1
115,78,347.61,741.23,93.18,250.50,1,-1,-1,-1
115,72,517.34,582.34,63.16,178.48,1,-1,-1,-1
115,67,957.18,500.43,48.57,120.34,1,-1,-1,-1
115,62,1688.56,702.99,80.72,223.37,1,-1,-1,-1
115,60,1220.32,601.64,60.97,191.66,1,-1,-1,-1
115,58,1105.07,539.07,52.34,141.75,1,-1,-1,-1
115,57,900.09,628.64,71.57,185.31,1,-1,-1,-1
115,55,1188.07,585.09,44.24,131.35,1,-1,-1,-1
115,50,1376.49,696.50,64.03,174.23,1,-1,-1,-1
115,45,1440.49,608.50,49.62,130.94,1,-1,-1,-1
115,44,1076.75,585.96,59.83,189.74,1,-1,-1,-1
115,42,1129.91,672.00,73.14,216.16,1,-1,-1,-1
115,37,1218.67,574.14,49.62,141.86,1,-1,-1,-1
115,35,896.26,475.74,40.91,119.12,1,-1,-1,-1
115,34,1465.75,514.11,47.79,115.30,1,-1,-1,-1
115,33,1739.82,699.07,94.26,229.78,1,-1,-1,-1
115,29,1162.81,598.13,57.26,147.59,1,-1,-1,-1
115,28,1113.83,551.50,54.63,174.18,1,-1,-1,-1
115,27,388.42,824.71,105.27,245.00,1,-1,-1,-1
115,25,1042.44,527.12,57.84,134.38,1,-1,-1,-1
115,24,1183.15,687.95,76.63,196.87,1,-1,-1,-1
115,21,187.73,793.20,93.00,258.58,1,-1,-1,-1
115,15,839.23,522.57,63.19,149.57,1,-1,-1,-1
115,13,1022.16,591.12,51.29,142.32,1,-1,-1,-1
115,11,980.87,624.75,76.76,191.59,1,-1,-1,-1
115,10,448.54,757.43,86.92,242.02,1,-1,-1,-1
115,5,540.25,601.53,78.15,183.33,1,-1,-1,-1
115,4,1268.44,901.22,116.01,178.78,1,-1,-1,-1
115,2,1119.64,902.39,123.46,177.61,1,-1,-1,-1
115,1,941.42,933.84,118.91,146.16,1,-1,-1,-1
116,96,1015.67,638.26,88.84,192.15,1,-1,-1,-1
116,92,1449.35,666.71,78.73,202.80,1,-1,-1,-1
116,91,937.62,478.59,41.50,115.75,1,-1,-1,-1
116,90,868.13,605.77,56.88,133.12,1,-1,-1,-1
116,87,849.32,459.35,42.92,113.37,1,-1,-1,-1
116,86,1490.70,716.23,56.73,147.70,1,-1,-1,-1
116,84,760.52,495.34,50.92,118.95,1,-1,-1,-1
116,83,811.10,493.67,48.49,121.25,1,-1,-1,-1
116,79,1804.04,688.29,109.48,229.26,1,-1,-1,-1
116,78,348.97,741.02,93.90,249.89,1,-1,-1,-1
116,72,514.66,579.86,66.86,187.88,1,-1,-1,-1
116,67,959.18,499.99,46.94,121.08,1,-1,-1,-1
116,62,1681.89,703.44,84.95,226.68,1,-1,-1,-1
116,60,1218.37,599.86,61.64,198.42,1,-1,-1,-1
116,57,898.56,634.94,72.56,178.01,1,-1,-1,-1
116,55,1190.76,588.44,46.42,145.44,1,-1,-1,-1
116,50,1378.45,693.84,63.50,174.59,1,-1,-1,-1
116,45,1441.72,605.52,52.60,133.57,1,-1,-1,-1
116,44,1076.81,590.32,61.46,184.63,1,-1,-1,-1
116,42,1129.26,675.06,76.15,213.03,1,-1,-1,-1
116,35,895.98,472.65,42.00,122.09,1,-1,-1,-1
116,34,1465.28,512.66,49.83,118.51,1,-1,-1,-1
116,33,1739.35,698.94,95.02,224.00,1,-1,-1,-1
116,29,1154.35,597.65,54.20,159.91,1,-1,-1,-1
116,28,1106.78,543.24,56.81,167.97,1,-1,-1,-1
116,27,390.20,823.15,103.90,244.43,1,-1,-1,-1
116,25,1043.34,524.99,59.08,136.92,1,-1,-1,-1
116,24,1183.42,690.71,77.85,194.77,1,-1,-1,-1
116,21,186.86,795.58,94.10,259.29,1,-1,-1,-1
116,15,839.72,521.41,62.81,152.45,1,-1,-1,-1
116,13,1025.45,593.02,50.17,133.85,1,-1,-1,-1
116,11,986.35,630.51,73.80,181.33,1,-1,-1,-1
116,10,451.91,754.85,85.22,243.51,1,-1,-1,-1
116,8,914.87,577.54,67.73,167.76,1,-1,-1,-1
115,8,915.98,576.33,66.66,169.78,1,-1,-1,-1
114,8,913.11,573.64,69.89,176.57,1,-1,-1,-1
116,5,531.89,601.52,82.94,184.52,1,-1,-1,-1
116,4,1266.66,905.01,117.49,174.99,1,-1,-1,-1
116,2,1119.35,903.16,121.92,176.84,1,-1,-1,-1
116,1,936.29,921.16,118.69,158.84,1,-1,-1,-1
117,97,897.51,492.79,41.52,118.11,1,-1,-1,-1
116,97,895.11,489.34,42.94,119.37,1,-1,-1,-1
115,97,892.08,482.89,44.31,122.82,1,-1,-1,-1
117,96,1016.23,634.74,88.63,197.15,1,-1,-1,-1
117,92,1449.59,666.06,71.46,202.35,1,-1,-1,-1
117,91,940.16,475.31,47.96,128.77,1,-1,-1,-1
117,90,870.73,604.72,55.53,136.08,1,-1,-1,-1
117,87,851.91,459.38,42.81,114.62,1,-1,-1,-1
117,86,1496.48,717.59,53.00,136.40,1,-1,-1,-1
117,84,767.71,502.83,44.07,111.60,1,-1,-1,-1
117,83,813.53,498.39,45.04,115.93,1,-1,-1,-1
117,79,1803.62,689.23,111.40,230.15,1,-1,-1,-1
117,78,351.94,742.59,92.13,249.73,1,-1,-1,-1
117,72,514.57,570.06,65.97,195.84,1,-1,-1,-1
117,67,961.36,502.78,47.68,120.89,1,-1,-1,-1
117,62,1653.93,703.34,114.87,229.29,1,-1,-1,-1
117,57,895.39,629.46,74.86,181.06,1,-1,-1,-1
117,55,1198.89,584.20,46.24,157.61,1,-1,-1,-1
117,50,1380.92,693.56,61.12,173.63,1,-1,-1,-1
117,44,1078.56,604.63,63.92,173.72,1,-1,-1,-1
117,42,1129.76,675.62,76.71,211.40,1,-1,-1,-1
117,35,899.32,469.36,39.85,114.27,1,-1,-1,-1
117,34,1466.39,511.68,49.66,116.00,1,-1,-1,-1
117,33,1732.82,699.67,94.98,226.85,1,-1,-1,-1
117,29,1151.25,598.52,58.62,170.57,1,-1,-1,-1
117,28,1105.72,537.35,57.15,162.18,1,-1,-1,-1
117,27,395.06,819.61,101.65,246.67,1,-1,-1,-1
117,24,1183.18,691.40,82.63,193.69,1,-1,-1,-1
117,21,190.67,795.04,90.64,261.53,1,-1,-1,-1
117,15,838.07,521.54,66.19,155.97,1,-1,-1,-1
117,13,1031.03,586.08,54.43,156.22,1,-1,-1,-1
117,11,990.18,629.73,69.93,180.12,1,-1,-1,-1
117,10,454.87,753.70,84.83,243.97,1,-1,-1,-1
117,8,916.42,577.60,67.70,168.87,1,-1,-1,-1
117,5,524.94,599.79,86.25,186.48,1,-1,-1,-1
117,4,1275.31,906.69,110.52,173.31,1,-1,-1,-1
117,2,1117.69,903.91,121.46,176.09,1,-1,-1,-1
117,1,937.83,938.21,111.30,141.79,1,-1,-1,-1
118,97,896.95,490.07,43.44,119.47,1,-1,-1,-1
118,96,1003.04,638.89,98.05,190.94,1,-1,-1,-1
118,92,1458.31,672.11,62.24,188.32,1,-1,-1,-1
118,91,941.30,472.68,47.53,129.19,1,-1,-1,-1
118,90,873.78,605.55,54.54,136.33,1,-1,-1,-1
118,87,852.80,459.30,42.74,115.92,1,-1,-1,-1
118,86,1497.53,711.93,51.35,137.87,1,-1,-1,-1
118,84,765.43,499.85,46.91,116.39,1,-1,-1,-1
118,83,813.51,493.81,47.33,122.00,1,-1,-1,-1
118,79,1801.83,689.50,114.32,227.48,1,-1,-1,-1
118,78,353.63,740.45,92.92,253.30,1,-1,-1,-1
118,67,958.04,504.12,51.92,127.78,1,-1,-1,-1
118,62,1642.33,703.74,124.74,233.59,1,-1,-1,-1
118,57,889.17,626.44,76.70,182.84,1,-1,-1,-1
118,55,1203.88,577.26,55.06,174.95,1,-1,-1,-1
118,50,1382.83,694.09,58.80,171.06,1,-1,-1,-1
118,44,1079.52,614.44,60.44,168.10,1,-1,-1,-1
118,42,1130.02,677.09,75.69,209.82,1,-1,-1,-1
118,35,898.46,469.50,44.91,127.49,1,-1,-1,-1
118,34,1467.61,511.46,47.65,114.40,1,-1,-1,-1
118,33,1749.67,698.18,97.82,222.38,1,-1,-1,-1
118,30,1421.98,654.01,55.36,145.72,1,-1,-1,-1
117,30,1454.96,641.03,63.89,170.12,1,-1,-1,-1
116,30,1441.34,607.29,58.09,151.15,1,-1,-1,-1
118,29,1153.05,601.04,56.88,167.87,1,-1,-1,-1
118,27,397.25,817.99,100.45,244.55,1,-1,-1,-1
118,24,1183.82,692.04,81.84,194.92,1,-1,-1,-1
118,21,187.10,795.62,89.47,266.80,1,-1,-1,-1
118,15,839.53,521.28,66.33,156.14,1,-1,-1,-1
118,11,994.11,630.43,66.73,178.46,1,-1,-1,-1
118,10,460.50,751.35,80.21,244.91,1,-1,-1,-1
118,8,920.57,576.60,64.88,167.47,1,-1,-1,-1
118,5,516.03,597.04,92.38,188.26,1,-1,-1,-1
118,4,1277.36,911.36,101.01,168.64,1,-1,-1,-1
118,2,1115.56,906.91,121.17,173.09,1,-1,-1,-1
118,1,936.22,937.47,109.53,142.53,1,-1,-1,-1
119,97,896.83,486.62,45.27,121.68,1,-1,-1,-1
119,96,1001.82,640.50,97.26,188.31,1,-1,-1,-1
119,92,1458.73,675.27,62.33,186.21,1,-1,-1,-1
119,91,941.26,471.80,46.75,131.92,1,-1,-1,-1
119,90,872.31,605.70,56.49,141.95,1,-1,-1,-1
119,87,854.63,458.48,43.55,119.45,1,-1,-1,-1
119,86,1498.66,710.28,49.66,142.55,1,-1,-1,-1
119,83,816.15,495.75,48.85,119.46,1,-1,-1,-1
119,79,1808.58,689.02,107.88,227.01,1,-1,-1,-1
119,78,355.79,738.77,94.81,254.67,1,-1,-1,-1
119,67,959.09,505.08,51.26,127.08,1,-1,-1,-1
119,62,1644.02,703.34,110.26,224.68,1,-1,-1,-1
119,57,888.06,625.88,76.78,183.19,1,-1,-1,-1
119,55,1208.13,574.17,61.79,156.32,1,-1,-1,-1
119,50,1384.13,695.74,58.03,167.28,1,-1,-1,-1
119,44,1081.98,604.50,63.40,174.72,1,-1,-1,-1
119,42,1131.48,674.62,75.50,212.31,1,-1,-1,-1
119,34,1467.33,510.86,47.47,114.02,1,-1,-1,-1
119,33,1755.76,693.63,93.99,225.00,1,-1,-1,-1
119,29,1152.49,600.42,56.32,157.63,1,-1,-1,-1
119,27,399.63,815.70,103.73,244.79,1,-1,-1,-1
119,24,1186.20,691.85,79.24,193.27,1,-1,-1,-1
119,21,183.29,791.68,92.21,272.81,1,-1,-1,-1
119,15,838.65,521.63,67.23,156.53,1,-1,-1,-1
119,11,1001.16,626.31,71.21,173.32,1,-1,-1,-1
119,10,458.89,751.60,84.26,242.75,1,-1,-1,-1
119,8,920.89,575.62,65.27,170.74,1,-1,-1,-1
119,5,515.48,597.12,91.23,187.78,1,-1,-1,-1
119,4,1274.94,910.49,100.38,169.51,1,-1,-1,-1
119,2,1110.57,901.21,119.77,178.79,1,-1,-1,-1
119,1,930.93,933.42,113.50,146.58,1,-1,-1,-1
120,97,895.78,481.26,47.54,122.39,1,-1,-1,-1
120,96,1002.75,627.71,84.39,194.87,1,-1,-1,-1
120,92,1459.51,672.40,64.30,192.25,1,-1,-1,-1
120,91,942.09,472.76,44.65,128.51,1,-1,-1,-1
120,87,857.10,457.53,43.63,117.61,1,-1,-1,-1
120,86,1499.12,705.61,48.93,139.33,1,-1,-1,-1
120,83,816.40,494.57,51.23,122.56,1,-1,-1,-1
120,78,357.68,736.90,94.90,253.62,1,-1,-1,-1
120,67,958.60,504.25,50.60,125.66,1,-1,-1,-1
120,62,1641.18,704.87,108.95,221.16,1,-1,-1,-1
120,58,1109.21,536.61,54.47,143.54,1,-1,-1,-1
119,58,1108.69,537.13,56.51,149.87,1,-1,-1,-1
118,58,1106.63,537.92,56.62,154.06,1,-1,-1,-1
120,57,885.31,627.88,75.54,182.52,1,-1,-1,-1
120,55,1213.66,573.10,58.16,156.13,1,-1,-1,-1
120,51,1700.83,700.38,96.41,229.76,1,-1,-1,-1
119,51,1715.76,699.47,86.52,231.72,1,-1,-1,-1
118,51,1729.21,702.54,73.78,224.67,1,-1,-1,-1
120,50,1385.86,698.26,59.24,163.08,1,-1,-1,-1
120,44,1080.87,602.18,65.72,175.55,1,-1,-1,-1
120,42,1132.77,672.60,75.23,213.47,1,-1,-1,-1
120,34,1466.53,510.19,48.77,115.51,1,-1,-1,-1
120,33,1757.25,692.94,91.98,229.22,1,-1,-1,-1
120,29,1151.98,599.31,56.86,151.76,1,-1,-1,-1
120,27,402.85,814.46,104.79,246.11,1,-1,-1,-1
120,25,1049.24,527.48,61.11,142.17,1,-1,-1,-1
119,25,1050.06,526.91,59.44,138.57,1,-1,-1,-1
118,25,1048.09,527.74,60.48,144.46,1,-1,-1,-1
120,24,1187.94,692.41,73.76,192.30,1,-1,-1,-1
120,21,181.98,789.54,93.76,274.61,1,-1,-1,-1
120,15,839.04,523.77,64.66,154.19,1,-1,-1,-1
120,10,465.16,752.34,80.37,238.98,1,-1,-1,-1
120,8,920.26,570.60,67.11,177.73,1,-1,-1,-1
120,5,513.95,592.91,90.31,192.25,1,-1,-1,-1
120,4,1272.36,916.11,93.27,163.89,1,-1,-1,-1
120,2,1108.75,909.42,113.83,170.58,1,-1,-1,-1
120,1,928.04,936.02,113.94,143.98,1,-1,-1,-1
121,103,764.09,483.61,46.75,129.43,1,-1,-1,-1
120,103,761.46,482.31,49.35,132.30,1,-1,-1,-1
119,103,764.23,490.86,46.88,123.85,1,-1,-1,-1
121,96,999.54,626.97,80.09,194.97,1,-1,-1,-1
121,92,1460.06,670.57,62.96,196.84,1,-1,-1,-1
121,91,943.75,474.70,44.83,125.45,1,-1,-1,-1
121,87,859.80,457.87,42.58,116.94,1,-1,-1,-1
121,86,1499.96,704.35,50.31,142.46,1,-1,-1,-1
121,83,816.16,492.68,51.47,126.56,1,-1,-1,-1
121,81,1013.78,511.18,44.11,120.90,1,-1,-1,-1
120,81,1010.89,512.33,44.49,119.76,1,-1,-1,-1
119,81,1011.51,512.81,41.21,115.06,1,-1,-1,-1
121,78,361.36,736.38,93.62,252.27,1,-1,-1,-1
121,67,958.92,506.58,50.37,123.62,1,-1,-1,-1
121,62,1641.42,704.37,100.99,217.60,1,-1,-1,-1
121,60,1217.57,600.48,66.52,194.62,1,-1,-1,-1
120,60,1217.74,605.80,67.47,187.61,1,-1,-1,-1
119,60,1219.85,603.22,65.79,195.63,1,-1,-1,-1
121,58,1109.92,537.55,54.92,148.64,1,-1,-1,-1
121,57,884.08,617.88,73.97,192.62,1,-1,-1,-1
121,55,1217.66,573.66,54.50,157.85,1,-1,-1,-1
121,51,1694.28,700.73,99.26,228.74,1,-1,-1,-1
121,50,1385.75,696.66,64.23,165.17,1,-1,-1,-1
121,44,1082.89,593.79,60.30,181.35,1,-1,-1,-1
121,42,1132.81,673.36,75.79,213.66,1,-1,-1,-1
121,34,1468.05,511.21,48.86,114.66,1,-1,-1,-1
121,33,1771.78,696.21,83.38,221.49,1,-1,-1,-1
121,29,1152.38,597.67,58.97,157.63,1,-1,-1,-1
121,27,405.54,815.10,102.35,246.12,1,-1,-1,-1
121,25,1053.99,530.32,56.13,141.14,1,-1,-1,-1
121,24,1190.79,686.84,70.23,193.01,1,-1,-1,-1
121,21,181.55,790.27,96.94,273.73,1,-1,-1,-1
121,15,839.50,523.98,67.33,156.65,1,-1,-1,-1
121,10,465.64,754.16,80.92,236.97,1,-1,-1,-1
121,8,921.00,570.49,66.87,177.63,1,-1,-1,-1
121,5,514.99,596.85,87.39,188.39,1,-1,-1,-1
121,4,1271.69,908.83,93.60,171.17,1,-1,-1,-1
121,2,1104.67,908.62,108.78,171.38,1,-1,-1,-1
121,1,922.90,935.58,116.44,144.42,1,-1,-1,-1
122,103,764.26,479.57,48.05,133.56,1,-1,-1,-1
122,92,1462.24,671.77,61.80,193.64,1,-1,-1,-1
122,91,945.72,478.87,42.23,118.19,1,-1,-1,-1
122,87,863.65,459.72,40.42,113.25,1,-1,-1,-1
122,86,1499.42,705.21,53.22,141.34,1,-1,-1,-1
122,83,816.74,494.97,51.34,126.58,1,-1,-1,-1
122,81,1012.94,511.19,45.11,119.99,1,-1,-1,-1
122,78,364.27,734.34,97.33,252.10,1,-1,-1,-1
122,67,967.88,496.97,43.97,118.55,1,-1,-1,-1
122,62,1642.94,702.31,95.34,217.12,1,-1,-1,-1
122,58,1115.10,540.90,52.50,144.69,1,-1,-1,-1
122,57,882.83,620.37,72.32,189.08,1,-1,-1,-1
122,55,1219.51,574.41,51.64,143.67,1,-1,-1,-1
122,51,1688.39,702.03,108.01,227.13,1,-1,-1,-1
122,50,1388.06,698.50,62.88,159.97,1,-1,-1,-1
122,44,1080.44,610.26,61.97,168.18,1,-1,-1,-1
122,42,1133.73,675.84,74.43,210.62,1,-1,-1,-1
122,38,1847.84,687.95,72.11,234.14,1,-1,-1,-1
121,38,1856.93,684.04,62.95,243.78,1,-1,-1,-1
120,38,1846.16,685.35,73.51,239.75,1,-1,-1,-1
122,35,898.81,473.92,44.45,124.33,1,-1,-1,-1
121,35,897.08,472.12,47.49,130.64,1,-1,-1,-1
120,35,896.34,472.15,48.50,130.11,1,-1,-1,-1
122,34,1468.59,511.34,48.63,112.47,1,-1,-1,-1
122,33,1778.34,694.43,78.97,221.30,1,-1,-1,-1
122,29,1152.49,598.14,58.98,152.86,1,-1,-1,-1
122,27,407.35,816.45,104.09,243.41,1,-1,-1,-1
122,25,1053.75,534.68,58.56,136.97,1,-1,-1,-1
122,24,1190.56,686.29,73.63,195.96,1,-1,-1,-1
122,21,186.56,794.37,93.61,269.73,1,-1,-1,-1
122,15,840.86,525.30,65.40,152.99,1,-1,-1,-1
122,13,1037.81,592.92,56.91,164.55,1,-1,-1,-1
121,13,1034.80,591.98,58.52,158.77,1,-1,-1,-1
120,13,1035.38,590.94,54.23,141.36,1,-1,-1,-1
122,10,466.73,755.82,81.12,235.54,1,-1,-1,-1
122,8,919.62,573.25,69.24,178.26,1,-1,-1,-1
122,5,511.69,597.91,85.74,186.57,1,-1,-1,-1
122,2,1106.08,908.52,112.05,171.48,1,-1,-1,-1
122,1,922.70,936.64,116.84,143.36,1,-1,-1,-1
123,103,770.09,493.13,45.17,121.34,1,-1,-1,-1
123,92,1463.85,670.30,64.09,193.17,1,-1,-1,-1
123,91,948.28,480.52,41.85,123.81,1,-1,-1,-1
123,87,865.81,460.03,42.70,118.36,1,-1,-1,-1
123,86,1496.38,687.04,59.05,161.03,1,-1,-1,-1
123,83,817.07,489.52,54.18,132.93,1,-1,-1,-1
123,81,1013.95,510.86,43.23,115.31,1,-1,-1,-1
123,78,370.60,734.72,94.54,248.21,1,-1,-1,-1
123,67,967.99,497.98,45.06,119.67,1,-1,-1,-1
123,62,1644.24,700.20,87.25,224.04,1,-1,-1,-1
123,58,1115.58,540.94,53.57,147.28,1,-1,-1,-1
123,57,880.92,622.32,72.36,187.53,1,-1,-1,-1
123,55,1222.50,576.54,52.93,146.91,1,-1,-1,-1
123,51,1692.41,699.80,94.16,229.32,1,-1,-1,-1
123,50,1391.79,692.28,61.62,166.97,1,-1,-1,-1
123,44,1080.27,597.22,62.54,181.50,1,-1,-1,-1
123,42,1134.47,671.06,73.24,215.45,1,-1,-1,-1
123,38,1855.70,688.77,64.16,218.62,1,-1,-1,-1
123,37,1221.67,595.44,60.34,175.77,1,-1,-1,-1
122,37,1220.03,597.19,59.42,163.08,1,-1,-1,-1
121,37,1218.48,596.07,62.61,179.56,1,-1,-1,-1
123,34,1471.65,511.66,48.33,108.68,1,-1,-1,-1
123,33,1781.62,700.10,86.85,215.36,1,-1,-1,-1
123,29,1152.82,597.76,58.65,154.66,1,-1,-1,-1
123,27,412.79,815.46,103.10,244.26,1,-1,-1,-1
123,24,1191.72,684.47,74.78,201.13,1,-1,-1,-1
123,21,188.43,796.67,95.26,266.99,1,-1,-1,-1
123,15,841.79,523.89,67.61,157.96,1,-1,-1,-1
123,13,1035.62,591.05,60.02,161.07,1,-1,-1,-1
123,10,469.60,754.60,76.26,236.50,1,-1,-1,-1
123,8,919.71,572.61,68.94,181.27,1,-1,-1,-1
123,5,511.18,597.46,81.20,188.53,1,-1,-1,-1
123,2,1106.01,909.69,110.98,170.31,1,-1,-1,-1
123,1,919.89,937.07,120.01,142.93,1,-1,-1,-1
124,103,769.63,487.94,47.77,126.62,1,-1,-1,-1
124,92,1466.54,667.53,65.62,190.95,1,-1,-1,-1
124,87,867.17,460.57,41.45,116.24,1,-1,-1,-1
124,86,1466.72,665.97,73.54,191.97,1,-1,-1,-1
124,83,817.41,493.93,54.85,130.82,1,-1,-1,-1
124,81,1015.34,512.19,40.68,108.23,1,-1,-1,-1
124,78,372.94,733.18,97.50,247.98,1,-1,-1,-1
124,72,495.21,558.47,58.35,183.36,1,-1,-1,-1
123,72,498.30,566.82,60.03,190.09,1,-1,-1,-1
122,72,499.97,567.54,58.50,187.94,1,-1,-1,-1
124,71,990.76,653.09,84.58,169.08,1,-1,-1,-1
123,71,993.54,647.48,81.98,176.14,1,-1,-1,-1
122,71,997.27,629.31,79.26,192.61,1,-1,-1,-1
124,67,971.34,501.16,43.95,118.35,1,-1,-1,-1
124,62,1645.06,702.29,82.93,220.98,1,-1,-1,-1
124,58,1114.41,541.47,59.01,151.64,1,-1,-1,-1
124,57,879.63,624.03,71.32,184.75,1,-1,-1,-1
124,55,1221.97,576.50,55.20,152.65,1,-1,-1,-1
124,51,1684.01,702.25,96.11,224.71,1,-1,-1,-1
124,50,1395.11,687.77,60.85,168.42,1,-1,-1,-1
124,44,1085.39,597.16,60.40,180.93,1,-1,-1,-1
124,42,1132.70,671.36,74.76,216.90,1,-1,-1,-1
124,38,1869.92,689.68,50.04,220.37,1,-1,-1,-1
124,34,1471.81,509.16,49.36,114.22,1,-1,-1,-1
124,33,1789.88,699.79,82.38,214.77,1,-1,-1,-1
124,29,1155.83,597.90,56.16,152.72,1,-1,-1,-1
124,27,413.25,815.07,109.05,242.77,1,-1,-1,-1
124,24,1194.88,685.62,75.91,200.38,1,-1,-1,-1
124,21,188.11,795.80,98.31,268.40,1,-1,-1,-1
124,15,845.56,524.91,61.79,151.04,1,-1,-1,-1
124,10,470.81,755.43,80.03,239.30,1,-1,-1,-1
124,8,921.90,571.24,67.48,183.37,1,-1,-1,-1
124,5,507.98,598.53,81.01,191.69,1,-1,-1,-1
124,2,1106.37,912.29,115.44,167.71,1,-1,-1,-1
124,1,918.43,940.30,126.05,139.70,1,-1,-1,-1
125,103,769.00,484.49,49.78,132.19,1,-1,-1,-1
125,97,904.42,488.64,49.28,124.57,1,-1,-1,-1
124,97,904.75,485.46,47.67,123.08,1,-1,-1,-1
123,97,902.37,482.11,47.67,124.14,1,-1,-1,-1
125,92,1465.94,666.12,66.46,195.01,1,-1,-1,-1
125,90,866.58,604.10,63.58,161.50,1,-1,-1,-1
124,90,867.83,603.68,63.01,159.17,1,-1,-1,-1
123,90,870.84,602.97,58.29,150.99,1,-1,-1,-1
125,87,867.43,459.65,41.84,119.98,1,-1,-1,-1
125,86,1465.67,664.52,73.29,194.08,1,-1,-1,-1
125,83,819.11,493.08,54.41,132.50,1,-1,-1,-1
125,81,1016.11,514.80,41.43,104.62,1,-1,-1,-1
125,78,375.52,735.21,92.93,244.54,1,-1,-1,-1
125,73,1058.77,524.51,62.18,149.63,1,-1,-1,-1
124,73,1056.78,524.82,62.63,146.66,1,-1,-1,-1
123,73,1055.89,526.07,59.78,140.73,1,-1,-1,-1
125,72,491.09,558.62,61.66,191.54,1,-1,-1,-1
125,71,987.32,653.95,89.43,170.16,1,-1,-1,-1
125,62,1640.93,701.14,81.65,224.07,1,-1,-1,-1
125,58,1113.61,542.29,59.97,150.54,1,-1,-1,-1
125,57,875.61,625.63,75.97,180.44,1,-1,-1,-1
125,55,1221.52,575.99,56.42,153.13,1,-1,-1,-1
125,51,1678.99,702.75,96.57,223.76,1,-1,-1,-1
125,50,1397.05,685.78,58.60,170.46,1,-1,-1,-1
125,45,1482.12,613.05,60.29,151.55,1,-1,-1,-1
124,45,1482.90,614.80,57.58,146.65,1,-1,-1,-1
123,45,1466.54,615.31,49.24,116.71,1,-1,-1,-1
125,44,1083.88,599.14,62.02,180.99,1,-1,-1,-1
125,42,1131.76,671.98,75.82,215.95,1,-1,-1,-1
125,38,1879.90,689.76,40.10,234.95,1,-1,-1,-1
125,34,1471.06,509.45,50.00,112.49,1,-1,-1,-1
125,33,1794.04,702.31,83.92,213.37,1,-1,-1,-1
125,29,1155.72,597.43,56.94,156.64,1,-1,-1,-1
125,27,415.89,817.80,109.00,241.86,1,-1,-1,-1
125,24,1196.21,686.81,74.98,201.81,1,-1,-1,-1
125,21,189.85,798.04,98.70,265.07,1,-1,-1,-1
125,15,847.16,525.00,58.41,149.02,1,-1,-1,-1
125,10,472.84,754.42,78.20,237.74,1,-1,-1,-1
125,8,921.91,569.03,68.76,182.10,1,-1,-1,-1
125,5,507.19,599.38,74.94,185.23,1,-1,-1,-1
125,2,1106.24,914.88,108.37,165.12,1,-1,-1,-1
125,1,918.93,933.53,124.01,146.47,1,-1,-1,-1
126,104,959.34,504.12,55.11,125.95,1,-1,-1,-1
125,104,961.59,502.44,50.76,124.78,1,-1,-1,-1
124,104,951.20,486.75,48.20,136.33,1,-1,-1,-1
126,103,767.95,484.13,51.65,134.59,1,-1,-1,-1
126,100,1078.96,444.71,36.83,106.78,1,-1,-1,-1
125,100,1076.03,447.75,39.41,118.44,1,-1,-1,-1
124,100,1075.73,449.19,39.81,119.43,1,-1,-1,-1
126,97,907.88,483.73,48.59,128.97,1,-1,-1,-1
126,94,1770.01,702.81,91.28,181.52,1,-1,-1,-1
125,94,1770.85,696.02,91.95,197.42,1,-1,-1,-1
124,94,1772.89,694.93,89.33,200.12,1,-1,-1,-1
126,92,1469.70,661.48,70.89,196.74,1,-1,-1,-1
126,90,867.52,602.70,65.09,165.35,1,-1,-1,-1
126,87,869.21,463.03,41.29,118.08,1,-1,-1,-1
126,86,1506.45,713.19,51.84,138.77,1,-1,-1,-1
126,83,820.50,491.03,56.54,134.80,1,-1,-1,-1
126,81,1017.92,516.66,41.41,104.62,1,-1,-1,-1
126,79,1885.69,711.14,34.20,368.86,1,-1,-1,-1
125,79,1882.10,685.37,37.90,394.63,1,-1,-1,-1
124,79,1872.27,695.62,47.73,384.38,1,-1,-1,-1
126,78,378.12,736.65,90.86,241.43,1,-1,-1,-1
126,73,1060.35,526.36,63.70,144.24,1,-1,-1,-1
126,72,489.10,560.15,61.92,184.66,1,-1,-1,-1
126,71,985.90,652.94,76.96,170.86,1,-1,-1,-1
126,62,1632.41,698.16,87.07,228.62,1,-1,-1,-1
126,58,1115.19,541.28,59.82,149.92,1,-1,-1,-1
126,57,875.45,625.10,73.40,181.98,1,-1,-1,-1
126,55,1224.17,576.36,58.70,154.13,1,-1,-1,-1
126,51,1675.90,701.04,95.89,226.14,1,-1,-1,-1
126,50,1401.28,683.98,57.31,171.99,1,-1,-1,-1
126,45,1484.24,614.57,63.17,157.53,1,-1,-1,-1
126,44,1084.53,600.12,62.65,179.00,1,-1,-1,-1
126,42,1133.94,675.27,74.96,214.42,1,-1,-1,-1
126,34,1473.31,508.82,49.72,110.50,1,-1,-1,-1
126,33,1800.50,702.91,92.51,215.57,1,-1,-1,-1
126,29,1155.89,595.28,58.21,164.57,1,-1,-1,-1
126,27,418.33,818.26,113.16,240.69,1,-1,-1,-1
126,24,1197.27,685.72,74.52,205.12,1,-1,-1,-1
126,21,191.89,798.43,99.23,265.11,1,-1,-1,-1
126,15,847.40,521.91,60.10,154.74,1,-1,-1,-1
126,10,473.60,753.75,77.93,234.37,1,-1,-1,-1
126,8,925.01,572.29,67.40,178.33,1,-1,-1,-1
126,5,503.16,598.03,72.26,186.23,1,-1,-1,-1
126,2,1111.68,922.94,96.51,157.06,1,-1,-1,-1
126,1,922.29,930.94,120.64,149.06,1,-1,-1,-1
127,104,969.68,508.91,48.76,122.71,1,-1,-1,-1
127,103,769.33,487.34,48.38,132.45,1,-1,-1,-1
127,100,1078.10,450.01,39.26,117.48,1,-1,-1,-1
127,97,909.31,486.98,45.83,126.42,1,-1,-1,-1
127,94,1770.90,706.16,93.88,179.18,1,-1,-1,-1
127,92,1469.58,662.62,70.97,192.00,1,-1,-1,-1
127,90,864.81,604.31,62.40,165.08,1,-1,-1,-1
127,87,870.79,466.12,40.07,113.15,1,-1,-1,-1
127,86,1506.56,711.05,52.14,137.43,1,-1,-1,-1
127,83,821.33,494.52,55.46,134.45,1,-1,-1,-1
127,81,1017.82,516.98,40.02,105.21,1,-1,-1,-1
127,79,1887.99,711.77,31.83,368.23,1,-1,-1,-1
127,78,381.61,739.18,88.16,240.47,1,-1,-1,-1
127,73,1059.65,530.02,65.79,160.76,1,-1,-1,-1
127,72,486.83,562.97,59.43,179.07,1,-1,-1,-1
127,71,982.71,652.54,75.08,169.14,1,-1,-1,-1
127,62,1623.97,696.72,93.78,230.94,1,-1,-1,-1
127,58,1115.96,541.29,59.12,150.86,1,-1,-1,-1
127,57,872.50,626.72,72.92,183.37,1,-1,-1,-1
127,55,1224.08,576.13,58.84,152.57,1,-1,-1,-1
127,51,1675.91,699.28,89.83,224.01,1,-1,-1,-1
127,50,1404.02,684.19,55.77,170.80,1,-1,-1,-1
127,49,1031.94,629.87,67.76,171.10,1,-1,-1,-1
126,49,1028.42,628.08,65.36,171.56,1,-1,-1,-1
125,49,1027.49,620.54,64.31,182.05,1,-1,-1,-1
127,45,1484.69,614.39,66.63,166.76,1,-1,-1,-1
127,44,1085.72,598.79,60.88,178.88,1,-1,-1,-1
127,42,1134.70,676.35,74.32,212.94,1,-1,-1,-1
127,37,1228.65,598.91,60.05,166.21,1,-1,-1,-1
126,37,1227.69,599.35,59.49,163.04,1,-1,-1,-1
125,37,1224.28,600.67,58.94,157.53,1,-1,-1,-1
127,34,1474.57,509.66,47.72,112.54,1,-1,-1,-1
127,33,1797.38,702.01,101.24,218.52,1,-1,-1,-1
127,29,1156.61,595.53,57.52,164.91,1,-1,-1,-1
127,27,421.05,813.73,112.79,242.98,1,-1,-1,-1
127,24,1195.99,689.49,77.27,199.96,1,-1,-1,-1
127,21,193.33,798.89,99.89,266.16,1,-1,-1,-1
127,15,846.80,523.07,62.53,160.17,1,-1,-1,-1
127,10,475.16,751.80,77.59,238.21,1,-1,-1,-1
127,8,926.04,574.29,66.18,176.83,1,-1,-1,-1
127,5,500.12,595.52,73.77,196.24,1,-1,-1,-1
127,2,1114.30,933.99,95.15,146.01,1,-1,-1,-1
127,1,921.63,927.13,115.71,152.87,1,-1,-1,-1
128,104,965.97,507.96,51.63,128.43,1,-1,-1,-1
128,103,769.15,481.24,49.28,137.83,1,-1,-1,-1
128,100,1078.32,448.91,39.04,114.38,1,-1,-1,-1
128,97,911.58,492.84,47.67,126.30,1,-1,-1,-1
128,92,1471.52,663.27,64.68,193.14,1,-1,-1,-1
128,90,864.23,604.22,62.20,162.06,1,-1,-1,-1
128,87,870.74,466.97,42.91,129.40,1,-1,-1,-1
128,86,1507.08,712.11,54.37,139.14,1,-1,-1,-1
128,84,798.33,448.95,44.65,123.98,1,-1,-1,-1
127,84,796.73,449.08,44.67,123.56,1,-1,-1,-1
126,84,794.44,448.37,46.93,126.52,1,-1,-1,-1
128,83,823.89,494.65,54.08,133.66,1,-1,-1,-1
128,81,1018.44,516.56,40.16,105.33,1,-1,-1,-1
128,78,384.92,735.72,90.29,242.89,1,-1,-1,-1
128,73,1062.54,533.85,61.84,150.91,1,-1,-1,-1
128,72,482.79,560.74,59.15,178.30,1,-1,-1,-1
128,71,980.73,651.69,73.41,169.05,1,-1,-1,-1
128,62,1621.54,695.64,92.44,230.07,1,-1,-1,-1
128,58,1116.75,541.70,58.41,150.18,1,-1,-1,-1
128,55,1225.25,576.02,56.57,155.98,1,-1,-1,-1
128,51,1679.00,701.33,79.71,221.75,1,-1,-1,-1
128,50,1405.89,686.54,55.86,166.78,1,-1,-1,-1
128,49,1039.00,634.94,66.40,169.67,1,-1,-1,-1
128,45,1487.86,611.67,67.38,172.15,1,-1,-1,-1
128,44,1088.90,598.40,58.16,180.13,1,-1,-1,-1
128,42,1134.88,676.33,75.78,212.99,1,-1,-1,-1
128,37,1232.12,602.40,57.85,160.03,1,-1,-1,-1
128,34,1476.20,510.43,45.73,111.49,1,-1,-1,-1
128,33,1785.36,703.41,119.06,214.47,1,-1,-1,-1
128,30,1438.78,613.95,49.93,159.18,1,-1,-1,-1
127,30,1435.63,611.91,54.43,170.64,1,-1,-1,-1
126,30,1434.52,610.17,54.62,167.84,1,-1,-1,-1
128,29,1157.20,595.33,57.02,166.32,1,-1,-1,-1
128,27,421.33,809.91,111.26,243.08,1,-1,-1,-1
128,24,1198.99,689.34,79.26,199.84,1,-1,-1,-1
128,21,194.79,801.52,101.62,268.12,1,-1,-1,-1
128,15,847.27,522.50,62.05,162.24,1,-1,-1,-1
128,10,476.46,750.10,78.10,244.58,1,-1,-1,-1
128,8,927.10,576.36,64.77,174.88,1,-1,-1,-1
128,5,496.59,592.37,75.30,205.79,1,-1,-1,-1
128,2,1117.70,940.44,90.29,139.56,1,-1,-1,-1
128,1,924.51,924.04,111.04,155.96,1,-1,-1,-1
129,104,966.52,503.99,53.77,136.17,1,-1,-1,-1
129,103,771.43,485.48,49.69,133.79,1,-1,-1,-1
129,97,914.35,492.61,48.01,130.67,1,-1,-1,-1
129,87,872.10,467.95,43.15,129.04,1,-1,-1,-1
129,86,1510.92,706.29,52.39,141.30,1,-1,-1,-1
129,84,800.81,449.10,46.94,123.28,1,-1,-1,-1
129,83,823.91,498.89,53.36,129.12,1,-1,-1,-1
129,81,1019.91,515.58,41.61,107.48,1,-1,-1,-1
129,78,385.32,734.60,91.90,247.21,1,-1,-1,-1
129,73,1063.04,533.92,62.98,146.75,1,-1,-1,-1
129,72,481.74,560.71,61.20,179.18,1,-1,-1,-1
129,71,977.40,653.28,77.19,169.47,1,-1,-1,-1
129,62,1614.61,698.92,93.42,225.83,1,-1,-1,-1
129,58,1119.13,542.30,58.26,152.43,1,-1,-1,-1
129,55,1225.55,575.75,55.77,159.00,1,-1,-1,-1
129,51,1677.31,701.63,77.98,219.81,1,-1,-1,-1
129,50,1408.33,686.63,56.09,166.76,1,-1,-1,-1
129,49,1041.33,634.06,71.79,180.36,1,-1,-1,-1
129,45,1488.86,611.27,69.45,174.55,1,-1,-1,-1
129,44,1088.62,595.36,63.60,190.60,1,-1,-1,-1
129,42,1136.26,676.07,75.32,214.39,1,-1,-1,-1
129,37,1232.11,603.63,58.99,167.03,1,-1,-1,-1
129,34,1475.49,511.69,47.82,115.52,1,-1,-1,-1
129,33,1788.29,703.99,116.35,213.24,1,-1,-1,-1
129,30,1443.10,617.78,52.28,154.16,1,-1,-1,-1
129,29,1159.30,595.05,57.65,170.99,1,-1,-1,-1
129,27,422.30,806.26,112.64,241.37,1,-1,-1,-1
129,24,1199.27,689.69,80.64,202.03,1,-1,-1,-1
129,21,194.59,800.91,104.88,272.72,1,-1,-1,-1
129,15,850.36,522.62,60.84,165.94,1,-1,-1,-1
129,10,478.44,745.08,78.10,245.90,1,-1,-1,-1
129,8,926.88,579.13,67.56,180.14,1,-1,-1,-1
129,5,494.53,592.62,78.42,198.61,1,-1,-1,-1
129,2,1118.23,946.32,87.73,133.68,1,-1,-1,-1
129,1,932.07,936.73,103.19,143.27,1,-1,-1,-1
130,104,968.63,507.69,51.19,128.94,1,-1,-1,-1
130,103,771.22,483.24,49.55,135.58,1,-1,-1,-1
130,97,916.35,489.05,49.63,131.27,1,-1,-1,-1
130,87,874.18,467.04,42.52,124.51,1,-1,-1,-1
130,86,1510.49,704.97,55.02,141.87,1,-1,-1,-1
130,84,803.63,447.80,45.89,123.84,1,-1,-1,-1
130,83,825.55,499.74,52.18,127.73,1,-1,-1,-1
130,81,1020.84,515.10,40.87,107.05,1,-1,-1,-1
130,78,390.45,732.81,89.19,250.86,1,-1,-1,-1
130,72,478.00,561.02,63.53,181.42,1,-1,-1,-1
130,71,976.71,655.11,76.96,167.07,1,-1,-1,-1
130,67,960.26,483.03,42.44,121.70,1,-1,-1,-1
129,67,957.52,485.98,44.57,127.61,1,-1,-1,-1
128,67,957.22,483.12,42.99,124.32,1,-1,-1,-1
130,62,1608.62,697.69,96.28,222.63,1,-1,-1,-1
130,58,1119.25,544.92,57.72,151.22,1,-1,-1,-1
130,55,1226.53,576.41,53.20,152.65,1,-1,-1,-1
130,51,1673.76,699.06,81.50,222.58,1,-1,-1,-1
130,50,1409.36,688.23,56.99,164.07,1,-1,-1,-1
130,45,1500.12,614.58,63.42,159.20,1,-1,-1,-1
130,44,1099.14,592.72,60.20,182.71,1,-1,-1,-1
130,42,1137.25,671.58,74.35,218.27,1,-1,-1,-1
130,37,1228.94,599.22,58.07,172.93,1,-1,-1,-1
130,34,1476.69,511.13,48.18,113.50,1,-1,-1,-1
130,33,1797.01,701.53,115.45,216.92,1,-1,-1,-1
130,30,1441.87,614.80,53.28,160.32,1,-1,-1,-1
130,29,1158.66,595.77,58.80,169.58,1,-1,-1,-1
130,27,424.51,805.70,109.94,240.99,1,-1,-1,-1
130,24,1199.09,688.23,83.58,202.59,1,-1,-1,-1
130,21,199.56,804.12,101.79,272.16,1,-1,-1,-1
130,15,850.51,523.37,60.76,164.52,1,-1,-1,-1
130,10,481.48,743.89,75.39,240.54,1,-1,-1,-1
130,8,926.71,582.66,69.14,178.12,1,-1,-1,-1
130,5,490.38,591.43,80.71,197.74,1,-1,-1,-1
130,2,1118.05,948.08,88.20,131.92,1,-1,-1,-1
130,1,936.50,944.42,90.53,135.58,1,-1,-1,-1
131,107,1470.42,663.88,68.27,190.88,1,-1,-1,-1
130,107,1470.00,664.30,67.51,188.48,1,-1,-1,-1
129,107,1472.63,668.24,64.66,187.19,1,-1,-1,-1
131,104,970.40,507.40,50.42,127.74,1,-1,-1,-1
131,103,770.57,485.53,48.55,134.44,1,-1,-1,-1
131,97,917.17,485.63,51.35,135.18,1,-1,-1,-1
131,87,876.52,467.83,42.61,127.08,1,-1,-1,-1
131,86,1512.08,704.47,51.95,141.39,1,-1,-1,-1
131,84,805.87,447.93,43.85,121.87,1,-1,-1,-1
131,83,825.16,498.19,52.86,130.05,1,-1,-1,-1
131,81,1021.40,514.90,43.42,112.00,1,-1,-1,-1
131,78,391.24,733.85,90.27,250.55,1,-1,-1,-1
131,72,476.54,562.33,61.49,182.69,1,-1,-1,-1
131,71,974.84,653.21,73.43,167.16,1,-1,-1,-1
131,67,966.09,476.63,45.78,118.76,1,-1,-1,-1
131,62,1604.52,697.22,98.07,222.20,1,-1,-1,-1
131,58,1121.64,544.35,56.76,147.60,1,-1,-1,-1
131,57,865.41,612.03,78.37,194.42,1,-1,-1,-1
130,57,866.29,613.05,77.59,195.62,1,-1,-1,-1
129,57,867.05,614.41,77.66,194.35,1,-1,-1,-1
131,55,1228.00,577.02,56.79,157.90,1,-1,-1,-1
131,54,1050.82,636.90,68.93,171.91,1,-1,-1,-1
130,54,1044.52,633.79,72.33,179.13,1,-1,-1,-1
129,54,1036.69,634.59,79.62,177.10,1,-1,-1,-1
131,51,1672.00,698.41,79.81,224.09,1,-1,-1,-1
131,45,1506.79,617.56,61.02,161.07,1,-1,-1,-1
131,44,1099.39,594.26,60.79,185.41,1,-1,-1,-1
131,42,1136.54,671.06,75.56,218.09,1,-1,-1,-1
131,37,1230.48,597.76,61.56,175.28,1,-1,-1,-1
131,34,1477.34,512.15,47.30,111.66,1,-1,-1,-1
131,33,1808.10,702.05,105.16,218.54,1,-1,-1,-1
131,30,1442.19,615.90,52.61,155.38,1,-1,-1,-1
131,29,1160.22,596.32,57.85,173.06,1,-1,-1,-1
131,27,429.82,805.13,104.72,238.77,1,-1,-1,-1
131,24,1202.17,686.78,84.36,204.77,1,-1,-1,-1
131,21,202.56,806.09,101.34,273.77,1,-1,-1,-1
131,15,850.51,524.55,59.90,162.12,1,-1,-1,-1
131,10,482.50,744.91,75.36,243.66,1,-1,-1,-1
131,8,926.03,582.59,69.85,177.53,1,-1,-1,-1
131,5,490.92,593.48,77.20,194.80,1,-1,-1,-1
131,1,935.54,952.99,88.32,127.01,1,-1,-1,-1
132,107,1480.47,666.79,69.43,182.50,1,-1,-1,-1
132,104,969.94,505.71,50.67,129.11,1,-1,-1,-1
132,103,770.80,489.06,47.59,130.96,1,-1,-1,-1
132,97,919.73,490.77,49.23,133.97,1,-1,-1,-1
132,92,1463.53,640.82,70.43,189.45,1,-1,-1,-1
131,92,1464.63,633.78,65.00,186.00,1,-1,-1,-1
130,92,1494.20,611.73,69.49,174.80,1,-1,-1,-1
132,87,879.17,469.33,41.51,126.14,1,-1,-1,-1
132,86,1514.06,705.62,49.87,141.43,1,-1,-1,-1
132,83,827.61,499.62,48.17,128.14,1,-1,-1,-1
132,81,1023.11,515.47,42.82,113.43,1,-1,-1,-1
132,78,393.60,734.81,89.14,247.77,1,-1,-1,-1
132,71,968.90,652.85,69.25,161.28,1,-1,-1,-1
132,62,1601.20,697.13,98.72,219.20,1,-1,-1,-1
132,58,1125.63,545.00,52.63,143.10,1,-1,-1,-1
132,57,866.05,616.11,74.27,191.45,1,-1,-1,-1
132,55,1228.57,577.13,56.74,159.84,1,-1,-1,-1
132,54,1055.08,631.75,67.67,177.36,1,-1,-1,-1
132,51,1671.32,697.97,79.08,223.73,1,-1,-1,-1
132,45,1508.85,615.29,62.03,165.68,1,-1,-1,-1
132,44,1100.63,596.14,59.48,182.61,1,-1,-1,-1
132,42,1136.46,672.14,76.44,217.20,1,-1,-1,-1
132,37,1230.49,598.12,61.45,175.55,1,-1,-1,-1
132,34,1478.34,510.75,46.52,114.42,1,-1,-1,-1
132,33,1817.31,703.61,97.96,215.94,1,-1,-1,-1
132,30,1443.67,617.51,51.95,154.19,1,-1,-1,-1
132,29,1161.40,597.36,57.34,166.65,1,-1,-1,-1
132,27,433.35,805.58,102.33,237.60,1,-1,-1,-1
132,25,1077.70,528.23,53.80,129.69,1,-1,-1,-1
131,25,1071.99,531.61,56.95,145.14,1,-1,-1,-1
130,25,1062.58,532.35,62.62,148.93,1,-1,-1,-1
132,24,1203.91,691.59,81.39,198.11,1,-1,-1,-1
132,21,203.97,810.34,99.94,269.66,1,-1,-1,-1
132,15,849.86,528.16,60.75,156.29,1,-1,-1,-1
132,14,1413.86,690.06,57.57,164.68,1,-1,-1,-1
131,14,1411.27,690.80,61.25,164.23,1,-1,-1,-1
130,14,1409.02,689.58,61.39,165.35,1,-1,-1,-1
132,13,1040.92,591.98,63.39,186.15,1,-1,-1,-1
131,13,1040.34,596.77,62.87,176.99,1,-1,-1,-1
130,13,1035.89,595.53,64.16,185.05,1,-1,-1,-1
132,10,482.69,743.97,76.72,242.47,1,-1,-1,-1
132,8,926.90,583.38,67.62,176.79,1,-1,-1,-1
132,5,488.57,594.92,77.48,196.47,1,-1,-1,-1
132,1,932.01,949.04,91.58,130.96,1,-1,-1,-1
133,109,188.12,763.33,78.60,219.71,1,-1,-1,-1
132,109,179.91,761.71,89.50,226.68,1,-1,-1,-1
131,109,179.63,760.18,91.83,229.19,1,-1,-1,-1
133,107,1480.84,669.15,69.59,187.83,1,-1,-1,-1
133,104,971.34,507.02,48.85,126.52,1,-1,-1,-1
133,103,769.88,489.68,47.88,132.01,1,-1,-1,-1
133,97,920.33,487.92,49.73,135.86,1,-1,-1,-1
133,92,1464.22,634.89,64.96,182.68,1,-1,-1,-1
133,87,883.21,468.43,41.74,124.85,1,-1,-1,-1
133,86,1519.10,704.25,46.18,143.73,1,-1,-1,-1
133,83,828.07,496.43,50.59,132.25,1,-1,-1,-1
133,81,1022.37,515.40,42.48,112.21,1,-1,-1,-1
133,78,396.07,736.08,87.52,240.65,1,-1,-1,-1
133,71,964.05,650.87,72.65,160.75,1,-1,-1,-1
133,62,1598.69,700.52,93.18,212.21,1,-1,-1,-1
133,58,1127.65,548.14,53.17,141.98,1,-1,-1,-1
133,57,865.54,615.40,70.76,191.28,1,-1,-1,-1
133,55,1228.69,577.49,54.47,148.54,1,-1,-1,-1
133,54,1057.21,627.45,70.92,177.97,1,-1,-1,-1
133,51,1671.10,699.47,76.46,220.71,1,-1,-1,-1
133,45,1514.93,618.46,59.35,160.96,1,-1,-1,-1
133,44,1100.44,598.08,58.09,177.61,1,-1,-1,-1
133,42,1140.17,673.84,73.13,215.01,1,-1,-1,-1
133,37,1232.43,596.82,57.66,167.83,1,-1,-1,-1
133,34,1477.40,511.25,48.50,113.81,1,-1,-1,-1
133,33,1825.19,703.80,93.40,215.06,1,-1,-1,-1
133,30,1446.13,620.80,48.77,150.12,1,-1,-1,-1
133,29,1161.59,598.93,57.40,162.09,1,-1,-1,-1
133,27,437.53,806.94,99.28,234.52,1,-1,-1,-1
133,25,1075.96,529.02,56.43,131.62,1,-1,-1,-1
133,24,1206.01,690.83,80.50,196.65,1,-1,-1,-1
133,21,206.06,811.51,97.20,268.49,1,-1,-1,-1
133,15,850.25,528.45,58.71,156.00,1,-1,-1,-1
133,13,1038.11,591.06,63.81,187.56,1,-1,-1,-1
133,10,481.66,743.85,81.15,236.29,1,-1,-1,-1
133,8,927.40,583.69,65.37,176.38,1,-1,-1,-1
133,5,484.96,597.34,75.88,189.76,1,-1,-1,-1
133,1,931.54,950.45,93.67,129.55,1,-1,-1,-1
134,109,190.22,765.24,77.15,217.91,1,-1,-1,-1
134,107,1483.21,666.10,75.59,188.45,1,-1,-1,-1
134,104,971.88,507.80,48.15,124.62,1,-1,-1,-1
134,103,769.99,490.83,48.14,130.97,1,-1,-1,-1
134,97,921.01,487.94,50.45,137.04,1,-1,-1,-1
134,92,1461.83,634.30,61.32,161.55,1,-1,-1,-1
134,87,882.78,467.55,42.54,125.10,1,-1,-1,-1
134,86,1518.06,701.37,54.59,146.97,1,-1,-1,-1
134,83,827.02,499.53,50.77,128.64,1,-1,-1,-1
134,81,1023.45,515.98,41.99,110.69,1,-1,-1,-1
134,78,396.86,733.93,88.94,241.44,1,-1,-1,-1
134,71,962.05,637.18,70.56,179.30,1,-1,-1,-1
134,62,1597.83,697.48,92.56,213.00,1,-1,-1,-1
134,58,1128.47,550.46,54.06,153.53,1,-1,-1,-1
134,57,865.40,617.26,68.69,189.32,1,-1,-1,-1
134,55,1228.57,577.22,53.91,146.65,1,-1,-1,-1
134,54,1061.41,631.03,71.43,179.11,1,-1,-1,-1
134,51,1669.36,700.45,79.67,219.21,1,-1,-1,-1
134,45,1515.08,616.84,62.14,164.10,1,-1,-1,-1
134,44,1101.49,606.74,54.51,170.98,1,-1,-1,-1
134,42,1140.10,673.60,73.52,215.35,1,-1,-1,-1
134,37,1232.92,595.88,57.36,162.20,1,-1,-1,-1
134,34,1477.50,511.29,48.31,114.12,1,-1,-1,-1
134,33,1829.78,704.10,89.65,214.89,1,-1,-1,-1
134,30,1447.34,621.20,50.93,145.76,1,-1,-1,-1
134,29,1161.08,597.77,58.30,165.66,1,-1,-1,-1
134,27,436.42,806.79,102.57,236.18,1,-1,-1,-1
134,25,1074.83,529.17,58.01,138.00,1,-1,-1,-1
134,24,1207.83,690.86,81.13,196.33,1,-1,-1,-1
134,21,206.49,812.82,99.71,267.18,1,-1,-1,-1
134,15,850.06,529.36,58.75,161.39,1,-1,-1,-1
134,13,1033.98,599.51,66.43,173.53,1,-1,-1,-1
134,10,484.94,745.11,81.17,228.60,1,-1,-1,-1
134,8,926.07,584.28,65.80,175.27,1,-1,-1,-1
134,5,481.04,595.78,77.39,186.80,1,-1,-1,-1
134,1,930.17,950.72,92.48,129.28,1,-1,-1,-1
135,109,193.14,765.83,75.65,216.53,1,-1,-1,-1
135,107,1481.91,663.78,77.90,189.35,1,-1,-1,-1
135,104,975.52,508.84,48.92,119.67,1,-1,-1,-1
135,103,772.99,484.40,48.62,135.91,1,-1,-1,-1
135,97,924.53,486.08,49.49,136.44,1,-1,-1,-1
135,92,1460.99,633.50,64.28,162.17,1,-1,-1,-1
135,87,884.37,468.62,42.35,120.94,1,-1,-1,-1
135,86,1524.92,697.57,60.72,158.80,1,-1,-1,-1
135,83,828.34,499.92,49.23,128.67,1,-1,-1,-1
135,81,1024.30,517.25,45.04,114.63,1,-1,-1,-1
135,78,397.28,738.22,90.82,236.48,1,-1,-1,-1
135,71,957.32,637.93,70.73,177.69,1,-1,-1,-1
135,62,1597.72,697.14,88.03,210.49,1,-1,-1,-1
135,58,1130.17,552.87,52.60,146.37,1,-1,-1,-1
135,57,864.40,621.28,69.81,186.05,1,-1,-1,-1
135,55,1229.25,575.77,53.33,141.25,1,-1,-1,-1
135,54,1071.26,632.87,68.49,177.91,1,-1,-1,-1
135,51,1667.26,701.85,80.12,217.74,1,-1,-1,-1
135,45,1518.51,618.37,61.57,161.95,1,-1,-1,-1
135,42,1140.59,672.25,74.12,216.95,1,-1,-1,-1
135,37,1234.82,598.04,55.08,153.61,1,-1,-1,-1
135,34,1478.97,513.72,47.19,109.14,1,-1,-1,-1
135,33,1837.49,704.69,82.47,214.39,1,-1,-1,-1
135,30,1449.64,621.10,54.40,149.96,1,-1,-1,-1
135,29,1164.25,598.43,54.71,163.25,1,-1,-1,-1
135,27,439.71,805.60,107.85,236.91,1,-1,-1,-1
135,24,1207.97,688.04,84.49,199.96,1,-1,-1,-1
135,21,205.79,815.23,104.50,264.77,1,-1,-1,-1
135,15,848.92,527.86,59.45,162.95,1,-1,-1,-1
135,13,1036.76,600.97,64.73,167.24,1,-1,-1,-1
135,10,486.42,745.94,80.95,225.06,1,-1,-1,-1
135,8,928.80,584.82,67.35,172.54,1,-1,-1,-1
135,5,480.20,593.84,74.46,184.55,1,-1,-1,-1
135,1,930.83,951.80,92.17,128.20,1,-1,-1,-1
136,109,195.66,764.58,76.54,217.87,1,-1,-1,-1
136,107,1485.02,664.03,75.42,184.67,1,-1,-1,-1
136,104,976.36,508.65,49.21,120.79,1,-1,-1,-1
136,103,771.22,490.83,48.93,130.10,1,-1,-1,-1
136,97,924.57,486.81,50.21,136.43,1,-1,-1,-1
136,92,1460.53,634.95,61.86,155.70,1,-1,-1,-1
136,87,886.99,473.35,42.65,117.90,1,-1,-1,-1
136,86,1519.24,618.04,70.14,177.18,1,-1,-1,-1
136,83,831.09,500.66,47.32,125.65,1,-1,-1,-1
136,81,1025.07,517.76,49.63,121.52,1,-1,-1,-1
136,78,399.60,734.76,89.25,240.12,1,-1,-1,-1
136,62,1597.50,697.96,86.42,207.42,1,-1,-1,-1
136,58,1132.50,553.80,51.47,143.75,1,-1,-1,-1
136,57,863.13,621.11,70.14,185.56,1,-1,-1,-1
136,55,1229.14,576.96,51.83,142.88,1,-1,-1,-1
136,51,1665.49,702.45,77.35,217.01,1,-1,-1,-1
136,45,1520.47,620.77,63.04,160.43,1,-1,-1,-1
136,42,1139.33,672.78,76.75,217.06,1,-1,-1,-1
136,37,1246.00,610.83,51.53,156.87,1,-1,-1,-1
136,34,1478.51,515.13,47.69,110.02,1,-1,-1,-1
136,33,1834.09,705.19,85.45,203.95,1,-1,-1,-1
136,29,1161.67,598.41,57.22,163.27,1,-1,-1,-1
136,27,440.67,805.56,109.41,235.86,1,-1,-1,-1
136,24,1209.82,688.08,83.55,200.69,1,-1,-1,-1
136,21,205.24,815.88,106.34,264.12,1,-1,-1,-1
136,15,848.20,530.78,59.73,155.82,1,-1,-1,-1
136,14,1419.98,689.03,54.20,154.99,1,-1,-1,-1
135,14,1419.39,687.54,54.15,157.51,1,-1,-1,-1
134,14,1417.51,689.71,54.43,158.61,1,-1,-1,-1
136,10,488.95,747.41,79.71,221.54,1,-1,-1,-1
136,8,927.76,585.33,68.49,165.82,1,-1,-1,-1
136,5,478.39,594.49,73.26,184.62,1,-1,-1,-1
136,1,928.79,951.90,92.91,128.10,1,-1,-1,-1
137,107,1486.13,666.15,75.26,180.37,1,-1,-1,-1
137,104,976.18,508.96,50.40,120.33,1,-1,-1,-1
137,103,771.92,493.62,48.13,126.08,1,-1,-1,-1
137,97,925.59,486.63,48.20,135.10,1,-1,-1,-1
137,92,1457.21,635.76,62.91,163.72,1,-1,-1,-1
137,87,887.61,473.47,42.34,118.51,1,-1,-1,-1
137,86,1527.47,697.89,69.59,164.85,1,-1,-1,-1
137,83,829.30,503.75,47.47,125.10,1,-1,-1,-1
137,81,1024.98,519.16,47.77,117.02,1,-1,-1,-1
137,78,401.78,731.49,88.81,241.69,1,-1,-1,-1
137,73,1070.24,529.92,66.33,148.71,1,-1,-1,-1
136,73,1073.69,529.62,60.91,146.08,1,-1,-1,-1
135,73,1076.88,528.72,56.42,141.69,1,-1,-1,-1
137,62,1595.34,696.21,83.83,208.18,1,-1,-1,-1
137,58,1133.07,553.26,53.64,145.75,1,-1,-1,-1
137,57,860.79,621.80,70.33,181.88,1,-1,-1,-1
137,55,1230.51,578.66,50.13,138.62,1,-1,-1,-1
137,51,1664.79,702.02,72.54,214.46,1,-1,-1,-1
137,45,1524.21,619.77,67.27,174.09,1,-1,-1,-1
137,42,1136.07,672.05,79.44,218.97,1,-1,-1,-1
137,37,1246.50,612.69,50.16,148.73,1,-1,-1,-1
137,34,1478.78,515.50,47.77,112.25,1,-1,-1,-1
137,33,1844.62,703.75,75.22,211.69,1,-1,-1,-1
137,29,1162.64,598.48,55.88,165.25,1,-1,-1,-1
137,27,438.89,804.61,118.41,237.28,1,-1,-1,-1
137,24,1211.65,681.74,81.73,207.26,1,-1,-1,-1
137,21,206.97,817.70,110.06,262.30,1,-1,-1,-1
137,15,848.84,529.32,60.08,158.92,1,-1,-1,-1
137,14,1422.88,683.32,53.87,161.09,1,-1,-1,-1
137,10,491.30,748.24,79.14,221.88,1,-1,-1,-1
137,8,927.79,585.26,71.98,183.68,1,-1,-1,-1
137,5,473.77,593.41,75.01,188.93,1,-1,-1,-1
138,110,859.78,469.05,37.34,110.69,1,-1,-1,-1
137,110,856.38,468.07,36.79,105.26,1,-1,-1,-1
136,110,860.87,460.18,31.80,92.37,1,-1,-1,-1
138,107,1487.36,665.86,74.31,181.95,1,-1,-1,-1
138,104,974.71,497.93,54.21,129.61,1,-1,-1,-1
138,103,773.96,485.75,49.39,134.25,1,-1,-1,-1
138,97,926.23,486.11,48.55,137.51,1,-1,-1,-1
138,96,944.95,642.51,73.87,173.74,1,-1,-1,-1
137,96,946.62,644.45,75.95,173.95,1,-1,-1,-1
136,96,951.91,642.60,73.70,176.19,1,-1,-1,-1
138,92,1457.01,633.54,65.26,166.17,1,-1,-1,-1
138,87,887.74,474.02,43.68,122.38,1,-1,-1,-1
138,83,830.01,504.30,46.46,125.65,1,-1,-1,-1
138,81,1023.60,518.69,45.27,115.28,1,-1,-1,-1
138,78,403.46,723.61,87.43,248.84,1,-1,-1,-1
138,73,1071.35,530.73,69.86,153.67,1,-1,-1,-1
138,62,1592.82,696.76,80.44,214.79,1,-1,-1,-1
138,58,1135.17,552.77,53.88,144.65,1,-1,-1,-1
138,57,859.07,621.62,70.14,183.14,1,-1,-1,-1
138,55,1230.04,578.26,53.20,146.47,1,-1,-1,-1
138,51,1661.19,702.52,71.40,212.92,1,-1,-1,-1
138,45,1528.05,619.62,64.21,171.38,1,-1,-1,-1
138,42,1134.49,673.17,81.32,217.56,1,-1,-1,-1
138,37,1245.12,610.72,50.93,150.17,1,-1,-1,-1
138,34,1481.86,515.21,44.60,111.11,1,-1,-1,-1
138,33,1843.40,703.15,76.22,208.10,1,-1,-1,-1
138,29,1160.41,597.20,59.11,169.86,1,-1,-1,-1
138,27,445.72,803.34,113.52,237.12,1,-1,-1,-1
138,24,1212.12,677.68,82.33,211.42,1,-1,-1,-1
138,21,214.17,818.64,104.14,261.36,1,-1,-1,-1
138,15,848.87,529.32,58.33,155.37,1,-1,-1,-1
138,14,1424.46,683.51,53.93,160.36,1,-1,-1,-1
138,10,496.78,746.99,76.35,223.28,1,-1,-1,-1
138,8,930.56,584.92,70.52,185.25,1,-1,-1,-1
138,5,473.05,595.71,73.49,187.96,1,-1,-1,-1
139,107,1492.09,668.32,70.55,178.57,1,-1,-1,-1
139,104,978.31,509.92,51.97,121.84,1,-1,-1,-1
139,103,778.83,475.89,49.21,135.22,1,-1,-1,-1
139,97,927.81,488.38,47.40,138.81,1,-1,-1,-1
139,96,939.95,643.36,75.00,170.75,1,-1,-1,-1
139,92,1461.04,636.99,64.25,164.91,1,-1,-1,-1
139,87,888.50,473.80,43.10,122.26,1,-1,-1,-1
139,83,830.31,506.04,46.48,124.78,1,-1,-1,-1
139,81,1027.25,521.41,42.08,111.40,1,-1,-1,-1
139,78,407.06,725.36,85.52,244.22,1,-1,-1,-1
139,73,1072.06,532.22,69.38,152.78,1,-1,-1,-1
139,62,1590.56,695.98,78.85,220.83,1,-1,-1,-1
139,58,1134.87,552.42,54.48,146.93,1,-1,-1,-1
139,57,857.50,621.76,70.92,183.54,1,-1,-1,-1
139,55,1230.24,578.29,52.57,142.91,1,-1,-1,-1
139,54,1090.03,635.70,63.41,181.31,1,-1,-1,-1
138,54,1087.94,634.29,62.66,181.54,1,-1,-1,-1
137,54,1080.68,636.28,64.68,178.34,1,-1,-1,-1
139,51,1660.21,701.65,68.15,215.09,1,-1,-1,-1
139,45,1533.38,620.94,64.21,166.65,1,-1,-1,-1
139,42,1135.78,672.85,80.25,218.29,1,-1,-1,-1
139,37,1244.32,611.46,50.88,150.32,1,-1,-1,-1
139,34,1481.17,516.57,46.47,113.58,1,-1,-1,-1
139,33,1846.64,703.37,73.22,206.33,1,-1,-1,-1
139,29,1162.26,597.81,58.44,163.30,1,-1,-1,-1
139,28,1014.24,556.02,57.10,166.55,1,-1,-1,-1
138,28,1018.20,547.82,55.35,170.67,1,-1,-1,-1
137,28,1021.43,550.25,56.23,156.41,1,-1,-1,-1
139,27,447.65,803.11,112.57,234.28,1,-1,-1,-1
139,21,215.82,819.16,103.78,260.84,1,-1,-1,-1
139,15,849.42,531.28,58.33,152.75,1,-1,-1,-1
139,14,1426.72,683.34,55.76,161.75,1,-1,-1,-1
139,13,1047.45,603.83,58.43,186.72,1,-1,-1,-1
138,13,1045.25,602.52,60.76,189.70,1,-1,-1,-1
137,13,1043.48,603.50,61.39,187.30,1,-1,-1,-1
139,10,500.30,744.19,74.92,227.91,1,-1,-1,-1
139,8,930.41,586.50,70.39,171.28,1,-1,-1,-1
139,5,470.91,597.14,76.06,182.80,1,-1,-1,-1
140,107,1499.88,662.59,64.11,180.94,1,-1,-1,-1
140,104,977.93,511.06,51.77,120.32,1,-1,-1,-1
140,103,771.63,497.53,46.62,122.92,1,-1,-1,-1
140,97,928.04,488.62,47.81,138.89,1,-1,-1,-1
140,96,936.31,637.77,78.14,178.38,1,-1,-1,-1
140,92,1457.60,635.08,63.05,175.93,1,-1,-1,-1
140,87,888.96,473.15,45.00,125.75,1,-1,-1,-1
140,83,828.44,506.78,48.38,125.40,1,-1,-1,-1
140,81,1026.60,521.26,43.22,111.36,1,-1,-1,-1
140,78,410.68,722.94,85.03,244.89,1,-1,-1,-1
140,73,1072.03,533.64,70.47,152.21,1,-1,-1,-1
140,62,1585.27,693.00,83.30,223.35,1,-1,-1,-1
140,58,1136.34,551.56,56.77,147.36,1,-1,-1,-1
140,57,857.28,620.22,69.44,184.24,1,-1,-1,-1
140,55,1228.30,577.74,53.14,144.04,1,-1,-1,-1
140,54,1090.93,638.08,67.53,179.02,1,-1,-1,-1
140,51,1657.14,700.19,69.52,214.28,1,-1,-1,-1
140,45,1535.82,619.64,66.31,170.26,1,-1,-1,-1
140,42,1137.32,673.46,79.82,218.41,1,-1,-1,-1
140,37,1243.88,609.64,52.11,155.23,1,-1,-1,-1
140,34,1477.97,515.15,49.40,112.38,1,-1,-1,-1
140,33,1848.16,713.97,71.62,196.64,1,-1,-1,-1
140,29,1163.56,596.93,58.88,163.60,1,-1,-1,-1
140,28,1013.34,555.90,57.16,169.53,1,-1,-1,-1
140,27,456.28,801.44,106.11,232.48,1,-1,-1,-1
140,21,213.84,819.42,108.12,260.58,1,-1,-1,-1
140,15,848.69,532.18,58.39,149.36,1,-1,-1,-1
140,14,1428.46,682.96,55.22,161.84,1,-1,-1,-1
140,13,1045.83,601.07,66.94,189.88,1,-1,-1,-1
140,10,502.02,743.88,74.52,229.42,1,-1,-1,-1
140,8,932.31,587.81,70.52,167.53,1,-1,-1,-1
140,5,469.47,595.40,75.67,191.19,1,-1,-1,-1
141,107,1499.27,661.62,69.03,183.20,1,-1,-1,-1
141,104,981.96,518.27,51.05,121.00,1,-1,-1,-1
141,103,771.02,502.97,45.76,121.21,1,-1,-1,-1
141,97,929.93,497.49,47.12,131.34,1,-1,-1,-1
141,96,932.89,638.27,79.05,175.46,1,-1,-1,-1
141,92,1457.99,637.20,62.78,182.81,1,-1,-1,-1
141,87,890.07,473.78,44.50,125.66,1,-1,-1,-1
141,83,828.89,507.33,46.91,124.05,1,-1,-1,-1
141,81,1028.64,522.30,42.95,112.01,1,-1,-1,-1
141,78,411.93,720.92,84.54,248.72,1,-1,-1,-1
141,73,1073.08,534.51,70.71,151.19,1,-1,-1,-1
141,62,1581.32,691.51,83.16,213.19,1,-1,-1,-1
141,58,1137.94,551.55,59.25,145.53,1,-1,-1,-1
141,57,856.88,618.79,69.96,184.32,1,-1,-1,-1
141,55,1230.35,578.12,54.55,146.40,1,-1,-1,-1
141,54,1096.03,638.14,66.27,175.22,1,-1,-1,-1
141,51,1655.22,697.42,71.31,217.06,1,-1,-1,-1
141,45,1541.18,622.26,68.12,150.52,1,-1,-1,-1
141,42,1140.60,673.45,76.94,218.85,1,-1,-1,-1
141,37,1242.67,609.09,54.74,158.40,1,-1,-1,-1
141,34,1478.49,516.54,50.51,111.85,1,-1,-1,-1
141,33,1848.73,722.12,71.06,192.32,1,-1,-1,-1
141,29,1163.67,598.90,58.46,163.15,1,-1,-1,-1
141,28,1010.85,558.01,56.58,167.92,1,-1,-1,-1
141,27,459.03,797.51,105.95,234.12,1,-1,-1,-1
141,21,214.63,819.62,109.37,260.38,1,-1,-1,-1
141,16,1215.91,688.98,76.72,202.73,1,-1,-1,-1
140,16,1215.11,689.60,77.57,200.01,1,-1,-1,-1
139,16,1211.97,686.86,80.86,203.73,1,-1,-1,-1
141,15,848.58,535.14,59.84,148.91,1,-1,-1,-1
141,14,1429.00,683.12,57.46,163.27,1,-1,-1,-1
141,13,1051.12,607.79,58.62,184.40,1,-1,-1,-1
141,10,504.31,741.30,76.89,234.48,1,-1,-1,-1
141,8,934.20,589.94,72.72,186.15,1,-1,-1,-1
141,5,466.75,593.47,78.03,198.00,1,-1,-1,-1
142,107,1499.69,660.85,67.38,188.10,1,-1,-1,-1
142,104,982.15,517.68,51.61,126.70,1,-1,-1,-1
142,103,771.09,499.99,44.99,121.82,1,-1,-1,-1
142,97,928.77,497.18,48.54,130.61,1,-1,-1,-1
142,96,931.26,637.90,79.98,178.71,1,-1,-1,-1
142,92,1455.29,632.43,66.74,193.41,1,-1,-1,-1
142,87,890.84,476.78,41.67,120.02,1,-1,-1,-1
142,81,1029.78,522.30,41.94,112.56,1,-1,-1,-1
142,78,412.56,721.90,84.71,246.11,1,-1,-1,-1
142,73,1074.81,534.56,69.76,153.08,1,-1,-1,-1
142,62,1578.48,690.31,83.96,222.65,1,-1,-1,-1
142,58,1139.32,552.34,59.63,147.40,1,-1,-1,-1
142,57,854.63,616.31,71.41,185.69,1,-1,-1,-1
142,55,1229.58,577.50,54.80,147.08,1,-1,-1,-1
142,54,1100.73,641.63,64.66,174.74,1,-1,-1,-1
142,51,1652.15,694.86,72.95,217.06,1,-1,-1,-1
142,45,1541.27,620.28,72.68,160.47,1,-1,-1,-1
142,44,1108.28,602.54,53.09,143.21,1,-1,-1,-1
141,44,1110.61,608.32,50.29,129.09,1,-1,-1,-1
140,44,1106.54,605.13,50.91,130.44,1,-1,-1,-1
142,42,1142.89,672.45,74.53,220.07,1,-1,-1,-1
142,37,1242.63,608.34,55.17,160.84,1,-1,-1,-1
142,34,1479.91,516.14,48.75,114.27,1,-1,-1,-1
142,33,1850.81,716.25,69.19,213.23,1,-1,-1,-1
142,29,1166.81,599.27,55.53,159.42,1,-1,-1,-1
142,28,1009.35,558.16,55.05,166.45,1,-1,-1,-1
142,27,462.91,796.81,103.60,233.72,1,-1,-1,-1
142,21,213.53,825.64,111.48,254.36,1,-1,-1,-1
142,16,1215.50,688.54,77.93,204.61,1,-1,-1,-1
142,15,848.41,536.90,60.94,150.95,1,-1,-1,-1
142,14,1430.84,683.71,58.91,160.60,1,-1,-1,-1
142,13,1053.14,604.46,58.32,187.42,1,-1,-1,-1
142,10,505.82,740.58,75.21,235.58,1,-1,-1,-1
142,8,934.21,590.40,73.18,186.69,1,-1,-1,-1
142,5,464.73,591.63,78.71,203.80,1,-1,-1,-1
143,107,1499.54,663.38,67.27,181.74,1,-1,-1,-1
143,104,982.06,503.54,51.27,121.82,1,-1,-1,-1
143,103,770.60,502.01,46.39,121.47,1,-1,-1,-1
143,97,929.93,494.89,49.28,133.06,1,-1,-1,-1
143,96,927.96,636.89,79.89,176.21,1,-1,-1,-1
143,92,1451.63,632.67,60.73,180.69,1,-1,-1,-1
143,87,892.29,477.22,43.18,120.05,1,-1,-1,-1
143,81,1031.73,522.57,40.67,110.42,1,-1,-1,-1
143,78,413.40,721.60,85.89,248.67,1,-1,-1,-1
143,73,1074.83,534.24,70.96,157.76,1,-1,-1,-1
143,69,789.97,478.46,42.67,114.74,1,-1,-1,-1
142,69,790.61,479.31,41.52,113.58,1,-1,-1,-1
141,69,782.83,475.67,46.43,131.92,1,-1,-1,-1
143,62,1576.12,689.36,81.86,227.85,1,-1,-1,-1
143,58,1139.57,553.52,60.68,155.17,1,-1,-1,-1
143,57,852.10,615.84,74.03,182.01,1,-1,-1,-1
143,55,1230.16,577.80,55.17,148.61,1,-1,-1,-1
143,54,1105.23,640.88,64.05,175.70,1,-1,-1,-1
143,51,1649.06,691.11,74.25,220.90,1,-1,-1,-1
143,45,1542.43,620.49,72.75,169.87,1,-1,-1,-1
143,42,1140.33,671.49,77.38,221.06,1,-1,-1,-1
143,37,1242.80,607.64,54.72,160.40,1,-1,-1,-1
143,34,1479.04,516.27,49.49,111.64,1,-1,-1,-1
143,33,1855.22,717.33,64.78,231.97,1,-1,-1,-1
143,29,1167.77,598.44,54.86,162.07,1,-1,-1,-1
143,28,1006.56,559.43,54.59,165.50,1,-1,-1,-1
143,27,466.49,794.21,101.26,237.25,1,-1,-1,-1
143,21,221.11,826.36,101.40,253.64,1,-1,-1,-1
143,16,1213.26,689.69,80.10,202.84,1,-1,-1,-1
143,15,847.89,536.83,63.82,164.43,1,-1,-1,-1
143,14,1432.80,684.12,58.76,159.56,1,-1,-1,-1
143,13,1054.40,602.77,61.94,191.16,1,-1,-1,-1
143,10,505.51,739.26,79.11,232.77,1,-1,-1,-1
143,8,935.42,590.80,72.20,187.39,1,-1,-1,-1
143,5,461.81,589.19,79.58,209.86,1,-1,-1,-1
144,107,1502.29,661.29,67.28,186.50,1,-1,-1,-1
144,104,981.71,517.34,46.52,117.03,1,-1,-1,-1
144,103,769.74,500.94,47.94,125.80,1,-1,-1,-1
144,96,923.42,601.09,85.10,213.60,1,-1,-1,-1
144,92,1446.36,632.15,65.50,189.55,1,-1,-1,-1
144,87,895.15,476.67,43.62,117.43,1,-1,-1,-1
144,81,1032.58,524.18,43.46,116.76,1,-1,-1,-1
144,78,416.73,722.59,85.03,245.82,1,-1,-1,-1
144,73,1076.77,536.21,71.23,156.59,1,-1,-1,-1
144,69,790.53,478.41,43.68,114.44,1,-1,-1,-1
144,62,1575.92,686.65,79.16,228.14,1,-1,-1,-1
144,58,1141.03,556.24,59.70,160.69,1,-1,-1,-1
144,57,847.37,619.49,67.38,170.53,1,-1,-1,-1
144,55,1229.71,577.36,58.37,154.41,1,-1,-1,-1
144,54,1106.70,643.43,64.12,173.90,1,-1,-1,-1
144,51,1646.88,689.65,73.38,221.45,1,-1,-1,-1
144,45,1545.96,618.22,74.46,184.69,1,-1,-1,-1
144,42,1141.23,671.74,77.04,220.90,1,-1,-1,-1
144,37,1240.86,606.63,61.07,181.54,1,-1,-1,-1
144,34,1482.89,516.91,47.55,113.34,1,-1,-1,-1
144,33,1857.42,720.19,62.58,228.53,1,-1,-1,-1
144,29,1168.57,600.29,54.26,162.75,1,-1,-1,-1
144,28,1005.31,557.56,53.17,168.23,1,-1,-1,-1
144,27,469.02,793.01,101.34,238.80,1,-1,-1,-1
144,21,221.82,825.21,102.04,254.79,1,-1,-1,-1
144,16,1209.26,687.93,86.04,205.69,1,-1,-1,-1
144,15,845.04,538.49,69.37,170.59,1,-1,-1,-1
144,14,1436.04,683.05,58.21,159.84,1,-1,-1,-1
144,13,1054.20,601.73,64.34,194.28,1,-1,-1,-1
144,10,510.23,738.10,75.53,230.47,1,-1,-1,-1
144,5,458.76,586.24,81.63,204.60,1,-1,-1,-1
145,107,1502.72,660.84,68.71,188.91,1,-1,-1,-1
145,104,982.45,501.89,44.73,119.02,1,-1,-1,-1
145,103,767.87,504.18,46.42,122.72,1,-1,-1,-1
145,96,921.96,606.01,85.66,208.51,1,-1,-1,-1
145,92,1448.14,632.31,61.89,185.32,1,-1,-1,-1
145,87,898.66,476.32,43.33,117.20,1,-1,-1,-1
145,83,834.37,502.71,52.28,131.84,1,-1,-1,-1
144,83,832.07,504.12,49.28,125.31,1,-1,-1,-1
143,83,829.52,503.83,48.81,126.97,1,-1,-1,-1
145,81,1034.30,525.36,40.89,116.37,1,-1,-1,-1
145,78,417.95,725.19,86.20,245.51,1,-1,-1,-1
145,73,1078.47,535.95,69.48,153.45,1,-1,-1,-1
145,69,790.73,477.04,45.78,116.57,1,-1,-1,-1
145,62,1572.49,689.87,78.79,223.34,1,-1,-1,-1
145,58,1143.19,556.73,56.60,155.02,1,-1,-1,-1
145,57,847.51,620.59,66.24,166.63,1,-1,-1,-1
145,55,1229.93,577.81,57.77,150.49,1,-1,-1,-1
145,54,1111.55,642.15,63.22,172.55,1,-1,-1,-1
145,51,1645.19,690.73,75.74,220.68,1,-1,-1,-1
145,42,1140.59,671.70,77.76,220.92,1,-1,-1,-1
145,37,1241.71,607.53,59.88,179.14,1,-1,-1,-1
145,35,936.40,495.17,45.78,126.13,1,-1,-1,-1
144,35,932.67,494.74,46.90,129.80,1,-1,-1,-1
143,35,929.88,492.95,48.86,133.45,1,-1,-1,-1
145,34,1483.08,516.84,46.44,111.06,1,-1,-1,-1
145,33,1845.04,727.84,74.96,223.08,1,-1,-1,-1
145,29,1169.04,602.28,54.72,163.72,1,-1,-1,-1
145,28,1005.12,557.21,50.32,165.96,1,-1,-1,-1
145,27,469.30,792.49,104.62,239.58,1,-1,-1,-1
145,21,220.85,828.78,103.37,251.22,1,-1,-1,-1
145,16,1211.36,689.33,84.17,203.63,1,-1,-1,-1
145,15,844.22,538.56,71.08,175.62,1,-1,-1,-1
145,14,1438.01,681.96,59.81,161.70,1,-1,-1,-1
145,13,1056.23,604.20,60.49,190.27,1,-1,-1,-1
145,10,513.49,733.45,73.91,232.86,1,-1,-1,-1
145,5,459.62,585.86,79.81,200.84,1,-1,-1,-1
146,107,1505.09,656.74,66.38,189.04,1,-1,-1,-1
146,103,769.79,500.20,48.55,127.35,1,-1,-1,-1
146,100,1089.20,446.09,39.93,116.04,1,-1,-1,-1
145,100,1089.41,448.78,39.25,113.09,1,-1,-1,-1
144,100,1089.47,452.95,38.22,108.71,1,-1,-1,-1
146,96,944.63,594.80,68.46,184.55,1,-1,-1,-1
146,92,1445.65,632.12,62.24,187.57,1,-1,-1,-1
146,90,846.80,616.34,81.96,177.18,1,-1,-1,-1
145,90,850.21,615.34,76.39,177.46,1,-1,-1,-1
144,90,850.06,612.22,77.33,183.67,1,-1,-1,-1
146,87,902.13,476.71,42.94,119.02,1,-1,-1,-1
146,83,834.46,504.56,53.80,130.85,1,-1,-1,-1
146,81,1034.42,525.12,42.10,119.11,1,-1,-1,-1
146,78,420.09,724.81,86.96,238.81,1,-1,-1,-1
146,73,1080.42,534.32,68.29,152.01,1,-1,-1,-1
146,69,791.72,473.87,45.71,120.16,1,-1,-1,-1
146,62,1565.43,690.01,82.25,222.50,1,-1,-1,-1
146,58,1144.22,557.03,56.14,154.52,1,-1,-1,-1
146,55,1230.92,578.73,57.51,150.69,1,-1,-1,-1
146,54,1111.90,634.18,64.77,179.45,1,-1,-1,-1
146,51,1643.23,691.33,76.91,217.70,1,-1,-1,-1
146,44,1109.74,600.62,60.19,185.06,1,-1,-1,-1
145,44,1108.50,603.07,62.50,184.04,1,-1,-1,-1
144,44,1105.64,600.32,64.69,184.76,1,-1,-1,-1
146,42,1138.49,672.74,80.09,219.27,1,-1,-1,-1
146,37,1242.57,608.07,59.56,178.93,1,-1,-1,-1
146,35,937.22,491.66,46.91,130.42,1,-1,-1,-1
146,34,1483.97,515.93,46.10,112.40,1,-1,-1,-1
146,33,1840.76,728.59,79.24,218.61,1,-1,-1,-1
146,30,1489.12,624.64,52.87,156.08,1,-1,-1,-1
145,30,1486.44,621.74,51.05,156.74,1,-1,-1,-1
144,30,1485.93,623.43,50.31,156.86,1,-1,-1,-1
146,29,1168.57,600.41,55.21,164.50,1,-1,-1,-1
146,28,994.93,548.93,58.27,174.50,1,-1,-1,-1
146,27,471.84,795.16,106.73,235.84,1,-1,-1,-1
146,21,220.71,833.60,106.19,246.40,1,-1,-1,-1
146,16,1210.18,687.33,87.29,205.85,1,-1,-1,-1
146,15,845.58,537.60,69.91,174.80,1,-1,-1,-1
146,14,1440.58,681.74,59.19,161.01,1,-1,-1,-1
146,13,1058.11,599.22,63.49,195.69,1,-1,-1,-1
146,10,516.45,733.58,72.94,216.09,1,-1,-1,-1
146,5,457.63,588.10,79.03,201.64,1,-1,-1,-1
147,113,1551.36,636.71,52.04,149.61,1,-1,-1,-1
146,113,1549.37,634.32,56.70,148.45,1,-1,-1,-1
145,113,1547.46,627.48,59.96,153.22,1,-1,-1,-1
147,107,1506.10,656.58,69.44,188.75,1,-1,-1,-1
147,103,768.80,504.20,47.21,123.83,1,-1,-1,-1
147,100,1091.45,447.37,39.05,112.16,1,-1,-1,-1
147,96,948.66,590.85,68.14,183.60,1,-1,-1,-1
147,92,1449.24,632.59,60.13,184.61,1,-1,-1,-1
147,90,846.26,618.24,81.31,174.83,1,-1,-1,-1
147,87,903.75,476.13,41.47,115.38,1,-1,-1,-1
147,84,846.06,454.65,45.12,122.42,1,-1,-1,-1
146,84,845.19,454.25,44.15,119.74,1,-1,-1,-1
145,84,844.36,455.17,42.72,115.59,1,-1,-1,-1
147,83,835.97,503.27,53.08,132.23,1,-1,-1,-1
147,81,1034.51,525.92,43.79,119.39,1,-1,-1,-1
147,78,422.08,725.09,89.75,233.78,1,-1,-1,-1
147,73,1082.00,534.62,68.50,153.01,1,-1,-1,-1
147,69,792.27,474.38,46.03,119.92,1,-1,-1,-1
147,62,1565.23,688.88,79.52,222.91,1,-1,-1,-1
147,58,1147.47,556.56,56.03,142.11,1,-1,-1,-1
147,55,1232.10,579.56,58.41,157.18,1,-1,-1,-1
147,54,1120.43,637.73,67.63,181.19,1,-1,-1,-1
147,51,1643.63,690.62,77.11,215.72,1,-1,-1,-1
147,44,1111.06,599.97,58.11,174.52,1,-1,-1,-1
147,42,1140.43,673.80,78.88,218.33,1,-1,-1,-1
147,37,1244.86,605.67,58.22,162.79,1,-1,-1,-1
147,35,936.96,487.50,47.73,133.42,1,-1,-1,-1
147,33,1839.94,726.15,80.04,218.46,1,-1,-1,-1
147,30,1493.86,630.59,55.14,178.11,1,-1,-1,-1
147,29,1169.01,600.72,56.16,168.78,1,-1,-1,-1
147,28,994.39,554.52,55.84,170.33,1,-1,-1,-1
147,27,474.49,794.55,103.90,235.71,1,-1,-1,-1
147,21,218.46,837.40,110.28,242.60,1,-1,-1,-1
147,16,1211.21,684.98,85.51,207.49,1,-1,-1,-1
147,15,845.92,537.63,67.60,169.07,1,-1,-1,-1
147,13,1058.18,600.31,62.47,193.45,1,-1,-1,-1
147,10,518.48,733.76,71.47,215.56,1,-1,-1,-1
147,5,457.43,587.01,77.18,200.88,1,-1,-1,-1
148,110,874.39,482.08,42.64,120.88,1,-1,-1,-1
147,110,874.43,486.25,41.55,116.72,1,-1,-1,-1
146,110,872.15,492.04,39.25,111.78,1,-1,-1,-1
148,107,1507.91,659.62,68.75,186.06,1,-1,-1,-1
148,103,770.83,507.43,47.50,121.54,1,-1,-1,-1
148,100,1092.09,448.46,38.87,112.84,1,-1,-1,-1
148,92,1447.12,631.94,62.66,184.58,1,-1,-1,-1
148,90,842.56,617.19,80.51,184.57,1,-1,-1,-1
148,87,903.30,474.51,43.36,124.09,1,-1,-1,-1
148,84,848.09,454.16,47.89,123.24,1,-1,-1,-1
148,83,835.09,504.40,52.52,130.90,1,-1,-1,-1
148,81,1034.96,525.61,45.04,117.17,1,-1,-1,-1
148,78,424.33,731.44,89.03,228.86,1,-1,-1,-1
148,73,1082.85,535.74,67.91,153.51,1,-1,-1,-1
148,69,792.94,471.48,45.88,122.50,1,-1,-1,-1
148,62,1566.36,687.74,78.30,222.40,1,-1,-1,-1
148,58,1148.29,554.41,59.27,158.56,1,-1,-1,-1
148,55,1231.58,578.70,59.26,160.22,1,-1,-1,-1
148,54,1122.95,639.94,70.33,179.18,1,-1,-1,-1
148,51,1639.74,690.08,73.45,216.68,1,-1,-1,-1
148,44,1111.03,602.66,61.43,182.45,1,-1,-1,-1
148,42,1141.61,670.92,77.54,220.87,1,-1,-1,-1
148,37,1245.02,609.82,60.06,180.86,1,-1,-1,-1
148,35,938.28,490.86,48.65,132.57,1,-1,-1,-1
148,33,1839.94,722.88,80.06,224.00,1,-1,-1,-1
148,30,1497.52,631.49,55.81,177.60,1,-1,-1,-1
148,29,1167.97,599.86,57.74,169.16,1,-1,-1,-1
148,28,992.56,553.11,56.08,171.55,1,-1,-1,-1
148,27,476.19,795.97,102.80,234.62,1,-1,-1,-1
148,21,215.90,838.72,111.26,241.28,1,-1,-1,-1
148,16,1210.82,684.46,85.09,209.64,1,-1,-1,-1
148,15,849.13,539.33,63.91,165.07,1,-1,-1,-1
148,13,1058.13,598.73,61.21,195.29,1,-1,-1,-1
148,10,522.56,734.79,68.73,210.40,1,-1,-1,-1
148,8,947.60,593.80,74.66,188.80,1,-1,-1,-1
147,8,948.53,592.28,67.74,186.37,1,-1,-1,-1
146,8,941.91,595.71,72.21,185.21,1,-1,-1,-1
148,5,457.22,586.70,71.12,193.90,1,-1,-1,-1
149,110,877.59,483.50,42.74,118.77,1,-1,-1,-1
149,104,984.65,499.39,45.95,123.92,1,-1,-1,-1
148,104,982.72,509.13,46.57,116.99,1,-1,-1,-1
147,104,982.31,512.96,46.23,113.49,1,-1,-1,-1
149,103,771.49,509.81,44.92,119.33,1,-1,-1,-1
149,100,1092.54,447.91,39.66,114.51,1,-1,-1,-1
149,92,1447.88,632.15,59.89,181.43,1,-1,-1,-1
149,90,842.52,617.14,79.09,183.58,1,-1,-1,-1
149,87,907.27,476.14,41.85,121.16,1,-1,-1,-1
149,84,850.86,455.51,46.63,120.95,1,-1,-1,-1
149,83,835.50,504.86,51.56,131.28,1,-1,-1,-1
149,81,1036.29,525.90,43.83,116.20,1,-1,-1,-1
149,78,428.41,728.96,90.44,233.56,1,-1,-1,-1
149,73,1083.41,535.51,67.72,152.89,1,-1,-1,-1
149,71,899.15,627.64,88.42,181.03,1,-1,-1,-1
148,71,905.97,628.37,97.54,183.71,1,-1,-1,-1
147,71,910.67,641.04,90.56,169.13,1,-1,-1,-1
149,69,794.41,471.23,44.69,122.81,1,-1,-1,-1
149,62,1561.73,687.79,79.97,221.59,1,-1,-1,-1
149,58,1149.31,554.79,58.13,157.93,1,-1,-1,-1
149,55,1232.01,580.14,59.23,159.22,1,-1,-1,-1
149,54,1128.13,641.04,66.42,168.36,1,-1,-1,-1
149,51,1629.79,690.01,83.39,216.86,1,-1,-1,-1
149,50,1447.74,679.20,57.64,159.58,1,-1,-1,-1
148,50,1446.15,680.22,57.71,158.60,1,-1,-1,-1
147,50,1443.81,680.43,59.15,160.70,1,-1,-1,-1
149,44,1113.11,602.91,61.24,182.84,1,-1,-1,-1
149,42,1144.41,672.06,74.84,219.82,1,-1,-1,-1
149,37,1245.72,610.54,59.23,175.82,1,-1,-1,-1
149,33,1832.76,721.35,86.60,223.86,1,-1,-1,-1
149,30,1495.46,633.76,55.65,173.08,1,-1,-1,-1
149,29,1171.83,599.10,54.27,166.62,1,-1,-1,-1
149,28,991.93,554.28,55.79,172.74,1,-1,-1,-1
149,27,479.04,793.96,102.82,235.52,1,-1,-1,-1
149,21,215.57,838.87,112.30,241.13,1,-1,-1,-1
149,16,1211.43,687.84,82.88,205.78,1,-1,-1,-1
149,15,849.13,539.41,63.13,163.88,1,-1,-1,-1
149,13,1058.74,600.45,60.52,192.61,1,-1,-1,-1
149,10,522.68,733.76,71.04,216.60,1,-1,-1,-1
149,5,456.98,590.25,68.74,182.59,1,-1,-1,-1
150,103,771.79,509.43,45.41,121.11,1,-1,-1,-1
150,100,1093.82,447.96,40.65,118.19,1,-1,-1,-1
150,92,1447.48,633.83,63.64,183.96,1,-1,-1,-1
150,90,840.11,616.22,76.35,180.82,1,-1,-1,-1
150,87,907.57,476.67,43.35,117.38,1,-1,-1,-1
150,84,854.98,457.56,47.70,119.37,1,-1,-1,-1
150,83,836.93,508.86,50.73,125.17,1,-1,-1,-1
150,81,1038.60,527.48,41.88,116.36,1,-1,-1,-1
150,78,430.46,726.48,90.11,240.51,1,-1,-1,-1
150,73,1086.17,537.16,66.58,149.56,1,-1,-1,-1
150,71,897.02,634.11,81.45,178.17,1,-1,-1,-1
150,69,797.24,478.36,44.14,117.09,1,-1,-1,-1
150,62,1554.57,686.16,84.41,222.49,1,-1,-1,-1
150,58,1149.92,556.38,55.29,137.71,1,-1,-1,-1
150,55,1233.14,583.18,59.84,157.93,1,-1,-1,-1
150,51,1630.93,687.10,80.71,218.80,1,-1,-1,-1
150,50,1450.94,680.69,58.00,157.17,1,-1,-1,-1
150,44,1113.92,612.68,59.78,178.42,1,-1,-1,-1
150,42,1147.11,669.15,73.16,224.20,1,-1,-1,-1
150,37,1244.21,608.70,59.87,179.60,1,-1,-1,-1
150,34,1486.57,515.94,47.65,115.78,1,-1,-1,-1
149,34,1487.22,517.52,46.42,111.09,1,-1,-1,-1
148,34,1483.73,516.13,48.58,110.92,1,-1,-1,-1
150,33,1826.89,720.41,91.83,224.35,1,-1,-1,-1
150,30,1516.10,627.11,52.77,172.60,1,-1,-1,-1
150,29,1175.77,600.82,54.33,163.75,1,-1,-1,-1
150,28,987.63,549.61,57.41,168.60,1,-1,-1,-1
150,27,480.49,791.09,101.19,238.10,1,-1,-1,-1
150,21,214.65,839.93,110.61,240.07,1,-1,-1,-1
150,16,1211.25,688.33,81.92,205.03,1,-1,-1,-1
150,15,851.38,540.55,63.62,162.49,1,-1,-1,-1
150,13,1058.66,602.45,57.47,191.70,1,-1,-1,-1
150,10,523.10,738.97,71.37,215.96,1,-1,-1,-1
150,5,459.17,584.47,62.33,171.81,1,-1,-1,-1
151,103,771.41,505.35,45.35,124.96,1,-1,-1,-1
151,100,1095.27,449.46,40.72,116.52,1,-1,-1,-1
151,97,944.35,507.30,46.41,117.87,1,-1,-1,-1
150,97,941.02,507.35,47.22,120.03,1,-1,-1,-1
149,97,940.92,507.16,46.92,122.32,1,-1,-1,-1
151,92,1446.72,631.98,64.00,185.83,1,-1,-1,-1
151,87,907.88,474.24,45.78,123.40,1,-1,-1,-1
151,84,858.02,459.12,46.95,119.68,1,-1,-1,-1
151,83,838.01,510.85,49.47,123.44,1,-1,-1,-1
151,81,1038.52,529.25,43.01,119.36,1,-1,-1,-1
151,78,432.44,727.65,90.54,239.00,1,-1,-1,-1
151,73,1087.06,538.56,67.03,151.64,1,-1,-1,-1
151,71,897.08,636.53,81.03,174.87,1,-1,-1,-1
151,69,797.97,478.64,43.82,117.19,1,-1,-1,-1
151,62,1549.45,686.38,86.72,220.81,1,-1,-1,-1
151,58,1152.38,558.41,52.70,132.05,1,-1,-1,-1
151,55,1234.44,581.74,59.61,159.90,1,-1,-1,-1
151,51,1636.25,689.08,74.42,217.68,1,-1,-1,-1
151,50,1453.07,680.10,56.74,156.62,1,-1,-1,-1
151,44,1116.02,618.53,56.77,174.30,1,-1,-1,-1
151,42,1146.51,667.48,73.23,224.38,1,-1,-1,-1
151,37,1246.18,607.81,59.93,179.91,1,-1,-1,-1
151,34,1486.40,516.30,48.88,114.58,1,-1,-1,-1
151,33,1825.97,715.20,85.95,227.50,1,-1,-1,-1
151,30,1512.53,628.67,55.34,174.65,1,-1,-1,-1
151,29,1174.61,599.88,55.10,164.76,1,-1,-1,-1
151,28,984.10,550.14,60.29,161.82,1,-1,-1,-1
151,27,482.16,790.51,100.39,231.28,1,-1,-1,-1
151,21,215.16,841.12,111.81,238.88,1,-1,-1,-1
151,16,1210.47,688.71,82.82,204.72,1,-1,-1,-1
151,15,851.82,542.19,63.13,161.56,1,-1,-1,-1
151,13,1059.96,601.43,56.26,191.68,1,-1,-1,-1
151,10,523.54,739.63,72.98,217.48,1,-1,-1,-1
151,5,456.93,579.56,61.20,170.30,1,-1,-1,-1
152,103,771.49,502.63,45.37,125.25,1,-1,-1,-1
152,100,1095.07,449.34,41.10,119.69,1,-1,-1,-1
152,97,944.05,507.46,47.12,116.78,1,-1,-1,-1
152,92,1447.58,630.13,62.83,186.56,1,-1,-1,-1
152,88,855.62,542.81,57.95,137.18,1,-1,-1,-1
151,88,854.25,541.28,59.61,140.14,1,-1,-1,-1
150,88,854.02,538.89,60.01,141.26,1,-1,-1,-1
152,87,908.69,474.56,45.20,129.57,1,-1,-1,-1
152,84,860.28,459.97,45.12,121.06,1,-1,-1,-1
152,83,838.57,513.02,49.16,121.74,1,-1,-1,-1
152,81,1039.08,530.05,43.68,119.92,1,-1,-1,-1
152,78,439.02,727.90,83.97,232.45,1,-1,-1,-1
152,73,1088.11,541.43,67.07,151.60,1,-1,-1,-1
152,71,894.23,633.90,79.91,176.35,1,-1,-1,-1
152,69,797.62,480.39,43.63,117.52,1,-1,-1,-1
152,62,1550.85,686.85,85.61,222.51,1,-1,-1,-1
152,58,1153.01,558.05,54.69,134.57,1,-1,-1,-1
152,55,1234.81,582.01,60.26,161.90,1,-1,-1,-1
152,51,1636.37,688.54,72.87,219.28,1,-1,-1,-1
152,44,1118.02,629.22,54.90,163.15,1,-1,-1,-1
152,42,1145.70,672.77,74.66,219.62,1,-1,-1,-1
152,37,1245.31,607.51,60.34,181.62,1,-1,-1,-1
152,34,1487.40,517.53,48.29,114.59,1,-1,-1,-1
152,33,1823.06,713.59,83.12,228.97,1,-1,-1,-1
152,30,1518.64,628.34,54.64,164.51,1,-1,-1,-1
152,29,1174.03,599.64,55.75,164.92,1,-1,-1,-1
152,28,984.54,553.78,59.51,156.62,1,-1,-1,-1
152,27,485.44,787.04,98.23,231.51,1,-1,-1,-1
152,21,215.11,842.22,111.99,237.78,1,-1,-1,-1
152,16,1208.87,691.40,84.37,201.52,1,-1,-1,-1
152,15,851.80,541.98,63.32,163.66,1,-1,-1,-1
152,13,1060.55,599.80,57.52,193.25,1,-1,-1,-1
152,10,523.66,737.71,72.77,222.99,1,-1,-1,-1
152,8,957.28,592.72,90.12,189.60,1,-1,-1,-1
151,8,956.32,591.59,89.02,190.25,1,-1,-1,-1
150,8,954.03,592.86,79.46,189.66,1,-1,-1,-1
153,103,771.55,502.87,45.55,125.37,1,-1,-1,-1
153,100,1095.36,449.13,40.67,117.68,1,-1,-1,-1
153,97,945.95,507.94,47.30,117.35,1,-1,-1,-1
153,92,1447.96,633.55,62.34,178.60,1,-1,-1,-1
153,88,856.11,544.34,56.16,136.49,1,-1,-1,-1
153,87,913.83,477.89,44.27,128.84,1,-1,-1,-1
153,86,1510.61,660.99,63.33,179.93,1,-1,-1,-1
152,86,1511.06,661.04,62.95,180.88,1,-1,-1,-1
151,86,1511.50,657.93,63.82,184.57,1,-1,-1,-1
153,84,861.20,462.34,44.79,117.86,1,-1,-1,-1
153,83,838.98,514.87,47.65,120.04,1,-1,-1,-1
153,81,1039.21,532.73,44.13,124.39,1,-1,-1,-1
153,78,439.92,723.19,84.74,240.39,1,-1,-1,-1
153,73,1094.36,541.71,63.31,145.40,1,-1,-1,-1
153,71,894.80,636.09,79.03,174.73,1,-1,-1,-1
153,69,798.64,480.70,41.61,116.87,1,-1,-1,-1
153,62,1545.27,689.81,88.79,219.13,1,-1,-1,-1
153,58,1153.25,557.53,56.09,141.11,1,-1,-1,-1
153,57,838.33,612.83,73.31,174.04,1,-1,-1,-1
152,57,837.49,612.39,76.42,176.03,1,-1,-1,-1
151,57,838.76,613.47,76.16,175.78,1,-1,-1,-1
153,55,1235.69,581.88,59.97,157.35,1,-1,-1,-1
153,54,1147.45,649.74,67.30,182.36,1,-1,-1,-1
152,54,1146.38,646.70,63.82,185.02,1,-1,-1,-1
151,54,1145.20,645.11,63.09,184.77,1,-1,-1,-1
153,51,1634.78,688.81,73.99,217.65,1,-1,-1,-1
153,44,1119.57,617.35,56.85,175.03,1,-1,-1,-1
153,42,1143.71,673.00,77.98,219.67,1,-1,-1,-1
153,37,1245.52,610.21,58.51,172.13,1,-1,-1,-1
153,34,1490.31,517.75,46.18,115.06,1,-1,-1,-1
153,33,1815.10,713.52,85.06,233.03,1,-1,-1,-1
153,30,1521.10,629.04,54.79,163.22,1,-1,-1,-1
153,29,1178.28,601.59,52.52,149.74,1,-1,-1,-1
153,28,976.13,549.31,64.27,167.66,1,-1,-1,-1
153,27,486.22,786.99,99.86,230.47,1,-1,-1,-1
153,21,217.36,840.40,111.83,239.60,1,-1,-1,-1
153,16,1212.67,692.76,79.05,199.96,1,-1,-1,-1
153,15,851.04,543.59,62.79,166.48,1,-1,-1,-1
153,13,1060.58,601.82,58.11,193.08,1,-1,-1,-1
153,10,523.30,738.68,74.22,227.91,1,-1,-1,-1
153,8,960.33,594.81,83.55,187.41,1,-1,-1,-1
154,106,874.84,461.58,43.99,114.58,1,-1,-1,-1
153,106,871.34,461.90,45.92,116.19,1,-1,-1,-1
152,106,874.06,460.39,43.03,118.65,1,-1,-1,-1
154,103,770.93,502.82,47.17,126.78,1,-1,-1,-1
154,100,1095.46,447.44,40.67,120.02,1,-1,-1,-1
154,97,947.44,510.38,47.20,113.91,1,-1,-1,-1
154,92,1446.41,636.92,63.62,175.73,1,-1,-1,-1
154,88,857.63,547.75,54.69,131.24,1,-1,-1,-1
154,87,913.59,477.36,45.08,128.14,1,-1,-1,-1
154,86,1511.68,659.70,64.14,181.01,1,-1,-1,-1
154,84,861.76,461.98,45.10,119.87,1,-1,-1,-1
154,83,840.30,513.33,47.38,122.24,1,-1,-1,-1
154,81,1040.10,529.80,45.69,121.34,1,-1,-1,-1
154,78,440.19,718.29,87.35,239.48,1,-1,-1,-1
154,73,1096.42,543.66,63.70,144.19,1,-1,-1,-1
154,71,894.86,630.82,75.67,177.88,1,-1,-1,-1
154,69,797.86,479.77,42.71,118.18,1,-1,-1,-1
154,62,1547.35,685.30,83.85,220.66,1,-1,-1,-1
154,58,1153.45,559.52,56.95,144.10,1,-1,-1,-1
154,57,838.33,612.67,72.77,176.41,1,-1,-1,-1
154,55,1236.73,581.01,59.05,154.93,1,-1,-1,-1
154,51,1631.46,688.56,75.51,218.87,1,-1,-1,-1
154,42,1141.45,676.97,80.74,215.52,1,-1,-1,-1
154,37,1247.30,612.41,56.84,166.30,1,-1,-1,-1
154,34,1490.39,515.82,46.47,116.97,1,-1,-1,-1
154,33,1801.76,716.08,96.85,229.81,1,-1,-1,-1
154,30,1521.84,629.45,55.70,165.60,1,-1,-1,-1
154,29,1178.85,601.27,53.35,147.79,1,-1,-1,-1
154,28,975.56,551.02,61.07,147.92,1,-1,-1,-1
154,27,489.64,784.61,97.29,232.25,1,-1,-1,-1
154,21,218.23,839.64,111.45,240.36,1,-1,-1,-1
154,16,1213.32,693.52,77.89,199.47,1,-1,-1,-1
154,15,850.32,544.57,63.67,169.14,1,-1,-1,-1
154,14,1457.05,675.44,54.15,161.74,1,-1,-1,-1
153,14,1456.12,676.37,53.47,159.79,1,-1,-1,-1
152,14,1454.71,678.15,54.64,158.21,1,-1,-1,-1
154,13,1061.66,600.70,56.62,194.58,1,-1,-1,-1
154,10,523.86,734.83,73.59,233.34,1,-1,-1,-1
154,8,964.43,595.77,78.09,185.83,1,-1,-1,-1
155,106,869.17,459.17,46.21,116.92,1,-1,-1,-1
155,103,771.20,505.15,47.35,126.72,1,-1,-1,-1
155,100,1097.54,451.72,38.84,114.65,1,-1,-1,-1
155,97,947.09,511.43,46.98,114.17,1,-1,-1,-1
155,92,1449.44,636.08,60.10,174.65,1,-1,-1,-1
155,88,858.78,550.32,52.82,124.56,1,-1,-1,-1
155,87,914.13,474.50,45.38,128.38,1,-1,-1,-1
155,86,1512.93,657.42,63.14,183.47,1,-1,-1,-1
155,83,839.45,512.81,47.74,121.76,1,-1,-1,-1
155,81,1043.68,529.65,44.37,122.25,1,-1,-1,-1
155,78,442.18,716.95,86.10,233.92,1,-1,-1,-1
155,73,1103.04,546.94,59.79,144.84,1,-1,-1,-1
155,71,892.42,635.09,75.07,171.61,1,-1,-1,-1
155,69,798.16,477.51,43.54,119.96,1,-1,-1,-1
155,62,1544.73,686.44,88.44,220.42,1,-1,-1,-1
155,58,1155.51,561.30,55.30,141.28,1,-1,-1,-1
155,57,837.95,612.02,72.20,178.61,1,-1,-1,-1
155,55,1236.46,581.88,58.63,153.94,1,-1,-1,-1
155,51,1629.44,688.32,75.96,216.22,1,-1,-1,-1
155,49,1122.55,613.11,61.18,178.59,1,-1,-1,-1
154,49,1124.15,607.16,59.64,171.11,1,-1,-1,-1
153,49,1123.79,607.08,59.05,168.64,1,-1,-1,-1
155,42,1142.97,673.26,80.95,219.27,1,-1,-1,-1
155,38,1862.30,729.16,57.47,207.57,1,-1,-1,-1
154,38,1878.84,732.32,41.16,200.99,1,-1,-1,-1
153,38,1882.51,731.07,37.49,199.79,1,-1,-1,-1
155,37,1250.32,612.56,55.41,162.75,1,-1,-1,-1
155,34,1490.55,516.86,46.90,116.83,1,-1,-1,-1
155,33,1784.84,716.88,114.89,230.19,1,-1,-1,-1
155,30,1524.33,628.59,55.14,166.82,1,-1,-1,-1
155,29,1177.40,601.30,55.73,150.87,1,-1,-1,-1
155,27,491.68,781.65,96.91,233.05,1,-1,-1,-1
155,21,218.02,839.18,114.99,240.82,1,-1,-1,-1
155,16,1214.25,695.12,76.81,197.52,1,-1,-1,-1
155,14,1457.39,674.50,54.35,164.10,1,-1,-1,-1
155,13,1060.13,597.92,57.76,196.98,1,-1,-1,-1
155,10,523.20,730.92,76.19,235.25,1,-1,-1,-1
155,8,966.02,593.75,73.34,192.71,1,-1,-1,-1
156,106,870.97,459.85,47.99,119.97,1,-1,-1,-1
156,103,770.68,504.24,48.21,127.33,1,-1,-1,-1
156,100,1097.75,451.50,38.95,116.04,1,-1,-1,-1
156,97,945.63,508.82,48.56,115.74,1,-1,-1,-1
156,92,1451.34,637.23,59.53,170.77,1,-1,-1,-1
156,88,857.85,548.66,54.22,126.91,1,-1,-1,-1
156,87,916.41,476.35,43.85,121.73,1,-1,-1,-1
156,86,1513.27,657.15,64.12,182.78,1,-1,-1,-1
156,83,840.17,510.36,49.12,124.89,1,-1,-1,-1
156,81,1046.15,530.43,43.60,120.37,1,-1,-1,-1
156,78,442.15,713.91,88.09,234.15,1,-1,-1,-1
156,73,1102.82,548.31,59.34,144.31,1,-1,-1,-1
156,71,889.78,635.60,74.39,170.64,1,-1,-1,-1
156,69,797.09,477.74,44.12,120.42,1,-1,-1,-1
156,62,1544.90,686.47,86.19,219.24,1,-1,-1,-1
156,58,1156.79,562.44,55.23,142.32,1,-1,-1,-1
156,57,837.59,612.04,71.74,178.06,1,-1,-1,-1
156,55,1237.32,580.85,58.63,154.08,1,-1,-1,-1
156,51,1626.98,686.08,76.90,215.43,1,-1,-1,-1
156,42,1146.59,674.18,77.86,218.99,1,-1,-1,-1
156,38,1855.49,727.69,64.16,214.35,1,-1,-1,-1
156,37,1251.40,611.92,54.88,161.29,1,-1,-1,-1
156,34,1489.67,517.48,48.23,113.31,1,-1,-1,-1
156,33,1770.57,715.70,126.85,227.82,1,-1,-1,-1
156,30,1532.14,625.51,55.63,154.06,1,-1,-1,-1
156,29,1177.82,600.80,55.26,155.43,1,-1,-1,-1
156,27,491.50,781.55,97.66,231.65,1,-1,-1,-1
156,21,218.24,841.94,115.21,238.06,1,-1,-1,-1
156,16,1214.02,693.35,77.03,199.57,1,-1,-1,-1
156,14,1459.20,676.35,57.51,162.81,1,-1,-1,-1
156,13,1060.87,600.10,56.29,196.55,1,-1,-1,-1
156,10,522.82,730.81,77.19,238.86,1,-1,-1,-1
156,8,966.25,592.94,72.74,194.47,1,-1,-1,-1
157,106,874.35,461.22,47.02,119.68,1,-1,-1,-1
157,103,771.90,505.23,46.95,126.24,1,-1,-1,-1
157,100,1097.90,450.43,39.63,115.35,1,-1,-1,-1
157,97,947.95,508.19,49.22,116.39,1,-1,-1,-1
157,92,1453.23,636.59,56.64,159.89,1,-1,-1,-1
157,87,917.09,474.42,43.73,119.54,1,-1,-1,-1
157,86,1514.81,654.60,64.17,184.18,1,-1,-1,-1
157,81,1048.15,532.31,45.53,125.77,1,-1,-1,-1
157,78,445.09,714.66,87.24,234.97,1,-1,-1,-1
157,73,1102.87,553.96,61.01,154.50,1,-1,-1,-1
157,71,884.72,636.76,76.40,168.90,1,-1,-1,-1
157,69,797.19,475.80,44.48,121.20,1,-1,-1,-1
157,62,1544.43,685.12,86.81,220.25,1,-1,-1,-1
157,58,1159.04,561.87,57.31,146.78,1,-1,-1,-1
157,57,838.02,612.14,69.89,176.99,1,-1,-1,-1
157,55,1236.65,580.24,62.29,162.41,1,-1,-1,-1
157,51,1623.09,686.19,78.05,211.95,1,-1,-1,-1
157,42,1148.81,676.60,75.75,216.44,1,-1,-1,-1
157,38,1857.14,727.79,62.33,195.12,1,-1,-1,-1
157,37,1245.95,606.61,57.72,155.74,1,-1,-1,-1
157,34,1489.87,517.01,49.46,116.67,1,-1,-1,-1
157,33,1763.61,717.54,132.12,223.84,1,-1,-1,-1
157,30,1534.95,627.99,56.02,156.15,1,-1,-1,-1
157,29,1179.86,600.20,55.18,163.56,1,-1,-1,-1
157,27,492.21,780.98,99.13,231.12,1,-1,-1,-1
157,21,218.58,842.33,118.66,237.67,1,-1,-1,-1
157,16,1213.85,693.41,77.17,199.12,1,-1,-1,-1
157,14,1460.28,674.42,56.09,162.82,1,-1,-1,-1
157,13,1060.53,598.32,58.24,199.49,1,-1,-1,-1
157,10,527.30,730.65,74.38,233.67,1,-1,-1,-1
157,8,966.77,593.83,73.98,193.30,1,-1,-1,-1
158,115,1461.19,596.81,53.97,128.96,1,-1,-1,-1
157,115,1460.42,596.52,53.31,128.67,1,-1,-1,-1
156,115,1456.47,604.03,54.01,136.39,1,-1,-1,-1
158,114,842.68,512.70,52.51,119.73,1,-1,-1,-1
157,114,842.64,510.64,52.05,121.13,1,-1,-1,-1
156,114,842.48,511.99,51.53,119.65,1,-1,-1,-1
158,106,877.38,460.85,46.85,119.73,1,-1,-1,-1
158,103,771.66,504.59,47.46,127.88,1,-1,-1,-1
158,100,1098.99,449.13,39.35,116.86,1,-1,-1,-1
158,97,951.04,507.73,49.06,117.29,1,-1,-1,-1
158,87,918.65,474.73,44.57,119.94,1,-1,-1,-1
158,86,1515.71,655.29,63.21,184.72,1,-1,-1,-1
158,81,1051.15,535.64,47.49,125.13,1,-1,-1,-1
158,78,447.48,712.91,87.22,235.48,1,-1,-1,-1
158,73,1105.71,559.04,58.26,145.97,1,-1,-1,-1
158,71,885.44,636.14,73.07,169.80,1,-1,-1,-1
158,69,796.79,473.22,44.68,124.60,1,-1,-1,-1
158,62,1544.44,685.14,82.93,219.81,1,-1,-1,-1
158,58,1163.03,562.74,57.43,143.58,1,-1,-1,-1
158,57,837.70,615.14,67.87,176.90,1,-1,-1,-1
158,55,1238.67,580.58,60.17,159.74,1,-1,-1,-1
158,51,1621.34,683.83,77.98,213.41,1,-1,-1,-1
158,42,1150.91,677.86,74.92,215.31,1,-1,-1,-1
158,38,1847.76,725.08,70.92,211.05,1,-1,-1,-1
158,37,1246.77,607.72,56.65,152.64,1,-1,-1,-1
158,34,1490.65,517.28,49.32,117.19,1,-1,-1,-1
158,33,1761.69,717.23,130.63,225.97,1,-1,-1,-1
158,30,1536.20,629.23,53.83,157.91,1,-1,-1,-1
158,29,1182.48,601.31,55.82,170.80,1,-1,-1,-1
158,27,495.82,780.03,95.62,231.39,1,-1,-1,-1
158,21,219.67,846.10,119.94,233.90,1,-1,-1,-1
158,16,1214.51,693.45,75.60,198.61,1,-1,-1,-1
158,14,1460.82,672.34,58.05,163.87,1,-1,-1,-1
158,10,528.56,729.97,73.94,233.77,1,-1,-1,-1
158,8,968.69,596.52,71.90,188.20,1,-1,-1,-1
159,117,1061.92,602.20,59.76,197.33,1,-1,-1,-1
158,117,1060.83,599.44,59.33,199.36,1,-1,-1,-1
157,117,1060.03,597.51,59.14,199.32,1,-1,-1,-1
159,115,1464.55,598.06,54.02,134.24,1,-1,-1,-1
159,114,842.51,510.65,55.87,125.03,1,-1,-1,-1
159,106,878.52,459.64,47.43,124.58,1,-1,-1,-1
159,103,771.10,500.51,47.16,132.03,1,-1,-1,-1
159,100,1098.86,448.31,39.68,116.23,1,-1,-1,-1
159,97,952.91,508.45,48.61,113.43,1,-1,-1,-1
159,91,1010.38,494.50,44.84,110.65,1,-1,-1,-1
158,91,1008.58,493.46,45.77,109.00,1,-1,-1,-1
157,91,1009.62,495.09,42.32,105.58,1,-1,-1,-1
159,87,918.89,473.98,46.39,126.29,1,-1,-1,-1
159,86,1517.10,655.28,62.67,182.46,1,-1,-1,-1
159,81,1051.67,533.88,50.90,132.69,1,-1,-1,-1
159,78,449.75,713.36,87.55,234.88,1,-1,-1,-1
159,73,1107.15,550.51,59.07,150.30,1,-1,-1,-1
159,71,882.03,633.79,76.22,170.07,1,-1,-1,-1
159,69,796.40,472.65,45.47,124.39,1,-1,-1,-1
159,62,1541.72,686.72,83.15,218.61,1,-1,-1,-1
159,58,1163.81,560.78,58.67,140.84,1,-1,-1,-1
159,57,837.12,617.14,68.04,170.04,1,-1,-1,-1
159,55,1238.51,580.51,60.74,161.13,1,-1,-1,-1
159,51,1620.73,682.23,77.11,214.34,1,-1,-1,-1
159,42,1152.81,670.04,76.34,222.89,1,-1,-1,-1
159,38,1838.90,724.36,79.23,215.24,1,-1,-1,-1
159,37,1244.87,604.98,58.10,156.40,1,-1,-1,-1
159,34,1491.18,516.70,49.35,115.57,1,-1,-1,-1
159,33,1759.63,717.54,125.86,224.89,1,-1,-1,-1
159,27,497.76,779.22,96.36,232.87,1,-1,-1,-1
159,21,222.05,846.99,120.20,233.01,1,-1,-1,-1
159,16,1218.42,694.01,73.33,198.22,1,-1,-1,-1
159,15,852.88,544.76,60.66,151.63,1,-1,-1,-1
158,15,852.15,546.11,60.23,150.06,1,-1,-1,-1
157,15,850.90,547.44,61.54,147.73,1,-1,-1,-1
159,14,1462.57,673.85,56.57,161.00,1,-1,-1,-1
159,10,527.86,728.67,75.40,233.22,1,-1,-1,-1
159,8,971.36,604.63,70.11,181.65,1,-1,-1,-1
160,117,1063.46,604.76,59.64,195.60,1,-1,-1,-1
160,115,1468.73,597.82,54.81,134.75,1,-1,-1,-1
160,114,843.41,510.57,54.97,125.72,1,-1,-1,-1
160,108,1128.64,609.15,61.35,187.05,1,-1,-1,-1
159,108,1127.02,608.82,64.47,190.30,1,-1,-1,-1
158,108,1127.09,608.30,62.94,182.63,1,-1,-1,-1
160,106,880.83,460.16,43.11,114.54,1,-1,-1,-1
160,104,1004.41,529.44,51.00,129.13,1,-1,-1,-1
159,104,1002.06,527.55,51.60,135.61,1,-1,-1,-1
158,104,1002.94,527.19,51.00,135.63,1,-1,-1,-1
160,103,771.59,500.94,49.20,131.56,1,-1,-1,-1
160,100,1099.76,447.59,40.25,117.53,1,-1,-1,-1
160,97,952.74,511.12,46.49,110.66,1,-1,-1,-1
160,91,1012.02,493.46,44.30,111.08,1,-1,-1,-1
160,87,921.84,476.30,45.17,126.29,1,-1,-1,-1
160,86,1519.57,651.63,59.88,185.30,1,-1,-1,-1
160,81,1055.03,532.80,52.67,136.94,1,-1,-1,-1
160,78,449.83,714.37,90.18,230.76,1,-1,-1,-1
160,71,882.14,632.61,76.81,172.68,1,-1,-1,-1
160,69,798.31,474.45,44.11,124.96,1,-1,-1,-1
160,62,1542.33,686.15,81.30,218.05,1,-1,-1,-1
160,58,1166.74,560.10,55.91,138.87,1,-1,-1,-1
160,57,836.98,620.72,68.12,167.88,1,-1,-1,-1
160,55,1239.78,581.50,60.45,161.47,1,-1,-1,-1
160,54,1185.83,599.35,49.23,145.63,1,-1,-1,-1
159,54,1185.76,603.53,48.28,138.11,1,-1,-1,-1
158,54,1185.78,602.60,50.38,142.25,1,-1,-1,-1
160,51,1618.33,680.82,78.83,215.58,1,-1,-1,-1
160,42,1154.47,674.08,75.54,219.07,1,-1,-1,-1
160,38,1834.12,724.21,84.44,205.02,1,-1,-1,-1
160,37,1248.16,608.75,57.10,153.42,1,-1,-1,-1
160,34,1490.59,516.10,50.64,115.25,1,-1,-1,-1
160,33,1761.96,715.44,119.80,223.77,1,-1,-1,-1
160,27,501.72,778.24,95.02,233.84,1,-1,-1,-1
160,21,219.96,852.07,122.04,227.93,1,-1,-1,-1
160,16,1219.51,691.90,74.48,200.70,1,-1,-1,-1
160,15,853.45,545.08,62.08,154.10,1,-1,-1,-1
160,14,1465.22,675.34,55.85,160.92,1,-1,-1,-1
160,10,528.55,728.79,77.06,231.11,1,-1,-1,-1
160,8,976.04,604.43,67.15,183.01,1,-1,-1,-1
161,117,1064.44,603.24,59.12,197.52,1,-1,-1,-1
161,116,278.88,747.79,73.37,233.75,1,-1,-1,-1
160,116,275.68,747.68,75.67,248.87,1,-1,-1,-1
159,116,273.31,749.96,77.28,247.10,1,-1,-1,-1
161,115,1472.51,598.92,53.92,130.09,1,-1,-1,-1
161,114,844.93,513.58,54.74,122.88,1,-1,-1,-1
161,108,1129.50,610.03,61.10,190.45,1,-1,-1,-1
161,107,1549.45,630.57,49.53,146.12,1,-1,-1,-1
160,107,1544.21,632.97,58.50,184.34,1,-1,-1,-1
159,107,1538.56,631.38,59.74,186.26,1,-1,-1,-1
161,106,883.54,457.81,43.23,119.75,1,-1,-1,-1
161,104,1003.75,527.57,51.53,128.71,1,-1,-1,-1
161,103,772.11,500.99,46.45,130.28,1,-1,-1,-1
161,100,1100.17,447.14,40.35,118.24,1,-1,-1,-1
161,97,957.79,500.39,45.98,119.80,1,-1,-1,-1
161,91,1010.33,492.61,46.95,113.88,1,-1,-1,-1
161,87,924.28,477.84,45.27,130.15,1,-1,-1,-1
161,86,1520.37,653.32,60.24,181.37,1,-1,-1,-1
161,81,1056.44,532.50,52.55,138.64,1,-1,-1,-1
161,78,452.45,714.20,91.21,231.79,1,-1,-1,-1
161,71,878.79,631.85,81.42,174.28,1,-1,-1,-1
161,69,798.89,475.27,43.81,125.43,1,-1,-1,-1
161,62,1541.56,684.92,81.33,219.49,1,-1,-1,-1
161,58,1169.28,559.98,53.63,136.87,1,-1,-1,-1
161,57,836.27,619.45,69.68,169.27,1,-1,-1,-1
161,55,1240.83,584.32,58.29,158.51,1,-1,-1,-1
161,54,1184.14,601.47,49.51,143.61,1,-1,-1,-1
161,51,1617.08,680.47,76.54,217.65,1,-1,-1,-1
161,42,1155.62,671.13,75.20,222.06,1,-1,-1,-1
161,38,1832.86,725.13,85.47,211.13,1,-1,-1,-1
161,37,1250.62,606.74,55.81,155.11,1,-1,-1,-1
161,34,1490.46,516.81,50.83,114.53,1,-1,-1,-1
161,33,1752.79,716.30,112.90,222.75,1,-1,-1,-1
161,27,504.76,776.22,95.48,234.70,1,-1,-1,-1
161,21,216.01,858.07,123.52,221.93,1,-1,-1,-1
161,16,1216.62,692.11,77.84,202.27,1,-1,-1,-1
161,15,855.78,546.73,59.88,155.19,1,-1,-1,-1
161,14,1465.75,676.01,54.48,158.26,1,-1,-1,-1
161,11,1184.33,645.50,58.40,173.10,1,-1,-1,-1
160,11,1181.41,643.62,58.94,178.15,1,-1,-1,-1
159,11,1174.15,644.81,63.02,179.17,1,-1,-1,-1
161,10,527.68,729.42,78.54,230.26,1,-1,-1,-1
161,8,977.97,604.21,66.05,185.68,1,-1,-1,-1
162,117,1065.20,604.19,60.51,196.02,1,-1,-1,-1
162,116,283.78,748.79,72.15,236.62,1,-1,-1,-1
162,115,1479.01,600.05,53.23,133.25,1,-1,-1,-1
162,114,845.04,513.55,54.82,121.80,1,-1,-1,-1
162,113,1596.48,653.48,58.33,166.76,1,-1,-1,-1
161,113,1592.51,649.88,60.87,169.50,1,-1,-1,-1
160,113,1589.46,650.92,59.83,166.74,1,-1,-1,-1
162,110,895.70,490.27,42.07,124.45,1,-1,-1,-1
161,110,893.48,492.17,42.01,121.37,1,-1,-1,-1
160,110,891.61,488.35,41.73,125.81,1,-1,-1,-1
162,108,1133.63,610.70,59.45,182.57,1,-1,-1,-1
162,107,1549.72,634.01,54.70,172.46,1,-1,-1,-1
162,106,884.80,459.89,41.84,114.55,1,-1,-1,-1
162,104,1005.46,528.04,49.76,128.87,1,-1,-1,-1
162,103,772.96,500.72,45.64,129.82,1,-1,-1,-1
162,100,1101.08,449.86,39.47,115.26,1,-1,-1,-1
162,91,1011.82,492.45,45.97,113.68,1,-1,-1,-1
162,87,926.71,477.98,44.68,124.89,1,-1,-1,-1
162,86,1522.67,656.06,57.69,174.46,1,-1,-1,-1
162,81,1058.27,533.12,48.34,134.92,1,-1,-1,-1
162,78,453.91,713.82,90.56,231.97,1,-1,-1,-1
162,71,877.35,633.38,80.11,173.95,1,-1,-1,-1
162,69,799.40,476.04,43.57,125.01,1,-1,-1,-1
162,62,1543.46,683.82,79.37,220.46,1,-1,-1,-1
162,58,1169.39,559.82,55.23,133.57,1,-1,-1,-1
162,57,835.83,614.98,70.14,173.85,1,-1,-1,-1
162,51,1615.81,678.50,77.24,218.38,1,-1,-1,-1
162,42,1154.04,674.20,77.57,218.49,1,-1,-1,-1
162,38,1822.27,726.96,96.34,206.33,1,-1,-1,-1
162,37,1249.09,600.20,58.10,163.66,1,-1,-1,-1
162,34,1491.25,516.91,50.29,111.30,1,-1,-1,-1
162,33,1755.15,712.91,99.77,224.23,1,-1,-1,-1
162,28,965.71,552.79,57.21,154.17,1,-1,-1,-1
161,28,968.15,553.10,58.36,156.61,1,-1,-1,-1
160,28,970.45,551.25,53.89,144.60,1,-1,-1,-1
162,27,507.77,774.71,95.71,235.38,1,-1,-1,-1
162,25,1120.07,542.57,57.63,140.81,1,-1,-1,-1
161,25,1112.32,542.20,62.18,148.47,1,-1,-1,-1
160,25,1110.24,543.25,62.42,149.72,1,-1,-1,-1
162,21,217.11,858.70,123.68,221.30,1,-1,-1,-1
162,16,1215.34,692.79,78.00,200.88,1,-1,-1,-1
162,15,856.60,546.90,59.16,157.52,1,-1,-1,-1
162,14,1467.43,673.55,56.19,158.24,1,-1,-1,-1
162,11,1184.66,648.64,62.26,174.94,1,-1,-1,-1
162,10,534.31,728.67,72.36,223.14,1,-1,-1,-1
162,8,976.45,605.96,68.58,184.11,1,-1,-1,-1
163,116,287.63,749.76,70.90,218.08,1,-1,-1,-1
163,115,1485.79,598.50,54.40,132.92,1,-1,-1,-1
163,114,847.14,516.42,49.57,115.04,1,-1,-1,-1
163,113,1599.89,654.49,56.52,165.39,1,-1,-1,-1
163,108,1133.87,613.56,60.06,184.83,1,-1,-1,-1
163,107,1551.64,633.84,58.82,172.64,1,-1,-1,-1
163,106,886.97,459.39,41.78,111.32,1,-1,-1,-1
163,104,1004.92,528.41,53.29,129.69,1,-1,-1,-1
163,103,772.91,499.79,45.90,131.76,1,-1,-1,-1
163,100,1101.17,447.88,40.15,118.04,1,-1,-1,-1
163,91,1011.58,490.81,46.70,114.99,1,-1,-1,-1
163,87,929.33,475.27,44.77,129.58,1,-1,-1,-1
163,86,1521.89,656.99,58.85,173.35,1,-1,-1,-1
163,81,1059.63,532.12,43.76,122.67,1,-1,-1,-1
163,78,454.82,712.50,92.11,233.85,1,-1,-1,-1
163,71,864.67,631.82,95.12,174.41,1,-1,-1,-1
163,69,802.37,473.77,43.84,128.66,1,-1,-1,-1
163,62,1542.43,685.95,77.64,220.26,1,-1,-1,-1
163,58,1170.25,562.66,54.01,123.64,1,-1,-1,-1
163,57,836.92,615.76,68.25,177.19,1,-1,-1,-1
163,51,1612.27,677.83,78.68,218.51,1,-1,-1,-1
163,42,1154.58,675.03,75.52,217.00,1,-1,-1,-1
163,38,1813.36,725.50,105.21,210.13,1,-1,-1,-1
163,37,1248.99,602.81,57.58,160.40,1,-1,-1,-1
163,34,1492.52,514.77,49.10,113.31,1,-1,-1,-1
163,33,1740.36,706.33,108.30,230.20,1,-1,-1,-1
163,28,961.09,546.67,61.85,162.06,1,-1,-1,-1
163,27,506.77,772.94,100.30,233.24,1,-1,-1,-1
163,25,1119.34,543.50,58.75,141.89,1,-1,-1,-1
163,21,217.03,859.68,123.00,220.32,1,-1,-1,-1
163,16,1219.88,692.16,75.58,204.74,1,-1,-1,-1
163,15,858.26,545.78,58.86,163.40,1,-1,-1,-1
163,14,1467.68,672.47,58.48,159.93,1,-1,-1,-1
163,11,1194.75,648.62,58.08,170.95,1,-1,-1,-1
163,10,534.42,728.97,74.40,222.93,1,-1,-1,-1
163,8,977.17,604.80,69.69,186.71,1,-1,-1,-1
164,116,288.76,749.68,73.63,215.04,1,-1,-1,-1
164,115,1490.39,602.26,53.34,132.98,1,-1,-1,-1
164,114,846.91,516.70,50.47,114.60,1,-1,-1,-1
164,113,1603.80,639.61,65.89,174.67,1,-1,-1,-1
164,108,1134.10,612.89,59.64,187.01,1,-1,-1,-1
164,107,1555.68,636.34,57.57,169.59,1,-1,-1,-1
164,106,889.66,460.05,43.63,114.69,1,-1,-1,-1
164,104,1005.29,525.88,52.96,134.01,1,-1,-1,-1
164,103,771.99,500.21,47.03,132.01,1,-1,-1,-1
164,100,1101.26,447.98,39.88,118.49,1,-1,-1,-1
164,91,1013.18,491.01,45.19,113.41,1,-1,-1,-1
164,87,930.37,474.06,45.18,132.24,1,-1,-1,-1
164,86,1521.32,653.04,58.99,174.43,1,-1,-1,-1
164,81,1060.61,531.95,42.75,115.75,1,-1,-1,-1
164,78,455.93,712.67,91.24,234.49,1,-1,-1,-1
164,73,1114.66,546.53,63.52,155.04,1,-1,-1,-1
163,73,1114.07,545.77,62.53,155.08,1,-1,-1,-1
162,73,1115.62,546.35,59.37,155.53,1,-1,-1,-1
164,71,856.51,621.41,84.75,182.64,1,-1,-1,-1
164,69,802.12,465.59,45.78,136.66,1,-1,-1,-1
164,62,1542.19,681.22,78.51,219.47,1,-1,-1,-1
164,58,1172.64,562.12,52.62,135.16,1,-1,-1,-1
164,57,836.70,612.02,65.64,183.00,1,-1,-1,-1
164,51,1612.54,679.38,75.35,216.30,1,-1,-1,-1
164,42,1157.05,676.94,77.25,215.61,1,-1,-1,-1
164,38,1806.85,723.85,104.56,211.61,1,-1,-1,-1
164,37,1249.32,608.66,57.70,160.07,1,-1,-1,-1
164,34,1493.97,514.68,48.33,111.13,1,-1,-1,-1
164,33,1732.38,707.23,102.49,231.44,1,-1,-1,-1
164,29,1181.09,599.44,54.84,171.37,1,-1,-1,-1
163,29,1181.70,597.73,58.15,178.84,1,-1,-1,-1
162,29,1181.60,597.77,60.67,179.48,1,-1,-1,-1
164,28,960.11,550.80,58.01,156.69,1,-1,-1,-1
164,27,507.15,772.84,102.12,227.34,1,-1,-1,-1
164,21,216.44,860.85,122.39,219.15,1,-1,-1,-1
164,16,1219.93,694.24,76.34,204.22,1,-1,-1,-1
164,15,859.19,545.89,58.94,161.00,1,-1,-1,-1
164,14,1467.60,671.12,59.56,161.07,1,-1,-1,-1
164,11,1198.18,653.28,62.40,172.20,1,-1,-1,-1
164,10,535.56,728.99,73.97,217.66,1,-1,-1,-1
164,8,980.01,603.87,66.61,187.73,1,-1,-1,-1
165,116,290.86,748.58,73.65,212.72,1,-1,-1,-1
165,115,1494.52,607.67,52.37,126.40,1,-1,-1,-1
165,114,847.96,515.34,51.50,116.57,1,-1,-1,-1
165,113,1602.55,655.06,52.99,162.58,1,-1,-1,-1
165,108,1136.08,612.46,60.40,188.51,1,-1,-1,-1
165,107,1557.48,635.88,56.85,168.27,1,-1,-1,-1
165,106,891.66,460.82,43.16,111.02,1,-1,-1,-1
165,105,922.97,631.82,54.74,161.00,1,-1,-1,-1
164,105,918.77,631.92,56.82,165.30,1,-1,-1,-1
163,105,911.68,632.17,60.10,167.40,1,-1,-1,-1
165,104,1005.93,525.05,54.32,133.95,1,-1,-1,-1
165,103,771.86,500.12,47.83,133.23,1,-1,-1,-1
165,100,1101.60,448.20,39.21,117.59,1,-1,-1,-1
165,91,1014.96,490.69,44.56,114.23,1,-1,-1,-1
165,87,931.62,475.36,46.20,128.85,1,-1,-1,-1
165,86,1522.39,655.50,57.52,169.47,1,-1,-1,-1
165,81,1061.62,532.32,43.16,116.68,1,-1,-1,-1
165,78,459.00,712.77,87.79,234.74,1,-1,-1,-1
165,73,1115.28,547.41,64.42,152.85,1,-1,-1,-1
165,71,857.69,625.94,89.12,180.80,1,-1,-1,-1
165,69,802.74,467.31,47.01,135.75,1,-1,-1,-1
165,62,1543.28,679.66,77.01,219.11,1,-1,-1,-1
165,60,1243.62,579.10,59.13,149.46,1,-1,-1,-1
164,60,1243.91,577.40,57.57,147.29,1,-1,-1,-1
163,60,1244.33,578.86,56.15,146.72,1,-1,-1,-1
165,58,1173.54,563.08,51.94,134.47,1,-1,-1,-1
165,57,837.98,609.97,64.13,186.92,1,-1,-1,-1
165,51,1608.59,681.39,79.81,214.46,1,-1,-1,-1
165,42,1158.05,676.45,74.46,215.06,1,-1,-1,-1
165,38,1804.91,724.11,90.22,207.17,1,-1,-1,-1
165,37,1249.23,609.38,60.44,175.53,1,-1,-1,-1
165,35,974.75,491.15,40.63,102.64,1,-1,-1,-1
164,35,972.39,491.62,41.11,101.63,1,-1,-1,-1
163,35,973.98,493.53,39.73,99.36,1,-1,-1,-1
165,34,1493.75,514.91,48.12,109.41,1,-1,-1,-1
165,33,1723.40,705.25,102.17,231.63,1,-1,-1,-1
165,29,1179.50,598.85,54.29,168.51,1,-1,-1,-1
165,28,958.13,549.76,56.81,158.85,1,-1,-1,-1
165,27,511.24,772.17,101.03,227.14,1,-1,-1,-1
165,21,216.46,862.51,123.78,217.49,1,-1,-1,-1
165,16,1218.92,695.87,76.52,202.66,1,-1,-1,-1
165,15,857.78,546.15,61.69,164.46,1,-1,-1,-1
165,14,1468.31,672.40,56.91,160.24,1,-1,-1,-1
165,11,1200.53,652.25,66.26,182.55,1,-1,-1,-1
165,8,981.12,604.25,68.02,186.14,1,-1,-1,-1
166,117,1069.39,606.79,67.79,198.42,1,-1,-1,-1
165,117,1067.82,605.35,64.77,199.56,1,-1,-1,-1
164,117,1066.78,603.49,63.51,201.19,1,-1,-1,-1
166,116,292.43,748.70,75.44,216.87,1,-1,-1,-1
166,115,1501.19,613.21,47.59,121.64,1,-1,-1,-1
166,114,848.25,516.31,50.80,113.16,1,-1,-1,-1
166,108,1136.88,612.23,63.44,187.81,1,-1,-1,-1
166,107,1559.68,636.12,55.70,160.10,1,-1,-1,-1
166,106,893.74,462.09,43.34,116.72,1,-1,-1,-1
166,105,926.20,633.43,56.15,157.23,1,-1,-1,-1
166,104,1008.52,524.94,54.19,130.15,1,-1,-1,-1
166,103,772.52,500.02,45.53,133.53,1,-1,-1,-1
166,91,1016.62,491.91,44.32,111.31,1,-1,-1,-1
166,87,933.10,478.61,44.20,124.12,1,-1,-1,-1
166,86,1523.20,656.37,59.87,172.12,1,-1,-1,-1
166,78,461.30,713.83,86.41,233.99,1,-1,-1,-1
166,73,1115.15,548.64,63.35,154.92,1,-1,-1,-1
166,71,856.46,631.14,86.27,174.74,1,-1,-1,-1
166,69,803.32,464.42,47.95,138.29,1,-1,-1,-1
166,62,1544.45,682.12,74.19,213.91,1,-1,-1,-1
166,60,1244.27,579.82,58.17,148.34,1,-1,-1,-1
166,58,1175.89,564.46,49.79,130.81,1,-1,-1,-1
166,51,1609.88,684.58,75.80,212.90,1,-1,-1,-1
166,42,1154.09,675.55,77.57,217.10,1,-1,-1,-1
166,38,1803.05,725.81,85.85,203.72,1,-1,-1,-1
166,37,1251.53,613.58,58.19,176.71,1,-1,-1,-1
166,35,976.32,488.75,40.95,105.38,1,-1,-1,-1
166,34,1494.35,515.71,47.95,108.19,1,-1,-1,-1
166,33,1719.95,704.25,103.39,232.19,1,-1,-1,-1
166,29,1179.19,598.98,52.92,163.60,1,-1,-1,-1
166,28,954.90,550.78,55.60,158.33,1,-1,-1,-1
166,27,516.07,770.50,97.82,229.02,1,-1,-1,-1
166,21,217.24,861.78,122.40,218.22,1,-1,-1,-1
166,16,1217.35,696.62,76.59,201.38,1,-1,-1,-1
166,15,860.30,547.99,60.80,160.31,1,-1,-1,-1
166,14,1469.27,673.80,56.78,160.82,1,-1,-1,-1
166,11,1204.21,653.37,66.75,179.63,1,-1,-1,-1
166,8,984.26,604.62,67.02,188.30,1,-1,-1,-1
167,117,1070.02,607.83,69.86,195.77,1,-1,-1,-1
167,116,294.81,749.18,74.50,208.68,1,-1,-1,-1
167,114,850.63,516.04,53.61,116.04,1,-1,-1,-1
167,108,1135.56,611.02,64.11,189.12,1,-1,-1,-1
167,107,1561.18,636.55,56.45,158.87,1,-1,-1,-1
167,106,897.37,465.48,43.92,109.71,1,-1,-1,-1
167,105,927.39,633.75,56.94,159.15,1,-1,-1,-1
167,104,1009.34,526.29,55.58,132.87,1,-1,-1,-1
167,103,772.85,501.35,45.45,131.95,1,-1,-1,-1
167,91,1017.92,490.90,44.59,110.12,1,-1,-1,-1
167,87,934.89,481.69,41.83,111.87,1,-1,-1,-1
167,86,1519.92,649.39,62.04,180.95,1,-1,-1,-1
167,78,461.64,710.09,86.58,237.58,1,-1,-1,-1
167,73,1114.10,547.68,66.19,155.96,1,-1,-1,-1
167,71,856.45,622.44,78.43,182.48,1,-1,-1,-1
167,69,802.67,487.56,42.13,119.76,1,-1,-1,-1
167,62,1544.46,679.04,73.03,216.66,1,-1,-1,-1
167,60,1244.28,579.66,58.93,154.01,1,-1,-1,-1
167,58,1175.69,564.65,51.35,136.63,1,-1,-1,-1
167,51,1612.11,685.23,73.40,211.95,1,-1,-1,-1
167,42,1155.07,673.39,76.80,218.95,1,-1,-1,-1
167,38,1801.10,720.71,77.20,204.49,1,-1,-1,-1
167,37,1250.17,613.48,60.62,186.70,1,-1,-1,-1
167,35,975.49,485.99,42.14,106.49,1,-1,-1,-1
167,34,1495.86,515.25,47.08,111.31,1,-1,-1,-1
167,33,1714.35,701.35,103.63,232.92,1,-1,-1,-1
167,29,1175.38,597.10,55.60,169.68,1,-1,-1,-1
167,28,950.81,547.34,54.81,155.01,1,-1,-1,-1
167,27,518.25,765.16,97.58,234.11,1,-1,-1,-1
167,21,216.67,861.67,123.64,218.33,1,-1,-1,-1
167,16,1218.52,693.69,75.21,204.65,1,-1,-1,-1
167,15,859.56,548.63,61.95,163.86,1,-1,-1,-1
167,14,1469.50,672.41,58.06,161.67,1,-1,-1,-1
167,11,1208.85,655.76,68.14,191.72,1,-1,-1,-1
167,8,987.31,603.45,65.34,188.70,1,-1,-1,-1
168,120,1391.77,480.30,62.42,136.33,1,-1,-1,-1
167,120,1395.90,482.34,57.33,130.87,1,-1,-1,-1
166,120,1397.59,483.46,54.79,127.11,1,-1,-1,-1
168,117,1070.70,608.19,70.15,198.36,1,-1,-1,-1
168,116,296.01,748.51,78.96,214.60,1,-1,-1,-1
168,114,851.37,516.91,50.40,111.08,1,-1,-1,-1
168,110,904.95,494.67,45.61,124.69,1,-1,-1,-1
167,110,903.61,493.52,44.40,124.59,1,-1,-1,-1
166,110,902.25,490.61,43.25,126.63,1,-1,-1,-1
168,108,1134.61,610.21,64.00,186.68,1,-1,-1,-1
168,107,1564.51,636.51,61.06,178.35,1,-1,-1,-1
168,106,898.62,464.05,46.26,114.52,1,-1,-1,-1
168,105,927.18,640.39,60.70,156.71,1,-1,-1,-1
168,104,1009.64,529.86,55.81,132.26,1,-1,-1,-1
168,103,772.57,503.14,44.98,131.04,1,-1,-1,-1
168,91,1018.87,489.68,44.95,111.60,1,-1,-1,-1
168,87,938.27,477.09,41.93,116.49,1,-1,-1,-1
168,86,1518.11,648.25,63.47,189.33,1,-1,-1,-1
168,78,461.16,707.55,87.74,237.42,1,-1,-1,-1
168,73,1113.80,548.02,67.20,154.30,1,-1,-1,-1
168,71,850.00,628.38,77.14,177.11,1,-1,-1,-1
168,69,803.63,492.52,40.45,116.25,1,-1,-1,-1
168,62,1543.92,674.61,74.48,220.69,1,-1,-1,-1
168,60,1244.43,579.72,59.91,157.94,1,-1,-1,-1
168,58,1175.43,564.85,52.56,143.63,1,-1,-1,-1
168,51,1608.93,680.10,75.58,217.39,1,-1,-1,-1
168,42,1155.88,672.68,77.45,219.39,1,-1,-1,-1
168,38,1793.95,716.88,77.53,209.26,1,-1,-1,-1
168,37,1249.90,612.22,61.58,186.90,1,-1,-1,-1
168,35,977.21,486.55,42.67,109.00,1,-1,-1,-1
168,34,1494.56,515.24,49.36,113.41,1,-1,-1,-1
168,33,1711.74,702.14,97.01,230.26,1,-1,-1,-1
168,29,1174.69,596.37,57.26,165.19,1,-1,-1,-1
168,28,949.50,550.98,53.43,141.89,1,-1,-1,-1
168,27,520.84,763.75,96.72,233.29,1,-1,-1,-1
168,21,217.26,862.61,121.06,217.39,1,-1,-1,-1
168,16,1218.10,691.89,75.91,204.30,1,-1,-1,-1
168,15,859.61,550.38,61.63,159.45,1,-1,-1,-1
168,14,1471.77,670.04,58.90,162.55,1,-1,-1,-1
168,11,1212.53,655.59,65.41,187.21,1,-1,-1,-1
168,8,988.64,602.08,65.99,189.22,1,-1,-1,-1
169,120,1392.30,480.55,61.60,133.42,1,-1,-1,-1
169,117,1071.67,608.68,70.11,199.59,1,-1,-1,-1
169,116,300.07,747.95,80.45,210.04,1,-1,-1,-1
169,114,851.70,516.70,51.64,111.63,1,-1,-1,-1
169,110,903.23,492.31,45.94,128.00,1,-1,-1,-1
169,108,1134.45,612.21,64.79,184.15,1,-1,-1,-1
169,107,1566.45,637.06,63.97,173.11,1,-1,-1,-1
169,106,900.40,460.64,45.28,110.14,1,-1,-1,-1
169,105,928.55,632.38,69.89,166.38,1,-1,-1,-1
169,104,1008.89,529.75,57.44,131.39,1,-1,-1,-1
169,103,772.34,503.69,44.25,131.48,1,-1,-1,-1
169,92,1465.99,623.08,53.80,155.67,1,-1,-1,-1
168,92,1466.28,622.20,56.49,164.90,1,-1,-1,-1
167,92,1470.02,626.11,54.29,160.43,1,-1,-1,-1
169,91,1019.13,489.87,46.30,113.92,1,-1,-1,-1
169,87,939.21,477.74,41.26,112.66,1,-1,-1,-1
169,86,1519.41,652.08,60.33,180.04,1,-1,-1,-1
169,83,850.74,514.97,53.24,127.15,1,-1,-1,-1
168,83,851.01,515.43,52.16,126.45,1,-1,-1,-1
167,83,849.54,513.67,53.95,130.10,1,-1,-1,-1
169,81,1066.12,537.14,46.31,127.52,1,-1,-1,-1
168,81,1066.35,536.60,45.92,128.24,1,-1,-1,-1
167,81,1063.64,535.62,45.28,123.01,1,-1,-1,-1
169,78,460.15,706.00,89.18,238.56,1,-1,-1,-1
169,73,1115.78,548.16,66.00,157.08,1,-1,-1,-1
169,71,844.37,629.77,76.88,174.38,1,-1,-1,-1
169,69,803.21,496.56,40.61,112.47,1,-1,-1,-1
169,62,1542.42,673.35,74.68,222.16,1,-1,-1,-1
169,60,1243.36,579.16,60.49,153.05,1,-1,-1,-1
169,58,1175.59,563.87,54.95,154.43,1,-1,-1,-1
169,57,839.25,637.37,49.12,147.80,1,-1,-1,-1
168,57,836.30,613.00,56.54,166.82,1,-1,-1,-1
167,57,836.17,609.67,58.74,173.52,1,-1,-1,-1
169,51,1606.05,673.30,77.42,226.82,1,-1,-1,-1
169,45,1624.91,634.07,67.03,162.88,1,-1,-1,-1
168,45,1623.12,634.08,67.29,162.80,1,-1,-1,-1
167,45,1626.82,636.87,61.37,147.65,1,-1,-1,-1
169,42,1153.72,672.95,78.60,220.62,1,-1,-1,-1
169,38,1789.07,718.50,77.00,205.24,1,-1,-1,-1
169,37,1246.51,610.96,65.03,185.88,1,-1,-1,-1
169,34,1495.72,514.78,48.42,111.36,1,-1,-1,-1
169,33,1703.92,706.89,102.40,224.63,1,-1,-1,-1
169,29,1174.45,591.99,56.24,162.60,1,-1,-1,-1
169,28,944.61,553.49,56.03,144.94,1,-1,-1,-1
169,27,523.44,765.31,95.48,231.35,1,-1,-1,-1
169,21,215.21,864.33,119.15,215.67,1,-1,-1,-1
169,16,1219.81,692.39,73.46,202.91,1,-1,-1,-1
169,15,859.35,550.33,61.71,155.05,1,-1,-1,-1
169,14,1471.50,670.94,56.36,159.71,1,-1,-1,-1
169,11,1214.56,654.63,63.89,174.69,1,-1,-1,-1
169,8,985.72,602.46,69.73,188.27,1,-1,-1,-1
170,120,1397.08,482.57,56.38,128.54,1,-1,-1,-1
170,117,1073.73,609.14,69.51,198.64,1,-1,-1,-1
170,116,302.62,747.24,81.24,210.71,1,-1,-1,-1
170,114,852.69,514.56,53.39,112.69,1,-1,-1,-1
170,108,1134.99,613.94,64.72,183.84,1,-1,-1,-1
170,107,1569.86,635.43,63.34,175.30,1,-1,-1,-1
170,105,930.47,634.09,68.82,164.15,1,-1,-1,-1
170,104,1011.76,535.41,53.72,122.72,1,-1,-1,-1
170,103,773.26,503.48,44.52,131.52,1,-1,-1,-1
170,100,1102.20,446.63,40.43,120.59,1,-1,-1,-1
169,100,1101.45,446.60,41.06,120.74,1,-1,-1,-1
168,100,1101.73,446.75,40.96,120.65,1,-1,-1,-1
170,97,978.52,508.61,41.09,103.68,1,-1,-1,-1
169,97,976.01,497.00,43.50,113.04,1,-1,-1,-1
168,97,976.21,498.68,42.54,106.90,1,-1,-1,-1
170,92,1466.54,625.32,54.13,156.38,1,-1,-1,-1
170,91,1020.64,489.84,44.86,111.52,1,-1,-1,-1
170,87,940.48,479.92,40.02,110.37,1,-1,-1,-1
170,86,1519.12,652.37,59.58,172.05,1,-1,-1,-1
170,83,852.02,512.04,53.85,129.28,1,-1,-1,-1
170,81,1068.39,537.22,44.70,123.56,1,-1,-1,-1
170,78,461.83,703.74,87.44,232.64,1,-1,-1,-1
170,73,1116.66,548.17,68.93,153.47,1,-1,-1,-1
170,71,839.43,630.31,77.69,175.02,1,-1,-1,-1
170,69,803.31,492.24,41.69,114.36,1,-1,-1,-1
170,62,1538.75,672.01,78.50,219.75,1,-1,-1,-1
170,60,1244.64,577.91,58.80,152.40,1,-1,-1,-1
170,58,1176.02,562.49,54.27,155.02,1,-1,-1,-1
170,57,836.41,643.24,52.57,149.98,1,-1,-1,-1
170,51,1602.63,672.24,79.81,221.91,1,-1,-1,-1
170,45,1623.82,632.46,70.94,166.19,1,-1,-1,-1
170,42,1153.98,673.90,78.07,218.25,1,-1,-1,-1
170,38,1791.97,716.33,72.53,206.21,1,-1,-1,-1
170,37,1249.66,613.14,62.51,182.30,1,-1,-1,-1
170,34,1497.45,513.23,48.04,114.49,1,-1,-1,-1
170,33,1700.95,706.22,101.03,224.09,1,-1,-1,-1
170,29,1177.22,595.24,54.57,165.23,1,-1,-1,-1
170,28,943.01,552.96,56.50,143.85,1,-1,-1,-1
170,27,524.23,765.92,98.31,231.67,1,-1,-1,-1
170,21,215.75,866.31,115.34,213.69,1,-1,-1,-1
170,16,1218.94,694.63,73.46,199.80,1,-1,-1,-1
170,15,861.88,550.10,59.83,149.53,1,-1,-1,-1
170,14,1472.53,670.85,57.11,160.29,1,-1,-1,-1
170,11,1217.68,649.87,68.39,182.38,1,-1,-1,-1
170,10,543.37,724.59,81.62,216.97,1,-1,-1,-1
169,10,542.67,725.54,80.14,213.70,1,-1,-1,-1
168,10,541.99,726.47,79.61,217.40,1,-1,-1,-1
170,8,987.54,603.97,69.30,188.29,1,-1,-1,-1
171,122,826.63,461.36,36.63,107.89,1,-1,-1,-1
170,122,823.30,458.27,38.15,109.99,1,-1,-1,-1
169,122,821.19,458.97,38.54,109.37,1,-1,-1,-1
171,117,1074.89,608.41,69.22,199.17,1,-1,-1,-1
171,116,304.98,746.52,83.06,205.66,1,-1,-1,-1
171,115,1522.41,606.90,51.39,137.53,1,-1,-1,-1
170,115,1519.34,606.67,52.04,138.65,1,-1,-1,-1
169,115,1513.63,607.96,52.54,136.15,1,-1,-1,-1
171,114,851.89,513.82,53.94,112.62,1,-1,-1,-1
171,108,1135.66,613.92,64.65,183.54,1,-1,-1,-1
171,107,1570.30,636.50,64.30,173.99,1,-1,-1,-1
171,105,930.50,635.23,67.65,167.22,1,-1,-1,-1
171,104,1012.67,535.64,52.59,121.31,1,-1,-1,-1
171,103,773.83,504.54,43.65,130.90,1,-1,-1,-1
171,100,1102.39,447.26,40.10,119.15,1,-1,-1,-1
171,97,979.98,507.96,41.34,104.90,1,-1,-1,-1
171,92,1465.88,626.70,54.11,155.12,1,-1,-1,-1
171,91,1022.76,490.17,43.67,109.37,1,-1,-1,-1
171,87,941.66,483.72,38.48,104.93,1,-1,-1,-1
171,86,1519.54,650.48,59.37,177.07,1,-1,-1,-1
171,83,851.62,511.38,54.54,129.10,1,-1,-1,-1
171,81,1070.28,537.26,44.38,124.28,1,-1,-1,-1
171,78,463.56,701.81,85.93,233.78,1,-1,-1,-1
171,73,1118.66,549.45,66.72,151.58,1,-1,-1,-1
171,71,834.81,613.60,77.05,188.38,1,-1,-1,-1
171,69,803.17,492.93,42.38,115.78,1,-1,-1,-1
171,62,1536.03,672.15,78.98,218.87,1,-1,-1,-1
171,60,1244.29,579.01,59.03,151.04,1,-1,-1,-1
171,58,1176.97,561.96,53.78,152.73,1,-1,-1,-1
171,51,1600.40,673.83,80.49,215.16,1,-1,-1,-1
171,45,1627.50,635.02,68.84,157.37,1,-1,-1,-1
171,42,1155.09,672.32,76.97,220.10,1,-1,-1,-1
171,38,1787.48,717.53,73.31,205.46,1,-1,-1,-1
171,37,1246.82,612.71,64.67,182.11,1,-1,-1,-1
171,34,1496.64,515.71,47.87,111.26,1,-1,-1,-1
171,33,1697.81,707.81,102.28,223.22,1,-1,-1,-1
171,29,1176.39,589.68,54.04,166.83,1,-1,-1,-1
171,28,940.35,551.64,57.53,146.50,1,-1,-1,-1
171,27,526.11,765.33,96.64,231.17,1,-1,-1,-1
171,21,216.90,867.05,114.52,212.95,1,-1,-1,-1
171,16,1219.91,694.87,72.99,198.97,1,-1,-1,-1
171,15,861.58,550.03,60.90,158.59,1,-1,-1,-1
171,14,1474.22,671.67,56.11,158.56,1,-1,-1,-1
171,11,1220.87,653.44,64.91,180.36,1,-1,-1,-1
171,10,545.76,723.12,81.07,216.86,1,-1,-1,-1
171,8,992.00,604.33,65.53,186.69,1,-1,-1,-1
172,122,829.17,462.46,38.00,112.41,1,-1,-1,-1
172,118,934.57,633.07,65.19,165.57,1,-1,-1,-1
171,118,932.21,632.64,65.85,167.33,1,-1,-1,-1
170,118,929.01,636.50,69.50,162.30,1,-1,-1,-1
172,117,1075.42,608.57,68.34,198.02,1,-1,-1,-1
172,116,309.60,743.60,81.98,205.69,1,-1,-1,-1
172,115,1525.34,606.87,51.04,140.15,1,-1,-1,-1
172,114,853.02,516.87,48.04,104.74,1,-1,-1,-1
172,108,1137.83,615.23,60.24,176.57,1,-1,-1,-1
172,107,1574.21,639.13,64.12,169.52,1,-1,-1,-1
172,105,934.29,636.03,65.40,160.97,1,-1,-1,-1
172,104,1013.52,531.79,52.94,127.67,1,-1,-1,-1
172,103,774.04,504.82,44.81,131.70,1,-1,-1,-1
172,100,1102.76,446.93,40.29,119.11,1,-1,-1,-1
172,97,977.18,511.16,42.95,106.52,1,-1,-1,-1
172,92,1466.29,626.64,56.06,164.11,1,-1,-1,-1
172,91,1025.77,492.76,42.40,110.04,1,-1,-1,-1
172,87,941.32,485.45,40.65,105.64,1,-1,-1,-1
172,86,1520.48,650.24,57.87,170.46,1,-1,-1,-1
172,84,899.81,492.07,47.18,127.62,1,-1,-1,-1
171,84,898.83,493.02,46.36,126.03,1,-1,-1,-1
170,84,899.25,493.29,47.15,125.48,1,-1,-1,-1
172,83,851.84,514.36,50.91,127.47,1,-1,-1,-1
172,81,1069.80,536.02,47.97,128.24,1,-1,-1,-1
172,78,465.45,702.85,85.58,232.73,1,-1,-1,-1
172,73,1122.08,549.29,65.85,150.04,1,-1,-1,-1
172,71,833.59,616.88,74.22,187.69,1,-1,-1,-1
172,69,801.87,488.54,43.43,120.16,1,-1,-1,-1
172,62,1533.01,670.68,81.39,220.59,1,-1,-1,-1
172,60,1244.02,577.67,58.86,151.41,1,-1,-1,-1
172,58,1177.73,562.18,54.85,156.30,1,-1,-1,-1
172,51,1600.83,676.23,80.81,208.03,1,-1,-1,-1
172,45,1629.53,637.64,67.84,159.48,1,-1,-1,-1
172,42,1158.95,673.46,73.89,216.79,1,-1,-1,-1
172,38,1782.92,716.43,78.44,209.66,1,-1,-1,-1
172,37,1247.61,605.09,62.65,175.27,1,-1,-1,-1
172,34,1493.06,513.64,51.50,117.46,1,-1,-1,-1
172,33,1694.11,706.05,103.36,224.47,1,-1,-1,-1
172,29,1175.53,587.95,55.19,168.47,1,-1,-1,-1
172,28,937.11,550.75,58.97,144.97,1,-1,-1,-1
172,27,529.85,766.75,93.34,226.90,1,-1,-1,-1
172,21,218.75,869.20,110.31,210.80,1,-1,-1,-1
172,16,1223.79,689.28,71.55,206.40,1,-1,-1,-1
172,15,862.56,550.67,60.76,158.32,1,-1,-1,-1
172,14,1475.46,670.49,54.82,159.55,1,-1,-1,-1
172,11,1222.82,654.45,63.86,177.75,1,-1,-1,-1
172,10,546.56,721.97,80.49,217.38,1,-1,-1,-1
172,8,996.15,607.04,63.47,189.66,1,-1,-1,-1
173,122,832.13,462.64,38.89,108.58,1,-1,-1,-1
173,117,1076.77,607.57,68.00,200.85,1,-1,-1,-1
173,116,312.88,739.88,79.31,214.14,1,-1,-1,-1
173,115,1524.48,605.97,55.93,144.02,1,-1,-1,-1
173,108,1137.23,617.56,59.03,174.90,1,-1,-1,-1
173,107,1574.11,638.60,67.66,176.52,1,-1,-1,-1
173,105,938.50,640.85,57.59,152.28,1,-1,-1,-1
173,103,774.97,508.54,45.04,127.96,1,-1,-1,-1
173,100,1105.00,444.44,40.99,120.96,1,-1,-1,-1
173,97,965.00,514.21,44.83,109.95,1,-1,-1,-1
173,92,1466.98,625.58,52.69,159.69,1,-1,-1,-1
173,87,941.88,485.88,39.91,106.51,1,-1,-1,-1
173,86,1518.21,645.02,62.49,178.07,1,-1,-1,-1
173,84,897.31,494.34,46.72,126.26,1,-1,-1,-1
173,81,1071.58,535.40,50.77,131.39,1,-1,-1,-1
173,78,466.54,701.44,85.65,233.13,1,-1,-1,-1
173,73,1123.17,547.68,65.74,151.82,1,-1,-1,-1
173,71,829.31,611.15,76.03,192.08,1,-1,-1,-1
173,69,803.97,484.79,44.20,122.48,1,-1,-1,-1
173,62,1533.14,673.55,81.27,218.23,1,-1,-1,-1
173,60,1243.82,576.39,60.55,157.47,1,-1,-1,-1
173,58,1176.90,561.29,56.77,154.78,1,-1,-1,-1
173,51,1599.70,676.57,81.39,208.20,1,-1,-1,-1
173,42,1157.62,671.92,77.97,218.52,1,-1,-1,-1
173,38,1775.23,715.31,90.32,208.39,1,-1,-1,-1
173,37,1249.22,603.99,62.38,177.17,1,-1,-1,-1
173,34,1494.43,513.96,50.44,115.56,1,-1,-1,-1
173,33,1689.12,703.89,99.37,221.88,1,-1,-1,-1
173,29,1172.46,594.20,57.92,170.20,1,-1,-1,-1
173,28,934.26,549.03,55.49,144.76,1,-1,-1,-1
173,27,532.35,763.59,92.45,232.08,1,-1,-1,-1
173,21,217.61,871.79,109.09,208.21,1,-1,-1,-1
173,16,1229.97,689.12,69.22,207.91,1,-1,-1,-1
173,15,862.45,550.91,61.74,160.69,1,-1,-1,-1
173,14,1475.72,668.79,54.92,164.95,1,-1,-1,-1
173,11,1225.21,654.22,62.48,175.81,1,-1,-1,-1
173,10,547.68,722.01,80.22,217.44,1,-1,-1,-1
173,8,997.48,605.49,62.95,193.14,1,-1,-1,-1
174,122,832.59,465.92,38.79,108.19,1,-1,-1,-1
174,120,1401.04,483.25,53.15,129.71,1,-1,-1,-1
173,120,1400.28,483.64,53.36,129.17,1,-1,-1,-1
172,120,1397.59,482.10,55.69,130.52,1,-1,-1,-1
174,117,1078.02,608.74,66.13,201.67,1,-1,-1,-1
174,116,317.96,740.94,72.74,208.67,1,-1,-1,-1
174,115,1529.62,608.60,52.58,144.82,1,-1,-1,-1
174,108,1137.16,619.13,62.96,180.61,1,-1,-1,-1
174,107,1583.43,641.88,60.60,171.34,1,-1,-1,-1
174,105,941.53,638.71,53.16,155.68,1,-1,-1,-1
174,103,775.14,508.03,44.96,128.99,1,-1,-1,-1
174,100,1104.28,445.32,41.84,120.84,1,-1,-1,-1
174,97,967.23,516.18,45.42,111.46,1,-1,-1,-1
174,92,1467.55,626.29,50.90,156.07,1,-1,-1,-1
174,87,943.41,484.65,39.50,104.67,1,-1,-1,-1
174,86,1519.71,643.69,60.89,174.98,1,-1,-1,-1
174,81,1075.07,537.39,48.16,130.81,1,-1,-1,-1
174,78,467.99,700.78,85.24,232.02,1,-1,-1,-1
174,73,1123.47,546.45,67.75,153.64,1,-1,-1,-1
174,71,829.09,612.37,75.38,185.90,1,-1,-1,-1
174,69,804.42,484.96,41.41,120.78,1,-1,-1,-1
174,62,1532.84,674.34,80.34,215.57,1,-1,-1,-1
174,60,1244.33,576.36,59.67,153.97,1,-1,-1,-1
174,58,1178.85,563.25,54.09,150.92,1,-1,-1,-1
174,51,1598.33,675.64,81.02,210.61,1,-1,-1,-1
174,42,1158.61,673.77,77.63,216.89,1,-1,-1,-1
174,38,1768.48,716.99,98.53,205.38,1,-1,-1,-1
174,37,1250.28,604.88,60.82,171.22,1,-1,-1,-1
174,34,1497.73,513.77,48.11,113.76,1,-1,-1,-1
174,33,1687.19,703.32,94.39,221.20,1,-1,-1,-1
174,28,932.65,548.72,54.69,143.21,1,-1,-1,-1
174,27,534.36,760.37,91.88,235.70,1,-1,-1,-1
174,21,213.17,873.17,105.52,206.83,1,-1,-1,-1
174,16,1232.26,690.65,68.80,206.37,1,-1,-1,-1
174,15,864.25,551.74,59.78,157.29,1,-1,-1,-1
174,14,1476.30,667.89,54.69,162.96,1,-1,-1,-1
174,11,1229.49,654.89,65.25,172.92,1,-1,-1,-1
174,10,549.10,721.59,80.58,218.25,1,-1,-1,-1
174,8,1001.02,605.22,61.51,194.00,1,-1,-1,-1
175,124,1025.69,497.46,47.21,132.43,1,-1,-1,-1
174,124,1025.57,498.90,45.95,129.62,1,-1,-1,-1
173,124,1022.22,495.49,47.74,133.21,1,-1,-1,-1
175,122,831.85,464.26,42.19,110.75,1,-1,-1,-1
175,120,1399.43,482.17,55.20,133.63,1,-1,-1,-1
175,117,1078.46,607.69,66.86,201.13,1,-1,-1,-1
175,116,319.13,740.16,72.46,209.34,1,-1,-1,-1
175,108,1137.27,619.27,61.15,181.44,1,-1,-1,-1
175,107,1584.76,642.08,55.92,167.91,1,-1,-1,-1
175,106,914.94,459.89,44.88,105.24,1,-1,-1,-1
174,106,914.58,460.05,43.02,105.41,1,-1,-1,-1
173,106,909.96,458.45,44.13,110.01,1,-1,-1,-1
175,105,942.39,636.88,54.79,157.46,1,-1,-1,-1
175,103,775.37,509.02,45.24,128.65,1,-1,-1,-1
175,100,1104.75,444.25,41.56,122.96,1,-1,-1,-1
175,97,964.79,513.96,46.07,113.62,1,-1,-1,-1
175,92,1466.81,628.26,50.15,158.59,1,-1,-1,-1
175,87,944.78,487.10,40.41,111.17,1,-1,-1,-1
175,86,1519.22,643.95,60.04,175.53,1,-1,-1,-1
175,81,1074.93,536.99,50.53,133.48,1,-1,-1,-1
175,78,468.55,700.21,87.48,232.45,1,-1,-1,-1
175,73,1125.42,545.40,68.23,156.24,1,-1,-1,-1
175,71,826.60,609.92,79.19,189.23,1,-1,-1,-1
175,69,804.79,486.15,40.99,119.88,1,-1,-1,-1
175,62,1531.82,673.29,82.28,216.93,1,-1,-1,-1
175,58,1176.67,563.15,57.08,155.55,1,-1,-1,-1
175,51,1597.13,673.35,82.31,209.31,1,-1,-1,-1
175,42,1158.74,676.30,79.89,214.42,1,-1,-1,-1
175,38,1765.53,717.84,99.63,200.35,1,-1,-1,-1
175,37,1248.37,601.66,63.25,177.11,1,-1,-1,-1
175,34,1498.47,513.37,47.45,113.23,1,-1,-1,-1
175,33,1681.63,702.94,92.66,218.48,1,-1,-1,-1
175,28,930.32,552.46,55.63,140.91,1,-1,-1,-1
175,27,535.16,757.23,93.29,241.83,1,-1,-1,-1
175,21,211.91,878.46,105.74,201.54,1,-1,-1,-1
175,16,1235.51,691.39,65.93,205.10,1,-1,-1,-1
175,15,862.88,551.93,61.89,158.13,1,-1,-1,-1
175,14,1476.54,668.71,54.64,161.14,1,-1,-1,-1
175,10,548.14,719.34,82.53,222.14,1,-1,-1,-1
175,8,1001.51,607.17,62.77,190.98,1,-1,-1,-1
176,124,1033.92,496.42,41.26,119.72,1,-1,-1,-1
176,122,834.15,463.77,42.84,112.88,1,-1,-1,-1
176,120,1397.37,481.31,56.71,135.15,1,-1,-1,-1
176,117,1080.00,608.47,65.01,201.23,1,-1,-1,-1
176,116,322.57,740.11,72.77,214.25,1,-1,-1,-1
176,108,1138.30,620.51,60.07,180.82,1,-1,-1,-1
176,107,1587.51,638.80,63.06,180.06,1,-1,-1,-1
176,106,914.88,459.35,42.15,106.66,1,-1,-1,-1
176,105,941.82,635.42,56.89,160.78,1,-1,-1,-1
176,103,775.53,508.31,46.54,129.13,1,-1,-1,-1
176,100,1105.27,445.21,40.99,121.00,1,-1,-1,-1
176,97,962.88,510.71,48.24,118.96,1,-1,-1,-1
176,92,1464.49,625.50,52.98,155.67,1,-1,-1,-1
176,87,945.86,484.27,39.19,102.74,1,-1,-1,-1
176,86,1514.53,646.04,60.02,171.40,1,-1,-1,-1
176,83,863.35,520.74,50.63,113.33,1,-1,-1,-1
175,83,865.62,523.31,49.50,113.39,1,-1,-1,-1
174,83,866.62,522.37,47.81,111.89,1,-1,-1,-1
176,81,1076.21,538.61,50.06,129.45,1,-1,-1,-1
176,78,468.37,702.66,88.28,231.53,1,-1,-1,-1
176,73,1128.63,545.61,65.37,151.74,1,-1,-1,-1
176,71,827.76,614.75,75.60,184.85,1,-1,-1,-1
176,69,807.18,481.36,41.64,121.44,1,-1,-1,-1
176,62,1529.47,671.04,79.76,218.03,1,-1,-1,-1
176,58,1185.42,567.34,50.09,147.96,1,-1,-1,-1
176,51,1598.21,674.11,77.61,209.00,1,-1,-1,-1
176,42,1161.11,675.96,81.88,215.65,1,-1,-1,-1
176,38,1764.17,717.73,95.77,201.93,1,-1,-1,-1
176,37,1248.22,599.67,61.21,166.99,1,-1,-1,-1
176,34,1497.87,512.25,49.40,116.55,1,-1,-1,-1
176,33,1680.72,698.56,85.38,219.48,1,-1,-1,-1
176,28,923.76,550.79,55.23,158.51,1,-1,-1,-1
176,27,535.65,754.85,93.17,241.03,1,-1,-1,-1
176,21,204.80,881.49,114.15,198.51,1,-1,-1,-1
176,16,1236.57,686.90,66.50,208.85,1,-1,-1,-1
176,15,864.39,555.09,61.40,158.53,1,-1,-1,-1
176,14,1478.08,669.17,53.59,161.70,1,-1,-1,-1
176,8,1001.92,610.24,64.71,186.67,1,-1,-1,-1
177,124,1036.09,494.90,41.97,119.16,1,-1,-1,-1
177,122,833.41,464.70,41.86,104.01,1,-1,-1,-1
177,120,1398.72,481.98,56.26,134.39,1,-1,-1,-1
177,117,1079.93,608.61,67.14,200.24,1,-1,-1,-1
177,116,325.23,738.49,74.30,208.02,1,-1,-1,-1
177,111,557.10,717.82,74.70,200.57,1,-1,-1,-1
176,111,556.39,717.68,75.15,200.48,1,-1,-1,-1
175,111,555.61,717.44,74.02,202.38,1,-1,-1,-1
177,108,1137.64,619.62,61.39,185.69,1,-1,-1,-1
177,107,1588.50,636.84,68.57,193.37,1,-1,-1,-1
177,105,942.95,638.76,57.02,156.33,1,-1,-1,-1
177,103,775.38,504.70,47.28,133.01,1,-1,-1,-1
177,100,1106.09,446.89,39.80,118.82,1,-1,-1,-1
177,97,964.05,509.52,48.10,119.52,1,-1,-1,-1
177,92,1464.40,625.42,52.31,158.40,1,-1,-1,-1
177,87,946.27,484.79,37.82,102.38,1,-1,-1,-1
177,86,1515.08,646.58,57.01,168.49,1,-1,-1,-1
177,81,1075.84,538.08,50.74,129.47,1,-1,-1,-1
177,78,470.23,702.35,87.38,230.56,1,-1,-1,-1
177,73,1130.63,545.26,66.51,148.14,1,-1,-1,-1
177,71,825.13,610.12,75.10,185.08,1,-1,-1,-1
177,69,806.38,492.35,41.05,114.61,1,-1,-1,-1
177,62,1527.18,666.99,80.27,217.37,1,-1,-1,-1
177,58,1186.67,568.41,52.07,146.33,1,-1,-1,-1
177,51,1593.55,672.25,80.91,211.66,1,-1,-1,-1
177,42,1163.13,675.88,82.44,213.90,1,-1,-1,-1
177,38,1760.48,715.78,93.91,205.30,1,-1,-1,-1
177,37,1248.34,599.76,62.70,169.66,1,-1,-1,-1
177,34,1498.32,511.57,49.49,119.30,1,-1,-1,-1
177,33,1668.32,694.52,91.64,224.70,1,-1,-1,-1
177,29,1157.69,596.72,61.37,180.27,1,-1,-1,-1
176,29,1162.74,596.28,57.57,173.49,1,-1,-1,-1
175,29,1170.75,588.14,58.55,175.70,1,-1,-1,-1
177,28,921.78,551.36,55.98,158.69,1,-1,-1,-1
177,27,537.87,754.30,93.87,233.89,1,-1,-1,-1
177,21,203.66,881.43,113.71,198.57,1,-1,-1,-1
177,16,1238.58,691.78,67.20,202.79,1,-1,-1,-1
177,15,863.30,558.42,65.09,158.50,1,-1,-1,-1
177,14,1477.94,669.11,51.69,155.17,1,-1,-1,-1
177,8,1001.98,609.99,66.52,189.45,1,-1,-1,-1
178,124,1036.26,493.45,44.49,123.39,1,-1,-1,-1
178,122,834.72,464.81,41.66,104.44,1,-1,-1,-1
178,120,1399.43,482.48,54.67,129.68,1,-1,-1,-1
178,116,326.78,736.39,74.75,206.52,1,-1,-1,-1
178,114,856.03,515.49,55.39,128.35,1,-1,-1,-1
177,114,853.86,517.17,57.57,127.42,1,-1,-1,-1
176,114,852.86,518.87,55.22,127.14,1,-1,-1,-1
178,111,559.08,717.44,74.56,200.60,1,-1,-1,-1
178,108,1138.30,619.59,59.38,184.35,1,-1,-1,-1
178,107,1589.59,635.60,67.72,196.45,1,-1,-1,-1
178,105,945.02,637.79,56.90,157.61,1,-1,-1,-1
178,104,1013.51,528.49,52.63,129.80,1,-1,-1,-1
177,104,1013.88,528.98,52.84,130.60,1,-1,-1,-1
176,104,1012.74,526.61,54.35,135.46,1,-1,-1,-1
178,103,776.86,507.89,44.65,129.42,1,-1,-1,-1
178,100,1106.22,447.53,39.47,116.60,1,-1,-1,-1
178,97,965.00,510.90,47.71,118.45,1,-1,-1,-1
178,92,1464.03,625.93,52.05,157.40,1,-1,-1,-1
178,87,947.08,486.84,38.85,104.83,1,-1,-1,-1
178,86,1515.01,645.69,56.27,170.77,1,-1,-1,-1
178,78,471.59,701.34,89.74,231.14,1,-1,-1,-1
178,73,1132.45,547.55,66.05,143.07,1,-1,-1,-1
178,71,820.86,615.50,78.62,177.42,1,-1,-1,-1
178,69,806.67,493.34,40.36,113.39,1,-1,-1,-1
178,62,1527.55,667.32,80.95,216.68,1,-1,-1,-1
178,58,1188.90,568.51,49.56,137.98,1,-1,-1,-1
178,51,1591.05,673.18,79.75,210.68,1,-1,-1,-1
178,42,1164.06,677.23,81.33,212.43,1,-1,-1,-1
178,38,1756.32,713.23,86.95,203.38,1,-1,-1,-1
178,37,1249.08,599.66,63.47,171.06,1,-1,-1,-1
178,34,1499.27,511.03,49.32,118.91,1,-1,-1,-1
178,33,1666.58,694.03,87.78,226.36,1,-1,-1,-1
178,28,914.80,551.28,60.97,156.82,1,-1,-1,-1
178,27,536.70,751.66,95.99,231.31,1,-1,-1,-1
178,21,200.00,880.74,116.86,199.26,1,-1,-1,-1
178,16,1240.91,692.97,67.62,202.37,1,-1,-1,-1
178,15,866.85,560.76,61.26,154.38,1,-1,-1,-1
178,14,1477.39,667.82,52.54,155.44,1,-1,-1,-1
178,8,1004.74,609.99,65.82,189.32,1,-1,-1,-1
179,124,1037.49,491.25,44.59,126.73,1,-1,-1,-1
179,122,836.18,462.65,42.29,105.69,1,-1,-1,-1
179,116,329.01,736.61,75.64,203.86,1,-1,-1,-1
179,114,856.64,515.23,52.92,127.53,1,-1,-1,-1
179,108,1138.69,616.82,61.00,186.84,1,-1,-1,-1
179,107,1588.36,633.91,64.33,181.83,1,-1,-1,-1
179,105,947.25,635.23,55.88,167.69,1,-1,-1,-1
179,104,1018.73,528.96,51.82,130.49,1,-1,-1,-1
179,103,777.71,506.54,45.30,129.58,1,-1,-1,-1
179,100,1106.07,447.12,39.89,119.04,1,-1,-1,-1
179,97,963.76,512.88,47.40,117.88,1,-1,-1,-1
179,87,949.67,486.82,36.80,102.56,1,-1,-1,-1
179,86,1514.92,647.83,55.54,172.29,1,-1,-1,-1
179,78,473.51,702.68,89.68,229.32,1,-1,-1,-1
179,73,1134.57,547.31,66.43,144.15,1,-1,-1,-1
179,71,817.59,617.30,81.49,176.34,1,-1,-1,-1
179,69,807.35,493.39,41.80,113.62,1,-1,-1,-1
179,62,1527.94,666.34,80.59,215.69,1,-1,-1,-1
179,58,1189.83,567.78,52.27,145.12,1,-1,-1,-1
179,51,1589.95,676.00,77.09,202.97,1,-1,-1,-1
179,50,1458.92,621.90,56.80,181.60,1,-1,-1,-1
178,50,1460.29,625.62,56.16,176.72,1,-1,-1,-1
177,50,1459.79,626.57,56.38,173.43,1,-1,-1,-1
179,42,1165.51,675.47,83.92,216.26,1,-1,-1,-1
179,38,1751.92,709.58,81.17,199.47,1,-1,-1,-1
179,37,1251.75,601.29,59.43,162.76,1,-1,-1,-1
179,34,1498.77,509.85,49.94,118.57,1,-1,-1,-1
179,33,1667.19,696.03,82.29,222.26,1,-1,-1,-1
179,30,1543.57,611.91,61.79,161.15,1,-1,-1,-1
178,30,1539.72,611.26,59.37,163.14,1,-1,-1,-1
177,30,1537.98,610.40,58.48,164.96,1,-1,-1,-1
179,28,911.00,549.12,61.08,152.11,1,-1,-1,-1
179,27,540.37,751.61,93.98,229.63,1,-1,-1,-1
179,21,199.12,880.94,113.38,199.06,1,-1,-1,-1
179,16,1243.82,699.70,68.36,193.99,1,-1,-1,-1
179,15,868.72,560.19,62.19,153.02,1,-1,-1,-1
179,14,1477.82,666.65,52.10,156.23,1,-1,-1,-1
179,8,1008.99,608.06,65.26,195.67,1,-1,-1,-1
180,126,787.52,448.89,38.21,94.70,1,-1,-1,-1
179,126,784.40,449.40,35.45,89.27,1,-1,-1,-1
178,126,782.13,448.40,34.61,87.13,1,-1,-1,-1
180,124,1038.12,491.54,44.03,125.58,1,-1,-1,-1
180,122,836.13,462.25,42.09,105.59,1,-1,-1,-1
180,116,331.05,735.61,77.38,205.49,1,-1,-1,-1
180,114,856.96,513.14,53.00,130.16,1,-1,-1,-1
180,108,1137.53,618.75,59.78,188.48,1,-1,-1,-1
180,105,947.92,635.47,55.67,164.49,1,-1,-1,-1
180,104,1021.15,528.70,50.54,131.97,1,-1,-1,-1
180,103,777.89,509.48,46.43,126.98,1,-1,-1,-1
180,100,1106.82,449.87,39.24,116.32,1,-1,-1,-1
180,97,963.68,512.24,47.62,119.14,1,-1,-1,-1
180,86,1515.77,646.82,56.14,171.86,1,-1,-1,-1
180,78,473.25,699.25,92.06,232.57,1,-1,-1,-1
180,73,1137.81,548.88,65.09,143.58,1,-1,-1,-1
180,71,816.10,617.48,80.30,173.02,1,-1,-1,-1
180,69,807.36,493.72,42.33,113.18,1,-1,-1,-1
180,62,1528.39,665.24,78.81,217.30,1,-1,-1,-1
180,58,1193.46,567.82,49.13,140.37,1,-1,-1,-1
180,51,1588.25,675.59,77.83,202.37,1,-1,-1,-1
180,50,1458.67,621.15,55.76,178.40,1,-1,-1,-1
180,42,1169.58,674.62,80.25,214.91,1,-1,-1,-1
180,38,1749.41,708.50,73.95,198.63,1,-1,-1,-1
180,37,1251.95,599.80,58.48,166.12,1,-1,-1,-1
180,35,994.36,495.60,39.32,109.24,1,-1,-1,-1
179,35,998.17,503.25,41.84,113.62,1,-1,-1,-1
178,35,993.20,499.05,37.39,106.21,1,-1,-1,-1
180,34,1501.72,509.37,47.68,120.12,1,-1,-1,-1
180,33,1660.91,693.53,86.49,223.81,1,-1,-1,-1
180,30,1548.34,612.81,58.11,163.99,1,-1,-1,-1
180,28,908.30,548.67,62.63,151.74,1,-1,-1,-1
180,27,539.17,750.04,95.52,228.91,1,-1,-1,-1
180,21,198.93,880.84,112.63,199.16,1,-1,-1,-1
180,16,1244.65,701.97,71.30,190.78,1,-1,-1,-1
180,15,868.94,559.20,60.83,150.66,1,-1,-1,-1
180,14,1478.98,666.47,52.03,156.31,1,-1,-1,-1
180,8,1011.64,607.69,64.59,195.03,1,-1,-1,-1
181,126,790.01,452.24,37.67,92.29,1,-1,-1,-1
181,122,837.22,465.19,43.40,105.99,1,-1,-1,-1
181,116,331.94,734.12,79.93,204.48,1,-1,-1,-1
181,114,857.90,513.28,52.41,128.55,1,-1,-1,-1
181,113,1639.39,659.26,62.27,180.05,1,-1,-1,-1
180,113,1642.85,648.62,58.66,181.80,1,-1,-1,-1
179,113,1642.73,648.71,57.58,177.61,1,-1,-1,-1
181,108,1135.25,620.80,61.78,187.41,1,-1,-1,-1
181,105,948.94,640.22,59.12,165.22,1,-1,-1,-1
181,104,1017.74,530.00,54.51,135.96,1,-1,-1,-1
181,103,778.85,509.02,45.18,128.60,1,-1,-1,-1
181,100,1106.88,447.51,39.53,118.47,1,-1,-1,-1
181,97,964.59,518.47,47.58,116.16,1,-1,-1,-1
181,86,1513.06,646.55,53.20,160.81,1,-1,-1,-1
181,81,1082.39,538.46,44.86,130.96,1,-1,-1,-1
180,81,1081.16,537.94,46.23,131.96,1,-1,-1,-1
179,81,1080.63,537.41,46.55,132.99,1,-1,-1,-1
181,78,476.02,699.25,91.27,231.10,1,-1,-1,-1
181,73,1142.26,552.80,63.21,142.51,1,-1,-1,-1
181,71,813.81,619.28,77.54,173.27,1,-1,-1,-1
181,69,807.25,497.82,40.99,111.15,1,-1,-1,-1
181,62,1528.78,664.82,79.09,216.24,1,-1,-1,-1
181,60,1253.60,567.67,50.86,137.33,1,-1,-1,-1
180,60,1253.50,566.85,50.01,135.92,1,-1,-1,-1
179,60,1253.14,566.78,49.65,132.20,1,-1,-1,-1
181,58,1192.98,565.24,51.10,140.66,1,-1,-1,-1
181,51,1586.55,676.01,79.76,202.95,1,-1,-1,-1
181,42,1170.06,674.48,80.31,214.20,1,-1,-1,-1
181,38,1746.41,705.60,71.20,203.65,1,-1,-1,-1
181,37,1253.78,599.62,57.36,168.59,1,-1,-1,-1
181,35,995.61,492.21,41.16,108.34,1,-1,-1,-1
181,34,1500.48,509.13,48.86,120.58,1,-1,-1,-1
181,33,1645.52,693.29,98.99,224.79,1,-1,-1,-1
181,30,1553.27,614.80,53.48,151.50,1,-1,-1,-1
181,28,903.07,550.48,66.02,152.53,1,-1,-1,-1
181,27,540.61,750.85,94.56,226.58,1,-1,-1,-1
181,21,194.21,879.79,117.93,200.21,1,-1,-1,-1
181,16,1244.44,703.48,71.29,188.80,1,-1,-1,-1
181,15,870.57,560.26,59.97,152.69,1,-1,-1,-1
181,14,1476.78,667.10,53.91,159.18,1,-1,-1,-1
181,8,1013.18,608.71,66.02,198.68,1,-1,-1,-1
182,126,791.75,453.57,36.39,89.31,1,-1,-1,-1
182,122,837.03,464.27,44.32,107.04,1,-1,-1,-1
182,120,1406.50,482.76,47.47,114.94,1,-1,-1,-1
181,120,1402.69,482.65,53.44,128.89,1,-1,-1,-1
180,120,1401.95,482.47,54.01,130.89,1,-1,-1,-1
182,116,333.35,733.79,83.15,206.33,1,-1,-1,-1
182,114,858.19,512.62,52.55,128.14,1,-1,-1,-1
182,113,1643.71,657.20,62.40,176.63,1,-1,-1,-1
182,108,1131.97,620.08,64.34,192.48,1,-1,-1,-1
182,105,950.19,640.60,58.71,165.67,1,-1,-1,-1
182,104,1018.21,529.47,54.44,136.79,1,-1,-1,-1
182,103,778.38,508.04,45.14,129.34,1,-1,-1,-1
182,100,1106.51,446.92,39.75,119.82,1,-1,-1,-1
182,97,964.58,519.05,48.10,117.80,1,-1,-1,-1
182,91,1041.48,492.24,45.40,113.95,1,-1,-1,-1
181,91,1040.84,490.64,45.02,113.30,1,-1,-1,-1
180,91,1040.36,491.18,42.77,111.16,1,-1,-1,-1
182,86,1512.77,644.59,56.36,166.24,1,-1,-1,-1
182,81,1080.74,539.59,47.38,134.89,1,-1,-1,-1
182,78,476.18,697.80,92.74,231.92,1,-1,-1,-1
182,73,1146.16,553.80,60.00,138.03,1,-1,-1,-1
182,71,809.19,621.69,80.78,170.38,1,-1,-1,-1
182,69,806.28,497.62,42.60,112.32,1,-1,-1,-1
182,62,1529.82,665.26,79.59,217.74,1,-1,-1,-1
182,60,1253.64,567.59,50.71,135.38,1,-1,-1,-1
182,58,1192.49,567.09,52.32,138.20,1,-1,-1,-1
182,51,1589.98,672.54,76.85,205.38,1,-1,-1,-1
182,42,1170.04,671.36,79.59,216.98,1,-1,-1,-1
182,38,1745.94,705.12,66.47,205.32,1,-1,-1,-1
182,37,1252.71,600.51,58.56,168.21,1,-1,-1,-1
182,35,991.99,491.36,40.87,112.06,1,-1,-1,-1
182,34,1500.38,509.66,48.88,119.51,1,-1,-1,-1
182,33,1637.19,691.61,105.18,225.66,1,-1,-1,-1
182,28,898.66,549.96,67.25,156.14,1,-1,-1,-1
182,27,541.26,750.67,94.93,229.33,1,-1,-1,-1
182,21,195.29,881.40,117.04,198.60,1,-1,-1,-1
182,16,1244.47,699.87,71.83,195.94,1,-1,-1,-1
182,15,870.63,556.90,61.49,160.09,1,-1,-1,-1
182,14,1476.13,666.55,54.68,160.41,1,-1,-1,-1
182,8,1014.10,612.41,66.90,192.55,1,-1,-1,-1
183,122,839.68,464.62,41.31,107.30,1,-1,-1,-1
183,116,334.76,731.88,87.41,209.28,1,-1,-1,-1
183,114,859.39,513.55,50.65,128.04,1,-1,-1,-1
183,113,1643.88,661.61,62.76,183.71,1,-1,-1,-1
183,108,1131.35,624.60,63.88,182.98,1,-1,-1,-1
183,104,1018.15,529.57,54.29,135.06,1,-1,-1,-1
183,103,778.31,509.21,45.30,129.29,1,-1,-1,-1
183,100,1107.05,449.67,39.14,116.23,1,-1,-1,-1
183,97,966.63,521.08,46.40,115.62,1,-1,-1,-1
183,91,1041.15,492.55,45.39,112.57,1,-1,-1,-1
183,87,952.79,485.12,39.43,109.10,1,-1,-1,-1
182,87,950.35,483.46,40.83,109.62,1,-1,-1,-1
181,87,950.60,483.97,37.65,103.92,1,-1,-1,-1
183,86,1512.94,646.01,56.69,173.31,1,-1,-1,-1
183,81,1082.20,541.24,46.77,131.45,1,-1,-1,-1
183,78,485.64,695.98,83.49,229.43,1,-1,-1,-1
183,73,1152.75,554.75,56.78,140.52,1,-1,-1,-1
183,71,807.92,622.76,75.65,164.92,1,-1,-1,-1
183,69,804.72,492.55,41.45,117.04,1,-1,-1,-1
183,62,1529.27,664.62,78.39,218.52,1,-1,-1,-1
183,60,1254.16,567.26,49.76,136.83,1,-1,-1,-1
183,58,1197.69,565.92,47.73,134.18,1,-1,-1,-1
183,51,1587.47,666.01,73.01,211.12,1,-1,-1,-1
183,42,1171.66,671.84,79.36,215.20,1,-1,-1,-1
183,38,1742.60,706.16,62.21,200.43,1,-1,-1,-1
183,37,1252.53,602.01,57.48,167.56,1,-1,-1,-1
183,34,1500.70,509.57,48.73,119.89,1,-1,-1,-1
183,33,1628.99,693.93,109.06,221.67,1,-1,-1,-1
183,27,542.39,749.18,94.69,228.36,1,-1,-1,-1
183,21,193.45,881.24,116.08,198.76,1,-1,-1,-1
183,16,1245.13,668.53,75.63,228.84,1,-1,-1,-1
183,15,872.48,556.21,60.89,160.33,1,-1,-1,-1
183,14,1475.15,667.48,55.38,160.91,1,-1,-1,-1
183,13,1081.69,614.59,61.58,199.91,1,-1,-1,-1
182,13,1080.66,611.80,63.09,203.25,1,-1,-1,-1
181,13,1081.10,611.81,63.29,201.05,1,-1,-1,-1
183,8,1015.84,612.23,65.91,193.17,1,-1,-1,-1
184,124,1040.15,497.07,46.63,123.88,1,-1,-1,-1
183,124,1039.54,495.11,45.45,127.32,1,-1,-1,-1
182,124,1038.97,493.57,46.28,127.33,1,-1,-1,-1
184,122,843.39,460.99,42.22,110.39,1,-1,-1,-1
184,116,336.43,730.93,88.28,207.54,1,-1,-1,-1
184,115,1566.75,614.95,55.82,163.98,1,-1,-1,-1
183,115,1561.95,615.11,54.00,157.63,1,-1,-1,-1
182,115,1560.79,615.28,53.00,149.92,1,-1,-1,-1
184,114,858.66,515.47,51.26,125.69,1,-1,-1,-1
184,113,1648.44,659.04,74.67,189.06,1,-1,-1,-1
184,108,1125.02,627.19,70.23,185.01,1,-1,-1,-1
184,107,1606.30,644.43,62.14,201.74,1,-1,-1,-1
183,107,1610.05,644.48,58.63,185.65,1,-1,-1,-1
182,107,1606.50,638.17,59.75,169.06,1,-1,-1,-1
184,104,1019.33,530.47,52.13,131.11,1,-1,-1,-1
184,103,778.47,507.23,45.00,130.89,1,-1,-1,-1
184,100,1107.02,450.80,39.21,115.75,1,-1,-1,-1
184,97,966.16,520.35,47.76,117.60,1,-1,-1,-1
184,87,952.21,484.74,40.94,112.54,1,-1,-1,-1
184,86,1511.65,645.92,55.98,172.43,1,-1,-1,-1
184,81,1081.94,540.55,47.10,133.03,1,-1,-1,-1
184,78,486.44,694.87,83.00,228.10,1,-1,-1,-1
184,73,1149.23,554.42,61.39,145.89,1,-1,-1,-1
184,71,800.34,624.04,78.95,162.15,1,-1,-1,-1
184,69,805.73,493.72,40.68,114.90,1,-1,-1,-1
184,62,1531.71,664.64,76.41,218.76,1,-1,-1,-1
184,58,1198.29,566.71,49.36,139.96,1,-1,-1,-1
184,51,1585.99,667.21,71.24,208.89,1,-1,-1,-1
184,42,1172.06,677.26,80.52,210.81,1,-1,-1,-1
184,38,1735.15,704.34,66.18,202.75,1,-1,-1,-1
184,37,1253.14,602.56,58.08,170.70,1,-1,-1,-1
184,34,1500.82,509.56,48.54,119.56,1,-1,-1,-1
184,33,1621.14,696.68,117.70,219.29,1,-1,-1,-1
184,27,543.61,748.95,95.32,227.58,1,-1,-1,-1
184,21,189.53,884.39,120.66,195.61,1,-1,-1,-1
184,16,1244.70,686.68,87.28,212.68,1,-1,-1,-1
184,15,872.00,555.56,60.66,171.93,1,-1,-1,-1
184,14,1474.46,668.19,55.75,160.05,1,-1,-1,-1
184,13,1081.06,614.72,60.87,201.26,1,-1,-1,-1
184,11,1271.17,659.21,63.94,191.55,1,-1,-1,-1
183,11,1273.44,659.04,56.59,165.40,1,-1,-1,-1
182,11,1270.10,656.79,56.27,161.75,1,-1,-1,-1
184,10,559.71,713.40,80.04,221.15,1,-1,-1,-1
183,10,561.29,712.85,78.04,222.71,1,-1,-1,-1
182,10,559.92,715.79,77.47,217.60,1,-1,-1,-1
184,8,1017.46,608.13,66.92,199.89,1,-1,-1,-1
185,124,1040.71,500.41,47.44,125.00,1,-1,-1,-1
185,122,844.28,464.53,42.00,106.96,1,-1,-1,-1
185,116,337.85,728.13,91.57,210.99,1,-1,-1,-1
185,115,1565.97,615.84,64.13,180.03,1,-1,-1,-1
185,114,858.79,517.74,51.38,121.14,1,-1,-1,-1
185,113,1652.42,647.82,75.28,192.46,1,-1,-1,-1
185,108,1125.39,620.97,74.07,198.92,1,-1,-1,-1
185,107,1602.55,643.75,69.95,211.24,1,-1,-1,-1
185,104,1020.80,530.13,51.55,127.76,1,-1,-1,-1
185,103,780.01,508.86,44.41,129.27,1,-1,-1,-1
185,100,1107.23,448.93,39.34,117.72,1,-1,-1,-1
185,97,966.06,519.93,47.28,117.13,1,-1,-1,-1
185,90,833.70,598.72,59.24,146.41,1,-1,-1,-1
184,90,837.17,600.00,56.65,140.22,1,-1,-1,-1
183,90,835.48,600.22,60.84,153.20,1,-1,-1,-1
185,87,953.48,484.31,39.52,109.15,1,-1,-1,-1
185,86,1510.44,643.38,58.89,176.50,1,-1,-1,-1
185,83,863.21,517.17,48.59,112.13,1,-1,-1,-1
184,83,862.00,516.57,50.80,119.27,1,-1,-1,-1
183,83,863.02,515.06,49.93,119.64,1,-1,-1,-1
185,81,1082.28,541.90,46.12,127.10,1,-1,-1,-1
185,78,487.18,694.23,84.36,228.42,1,-1,-1,-1
185,73,1146.77,554.55,65.48,149.78,1,-1,-1,-1
185,71,796.81,622.45,83.79,161.90,1,-1,-1,-1
185,69,805.61,496.35,40.48,112.30,1,-1,-1,-1
185,62,1533.23,662.70,76.21,221.36,1,-1,-1,-1
185,51,1582.59,664.27,73.53,211.37,1,-1,-1,-1
185,42,1175.47,679.16,77.54,209.09,1,-1,-1,-1
185,38,1730.26,704.81,70.22,201.93,1,-1,-1,-1
185,37,1251.95,601.69,59.55,178.76,1,-1,-1,-1
185,34,1499.60,508.63,50.28,121.77,1,-1,-1,-1
185,33,1619.39,692.67,118.10,223.40,1,-1,-1,-1
185,27,545.45,751.24,97.29,223.89,1,-1,-1,-1
185,21,187.23,888.53,122.74,191.47,1,-1,-1,-1
185,16,1249.96,698.20,85.33,201.23,1,-1,-1,-1
185,15,873.31,557.05,63.35,166.89,1,-1,-1,-1
185,14,1473.08,665.87,56.27,160.72,1,-1,-1,-1
185,13,1078.41,611.25,65.98,206.35,1,-1,-1,-1
185,10,559.84,711.53,81.65,221.30,1,-1,-1,-1
185,8,1019.59,609.26,66.73,199.77,1,-1,-1,-1
186,124,1041.61,500.07,46.68,126.35,1,-1,-1,-1
186,122,845.96,463.98,41.50,105.87,1,-1,-1,-1
186,120,1410.28,482.09,43.79,109.91,1,-1,-1,-1
185,120,1408.47,482.37,45.82,114.31,1,-1,-1,-1
184,120,1406.98,482.44,47.63,116.90,1,-1,-1,-1
186,116,337.67,724.66,97.18,239.28,1,-1,-1,-1
186,115,1570.44,616.91,60.32,163.08,1,-1,-1,-1
186,114,860.28,517.16,48.47,119.25,1,-1,-1,-1
186,108,1124.44,619.50,74.17,204.97,1,-1,-1,-1
186,107,1604.40,646.15,72.07,212.67,1,-1,-1,-1
186,104,1020.52,531.16,51.53,125.78,1,-1,-1,-1
186,103,779.90,510.36,43.35,129.05,1,-1,-1,-1
186,100,1107.34,448.47,39.49,117.51,1,-1,-1,-1
186,97,966.43,520.37,47.99,116.58,1,-1,-1,-1
186,90,835.77,597.06,59.69,160.58,1,-1,-1,-1
186,86,1511.15,643.37,58.56,175.66,1,-1,-1,-1
186,83,865.39,518.87,43.54,102.86,1,-1,-1,-1
186,81,1082.81,541.41,46.99,127.19,1,-1,-1,-1
186,78,487.29,694.27,84.98,225.93,1,-1,-1,-1
186,73,1151.89,554.22,61.67,148.01,1,-1,-1,-1
186,71,788.36,622.90,88.46,162.19,1,-1,-1,-1
186,69,806.05,498.54,40.52,110.05,1,-1,-1,-1
186,62,1533.33,664.58,74.63,216.75,1,-1,-1,-1
186,51,1583.34,662.89,71.74,210.67,1,-1,-1,-1
186,42,1177.32,676.33,77.30,209.09,1,-1,-1,-1
186,38,1707.69,705.46,91.79,203.52,1,-1,-1,-1
186,37,1253.00,602.80,56.06,174.10,1,-1,-1,-1
186,34,1500.87,511.06,49.60,118.25,1,-1,-1,-1
186,33,1622.54,691.45,108.79,220.93,1,-1,-1,-1
186,27,546.24,751.02,97.08,223.55,1,-1,-1,-1
186,21,186.66,888.79,121.39,191.21,1,-1,-1,-1
186,16,1248.84,699.37,88.91,199.80,1,-1,-1,-1
186,15,873.38,557.20,65.70,168.53,1,-1,-1,-1
186,14,1471.90,666.44,56.73,162.80,1,-1,-1,-1
186,13,1078.39,612.51,66.63,203.60,1,-1,-1,-1
186,10,559.34,711.51,83.79,223.77,1,-1,-1,-1
186,8,1022.86,611.72,66.84,197.48,1,-1,-1,-1
187,124,1044.39,499.12,46.70,126.14,1,-1,-1,-1
187,122,845.98,465.51,42.85,105.68,1,-1,-1,-1
187,120,1409.49,481.00,45.49,108.93,1,-1,-1,-1
187,116,338.70,723.76,96.86,238.45,1,-1,-1,-1
187,115,1574.67,613.95,63.74,174.31,1,-1,-1,-1
187,114,858.90,518.25,49.29,121.39,1,-1,-1,-1
187,108,1125.44,617.98,71.64,204.32,1,-1,-1,-1
187,107,1610.54,645.24,64.78,202.37,1,-1,-1,-1
187,105,956.85,642.46,54.69,167.41,1,-1,-1,-1
186,105,956.03,639.79,55.06,170.23,1,-1,-1,-1
185,105,951.80,639.52,59.61,169.84,1,-1,-1,-1
187,104,1019.29,530.27,52.23,125.34,1,-1,-1,-1
187,103,780.49,510.55,43.87,128.88,1,-1,-1,-1
187,100,1107.33,447.08,40.20,118.81,1,-1,-1,-1
187,97,966.89,517.86,50.96,120.41,1,-1,-1,-1
187,90,833.83,594.81,62.35,164.15,1,-1,-1,-1
187,86,1510.92,639.33,60.61,177.22,1,-1,-1,-1
187,83,864.48,515.87,45.10,107.93,1,-1,-1,-1
187,81,1084.93,539.18,50.79,137.51,1,-1,-1,-1
187,78,485.57,692.41,91.67,226.17,1,-1,-1,-1
187,73,1153.94,552.56,61.10,148.07,1,-1,-1,-1
187,71,788.32,623.97,82.82,160.77,1,-1,-1,-1
187,69,807.94,500.62,40.38,109.71,1,-1,-1,-1
187,62,1536.91,664.95,75.49,213.19,1,-1,-1,-1
187,51,1584.36,668.34,69.88,203.12,1,-1,-1,-1
187,42,1179.44,677.51,77.71,207.85,1,-1,-1,-1
187,38,1702.86,705.06,97.54,205.20,1,-1,-1,-1
187,37,1253.04,601.45,57.47,177.43,1,-1,-1,-1
187,34,1501.44,512.11,49.59,115.04,1,-1,-1,-1
187,33,1618.49,695.44,104.41,216.29,1,-1,-1,-1
187,27,549.72,747.15,99.00,226.46,1,-1,-1,-1
187,21,181.56,892.36,127.59,187.64,1,-1,-1,-1
187,16,1246.71,692.17,88.64,204.86,1,-1,-1,-1
187,15,874.67,559.38,63.94,171.52,1,-1,-1,-1
187,14,1470.21,662.79,58.29,164.37,1,-1,-1,-1
187,13,1079.43,612.68,65.19,202.44,1,-1,-1,-1
187,10,563.02,706.79,81.24,205.10,1,-1,-1,-1
187,8,1026.82,611.99,65.34,197.79,1,-1,-1,-1
188,124,1045.90,498.58,45.28,124.06,1,-1,-1,-1
188,122,846.81,467.46,42.05,103.18,1,-1,-1,-1
188,120,1410.38,480.59,44.39,105.64,1,-1,-1,-1
188,116,339.59,724.55,94.37,228.67,1,-1,-1,-1
188,115,1575.32,611.41,66.70,178.77,1,-1,-1,-1
188,114,858.06,521.54,48.04,118.79,1,-1,-1,-1
188,107,1610.51,644.10,63.23,201.83,1,-1,-1,-1
188,105,958.03,643.36,54.37,164.31,1,-1,-1,-1
188,104,1018.60,528.83,52.27,124.72,1,-1,-1,-1
188,103,780.53,510.66,43.00,127.97,1,-1,-1,-1
188,100,1107.56,450.95,39.47,114.34,1,-1,-1,-1
188,97,967.37,517.24,49.80,118.76,1,-1,-1,-1
188,90,834.52,597.02,61.51,158.05,1,-1,-1,-1
188,86,1510.66,638.87,62.39,179.52,1,-1,-1,-1
188,83,865.09,518.09,44.01,105.83,1,-1,-1,-1
188,81,1087.66,540.05,49.47,134.73,1,-1,-1,-1
188,78,487.30,692.65,90.32,224.16,1,-1,-1,-1
188,73,1158.90,552.42,59.40,147.52,1,-1,-1,-1
188,71,787.07,622.05,80.77,161.42,1,-1,-1,-1
188,69,807.66,500.14,40.19,110.25,1,-1,-1,-1
188,62,1538.58,663.81,72.72,214.34,1,-1,-1,-1
188,58,1200.28,568.23,51.30,142.62,1,-1,-1,-1
187,58,1198.99,567.64,51.01,140.09,1,-1,-1,-1
186,58,1197.15,567.83,51.67,143.44,1,-1,-1,-1
188,51,1583.26,665.64,69.03,205.76,1,-1,-1,-1
188,42,1181.16,678.88,77.17,205.26,1,-1,-1,-1
188,38,1705.08,706.49,94.66,198.85,1,-1,-1,-1
188,37,1250.06,600.13,59.78,181.69,1,-1,-1,-1
188,34,1500.58,510.42,49.89,115.70,1,-1,-1,-1
188,33,1612.97,697.10,101.62,213.04,1,-1,-1,-1
188,27,553.95,743.91,98.89,226.30,1,-1,-1,-1
188,21,178.27,893.90,130.19,186.10,1,-1,-1,-1
188,16,1249.64,699.36,87.48,195.59,1,-1,-1,-1
188,15,875.58,561.67,63.41,163.62,1,-1,-1,-1
188,14,1469.68,659.96,59.10,169.23,1,-1,-1,-1
188,13,1078.23,614.89,62.36,203.63,1,-1,-1,-1
188,10,562.83,706.33,84.19,208.26,1,-1,-1,-1
189,124,1043.33,497.73,47.31,129.83,1,-1,-1,-1
189,122,847.12,462.87,47.49,111.53,1,-1,-1,-1
189,116,341.00,723.75,94.06,202.88,1,-1,-1,-1
189,115,1575.69,609.23,67.09,182.25,1,-1,-1,-1
189,114,857.71,516.01,51.95,125.15,1,-1,-1,-1
189,113,1658.18,644.81,67.20,184.54,1,-1,-1,-1
188,113,1658.37,646.20,69.36,187.05,1,-1,-1,-1
187,113,1659.70,646.79,69.73,183.99,1,-1,-1,-1
189,107,1609.12,641.31,67.02,199.95,1,-1,-1,-1
189,105,959.16,643.30,53.99,161.77,1,-1,-1,-1
189,104,1016.15,530.44,54.31,123.74,1,-1,-1,-1
189,103,779.87,501.31,49.22,133.47,1,-1,-1,-1
189,97,966.31,514.31,48.78,119.36,1,-1,-1,-1
189,90,833.76,589.84,60.42,178.61,1,-1,-1,-1
189,86,1510.74,637.12,61.23,178.45,1,-1,-1,-1
189,81,1088.84,541.38,51.27,137.40,1,-1,-1,-1
189,78,487.39,688.06,95.95,229.70,1,-1,-1,-1
189,73,1156.31,550.24,64.98,157.25,1,-1,-1,-1
189,71,783.35,619.61,80.88,163.25,1,-1,-1,-1
189,69,804.58,496.30,42.95,115.47,1,-1,-1,-1
189,62,1538.49,662.29,73.15,214.59,1,-1,-1,-1
189,58,1199.82,568.85,54.55,146.35,1,-1,-1,-1
189,51,1577.67,662.20,71.89,210.08,1,-1,-1,-1
189,42,1182.48,676.83,78.27,207.23,1,-1,-1,-1
189,38,1702.58,701.75,91.23,199.12,1,-1,-1,-1
189,37,1245.96,599.57,63.09,193.68,1,-1,-1,-1
189,34,1500.44,506.52,49.91,122.79,1,-1,-1,-1
189,33,1615.78,689.43,92.76,217.39,1,-1,-1,-1
189,27,555.62,741.19,98.82,226.09,1,-1,-1,-1
189,21,175.88,896.61,132.89,183.39,1,-1,-1,-1
189,16,1244.78,702.91,94.45,190.37,1,-1,-1,-1
189,15,874.26,558.91,65.76,166.66,1,-1,-1,-1
189,14,1468.20,660.42,59.93,163.51,1,-1,-1,-1
189,13,1075.45,612.36,63.33,203.18,1,-1,-1,-1
190,124,1041.69,497.99,48.20,133.53,1,-1,-1,-1
190,122,848.49,462.46,47.20,112.24,1,-1,-1,-1
190,116,340.90,723.49,92.37,202.64,1,-1,-1,-1
190,114,855.63,519.41,56.05,127.64,1,-1,-1,-1
190,113,1658.76,647.97,59.69,178.53,1,-1,-1,-1
190,107,1608.66,641.39,64.48,198.75,1,-1,-1,-1
190,105,958.18,642.74,54.48,161.53,1,-1,-1,-1
190,104,1016.03,533.29,56.06,121.07,1,-1,-1,-1
190,103,777.70,504.08,50.38,133.49,1,-1,-1,-1
190,97,963.66,514.74,49.78,120.68,1,-1,-1,-1
190,90,832.23,590.68,60.82,182.99,1,-1,-1,-1
190,86,1509.93,637.71,60.89,181.45,1,-1,-1,-1
190,81,1087.66,542.55,53.37,136.22,1,-1,-1,-1
190,78,488.50,687.78,94.06,229.89,1,-1,-1,-1
190,73,1157.37,551.22,63.81,166.83,1,-1,-1,-1
190,71,781.38,619.05,79.85,161.50,1,-1,-1,-1
190,69,802.75,495.98,45.50,116.26,1,-1,-1,-1
190,62,1538.50,662.35,71.95,215.55,1,-1,-1,-1
190,58,1200.82,568.82,54.40,147.51,1,-1,-1,-1
190,51,1578.51,659.14,68.29,205.24,1,-1,-1,-1
190,42,1182.89,670.39,80.08,214.03,1,-1,-1,-1
190,38,1699.81,700.51,90.26,199.79,1,-1,-1,-1
190,37,1246.24,596.11,62.78,193.22,1,-1,-1,-1
190,34,1500.30,507.20,49.86,120.94,1,-1,-1,-1
190,33,1610.95,683.16,89.05,223.64,1,-1,-1,-1
190,27,559.73,742.55,94.53,223.73,1,-1,-1,-1
190,21,169.84,896.42,137.26,183.58,1,-1,-1,-1
190,16,1249.12,699.30,90.19,193.84,1,-1,-1,-1
190,15,872.79,560.31,68.29,170.11,1,-1,-1,-1
190,14,1467.31,659.30,57.77,163.26,1,-1,-1,-1
190,13,1075.34,616.10,63.23,203.23,1,-1,-1,-1
190,11,1284.42,659.84,75.69,203.97,1,-1,-1,-1
189,11,1281.23,658.03,77.83,197.43,1,-1,-1,-1
188,11,1285.16,659.96,69.37,171.41,1,-1,-1,-1
191,124,1043.00,496.07,51.06,138.25,1,-1,-1,-1
191,122,852.27,462.16,47.57,111.38,1,-1,-1,-1
191,116,344.26,725.87,89.04,211.18,1,-1,-1,-1
191,113,1660.20,660.58,64.79,168.76,1,-1,-1,-1
191,110,923.15,497.37,48.00,124.24,1,-1,-1,-1
190,110,921.48,499.08,47.54,123.73,1,-1,-1,-1
189,110,924.13,499.45,46.42,121.63,1,-1,-1,-1
191,108,1113.13,623.65,73.74,207.97,1,-1,-1,-1
190,108,1114.31,623.67,71.79,204.29,1,-1,-1,-1
189,108,1114.68,623.31,73.63,202.24,1,-1,-1,-1
191,107,1612.56,639.99,67.49,200.37,1,-1,-1,-1
191,105,960.85,644.52,54.66,160.99,1,-1,-1,-1
191,104,1013.86,528.91,61.18,128.06,1,-1,-1,-1
191,103,780.73,503.72,50.83,134.19,1,-1,-1,-1
191,97,964.12,510.66,52.89,126.13,1,-1,-1,-1
191,90,835.19,589.26,61.09,186.42,1,-1,-1,-1
191,86,1511.29,640.75,63.58,182.62,1,-1,-1,-1
191,81,1090.14,542.74,55.29,143.01,1,-1,-1,-1
191,78,491.22,688.40,95.55,229.22,1,-1,-1,-1
191,73,1157.40,552.70,67.41,179.24,1,-1,-1,-1
191,71,778.58,620.30,79.96,158.32,1,-1,-1,-1
191,69,801.59,498.24,53.84,115.94,1,-1,-1,-1
191,62,1540.30,661.84,74.45,218.81,1,-1,-1,-1
191,58,1205.85,570.37,53.37,155.50,1,-1,-1,-1
191,55,1253.46,571.12,56.56,161.90,1,-1,-1,-1
190,55,1252.60,573.19,54.39,147.43,1,-1,-1,-1
189,55,1253.02,571.54,54.54,152.60,1,-1,-1,-1
191,51,1579.34,661.17,67.76,204.80,1,-1,-1,-1
191,42,1186.31,674.38,82.66,212.05,1,-1,-1,-1
191,38,1699.25,699.40,87.92,199.77,1,-1,-1,-1
191,37,1250.41,596.88,61.58,200.03,1,-1,-1,-1
191,34,1497.80,508.82,53.57,120.07,1,-1,-1,-1
191,33,1614.31,683.36,84.04,224.12,1,-1,-1,-1
191,29,1196.49,601.61,63.77,178.16,1,-1,-1,-1
190,29,1181.99,613.16,68.53,186.32,1,-1,-1,-1
189,29,1182.63,614.11,66.37,186.69,1,-1,-1,-1
191,27,563.36,741.90,95.52,225.62,1,-1,-1,-1
191,21,170.91,898.25,137.16,181.75,1,-1,-1,-1
191,16,1252.01,696.98,94.11,201.50,1,-1,-1,-1
191,15,877.32,560.29,69.47,173.50,1,-1,-1,-1
191,14,1468.69,659.46,56.49,164.58,1,-1,-1,-1
191,13,1074.62,615.87,61.77,204.29,1,-1,-1,-1
191,11,1292.89,663.94,72.47,196.90,1,-1,-1,-1
191,8,1041.26,610.69,65.72,198.82,1,-1,-1,-1
190,8,1036.81,608.12,72.96,203.69,1,-1,-1,-1
189,8,1031.31,609.09,68.56,199.54,1,-1,-1,-1
192,124,1044.25,496.45,51.75,136.26,1,-1,-1,-1
192,122,852.84,463.57,49.89,109.21,1,-1,-1,-1
192,116,346.08,727.02,84.56,208.81,1,-1,-1,-1
192,113,1667.04,655.97,62.56,172.44,1,-1,-1,-1
192,110,924.87,499.47,46.82,123.18,1,-1,-1,-1
192,108,1109.82,619.91,79.26,211.91,1,-1,-1,-1
192,105,962.05,649.12,54.74,155.42,1,-1,-1,-1
192,104,1015.01,529.96,59.18,133.09,1,-1,-1,-1
192,103,781.24,505.61,50.07,136.03,1,-1,-1,-1
192,97,963.61,506.86,53.12,130.69,1,-1,-1,-1
192,90,834.09,587.53,61.95,191.65,1,-1,-1,-1
192,86,1513.67,642.74,62.51,178.23,1,-1,-1,-1
192,83,861.37,517.95,60.48,143.56,1,-1,-1,-1
191,83,859.47,516.34,61.75,145.67,1,-1,-1,-1
190,83,857.38,515.31,60.05,146.03,1,-1,-1,-1
192,81,1092.72,547.69,52.33,135.01,1,-1,-1,-1
192,78,494.70,688.38,95.04,231.45,1,-1,-1,-1
192,73,1157.27,555.23,67.63,181.04,1,-1,-1,-1
192,71,773.95,621.01,80.31,158.78,1,-1,-1,-1
192,69,805.21,502.65,53.38,113.18,1,-1,-1,-1
192,62,1542.28,663.24,78.66,216.61,1,-1,-1,-1
192,58,1208.88,572.28,51.74,154.32,1,-1,-1,-1
192,55,1254.47,574.76,56.01,166.08,1,-1,-1,-1
192,51,1577.41,668.34,69.23,204.59,1,-1,-1,-1
192,42,1186.00,677.68,85.26,210.29,1,-1,-1,-1
192,38,1695.84,698.68,86.82,199.53,1,-1,-1,-1
192,37,1251.21,595.98,59.66,192.17,1,-1,-1,-1
192,34,1500.29,509.94,52.41,119.54,1,-1,-1,-1
192,33,1611.86,686.43,79.88,221.69,1,-1,-1,-1
192,29,1189.91,611.09,70.97,189.07,1,-1,-1,-1
192,27,565.08,741.85,95.36,226.76,1,-1,-1,-1
192,21,166.14,899.78,140.05,180.22,1,-1,-1,-1
192,16,1254.08,700.20,92.57,198.09,1,-1,-1,-1
192,15,878.83,563.61,70.79,170.45,1,-1,-1,-1
192,14,1467.27,658.26,59.92,165.46,1,-1,-1,-1
192,13,1075.78,618.26,60.74,193.64,1,-1,-1,-1
192,11,1295.31,665.59,70.70,198.16,1,-1,-1,-1
192,8,1045.77,610.56,64.41,196.11,1,-1,-1,-1
193,124,1044.49,495.85,51.45,136.26,1,-1,-1,-1
193,122,852.26,462.71,50.18,110.24,1,-1,-1,-1
193,120,1406.89,479.67,48.95,114.52,1,-1,-1,-1
192,120,1404.85,477.98,51.51,114.38,1,-1,-1,-1
191,120,1403.50,477.30,52.36,117.42,1,-1,-1,-1
193,117,1050.21,614.90,75.11,195.66,1,-1,-1,-1
192,117,1047.97,614.11,75.66,197.13,1,-1,-1,-1
191,117,1043.66,611.62,75.40,200.69,1,-1,-1,-1
193,116,347.76,727.81,84.72,212.07,1,-1,-1,-1
193,115,1586.99,614.87,65.96,169.77,1,-1,-1,-1
192,115,1585.34,613.30,67.77,174.06,1,-1,-1,-1
191,115,1582.31,611.27,67.61,176.33,1,-1,-1,-1
193,110,925.83,500.43,45.74,120.80,1,-1,-1,-1
193,108,1111.03,622.41,74.21,210.14,1,-1,-1,-1
193,105,962.11,648.14,56.77,157.99,1,-1,-1,-1
193,104,1011.87,525.98,60.01,140.24,1,-1,-1,-1
193,103,781.68,505.55,49.05,133.90,1,-1,-1,-1
193,100,1106.49,443.47,41.52,123.05,1,-1,-1,-1
192,100,1106.87,443.94,41.69,122.45,1,-1,-1,-1
191,100,1106.31,442.45,41.92,125.60,1,-1,-1,-1
193,97,964.93,508.11,51.79,128.73,1,-1,-1,-1
193,90,832.83,587.80,63.19,183.28,1,-1,-1,-1
193,86,1513.50,643.93,62.28,176.68,1,-1,-1,-1
193,83,860.75,514.93,59.27,141.36,1,-1,-1,-1
193,81,1093.99,547.61,50.81,132.96,1,-1,-1,-1
193,78,495.14,688.51,95.32,230.75,1,-1,-1,-1
193,73,1158.92,556.81,67.52,183.52,1,-1,-1,-1
193,71,769.95,620.86,80.83,159.02,1,-1,-1,-1
193,69,805.07,501.84,48.14,111.04,1,-1,-1,-1
193,62,1542.95,663.81,85.83,216.54,1,-1,-1,-1
193,58,1211.04,572.65,50.76,150.59,1,-1,-1,-1
193,42,1186.82,680.79,85.54,205.79,1,-1,-1,-1
193,38,1690.19,688.03,85.85,210.15,1,-1,-1,-1
193,37,1250.05,596.87,58.45,188.01,1,-1,-1,-1
193,35,1002.54,495.70,45.51,123.90,1,-1,-1,-1
192,35,1002.93,494.96,45.26,125.46,1,-1,-1,-1
191,35,1001.12,496.69,45.07,125.85,1,-1,-1,-1
193,34,1500.96,509.35,51.22,120.41,1,-1,-1,-1
193,33,1608.04,685.42,77.54,219.71,1,-1,-1,-1
193,29,1191.79,615.06,70.41,189.07,1,-1,-1,-1
193,27,566.65,740.08,96.30,226.76,1,-1,-1,-1
193,21,164.06,899.61,138.86,180.39,1,-1,-1,-1
193,16,1256.11,702.24,89.71,195.65,1,-1,-1,-1
193,15,879.22,563.21,70.04,171.70,1,-1,-1,-1
193,14,1468.28,659.04,56.23,160.16,1,-1,-1,-1
193,11,1296.80,666.99,70.10,197.43,1,-1,-1,-1
194,124,1045.37,497.65,50.87,135.85,1,-1,-1,-1
194,122,852.26,463.57,50.78,112.35,1,-1,-1,-1
194,120,1408.02,479.72,47.79,112.57,1,-1,-1,-1
194,117,1053.37,613.82,71.51,197.34,1,-1,-1,-1
194,116,350.12,729.11,81.21,201.10,1,-1,-1,-1
194,115,1588.01,617.51,62.55,159.72,1,-1,-1,-1
194,110,927.15,502.49,43.71,123.13,1,-1,-1,-1
194,108,1102.01,622.84,81.99,212.98,1,-1,-1,-1
194,105,961.94,650.52,62.20,162.38,1,-1,-1,-1
194,104,1017.84,529.49,61.19,139.62,1,-1,-1,-1
194,103,781.82,506.91,51.55,132.13,1,-1,-1,-1
194,100,1105.99,446.79,41.78,119.85,1,-1,-1,-1
194,97,963.84,512.41,50.50,128.31,1,-1,-1,-1
194,90,832.61,588.94,63.37,165.08,1,-1,-1,-1
194,86,1514.14,645.07,62.69,171.96,1,-1,-1,-1
194,83,860.60,518.75,55.86,136.69,1,-1,-1,-1
194,81,1096.09,548.29,53.84,157.75,1,-1,-1,-1
194,78,494.78,689.42,98.48,231.90,1,-1,-1,-1
194,73,1160.91,556.59,66.31,178.43,1,-1,-1,-1
194,71,768.19,623.31,82.75,155.01,1,-1,-1,-1
194,69,805.76,504.68,48.82,108.66,1,-1,-1,-1
194,62,1546.13,662.58,85.12,214.86,1,-1,-1,-1
194,58,1211.41,571.74,51.51,153.34,1,-1,-1,-1
194,42,1191.94,683.27,83.80,206.65,1,-1,-1,-1
194,38,1684.90,689.92,81.10,205.87,1,-1,-1,-1
194,37,1247.07,593.15,60.53,197.35,1,-1,-1,-1
194,35,1004.16,500.93,43.76,123.47,1,-1,-1,-1
194,34,1501.38,510.07,49.92,117.85,1,-1,-1,-1
194,33,1601.24,684.95,79.07,221.08,1,-1,-1,-1
194,29,1196.54,613.11,67.44,187.57,1,-1,-1,-1
194,27,566.46,741.54,100.25,226.84,1,-1,-1,-1
194,21,163.25,899.97,134.84,180.03,1,-1,-1,-1
194,16,1258.82,704.78,86.84,192.10,1,-1,-1,-1
194,15,881.33,564.61,69.84,168.77,1,-1,-1,-1
194,14,1468.79,658.86,58.64,157.97,1,-1,-1,-1
195,124,1044.56,498.63,53.19,138.19,1,-1,-1,-1
195,122,853.39,464.00,49.45,111.18,1,-1,-1,-1
195,120,1407.71,480.08,47.98,116.45,1,-1,-1,-1
195,117,1052.81,613.18,76.51,202.30,1,-1,-1,-1
195,116,351.00,728.39,81.83,208.63,1,-1,-1,-1
195,115,1588.48,618.37,66.17,164.19,1,-1,-1,-1
195,110,927.98,499.09,43.68,122.44,1,-1,-1,-1
195,108,1095.66,626.12,85.55,213.11,1,-1,-1,-1
195,107,1618.68,650.05,68.68,188.31,1,-1,-1,-1
194,107,1620.81,646.83,67.13,184.38,1,-1,-1,-1
193,107,1621.41,643.76,67.07,185.80,1,-1,-1,-1
195,105,962.02,651.58,63.80,161.59,1,-1,-1,-1
195,103,781.83,509.58,50.44,130.29,1,-1,-1,-1
195,100,1105.61,442.36,42.01,124.25,1,-1,-1,-1
195,97,963.23,507.23,52.69,133.66,1,-1,-1,-1
195,90,831.49,589.07,63.47,169.10,1,-1,-1,-1
195,86,1515.19,644.03,64.03,179.98,1,-1,-1,-1
195,83,858.87,518.89,56.35,138.61,1,-1,-1,-1
195,81,1094.53,547.12,53.20,152.46,1,-1,-1,-1
195,78,496.09,689.57,97.84,232.57,1,-1,-1,-1
195,73,1160.58,556.83,67.18,175.37,1,-1,-1,-1
195,71,765.11,621.60,79.92,156.55,1,-1,-1,-1
195,69,805.08,506.01,45.45,110.80,1,-1,-1,-1
195,62,1547.10,663.52,85.15,216.05,1,-1,-1,-1
195,58,1210.64,570.32,53.71,154.46,1,-1,-1,-1
195,42,1195.46,674.15,88.32,214.73,1,-1,-1,-1
195,38,1681.37,687.93,68.99,205.22,1,-1,-1,-1
195,37,1244.14,593.95,60.56,182.01,1,-1,-1,-1
195,35,1002.35,496.51,45.52,127.09,1,-1,-1,-1
195,34,1502.18,509.14,49.64,120.65,1,-1,-1,-1
195,33,1595.97,683.59,80.45,221.42,1,-1,-1,-1
195,27,566.15,741.91,101.56,226.84,1,-1,-1,-1
195,21,155.94,898.84,136.21,181.16,1,-1,-1,-1
195,16,1255.32,691.35,90.73,207.14,1,-1,-1,-1
195,15,882.92,564.97,68.75,167.43,1,-1,-1,-1
195,14,1467.10,654.74,60.30,165.97,1,-1,-1,-1
196,124,1044.67,499.84,52.11,136.94,1,-1,-1,-1
196,122,853.68,467.10,47.60,110.42,1,-1,-1,-1
196,120,1400.23,479.74,57.72,138.68,1,-1,-1,-1
196,118,959.07,651.63,64.89,163.05,1,-1,-1,-1
195,118,959.43,648.53,66.82,164.78,1,-1,-1,-1
194,118,959.60,647.54,65.04,165.23,1,-1,-1,-1
196,117,1050.51,620.39,80.08,193.22,1,-1,-1,-1
196,116,351.36,727.96,91.52,242.33,1,-1,-1,-1
196,115,1591.29,618.04,67.45,171.15,1,-1,-1,-1
196,110,926.86,501.44,43.39,120.60,1,-1,-1,-1
196,108,1094.91,627.88,81.99,212.86,1,-1,-1,-1
196,107,1619.01,651.34,68.02,179.01,1,-1,-1,-1
196,105,960.65,653.42,62.37,161.33,1,-1,-1,-1
196,103,779.48,512.33,52.41,129.21,1,-1,-1,-1
196,100,1104.42,443.43,42.25,122.95,1,-1,-1,-1
196,97,961.41,508.17,53.47,133.53,1,-1,-1,-1
196,90,827.45,589.77,72.63,173.39,1,-1,-1,-1
196,86,1515.21,643.83,63.51,172.51,1,-1,-1,-1
196,81,1092.43,549.53,51.93,151.62,1,-1,-1,-1
196,78,494.75,688.94,102.49,232.51,1,-1,-1,-1
196,73,1162.60,557.29,63.88,169.62,1,-1,-1,-1
196,71,757.38,618.90,88.51,161.18,1,-1,-1,-1
196,69,803.18,509.50,43.84,110.94,1,-1,-1,-1
196,62,1552.01,660.89,77.04,210.53,1,-1,-1,-1
196,58,1211.84,572.03,52.21,149.01,1,-1,-1,-1
196,55,1253.04,571.36,53.71,157.39,1,-1,-1,-1
195,55,1252.21,572.19,56.79,161.57,1,-1,-1,-1
194,55,1255.03,574.17,54.95,164.20,1,-1,-1,-1
196,42,1200.86,670.57,83.84,218.28,1,-1,-1,-1
196,38,1667.12,691.20,75.97,200.29,1,-1,-1,-1
196,37,1234.59,603.46,60.63,177.40,1,-1,-1,-1
196,35,1003.47,501.72,44.34,123.69,1,-1,-1,-1
196,34,1496.10,507.05,54.11,125.17,1,-1,-1,-1
196,33,1591.75,683.35,82.43,223.95,1,-1,-1,-1
196,28,879.63,564.68,67.84,169.56,1,-1,-1,-1
195,28,882.06,565.77,68.24,167.61,1,-1,-1,-1
194,28,882.48,564.41,69.86,168.10,1,-1,-1,-1
196,27,566.89,744.46,100.07,222.96,1,-1,-1,-1
196,25,1123.81,610.04,70.63,188.74,1,-1,-1,-1
195,25,1123.15,612.08,69.81,191.48,1,-1,-1,-1
194,25,1133.57,606.89,58.97,175.21,1,-1,-1,-1
196,21,150.98,901.72,135.20,178.28,1,-1,-1,-1
196,16,1257.58,689.44,89.40,208.47,1,-1,-1,-1
196,15,878.84,564.18,70.14,169.21,1,-1,-1,-1
196,14,1467.84,653.27,63.29,168.06,1,-1,-1,-1
197,124,1044.91,501.52,49.37,128.74,1,-1,-1,-1
197,122,850.88,463.14,46.45,114.05,1,-1,-1,-1
197,118,956.11,647.55,62.59,162.19,1,-1,-1,-1
197,117,1046.96,617.99,79.54,196.22,1,-1,-1,-1
197,116,346.83,727.41,84.77,223.28,1,-1,-1,-1
197,115,1587.98,616.38,66.07,175.16,1,-1,-1,-1
197,110,921.94,501.40,44.63,122.94,1,-1,-1,-1
197,108,1083.35,623.92,86.81,219.66,1,-1,-1,-1
197,107,1610.44,646.54,73.01,194.62,1,-1,-1,-1
197,105,957.16,651.34,59.15,158.00,1,-1,-1,-1
197,103,774.34,511.82,51.92,124.65,1,-1,-1,-1
197,100,1100.46,450.92,39.21,114.42,1,-1,-1,-1
197,97,959.21,508.61,53.64,130.99,1,-1,-1,-1
197,90,823.50,583.20,75.33,164.38,1,-1,-1,-1
197,86,1512.67,641.40,62.79,175.65,1,-1,-1,-1
197,81,1090.37,545.17,48.33,133.86,1,-1,-1,-1
197,78,489.18,687.27,97.75,231.08,1,-1,-1,-1
197,73,1157.55,553.47,69.36,176.14,1,-1,-1,-1
197,71,747.95,616.34,83.94,160.47,1,-1,-1,-1
197,69,802.77,503.26,42.68,114.52,1,-1,-1,-1
197,62,1547.38,657.54,74.22,207.74,1,-1,-1,-1
197,58,1212.05,570.16,51.78,145.15,1,-1,-1,-1
197,55,1251.16,570.05,49.40,148.88,1,-1,-1,-1
197,42,1200.48,658.29,87.15,227.62,1,-1,-1,-1
197,38,1658.02,685.37,74.95,204.48,1,-1,-1,-1
197,37,1231.60,599.59,59.94,172.86,1,-1,-1,-1
197,34,1491.53,504.70,55.34,127.04,1,-1,-1,-1
197,33,1578.18,678.52,87.79,222.60,1,-1,-1,-1
197,28,875.14,562.31,68.24,169.72,1,-1,-1,-1
197,27,563.77,742.07,97.74,222.41,1,-1,-1,-1
197,25,1117.41,607.72,64.90,184.85,1,-1,-1,-1
197,21,144.96,903.25,132.59,176.75,1,-1,-1,-1
197,16,1260.60,693.31,84.19,201.38,1,-1,-1,-1
197,14,1463.43,653.87,64.13,168.88,1,-1,-1,-1
198,124,1039.64,498.50,49.53,128.37,1,-1,-1,-1
198,122,844.36,463.15,47.21,114.04,1,-1,-1,-1
198,117,1039.30,617.06,77.60,196.11,1,-1,-1,-1
198,116,342.74,723.60,89.66,236.94,1,-1,-1,-1
198,115,1588.63,617.33,60.73,167.03,1,-1,-1,-1
198,108,1078.36,633.33,83.09,211.55,1,-1,-1,-1
198,107,1613.53,642.81,65.28,180.45,1,-1,-1,-1
198,105,952.14,652.48,60.55,155.71,1,-1,-1,-1
198,104,1012.74,533.04,53.85,134.99,1,-1,-1,-1
197,104,1015.79,530.33,54.72,139.23,1,-1,-1,-1
196,104,1022.88,538.36,53.01,133.33,1,-1,-1,-1
198,103,770.65,509.93,48.38,118.18,1,-1,-1,-1
198,100,1094.91,442.34,40.20,120.35,1,-1,-1,-1
198,97,950.30,501.36,54.27,138.88,1,-1,-1,-1
198,90,816.72,587.22,66.67,154.29,1,-1,-1,-1
198,86,1509.36,639.65,60.14,172.10,1,-1,-1,-1
198,81,1080.47,546.15,52.11,130.33,1,-1,-1,-1
198,78,485.92,684.58,98.95,231.06,1,-1,-1,-1
198,73,1156.19,551.48,67.93,180.78,1,-1,-1,-1
198,71,740.48,616.91,83.14,157.45,1,-1,-1,-1
198,69,796.07,499.80,44.00,115.59,1,-1,-1,-1
198,62,1544.44,656.57,69.17,202.85,1,-1,-1,-1
198,58,1206.29,574.41,53.37,150.13,1,-1,-1,-1
198,42,1200.37,649.04,79.39,236.69,1,-1,-1,-1
198,38,1650.17,688.72,74.54,199.72,1,-1,-1,-1
198,37,1223.14,596.67,63.04,188.74,1,-1,-1,-1
198,34,1487.27,504.12,51.50,121.57,1,-1,-1,-1
198,33,1570.46,679.85,86.83,218.50,1,-1,-1,-1
198,28,873.05,564.69,65.13,167.60,1,-1,-1,-1
198,27,563.47,741.42,91.50,218.28,1,-1,-1,-1
198,25,1115.54,608.32,67.22,184.21,1,-1,-1,-1
198,21,139.59,904.15,125.16,175.85,1,-1,-1,-1
198,16,1258.30,690.86,93.88,199.02,1,-1,-1,-1
198,14,1463.58,654.10,58.71,152.67,1,-1,-1,-1
199,124,1040.41,499.08,50.42,130.42,1,-1,-1,-1
199,122,844.80,464.98,47.75,112.31,1,-1,-1,-1
199,117,1046.11,617.64,71.64,192.62,1,-1,-1,-1
199,116,343.30,723.33,90.89,233.16,1,-1,-1,-1
199,115,1592.99,615.03,60.53,167.14,1,-1,-1,-1
199,113,1671.03,641.74,69.91,170.40,1,-1,-1,-1
198,113,1671.15,643.49,69.61,179.78,1,-1,-1,-1
197,113,1676.10,640.88,68.74,174.08,1,-1,-1,-1
199,108,1076.55,632.02,83.57,210.81,1,-1,-1,-1
199,107,1607.51,644.38,66.89,183.22,1,-1,-1,-1
199,105,952.94,652.27,58.78,155.17,1,-1,-1,-1
199,104,1013.21,530.54,54.42,135.49,1,-1,-1,-1
199,103,770.71,509.63,49.02,116.96,1,-1,-1,-1
199,100,1094.31,438.25,40.06,120.53,1,-1,-1,-1
199,97,948.82,502.95,55.74,136.78,1,-1,-1,-1
199,90,816.05,585.78,70.58,158.11,1,-1,-1,-1
199,86,1508.73,633.55,62.24,170.95,1,-1,-1,-1
199,83,854.10,518.70,52.14,135.22,1,-1,-1,-1
198,83,852.18,519.31,53.56,133.81,1,-1,-1,-1
197,83,850.45,517.74,58.42,135.26,1,-1,-1,-1
199,81,1081.50,544.78,50.20,124.63,1,-1,-1,-1
199,78,485.02,681.99,100.01,230.79,1,-1,-1,-1
199,73,1157.26,551.78,68.80,178.44,1,-1,-1,-1
199,71,735.63,615.25,88.28,160.66,1,-1,-1,-1
199,69,795.73,500.90,43.89,113.94,1,-1,-1,-1
199,62,1545.08,652.79,68.74,202.71,1,-1,-1,-1
199,58,1212.14,569.69,47.39,131.08,1,-1,-1,-1
199,42,1203.90,662.89,79.16,221.82,1,-1,-1,-1
199,38,1652.06,688.35,70.03,197.95,1,-1,-1,-1
199,37,1221.89,596.43,59.15,165.08,1,-1,-1,-1
199,34,1488.40,502.06,48.76,112.20,1,-1,-1,-1
199,33,1558.18,681.67,90.05,205.24,1,-1,-1,-1
199,28,873.65,564.76,64.90,168.67,1,-1,-1,-1
199,27,565.89,737.65,90.89,220.48,1,-1,-1,-1
199,25,1115.75,610.52,64.54,177.98,1,-1,-1,-1
199,21,132.80,905.98,126.20,174.02,1,-1,-1,-1
199,16,1264.98,694.67,87.19,194.83,1,-1,-1,-1
199,14,1464.43,651.37,56.66,154.10,1,-1,-1,-1
200,124,1045.72,500.47,49.62,127.55,1,-1,-1,-1
200,123,1311.38,666.26,61.67,180.83,1,-1,-1,-1
199,123,1299.65,663.94,67.64,188.32,1,-1,-1,-1
198,123,1294.63,664.59,71.98,190.46,1,-1,-1,-1
200,122,845.60,466.97,45.34,111.02,1,-1,-1,-1
200,117,1050.78,619.03,65.07,194.84,1,-1,-1,-1
200,116,350.30,724.16,99.13,186.33,1,-1,-1,-1
200,115,1596.42,612.63,63.43,172.09,1,-1,-1,-1
200,113,1678.58,644.68,67.82,171.33,1,-1,-1,-1
200,108,1081.04,632.86,81.51,210.35,1,-1,-1,-1
200,107,1610.95,642.39,71.92,207.71,1,-1,-1,-1
200,105,958.75,652.77,56.25,153.55,1,-1,-1,-1
200,104,1013.94,532.11,53.41,135.71,1,-1,-1,-1
200,103,773.92,512.76,47.83,118.81,1,-1,-1,-1
200,97,954.04,513.59,49.98,125.14,1,-1,-1,-1
200,90,818.13,585.92,66.34,158.02,1,-1,-1,-1
200,86,1512.18,632.75,61.44,170.04,1,-1,-1,-1
200,83,855.63,521.90,54.15,133.42,1,-1,-1,-1
200,81,1087.00,545.03,49.89,126.01,1,-1,-1,-1
200,78,488.39,682.48,99.70,230.20,1,-1,-1,-1
200,71,739.53,612.01,83.66,162.91,1,-1,-1,-1
200,69,797.93,501.73,44.11,115.46,1,-1,-1,-1
200,42,1209.25,659.30,80.29,228.91,1,-1,-1,-1
200,38,1650.49,691.14,72.67,195.87,1,-1,-1,-1
200,37,1224.55,594.72,56.85,158.55,1,-1,-1,-1
200,34,1490.32,504.09,53.86,123.24,1,-1,-1,-1
200,33,1553.39,677.49,93.63,212.81,1,-1,-1,-1
200,28,874.39,564.71,66.48,169.80,1,-1,-1,-1
200,27,568.91,736.34,93.15,219.18,1,-1,-1,-1
200,25,1116.50,611.51,65.76,182.21,1,-1,-1,-1
200,21,129.16,907.44,128.43,172.56,1,-1,-1,-1
200,16,1271.05,694.78,93.35,203.71,1,-1,-1,-1
200,14,1467.35,650.99,60.41,161.40,1,-1,-1,-1
200,11,1314.38,666.39,58.36,169.27,1,-1,-1,-1
199,11,1306.05,663.66,61.46,167.82,1,-1,-1,-1
198,11,1302.45,665.07,64.40,171.24,1,-1,-1,-1
201,124,1052.33,500.92,50.42,130.14,1,-1,-1,-1
201,123,1321.24,668.68,64.71,187.74,1,-1,-1,-1
201,122,853.00,469.99,44.22,108.84,1,-1,-1,-1
201,117,1057.32,620.36,64.20,204.00,1,-1,-1,-1
201,116,359.65,726.94,86.57,200.14,1,-1,-1,-1
201,108,1093.22,625.21,77.39,220.80,1,-1,-1,-1
201,107,1620.52,646.45,73.57,209.01,1,-1,-1,-1
201,105,966.05,654.90,56.79,151.86,1,-1,-1,-1
201,104,1018.59,527.11,54.16,141.81,1,-1,-1,-1
201,103,781.92,520.45,46.00,118.63,1,-1,-1,-1
201,97,957.69,503.84,55.01,136.92,1,-1,-1,-1
201,90,822.04,577.07,67.63,170.33,1,-1,-1,-1
201,86,1520.19,634.85,63.35,168.69,1,-1,-1,-1
201,81,1092.93,548.06,48.72,127.62,1,-1,-1,-1
201,78,494.28,685.45,106.37,228.96,1,-1,-1,-1
201,71,740.32,615.89,85.37,160.10,1,-1,-1,-1
201,69,803.84,503.61,42.51,115.08,1,-1,-1,-1
201,55,1255.44,576.40,51.63,150.02,1,-1,-1,-1
200,55,1250.97,571.91,49.09,144.81,1,-1,-1,-1
199,55,1248.06,569.31,50.19,146.63,1,-1,-1,-1
201,51,1555.58,652.51,73.15,201.75,1,-1,-1,-1
200,51,1551.34,645.90,73.74,198.20,1,-1,-1,-1
199,51,1547.69,648.38,71.07,199.85,1,-1,-1,-1
201,42,1214.23,662.72,81.12,224.50,1,-1,-1,-1
201,38,1654.46,690.07,74.50,190.77,1,-1,-1,-1
201,37,1227.98,593.18,58.83,165.61,1,-1,-1,-1
201,34,1493.92,502.78,55.07,128.68,1,-1,-1,-1
201,33,1559.70,679.02,84.06,205.85,1,-1,-1,-1
201,28,881.76,568.27,68.04,171.43,1,-1,-1,-1
201,27,575.12,737.30,93.57,221.12,1,-1,-1,-1
201,25,1115.02,615.23,68.55,186.37,1,-1,-1,-1
201,21,155.33,913.44,104.02,166.56,1,-1,-1,-1
201,16,1279.91,693.85,77.13,203.28,1,-1,-1,-1
201,14,1474.07,651.61,57.42,154.06,1,-1,-1,-1
202,124,1057.70,505.07,49.15,135.03,1,-1,-1,-1
202,123,1322.64,669.62,67.72,192.48,1,-1,-1,-1
202,116,361.85,728.04,87.13,185.96,1,-1,-1,-1
202,108,1096.96,622.44,79.67,223.39,1,-1,-1,-1
202,107,1625.02,647.68,71.84,203.54,1,-1,-1,-1
202,105,972.22,657.79,51.40,157.46,1,-1,-1,-1
202,104,1018.77,528.93,54.73,135.20,1,-1,-1,-1
202,103,787.11,522.16,47.63,129.49,1,-1,-1,-1
202,97,960.48,512.09,52.54,134.15,1,-1,-1,-1
202,90,827.17,572.48,64.86,168.52,1,-1,-1,-1
202,81,1095.72,565.68,50.79,149.10,1,-1,-1,-1
202,78,492.20,687.00,110.32,224.91,1,-1,-1,-1
202,71,735.26,613.45,88.72,163.32,1,-1,-1,-1
202,69,807.35,499.65,42.56,108.28,1,-1,-1,-1
202,55,1256.45,573.50,51.11,146.03,1,-1,-1,-1
202,44,1177.73,553.15,65.59,177.92,1,-1,-1,-1
201,44,1175.78,552.98,66.26,176.23,1,-1,-1,-1
200,44,1162.97,551.64,66.51,169.40,1,-1,-1,-1
202,42,1216.62,673.29,85.03,214.32,1,-1,-1,-1
202,38,1653.76,693.54,71.98,186.96,1,-1,-1,-1
202,37,1228.24,596.04,62.45,173.87,1,-1,-1,-1
202,34,1500.73,504.79,50.29,126.50,1,-1,-1,-1
202,33,1561.04,672.21,81.00,214.47,1,-1,-1,-1
202,27,578.76,739.13,94.52,218.08,1,-1,-1,-1
202,25,1116.02,620.77,68.28,183.84,1,-1,-1,-1
202,21,131.98,915.34,122.50,164.66,1,-1,-1,-1
202,16,1289.56,695.69,68.88,199.82,1,-1,-1,-1
202,14,1477.66,654.90,58.34,149.52,1,-1,-1,-1
203,124,1057.04,502.48,50.71,138.20,1,-1,-1,-1
203,120,1401.86,476.71,53.36,124.65,1,-1,-1,-1
202,120,1401.49,476.62,53.69,125.79,1,-1,-1,-1
201,120,1396.87,476.28,59.81,135.10,1,-1,-1,-1
203,116,361.03,727.36,88.60,186.49,1,-1,-1,-1
203,114,856.44,524.35,60.78,141.45,1,-1,-1,-1
202,114,859.23,526.54,55.75,134.85,1,-1,-1,-1
201,114,859.82,525.43,54.72,132.18,1,-1,-1,-1
203,108,1096.70,621.52,80.59,223.21,1,-1,-1,-1
203,107,1625.85,646.63,71.58,205.46,1,-1,-1,-1
203,105,978.60,655.91,49.98,117.72,1,-1,-1,-1
203,104,1017.96,525.42,56.92,140.03,1,-1,-1,-1
203,103,787.81,514.13,50.09,133.86,1,-1,-1,-1
203,97,960.53,507.55,54.17,138.64,1,-1,-1,-1
203,90,823.76,573.49,66.37,172.98,1,-1,-1,-1
203,84,921.73,501.62,48.45,139.94,1,-1,-1,-1
202,84,921.09,502.73,48.73,138.96,1,-1,-1,-1
201,84,922.07,497.64,47.02,131.10,1,-1,-1,-1
203,81,1093.01,571.32,52.78,162.54,1,-1,-1,-1
203,78,493.67,685.98,107.60,224.39,1,-1,-1,-1
203,71,737.04,611.65,87.88,163.68,1,-1,-1,-1
203,58,1236.06,574.19,46.97,136.76,1,-1,-1,-1
202,58,1236.49,573.74,44.65,134.48,1,-1,-1,-1
201,58,1230.77,575.09,44.48,127.01,1,-1,-1,-1
203,55,1257.51,573.13,50.32,145.26,1,-1,-1,-1
203,44,1180.17,554.52,66.86,176.19,1,-1,-1,-1
203,42,1219.08,667.37,87.69,221.30,1,-1,-1,-1
203,38,1645.94,687.97,78.26,200.31,1,-1,-1,-1
203,37,1228.18,594.43,61.37,178.12,1,-1,-1,-1
203,34,1501.42,504.11,49.72,126.59,1,-1,-1,-1
203,33,1550.17,667.85,87.64,216.80,1,-1,-1,-1
203,27,580.28,738.87,94.12,218.50,1,-1,-1,-1
203,25,1111.77,617.77,69.40,186.51,1,-1,-1,-1
203,21,124.52,916.52,122.73,163.48,1,-1,-1,-1
203,14,1483.79,655.87,55.11,149.15,1,-1,-1,-1
204,129,831.47,466.94,43.33,108.99,1,-1,-1,-1
203,129,828.44,462.48,43.11,107.36,1,-1,-1,-1
202,129,828.17,462.32,43.70,109.80,1,-1,-1,-1
204,124,1057.02,500.35,51.82,132.31,1,-1,-1,-1
204,120,1405.66,476.86,49.15,113.97,1,-1,-1,-1
204,116,365.56,729.80,87.92,181.21,1,-1,-1,-1
204,115,1613.25,619.29,60.10,179.16,1,-1,-1,-1
203,115,1610.86,617.06,60.27,184.75,1,-1,-1,-1
202,115,1611.31,617.24,59.40,173.42,1,-1,-1,-1
204,114,857.12,526.13,60.71,138.36,1,-1,-1,-1
204,108,1098.20,616.78,82.01,229.76,1,-1,-1,-1
204,107,1627.99,646.65,70.82,205.08,1,-1,-1,-1
204,105,981.69,656.97,50.39,139.89,1,-1,-1,-1
204,104,1018.39,528.20,59.58,140.42,1,-1,-1,-1
204,103,790.81,519.68,47.97,127.94,1,-1,-1,-1
204,97,963.11,516.80,50.43,131.24,1,-1,-1,-1
204,90,825.19,576.75,66.95,169.33,1,-1,-1,-1
204,84,922.86,507.14,46.61,133.71,1,-1,-1,-1
204,81,1097.54,558.70,51.23,152.24,1,-1,-1,-1
204,78,499.10,688.78,102.35,222.90,1,-1,-1,-1
204,71,736.40,610.47,88.73,165.48,1,-1,-1,-1
204,44,1183.26,557.46,67.63,179.57,1,-1,-1,-1
204,42,1220.02,672.65,89.69,218.17,1,-1,-1,-1
204,38,1642.12,687.11,80.15,198.36,1,-1,-1,-1
204,37,1224.90,597.65,69.63,194.63,1,-1,-1,-1
204,34,1501.30,507.21,51.47,121.26,1,-1,-1,-1
204,33,1551.18,666.74,87.25,217.07,1,-1,-1,-1
204,27,582.73,738.05,94.99,218.56,1,-1,-1,-1
204,21,124.37,921.03,121.19,158.97,1,-1,-1,-1
204,14,1486.22,649.85,57.19,154.45,1,-1,-1,-1
204,11,1330.34,671.82,87.15,189.91,1,-1,-1,-1
203,11,1320.16,669.85,87.91,194.67,1,-1,-1,-1
202,11,1322.16,668.72,72.16,193.06,1,-1,-1,-1
205,131,1304.11,694.43,63.90,201.80,1,-1,-1,-1
204,131,1298.44,694.34,64.66,200.92,1,-1,-1,-1
203,131,1295.80,694.56,62.60,198.14,1,-1,-1,-1
205,129,836.82,467.88,42.13,111.28,1,-1,-1,-1
205,124,1061.97,503.89,50.49,126.28,1,-1,-1,-1
205,117,1051.99,625.90,73.32,215.75,1,-1,-1,-1
204,117,1052.49,624.64,71.21,216.48,1,-1,-1,-1
203,117,1053.91,623.55,67.18,213.69,1,-1,-1,-1
205,116,368.45,729.82,85.41,204.12,1,-1,-1,-1
205,115,1614.75,622.14,58.95,170.41,1,-1,-1,-1
205,114,860.82,525.93,60.61,140.97,1,-1,-1,-1
205,108,1103.09,618.66,77.33,227.12,1,-1,-1,-1
205,107,1629.97,649.47,66.97,196.69,1,-1,-1,-1
205,105,984.80,658.62,50.70,163.33,1,-1,-1,-1
205,104,1019.46,525.17,58.83,140.83,1,-1,-1,-1
205,103,793.14,520.97,54.59,141.91,1,-1,-1,-1
205,97,964.38,510.69,52.29,137.03,1,-1,-1,-1
205,90,824.11,580.53,69.57,165.37,1,-1,-1,-1
205,86,1536.75,631.05,62.62,180.50,1,-1,-1,-1
204,86,1533.16,633.13,63.58,181.58,1,-1,-1,-1
203,86,1528.62,633.56,61.34,178.75,1,-1,-1,-1
205,84,925.84,505.49,47.48,138.12,1,-1,-1,-1
205,81,1094.26,554.73,56.38,156.68,1,-1,-1,-1
205,78,506.36,689.36,97.05,221.64,1,-1,-1,-1
205,71,741.30,610.12,87.22,160.87,1,-1,-1,-1
205,45,1693.29,649.96,74.41,188.10,1,-1,-1,-1
204,45,1690.19,647.87,73.10,192.00,1,-1,-1,-1
203,45,1690.45,654.67,64.51,171.32,1,-1,-1,-1
205,44,1188.80,558.36,67.00,177.78,1,-1,-1,-1
205,42,1222.05,674.93,95.39,216.10,1,-1,-1,-1
205,38,1636.73,679.66,75.35,199.43,1,-1,-1,-1
205,37,1228.12,597.55,65.74,175.14,1,-1,-1,-1
205,34,1502.64,508.17,52.67,122.67,1,-1,-1,-1
205,33,1555.09,663.44,87.29,222.38,1,-1,-1,-1
205,27,589.82,740.52,90.46,215.22,1,-1,-1,-1
205,21,125.72,924.44,115.97,155.56,1,-1,-1,-1
205,14,1489.84,650.79,57.80,156.33,1,-1,-1,-1
205,11,1335.66,677.03,82.75,188.01,1,-1,-1,-1
206,131,1305.12,693.86,62.65,202.46,1,-1,-1,-1
206,129,837.92,467.82,42.69,113.85,1,-1,-1,-1
206,124,1062.03,504.09,50.30,130.63,1,-1,-1,-1
206,117,1050.51,627.74,71.61,215.41,1,-1,-1,-1
206,116,367.60,730.16,85.90,201.84,1,-1,-1,-1
206,114,860.82,525.12,59.88,141.45,1,-1,-1,-1
206,111,584.30,702.51,85.69,225.47,1,-1,-1,-1
205,111,585.18,702.76,83.67,224.58,1,-1,-1,-1
204,111,583.17,704.81,87.88,222.48,1,-1,-1,-1
206,108,1102.26,626.00,75.37,222.41,1,-1,-1,-1
206,107,1630.27,653.11,59.39,190.17,1,-1,-1,-1
206,105,983.69,658.77,53.50,162.37,1,-1,-1,-1
206,104,1026.50,541.93,57.29,136.03,1,-1,-1,-1
206,103,796.64,520.27,60.38,147.28,1,-1,-1,-1
206,97,964.36,511.91,51.96,136.40,1,-1,-1,-1
206,90,828.54,582.55,64.09,164.31,1,-1,-1,-1
206,86,1535.40,630.61,60.77,175.78,1,-1,-1,-1
206,84,926.05,505.64,47.75,139.32,1,-1,-1,-1
206,81,1099.28,550.14,50.92,137.74,1,-1,-1,-1
206,78,504.91,688.23,97.50,221.39,1,-1,-1,-1
206,71,739.31,612.24,87.87,164.48,1,-1,-1,-1
206,45,1689.34,658.13,61.23,181.22,1,-1,-1,-1
206,44,1189.96,559.86,66.79,175.02,1,-1,-1,-1
206,42,1223.55,674.89,92.37,215.58,1,-1,-1,-1
206,38,1633.22,683.38,68.73,191.64,1,-1,-1,-1
206,37,1232.90,601.27,61.87,172.49,1,-1,-1,-1
206,34,1500.40,508.47,54.45,121.46,1,-1,-1,-1
206,33,1555.19,664.01,86.58,220.88,1,-1,-1,-1
206,27,588.76,740.12,91.04,211.96,1,-1,-1,-1
206,21,118.88,922.14,115.98,157.86,1,-1,-1,-1
206,15,893.15,571.56,62.19,170.73,1,-1,-1,-1
205,15,892.38,571.75,63.23,173.01,1,-1,-1,-1
204,15,888.90,571.61,64.30,171.39,1,-1,-1,-1
206,14,1490.16,651.74,57.49,151.44,1,-1,-1,-1
206,11,1342.13,677.81,74.45,188.11,1,-1,-1,-1
207,131,1307.25,696.67,61.94,201.92,1,-1,-1,-1
207,129,838.49,470.33,41.71,110.32,1,-1,-1,-1
207,124,1062.40,504.37,51.85,130.01,1,-1,-1,-1
207,117,1049.51,632.59,72.66,214.49,1,-1,-1,-1
207,116,368.07,732.22,84.59,196.42,1,-1,-1,-1
207,114,859.89,525.75,61.71,143.34,1,-1,-1,-1
207,111,583.16,704.29,83.66,224.49,1,-1,-1,-1
207,108,1098.39,635.72,76.94,215.53,1,-1,-1,-1
207,105,983.16,662.96,57.75,156.43,1,-1,-1,-1
207,104,1028.76,541.77,55.76,141.77,1,-1,-1,-1
207,103,794.10,517.87,59.40,157.12,1,-1,-1,-1
207,97,962.92,511.78,54.01,137.28,1,-1,-1,-1
207,90,828.06,579.06,64.60,168.66,1,-1,-1,-1
207,86,1536.45,634.95,58.78,166.55,1,-1,-1,-1
207,84,925.54,505.96,47.49,140.47,1,-1,-1,-1
207,81,1101.40,549.99,48.21,130.95,1,-1,-1,-1
207,78,505.47,689.90,99.47,219.94,1,-1,-1,-1
207,71,739.18,615.38,88.15,161.94,1,-1,-1,-1
207,69,796.40,542.09,58.23,154.73,1,-1,-1,-1
206,69,794.82,530.87,60.21,147.95,1,-1,-1,-1
205,69,792.54,527.44,56.85,156.93,1,-1,-1,-1
207,55,1247.94,574.56,58.86,173.13,1,-1,-1,-1
206,55,1244.72,573.73,61.96,165.76,1,-1,-1,-1
205,55,1245.96,574.60,60.83,164.58,1,-1,-1,-1
207,45,1689.12,651.98,64.32,192.55,1,-1,-1,-1
207,44,1192.40,562.29,63.77,176.93,1,-1,-1,-1
207,42,1225.30,675.80,94.80,216.00,1,-1,-1,-1
207,38,1631.26,663.23,67.06,212.13,1,-1,-1,-1
207,37,1223.22,600.18,65.94,201.30,1,-1,-1,-1
207,35,1017.29,499.26,50.57,133.31,1,-1,-1,-1
206,35,1014.30,497.53,51.17,136.33,1,-1,-1,-1
205,35,1014.65,502.19,52.03,135.79,1,-1,-1,-1
207,34,1499.44,506.28,53.97,124.08,1,-1,-1,-1
207,33,1538.57,670.98,91.25,214.00,1,-1,-1,-1
207,27,589.03,741.97,91.56,212.59,1,-1,-1,-1
207,21,117.23,925.20,114.54,154.80,1,-1,-1,-1
207,15,893.59,571.75,61.91,171.46,1,-1,-1,-1
207,14,1492.54,654.41,54.45,149.80,1,-1,-1,-1
207,11,1350.09,678.51,64.57,192.56,1,-1,-1,-1
208,131,1308.95,699.82,66.31,207.79,1,-1,-1,-1
208,129,843.02,471.51,48.52,127.52,1,-1,-1,-1
208,124,1065.00,507.65,53.48,137.14,1,-1,-1,-1
208,122,866.55,470.60,44.49,116.17,1,-1,-1,-1
207,122,866.01,468.73,44.02,114.25,1,-1,-1,-1
206,122,866.95,468.36,42.21,113.16,1,-1,-1,-1
208,117,1048.73,634.93,73.53,214.46,1,-1,-1,-1
208,116,368.38,733.58,84.71,223.00,1,-1,-1,-1
208,114,859.44,529.35,64.00,139.84,1,-1,-1,-1
208,111,583.18,706.38,85.47,211.93,1,-1,-1,-1
208,108,1092.22,632.75,85.29,225.49,1,-1,-1,-1
208,105,985.94,670.12,59.99,159.88,1,-1,-1,-1
208,104,1026.65,542.07,61.21,148.77,1,-1,-1,-1
208,103,796.12,514.17,52.99,134.07,1,-1,-1,-1
208,97,964.44,513.94,55.45,138.05,1,-1,-1,-1
208,90,830.29,578.26,62.61,173.59,1,-1,-1,-1
208,86,1537.48,632.68,62.04,176.11,1,-1,-1,-1
208,84,929.47,508.73,48.40,141.20,1,-1,-1,-1
208,81,1101.76,551.71,50.41,133.95,1,-1,-1,-1
208,78,509.71,691.26,101.46,223.24,1,-1,-1,-1
208,71,738.42,616.65,89.64,164.98,1,-1,-1,-1
208,69,795.80,547.58,58.21,157.98,1,-1,-1,-1
208,55,1253.84,577.07,57.42,154.00,1,-1,-1,-1
208,45,1693.45,653.23,74.76,193.34,1,-1,-1,-1
208,44,1197.85,564.53,69.66,163.47,1,-1,-1,-1
208,42,1226.23,674.81,95.40,220.28,1,-1,-1,-1
208,38,1638.00,683.00,60.76,183.50,1,-1,-1,-1
208,37,1226.47,604.27,61.79,187.70,1,-1,-1,-1
208,35,1020.31,499.46,57.65,157.92,1,-1,-1,-1
208,34,1501.84,507.98,53.75,127.33,1,-1,-1,-1
208,33,1533.86,672.43,94.53,213.28,1,-1,-1,-1
208,27,591.51,742.21,92.97,213.80,1,-1,-1,-1
208,21,112.82,933.52,114.32,146.48,1,-1,-1,-1
208,15,895.91,573.47,61.82,175.67,1,-1,-1,-1
208,14,1494.50,656.68,56.45,151.63,1,-1,-1,-1
208,11,1352.56,675.83,68.48,191.65,1,-1,-1,-1
209,131,1309.44,702.71,67.75,204.05,1,-1,-1,-1
209,129,843.98,471.79,51.26,126.44,1,-1,-1,-1
209,124,1067.90,509.74,51.20,134.38,1,-1,-1,-1
209,117,1047.94,635.54,70.94,213.35,1,-1,-1,-1
209,116,368.73,736.21,84.59,243.11,1,-1,-1,-1
209,114,862.69,537.56,61.61,134.97,1,-1,-1,-1
209,111,587.04,708.88,76.67,208.65,1,-1,-1,-1
209,108,1095.15,651.42,82.19,209.82,1,-1,-1,-1
209,106,971.83,489.05,55.46,138.18,1,-1,-1,-1
208,106,970.59,486.89,57.60,149.39,1,-1,-1,-1
207,106,969.72,486.48,55.62,142.54,1,-1,-1,-1
209,105,990.23,677.25,58.75,150.64,1,-1,-1,-1
209,104,1027.90,541.27,60.24,150.49,1,-1,-1,-1
209,103,784.93,471.88,42.35,107.87,1,-1,-1,-1
209,97,966.44,517.57,51.33,134.62,1,-1,-1,-1
209,90,829.98,575.88,63.96,176.18,1,-1,-1,-1
209,86,1537.76,636.34,59.34,174.38,1,-1,-1,-1
209,84,931.66,510.76,46.26,141.29,1,-1,-1,-1
209,81,1104.58,553.08,47.46,128.70,1,-1,-1,-1
209,78,513.11,693.52,100.17,222.69,1,-1,-1,-1
209,71,739.67,619.19,83.57,162.42,1,-1,-1,-1
209,69,796.22,546.60,56.26,155.31,1,-1,-1,-1
209,55,1257.90,580.27,52.56,148.71,1,-1,-1,-1
209,45,1696.01,657.38,69.25,190.67,1,-1,-1,-1
209,44,1201.53,565.63,66.60,164.00,1,-1,-1,-1
209,42,1230.61,676.21,92.68,220.61,1,-1,-1,-1
209,38,1630.07,683.19,66.24,197.65,1,-1,-1,-1
209,37,1227.54,608.36,59.71,185.33,1,-1,-1,-1
209,35,1022.71,500.23,54.94,150.28,1,-1,-1,-1
209,34,1502.27,510.05,52.13,122.95,1,-1,-1,-1
209,33,1528.65,677.03,97.81,207.10,1,-1,-1,-1
209,27,594.23,745.81,92.61,214.24,1,-1,-1,-1
209,21,109.82,937.72,111.02,142.28,1,-1,-1,-1
209,15,894.97,575.80,65.63,177.09,1,-1,-1,-1
209,14,1497.07,658.28,54.98,154.05,1,-1,-1,-1
209,11,1359.18,679.44,63.51,189.72,1,-1,-1,-1
210,129,846.26,471.83,56.35,124.94,1,-1,-1,-1
210,128,1608.41,662.27,62.13,206.52,1,-1,-1,-1
209,128,1605.49,663.51,62.18,206.66,1,-1,-1,-1
208,128,1599.27,658.85,69.20,202.29,1,-1,-1,-1
210,126,861.43,467.20,57.35,133.25,1,-1,-1,-1
209,126,861.89,467.17,54.52,137.25,1,-1,-1,-1
208,126,862.92,472.30,52.86,131.49,1,-1,-1,-1
210,124,1068.18,512.84,51.64,130.32,1,-1,-1,-1
210,117,1047.51,634.64,71.84,215.07,1,-1,-1,-1
210,116,368.63,737.96,83.84,245.24,1,-1,-1,-1
210,114,866.21,544.21,58.65,126.55,1,-1,-1,-1
210,113,1669.15,655.83,49.62,166.57,1,-1,-1,-1
209,113,1665.29,651.27,51.92,164.82,1,-1,-1,-1
208,113,1658.88,648.73,55.58,163.67,1,-1,-1,-1
210,108,1094.39,655.56,72.09,205.92,1,-1,-1,-1
210,105,996.29,679.62,61.40,149.76,1,-1,-1,-1
210,104,1028.55,547.23,61.38,144.49,1,-1,-1,-1
210,103,786.38,474.54,41.19,102.65,1,-1,-1,-1
210,97,970.07,520.79,49.45,132.06,1,-1,-1,-1
210,90,826.93,581.48,67.86,168.75,1,-1,-1,-1
210,84,932.25,512.99,47.12,138.57,1,-1,-1,-1
210,81,1106.69,554.47,47.49,128.14,1,-1,-1,-1
210,78,513.51,694.80,103.02,224.16,1,-1,-1,-1
210,71,741.46,618.75,79.38,163.66,1,-1,-1,-1
210,69,794.55,544.05,56.05,153.17,1,-1,-1,-1
210,55,1258.45,580.68,53.18,150.71,1,-1,-1,-1
210,45,1699.18,658.98,72.12,191.84,1,-1,-1,-1
210,44,1205.70,564.83,68.13,175.03,1,-1,-1,-1
210,37,1226.71,612.27,62.38,187.71,1,-1,-1,-1
210,35,1025.42,506.80,51.58,141.79,1,-1,-1,-1
210,34,1507.56,509.40,50.28,122.58,1,-1,-1,-1
210,33,1529.34,675.80,98.39,207.78,1,-1,-1,-1
210,27,596.16,746.88,95.25,215.61,1,-1,-1,-1
210,21,106.28,938.94,111.90,141.06,1,-1,-1,-1
210,16,1312.39,704.95,77.22,200.79,1,-1,-1,-1
209,16,1309.01,703.60,71.92,202.38,1,-1,-1,-1
208,16,1309.24,696.64,71.83,208.15,1,-1,-1,-1
210,15,898.35,579.99,66.04,175.69,1,-1,-1,-1
210,14,1499.42,656.79,50.80,151.62,1,-1,-1,-1
211,133,1138.82,631.28,69.23,194.09,1,-1,-1,-1
210,133,1129.40,628.67,68.22,208.20,1,-1,-1,-1
209,133,1131.73,622.96,61.28,191.26,1,-1,-1,-1
211,129,851.57,476.01,52.48,119.75,1,-1,-1,-1
211,128,1610.98,657.64,64.94,207.91,1,-1,-1,-1
211,126,879.00,466.45,45.61,118.99,1,-1,-1,-1
211,124,1069.05,513.60,55.42,133.81,1,-1,-1,-1
211,117,1044.77,633.25,73.57,219.42,1,-1,-1,-1
211,116,370.20,739.48,82.81,240.83,1,-1,-1,-1
211,115,1634.67,625.52,57.66,175.01,1,-1,-1,-1
210,115,1628.72,626.44,61.69,171.12,1,-1,-1,-1
209,115,1628.24,623.69,58.63,169.67,1,-1,-1,-1
211,114,866.90,539.48,61.81,134.89,1,-1,-1,-1
211,113,1662.87,663.12,56.60,175.90,1,-1,-1,-1
211,108,1095.51,655.51,72.50,204.61,1,-1,-1,-1
211,97,969.76,520.37,54.87,136.17,1,-1,-1,-1
211,90,825.93,585.93,71.00,164.51,1,-1,-1,-1
211,84,937.86,514.49,47.04,135.55,1,-1,-1,-1
211,78,519.11,695.26,82.71,225.60,1,-1,-1,-1
211,71,742.94,617.81,79.98,166.58,1,-1,-1,-1
211,69,791.32,547.25,58.84,155.28,1,-1,-1,-1
211,55,1260.60,581.84,54.44,158.18,1,-1,-1,-1
211,45,1703.97,657.21,68.53,189.36,1,-1,-1,-1
211,44,1209.98,565.06,68.22,181.89,1,-1,-1,-1
211,37,1224.83,612.55,66.29,186.32,1,-1,-1,-1
211,35,1023.72,507.43,53.85,145.71,1,-1,-1,-1
211,34,1508.70,507.50,49.90,125.99,1,-1,-1,-1
211,33,1529.34,671.93,100.42,211.01,1,-1,-1,-1
211,27,603.79,748.62,93.31,210.26,1,-1,-1,-1
211,21,96.33,938.08,120.97,141.92,1,-1,-1,-1
211,16,1314.40,703.20,76.92,202.51,1,-1,-1,-1
211,15,898.75,582.44,67.86,174.59,1,-1,-1,-1
211,14,1503.95,654.78,49.19,153.98,1,-1,-1,-1
211,13,1099.95,610.31,61.38,191.31,1,-1,-1,-1
210,13,1100.32,612.67,57.26,183.62,1,-1,-1,-1
209,13,1099.62,609.77,55.18,174.44,1,-1,-1,-1
212,133,1143.21,631.63,83.78,200.68,1,-1,-1,-1
212,129,855.45,476.59,46.30,111.70,1,-1,-1,-1
212,128,1612.91,659.03,65.73,206.39,1,-1,-1,-1
212,126,882.47,465.82,42.77,110.31,1,-1,-1,-1
212,124,1071.12,513.86,54.44,133.22,1,-1,-1,-1
212,117,1042.79,635.22,72.91,215.01,1,-1,-1,-1
212,116,371.62,741.57,79.42,214.94,1,-1,-1,-1
212,114,868.84,540.41,60.28,132.89,1,-1,-1,-1
212,113,1666.64,659.13,54.85,178.44,1,-1,-1,-1
212,108,1097.68,652.79,74.55,203.92,1,-1,-1,-1
212,97,974.23,522.07,52.31,132.92,1,-1,-1,-1
212,90,831.34,588.81,68.52,161.40,1,-1,-1,-1
212,84,943.06,515.11,47.01,131.03,1,-1,-1,-1
212,78,520.21,695.84,85.87,225.55,1,-1,-1,-1
212,71,741.45,618.55,78.82,164.96,1,-1,-1,-1
212,69,808.10,525.17,47.22,131.90,1,-1,-1,-1
212,55,1267.72,580.13,51.94,155.80,1,-1,-1,-1
212,45,1708.53,657.38,65.22,188.23,1,-1,-1,-1
212,44,1213.88,563.35,65.88,181.20,1,-1,-1,-1
212,37,1222.50,606.34,67.97,193.66,1,-1,-1,-1
212,35,1027.61,511.08,50.59,137.82,1,-1,-1,-1
212,34,1506.49,504.67,53.07,129.30,1,-1,-1,-1
212,33,1523.39,674.59,99.51,206.48,1,-1,-1,-1
212,27,607.36,749.02,94.62,210.86,1,-1,-1,-1
212,25,1100.65,612.00,66.21,208.68,1,-1,-1,-1
211,25,1099.05,656.38,69.16,202.74,1,-1,-1,-1
210,25,1099.43,654.26,69.56,205.46,1,-1,-1,-1
212,21,89.72,931.84,126.79,148.16,1,-1,-1,-1
212,16,1315.15,702.62,76.36,202.79,1,-1,-1,-1
212,15,901.63,582.93,66.89,178.72,1,-1,-1,-1
212,14,1506.72,655.68,49.81,155.12,1,-1,-1,-1
212,13,1102.53,612.40,61.67,184.10,1,-1,-1,-1
213,133,1146.44,630.75,88.03,202.45,1,-1,-1,-1
213,129,861.78,475.21,43.97,111.88,1,-1,-1,-1
213,128,1618.15,679.60,78.28,197.55,1,-1,-1,-1
213,126,879.28,464.83,49.78,118.01,1,-1,-1,-1
213,124,1072.66,512.14,54.16,136.00,1,-1,-1,-1
213,117,1038.29,634.65,73.22,218.81,1,-1,-1,-1
213,116,372.67,741.69,77.29,217.74,1,-1,-1,-1
213,114,869.79,541.28,60.29,134.47,1,-1,-1,-1
213,113,1658.29,654.20,66.07,207.50,1,-1,-1,-1
213,108,1098.43,649.84,69.73,211.59,1,-1,-1,-1
213,97,975.64,520.16,52.32,133.17,1,-1,-1,-1
213,90,838.05,590.55,65.07,157.08,1,-1,-1,-1
213,84,944.11,512.94,46.52,133.49,1,-1,-1,-1
213,78,522.63,696.02,100.33,224.91,1,-1,-1,-1
213,71,741.97,613.39,82.39,171.16,1,-1,-1,-1
213,69,780.38,555.49,58.75,152.66,1,-1,-1,-1
213,62,1576.15,646.99,61.73,204.89,1,-1,-1,-1
212,62,1575.43,648.51,62.29,211.87,1,-1,-1,-1
211,62,1577.16,648.77,58.94,215.11,1,-1,-1,-1
213,55,1267.64,577.08,53.10,157.83,1,-1,-1,-1
213,45,1712.08,657.09,62.71,189.85,1,-1,-1,-1
213,44,1217.70,563.99,70.44,177.76,1,-1,-1,-1
213,38,1606.27,678.69,86.99,201.54,1,-1,-1,-1
212,38,1607.90,682.13,92.26,201.10,1,-1,-1,-1
211,38,1616.40,682.68,86.01,197.57,1,-1,-1,-1
213,37,1222.18,613.97,68.71,182.96,1,-1,-1,-1
213,35,1028.65,509.97,50.54,151.13,1,-1,-1,-1
213,34,1508.18,504.86,51.38,127.81,1,-1,-1,-1
213,33,1519.49,668.53,104.53,210.38,1,-1,-1,-1
213,27,610.89,746.02,93.65,211.66,1,-1,-1,-1
213,21,86.41,923.60,130.05,156.40,1,-1,-1,-1
213,16,1317.94,700.49,75.89,203.53,1,-1,-1,-1
213,14,1507.79,648.25,53.63,167.35,1,-1,-1,-1
213,11,1383.04,677.75,61.33,190.53,1,-1,-1,-1
212,11,1377.05,678.25,63.19,190.51,1,-1,-1,-1
211,11,1368.30,677.15,67.18,188.56,1,-1,-1,-1
214,133,1152.09,628.67,86.90,200.26,1,-1,-1,-1
214,128,1616.51,657.56,72.46,212.71,1,-1,-1,-1
214,124,1072.16,510.78,54.92,141.36,1,-1,-1,-1
214,117,1025.92,636.18,84.08,217.87,1,-1,-1,-1
214,116,372.67,742.64,75.63,212.28,1,-1,-1,-1
214,114,870.02,540.47,58.58,134.76,1,-1,-1,-1
214,108,1096.36,644.44,70.46,216.95,1,-1,-1,-1
214,104,1029.98,519.77,61.27,156.43,1,-1,-1,-1
213,104,1033.28,535.96,57.14,139.74,1,-1,-1,-1
212,104,1031.94,545.56,62.47,145.04,1,-1,-1,-1
214,97,974.96,517.42,52.81,133.92,1,-1,-1,-1
214,90,840.17,589.33,63.18,159.99,1,-1,-1,-1
214,84,943.60,510.58,48.40,137.57,1,-1,-1,-1
214,78,525.33,695.23,91.57,225.00,1,-1,-1,-1
214,71,740.76,612.56,84.16,170.85,1,-1,-1,-1
214,69,776.11,554.12,62.90,156.86,1,-1,-1,-1
214,62,1574.69,644.82,65.83,210.73,1,-1,-1,-1
214,55,1266.98,576.72,57.04,169.47,1,-1,-1,-1
214,45,1715.84,664.91,58.42,175.01,1,-1,-1,-1
214,44,1221.07,563.12,70.89,181.95,1,-1,-1,-1
214,42,1278.84,672.32,72.16,216.96,1,-1,-1,-1
213,42,1266.45,673.60,80.29,217.14,1,-1,-1,-1
212,42,1258.60,675.05,85.98,216.45,1,-1,-1,-1
214,37,1224.86,606.45,65.55,182.45,1,-1,-1,-1
214,34,1507.44,499.60,53.36,131.01,1,-1,-1,-1
214,33,1511.62,668.06,100.21,205.88,1,-1,-1,-1
214,27,612.78,744.20,93.48,210.09,1,-1,-1,-1
214,21,80.37,924.15,132.91,155.85,1,-1,-1,-1
214,16,1316.92,698.57,77.61,204.32,1,-1,-1,-1
214,14,1507.62,647.16,56.20,161.41,1,-1,-1,-1
