3,1,321.27,550.22,131.12,196.68,1,-1,-1,-1
3,2,550.62,535.98,106.34,180.34,1,-1,-1,-1
3,3,831.32,548.64,161.63,220.39,1,-1,-1,-1
3,4,974.72,494.50,133.72,196.76,1,-1,-1,-1
3,5,1218.22,509.47,145.21,203.78,1,-1,-1,-1
3,6,705.38,426.64,105.92,203.87,1,-1,-1,-1
3,7,1427.70,551.04,107.36,188.55,1,-1,-1,-1
3,8,1060.32,429.01,107.59,197.65,1,-1,-1,-1
3,9,800.18,467.63,106.94,214.47,1,-1,-1,-1
4,1,320.23,551.32,132.92,195.78,1,-1,-1,-1
4,2,546.37,527.92,111.76,187.05,1,-1,-1,-1
4,3,830.37,553.81,166.21,216.61,1,-1,-1,-1
4,4,974.52,502.65,134.95,189.99,1,-1,-1,-1
4,5,1217.55,508.16,145.48,205.34,1,-1,-1,-1
4,6,701.75,425.15,109.95,206.81,1,-1,-1,-1
4,7,1426.79,554.23,108.85,187.93,1,-1,-1,-1
4,8,1054.04,441.63,110.62,185.78,1,-1,-1,-1
4,9,800.48,469.39,107.26,215.19,1,-1,-1,-1
5,1,318.63,546.77,134.94,199.94,1,-1,-1,-1
5,2,545.76,516.06,112.11,199.15,1,-1,-1,-1
5,3,827.57,545.65,172.99,226.39,1,-1,-1,-1
5,4,972.72,509.40,137.36,185.10,1,-1,-1,-1
5,5,1217.23,515.21,145.97,199.08,1,-1,-1,-1
5,6,701.75,425.15,109.95,206.81,1,-1,-1,-1
5,7,1427.38,554.96,107.72,187.00,1,-1,-1,-1
5,8,1054.63,438.67,112.59,188.00,1,-1,-1,-1
5,9,799.28,475.65,110.92,211.89,1,-1,-1,-1
6,1,315.03,552.42,136.78,193.68,1,-1,-1,-1
6,2,545.03,503.95,108.57,204.36,1,-1,-1,-1
6,3,831.34,558.43,164.60,214.83,1,-1,-1,-1
6,4,973.78,516.41,135.95,178.23,1,-1,-1,-1
6,5,1218.55,522.63,143.49,190.85,1,-1,-1,-1
6,6,701.75,425.15,109.95,206.81,1,-1,-1,-1
6,7,1427.06,559.39,108.19,181.96,1,-1,-1,-1
6,8,1053.30,445.59,111.30,181.35,1,-1,-1,-1
6,9,797.10,482.66,102.01,205.30,1,-1,-1,-1
6,10,702.89,425.74,111.65,204.83,1,-1,-1,-1
7,1,313.98,556.52,138.25,190.17,1,-1,-1,-1
7,2,547.50,496.88,104.11,208.41,1,-1,-1,-1
7,3,832.33,562.60,163.08,211.01,1,-1,-1,-1
7,4,975.62,518.86,133.35,175.89,1,-1,-1,-1
7,5,1220.58,532.14,141.71,181.25,1,-1,-1,-1
7,6,701.75,425.15,109.95,206.81,1,-1,-1,-1
7,7,1426.90,564.22,106.25,177.30,1,-1,-1,-1
7,8,1065.39,447.42,103.77,179.63,1,-1,-1,-1
7,9,796.09,486.35,102.59,201.07,1,-1,-1,-1
7,10,702.50,429.92,113.63,201.61,1,-1,-1,-1
8,1,312.50,576.93,138.13,170.35,1,-1,-1,-1
8,2,547.73,491.80,115.49,212.16,1,-1,-1,-1
8,3,831.52,562.66,165.47,210.84,1,-1,-1,-1
8,4,978.47,519.63,132.22,175.82,1,-1,-1,-1
8,5,1219.87,542.52,142.25,170.37,1,-1,-1,-1
8,6,701.75,425.15,109.95,206.81,1,-1,-1,-1
8,7,1423.90,567.76,107.34,174.90,1,-1,-1,-1
8,8,1064.09,446.99,108.71,179.69,1,-1,-1,-1
8,9,799.16,498.39,98.84,182.13,1,-1,-1,-1
8,10,701.76,437.93,115.49,194.39,1,-1,-1,-1
9,1,311.56,579.38,139.35,168.30,1,-1,-1,-1
9,2,548.64,496.53,118.23,210.90,1,-1,-1,-1
9,3,830.81,563.79,166.18,208.55,1,-1,-1,-1
9,4,978.21,519.07,134.24,177.81,1,-1,-1,-1
9,5,1220.20,543.28,141.70,169.91,1,-1,-1,-1
9,6,701.75,425.15,109.95,206.81,1,-1,-1,-1
9,7,1421.61,566.90,108.11,175.03,1,-1,-1,-1
9,8,1062.47,444.41,110.28,182.23,1,-1,-1,-1
9,9,801.48,499.93,96.78,176.51,1,-1,-1,-1
9,10,703.85,441.39,114.57,191.02,1,-1,-1,-1
10,1,314.07,578.06,136.42,169.79,1,-1,-1,-1
10,2,551.49,507.29,115.28,202.88,1,-1,-1,-1
10,3,825.28,564.37,172.08,208.25,1,-1,-1,-1
10,4,978.79,517.37,133.34,179.91,1,-1,-1,-1
10,5,1218.76,540.50,143.03,172.57,1,-1,-1,-1
10,7,1421.75,563.28,105.68,178.41,1,-1,-1,-1
10,8,1056.66,442.41,111.29,182.87,1,-1,-1,-1
10,9,795.97,504.77,99.92,177.51,1,-1,-1,-1
10,10,702.51,445.17,115.34,188.11,1,-1,-1,-1
10,11,803.75,503.57,83.22,137.78,1,-1,-1,-1
11,1,315.51,575.34,135.08,172.93,1,-1,-1,-1
11,2,552.84,508.17,114.96,203.01,1,-1,-1,-1
11,3,828.98,565.49,166.33,206.95,1,-1,-1,-1
11,4,979.72,517.17,132.47,180.72,1,-1,-1,-1
11,5,1220.77,538.84,141.97,175.39,1,-1,-1,-1
11,7,1423.63,561.53,103.42,180.19,1,-1,-1,-1
11,8,1052.68,439.60,114.57,185.29,1,-1,-1,-1
11,9,794.97,506.56,96.70,175.65,1,-1,-1,-1
11,10,701.56,442.03,115.18,191.31,1,-1,-1,-1
11,11,801.43,507.66,83.37,138.01,1,-1,-1,-1
12,1,317.17,568.38,133.00,178.66,1,-1,-1,-1
12,2,554.53,526.19,114.37,187.18,1,-1,-1,-1
12,3,830.01,564.08,165.36,206.28,1,-1,-1,-1
12,4,979.65,516.44,131.93,181.03,1,-1,-1,-1
12,5,1219.66,537.23,144.07,177.23,1,-1,-1,-1
12,7,1424.14,557.68,98.37,183.29,1,-1,-1,-1
12,8,1048.96,434.79,116.31,189.25,1,-1,-1,-1
12,9,794.36,508.65,98.84,172.83,1,-1,-1,-1
12,10,700.72,441.21,117.43,191.42,1,-1,-1,-1
12,11,801.43,507.66,83.37,138.01,1,-1,-1,-1
13,1,317.64,566.34,132.92,180.56,1,-1,-1,-1
13,2,555.12,530.96,114.85,183.02,1,-1,-1,-1
13,3,827.28,564.19,170.05,206.28,1,-1,-1,-1
13,4,979.27,516.63,132.28,180.87,1,-1,-1,-1
13,5,1220.44,537.87,143.03,176.52,1,-1,-1,-1
13,7,1425.24,557.63,95.45,182.85,1,-1,-1,-1
13,8,1047.18,432.98,112.58,190.49,1,-1,-1,-1
13,9,796.68,510.38,97.74,171.41,1,-1,-1,-1
13,10,700.24,442.76,119.28,189.48,1,-1,-1,-1
13,11,801.43,507.66,83.37,138.01,1,-1,-1,-1
14,1,317.50,561.02,132.91,185.99,1,-1,-1,-1
14,2,555.39,532.92,116.15,181.58,1,-1,-1,-1
14,3,829.90,565.26,163.72,205.61,1,-1,-1,-1
14,4,979.16,516.57,132.59,182.93,1,-1,-1,-1
14,5,1218.33,535.51,145.49,179.00,1,-1,-1,-1
14,7,1422.10,553.32,99.18,188.19,1,-1,-1,-1
14,8,1046.55,431.64,111.61,190.40,1,-1,-1,-1
14,9,797.86,511.29,96.71,175.14,1,-1,-1,-1
14,10,700.31,439.36,120.59,192.21,1,-1,-1,-1
14,11,801.43,507.66,83.37,138.01,1,-1,-1,-1
15,1,316.89,556.74,134.80,191.27,1,-1,-1,-1
15,2,555.92,533.86,115.41,180.36,1,-1,-1,-1
15,3,830.03,566.43,162.90,204.46,1,-1,-1,-1
15,4,980.17,516.53,132.07,182.35,1,-1,-1,-1
15,5,1219.81,535.28,143.50,179.16,1,-1,-1,-1
15,7,1421.40,553.40,100.05,187.53,1,-1,-1,-1
15,8,1045.69,431.60,110.61,190.37,1,-1,-1,-1
15,9,798.75,510.30,94.60,176.79,1,-1,-1,-1
15,10,700.49,439.04,120.41,192.75,1,-1,-1,-1
15,11,801.43,507.66,83.37,138.01,1,-1,-1,-1
16,1,318.50,553.48,132.60,194.16,1,-1,-1,-1
16,2,556.13,533.93,114.54,180.15,1,-1,-1,-1
16,3,830.29,564.19,162.32,207.08,1,-1,-1,-1
16,4,979.02,515.75,133.76,182.33,1,-1,-1,-1
16,5,1220.61,533.88,142.11,179.33,1,-1,-1,-1
16,7,1418.80,553.68,109.30,188.64,1,-1,-1,-1
16,8,1044.78,430.26,111.00,190.41,1,-1,-1,-1
16,9,798.63,510.06,94.00,177.67,1,-1,-1,-1
16,10,700.09,438.75,120.59,192.97,1,-1,-1,-1
16,11,801.43,507.66,83.37,138.01,1,-1,-1,-1
17,1,318.68,552.69,131.95,195.12,1,-1,-1,-1
17,2,555.89,533.20,114.14,180.93,1,-1,-1,-1
17,3,830.97,565.25,161.55,204.80,1,-1,-1,-1
17,4,979.41,514.26,133.61,182.89,1,-1,-1,-1
17,5,1221.07,523.15,141.70,189.80,1,-1,-1,-1
17,7,1421.51,553.16,108.09,189.70,1,-1,-1,-1
17,8,1045.05,430.57,111.16,189.86,1,-1,-1,-1
17,9,798.19,510.70,92.50,176.63,1,-1,-1,-1
17,10,699.96,440.16,118.77,191.49,1,-1,-1,-1
18,1,319.91,555.10,131.49,192.36,1,-1,-1,-1
18,2,556.58,532.76,114.64,181.64,1,-1,-1,-1
18,3,832.63,567.89,159.98,202.36,1,-1,-1,-1
18,4,979.57,511.22,133.95,186.46,1,-1,-1,-1
18,5,1218.23,516.82,142.73,193.73,1,-1,-1,-1
18,7,1423.60,561.40,106.00,185.46,1,-1,-1,-1
18,8,1043.12,430.78,112.30,189.99,1,-1,-1,-1
18,9,797.59,512.64,94.52,173.06,1,-1,-1,-1
18,10,700.28,437.91,113.76,194.01,1,-1,-1,-1
19,1,320.71,556.10,130.72,191.54,1,-1,-1,-1
19,2,556.75,530.76,115.58,183.90,1,-1,-1,-1
19,3,832.16,568.73,160.14,200.16,1,-1,-1,-1
19,4,979.96,511.96,135.13,184.82,1,-1,-1,-1
19,5,1215.67,515.55,141.86,192.99,1,-1,-1,-1
19,7,1425.44,562.53,103.71,183.39,1,-1,-1,-1
19,8,1041.15,431.27,113.50,189.54,1,-1,-1,-1
19,9,795.65,513.77,98.62,173.18,1,-1,-1,-1
19,10,699.74,434.36,113.37,197.47,1,-1,-1,-1
20,1,323.14,559.32,128.82,188.29,1,-1,-1,-1
20,2,557.11,529.54,114.49,184.77,1,-1,-1,-1
20,3,832.23,563.89,159.16,204.28,1,-1,-1,-1
20,4,986.45,516.57,133.97,182.88,1,-1,-1,-1
20,5,1213.14,519.09,139.38,190.45,1,-1,-1,-1
20,7,1425.89,567.13,105.85,179.31,1,-1,-1,-1
20,8,1041.55,436.08,111.93,183.87,1,-1,-1,-1
20,9,795.63,514.36,99.65,172.79,1,-1,-1,-1
20,10,699.98,436.74,111.38,194.84,1,-1,-1,-1
21,1,323.47,561.17,127.72,186.17,1,-1,-1,-1
21,2,557.31,526.76,114.49,187.06,1,-1,-1,-1
21,3,832.51,563.03,157.56,204.70,1,-1,-1,-1
21,4,987.84,519.17,133.15,180.71,1,-1,-1,-1
21,5,1211.18,521.04,140.85,189.91,1,-1,-1,-1
21,7,1425.55,569.41,106.69,177.65,1,-1,-1,-1
21,8,1042.55,438.86,112.79,181.67,1,-1,-1,-1
21,9,797.35,513.14,98.26,170.23,1,-1,-1,-1
21,10,700.26,442.59,109.76,189.24,1,-1,-1,-1
22,1,324.81,563.23,127.23,184.81,1,-1,-1,-1
22,2,558.58,519.00,112.88,195.62,1,-1,-1,-1
22,3,832.11,562.76,157.91,200.18,1,-1,-1,-1
22,4,989.51,527.93,130.69,173.83,1,-1,-1,-1
22,5,1211.18,530.10,138.24,181.51,1,-1,-1,-1
22,7,1425.63,570.35,105.09,176.65,1,-1,-1,-1
22,8,1041.70,441.65,117.85,181.87,1,-1,-1,-1
22,9,798.59,515.18,102.12,169.56,1,-1,-1,-1
22,10,700.54,447.31,109.30,184.24,1,-1,-1,-1
23,1,324.15,560.78,128.61,187.45,1,-1,-1,-1
23,2,558.72,515.58,113.17,198.60,1,-1,-1,-1
23,3,830.37,566.51,160.85,198.79,1,-1,-1,-1
23,4,989.20,530.18,131.66,171.78,1,-1,-1,-1
23,5,1212.15,530.33,136.89,181.64,1,-1,-1,-1
23,7,1425.61,569.94,104.66,177.89,1,-1,-1,-1
23,8,1042.18,442.11,120.13,182.01,1,-1,-1,-1
23,9,799.63,514.84,98.24,154.17,1,-1,-1,-1
23,10,700.62,446.62,110.49,185.12,1,-1,-1,-1
23,11,808.79,517.75,84.39,128.05,1,-1,-1,-1
24,1,323.82,556.06,128.54,192.62,1,-1,-1,-1
24,2,557.15,504.09,114.33,207.64,1,-1,-1,-1
24,3,832.84,575.40,159.93,189.56,1,-1,-1,-1
24,4,989.93,530.81,130.74,171.18,1,-1,-1,-1
24,5,1212.50,522.31,137.50,190.12,1,-1,-1,-1
24,7,1424.40,568.82,105.57,179.20,1,-1,-1,-1
24,8,1050.98,444.95,112.43,182.96,1,-1,-1,-1
24,9,799.95,511.77,98.63,172.42,1,-1,-1,-1
24,10,701.89,448.59,108.79,183.41,1,-1,-1,-1
24,11,808.79,517.75,84.39,128.05,1,-1,-1,-1
25,1,323.11,552.05,129.35,196.63,1,-1,-1,-1
25,2,557.49,498.13,114.16,213.61,1,-1,-1,-1
25,3,832.70,581.77,161.71,185.58,1,-1,-1,-1
25,4,990.52,531.96,130.05,168.97,1,-1,-1,-1
25,5,1212.92,520.73,137.58,191.70,1,-1,-1,-1
25,7,1424.33,569.07,106.96,179.09,1,-1,-1,-1
25,8,1055.82,446.07,107.12,181.78,1,-1,-1,-1
25,9,800.36,506.67,99.12,178.52,1,-1,-1,-1
25,10,703.11,448.68,107.27,182.95,1,-1,-1,-1
25,11,808.79,517.75,84.39,128.05,1,-1,-1,-1
26,1,327.81,546.15,126.79,200.26,1,-1,-1,-1
26,2,556.07,491.05,115.61,220.58,1,-1,-1,-1
26,3,827.11,568.68,167.06,197.95,1,-1,-1,-1
26,4,989.49,525.55,130.90,174.50,1,-1,-1,-1
26,5,1214.28,512.65,134.84,199.94,1,-1,-1,-1
26,7,1424.02,562.44,107.66,185.13,1,-1,-1,-1
26,8,1058.09,443.65,107.37,184.90,1,-1,-1,-1
26,9,799.82,495.80,97.45,190.72,1,-1,-1,-1
26,10,702.95,448.86,107.51,181.73,1,-1,-1,-1
26,11,808.79,517.75,84.39,128.05,1,-1,-1,-1
27,1,330.37,548.41,124.74,198.37,1,-1,-1,-1
27,2,555.25,489.69,116.86,221.36,1,-1,-1,-1
27,3,825.98,565.21,167.60,202.30,1,-1,-1,-1
27,4,988.93,516.56,129.43,182.97,1,-1,-1,-1
27,5,1213.09,505.40,136.16,207.63,1,-1,-1,-1
27,7,1423.85,556.88,108.88,190.00,1,-1,-1,-1
27,8,1056.93,442.23,107.73,186.37,1,-1,-1,-1
27,9,802.12,490.89,95.84,195.99,1,-1,-1,-1
27,10,703.52,447.30,106.03,183.26,1,-1,-1,-1
27,11,808.79,517.75,84.39,128.05,1,-1,-1,-1
28,1,331.58,550.30,124.92,197.58,1,-1,-1,-1
28,2,554.65,493.08,115.43,217.79,1,-1,-1,-1
28,3,825.52,563.50,168.18,204.61,1,-1,-1,-1
28,4,988.77,504.97,129.03,193.60,1,-1,-1,-1
28,5,1214.58,498.78,132.84,214.81,1,-1,-1,-1
28,7,1429.51,555.02,105.45,191.93,1,-1,-1,-1
28,8,1058.26,435.06,104.50,193.40,1,-1,-1,-1
28,9,800.20,482.15,104.39,203.68,1,-1,-1,-1
28,10,704.40,443.88,103.05,186.27,1,-1,-1,-1
28,11,808.79,517.75,84.39,128.05,1,-1,-1,-1
29,1,332.00,553.88,124.15,195.69,1,-1,-1,-1
29,2,555.09,500.42,113.67,209.64,1,-1,-1,-1
29,3,828.71,568.59,164.36,199.04,1,-1,-1,-1
29,4,988.34,502.39,130.66,197.62,1,-1,-1,-1
29,5,1214.92,500.07,130.79,212.95,1,-1,-1,-1
29,7,1433.30,558.08,102.68,189.41,1,-1,-1,-1
29,8,1054.78,432.13,108.89,196.18,1,-1,-1,-1
29,9,800.17,479.39,99.30,209.39,1,-1,-1,-1
29,10,704.63,442.03,97.95,188.24,1,-1,-1,-1
30,1,333.13,567.20,118.57,182.66,1,-1,-1,-1
30,2,558.32,509.84,109.39,200.69,1,-1,-1,-1
30,3,829.74,576.56,164.45,192.18,1,-1,-1,-1
30,4,988.73,502.61,129.91,199.88,1,-1,-1,-1
30,5,1214.81,506.50,130.67,206.25,1,-1,-1,-1
30,7,1433.55,562.46,99.16,184.97,1,-1,-1,-1
30,8,1053.17,434.37,106.02,193.64,1,-1,-1,-1
30,9,803.57,486.80,97.06,202.69,1,-1,-1,-1
30,10,705.95,442.00,95.28,187.82,1,-1,-1,-1
31,1,334.91,574.45,114.16,175.89,1,-1,-1,-1
31,2,558.67,511.00,108.39,199.35,1,-1,-1,-1
31,3,830.58,578.13,163.73,190.71,1,-1,-1,-1
31,4,987.34,505.38,131.53,196.61,1,-1,-1,-1
31,5,1214.92,504.05,130.04,208.29,1,-1,-1,-1
31,7,1433.04,563.13,100.14,184.50,1,-1,-1,-1
31,8,1052.79,436.13,107.64,192.24,1,-1,-1,-1
31,9,804.01,489.41,96.83,200.40,1,-1,-1,-1
31,10,706.19,441.94,94.98,187.57,1,-1,-1,-1
32,1,333.84,574.88,128.17,173.78,1,-1,-1,-1
32,2,559.03,501.21,108.39,209.25,1,-1,-1,-1
32,3,829.76,570.31,163.78,199.00,1,-1,-1,-1
32,4,988.87,507.42,129.15,193.03,1,-1,-1,-1
32,5,1214.54,499.92,128.93,213.43,1,-1,-1,-1
32,7,1427.60,573.70,103.46,174.81,1,-1,-1,-1
32,8,1053.74,437.49,107.27,190.61,1,-1,-1,-1
32,9,802.05,489.05,99.23,200.98,1,-1,-1,-1
32,10,706.36,441.58,94.68,188.40,1,-1,-1,-1
33,1,334.92,574.06,143.60,174.17,1,-1,-1,-1
33,2,559.55,498.03,105.95,212.19,1,-1,-1,-1
33,3,830.46,568.64,162.67,200.22,1,-1,-1,-1
33,4,988.97,508.15,128.39,191.31,1,-1,-1,-1
33,5,1214.79,500.96,128.06,212.23,1,-1,-1,-1
33,7,1424.94,578.45,105.14,169.80,1,-1,-1,-1
33,8,1055.80,437.55,104.49,190.72,1,-1,-1,-1
33,9,800.84,487.96,100.21,201.84,1,-1,-1,-1
33,10,706.05,441.80,94.50,187.97,1,-1,-1,-1
34,1,354.19,564.75,160.06,186.00,1,-1,-1,-1
34,2,558.95,492.05,104.95,217.27,1,-1,-1,-1
34,3,832.75,567.91,160.01,199.34,1,-1,-1,-1
34,4,988.52,508.55,129.51,190.48,1,-1,-1,-1
34,5,1215.09,505.03,127.24,207.78,1,-1,-1,-1
34,7,1414.21,578.75,115.65,170.57,1,-1,-1,-1
34,8,1057.02,437.85,102.28,189.89,1,-1,-1,-1
34,9,798.74,487.37,103.88,201.64,1,-1,-1,-1
34,10,705.10,442.19,94.80,187.25,1,-1,-1,-1
35,1,366.86,563.05,158.30,187.59,1,-1,-1,-1
35,2,559.19,489.49,104.78,220.16,1,-1,-1,-1
35,3,832.32,567.97,160.19,200.46,1,-1,-1,-1
35,4,988.40,509.07,128.26,190.29,1,-1,-1,-1
35,5,1215.77,507.92,127.07,204.61,1,-1,-1,-1
35,7,1403.43,576.74,125.39,173.42,1,-1,-1,-1
35,8,1057.78,434.97,102.46,192.68,1,-1,-1,-1
35,9,801.26,484.71,104.19,203.89,1,-1,-1,-1
35,10,703.75,442.42,97.43,187.41,1,-1,-1,-1
36,1,385.96,558.04,156.90,196.89,1,-1,-1,-1
36,2,559.08,492.17,118.70,216.98,1,-1,-1,-1
36,3,831.27,565.45,161.44,204.44,1,-1,-1,-1
36,4,990.06,508.92,124.90,191.17,1,-1,-1,-1
36,5,1213.75,519.11,130.09,191.88,1,-1,-1,-1
36,7,1391.58,575.19,129.94,174.04,1,-1,-1,-1
36,8,1054.93,432.07,108.53,195.30,1,-1,-1,-1
36,9,803.64,480.80,102.48,208.29,1,-1,-1,-1
36,10,702.27,443.42,99.82,186.45,1,-1,-1,-1
37,1,393.14,550.37,156.16,200.78,1,-1,-1,-1
37,2,560.39,492.92,122.67,215.92,1,-1,-1,-1
37,3,829.28,560.95,162.38,207.88,1,-1,-1,-1
37,4,991.16,510.08,123.83,191.46,1,-1,-1,-1
37,5,1211.17,523.02,132.10,188.16,1,-1,-1,-1
37,7,1381.65,568.26,125.73,179.11,1,-1,-1,-1
37,8,1053.77,430.05,109.62,197.24,1,-1,-1,-1
37,9,803.95,479.14,101.32,210.11,1,-1,-1,-1
37,10,699.94,442.11,105.35,188.21,1,-1,-1,-1
38,1,408.08,542.41,154.54,208.45,1,-1,-1,-1
38,2,573.03,492.92,116.02,213.95,1,-1,-1,-1
38,3,826.18,553.25,164.28,212.26,1,-1,-1,-1
38,4,1002.99,517.58,112.10,184.84,1,-1,-1,-1
38,5,1193.99,524.47,148.77,189.07,1,-1,-1,-1
38,7,1366.13,552.51,108.72,195.27,1,-1,-1,-1
38,8,1049.36,433.26,112.40,194.25,1,-1,-1,-1
38,9,804.14,476.57,101.77,211.13,1,-1,-1,-1
38,10,701.42,439.70,108.18,192.09,1,-1,-1,-1
39,1,422.95,544.01,142.17,209.66,1,-1,-1,-1
39,2,583.40,492.87,122.12,212.73,1,-1,-1,-1
39,3,825.96,551.87,156.84,213.13,1,-1,-1,-1
39,4,1009.09,524.74,106.95,179.69,1,-1,-1,-1
39,5,1188.81,521.99,152.41,192.12,1,-1,-1,-1
39,7,1362.12,543.63,96.98,203.26,1,-1,-1,-1
39,8,1043.47,438.11,117.94,190.58,1,-1,-1,-1
39,9,806.19,475.75,98.76,212.45,1,-1,-1,-1
39,10,703.82,432.49,109.10,199.74,1,-1,-1,-1
40,1,445.27,552.33,115.23,201.99,1,-1,-1,-1
40,2,596.23,488.68,120.10,213.02,1,-1,-1,-1
40,3,842.26,551.91,122.00,212.39,1,-1,-1,-1
40,4,1017.06,532.71,98.44,173.35,1,-1,-1,-1
40,5,1184.86,519.30,154.05,199.01,1,-1,-1,-1
40,7,1340.47,539.89,105.71,218.95,1,-1,-1,-1
40,8,1016.08,441.76,136.99,194.09,1,-1,-1,-1
40,9,807.91,475.80,104.90,216.14,1,-1,-1,-1
40,10,708.86,429.42,113.63,199.81,1,-1,-1,-1
40,11,805.25,479.31,102.37,204.23,1,-1,-1,-1
41,1,464.48,555.91,99.58,203.76,1,-1,-1,-1
41,2,599.68,484.59,121.41,215.22,1,-1,-1,-1
41,3,844.27,553.50,113.86,208.08,1,-1,-1,-1
41,4,1017.44,534.08,98.09,173.82,1,-1,-1,-1
41,5,1180.40,516.03,154.94,204.80,1,-1,-1,-1
41,7,1336.44,533.72,100.59,225.34,1,-1,-1,-1
41,8,996.06,439.92,159.22,202.69,1,-1,-1,-1
41,9,808.13,476.59,104.60,217.95,1,-1,-1,-1
41,10,711.80,433.79,117.15,194.47,1,-1,-1,-1
41,11,805.25,479.31,102.37,204.23,1,-1,-1,-1
42,1,482.89,562.70,118.51,203.57,1,-1,-1,-1
42,2,613.39,487.42,118.52,210.19,1,-1,-1,-1
42,3,845.31,552.44,105.88,211.11,1,-1,-1,-1
42,4,1022.64,536.44,96.49,174.98,1,-1,-1,-1
42,5,1171.64,520.41,149.79,202.38,1,-1,-1,-1
42,7,1318.84,553.88,93.21,209.42,1,-1,-1,-1
42,8,995.98,441.86,162.39,192.07,1,-1,-1,-1
42,9,810.30,474.29,115.01,213.82,1,-1,-1,-1
42,10,718.21,445.50,120.50,182.39,1,-1,-1,-1
42,11,805.25,479.31,102.37,204.23,1,-1,-1,-1
43,1,485.79,567.05,127.68,203.66,1,-1,-1,-1
43,2,625.89,488.03,116.78,205.81,1,-1,-1,-1
43,3,844.54,553.31,104.35,208.75,1,-1,-1,-1
43,4,1022.38,537.47,97.08,177.13,1,-1,-1,-1
43,5,1168.39,524.64,92.06,197.68,1,-1,-1,-1
43,7,1300.73,558.52,103.10,208.24,1,-1,-1,-1
43,8,998.94,435.08,161.32,196.06,1,-1,-1,-1
43,9,812.39,477.78,111.09,213.13,1,-1,-1,-1
43,10,720.72,452.92,123.11,175.37,1,-1,-1,-1
43,11,805.25,479.31,102.37,204.23,1,-1,-1,-1
44,1,498.25,570.51,121.27,202.96,1,-1,-1,-1
44,2,634.61,489.99,123.73,203.47,1,-1,-1,-1
44,3,847.75,554.28,102.13,210.24,1,-1,-1,-1
44,4,1022.49,532.27,98.08,188.12,1,-1,-1,-1
44,5,1153.92,527.42,96.43,195.13,1,-1,-1,-1
44,7,1271.15,572.62,133.57,196.35,1,-1,-1,-1
44,8,1009.70,426.36,128.35,200.92,1,-1,-1,-1
44,9,808.74,479.53,119.74,209.03,1,-1,-1,-1
44,10,736.38,454.92,126.30,175.24,1,-1,-1,-1
44,11,805.25,479.31,102.37,204.23,1,-1,-1,-1
45,1,514.94,570.90,106.12,203.74,1,-1,-1,-1
45,2,643.37,489.09,124.89,200.87,1,-1,-1,-1
45,3,850.39,557.37,100.65,197.88,1,-1,-1,-1
45,4,1019.61,532.38,95.83,187.35,1,-1,-1,-1
45,5,1152.78,516.73,97.98,203.42,1,-1,-1,-1
45,7,1267.05,578.66,136.06,192.71,1,-1,-1,-1
45,8,1017.51,422.53,104.27,204.82,1,-1,-1,-1
45,9,815.02,481.81,113.11,205.85,1,-1,-1,-1
45,10,751.34,453.52,111.77,174.37,1,-1,-1,-1
45,11,805.25,479.31,102.37,204.23,1,-1,-1,-1
46,1,560.06,570.50,71.61,205.05,1,-1,-1,-1
46,2,665.65,486.80,119.24,201.27,1,-1,-1,-1
46,3,851.30,549.59,98.27,209.30,1,-1,-1,-1
46,4,1010.30,532.55,90.33,192.63,1,-1,-1,-1
46,5,1132.39,509.21,104.48,211.68,1,-1,-1,-1
46,7,1258.72,584.69,128.90,190.86,1,-1,-1,-1
46,8,1015.39,415.20,77.60,195.40,1,-1,-1,-1
46,9,840.73,485.70,93.49,191.13,1,-1,-1,-1
46,10,765.74,451.98,86.51,176.84,1,-1,-1,-1
46,11,830.53,482.99,97.20,197.25,1,-1,-1,-1
47,1,573.14,568.00,79.66,208.14,1,-1,-1,-1
47,2,671.13,480.20,135.33,207.43,1,-1,-1,-1
47,3,849.23,550.84,99.13,204.12,1,-1,-1,-1
47,4,1004.24,530.17,91.83,196.36,1,-1,-1,-1
47,5,1118.88,499.39,115.66,223.41,1,-1,-1,-1
47,7,1254.31,587.06,118.87,187.67,1,-1,-1,-1
47,8,1012.03,414.92,66.93,187.38,1,-1,-1,-1
47,9,840.73,485.70,93.49,191.13,1,-1,-1,-1
47,10,771.02,451.18,85.27,182.58,1,-1,-1,-1
47,11,845.45,482.20,88.14,199.80,1,-1,-1,-1
47,12,1014.98,415.64,73.32,187.77,1,-1,-1,-1
48,1,576.96,558.40,104.17,217.04,1,-1,-1,-1
48,2,688.81,476.70,130.13,207.24,1,-1,-1,-1
48,3,850.97,546.56,95.15,199.07,1,-1,-1,-1
48,4,996.18,524.22,97.95,199.91,1,-1,-1,-1
48,5,1103.61,493.06,122.74,233.57,1,-1,-1,-1
48,7,1239.78,585.00,87.31,191.53,1,-1,-1,-1
48,8,1003.15,415.52,64.35,186.44,1,-1,-1,-1
48,9,844.88,479.00,93.96,204.01,1,-1,-1,-1
48,10,781.36,452.48,85.12,183.86,1,-1,-1,-1
48,11,845.45,482.20,88.14,199.80,1,-1,-1,-1
48,12,1014.98,415.64,73.32,187.77,1,-1,-1,-1
49,1,584.76,555.09,109.41,218.56,1,-1,-1,-1
49,2,704.26,478.18,118.38,198.60,1,-1,-1,-1
49,3,853.61,545.48,93.09,198.01,1,-1,-1,-1
49,4,991.45,518.93,108.53,204.94,1,-1,-1,-1
49,5,1093.00,498.78,122.36,229.74,1,-1,-1,-1
49,7,1222.98,583.51,83.17,190.19,1,-1,-1,-1
49,8,1003.15,415.52,64.35,186.44,1,-1,-1,-1
49,9,850.58,478.09,90.52,193.62,1,-1,-1,-1
49,10,784.83,449.26,85.25,191.27,1,-1,-1,-1
49,11,845.45,482.20,88.14,199.80,1,-1,-1,-1
49,12,1014.98,415.64,73.32,187.77,1,-1,-1,-1
50,1,608.61,552.59,112.80,216.09,1,-1,-1,-1
50,2,729.80,477.96,103.67,195.32,1,-1,-1,-1
50,3,855.07,536.17,92.47,204.08,1,-1,-1,-1
50,4,982.13,516.57,113.25,204.61,1,-1,-1,-1
50,5,1078.49,507.85,113.54,225.64,1,-1,-1,-1
50,7,1192.28,578.16,100.90,194.43,1,-1,-1,-1
50,8,1003.15,415.52,64.35,186.44,1,-1,-1,-1
50,9,850.58,478.09,90.52,193.62,1,-1,-1,-1
50,10,795.33,444.80,79.56,189.23,1,-1,-1,-1
50,11,851.34,476.48,93.21,206.27,1,-1,-1,-1
50,12,966.90,411.31,87.10,208.65,1,-1,-1,-1
51,1,625.02,547.61,109.06,222.50,1,-1,-1,-1
51,2,742.17,473.18,109.62,196.36,1,-1,-1,-1
51,3,855.17,533.96,91.97,204.41,1,-1,-1,-1
51,4,982.10,516.23,111.67,209.56,1,-1,-1,-1
51,5,1070.73,513.47,93.23,223.40,1,-1,-1,-1
51,7,1169.21,572.09,113.49,202.08,1,-1,-1,-1
51,8,954.49,413.41,95.71,202.53,1,-1,-1,-1
51,9,849.82,474.24,94.61,192.81,1,-1,-1,-1
51,10,802.66,441.49,74.71,184.03,1,-1,-1,-1
51,11,851.34,476.48,93.21,206.27,1,-1,-1,-1
51,12,966.90,411.31,87.10,208.65,1,-1,-1,-1
52,1,645.87,549.42,115.20,224.13,1,-1,-1,-1
52,2,763.12,468.73,101.16,195.79,1,-1,-1,-1
52,3,852.15,530.69,97.25,205.90,1,-1,-1,-1
52,4,980.53,518.70,97.53,209.98,1,-1,-1,-1
52,5,1062.82,524.36,72.55,210.21,1,-1,-1,-1
52,7,1141.60,569.68,101.30,203.74,1,-1,-1,-1
52,8,941.66,416.34,94.04,201.57,1,-1,-1,-1
52,9,847.18,476.07,100.40,196.39,1,-1,-1,-1
52,10,808.69,437.25,76.00,190.21,1,-1,-1,-1
52,11,851.34,476.48,93.21,206.27,1,-1,-1,-1
52,12,966.90,411.31,87.10,208.65,1,-1,-1,-1
53,1,662.84,554.23,113.26,221.54,1,-1,-1,-1
53,2,772.40,466.16,99.93,207.71,1,-1,-1,-1
53,3,850.17,528.94,96.59,208.44,1,-1,-1,-1
53,4,978.68,526.47,92.31,204.33,1,-1,-1,-1
53,5,1037.44,518.39,92.02,213.29,1,-1,-1,-1
53,7,1123.08,568.55,105.99,207.53,1,-1,-1,-1
53,8,939.95,418.52,86.92,200.46,1,-1,-1,-1
53,9,847.18,476.07,100.40,196.39,1,-1,-1,-1
53,10,808.75,432.35,82.93,198.57,1,-1,-1,-1
53,11,851.34,476.48,93.21,206.27,1,-1,-1,-1
53,12,966.90,411.31,87.10,208.65,1,-1,-1,-1
54,1,675.11,566.95,138.39,213.64,1,-1,-1,-1
54,2,784.29,470.45,98.90,207.76,1,-1,-1,-1
54,3,849.08,532.58,95.27,203.98,1,-1,-1,-1
54,4,964.46,533.12,102.33,205.81,1,-1,-1,-1
54,5,1022.04,508.69,101.77,221.72,1,-1,-1,-1
54,7,1083.69,577.66,119.51,206.67,1,-1,-1,-1
54,8,938.38,425.31,82.54,193.78,1,-1,-1,-1
54,9,853.22,481.91,89.24,193.90,1,-1,-1,-1
54,10,823.69,440.21,72.14,187.37,1,-1,-1,-1
54,11,851.34,476.48,93.21,206.27,1,-1,-1,-1
54,12,966.90,411.31,87.10,208.65,1,-1,-1,-1
55,1,687.98,572.49,138.55,207.26,1,-1,-1,-1
55,2,800.07,471.10,98.91,209.43,1,-1,-1,-1
55,3,849.33,529.40,90.96,200.67,1,-1,-1,-1
55,4,960.11,539.67,105.23,204.28,1,-1,-1,-1
55,5,1019.21,504.85,100.65,221.38,1,-1,-1,-1
55,7,1068.29,580.84,127.65,202.25,1,-1,-1,-1
55,8,938.69,426.62,79.14,195.06,1,-1,-1,-1
55,9,854.36,483.65,84.37,194.48,1,-1,-1,-1
55,10,812.36,442.47,79.11,187.69,1,-1,-1,-1
55,11,851.34,476.48,93.21,206.27,1,-1,-1,-1
55,12,966.90,411.31,87.10,208.65,1,-1,-1,-1
56,1,694.40,578.61,147.30,205.00,1,-1,-1,-1
56,2,800.07,471.10,98.91,209.43,1,-1,-1,-1
56,3,844.73,531.90,95.13,200.62,1,-1,-1,-1
56,4,952.37,551.78,101.21,205.65,1,-1,-1,-1
56,5,1002.86,502.91,85.60,213.51,1,-1,-1,-1
56,7,1032.22,589.12,146.39,198.81,1,-1,-1,-1
56,8,927.02,421.60,81.42,194.91,1,-1,-1,-1
56,9,849.13,480.12,87.87,195.44,1,-1,-1,-1
56,10,817.19,446.92,78.53,160.46,1,-1,-1,-1
57,1,699.24,580.54,144.00,204.04,1,-1,-1,-1
57,2,820.02,449.98,84.02,213.77,1,-1,-1,-1
57,3,844.14,525.13,92.53,205.49,1,-1,-1,-1
57,4,949.94,553.48,90.74,205.42,1,-1,-1,-1
57,5,988.30,503.01,91.69,222.45,1,-1,-1,-1
57,7,1022.80,591.98,149.77,197.29,1,-1,-1,-1
57,8,924.59,416.07,77.90,196.61,1,-1,-1,-1
57,9,847.79,479.16,87.74,204.05,1,-1,-1,-1
57,10,821.31,448.89,76.10,174.64,1,-1,-1,-1
58,1,717.53,581.37,133.58,197.96,1,-1,-1,-1
58,2,829.65,445.69,84.10,185.06,1,-1,-1,-1
58,3,850.36,528.05,80.78,201.12,1,-1,-1,-1
58,4,945.58,557.98,77.89,203.24,1,-1,-1,-1
58,5,980.38,511.70,75.90,203.56,1,-1,-1,-1
58,7,1020.79,598.61,130.42,191.43,1,-1,-1,-1
58,8,920.60,410.68,74.57,189.10,1,-1,-1,-1
58,9,851.04,478.03,80.05,198.09,1,-1,-1,-1
58,10,821.31,448.89,76.10,174.64,1,-1,-1,-1
59,1,737.76,582.22,125.54,198.10,1,-1,-1,-1
59,2,833.26,444.49,83.81,180.29,1,-1,-1,-1
59,3,851.42,529.11,78.42,198.46,1,-1,-1,-1
59,4,941.28,559.81,73.43,200.66,1,-1,-1,-1
59,5,974.60,514.59,72.04,186.28,1,-1,-1,-1
59,7,1020.04,597.32,107.79,191.15,1,-1,-1,-1
59,8,915.08,407.89,74.80,189.52,1,-1,-1,-1
59,9,853.25,479.67,77.85,200.04,1,-1,-1,-1
59,10,821.31,448.89,76.10,174.64,1,-1,-1,-1
60,1,765.36,568.95,96.74,213.96,1,-1,-1,-1
60,2,838.15,442.44,83.08,176.84,1,-1,-1,-1
60,3,846.85,523.71,82.70,201.58,1,-1,-1,-1
60,4,925.07,557.29,82.09,205.58,1,-1,-1,-1
60,5,958.44,516.45,70.09,186.40,1,-1,-1,-1
60,7,998.67,590.38,93.94,200.70,1,-1,-1,-1
60,8,909.18,407.87,74.75,204.96,1,-1,-1,-1
60,9,850.06,473.77,79.95,198.20,1,-1,-1,-1
60,10,821.31,448.89,76.10,174.64,1,-1,-1,-1
61,1,780.45,563.51,81.03,219.56,1,-1,-1,-1
61,2,840.76,444.59,75.44,171.76,1,-1,-1,-1
61,3,846.93,519.89,81.25,202.59,1,-1,-1,-1
61,4,920.59,556.21,84.86,207.81,1,-1,-1,-1
61,5,954.61,514.00,68.48,190.07,1,-1,-1,-1
61,7,985.96,587.54,100.00,203.16,1,-1,-1,-1
61,8,902.25,408.80,79.02,214.87,1,-1,-1,-1
61,9,850.73,468.85,79.28,213.99,1,-1,-1,-1
61,10,821.31,448.89,76.10,174.64,1,-1,-1,-1
62,1,793.59,557.94,82.18,223.47,1,-1,-1,-1
62,2,846.99,447.75,81.45,175.96,1,-1,-1,-1
62,3,849.08,515.48,79.04,205.27,1,-1,-1,-1
62,4,912.79,544.81,86.38,205.97,1,-1,-1,-1
62,5,945.73,511.27,67.79,179.31,1,-1,-1,-1
62,7,964.43,582.79,113.35,207.13,1,-1,-1,-1
62,8,900.13,416.40,74.28,189.59,1,-1,-1,-1
62,9,850.73,468.85,79.28,213.99,1,-1,-1,-1
62,10,821.31,448.89,76.10,174.64,1,-1,-1,-1
63,1,799.58,557.96,86.95,224.81,1,-1,-1,-1
63,2,846.52,446.29,80.37,170.65,1,-1,-1,-1
63,3,850.00,514.03,77.33,205.13,1,-1,-1,-1
63,4,909.56,542.63,79.40,186.09,1,-1,-1,-1
63,5,939.05,510.52,74.91,191.33,1,-1,-1,-1
63,7,950.67,579.96,127.04,210.30,1,-1,-1,-1
63,8,897.32,416.93,69.16,169.49,1,-1,-1,-1
63,9,848.73,508.92,79.90,208.93,1,-1,-1,-1
63,10,842.78,447.24,76.94,165.74,1,-1,-1,-1
64,1,811.60,559.93,98.62,227.53,1,-1,-1,-1
64,2,846.16,445.17,75.15,154.42,1,-1,-1,-1
64,3,848.29,509.28,84.37,223.44,1,-1,-1,-1
64,4,903.63,543.89,78.47,180.56,1,-1,-1,-1
64,5,935.59,512.94,70.11,182.17,1,-1,-1,-1
64,7,920.15,578.00,150.27,226.90,1,-1,-1,-1
64,8,893.84,424.56,66.59,152.60,1,-1,-1,-1
64,9,848.73,508.92,79.90,208.93,1,-1,-1,-1
64,10,842.78,447.24,76.94,165.74,1,-1,-1,-1
65,1,818.32,563.25,104.35,221.67,1,-1,-1,-1
65,2,846.16,445.17,75.15,154.42,1,-1,-1,-1
65,3,850.75,508.42,77.40,205.45,1,-1,-1,-1
65,4,900.06,546.92,75.67,172.81,1,-1,-1,-1
65,5,933.41,516.95,68.06,171.15,1,-1,-1,-1
65,7,912.38,584.84,152.96,222.34,1,-1,-1,-1
65,8,891.03,429.35,65.92,146.17,1,-1,-1,-1
65,9,848.73,508.92,79.90,208.93,1,-1,-1,-1
65,10,846.70,441.45,80.94,165.81,1,-1,-1,-1
66,1,832.50,573.17,94.04,218.93,1,-1,-1,-1
66,2,846.16,445.17,75.15,154.42,1,-1,-1,-1
66,3,866.13,548.42,111.20,244.28,1,-1,-1,-1
66,4,889.07,547.15,85.22,220.24,1,-1,-1,-1
66,5,922.01,517.69,68.78,172.82,1,-1,-1,-1
66,7,876.15,594.01,174.40,217.75,1,-1,-1,-1
66,8,891.03,429.35,65.92,146.17,1,-1,-1,-1
66,9,850.13,508.91,81.95,202.47,1,-1,-1,-1
66,10,849.39,443.66,85.35,164.23,1,-1,-1,-1
67,1,837.78,581.03,91.66,221.37,1,-1,-1,-1
67,2,846.16,445.17,75.15,154.42,1,-1,-1,-1
67,3,863.14,556.64,119.27,248.64,1,-1,-1,-1
67,4,883.91,552.51,90.21,223.80,1,-1,-1,-1
67,5,916.83,519.44,72.24,179.89,1,-1,-1,-1
67,7,868.69,603.74,173.85,211.34,1,-1,-1,-1
67,8,891.03,429.35,65.92,146.17,1,-1,-1,-1
67,9,839.95,510.74,95.68,225.62,1,-1,-1,-1
67,10,850.41,445.32,85.53,161.62,1,-1,-1,-1
67,11,844.31,505.23,92.27,215.24,1,-1,-1,-1
68,1,839.26,592.09,97.12,216.46,1,-1,-1,-1
68,2,846.16,445.17,75.15,154.42,1,-1,-1,-1
68,3,863.14,556.64,119.27,248.64,1,-1,-1,-1
68,4,874.43,563.84,92.05,184.61,1,-1,-1,-1
68,5,916.83,519.44,72.24,179.89,1,-1,-1,-1
68,7,860.20,615.48,148.99,200.30,1,-1,-1,-1
68,8,891.03,429.35,65.92,146.17,1,-1,-1,-1
68,9,839.95,510.74,95.68,225.62,1,-1,-1,-1
68,10,847.03,459.93,89.30,164.34,1,-1,-1,-1
68,11,844.31,505.23,92.27,215.24,1,-1,-1,-1
69,1,838.98,586.38,101.73,226.87,1,-1,-1,-1
69,2,846.16,445.17,75.15,154.42,1,-1,-1,-1
69,3,856.15,610.03,125.99,203.08,1,-1,-1,-1
69,4,870.79,563.89,94.44,197.52,1,-1,-1,-1
69,5,904.80,508.26,81.98,177.37,1,-1,-1,-1
69,7,860.20,615.48,148.99,200.30,1,-1,-1,-1
69,8,891.03,429.35,65.92,146.17,1,-1,-1,-1
69,9,839.95,510.74,95.68,225.62,1,-1,-1,-1
69,10,847.03,459.93,89.30,164.34,1,-1,-1,-1
69,11,844.31,505.23,92.27,215.24,1,-1,-1,-1
70,1,834.67,577.41,118.39,237.96,1,-1,-1,-1
70,2,853.86,438.67,90.67,158.52,1,-1,-1,-1
70,3,856.15,610.03,125.99,203.08,1,-1,-1,-1
70,4,861.19,561.16,101.60,214.62,1,-1,-1,-1
70,5,898.56,508.21,82.47,183.57,1,-1,-1,-1
70,7,860.20,615.48,148.99,200.30,1,-1,-1,-1
70,8,891.03,429.35,65.92,146.17,1,-1,-1,-1
70,9,837.84,502.23,92.36,189.00,1,-1,-1,-1
70,10,847.03,459.93,89.30,164.34,1,-1,-1,-1
70,11,844.31,505.23,92.27,215.24,1,-1,-1,-1
71,1,833.15,567.58,123.20,248.45,1,-1,-1,-1
71,2,852.24,435.15,103.65,185.72,1,-1,-1,-1
71,3,856.15,610.03,125.99,203.08,1,-1,-1,-1
71,4,882.65,594.96,88.68,193.18,1,-1,-1,-1
71,5,880.34,499.11,100.52,233.57,1,-1,-1,-1
71,7,860.20,615.48,148.99,200.30,1,-1,-1,-1
71,9,837.84,502.23,92.36,189.00,1,-1,-1,-1
71,10,851.94,435.72,114.26,189.66,1,-1,-1,-1
71,11,837.79,498.50,106.87,246.73,1,-1,-1,-1
72,1,843.03,589.94,110.02,227.57,1,-1,-1,-1
72,2,852.24,435.15,103.65,185.72,1,-1,-1,-1
72,3,856.15,610.03,125.99,203.08,1,-1,-1,-1
72,4,882.65,594.96,88.68,193.18,1,-1,-1,-1
72,5,891.10,506.32,96.97,216.40,1,-1,-1,-1
72,7,860.20,615.48,148.99,200.30,1,-1,-1,-1
72,9,837.84,502.23,92.36,189.00,1,-1,-1,-1
72,10,851.94,435.72,114.26,189.66,1,-1,-1,-1
72,11,837.79,498.50,106.87,246.73,1,-1,-1,-1
73,1,849.85,594.21,106.27,223.24,1,-1,-1,-1
73,2,872.09,442.48,90.93,166.04,1,-1,-1,-1
73,3,856.15,610.03,125.99,203.08,1,-1,-1,-1
73,4,882.65,594.96,88.68,193.18,1,-1,-1,-1
73,5,910.26,489.64,87.05,200.14,1,-1,-1,-1
73,7,860.20,615.48,148.99,200.30,1,-1,-1,-1
73,9,898.88,486.79,93.78,198.49,1,-1,-1,-1
73,10,805.54,469.77,122.28,150.68,1,-1,-1,-1
73,11,867.86,493.59,120.25,223.05,1,-1,-1,-1
74,1,857.68,598.88,110.21,214.65,1,-1,-1,-1
74,2,826.90,416.16,75.86,180.39,1,-1,-1,-1
74,3,856.15,610.03,125.99,203.08,1,-1,-1,-1
74,4,882.65,594.96,88.68,193.18,1,-1,-1,-1
74,5,910.26,489.64,87.05,200.14,1,-1,-1,-1
74,9,911.40,490.56,117.43,175.14,1,-1,-1,-1
74,10,786.07,467.46,109.50,179.96,1,-1,-1,-1
74,11,867.86,493.59,120.25,223.05,1,-1,-1,-1
75,1,810.29,563.90,126.55,211.28,1,-1,-1,-1
75,2,817.77,414.60,74.88,192.22,1,-1,-1,-1
75,4,867.32,603.31,107.12,202.90,1,-1,-1,-1
75,5,880.92,506.88,102.63,209.07,1,-1,-1,-1
75,8,885.63,444.58,85.08,192.40,1,-1,-1,-1
75,9,919.20,487.37,117.12,174.71,1,-1,-1,-1
75,10,778.78,466.60,106.89,199.87,1,-1,-1,-1
75,11,877.80,503.46,105.66,216.50,1,-1,-1,-1
76,1,811.58,548.45,112.03,220.71,1,-1,-1,-1
76,2,817.77,414.60,74.88,192.22,1,-1,-1,-1
76,4,864.29,599.59,121.03,211.86,1,-1,-1,-1
76,5,880.92,506.88,102.63,209.07,1,-1,-1,-1
76,8,885.63,444.58,85.08,192.40,1,-1,-1,-1
76,9,932.36,487.42,126.69,176.95,1,-1,-1,-1
76,10,761.94,465.73,114.60,207.87,1,-1,-1,-1
76,11,883.16,498.74,107.43,238.20,1,-1,-1,-1
77,1,812.72,551.28,110.85,214.36,1,-1,-1,-1
77,2,790.21,420.77,99.84,219.85,1,-1,-1,-1
77,4,863.78,594.79,128.61,217.30,1,-1,-1,-1
77,5,880.92,506.88,102.63,209.07,1,-1,-1,-1
77,8,896.33,440.40,69.93,177.87,1,-1,-1,-1
77,9,940.93,490.17,126.61,183.06,1,-1,-1,-1
77,10,758.38,467.44,115.49,208.91,1,-1,-1,-1
77,11,886.12,500.15,116.97,232.59,1,-1,-1,-1
77,13,839.01,500.73,89.26,213.44,1,-1,-1,-1
78,1,813.11,550.04,112.94,214.01,1,-1,-1,-1
78,2,788.37,420.95,100.60,213.79,1,-1,-1,-1
78,4,860.39,598.73,132.42,211.86,1,-1,-1,-1
78,5,880.92,506.88,102.63,209.07,1,-1,-1,-1
78,8,904.01,444.69,81.56,185.27,1,-1,-1,-1
78,9,943.10,490.22,136.47,198.11,1,-1,-1,-1
78,10,755.20,483.59,110.16,192.35,1,-1,-1,-1
78,11,889.14,506.45,122.54,231.65,1,-1,-1,-1
78,13,836.08,504.56,98.13,192.34,1,-1,-1,-1
79,1,810.88,550.90,123.81,214.03,1,-1,-1,-1
79,2,775.63,419.49,106.90,206.98,1,-1,-1,-1
79,4,861.73,593.92,129.03,215.81,1,-1,-1,-1
79,5,826.38,502.23,121.47,220.98,1,-1,-1,-1
79,8,905.95,442.92,85.44,191.17,1,-1,-1,-1
79,9,945.91,491.26,134.32,198.07,1,-1,-1,-1
79,10,751.29,483.74,109.45,194.29,1,-1,-1,-1
79,11,887.21,505.02,126.10,238.75,1,-1,-1,-1
79,13,833.87,504.26,103.29,200.43,1,-1,-1,-1
80,1,806.03,559.72,119.27,214.73,1,-1,-1,-1
80,2,775.57,422.92,87.79,183.95,1,-1,-1,-1
80,4,859.92,603.11,126.88,208.47,1,-1,-1,-1
80,5,826.38,502.23,121.47,220.98,1,-1,-1,-1
80,8,911.21,445.26,84.20,174.63,1,-1,-1,-1
80,9,958.45,493.26,122.59,197.90,1,-1,-1,-1
80,10,751.43,478.35,115.03,201.34,1,-1,-1,-1
80,11,899.87,511.83,109.97,230.09,1,-1,-1,-1
80,13,854.24,514.46,82.79,186.88,1,-1,-1,-1
81,1,797.89,562.74,127.58,211.19,1,-1,-1,-1
81,2,773.05,424.13,88.49,188.59,1,-1,-1,-1
81,4,858.49,607.16,128.89,204.12,1,-1,-1,-1
81,5,826.38,502.23,121.47,220.98,1,-1,-1,-1
81,8,914.86,446.11,89.81,173.53,1,-1,-1,-1
81,9,960.80,494.16,121.02,197.68,1,-1,-1,-1
81,10,753.51,471.86,110.20,207.32,1,-1,-1,-1
81,11,898.72,512.70,114.07,221.71,1,-1,-1,-1
81,13,844.18,517.96,91.20,199.39,1,-1,-1,-1
82,1,793.44,565.81,120.08,199.81,1,-1,-1,-1
82,2,768.03,422.74,84.95,186.87,1,-1,-1,-1
82,4,865.93,607.58,120.78,203.61,1,-1,-1,-1
82,5,813.11,560.23,95.53,172.94,1,-1,-1,-1
82,6,763.85,424.13,88.15,203.28,1,-1,-1,-1
82,7,833.97,581.50,118.46,211.65,1,-1,-1,-1
82,8,922.19,445.02,84.29,177.29,1,-1,-1,-1
82,9,966.00,493.93,114.10,198.13,1,-1,-1,-1
82,10,753.06,470.56,106.21,208.18,1,-1,-1,-1
82,11,902.45,511.15,109.84,220.23,1,-1,-1,-1
82,13,845.51,513.27,91.46,184.45,1,-1,-1,-1
83,1,789.33,563.42,120.65,199.50,1,-1,-1,-1
83,2,767.46,423.29,81.21,188.65,1,-1,-1,-1
83,3,835.36,577.47,116.97,208.00,1,-1,-1,-1
83,4,873.82,604.88,114.64,205.80,1,-1,-1,-1
83,5,836.70,507.72,98.28,202.95,1,-1,-1,-1
83,6,770.03,424.99,82.08,197.30,1,-1,-1,-1
83,7,834.02,575.51,106.72,191.35,1,-1,-1,-1
83,8,930.08,446.79,80.11,171.55,1,-1,-1,-1
83,9,969.00,494.21,112.65,199.00,1,-1,-1,-1
83,10,750.81,471.28,102.93,207.82,1,-1,-1,-1
83,11,895.66,506.21,117.03,225.41,1,-1,-1,-1
83,13,840.26,504.29,98.48,198.57,1,-1,-1,-1
84,1,788.73,555.64,119.30,207.64,1,-1,-1,-1
84,2,766.84,422.91,72.71,192.46,1,-1,-1,-1
84,3,834.59,574.37,107.87,216.51,1,-1,-1,-1
84,4,882.30,602.71,106.96,210.01,1,-1,-1,-1
84,5,836.70,507.72,98.28,202.95,1,-1,-1,-1
84,6,770.03,424.99,82.08,197.30,1,-1,-1,-1
84,7,834.02,575.51,106.72,191.35,1,-1,-1,-1
84,8,934.61,443.21,94.49,208.85,1,-1,-1,-1
84,9,964.72,490.38,121.78,202.74,1,-1,-1,-1
84,10,749.04,471.14,105.27,205.78,1,-1,-1,-1
84,11,884.48,500.53,139.25,234.28,1,-1,-1,-1
84,12,938.87,438.04,82.89,197.01,1,-1,-1,-1
84,13,847.50,500.82,97.16,197.78,1,-1,-1,-1
85,1,788.84,556.45,113.95,209.39,1,-1,-1,-1
85,2,767.07,427.56,70.51,183.61,1,-1,-1,-1
85,3,840.17,575.89,109.84,221.32,1,-1,-1,-1
85,4,892.70,604.87,105.56,205.37,1,-1,-1,-1
85,5,836.70,507.72,98.28,202.95,1,-1,-1,-1
85,6,770.03,424.99,82.08,197.30,1,-1,-1,-1
85,7,834.02,575.51,106.72,191.35,1,-1,-1,-1
85,8,942.32,446.99,92.61,203.17,1,-1,-1,-1
85,9,960.71,490.24,129.62,202.34,1,-1,-1,-1
85,10,744.34,469.77,100.36,208.82,1,-1,-1,-1
85,11,884.48,500.53,139.25,234.28,1,-1,-1,-1
85,12,938.87,438.04,82.89,197.01,1,-1,-1,-1
85,13,855.61,501.77,80.31,180.81,1,-1,-1,-1
86,1,778.03,557.43,110.82,212.25,1,-1,-1,-1
86,2,767.07,427.56,70.51,183.61,1,-1,-1,-1
86,3,839.84,579.91,109.28,216.81,1,-1,-1,-1
86,4,902.10,603.34,101.34,206.84,1,-1,-1,-1
86,5,836.70,507.72,98.28,202.95,1,-1,-1,-1
86,6,770.03,424.99,82.08,197.30,1,-1,-1,-1
86,7,834.02,575.51,106.72,191.35,1,-1,-1,-1
86,8,948.40,447.22,83.96,209.51,1,-1,-1,-1
86,9,973.52,489.20,115.80,203.29,1,-1,-1,-1
86,10,744.93,470.24,95.77,209.16,1,-1,-1,-1
86,11,912.89,504.55,110.97,230.54,1,-1,-1,-1
86,12,938.87,438.04,82.89,197.01,1,-1,-1,-1
86,13,855.88,502.33,79.26,185.88,1,-1,-1,-1
87,1,769.59,561.07,114.06,203.71,1,-1,-1,-1
87,2,759.83,429.98,74.53,205.69,1,-1,-1,-1
87,3,836.20,578.87,109.29,210.77,1,-1,-1,-1
87,4,904.51,603.39,102.28,206.36,1,-1,-1,-1
87,5,836.70,507.72,98.28,202.95,1,-1,-1,-1
87,6,770.03,424.99,82.08,197.30,1,-1,-1,-1
87,7,834.02,575.51,106.72,191.35,1,-1,-1,-1
87,8,951.14,446.48,80.32,206.49,1,-1,-1,-1
87,9,977.52,488.88,110.06,201.99,1,-1,-1,-1
87,10,746.41,473.89,86.09,205.40,1,-1,-1,-1
87,11,917.73,504.76,106.47,226.41,1,-1,-1,-1
87,12,938.87,438.04,82.89,197.01,1,-1,-1,-1
87,13,854.95,502.89,77.39,188.60,1,-1,-1,-1
88,1,760.00,559.13,120.49,214.40,1,-1,-1,-1
88,2,758.02,430.70,77.55,191.29,1,-1,-1,-1
88,3,828.32,575.86,115.50,218.40,1,-1,-1,-1
88,4,906.17,600.74,108.90,207.65,1,-1,-1,-1
88,5,836.70,507.72,98.28,202.95,1,-1,-1,-1
88,6,770.03,424.99,82.08,197.30,1,-1,-1,-1
88,7,834.02,575.51,106.72,191.35,1,-1,-1,-1
88,8,958.91,447.66,80.43,200.84,1,-1,-1,-1
88,9,983.34,490.47,108.69,195.36,1,-1,-1,-1
88,10,748.82,483.02,81.50,191.28,1,-1,-1,-1
88,11,917.73,504.76,106.47,226.41,1,-1,-1,-1
88,12,938.87,438.04,82.89,197.01,1,-1,-1,-1
88,13,857.76,500.67,75.58,178.08,1,-1,-1,-1
89,1,757.86,553.61,119.92,210.81,1,-1,-1,-1
89,2,753.80,429.92,82.58,200.33,1,-1,-1,-1
89,3,822.44,569.87,119.77,223.58,1,-1,-1,-1
89,4,901.84,601.74,99.06,208.41,1,-1,-1,-1
89,6,752.14,428.94,85.40,214.52,1,-1,-1,-1
89,8,958.91,447.66,80.43,200.84,1,-1,-1,-1
89,9,965.42,451.57,131.82,235.71,1,-1,-1,-1
89,10,748.80,481.21,82.83,195.73,1,-1,-1,-1
89,11,924.23,505.02,110.48,222.92,1,-1,-1,-1
89,12,938.87,438.04,82.89,197.01,1,-1,-1,-1
89,13,859.05,497.74,74.46,180.18,1,-1,-1,-1
90,1,755.41,551.35,117.09,209.20,1,-1,-1,-1
90,2,741.45,426.74,93.93,232.92,1,-1,-1,-1
90,3,817.85,572.62,116.26,222.27,1,-1,-1,-1
90,4,897.91,600.43,103.64,208.64,1,-1,-1,-1
90,6,752.14,428.94,85.40,214.52,1,-1,-1,-1
90,7,762.10,561.07,123.86,206.74,1,-1,-1,-1
90,8,952.11,453.92,115.39,228.44,1,-1,-1,-1
90,9,964.24,491.40,135.49,212.34,1,-1,-1,-1
90,10,744.86,476.93,91.29,233.80,1,-1,-1,-1
90,11,930.12,504.27,114.99,219.66,1,-1,-1,-1
90,13,850.51,497.60,82.91,193.17,1,-1,-1,-1
91,1,752.41,551.76,117.18,208.62,1,-1,-1,-1
91,2,731.15,430.13,105.89,240.59,1,-1,-1,-1
91,3,807.48,574.82,122.98,216.47,1,-1,-1,-1
91,4,892.45,603.07,112.75,205.18,1,-1,-1,-1
91,6,752.14,428.94,85.40,214.52,1,-1,-1,-1
91,7,762.10,561.07,123.86,206.74,1,-1,-1,-1
91,8,961.08,456.86,109.35,206.44,1,-1,-1,-1
91,9,962.97,498.64,134.79,205.51,1,-1,-1,-1
91,10,742.36,477.89,99.47,270.71,1,-1,-1,-1
91,11,954.01,462.84,120.65,221.84,1,-1,-1,-1
91,13,845.98,493.33,85.82,200.28,1,-1,-1,-1
91,14,926.00,505.16,119.16,216.54,1,-1,-1,-1
92,1,749.49,560.25,112.87,199.35,1,-1,-1,-1
92,2,699.92,434.40,136.24,226.63,1,-1,-1,-1
92,3,809.05,580.65,123.33,212.64,1,-1,-1,-1
92,4,892.71,612.12,107.95,195.55,1,-1,-1,-1
92,6,752.14,428.94,85.40,214.52,1,-1,-1,-1
92,7,762.10,561.07,123.86,206.74,1,-1,-1,-1
92,8,961.08,456.86,109.35,206.44,1,-1,-1,-1
92,9,976.41,500.41,121.83,199.19,1,-1,-1,-1
92,10,742.36,477.89,99.47,270.71,1,-1,-1,-1
92,11,964.50,456.41,127.97,220.75,1,-1,-1,-1
92,13,839.90,499.16,99.94,196.97,1,-1,-1,-1
92,14,943.36,512.39,99.50,212.81,1,-1,-1,-1
93,1,726.75,558.84,132.53,201.87,1,-1,-1,-1
93,2,701.31,434.87,118.06,194.11,1,-1,-1,-1
93,3,771.65,577.60,158.37,215.89,1,-1,-1,-1
93,4,895.23,610.73,107.62,196.20,1,-1,-1,-1
93,6,752.14,428.94,85.40,214.52,1,-1,-1,-1
93,7,762.10,561.07,123.86,206.74,1,-1,-1,-1
93,8,966.10,449.25,125.16,220.52,1,-1,-1,-1
93,9,976.41,500.41,121.83,199.19,1,-1,-1,-1
93,10,715.16,481.68,148.33,262.81,1,-1,-1,-1
93,11,967.36,450.61,129.84,223.50,1,-1,-1,-1
93,13,830.24,500.38,108.72,197.66,1,-1,-1,-1
93,14,948.36,510.20,96.31,216.38,1,-1,-1,-1
94,1,716.54,554.83,116.11,203.51,1,-1,-1,-1
94,2,689.43,444.81,130.17,216.94,1,-1,-1,-1
94,3,789.28,576.19,123.70,214.00,1,-1,-1,-1
94,4,898.70,606.34,122.58,199.48,1,-1,-1,-1
94,6,752.14,428.94,85.40,214.52,1,-1,-1,-1
94,7,762.10,561.07,123.86,206.74,1,-1,-1,-1
94,8,966.10,449.25,125.16,220.52,1,-1,-1,-1
94,9,983.88,487.31,128.71,218.67,1,-1,-1,-1
94,10,724.94,475.24,97.90,207.66,1,-1,-1,-1
94,11,961.73,441.84,151.28,228.33,1,-1,-1,-1
94,13,835.42,499.83,119.18,199.12,1,-1,-1,-1
94,14,949.06,512.26,99.27,209.14,1,-1,-1,-1
95,1,716.54,554.83,116.11,203.51,1,-1,-1,-1
95,2,675.56,462.51,110.40,194.86,1,-1,-1,-1
95,3,796.19,573.49,113.85,216.66,1,-1,-1,-1
95,4,904.37,601.05,117.56,205.02,1,-1,-1,-1
95,7,724.46,551.00,129.40,207.30,1,-1,-1,-1
95,8,966.10,449.25,125.16,220.52,1,-1,-1,-1
95,9,997.79,482.14,114.89,216.11,1,-1,-1,-1
95,10,704.48,471.44,116.96,211.06,1,-1,-1,-1
95,11,987.11,439.92,128.71,244.70,1,-1,-1,-1
95,13,831.68,494.33,129.16,208.44,1,-1,-1,-1
95,14,953.54,507.63,98.53,217.15,1,-1,-1,-1
96,1,735.57,545.18,123.82,209.04,1,-1,-1,-1
96,2,653.76,406.87,132.67,202.54,1,-1,-1,-1
96,3,775.68,558.41,156.73,226.64,1,-1,-1,-1
96,4,912.49,518.42,122.42,283.97,1,-1,-1,-1
96,6,665.84,402.55,136.51,223.58,1,-1,-1,-1
96,7,724.46,551.00,129.40,207.30,1,-1,-1,-1
96,8,966.10,449.25,125.16,220.52,1,-1,-1,-1
96,9,1005.38,440.04,115.64,252.80,1,-1,-1,-1
96,10,676.53,467.53,125.38,206.41,1,-1,-1,-1
96,11,987.11,439.92,128.71,244.70,1,-1,-1,-1
96,13,826.10,481.33,129.43,223.61,1,-1,-1,-1
96,14,948.61,494.74,110.44,234.51,1,-1,-1,-1
97,1,726.69,543.22,132.22,209.07,1,-1,-1,-1
97,2,653.76,406.87,132.67,202.54,1,-1,-1,-1
97,3,782.35,559.98,156.47,228.35,1,-1,-1,-1
97,4,917.86,514.42,106.33,279.69,1,-1,-1,-1
97,6,640.17,397.80,138.80,220.93,1,-1,-1,-1
97,7,724.46,551.00,129.40,207.30,1,-1,-1,-1
97,8,966.10,449.25,125.16,220.52,1,-1,-1,-1
97,9,1018.07,436.22,114.93,249.02,1,-1,-1,-1
97,10,667.80,461.88,132.90,217.34,1,-1,-1,-1
97,11,987.11,439.92,128.71,244.70,1,-1,-1,-1
97,13,830.39,477.84,128.81,225.00,1,-1,-1,-1
97,14,955.65,476.36,125.13,255.30,1,-1,-1,-1
98,1,708.00,543.62,140.50,210.73,1,-1,-1,-1
98,2,624.56,396.66,163.41,253.69,1,-1,-1,-1
98,3,782.50,572.91,155.48,218.42,1,-1,-1,-1
98,4,919.98,531.00,106.83,272.77,1,-1,-1,-1
98,6,640.17,397.80,138.80,220.93,1,-1,-1,-1
98,7,724.46,551.00,129.40,207.30,1,-1,-1,-1
98,8,966.10,449.25,125.16,220.52,1,-1,-1,-1
98,9,1034.74,437.13,131.47,243.84,1,-1,-1,-1
98,10,643.09,461.54,149.33,225.20,1,-1,-1,-1
98,11,987.11,439.92,128.71,244.70,1,-1,-1,-1
98,13,835.73,484.08,114.34,210.02,1,-1,-1,-1
98,14,957.85,504.67,147.78,218.01,1,-1,-1,-1
99,1,706.33,549.47,177.01,214.57,1,-1,-1,-1
99,2,618.94,437.45,172.01,247.40,1,-1,-1,-1
99,3,779.51,576.64,161.21,215.70,1,-1,-1,-1
99,4,920.61,529.34,114.37,273.12,1,-1,-1,-1
99,6,640.17,397.80,138.80,220.93,1,-1,-1,-1
99,7,724.46,551.00,129.40,207.30,1,-1,-1,-1
99,9,1042.14,439.86,135.62,248.79,1,-1,-1,-1
99,10,621.60,443.88,171.54,244.12,1,-1,-1,-1
99,11,987.11,439.92,128.71,244.70,1,-1,-1,-1
99,13,828.64,481.94,117.95,214.94,1,-1,-1,-1
99,14,954.85,508.94,151.12,215.87,1,-1,-1,-1
100,1,704.68,557.19,136.56,197.15,1,-1,-1,-1
100,2,644.70,469.11,140.11,218.63,1,-1,-1,-1
100,3,776.31,576.91,164.17,215.04,1,-1,-1,-1
100,4,926.75,572.17,111.36,226.50,1,-1,-1,-1
100,6,613.32,412.30,148.64,228.14,1,-1,-1,-1
100,7,724.46,551.00,129.40,207.30,1,-1,-1,-1
100,9,1049.41,439.42,141.04,224.54,1,-1,-1,-1
100,10,611.36,416.05,166.51,258.61,1,-1,-1,-1
100,11,987.11,439.92,128.71,244.70,1,-1,-1,-1
100,13,828.64,481.94,117.95,214.94,1,-1,-1,-1
100,14,955.78,502.11,161.25,220.24,1,-1,-1,-1
101,1,705.55,556.21,128.23,197.23,1,-1,-1,-1
101,2,644.70,469.11,140.11,218.63,1,-1,-1,-1
101,3,771.27,575.54,162.31,214.57,1,-1,-1,-1
101,4,933.25,586.89,109.83,211.43,1,-1,-1,-1
101,6,613.32,412.30,148.64,228.14,1,-1,-1,-1
101,9,1055.91,441.88,141.57,221.01,1,-1,-1,-1
101,10,612.95,425.82,161.63,257.90,1,-1,-1,-1
101,11,966.51,484.40,143.62,227.28,1,-1,-1,-1
101,13,827.96,489.01,119.04,194.38,1,-1,-1,-1
101,14,956.27,492.01,105.71,217.95,1,-1,-1,-1
102,1,705.15,560.70,188.53,221.93,1,-1,-1,-1
102,2,655.14,476.15,108.93,211.37,1,-1,-1,-1
102,3,774.86,578.21,131.22,212.48,1,-1,-1,-1
102,4,938.76,593.41,110.30,207.42,1,-1,-1,-1
102,6,609.86,423.15,119.41,212.34,1,-1,-1,-1
102,7,702.25,550.60,109.48,201.14,1,-1,-1,-1
102,9,1060.30,443.44,147.88,237.89,1,-1,-1,-1
102,10,612.95,425.82,161.63,257.90,1,-1,-1,-1
102,11,965.11,506.04,147.17,218.77,1,-1,-1,-1
102,13,838.78,489.64,121.40,199.29,1,-1,-1,-1
102,14,956.27,492.01,105.71,217.95,1,-1,-1,-1
103,1,703.67,552.20,135.33,205.76,1,-1,-1,-1
103,2,655.14,476.15,108.93,211.37,1,-1,-1,-1
103,3,775.09,577.57,116.01,216.99,1,-1,-1,-1
103,4,935.63,595.16,112.91,204.79,1,-1,-1,-1
103,6,609.36,425.12,119.53,210.25,1,-1,-1,-1
103,7,702.25,550.60,109.48,201.14,1,-1,-1,-1
103,8,1054.06,441.73,115.70,234.92,1,-1,-1,-1
103,9,1071.24,478.75,141.24,206.26,1,-1,-1,-1
103,10,611.75,442.15,153.23,244.90,1,-1,-1,-1
103,11,968.58,513.37,140.91,211.88,1,-1,-1,-1
103,13,843.67,486.60,123.49,208.06,1,-1,-1,-1
103,14,956.27,492.01,105.71,217.95,1,-1,-1,-1
104,1,691.12,550.06,126.27,203.72,1,-1,-1,-1
104,2,655.14,476.15,108.93,211.37,1,-1,-1,-1
104,3,773.28,583.65,122.79,211.04,1,-1,-1,-1
104,4,934.43,601.74,113.40,195.52,1,-1,-1,-1
104,6,595.93,429.10,110.33,203.94,1,-1,-1,-1
104,7,702.25,550.60,109.48,201.14,1,-1,-1,-1
104,8,1065.47,439.88,137.70,251.09,1,-1,-1,-1
104,9,1070.15,493.66,138.79,200.70,1,-1,-1,-1
104,10,624.78,466.37,131.16,221.75,1,-1,-1,-1
104,11,977.46,516.28,125.00,208.55,1,-1,-1,-1
104,13,853.68,492.95,115.34,205.76,1,-1,-1,-1
104,14,956.27,492.01,105.71,217.95,1,-1,-1,-1
105,1,687.34,550.22,124.51,202.54,1,-1,-1,-1
105,2,645.85,475.82,109.34,212.28,1,-1,-1,-1
105,3,759.42,586.23,143.60,207.27,1,-1,-1,-1
105,4,932.44,607.13,116.37,190.39,1,-1,-1,-1
105,6,588.26,431.17,112.27,201.61,1,-1,-1,-1
105,7,702.25,550.60,109.48,201.14,1,-1,-1,-1
105,8,1065.47,439.88,137.70,251.09,1,-1,-1,-1
105,9,1070.47,500.32,138.83,194.71,1,-1,-1,-1
105,10,624.78,466.37,131.16,221.75,1,-1,-1,-1
105,11,979.24,516.86,125.18,208.06,1,-1,-1,-1
105,13,855.10,495.22,114.70,207.31,1,-1,-1,-1
105,14,956.27,492.01,105.71,217.95,1,-1,-1,-1
106,1,688.33,547.29,121.44,204.51,1,-1,-1,-1
106,2,640.13,478.37,111.51,209.19,1,-1,-1,-1
106,3,754.91,585.20,151.98,209.40,1,-1,-1,-1
106,4,928.17,607.71,135.82,189.00,1,-1,-1,-1
106,6,576.65,427.83,129.64,206.22,1,-1,-1,-1
106,7,702.25,550.60,109.48,201.14,1,-1,-1,-1
106,8,1065.47,439.88,137.70,251.09,1,-1,-1,-1
106,9,1071.28,501.56,138.85,193.09,1,-1,-1,-1
106,10,624.78,466.37,131.16,221.75,1,-1,-1,-1
106,11,986.85,518.35,120.36,202.14,1,-1,-1,-1
106,13,852.57,505.46,121.51,193.38,1,-1,-1,-1
106,14,956.27,492.01,105.71,217.95,1,-1,-1,-1
106,15,1065.32,446.74,141.72,239.74,1,-1,-1,-1
107,1,695.04,546.81,117.48,205.73,1,-1,-1,-1
107,2,645.66,480.57,107.41,207.17,1,-1,-1,-1
107,3,752.78,583.30,151.21,210.78,1,-1,-1,-1
107,4,926.39,605.85,168.44,191.33,1,-1,-1,-1
107,6,573.75,427.81,135.30,206.19,1,-1,-1,-1
107,7,702.25,550.60,109.48,201.14,1,-1,-1,-1
107,8,1065.47,439.88,137.70,251.09,1,-1,-1,-1
107,9,1068.33,502.39,142.31,192.80,1,-1,-1,-1
107,10,624.78,466.37,131.16,221.75,1,-1,-1,-1
107,11,989.81,519.39,112.87,200.24,1,-1,-1,-1
107,13,855.63,506.09,119.45,187.30,1,-1,-1,-1
107,14,988.44,502.62,148.76,214.45,1,-1,-1,-1
107,15,1078.11,445.35,132.44,240.63,1,-1,-1,-1
108,1,689.17,546.05,118.00,204.46,1,-1,-1,-1
108,2,647.17,478.59,93.78,209.66,1,-1,-1,-1
108,3,778.14,578.78,110.39,216.73,1,-1,-1,-1
108,4,937.32,595.23,140.68,202.44,1,-1,-1,-1
108,6,594.08,423.64,107.65,205.79,1,-1,-1,-1
108,8,1065.47,439.88,137.70,251.09,1,-1,-1,-1
108,9,1091.17,497.26,124.60,198.18,1,-1,-1,-1
108,10,624.78,466.37,131.16,221.75,1,-1,-1,-1
108,11,995.95,520.36,104.58,211.26,1,-1,-1,-1
108,13,856.71,502.09,117.14,203.46,1,-1,-1,-1
108,14,988.44,502.62,148.76,214.45,1,-1,-1,-1
108,15,1098.89,440.02,122.02,230.21,1,-1,-1,-1
109,1,683.53,546.44,123.40,202.32,1,-1,-1,-1
109,2,646.81,478.67,86.66,210.34,1,-1,-1,-1
109,3,784.55,577.26,100.16,215.91,1,-1,-1,-1
109,4,952.37,596.66,103.53,200.59,1,-1,-1,-1
109,6,598.23,422.67,95.28,206.83,1,-1,-1,-1
109,8,1065.47,439.88,137.70,251.09,1,-1,-1,-1
109,9,1094.69,496.31,124.77,199.92,1,-1,-1,-1
109,10,624.78,466.37,131.16,221.75,1,-1,-1,-1
109,11,989.60,521.28,118.27,211.67,1,-1,-1,-1
109,13,852.40,500.18,121.92,208.72,1,-1,-1,-1
109,14,988.44,502.62,148.76,214.45,1,-1,-1,-1
109,15,1105.37,440.23,117.51,215.85,1,-1,-1,-1
110,1,677.09,548.52,126.69,202.21,1,-1,-1,-1
110,2,644.37,480.38,87.69,207.12,1,-1,-1,-1
110,3,783.64,580.57,100.92,215.15,1,-1,-1,-1
110,4,965.88,596.74,91.11,199.46,1,-1,-1,-1
110,6,597.47,427.17,89.02,203.84,1,-1,-1,-1
110,9,1101.05,493.93,119.50,200.71,1,-1,-1,-1
110,11,994.93,526.57,119.57,206.34,1,-1,-1,-1
110,13,841.67,503.97,129.24,205.28,1,-1,-1,-1
110,14,988.44,502.62,148.76,214.45,1,-1,-1,-1
110,15,1109.00,439.43,118.69,215.84,1,-1,-1,-1
111,1,677.54,549.73,125.39,199.94,1,-1,-1,-1
111,2,643.66,480.60,86.89,207.32,1,-1,-1,-1
111,3,783.48,580.95,100.74,214.46,1,-1,-1,-1
111,4,967.54,595.64,96.57,200.31,1,-1,-1,-1
111,6,596.74,427.18,90.14,203.88,1,-1,-1,-1
111,9,1103.92,486.21,115.34,208.25,1,-1,-1,-1
111,11,996.82,529.81,118.66,204.42,1,-1,-1,-1
111,13,845.64,506.49,121.88,201.19,1,-1,-1,-1
111,14,988.44,502.62,148.76,214.45,1,-1,-1,-1
111,15,1116.14,436.76,115.76,214.09,1,-1,-1,-1
112,1,679.23,545.90,122.74,204.75,1,-1,-1,-1
112,2,644.63,483.00,87.58,207.34,1,-1,-1,-1
112,3,782.41,581.75,101.57,213.10,1,-1,-1,-1
112,4,967.54,595.64,96.57,200.31,1,-1,-1,-1
112,6,598.49,425.83,83.33,203.86,1,-1,-1,-1
112,9,1104.56,493.20,111.43,201.92,1,-1,-1,-1
112,11,997.31,528.09,118.63,205.23,1,-1,-1,-1
112,13,843.42,508.51,126.80,198.58,1,-1,-1,-1
112,14,988.44,502.62,148.76,214.45,1,-1,-1,-1
112,15,1124.84,434.57,108.82,213.41,1,-1,-1,-1
113,1,677.99,544.38,123.81,206.21,1,-1,-1,-1
113,2,645.24,483.90,86.87,206.94,1,-1,-1,-1
113,3,782.40,579.66,100.58,214.44,1,-1,-1,-1
113,4,967.54,595.64,96.57,200.31,1,-1,-1,-1
113,6,596.58,428.50,84.01,200.97,1,-1,-1,-1
113,8,1124.90,437.33,104.32,215.63,1,-1,-1,-1
113,9,1104.03,496.53,112.05,197.87,1,-1,-1,-1
113,11,998.17,519.77,117.72,212.68,1,-1,-1,-1
113,13,842.56,507.00,127.15,198.47,1,-1,-1,-1
113,15,1138.84,433.76,95.88,203.15,1,-1,-1,-1
113,16,969.91,602.12,92.56,191.96,1,-1,-1,-1
114,1,677.36,541.83,124.59,206.83,1,-1,-1,-1
114,2,643.31,484.23,91.54,203.56,1,-1,-1,-1
114,3,775.29,576.94,102.40,217.61,1,-1,-1,-1
114,4,967.54,595.64,96.57,200.31,1,-1,-1,-1
114,6,576.55,431.53,101.55,197.97,1,-1,-1,-1
114,8,1147.08,440.15,77.09,186.80,1,-1,-1,-1
114,9,1098.85,491.36,116.55,199.78,1,-1,-1,-1
114,10,577.79,433.63,109.97,202.85,1,-1,-1,-1
114,11,1002.09,514.83,109.76,219.20,1,-1,-1,-1
114,13,842.31,501.96,126.55,204.34,1,-1,-1,-1
114,15,1147.50,440.28,98.40,192.65,1,-1,-1,-1
114,16,970.14,598.34,87.08,195.45,1,-1,-1,-1
115,1,671.37,542.05,125.96,205.56,1,-1,-1,-1
115,2,641.20,478.41,99.13,204.94,1,-1,-1,-1
115,3,770.01,577.40,107.39,216.32,1,-1,-1,-1
115,4,967.54,595.64,96.57,200.31,1,-1,-1,-1
115,6,561.11,432.57,111.16,197.03,1,-1,-1,-1
115,8,1147.08,440.15,77.09,186.80,1,-1,-1,-1
115,9,1097.90,490.40,117.57,202.23,1,-1,-1,-1
115,10,561.64,432.76,151.78,207.49,1,-1,-1,-1
115,11,1004.14,514.13,109.63,220.32,1,-1,-1,-1
115,13,846.99,500.49,116.85,202.78,1,-1,-1,-1
115,15,1152.93,440.77,97.98,190.62,1,-1,-1,-1
115,16,967.79,591.08,89.55,202.71,1,-1,-1,-1
116,1,665.54,543.19,139.42,204.62,1,-1,-1,-1
116,2,588.48,470.76,152.03,214.08,1,-1,-1,-1
116,3,761.51,582.39,132.82,212.09,1,-1,-1,-1
116,4,967.54,595.64,96.57,200.31,1,-1,-1,-1
116,6,541.29,433.48,134.53,199.15,1,-1,-1,-1
116,8,1147.08,440.15,77.09,186.80,1,-1,-1,-1
116,9,1095.80,489.99,128.51,201.90,1,-1,-1,-1
116,10,561.64,432.76,151.78,207.49,1,-1,-1,-1
116,11,1002.62,515.69,107.25,216.07,1,-1,-1,-1
116,13,858.22,498.47,112.96,201.93,1,-1,-1,-1
116,15,1152.93,440.77,97.98,190.62,1,-1,-1,-1
116,16,935.88,589.95,128.60,206.60,1,-1,-1,-1
117,1,662.97,544.99,139.29,202.57,1,-1,-1,-1
117,2,609.53,476.48,128.93,206.47,1,-1,-1,-1
117,3,748.89,585.52,151.84,207.86,1,-1,-1,-1
117,6,538.01,436.65,139.44,195.56,1,-1,-1,-1
117,8,1147.08,440.15,77.09,186.80,1,-1,-1,-1
117,9,1091.18,493.73,133.99,200.18,1,-1,-1,-1
117,10,561.64,432.76,151.78,207.49,1,-1,-1,-1
117,11,1002.62,515.69,107.25,216.07,1,-1,-1,-1
117,13,864.56,501.22,109.43,200.96,1,-1,-1,-1
117,14,1006.61,517.89,132.37,213.04,1,-1,-1,-1
117,15,1159.87,442.30,114.10,188.31,1,-1,-1,-1
117,16,948.11,596.43,104.74,198.49,1,-1,-1,-1
118,1,665.39,538.67,134.53,208.97,1,-1,-1,-1
118,2,620.75,477.92,112.86,207.63,1,-1,-1,-1
118,3,748.97,586.66,141.92,206.84,1,-1,-1,-1
118,6,553.97,432.12,131.62,198.22,1,-1,-1,-1
118,8,1147.08,440.15,77.09,186.80,1,-1,-1,-1
118,9,1094.07,494.85,155.56,198.11,1,-1,-1,-1
118,10,555.84,431.30,137.25,201.96,1,-1,-1,-1
118,11,1002.62,515.69,107.25,216.07,1,-1,-1,-1
118,13,859.86,504.32,130.19,201.64,1,-1,-1,-1
118,14,1011.07,520.36,136.35,208.76,1,-1,-1,-1
118,15,1160.27,444.74,120.71,186.63,1,-1,-1,-1
118,16,950.46,598.84,118.73,195.35,1,-1,-1,-1
119,1,665.78,538.15,128.37,207.65,1,-1,-1,-1
119,2,625.92,478.34,109.43,206.15,1,-1,-1,-1
119,3,758.74,586.19,115.47,208.33,1,-1,-1,-1
119,6,558.92,427.20,131.38,206.68,1,-1,-1,-1
119,8,1147.08,440.15,77.09,186.80,1,-1,-1,-1
119,9,1093.61,492.95,151.32,200.62,1,-1,-1,-1
119,10,555.84,431.30,137.25,201.96,1,-1,-1,-1
119,11,1002.62,515.69,107.25,216.07,1,-1,-1,-1
119,13,859.23,504.78,131.76,201.20,1,-1,-1,-1
119,14,1013.41,516.98,133.68,212.17,1,-1,-1,-1
119,15,1162.60,444.04,121.57,186.27,1,-1,-1,-1
119,16,953.92,605.48,98.86,189.27,1,-1,-1,-1
120,1,667.10,535.50,121.32,210.44,1,-1,-1,-1
120,2,636.84,475.46,89.00,207.90,1,-1,-1,-1
120,3,763.90,578.27,126.71,215.84,1,-1,-1,-1
120,6,556.23,423.37,124.93,205.72,1,-1,-1,-1
120,9,1101.47,490.27,142.40,202.25,1,-1,-1,-1
120,10,555.84,431.30,137.25,201.96,1,-1,-1,-1
120,11,1014.28,513.25,104.10,216.91,1,-1,-1,-1
120,13,862.68,498.32,123.70,205.85,1,-1,-1,-1
120,14,1013.41,516.98,133.68,212.17,1,-1,-1,-1
120,15,1174.75,441.89,106.78,189.38,1,-1,-1,-1
120,16,953.17,604.43,97.57,189.16,1,-1,-1,-1
121,1,668.10,534.09,114.67,208.98,1,-1,-1,-1
121,2,635.64,469.12,87.78,212.01,1,-1,-1,-1
121,3,757.93,571.93,131.87,222.05,1,-1,-1,-1
121,6,562.06,419.36,118.48,209.02,1,-1,-1,-1
121,8,1168.39,438.06,99.65,191.95,1,-1,-1,-1
121,9,1102.74,489.37,133.19,202.52,1,-1,-1,-1
121,10,555.84,431.30,137.25,201.96,1,-1,-1,-1
121,11,1014.87,514.94,109.12,214.30,1,-1,-1,-1
121,13,861.21,494.98,122.12,210.18,1,-1,-1,-1
121,14,1013.41,516.98,133.68,212.17,1,-1,-1,-1
121,15,1174.75,441.89,106.78,189.38,1,-1,-1,-1
121,16,953.21,599.25,98.02,193.89,1,-1,-1,-1
122,1,668.33,532.57,104.48,218.65,1,-1,-1,-1
122,2,635.05,470.99,87.93,210.94,1,-1,-1,-1
122,3,763.13,568.20,118.24,223.56,1,-1,-1,-1
122,6,565.44,420.51,112.75,205.39,1,-1,-1,-1
122,8,1168.39,438.06,99.65,191.95,1,-1,-1,-1
122,9,1101.77,481.52,137.65,211.87,1,-1,-1,-1
122,10,555.84,431.30,137.25,201.96,1,-1,-1,-1
122,11,1013.38,516.46,118.84,213.35,1,-1,-1,-1
122,13,853.88,496.08,119.91,211.24,1,-1,-1,-1
122,14,1013.41,516.98,133.68,212.17,1,-1,-1,-1
122,15,1174.64,437.93,106.13,193.24,1,-1,-1,-1
122,16,951.70,592.76,93.12,200.42,1,-1,-1,-1
123,1,679.52,534.27,92.74,211.26,1,-1,-1,-1
123,2,639.48,472.66,80.33,211.04,1,-1,-1,-1
123,3,764.47,568.72,105.13,224.23,1,-1,-1,-1
123,6,564.75,422.05,111.35,198.96,1,-1,-1,-1
123,8,1168.39,438.06,99.65,191.95,1,-1,-1,-1
123,9,1107.79,476.08,128.79,219.38,1,-1,-1,-1
123,10,555.84,431.30,137.25,201.96,1,-1,-1,-1
123,11,1020.17,513.72,107.94,217.00,1,-1,-1,-1
123,13,862.11,498.41,110.09,210.21,1,-1,-1,-1
123,14,1013.41,516.98,133.68,212.17,1,-1,-1,-1
123,15,1171.27,440.57,112.48,191.29,1,-1,-1,-1
123,16,954.15,590.62,96.40,199.07,1,-1,-1,-1
124,1,692.79,534.86,80.27,203.72,1,-1,-1,-1
124,2,636.50,474.30,89.91,216.33,1,-1,-1,-1
124,3,772.79,572.47,87.59,218.70,1,-1,-1,-1
124,6,562.16,424.79,116.13,199.00,1,-1,-1,-1
124,8,1168.39,438.06,99.65,191.95,1,-1,-1,-1
124,9,1118.91,477.71,121.65,220.93,1,-1,-1,-1
124,11,1020.38,514.89,109.27,215.60,1,-1,-1,-1
124,13,860.16,495.64,114.42,214.12,1,-1,-1,-1
124,14,1013.41,516.98,133.68,212.17,1,-1,-1,-1
124,15,1173.84,446.43,107.95,185.67,1,-1,-1,-1
124,16,957.46,591.93,90.77,200.30,1,-1,-1,-1
125,1,694.92,533.32,80.05,209.58,1,-1,-1,-1
125,2,635.60,473.68,93.06,214.52,1,-1,-1,-1
125,3,776.71,579.13,81.47,211.86,1,-1,-1,-1
125,6,561.61,426.10,111.04,194.98,1,-1,-1,-1
125,8,1168.39,438.06,99.65,191.95,1,-1,-1,-1
125,9,1118.85,478.04,123.14,220.73,1,-1,-1,-1
125,11,1020.01,518.29,109.99,212.77,1,-1,-1,-1
125,13,852.74,495.28,123.85,214.15,1,-1,-1,-1
125,15,1173.84,446.43,107.95,185.67,1,-1,-1,-1
125,16,959.20,591.17,98.08,198.19,1,-1,-1,-1
126,1,691.73,532.53,88.64,219.30,1,-1,-1,-1
126,2,635.48,467.93,89.86,218.60,1,-1,-1,-1
126,3,779.05,578.00,86.60,212.87,1,-1,-1,-1
126,6,563.07,428.39,95.68,190.29,1,-1,-1,-1
126,8,1168.39,438.06,99.65,191.95,1,-1,-1,-1
126,9,1134.13,478.03,119.92,219.45,1,-1,-1,-1
126,11,1020.82,515.66,107.58,213.29,1,-1,-1,-1
126,13,859.15,492.69,117.73,216.89,1,-1,-1,-1
126,15,1176.23,438.78,105.64,186.72,1,-1,-1,-1
126,16,959.70,586.38,100.21,205.34,1,-1,-1,-1
127,1,690.65,531.67,87.56,211.78,1,-1,-1,-1
127,2,634.99,466.45,86.32,218.90,1,-1,-1,-1
127,3,769.75,576.55,106.11,214.54,1,-1,-1,-1
127,6,564.15,427.87,88.98,201.59,1,-1,-1,-1
127,9,1136.16,477.69,113.58,218.70,1,-1,-1,-1
127,11,1023.59,514.18,102.38,215.21,1,-1,-1,-1
127,13,857.26,491.11,117.78,218.67,1,-1,-1,-1
127,15,1182.18,437.02,102.08,190.93,1,-1,-1,-1
127,16,961.57,587.46,94.38,205.75,1,-1,-1,-1
128,1,689.41,534.01,83.31,212.01,1,-1,-1,-1
128,2,635.56,468.38,87.02,221.70,1,-1,-1,-1
128,3,769.75,576.55,106.11,214.54,1,-1,-1,-1
128,4,975.53,591.31,78.13,201.61,1,-1,-1,-1
128,6,565.63,427.94,90.64,209.84,1,-1,-1,-1
128,9,1144.13,487.88,86.45,214.79,1,-1,-1,-1
128,11,1022.07,515.73,105.33,213.61,1,-1,-1,-1
128,13,868.95,490.34,105.46,219.26,1,-1,-1,-1
128,15,1181.74,438.36,105.14,194.77,1,-1,-1,-1
128,16,961.57,587.46,94.38,205.75,1,-1,-1,-1
129,1,689.94,534.41,82.60,213.99,1,-1,-1,-1
129,2,637.14,475.31,78.06,217.42,1,-1,-1,-1
129,3,769.75,576.55,106.11,214.54,1,-1,-1,-1
129,4,975.53,591.31,78.13,201.61,1,-1,-1,-1
129,6,566.74,432.22,89.54,209.44,1,-1,-1,-1
129,9,1147.82,490.09,80.51,215.38,1,-1,-1,-1
129,11,1024.27,518.11,104.51,211.08,1,-1,-1,-1
129,13,871.70,493.53,102.72,219.66,1,-1,-1,-1
129,15,1183.13,437.69,101.96,198.31,1,-1,-1,-1
129,16,975.22,588.58,78.18,207.82,1,-1,-1,-1
129,17,767.13,580.27,92.56,223.68,1,-1,-1,-1
130,1,687.91,536.69,82.64,214.66,1,-1,-1,-1
130,2,637.64,479.81,78.84,210.65,1,-1,-1,-1
130,3,769.75,576.55,106.11,214.54,1,-1,-1,-1
130,4,975.53,591.31,78.13,201.61,1,-1,-1,-1
130,6,567.93,436.22,92.92,206.78,1,-1,-1,-1
130,9,1146.17,502.67,81.03,204.00,1,-1,-1,-1
130,11,1023.86,517.79,103.62,210.25,1,-1,-1,-1
130,13,873.10,498.88,99.83,211.80,1,-1,-1,-1
130,15,1178.62,442.31,108.89,194.52,1,-1,-1,-1
130,16,976.94,601.39,73.04,201.15,1,-1,-1,-1
130,17,767.19,586.02,89.92,218.83,1,-1,-1,-1
131,1,685.90,536.36,85.26,215.89,1,-1,-1,-1
131,2,634.98,481.48,90.91,206.52,1,-1,-1,-1
131,3,769.75,576.55,106.11,214.54,1,-1,-1,-1
131,4,975.53,591.31,78.13,201.61,1,-1,-1,-1
131,6,567.53,437.15,95.05,207.06,1,-1,-1,-1
131,9,1148.12,501.35,81.40,206.64,1,-1,-1,-1
131,11,1026.62,514.92,98.40,213.32,1,-1,-1,-1
131,13,873.62,499.27,96.91,211.28,1,-1,-1,-1
131,15,1180.49,441.92,102.77,194.93,1,-1,-1,-1
131,16,976.81,605.39,74.70,199.53,1,-1,-1,-1
131,17,767.57,586.64,88.28,217.92,1,-1,-1,-1
132,1,690.55,537.14,87.34,207.07,1,-1,-1,-1
132,2,626.63,474.60,96.20,211.10,1,-1,-1,-1
132,3,769.75,576.55,106.11,214.54,1,-1,-1,-1
132,4,975.53,591.31,78.13,201.61,1,-1,-1,-1
132,6,562.20,430.52,104.07,212.24,1,-1,-1,-1
132,9,1148.77,498.89,79.63,200.02,1,-1,-1,-1
132,11,1029.42,513.10,100.00,214.54,1,-1,-1,-1
132,13,869.84,492.60,97.79,217.07,1,-1,-1,-1
132,15,1183.43,440.53,94.07,195.00,1,-1,-1,-1
132,16,975.23,604.62,79.70,199.49,1,-1,-1,-1
132,17,766.48,582.93,89.47,222.19,1,-1,-1,-1
133,1,689.60,535.88,83.43,207.81,1,-1,-1,-1
133,2,631.24,471.41,95.05,213.55,1,-1,-1,-1
133,4,975.53,591.31,78.13,201.61,1,-1,-1,-1
133,6,557.06,429.49,110.29,208.75,1,-1,-1,-1
133,9,1147.50,491.63,86.07,206.89,1,-1,-1,-1
133,11,1027.75,515.73,103.96,213.76,1,-1,-1,-1
133,13,865.73,490.00,101.08,218.43,1,-1,-1,-1
133,15,1180.50,438.42,96.48,201.32,1,-1,-1,-1
133,16,975.00,600.94,78.37,199.70,1,-1,-1,-1
133,17,766.57,579.92,86.92,223.44,1,-1,-1,-1
134,1,688.81,533.34,84.74,209.85,1,-1,-1,-1
134,2,634.46,471.07,92.48,214.87,1,-1,-1,-1
134,6,557.26,428.51,102.62,210.26,1,-1,-1,-1
134,9,1146.75,500.88,84.04,196.16,1,-1,-1,-1
134,11,1031.94,517.91,104.74,211.02,1,-1,-1,-1
134,13,857.09,487.67,109.52,219.06,1,-1,-1,-1
134,15,1185.15,490.32,68.15,149.34,1,-1,-1,-1
134,16,976.83,592.16,68.42,201.63,1,-1,-1,-1
134,17,762.97,575.56,78.97,222.14,1,-1,-1,-1
135,1,691.03,533.89,77.62,169.85,1,-1,-1,-1
135,2,631.81,473.99,99.41,215.39,1,-1,-1,-1
135,6,561.44,428.64,98.68,213.56,1,-1,-1,-1
135,7,688.56,533.64,87.84,182.34,1,-1,-1,-1
135,8,1171.46,486.91,77.82,153.07,1,-1,-1,-1
135,9,1147.96,518.41,72.83,177.11,1,-1,-1,-1
135,11,1030.48,519.05,107.72,210.27,1,-1,-1,-1
135,13,855.18,487.20,111.38,223.09,1,-1,-1,-1
135,15,1184.92,493.24,64.71,146.74,1,-1,-1,-1
135,16,977.03,589.22,71.25,203.08,1,-1,-1,-1
135,17,759.52,573.15,77.06,223.97,1,-1,-1,-1
136,1,689.77,533.21,85.74,207.89,1,-1,-1,-1
136,2,630.99,478.48,97.59,213.71,1,-1,-1,-1
136,6,560.72,431.28,100.43,208.59,1,-1,-1,-1
136,7,688.56,533.64,87.84,182.34,1,-1,-1,-1
136,8,1181.67,491.24,69.50,149.12,1,-1,-1,-1
136,9,1150.50,503.71,88.24,189.27,1,-1,-1,-1
136,11,1022.39,518.09,117.73,211.41,1,-1,-1,-1
136,13,856.92,478.25,111.20,231.91,1,-1,-1,-1
136,15,1169.67,490.40,79.16,150.21,1,-1,-1,-1
136,16,974.79,586.58,78.75,204.23,1,-1,-1,-1
136,17,760.73,572.11,73.89,223.83,1,-1,-1,-1
137,1,688.32,532.95,84.70,210.81,1,-1,-1,-1
137,2,631.13,478.35,96.26,211.77,1,-1,-1,-1
137,6,562.55,432.24,99.58,208.48,1,-1,-1,-1
137,7,688.56,533.64,87.84,182.34,1,-1,-1,-1
137,8,1181.67,491.24,69.50,149.12,1,-1,-1,-1
137,9,1149.04,484.21,103.61,192.64,1,-1,-1,-1
137,11,1020.12,518.40,120.71,209.73,1,-1,-1,-1
137,13,862.52,483.22,103.75,227.54,1,-1,-1,-1
137,15,1169.67,490.40,79.16,150.21,1,-1,-1,-1
137,16,973.05,587.54,84.32,202.23,1,-1,-1,-1
137,17,756.29,572.85,76.40,221.69,1,-1,-1,-1
138,1,684.80,533.07,88.40,208.05,1,-1,-1,-1
138,2,635.37,472.47,90.86,219.63,1,-1,-1,-1
138,6,566.30,431.65,82.76,209.04,1,-1,-1,-1
138,7,642.10,474.66,77.99,215.78,1,-1,-1,-1
138,8,1181.67,491.24,69.50,149.12,1,-1,-1,-1
138,9,1145.52,511.29,83.47,181.63,1,-1,-1,-1
138,11,1033.83,515.90,101.69,214.54,1,-1,-1,-1
138,13,861.87,487.35,104.43,227.15,1,-1,-1,-1
138,15,1163.67,477.06,88.99,163.49,1,-1,-1,-1
138,16,975.48,586.34,88.44,187.58,1,-1,-1,-1
138,17,753.69,578.49,76.77,216.33,1,-1,-1,-1
139,1,683.87,534.69,85.11,207.41,1,-1,-1,-1
139,2,634.80,470.46,89.76,219.26,1,-1,-1,-1
139,6,566.12,431.24,81.39,209.24,1,-1,-1,-1
139,7,642.10,474.66,77.99,215.78,1,-1,-1,-1
139,8,1166.35,446.18,119.82,201.43,1,-1,-1,-1
139,9,1146.67,499.50,85.03,196.64,1,-1,-1,-1
139,11,1033.93,517.50,101.29,215.40,1,-1,-1,-1
139,13,868.03,485.30,99.83,225.04,1,-1,-1,-1
139,15,1163.67,477.06,88.99,163.49,1,-1,-1,-1
139,16,976.58,584.31,90.38,204.63,1,-1,-1,-1
139,17,756.29,580.25,73.03,215.05,1,-1,-1,-1
140,1,681.02,536.45,81.27,209.44,1,-1,-1,-1
140,2,632.50,475.20,89.66,216.94,1,-1,-1,-1
140,6,568.83,432.29,85.07,208.47,1,-1,-1,-1
140,7,642.10,474.66,77.99,215.78,1,-1,-1,-1
140,8,1167.76,440.48,119.82,203.85,1,-1,-1,-1
140,9,1147.32,496.92,84.41,200.01,1,-1,-1,-1
140,10,625.68,468.73,85.35,217.75,1,-1,-1,-1
140,11,1036.70,522.39,102.74,210.57,1,-1,-1,-1
140,13,870.32,487.27,102.85,219.35,1,-1,-1,-1
140,15,1163.67,477.06,88.99,163.49,1,-1,-1,-1
140,16,978.08,585.84,80.45,205.51,1,-1,-1,-1
140,17,747.30,574.46,80.06,221.85,1,-1,-1,-1
141,1,679.75,536.97,81.75,213.99,1,-1,-1,-1
141,2,630.54,475.05,87.93,197.27,1,-1,-1,-1
141,6,570.03,434.54,94.22,207.06,1,-1,-1,-1
141,7,642.10,474.66,77.99,215.78,1,-1,-1,-1
141,8,1170.94,440.67,114.92,204.10,1,-1,-1,-1
141,9,1148.48,481.49,87.02,220.77,1,-1,-1,-1
141,10,629.49,479.17,93.59,211.22,1,-1,-1,-1
141,11,1035.83,524.57,103.83,208.63,1,-1,-1,-1
141,13,869.10,489.21,103.91,218.12,1,-1,-1,-1
141,15,1163.67,477.06,88.99,163.49,1,-1,-1,-1
141,16,980.11,585.17,76.40,204.63,1,-1,-1,-1
141,17,748.46,574.12,79.32,223.34,1,-1,-1,-1
142,1,679.91,540.55,80.77,218.49,1,-1,-1,-1
142,2,636.59,488.64,85.27,198.95,1,-1,-1,-1
142,6,574.12,439.67,95.83,208.37,1,-1,-1,-1
142,7,642.10,474.66,77.99,215.78,1,-1,-1,-1
142,8,1176.38,447.28,103.96,196.14,1,-1,-1,-1
142,9,1146.29,494.88,83.30,211.14,1,-1,-1,-1
142,10,629.49,479.17,93.59,211.22,1,-1,-1,-1
142,11,1034.15,524.83,94.79,208.79,1,-1,-1,-1
142,13,870.90,499.06,89.32,214.19,1,-1,-1,-1
142,15,1163.67,477.06,88.99,163.49,1,-1,-1,-1
142,16,980.86,585.07,72.99,212.15,1,-1,-1,-1
142,17,753.27,578.00,78.37,224.22,1,-1,-1,-1
143,1,678.88,542.51,85.04,217.90,1,-1,-1,-1
143,2,633.16,491.15,85.78,201.81,1,-1,-1,-1
143,6,573.36,445.70,98.36,203.65,1,-1,-1,-1
143,7,642.10,474.66,77.99,215.78,1,-1,-1,-1
143,8,1172.26,451.81,104.99,188.37,1,-1,-1,-1
143,9,1147.18,499.34,87.65,206.47,1,-1,-1,-1
143,10,635.07,491.14,85.94,204.37,1,-1,-1,-1
143,11,1034.77,525.21,85.09,207.73,1,-1,-1,-1
143,13,870.77,504.55,88.82,211.44,1,-1,-1,-1
143,15,1163.67,477.06,88.99,163.49,1,-1,-1,-1
143,16,982.01,589.89,74.24,208.10,1,-1,-1,-1
143,17,751.30,584.20,83.78,217.63,1,-1,-1,-1
144,1,678.20,542.25,104.75,212.81,1,-1,-1,-1
144,2,635.47,488.09,91.20,221.09,1,-1,-1,-1
144,6,571.58,445.28,103.27,196.99,1,-1,-1,-1
144,8,1178.12,448.09,88.92,189.60,1,-1,-1,-1
144,9,1145.20,508.34,92.73,195.28,1,-1,-1,-1
144,10,635.07,491.14,85.94,204.37,1,-1,-1,-1
144,11,1033.15,521.54,82.16,212.49,1,-1,-1,-1
144,13,869.83,505.58,88.05,210.26,1,-1,-1,-1
144,16,980.39,588.71,78.78,209.58,1,-1,-1,-1
144,17,749.10,593.24,89.81,209.35,1,-1,-1,-1
145,1,680.13,539.17,98.15,210.20,1,-1,-1,-1
145,2,632.21,491.20,90.27,202.54,1,-1,-1,-1
145,6,573.48,436.54,107.91,208.13,1,-1,-1,-1
145,8,1176.50,441.71,79.94,197.66,1,-1,-1,-1
145,9,1141.47,507.99,83.12,193.17,1,-1,-1,-1
145,10,635.07,491.14,85.94,204.37,1,-1,-1,-1
145,11,1035.82,513.65,79.03,220.29,1,-1,-1,-1
145,13,871.25,504.77,82.55,204.40,1,-1,-1,-1
145,16,981.07,594.88,81.15,202.64,1,-1,-1,-1
145,17,747.39,596.23,89.52,206.81,1,-1,-1,-1
146,1,661.48,529.77,124.48,212.58,1,-1,-1,-1
146,2,636.19,496.72,130.60,240.31,1,-1,-1,-1
146,6,572.21,424.95,125.45,219.16,1,-1,-1,-1
146,8,1173.00,429.93,74.50,211.59,1,-1,-1,-1
146,9,1130.72,494.57,93.02,199.11,1,-1,-1,-1
146,10,635.07,491.14,85.94,204.37,1,-1,-1,-1
146,11,1044.18,503.98,70.79,223.96,1,-1,-1,-1
146,13,868.96,497.37,81.77,213.23,1,-1,-1,-1
146,16,981.63,602.11,87.83,191.99,1,-1,-1,-1
146,17,737.60,590.35,96.70,212.90,1,-1,-1,-1
147,1,661.48,529.77,124.48,212.58,1,-1,-1,-1
147,2,636.19,496.72,130.60,240.31,1,-1,-1,-1
147,6,575.94,419.43,141.15,232.91,1,-1,-1,-1
147,8,1169.65,429.07,74.94,212.01,1,-1,-1,-1
147,9,1125.43,488.42,92.73,204.15,1,-1,-1,-1
147,10,635.07,491.14,85.94,204.37,1,-1,-1,-1
147,11,1041.34,502.28,74.88,217.77,1,-1,-1,-1
147,13,866.61,489.69,83.08,221.23,1,-1,-1,-1
147,16,982.15,606.17,92.28,187.09,1,-1,-1,-1
147,17,732.50,587.82,95.08,214.75,1,-1,-1,-1
148,1,661.48,529.77,124.48,212.58,1,-1,-1,-1
148,2,636.19,496.72,130.60,240.31,1,-1,-1,-1
148,6,599.04,420.73,121.66,224.68,1,-1,-1,-1
148,8,1169.65,429.07,74.94,212.01,1,-1,-1,-1
148,9,1121.69,484.27,94.42,183.84,1,-1,-1,-1
148,10,639.34,481.26,99.72,209.64,1,-1,-1,-1
148,11,1048.92,503.70,71.49,170.87,1,-1,-1,-1
148,13,861.63,484.17,94.22,225.28,1,-1,-1,-1
148,14,1043.92,505.12,80.03,174.30,1,-1,-1,-1
148,15,1161.03,434.31,82.55,209.17,1,-1,-1,-1
148,16,979.83,609.51,116.53,186.35,1,-1,-1,-1
148,17,717.41,566.59,101.26,234.52,1,-1,-1,-1
149,1,661.48,529.77,124.48,212.58,1,-1,-1,-1
149,2,643.98,477.51,98.15,218.42,1,-1,-1,-1
149,6,612.05,418.72,108.30,217.24,1,-1,-1,-1
149,8,1169.65,429.07,74.94,212.01,1,-1,-1,-1
149,9,1118.23,481.26,90.94,194.62,1,-1,-1,-1
149,10,650.73,477.16,88.07,184.37,1,-1,-1,-1
149,11,1049.10,507.32,73.12,152.46,1,-1,-1,-1
149,13,857.58,484.73,102.71,219.57,1,-1,-1,-1
149,14,1043.92,505.12,80.03,174.30,1,-1,-1,-1
149,15,1161.12,431.36,80.67,214.50,1,-1,-1,-1
149,16,979.38,606.20,125.68,184.75,1,-1,-1,-1
149,17,715.79,579.61,83.66,219.52,1,-1,-1,-1
150,1,661.48,529.77,124.48,212.58,1,-1,-1,-1
150,2,647.00,474.78,90.53,200.42,1,-1,-1,-1
150,6,612.05,418.72,108.30,217.24,1,-1,-1,-1
150,8,1169.65,429.07,74.94,212.01,1,-1,-1,-1
150,9,1114.59,476.73,97.39,180.38,1,-1,-1,-1
150,10,652.27,477.70,84.85,179.17,1,-1,-1,-1
150,11,1049.10,507.32,73.12,152.46,1,-1,-1,-1
150,13,856.15,484.30,113.47,218.02,1,-1,-1,-1
150,14,1045.84,505.78,121.04,242.80,1,-1,-1,-1
150,15,1159.10,441.75,81.60,207.67,1,-1,-1,-1
150,16,980.13,599.83,135.32,190.49,1,-1,-1,-1
150,17,690.24,564.94,110.56,232.27,1,-1,-1,-1
151,1,661.48,529.77,124.48,212.58,1,-1,-1,-1
151,2,643.69,472.10,93.26,191.44,1,-1,-1,-1
151,6,612.05,418.72,108.30,217.24,1,-1,-1,-1
151,8,1169.65,429.07,74.94,212.01,1,-1,-1,-1
151,9,1110.61,482.01,100.41,176.40,1,-1,-1,-1
151,10,654.80,475.12,84.37,180.89,1,-1,-1,-1
151,11,1049.10,507.32,73.12,152.46,1,-1,-1,-1
151,13,856.94,484.21,113.84,222.44,1,-1,-1,-1
151,14,1045.84,505.78,121.04,242.80,1,-1,-1,-1
151,15,1158.44,446.29,82.46,206.92,1,-1,-1,-1
151,16,979.99,538.75,153.91,251.08,1,-1,-1,-1
151,17,678.20,570.82,107.06,225.97,1,-1,-1,-1
152,2,643.69,472.10,93.26,191.44,1,-1,-1,-1
152,6,612.05,418.72,108.30,217.24,1,-1,-1,-1
152,8,1169.65,429.07,74.94,212.01,1,-1,-1,-1
152,9,1105.86,487.86,106.87,166.63,1,-1,-1,-1
152,10,652.52,481.03,89.21,185.85,1,-1,-1,-1
152,11,1049.10,507.32,73.12,152.46,1,-1,-1,-1
152,13,862.04,489.66,106.16,228.88,1,-1,-1,-1
152,14,1045.84,505.78,121.04,242.80,1,-1,-1,-1
152,15,1157.50,464.64,84.33,189.33,1,-1,-1,-1
152,16,1005.45,537.49,146.86,232.53,1,-1,-1,-1
152,17,674.96,579.68,101.19,217.84,1,-1,-1,-1
153,2,643.69,472.10,93.26,191.44,1,-1,-1,-1
153,6,612.05,418.72,108.30,217.24,1,-1,-1,-1
153,9,1110.68,492.77,110.71,162.76,1,-1,-1,-1
153,10,655.11,488.16,97.83,206.61,1,-1,-1,-1
153,11,1049.10,507.32,73.12,152.46,1,-1,-1,-1
153,13,863.41,499.96,100.63,226.32,1,-1,-1,-1
153,14,1045.84,505.78,121.04,242.80,1,-1,-1,-1
153,15,1156.13,472.52,84.97,182.86,1,-1,-1,-1
153,16,1026.41,546.79,133.82,222.57,1,-1,-1,-1
153,17,669.45,580.72,108.08,215.97,1,-1,-1,-1
154,2,657.86,500.56,77.08,153.92,1,-1,-1,-1
154,6,612.05,418.72,108.30,217.24,1,-1,-1,-1
154,9,1110.68,492.77,110.71,162.76,1,-1,-1,-1
154,10,674.06,488.95,109.39,170.87,1,-1,-1,-1
154,11,1049.10,507.32,73.12,152.46,1,-1,-1,-1
154,13,867.47,510.65,94.19,216.92,1,-1,-1,-1
154,14,1045.84,505.78,121.04,242.80,1,-1,-1,-1
154,15,1155.90,480.65,86.69,176.32,1,-1,-1,-1
154,16,1052.00,553.33,128.25,227.06,1,-1,-1,-1
154,17,665.04,593.73,118.72,204.62,1,-1,-1,-1
155,1,659.31,505.29,124.59,179.55,1,-1,-1,-1
155,2,657.86,500.56,77.08,153.92,1,-1,-1,-1
155,9,1110.68,492.77,110.71,162.76,1,-1,-1,-1
155,10,685.20,476.30,104.94,181.02,1,-1,-1,-1
155,13,873.02,514.53,88.79,213.70,1,-1,-1,-1
155,14,1053.62,539.77,97.85,205.08,1,-1,-1,-1
155,15,1152.58,480.87,89.82,177.74,1,-1,-1,-1
155,16,1060.41,554.31,131.58,230.08,1,-1,-1,-1
155,17,663.80,609.98,117.74,188.12,1,-1,-1,-1
156,1,702.52,476.91,88.58,176.81,1,-1,-1,-1
156,2,659.51,509.09,73.90,141.09,1,-1,-1,-1
156,9,1127.31,478.06,106.88,176.21,1,-1,-1,-1
156,10,703.57,533.58,85.91,123.23,1,-1,-1,-1
156,13,878.55,518.51,85.48,209.13,1,-1,-1,-1
156,14,1053.62,539.77,97.85,205.08,1,-1,-1,-1
156,15,1146.73,477.84,92.65,178.65,1,-1,-1,-1
156,16,1060.14,567.96,130.84,223.73,1,-1,-1,-1
156,17,661.95,620.26,97.26,177.58,1,-1,-1,-1
157,1,703.55,471.72,87.37,181.62,1,-1,-1,-1
157,2,659.07,508.80,78.91,138.61,1,-1,-1,-1
157,8,1156.71,472.55,77.60,161.46,1,-1,-1,-1
157,9,1109.31,523.63,107.43,134.58,1,-1,-1,-1
157,10,662.69,512.62,116.29,155.08,1,-1,-1,-1
157,13,879.13,519.56,84.80,207.92,1,-1,-1,-1
157,14,1057.48,542.90,82.86,199.99,1,-1,-1,-1
157,15,1138.05,477.05,95.57,176.17,1,-1,-1,-1
157,16,1064.19,590.60,130.33,203.20,1,-1,-1,-1
157,17,660.48,617.15,93.25,180.95,1,-1,-1,-1
158,1,703.29,463.50,92.83,186.75,1,-1,-1,-1
158,2,657.06,506.03,96.26,165.55,1,-1,-1,-1
158,8,1156.06,474.31,81.69,180.41,1,-1,-1,-1
158,9,1109.31,523.63,107.43,134.58,1,-1,-1,-1
158,10,662.69,512.62,116.29,155.08,1,-1,-1,-1
158,13,878.56,521.08,86.41,208.44,1,-1,-1,-1
158,14,1061.67,538.44,81.91,204.13,1,-1,-1,-1
158,15,1138.05,477.05,95.57,176.17,1,-1,-1,-1
158,16,1085.55,541.59,113.06,250.90,1,-1,-1,-1
158,17,661.81,613.15,92.40,183.25,1,-1,-1,-1
159,1,700.87,461.57,96.35,189.96,1,-1,-1,-1
159,2,653.48,501.19,102.36,283.69,1,-1,-1,-1
159,8,1153.90,470.56,86.97,192.03,1,-1,-1,-1
159,9,1109.31,523.63,107.43,134.58,1,-1,-1,-1
159,10,662.69,512.62,116.29,155.08,1,-1,-1,-1
159,13,877.79,520.46,89.77,208.96,1,-1,-1,-1
159,14,1061.62,539.22,81.97,203.74,1,-1,-1,-1
159,15,1138.05,477.05,95.57,176.17,1,-1,-1,-1
159,16,1083.37,528.44,122.81,266.10,1,-1,-1,-1
159,17,661.81,613.15,92.40,183.25,1,-1,-1,-1
160,1,702.36,449.29,90.42,199.21,1,-1,-1,-1
160,2,653.48,501.19,102.36,283.69,1,-1,-1,-1
160,8,1154.47,466.36,87.39,194.20,1,-1,-1,-1
160,9,1109.31,523.63,107.43,134.58,1,-1,-1,-1
160,10,657.10,494.93,94.77,215.19,1,-1,-1,-1
160,13,877.27,517.05,91.69,211.64,1,-1,-1,-1
160,14,1062.05,532.83,90.93,209.52,1,-1,-1,-1
160,15,1138.05,477.05,95.57,176.17,1,-1,-1,-1
160,16,1066.55,523.22,138.61,267.55,1,-1,-1,-1
160,17,656.98,562.93,90.54,234.26,1,-1,-1,-1
161,1,701.31,439.80,89.21,209.30,1,-1,-1,-1
161,2,653.48,501.19,102.36,283.69,1,-1,-1,-1
161,8,1153.67,465.51,88.41,190.04,1,-1,-1,-1
161,9,1109.31,523.63,107.43,134.58,1,-1,-1,-1
161,10,657.10,494.93,94.77,215.19,1,-1,-1,-1
161,13,876.12,514.35,95.87,213.90,1,-1,-1,-1
161,14,1062.05,532.83,90.93,209.52,1,-1,-1,-1
161,15,1138.05,477.05,95.57,176.17,1,-1,-1,-1
161,16,1061.56,509.53,149.40,278.70,1,-1,-1,-1
161,17,652.34,542.05,92.44,254.65,1,-1,-1,-1
162,1,709.22,441.26,80.91,207.96,1,-1,-1,-1
162,2,651.58,504.23,93.55,290.72,1,-1,-1,-1
162,8,1150.62,458.72,85.25,202.44,1,-1,-1,-1
162,9,1109.31,523.63,107.43,134.58,1,-1,-1,-1
162,10,657.10,494.93,94.77,215.19,1,-1,-1,-1
162,13,874.96,507.80,98.62,219.07,1,-1,-1,-1
162,14,1061.05,497.70,100.33,243.91,1,-1,-1,-1
162,15,1138.05,477.05,95.57,176.17,1,-1,-1,-1
162,16,1114.34,566.98,92.86,227.91,1,-1,-1,-1
162,17,652.34,542.05,92.44,254.65,1,-1,-1,-1
163,1,713.07,441.55,76.32,208.54,1,-1,-1,-1
163,2,655.14,538.57,99.83,257.12,1,-1,-1,-1
163,8,1153.81,454.79,83.41,205.43,1,-1,-1,-1
163,10,652.29,488.22,96.21,263.71,1,-1,-1,-1
163,13,875.90,505.13,97.87,221.30,1,-1,-1,-1
163,14,1062.34,492.12,103.97,249.09,1,-1,-1,-1
163,16,1114.34,566.98,92.86,227.91,1,-1,-1,-1
163,17,656.42,540.50,119.70,256.28,1,-1,-1,-1
164,1,712.76,439.99,74.62,211.93,1,-1,-1,-1
164,2,653.12,500.91,90.83,295.62,1,-1,-1,-1
164,8,1158.48,450.51,80.44,191.82,1,-1,-1,-1
164,10,652.29,488.22,96.21,263.71,1,-1,-1,-1
164,13,877.28,503.57,93.97,221.56,1,-1,-1,-1
164,14,1063.49,507.18,84.94,234.96,1,-1,-1,-1
164,15,1160.02,453.74,77.70,162.37,1,-1,-1,-1
164,16,1088.22,499.79,119.51,296.94,1,-1,-1,-1
164,17,656.42,540.50,119.70,256.28,1,-1,-1,-1
165,1,708.94,441.59,80.35,211.25,1,-1,-1,-1
165,2,652.95,517.03,91.36,279.86,1,-1,-1,-1
165,6,680.09,476.64,84.03,176.50,1,-1,-1,-1
165,8,1154.33,449.07,84.88,188.86,1,-1,-1,-1
165,10,652.29,488.22,96.21,263.71,1,-1,-1,-1
165,13,877.27,503.85,91.14,220.95,1,-1,-1,-1
165,14,1067.86,490.16,86.91,251.17,1,-1,-1,-1
165,15,1159.59,449.17,79.10,156.63,1,-1,-1,-1
165,16,1107.90,523.71,101.96,272.78,1,-1,-1,-1
165,17,656.42,540.50,119.70,256.28,1,-1,-1,-1
166,1,705.88,441.46,83.48,213.18,1,-1,-1,-1
166,2,649.74,541.48,91.23,257.01,1,-1,-1,-1
166,6,680.09,476.64,84.03,176.50,1,-1,-1,-1
166,8,1154.33,449.07,84.88,188.86,1,-1,-1,-1
166,9,1102.66,455.32,133.75,219.51,1,-1,-1,-1
166,10,652.29,488.22,96.21,263.71,1,-1,-1,-1
166,13,876.72,499.42,89.06,225.79,1,-1,-1,-1
166,14,1064.81,494.18,79.22,247.33,1,-1,-1,-1
166,15,1159.59,449.17,79.10,156.63,1,-1,-1,-1
166,16,1124.69,573.59,85.34,222.78,1,-1,-1,-1
166,17,656.42,540.50,119.70,256.28,1,-1,-1,-1
167,1,703.82,441.95,86.32,212.78,1,-1,-1,-1
167,2,642.50,536.69,98.57,260.84,1,-1,-1,-1
167,6,680.09,476.64,84.03,176.50,1,-1,-1,-1
167,8,1154.33,449.07,84.88,188.86,1,-1,-1,-1
167,9,1099.41,447.26,137.74,233.51,1,-1,-1,-1
167,10,652.29,488.22,96.21,263.71,1,-1,-1,-1
167,13,875.72,501.91,88.75,223.36,1,-1,-1,-1
167,14,1064.30,496.24,76.41,245.23,1,-1,-1,-1
167,15,1159.59,449.17,79.10,156.63,1,-1,-1,-1
167,16,1133.83,579.75,75.15,215.82,1,-1,-1,-1
167,17,656.42,540.50,119.70,256.28,1,-1,-1,-1
168,1,706.11,444.22,83.77,208.67,1,-1,-1,-1
168,2,653.89,570.49,84.38,226.75,1,-1,-1,-1
168,6,680.09,476.64,84.03,176.50,1,-1,-1,-1
168,8,1154.33,449.07,84.88,188.86,1,-1,-1,-1
168,9,1097.03,448.59,138.59,233.57,1,-1,-1,-1
168,10,652.29,488.22,96.21,263.71,1,-1,-1,-1
168,11,1063.93,512.52,72.03,219.76,1,-1,-1,-1
168,13,876.04,502.92,89.28,222.36,1,-1,-1,-1
168,14,1087.18,486.08,77.97,226.55,1,-1,-1,-1
168,15,1159.59,449.17,79.10,156.63,1,-1,-1,-1
168,16,1133.12,582.11,76.60,214.43,1,-1,-1,-1
168,17,656.42,540.50,119.70,256.28,1,-1,-1,-1
169,1,706.39,443.18,85.62,209.30,1,-1,-1,-1
169,2,653.89,570.49,84.38,226.75,1,-1,-1,-1
169,6,680.09,476.64,84.03,176.50,1,-1,-1,-1
169,8,1154.33,449.07,84.88,188.86,1,-1,-1,-1
169,9,1097.03,448.59,138.59,233.57,1,-1,-1,-1
169,11,1067.77,518.51,68.48,220.80,1,-1,-1,-1
169,13,878.04,502.40,88.32,222.94,1,-1,-1,-1
169,14,1087.18,486.08,77.97,226.55,1,-1,-1,-1
169,15,1162.82,450.30,76.66,141.19,1,-1,-1,-1
169,16,1131.51,587.25,79.68,209.44,1,-1,-1,-1
169,17,665.02,573.71,74.47,223.68,1,-1,-1,-1
170,1,704.06,442.77,89.70,210.78,1,-1,-1,-1
170,2,653.89,570.49,84.38,226.75,1,-1,-1,-1
170,6,680.09,476.64,84.03,176.50,1,-1,-1,-1
170,8,1154.33,449.07,84.88,188.86,1,-1,-1,-1
170,9,1127.16,448.68,109.87,214.78,1,-1,-1,-1
170,11,1071.03,504.70,72.61,235.94,1,-1,-1,-1
170,13,877.41,502.03,88.78,223.27,1,-1,-1,-1
170,14,1087.18,486.08,77.97,226.55,1,-1,-1,-1
170,15,1162.82,450.30,76.66,141.19,1,-1,-1,-1
170,16,1128.94,588.56,84.99,208.85,1,-1,-1,-1
170,17,667.74,548.28,67.32,249.66,1,-1,-1,-1
171,1,701.14,442.49,91.72,210.84,1,-1,-1,-1
171,2,653.89,570.49,84.38,226.75,1,-1,-1,-1
171,9,1118.84,447.65,117.03,211.54,1,-1,-1,-1
171,11,1073.22,517.14,62.77,223.03,1,-1,-1,-1
171,13,877.54,502.07,86.45,223.51,1,-1,-1,-1
171,14,1087.18,486.08,77.97,226.55,1,-1,-1,-1
171,15,1162.82,450.30,76.66,141.19,1,-1,-1,-1
171,16,1131.39,588.29,82.88,209.34,1,-1,-1,-1
171,17,668.14,575.77,64.90,221.00,1,-1,-1,-1
172,1,704.74,439.26,93.55,213.07,1,-1,-1,-1
172,2,653.89,570.49,84.38,226.75,1,-1,-1,-1
172,9,1121.32,445.17,106.64,213.12,1,-1,-1,-1
172,11,1071.97,495.49,70.63,246.58,1,-1,-1,-1
172,13,879.21,501.72,83.38,223.92,1,-1,-1,-1
172,14,1087.18,486.08,77.97,226.55,1,-1,-1,-1
172,15,1162.82,450.30,76.66,141.19,1,-1,-1,-1
172,16,1136.09,586.18,76.95,212.28,1,-1,-1,-1
172,17,665.90,578.26,67.62,219.11,1,-1,-1,-1
173,1,707.20,440.55,86.29,212.15,1,-1,-1,-1
173,2,653.89,570.49,84.38,226.75,1,-1,-1,-1
173,9,1113.25,443.97,111.16,236.10,1,-1,-1,-1
173,11,1069.38,500.51,78.77,242.22,1,-1,-1,-1
173,13,879.25,502.24,82.57,223.72,1,-1,-1,-1
173,14,1087.18,486.08,77.97,226.55,1,-1,-1,-1
173,15,1162.82,450.30,76.66,141.19,1,-1,-1,-1
173,16,1134.33,588.68,79.21,210.01,1,-1,-1,-1
173,17,664.59,577.02,71.98,220.93,1,-1,-1,-1
174,1,707.20,440.55,86.29,212.15,1,-1,-1,-1
174,2,654.37,543.07,95.29,254.11,1,-1,-1,-1
174,6,683.64,483.18,108.60,179.64,1,-1,-1,-1
174,9,1083.43,437.22,156.21,268.06,1,-1,-1,-1
174,11,1067.42,491.36,87.28,252.27,1,-1,-1,-1
174,13,873.16,507.15,105.10,219.72,1,-1,-1,-1
174,15,1162.82,450.30,76.66,141.19,1,-1,-1,-1
174,16,1136.75,588.64,77.07,209.36,1,-1,-1,-1
174,17,664.59,577.02,71.98,220.93,1,-1,-1,-1
175,1,697.02,433.03,137.84,202.04,1,-1,-1,-1
175,2,653.14,537.65,106.19,258.04,1,-1,-1,-1
175,6,674.90,473.87,146.25,179.15,1,-1,-1,-1
175,9,1087.61,437.67,160.09,348.70,1,-1,-1,-1
175,11,1065.14,484.08,97.61,259.64,1,-1,-1,-1
175,13,869.12,510.47,122.64,215.40,1,-1,-1,-1
175,16,1136.75,588.64,77.07,209.36,1,-1,-1,-1
175,17,664.59,577.02,71.98,220.93,1,-1,-1,-1
176,1,727.47,462.30,106.21,163.38,1,-1,-1,-1
176,2,648.88,546.70,116.37,250.74,1,-1,-1,-1
176,6,674.90,473.87,146.25,179.15,1,-1,-1,-1
176,8,1117.43,435.33,134.75,225.82,1,-1,-1,-1
176,9,1089.07,480.92,149.51,314.03,1,-1,-1,-1
176,10,654.47,489.76,125.19,235.44,1,-1,-1,-1
176,11,1061.44,485.29,105.92,257.20,1,-1,-1,-1
176,13,867.47,508.02,127.28,217.74,1,-1,-1,-1
176,16,1136.75,588.64,77.07,209.36,1,-1,-1,-1
176,17,664.59,577.02,71.98,220.93,1,-1,-1,-1
177,1,734.35,476.44,100.97,147.29,1,-1,-1,-1
177,2,644.07,554.75,127.84,243.17,1,-1,-1,-1
177,6,674.90,473.87,146.25,179.15,1,-1,-1,-1
177,8,1129.16,434.98,124.49,230.01,1,-1,-1,-1
177,9,1103.02,494.39,129.48,301.60,1,-1,-1,-1
177,10,647.59,491.85,129.69,230.39,1,-1,-1,-1
177,11,1061.08,487.06,93.19,255.70,1,-1,-1,-1
177,13,866.51,509.14,132.78,216.77,1,-1,-1,-1
177,16,1136.75,588.64,77.07,209.36,1,-1,-1,-1
177,17,664.59,577.02,71.98,220.93,1,-1,-1,-1
178,1,712.54,449.64,138.60,248.86,1,-1,-1,-1
178,2,632.76,539.77,148.58,258.97,1,-1,-1,-1
178,6,647.32,466.50,151.73,242.83,1,-1,-1,-1
178,8,1063.85,444.18,190.04,295.49,1,-1,-1,-1
178,9,1106.09,500.15,158.60,293.66,1,-1,-1,-1
178,10,640.71,472.05,153.16,251.54,1,-1,-1,-1
178,11,1057.78,488.16,109.13,253.09,1,-1,-1,-1
178,13,871.63,516.92,141.24,210.67,1,-1,-1,-1
178,16,1136.75,588.64,77.07,209.36,1,-1,-1,-1
178,17,664.59,577.02,71.98,220.93,1,-1,-1,-1
179,1,713.77,447.09,140.25,249.66,1,-1,-1,-1
179,2,630.14,541.52,158.70,257.34,1,-1,-1,-1
179,6,647.32,466.50,151.73,242.83,1,-1,-1,-1
179,8,1057.86,449.06,195.69,292.94,1,-1,-1,-1
179,9,1111.22,524.28,167.53,272.06,1,-1,-1,-1
179,10,640.71,472.05,153.16,251.54,1,-1,-1,-1
179,11,1060.65,500.32,107.12,240.45,1,-1,-1,-1
179,13,871.63,516.92,141.24,210.67,1,-1,-1,-1
179,14,1061.03,496.56,153.28,247.85,1,-1,-1,-1
179,16,1136.75,588.64,77.07,209.36,1,-1,-1,-1
180,1,721.58,459.60,290.10,264.24,1,-1,-1,-1
180,2,627.85,537.74,182.78,260.73,1,-1,-1,-1
180,6,647.32,466.50,151.73,242.83,1,-1,-1,-1
180,8,1055.58,451.62,197.90,291.25,1,-1,-1,-1
180,9,1113.81,526.82,173.89,273.45,1,-1,-1,-1
180,10,640.71,472.05,153.16,251.54,1,-1,-1,-1
180,11,1059.66,500.50,111.79,239.81,1,-1,-1,-1
180,13,740.01,469.80,282.61,257.47,1,-1,-1,-1
180,14,1057.60,506.27,168.06,241.58,1,-1,-1,-1
180,15,1131.92,456.56,123.89,170.76,1,-1,-1,-1
181,1,721.58,459.60,290.10,264.24,1,-1,-1,-1
181,2,633.15,547.41,172.47,250.70,1,-1,-1,-1
181,6,647.32,466.50,151.73,242.83,1,-1,-1,-1
181,8,1055.58,451.62,197.90,291.25,1,-1,-1,-1
181,9,1121.09,535.40,168.77,265.15,1,-1,-1,-1
181,10,640.71,472.05,153.16,251.54,1,-1,-1,-1
181,11,1059.27,503.65,98.25,237.36,1,-1,-1,-1
181,13,727.18,472.93,297.31,254.36,1,-1,-1,-1
181,14,1057.23,510.09,139.27,234.33,1,-1,-1,-1
181,15,1131.92,456.56,123.89,170.76,1,-1,-1,-1
182,1,721.58,459.60,290.10,264.24,1,-1,-1,-1
182,2,631.31,542.79,171.31,255.35,1,-1,-1,-1
182,6,647.32,466.50,151.73,242.83,1,-1,-1,-1
182,8,1055.46,455.95,194.35,285.62,1,-1,-1,-1
182,9,1118.05,550.83,172.37,248.73,1,-1,-1,-1
182,10,640.71,472.05,153.16,251.54,1,-1,-1,-1
182,11,1058.97,500.03,109.30,241.96,1,-1,-1,-1
182,13,728.98,480.44,295.63,245.50,1,-1,-1,-1
182,14,1057.23,510.09,139.27,234.33,1,-1,-1,-1
182,15,1131.92,456.56,123.89,170.76,1,-1,-1,-1
183,1,721.58,459.60,290.10,264.24,1,-1,-1,-1
183,2,631.66,534.35,151.49,264.03,1,-1,-1,-1
183,6,647.32,466.50,151.73,242.83,1,-1,-1,-1
183,8,1055.46,455.95,194.35,285.62,1,-1,-1,-1
183,9,1133.37,555.89,156.38,243.90,1,-1,-1,-1
183,10,640.71,472.05,153.16,251.54,1,-1,-1,-1
183,11,1058.97,500.03,109.30,241.96,1,-1,-1,-1
183,13,727.25,474.26,302.12,252.40,1,-1,-1,-1
183,14,1056.88,498.98,155.38,248.69,1,-1,-1,-1
183,15,1123.69,456.49,125.48,202.55,1,-1,-1,-1
184,1,725.28,486.46,303.97,242.47,1,-1,-1,-1
184,2,637.06,548.88,152.86,248.75,1,-1,-1,-1
184,8,1057.88,489.18,188.25,262.26,1,-1,-1,-1
184,9,1117.84,588.46,161.22,207.40,1,-1,-1,-1
184,11,1058.97,500.03,109.30,241.96,1,-1,-1,-1
184,13,727.02,475.53,300.33,251.10,1,-1,-1,-1
184,14,1056.88,498.98,155.38,248.69,1,-1,-1,-1
184,15,1129.41,458.78,121.64,187.39,1,-1,-1,-1
185,1,728.61,486.34,301.93,242.90,1,-1,-1,-1
185,2,640.08,547.31,156.22,250.06,1,-1,-1,-1
185,8,1057.88,489.18,188.25,262.26,1,-1,-1,-1
185,9,1130.08,573.52,135.26,222.07,1,-1,-1,-1
185,11,1060.45,495.09,106.09,246.40,1,-1,-1,-1
185,13,728.48,478.32,298.50,247.58,1,-1,-1,-1
185,14,1058.52,489.89,174.37,262.98,1,-1,-1,-1
185,15,1133.67,454.44,118.64,190.19,1,-1,-1,-1
186,1,728.61,486.34,301.93,242.90,1,-1,-1,-1
186,2,647.63,568.19,141.78,225.84,1,-1,-1,-1
186,6,705.54,449.96,141.69,194.93,1,-1,-1,-1
186,8,1057.88,489.18,188.25,262.26,1,-1,-1,-1
186,9,1130.08,573.52,135.26,222.07,1,-1,-1,-1
186,10,655.28,494.68,129.65,230.08,1,-1,-1,-1
186,11,1061.89,490.82,120.26,250.83,1,-1,-1,-1
186,13,846.68,514.74,173.33,213.85,1,-1,-1,-1
186,14,1063.99,490.84,146.26,258.65,1,-1,-1,-1
186,15,1130.99,448.27,121.02,198.35,1,-1,-1,-1
186,16,1140.37,599.23,92.09,197.74,1,-1,-1,-1
187,1,728.61,486.34,301.93,242.90,1,-1,-1,-1
187,2,649.41,566.43,138.69,227.35,1,-1,-1,-1
187,6,713.46,448.68,129.76,178.50,1,-1,-1,-1
187,8,1057.88,489.18,188.25,262.26,1,-1,-1,-1
187,9,1130.08,573.52,135.26,222.07,1,-1,-1,-1
187,10,656.71,495.92,132.18,230.66,1,-1,-1,-1
187,11,1067.42,488.99,114.81,255.03,1,-1,-1,-1
187,13,858.10,515.80,152.23,212.63,1,-1,-1,-1
187,14,1063.99,490.84,146.26,258.65,1,-1,-1,-1
187,15,1133.25,444.44,115.25,199.88,1,-1,-1,-1
187,16,1138.11,598.07,84.83,200.79,1,-1,-1,-1
188,1,728.61,486.34,301.93,242.90,1,-1,-1,-1
188,2,648.89,567.36,118.24,226.78,1,-1,-1,-1
188,6,717.02,446.35,116.28,187.98,1,-1,-1,-1
188,8,1057.88,489.18,188.25,262.26,1,-1,-1,-1
188,9,1130.08,573.52,135.26,222.07,1,-1,-1,-1
188,10,658.29,499.67,122.30,221.79,1,-1,-1,-1
188,11,1071.42,507.51,86.47,235.97,1,-1,-1,-1
188,13,862.90,514.43,125.91,213.00,1,-1,-1,-1
188,14,1063.99,490.84,146.26,258.65,1,-1,-1,-1
188,15,1136.02,447.28,98.83,200.41,1,-1,-1,-1
188,16,1130.93,590.18,82.02,210.03,1,-1,-1,-1
189,1,728.61,486.34,301.93,242.90,1,-1,-1,-1
189,2,648.36,569.67,106.09,226.48,1,-1,-1,-1
189,6,720.65,444.68,98.75,189.91,1,-1,-1,-1
189,8,1057.88,489.18,188.25,262.26,1,-1,-1,-1
189,9,1130.08,573.52,135.26,222.07,1,-1,-1,-1
189,10,662.78,496.90,88.44,213.20,1,-1,-1,-1
189,11,1071.96,504.98,77.89,237.18,1,-1,-1,-1
189,13,867.32,514.48,105.70,211.77,1,-1,-1,-1
189,14,1063.99,490.84,146.26,258.65,1,-1,-1,-1
189,15,1140.18,452.59,80.33,196.12,1,-1,-1,-1
189,16,1132.82,587.00,75.22,211.67,1,-1,-1,-1
190,1,728.61,486.34,301.93,242.90,1,-1,-1,-1
190,2,659.02,503.18,106.64,224.69,1,-1,-1,-1
190,6,725.34,444.39,70.72,210.95,1,-1,-1,-1
190,9,1130.08,573.52,135.26,222.07,1,-1,-1,-1
190,10,663.09,494.58,83.10,210.17,1,-1,-1,-1
190,11,1071.96,504.98,77.89,237.18,1,-1,-1,-1
190,13,868.46,511.85,84.62,214.69,1,-1,-1,-1
190,14,1076.99,490.88,109.23,252.76,1,-1,-1,-1
190,15,1143.12,457.95,63.05,189.78,1,-1,-1,-1
190,16,1141.41,581.80,65.73,216.51,1,-1,-1,-1
190,17,650.71,580.14,110.45,217.44,1,-1,-1,-1
191,2,660.32,494.39,99.17,228.21,1,-1,-1,-1
191,6,727.36,449.19,61.55,207.20,1,-1,-1,-1
191,9,1131.04,487.39,84.03,311.03,1,-1,-1,-1
191,10,663.09,494.58,83.10,210.17,1,-1,-1,-1
191,11,1074.93,494.60,80.34,249.11,1,-1,-1,-1
191,13,868.13,513.98,81.74,211.94,1,-1,-1,-1
191,14,1076.99,490.88,109.23,252.76,1,-1,-1,-1
191,15,1143.12,457.95,63.05,189.78,1,-1,-1,-1
191,16,1141.41,581.80,65.73,216.51,1,-1,-1,-1
191,17,651.05,584.89,109.91,212.56,1,-1,-1,-1
192,2,660.32,494.39,99.17,228.21,1,-1,-1,-1
192,6,722.42,447.48,67.07,210.95,1,-1,-1,-1
192,9,1131.04,487.39,84.03,311.03,1,-1,-1,-1
192,10,663.09,494.58,83.10,210.17,1,-1,-1,-1
192,11,1074.93,494.60,80.34,249.11,1,-1,-1,-1
192,13,869.99,525.88,81.06,200.14,1,-1,-1,-1
192,14,1074.27,483.89,121.83,260.44,1,-1,-1,-1
192,15,1143.12,457.95,63.05,189.78,1,-1,-1,-1
192,16,1141.63,575.59,66.80,222.56,1,-1,-1,-1
192,17,652.06,586.92,89.29,210.14,1,-1,-1,-1
193,2,660.32,494.39,99.17,228.21,1,-1,-1,-1
193,6,723.54,446.38,65.26,213.06,1,-1,-1,-1
193,9,1131.04,487.39,84.03,311.03,1,-1,-1,-1
193,10,663.09,494.58,83.10,210.17,1,-1,-1,-1
193,11,1074.93,494.60,80.34,249.11,1,-1,-1,-1
193,13,869.37,531.88,83.65,193.95,1,-1,-1,-1
193,14,1073.53,488.92,114.90,252.94,1,-1,-1,-1
193,15,1143.12,457.95,63.05,189.78,1,-1,-1,-1
193,16,1143.76,585.01,62.71,213.69,1,-1,-1,-1
193,17,651.78,587.97,87.12,209.73,1,-1,-1,-1
194,2,687.68,491.73,65.14,182.02,1,-1,-1,-1
194,6,726.47,447.24,62.11,211.57,1,-1,-1,-1
194,9,1131.04,487.39,84.03,311.03,1,-1,-1,-1
194,10,663.09,494.58,83.10,210.17,1,-1,-1,-1
194,11,1076.41,503.56,86.30,238.17,1,-1,-1,-1
194,13,868.61,532.32,85.20,193.72,1,-1,-1,-1
194,14,1073.53,488.92,114.90,252.94,1,-1,-1,-1
194,15,1143.12,457.95,63.05,189.78,1,-1,-1,-1
194,16,1144.38,582.45,61.25,216.69,1,-1,-1,-1
194,17,652.91,582.63,86.18,214.94,1,-1,-1,-1
195,2,687.68,491.73,65.14,182.02,1,-1,-1,-1
195,6,726.07,450.77,62.60,207.86,1,-1,-1,-1
195,9,1131.04,487.39,84.03,311.03,1,-1,-1,-1
195,10,663.09,494.58,83.10,210.17,1,-1,-1,-1
195,11,1076.82,516.21,73.24,225.84,1,-1,-1,-1
195,13,868.82,530.82,85.10,195.68,1,-1,-1,-1
195,14,1073.53,488.92,114.90,252.94,1,-1,-1,-1
195,15,1143.12,457.95,63.05,189.78,1,-1,-1,-1
195,16,1142.80,578.72,64.63,220.73,1,-1,-1,-1
195,17,654.49,582.93,83.56,215.87,1,-1,-1,-1
196,2,690.77,491.65,64.58,185.90,1,-1,-1,-1
196,6,726.07,450.77,62.60,207.86,1,-1,-1,-1
196,9,1131.04,487.39,84.03,311.03,1,-1,-1,-1
196,11,1076.51,522.46,75.33,218.63,1,-1,-1,-1
196,13,872.67,531.42,81.10,195.06,1,-1,-1,-1
196,14,1073.53,488.92,114.90,252.94,1,-1,-1,-1
196,16,1140.58,591.99,88.19,205.28,1,-1,-1,-1
196,17,658.60,585.28,76.05,215.10,1,-1,-1,-1
197,2,690.36,492.14,67.19,179.79,1,-1,-1,-1
197,6,726.69,453.70,60.45,201.79,1,-1,-1,-1
197,11,1075.49,526.25,77.01,215.07,1,-1,-1,-1
197,13,874.97,531.83,79.40,194.69,1,-1,-1,-1
197,14,1073.53,488.92,114.90,252.94,1,-1,-1,-1
197,15,1148.38,454.42,61.28,181.00,1,-1,-1,-1
197,16,1132.28,596.61,109.57,200.88,1,-1,-1,-1
197,17,658.75,586.72,78.61,213.93,1,-1,-1,-1
198,2,690.36,492.14,67.19,179.79,1,-1,-1,-1
198,6,728.86,450.60,78.73,204.80,1,-1,-1,-1
198,10,664.16,503.96,93.00,223.37,1,-1,-1,-1
198,11,1072.20,520.69,89.89,220.91,1,-1,-1,-1
198,13,876.35,535.34,80.97,191.96,1,-1,-1,-1
198,14,1073.53,488.92,114.90,252.94,1,-1,-1,-1
198,15,1144.40,456.84,77.79,205.66,1,-1,-1,-1
198,16,1136.86,604.69,98.11,194.15,1,-1,-1,-1
198,17,655.43,578.60,84.83,222.09,1,-1,-1,-1
199,2,690.36,492.14,67.19,179.79,1,-1,-1,-1
199,6,727.04,450.46,86.80,202.15,1,-1,-1,-1
199,10,664.16,503.96,93.00,223.37,1,-1,-1,-1
199,11,1072.87,522.96,101.72,220.56,1,-1,-1,-1
199,13,874.40,536.55,81.86,191.34,1,-1,-1,-1
199,15,1147.99,451.31,90.54,180.32,1,-1,-1,-1
199,16,1135.84,590.06,88.17,209.22,1,-1,-1,-1
199,17,646.07,581.59,96.77,217.26,1,-1,-1,-1
200,2,690.36,492.14,67.19,179.79,1,-1,-1,-1
200,6,723.78,448.15,96.32,190.84,1,-1,-1,-1
200,9,1125.12,493.44,113.16,282.45,1,-1,-1,-1
200,10,667.82,492.16,102.27,192.25,1,-1,-1,-1
200,11,1075.57,523.06,104.73,218.71,1,-1,-1,-1
200,13,868.09,533.38,86.11,194.17,1,-1,-1,-1
200,14,1089.88,485.70,94.35,216.65,1,-1,-1,-1
200,15,1147.12,452.51,100.55,173.28,1,-1,-1,-1
200,16,1140.88,558.33,94.71,239.65,1,-1,-1,-1
200,17,617.34,569.48,143.35,228.53,1,-1,-1,-1
201,2,690.36,492.14,67.19,179.79,1,-1,-1,-1
201,6,728.15,442.04,101.70,197.95,1,-1,-1,-1
201,9,1125.12,493.44,113.16,282.45,1,-1,-1,-1
201,10,667.82,492.16,102.27,192.25,1,-1,-1,-1
201,11,1075.42,522.61,102.35,218.84,1,-1,-1,-1
201,13,865.65,530.29,87.63,197.63,1,-1,-1,-1
201,14,1090.68,486.29,89.70,204.17,1,-1,-1,-1
201,15,1147.12,452.51,100.55,173.28,1,-1,-1,-1
201,16,1140.88,554.44,97.33,243.12,1,-1,-1,-1
201,17,600.16,545.77,176.12,252.37,1,-1,-1,-1
202,2,690.36,492.14,67.19,179.79,1,-1,-1,-1
202,6,716.61,440.58,142.43,215.79,1,-1,-1,-1
202,8,1066.41,476.97,163.79,263.38,1,-1,-1,-1
202,9,1110.13,461.98,130.25,328.09,1,-1,-1,-1
202,10,666.99,485.39,87.48,221.87,1,-1,-1,-1
202,11,1073.01,522.47,109.96,219.81,1,-1,-1,-1
202,13,863.68,528.52,89.31,201.64,1,-1,-1,-1
202,14,1090.68,486.29,89.70,204.17,1,-1,-1,-1
202,15,1147.12,452.51,100.55,173.28,1,-1,-1,-1
202,16,1140.88,554.44,97.33,243.12,1,-1,-1,-1
202,17,586.38,534.21,173.03,266.47,1,-1,-1,-1
203,6,716.61,440.58,142.43,215.79,1,-1,-1,-1
203,8,1062.78,477.37,165.20,268.19,1,-1,-1,-1
203,9,1129.06,455.78,114.58,339.73,1,-1,-1,-1
203,10,666.99,485.39,87.48,221.87,1,-1,-1,-1
203,11,1066.46,522.64,125.78,219.77,1,-1,-1,-1
203,13,859.67,532.52,94.02,199.15,1,-1,-1,-1
203,14,1090.68,486.29,89.70,204.17,1,-1,-1,-1
203,15,1147.12,452.51,100.55,173.28,1,-1,-1,-1
203,16,1140.88,554.44,97.33,243.12,1,-1,-1,-1
203,17,586.07,528.74,162.03,272.47,1,-1,-1,-1
204,6,716.61,440.58,142.43,215.79,1,-1,-1,-1
204,8,1057.25,478.76,184.01,266.09,1,-1,-1,-1
204,9,1137.63,449.45,122.24,347.58,1,-1,-1,-1
204,10,678.58,488.17,120.11,198.25,1,-1,-1,-1
204,11,1058.45,495.90,128.13,245.96,1,-1,-1,-1
204,13,859.42,537.51,93.70,193.85,1,-1,-1,-1
204,14,1090.68,486.29,89.70,204.17,1,-1,-1,-1
204,15,1147.12,452.51,100.55,173.28,1,-1,-1,-1
204,16,1140.88,554.44,97.33,243.12,1,-1,-1,-1
204,17,581.07,532.45,168.59,267.83,1,-1,-1,-1
205,6,716.61,440.58,142.43,215.79,1,-1,-1,-1
205,8,1057.99,484.02,137.59,216.91,1,-1,-1,-1
205,9,1134.43,451.65,138.03,343.17,1,-1,-1,-1
205,10,680.30,468.85,121.45,193.20,1,-1,-1,-1
205,11,1071.44,520.97,129.60,223.85,1,-1,-1,-1
205,13,858.26,537.23,95.02,194.82,1,-1,-1,-1
205,14,1060.71,487.36,119.72,170.23,1,-1,-1,-1
205,15,1147.12,452.51,100.55,173.28,1,-1,-1,-1
205,16,1140.88,554.44,97.33,243.12,1,-1,-1,-1
205,17,579.31,532.09,162.40,268.86,1,-1,-1,-1
206,6,716.61,440.58,142.43,215.79,1,-1,-1,-1
206,8,1066.48,477.54,148.80,221.88,1,-1,-1,-1
206,9,1134.43,451.65,138.03,343.17,1,-1,-1,-1
206,10,680.30,468.85,121.45,193.20,1,-1,-1,-1
206,11,1074.75,523.96,123.98,219.93,1,-1,-1,-1
206,13,856.06,533.08,99.68,200.36,1,-1,-1,-1
206,14,1060.71,487.36,119.72,170.23,1,-1,-1,-1
206,16,1128.27,526.08,129.32,271.07,1,-1,-1,-1
206,17,593.96,526.28,150.86,274.33,1,-1,-1,-1
207,6,696.23,448.54,163.68,208.30,1,-1,-1,-1
207,8,1070.30,498.42,180.80,292.03,1,-1,-1,-1
207,9,1134.63,443.86,138.03,333.92,1,-1,-1,-1
207,10,680.30,468.85,121.45,193.20,1,-1,-1,-1
207,11,1068.89,509.05,147.13,236.30,1,-1,-1,-1
207,13,855.46,532.23,102.84,202.81,1,-1,-1,-1
207,14,1060.71,487.36,119.72,170.23,1,-1,-1,-1
207,16,1128.27,526.08,129.32,271.07,1,-1,-1,-1
207,17,600.52,522.17,146.56,279.29,1,-1,-1,-1
208,6,696.23,448.54,163.68,208.30,1,-1,-1,-1
208,8,1070.30,498.42,180.80,292.03,1,-1,-1,-1
208,9,1134.63,443.86,138.03,333.92,1,-1,-1,-1
208,10,680.30,468.85,121.45,193.20,1,-1,-1,-1
208,11,1070.78,514.93,122.10,229.71,1,-1,-1,-1
208,13,856.74,530.31,110.27,207.45,1,-1,-1,-1
208,14,1060.71,487.36,119.72,170.23,1,-1,-1,-1
208,15,1141.24,448.26,104.76,222.73,1,-1,-1,-1
208,16,1121.45,550.02,124.14,247.02,1,-1,-1,-1
208,17,611.06,538.59,128.92,262.23,1,-1,-1,-1
209,6,696.23,448.54,163.68,208.30,1,-1,-1,-1
209,8,1070.30,498.42,180.80,292.03,1,-1,-1,-1
209,9,1130.59,449.95,117.93,345.23,1,-1,-1,-1
209,10,680.30,468.85,121.45,193.20,1,-1,-1,-1
209,11,1074.92,516.69,115.56,227.40,1,-1,-1,-1
209,13,857.92,529.71,118.59,211.37,1,-1,-1,-1
209,14,1060.71,487.36,119.72,170.23,1,-1,-1,-1
209,15,1141.24,448.26,104.76,222.73,1,-1,-1,-1
209,16,1121.45,550.02,124.14,247.02,1,-1,-1,-1
209,17,616.63,532.14,121.67,267.03,1,-1,-1,-1
210,6,709.45,445.76,128.34,197.09,1,-1,-1,-1
210,8,1070.30,498.42,180.80,292.03,1,-1,-1,-1
210,9,1128.70,499.45,116.18,295.29,1,-1,-1,-1
210,10,627.48,478.57,142.56,235.01,1,-1,-1,-1
210,11,1079.17,517.23,108.48,224.57,1,-1,-1,-1
210,13,857.70,538.13,123.52,206.43,1,-1,-1,-1
210,14,1060.71,487.36,119.72,170.23,1,-1,-1,-1
210,15,1126.77,459.02,119.84,234.27,1,-1,-1,-1
210,16,1121.45,550.02,124.14,247.02,1,-1,-1,-1
210,17,629.09,534.60,160.41,266.07,1,-1,-1,-1
211,6,709.45,445.76,128.34,197.09,1,-1,-1,-1
211,8,1070.30,498.42,180.80,292.03,1,-1,-1,-1
211,9,1128.70,499.45,116.18,295.29,1,-1,-1,-1
211,10,620.42,484.37,149.10,236.38,1,-1,-1,-1
211,11,1076.94,513.10,114.23,229.43,1,-1,-1,-1
211,13,855.15,540.17,137.01,203.70,1,-1,-1,-1
211,14,1064.15,479.76,132.34,247.39,1,-1,-1,-1
211,15,1126.77,459.02,119.84,234.27,1,-1,-1,-1
211,16,1127.34,553.72,117.53,242.12,1,-1,-1,-1
211,17,630.52,536.60,162.63,264.01,1,-1,-1,-1
212,6,709.45,445.76,128.34,197.09,1,-1,-1,-1
212,8,1070.30,498.42,180.80,292.03,1,-1,-1,-1
212,9,1129.35,480.05,114.48,314.95,1,-1,-1,-1
212,10,617.24,481.73,173.95,243.70,1,-1,-1,-1
212,11,1074.54,512.73,113.57,230.21,1,-1,-1,-1
212,13,852.86,538.14,128.61,205.19,1,-1,-1,-1
212,14,1060.59,514.44,114.23,225.75,1,-1,-1,-1
212,15,1124.71,459.06,120.38,199.12,1,-1,-1,-1
212,16,1127.34,553.72,117.53,242.12,1,-1,-1,-1
212,17,638.96,535.02,155.86,263.11,1,-1,-1,-1
213,6,709.45,445.76,128.34,197.09,1,-1,-1,-1
213,8,1097.95,504.30,141.15,290.18,1,-1,-1,-1
213,9,1129.35,480.05,114.48,314.95,1,-1,-1,-1
213,10,617.20,486.77,176.91,244.03,1,-1,-1,-1
213,11,1055.35,488.39,133.24,247.54,1,-1,-1,-1
213,13,850.20,532.95,128.92,212.41,1,-1,-1,-1
213,14,1060.59,514.44,114.23,225.75,1,-1,-1,-1
213,15,1119.38,452.38,120.01,205.43,1,-1,-1,-1
213,16,1127.34,553.72,117.53,242.12,1,-1,-1,-1
213,17,638.96,535.02,155.86,263.11,1,-1,-1,-1
214,6,709.45,445.76,128.34,197.09,1,-1,-1,-1
214,8,1097.95,504.30,141.15,290.18,1,-1,-1,-1
214,9,1129.35,480.05,114.48,314.95,1,-1,-1,-1
214,10,613.82,489.57,149.68,230.10,1,-1,-1,-1
214,11,1048.89,462.80,140.45,276.94,1,-1,-1,-1
214,13,847.81,532.16,130.63,215.86,1,-1,-1,-1
214,14,1060.59,514.44,114.23,225.75,1,-1,-1,-1
214,15,1119.38,452.38,120.01,205.43,1,-1,-1,-1
214,16,1141.22,575.49,79.98,217.85,1,-1,-1,-1
214,17,645.76,488.84,147.00,306.76,1,-1,-1,-1
215,6,714.46,427.80,110.97,212.92,1,-1,-1,-1
215,8,1097.95,504.30,141.15,290.18,1,-1,-1,-1
215,9,1129.35,480.05,114.48,314.95,1,-1,-1,-1
215,10,613.82,489.57,149.68,230.10,1,-1,-1,-1
215,11,1060.47,448.01,130.86,295.88,1,-1,-1,-1
215,13,849.63,531.28,122.50,219.29,1,-1,-1,-1
215,14,1060.59,514.44,114.23,225.75,1,-1,-1,-1
215,15,1119.38,452.38,120.01,205.43,1,-1,-1,-1
215,16,1140.93,574.20,73.85,217.83,1,-1,-1,-1
215,17,648.56,481.24,145.05,316.02,1,-1,-1,-1
216,6,714.46,427.80,110.97,212.92,1,-1,-1,-1
216,8,1097.95,504.30,141.15,290.18,1,-1,-1,-1
216,9,1118.02,445.42,108.17,348.56,1,-1,-1,-1
216,10,629.40,486.28,120.85,230.15,1,-1,-1,-1
216,11,1069.70,439.77,124.42,287.05,1,-1,-1,-1
216,13,856.57,529.26,113.70,223.37,1,-1,-1,-1
216,14,1060.59,514.44,114.23,225.75,1,-1,-1,-1
216,15,1119.38,452.38,120.01,205.43,1,-1,-1,-1
216,16,1140.93,574.20,73.85,217.83,1,-1,-1,-1
216,17,634.41,484.50,149.89,296.18,1,-1,-1,-1
217,6,714.46,427.80,110.97,212.92,1,-1,-1,-1
217,8,1097.95,504.30,141.15,290.18,1,-1,-1,-1
217,9,1118.02,445.42,108.17,348.56,1,-1,-1,-1
217,10,629.40,486.28,120.85,230.15,1,-1,-1,-1
217,11,1081.41,445.70,122.44,272.69,1,-1,-1,-1
217,13,855.52,531.65,114.06,221.12,1,-1,-1,-1
217,14,1060.59,514.44,114.23,225.75,1,-1,-1,-1
217,15,1119.38,452.38,120.01,205.43,1,-1,-1,-1
217,16,1134.22,579.83,88.62,218.13,1,-1,-1,-1
217,17,643.91,511.01,107.47,285.93,1,-1,-1,-1
218,6,685.30,434.71,106.96,198.13,1,-1,-1,-1
218,8,1097.95,504.30,141.15,290.18,1,-1,-1,-1
218,9,1118.02,445.42,108.17,348.56,1,-1,-1,-1
218,10,649.39,499.86,91.45,215.37,1,-1,-1,-1
218,11,1081.41,445.70,122.44,272.69,1,-1,-1,-1
218,13,855.04,531.82,113.92,220.44,1,-1,-1,-1
218,14,1075.88,550.59,85.45,163.12,1,-1,-1,-1
218,15,1093.59,452.70,114.03,210.19,1,-1,-1,-1
218,16,1126.72,589.34,94.36,209.48,1,-1,-1,-1
218,17,662.64,563.16,96.63,233.66,1,-1,-1,-1
219,2,705.88,497.22,75.75,131.60,1,-1,-1,-1
219,6,689.22,431.80,99.60,192.13,1,-1,-1,-1
219,9,1118.02,445.42,108.17,348.56,1,-1,-1,-1
219,10,649.39,499.86,91.45,215.37,1,-1,-1,-1
219,11,1081.41,445.70,122.44,272.69,1,-1,-1,-1
219,13,857.06,532.84,112.02,219.50,1,-1,-1,-1
219,14,1075.88,550.59,85.45,163.12,1,-1,-1,-1
219,15,1098.44,443.50,100.27,204.30,1,-1,-1,-1
219,16,1124.94,591.00,93.05,207.22,1,-1,-1,-1
219,17,667.99,565.37,94.17,232.91,1,-1,-1,-1
220,2,705.88,497.22,75.75,131.60,1,-1,-1,-1
220,6,689.22,431.80,99.60,192.13,1,-1,-1,-1
220,9,1118.02,445.42,108.17,348.56,1,-1,-1,-1
220,10,649.39,499.86,91.45,215.37,1,-1,-1,-1
220,11,1076.71,458.00,117.54,242.18,1,-1,-1,-1
220,13,846.57,532.52,139.01,220.54,1,-1,-1,-1
220,14,1074.40,544.49,89.09,155.94,1,-1,-1,-1
220,15,1098.44,443.50,100.27,204.30,1,-1,-1,-1
220,16,1122.24,588.48,88.05,210.93,1,-1,-1,-1
220,17,670.74,573.05,97.64,223.69,1,-1,-1,-1
220,19,1075.12,547.72,81.26,153.42,1,-1,-1,-1
221,2,705.88,497.22,75.75,131.60,1,-1,-1,-1
221,6,689.22,431.80,99.60,192.13,1,-1,-1,-1
221,9,1118.02,445.42,108.17,348.56,1,-1,-1,-1
221,10,649.39,499.86,91.45,215.37,1,-1,-1,-1
221,11,1076.71,458.00,117.54,242.18,1,-1,-1,-1
221,13,846.57,535.84,139.85,217.18,1,-1,-1,-1
221,14,1077.36,498.26,94.59,190.46,1,-1,-1,-1
221,15,1098.44,443.50,100.27,204.30,1,-1,-1,-1
221,16,1121.77,534.52,86.68,265.28,1,-1,-1,-1
221,17,670.27,567.55,100.75,229.47,1,-1,-1,-1
221,19,1074.47,548.23,81.25,141.42,1,-1,-1,-1
222,2,705.88,497.22,75.75,131.60,1,-1,-1,-1
222,6,675.84,476.64,110.13,155.75,1,-1,-1,-1
222,10,649.39,499.86,91.45,215.37,1,-1,-1,-1
222,11,1076.71,458.00,117.54,242.18,1,-1,-1,-1
222,13,845.36,536.17,128.01,215.91,1,-1,-1,-1
222,14,1085.89,491.96,78.43,162.15,1,-1,-1,-1
222,15,1097.56,453.03,84.52,165.77,1,-1,-1,-1
222,16,1116.54,584.37,89.57,215.15,1,-1,-1,-1
222,17,671.82,578.37,96.49,219.08,1,-1,-1,-1
222,19,1075.51,551.70,62.97,113.64,1,-1,-1,-1
223,2,705.88,497.22,75.75,131.60,1,-1,-1,-1
223,6,668.23,489.28,106.18,210.71,1,-1,-1,-1
223,10,649.39,499.86,91.45,215.37,1,-1,-1,-1
223,11,1076.71,458.00,117.54,242.18,1,-1,-1,-1
223,13,843.14,534.99,128.25,216.86,1,-1,-1,-1
223,14,1085.89,491.96,78.43,162.15,1,-1,-1,-1
223,15,1097.56,453.03,84.52,165.77,1,-1,-1,-1
223,16,1110.27,535.58,96.04,266.17,1,-1,-1,-1
223,17,671.25,579.03,96.64,218.98,1,-1,-1,-1
223,19,1075.51,551.70,62.97,113.64,1,-1,-1,-1
224,2,705.88,497.22,75.75,131.60,1,-1,-1,-1
224,6,668.23,489.28,106.18,210.71,1,-1,-1,-1
224,11,1076.71,458.00,117.54,242.18,1,-1,-1,-1
224,13,844.22,535.26,126.00,216.88,1,-1,-1,-1
224,14,1085.89,491.96,78.43,162.15,1,-1,-1,-1
224,15,1097.15,455.79,78.86,141.56,1,-1,-1,-1
224,16,1115.57,585.72,90.05,214.38,1,-1,-1,-1
224,17,672.88,580.24,91.54,215.49,1,-1,-1,-1
224,19,1076.08,557.76,56.83,106.49,1,-1,-1,-1
225,6,668.23,489.28,106.18,210.71,1,-1,-1,-1
225,11,1077.28,529.45,100.76,174.86,1,-1,-1,-1
225,13,845.16,535.75,124.14,216.91,1,-1,-1,-1
225,14,1093.14,531.83,78.47,165.09,1,-1,-1,-1
225,15,1096.20,455.58,78.51,134.68,1,-1,-1,-1
225,16,1120.23,590.21,84.87,209.25,1,-1,-1,-1
225,17,672.68,579.28,90.39,217.86,1,-1,-1,-1
225,19,1074.22,560.40,56.07,111.68,1,-1,-1,-1
226,6,650.23,475.91,130.93,236.98,1,-1,-1,-1
226,11,1069.56,463.22,115.59,197.13,1,-1,-1,-1
226,13,852.31,535.32,117.15,217.12,1,-1,-1,-1
226,14,1093.14,531.83,78.47,165.09,1,-1,-1,-1
226,15,1069.09,477.40,75.48,151.40,1,-1,-1,-1
226,16,1116.46,561.58,89.35,236.76,1,-1,-1,-1
226,17,672.50,559.59,96.66,238.96,1,-1,-1,-1
226,19,1076.80,562.68,54.23,112.17,1,-1,-1,-1
227,6,658.12,481.75,115.78,226.86,1,-1,-1,-1
227,11,1058.09,453.66,117.48,213.09,1,-1,-1,-1
227,13,856.50,534.64,113.30,218.11,1,-1,-1,-1
227,14,1093.14,531.83,78.47,165.09,1,-1,-1,-1
227,15,1069.09,477.40,75.48,151.40,1,-1,-1,-1
227,16,1112.54,591.51,91.28,206.21,1,-1,-1,-1
227,17,672.21,563.60,98.23,236.26,1,-1,-1,-1
227,19,1076.80,562.68,54.23,112.17,1,-1,-1,-1
228,6,662.77,487.59,109.14,218.69,1,-1,-1,-1
228,11,1033.44,479.37,141.56,218.44,1,-1,-1,-1
228,13,856.07,533.94,113.18,220.11,1,-1,-1,-1
228,14,1061.19,499.12,124.10,210.81,1,-1,-1,-1
228,15,1069.09,477.40,75.48,151.40,1,-1,-1,-1
228,16,1109.21,598.90,91.40,201.08,1,-1,-1,-1
228,17,670.79,579.70,98.56,218.21,1,-1,-1,-1
228,19,1076.80,562.68,54.23,112.17,1,-1,-1,-1
229,6,662.87,488.40,110.16,214.98,1,-1,-1,-1
229,11,1033.44,479.37,141.56,218.44,1,-1,-1,-1
229,13,847.33,533.10,120.95,221.38,1,-1,-1,-1
229,14,1078.16,496.59,109.40,215.29,1,-1,-1,-1
229,15,1077.99,456.28,80.01,169.29,1,-1,-1,-1
229,16,1103.89,602.18,96.07,197.62,1,-1,-1,-1
229,17,670.43,579.77,104.23,216.09,1,-1,-1,-1
229,19,1076.80,562.68,54.23,112.17,1,-1,-1,-1
230,2,708.66,470.47,95.07,171.41,1,-1,-1,-1
230,6,661.33,487.98,96.49,229.12,1,-1,-1,-1
230,11,1033.44,479.37,141.56,218.44,1,-1,-1,-1
230,13,844.30,534.33,124.30,219.35,1,-1,-1,-1
230,14,1077.55,498.97,113.51,209.30,1,-1,-1,-1
230,15,1077.99,456.28,80.01,169.29,1,-1,-1,-1
230,16,1086.59,598.67,111.06,200.44,1,-1,-1,-1
230,17,671.90,590.75,103.63,202.21,1,-1,-1,-1
230,19,1076.80,562.68,54.23,112.17,1,-1,-1,-1
231,2,711.05,453.99,98.00,177.50,1,-1,-1,-1
231,6,660.72,488.12,96.71,229.29,1,-1,-1,-1
231,11,1033.44,479.37,141.56,218.44,1,-1,-1,-1
231,13,853.07,536.18,115.11,218.17,1,-1,-1,-1
231,14,1085.29,510.80,107.72,222.30,1,-1,-1,-1
231,15,1047.01,455.96,104.07,185.44,1,-1,-1,-1
231,16,1082.89,600.77,113.41,196.52,1,-1,-1,-1
231,17,670.23,593.04,104.81,202.26,1,-1,-1,-1
231,19,1076.80,562.68,54.23,112.17,1,-1,-1,-1
232,2,718.62,449.00,93.97,182.18,1,-1,-1,-1
232,6,662.90,487.94,88.22,242.00,1,-1,-1,-1
232,11,1062.75,492.98,93.11,197.46,1,-1,-1,-1
232,13,856.72,536.96,111.57,216.04,1,-1,-1,-1
232,14,1081.61,499.65,106.89,232.33,1,-1,-1,-1
232,15,1050.82,465.72,97.99,187.01,1,-1,-1,-1
232,16,1106.81,592.95,91.47,203.46,1,-1,-1,-1
232,17,671.97,587.77,104.09,206.02,1,-1,-1,-1
233,2,721.27,450.95,90.68,183.31,1,-1,-1,-1
233,6,663.83,488.53,87.86,245.10,1,-1,-1,-1
233,9,1098.56,503.58,98.95,262.21,1,-1,-1,-1
233,11,1053.21,480.66,102.07,223.63,1,-1,-1,-1
233,13,855.04,535.79,112.80,216.76,1,-1,-1,-1
233,14,1073.06,496.62,98.04,222.15,1,-1,-1,-1
233,15,1048.07,459.28,89.12,206.01,1,-1,-1,-1
233,16,1115.32,593.36,84.31,199.27,1,-1,-1,-1
233,17,672.97,587.01,106.48,207.75,1,-1,-1,-1
234,2,710.15,461.80,111.22,188.13,1,-1,-1,-1
234,6,663.51,485.64,99.47,244.37,1,-1,-1,-1
234,9,1098.56,503.58,98.95,262.21,1,-1,-1,-1
234,11,1053.21,480.66,102.07,223.63,1,-1,-1,-1
234,13,840.41,532.81,132.34,221.22,1,-1,-1,-1
234,14,1059.48,499.10,122.98,220.75,1,-1,-1,-1
234,15,1050.22,467.37,90.99,187.65,1,-1,-1,-1
234,16,1118.19,589.42,96.60,200.52,1,-1,-1,-1
234,17,671.66,583.58,104.09,210.32,1,-1,-1,-1
235,2,709.48,464.50,114.46,190.99,1,-1,-1,-1
235,6,665.59,487.31,93.86,247.16,1,-1,-1,-1
235,9,1098.56,503.58,98.95,262.21,1,-1,-1,-1
235,11,1053.21,480.66,102.07,223.63,1,-1,-1,-1
235,13,837.59,534.21,139.33,221.70,1,-1,-1,-1
235,14,1061.86,498.53,125.20,220.34,1,-1,-1,-1
235,15,1042.62,473.61,105.15,192.93,1,-1,-1,-1
235,16,1115.16,595.10,109.57,195.98,1,-1,-1,-1
235,17,671.04,586.42,101.99,207.34,1,-1,-1,-1
236,2,707.99,459.91,118.47,198.24,1,-1,-1,-1
236,6,665.59,487.31,93.86,247.16,1,-1,-1,-1
236,9,1098.56,503.58,98.95,262.21,1,-1,-1,-1
236,10,661.28,492.52,84.02,228.65,1,-1,-1,-1
236,11,1046.92,487.32,109.73,216.98,1,-1,-1,-1
236,13,840.14,536.86,137.12,218.23,1,-1,-1,-1
236,14,1069.50,500.02,105.94,223.54,1,-1,-1,-1
236,15,1038.68,479.83,95.79,190.90,1,-1,-1,-1
236,16,1112.27,606.93,116.62,186.93,1,-1,-1,-1
236,17,669.25,587.46,103.90,206.83,1,-1,-1,-1
237,2,707.85,458.59,119.72,199.62,1,-1,-1,-1
237,6,665.59,487.31,93.86,247.16,1,-1,-1,-1
237,8,1111.27,596.84,118.09,196.91,1,-1,-1,-1
237,9,1098.56,503.58,98.95,262.21,1,-1,-1,-1
237,10,663.71,492.93,82.40,224.92,1,-1,-1,-1
237,11,1050.15,489.96,107.33,216.39,1,-1,-1,-1
237,13,840.54,537.45,137.16,217.52,1,-1,-1,-1
237,14,1055.46,495.41,110.56,225.89,1,-1,-1,-1
237,15,1041.48,478.72,93.08,195.71,1,-1,-1,-1
237,16,1112.98,607.36,116.12,187.01,1,-1,-1,-1
237,17,669.29,587.92,102.98,207.29,1,-1,-1,-1
238,2,706.68,457.91,119.43,197.81,1,-1,-1,-1
238,6,665.81,499.49,87.05,224.01,1,-1,-1,-1
238,8,1111.27,596.84,118.09,196.91,1,-1,-1,-1
238,9,1098.56,503.58,98.95,262.21,1,-1,-1,-1
238,10,663.71,492.93,82.40,224.92,1,-1,-1,-1
238,11,1050.15,489.96,107.33,216.39,1,-1,-1,-1
238,13,842.29,536.92,135.06,217.78,1,-1,-1,-1
238,14,1067.15,501.84,105.55,222.39,1,-1,-1,-1
238,15,1041.07,473.01,93.81,194.88,1,-1,-1,-1
238,16,1114.03,605.88,112.95,188.44,1,-1,-1,-1
238,17,668.07,574.05,101.75,221.28,1,-1,-1,-1
239,2,712.73,437.53,108.68,211.99,1,-1,-1,-1
239,6,665.04,495.30,91.85,249.19,1,-1,-1,-1
239,8,1111.27,596.84,118.09,196.91,1,-1,-1,-1
239,10,663.71,492.93,82.40,224.92,1,-1,-1,-1
239,11,1050.15,489.96,107.33,216.39,1,-1,-1,-1
239,13,842.86,530.67,134.93,224.75,1,-1,-1,-1
239,14,1067.15,501.84,105.55,222.39,1,-1,-1,-1
239,15,1038.81,459.19,106.53,199.92,1,-1,-1,-1
239,16,1103.11,540.61,114.10,253.51,1,-1,-1,-1
239,17,669.21,550.34,97.20,243.82,1,-1,-1,-1
240,2,709.23,432.78,100.52,201.03,1,-1,-1,-1
240,6,664.26,485.40,91.01,241.05,1,-1,-1,-1
240,8,1111.27,596.84,118.09,196.91,1,-1,-1,-1
240,10,663.71,492.93,82.40,224.92,1,-1,-1,-1
240,11,1050.15,489.96,107.33,216.39,1,-1,-1,-1
240,13,843.13,529.73,132.09,222.67,1,-1,-1,-1
240,14,1055.99,457.36,119.18,262.94,1,-1,-1,-1
240,15,1052.18,454.24,99.36,203.79,1,-1,-1,-1
240,16,1104.52,540.68,104.62,252.34,1,-1,-1,-1
240,17,670.66,542.78,96.20,250.77,1,-1,-1,-1
241,2,706.77,447.28,95.09,188.26,1,-1,-1,-1
241,6,661.46,484.59,86.97,233.12,1,-1,-1,-1
241,8,1111.27,596.84,118.09,196.91,1,-1,-1,-1
241,10,663.71,492.93,82.40,224.92,1,-1,-1,-1
241,11,1043.34,476.70,124.59,219.64,1,-1,-1,-1
241,13,844.59,529.06,128.45,215.47,1,-1,-1,-1
241,14,1040.52,449.14,123.98,249.13,1,-1,-1,-1
241,15,1052.18,454.24,99.36,203.79,1,-1,-1,-1
241,16,1113.93,563.23,89.25,231.06,1,-1,-1,-1
241,17,671.54,562.63,94.90,227.58,1,-1,-1,-1
242,2,699.05,446.51,108.17,194.06,1,-1,-1,-1
242,6,661.46,484.59,86.97,233.12,1,-1,-1,-1
242,8,1111.27,596.84,118.09,196.91,1,-1,-1,-1
242,10,663.71,492.93,82.40,224.92,1,-1,-1,-1
242,11,1036.67,458.33,126.34,243.16,1,-1,-1,-1
242,13,844.04,527.41,129.20,220.44,1,-1,-1,-1
242,14,1035.43,444.29,120.00,249.98,1,-1,-1,-1
242,15,1052.18,454.24,99.36,203.79,1,-1,-1,-1
242,16,1106.78,537.65,100.12,256.00,1,-1,-1,-1
242,17,655.73,559.67,111.64,232.03,1,-1,-1,-1
243,2,727.24,444.79,93.46,198.38,1,-1,-1,-1
243,6,661.46,484.59,86.97,233.12,1,-1,-1,-1
243,11,1040.64,499.72,119.29,207.65,1,-1,-1,-1
243,13,843.01,527.63,132.67,229.72,1,-1,-1,-1
243,14,1039.89,444.63,101.26,226.81,1,-1,-1,-1
243,15,1052.18,454.24,99.36,203.79,1,-1,-1,-1
243,16,1097.56,533.93,112.02,264.36,1,-1,-1,-1
243,17,638.42,554.31,133.06,243.15,1,-1,-1,-1
244,2,719.79,451.49,102.59,200.22,1,-1,-1,-1
244,6,632.80,494.03,120.80,235.66,1,-1,-1,-1
244,11,1040.64,499.72,119.29,207.65,1,-1,-1,-1
244,13,843.26,532.06,132.88,225.79,1,-1,-1,-1
244,14,1037.76,450.44,109.25,235.93,1,-1,-1,-1
244,15,1052.18,454.24,99.36,203.79,1,-1,-1,-1
244,16,1095.45,536.26,113.72,262.84,1,-1,-1,-1
244,17,636.60,572.50,134.59,223.87,1,-1,-1,-1
245,2,711.96,459.14,111.39,199.25,1,-1,-1,-1
245,6,632.80,494.03,120.80,235.66,1,-1,-1,-1
245,11,1040.64,499.72,119.29,207.65,1,-1,-1,-1
245,13,846.87,539.58,129.00,221.06,1,-1,-1,-1
245,14,1038.87,452.60,105.61,247.14,1,-1,-1,-1
245,15,1052.18,454.24,99.36,203.79,1,-1,-1,-1
245,16,1097.24,549.44,109.32,248.93,1,-1,-1,-1
245,17,633.42,552.20,135.24,244.40,1,-1,-1,-1
246,2,708.39,462.42,114.70,198.32,1,-1,-1,-1
246,6,630.06,501.10,121.06,236.21,1,-1,-1,-1
246,11,1040.72,495.44,123.48,213.66,1,-1,-1,-1
246,13,848.30,540.47,127.50,220.26,1,-1,-1,-1
246,14,1038.92,452.23,100.21,233.32,1,-1,-1,-1
246,16,1096.80,543.29,110.26,254.84,1,-1,-1,-1
246,17,634.19,576.89,134.21,220.23,1,-1,-1,-1
247,2,713.69,466.24,109.89,188.49,1,-1,-1,-1
247,6,630.06,501.10,121.06,236.21,1,-1,-1,-1
247,10,665.12,501.04,85.64,203.18,1,-1,-1,-1
247,11,1040.14,494.04,120.79,213.64,1,-1,-1,-1
247,13,850.24,542.59,125.53,214.78,1,-1,-1,-1
247,14,1038.94,453.06,97.38,222.16,1,-1,-1,-1
247,16,1097.65,537.76,109.92,261.06,1,-1,-1,-1
247,17,632.68,585.05,135.02,210.21,1,-1,-1,-1
248,2,713.79,464.71,109.00,189.63,1,-1,-1,-1
248,6,630.06,501.10,121.06,236.21,1,-1,-1,-1
248,10,665.12,501.04,85.64,203.18,1,-1,-1,-1
248,11,1037.04,456.01,123.08,246.27,1,-1,-1,-1
248,13,851.72,542.58,121.89,214.23,1,-1,-1,-1
248,14,1038.94,453.06,97.38,222.16,1,-1,-1,-1
248,16,1098.22,540.78,109.88,257.48,1,-1,-1,-1
248,17,631.27,583.55,136.89,212.40,1,-1,-1,-1
249,2,710.46,464.40,110.70,187.36,1,-1,-1,-1
249,6,630.06,501.10,121.06,236.21,1,-1,-1,-1
249,10,669.58,498.37,87.69,194.67,1,-1,-1,-1
249,11,1039.06,495.75,128.47,210.13,1,-1,-1,-1
249,13,854.11,539.78,116.04,218.22,1,-1,-1,-1
249,14,1042.04,443.26,129.03,239.48,1,-1,-1,-1
249,16,1098.36,565.55,107.97,233.11,1,-1,-1,-1
249,17,630.44,585.31,137.25,210.82,1,-1,-1,-1
250,2,691.23,468.68,130.04,182.25,1,-1,-1,-1
250,6,630.06,501.10,121.06,236.21,1,-1,-1,-1
250,10,669.58,498.37,87.69,194.67,1,-1,-1,-1
250,11,1039.06,495.75,128.47,210.13,1,-1,-1,-1
250,13,854.34,535.61,115.40,220.58,1,-1,-1,-1
250,14,1036.73,441.85,141.12,265.13,1,-1,-1,-1
250,16,1097.32,550.77,111.86,249.55,1,-1,-1,-1
250,17,630.09,572.49,138.02,224.74,1,-1,-1,-1
251,2,697.08,461.66,123.86,188.27,1,-1,-1,-1
251,6,630.06,501.10,121.06,236.21,1,-1,-1,-1
251,9,1051.85,494.61,136.16,230.20,1,-1,-1,-1
251,10,669.58,498.37,87.69,194.67,1,-1,-1,-1
251,11,1038.98,503.25,135.54,201.21,1,-1,-1,-1
251,13,840.26,530.47,160.17,226.20,1,-1,-1,-1
251,14,1036.18,450.60,112.90,234.38,1,-1,-1,-1
251,15,1057.05,452.29,76.87,185.07,1,-1,-1,-1
251,16,1098.44,575.52,115.68,222.63,1,-1,-1,-1
251,17,628.77,546.98,137.16,251.84,1,-1,-1,-1
252,2,697.24,462.23,120.84,188.06,1,-1,-1,-1
252,6,644.01,488.02,122.20,260.60,1,-1,-1,-1
252,9,1051.85,494.61,136.16,230.20,1,-1,-1,-1
252,10,669.58,498.37,87.69,194.67,1,-1,-1,-1
252,11,1074.02,506.67,126.95,217.94,1,-1,-1,-1
252,13,817.27,530.09,201.18,226.99,1,-1,-1,-1
252,14,1037.02,450.38,143.74,249.79,1,-1,-1,-1
252,15,1057.05,452.29,76.87,185.07,1,-1,-1,-1
252,16,1099.98,605.23,114.18,193.12,1,-1,-1,-1
252,17,628.01,559.00,137.97,237.14,1,-1,-1,-1
253,2,687.14,468.56,127.54,180.72,1,-1,-1,-1
253,6,644.01,488.02,122.20,260.60,1,-1,-1,-1
253,9,1080.80,499.70,143.80,241.89,1,-1,-1,-1
253,10,669.58,498.37,87.69,194.67,1,-1,-1,-1
253,11,1080.60,519.51,125.38,213.03,1,-1,-1,-1
253,13,818.05,536.89,194.49,223.03,1,-1,-1,-1
253,14,1037.81,457.25,125.53,242.04,1,-1,-1,-1
253,15,1057.05,452.29,76.87,185.07,1,-1,-1,-1
253,16,1103.44,604.73,107.58,192.38,1,-1,-1,-1
253,17,612.07,579.18,153.32,218.52,1,-1,-1,-1
254,2,682.39,477.43,132.44,173.23,1,-1,-1,-1
254,6,644.01,488.02,122.20,260.60,1,-1,-1,-1
254,9,1080.80,499.70,143.80,241.89,1,-1,-1,-1
254,10,669.58,498.37,87.69,194.67,1,-1,-1,-1
254,11,1071.98,505.78,128.04,218.67,1,-1,-1,-1
254,13,826.88,539.02,172.35,220.15,1,-1,-1,-1
254,14,1038.05,461.24,125.02,236.84,1,-1,-1,-1
254,15,1057.05,452.29,76.87,185.07,1,-1,-1,-1
254,16,1095.12,553.82,114.82,244.49,1,-1,-1,-1
254,17,597.10,580.30,167.70,219.45,1,-1,-1,-1
255,2,699.89,493.67,118.81,161.47,1,-1,-1,-1
255,6,634.84,504.36,143.29,246.68,1,-1,-1,-1
255,9,1080.80,499.70,143.80,241.89,1,-1,-1,-1
255,11,1071.98,505.78,128.04,218.67,1,-1,-1,-1
255,13,847.71,539.52,129.65,215.98,1,-1,-1,-1
255,14,1037.20,464.29,122.86,238.95,1,-1,-1,-1
255,15,1057.05,452.29,76.87,185.07,1,-1,-1,-1
255,16,1100.28,604.74,130.45,191.50,1,-1,-1,-1
255,17,587.20,608.45,174.51,194.16,1,-1,-1,-1
256,2,698.50,491.51,120.92,165.44,1,-1,-1,-1
256,6,632.72,507.37,143.28,239.14,1,-1,-1,-1
256,9,1080.80,499.70,143.80,241.89,1,-1,-1,-1
256,11,1088.09,536.82,127.82,246.76,1,-1,-1,-1
256,13,861.80,539.68,105.43,217.47,1,-1,-1,-1
256,14,1045.34,468.28,112.37,212.20,1,-1,-1,-1
256,15,1057.05,452.29,76.87,185.07,1,-1,-1,-1
256,16,1092.48,560.45,126.32,235.81,1,-1,-1,-1
256,17,587.20,608.45,174.51,194.16,1,-1,-1,-1
256,19,1040.39,581.22,79.48,116.54,1,-1,-1,-1
257,2,698.14,492.30,123.04,167.02,1,-1,-1,-1
257,6,628.94,528.59,146.35,220.90,1,-1,-1,-1
257,9,1080.80,499.70,143.80,241.89,1,-1,-1,-1
257,10,643.78,518.48,133.87,224.09,1,-1,-1,-1
257,11,1095.31,560.60,119.89,237.55,1,-1,-1,-1
257,13,877.17,537.60,88.30,226.07,1,-1,-1,-1
257,14,1044.64,463.72,114.89,204.46,1,-1,-1,-1
257,16,1042.83,572.48,109.54,156.88,1,-1,-1,-1
257,17,606.52,611.98,160.71,188.92,1,-1,-1,-1
257,19,1037.54,579.15,86.98,123.07,1,-1,-1,-1
257,20,597.02,539.11,168.85,230.84,1,-1,-1,-1
258,2,690.02,493.52,132.09,159.74,1,-1,-1,-1
258,6,627.33,531.70,151.52,226.92,1,-1,-1,-1
258,9,1080.80,499.70,143.80,241.89,1,-1,-1,-1
258,10,664.60,491.58,152.43,170.00,1,-1,-1,-1
258,11,1099.83,606.30,113.46,193.05,1,-1,-1,-1
258,13,879.22,537.05,90.38,231.48,1,-1,-1,-1
258,14,1045.02,460.56,113.20,191.57,1,-1,-1,-1
258,16,1039.50,571.65,106.65,154.43,1,-1,-1,-1
258,17,614.13,619.53,153.31,180.04,1,-1,-1,-1
258,19,1037.54,579.15,86.98,123.07,1,-1,-1,-1
258,20,596.98,540.24,172.16,241.67,1,-1,-1,-1
259,2,699.31,502.41,118.31,148.99,1,-1,-1,-1
259,6,619.55,535.75,153.85,254.34,1,-1,-1,-1
259,8,1096.49,548.16,153.02,234.40,1,-1,-1,-1
259,10,664.60,491.58,152.43,170.00,1,-1,-1,-1
259,11,1109.73,607.42,134.74,191.66,1,-1,-1,-1
259,13,875.96,537.58,102.34,225.63,1,-1,-1,-1
259,14,1036.69,450.67,124.97,245.38,1,-1,-1,-1
259,16,1039.50,571.65,106.65,154.43,1,-1,-1,-1
259,17,614.13,619.53,153.31,180.04,1,-1,-1,-1
259,19,1037.54,579.15,86.98,123.07,1,-1,-1,-1
259,20,596.98,540.24,172.16,241.67,1,-1,-1,-1
260,2,705.92,501.71,110.09,163.33,1,-1,-1,-1
260,6,621.94,545.78,149.86,247.63,1,-1,-1,-1
260,8,1113.18,551.54,133.14,246.01,1,-1,-1,-1
260,10,664.60,491.58,152.43,170.00,1,-1,-1,-1
260,11,1109.73,607.42,134.74,191.66,1,-1,-1,-1
260,13,875.37,538.02,105.64,223.70,1,-1,-1,-1
260,14,1038.32,449.71,127.54,201.53,1,-1,-1,-1
260,16,1038.65,575.64,107.95,141.34,1,-1,-1,-1
260,17,614.13,619.53,153.31,180.04,1,-1,-1,-1
260,19,1037.54,579.15,86.98,123.07,1,-1,-1,-1
260,20,596.98,540.24,172.16,241.67,1,-1,-1,-1
261,2,708.24,483.66,112.77,165.80,1,-1,-1,-1
261,6,621.72,549.14,150.14,245.89,1,-1,-1,-1
261,8,1122.34,551.22,106.29,246.47,1,-1,-1,-1
261,10,664.60,491.58,152.43,170.00,1,-1,-1,-1
261,11,1109.73,607.42,134.74,191.66,1,-1,-1,-1
261,13,871.61,541.94,112.24,214.93,1,-1,-1,-1
261,14,1035.09,448.04,135.72,265.13,1,-1,-1,-1
261,16,1038.65,575.64,107.95,141.34,1,-1,-1,-1
261,17,614.13,619.53,153.31,180.04,1,-1,-1,-1
261,19,1037.54,579.15,86.98,123.07,1,-1,-1,-1
261,20,596.98,540.24,172.16,241.67,1,-1,-1,-1
262,2,706.91,476.31,115.03,172.99,1,-1,-1,-1
262,6,624.98,564.66,154.30,231.57,1,-1,-1,-1
262,8,1121.67,551.14,97.88,246.23,1,-1,-1,-1
262,10,664.60,491.58,152.43,170.00,1,-1,-1,-1
262,11,1109.73,607.42,134.74,191.66,1,-1,-1,-1
262,13,870.17,542.32,110.01,209.09,1,-1,-1,-1
262,14,1036.04,448.55,135.43,220.52,1,-1,-1,-1
262,16,1054.48,564.54,94.62,168.25,1,-1,-1,-1
262,17,614.13,619.53,153.31,180.04,1,-1,-1,-1
262,19,1037.54,579.15,86.98,123.07,1,-1,-1,-1
262,20,596.98,540.24,172.16,241.67,1,-1,-1,-1
263,2,706.91,476.31,115.03,172.99,1,-1,-1,-1
263,6,625.13,539.24,158.71,256.45,1,-1,-1,-1
263,8,1116.01,549.47,96.58,246.57,1,-1,-1,-1
263,10,664.60,491.58,152.43,170.00,1,-1,-1,-1
263,11,1109.73,607.42,134.74,191.66,1,-1,-1,-1
263,13,868.86,537.23,99.08,210.34,1,-1,-1,-1
263,14,1034.51,450.55,136.54,221.20,1,-1,-1,-1
263,16,1054.48,564.54,94.62,168.25,1,-1,-1,-1
263,17,614.13,619.53,153.31,180.04,1,-1,-1,-1
263,20,596.98,540.24,172.16,241.67,1,-1,-1,-1
264,2,706.91,476.31,115.03,172.99,1,-1,-1,-1
264,6,636.92,549.07,138.13,246.60,1,-1,-1,-1
264,8,1124.76,570.90,83.85,225.05,1,-1,-1,-1
264,11,1109.73,607.42,134.74,191.66,1,-1,-1,-1
264,13,860.31,536.33,103.72,209.85,1,-1,-1,-1
264,14,1034.12,454.03,131.63,189.85,1,-1,-1,-1
264,16,1073.09,575.91,81.32,157.02,1,-1,-1,-1
265,2,706.91,476.31,115.03,172.99,1,-1,-1,-1
265,6,656.82,592.34,115.31,199.21,1,-1,-1,-1
265,8,1121.93,557.51,84.26,234.86,1,-1,-1,-1
265,10,654.47,513.11,94.67,202.43,1,-1,-1,-1
265,11,1121.14,548.99,89.14,242.23,1,-1,-1,-1
265,13,859.55,535.56,103.19,212.04,1,-1,-1,-1
265,14,1030.64,449.62,130.26,196.81,1,-1,-1,-1
265,16,1078.25,558.98,84.01,173.95,1,-1,-1,-1
265,19,1077.09,561.19,79.05,165.47,1,-1,-1,-1
266,2,706.91,476.31,115.03,172.99,1,-1,-1,-1
266,6,664.69,591.05,111.11,201.05,1,-1,-1,-1
266,8,1112.14,585.48,92.68,205.28,1,-1,-1,-1
266,10,654.47,513.11,94.67,202.43,1,-1,-1,-1
266,11,1121.14,548.99,89.14,242.23,1,-1,-1,-1
266,13,860.02,536.62,101.93,210.91,1,-1,-1,-1
266,14,1033.87,455.56,121.40,196.65,1,-1,-1,-1
266,15,1085.72,476.92,75.02,165.97,1,-1,-1,-1
266,16,1078.25,558.98,84.01,173.95,1,-1,-1,-1
266,19,1077.09,561.19,79.05,165.47,1,-1,-1,-1
267,2,706.91,476.31,115.03,172.99,1,-1,-1,-1
267,6,670.78,588.25,104.49,203.79,1,-1,-1,-1
267,8,1113.04,592.30,89.42,204.40,1,-1,-1,-1
267,10,670.91,496.75,99.49,191.46,1,-1,-1,-1
267,11,1121.14,548.99,89.14,242.23,1,-1,-1,-1
267,13,859.70,539.38,101.42,208.43,1,-1,-1,-1
267,14,1077.62,480.22,80.11,174.63,1,-1,-1,-1
267,15,1089.08,484.44,72.36,160.70,1,-1,-1,-1
267,16,1120.54,529.52,70.67,161.10,1,-1,-1,-1
267,19,1077.09,561.19,79.05,165.47,1,-1,-1,-1
268,2,707.03,454.38,98.68,183.69,1,-1,-1,-1
268,6,672.45,569.50,101.46,221.94,1,-1,-1,-1
268,8,1116.49,591.36,85.09,206.74,1,-1,-1,-1
268,10,670.91,496.75,99.49,191.46,1,-1,-1,-1
268,11,1121.14,548.99,89.14,242.23,1,-1,-1,-1
268,13,860.78,540.56,100.01,207.55,1,-1,-1,-1
268,14,1034.51,460.84,104.27,156.00,1,-1,-1,-1
268,15,1054.39,459.68,79.11,152.78,1,-1,-1,-1
268,16,1120.54,529.52,70.67,161.10,1,-1,-1,-1
268,19,1077.09,561.19,79.05,165.47,1,-1,-1,-1
269,2,706.08,454.22,97.76,188.05,1,-1,-1,-1
269,6,673.32,539.95,98.13,253.29,1,-1,-1,-1
269,8,1117.71,599.22,84.22,200.12,1,-1,-1,-1
269,9,1078.96,496.28,87.51,169.95,1,-1,-1,-1
269,10,673.53,490.67,73.71,171.90,1,-1,-1,-1
269,11,1121.14,548.99,89.14,242.23,1,-1,-1,-1
269,13,860.24,538.98,101.32,210.01,1,-1,-1,-1
269,14,1031.65,455.24,106.91,153.71,1,-1,-1,-1
269,15,1085.57,492.96,72.99,155.43,1,-1,-1,-1
269,16,1109.88,527.52,79.17,175.75,1,-1,-1,-1
269,19,1077.09,561.19,79.05,165.47,1,-1,-1,-1
270,2,709.18,452.55,95.54,190.83,1,-1,-1,-1
270,6,673.91,546.39,95.86,248.15,1,-1,-1,-1
270,8,1115.44,597.06,86.69,203.20,1,-1,-1,-1
270,9,1079.90,496.04,104.05,190.15,1,-1,-1,-1
270,10,673.90,488.32,65.97,163.04,1,-1,-1,-1
270,11,1121.14,548.99,89.14,242.23,1,-1,-1,-1
270,13,859.48,534.46,102.37,216.00,1,-1,-1,-1
270,14,1031.78,452.57,108.66,154.02,1,-1,-1,-1
270,15,1083.16,498.74,95.02,170.64,1,-1,-1,-1
270,16,1109.88,527.52,79.17,175.75,1,-1,-1,-1
270,19,1077.09,561.19,79.05,165.47,1,-1,-1,-1
271,2,709.18,452.55,95.54,190.83,1,-1,-1,-1
271,6,673.06,571.69,95.78,223.35,1,-1,-1,-1
271,8,1111.98,596.92,90.66,202.32,1,-1,-1,-1
271,9,1079.90,496.04,104.05,190.15,1,-1,-1,-1
271,10,675.18,490.62,67.36,153.34,1,-1,-1,-1
271,13,858.64,532.19,107.30,217.33,1,-1,-1,-1
271,14,1030.86,451.48,111.70,152.94,1,-1,-1,-1
271,15,1075.28,498.53,86.81,163.09,1,-1,-1,-1
271,16,1109.88,527.52,79.17,175.75,1,-1,-1,-1
272,2,714.81,460.29,82.13,153.16,1,-1,-1,-1
272,6,674.04,584.49,94.75,209.71,1,-1,-1,-1
272,8,1106.05,595.81,97.54,202.62,1,-1,-1,-1
272,9,1035.09,456.82,111.67,154.38,1,-1,-1,-1
272,10,676.72,492.38,66.83,153.33,1,-1,-1,-1
272,13,858.13,531.09,109.94,218.21,1,-1,-1,-1
272,14,1051.89,454.02,84.61,142.95,1,-1,-1,-1
272,15,1077.74,500.25,78.37,160.17,1,-1,-1,-1
272,16,1111.33,529.73,75.47,171.78,1,-1,-1,-1
273,2,692.95,453.69,112.36,197.40,1,-1,-1,-1
273,6,672.06,588.99,95.98,205.87,1,-1,-1,-1
273,8,1111.01,592.83,111.34,202.52,1,-1,-1,-1
273,9,1070.73,497.71,104.92,156.89,1,-1,-1,-1
273,10,676.72,492.38,66.83,153.33,1,-1,-1,-1
273,13,859.90,532.19,109.39,217.21,1,-1,-1,-1
273,14,1028.11,454.60,115.22,146.55,1,-1,-1,-1
273,15,1074.19,497.00,82.83,155.22,1,-1,-1,-1
273,16,1107.07,530.90,77.16,156.86,1,-1,-1,-1
274,1,694.56,490.72,130.51,186.56,1,-1,-1,-1
274,2,703.65,448.31,108.55,180.75,1,-1,-1,-1
274,6,672.85,592.10,91.00,203.57,1,-1,-1,-1
274,8,1108.63,591.17,140.77,202.77,1,-1,-1,-1
274,9,1070.17,503.10,112.47,159.64,1,-1,-1,-1
274,10,682.99,490.96,78.42,186.54,1,-1,-1,-1
274,13,858.97,534.89,109.87,215.25,1,-1,-1,-1
274,14,1028.11,454.60,115.22,146.55,1,-1,-1,-1
274,15,1070.82,494.00,89.74,162.26,1,-1,-1,-1
274,16,1100.96,530.22,84.64,159.34,1,-1,-1,-1
275,1,694.56,490.72,130.51,186.56,1,-1,-1,-1
275,2,703.65,448.31,108.55,180.75,1,-1,-1,-1
275,6,669.51,592.54,88.92,202.23,1,-1,-1,-1
275,8,1097.79,593.03,173.83,199.66,1,-1,-1,-1
275,9,1068.19,493.62,92.72,140.11,1,-1,-1,-1
275,10,688.52,487.66,99.19,179.75,1,-1,-1,-1
275,13,835.01,535.47,133.96,214.41,1,-1,-1,-1
275,14,1047.58,455.05,87.22,137.23,1,-1,-1,-1
275,15,1069.56,493.06,82.16,115.50,1,-1,-1,-1
275,16,1104.53,531.64,82.59,167.04,1,-1,-1,-1
276,1,694.56,490.72,130.51,186.56,1,-1,-1,-1
276,2,703.65,448.31,108.55,180.75,1,-1,-1,-1
276,6,658.87,588.41,96.94,205.15,1,-1,-1,-1
276,8,1105.27,592.74,163.88,200.79,1,-1,-1,-1
276,9,1063.75,490.12,93.78,165.43,1,-1,-1,-1
276,10,686.94,483.60,100.19,184.50,1,-1,-1,-1
276,13,812.50,535.55,159.90,214.75,1,-1,-1,-1
276,14,1051.27,452.80,84.45,141.62,1,-1,-1,-1
276,15,1069.56,493.06,82.16,115.50,1,-1,-1,-1
276,16,1101.13,532.21,87.56,173.66,1,-1,-1,-1
277,1,694.56,490.72,130.51,186.56,1,-1,-1,-1
277,2,703.65,448.31,108.55,180.75,1,-1,-1,-1
277,6,618.65,587.46,135.56,203.42,1,-1,-1,-1
277,8,1111.10,594.08,152.13,199.48,1,-1,-1,-1
277,9,1055.79,488.85,105.82,183.24,1,-1,-1,-1
277,10,680.23,485.27,100.21,183.03,1,-1,-1,-1
277,13,807.03,529.47,169.03,219.09,1,-1,-1,-1
277,14,1051.27,452.80,84.45,141.62,1,-1,-1,-1
277,15,1069.56,493.06,82.16,115.50,1,-1,-1,-1
277,16,1107.97,532.79,84.20,168.86,1,-1,-1,-1
278,1,694.56,490.72,130.51,186.56,1,-1,-1,-1
278,2,708.99,441.36,100.25,203.73,1,-1,-1,-1
278,6,603.46,580.13,149.16,209.02,1,-1,-1,-1
278,8,1125.17,597.10,134.31,197.39,1,-1,-1,-1
278,9,1056.64,489.82,94.14,182.93,1,-1,-1,-1
278,10,680.13,483.33,105.37,199.49,1,-1,-1,-1
278,13,805.61,524.08,169.26,223.96,1,-1,-1,-1
278,14,1051.27,452.80,84.45,141.62,1,-1,-1,-1
278,15,1069.56,493.06,82.16,115.50,1,-1,-1,-1
278,16,1106.39,537.07,84.51,163.56,1,-1,-1,-1
278,21,1025.16,443.80,118.75,231.68,1,-1,-1,-1
279,1,694.56,490.72,130.51,186.56,1,-1,-1,-1
279,2,708.99,441.36,100.25,203.73,1,-1,-1,-1
279,6,597.74,577.43,147.09,213.30,1,-1,-1,-1
279,8,1128.53,602.31,121.85,190.18,1,-1,-1,-1
279,9,1056.64,489.82,94.14,182.93,1,-1,-1,-1
279,10,679.83,477.67,101.71,227.21,1,-1,-1,-1
279,13,831.16,527.27,138.43,223.17,1,-1,-1,-1
279,14,1051.27,452.80,84.45,141.62,1,-1,-1,-1
279,15,1069.56,493.06,82.16,115.50,1,-1,-1,-1
279,16,1103.01,536.74,90.31,178.62,1,-1,-1,-1
279,21,1048.50,447.38,104.60,224.88,1,-1,-1,-1
280,2,708.99,441.36,100.25,203.73,1,-1,-1,-1
280,6,605.57,584.95,135.03,205.28,1,-1,-1,-1
280,8,1131.13,601.17,117.81,189.83,1,-1,-1,-1
280,9,1056.64,489.82,94.14,182.93,1,-1,-1,-1
280,10,680.42,478.21,99.83,242.20,1,-1,-1,-1
280,11,1102.92,540.43,91.83,187.27,1,-1,-1,-1
280,13,852.47,527.89,116.19,222.20,1,-1,-1,-1
280,14,1051.27,452.80,84.45,141.62,1,-1,-1,-1
280,15,1069.56,493.06,82.16,115.50,1,-1,-1,-1
280,16,1104.23,546.52,87.61,172.95,1,-1,-1,-1
280,20,657.73,537.38,101.20,204.21,1,-1,-1,-1
280,21,1047.44,450.99,105.95,221.93,1,-1,-1,-1
281,2,708.99,441.36,100.25,203.73,1,-1,-1,-1
281,6,598.51,591.68,141.24,199.42,1,-1,-1,-1
281,8,1131.09,601.36,116.77,189.28,1,-1,-1,-1
281,9,1056.64,489.82,94.14,182.93,1,-1,-1,-1
281,10,687.57,482.62,95.01,240.63,1,-1,-1,-1
281,11,1102.92,540.43,91.83,187.27,1,-1,-1,-1
281,13,854.18,535.23,114.14,214.89,1,-1,-1,-1
281,14,1051.27,452.80,84.45,141.62,1,-1,-1,-1
281,16,1100.26,538.38,90.28,182.33,1,-1,-1,-1
281,20,662.74,546.51,90.75,186.79,1,-1,-1,-1
281,21,1051.28,448.29,96.84,224.86,1,-1,-1,-1
282,2,708.99,441.36,100.25,203.73,1,-1,-1,-1
282,6,597.70,591.92,141.31,203.27,1,-1,-1,-1
282,8,1131.53,601.92,117.32,188.05,1,-1,-1,-1
282,9,1056.64,489.82,94.14,182.93,1,-1,-1,-1
282,10,688.92,473.93,93.98,253.93,1,-1,-1,-1
282,11,1098.76,539.14,92.89,182.63,1,-1,-1,-1
282,13,856.10,535.89,111.68,214.31,1,-1,-1,-1
282,16,1104.93,547.15,87.63,180.45,1,-1,-1,-1
282,17,600.03,598.70,142.20,197.92,1,-1,-1,-1
282,20,662.74,546.51,90.75,186.79,1,-1,-1,-1
282,21,1055.51,449.45,87.09,221.63,1,-1,-1,-1
283,2,708.99,441.36,100.25,203.73,1,-1,-1,-1
283,6,597.04,595.07,142.46,198.74,1,-1,-1,-1
283,8,1132.12,596.54,116.91,194.31,1,-1,-1,-1
283,9,1056.64,489.82,94.14,182.93,1,-1,-1,-1
283,10,689.29,477.93,92.05,250.54,1,-1,-1,-1
283,11,1095.96,541.14,97.53,177.62,1,-1,-1,-1
283,13,858.18,538.00,109.76,211.48,1,-1,-1,-1
283,15,1057.63,488.19,101.38,187.50,1,-1,-1,-1
283,16,1105.24,542.01,97.31,186.89,1,-1,-1,-1
283,17,637.91,557.83,107.08,200.95,1,-1,-1,-1
283,20,655.78,550.06,91.01,185.02,1,-1,-1,-1
283,21,1055.78,445.23,83.74,208.88,1,-1,-1,-1
284,6,596.48,588.97,143.40,204.37,1,-1,-1,-1
284,8,1130.46,601.71,118.19,188.83,1,-1,-1,-1
284,10,687.82,477.87,90.74,253.86,1,-1,-1,-1
284,11,1095.96,541.14,97.53,177.62,1,-1,-1,-1
284,13,854.54,533.59,113.20,215.83,1,-1,-1,-1
284,15,1057.63,488.19,101.38,187.50,1,-1,-1,-1
284,16,1105.24,542.01,97.31,186.89,1,-1,-1,-1
284,17,654.15,550.88,93.75,183.64,1,-1,-1,-1
284,20,655.78,550.06,91.01,185.02,1,-1,-1,-1
284,21,1045.39,449.21,103.46,214.04,1,-1,-1,-1
285,6,581.85,576.97,154.33,215.06,1,-1,-1,-1
285,8,1131.69,610.81,116.74,180.01,1,-1,-1,-1
285,10,690.02,478.80,94.78,237.05,1,-1,-1,-1
285,11,1055.08,490.18,136.50,212.83,1,-1,-1,-1
285,13,833.55,524.15,155.94,223.88,1,-1,-1,-1
285,15,1057.63,488.19,101.38,187.50,1,-1,-1,-1
285,16,1105.24,542.01,97.31,186.89,1,-1,-1,-1
285,17,654.15,550.88,93.75,183.64,1,-1,-1,-1
285,20,666.01,552.40,82.06,175.26,1,-1,-1,-1
285,21,1032.28,433.41,101.37,215.61,1,-1,-1,-1
286,1,651.23,456.03,153.20,241.83,1,-1,-1,-1
286,6,570.13,574.29,163.96,218.04,1,-1,-1,-1
286,8,1131.91,610.99,116.58,179.82,1,-1,-1,-1
286,10,690.02,478.80,94.78,237.05,1,-1,-1,-1
286,11,1079.45,491.46,115.70,212.94,1,-1,-1,-1
286,13,831.38,518.37,164.38,230.16,1,-1,-1,-1
286,15,1057.63,488.19,101.38,187.50,1,-1,-1,-1
286,16,1096.10,530.30,105.19,191.79,1,-1,-1,-1
286,17,654.15,550.88,93.75,183.64,1,-1,-1,-1
286,20,666.01,552.40,82.06,175.26,1,-1,-1,-1
286,21,1031.14,445.07,111.74,206.44,1,-1,-1,-1
287,1,640.10,434.39,166.58,265.20,1,-1,-1,-1
287,6,564.09,578.68,170.14,213.21,1,-1,-1,-1
287,8,1131.83,613.14,116.67,177.78,1,-1,-1,-1
287,10,690.02,478.80,94.78,237.05,1,-1,-1,-1
287,11,1094.60,541.08,99.13,177.92,1,-1,-1,-1
287,13,833.23,514.01,158.95,235.07,1,-1,-1,-1
287,15,1049.84,485.22,128.79,209.88,1,-1,-1,-1
287,16,1099.83,548.05,90.88,172.40,1,-1,-1,-1
287,17,654.15,550.88,93.75,183.64,1,-1,-1,-1
287,20,652.35,555.81,95.67,181.11,1,-1,-1,-1
287,21,1038.77,435.84,99.71,226.02,1,-1,-1,-1
288,1,644.82,444.76,142.52,253.96,1,-1,-1,-1
288,6,559.46,579.79,174.93,212.48,1,-1,-1,-1
288,8,1131.83,613.14,116.67,177.78,1,-1,-1,-1
288,10,690.02,478.80,94.78,237.05,1,-1,-1,-1
288,11,1094.60,541.08,99.13,177.92,1,-1,-1,-1
288,13,834.25,520.94,148.28,228.25,1,-1,-1,-1
288,15,1050.00,485.61,128.57,209.25,1,-1,-1,-1
288,16,1096.28,542.24,96.83,177.15,1,-1,-1,-1
288,17,654.15,550.88,93.75,183.64,1,-1,-1,-1
288,20,652.35,555.81,95.67,181.11,1,-1,-1,-1
288,21,1043.91,445.41,92.01,221.66,1,-1,-1,-1
289,1,644.82,444.76,142.52,253.96,1,-1,-1,-1
289,6,555.81,585.26,179.88,207.42,1,-1,-1,-1
289,8,1131.83,613.14,116.67,177.78,1,-1,-1,-1
289,10,667.20,471.89,127.17,246.46,1,-1,-1,-1
289,11,1103.10,543.18,102.72,185.85,1,-1,-1,-1
289,13,836.65,533.89,134.35,215.51,1,-1,-1,-1
289,15,1053.84,485.46,122.68,203.12,1,-1,-1,-1
289,16,1096.28,542.24,96.83,177.15,1,-1,-1,-1
289,17,654.15,550.88,93.75,183.64,1,-1,-1,-1
289,20,644.98,555.91,103.45,193.19,1,-1,-1,-1
289,21,1048.03,449.90,94.07,206.57,1,-1,-1,-1
289,22,1131.96,600.09,120.84,190.47,1,-1,-1,-1
290,1,644.82,444.76,142.52,253.96,1,-1,-1,-1
290,6,557.03,585.64,178.44,206.72,1,-1,-1,-1
290,8,1131.83,613.14,116.67,177.78,1,-1,-1,-1
290,10,657.02,454.43,159.75,257.49,1,-1,-1,-1
290,11,1106.94,545.86,101.12,189.94,1,-1,-1,-1
290,13,838.30,536.23,129.42,212.69,1,-1,-1,-1
290,14,1047.25,453.74,84.68,181.83,1,-1,-1,-1
290,15,1061.29,493.42,95.02,185.72,1,-1,-1,-1
290,16,1096.28,542.24,96.83,177.15,1,-1,-1,-1
290,20,642.15,552.98,108.80,199.62,1,-1,-1,-1
290,21,1046.81,453.61,82.96,189.61,1,-1,-1,-1
290,22,1131.70,599.39,122.96,191.74,1,-1,-1,-1
291,1,644.82,444.76,142.52,253.96,1,-1,-1,-1
291,6,572.20,587.78,148.38,201.30,1,-1,-1,-1
291,8,1131.83,613.14,116.67,177.78,1,-1,-1,-1
291,10,671.07,454.38,140.63,256.81,1,-1,-1,-1
291,11,1098.11,547.21,91.19,174.33,1,-1,-1,-1
291,13,855.57,537.81,113.26,210.24,1,-1,-1,-1
291,14,1047.25,453.74,84.68,181.83,1,-1,-1,-1
291,15,1065.69,494.85,91.52,195.22,1,-1,-1,-1
291,16,1087.44,490.23,104.09,228.69,1,-1,-1,-1
291,17,594.70,587.43,141.79,200.62,1,-1,-1,-1
291,20,642.91,555.12,107.05,201.60,1,-1,-1,-1
291,21,1050.96,452.04,84.10,202.46,1,-1,-1,-1
291,22,1131.58,602.63,120.98,188.21,1,-1,-1,-1
292,1,644.82,444.76,142.52,253.96,1,-1,-1,-1
292,6,576.11,588.46,132.22,199.29,1,-1,-1,-1
292,8,1131.83,613.14,116.67,177.78,1,-1,-1,-1
292,10,682.00,484.83,104.02,235.97,1,-1,-1,-1
292,11,1105.85,541.28,97.21,188.22,1,-1,-1,-1
292,13,859.38,536.83,109.89,210.84,1,-1,-1,-1
292,14,1047.25,453.74,84.68,181.83,1,-1,-1,-1
292,15,1065.69,494.85,91.52,195.22,1,-1,-1,-1
292,16,1087.44,490.23,104.09,228.69,1,-1,-1,-1
292,17,594.50,591.25,140.66,202.49,1,-1,-1,-1
292,20,633.86,553.55,112.21,211.92,1,-1,-1,-1
292,21,1052.00,453.67,77.13,190.99,1,-1,-1,-1
292,22,1130.29,600.76,123.16,189.71,1,-1,-1,-1
293,1,644.82,444.76,142.52,253.96,1,-1,-1,-1
293,6,577.09,601.50,127.22,186.72,1,-1,-1,-1
293,10,689.24,486.58,94.81,229.36,1,-1,-1,-1
293,11,1105.51,531.86,98.61,197.49,1,-1,-1,-1
293,13,859.35,526.35,109.04,219.98,1,-1,-1,-1
293,14,1047.25,453.74,84.68,181.83,1,-1,-1,-1
293,15,1065.69,494.85,91.52,195.22,1,-1,-1,-1
293,16,1087.48,486.13,99.85,235.38,1,-1,-1,-1
293,17,589.81,599.39,145.56,194.57,1,-1,-1,-1
293,20,636.56,550.40,106.67,210.51,1,-1,-1,-1
293,21,1049.53,445.83,81.32,221.94,1,-1,-1,-1
293,22,1131.30,590.66,127.43,199.94,1,-1,-1,-1
294,6,568.64,604.75,119.68,183.53,1,-1,-1,-1
294,10,687.45,481.10,93.78,240.72,1,-1,-1,-1
294,11,1101.14,499.97,99.89,232.13,1,-1,-1,-1
294,13,849.50,514.24,116.03,229.15,1,-1,-1,-1
294,14,1047.25,453.74,84.68,181.83,1,-1,-1,-1
294,15,1067.34,485.83,91.14,208.30,1,-1,-1,-1
294,16,1087.48,486.13,99.85,235.38,1,-1,-1,-1
294,17,586.63,603.53,149.40,190.30,1,-1,-1,-1
294,19,1060.18,555.01,74.01,130.37,1,-1,-1,-1
294,20,641.45,546.94,101.62,206.69,1,-1,-1,-1
294,21,1048.80,442.34,79.87,202.59,1,-1,-1,-1
294,22,1135.48,587.38,128.23,200.62,1,-1,-1,-1
295,6,568.64,604.75,119.68,183.53,1,-1,-1,-1
295,10,694.25,464.54,91.04,244.12,1,-1,-1,-1
295,11,1107.13,513.35,91.19,224.56,1,-1,-1,-1
295,13,816.96,499.55,149.61,233.96,1,-1,-1,-1
295,14,1047.25,453.74,84.68,181.83,1,-1,-1,-1
295,15,1073.62,484.80,84.38,212.12,1,-1,-1,-1
295,16,1087.48,486.13,99.85,235.38,1,-1,-1,-1
295,17,569.29,600.21,167.00,195.75,1,-1,-1,-1
295,19,1060.18,555.01,74.01,130.37,1,-1,-1,-1
295,20,654.64,535.63,88.97,206.61,1,-1,-1,-1
295,21,1047.74,440.31,81.10,202.01,1,-1,-1,-1
295,22,1148.70,585.02,109.24,199.31,1,-1,-1,-1
296,6,568.64,604.75,119.68,183.53,1,-1,-1,-1
296,10,687.29,477.66,89.89,220.25,1,-1,-1,-1
296,11,1106.63,506.90,93.17,232.29,1,-1,-1,-1
296,13,803.45,503.35,162.12,229.47,1,-1,-1,-1
296,15,1075.57,485.63,84.78,206.57,1,-1,-1,-1
296,16,1087.48,486.13,99.85,235.38,1,-1,-1,-1
296,17,561.68,595.43,171.72,200.47,1,-1,-1,-1
296,19,1060.18,555.01,74.01,130.37,1,-1,-1,-1
296,20,658.08,534.50,85.56,204.66,1,-1,-1,-1
296,21,1047.10,440.61,81.85,200.67,1,-1,-1,-1
296,22,1168.50,582.46,105.03,202.05,1,-1,-1,-1
297,1,654.53,527.44,91.81,204.41,1,-1,-1,-1
297,6,568.64,604.75,119.68,183.53,1,-1,-1,-1
297,10,679.56,483.77,87.45,219.84,1,-1,-1,-1
297,11,1108.14,518.82,89.92,221.83,1,-1,-1,-1
297,13,793.53,505.00,174.18,232.01,1,-1,-1,-1
297,15,1082.24,491.38,79.94,179.32,1,-1,-1,-1
297,16,1087.48,486.13,99.85,235.38,1,-1,-1,-1
297,17,561.89,583.80,148.52,209.38,1,-1,-1,-1
297,19,1060.18,555.01,74.01,130.37,1,-1,-1,-1
297,20,662.26,533.40,81.06,197.01,1,-1,-1,-1
297,21,1050.28,444.94,81.09,196.65,1,-1,-1,-1
297,22,1171.66,588.12,84.97,197.46,1,-1,-1,-1
298,1,654.53,527.44,91.81,204.41,1,-1,-1,-1
298,6,568.64,604.75,119.68,183.53,1,-1,-1,-1
298,10,670.59,484.02,99.56,225.81,1,-1,-1,-1
298,11,1109.32,525.44,89.23,219.24,1,-1,-1,-1
298,13,792.25,504.53,171.91,234.34,1,-1,-1,-1
298,15,1082.91,495.58,78.11,160.78,1,-1,-1,-1
298,16,1087.48,486.13,99.85,235.38,1,-1,-1,-1
298,17,561.41,582.14,146.93,208.48,1,-1,-1,-1
298,19,1060.18,555.01,74.01,130.37,1,-1,-1,-1
298,20,662.26,533.40,81.06,197.01,1,-1,-1,-1
298,21,1051.32,449.36,81.35,192.91,1,-1,-1,-1
298,22,1171.51,589.20,85.06,198.58,1,-1,-1,-1
299,1,654.53,527.44,91.81,204.41,1,-1,-1,-1
299,2,701.02,448.17,97.86,184.67,1,-1,-1,-1
299,6,560.58,582.44,117.56,211.73,1,-1,-1,-1
299,10,680.22,491.75,105.28,215.69,1,-1,-1,-1
299,11,1115.59,536.60,82.37,205.87,1,-1,-1,-1
299,13,827.46,502.63,130.06,234.84,1,-1,-1,-1
299,15,1082.91,495.58,78.11,160.78,1,-1,-1,-1
299,17,561.41,582.14,146.93,208.48,1,-1,-1,-1
299,19,1060.18,555.01,74.01,130.37,1,-1,-1,-1
299,20,660.50,542.98,82.16,196.33,1,-1,-1,-1
299,21,1053.58,452.18,78.25,196.80,1,-1,-1,-1
299,22,1173.47,592.87,83.27,197.26,1,-1,-1,-1
300,1,654.53,527.44,91.81,204.41,1,-1,-1,-1
300,2,701.02,448.17,97.86,184.67,1,-1,-1,-1
300,6,557.95,581.73,113.77,216.79,1,-1,-1,-1
300,10,679.19,491.51,105.34,216.54,1,-1,-1,-1
300,11,1114.28,536.82,84.69,206.40,1,-1,-1,-1
300,13,842.84,516.60,113.24,218.33,1,-1,-1,-1
300,15,1082.91,495.58,78.11,160.78,1,-1,-1,-1
300,16,1091.45,497.06,81.04,191.32,1,-1,-1,-1
300,17,561.41,582.14,146.93,208.48,1,-1,-1,-1
300,20,660.82,544.23,81.29,199.17,1,-1,-1,-1
300,21,1054.98,449.32,79.29,189.01,1,-1,-1,-1
300,22,1172.08,592.38,86.18,198.79,1,-1,-1,-1
301,1,652.69,538.20,91.11,204.42,1,-1,-1,-1
301,2,708.90,447.36,83.26,192.92,1,-1,-1,-1
301,6,539.22,586.42,115.90,208.27,1,-1,-1,-1
301,10,703.54,451.73,85.23,199.20,1,-1,-1,-1
301,11,1108.83,530.50,91.95,214.22,1,-1,-1,-1
301,13,837.98,521.29,117.99,212.89,1,-1,-1,-1
301,15,1082.91,495.58,78.11,160.78,1,-1,-1,-1
301,16,1075.52,491.41,91.56,203.45,1,-1,-1,-1
301,17,561.41,582.14,146.93,208.48,1,-1,-1,-1
301,20,680.59,498.24,99.83,211.43,1,-1,-1,-1
301,21,1055.63,445.10,88.70,193.01,1,-1,-1,-1
301,22,1169.17,591.75,94.49,200.41,1,-1,-1,-1
302,1,649.59,538.85,91.08,207.62,1,-1,-1,-1
302,2,708.90,447.36,83.26,192.92,1,-1,-1,-1
302,6,531.15,583.80,112.63,209.03,1,-1,-1,-1
302,10,703.54,451.73,85.23,199.20,1,-1,-1,-1
302,11,1110.47,519.03,88.25,223.59,1,-1,-1,-1
302,13,848.97,519.99,107.54,214.96,1,-1,-1,-1
302,15,1086.89,490.71,85.40,205.03,1,-1,-1,-1
302,16,1081.73,489.73,85.58,206.68,1,-1,-1,-1
302,17,561.41,582.14,146.93,208.48,1,-1,-1,-1
302,20,684.15,493.05,100.13,212.92,1,-1,-1,-1
302,21,1054.37,444.47,79.08,192.01,1,-1,-1,-1
302,22,1170.34,593.05,96.10,198.20,1,-1,-1,-1
303,1,652.42,534.31,80.19,200.93,1,-1,-1,-1
303,2,715.90,446.42,71.40,205.77,1,-1,-1,-1
303,6,530.41,578.92,102.63,213.83,1,-1,-1,-1
303,10,703.54,451.73,85.23,199.20,1,-1,-1,-1
303,11,1116.63,514.63,77.23,227.92,1,-1,-1,-1
303,13,858.27,519.95,91.79,213.63,1,-1,-1,-1
303,15,1086.89,490.71,85.40,205.03,1,-1,-1,-1
303,16,1086.20,487.07,77.68,207.42,1,-1,-1,-1
303,17,561.41,582.14,146.93,208.48,1,-1,-1,-1
303,20,686.39,493.74,97.92,212.43,1,-1,-1,-1
303,21,1052.81,445.36,75.97,192.42,1,-1,-1,-1
303,22,1180.50,595.62,94.80,195.60,1,-1,-1,-1
304,1,650.19,534.09,78.07,203.61,1,-1,-1,-1
304,2,715.90,446.42,71.40,205.77,1,-1,-1,-1
304,6,534.09,579.89,97.55,213.17,1,-1,-1,-1
304,10,703.54,451.73,85.23,199.20,1,-1,-1,-1
304,11,1118.08,521.59,77.33,220.96,1,-1,-1,-1
304,13,860.45,519.74,79.05,215.56,1,-1,-1,-1
304,15,1086.89,490.71,85.40,205.03,1,-1,-1,-1
304,16,1083.00,456.65,84.34,239.68,1,-1,-1,-1
304,20,688.63,483.06,99.40,219.67,1,-1,-1,-1
304,21,1051.00,447.32,76.18,192.40,1,-1,-1,-1
304,22,1186.81,596.83,96.51,194.82,1,-1,-1,-1
305,1,636.17,523.98,83.77,210.66,1,-1,-1,-1
305,2,719.93,454.41,61.80,148.46,1,-1,-1,-1
305,6,539.86,570.30,86.27,219.79,1,-1,-1,-1
305,10,703.54,451.73,85.23,199.20,1,-1,-1,-1
305,11,1111.79,523.54,76.03,218.39,1,-1,-1,-1
305,13,856.09,522.96,76.51,214.21,1,-1,-1,-1
305,15,1085.59,492.35,78.23,203.19,1,-1,-1,-1
305,16,1085.05,490.45,75.69,204.18,1,-1,-1,-1
305,20,677.13,488.11,109.99,210.29,1,-1,-1,-1
305,21,1049.97,450.16,75.23,189.16,1,-1,-1,-1
305,22,1195.00,596.16,84.06,197.03,1,-1,-1,-1
306,1,636.17,523.98,83.77,210.66,1,-1,-1,-1
306,2,719.93,454.41,61.80,148.46,1,-1,-1,-1
306,6,528.56,565.94,99.58,223.10,1,-1,-1,-1
306,10,703.54,451.73,85.23,199.20,1,-1,-1,-1
306,11,1110.98,525.82,79.23,216.04,1,-1,-1,-1
306,13,854.19,523.53,81.82,214.83,1,-1,-1,-1
306,15,1083.96,492.99,80.30,204.30,1,-1,-1,-1
306,16,1085.05,490.45,75.69,204.18,1,-1,-1,-1
306,20,676.72,484.09,103.04,213.40,1,-1,-1,-1
306,21,1048.77,446.81,76.83,191.45,1,-1,-1,-1
306,22,1194.31,592.48,87.06,201.13,1,-1,-1,-1
307,1,632.70,532.58,84.62,203.50,1,-1,-1,-1
307,2,719.93,454.41,61.80,148.46,1,-1,-1,-1
307,6,502.49,574.45,128.90,216.27,1,-1,-1,-1
307,10,710.07,447.86,79.06,197.62,1,-1,-1,-1
307,11,1107.06,519.83,91.97,220.07,1,-1,-1,-1
307,13,844.38,513.25,106.30,220.55,1,-1,-1,-1
307,15,1083.96,492.99,80.30,204.30,1,-1,-1,-1
307,16,1079.29,488.77,79.70,204.84,1,-1,-1,-1
307,20,679.31,491.07,96.61,208.45,1,-1,-1,-1
307,21,1045.59,439.99,83.22,194.89,1,-1,-1,-1
307,22,1173.98,585.68,130.94,196.82,1,-1,-1,-1
308,1,624.85,530.11,89.76,208.21,1,-1,-1,-1
308,2,719.93,454.41,61.80,148.46,1,-1,-1,-1
308,6,500.04,578.49,130.52,211.94,1,-1,-1,-1
308,10,706.43,443.75,86.66,201.21,1,-1,-1,-1
308,11,1103.04,512.71,98.60,224.16,1,-1,-1,-1
308,13,834.64,509.10,118.89,224.51,1,-1,-1,-1
308,15,1083.60,485.60,81.72,195.08,1,-1,-1,-1
308,16,1079.29,488.77,79.70,204.84,1,-1,-1,-1
308,19,1071.09,551.78,59.41,138.18,1,-1,-1,-1
308,20,677.12,494.72,99.04,207.29,1,-1,-1,-1
308,21,1043.35,436.39,84.97,197.14,1,-1,-1,-1
308,22,1170.47,584.56,141.31,192.55,1,-1,-1,-1
309,1,622.45,528.23,84.41,208.55,1,-1,-1,-1
309,2,670.68,483.74,100.90,205.34,1,-1,-1,-1
309,6,506.23,573.83,114.16,215.45,1,-1,-1,-1
309,10,709.69,441.24,90.07,200.97,1,-1,-1,-1
309,11,1096.48,510.77,107.67,215.24,1,-1,-1,-1
309,13,814.87,496.66,132.93,232.16,1,-1,-1,-1
309,15,1083.60,485.60,81.72,195.08,1,-1,-1,-1
309,16,1079.29,488.77,79.70,204.84,1,-1,-1,-1
309,19,1042.79,542.26,108.60,143.54,1,-1,-1,-1
309,20,670.60,487.79,105.38,211.30,1,-1,-1,-1
309,21,1039.86,437.21,109.94,239.28,1,-1,-1,-1
309,22,1185.36,583.74,131.34,189.88,1,-1,-1,-1
310,1,595.58,531.86,110.11,204.99,1,-1,-1,-1
310,2,660.82,484.75,115.83,211.63,1,-1,-1,-1
310,6,514.92,571.37,99.60,216.88,1,-1,-1,-1
310,10,702.48,441.00,100.42,203.50,1,-1,-1,-1
310,11,1085.56,511.63,117.46,214.82,1,-1,-1,-1
310,13,802.09,494.25,138.62,231.50,1,-1,-1,-1
310,15,1083.60,485.60,81.72,195.08,1,-1,-1,-1
310,16,1079.29,488.77,79.70,204.84,1,-1,-1,-1
310,19,1042.79,542.26,108.60,143.54,1,-1,-1,-1
310,20,668.90,484.15,112.38,212.63,1,-1,-1,-1
310,21,1036.81,435.84,116.45,247.24,1,-1,-1,-1
310,22,1181.61,584.57,134.32,193.47,1,-1,-1,-1
311,1,578.34,532.38,116.60,207.55,1,-1,-1,-1
311,2,660.82,484.75,115.83,211.63,1,-1,-1,-1
311,6,488.44,569.95,101.85,211.74,1,-1,-1,-1
311,10,720.19,441.58,83.17,197.19,1,-1,-1,-1
311,11,1111.76,513.59,89.47,216.65,1,-1,-1,-1
311,13,822.98,460.29,118.65,265.75,1,-1,-1,-1
311,15,1083.60,485.60,81.72,195.08,1,-1,-1,-1
311,16,1079.29,488.77,79.70,204.84,1,-1,-1,-1
311,19,1042.79,542.26,108.60,143.54,1,-1,-1,-1
311,20,663.17,482.42,113.95,210.74,1,-1,-1,-1
311,21,1045.49,439.23,97.28,229.65,1,-1,-1,-1
311,22,1196.45,584.55,115.82,197.62,1,-1,-1,-1
312,1,574.18,533.59,116.59,208.72,1,-1,-1,-1
312,2,660.82,484.75,115.83,211.63,1,-1,-1,-1
312,6,462.01,575.93,121.27,209.43,1,-1,-1,-1
312,10,725.88,432.11,78.49,207.15,1,-1,-1,-1
312,11,1115.27,515.58,83.02,215.67,1,-1,-1,-1
312,13,835.80,457.19,114.54,268.90,1,-1,-1,-1
312,15,1083.60,485.60,81.72,195.08,1,-1,-1,-1
312,16,1079.29,488.77,79.70,204.84,1,-1,-1,-1
312,19,1042.79,542.26,108.60,143.54,1,-1,-1,-1
312,20,664.96,479.23,103.61,208.98,1,-1,-1,-1
312,21,1043.82,441.93,99.33,234.99,1,-1,-1,-1
312,22,1194.97,583.60,114.50,195.29,1,-1,-1,-1
313,1,568.09,535.63,115.74,205.75,1,-1,-1,-1
313,2,671.87,484.24,89.02,208.07,1,-1,-1,-1
313,6,438.41,578.58,147.41,209.57,1,-1,-1,-1
313,10,727.67,430.28,73.46,211.43,1,-1,-1,-1
313,11,1108.06,512.93,88.30,218.14,1,-1,-1,-1
313,13,859.68,484.95,84.89,241.03,1,-1,-1,-1
313,15,1083.60,485.60,81.72,195.08,1,-1,-1,-1
313,16,1064.03,505.88,123.23,207.37,1,-1,-1,-1
313,19,1042.79,542.26,108.60,143.54,1,-1,-1,-1
313,20,723.83,446.40,70.40,201.33,1,-1,-1,-1
313,21,1049.71,441.62,97.54,190.37,1,-1,-1,-1
313,22,1188.26,582.31,115.30,201.23,1,-1,-1,-1
314,1,573.16,531.75,103.80,207.83,1,-1,-1,-1
314,2,672.70,482.65,85.78,210.94,1,-1,-1,-1
314,6,433.95,578.52,143.26,208.69,1,-1,-1,-1
314,10,726.86,435.26,75.75,206.41,1,-1,-1,-1
314,11,1108.06,512.93,88.30,218.14,1,-1,-1,-1
314,13,865.83,489.52,75.63,234.59,1,-1,-1,-1
314,16,1074.51,503.49,116.42,220.72,1,-1,-1,-1
314,19,1042.79,542.26,108.60,143.54,1,-1,-1,-1
314,20,723.83,446.40,70.40,201.33,1,-1,-1,-1
314,21,1048.87,439.88,102.99,197.53,1,-1,-1,-1
314,22,1200.68,579.93,103.30,201.94,1,-1,-1,-1
315,1,553.17,531.91,112.24,200.69,1,-1,-1,-1
315,2,676.56,483.11,87.01,212.26,1,-1,-1,-1
315,6,431.90,577.80,136.97,206.98,1,-1,-1,-1
315,10,726.86,435.26,75.75,206.41,1,-1,-1,-1
315,11,1103.24,505.52,89.75,220.23,1,-1,-1,-1
315,13,850.53,503.25,94.60,229.57,1,-1,-1,-1
315,14,1047.11,438.28,72.43,193.23,1,-1,-1,-1
315,15,1077.85,478.86,76.37,173.04,1,-1,-1,-1
315,16,1074.51,503.49,116.42,220.72,1,-1,-1,-1
315,20,733.85,437.76,76.43,203.52,1,-1,-1,-1
315,21,1048.87,439.88,102.99,197.53,1,-1,-1,-1
315,22,1214.47,579.21,92.46,209.45,1,-1,-1,-1
316,1,549.13,531.17,109.43,209.65,1,-1,-1,-1
316,2,677.49,481.32,82.02,212.46,1,-1,-1,-1
316,6,439.55,571.96,118.39,211.81,1,-1,-1,-1
316,10,734.93,431.20,79.58,207.54,1,-1,-1,-1
316,11,1116.41,503.28,78.51,218.81,1,-1,-1,-1
316,13,841.09,506.82,107.42,224.29,1,-1,-1,-1
316,14,1047.11,438.28,72.43,193.23,1,-1,-1,-1
316,15,1074.74,479.62,75.80,181.25,1,-1,-1,-1
316,16,1074.51,503.49,116.42,220.72,1,-1,-1,-1
316,20,733.85,437.76,76.43,203.52,1,-1,-1,-1
316,21,1042.43,435.98,78.17,196.31,1,-1,-1,-1
316,22,1220.09,581.33,86.44,208.67,1,-1,-1,-1
317,1,565.80,532.83,78.31,216.41,1,-1,-1,-1
317,2,677.31,480.74,88.55,206.13,1,-1,-1,-1
317,6,443.48,572.77,113.96,210.73,1,-1,-1,-1
317,9,1079.04,488.46,75.64,195.80,1,-1,-1,-1
317,10,739.57,434.43,81.96,210.13,1,-1,-1,-1
317,11,1120.71,512.57,81.79,219.23,1,-1,-1,-1
317,13,862.02,516.93,96.63,223.90,1,-1,-1,-1
317,14,1047.11,438.28,72.43,193.23,1,-1,-1,-1
317,15,1079.91,488.33,73.51,191.12,1,-1,-1,-1
317,16,1074.51,503.49,116.42,220.72,1,-1,-1,-1
317,20,733.85,437.76,76.43,203.52,1,-1,-1,-1
317,21,1039.82,441.99,75.23,194.02,1,-1,-1,-1
317,22,1218.54,584.63,88.86,204.25,1,-1,-1,-1
318,1,554.99,536.00,86.17,214.74,1,-1,-1,-1
318,2,673.11,481.76,96.16,212.39,1,-1,-1,-1
318,6,445.19,570.85,119.42,215.12,1,-1,-1,-1
318,9,1075.15,488.73,79.62,192.39,1,-1,-1,-1
318,10,740.18,437.84,97.64,207.67,1,-1,-1,-1
318,11,1120.04,517.16,86.33,216.87,1,-1,-1,-1
318,13,866.27,520.75,93.18,219.00,1,-1,-1,-1
318,14,1044.18,496.87,62.15,137.06,1,-1,-1,-1
318,15,1075.10,488.40,80.46,195.37,1,-1,-1,-1
318,16,1074.51,503.49,116.42,220.72,1,-1,-1,-1
318,20,733.85,437.76,76.43,203.52,1,-1,-1,-1
318,21,1041.65,446.18,71.41,185.82,1,-1,-1,-1
318,22,1216.43,583.45,96.81,212.72,1,-1,-1,-1
319,1,551.03,541.94,86.83,207.00,1,-1,-1,-1
319,2,668.57,484.11,100.46,214.50,1,-1,-1,-1
319,6,437.40,574.12,123.28,212.16,1,-1,-1,-1
319,9,1075.15,488.73,79.62,192.39,1,-1,-1,-1
319,10,737.75,439.29,111.97,203.31,1,-1,-1,-1
319,11,1118.35,511.01,92.78,223.27,1,-1,-1,-1
319,13,866.79,518.38,93.15,222.82,1,-1,-1,-1
319,14,1044.18,496.87,62.15,137.06,1,-1,-1,-1
319,15,1080.15,487.64,82.03,194.30,1,-1,-1,-1
319,16,1080.11,487.98,88.20,204.02,1,-1,-1,-1
319,20,733.85,437.76,76.43,203.52,1,-1,-1,-1
319,21,1030.71,445.58,84.08,190.71,1,-1,-1,-1
319,22,1214.97,580.42,114.85,209.89,1,-1,-1,-1
320,1,551.26,541.01,84.68,207.36,1,-1,-1,-1
320,2,666.93,487.80,102.26,211.49,1,-1,-1,-1
320,6,441.16,574.76,110.43,211.95,1,-1,-1,-1
320,9,1075.15,488.73,79.62,192.39,1,-1,-1,-1
320,10,741.97,439.66,107.36,204.00,1,-1,-1,-1
320,11,1116.32,507.43,95.20,226.92,1,-1,-1,-1
320,13,862.50,517.25,97.09,217.91,1,-1,-1,-1
320,14,1044.18,496.87,62.15,137.06,1,-1,-1,-1
320,15,1078.03,485.77,84.98,202.08,1,-1,-1,-1
320,16,1080.11,487.98,88.20,204.02,1,-1,-1,-1
320,20,733.85,437.76,76.43,203.52,1,-1,-1,-1
320,21,1027.03,446.32,85.56,190.59,1,-1,-1,-1
320,22,1218.63,578.32,113.98,208.35,1,-1,-1,-1
321,1,540.71,537.64,90.93,210.91,1,-1,-1,-1
321,2,663.31,489.95,104.58,207.39,1,-1,-1,-1
321,6,435.78,570.36,97.65,215.36,1,-1,-1,-1
321,9,1075.15,488.73,79.62,192.39,1,-1,-1,-1
321,10,745.08,436.91,103.88,203.13,1,-1,-1,-1
321,11,1118.64,503.77,86.82,231.29,1,-1,-1,-1
321,13,845.43,517.29,115.85,217.86,1,-1,-1,-1
321,14,1044.18,496.87,62.15,137.06,1,-1,-1,-1
321,15,1077.38,484.55,78.70,203.95,1,-1,-1,-1
321,16,1080.11,487.98,88.20,204.02,1,-1,-1,-1
321,21,1025.41,444.83,83.38,190.27,1,-1,-1,-1
321,22,1236.62,579.78,90.53,211.42,1,-1,-1,-1
322,1,537.03,538.39,91.06,211.74,1,-1,-1,-1
322,2,663.06,487.58,105.11,209.74,1,-1,-1,-1
322,6,432.79,570.46,94.91,214.34,1,-1,-1,-1
322,9,1075.15,488.73,79.62,192.39,1,-1,-1,-1
322,10,746.07,436.32,107.48,204.87,1,-1,-1,-1
322,11,1120.04,504.58,81.96,230.79,1,-1,-1,-1
322,13,844.90,518.01,115.89,215.40,1,-1,-1,-1
322,14,1044.18,496.87,62.15,137.06,1,-1,-1,-1
322,15,1073.15,487.67,81.49,203.37,1,-1,-1,-1
322,16,1080.11,487.98,88.20,204.02,1,-1,-1,-1
322,21,1022.80,443.87,85.17,190.94,1,-1,-1,-1
322,22,1239.65,581.83,75.43,209.22,1,-1,-1,-1
323,1,544.02,541.70,80.74,210.18,1,-1,-1,-1
323,2,667.15,483.29,102.32,212.66,1,-1,-1,-1
323,6,427.54,573.83,82.17,211.08,1,-1,-1,-1
323,9,1075.15,488.73,79.62,192.39,1,-1,-1,-1
323,10,747.02,444.19,107.95,194.80,1,-1,-1,-1
323,11,1121.57,512.27,79.89,222.24,1,-1,-1,-1
323,13,850.70,523.97,110.74,209.81,1,-1,-1,-1
323,14,1044.18,496.87,62.15,137.06,1,-1,-1,-1
323,15,1066.46,491.98,86.59,199.44,1,-1,-1,-1
323,16,1080.11,487.98,88.20,204.02,1,-1,-1,-1
323,21,1020.51,451.57,80.18,186.27,1,-1,-1,-1
323,22,1241.50,593.22,71.81,209.83,1,-1,-1,-1
324,1,544.18,544.33,81.68,207.71,1,-1,-1,-1
324,2,668.45,483.33,102.87,212.74,1,-1,-1,-1
324,6,424.80,576.28,83.15,210.50,1,-1,-1,-1
324,10,746.35,450.26,108.96,188.18,1,-1,-1,-1
324,11,1122.53,518.62,77.96,215.44,1,-1,-1,-1
324,13,847.47,526.00,114.12,208.09,1,-1,-1,-1
324,15,1064.59,493.65,87.10,199.93,1,-1,-1,-1
324,16,1080.11,487.98,88.20,204.02,1,-1,-1,-1
324,21,1015.52,455.37,78.94,182.00,1,-1,-1,-1
324,22,1243.35,594.03,72.44,209.74,1,-1,-1,-1
325,1,545.25,546.03,81.88,207.46,1,-1,-1,-1
325,2,663.26,484.29,105.59,211.63,1,-1,-1,-1
325,6,414.23,573.11,93.48,212.71,1,-1,-1,-1
325,10,749.06,444.14,105.51,194.59,1,-1,-1,-1
325,11,1120.41,518.50,79.78,215.02,1,-1,-1,-1
325,13,844.37,523.67,115.47,208.71,1,-1,-1,-1
325,15,1060.92,491.76,91.83,208.16,1,-1,-1,-1
325,21,1009.91,452.66,80.42,184.88,1,-1,-1,-1
325,22,1243.07,590.43,73.89,220.76,1,-1,-1,-1
326,1,545.09,546.69,80.73,205.40,1,-1,-1,-1
326,2,660.70,488.67,108.18,207.63,1,-1,-1,-1
326,6,412.85,569.88,94.12,215.62,1,-1,-1,-1
326,10,746.16,441.37,110.24,198.36,1,-1,-1,-1
326,11,1119.35,514.44,80.53,218.77,1,-1,-1,-1
326,13,845.82,520.33,112.73,211.51,1,-1,-1,-1
326,15,1060.06,479.31,80.13,214.15,1,-1,-1,-1
326,21,1010.46,446.71,77.85,188.49,1,-1,-1,-1
326,22,1241.99,589.25,83.55,221.74,1,-1,-1,-1
327,1,542.20,542.77,86.14,207.86,1,-1,-1,-1
327,2,668.64,488.58,100.37,208.02,1,-1,-1,-1
327,6,398.60,561.28,100.75,221.50,1,-1,-1,-1
327,10,743.13,435.66,99.56,202.42,1,-1,-1,-1
327,11,1106.57,502.31,91.10,230.49,1,-1,-1,-1
327,13,831.05,510.29,112.36,220.36,1,-1,-1,-1
327,15,1046.38,477.03,101.57,218.79,1,-1,-1,-1
327,21,991.26,441.48,92.40,193.84,1,-1,-1,-1
327,22,1222.62,586.25,117.89,214.23,1,-1,-1,-1
328,1,534.49,538.57,101.37,212.74,1,-1,-1,-1
328,2,667.89,486.96,101.20,209.85,1,-1,-1,-1
328,6,379.47,559.20,118.90,221.72,1,-1,-1,-1
328,10,736.22,433.27,96.31,208.13,1,-1,-1,-1
328,11,1100.13,495.69,100.69,233.89,1,-1,-1,-1
328,13,815.47,505.59,125.55,221.94,1,-1,-1,-1
328,15,1044.06,479.39,97.02,215.28,1,-1,-1,-1
328,21,989.44,438.71,98.93,194.00,1,-1,-1,-1
328,22,1217.46,585.42,127.12,221.14,1,-1,-1,-1
329,1,524.76,535.75,117.98,218.63,1,-1,-1,-1
329,2,670.72,485.98,97.78,209.37,1,-1,-1,-1
329,6,373.97,557.26,125.71,219.63,1,-1,-1,-1
329,10,728.18,430.54,99.13,211.53,1,-1,-1,-1
329,11,1081.49,503.62,122.01,222.36,1,-1,-1,-1
329,13,796.32,504.71,144.24,223.70,1,-1,-1,-1
329,14,985.13,442.52,104.50,155.94,1,-1,-1,-1
329,15,1017.99,479.23,118.31,220.54,1,-1,-1,-1
329,21,984.42,438.37,84.60,153.66,1,-1,-1,-1
329,22,1218.26,591.59,128.02,216.44,1,-1,-1,-1
330,1,524.29,536.36,119.47,220.77,1,-1,-1,-1
330,2,669.95,484.67,96.79,209.66,1,-1,-1,-1
330,6,368.76,557.10,131.10,223.70,1,-1,-1,-1
330,10,729.21,431.68,93.32,213.12,1,-1,-1,-1
330,11,1081.81,512.98,119.76,219.27,1,-1,-1,-1
330,13,800.55,497.83,137.02,232.43,1,-1,-1,-1
330,14,985.13,442.52,104.50,155.94,1,-1,-1,-1
330,15,1010.68,483.06,119.26,221.57,1,-1,-1,-1
330,16,1081.75,509.16,115.72,219.14,1,-1,-1,-1
330,21,961.56,434.72,121.39,206.81,1,-1,-1,-1
330,22,1219.52,593.59,127.44,215.53,1,-1,-1,-1
331,1,522.13,537.45,122.26,220.50,1,-1,-1,-1
331,2,660.06,485.97,103.27,217.01,1,-1,-1,-1
331,6,370.22,563.30,123.74,218.90,1,-1,-1,-1
331,10,721.63,438.66,94.89,205.66,1,-1,-1,-1
331,11,1081.81,512.98,119.76,219.27,1,-1,-1,-1
331,13,801.51,503.12,132.53,227.93,1,-1,-1,-1
331,14,985.13,442.52,104.50,155.94,1,-1,-1,-1
331,15,1008.45,484.04,118.41,219.32,1,-1,-1,-1
331,16,1079.65,512.10,115.27,221.67,1,-1,-1,-1
331,21,955.19,430.49,125.19,222.35,1,-1,-1,-1
331,22,1219.47,600.97,126.42,208.12,1,-1,-1,-1
332,1,521.73,539.05,123.12,217.76,1,-1,-1,-1
332,2,652.16,486.29,110.82,219.84,1,-1,-1,-1
332,6,372.02,571.13,115.30,211.32,1,-1,-1,-1
332,10,718.53,442.17,90.12,200.48,1,-1,-1,-1
332,11,1081.81,512.98,119.76,219.27,1,-1,-1,-1
332,13,801.89,506.09,129.76,225.41,1,-1,-1,-1
332,14,985.13,442.52,104.50,155.94,1,-1,-1,-1
332,15,1011.37,492.22,107.28,210.16,1,-1,-1,-1
332,16,1082.37,517.80,110.01,216.56,1,-1,-1,-1
332,21,956.71,441.06,120.35,211.04,1,-1,-1,-1
332,22,1221.22,602.52,123.95,206.95,1,-1,-1,-1
333,1,523.43,541.88,119.19,215.01,1,-1,-1,-1
333,2,653.50,492.18,109.08,215.29,1,-1,-1,-1
333,6,366.90,574.69,108.05,206.63,1,-1,-1,-1
333,10,711.02,438.85,112.27,203.67,1,-1,-1,-1
333,11,1081.81,512.98,119.76,219.27,1,-1,-1,-1
333,13,799.02,512.13,128.95,219.10,1,-1,-1,-1
333,14,985.13,442.52,104.50,155.94,1,-1,-1,-1
333,15,1010.11,494.84,97.35,207.45,1,-1,-1,-1
333,16,1079.69,517.27,104.86,216.62,1,-1,-1,-1
333,21,957.18,445.00,109.59,211.61,1,-1,-1,-1
333,22,1221.18,601.41,125.98,208.23,1,-1,-1,-1
334,1,523.14,542.55,119.20,214.27,1,-1,-1,-1
334,2,652.92,492.57,109.12,215.25,1,-1,-1,-1
334,6,366.38,573.16,100.71,208.06,1,-1,-1,-1
334,10,711.44,436.07,111.09,206.30,1,-1,-1,-1
334,11,1081.81,512.98,119.76,219.27,1,-1,-1,-1
334,13,795.46,514.45,130.23,217.97,1,-1,-1,-1
334,14,985.13,442.52,104.50,155.94,1,-1,-1,-1
334,15,1000.90,494.69,103.12,208.07,1,-1,-1,-1
334,16,1084.32,516.14,98.75,217.05,1,-1,-1,-1
334,21,954.72,444.73,115.07,221.71,1,-1,-1,-1
334,22,1217.88,604.16,129.57,205.83,1,-1,-1,-1
335,1,514.58,542.78,126.46,214.33,1,-1,-1,-1
335,2,654.01,490.80,108.12,216.92,1,-1,-1,-1
335,6,361.22,573.62,100.89,208.29,1,-1,-1,-1
335,10,711.67,436.82,114.20,209.36,1,-1,-1,-1
335,11,1081.81,512.98,119.76,219.27,1,-1,-1,-1
335,13,796.09,517.41,129.90,216.75,1,-1,-1,-1
335,15,989.34,499.10,113.48,208.32,1,-1,-1,-1
335,16,1082.42,519.70,97.36,213.38,1,-1,-1,-1
335,21,950.87,440.85,113.69,214.80,1,-1,-1,-1
335,22,1231.57,608.36,116.48,201.78,1,-1,-1,-1
336,1,515.10,544.33,123.46,212.46,1,-1,-1,-1
336,2,655.04,489.85,107.35,217.32,1,-1,-1,-1
336,6,358.56,574.41,102.80,207.56,1,-1,-1,-1
336,10,713.04,441.85,113.65,203.87,1,-1,-1,-1
336,13,795.17,524.39,134.41,210.61,1,-1,-1,-1
336,15,997.76,498.65,106.83,213.18,1,-1,-1,-1
336,16,1084.50,521.52,102.95,211.30,1,-1,-1,-1
336,21,947.91,443.03,103.31,210.12,1,-1,-1,-1
336,22,1233.49,607.90,117.32,202.25,1,-1,-1,-1
337,1,522.35,544.95,112.32,211.10,1,-1,-1,-1
337,2,655.83,492.46,107.25,216.23,1,-1,-1,-1
337,6,349.24,575.60,114.00,206.17,1,-1,-1,-1
337,10,716.73,447.46,115.68,205.96,1,-1,-1,-1
337,11,1078.05,524.34,120.15,209.58,1,-1,-1,-1
337,13,794.88,522.84,149.05,211.34,1,-1,-1,-1
337,15,1004.47,493.47,97.73,212.31,1,-1,-1,-1
337,16,1084.50,521.52,102.95,211.30,1,-1,-1,-1
337,21,947.60,453.29,95.67,200.79,1,-1,-1,-1
337,22,1224.56,608.92,137.73,201.34,1,-1,-1,-1
338,1,525.00,543.75,109.93,211.64,1,-1,-1,-1
338,2,655.33,493.37,107.49,215.09,1,-1,-1,-1
338,6,346.40,573.75,116.00,208.26,1,-1,-1,-1
338,10,725.32,448.17,108.04,198.65,1,-1,-1,-1
338,11,1073.42,527.08,128.92,208.36,1,-1,-1,-1
338,13,789.45,516.86,161.08,216.93,1,-1,-1,-1
338,15,1005.35,490.40,96.62,211.27,1,-1,-1,-1
338,16,1084.50,521.52,102.95,211.30,1,-1,-1,-1
338,21,946.56,456.25,94.57,197.68,1,-1,-1,-1
338,22,1209.52,605.88,165.22,205.13,1,-1,-1,-1
339,1,529.70,541.25,111.13,212.50,1,-1,-1,-1
339,2,655.32,493.14,107.00,215.86,1,-1,-1,-1
339,6,344.12,570.41,116.53,210.82,1,-1,-1,-1
339,10,719.37,449.08,114.89,191.50,1,-1,-1,-1
339,11,1065.20,525.50,140.47,211.49,1,-1,-1,-1
339,13,782.93,518.54,169.92,215.35,1,-1,-1,-1
339,15,1003.00,489.19,104.75,211.16,1,-1,-1,-1
339,16,1084.50,521.52,102.95,211.30,1,-1,-1,-1
339,21,938.03,452.57,103.04,201.04,1,-1,-1,-1
339,22,1240.60,598.04,117.76,213.38,1,-1,-1,-1
340,1,530.63,539.00,112.44,215.07,1,-1,-1,-1
340,2,658.09,492.21,105.13,217.15,1,-1,-1,-1
340,6,347.50,569.51,109.49,210.00,1,-1,-1,-1
340,10,722.90,448.09,110.65,193.26,1,-1,-1,-1
340,11,1063.01,524.47,141.26,213.67,1,-1,-1,-1
340,13,788.96,516.51,162.62,218.09,1,-1,-1,-1
340,15,1001.06,489.34,111.04,214.25,1,-1,-1,-1
340,16,1084.50,521.52,102.95,211.30,1,-1,-1,-1
340,21,932.03,450.15,111.81,204.13,1,-1,-1,-1
340,22,1244.29,596.98,108.04,212.12,1,-1,-1,-1
341,1,533.63,538.89,109.79,213.72,1,-1,-1,-1
341,2,664.46,487.61,101.01,219.92,1,-1,-1,-1
341,6,363.94,569.68,85.60,217.52,1,-1,-1,-1
341,9,1015.45,499.07,107.33,208.32,1,-1,-1,-1
341,10,726.74,453.89,117.42,206.81,1,-1,-1,-1
341,11,1049.77,520.55,140.37,221.05,1,-1,-1,-1
341,13,813.31,515.45,114.82,224.20,1,-1,-1,-1
341,15,1007.36,496.52,102.07,215.60,1,-1,-1,-1
341,16,1084.50,521.52,102.95,211.30,1,-1,-1,-1
341,21,920.81,450.65,120.64,204.13,1,-1,-1,-1
341,22,1238.87,601.12,99.97,209.01,1,-1,-1,-1
342,1,536.45,540.79,108.47,212.20,1,-1,-1,-1
342,2,665.73,487.21,102.15,217.09,1,-1,-1,-1
342,6,365.56,573.67,83.10,216.06,1,-1,-1,-1
342,9,1015.45,499.07,107.33,208.32,1,-1,-1,-1
342,10,730.63,454.85,127.31,205.90,1,-1,-1,-1
342,11,1049.77,520.55,140.37,221.05,1,-1,-1,-1
342,13,821.43,520.53,107.94,220.86,1,-1,-1,-1
342,15,1002.74,500.93,112.51,208.78,1,-1,-1,-1
342,16,1085.71,523.01,92.75,223.13,1,-1,-1,-1
342,21,933.50,452.47,104.74,205.38,1,-1,-1,-1
342,22,1237.70,604.53,97.65,207.86,1,-1,-1,-1
343,1,549.45,548.81,94.48,205.14,1,-1,-1,-1
343,2,661.63,492.11,109.42,213.71,1,-1,-1,-1
343,6,358.07,581.07,89.00,208.82,1,-1,-1,-1
343,9,1015.45,499.07,107.33,208.32,1,-1,-1,-1
343,10,734.37,456.22,123.59,190.03,1,-1,-1,-1
343,11,1049.77,520.55,140.37,221.05,1,-1,-1,-1
343,13,828.49,530.93,102.17,210.04,1,-1,-1,-1
343,15,999.46,503.42,104.39,198.56,1,-1,-1,-1
343,16,1078.38,532.82,96.51,217.33,1,-1,-1,-1
343,21,950.76,461.69,81.50,197.97,1,-1,-1,-1
343,22,1236.90,609.05,100.49,202.95,1,-1,-1,-1
344,1,550.40,551.09,93.53,202.69,1,-1,-1,-1
344,2,655.20,496.59,116.46,209.75,1,-1,-1,-1
344,6,354.92,580.04,92.12,209.15,1,-1,-1,-1
344,9,1015.45,499.07,107.33,208.32,1,-1,-1,-1
344,10,736.64,459.94,122.23,192.72,1,-1,-1,-1
344,11,1049.77,520.55,140.37,221.05,1,-1,-1,-1
344,13,830.62,533.17,98.51,207.81,1,-1,-1,-1
344,15,996.17,499.78,107.95,202.44,1,-1,-1,-1
344,16,1077.00,535.91,97.45,216.96,1,-1,-1,-1
344,21,949.40,466.03,80.29,169.86,1,-1,-1,-1
344,22,1236.50,608.97,101.23,201.05,1,-1,-1,-1
345,1,538.01,551.70,107.13,203.42,1,-1,-1,-1
345,2,650.96,492.03,122.42,216.59,1,-1,-1,-1
345,6,334.91,581.63,113.48,207.01,1,-1,-1,-1
345,9,1015.45,499.07,107.33,208.32,1,-1,-1,-1
345,10,735.63,457.99,132.32,197.30,1,-1,-1,-1
345,11,1049.77,520.55,140.37,221.05,1,-1,-1,-1
345,13,821.69,526.60,106.52,216.42,1,-1,-1,-1
345,15,992.06,492.86,115.55,214.18,1,-1,-1,-1
345,16,1083.29,534.82,93.80,217.06,1,-1,-1,-1
345,21,930.86,457.63,121.34,212.77,1,-1,-1,-1
345,22,1237.98,600.74,101.76,211.76,1,-1,-1,-1
346,1,517.77,549.84,126.16,203.87,1,-1,-1,-1
346,2,653.35,490.19,119.36,212.66,1,-1,-1,-1
346,6,331.63,578.45,115.68,207.90,1,-1,-1,-1
346,9,1015.45,499.07,107.33,208.32,1,-1,-1,-1
346,10,733.19,457.27,127.19,199.42,1,-1,-1,-1
346,11,1049.77,520.55,140.37,221.05,1,-1,-1,-1
346,13,815.55,527.74,111.67,213.59,1,-1,-1,-1
346,15,988.44,491.16,122.02,214.03,1,-1,-1,-1
346,16,1082.14,530.46,99.03,221.51,1,-1,-1,-1
346,21,934.87,456.69,113.72,222.49,1,-1,-1,-1
346,22,1239.13,602.50,100.26,211.36,1,-1,-1,-1
347,1,499.11,539.35,143.50,214.29,1,-1,-1,-1
347,2,655.40,487.39,118.34,215.36,1,-1,-1,-1
347,6,315.86,574.46,162.21,217.95,1,-1,-1,-1
347,10,729.01,455.84,135.53,213.70,1,-1,-1,-1
347,13,804.11,523.92,123.75,219.31,1,-1,-1,-1
347,15,945.82,486.70,162.48,221.61,1,-1,-1,-1
347,16,1072.12,527.63,121.57,221.64,1,-1,-1,-1
347,21,918.53,456.87,131.23,213.39,1,-1,-1,-1
347,22,1221.54,602.33,126.19,209.63,1,-1,-1,-1
348,1,495.92,541.42,145.12,212.47,1,-1,-1,-1
348,2,647.02,489.51,129.46,220.50,1,-1,-1,-1
348,6,302.59,573.88,182.63,221.51,1,-1,-1,-1
348,10,726.29,456.87,141.97,221.73,1,-1,-1,-1
348,11,1051.75,526.67,153.14,220.46,1,-1,-1,-1
348,13,790.79,522.68,135.58,220.11,1,-1,-1,-1
348,15,937.85,491.16,165.68,222.64,1,-1,-1,-1
348,16,1072.12,527.63,121.57,221.64,1,-1,-1,-1
348,21,916.18,460.77,115.63,213.23,1,-1,-1,-1
348,22,1214.18,604.17,145.82,207.40,1,-1,-1,-1
349,1,495.10,547.54,146.42,207.52,1,-1,-1,-1
349,2,639.62,499.89,131.71,213.07,1,-1,-1,-1
349,6,300.60,578.61,174.11,222.26,1,-1,-1,-1
349,9,948.96,499.01,145.92,214.79,1,-1,-1,-1
349,10,739.56,460.10,123.54,213.01,1,-1,-1,-1
349,11,1058.50,530.32,161.42,218.56,1,-1,-1,-1
349,13,776.90,526.76,147.10,215.36,1,-1,-1,-1
349,15,914.49,468.32,113.05,212.78,1,-1,-1,-1
349,16,1072.12,527.63,121.57,221.64,1,-1,-1,-1
349,21,912.06,465.93,109.09,210.39,1,-1,-1,-1
349,22,1179.69,609.71,176.21,199.56,1,-1,-1,-1
350,1,489.27,550.03,152.79,205.35,1,-1,-1,-1
350,2,638.23,502.32,135.23,210.14,1,-1,-1,-1
350,6,300.22,581.23,171.69,221.75,1,-1,-1,-1
350,9,940.44,500.46,149.89,213.68,1,-1,-1,-1
350,10,739.41,460.54,119.74,214.10,1,-1,-1,-1
350,11,1053.89,533.58,167.22,215.26,1,-1,-1,-1
350,13,773.55,524.66,148.46,217.93,1,-1,-1,-1
350,15,914.49,468.32,113.05,212.78,1,-1,-1,-1
350,16,1072.12,527.63,121.57,221.64,1,-1,-1,-1
350,21,910.59,468.31,108.32,211.83,1,-1,-1,-1
350,22,1183.21,610.15,159.55,201.28,1,-1,-1,-1
351,1,480.03,554.34,164.30,203.82,1,-1,-1,-1
351,2,629.06,503.80,144.09,209.59,1,-1,-1,-1
351,6,293.53,583.42,176.16,220.09,1,-1,-1,-1
351,9,937.31,499.53,144.34,213.28,1,-1,-1,-1
351,10,728.62,462.44,124.46,212.38,1,-1,-1,-1
351,11,1059.34,534.15,154.07,215.74,1,-1,-1,-1
351,13,769.41,527.83,153.47,216.65,1,-1,-1,-1
351,15,914.49,468.32,113.05,212.78,1,-1,-1,-1
351,16,1072.12,527.63,121.57,221.64,1,-1,-1,-1
351,21,907.28,467.67,105.30,210.73,1,-1,-1,-1
351,22,1189.21,609.52,148.17,203.28,1,-1,-1,-1
352,1,473.20,555.91,171.64,202.52,1,-1,-1,-1
352,2,621.70,504.84,151.05,207.97,1,-1,-1,-1
352,6,291.80,583.91,177.87,219.60,1,-1,-1,-1
352,9,938.13,497.97,143.84,214.71,1,-1,-1,-1
352,10,720.35,462.93,129.62,212.86,1,-1,-1,-1
352,11,1042.77,534.49,177.16,215.62,1,-1,-1,-1
352,13,766.36,526.30,153.57,218.52,1,-1,-1,-1
352,15,914.49,468.32,113.05,212.78,1,-1,-1,-1
352,16,1072.12,527.63,121.57,221.64,1,-1,-1,-1
352,21,904.48,465.62,107.15,211.15,1,-1,-1,-1
352,22,1188.08,608.36,151.87,204.08,1,-1,-1,-1
353,1,473.83,556.99,173.75,200.40,1,-1,-1,-1
353,2,631.43,503.85,142.67,209.24,1,-1,-1,-1
353,6,290.91,584.61,181.04,217.09,1,-1,-1,-1
353,9,937.41,496.25,143.33,218.67,1,-1,-1,-1
353,10,718.43,463.11,136.50,208.00,1,-1,-1,-1
353,11,1039.26,534.68,179.13,216.38,1,-1,-1,-1
353,13,764.82,527.72,150.16,217.56,1,-1,-1,-1
353,15,914.49,468.32,113.05,212.78,1,-1,-1,-1
353,21,900.91,466.21,107.40,212.50,1,-1,-1,-1
353,22,1182.96,608.67,167.42,204.55,1,-1,-1,-1
354,1,476.72,556.13,151.01,201.66,1,-1,-1,-1
354,2,628.87,503.09,136.45,210.33,1,-1,-1,-1
354,6,289.87,584.12,180.77,217.96,1,-1,-1,-1
354,9,935.03,496.35,144.40,219.18,1,-1,-1,-1
354,10,712.20,462.88,142.47,212.25,1,-1,-1,-1
354,11,1036.45,535.06,180.65,216.42,1,-1,-1,-1
354,13,761.34,527.01,152.61,218.52,1,-1,-1,-1
354,15,914.49,468.32,113.05,212.78,1,-1,-1,-1
354,21,898.25,464.82,107.59,215.16,1,-1,-1,-1
354,22,1177.06,608.76,173.57,204.63,1,-1,-1,-1
355,1,468.58,555.55,161.90,203.64,1,-1,-1,-1
355,2,627.18,502.21,134.56,211.88,1,-1,-1,-1
355,6,289.91,584.21,180.03,219.54,1,-1,-1,-1
355,9,935.40,495.74,145.21,219.05,1,-1,-1,-1
355,10,711.53,462.49,148.03,217.56,1,-1,-1,-1
355,11,1037.77,535.98,178.82,216.04,1,-1,-1,-1
355,13,761.23,528.18,148.94,217.74,1,-1,-1,-1
355,21,897.50,468.64,105.09,210.65,1,-1,-1,-1
355,22,1171.90,609.99,179.49,203.19,1,-1,-1,-1
356,1,469.92,555.29,159.48,202.75,1,-1,-1,-1
356,2,626.74,502.11,128.67,211.79,1,-1,-1,-1
356,6,290.49,584.05,178.99,219.47,1,-1,-1,-1
356,9,933.90,497.07,146.18,218.75,1,-1,-1,-1
356,10,716.16,462.93,145.96,213.04,1,-1,-1,-1
356,11,1041.69,537.32,175.71,214.85,1,-1,-1,-1
356,13,759.28,528.51,152.94,216.99,1,-1,-1,-1
356,21,897.13,468.37,103.80,210.39,1,-1,-1,-1
356,22,1164.91,610.33,184.10,203.11,1,-1,-1,-1
357,1,468.71,554.54,163.94,203.42,1,-1,-1,-1
357,2,627.83,502.33,128.79,212.20,1,-1,-1,-1
357,6,290.40,585.88,173.48,217.94,1,-1,-1,-1
357,9,926.20,500.13,158.47,215.03,1,-1,-1,-1
357,10,713.67,462.36,150.33,216.29,1,-1,-1,-1
357,11,1050.07,538.42,166.46,213.91,1,-1,-1,-1
357,13,757.42,530.96,154.69,213.62,1,-1,-1,-1
357,21,896.26,471.21,105.80,205.52,1,-1,-1,-1
357,22,1163.83,607.99,183.56,204.60,1,-1,-1,-1
358,1,469.06,555.37,167.45,202.65,1,-1,-1,-1
358,2,627.06,503.15,130.32,209.89,1,-1,-1,-1
358,6,291.55,585.80,172.30,218.25,1,-1,-1,-1
358,9,931.38,499.10,153.95,216.50,1,-1,-1,-1
358,10,712.84,461.88,151.28,216.56,1,-1,-1,-1
358,11,1052.27,538.43,155.83,211.86,1,-1,-1,-1
358,13,757.70,529.67,153.45,215.12,1,-1,-1,-1
358,21,896.05,473.96,107.02,203.42,1,-1,-1,-1
358,22,1166.63,608.61,179.82,202.65,1,-1,-1,-1
359,1,467.23,557.65,167.91,200.51,1,-1,-1,-1
359,2,633.35,502.07,124.76,208.18,1,-1,-1,-1
359,6,301.14,590.21,160.79,214.13,1,-1,-1,-1
359,9,924.14,498.06,156.34,217.78,1,-1,-1,-1
359,10,715.96,462.26,136.63,218.99,1,-1,-1,-1
359,11,1051.33,540.07,155.62,210.52,1,-1,-1,-1
359,13,760.89,527.86,147.08,217.27,1,-1,-1,-1
359,21,894.15,474.52,109.34,204.99,1,-1,-1,-1
359,22,1178.25,609.55,169.94,201.79,1,-1,-1,-1
360,1,480.03,558.50,159.56,197.31,1,-1,-1,-1
360,2,632.33,501.41,125.65,209.54,1,-1,-1,-1
360,6,305.40,592.64,155.54,210.17,1,-1,-1,-1
360,9,925.62,499.85,155.73,218.49,1,-1,-1,-1
360,10,718.28,462.70,122.59,217.66,1,-1,-1,-1
360,11,1050.29,541.79,162.28,208.60,1,-1,-1,-1
360,13,762.20,529.66,146.81,216.53,1,-1,-1,-1
360,21,893.93,477.36,106.13,201.77,1,-1,-1,-1
360,22,1181.96,609.93,171.48,201.91,1,-1,-1,-1
361,1,463.47,557.33,174.68,202.41,1,-1,-1,-1
361,2,611.03,500.87,145.77,210.06,1,-1,-1,-1
361,6,318.45,594.25,145.96,206.35,1,-1,-1,-1
361,9,927.75,501.88,155.20,218.54,1,-1,-1,-1
361,10,728.33,463.78,106.74,216.72,1,-1,-1,-1
361,11,1064.27,540.55,142.71,218.54,1,-1,-1,-1
361,13,765.54,529.39,149.82,214.95,1,-1,-1,-1
361,21,893.90,473.04,102.89,200.03,1,-1,-1,-1
361,22,1198.89,611.12,168.26,201.17,1,-1,-1,-1
362,1,461.80,558.12,176.58,201.20,1,-1,-1,-1
362,2,611.28,500.62,145.34,211.98,1,-1,-1,-1
362,6,322.44,593.84,143.51,207.15,1,-1,-1,-1
362,9,929.33,503.62,156.45,214.59,1,-1,-1,-1
362,10,726.09,464.03,107.41,216.94,1,-1,-1,-1
362,11,1065.01,540.89,138.51,215.61,1,-1,-1,-1
362,13,763.97,530.25,152.86,213.46,1,-1,-1,-1
362,21,893.65,470.34,108.00,201.47,1,-1,-1,-1
362,22,1208.32,612.20,165.56,201.43,1,-1,-1,-1
363,1,467.97,560.43,170.67,199.70,1,-1,-1,-1
363,2,613.69,501.06,146.13,211.42,1,-1,-1,-1
363,6,327.03,591.38,138.82,209.01,1,-1,-1,-1
363,9,932.74,503.91,149.78,216.79,1,-1,-1,-1
363,10,724.61,465.36,112.15,216.17,1,-1,-1,-1
363,11,1014.98,536.54,188.62,212.57,1,-1,-1,-1
363,13,766.23,531.78,149.85,212.18,1,-1,-1,-1
363,21,892.43,475.27,105.92,190.33,1,-1,-1,-1
363,22,1217.58,611.68,161.37,203.36,1,-1,-1,-1
364,1,472.60,560.51,168.26,200.89,1,-1,-1,-1
364,2,614.37,500.48,146.20,212.42,1,-1,-1,-1
364,6,327.28,589.92,138.16,211.62,1,-1,-1,-1
364,9,936.61,505.49,144.93,213.44,1,-1,-1,-1
364,10,726.26,464.80,110.47,218.25,1,-1,-1,-1
364,11,1013.64,540.61,190.25,207.42,1,-1,-1,-1
364,13,770.86,531.24,142.25,213.51,1,-1,-1,-1
364,21,894.12,476.80,108.41,198.80,1,-1,-1,-1
364,22,1217.24,610.25,163.05,204.63,1,-1,-1,-1
365,1,485.41,559.93,152.86,202.24,1,-1,-1,-1
365,2,618.63,499.67,146.59,213.36,1,-1,-1,-1
365,6,332.89,588.25,134.07,221.03,1,-1,-1,-1
365,9,946.24,508.50,132.24,209.17,1,-1,-1,-1
365,10,726.25,464.62,118.11,217.57,1,-1,-1,-1
365,11,1021.57,541.15,189.08,206.60,1,-1,-1,-1
365,13,782.78,530.03,124.57,215.81,1,-1,-1,-1
365,21,903.74,482.25,92.45,196.75,1,-1,-1,-1
365,22,1215.08,609.64,165.02,201.55,1,-1,-1,-1
366,1,490.68,560.26,144.78,203.69,1,-1,-1,-1
366,2,621.13,502.59,151.39,214.11,1,-1,-1,-1
366,6,334.48,588.94,135.31,221.76,1,-1,-1,-1
366,9,948.36,507.53,135.92,210.48,1,-1,-1,-1
366,10,723.57,463.31,137.42,219.80,1,-1,-1,-1
366,11,1016.35,537.05,198.58,210.70,1,-1,-1,-1
366,13,784.68,530.32,117.53,216.52,1,-1,-1,-1
366,21,906.49,479.99,91.78,198.95,1,-1,-1,-1
366,22,1216.85,611.49,162.83,198.29,1,-1,-1,-1
367,1,498.30,560.58,147.48,204.68,1,-1,-1,-1
367,2,636.88,502.01,143.93,214.25,1,-1,-1,-1
367,6,344.71,590.73,132.93,220.96,1,-1,-1,-1
367,9,954.42,506.83,133.95,214.14,1,-1,-1,-1
367,10,729.32,463.39,144.70,240.28,1,-1,-1,-1
367,11,1016.35,537.05,198.58,210.70,1,-1,-1,-1
367,13,791.04,532.72,109.18,214.91,1,-1,-1,-1
367,16,1048.32,535.83,135.15,215.83,1,-1,-1,-1
367,21,907.83,478.04,90.62,199.54,1,-1,-1,-1
367,22,1218.62,609.97,159.99,200.23,1,-1,-1,-1
368,1,503.21,560.81,146.80,205.78,1,-1,-1,-1
368,2,647.27,502.13,135.69,213.08,1,-1,-1,-1
368,6,348.02,593.34,133.64,217.40,1,-1,-1,-1
368,9,953.78,506.39,140.89,215.82,1,-1,-1,-1
368,10,733.59,464.24,140.12,227.65,1,-1,-1,-1
368,11,1032.80,534.67,207.59,217.35,1,-1,-1,-1
368,13,792.25,534.17,107.36,215.52,1,-1,-1,-1
368,15,948.52,502.55,140.12,214.87,1,-1,-1,-1
368,16,1048.32,535.83,135.15,215.83,1,-1,-1,-1
368,21,906.35,476.68,92.82,186.78,1,-1,-1,-1
368,22,1218.86,610.21,158.99,200.47,1,-1,-1,-1
369,1,502.33,562.30,149.84,204.93,1,-1,-1,-1
369,2,656.19,501.55,122.89,217.34,1,-1,-1,-1
369,6,343.11,594.36,146.47,218.70,1,-1,-1,-1
369,9,955.23,508.93,141.01,213.27,1,-1,-1,-1
369,10,745.76,462.75,142.30,232.66,1,-1,-1,-1
369,11,1042.66,535.33,200.34,217.80,1,-1,-1,-1
369,13,791.95,532.04,109.74,216.71,1,-1,-1,-1
369,15,948.52,502.55,140.12,214.87,1,-1,-1,-1
369,16,1048.32,535.83,135.15,215.83,1,-1,-1,-1
369,21,902.79,473.94,103.08,191.64,1,-1,-1,-1
369,22,1223.54,609.94,153.61,201.19,1,-1,-1,-1
370,1,497.44,561.45,155.25,204.33,1,-1,-1,-1
370,2,660.14,499.11,118.35,219.65,1,-1,-1,-1
370,6,331.42,594.88,162.33,219.44,1,-1,-1,-1
370,9,951.46,510.16,144.97,214.09,1,-1,-1,-1
370,10,747.94,461.89,139.47,221.91,1,-1,-1,-1
370,11,1040.86,537.53,204.35,215.22,1,-1,-1,-1
370,13,791.62,530.54,109.82,216.40,1,-1,-1,-1
370,15,948.52,502.55,140.12,214.87,1,-1,-1,-1
370,16,1048.32,535.83,135.15,215.83,1,-1,-1,-1
370,21,897.99,473.88,108.60,196.43,1,-1,-1,-1
370,22,1223.41,609.77,151.94,202.25,1,-1,-1,-1
371,1,490.83,562.13,155.41,201.28,1,-1,-1,-1
371,2,666.29,500.18,110.29,214.03,1,-1,-1,-1
371,6,312.82,595.32,185.54,219.62,1,-1,-1,-1
371,9,948.90,511.86,151.75,214.91,1,-1,-1,-1
371,10,744.47,467.25,135.01,203.17,1,-1,-1,-1
371,11,1042.92,538.21,202.86,213.50,1,-1,-1,-1
371,13,794.94,531.07,103.08,212.56,1,-1,-1,-1
371,15,948.52,502.55,140.12,214.87,1,-1,-1,-1
371,16,1042.52,539.31,166.21,209.73,1,-1,-1,-1
371,21,893.36,474.54,113.53,189.13,1,-1,-1,-1
371,22,1224.60,610.79,134.53,201.61,1,-1,-1,-1
372,1,488.97,562.78,156.89,200.16,1,-1,-1,-1
372,2,668.67,502.64,107.67,210.59,1,-1,-1,-1
372,6,308.02,596.37,177.28,216.95,1,-1,-1,-1
372,9,948.90,511.86,151.75,214.91,1,-1,-1,-1
372,10,747.67,467.78,133.00,224.90,1,-1,-1,-1
372,11,1042.92,538.21,202.86,213.50,1,-1,-1,-1
372,13,798.34,533.75,99.97,209.25,1,-1,-1,-1
372,15,946.08,512.18,137.62,209.58,1,-1,-1,-1
372,16,1042.79,540.19,153.50,208.46,1,-1,-1,-1
372,21,891.53,473.68,116.94,204.72,1,-1,-1,-1
372,22,1221.12,612.26,135.29,199.20,1,-1,-1,-1
372,23,1675.81,457.48,86.31,214.82,1,-1,-1,-1
373,1,480.57,562.44,161.16,202.55,1,-1,-1,-1
373,2,670.44,502.97,108.14,209.74,1,-1,-1,-1
373,6,309.61,597.56,161.72,212.74,1,-1,-1,-1
373,9,948.90,511.86,151.75,214.91,1,-1,-1,-1
373,10,743.82,467.74,134.11,179.25,1,-1,-1,-1
373,11,1042.92,538.21,202.86,213.50,1,-1,-1,-1
373,13,798.75,533.44,101.88,212.01,1,-1,-1,-1
373,15,942.61,517.16,149.27,202.36,1,-1,-1,-1
373,16,1042.39,541.15,159.89,207.88,1,-1,-1,-1
373,21,888.18,475.24,123.85,207.54,1,-1,-1,-1
373,22,1221.48,610.34,130.73,202.48,1,-1,-1,-1
373,23,1605.02,461.97,137.10,169.90,1,-1,-1,-1
374,1,473.75,561.67,165.71,204.72,1,-1,-1,-1
374,2,669.86,501.94,102.09,214.15,1,-1,-1,-1
374,6,312.80,597.67,151.77,211.64,1,-1,-1,-1
374,9,948.90,511.86,151.75,214.91,1,-1,-1,-1
374,10,748.05,467.52,131.28,206.45,1,-1,-1,-1
374,11,1042.92,538.21,202.86,213.50,1,-1,-1,-1
374,13,792.75,532.78,107.00,213.23,1,-1,-1,-1
374,15,943.32,517.05,135.82,204.40,1,-1,-1,-1
374,16,1045.37,540.08,161.01,210.44,1,-1,-1,-1
374,21,887.06,477.23,122.90,205.64,1,-1,-1,-1
374,22,1225.28,609.58,126.87,200.74,1,-1,-1,-1
374,23,1596.40,463.46,141.52,164.72,1,-1,-1,-1
375,1,467.63,559.83,174.64,206.82,1,-1,-1,-1
375,2,663.49,502.39,104.62,216.96,1,-1,-1,-1
375,6,321.71,597.70,134.60,214.41,1,-1,-1,-1
375,9,948.90,511.86,151.75,214.91,1,-1,-1,-1
375,10,761.59,466.63,127.85,220.63,1,-1,-1,-1
375,11,1042.92,538.21,202.86,213.50,1,-1,-1,-1
375,13,782.91,532.31,121.00,214.02,1,-1,-1,-1
375,15,947.92,518.20,136.46,203.37,1,-1,-1,-1
375,16,1056.16,541.35,132.25,208.92,1,-1,-1,-1
375,21,887.21,482.72,121.39,202.20,1,-1,-1,-1
375,22,1223.82,608.41,132.99,203.23,1,-1,-1,-1
375,23,1601.98,463.21,128.70,167.01,1,-1,-1,-1
375,24,1633.66,464.67,104.04,173.14,1,-1,-1,-1
376,1,464.20,557.27,174.90,210.77,1,-1,-1,-1
376,2,660.11,501.79,108.95,217.77,1,-1,-1,-1
376,6,321.59,597.96,131.68,214.53,1,-1,-1,-1
376,9,948.90,511.86,151.75,214.91,1,-1,-1,-1
376,10,764.89,466.47,134.75,225.81,1,-1,-1,-1
376,11,1042.92,538.21,202.86,213.50,1,-1,-1,-1
376,13,767.05,530.62,147.11,214.43,1,-1,-1,-1
376,15,943.92,515.96,144.06,205.46,1,-1,-1,-1
376,16,1049.26,541.10,128.91,209.05,1,-1,-1,-1
376,21,887.35,483.50,117.13,200.04,1,-1,-1,-1
376,22,1225.70,606.91,137.56,205.28,1,-1,-1,-1
376,23,1611.04,460.11,113.87,175.32,1,-1,-1,-1
376,24,1633.66,464.67,104.04,173.14,1,-1,-1,-1
376,25,115.84,481.62,87.80,160.48,1,-1,-1,-1
377,1,474.65,550.65,148.34,216.87,1,-1,-1,-1
377,2,656.97,502.10,113.37,210.29,1,-1,-1,-1
377,6,320.24,596.72,135.24,215.20,1,-1,-1,-1
377,10,748.91,466.34,170.91,238.74,1,-1,-1,-1
377,11,1038.34,540.87,175.81,210.75,1,-1,-1,-1
377,13,755.94,527.68,174.70,220.22,1,-1,-1,-1
377,15,920.14,512.37,153.92,206.89,1,-1,-1,-1
377,16,1049.26,541.10,128.91,209.05,1,-1,-1,-1
377,20,739.74,464.66,147.03,222.08,1,-1,-1,-1
377,21,884.83,481.33,107.47,201.05,1,-1,-1,-1
377,22,1209.70,608.96,175.00,201.84,1,-1,-1,-1
377,23,1610.49,455.34,95.65,186.27,1,-1,-1,-1
377,24,1633.66,464.67,104.04,173.14,1,-1,-1,-1
377,25,127.26,485.64,82.47,159.05,1,-1,-1,-1
378,1,486.09,548.44,130.98,218.00,1,-1,-1,-1
378,2,656.74,497.47,112.32,214.33,1,-1,-1,-1
378,6,318.82,592.91,139.10,218.12,1,-1,-1,-1
378,10,737.69,464.86,150.62,223.85,1,-1,-1,-1
378,11,1041.81,541.99,168.27,210.44,1,-1,-1,-1
378,13,758.23,527.33,179.94,220.42,1,-1,-1,-1
378,15,912.81,507.52,143.70,210.04,1,-1,-1,-1
378,16,1049.26,541.10,128.91,209.05,1,-1,-1,-1
378,20,766.70,462.92,133.17,229.93,1,-1,-1,-1
378,21,886.93,474.72,111.75,206.77,1,-1,-1,-1
378,22,1203.71,605.67,186.23,205.73,1,-1,-1,-1
378,23,1589.96,456.54,105.69,180.16,1,-1,-1,-1
378,24,1633.66,464.67,104.04,173.14,1,-1,-1,-1
378,25,130.49,488.74,89.55,155.38,1,-1,-1,-1
379,1,491.86,543.00,124.77,223.49,1,-1,-1,-1
379,2,663.11,491.59,100.92,226.26,1,-1,-1,-1
379,6,321.52,585.94,134.23,226.32,1,-1,-1,-1
379,10,734.58,461.35,148.86,219.24,1,-1,-1,-1
379,11,1041.92,535.54,167.86,216.74,1,-1,-1,-1
379,13,760.75,511.72,151.32,234.09,1,-1,-1,-1
379,15,899.11,471.29,140.11,247.02,1,-1,-1,-1
379,16,1049.26,541.10,128.91,209.05,1,-1,-1,-1
379,20,766.70,462.92,133.17,229.93,1,-1,-1,-1
379,21,886.93,474.72,111.75,206.77,1,-1,-1,-1
379,22,1221.58,600.76,137.00,211.95,1,-1,-1,-1
379,23,1553.83,457.42,126.16,176.63,1,-1,-1,-1
379,24,1633.66,464.67,104.04,173.14,1,-1,-1,-1
379,25,130.29,486.36,109.65,159.78,1,-1,-1,-1
380,1,491.65,534.73,124.97,231.95,1,-1,-1,-1
380,2,665.25,489.19,99.55,226.62,1,-1,-1,-1
380,6,320.85,583.22,135.93,229.28,1,-1,-1,-1
380,10,733.82,462.29,138.74,226.42,1,-1,-1,-1
380,11,1038.97,534.74,156.85,217.14,1,-1,-1,-1
380,13,757.86,509.69,137.45,235.85,1,-1,-1,-1
380,15,905.21,469.34,133.48,250.42,1,-1,-1,-1
380,16,1049.26,541.10,128.91,209.05,1,-1,-1,-1
380,20,766.70,462.92,133.17,229.93,1,-1,-1,-1
380,21,880.30,467.93,122.83,223.52,1,-1,-1,-1
380,22,1221.58,600.76,137.00,211.95,1,-1,-1,-1
380,23,1540.52,454.96,138.64,180.01,1,-1,-1,-1
380,24,1633.66,464.67,104.04,173.14,1,-1,-1,-1
380,25,130.57,484.48,138.66,161.22,1,-1,-1,-1
381,1,484.85,529.55,132.58,237.55,1,-1,-1,-1
381,2,663.77,489.03,105.70,229.92,1,-1,-1,-1
381,6,313.82,580.30,140.11,231.26,1,-1,-1,-1
381,10,729.47,461.68,138.88,252.26,1,-1,-1,-1
381,11,1038.97,534.74,156.85,217.14,1,-1,-1,-1
381,13,754.92,525.33,137.03,220.45,1,-1,-1,-1
381,15,902.39,457.61,134.79,264.80,1,-1,-1,-1
381,16,1032.93,531.82,142.58,220.32,1,-1,-1,-1
381,20,766.70,462.92,133.17,229.93,1,-1,-1,-1
381,21,885.64,448.70,134.96,242.24,1,-1,-1,-1
381,22,1221.58,600.76,137.00,211.95,1,-1,-1,-1
381,23,1519.39,443.04,148.56,186.66,1,-1,-1,-1
381,25,135.85,482.54,145.83,159.60,1,-1,-1,-1
381,26,1208.60,587.02,117.66,224.97,1,-1,-1,-1
382,1,478.77,535.64,138.48,231.61,1,-1,-1,-1
382,2,662.76,484.48,106.25,233.72,1,-1,-1,-1
382,6,312.28,578.61,142.60,233.19,1,-1,-1,-1
382,10,729.36,458.61,134.07,263.55,1,-1,-1,-1
382,11,1038.97,534.74,156.85,217.14,1,-1,-1,-1
382,13,754.00,527.16,135.48,219.79,1,-1,-1,-1
382,15,907.15,480.22,131.63,242.84,1,-1,-1,-1
382,16,1028.22,529.91,146.89,221.92,1,-1,-1,-1
382,20,766.70,462.92,133.17,229.93,1,-1,-1,-1
382,21,881.34,454.66,119.62,230.89,1,-1,-1,-1
382,22,1221.58,600.76,137.00,211.95,1,-1,-1,-1
382,23,1498.68,434.35,160.41,196.59,1,-1,-1,-1
382,25,144.65,486.33,148.10,159.52,1,-1,-1,-1
382,26,1205.05,584.61,120.87,227.84,1,-1,-1,-1
383,1,470.67,543.71,146.40,222.79,1,-1,-1,-1
383,2,659.53,486.04,108.33,231.12,1,-1,-1,-1
383,6,315.47,580.82,138.53,231.79,1,-1,-1,-1
383,10,745.36,454.57,120.10,257.04,1,-1,-1,-1
383,11,1038.97,534.74,156.85,217.14,1,-1,-1,-1
383,13,745.01,530.36,140.73,216.33,1,-1,-1,-1
383,15,906.37,487.19,133.07,234.40,1,-1,-1,-1
383,16,1029.17,527.92,146.33,223.79,1,-1,-1,-1
383,20,766.70,462.92,133.17,229.93,1,-1,-1,-1
383,21,880.86,443.79,121.28,241.38,1,-1,-1,-1
383,22,1221.58,600.76,137.00,211.95,1,-1,-1,-1
383,23,1474.12,436.88,161.99,195.19,1,-1,-1,-1
383,25,164.29,483.58,133.16,162.83,1,-1,-1,-1
383,26,1203.76,574.93,121.91,236.56,1,-1,-1,-1
384,1,464.12,551.02,152.95,215.25,1,-1,-1,-1
384,2,656.03,487.09,113.68,230.08,1,-1,-1,-1
384,6,314.41,581.24,137.73,232.49,1,-1,-1,-1
384,10,731.66,454.73,137.75,225.92,1,-1,-1,-1
384,11,1038.97,534.74,156.85,217.14,1,-1,-1,-1
384,13,735.41,531.87,149.99,214.44,1,-1,-1,-1
384,15,907.38,495.51,131.87,227.33,1,-1,-1,-1
384,16,1028.77,524.99,147.28,226.88,1,-1,-1,-1
384,21,880.10,442.24,113.86,241.81,1,-1,-1,-1
384,22,1221.58,600.76,137.00,211.95,1,-1,-1,-1
384,23,1463.60,439.33,158.55,195.48,1,-1,-1,-1
384,25,182.60,486.56,117.81,160.54,1,-1,-1,-1
384,26,1204.40,581.82,126.74,229.69,1,-1,-1,-1
385,1,455.00,555.60,161.47,210.16,1,-1,-1,-1
385,2,649.38,489.39,117.69,227.00,1,-1,-1,-1
385,6,295.74,581.56,157.27,231.19,1,-1,-1,-1
385,10,712.39,457.79,165.58,238.90,1,-1,-1,-1
385,11,1038.97,534.74,156.85,217.14,1,-1,-1,-1
385,13,734.07,533.18,153.40,212.68,1,-1,-1,-1
385,15,899.37,502.74,142.83,220.46,1,-1,-1,-1
385,16,1004.69,518.63,170.72,234.01,1,-1,-1,-1
385,21,872.23,448.57,116.89,235.94,1,-1,-1,-1
385,23,1452.09,451.23,135.29,182.93,1,-1,-1,-1
385,24,1556.69,407.70,88.71,198.14,1,-1,-1,-1
385,25,204.63,488.04,102.98,158.53,1,-1,-1,-1
385,26,1202.53,589.33,126.05,222.07,1,-1,-1,-1
386,1,453.07,557.74,163.33,208.70,1,-1,-1,-1
386,2,645.88,487.75,133.04,228.12,1,-1,-1,-1
386,6,261.07,580.65,193.03,232.06,1,-1,-1,-1
386,10,721.09,464.73,155.83,232.31,1,-1,-1,-1
386,13,736.14,533.85,151.75,211.58,1,-1,-1,-1
386,15,895.31,503.15,149.82,221.38,1,-1,-1,-1
386,16,992.85,518.52,182.12,231.35,1,-1,-1,-1
386,21,863.07,451.13,126.85,235.57,1,-1,-1,-1
386,23,1447.34,454.58,117.61,180.75,1,-1,-1,-1
386,24,1545.36,401.83,85.41,199.20,1,-1,-1,-1
386,25,190.61,458.32,133.09,188.18,1,-1,-1,-1
386,26,1193.75,588.82,131.80,222.26,1,-1,-1,-1
387,1,439.53,562.23,178.09,203.81,1,-1,-1,-1
387,2,639.53,492.40,130.99,223.60,1,-1,-1,-1
387,6,255.90,584.93,214.68,228.07,1,-1,-1,-1
387,10,735.78,462.63,142.26,241.36,1,-1,-1,-1
387,11,1019.41,526.69,156.67,225.64,1,-1,-1,-1
387,13,746.89,533.02,140.84,215.79,1,-1,-1,-1
387,15,894.96,510.15,145.77,214.79,1,-1,-1,-1
387,16,992.85,518.52,182.12,231.35,1,-1,-1,-1
387,21,862.48,455.42,125.29,228.15,1,-1,-1,-1
387,23,1432.18,455.41,97.05,178.20,1,-1,-1,-1
387,24,1516.53,395.58,111.60,203.14,1,-1,-1,-1
387,25,236.55,482.74,102.60,169.57,1,-1,-1,-1
387,26,1171.98,588.06,149.72,222.52,1,-1,-1,-1
388,1,439.45,563.99,181.49,202.51,1,-1,-1,-1
388,2,635.86,494.66,130.65,221.31,1,-1,-1,-1
388,6,258.37,585.18,216.61,227.87,1,-1,-1,-1
388,10,728.47,464.78,141.87,231.97,1,-1,-1,-1
388,11,1018.04,528.81,156.85,224.03,1,-1,-1,-1
388,13,750.55,533.07,136.45,215.59,1,-1,-1,-1
388,15,899.66,511.33,142.35,214.30,1,-1,-1,-1
388,16,992.85,518.52,182.12,231.35,1,-1,-1,-1
388,21,861.90,457.48,126.05,225.84,1,-1,-1,-1
388,23,1414.50,453.95,99.72,177.75,1,-1,-1,-1
388,24,1512.45,400.35,101.47,190.84,1,-1,-1,-1
388,25,246.90,485.68,95.44,165.87,1,-1,-1,-1
388,26,1161.13,593.95,160.65,216.32,1,-1,-1,-1
389,1,450.93,564.65,169.69,201.69,1,-1,-1,-1
389,2,625.78,497.98,145.09,215.92,1,-1,-1,-1
389,6,258.37,585.18,216.61,227.87,1,-1,-1,-1
389,10,707.41,468.69,154.73,241.48,1,-1,-1,-1
389,11,1012.98,533.28,162.84,216.95,1,-1,-1,-1
389,13,752.47,537.14,135.49,211.66,1,-1,-1,-1
389,15,886.59,508.28,157.36,217.34,1,-1,-1,-1
389,16,992.85,518.52,182.12,231.35,1,-1,-1,-1
389,21,862.67,462.65,124.75,219.73,1,-1,-1,-1
389,23,1383.36,454.98,116.45,176.55,1,-1,-1,-1
389,24,1494.75,403.38,105.75,186.06,1,-1,-1,-1
389,25,253.79,483.22,113.96,174.83,1,-1,-1,-1
389,26,1151.90,602.03,170.10,207.86,1,-1,-1,-1
390,1,452.21,563.64,167.21,204.93,1,-1,-1,-1
390,2,622.87,497.16,153.90,215.06,1,-1,-1,-1
390,6,258.37,585.18,216.61,227.87,1,-1,-1,-1
390,10,709.00,471.96,149.52,237.66,1,-1,-1,-1
390,11,1003.92,535.97,172.75,214.08,1,-1,-1,-1
390,13,750.89,537.14,137.51,211.77,1,-1,-1,-1
390,15,895.39,509.65,148.47,215.97,1,-1,-1,-1
390,16,992.85,518.52,182.12,231.35,1,-1,-1,-1
390,21,859.81,465.46,124.68,219.29,1,-1,-1,-1
390,23,1361.13,452.05,134.21,182.56,1,-1,-1,-1
390,24,1480.29,403.10,118.24,179.80,1,-1,-1,-1
390,25,253.63,478.27,123.23,169.11,1,-1,-1,-1
390,26,1149.85,607.97,171.85,202.36,1,-1,-1,-1
390,27,185.39,417.47,99.58,184.07,1,-1,-1,-1
390,29,274.50,592.82,201.91,217.25,1,-1,-1,-1
390,31,1579.55,466.49,125.90,153.64,1,-1,-1,-1
391,1,470.16,566.03,148.35,201.66,1,-1,-1,-1
391,2,615.42,502.32,155.94,206.99,1,-1,-1,-1
391,6,258.37,585.18,216.61,227.87,1,-1,-1,-1
391,10,719.87,479.58,123.54,203.05,1,-1,-1,-1
391,11,990.74,540.18,183.69,208.87,1,-1,-1,-1
391,13,751.21,537.65,136.98,209.84,1,-1,-1,-1
391,15,897.24,520.74,142.18,203.50,1,-1,-1,-1
391,16,992.85,518.52,182.12,231.35,1,-1,-1,-1
391,21,854.86,474.95,126.66,209.18,1,-1,-1,-1
391,23,1316.75,445.76,160.64,183.75,1,-1,-1,-1
391,24,1459.63,404.37,127.61,175.58,1,-1,-1,-1
391,25,264.00,480.20,132.82,163.93,1,-1,-1,-1
391,26,1184.06,612.01,137.44,197.07,1,-1,-1,-1
391,27,185.54,416.38,112.13,182.53,1,-1,-1,-1
391,29,283.01,596.29,174.24,215.99,1,-1,-1,-1
391,30,1515.95,440.31,85.63,153.18,1,-1,-1,-1
391,31,1534.41,464.42,159.59,152.59,1,-1,-1,-1
392,1,477.98,567.37,140.21,201.07,1,-1,-1,-1
392,2,611.07,504.88,153.02,204.30,1,-1,-1,-1
392,6,258.37,585.18,216.61,227.87,1,-1,-1,-1
392,10,720.55,482.72,119.54,200.84,1,-1,-1,-1
392,11,990.43,543.56,183.22,205.57,1,-1,-1,-1
392,13,750.55,539.84,139.09,207.97,1,-1,-1,-1
392,15,894.21,521.12,143.93,202.01,1,-1,-1,-1
392,20,843.74,474.31,131.27,209.40,1,-1,-1,-1
392,21,852.48,477.48,133.25,203.10,1,-1,-1,-1
392,23,1303.10,446.63,164.38,181.59,1,-1,-1,-1
392,24,1443.51,402.09,122.10,182.35,1,-1,-1,-1
392,25,272.04,479.04,160.53,165.60,1,-1,-1,-1
392,26,1149.72,612.47,172.29,197.82,1,-1,-1,-1
392,27,187.19,415.31,113.41,180.35,1,-1,-1,-1
392,29,288.33,592.58,167.14,220.36,1,-1,-1,-1
392,30,1493.64,436.02,109.35,162.59,1,-1,-1,-1
392,31,1534.41,464.42,159.59,152.59,1,-1,-1,-1
393,1,479.98,570.39,138.88,197.63,1,-1,-1,-1
393,2,608.01,512.48,159.31,199.56,1,-1,-1,-1
393,6,258.37,585.18,216.61,227.87,1,-1,-1,-1
393,10,723.36,484.43,105.79,192.06,1,-1,-1,-1
393,11,991.32,549.63,181.04,199.74,1,-1,-1,-1
393,13,749.91,544.91,139.68,202.70,1,-1,-1,-1
393,15,896.91,536.27,138.58,185.70,1,-1,-1,-1
393,20,849.28,480.69,127.91,200.55,1,-1,-1,-1
393,21,848.30,479.12,130.51,200.68,1,-1,-1,-1
393,23,1281.74,450.31,167.19,185.25,1,-1,-1,-1
393,24,1418.41,401.25,124.63,187.41,1,-1,-1,-1
393,25,297.33,480.29,150.05,163.50,1,-1,-1,-1
393,26,1141.98,615.02,180.02,195.19,1,-1,-1,-1
393,27,192.31,411.43,131.63,189.18,1,-1,-1,-1
393,28,188.68,426.08,89.26,168.12,1,-1,-1,-1
393,29,292.21,600.14,160.75,214.18,1,-1,-1,-1
393,30,1469.47,431.34,134.72,171.81,1,-1,-1,-1
393,31,1534.41,464.42,159.59,152.59,1,-1,-1,-1
393,32,1551.99,463.50,128.44,166.55,1,-1,-1,-1
394,1,479.28,571.07,139.60,197.51,1,-1,-1,-1
394,2,606.38,514.33,157.34,198.16,1,-1,-1,-1
394,10,715.93,485.85,106.59,202.43,1,-1,-1,-1
394,11,1004.78,553.53,167.75,196.25,1,-1,-1,-1
394,13,748.55,546.83,140.86,200.96,1,-1,-1,-1
394,15,898.57,534.17,136.87,186.78,1,-1,-1,-1
394,20,849.28,480.69,127.91,200.55,1,-1,-1,-1
394,21,848.38,478.97,131.91,200.67,1,-1,-1,-1
394,23,1271.36,453.41,159.37,186.65,1,-1,-1,-1
394,24,1412.52,397.65,122.88,191.86,1,-1,-1,-1
394,25,308.11,481.61,138.12,160.27,1,-1,-1,-1
394,26,1141.40,614.97,180.96,195.84,1,-1,-1,-1
394,27,201.26,409.51,129.15,191.33,1,-1,-1,-1
394,28,194.95,437.19,79.18,159.13,1,-1,-1,-1
394,29,297.53,599.09,155.80,215.38,1,-1,-1,-1
394,30,1465.39,426.95,133.06,174.58,1,-1,-1,-1
394,31,1536.28,462.54,144.83,168.36,1,-1,-1,-1
394,32,1537.92,462.48,140.89,169.55,1,-1,-1,-1
395,1,482.32,575.42,137.13,193.15,1,-1,-1,-1
395,2,609.42,519.78,154.12,193.06,1,-1,-1,-1
395,10,719.87,493.37,101.01,201.39,1,-1,-1,-1
395,11,1011.02,558.13,162.22,193.52,1,-1,-1,-1
395,13,751.02,549.37,140.38,197.69,1,-1,-1,-1
395,15,901.96,537.92,133.09,182.28,1,-1,-1,-1
395,20,849.28,480.69,127.91,200.55,1,-1,-1,-1
395,21,846.91,477.41,125.54,203.51,1,-1,-1,-1
395,23,1260.49,460.39,138.89,180.51,1,-1,-1,-1
395,24,1389.71,398.24,125.92,195.29,1,-1,-1,-1
395,25,336.71,480.66,109.36,157.97,1,-1,-1,-1
395,26,1146.96,621.49,175.41,187.56,1,-1,-1,-1
395,27,226.51,410.08,118.37,197.22,1,-1,-1,-1
395,28,194.95,437.19,79.18,159.13,1,-1,-1,-1
395,29,310.01,603.86,144.01,210.26,1,-1,-1,-1
395,30,1381.09,396.68,134.68,188.32,1,-1,-1,-1
395,31,1448.50,429.82,139.41,174.87,1,-1,-1,-1
395,32,1515.13,464.34,147.41,169.51,1,-1,-1,-1
396,1,481.66,575.74,137.46,192.87,1,-1,-1,-1
396,2,610.11,525.14,152.01,188.50,1,-1,-1,-1
396,10,721.32,495.81,100.75,198.78,1,-1,-1,-1
396,11,1016.13,560.95,158.58,190.44,1,-1,-1,-1
396,13,751.36,550.56,142.48,196.95,1,-1,-1,-1
396,15,900.84,539.43,133.04,181.49,1,-1,-1,-1
396,20,849.28,480.69,127.91,200.55,1,-1,-1,-1
396,21,847.11,478.63,124.70,202.48,1,-1,-1,-1
396,23,1257.00,464.05,119.29,177.78,1,-1,-1,-1
396,24,1391.31,395.32,119.73,202.35,1,-1,-1,-1
396,25,357.31,482.97,89.67,152.89,1,-1,-1,-1
396,26,1180.67,625.67,142.26,183.81,1,-1,-1,-1
396,27,228.54,409.39,118.71,200.08,1,-1,-1,-1
396,28,194.95,437.19,79.18,159.13,1,-1,-1,-1
396,29,312.41,603.71,141.84,210.08,1,-1,-1,-1
396,30,1366.34,389.83,135.64,190.44,1,-1,-1,-1
396,31,1454.27,425.91,117.77,170.25,1,-1,-1,-1
396,32,1509.51,466.23,138.22,167.73,1,-1,-1,-1
397,1,483.92,578.11,135.02,191.19,1,-1,-1,-1
397,2,617.76,532.42,143.54,181.61,1,-1,-1,-1
397,10,720.80,499.87,100.44,197.11,1,-1,-1,-1
397,11,1018.32,563.55,157.75,186.94,1,-1,-1,-1
397,13,752.24,556.32,142.65,191.33,1,-1,-1,-1
397,15,902.91,540.11,129.21,179.80,1,-1,-1,-1
397,20,849.28,480.69,127.91,200.55,1,-1,-1,-1
397,21,848.83,483.59,118.07,196.95,1,-1,-1,-1
397,23,1253.98,463.94,80.35,180.77,1,-1,-1,-1
397,24,1399.08,402.55,90.38,179.43,1,-1,-1,-1
397,25,366.38,484.35,92.02,148.98,1,-1,-1,-1
397,26,1186.49,630.61,136.37,179.21,1,-1,-1,-1
397,27,243.92,408.85,123.72,202.11,1,-1,-1,-1
397,28,225.98,426.58,76.66,168.74,1,-1,-1,-1
397,29,314.28,609.24,141.43,203.56,1,-1,-1,-1
397,30,1358.03,389.41,128.69,188.82,1,-1,-1,-1
397,31,1431.60,433.98,112.26,166.99,1,-1,-1,-1
397,32,1507.31,465.74,105.68,168.15,1,-1,-1,-1
398,1,486.16,579.11,133.30,190.43,1,-1,-1,-1
398,2,620.02,532.02,139.85,182.52,1,-1,-1,-1
398,10,724.17,503.48,97.51,193.09,1,-1,-1,-1
398,11,1019.35,565.31,156.94,185.00,1,-1,-1,-1
398,13,751.53,558.44,145.43,189.16,1,-1,-1,-1
398,15,902.65,542.17,128.85,176.97,1,-1,-1,-1
398,20,849.28,480.69,127.91,200.55,1,-1,-1,-1
398,21,848.44,484.91,115.58,195.61,1,-1,-1,-1
398,23,1238.99,461.47,79.56,183.00,1,-1,-1,-1
398,24,1397.72,411.64,81.64,177.60,1,-1,-1,-1
398,25,366.38,484.35,92.02,148.98,1,-1,-1,-1
398,26,1151.63,630.80,170.67,178.20,1,-1,-1,-1
398,27,255.82,420.74,120.96,192.37,1,-1,-1,-1
398,28,224.99,421.62,86.98,205.70,1,-1,-1,-1
398,29,316.43,612.87,139.57,199.13,1,-1,-1,-1
398,30,1351.09,397.04,121.98,184.23,1,-1,-1,-1
398,31,1425.52,435.65,102.91,163.64,1,-1,-1,-1
398,32,1497.76,467.77,100.01,166.10,1,-1,-1,-1
399,1,487.53,582.23,131.57,186.82,1,-1,-1,-1
399,2,622.47,533.23,137.02,180.22,1,-1,-1,-1
399,10,727.03,508.52,95.98,190.50,1,-1,-1,-1
399,11,1018.68,565.91,152.77,183.21,1,-1,-1,-1
399,13,751.08,561.27,146.69,186.42,1,-1,-1,-1
399,15,902.83,546.31,129.03,173.37,1,-1,-1,-1
399,21,851.51,488.67,106.90,191.14,1,-1,-1,-1
399,23,1202.33,456.04,104.68,184.96,1,-1,-1,-1
399,24,1397.72,411.64,81.64,177.60,1,-1,-1,-1
399,25,399.84,479.66,97.22,159.25,1,-1,-1,-1
399,26,1142.60,632.14,179.62,176.66,1,-1,-1,-1
399,27,287.94,414.32,112.45,192.63,1,-1,-1,-1
399,28,234.33,415.44,94.60,214.15,1,-1,-1,-1
399,29,319.15,622.13,136.29,189.16,1,-1,-1,-1
399,30,1341.89,400.79,111.00,181.19,1,-1,-1,-1
399,31,1421.39,438.00,79.92,154.80,1,-1,-1,-1
399,32,1441.26,467.71,122.40,162.58,1,-1,-1,-1
400,1,488.79,584.76,130.12,183.99,1,-1,-1,-1
400,2,626.29,532.97,131.82,180.72,1,-1,-1,-1
400,10,727.32,509.59,96.40,195.14,1,-1,-1,-1
400,11,1018.31,568.31,153.81,180.48,1,-1,-1,-1
400,13,749.75,563.51,148.16,184.21,1,-1,-1,-1
400,15,902.83,546.82,129.59,172.46,1,-1,-1,-1
400,21,853.52,490.50,104.52,189.50,1,-1,-1,-1
400,23,1184.73,451.94,117.88,189.38,1,-1,-1,-1
400,24,1362.35,416.09,97.58,167.93,1,-1,-1,-1
400,25,403.50,476.98,108.07,160.91,1,-1,-1,-1
400,26,1147.96,634.57,175.37,175.54,1,-1,-1,-1
400,27,293.17,412.20,116.91,199.67,1,-1,-1,-1
400,28,234.67,415.44,106.46,210.39,1,-1,-1,-1
400,29,320.12,625.24,134.55,185.34,1,-1,-1,-1
400,30,1333.06,403.27,101.39,174.63,1,-1,-1,-1
400,31,1412.97,438.13,75.98,150.39,1,-1,-1,-1
400,32,1430.38,467.61,121.27,162.42,1,-1,-1,-1
401,1,490.87,587.77,127.64,180.28,1,-1,-1,-1
401,2,632.73,532.84,123.83,181.42,1,-1,-1,-1
401,10,726.82,510.27,99.27,200.71,1,-1,-1,-1
401,11,1015.58,569.57,154.80,178.66,1,-1,-1,-1
401,13,750.71,566.77,146.75,180.48,1,-1,-1,-1
401,15,902.89,548.37,128.83,168.97,1,-1,-1,-1
401,21,858.03,494.68,97.06,184.70,1,-1,-1,-1
401,23,1165.26,448.50,130.07,186.43,1,-1,-1,-1
401,24,1362.35,416.09,97.58,167.93,1,-1,-1,-1
401,25,400.63,474.30,120.05,170.42,1,-1,-1,-1
401,26,1158.72,633.59,164.18,173.11,1,-1,-1,-1
401,27,303.96,415.77,123.05,196.83,1,-1,-1,-1
401,28,243.62,417.79,109.82,194.27,1,-1,-1,-1
401,29,316.95,629.05,138.02,182.03,1,-1,-1,-1
401,30,1317.01,402.06,111.64,177.89,1,-1,-1,-1
401,31,1401.36,436.08,79.33,154.41,1,-1,-1,-1
401,32,1433.98,466.73,115.14,165.73,1,-1,-1,-1
401,34,273.75,424.46,94.78,181.24,1,-1,-1,-1
402,1,491.93,588.55,126.59,179.21,1,-1,-1,-1
402,2,634.45,532.71,121.87,181.66,1,-1,-1,-1
402,10,724.92,511.00,101.30,199.32,1,-1,-1,-1
402,11,1017.50,579.10,159.92,170.83,1,-1,-1,-1
402,13,750.50,565.86,146.59,181.32,1,-1,-1,-1
402,15,906.36,550.22,125.18,166.91,1,-1,-1,-1
402,21,860.76,495.68,95.51,183.90,1,-1,-1,-1
402,23,1145.96,442.42,143.03,189.52,1,-1,-1,-1
402,24,1362.35,416.09,97.58,167.93,1,-1,-1,-1
402,25,404.61,473.50,118.81,168.46,1,-1,-1,-1
402,26,1164.24,635.25,157.85,171.80,1,-1,-1,-1
402,27,308.25,416.46,131.16,194.44,1,-1,-1,-1
402,28,244.17,420.06,116.81,192.93,1,-1,-1,-1
402,29,316.09,628.55,138.60,182.26,1,-1,-1,-1
402,30,1309.14,402.03,120.96,178.56,1,-1,-1,-1
402,31,1381.33,429.01,92.83,164.12,1,-1,-1,-1
402,32,1413.13,465.41,136.25,167.40,1,-1,-1,-1
402,34,273.75,424.46,94.78,181.24,1,-1,-1,-1
403,1,492.58,589.15,125.84,178.92,1,-1,-1,-1
403,2,641.86,533.53,117.41,180.54,1,-1,-1,-1
403,10,726.98,516.10,100.42,193.15,1,-1,-1,-1
403,11,1019.94,576.39,152.64,174.32,1,-1,-1,-1
403,13,750.38,570.54,146.24,176.02,1,-1,-1,-1
403,15,910.32,551.91,122.58,165.86,1,-1,-1,-1
403,21,865.03,499.10,95.54,180.71,1,-1,-1,-1
403,23,1124.68,441.96,142.35,190.81,1,-1,-1,-1
403,24,1362.35,416.09,97.58,167.93,1,-1,-1,-1
403,25,419.10,475.29,112.99,161.80,1,-1,-1,-1
403,26,1181.86,636.83,139.82,171.41,1,-1,-1,-1
403,27,322.92,412.20,133.53,195.22,1,-1,-1,-1
403,28,266.60,423.06,118.75,173.08,1,-1,-1,-1
403,29,315.04,631.47,139.46,179.52,1,-1,-1,-1
403,30,1276.33,400.03,148.28,188.64,1,-1,-1,-1
403,31,1377.14,429.41,94.79,170.37,1,-1,-1,-1
403,32,1386.11,461.57,153.02,171.61,1,-1,-1,-1
403,34,273.75,424.46,94.78,181.24,1,-1,-1,-1
404,1,493.41,591.09,124.35,177.00,1,-1,-1,-1
404,2,643.58,534.03,116.77,179.48,1,-1,-1,-1
404,10,727.76,520.12,99.46,188.59,1,-1,-1,-1
404,11,1017.47,578.33,155.08,172.17,1,-1,-1,-1
404,13,752.84,574.45,143.84,171.99,1,-1,-1,-1
404,15,912.16,552.71,120.42,165.89,1,-1,-1,-1
404,21,869.11,500.70,93.69,178.95,1,-1,-1,-1
404,23,1115.47,443.62,141.48,187.64,1,-1,-1,-1
404,24,1362.35,416.09,97.58,167.93,1,-1,-1,-1
404,25,428.95,474.32,112.76,160.74,1,-1,-1,-1
404,26,1187.93,637.04,133.96,171.67,1,-1,-1,-1
404,27,335.23,412.91,135.07,198.80,1,-1,-1,-1
404,28,285.63,424.42,108.09,161.33,1,-1,-1,-1
404,29,313.96,635.11,140.65,175.80,1,-1,-1,-1
404,30,1276.23,401.18,130.50,187.65,1,-1,-1,-1
404,31,1357.09,426.21,114.47,178.82,1,-1,-1,-1
404,32,1381.00,463.37,153.06,170.04,1,-1,-1,-1
404,34,273.75,424.46,94.78,181.24,1,-1,-1,-1
405,1,492.81,596.00,125.70,171.20,1,-1,-1,-1
405,2,644.34,534.98,117.17,178.65,1,-1,-1,-1
405,10,729.26,522.26,99.81,195.32,1,-1,-1,-1
405,11,1017.74,587.19,154.12,164.12,1,-1,-1,-1
405,13,754.16,577.39,143.09,169.82,1,-1,-1,-1
405,15,912.86,553.48,119.05,164.31,1,-1,-1,-1
405,21,871.53,509.57,91.75,171.15,1,-1,-1,-1
405,23,1106.87,454.90,135.63,179.66,1,-1,-1,-1
405,24,1362.35,416.09,97.58,167.93,1,-1,-1,-1
405,25,449.81,474.66,108.25,153.64,1,-1,-1,-1
405,26,1196.80,638.35,125.69,169.92,1,-1,-1,-1
405,27,352.20,436.04,134.33,179.66,1,-1,-1,-1
405,28,285.63,424.42,108.09,161.33,1,-1,-1,-1
405,29,314.41,640.25,140.33,170.61,1,-1,-1,-1
405,30,1263.35,396.41,126.06,194.27,1,-1,-1,-1
405,31,1324.91,424.75,131.41,171.11,1,-1,-1,-1
405,32,1362.18,460.08,149.31,173.11,1,-1,-1,-1
405,34,273.75,424.46,94.78,181.24,1,-1,-1,-1
406,1,492.22,595.15,126.89,172.95,1,-1,-1,-1
406,2,646.18,535.78,117.93,178.35,1,-1,-1,-1
406,10,730.71,522.69,100.02,188.26,1,-1,-1,-1
406,11,1019.72,586.25,152.13,165.34,1,-1,-1,-1
406,13,754.88,575.51,143.39,172.41,1,-1,-1,-1
406,15,913.06,553.66,121.03,163.38,1,-1,-1,-1
406,21,872.42,512.27,94.94,168.49,1,-1,-1,-1
406,23,1089.31,456.97,143.45,179.54,1,-1,-1,-1
406,24,1328.38,422.98,115.71,172.97,1,-1,-1,-1
406,25,460.22,476.21,104.13,143.57,1,-1,-1,-1
406,26,1198.01,638.67,124.92,170.14,1,-1,-1,-1
406,27,373.36,415.79,94.98,146.21,1,-1,-1,-1
406,28,342.92,429.89,77.16,147.75,1,-1,-1,-1
406,29,315.46,640.93,139.39,169.42,1,-1,-1,-1
406,30,1263.22,400.60,112.81,191.97,1,-1,-1,-1
406,31,1230.15,397.72,123.56,176.09,1,-1,-1,-1
406,32,1362.98,465.38,131.99,169.69,1,-1,-1,-1
406,34,273.75,424.46,94.78,181.24,1,-1,-1,-1
406,36,365.78,437.88,131.47,168.17,1,-1,-1,-1
407,1,492.22,595.39,125.08,171.80,1,-1,-1,-1
407,2,649.97,539.08,113.67,175.04,1,-1,-1,-1
407,10,734.37,524.84,97.92,185.82,1,-1,-1,-1
407,11,1022.36,583.65,150.44,167.63,1,-1,-1,-1
407,13,755.81,583.16,141.68,164.22,1,-1,-1,-1
407,15,912.56,554.06,130.82,165.23,1,-1,-1,-1
407,16,1020.41,571.38,154.03,180.30,1,-1,-1,-1
407,21,875.68,513.70,94.51,168.44,1,-1,-1,-1
407,23,1071.84,462.76,131.35,172.96,1,-1,-1,-1
407,24,1331.82,430.97,90.16,162.54,1,-1,-1,-1
407,25,479.34,484.32,88.76,145.89,1,-1,-1,-1
407,26,1203.09,637.97,119.79,170.99,1,-1,-1,-1
407,27,394.72,416.46,85.77,155.66,1,-1,-1,-1
407,28,356.17,431.20,78.55,153.15,1,-1,-1,-1
407,29,317.56,648.74,136.93,161.01,1,-1,-1,-1
407,30,1258.14,404.86,97.73,190.59,1,-1,-1,-1
407,31,1210.21,398.09,128.81,186.61,1,-1,-1,-1
407,32,1357.90,477.16,103.41,155.26,1,-1,-1,-1
407,35,1360.34,464.94,95.36,155.26,1,-1,-1,-1
407,36,396.97,445.74,112.57,163.18,1,-1,-1,-1
408,1,491.34,592.30,126.59,174.72,1,-1,-1,-1
408,2,650.58,540.42,114.88,172.95,1,-1,-1,-1
408,10,737.33,525.67,96.56,174.80,1,-1,-1,-1
408,11,1022.35,584.62,152.42,165.25,1,-1,-1,-1
408,13,755.25,582.66,141.44,164.34,1,-1,-1,-1
408,15,912.97,554.84,128.12,164.67,1,-1,-1,-1
408,16,1020.41,571.38,154.03,180.30,1,-1,-1,-1
408,21,876.60,515.64,97.21,178.35,1,-1,-1,-1
408,23,1071.79,465.95,115.51,168.96,1,-1,-1,-1
408,24,1322.95,432.13,79.18,163.63,1,-1,-1,-1
408,25,425.53,455.32,142.44,155.56,1,-1,-1,-1
408,26,1205.03,636.92,118.02,172.27,1,-1,-1,-1
408,27,416.28,412.69,88.52,178.25,1,-1,-1,-1
408,28,355.06,428.99,89.42,155.89,1,-1,-1,-1
408,29,314.82,650.11,139.74,160.24,1,-1,-1,-1
408,30,1265.62,404.65,85.92,191.12,1,-1,-1,-1
408,31,1202.37,399.11,112.32,187.13,1,-1,-1,-1
408,32,1353.54,467.13,86.73,164.66,1,-1,-1,-1
408,35,1353.39,466.87,82.07,160.86,1,-1,-1,-1
408,36,414.58,444.01,124.55,166.52,1,-1,-1,-1
409,1,493.02,597.51,124.21,167.70,1,-1,-1,-1
409,2,649.94,542.76,115.39,170.82,1,-1,-1,-1
409,10,740.33,527.85,93.46,165.45,1,-1,-1,-1
409,11,1031.91,568.97,141.57,181.80,1,-1,-1,-1
409,13,756.38,583.05,139.43,164.21,1,-1,-1,-1
409,15,911.93,554.97,126.12,164.93,1,-1,-1,-1
409,16,1020.41,571.38,154.03,180.30,1,-1,-1,-1
409,21,878.76,513.41,96.67,173.04,1,-1,-1,-1
409,23,1064.01,463.43,96.05,161.81,1,-1,-1,-1
409,24,1313.04,442.11,83.03,159.75,1,-1,-1,-1
409,25,500.67,476.72,94.28,143.07,1,-1,-1,-1
409,26,1205.80,636.70,117.74,172.68,1,-1,-1,-1
409,27,441.49,417.43,97.27,187.60,1,-1,-1,-1
409,28,353.30,424.85,104.57,161.62,1,-1,-1,-1
409,29,318.87,655.12,134.85,155.27,1,-1,-1,-1
409,30,1251.60,407.22,69.08,183.02,1,-1,-1,-1
409,31,1195.02,405.13,94.00,171.98,1,-1,-1,-1
409,32,1317.50,462.67,90.94,166.09,1,-1,-1,-1
409,35,1353.39,466.87,82.07,160.86,1,-1,-1,-1
409,36,448.79,474.28,139.73,144.72,1,-1,-1,-1
410,1,493.09,599.77,124.94,165.22,1,-1,-1,-1
410,2,649.63,543.26,115.66,170.23,1,-1,-1,-1
410,10,739.59,527.29,95.13,165.34,1,-1,-1,-1
410,11,1028.87,561.61,144.95,189.86,1,-1,-1,-1
410,13,756.52,581.93,138.31,165.14,1,-1,-1,-1
410,15,911.89,556.05,126.41,162.54,1,-1,-1,-1
410,16,1020.41,571.38,154.03,180.30,1,-1,-1,-1
410,21,879.14,514.53,98.27,153.93,1,-1,-1,-1
410,23,1069.55,464.64,71.81,130.42,1,-1,-1,-1
410,24,1211.94,410.21,104.66,175.81,1,-1,-1,-1
410,25,456.53,480.68,150.31,140.65,1,-1,-1,-1
410,26,1205.65,635.94,117.81,173.25,1,-1,-1,-1
410,27,439.01,422.86,104.08,179.50,1,-1,-1,-1
410,28,354.65,424.69,109.24,161.26,1,-1,-1,-1
410,29,320.27,656.85,133.01,153.26,1,-1,-1,-1
410,30,1239.12,408.43,70.83,171.65,1,-1,-1,-1
410,31,1189.13,409.25,82.94,163.98,1,-1,-1,-1
410,32,1297.18,445.97,73.22,148.86,1,-1,-1,-1
410,35,1320.71,467.19,80.01,163.44,1,-1,-1,-1
410,36,441.27,434.43,96.85,169.69,1,-1,-1,-1
411,1,490.01,601.16,129.07,164.73,1,-1,-1,-1
411,2,650.65,543.12,113.92,171.09,1,-1,-1,-1
411,10,738.97,528.17,97.79,168.47,1,-1,-1,-1
411,11,1033.32,577.89,139.69,172.44,1,-1,-1,-1
411,13,757.16,580.49,138.04,166.87,1,-1,-1,-1
411,15,910.81,554.20,128.40,164.47,1,-1,-1,-1
411,16,1020.41,571.38,154.03,180.30,1,-1,-1,-1
411,21,880.16,514.72,102.13,163.60,1,-1,-1,-1
411,23,1026.27,462.30,90.09,156.33,1,-1,-1,-1
411,24,1200.81,404.03,99.43,183.70,1,-1,-1,-1
411,25,521.84,477.97,116.59,156.41,1,-1,-1,-1
411,26,1205.55,636.94,118.02,172.30,1,-1,-1,-1
411,27,457.23,416.49,94.12,185.54,1,-1,-1,-1
411,28,362.14,422.94,119.18,162.42,1,-1,-1,-1
411,29,322.65,658.79,130.78,151.79,1,-1,-1,-1
411,30,1217.39,404.92,77.98,174.14,1,-1,-1,-1
411,31,1184.49,407.47,70.43,158.85,1,-1,-1,-1
411,32,1260.03,442.32,103.22,146.56,1,-1,-1,-1
411,33,744.87,524.22,91.94,160.18,1,-1,-1,-1
411,35,1280.54,469.43,113.33,159.68,1,-1,-1,-1
411,36,461.47,474.66,136.62,143.69,1,-1,-1,-1
412,1,490.19,603.09,129.82,163.51,1,-1,-1,-1
412,2,650.37,542.65,114.91,171.00,1,-1,-1,-1
412,10,740.53,528.27,97.29,162.69,1,-1,-1,-1
412,11,1033.95,584.96,137.71,165.05,1,-1,-1,-1
412,13,757.41,579.11,136.85,167.70,1,-1,-1,-1
412,14,1027.64,459.42,78.39,152.19,1,-1,-1,-1
412,15,910.31,554.51,129.43,164.51,1,-1,-1,-1
412,16,1020.41,571.38,154.03,180.30,1,-1,-1,-1
412,21,881.26,515.16,106.40,177.00,1,-1,-1,-1
412,23,1023.34,460.00,86.83,161.55,1,-1,-1,-1
412,24,1200.81,404.03,99.43,183.70,1,-1,-1,-1
412,25,523.62,476.87,126.47,158.54,1,-1,-1,-1
412,26,1205.28,638.51,118.45,170.73,1,-1,-1,-1
412,27,457.20,412.19,110.69,191.65,1,-1,-1,-1
412,28,370.12,420.76,114.13,162.74,1,-1,-1,-1
412,29,317.88,661.46,135.55,149.41,1,-1,-1,-1
412,30,1216.70,408.51,72.36,169.76,1,-1,-1,-1
412,31,1170.14,408.86,77.17,157.77,1,-1,-1,-1
412,32,1260.41,439.99,93.78,142.78,1,-1,-1,-1
412,33,746.42,526.62,92.35,145.61,1,-1,-1,-1
412,35,1262.25,478.65,128.52,148.92,1,-1,-1,-1
412,36,461.47,474.66,136.62,143.69,1,-1,-1,-1
413,1,492.83,605.63,125.89,160.96,1,-1,-1,-1
413,2,645.37,542.08,120.21,170.95,1,-1,-1,-1
413,10,738.43,528.65,100.95,167.77,1,-1,-1,-1
413,11,1032.19,586.50,138.83,164.43,1,-1,-1,-1
413,13,756.74,576.78,141.07,170.93,1,-1,-1,-1
413,14,1015.51,458.03,88.07,150.44,1,-1,-1,-1
413,15,910.62,554.42,130.81,164.19,1,-1,-1,-1
413,21,879.89,519.96,109.00,178.42,1,-1,-1,-1
413,23,1008.45,458.13,94.85,152.53,1,-1,-1,-1
413,24,1200.81,404.03,99.43,183.70,1,-1,-1,-1
413,25,535.60,474.05,130.87,161.26,1,-1,-1,-1
413,26,1205.44,637.58,118.03,172.22,1,-1,-1,-1
413,27,460.91,417.48,109.40,185.93,1,-1,-1,-1
413,28,390.76,421.37,106.74,156.82,1,-1,-1,-1
413,29,316.24,663.81,137.70,147.61,1,-1,-1,-1
413,30,1193.71,405.93,93.45,177.73,1,-1,-1,-1
413,31,1137.36,410.76,98.33,164.14,1,-1,-1,-1
413,32,1260.41,439.99,93.78,142.78,1,-1,-1,-1
413,33,745.79,526.50,94.81,155.29,1,-1,-1,-1
413,35,1241.50,462.90,133.85,155.46,1,-1,-1,-1
413,36,511.16,453.67,87.82,150.93,1,-1,-1,-1
414,1,494.85,607.82,123.24,158.49,1,-1,-1,-1
414,2,649.08,540.99,116.46,171.54,1,-1,-1,-1
414,10,738.30,527.54,101.90,171.17,1,-1,-1,-1
414,11,1028.30,585.28,142.51,166.82,1,-1,-1,-1
414,13,756.71,579.34,140.66,167.91,1,-1,-1,-1
414,14,1015.51,458.03,88.07,150.44,1,-1,-1,-1
414,15,910.27,558.42,129.47,160.19,1,-1,-1,-1
414,21,881.37,524.49,109.55,168.60,1,-1,-1,-1
414,23,1008.45,458.13,94.85,152.53,1,-1,-1,-1
414,24,1200.81,404.03,99.43,183.70,1,-1,-1,-1
414,25,548.42,476.10,124.79,173.20,1,-1,-1,-1
414,26,1205.19,637.34,117.53,172.28,1,-1,-1,-1
414,27,466.46,426.00,112.89,178.33,1,-1,-1,-1
414,28,407.69,420.68,101.94,160.42,1,-1,-1,-1
414,29,316.65,664.40,137.51,146.98,1,-1,-1,-1
414,30,1171.37,405.34,110.02,180.36,1,-1,-1,-1
414,31,1118.65,407.64,107.39,167.52,1,-1,-1,-1
414,32,1240.07,432.17,93.22,157.33,1,-1,-1,-1
414,33,745.79,526.50,94.81,155.29,1,-1,-1,-1
414,35,1223.80,458.72,143.07,159.43,1,-1,-1,-1
414,36,503.24,411.87,75.21,145.03,1,-1,-1,-1
415,1,494.30,607.83,121.49,157.79,1,-1,-1,-1
415,2,648.43,541.83,117.11,170.64,1,-1,-1,-1
415,10,736.27,527.95,108.46,173.41,1,-1,-1,-1
415,11,1027.11,589.62,145.06,162.46,1,-1,-1,-1
415,13,756.26,578.48,141.86,169.65,1,-1,-1,-1
415,14,1015.51,458.03,88.07,150.44,1,-1,-1,-1
415,15,908.50,559.72,131.76,159.19,1,-1,-1,-1
415,21,883.92,528.64,110.92,172.07,1,-1,-1,-1
415,23,974.46,462.69,118.88,145.84,1,-1,-1,-1
415,24,1200.81,404.03,99.43,183.70,1,-1,-1,-1
415,25,563.18,476.45,124.65,160.67,1,-1,-1,-1
415,26,1205.17,636.94,118.27,172.70,1,-1,-1,-1
415,27,468.85,429.92,138.15,170.65,1,-1,-1,-1
415,28,438.05,421.14,94.21,169.18,1,-1,-1,-1
415,29,316.90,663.43,136.59,147.39,1,-1,-1,-1
415,30,1143.66,402.95,121.22,186.55,1,-1,-1,-1
415,31,1091.17,402.75,116.37,169.72,1,-1,-1,-1
415,32,1240.07,432.17,93.22,157.33,1,-1,-1,-1
415,33,745.79,526.50,94.81,155.29,1,-1,-1,-1
415,35,1211.42,431.60,135.91,201.30,1,-1,-1,-1
415,36,515.04,406.74,81.89,149.56,1,-1,-1,-1
416,1,493.68,607.39,123.24,157.61,1,-1,-1,-1
416,2,647.65,542.66,118.91,169.25,1,-1,-1,-1
416,10,737.72,526.14,108.69,168.73,1,-1,-1,-1
416,11,1027.82,589.75,144.81,162.29,1,-1,-1,-1
416,13,756.42,579.03,141.72,169.06,1,-1,-1,-1
416,14,1015.51,458.03,88.07,150.44,1,-1,-1,-1
416,15,908.39,558.78,131.60,160.62,1,-1,-1,-1
416,21,884.51,528.73,105.75,170.33,1,-1,-1,-1
416,23,959.71,464.27,118.95,151.06,1,-1,-1,-1
416,24,1200.81,404.03,99.43,183.70,1,-1,-1,-1
416,25,572.57,477.90,114.44,152.82,1,-1,-1,-1
416,26,1205.23,637.40,118.67,172.04,1,-1,-1,-1
416,27,468.95,432.50,146.00,169.75,1,-1,-1,-1
416,28,438.05,421.14,94.21,169.18,1,-1,-1,-1
416,29,317.21,663.46,136.31,146.99,1,-1,-1,-1
416,30,1126.67,401.77,130.69,184.06,1,-1,-1,-1
416,31,1080.59,399.15,118.61,178.46,1,-1,-1,-1
416,32,1217.50,427.47,116.15,182.90,1,-1,-1,-1
416,33,745.79,526.50,94.81,155.29,1,-1,-1,-1
416,35,1208.04,471.35,124.60,159.83,1,-1,-1,-1
416,36,517.97,403.88,84.51,147.41,1,-1,-1,-1
417,1,494.54,604.65,123.19,161.64,1,-1,-1,-1
417,2,648.55,544.28,119.20,169.09,1,-1,-1,-1
417,10,736.59,524.82,111.57,172.47,1,-1,-1,-1
417,11,1028.78,589.77,144.14,161.45,1,-1,-1,-1
417,13,756.27,581.45,139.57,166.88,1,-1,-1,-1
417,14,1015.51,458.03,88.07,150.44,1,-1,-1,-1
417,15,909.79,556.43,137.29,163.33,1,-1,-1,-1
417,21,884.85,524.57,115.16,179.38,1,-1,-1,-1
417,23,925.41,467.59,125.33,165.65,1,-1,-1,-1
417,25,594.41,479.33,114.42,145.10,1,-1,-1,-1
417,26,1205.23,635.73,119.26,173.48,1,-1,-1,-1
417,27,482.82,433.78,154.38,169.18,1,-1,-1,-1
417,28,472.54,423.46,89.12,158.74,1,-1,-1,-1
417,29,317.98,663.12,135.16,147.07,1,-1,-1,-1
417,30,1116.66,406.48,124.75,182.33,1,-1,-1,-1
417,31,1056.06,402.43,140.68,176.10,1,-1,-1,-1
417,32,1202.45,426.83,119.08,166.59,1,-1,-1,-1
417,33,745.79,526.50,94.81,155.29,1,-1,-1,-1
417,35,1176.06,469.42,120.29,160.58,1,-1,-1,-1
417,36,517.97,403.88,84.51,147.41,1,-1,-1,-1
418,1,494.59,604.94,124.20,161.58,1,-1,-1,-1
418,2,648.67,546.14,118.99,167.39,1,-1,-1,-1
418,10,737.08,525.47,109.66,174.57,1,-1,-1,-1
418,11,1030.71,589.18,142.41,162.24,1,-1,-1,-1
418,13,756.13,583.07,139.33,164.45,1,-1,-1,-1
418,14,1015.51,458.03,88.07,150.44,1,-1,-1,-1
418,15,912.42,557.81,132.72,161.89,1,-1,-1,-1
418,20,922.59,474.06,109.15,171.20,1,-1,-1,-1
418,21,883.38,524.70,110.38,187.83,1,-1,-1,-1
418,23,939.85,472.35,100.90,157.60,1,-1,-1,-1
418,25,603.44,480.88,115.32,137.80,1,-1,-1,-1
418,26,1205.53,635.89,117.86,173.61,1,-1,-1,-1
418,27,511.43,437.84,135.52,170.04,1,-1,-1,-1
418,28,472.53,423.50,104.07,161.87,1,-1,-1,-1
418,29,316.95,663.63,136.05,146.95,1,-1,-1,-1
418,30,1120.38,408.45,107.93,184.06,1,-1,-1,-1
418,31,1049.59,400.57,122.69,181.84,1,-1,-1,-1
418,32,1191.61,426.22,119.75,176.59,1,-1,-1,-1
418,33,745.79,526.50,94.81,155.29,1,-1,-1,-1
418,35,1176.06,469.42,120.29,160.58,1,-1,-1,-1
418,36,517.97,403.88,84.51,147.41,1,-1,-1,-1
419,1,495.12,602.18,123.35,164.50,1,-1,-1,-1
419,2,642.19,543.35,121.25,171.60,1,-1,-1,-1
419,10,735.89,525.16,109.43,172.63,1,-1,-1,-1
419,11,1030.50,589.28,142.33,162.27,1,-1,-1,-1
419,13,756.67,584.56,138.66,162.85,1,-1,-1,-1
419,15,911.64,557.24,127.80,161.46,1,-1,-1,-1
419,20,922.59,474.06,109.15,171.20,1,-1,-1,-1
419,21,882.86,517.62,105.42,184.65,1,-1,-1,-1
419,23,928.81,473.93,80.79,132.81,1,-1,-1,-1
419,25,634.24,492.71,85.73,137.04,1,-1,-1,-1
419,26,1206.13,635.40,117.75,174.27,1,-1,-1,-1
419,27,541.18,442.99,108.05,169.82,1,-1,-1,-1
419,28,472.45,425.50,101.45,157.07,1,-1,-1,-1
419,29,316.22,664.28,136.37,146.88,1,-1,-1,-1
419,30,1122.58,416.29,86.80,167.52,1,-1,-1,-1
419,31,1049.07,409.27,110.62,171.78,1,-1,-1,-1
419,32,1191.74,434.51,92.81,148.73,1,-1,-1,-1
419,35,1170.06,511.56,83.25,121.28,1,-1,-1,-1
419,36,517.97,403.88,84.51,147.41,1,-1,-1,-1
419,40,569.13,412.01,78.18,138.30,1,-1,-1,-1
420,1,495.26,602.48,122.57,163.84,1,-1,-1,-1
420,2,648.58,543.88,116.07,169.98,1,-1,-1,-1
420,10,737.17,524.63,107.42,168.29,1,-1,-1,-1
420,11,1028.93,587.56,143.36,163.39,1,-1,-1,-1
420,13,756.27,584.03,138.98,163.97,1,-1,-1,-1
420,15,909.81,556.78,128.85,163.16,1,-1,-1,-1
420,20,922.59,474.06,109.15,171.20,1,-1,-1,-1
420,21,880.40,514.05,107.93,188.82,1,-1,-1,-1
420,23,915.86,473.89,84.98,154.72,1,-1,-1,-1
420,25,641.36,488.57,82.62,140.29,1,-1,-1,-1
420,26,1206.54,634.43,118.04,176.18,1,-1,-1,-1
420,27,557.25,438.58,98.83,174.16,1,-1,-1,-1
420,28,474.43,423.37,113.92,157.11,1,-1,-1,-1
420,29,315.83,664.34,136.29,147.13,1,-1,-1,-1
420,30,1114.25,418.16,80.32,168.96,1,-1,-1,-1
420,31,1047.30,415.07,102.56,165.82,1,-1,-1,-1
420,32,1178.27,437.18,89.89,148.03,1,-1,-1,-1
420,35,1158.61,460.80,98.98,173.60,1,-1,-1,-1
420,36,517.97,403.88,84.51,147.41,1,-1,-1,-1
420,40,569.13,412.01,78.18,138.30,1,-1,-1,-1
421,1,493.97,601.26,124.58,164.68,1,-1,-1,-1
421,2,650.99,542.43,113.56,171.77,1,-1,-1,-1
421,10,737.40,524.31,107.84,159.07,1,-1,-1,-1
421,11,1028.96,589.83,143.47,161.71,1,-1,-1,-1
421,13,755.87,584.69,139.34,163.53,1,-1,-1,-1
421,15,910.95,555.88,127.12,163.28,1,-1,-1,-1
421,20,922.59,474.06,109.15,171.20,1,-1,-1,-1
421,21,879.83,518.15,105.75,166.51,1,-1,-1,-1
421,23,900.03,470.22,85.19,135.39,1,-1,-1,-1
421,25,642.01,483.96,80.75,133.30,1,-1,-1,-1
421,26,1205.19,635.45,117.88,174.54,1,-1,-1,-1
421,27,577.40,439.95,91.00,170.38,1,-1,-1,-1
421,28,482.58,424.08,118.19,158.18,1,-1,-1,-1
421,29,315.25,663.95,136.95,148.03,1,-1,-1,-1
421,30,1094.68,416.79,81.37,148.84,1,-1,-1,-1
421,31,1039.45,416.70,83.89,159.89,1,-1,-1,-1
421,32,1161.39,442.31,71.82,142.73,1,-1,-1,-1
421,35,1124.57,468.49,114.01,160.86,1,-1,-1,-1
421,36,517.97,403.88,84.51,147.41,1,-1,-1,-1
421,40,580.33,436.01,84.64,168.33,1,-1,-1,-1
422,1,492.86,601.61,125.34,164.90,1,-1,-1,-1
422,2,651.13,544.03,112.89,169.58,1,-1,-1,-1
422,10,738.92,523.33,106.27,157.32,1,-1,-1,-1
422,11,1029.73,581.85,143.89,169.75,1,-1,-1,-1
422,13,756.01,584.55,139.07,163.86,1,-1,-1,-1
422,14,1144.20,468.78,75.84,159.20,1,-1,-1,-1
422,15,911.34,554.12,126.81,164.98,1,-1,-1,-1
422,20,922.59,474.06,109.15,171.20,1,-1,-1,-1
422,21,879.16,512.81,108.05,195.43,1,-1,-1,-1
422,23,897.55,469.63,84.45,139.39,1,-1,-1,-1
422,25,659.23,483.79,89.25,149.24,1,-1,-1,-1
422,26,1205.41,635.34,117.78,174.88,1,-1,-1,-1
422,27,592.24,441.54,86.83,173.21,1,-1,-1,-1
422,28,499.80,424.65,107.72,153.57,1,-1,-1,-1
422,29,315.61,664.09,136.50,148.19,1,-1,-1,-1
422,30,1100.90,417.52,68.94,152.07,1,-1,-1,-1
422,31,1025.43,413.46,88.25,166.03,1,-1,-1,-1
422,32,1120.21,461.25,112.72,163.28,1,-1,-1,-1
422,35,1118.70,467.28,94.14,153.12,1,-1,-1,-1
422,40,580.33,436.01,84.64,168.33,1,-1,-1,-1
423,1,494.22,599.67,124.49,166.48,1,-1,-1,-1
423,2,653.19,543.47,112.52,169.95,1,-1,-1,-1
423,10,738.92,523.33,106.27,157.32,1,-1,-1,-1
423,11,1030.84,580.78,142.87,170.24,1,-1,-1,-1
423,13,757.34,583.27,137.69,165.62,1,-1,-1,-1
423,14,1144.20,468.78,75.84,159.20,1,-1,-1,-1
423,15,911.74,553.77,125.71,165.32,1,-1,-1,-1
423,20,922.59,474.06,109.15,171.20,1,-1,-1,-1
423,21,875.06,513.27,110.11,194.24,1,-1,-1,-1
423,23,897.55,469.63,84.45,139.39,1,-1,-1,-1
423,25,659.23,483.79,89.25,149.24,1,-1,-1,-1
423,26,1206.44,634.26,117.96,175.41,1,-1,-1,-1
423,27,602.22,437.44,85.38,177.19,1,-1,-1,-1
423,28,528.32,425.32,105.31,153.45,1,-1,-1,-1
423,29,312.71,663.78,137.94,149.90,1,-1,-1,-1
423,30,1094.79,418.95,64.05,131.96,1,-1,-1,-1
423,31,1019.82,416.20,81.97,155.86,1,-1,-1,-1
423,32,1112.27,462.77,110.23,167.33,1,-1,-1,-1
423,35,1118.70,467.28,94.14,153.12,1,-1,-1,-1
423,40,580.33,436.01,84.64,168.33,1,-1,-1,-1
424,1,495.26,597.89,124.09,168.69,1,-1,-1,-1
424,2,653.10,541.16,114.04,171.44,1,-1,-1,-1
424,10,738.92,523.33,106.27,157.32,1,-1,-1,-1
424,11,1031.57,585.81,141.64,164.98,1,-1,-1,-1
424,13,757.78,584.80,135.33,163.90,1,-1,-1,-1
424,14,1144.20,468.78,75.84,159.20,1,-1,-1,-1
424,15,911.81,555.27,123.65,162.76,1,-1,-1,-1
424,21,888.34,518.01,98.77,169.61,1,-1,-1,-1
424,23,897.55,469.63,84.45,139.39,1,-1,-1,-1
424,25,659.23,483.79,89.25,149.24,1,-1,-1,-1
424,26,1206.13,633.95,118.34,175.02,1,-1,-1,-1
424,27,602.22,437.44,85.38,177.19,1,-1,-1,-1
424,28,547.27,423.72,91.29,163.49,1,-1,-1,-1
424,29,310.87,662.50,139.53,152.02,1,-1,-1,-1
424,30,1060.82,412.97,93.47,164.28,1,-1,-1,-1
424,31,1003.87,412.85,92.00,163.10,1,-1,-1,-1
424,32,1112.27,462.77,110.23,167.33,1,-1,-1,-1
424,35,1108.71,456.45,106.74,169.94,1,-1,-1,-1
424,40,603.97,432.59,96.21,182.28,1,-1,-1,-1
425,1,493.90,597.03,124.92,169.44,1,-1,-1,-1
425,2,652.38,535.26,120.22,177.75,1,-1,-1,-1
425,10,751.57,520.20,95.22,123.95,1,-1,-1,-1
425,11,1028.20,582.44,145.69,168.21,1,-1,-1,-1
425,13,756.68,577.95,139.34,170.72,1,-1,-1,-1
425,14,1144.20,468.78,75.84,159.20,1,-1,-1,-1
425,15,910.10,555.35,127.51,162.86,1,-1,-1,-1
425,21,878.10,513.79,100.05,147.03,1,-1,-1,-1
425,23,872.90,464.64,92.89,145.80,1,-1,-1,-1
425,25,653.58,528.30,116.83,173.72,1,-1,-1,-1
425,26,1205.13,632.04,119.18,176.91,1,-1,-1,-1
425,27,609.08,429.88,125.92,183.91,1,-1,-1,-1
425,28,572.19,424.23,80.15,159.76,1,-1,-1,-1
425,29,305.99,661.78,145.31,153.45,1,-1,-1,-1
425,30,1035.60,409.80,109.07,172.04,1,-1,-1,-1
425,31,989.43,406.92,106.88,170.24,1,-1,-1,-1
425,32,1112.27,462.77,110.23,167.33,1,-1,-1,-1
425,35,1104.96,441.57,109.06,177.88,1,-1,-1,-1
425,40,608.82,429.47,117.85,185.04,1,-1,-1,-1
426,1,493.93,596.90,124.86,170.02,1,-1,-1,-1
426,2,652.73,538.96,120.53,173.78,1,-1,-1,-1
426,10,752.49,517.00,96.05,123.41,1,-1,-1,-1
426,11,1026.27,583.64,146.97,167.40,1,-1,-1,-1
426,13,756.38,579.04,140.26,170.22,1,-1,-1,-1
426,14,1144.20,468.78,75.84,159.20,1,-1,-1,-1
426,15,909.55,554.74,128.66,163.26,1,-1,-1,-1
426,21,867.25,510.96,116.91,146.93,1,-1,-1,-1
426,23,872.90,464.64,92.89,145.80,1,-1,-1,-1
426,25,653.58,528.30,116.83,173.72,1,-1,-1,-1
426,26,1204.99,629.28,119.83,179.88,1,-1,-1,-1
426,27,609.08,429.88,125.92,183.91,1,-1,-1,-1
426,28,579.02,423.28,76.03,163.93,1,-1,-1,-1
426,29,306.13,661.23,145.33,154.39,1,-1,-1,-1
426,30,1033.94,409.22,104.16,177.63,1,-1,-1,-1
426,31,978.49,405.23,106.57,166.32,1,-1,-1,-1
426,32,1112.27,462.77,110.23,167.33,1,-1,-1,-1
426,35,1127.07,442.26,86.23,158.92,1,-1,-1,-1
426,40,611.12,433.80,105.97,181.22,1,-1,-1,-1
427,1,494.06,598.18,123.89,168.11,1,-1,-1,-1
427,2,652.63,542.06,116.57,171.22,1,-1,-1,-1
427,10,757.35,514.52,90.46,131.73,1,-1,-1,-1
427,11,1026.05,580.29,146.02,170.66,1,-1,-1,-1
427,13,755.13,579.99,141.29,168.23,1,-1,-1,-1
427,14,1144.20,468.78,75.84,159.20,1,-1,-1,-1
427,15,910.72,555.07,126.78,162.24,1,-1,-1,-1
427,21,892.24,512.95,91.74,131.48,1,-1,-1,-1
427,23,850.65,462.55,93.67,142.06,1,-1,-1,-1
427,25,681.22,483.85,87.90,163.79,1,-1,-1,-1
427,26,1205.41,616.67,118.92,192.36,1,-1,-1,-1
427,27,630.34,437.55,89.81,174.51,1,-1,-1,-1
427,28,593.15,421.68,76.69,167.40,1,-1,-1,-1
427,29,306.45,661.68,144.60,153.67,1,-1,-1,-1
427,30,1021.90,407.35,108.16,183.86,1,-1,-1,-1
427,31,990.07,404.86,89.80,148.94,1,-1,-1,-1
427,32,1112.27,462.77,110.23,167.33,1,-1,-1,-1
427,35,1112.08,440.77,91.89,172.34,1,-1,-1,-1
427,40,611.12,433.80,105.97,181.22,1,-1,-1,-1
428,1,493.55,597.73,124.66,168.62,1,-1,-1,-1
428,2,654.49,539.94,113.55,173.42,1,-1,-1,-1
428,10,757.35,512.74,90.62,134.36,1,-1,-1,-1
428,11,1025.92,580.76,145.30,170.21,1,-1,-1,-1
428,13,754.74,579.33,141.47,168.77,1,-1,-1,-1
428,15,912.57,557.08,124.08,158.99,1,-1,-1,-1
428,21,897.64,512.99,86.61,128.57,1,-1,-1,-1
428,23,851.14,463.45,93.50,144.87,1,-1,-1,-1
428,25,681.22,483.85,87.90,163.79,1,-1,-1,-1
428,26,1205.73,618.12,118.40,190.60,1,-1,-1,-1
428,27,632.83,435.88,98.30,176.62,1,-1,-1,-1
428,28,599.92,421.93,73.91,169.69,1,-1,-1,-1
428,29,306.50,662.17,144.64,152.84,1,-1,-1,-1
428,30,1015.24,409.82,107.03,184.26,1,-1,-1,-1
428,31,971.59,399.84,105.94,179.29,1,-1,-1,-1
428,32,1112.27,462.77,110.23,167.33,1,-1,-1,-1
428,35,1113.23,436.56,83.44,171.42,1,-1,-1,-1
428,40,611.12,433.80,105.97,181.22,1,-1,-1,-1
428,41,1034.72,412.37,88.48,158.19,1,-1,-1,-1
429,1,492.99,596.31,125.23,169.94,1,-1,-1,-1
429,2,651.06,544.74,112.14,169.12,1,-1,-1,-1
429,10,755.45,508.39,91.75,131.95,1,-1,-1,-1
429,11,1026.08,581.98,145.03,168.38,1,-1,-1,-1
429,13,754.95,577.50,142.31,169.27,1,-1,-1,-1
429,15,912.96,559.25,122.37,156.54,1,-1,-1,-1
429,21,899.55,514.26,79.04,126.57,1,-1,-1,-1
429,23,851.77,463.95,89.67,142.24,1,-1,-1,-1
429,25,703.82,476.31,93.04,154.39,1,-1,-1,-1
429,26,1205.33,610.79,119.40,198.45,1,-1,-1,-1
429,27,644.89,431.06,104.48,173.42,1,-1,-1,-1
429,28,598.61,459.62,99.36,148.10,1,-1,-1,-1
429,29,307.72,662.51,143.37,151.95,1,-1,-1,-1
429,30,970.05,406.71,110.29,184.31,1,-1,-1,-1
429,31,970.68,405.53,92.38,167.10,1,-1,-1,-1
429,35,1099.78,440.50,77.34,151.01,1,-1,-1,-1
429,40,611.12,433.80,105.97,181.22,1,-1,-1,-1
429,41,1025.25,414.68,81.18,163.04,1,-1,-1,-1
430,1,493.14,594.92,125.88,171.59,1,-1,-1,-1
430,2,643.02,544.62,117.67,168.60,1,-1,-1,-1
430,10,754.22,507.75,91.17,131.85,1,-1,-1,-1
430,11,1026.23,579.87,145.58,170.84,1,-1,-1,-1
430,13,755.30,577.45,141.62,169.04,1,-1,-1,-1
430,15,913.09,558.85,121.42,157.68,1,-1,-1,-1
430,21,900.48,514.67,74.82,126.11,1,-1,-1,-1
430,23,837.14,459.98,85.95,146.73,1,-1,-1,-1
430,25,708.26,477.61,91.46,151.13,1,-1,-1,-1
430,26,1205.05,606.38,120.53,202.83,1,-1,-1,-1
430,27,650.21,433.27,99.47,153.41,1,-1,-1,-1
430,28,604.51,429.39,80.14,152.92,1,-1,-1,-1
430,29,307.81,662.86,143.89,151.66,1,-1,-1,-1
430,30,970.05,406.71,110.29,184.31,1,-1,-1,-1
430,31,967.91,405.35,81.76,150.37,1,-1,-1,-1
430,32,1048.81,468.28,92.00,146.67,1,-1,-1,-1
430,33,716.78,554.07,85.50,154.50,1,-1,-1,-1
430,35,1095.36,445.28,74.17,140.75,1,-1,-1,-1
430,40,611.12,433.80,105.97,181.22,1,-1,-1,-1
430,41,1017.94,415.19,82.36,148.75,1,-1,-1,-1
430,43,848.33,541.62,58.83,129.41,1,-1,-1,-1
431,1,493.07,594.58,126.70,172.58,1,-1,-1,-1
431,2,650.41,542.71,107.18,170.23,1,-1,-1,-1
431,10,753.24,506.98,89.60,124.31,1,-1,-1,-1
431,11,1026.69,580.64,146.08,170.04,1,-1,-1,-1
431,13,754.86,578.85,141.16,167.09,1,-1,-1,-1
431,15,916.88,558.45,117.59,157.47,1,-1,-1,-1
431,21,899.67,513.99,75.39,126.00,1,-1,-1,-1
431,23,832.00,458.29,85.81,152.56,1,-1,-1,-1
431,25,722.14,477.91,100.10,146.05,1,-1,-1,-1
431,26,1205.47,607.85,120.85,200.98,1,-1,-1,-1
431,27,654.75,432.75,109.31,165.43,1,-1,-1,-1
431,28,613.54,433.73,82.71,138.67,1,-1,-1,-1
431,29,307.84,662.38,143.63,152.68,1,-1,-1,-1
431,30,970.29,408.00,89.76,157.31,1,-1,-1,-1
431,31,952.41,408.13,83.17,152.66,1,-1,-1,-1
431,32,1030.77,474.78,78.45,125.79,1,-1,-1,-1
431,33,715.64,559.06,81.85,152.62,1,-1,-1,-1
431,35,1085.02,441.29,63.06,145.22,1,-1,-1,-1
431,40,611.12,433.80,105.97,181.22,1,-1,-1,-1
431,41,1021.12,416.05,74.68,154.01,1,-1,-1,-1
431,43,847.75,539.77,61.85,137.20,1,-1,-1,-1
432,1,493.30,594.80,126.17,172.11,1,-1,-1,-1
432,2,653.30,543.98,107.37,169.64,1,-1,-1,-1
432,9,922.04,553.26,119.40,162.57,1,-1,-1,-1
432,10,753.18,508.22,89.11,125.43,1,-1,-1,-1
432,11,1026.55,579.61,146.19,171.19,1,-1,-1,-1
432,13,754.60,579.40,141.48,166.30,1,-1,-1,-1
432,15,911.20,581.30,76.01,136.19,1,-1,-1,-1
432,21,900.94,515.03,73.57,124.07,1,-1,-1,-1
432,23,833.24,458.96,80.37,150.54,1,-1,-1,-1
432,25,718.93,473.81,88.71,155.04,1,-1,-1,-1
432,26,1205.13,621.36,120.50,188.01,1,-1,-1,-1
432,27,671.97,427.90,99.67,170.13,1,-1,-1,-1
432,28,623.74,428.73,74.84,136.81,1,-1,-1,-1
432,29,307.95,662.38,143.49,152.49,1,-1,-1,-1
432,30,950.81,408.41,84.52,160.23,1,-1,-1,-1
432,31,952.41,408.13,83.17,152.66,1,-1,-1,-1
432,32,1016.89,475.14,87.71,145.63,1,-1,-1,-1
432,33,716.53,561.65,80.46,150.69,1,-1,-1,-1
432,35,1082.43,438.46,63.32,153.61,1,-1,-1,-1
432,40,660.07,433.12,90.21,164.18,1,-1,-1,-1
432,41,1018.92,414.93,75.50,159.51,1,-1,-1,-1
432,43,846.45,538.51,64.02,138.90,1,-1,-1,-1
433,1,493.59,594.18,125.75,172.37,1,-1,-1,-1
433,2,650.24,544.71,108.79,169.96,1,-1,-1,-1
433,9,914.55,555.65,122.15,160.10,1,-1,-1,-1
433,10,751.78,505.79,90.62,140.22,1,-1,-1,-1
433,11,1024.88,579.77,147.66,171.07,1,-1,-1,-1
433,13,754.70,582.12,141.68,163.51,1,-1,-1,-1
433,15,911.20,581.30,76.01,136.19,1,-1,-1,-1
433,21,900.53,515.26,74.15,126.97,1,-1,-1,-1
433,23,830.81,457.43,80.65,162.07,1,-1,-1,-1
433,25,717.57,473.48,91.18,164.45,1,-1,-1,-1
433,26,1205.29,625.18,120.24,184.72,1,-1,-1,-1
433,27,671.97,427.90,99.67,170.13,1,-1,-1,-1
433,28,638.17,424.83,83.46,161.15,1,-1,-1,-1
433,29,308.65,662.53,142.68,152.14,1,-1,-1,-1
433,30,943.98,404.44,98.07,173.32,1,-1,-1,-1
433,31,946.08,404.56,88.15,166.92,1,-1,-1,-1
433,32,1016.89,475.14,87.71,145.63,1,-1,-1,-1
433,33,716.53,561.65,80.46,150.69,1,-1,-1,-1
433,35,1079.72,436.36,65.95,157.73,1,-1,-1,-1
433,39,1015.34,477.22,85.03,153.09,1,-1,-1,-1
433,40,642.31,417.65,144.58,186.73,1,-1,-1,-1
433,41,1025.72,415.60,62.38,148.57,1,-1,-1,-1
433,43,847.73,537.51,62.53,139.89,1,-1,-1,-1
434,1,493.42,594.08,125.90,172.49,1,-1,-1,-1
434,2,650.52,544.51,112.80,170.06,1,-1,-1,-1
434,9,912.70,555.99,125.00,160.07,1,-1,-1,-1
434,10,750.06,505.17,91.35,137.83,1,-1,-1,-1
434,11,1025.50,578.36,146.76,172.65,1,-1,-1,-1
434,13,754.28,582.40,142.16,163.06,1,-1,-1,-1
434,15,911.20,581.30,76.01,136.19,1,-1,-1,-1
434,21,900.95,516.19,74.32,126.05,1,-1,-1,-1
434,23,832.57,457.52,77.90,154.06,1,-1,-1,-1
434,25,717.44,471.00,90.88,166.56,1,-1,-1,-1
434,26,1205.28,626.75,120.01,183.43,1,-1,-1,-1
434,27,716.91,465.84,104.69,164.28,1,-1,-1,-1
434,28,647.06,426.89,80.67,162.07,1,-1,-1,-1
434,29,308.70,662.40,142.40,152.56,1,-1,-1,-1
434,30,943.98,404.44,98.07,173.32,1,-1,-1,-1
434,31,943.84,404.15,84.32,167.74,1,-1,-1,-1
434,32,1016.89,475.14,87.71,145.63,1,-1,-1,-1
434,33,716.53,561.65,80.46,150.69,1,-1,-1,-1
434,35,1076.44,436.68,67.02,155.54,1,-1,-1,-1
434,39,1016.38,473.22,82.24,153.28,1,-1,-1,-1
434,40,652.59,410.04,159.83,207.29,1,-1,-1,-1
434,41,1025.72,415.60,62.38,148.57,1,-1,-1,-1
434,43,847.05,537.65,64.38,138.81,1,-1,-1,-1
435,1,493.03,594.23,126.31,172.56,1,-1,-1,-1
435,2,652.92,543.04,109.15,172.01,1,-1,-1,-1
435,9,912.84,554.75,125.17,161.27,1,-1,-1,-1
435,10,751.74,503.00,88.32,140.31,1,-1,-1,-1
435,11,1024.68,578.03,147.85,173.29,1,-1,-1,-1
435,13,753.87,581.67,143.28,163.37,1,-1,-1,-1
435,15,911.20,581.30,76.01,136.19,1,-1,-1,-1
435,21,904.52,517.97,70.60,124.52,1,-1,-1,-1
435,23,832.42,458.66,78.32,149.66,1,-1,-1,-1
435,25,724.13,472.78,79.23,154.61,1,-1,-1,-1
435,26,1205.15,628.25,119.71,181.24,1,-1,-1,-1
435,27,716.91,465.84,104.69,164.28,1,-1,-1,-1
435,28,679.42,431.17,96.31,167.06,1,-1,-1,-1
435,29,309.15,662.29,141.98,152.58,1,-1,-1,-1
435,30,943.98,404.44,98.07,173.32,1,-1,-1,-1
435,31,944.78,398.93,68.92,156.41,1,-1,-1,-1
435,32,1066.89,473.29,76.73,137.00,1,-1,-1,-1
435,33,716.53,561.65,80.46,150.69,1,-1,-1,-1
435,35,1075.95,435.52,64.39,152.68,1,-1,-1,-1
435,39,1012.22,471.42,83.03,152.06,1,-1,-1,-1
435,40,719.04,399.35,101.86,165.68,1,-1,-1,-1
435,41,1028.04,416.77,57.40,139.06,1,-1,-1,-1
435,43,848.53,537.64,62.54,137.77,1,-1,-1,-1
436,1,493.30,594.43,127.14,172.70,1,-1,-1,-1
436,2,654.43,542.66,110.02,172.87,1,-1,-1,-1
436,9,914.84,554.74,122.24,161.67,1,-1,-1,-1
436,10,752.25,501.33,87.23,143.64,1,-1,-1,-1
436,11,1024.04,578.43,148.96,173.00,1,-1,-1,-1
436,13,754.46,581.44,142.29,163.61,1,-1,-1,-1
436,15,910.74,578.34,73.36,140.18,1,-1,-1,-1
436,21,904.65,517.57,72.57,127.61,1,-1,-1,-1
436,23,833.14,458.21,78.37,156.83,1,-1,-1,-1
436,25,722.60,472.55,80.18,156.53,1,-1,-1,-1
436,26,1205.74,628.58,118.90,180.75,1,-1,-1,-1
436,27,716.91,465.84,104.69,164.28,1,-1,-1,-1
436,28,684.01,436.91,97.58,159.57,1,-1,-1,-1
436,29,308.86,662.49,142.52,152.25,1,-1,-1,-1
436,30,984.90,407.29,61.10,146.37,1,-1,-1,-1
436,31,943.60,398.85,68.02,163.47,1,-1,-1,-1
436,32,1068.66,472.16,79.27,139.41,1,-1,-1,-1
436,33,716.53,561.65,80.46,150.69,1,-1,-1,-1
436,35,1073.14,435.55,65.93,154.48,1,-1,-1,-1
436,39,1006.16,470.19,88.81,154.24,1,-1,-1,-1
436,40,719.04,399.35,101.86,165.68,1,-1,-1,-1
436,41,1028.00,416.16,56.26,140.11,1,-1,-1,-1
436,43,849.10,535.08,62.53,140.25,1,-1,-1,-1
437,1,494.63,593.78,125.61,172.57,1,-1,-1,-1
437,2,653.65,541.88,112.70,172.86,1,-1,-1,-1
437,9,915.31,555.15,120.66,161.27,1,-1,-1,-1
437,10,754.39,504.53,83.89,144.19,1,-1,-1,-1
437,11,1023.55,576.86,150.15,174.49,1,-1,-1,-1
437,13,754.08,582.39,142.20,162.91,1,-1,-1,-1
437,15,911.37,579.80,73.14,139.32,1,-1,-1,-1
437,21,904.62,517.63,72.39,128.19,1,-1,-1,-1
437,23,831.22,456.64,80.13,164.28,1,-1,-1,-1
437,25,730.50,474.44,79.10,148.87,1,-1,-1,-1
437,26,1205.78,628.06,118.90,181.00,1,-1,-1,-1
437,27,695.13,439.70,89.35,172.63,1,-1,-1,-1
437,28,721.13,408.75,95.99,187.28,1,-1,-1,-1
437,29,309.63,662.24,141.65,152.28,1,-1,-1,-1
437,30,987.65,407.68,53.52,152.41,1,-1,-1,-1
437,31,943.96,400.77,63.91,169.00,1,-1,-1,-1
437,32,1069.41,453.68,103.71,161.55,1,-1,-1,-1
437,33,719.28,545.99,76.23,159.53,1,-1,-1,-1
437,35,1072.26,441.05,65.07,156.51,1,-1,-1,-1
437,39,1004.06,469.06,85.78,155.20,1,-1,-1,-1
437,40,731.44,403.51,87.27,172.03,1,-1,-1,-1
437,41,1029.66,415.78,53.15,143.91,1,-1,-1,-1
437,43,847.79,535.61,62.54,142.31,1,-1,-1,-1
438,1,494.46,594.01,126.03,172.44,1,-1,-1,-1
438,2,653.21,540.84,112.31,173.96,1,-1,-1,-1
438,9,915.68,554.72,119.39,161.28,1,-1,-1,-1
438,10,753.59,504.97,83.81,143.34,1,-1,-1,-1
438,11,1023.80,576.59,149.90,175.06,1,-1,-1,-1
438,13,754.15,582.52,141.70,162.73,1,-1,-1,-1
438,15,910.41,579.82,74.06,139.01,1,-1,-1,-1
438,21,904.67,518.12,71.90,127.53,1,-1,-1,-1
438,23,829.36,454.95,81.93,171.80,1,-1,-1,-1
438,25,730.50,474.44,79.10,148.87,1,-1,-1,-1
438,26,1205.62,627.54,118.81,181.30,1,-1,-1,-1
438,27,692.72,436.46,89.57,173.71,1,-1,-1,-1
438,28,729.17,407.02,89.54,183.87,1,-1,-1,-1
438,29,310.12,661.91,141.28,152.16,1,-1,-1,-1
438,30,987.65,407.68,53.52,152.41,1,-1,-1,-1
438,31,942.73,400.59,62.78,169.14,1,-1,-1,-1
438,32,1068.64,450.89,108.89,165.11,1,-1,-1,-1
438,33,717.77,545.56,76.82,161.44,1,-1,-1,-1
438,35,1071.09,441.97,66.87,156.93,1,-1,-1,-1
438,39,1003.48,469.74,82.70,152.89,1,-1,-1,-1
438,40,731.44,403.51,87.27,172.03,1,-1,-1,-1
438,41,1025.28,414.98,61.77,157.28,1,-1,-1,-1
438,43,847.96,533.88,62.71,142.75,1,-1,-1,-1
439,1,493.67,594.40,126.36,172.32,1,-1,-1,-1
439,2,653.75,541.80,110.82,172.96,1,-1,-1,-1
439,9,914.64,553.95,118.85,162.70,1,-1,-1,-1
439,10,751.30,504.62,86.10,146.04,1,-1,-1,-1
439,11,1023.48,576.79,149.85,175.28,1,-1,-1,-1
439,13,753.53,582.19,142.41,163.11,1,-1,-1,-1
439,15,909.41,574.79,76.40,144.10,1,-1,-1,-1
439,21,905.07,517.89,71.60,130.10,1,-1,-1,-1
439,23,828.32,454.81,83.83,171.88,1,-1,-1,-1
439,25,730.50,474.44,79.10,148.87,1,-1,-1,-1
439,26,1205.66,626.86,118.59,182.08,1,-1,-1,-1
439,27,691.59,436.77,88.47,172.50,1,-1,-1,-1
439,28,731.17,406.96,88.50,182.38,1,-1,-1,-1
439,29,310.07,661.15,141.50,153.33,1,-1,-1,-1
439,30,987.65,407.68,53.52,152.41,1,-1,-1,-1
439,31,939.81,401.47,64.63,167.75,1,-1,-1,-1
439,32,1069.11,455.79,111.84,161.82,1,-1,-1,-1
439,33,717.77,545.56,76.82,161.44,1,-1,-1,-1
439,35,1070.28,442.45,69.72,156.17,1,-1,-1,-1
439,39,1005.96,470.15,79.29,157.17,1,-1,-1,-1
439,40,731.44,403.51,87.27,172.03,1,-1,-1,-1
439,41,1023.97,414.25,63.15,160.18,1,-1,-1,-1
439,43,847.54,533.42,64.46,143.79,1,-1,-1,-1
440,1,493.57,594.24,126.18,172.37,1,-1,-1,-1
440,2,653.71,541.86,109.42,173.41,1,-1,-1,-1
440,9,913.99,552.37,120.00,164.80,1,-1,-1,-1
440,10,749.53,504.13,87.80,152.64,1,-1,-1,-1
440,11,1023.28,575.48,150.38,176.79,1,-1,-1,-1
440,13,753.43,582.32,142.37,163.09,1,-1,-1,-1
440,15,909.57,575.26,75.00,143.83,1,-1,-1,-1
440,21,906.15,517.60,70.97,132.84,1,-1,-1,-1
440,23,827.60,454.90,85.15,173.10,1,-1,-1,-1
440,25,730.50,474.44,79.10,148.87,1,-1,-1,-1
440,26,1205.59,628.27,118.40,180.76,1,-1,-1,-1
440,27,690.88,437.10,89.81,174.34,1,-1,-1,-1
440,28,731.47,406.31,89.90,184.44,1,-1,-1,-1
440,29,310.01,660.97,141.85,153.64,1,-1,-1,-1
440,30,989.36,408.10,56.23,153.48,1,-1,-1,-1
440,31,938.41,401.88,65.42,170.23,1,-1,-1,-1
440,32,1068.69,457.27,112.01,161.15,1,-1,-1,-1
440,33,717.77,545.56,76.82,161.44,1,-1,-1,-1
440,35,1070.33,442.37,69.14,155.49,1,-1,-1,-1
440,39,1005.06,469.95,79.87,160.07,1,-1,-1,-1
440,40,731.44,403.51,87.27,172.03,1,-1,-1,-1
440,41,1024.42,413.91,62.43,160.82,1,-1,-1,-1
440,43,846.53,533.75,65.40,144.59,1,-1,-1,-1
441,1,492.71,593.84,126.98,173.16,1,-1,-1,-1
441,2,653.73,544.16,111.37,170.94,1,-1,-1,-1
441,9,912.71,551.81,122.52,165.43,1,-1,-1,-1
441,10,748.09,508.68,91.72,155.39,1,-1,-1,-1
441,11,1023.48,575.47,150.24,176.54,1,-1,-1,-1
441,13,753.70,583.05,141.90,162.17,1,-1,-1,-1
441,15,909.57,575.26,75.00,143.83,1,-1,-1,-1
441,21,905.14,517.29,71.98,131.47,1,-1,-1,-1
441,23,828.18,454.37,84.68,173.82,1,-1,-1,-1
441,25,730.50,474.44,79.10,148.87,1,-1,-1,-1
441,26,1205.26,627.85,119.27,181.02,1,-1,-1,-1
441,27,690.88,437.10,89.81,174.34,1,-1,-1,-1
441,28,731.28,405.83,90.95,182.58,1,-1,-1,-1
441,29,310.67,661.02,141.12,152.77,1,-1,-1,-1
441,30,988.59,408.35,56.92,152.65,1,-1,-1,-1
441,31,937.15,402.02,65.83,170.01,1,-1,-1,-1
441,32,1068.59,457.34,112.36,160.42,1,-1,-1,-1
441,33,717.77,545.56,76.82,161.44,1,-1,-1,-1
441,35,1070.83,442.57,71.29,155.08,1,-1,-1,-1
441,39,999.44,469.97,85.30,158.85,1,-1,-1,-1
441,40,731.44,403.51,87.27,172.03,1,-1,-1,-1
441,41,1025.19,413.83,62.41,159.69,1,-1,-1,-1
441,43,846.90,532.88,66.63,143.74,1,-1,-1,-1
442,1,493.10,594.02,126.66,172.82,1,-1,-1,-1
442,2,654.30,544.53,110.97,170.50,1,-1,-1,-1
442,9,912.09,551.76,122.06,165.65,1,-1,-1,-1
442,10,746.84,510.37,92.70,154.90,1,-1,-1,-1
442,11,1023.89,576.05,149.69,176.32,1,-1,-1,-1
442,13,753.49,583.15,141.84,162.07,1,-1,-1,-1
442,15,909.57,575.26,75.00,143.83,1,-1,-1,-1
442,21,905.64,517.88,72.08,132.52,1,-1,-1,-1
442,23,828.05,454.18,84.95,169.73,1,-1,-1,-1
442,25,736.38,504.48,101.68,176.06,1,-1,-1,-1
442,26,1204.85,627.76,119.61,181.37,1,-1,-1,-1
442,27,690.88,437.10,89.81,174.34,1,-1,-1,-1
442,28,730.21,405.36,95.14,183.60,1,-1,-1,-1
442,29,310.62,661.05,141.25,153.53,1,-1,-1,-1
442,30,988.08,407.92,57.38,151.80,1,-1,-1,-1
442,31,935.94,401.88,66.88,168.73,1,-1,-1,-1
442,32,1069.33,458.04,111.45,160.32,1,-1,-1,-1
442,33,717.77,545.56,76.82,161.44,1,-1,-1,-1
442,35,1071.36,442.55,70.68,153.59,1,-1,-1,-1
442,39,1000.85,470.08,83.38,157.22,1,-1,-1,-1
442,40,731.44,403.51,87.27,172.03,1,-1,-1,-1
442,41,1025.47,414.02,61.89,158.11,1,-1,-1,-1
442,43,847.49,529.62,67.44,147.97,1,-1,-1,-1
443,1,493.31,594.26,126.31,172.68,1,-1,-1,-1
443,2,654.69,544.41,109.68,170.84,1,-1,-1,-1
443,9,911.62,552.48,122.96,165.05,1,-1,-1,-1
443,10,748.86,510.42,90.94,151.53,1,-1,-1,-1
443,11,1024.19,576.69,149.38,175.74,1,-1,-1,-1
443,13,753.63,582.69,141.99,162.54,1,-1,-1,-1
443,15,909.57,575.26,75.00,143.83,1,-1,-1,-1
443,21,904.69,518.60,74.46,133.44,1,-1,-1,-1
443,23,826.43,454.31,85.08,167.39,1,-1,-1,-1
443,25,736.38,504.48,101.68,176.06,1,-1,-1,-1
443,26,1204.63,628.60,119.69,180.62,1,-1,-1,-1
443,27,690.88,437.10,89.81,174.34,1,-1,-1,-1
443,28,730.25,405.46,100.83,183.32,1,-1,-1,-1
443,29,310.46,660.64,141.15,155.05,1,-1,-1,-1
443,30,987.67,408.08,57.87,151.04,1,-1,-1,-1
443,31,934.26,401.54,69.09,168.99,1,-1,-1,-1
443,32,1069.41,459.96,109.45,158.95,1,-1,-1,-1
443,33,717.77,545.56,76.82,161.44,1,-1,-1,-1
443,35,1071.42,442.43,69.63,151.61,1,-1,-1,-1
443,39,1001.82,469.59,82.95,154.23,1,-1,-1,-1
443,41,1025.48,414.54,61.77,157.17,1,-1,-1,-1
443,43,845.40,529.28,67.97,148.01,1,-1,-1,-1
444,1,493.46,594.51,126.20,172.17,1,-1,-1,-1
444,2,654.14,544.10,110.43,170.86,1,-1,-1,-1
444,9,912.60,553.56,121.86,164.45,1,-1,-1,-1
444,10,749.13,509.88,90.71,152.52,1,-1,-1,-1
444,11,1024.05,576.91,149.29,175.19,1,-1,-1,-1
444,13,753.93,582.96,141.59,162.33,1,-1,-1,-1
444,15,906.82,570.89,77.95,149.49,1,-1,-1,-1
444,21,904.61,518.13,74.86,133.01,1,-1,-1,-1
444,23,826.10,454.17,84.77,170.10,1,-1,-1,-1
444,25,736.38,504.48,101.68,176.06,1,-1,-1,-1
444,26,1204.77,628.71,119.16,180.70,1,-1,-1,-1
444,27,690.88,437.10,89.81,174.34,1,-1,-1,-1
444,28,732.13,405.60,99.48,184.28,1,-1,-1,-1
444,29,310.22,660.18,141.26,155.47,1,-1,-1,-1
444,30,988.53,408.07,57.63,150.23,1,-1,-1,-1
444,31,933.64,401.53,69.85,170.03,1,-1,-1,-1
444,32,1069.26,458.66,108.84,159.68,1,-1,-1,-1
444,35,1071.05,442.50,69.52,152.09,1,-1,-1,-1
444,39,1001.88,469.82,81.85,154.13,1,-1,-1,-1
444,40,739.42,405.97,85.36,159.06,1,-1,-1,-1
444,41,1025.52,414.56,61.82,158.67,1,-1,-1,-1
444,43,845.09,527.98,66.85,149.21,1,-1,-1,-1
445,1,493.62,594.66,125.90,171.92,1,-1,-1,-1
445,2,654.01,543.32,110.10,171.48,1,-1,-1,-1
445,9,918.34,550.27,115.39,165.39,1,-1,-1,-1
445,10,751.70,506.01,88.95,150.77,1,-1,-1,-1
445,11,1023.23,577.62,149.96,174.29,1,-1,-1,-1
445,13,754.24,582.80,141.01,162.82,1,-1,-1,-1
445,15,907.23,574.18,76.16,146.04,1,-1,-1,-1
445,20,938.48,543.12,92.19,143.78,1,-1,-1,-1
445,21,906.29,517.90,74.35,136.37,1,-1,-1,-1
445,23,826.91,455.11,83.61,166.08,1,-1,-1,-1
445,25,736.38,504.48,101.68,176.06,1,-1,-1,-1
445,26,1204.79,628.40,119.79,180.82,1,-1,-1,-1
445,27,690.88,437.10,89.81,174.34,1,-1,-1,-1
445,28,723.41,463.04,79.52,171.99,1,-1,-1,-1
445,29,309.37,659.49,142.12,156.15,1,-1,-1,-1
445,30,987.94,407.73,57.79,146.78,1,-1,-1,-1
445,31,933.20,401.65,70.60,167.61,1,-1,-1,-1
445,32,1069.65,461.21,108.01,158.01,1,-1,-1,-1
445,35,1071.02,442.73,69.05,151.98,1,-1,-1,-1
445,39,1000.47,469.83,84.50,155.56,1,-1,-1,-1
445,40,740.55,406.66,82.87,152.81,1,-1,-1,-1
445,41,1025.52,414.56,61.82,158.67,1,-1,-1,-1
445,43,844.95,529.57,68.69,145.40,1,-1,-1,-1
445,45,1029.38,414.57,53.17,140.79,1,-1,-1,-1
446,1,493.88,594.77,125.60,171.91,1,-1,-1,-1
446,2,653.28,542.69,111.37,171.31,1,-1,-1,-1
446,9,915.24,550.87,118.69,165.97,1,-1,-1,-1
446,10,750.84,505.05,91.68,153.15,1,-1,-1,-1
446,11,1023.23,576.99,150.41,175.19,1,-1,-1,-1
446,13,754.15,583.87,140.98,162.06,1,-1,-1,-1
446,15,907.42,573.19,76.82,146.85,1,-1,-1,-1
446,20,939.06,550.67,92.47,147.64,1,-1,-1,-1
446,21,906.18,517.72,75.36,137.61,1,-1,-1,-1
446,23,827.30,455.04,83.83,170.03,1,-1,-1,-1
446,25,736.42,505.50,108.57,190.62,1,-1,-1,-1
446,26,1204.97,627.99,119.70,181.42,1,-1,-1,-1
446,28,721.41,468.40,78.45,174.18,1,-1,-1,-1
446,29,309.24,659.34,142.21,156.32,1,-1,-1,-1
446,30,987.28,407.42,59.64,149.54,1,-1,-1,-1
446,31,932.05,400.83,71.89,170.45,1,-1,-1,-1
446,32,1069.21,460.53,109.36,158.81,1,-1,-1,-1
446,35,1071.07,442.55,69.82,152.14,1,-1,-1,-1
446,39,1000.06,470.28,84.21,156.42,1,-1,-1,-1
446,40,734.12,405.99,95.40,179.72,1,-1,-1,-1
446,41,1025.52,414.56,61.82,158.67,1,-1,-1,-1
446,43,844.94,530.11,69.26,144.49,1,-1,-1,-1
446,45,1029.38,414.57,53.17,140.79,1,-1,-1,-1
447,1,493.53,594.42,125.45,172.32,1,-1,-1,-1
447,2,652.89,542.33,111.71,171.93,1,-1,-1,-1
447,9,911.85,551.23,122.85,166.47,1,-1,-1,-1
447,10,750.84,505.05,91.68,153.15,1,-1,-1,-1
447,11,1023.15,576.94,150.17,175.18,1,-1,-1,-1
447,13,753.50,585.09,142.17,160.76,1,-1,-1,-1
447,15,907.42,573.19,76.82,146.85,1,-1,-1,-1
447,20,939.06,550.67,92.47,147.64,1,-1,-1,-1
447,21,903.98,518.22,77.14,134.30,1,-1,-1,-1
447,23,827.00,454.81,83.94,167.90,1,-1,-1,-1
447,25,736.03,505.74,109.95,194.96,1,-1,-1,-1
447,26,1205.10,627.71,119.49,181.40,1,-1,-1,-1
447,27,691.69,439.75,89.05,178.97,1,-1,-1,-1
447,28,721.41,468.40,78.45,174.18,1,-1,-1,-1
447,29,309.03,658.94,142.44,156.90,1,-1,-1,-1
447,30,987.62,407.44,59.55,149.43,1,-1,-1,-1
447,31,931.82,400.70,71.57,169.99,1,-1,-1,-1
447,32,1069.73,458.39,110.28,160.84,1,-1,-1,-1
447,35,1072.07,442.33,69.50,152.00,1,-1,-1,-1
447,39,999.68,470.54,83.51,155.54,1,-1,-1,-1
447,40,735.26,406.87,86.21,177.37,1,-1,-1,-1
447,41,1025.58,414.18,61.90,158.69,1,-1,-1,-1
447,43,844.76,527.73,67.92,147.76,1,-1,-1,-1
447,45,1029.38,414.57,53.17,140.79,1,-1,-1,-1
448,1,493.48,594.02,125.17,172.64,1,-1,-1,-1
448,2,652.58,541.72,112.47,172.90,1,-1,-1,-1
448,9,911.62,550.84,122.48,166.91,1,-1,-1,-1
448,10,750.84,505.05,91.68,153.15,1,-1,-1,-1
448,11,1023.55,578.07,149.53,174.16,1,-1,-1,-1
448,13,753.56,585.02,143.03,160.72,1,-1,-1,-1
448,15,907.42,573.19,76.82,146.85,1,-1,-1,-1
448,20,939.06,550.67,92.47,147.64,1,-1,-1,-1
448,21,902.44,518.23,78.18,135.40,1,-1,-1,-1
448,23,827.39,455.12,83.77,167.84,1,-1,-1,-1
448,25,736.84,505.31,109.75,187.36,1,-1,-1,-1
448,26,1205.02,627.05,119.46,181.88,1,-1,-1,-1
448,27,691.60,440.16,89.03,177.92,1,-1,-1,-1
448,28,721.41,468.40,78.45,174.18,1,-1,-1,-1
448,29,309.20,659.19,142.49,156.38,1,-1,-1,-1
448,30,987.58,407.54,59.64,148.99,1,-1,-1,-1
448,31,931.95,400.80,71.43,168.41,1,-1,-1,-1
448,32,1070.27,458.24,109.06,160.54,1,-1,-1,-1
448,35,1072.43,442.43,68.66,151.23,1,-1,-1,-1
448,39,1000.29,470.98,82.82,153.26,1,-1,-1,-1
448,40,735.16,406.57,85.54,176.70,1,-1,-1,-1
448,41,1025.55,414.17,62.01,157.78,1,-1,-1,-1
448,43,844.79,526.96,67.46,147.73,1,-1,-1,-1
448,45,1029.38,414.57,53.17,140.79,1,-1,-1,-1
449,1,493.34,594.22,125.32,173.00,1,-1,-1,-1
449,2,652.26,541.01,111.98,173.94,1,-1,-1,-1
449,9,910.95,551.16,123.23,167.26,1,-1,-1,-1
449,10,750.84,505.05,91.68,153.15,1,-1,-1,-1
449,11,1023.08,577.34,149.86,175.06,1,-1,-1,-1
449,13,753.43,585.66,143.43,160.10,1,-1,-1,-1
449,15,907.42,573.19,76.82,146.85,1,-1,-1,-1
449,20,939.06,550.67,92.47,147.64,1,-1,-1,-1
449,21,903.82,518.63,77.05,137.38,1,-1,-1,-1
449,23,827.25,454.71,84.66,172.17,1,-1,-1,-1
449,25,736.98,504.03,109.71,195.36,1,-1,-1,-1
449,26,1205.12,627.90,119.07,181.08,1,-1,-1,-1
449,27,690.62,440.08,91.15,180.51,1,-1,-1,-1
449,28,721.41,468.40,78.45,174.18,1,-1,-1,-1
449,29,309.23,659.42,142.62,156.62,1,-1,-1,-1
449,30,987.68,407.54,59.99,151.57,1,-1,-1,-1
449,31,930.84,400.11,72.75,171.75,1,-1,-1,-1
449,32,1069.26,455.94,110.79,162.12,1,-1,-1,-1
449,35,1071.26,442.86,70.61,152.64,1,-1,-1,-1
449,39,1000.52,470.63,82.01,156.09,1,-1,-1,-1
449,40,734.13,407.13,84.76,179.10,1,-1,-1,-1
449,41,1025.18,414.03,62.67,161.01,1,-1,-1,-1
449,43,845.97,526.96,67.17,148.44,1,-1,-1,-1
449,44,671.21,417.92,70.23,148.78,1,-1,-1,-1
449,45,1029.38,414.57,53.17,140.79,1,-1,-1,-1
450,1,493.11,594.23,125.92,173.20,1,-1,-1,-1
450,2,652.16,541.35,111.80,173.79,1,-1,-1,-1
450,9,910.93,551.76,123.20,166.67,1,-1,-1,-1
450,10,750.84,505.05,91.68,153.15,1,-1,-1,-1
450,11,1022.66,576.61,150.54,175.91,1,-1,-1,-1
450,13,753.01,585.26,143.51,160.23,1,-1,-1,-1
450,15,907.42,573.19,76.82,146.85,1,-1,-1,-1
450,20,939.06,550.67,92.47,147.64,1,-1,-1,-1
450,21,903.48,517.82,76.82,137.57,1,-1,-1,-1
450,23,827.75,455.24,83.34,172.01,1,-1,-1,-1
450,25,737.28,503.71,108.76,194.27,1,-1,-1,-1
450,26,1205.36,627.81,118.82,181.27,1,-1,-1,-1
450,27,690.51,440.32,90.86,180.21,1,-1,-1,-1
450,28,721.41,468.40,78.45,174.18,1,-1,-1,-1
450,29,308.93,659.48,143.11,156.33,1,-1,-1,-1
450,30,987.72,407.58,61.84,151.42,1,-1,-1,-1
450,31,930.74,400.03,72.62,170.46,1,-1,-1,-1
450,32,1069.28,456.15,109.82,162.03,1,-1,-1,-1
450,35,1071.02,442.93,70.49,151.72,1,-1,-1,-1
450,39,1000.62,470.73,82.03,155.76,1,-1,-1,-1
450,40,734.16,407.35,82.46,177.17,1,-1,-1,-1
450,41,1024.38,414.25,63.90,160.75,1,-1,-1,-1
450,43,845.84,528.77,67.18,145.97,1,-1,-1,-1
450,44,670.48,418.29,70.23,149.05,1,-1,-1,-1
450,45,1029.38,414.57,53.17,140.79,1,-1,-1,-1
451,1,492.95,594.27,126.03,172.96,1,-1,-1,-1
451,2,652.75,541.71,111.42,173.26,1,-1,-1,-1
451,9,911.86,550.62,122.46,167.43,1,-1,-1,-1
451,10,750.73,503.46,90.86,153.29,1,-1,-1,-1
451,11,1022.98,576.36,150.22,176.10,1,-1,-1,-1
451,13,753.74,585.04,142.31,160.59,1,-1,-1,-1
451,15,907.42,573.19,76.82,146.85,1,-1,-1,-1
451,20,939.06,550.67,92.47,147.64,1,-1,-1,-1
451,21,903.66,516.61,76.00,140.76,1,-1,-1,-1
451,23,827.47,455.20,83.96,173.44,1,-1,-1,-1
451,25,736.78,503.37,108.25,193.90,1,-1,-1,-1
451,26,1205.93,627.49,118.10,181.50,1,-1,-1,-1
451,27,691.10,440.10,89.70,180.08,1,-1,-1,-1
451,28,721.41,468.40,78.45,174.18,1,-1,-1,-1
451,29,308.94,659.07,143.08,156.82,1,-1,-1,-1
451,30,987.17,407.88,61.64,152.67,1,-1,-1,-1
451,31,931.26,399.69,71.63,171.72,1,-1,-1,-1
451,32,1069.00,454.33,109.14,165.33,1,-1,-1,-1
451,35,1070.92,443.93,70.04,150.90,1,-1,-1,-1
451,39,1000.49,470.65,81.97,156.41,1,-1,-1,-1
451,40,735.13,407.12,83.82,179.07,1,-1,-1,-1
451,41,1024.35,414.30,64.30,161.60,1,-1,-1,-1
451,43,845.65,528.61,66.76,146.82,1,-1,-1,-1
451,44,670.62,418.18,70.77,151.23,1,-1,-1,-1
452,1,493.08,594.42,125.86,172.67,1,-1,-1,-1
452,2,653.80,541.54,110.72,173.32,1,-1,-1,-1
452,9,911.91,550.66,122.19,167.11,1,-1,-1,-1
452,10,750.56,503.51,90.57,153.25,1,-1,-1,-1
452,11,1022.73,576.88,150.26,175.44,1,-1,-1,-1
452,13,753.83,583.17,142.66,162.98,1,-1,-1,-1
452,21,902.04,516.15,76.79,139.76,1,-1,-1,-1
452,23,827.27,455.62,83.42,171.67,1,-1,-1,-1
452,25,736.44,503.52,108.26,194.75,1,-1,-1,-1
452,26,1205.78,627.82,118.28,181.22,1,-1,-1,-1
452,27,691.05,439.98,89.63,178.37,1,-1,-1,-1
452,28,814.33,457.41,87.75,205.90,1,-1,-1,-1
452,29,308.92,658.91,143.10,157.09,1,-1,-1,-1
452,30,986.95,408.06,61.56,151.87,1,-1,-1,-1
452,31,931.18,399.57,70.91,171.78,1,-1,-1,-1
452,32,1068.99,453.61,108.56,164.39,1,-1,-1,-1
452,35,1070.72,444.22,70.36,150.48,1,-1,-1,-1
452,39,1000.04,470.79,81.98,155.56,1,-1,-1,-1
452,40,733.89,407.21,82.60,177.93,1,-1,-1,-1
452,41,1024.17,414.73,64.24,160.04,1,-1,-1,-1
452,43,845.09,525.08,66.88,150.09,1,-1,-1,-1
452,44,669.23,418.51,71.03,150.58,1,-1,-1,-1
453,1,493.19,594.60,125.70,172.55,1,-1,-1,-1
453,2,653.82,542.24,110.91,172.58,1,-1,-1,-1
453,9,911.96,550.01,121.64,167.22,1,-1,-1,-1
453,10,750.25,503.74,89.55,151.30,1,-1,-1,-1
453,11,1022.89,576.51,150.06,175.49,1,-1,-1,-1
453,13,754.16,581.33,142.14,164.95,1,-1,-1,-1
453,21,901.45,515.79,78.46,140.83,1,-1,-1,-1
453,23,826.21,455.10,84.12,171.03,1,-1,-1,-1
453,25,735.94,504.00,106.86,188.89,1,-1,-1,-1
453,26,1205.74,627.55,118.23,181.40,1,-1,-1,-1
453,27,718.98,466.58,77.07,168.31,1,-1,-1,-1
453,28,822.22,455.87,90.48,210.18,1,-1,-1,-1
453,29,309.24,658.42,142.76,156.35,1,-1,-1,-1
453,30,986.86,408.21,61.19,150.86,1,-1,-1,-1
453,31,931.86,399.20,69.90,171.32,1,-1,-1,-1
453,32,1069.35,458.18,110.14,161.09,1,-1,-1,-1
453,35,1070.63,444.70,69.77,149.14,1,-1,-1,-1
453,39,1000.99,470.84,81.65,155.46,1,-1,-1,-1
453,40,733.20,406.55,91.02,182.29,1,-1,-1,-1
453,41,1024.17,414.71,63.74,159.01,1,-1,-1,-1
453,43,845.09,525.08,66.88,150.09,1,-1,-1,-1
453,44,671.58,418.23,71.17,150.11,1,-1,-1,-1
454,1,493.48,594.84,125.19,172.21,1,-1,-1,-1
454,2,653.48,542.73,111.72,171.96,1,-1,-1,-1
454,9,910.69,549.52,122.77,167.78,1,-1,-1,-1
454,10,749.24,503.96,91.08,149.66,1,-1,-1,-1
454,11,1023.13,575.43,149.98,176.45,1,-1,-1,-1
454,13,754.54,582.32,141.69,164.11,1,-1,-1,-1
454,21,895.06,513.71,90.37,167.43,1,-1,-1,-1
454,23,825.95,454.30,84.49,170.18,1,-1,-1,-1
454,25,735.99,504.37,106.53,182.36,1,-1,-1,-1
454,26,1206.10,627.03,117.28,182.26,1,-1,-1,-1
454,27,718.98,466.58,77.07,168.31,1,-1,-1,-1
454,28,823.14,454.61,91.79,206.94,1,-1,-1,-1
454,29,308.59,658.81,143.24,156.37,1,-1,-1,-1
454,30,986.03,408.25,63.55,151.87,1,-1,-1,-1
454,31,930.37,398.84,71.25,172.09,1,-1,-1,-1
454,32,1068.68,459.84,110.70,159.24,1,-1,-1,-1
454,35,1069.73,444.87,71.38,149.96,1,-1,-1,-1
454,39,1000.21,470.46,82.59,157.13,1,-1,-1,-1
454,40,731.82,406.58,95.84,183.49,1,-1,-1,-1
454,41,1022.54,414.15,65.59,161.99,1,-1,-1,-1
454,43,845.09,525.08,66.88,150.09,1,-1,-1,-1
454,44,672.02,418.17,72.18,150.28,1,-1,-1,-1
454,45,1022.37,413.61,59.82,149.31,1,-1,-1,-1
455,1,494.40,595.31,124.11,171.59,1,-1,-1,-1
455,2,653.88,543.27,110.95,171.51,1,-1,-1,-1
455,9,910.52,548.48,122.20,168.76,1,-1,-1,-1
455,10,747.29,504.67,93.41,146.78,1,-1,-1,-1
455,11,1023.45,577.04,149.33,174.44,1,-1,-1,-1
455,13,754.34,582.06,142.17,164.09,1,-1,-1,-1
455,21,895.06,513.71,90.37,167.43,1,-1,-1,-1
455,23,826.20,454.07,84.15,173.25,1,-1,-1,-1
455,25,736.44,503.96,105.21,175.47,1,-1,-1,-1
455,26,1206.17,625.00,117.46,184.29,1,-1,-1,-1
455,27,718.98,466.58,77.07,168.31,1,-1,-1,-1
455,28,824.86,454.27,91.72,215.00,1,-1,-1,-1
455,29,308.67,659.70,142.77,155.08,1,-1,-1,-1
455,30,986.35,408.35,64.22,150.99,1,-1,-1,-1
455,31,929.66,399.04,72.14,171.78,1,-1,-1,-1
455,32,1069.46,456.73,111.64,161.39,1,-1,-1,-1
455,35,1070.53,445.28,71.32,148.50,1,-1,-1,-1
455,39,1000.12,470.21,83.94,155.09,1,-1,-1,-1
455,40,731.49,407.20,95.14,179.76,1,-1,-1,-1
455,41,1021.95,414.65,66.54,161.80,1,-1,-1,-1
455,43,845.09,525.08,66.88,150.09,1,-1,-1,-1
455,44,672.09,418.06,73.57,149.33,1,-1,-1,-1
455,45,1022.37,413.61,59.82,149.31,1,-1,-1,-1
456,1,494.71,595.53,123.94,170.86,1,-1,-1,-1
456,2,654.45,542.65,111.08,172.34,1,-1,-1,-1
456,9,911.14,547.62,121.71,169.35,1,-1,-1,-1
456,10,747.20,504.89,93.84,148.70,1,-1,-1,-1
456,11,1023.40,577.79,148.70,173.37,1,-1,-1,-1
456,13,753.92,581.02,143.02,164.95,1,-1,-1,-1
456,21,895.06,513.71,90.37,167.43,1,-1,-1,-1
456,23,826.85,454.25,84.43,174.63,1,-1,-1,-1
456,25,736.44,503.96,105.21,175.47,1,-1,-1,-1
456,26,1205.01,623.35,119.10,185.82,1,-1,-1,-1
456,27,692.26,443.75,91.94,172.41,1,-1,-1,-1
456,28,824.44,453.64,94.02,212.64,1,-1,-1,-1
456,29,309.09,660.07,142.10,154.71,1,-1,-1,-1
456,30,985.84,408.54,63.43,149.99,1,-1,-1,-1
456,31,929.98,399.14,71.60,171.25,1,-1,-1,-1
456,32,1070.19,456.37,110.56,161.36,1,-1,-1,-1
456,35,1071.32,445.34,70.71,146.77,1,-1,-1,-1
456,39,1000.42,470.57,83.42,153.52,1,-1,-1,-1
456,40,731.72,407.16,92.20,178.67,1,-1,-1,-1
456,41,1022.89,414.91,64.58,158.83,1,-1,-1,-1
456,43,845.09,525.08,66.88,150.09,1,-1,-1,-1
456,44,672.64,417.76,73.96,149.89,1,-1,-1,-1
456,45,1022.37,413.61,59.82,149.31,1,-1,-1,-1
457,1,495.66,595.81,122.09,171.29,1,-1,-1,-1
457,2,653.71,540.44,111.42,173.95,1,-1,-1,-1
457,9,911.95,547.04,119.50,172.25,1,-1,-1,-1
457,10,749.08,503.49,91.31,153.50,1,-1,-1,-1
457,11,1023.51,575.01,149.37,178.00,1,-1,-1,-1
457,13,754.41,579.40,142.21,166.90,1,-1,-1,-1
457,20,939.65,548.84,90.70,161.07,1,-1,-1,-1
457,21,892.45,514.34,92.26,179.70,1,-1,-1,-1
457,23,825.56,456.15,88.87,189.60,1,-1,-1,-1
457,25,736.44,503.96,105.21,175.47,1,-1,-1,-1
457,26,1203.64,622.50,119.77,187.43,1,-1,-1,-1
457,27,690.95,442.40,92.45,164.95,1,-1,-1,-1
457,28,824.44,453.64,94.02,212.64,1,-1,-1,-1
457,29,309.76,655.90,141.63,158.37,1,-1,-1,-1
457,30,1059.12,466.11,83.99,143.82,1,-1,-1,-1
457,31,931.37,400.17,70.97,165.21,1,-1,-1,-1
457,32,1072.48,470.30,104.85,151.33,1,-1,-1,-1
457,35,1074.08,445.31,66.69,144.30,1,-1,-1,-1
457,39,1003.17,471.06,77.94,156.23,1,-1,-1,-1
457,40,738.10,409.68,87.69,165.56,1,-1,-1,-1
457,41,1007.45,413.90,78.75,163.17,1,-1,-1,-1
457,43,845.09,525.08,66.88,150.09,1,-1,-1,-1
457,44,672.48,419.37,71.59,140.06,1,-1,-1,-1
457,45,1020.36,414.55,60.32,143.14,1,-1,-1,-1
458,1,496.03,595.48,121.98,170.94,1,-1,-1,-1
458,2,653.27,538.62,112.39,175.90,1,-1,-1,-1
458,9,909.98,545.72,120.89,173.62,1,-1,-1,-1
458,10,750.12,503.94,91.60,154.79,1,-1,-1,-1
458,11,1021.85,571.78,151.24,181.01,1,-1,-1,-1
458,13,755.02,577.63,142.80,169.59,1,-1,-1,-1
458,20,997.46,579.66,85.07,158.12,1,-1,-1,-1
458,21,890.43,513.23,95.63,172.93,1,-1,-1,-1
458,23,825.56,456.15,88.87,189.60,1,-1,-1,-1
458,25,736.44,503.96,105.21,175.47,1,-1,-1,-1
458,26,1202.81,623.24,120.01,186.01,1,-1,-1,-1
458,27,691.81,442.25,90.49,167.51,1,-1,-1,-1
458,28,823.96,455.75,92.03,209.45,1,-1,-1,-1
458,29,310.50,655.28,141.68,159.21,1,-1,-1,-1
458,30,1053.18,493.81,77.07,139.68,1,-1,-1,-1
458,31,930.95,399.58,71.31,168.18,1,-1,-1,-1
458,32,1073.55,472.29,102.73,148.89,1,-1,-1,-1
458,35,1075.08,445.09,67.22,145.56,1,-1,-1,-1
458,39,1004.10,471.13,76.25,159.98,1,-1,-1,-1
458,40,738.48,409.07,94.32,170.64,1,-1,-1,-1
458,41,1005.51,413.36,80.41,166.84,1,-1,-1,-1
458,44,673.00,418.34,71.52,142.90,1,-1,-1,-1
458,45,1019.76,414.52,60.39,145.43,1,-1,-1,-1
458,46,981.96,599.31,59.93,117.93,1,-1,-1,-1
459,1,495.70,594.23,122.90,169.92,1,-1,-1,-1
459,2,653.07,538.72,111.56,175.86,1,-1,-1,-1
459,9,909.84,543.97,121.84,175.37,1,-1,-1,-1
459,10,750.12,503.94,91.60,154.79,1,-1,-1,-1
459,11,1020.55,565.17,148.65,186.51,1,-1,-1,-1
459,13,753.66,579.74,135.92,162.65,1,-1,-1,-1
459,20,1001.95,576.06,80.28,165.78,1,-1,-1,-1
459,21,882.82,512.95,101.34,183.46,1,-1,-1,-1
459,23,824.26,455.63,89.67,146.18,1,-1,-1,-1
459,25,734.55,511.42,108.73,172.69,1,-1,-1,-1
459,26,1192.96,618.72,129.26,188.77,1,-1,-1,-1
459,27,691.37,442.83,93.38,160.71,1,-1,-1,-1
459,28,823.96,455.75,92.03,209.45,1,-1,-1,-1
459,29,313.69,654.84,137.80,159.15,1,-1,-1,-1
459,30,1053.18,493.81,77.07,139.68,1,-1,-1,-1
459,31,929.27,399.23,72.62,168.99,1,-1,-1,-1
459,32,1073.79,461.18,105.92,157.49,1,-1,-1,-1
459,35,1074.31,448.65,67.89,143.97,1,-1,-1,-1
459,39,1004.39,472.76,77.10,154.68,1,-1,-1,-1
459,40,743.00,413.51,86.57,155.34,1,-1,-1,-1
459,41,999.07,411.34,87.43,168.56,1,-1,-1,-1
459,44,671.71,417.35,72.55,144.53,1,-1,-1,-1
459,45,1019.76,414.52,60.39,145.43,1,-1,-1,-1
459,46,981.96,599.31,59.93,117.93,1,-1,-1,-1
460,1,496.25,589.77,121.71,172.76,1,-1,-1,-1
460,2,652.08,539.87,112.35,173.96,1,-1,-1,-1
460,9,909.24,543.85,121.75,176.65,1,-1,-1,-1
460,10,750.12,503.94,91.60,154.79,1,-1,-1,-1
460,11,1019.93,562.08,149.25,188.19,1,-1,-1,-1
460,13,752.21,573.57,125.88,167.46,1,-1,-1,-1
460,20,1002.62,578.34,77.92,158.22,1,-1,-1,-1
460,21,882.88,513.39,101.08,190.02,1,-1,-1,-1
460,23,794.34,455.58,111.89,136.04,1,-1,-1,-1
460,25,733.57,512.47,108.46,177.56,1,-1,-1,-1
460,26,1184.28,614.27,136.92,192.25,1,-1,-1,-1
460,27,691.41,443.13,94.38,163.29,1,-1,-1,-1
460,28,823.96,455.75,92.03,209.45,1,-1,-1,-1
460,29,313.83,652.50,140.20,161.26,1,-1,-1,-1
460,30,1053.18,493.81,77.07,139.68,1,-1,-1,-1
460,31,930.52,400.37,70.40,162.22,1,-1,-1,-1
460,32,1070.68,469.56,110.85,148.77,1,-1,-1,-1
460,35,1074.31,448.65,67.89,143.97,1,-1,-1,-1
460,39,1003.16,472.80,79.18,154.83,1,-1,-1,-1
460,40,744.42,416.45,82.32,146.31,1,-1,-1,-1
460,41,999.07,411.34,87.43,168.56,1,-1,-1,-1
460,44,672.13,417.19,70.56,142.25,1,-1,-1,-1
460,45,1017.14,414.46,61.24,136.42,1,-1,-1,-1
460,46,981.96,599.31,59.93,117.93,1,-1,-1,-1
461,1,501.71,578.93,116.56,184.00,1,-1,-1,-1
461,2,651.89,540.60,112.47,173.03,1,-1,-1,-1
461,9,915.48,542.64,132.13,179.11,1,-1,-1,-1
461,10,732.28,480.86,88.94,138.63,1,-1,-1,-1
461,11,1017.24,558.21,152.66,192.20,1,-1,-1,-1
461,13,755.11,568.99,116.04,171.55,1,-1,-1,-1
461,20,998.53,571.15,86.72,164.03,1,-1,-1,-1
461,21,875.85,508.52,113.09,209.00,1,-1,-1,-1
461,23,832.62,458.52,74.45,136.80,1,-1,-1,-1
461,25,732.36,514.01,115.46,176.42,1,-1,-1,-1
461,26,1164.08,610.63,156.52,194.67,1,-1,-1,-1
461,27,691.10,444.48,92.77,164.50,1,-1,-1,-1
461,28,823.96,455.75,92.03,209.45,1,-1,-1,-1
461,29,314.90,650.67,158.06,159.86,1,-1,-1,-1
461,30,1053.18,493.81,77.07,139.68,1,-1,-1,-1
461,31,929.01,399.34,74.63,174.71,1,-1,-1,-1
461,32,1065.52,462.96,116.13,161.75,1,-1,-1,-1
461,33,725.97,516.05,111.51,164.95,1,-1,-1,-1
461,35,1074.31,448.65,67.89,143.97,1,-1,-1,-1
461,39,1001.94,472.01,75.71,159.99,1,-1,-1,-1
461,40,751.76,415.06,64.63,137.56,1,-1,-1,-1
461,41,1005.85,412.09,71.38,170.59,1,-1,-1,-1
461,44,672.13,417.19,70.56,142.25,1,-1,-1,-1
461,45,1017.14,414.46,61.24,136.42,1,-1,-1,-1
461,46,981.96,599.31,59.93,117.93,1,-1,-1,-1
462,1,502.13,571.05,115.67,190.27,1,-1,-1,-1
462,2,651.24,539.21,111.76,174.37,1,-1,-1,-1
462,9,911.29,540.79,132.80,180.29,1,-1,-1,-1
462,10,701.39,447.15,91.00,151.05,1,-1,-1,-1
462,11,1017.64,551.05,150.93,200.43,1,-1,-1,-1
462,13,755.55,569.39,111.45,170.62,1,-1,-1,-1
462,20,982.81,557.78,87.18,165.46,1,-1,-1,-1
462,21,876.92,505.14,110.87,204.27,1,-1,-1,-1
462,23,829.04,452.87,72.62,144.44,1,-1,-1,-1
462,25,732.83,510.95,106.83,190.54,1,-1,-1,-1
462,26,1154.47,607.78,156.08,200.21,1,-1,-1,-1
462,27,690.91,447.16,91.94,163.41,1,-1,-1,-1
462,28,823.96,455.75,92.03,209.45,1,-1,-1,-1
462,29,310.86,642.90,173.95,169.78,1,-1,-1,-1
462,30,1059.38,453.75,75.52,171.28,1,-1,-1,-1
462,31,927.77,399.95,75.72,172.47,1,-1,-1,-1
462,32,1062.68,460.13,116.07,173.56,1,-1,-1,-1
462,33,725.97,516.05,111.51,164.95,1,-1,-1,-1
462,35,1063.63,447.44,64.24,153.37,1,-1,-1,-1
462,39,996.85,472.06,77.69,153.78,1,-1,-1,-1
462,40,751.76,415.06,64.63,137.56,1,-1,-1,-1
462,41,1002.60,411.38,71.19,168.41,1,-1,-1,-1
462,44,672.13,417.19,70.56,142.25,1,-1,-1,-1
462,45,1017.14,414.46,61.24,136.42,1,-1,-1,-1
462,46,981.96,599.31,59.93,117.93,1,-1,-1,-1
463,1,521.70,561.57,106.62,198.39,1,-1,-1,-1
463,2,650.31,536.60,114.85,178.15,1,-1,-1,-1
463,9,911.03,534.29,125.68,187.35,1,-1,-1,-1
463,10,701.39,447.15,91.00,151.05,1,-1,-1,-1
463,11,1012.82,537.80,142.11,209.44,1,-1,-1,-1
463,13,757.60,565.37,111.05,178.29,1,-1,-1,-1
463,20,982.81,557.78,87.18,165.46,1,-1,-1,-1
463,21,876.68,502.64,112.05,203.54,1,-1,-1,-1
463,23,832.39,458.75,79.11,147.18,1,-1,-1,-1
463,25,734.23,502.09,105.15,191.52,1,-1,-1,-1
463,26,1131.06,606.47,150.86,199.39,1,-1,-1,-1
463,27,694.97,447.98,80.92,166.54,1,-1,-1,-1
463,28,826.44,476.71,97.85,197.08,1,-1,-1,-1
463,29,307.35,636.23,187.53,177.70,1,-1,-1,-1
463,30,1059.38,453.75,75.52,171.28,1,-1,-1,-1
463,31,932.58,403.67,74.72,169.58,1,-1,-1,-1
463,32,1062.68,460.13,116.07,173.56,1,-1,-1,-1
463,33,732.29,479.97,78.21,142.20,1,-1,-1,-1
463,35,1054.53,444.82,69.55,161.08,1,-1,-1,-1
463,39,992.04,472.93,83.59,152.70,1,-1,-1,-1
463,40,758.32,418.68,85.92,153.92,1,-1,-1,-1
463,41,1001.85,414.03,65.77,141.91,1,-1,-1,-1
463,44,672.13,417.19,70.56,142.25,1,-1,-1,-1
463,45,1017.14,414.46,61.24,136.42,1,-1,-1,-1
463,46,981.96,599.31,59.93,117.93,1,-1,-1,-1
464,1,542.52,565.31,95.62,191.05,1,-1,-1,-1
464,2,650.00,535.39,114.85,179.46,1,-1,-1,-1
464,9,911.22,537.78,119.78,183.13,1,-1,-1,-1
464,10,701.39,447.15,91.00,151.05,1,-1,-1,-1
464,11,1006.30,536.28,135.55,207.68,1,-1,-1,-1
464,13,763.36,562.54,105.54,185.73,1,-1,-1,-1
464,20,982.81,557.78,87.18,165.46,1,-1,-1,-1
464,21,897.38,501.88,87.43,156.75,1,-1,-1,-1
464,23,833.51,467.88,82.91,163.25,1,-1,-1,-1
464,25,735.43,496.92,105.76,187.74,1,-1,-1,-1
464,26,1125.78,607.05,122.71,191.63,1,-1,-1,-1
464,27,729.19,472.98,75.35,140.97,1,-1,-1,-1
464,28,832.10,470.27,89.51,175.81,1,-1,-1,-1
464,29,308.51,631.66,187.83,182.75,1,-1,-1,-1
464,30,1059.38,453.75,75.52,171.28,1,-1,-1,-1
464,31,936.40,405.11,66.20,150.31,1,-1,-1,-1
464,32,1062.68,460.13,116.07,173.56,1,-1,-1,-1
464,33,744.74,495.10,93.94,165.16,1,-1,-1,-1
464,35,1049.19,448.29,73.17,150.38,1,-1,-1,-1
464,39,992.01,473.38,83.48,158.77,1,-1,-1,-1
464,40,759.63,417.25,86.68,154.84,1,-1,-1,-1
464,41,993.52,411.56,66.70,139.12,1,-1,-1,-1
464,44,672.13,417.19,70.56,142.25,1,-1,-1,-1
464,45,1017.14,414.46,61.24,136.42,1,-1,-1,-1
465,1,549.94,557.69,99.86,200.79,1,-1,-1,-1
465,2,652.79,529.79,111.85,185.36,1,-1,-1,-1
465,9,908.86,528.25,111.91,194.31,1,-1,-1,-1
465,10,701.89,451.07,77.44,169.80,1,-1,-1,-1
465,11,987.69,528.77,105.44,209.69,1,-1,-1,-1
465,13,771.37,566.68,97.00,187.40,1,-1,-1,-1
465,20,982.81,557.78,87.18,165.46,1,-1,-1,-1
465,21,891.23,497.14,93.27,190.04,1,-1,-1,-1
465,23,833.51,467.88,82.91,163.25,1,-1,-1,-1
465,25,761.43,493.25,85.40,178.78,1,-1,-1,-1
465,26,1130.19,604.45,102.05,195.92,1,-1,-1,-1
465,27,708.34,450.68,84.02,162.26,1,-1,-1,-1
465,28,831.81,469.96,85.47,187.56,1,-1,-1,-1
465,29,330.88,626.07,190.43,183.52,1,-1,-1,-1
465,30,1059.38,453.75,75.52,171.28,1,-1,-1,-1
465,31,932.16,405.40,75.82,172.61,1,-1,-1,-1
465,32,1062.68,460.13,116.07,173.56,1,-1,-1,-1
465,33,738.57,477.70,73.31,145.71,1,-1,-1,-1
465,35,1043.34,449.75,92.56,170.31,1,-1,-1,-1
465,39,992.68,470.68,85.71,171.74,1,-1,-1,-1
465,40,765.26,413.60,86.27,164.10,1,-1,-1,-1
465,41,989.47,411.41,67.32,160.34,1,-1,-1,-1
465,44,672.13,417.19,70.56,142.25,1,-1,-1,-1
465,45,1017.14,414.46,61.24,136.42,1,-1,-1,-1
466,1,553.20,563.53,101.22,196.15,1,-1,-1,-1
466,2,656.59,523.53,107.31,191.87,1,-1,-1,-1
466,9,910.32,524.26,106.74,198.21,1,-1,-1,-1
466,10,701.89,451.07,77.44,169.80,1,-1,-1,-1
466,11,979.44,535.46,99.82,202.65,1,-1,-1,-1
466,13,772.96,564.62,98.05,190.28,1,-1,-1,-1
466,15,902.80,502.28,86.74,169.93,1,-1,-1,-1
466,20,982.81,557.78,87.18,165.46,1,-1,-1,-1
466,21,851.77,432.57,83.56,154.04,1,-1,-1,-1
466,23,841.74,431.18,89.08,165.99,1,-1,-1,-1
466,25,765.76,492.34,85.60,167.70,1,-1,-1,-1
466,26,1121.21,600.41,109.25,198.73,1,-1,-1,-1
466,27,708.30,448.79,80.38,153.00,1,-1,-1,-1
466,28,833.69,456.10,87.28,161.52,1,-1,-1,-1
466,29,353.04,623.15,176.80,186.11,1,-1,-1,-1
466,30,1059.38,453.75,75.52,171.28,1,-1,-1,-1
466,31,929.59,405.66,76.45,169.93,1,-1,-1,-1
466,32,1042.76,450.13,95.98,164.79,1,-1,-1,-1
466,33,735.17,478.10,73.16,144.41,1,-1,-1,-1
466,35,1044.47,448.07,80.57,160.38,1,-1,-1,-1
466,39,988.27,471.95,84.07,168.86,1,-1,-1,-1
466,40,767.40,413.77,78.82,152.78,1,-1,-1,-1
466,41,985.75,413.95,68.77,157.60,1,-1,-1,-1
467,1,571.99,561.60,115.69,199.95,1,-1,-1,-1
467,2,660.32,518.06,106.33,199.31,1,-1,-1,-1
467,9,911.22,521.97,92.83,199.22,1,-1,-1,-1
467,10,701.89,451.07,77.44,169.80,1,-1,-1,-1
467,11,962.63,522.57,106.13,222.30,1,-1,-1,-1
467,13,773.16,564.30,112.37,195.16,1,-1,-1,-1
467,15,906.13,491.07,79.15,139.74,1,-1,-1,-1
467,20,982.81,557.78,87.18,165.46,1,-1,-1,-1
467,21,851.77,432.57,83.56,154.04,1,-1,-1,-1
467,23,841.74,431.18,89.08,165.99,1,-1,-1,-1
467,25,734.12,480.61,103.82,194.48,1,-1,-1,-1
467,26,1103.43,599.39,114.48,201.12,1,-1,-1,-1
467,27,710.95,444.82,79.78,161.07,1,-1,-1,-1
467,28,831.50,453.02,91.63,150.17,1,-1,-1,-1
467,29,401.00,618.65,153.59,189.56,1,-1,-1,-1
467,30,1059.38,453.75,75.52,171.28,1,-1,-1,-1
467,31,927.34,408.18,82.10,167.16,1,-1,-1,-1
467,32,1024.24,444.88,92.96,166.51,1,-1,-1,-1
467,33,731.97,478.11,82.11,187.44,1,-1,-1,-1
467,35,1044.47,448.07,80.57,160.38,1,-1,-1,-1
467,39,969.80,472.53,89.92,171.33,1,-1,-1,-1
467,40,768.67,417.06,97.38,160.50,1,-1,-1,-1
467,41,969.67,411.83,83.66,171.28,1,-1,-1,-1
468,1,593.08,564.26,109.42,196.46,1,-1,-1,-1
468,2,668.69,514.06,100.68,200.71,1,-1,-1,-1
468,9,912.59,525.35,86.70,197.11,1,-1,-1,-1
468,10,701.89,451.07,77.44,169.80,1,-1,-1,-1
468,11,949.22,526.74,111.16,220.36,1,-1,-1,-1
468,13,774.74,558.38,118.18,205.86,1,-1,-1,-1
468,15,907.16,489.32,74.06,127.45,1,-1,-1,-1
468,21,851.77,432.57,83.56,154.04,1,-1,-1,-1
468,23,841.74,431.18,89.08,165.99,1,-1,-1,-1
468,25,734.12,480.61,103.82,194.48,1,-1,-1,-1
468,26,1096.95,601.54,103.33,202.18,1,-1,-1,-1
468,27,712.21,445.50,74.70,157.73,1,-1,-1,-1
468,28,831.40,454.56,82.63,143.56,1,-1,-1,-1
468,29,416.23,616.57,151.76,191.54,1,-1,-1,-1
468,31,933.02,412.28,73.87,151.39,1,-1,-1,-1
468,32,1016.81,442.95,92.01,170.58,1,-1,-1,-1
468,33,734.52,479.59,76.26,157.87,1,-1,-1,-1
468,35,1044.47,448.07,80.57,160.38,1,-1,-1,-1
468,39,974.25,475.31,82.01,158.77,1,-1,-1,-1
468,40,771.04,420.28,93.28,160.54,1,-1,-1,-1
468,41,967.87,413.59,84.04,162.19,1,-1,-1,-1
469,1,622.08,564.33,84.36,197.92,1,-1,-1,-1
469,2,692.88,511.56,102.73,201.26,1,-1,-1,-1
469,9,912.59,525.35,86.70,197.11,1,-1,-1,-1
469,10,701.89,451.07,77.44,169.80,1,-1,-1,-1
469,11,921.43,530.16,107.65,223.02,1,-1,-1,-1
469,13,773.90,562.41,124.51,208.06,1,-1,-1,-1
469,15,906.93,482.10,81.47,132.76,1,-1,-1,-1
469,21,851.77,432.57,83.56,154.04,1,-1,-1,-1
469,23,849.43,428.89,84.74,167.18,1,-1,-1,-1
469,25,769.82,488.58,94.09,177.79,1,-1,-1,-1
469,26,1074.74,606.99,107.96,193.79,1,-1,-1,-1
469,27,711.46,446.43,75.19,155.88,1,-1,-1,-1
469,28,829.28,459.55,79.06,143.54,1,-1,-1,-1
469,29,424.79,613.82,167.49,191.97,1,-1,-1,-1
469,31,923.02,411.83,76.52,155.49,1,-1,-1,-1
469,32,1012.67,444.34,80.55,168.39,1,-1,-1,-1
469,33,734.32,483.78,72.37,154.17,1,-1,-1,-1
469,35,1044.47,448.07,80.57,160.38,1,-1,-1,-1
469,39,979.60,471.04,73.19,155.52,1,-1,-1,-1
469,40,774.05,423.88,92.69,157.56,1,-1,-1,-1
469,41,974.66,413.09,71.39,139.82,1,-1,-1,-1
469,43,829.98,514.73,73.78,156.98,1,-1,-1,-1
470,1,633.04,559.04,82.02,200.25,1,-1,-1,-1
470,2,693.64,519.07,103.48,192.98,1,-1,-1,-1
470,9,912.59,525.35,86.70,197.11,1,-1,-1,-1
470,10,704.39,439.60,69.67,155.89,1,-1,-1,-1
470,11,917.60,536.58,103.61,214.49,1,-1,-1,-1
470,13,777.54,563.61,120.75,206.60,1,-1,-1,-1
470,15,907.91,478.54,85.51,146.48,1,-1,-1,-1
470,21,851.77,432.57,83.56,154.04,1,-1,-1,-1
470,23,849.43,428.89,84.74,167.18,1,-1,-1,-1
470,25,775.58,488.24,90.06,176.52,1,-1,-1,-1
470,26,1058.40,606.99,115.81,192.03,1,-1,-1,-1
470,27,711.38,445.78,78.70,154.79,1,-1,-1,-1
470,28,829.28,459.55,79.06,143.54,1,-1,-1,-1
470,29,435.72,602.56,165.28,203.86,1,-1,-1,-1
470,31,919.04,414.12,75.56,152.69,1,-1,-1,-1
470,32,1008.61,448.58,79.88,165.92,1,-1,-1,-1
470,33,732.71,486.32,69.35,146.33,1,-1,-1,-1
470,35,1044.47,448.07,80.57,160.38,1,-1,-1,-1
470,39,978.05,473.82,73.10,153.40,1,-1,-1,-1
470,40,776.38,425.68,97.43,161.34,1,-1,-1,-1
470,41,969.86,422.58,67.44,140.46,1,-1,-1,-1
470,43,828.43,511.93,75.36,163.22,1,-1,-1,-1
471,1,647.54,556.67,94.12,202.62,1,-1,-1,-1
471,2,693.64,519.07,103.48,192.98,1,-1,-1,-1
471,9,912.59,525.35,86.70,197.11,1,-1,-1,-1
471,10,704.39,439.60,69.67,155.89,1,-1,-1,-1
471,11,909.70,533.47,109.93,214.44,1,-1,-1,-1
471,13,777.76,565.42,120.05,208.18,1,-1,-1,-1
471,15,907.29,476.43,87.54,165.98,1,-1,-1,-1
471,21,851.77,432.57,83.56,154.04,1,-1,-1,-1
471,23,849.43,428.89,84.74,167.18,1,-1,-1,-1
471,25,775.58,488.24,90.06,176.52,1,-1,-1,-1
471,26,1021.43,610.33,126.11,190.72,1,-1,-1,-1
471,27,712.93,446.24,76.11,150.16,1,-1,-1,-1
471,28,829.28,459.55,79.06,143.54,1,-1,-1,-1
471,29,444.64,593.92,165.70,216.14,1,-1,-1,-1
471,31,921.32,415.21,68.43,153.75,1,-1,-1,-1
471,32,998.66,452.10,80.69,174.80,1,-1,-1,-1
471,33,720.04,481.19,74.54,154.21,1,-1,-1,-1
471,35,1044.47,448.07,80.57,160.38,1,-1,-1,-1
471,39,978.36,475.78,77.49,160.43,1,-1,-1,-1
471,40,777.20,426.20,96.76,159.50,1,-1,-1,-1
471,41,960.01,425.33,67.17,148.31,1,-1,-1,-1
471,43,828.43,511.93,75.36,163.22,1,-1,-1,-1
471,44,706.43,416.09,63.43,133.75,1,-1,-1,-1
472,1,654.82,556.21,101.72,202.17,1,-1,-1,-1
472,2,705.15,527.67,99.74,201.70,1,-1,-1,-1
472,9,912.59,525.35,86.70,197.11,1,-1,-1,-1
472,10,707.51,437.70,70.52,163.40,1,-1,-1,-1
472,11,905.01,529.62,114.70,219.44,1,-1,-1,-1
472,13,776.99,562.99,122.91,210.68,1,-1,-1,-1
472,15,907.67,477.22,88.14,171.63,1,-1,-1,-1
472,23,849.43,428.89,84.74,167.18,1,-1,-1,-1
472,25,764.94,494.75,84.34,165.25,1,-1,-1,-1
472,26,994.54,611.70,138.47,191.86,1,-1,-1,-1
472,27,710.46,445.83,78.62,160.81,1,-1,-1,-1
472,28,810.97,470.08,84.76,152.46,1,-1,-1,-1
472,29,458.56,594.44,158.52,215.95,1,-1,-1,-1
472,31,917.31,413.30,76.88,166.68,1,-1,-1,-1
472,32,995.07,452.55,81.40,171.72,1,-1,-1,-1
472,33,713.44,483.65,79.56,160.66,1,-1,-1,-1
472,39,977.12,473.45,80.51,160.65,1,-1,-1,-1
472,40,771.45,425.60,87.25,169.53,1,-1,-1,-1
472,41,945.82,422.85,76.05,159.43,1,-1,-1,-1
472,43,828.43,511.93,75.36,163.22,1,-1,-1,-1
472,44,706.43,416.09,63.43,133.75,1,-1,-1,-1
473,1,666.47,551.39,94.77,204.88,1,-1,-1,-1
473,2,700.71,526.90,117.59,236.64,1,-1,-1,-1
473,9,911.03,526.24,111.54,206.88,1,-1,-1,-1
473,10,707.51,437.70,70.52,163.40,1,-1,-1,-1
473,11,871.25,528.68,115.92,228.05,1,-1,-1,-1
473,13,779.47,561.69,122.02,212.16,1,-1,-1,-1
473,15,913.19,487.53,95.38,198.36,1,-1,-1,-1
473,21,835.97,449.40,82.52,152.23,1,-1,-1,-1
473,23,847.59,431.10,79.61,167.85,1,-1,-1,-1
473,25,764.94,494.75,84.34,165.25,1,-1,-1,-1
473,26,972.32,611.95,152.25,192.36,1,-1,-1,-1
473,27,711.36,443.97,82.07,165.07,1,-1,-1,-1
473,28,810.97,470.08,84.76,152.46,1,-1,-1,-1
473,29,506.67,594.34,109.97,210.92,1,-1,-1,-1
473,31,917.31,413.30,76.88,166.68,1,-1,-1,-1
473,32,992.71,450.81,75.01,171.56,1,-1,-1,-1
473,33,713.44,483.65,79.56,160.66,1,-1,-1,-1
473,39,977.12,473.45,80.51,160.65,1,-1,-1,-1
473,40,769.64,422.63,87.32,170.22,1,-1,-1,-1
473,41,945.82,422.85,76.05,159.43,1,-1,-1,-1
473,43,828.43,511.93,75.36,163.22,1,-1,-1,-1
473,44,706.43,416.09,63.43,133.75,1,-1,-1,-1
474,1,667.24,539.63,99.26,214.21,1,-1,-1,-1
474,2,710.40,524.76,102.92,238.53,1,-1,-1,-1
474,9,914.35,503.43,110.00,233.72,1,-1,-1,-1
474,10,707.51,437.70,70.52,163.40,1,-1,-1,-1
474,11,866.37,534.83,110.33,228.15,1,-1,-1,-1
474,13,779.70,561.61,121.34,212.56,1,-1,-1,-1
474,15,913.19,487.53,95.38,198.36,1,-1,-1,-1
474,21,834.38,453.28,82.52,152.88,1,-1,-1,-1
474,23,849.44,426.45,77.32,169.50,1,-1,-1,-1
474,25,769.86,498.32,123.65,212.79,1,-1,-1,-1
474,26,968.27,614.26,154.33,189.92,1,-1,-1,-1
474,27,711.83,439.17,84.13,173.73,1,-1,-1,-1
474,28,773.86,493.08,113.37,176.38,1,-1,-1,-1
474,29,523.02,596.00,94.44,207.12,1,-1,-1,-1
474,31,918.62,418.12,85.78,172.46,1,-1,-1,-1
474,32,992.81,453.44,71.82,164.72,1,-1,-1,-1
474,33,710.24,480.99,79.80,180.78,1,-1,-1,-1
474,39,982.52,461.51,74.49,171.16,1,-1,-1,-1
474,40,782.42,423.95,78.10,165.03,1,-1,-1,-1
474,41,945.82,422.85,76.05,159.43,1,-1,-1,-1
474,43,828.43,511.93,75.36,163.22,1,-1,-1,-1
474,44,706.43,416.09,63.43,133.75,1,-1,-1,-1
475,1,667.24,539.63,99.26,214.21,1,-1,-1,-1
475,2,696.25,539.72,111.62,227.68,1,-1,-1,-1
475,9,955.92,501.20,84.10,180.67,1,-1,-1,-1
475,10,707.51,437.70,70.52,163.40,1,-1,-1,-1
475,11,860.99,539.97,108.21,211.33,1,-1,-1,-1
475,13,776.86,561.26,121.01,210.80,1,-1,-1,-1
475,15,913.19,487.53,95.38,198.36,1,-1,-1,-1
475,21,834.38,453.28,82.52,152.88,1,-1,-1,-1
475,23,831.12,416.74,90.90,153.03,1,-1,-1,-1
475,25,769.86,498.32,123.65,212.79,1,-1,-1,-1
475,26,969.58,608.94,151.60,194.15,1,-1,-1,-1
475,27,711.04,434.04,84.54,162.38,1,-1,-1,-1
475,28,766.92,492.63,79.67,170.53,1,-1,-1,-1
475,29,541.01,591.02,98.09,213.20,1,-1,-1,-1
475,31,908.89,412.32,90.48,162.93,1,-1,-1,-1
475,32,992.81,453.44,71.82,164.72,1,-1,-1,-1
475,33,709.37,477.35,80.54,182.36,1,-1,-1,-1
475,39,977.61,457.90,83.48,164.75,1,-1,-1,-1
475,40,779.80,423.29,74.93,144.82,1,-1,-1,-1
475,41,945.82,422.85,76.05,159.43,1,-1,-1,-1
475,43,828.43,511.93,75.36,163.22,1,-1,-1,-1
475,44,706.43,416.09,63.43,133.75,1,-1,-1,-1
476,1,667.24,539.63,99.26,214.21,1,-1,-1,-1
476,2,687.63,527.34,120.72,235.58,1,-1,-1,-1
476,9,969.85,501.38,85.06,166.37,1,-1,-1,-1
476,10,707.51,437.70,70.52,163.40,1,-1,-1,-1
476,11,858.73,539.55,108.13,211.27,1,-1,-1,-1
476,13,770.14,565.80,113.12,207.44,1,-1,-1,-1
476,15,911.26,491.97,100.47,219.52,1,-1,-1,-1
476,21,806.19,457.82,98.45,152.88,1,-1,-1,-1
476,23,831.30,412.64,73.28,138.08,1,-1,-1,-1
476,25,769.86,498.32,123.65,212.79,1,-1,-1,-1
476,26,968.95,607.54,146.44,194.65,1,-1,-1,-1
476,27,709.10,432.32,83.18,164.12,1,-1,-1,-1
476,28,764.75,490.22,78.85,177.76,1,-1,-1,-1
476,29,551.87,587.08,104.03,218.65,1,-1,-1,-1
476,31,901.35,411.40,87.24,163.39,1,-1,-1,-1
476,32,992.81,453.44,71.82,164.72,1,-1,-1,-1
476,33,708.00,472.97,81.05,181.12,1,-1,-1,-1
476,39,974.89,451.11,84.93,160.98,1,-1,-1,-1
476,40,775.88,422.33,78.01,148.24,1,-1,-1,-1
476,41,945.82,422.85,76.05,159.43,1,-1,-1,-1
476,44,706.43,416.09,63.43,133.75,1,-1,-1,-1
477,1,667.24,539.63,99.26,214.21,1,-1,-1,-1
477,2,702.95,533.13,110.79,239.27,1,-1,-1,-1
477,9,969.85,501.38,85.06,166.37,1,-1,-1,-1
477,10,708.08,432.50,88.74,151.11,1,-1,-1,-1
477,11,859.25,541.29,107.22,203.45,1,-1,-1,-1
477,13,769.54,565.96,115.63,210.33,1,-1,-1,-1
477,15,909.13,501.40,84.95,189.32,1,-1,-1,-1
477,21,806.19,457.82,98.45,152.88,1,-1,-1,-1
477,23,831.30,412.64,73.28,138.08,1,-1,-1,-1
477,25,773.78,487.08,105.46,183.91,1,-1,-1,-1
477,26,966.56,596.11,122.10,204.98,1,-1,-1,-1
477,27,869.09,422.38,85.44,137.50,1,-1,-1,-1
477,28,764.75,490.22,78.85,177.76,1,-1,-1,-1
477,29,562.06,585.10,109.62,217.50,1,-1,-1,-1
477,31,891.57,416.57,89.05,144.28,1,-1,-1,-1
477,32,992.81,453.44,71.82,164.72,1,-1,-1,-1
477,33,712.59,472.70,78.56,166.06,1,-1,-1,-1
477,39,972.18,451.04,85.93,152.16,1,-1,-1,-1
477,40,779.72,426.77,77.72,129.38,1,-1,-1,-1
477,41,936.25,419.02,69.31,131.25,1,-1,-1,-1
477,44,710.82,432.56,81.80,128.93,1,-1,-1,-1
477,45,986.33,415.29,67.35,123.90,1,-1,-1,-1
478,1,718.14,520.87,96.27,225.91,1,-1,-1,-1
478,2,709.57,544.04,103.37,224.22,1,-1,-1,-1
478,9,969.85,501.38,85.06,166.37,1,-1,-1,-1
478,10,716.94,473.12,75.23,133.38,1,-1,-1,-1
478,11,862.50,543.28,100.61,198.39,1,-1,-1,-1
478,13,771.16,567.11,129.52,210.24,1,-1,-1,-1
478,15,910.92,501.37,75.40,183.08,1,-1,-1,-1
478,21,781.57,483.40,91.14,134.28,1,-1,-1,-1
478,23,831.30,412.64,73.28,138.08,1,-1,-1,-1
478,25,775.48,487.68,97.36,170.46,1,-1,-1,-1
478,26,961.15,593.32,112.39,204.57,1,-1,-1,-1
478,27,869.09,422.38,85.44,137.50,1,-1,-1,-1
478,28,736.14,514.22,80.43,202.58,1,-1,-1,-1
478,29,562.06,585.10,109.62,217.50,1,-1,-1,-1
478,31,883.49,422.77,86.21,129.69,1,-1,-1,-1
478,32,992.81,453.44,71.82,164.72,1,-1,-1,-1
478,33,718.15,474.05,75.65,162.67,1,-1,-1,-1
478,39,976.50,438.35,81.38,146.56,1,-1,-1,-1
478,40,784.13,427.62,73.55,124.64,1,-1,-1,-1
478,41,936.48,419.96,66.62,134.18,1,-1,-1,-1
478,44,715.80,433.84,80.92,122.76,1,-1,-1,-1
478,45,986.33,415.29,67.35,123.90,1,-1,-1,-1
479,1,717.51,513.95,108.58,242.67,1,-1,-1,-1
479,2,710.55,534.26,107.61,231.59,1,-1,-1,-1
479,9,973.35,470.09,99.15,160.63,1,-1,-1,-1
479,10,716.94,473.12,75.23,133.38,1,-1,-1,-1
479,11,861.20,540.79,101.86,214.20,1,-1,-1,-1
479,13,768.59,568.96,145.84,209.76,1,-1,-1,-1
479,15,909.55,500.74,77.24,183.79,1,-1,-1,-1
479,21,781.57,483.40,91.14,134.28,1,-1,-1,-1
479,23,828.89,418.43,68.71,130.55,1,-1,-1,-1
479,25,778.22,493.31,100.46,168.46,1,-1,-1,-1
479,26,950.14,591.35,115.14,212.02,1,-1,-1,-1
479,27,869.09,422.38,85.44,137.50,1,-1,-1,-1
479,28,736.14,514.22,80.43,202.58,1,-1,-1,-1
479,29,562.06,585.10,109.62,217.50,1,-1,-1,-1
479,31,889.14,424.43,75.95,133.22,1,-1,-1,-1
479,32,990.32,465.93,85.43,155.30,1,-1,-1,-1
479,33,718.15,474.05,75.65,162.67,1,-1,-1,-1
479,39,975.92,424.55,81.05,149.58,1,-1,-1,-1
479,40,770.75,423.15,76.94,132.04,1,-1,-1,-1
479,41,935.72,419.19,71.17,141.24,1,-1,-1,-1
479,44,719.37,438.56,84.10,148.84,1,-1,-1,-1
479,45,986.33,415.29,67.35,123.90,1,-1,-1,-1
479,49,576.42,580.67,145.22,213.75,1,-1,-1,-1
480,1,730.46,518.83,92.82,196.78,1,-1,-1,-1
480,2,708.73,555.84,109.33,214.63,1,-1,-1,-1
480,9,973.35,470.09,99.15,160.63,1,-1,-1,-1
480,10,721.96,442.42,90.67,156.86,1,-1,-1,-1
480,11,863.72,536.96,104.58,216.04,1,-1,-1,-1
480,13,773.91,569.51,146.03,203.33,1,-1,-1,-1
480,15,915.27,497.32,81.19,170.79,1,-1,-1,-1
480,21,781.57,483.40,91.14,134.28,1,-1,-1,-1
480,23,828.89,418.43,68.71,130.55,1,-1,-1,-1
480,25,778.22,493.31,100.46,168.46,1,-1,-1,-1
480,26,946.99,592.95,115.28,211.41,1,-1,-1,-1
480,27,869.09,422.38,85.44,137.50,1,-1,-1,-1
480,28,736.14,514.22,80.43,202.58,1,-1,-1,-1
480,29,562.06,585.10,109.62,217.50,1,-1,-1,-1
480,31,889.14,427.49,80.84,150.00,1,-1,-1,-1
480,32,990.31,468.31,90.24,169.07,1,-1,-1,-1
480,33,718.15,474.05,75.65,162.67,1,-1,-1,-1
480,39,976.30,429.16,83.74,165.70,1,-1,-1,-1
480,40,780.15,430.51,91.98,149.80,1,-1,-1,-1
480,41,935.17,422.29,67.26,142.03,1,-1,-1,-1
480,44,723.79,438.70,95.38,157.56,1,-1,-1,-1
480,45,986.33,415.29,67.35,123.90,1,-1,-1,-1
480,49,585.54,581.77,151.81,210.80,1,-1,-1,-1
481,1,727.73,522.27,96.88,193.56,1,-1,-1,-1
481,2,715.02,570.38,106.58,202.22,1,-1,-1,-1
481,9,973.35,470.09,99.15,160.63,1,-1,-1,-1
481,10,732.37,445.75,96.84,171.94,1,-1,-1,-1
481,11,859.58,537.09,99.76,228.28,1,-1,-1,-1
481,13,773.80,575.15,150.96,198.52,1,-1,-1,-1
481,15,915.57,495.30,79.86,175.54,1,-1,-1,-1
481,21,781.57,483.40,91.14,134.28,1,-1,-1,-1
481,23,828.89,418.43,68.71,130.55,1,-1,-1,-1
481,25,777.87,497.69,103.92,172.94,1,-1,-1,-1
481,26,944.26,600.33,111.05,204.52,1,-1,-1,-1
481,27,869.09,422.38,85.44,137.50,1,-1,-1,-1
481,28,736.14,514.22,80.43,202.58,1,-1,-1,-1
481,29,562.06,585.10,109.62,217.50,1,-1,-1,-1
481,31,887.93,427.41,75.83,140.85,1,-1,-1,-1
481,32,984.46,480.22,106.29,174.67,1,-1,-1,-1
481,33,704.59,461.16,74.94,142.44,1,-1,-1,-1
481,39,976.69,436.94,94.59,169.05,1,-1,-1,-1
481,40,780.15,430.51,91.98,149.80,1,-1,-1,-1
481,41,932.79,425.98,73.57,141.34,1,-1,-1,-1
481,44,723.79,438.70,95.38,157.56,1,-1,-1,-1
481,45,986.33,415.29,67.35,123.90,1,-1,-1,-1
481,48,853.71,483.05,91.32,166.68,1,-1,-1,-1
481,49,594.21,586.99,159.03,208.04,1,-1,-1,-1
482,1,727.73,522.27,96.88,193.56,1,-1,-1,-1
482,2,716.69,570.51,104.43,203.51,1,-1,-1,-1
482,9,973.35,470.09,99.15,160.63,1,-1,-1,-1
482,10,732.97,449.62,99.05,176.02,1,-1,-1,-1
482,11,855.52,541.60,105.86,221.70,1,-1,-1,-1
482,13,774.75,576.32,160.58,198.09,1,-1,-1,-1
482,15,912.60,496.39,81.71,170.95,1,-1,-1,-1
482,21,738.91,455.12,128.09,182.93,1,-1,-1,-1
482,23,828.89,418.43,68.71,130.55,1,-1,-1,-1
482,25,777.87,497.69,103.92,172.94,1,-1,-1,-1
482,26,941.53,600.74,108.22,204.66,1,-1,-1,-1
482,27,869.09,422.38,85.44,137.50,1,-1,-1,-1
482,28,736.14,514.22,80.43,202.58,1,-1,-1,-1
482,29,562.06,585.10,109.62,217.50,1,-1,-1,-1
482,31,887.68,427.16,87.43,157.17,1,-1,-1,-1
482,32,987.66,489.73,103.79,170.85,1,-1,-1,-1
482,33,704.20,459.42,70.75,132.79,1,-1,-1,-1
482,39,979.52,438.01,89.56,158.55,1,-1,-1,-1
482,40,780.15,430.51,91.98,149.80,1,-1,-1,-1
482,41,932.79,425.98,73.57,141.34,1,-1,-1,-1
482,44,723.79,438.70,95.38,157.56,1,-1,-1,-1
482,45,986.33,415.29,67.35,123.90,1,-1,-1,-1
482,47,850.22,542.90,106.17,212.36,1,-1,-1,-1
482,48,854.19,487.57,87.19,160.24,1,-1,-1,-1
482,49,602.17,600.42,151.74,194.87,1,-1,-1,-1
483,1,727.73,522.27,96.88,193.56,1,-1,-1,-1
483,2,716.60,548.50,110.41,218.76,1,-1,-1,-1
483,9,973.35,470.09,99.15,160.63,1,-1,-1,-1
483,10,732.97,449.62,99.05,176.02,1,-1,-1,-1
483,11,783.65,583.00,156.24,200.99,1,-1,-1,-1
483,13,775.30,585.51,162.64,196.80,1,-1,-1,-1
483,15,912.60,496.39,81.71,170.95,1,-1,-1,-1
483,21,724.36,457.78,158.96,188.16,1,-1,-1,-1
483,23,828.89,418.43,68.71,130.55,1,-1,-1,-1
483,25,777.87,497.69,103.92,172.94,1,-1,-1,-1
483,26,944.74,602.95,104.89,200.93,1,-1,-1,-1
483,28,736.14,514.22,80.43,202.58,1,-1,-1,-1
483,31,888.98,427.29,107.13,170.11,1,-1,-1,-1
483,32,982.19,496.44,112.22,162.34,1,-1,-1,-1
483,33,704.20,459.42,70.75,132.79,1,-1,-1,-1
483,39,979.52,438.01,89.56,158.55,1,-1,-1,-1
483,40,780.15,430.51,91.98,149.80,1,-1,-1,-1
483,41,932.79,425.98,73.57,141.34,1,-1,-1,-1
483,44,723.79,438.70,95.38,157.56,1,-1,-1,-1
483,47,855.25,545.83,116.31,184.91,1,-1,-1,-1
483,48,854.19,487.57,87.19,160.24,1,-1,-1,-1
483,49,610.36,610.00,147.46,186.04,1,-1,-1,-1
484,1,723.29,533.32,126.75,229.39,1,-1,-1,-1
484,2,718.52,547.60,113.33,219.24,1,-1,-1,-1
484,9,978.68,453.27,114.00,195.21,1,-1,-1,-1
484,10,732.97,449.62,99.05,176.02,1,-1,-1,-1
484,11,783.65,583.00,156.24,200.99,1,-1,-1,-1
484,13,777.39,588.33,159.54,198.11,1,-1,-1,-1
484,15,912.60,496.39,81.71,170.95,1,-1,-1,-1
484,21,713.80,461.99,177.44,181.02,1,-1,-1,-1
484,23,828.89,418.43,68.71,130.55,1,-1,-1,-1
484,25,745.42,500.82,165.98,185.96,1,-1,-1,-1
484,26,946.60,606.42,113.27,194.49,1,-1,-1,-1
484,31,894.95,429.15,101.49,169.84,1,-1,-1,-1
484,32,982.19,496.44,112.22,162.34,1,-1,-1,-1
484,33,704.20,459.42,70.75,132.79,1,-1,-1,-1
484,39,979.52,438.01,89.56,158.55,1,-1,-1,-1
484,40,780.15,430.51,91.98,149.80,1,-1,-1,-1
484,41,895.79,430.51,107.82,176.66,1,-1,-1,-1
484,44,723.79,438.70,95.38,157.56,1,-1,-1,-1
484,47,861.60,544.57,119.48,185.03,1,-1,-1,-1
484,48,857.94,498.13,91.26,157.21,1,-1,-1,-1
484,49,611.83,611.74,148.14,184.22,1,-1,-1,-1
485,1,723.29,533.32,126.75,229.39,1,-1,-1,-1
485,2,718.52,547.60,113.33,219.24,1,-1,-1,-1
485,9,977.29,452.23,125.46,197.74,1,-1,-1,-1
485,10,732.97,449.62,99.05,176.02,1,-1,-1,-1
485,11,783.65,583.00,156.24,200.99,1,-1,-1,-1
485,13,774.01,592.01,164.97,196.67,1,-1,-1,-1
485,15,912.60,496.39,81.71,170.95,1,-1,-1,-1
485,21,713.80,461.99,177.44,181.02,1,-1,-1,-1
485,25,744.72,504.62,170.93,175.69,1,-1,-1,-1
485,26,941.41,606.58,125.61,194.54,1,-1,-1,-1
485,31,894.95,429.15,101.49,169.84,1,-1,-1,-1
485,32,982.19,496.44,112.22,162.34,1,-1,-1,-1
485,33,704.20,459.42,70.75,132.79,1,-1,-1,-1
485,39,979.52,438.01,89.56,158.55,1,-1,-1,-1
485,40,780.15,430.51,91.98,149.80,1,-1,-1,-1
485,41,895.79,430.51,107.82,176.66,1,-1,-1,-1
485,44,723.79,438.70,95.38,157.56,1,-1,-1,-1
485,47,865.42,544.88,128.59,230.60,1,-1,-1,-1
485,48,857.94,498.13,91.26,157.21,1,-1,-1,-1
485,49,615.60,610.82,145.32,187.42,1,-1,-1,-1
486,1,727.54,583.77,128.57,188.13,1,-1,-1,-1
486,2,718.52,547.60,113.33,219.24,1,-1,-1,-1
486,9,976.37,457.21,127.61,187.67,1,-1,-1,-1
486,10,732.97,449.62,99.05,176.02,1,-1,-1,-1
486,11,783.65,583.00,156.24,200.99,1,-1,-1,-1
486,13,772.82,594.31,167.62,196.30,1,-1,-1,-1
486,15,912.60,496.39,81.71,170.95,1,-1,-1,-1
486,21,714.57,459.99,176.89,191.87,1,-1,-1,-1
486,25,788.55,513.90,120.69,180.36,1,-1,-1,-1
486,26,944.14,607.49,124.64,194.24,1,-1,-1,-1
486,31,897.79,432.71,102.46,162.33,1,-1,-1,-1
486,32,982.19,496.44,112.22,162.34,1,-1,-1,-1
486,33,704.20,459.42,70.75,132.79,1,-1,-1,-1
486,39,979.52,438.01,89.56,158.55,1,-1,-1,-1
486,41,895.79,430.51,107.82,176.66,1,-1,-1,-1
486,47,867.91,541.13,120.62,218.40,1,-1,-1,-1
486,48,857.94,498.13,91.26,157.21,1,-1,-1,-1
486,49,616.25,608.97,148.84,186.86,1,-1,-1,-1
487,1,727.54,583.77,128.57,188.13,1,-1,-1,-1
487,2,718.52,547.60,113.33,219.24,1,-1,-1,-1
487,9,976.94,460.56,123.28,181.73,1,-1,-1,-1
487,10,732.97,449.62,99.05,176.02,1,-1,-1,-1
487,11,783.65,583.00,156.24,200.99,1,-1,-1,-1
487,13,769.84,595.61,173.43,191.67,1,-1,-1,-1
487,15,912.60,496.39,81.71,170.95,1,-1,-1,-1
487,21,714.57,459.99,176.89,191.87,1,-1,-1,-1
487,25,785.80,517.08,128.97,171.08,1,-1,-1,-1
487,26,943.47,607.64,127.10,194.51,1,-1,-1,-1
487,31,899.28,435.78,106.95,148.50,1,-1,-1,-1
487,32,982.19,496.44,112.22,162.34,1,-1,-1,-1
487,33,704.20,459.42,70.75,132.79,1,-1,-1,-1
487,39,979.52,438.01,89.56,158.55,1,-1,-1,-1
487,41,895.79,430.51,107.82,176.66,1,-1,-1,-1
487,47,867.49,544.74,113.48,220.63,1,-1,-1,-1
487,48,857.94,498.13,91.26,157.21,1,-1,-1,-1
487,49,615.61,611.16,154.68,184.30,1,-1,-1,-1
488,1,726.87,586.65,125.04,190.00,1,-1,-1,-1
488,2,718.52,547.60,113.33,219.24,1,-1,-1,-1
488,9,971.99,451.45,128.62,199.93,1,-1,-1,-1
488,11,783.65,583.00,156.24,200.99,1,-1,-1,-1
488,13,772.05,595.19,167.59,195.19,1,-1,-1,-1
488,21,714.57,459.99,176.89,191.87,1,-1,-1,-1
488,25,785.80,517.08,128.97,171.08,1,-1,-1,-1
488,26,944.96,611.04,125.84,190.58,1,-1,-1,-1
488,31,897.22,436.78,110.12,149.35,1,-1,-1,-1
488,32,982.19,496.44,112.22,162.34,1,-1,-1,-1
488,41,895.79,430.51,107.82,176.66,1,-1,-1,-1
488,47,872.73,542.07,123.64,246.59,1,-1,-1,-1
488,48,857.94,498.13,91.26,157.21,1,-1,-1,-1
488,49,615.18,610.72,156.92,185.19,1,-1,-1,-1
489,1,726.47,580.65,126.96,195.33,1,-1,-1,-1
489,2,718.52,547.60,113.33,219.24,1,-1,-1,-1
489,9,976.90,454.68,127.25,200.56,1,-1,-1,-1
489,10,749.75,470.46,118.62,159.76,1,-1,-1,-1
489,13,771.94,593.93,166.49,194.98,1,-1,-1,-1
489,21,714.57,459.99,176.89,191.87,1,-1,-1,-1
489,25,785.80,517.08,128.97,171.08,1,-1,-1,-1
489,26,946.00,607.60,124.84,195.52,1,-1,-1,-1
489,31,897.22,436.78,110.12,149.35,1,-1,-1,-1
489,32,996.76,478.43,107.33,183.26,1,-1,-1,-1
489,41,895.79,430.51,107.82,176.66,1,-1,-1,-1
489,47,872.92,543.96,131.62,231.64,1,-1,-1,-1
489,48,857.94,498.13,91.26,157.21,1,-1,-1,-1
489,49,613.82,609.83,157.67,186.11,1,-1,-1,-1
490,1,726.98,583.85,126.57,190.12,1,-1,-1,-1
490,9,992.43,454.55,113.24,208.05,1,-1,-1,-1
490,10,749.75,470.46,118.62,159.76,1,-1,-1,-1
490,13,772.54,593.52,165.05,193.62,1,-1,-1,-1
490,21,714.57,459.99,176.89,191.87,1,-1,-1,-1
490,25,785.80,517.08,128.97,171.08,1,-1,-1,-1
490,26,947.21,606.75,122.31,196.25,1,-1,-1,-1
490,31,897.22,436.78,110.12,149.35,1,-1,-1,-1
490,32,996.76,478.43,107.33,183.26,1,-1,-1,-1
490,40,765.26,416.33,135.27,175.34,1,-1,-1,-1
490,47,879.14,547.97,124.29,209.79,1,-1,-1,-1
490,49,614.38,609.43,158.11,186.59,1,-1,-1,-1
491,1,733.23,584.35,129.78,189.47,1,-1,-1,-1
491,9,965.96,458.31,140.49,203.17,1,-1,-1,-1
491,10,749.75,470.46,118.62,159.76,1,-1,-1,-1
491,11,773.88,590.15,169.59,193.43,1,-1,-1,-1
491,13,771.91,591.53,167.88,195.52,1,-1,-1,-1
491,15,864.50,425.47,159.44,192.43,1,-1,-1,-1
491,21,732.75,506.06,115.03,157.60,1,-1,-1,-1
491,25,785.80,517.08,128.97,171.08,1,-1,-1,-1
491,26,947.70,607.02,121.37,197.28,1,-1,-1,-1
491,31,894.73,431.92,111.95,153.52,1,-1,-1,-1
491,32,996.76,478.43,107.33,183.26,1,-1,-1,-1
491,40,769.27,414.50,135.16,189.74,1,-1,-1,-1
491,47,883.35,546.18,130.90,206.03,1,-1,-1,-1
491,49,614.79,607.95,152.03,187.56,1,-1,-1,-1
492,1,733.05,584.59,124.95,187.54,1,-1,-1,-1
492,2,754.38,579.98,97.44,186.88,1,-1,-1,-1
492,9,956.42,458.18,152.52,204.33,1,-1,-1,-1
492,10,749.75,470.46,118.62,159.76,1,-1,-1,-1
492,11,773.88,590.15,169.59,193.43,1,-1,-1,-1
492,13,773.04,591.08,171.56,192.48,1,-1,-1,-1
492,15,851.27,421.37,178.05,189.80,1,-1,-1,-1
492,21,731.16,513.58,124.44,172.06,1,-1,-1,-1
492,25,752.09,522.77,112.74,177.58,1,-1,-1,-1
492,26,946.09,611.07,122.27,193.08,1,-1,-1,-1
492,31,898.32,432.22,109.63,146.47,1,-1,-1,-1
492,32,996.76,478.43,107.33,183.26,1,-1,-1,-1
492,40,766.38,418.33,138.70,182.74,1,-1,-1,-1
492,47,886.22,545.49,130.14,200.40,1,-1,-1,-1
492,49,613.03,608.00,157.46,186.06,1,-1,-1,-1
493,1,733.05,584.59,124.95,187.54,1,-1,-1,-1
493,2,758.13,581.92,115.61,190.03,1,-1,-1,-1
493,9,956.42,458.18,152.52,204.33,1,-1,-1,-1
493,10,749.75,470.46,118.62,159.76,1,-1,-1,-1
493,11,773.88,590.15,169.59,193.43,1,-1,-1,-1
493,13,772.98,590.34,172.04,193.92,1,-1,-1,-1
493,15,856.20,416.29,176.97,202.37,1,-1,-1,-1
493,21,731.16,513.58,124.44,172.06,1,-1,-1,-1
493,25,752.09,522.77,112.74,177.58,1,-1,-1,-1
493,26,945.28,611.82,124.41,192.00,1,-1,-1,-1
493,31,898.32,432.22,109.63,146.47,1,-1,-1,-1
493,32,993.09,485.88,115.61,176.74,1,-1,-1,-1
493,40,764.35,415.24,153.77,184.18,1,-1,-1,-1
493,47,887.22,544.94,137.66,203.73,1,-1,-1,-1
493,49,612.15,604.57,149.21,187.11,1,-1,-1,-1
494,1,733.05,584.59,124.95,187.54,1,-1,-1,-1
494,2,759.32,578.26,116.28,194.22,1,-1,-1,-1
494,9,956.42,458.18,152.52,204.33,1,-1,-1,-1
494,10,749.75,470.46,118.62,159.76,1,-1,-1,-1
494,11,773.88,590.15,169.59,193.43,1,-1,-1,-1
494,13,772.39,592.12,172.94,191.54,1,-1,-1,-1
494,15,905.47,416.02,131.16,189.13,1,-1,-1,-1
494,21,731.16,513.58,124.44,172.06,1,-1,-1,-1
494,25,752.09,522.77,112.74,177.58,1,-1,-1,-1
494,26,945.61,612.73,124.23,190.97,1,-1,-1,-1
494,31,909.45,434.65,91.95,147.29,1,-1,-1,-1
494,32,1003.53,494.74,105.13,167.18,1,-1,-1,-1
494,40,764.31,418.11,145.85,182.68,1,-1,-1,-1
494,47,888.78,546.07,140.32,206.04,1,-1,-1,-1
494,49,612.44,603.04,146.00,188.25,1,-1,-1,-1
495,1,753.99,579.45,115.00,193.92,1,-1,-1,-1
495,2,759.32,578.26,116.28,194.22,1,-1,-1,-1
495,9,956.42,458.18,152.52,204.33,1,-1,-1,-1
495,11,773.88,590.15,169.59,193.43,1,-1,-1,-1
495,13,770.65,593.84,169.73,192.02,1,-1,-1,-1
495,15,913.40,418.62,123.44,170.42,1,-1,-1,-1
495,21,731.16,513.58,124.44,172.06,1,-1,-1,-1
495,25,753.65,523.01,97.77,163.23,1,-1,-1,-1
495,26,948.23,613.62,122.69,190.30,1,-1,-1,-1
495,31,910.02,437.39,86.75,137.00,1,-1,-1,-1
495,32,1000.69,499.01,108.40,163.54,1,-1,-1,-1
495,40,766.21,426.53,139.86,178.82,1,-1,-1,-1
495,47,889.88,549.47,136.40,183.30,1,-1,-1,-1
495,49,611.33,600.21,145.29,189.50,1,-1,-1,-1
496,1,753.99,579.45,115.00,193.92,1,-1,-1,-1
496,2,759.32,578.26,116.28,194.22,1,-1,-1,-1
496,9,956.42,458.18,152.52,204.33,1,-1,-1,-1
496,11,773.88,590.15,169.59,193.43,1,-1,-1,-1
496,13,771.02,592.02,170.95,191.58,1,-1,-1,-1
496,15,913.48,414.99,124.40,171.72,1,-1,-1,-1
496,21,731.16,513.58,124.44,172.06,1,-1,-1,-1
496,25,737.84,522.89,113.08,164.12,1,-1,-1,-1
496,26,948.91,619.59,121.66,183.78,1,-1,-1,-1
496,31,910.07,436.74,86.55,135.97,1,-1,-1,-1
496,32,991.47,500.64,117.66,163.33,1,-1,-1,-1
496,40,766.09,426.41,153.20,181.56,1,-1,-1,-1
496,47,889.76,550.30,133.67,180.71,1,-1,-1,-1
496,49,612.51,598.60,141.43,191.50,1,-1,-1,-1
497,1,745.47,570.99,129.65,203.18,1,-1,-1,-1
497,2,759.32,578.26,116.28,194.22,1,-1,-1,-1
497,9,986.38,469.74,127.06,192.07,1,-1,-1,-1
497,13,772.51,591.19,166.06,198.39,1,-1,-1,-1
497,15,913.25,416.08,126.34,184.71,1,-1,-1,-1
497,21,731.16,513.58,124.44,172.06,1,-1,-1,-1
497,25,737.84,522.89,113.08,164.12,1,-1,-1,-1
497,26,948.17,621.08,122.77,183.27,1,-1,-1,-1
497,31,910.07,436.74,86.55,135.97,1,-1,-1,-1
497,32,982.34,533.73,117.59,145.64,1,-1,-1,-1
497,40,768.65,411.71,157.96,215.73,1,-1,-1,-1
497,47,891.34,549.59,124.06,183.02,1,-1,-1,-1
497,48,848.43,522.37,97.80,163.98,1,-1,-1,-1
497,49,615.70,598.96,139.50,191.11,1,-1,-1,-1
498,1,745.47,570.99,129.65,203.18,1,-1,-1,-1
498,2,759.32,578.26,116.28,194.22,1,-1,-1,-1
498,9,986.25,493.29,122.50,169.51,1,-1,-1,-1
498,13,773.38,591.67,165.57,192.83,1,-1,-1,-1
498,15,914.12,415.19,125.35,199.42,1,-1,-1,-1
498,21,728.40,514.53,125.70,171.53,1,-1,-1,-1
498,25,737.84,522.89,113.08,164.12,1,-1,-1,-1
498,26,947.43,622.93,124.40,181.37,1,-1,-1,-1
498,31,910.07,436.74,86.55,135.97,1,-1,-1,-1
498,32,982.34,533.73,117.59,145.64,1,-1,-1,-1
498,40,772.35,407.69,151.02,222.85,1,-1,-1,-1
498,47,891.44,551.26,129.09,182.08,1,-1,-1,-1
498,48,850.44,524.01,98.89,166.18,1,-1,-1,-1
498,49,616.04,598.64,139.85,192.09,1,-1,-1,-1
499,1,754.31,569.97,122.91,198.75,1,-1,-1,-1
499,2,759.32,578.26,116.28,194.22,1,-1,-1,-1
499,9,991.11,499.77,116.39,161.98,1,-1,-1,-1
499,13,773.03,591.40,168.04,192.32,1,-1,-1,-1
499,15,912.48,416.92,122.72,176.89,1,-1,-1,-1
499,21,733.57,513.88,117.19,168.11,1,-1,-1,-1
499,25,746.99,516.37,100.12,145.92,1,-1,-1,-1
499,26,943.39,624.30,128.86,180.31,1,-1,-1,-1
499,31,908.68,437.53,85.88,144.74,1,-1,-1,-1
499,32,982.34,533.73,117.59,145.64,1,-1,-1,-1
499,40,773.61,408.71,150.45,226.16,1,-1,-1,-1
499,47,892.13,555.56,128.76,178.07,1,-1,-1,-1
499,48,853.90,523.18,94.02,167.15,1,-1,-1,-1
499,49,613.57,598.86,141.60,191.53,1,-1,-1,-1
500,1,750.67,565.08,126.24,208.62,1,-1,-1,-1
500,9,986.86,497.57,120.73,163.66,1,-1,-1,-1
500,13,773.37,589.76,168.17,194.68,1,-1,-1,-1
500,15,912.48,416.92,122.72,176.89,1,-1,-1,-1
500,21,736.46,512.10,117.72,171.47,1,-1,-1,-1
500,25,754.18,514.41,96.25,149.35,1,-1,-1,-1
500,26,945.29,621.28,127.01,183.53,1,-1,-1,-1
500,31,908.88,437.22,86.40,157.72,1,-1,-1,-1
500,32,982.34,533.73,117.59,145.64,1,-1,-1,-1
500,40,775.50,408.66,150.82,228.05,1,-1,-1,-1
500,47,893.46,555.73,125.74,178.26,1,-1,-1,-1
500,48,854.72,522.96,94.35,169.68,1,-1,-1,-1
500,49,612.70,599.25,142.55,191.58,1,-1,-1,-1
501,1,750.67,565.08,126.24,208.62,1,-1,-1,-1
501,9,992.03,494.82,112.90,166.82,1,-1,-1,-1
501,13,772.62,589.93,167.04,192.35,1,-1,-1,-1
501,15,912.48,416.92,122.72,176.89,1,-1,-1,-1
501,21,738.04,522.92,118.04,168.25,1,-1,-1,-1
501,25,752.37,516.88,97.47,148.72,1,-1,-1,-1
501,26,946.98,619.30,126.17,185.44,1,-1,-1,-1
501,31,908.43,435.95,86.70,164.00,1,-1,-1,-1
501,32,982.34,533.73,117.59,145.64,1,-1,-1,-1
501,39,992.11,462.15,95.31,154.72,1,-1,-1,-1
501,40,769.88,407.54,154.87,235.47,1,-1,-1,-1
501,47,889.70,552.89,128.31,180.47,1,-1,-1,-1
501,48,853.03,519.92,100.85,175.62,1,-1,-1,-1
501,49,612.28,600.60,143.50,191.35,1,-1,-1,-1
502,1,751.80,572.16,123.61,199.04,1,-1,-1,-1
502,9,1000.04,495.51,103.65,166.84,1,-1,-1,-1
502,10,777.23,459.67,108.85,171.99,1,-1,-1,-1
502,13,771.17,588.12,153.81,191.12,1,-1,-1,-1
502,15,912.48,416.92,122.72,176.89,1,-1,-1,-1
502,21,738.87,517.25,114.87,168.05,1,-1,-1,-1
502,25,750.71,516.97,99.08,149.57,1,-1,-1,-1
502,26,947.02,616.60,126.03,188.34,1,-1,-1,-1
502,31,909.88,436.33,86.14,159.56,1,-1,-1,-1
502,32,1007.60,499.18,93.14,161.02,1,-1,-1,-1
502,39,995.21,464.25,90.00,151.95,1,-1,-1,-1
502,40,768.53,410.18,145.97,224.14,1,-1,-1,-1
502,47,894.11,557.04,122.56,180.82,1,-1,-1,-1
502,48,851.81,520.03,98.33,175.39,1,-1,-1,-1
502,49,613.13,602.08,143.18,189.94,1,-1,-1,-1
503,1,751.61,566.64,123.76,205.18,1,-1,-1,-1
503,9,931.37,502.77,111.48,167.99,1,-1,-1,-1
503,10,780.01,461.66,101.72,160.11,1,-1,-1,-1
503,13,774.28,588.74,166.73,191.98,1,-1,-1,-1
503,15,912.48,416.92,122.72,176.89,1,-1,-1,-1
503,20,947.30,548.87,94.54,158.89,1,-1,-1,-1
503,21,738.87,517.25,114.87,168.05,1,-1,-1,-1
503,25,756.61,514.21,95.28,148.17,1,-1,-1,-1
503,26,945.89,615.31,126.18,189.12,1,-1,-1,-1
503,31,902.74,435.29,93.30,148.88,1,-1,-1,-1
503,32,1008.13,492.39,96.63,171.42,1,-1,-1,-1
503,39,1001.82,463.98,89.04,154.45,1,-1,-1,-1
503,40,765.57,415.41,122.72,200.94,1,-1,-1,-1
503,47,892.98,560.81,124.62,176.59,1,-1,-1,-1
503,48,854.53,521.78,98.44,170.41,1,-1,-1,-1
503,49,614.60,604.29,142.08,187.06,1,-1,-1,-1
504,1,756.88,566.16,121.38,206.17,1,-1,-1,-1
504,2,766.54,576.92,123.52,193.13,1,-1,-1,-1
504,9,923.41,503.65,110.79,164.26,1,-1,-1,-1
504,10,782.67,460.18,97.30,159.50,1,-1,-1,-1
504,13,773.40,589.36,168.78,190.80,1,-1,-1,-1
504,15,912.48,416.92,122.72,176.89,1,-1,-1,-1
504,20,947.30,548.87,94.54,158.89,1,-1,-1,-1
504,21,738.87,517.25,114.87,168.05,1,-1,-1,-1
504,25,759.04,512.46,90.46,149.24,1,-1,-1,-1
504,26,945.57,614.83,126.12,189.71,1,-1,-1,-1
504,31,908.28,435.12,88.15,148.59,1,-1,-1,-1
504,32,1004.00,486.05,100.85,178.25,1,-1,-1,-1
504,39,1001.49,463.19,89.26,155.84,1,-1,-1,-1
504,40,766.14,423.10,120.73,186.89,1,-1,-1,-1
504,47,893.67,559.29,123.62,177.00,1,-1,-1,-1
504,48,854.09,521.21,99.83,166.01,1,-1,-1,-1
504,49,615.45,607.14,141.91,184.52,1,-1,-1,-1
505,1,756.88,566.16,121.38,206.17,1,-1,-1,-1
505,2,769.87,573.53,127.22,198.51,1,-1,-1,-1
505,9,925.17,501.41,110.91,166.39,1,-1,-1,-1
505,10,786.16,460.86,90.24,155.32,1,-1,-1,-1
505,13,775.15,589.10,169.38,192.91,1,-1,-1,-1
505,20,947.30,548.87,94.54,158.89,1,-1,-1,-1
505,21,735.89,515.83,114.21,176.02,1,-1,-1,-1
505,25,749.63,514.87,99.66,175.80,1,-1,-1,-1
505,26,947.33,613.30,124.45,190.81,1,-1,-1,-1
505,31,919.07,433.75,88.16,155.37,1,-1,-1,-1
505,32,1002.37,454.33,102.59,209.33,1,-1,-1,-1
505,39,1001.49,463.19,89.26,155.84,1,-1,-1,-1
505,40,764.20,413.62,129.01,199.45,1,-1,-1,-1
505,47,896.18,556.54,121.18,182.63,1,-1,-1,-1
505,48,853.17,522.35,98.24,163.46,1,-1,-1,-1
505,49,616.66,609.07,140.17,182.94,1,-1,-1,-1
506,1,746.75,568.73,124.73,203.76,1,-1,-1,-1
506,2,769.87,573.53,127.22,198.51,1,-1,-1,-1
506,9,938.07,500.42,107.56,161.04,1,-1,-1,-1
506,10,786.16,460.86,90.24,155.32,1,-1,-1,-1
506,13,773.28,589.36,170.52,191.24,1,-1,-1,-1
506,20,947.30,548.87,94.54,158.89,1,-1,-1,-1
506,21,734.71,517.39,110.97,177.75,1,-1,-1,-1
506,25,749.63,514.87,99.66,175.80,1,-1,-1,-1
506,26,946.13,611.45,125.81,193.01,1,-1,-1,-1
506,31,919.93,432.93,94.23,162.33,1,-1,-1,-1
506,32,1006.82,448.91,99.02,215.40,1,-1,-1,-1
506,39,1001.49,463.19,89.26,155.84,1,-1,-1,-1
506,40,764.27,410.46,121.74,202.20,1,-1,-1,-1
506,47,897.92,558.54,120.76,180.63,1,-1,-1,-1
506,48,851.55,521.77,99.97,167.87,1,-1,-1,-1
506,49,616.68,612.18,140.11,180.19,1,-1,-1,-1
507,1,738.20,561.22,123.73,210.02,1,-1,-1,-1
507,2,769.87,573.53,127.22,198.51,1,-1,-1,-1
507,9,940.56,500.35,100.94,168.33,1,-1,-1,-1
507,10,786.16,460.86,90.24,155.32,1,-1,-1,-1
507,13,775.91,591.66,164.93,183.78,1,-1,-1,-1
507,20,947.30,548.87,94.54,158.89,1,-1,-1,-1
507,21,734.71,517.39,110.97,177.75,1,-1,-1,-1
507,25,749.63,514.87,99.66,175.80,1,-1,-1,-1
507,26,946.16,609.21,126.08,194.26,1,-1,-1,-1
507,31,919.93,432.93,94.23,162.33,1,-1,-1,-1
507,32,993.84,443.92,111.74,221.10,1,-1,-1,-1
507,39,1001.49,463.19,89.26,155.84,1,-1,-1,-1
507,40,762.20,409.37,126.09,215.64,1,-1,-1,-1
507,47,899.15,555.13,119.54,230.61,1,-1,-1,-1
507,48,846.30,518.58,102.84,178.87,1,-1,-1,-1
507,49,618.35,618.26,138.17,176.02,1,-1,-1,-1
508,1,733.58,543.86,126.66,231.83,1,-1,-1,-1
508,2,769.87,573.53,127.22,198.51,1,-1,-1,-1
508,9,940.56,500.35,100.94,168.33,1,-1,-1,-1
508,10,786.16,460.86,90.24,155.32,1,-1,-1,-1
508,13,773.65,592.04,168.71,182.45,1,-1,-1,-1
508,20,947.30,548.87,94.54,158.89,1,-1,-1,-1
508,21,734.71,517.39,110.97,177.75,1,-1,-1,-1
508,25,749.63,514.87,99.66,175.80,1,-1,-1,-1
508,26,937.50,603.10,134.37,200.97,1,-1,-1,-1
508,31,919.93,432.93,94.23,162.33,1,-1,-1,-1
508,32,965.94,447.64,138.19,216.76,1,-1,-1,-1
508,39,1001.49,463.19,89.26,155.84,1,-1,-1,-1
508,40,760.99,401.18,159.63,218.01,1,-1,-1,-1
508,47,901.56,558.02,120.59,223.61,1,-1,-1,-1
508,48,846.16,517.55,106.22,185.89,1,-1,-1,-1
508,49,619.17,625.50,136.91,168.05,1,-1,-1,-1
509,1,734.26,560.66,116.69,218.25,1,-1,-1,-1
509,2,769.87,573.53,127.22,198.51,1,-1,-1,-1
509,9,931.54,502.94,99.89,173.83,1,-1,-1,-1
509,10,786.16,460.86,90.24,155.32,1,-1,-1,-1
509,13,783.69,593.28,155.38,178.74,1,-1,-1,-1
509,20,943.21,536.50,96.66,172.28,1,-1,-1,-1
509,21,738.31,516.98,118.30,206.94,1,-1,-1,-1
509,23,823.04,410.86,97.68,177.27,1,-1,-1,-1
509,25,749.63,514.87,99.66,175.80,1,-1,-1,-1
509,26,939.12,600.85,132.29,204.38,1,-1,-1,-1
509,31,919.93,432.93,94.23,162.33,1,-1,-1,-1
509,32,987.87,446.95,116.80,218.17,1,-1,-1,-1
509,39,1001.49,463.19,89.26,155.84,1,-1,-1,-1
509,40,756.18,405.42,161.55,204.83,1,-1,-1,-1
509,47,896.14,556.34,114.99,193.15,1,-1,-1,-1
509,48,847.99,517.33,96.99,183.61,1,-1,-1,-1
509,49,617.20,627.52,146.07,166.15,1,-1,-1,-1
510,1,734.25,561.27,114.36,222.33,1,-1,-1,-1
510,2,769.87,573.53,127.22,198.51,1,-1,-1,-1
510,9,896.48,480.28,94.95,161.94,1,-1,-1,-1
510,10,786.16,460.86,90.24,155.32,1,-1,-1,-1
510,13,786.91,593.87,156.28,184.23,1,-1,-1,-1
510,20,943.21,536.50,96.66,172.28,1,-1,-1,-1
510,21,741.67,519.03,115.32,208.72,1,-1,-1,-1
510,23,825.91,411.04,96.04,164.26,1,-1,-1,-1
510,25,742.50,480.37,122.08,190.32,1,-1,-1,-1
510,26,938.20,601.82,132.70,203.01,1,-1,-1,-1
510,31,920.15,434.02,72.20,132.57,1,-1,-1,-1
510,32,980.94,447.84,125.05,216.22,1,-1,-1,-1
510,40,756.18,405.42,161.55,204.83,1,-1,-1,-1
510,47,895.48,558.32,104.17,179.69,1,-1,-1,-1
510,48,849.04,516.69,92.04,186.20,1,-1,-1,-1
510,49,615.19,628.74,148.06,164.73,1,-1,-1,-1
511,1,738.14,565.87,114.39,217.60,1,-1,-1,-1
511,9,931.88,495.31,91.82,173.73,1,-1,-1,-1
511,10,736.20,450.56,131.01,176.07,1,-1,-1,-1
511,11,757.72,592.29,183.09,203.80,1,-1,-1,-1
511,13,786.91,593.87,156.28,184.23,1,-1,-1,-1
511,15,912.31,429.62,94.78,170.33,1,-1,-1,-1
511,20,943.10,534.41,99.52,179.98,1,-1,-1,-1
511,21,743.79,517.76,113.64,200.31,1,-1,-1,-1
511,23,825.91,411.04,96.04,164.26,1,-1,-1,-1
511,25,736.88,458.19,133.59,206.97,1,-1,-1,-1
511,26,940.71,610.50,129.50,193.41,1,-1,-1,-1
511,31,910.84,431.54,79.87,140.70,1,-1,-1,-1
511,32,999.64,475.07,103.61,187.99,1,-1,-1,-1
511,39,997.33,461.13,89.85,165.93,1,-1,-1,-1
511,40,756.18,405.42,161.55,204.83,1,-1,-1,-1
511,41,893.29,470.64,94.63,162.77,1,-1,-1,-1
511,47,888.70,554.04,110.12,203.96,1,-1,-1,-1
511,48,845.03,516.22,95.35,192.05,1,-1,-1,-1
511,49,616.56,627.60,145.95,165.81,1,-1,-1,-1
512,1,732.68,567.11,121.31,210.11,1,-1,-1,-1
512,9,932.72,495.62,90.27,161.13,1,-1,-1,-1
512,10,736.20,450.56,131.01,176.07,1,-1,-1,-1
512,11,759.46,590.19,180.97,210.35,1,-1,-1,-1
512,13,786.91,593.87,156.28,184.23,1,-1,-1,-1
512,15,911.24,430.51,97.08,166.38,1,-1,-1,-1
512,20,943.10,534.41,99.52,179.98,1,-1,-1,-1
512,21,761.89,517.53,102.00,176.01,1,-1,-1,-1
512,23,825.91,411.04,96.04,164.26,1,-1,-1,-1
512,25,725.78,455.90,148.31,207.98,1,-1,-1,-1
512,26,936.62,607.14,134.38,196.06,1,-1,-1,-1
512,31,912.24,431.47,78.77,141.10,1,-1,-1,-1
512,32,996.27,491.10,105.87,172.50,1,-1,-1,-1
512,39,994.73,459.59,94.06,164.40,1,-1,-1,-1
512,40,756.18,405.42,161.55,204.83,1,-1,-1,-1
512,41,895.13,477.22,92.90,152.65,1,-1,-1,-1
512,47,882.11,555.99,112.51,194.80,1,-1,-1,-1
512,48,845.00,516.71,97.52,185.33,1,-1,-1,-1
512,49,616.19,630.93,144.95,162.64,1,-1,-1,-1
513,1,733.44,565.37,115.89,215.49,1,-1,-1,-1
513,9,941.37,493.07,101.69,159.06,1,-1,-1,-1
513,10,736.20,450.56,131.01,176.07,1,-1,-1,-1
513,11,763.77,590.18,177.39,213.32,1,-1,-1,-1
513,13,786.91,593.87,156.28,184.23,1,-1,-1,-1
513,15,913.87,429.30,95.99,169.76,1,-1,-1,-1
513,20,943.10,534.41,99.52,179.98,1,-1,-1,-1
513,21,761.89,517.53,102.00,176.01,1,-1,-1,-1
513,23,819.75,411.65,105.21,184.33,1,-1,-1,-1
513,25,726.76,444.26,144.98,220.81,1,-1,-1,-1
513,26,934.24,597.82,138.40,206.64,1,-1,-1,-1
513,31,913.26,431.07,79.16,148.77,1,-1,-1,-1
513,32,996.27,491.10,105.87,172.50,1,-1,-1,-1
513,39,994.84,459.33,102.86,193.50,1,-1,-1,-1
513,40,756.18,405.42,161.55,204.83,1,-1,-1,-1
513,41,897.97,474.65,89.98,157.42,1,-1,-1,-1
513,47,880.25,557.39,119.63,200.43,1,-1,-1,-1
513,48,841.99,516.66,98.82,174.31,1,-1,-1,-1
513,49,617.80,632.23,144.11,162.75,1,-1,-1,-1
514,1,739.08,568.03,111.54,206.76,1,-1,-1,-1
514,9,943.09,495.03,100.43,157.67,1,-1,-1,-1
514,10,736.20,450.56,131.01,176.07,1,-1,-1,-1
514,11,764.57,596.14,176.33,206.54,1,-1,-1,-1
514,13,786.91,593.87,156.28,184.23,1,-1,-1,-1
514,15,914.18,429.19,95.77,163.38,1,-1,-1,-1
514,20,943.10,534.41,99.52,179.98,1,-1,-1,-1
514,21,770.64,520.18,90.52,174.41,1,-1,-1,-1
514,23,820.41,411.34,103.89,178.26,1,-1,-1,-1
514,25,726.62,448.24,139.94,211.50,1,-1,-1,-1
514,26,937.48,606.86,135.12,198.42,1,-1,-1,-1
514,31,913.57,431.83,79.74,142.50,1,-1,-1,-1
514,32,996.27,491.10,105.87,172.50,1,-1,-1,-1
514,39,994.55,457.41,106.92,204.57,1,-1,-1,-1
514,40,756.18,405.42,161.55,204.83,1,-1,-1,-1
514,41,897.43,475.38,91.23,153.95,1,-1,-1,-1
514,47,872.87,559.25,119.84,205.27,1,-1,-1,-1
514,48,843.39,517.34,96.34,171.67,1,-1,-1,-1
514,49,618.63,632.91,141.40,160.52,1,-1,-1,-1
515,1,732.28,544.62,128.22,219.97,1,-1,-1,-1
515,9,940.57,495.78,102.51,158.80,1,-1,-1,-1
515,10,736.20,450.56,131.01,176.07,1,-1,-1,-1
515,11,765.46,607.66,179.16,192.56,1,-1,-1,-1
515,13,786.91,593.87,156.28,184.23,1,-1,-1,-1
515,15,915.68,428.17,93.28,168.19,1,-1,-1,-1
515,20,943.10,534.41,99.52,179.98,1,-1,-1,-1
515,21,769.61,522.57,92.79,172.94,1,-1,-1,-1
515,23,820.41,411.34,103.89,178.26,1,-1,-1,-1
515,25,730.13,452.26,130.40,203.80,1,-1,-1,-1
515,26,935.60,605.10,136.72,199.91,1,-1,-1,-1
515,31,913.88,430.54,80.06,149.11,1,-1,-1,-1
515,32,996.27,491.10,105.87,172.50,1,-1,-1,-1
515,39,994.25,458.35,105.49,200.05,1,-1,-1,-1
515,41,900.79,477.94,88.17,148.67,1,-1,-1,-1
515,47,845.01,559.96,132.66,206.40,1,-1,-1,-1
515,48,833.13,517.43,101.14,175.28,1,-1,-1,-1
515,49,620.31,632.50,146.16,160.20,1,-1,-1,-1
516,1,728.65,528.23,129.52,231.95,1,-1,-1,-1
516,9,940.06,496.14,98.64,158.02,1,-1,-1,-1
516,10,736.20,450.56,131.01,176.07,1,-1,-1,-1
516,11,768.49,609.03,174.04,192.05,1,-1,-1,-1
516,15,917.49,429.20,90.96,164.86,1,-1,-1,-1
516,20,943.10,534.41,99.52,179.98,1,-1,-1,-1
516,21,773.96,524.71,89.98,174.16,1,-1,-1,-1
516,23,820.41,411.34,103.89,178.26,1,-1,-1,-1
516,25,730.13,452.26,130.40,203.80,1,-1,-1,-1
516,26,937.64,598.97,134.41,205.95,1,-1,-1,-1
516,31,913.88,430.54,80.06,149.11,1,-1,-1,-1
516,32,997.57,461.15,102.20,198.07,1,-1,-1,-1
516,39,998.59,456.70,86.61,175.44,1,-1,-1,-1
516,40,753.44,415.99,151.62,205.67,1,-1,-1,-1
516,41,897.39,477.59,90.66,146.46,1,-1,-1,-1
516,43,835.16,516.96,94.07,172.71,1,-1,-1,-1
516,47,855.46,556.88,125.07,201.57,1,-1,-1,-1
516,48,839.57,516.79,99.83,174.52,1,-1,-1,-1
516,49,620.81,632.82,140.36,159.15,1,-1,-1,-1
517,1,728.15,523.59,122.99,239.49,1,-1,-1,-1
517,9,941.03,496.45,93.94,163.40,1,-1,-1,-1
517,11,767.67,610.50,175.20,192.63,1,-1,-1,-1
517,15,916.43,429.77,90.32,165.00,1,-1,-1,-1
517,20,934.55,540.67,120.73,216.13,1,-1,-1,-1
517,21,770.46,523.77,90.03,180.14,1,-1,-1,-1
517,23,879.66,468.91,89.63,156.81,1,-1,-1,-1
517,25,730.13,452.26,130.40,203.80,1,-1,-1,-1
517,26,939.13,593.80,132.83,210.54,1,-1,-1,-1
517,31,912.99,431.34,80.92,148.65,1,-1,-1,-1
517,32,998.20,458.16,101.25,201.34,1,-1,-1,-1
517,39,999.67,456.65,83.76,175.74,1,-1,-1,-1
517,40,746.81,414.87,165.75,205.70,1,-1,-1,-1
517,41,894.25,476.18,90.10,151.92,1,-1,-1,-1
517,43,837.31,516.86,91.81,176.99,1,-1,-1,-1
517,47,856.91,556.63,124.19,204.37,1,-1,-1,-1
517,48,839.57,516.79,99.83,174.52,1,-1,-1,-1
517,49,620.47,634.64,137.78,156.44,1,-1,-1,-1
518,1,728.72,519.67,119.25,244.04,1,-1,-1,-1
518,9,942.07,496.57,91.80,166.41,1,-1,-1,-1
518,11,767.63,607.93,175.45,193.25,1,-1,-1,-1
518,15,916.91,430.10,88.84,166.39,1,-1,-1,-1
518,20,934.55,540.67,120.73,216.13,1,-1,-1,-1
518,21,770.46,523.77,90.03,180.14,1,-1,-1,-1
518,23,884.54,474.09,88.76,159.80,1,-1,-1,-1
518,25,730.13,452.26,130.40,203.80,1,-1,-1,-1
518,26,938.50,583.57,133.21,220.85,1,-1,-1,-1
518,31,912.72,431.19,80.97,150.28,1,-1,-1,-1
518,32,997.62,457.56,101.56,201.28,1,-1,-1,-1
518,39,999.51,456.35,84.04,175.53,1,-1,-1,-1
518,40,743.03,414.28,168.86,207.52,1,-1,-1,-1
518,41,891.98,474.71,90.89,158.81,1,-1,-1,-1
518,43,837.31,516.86,91.81,176.99,1,-1,-1,-1
518,47,850.46,554.63,129.43,206.24,1,-1,-1,-1
518,48,836.33,517.53,93.58,176.64,1,-1,-1,-1
518,49,619.51,635.40,142.22,155.75,1,-1,-1,-1
519,1,732.68,522.70,121.38,244.13,1,-1,-1,-1
519,9,943.35,497.24,92.57,163.06,1,-1,-1,-1
519,11,766.77,607.30,174.96,194.95,1,-1,-1,-1
519,15,915.85,430.59,89.29,160.13,1,-1,-1,-1
519,20,932.87,536.49,126.84,232.62,1,-1,-1,-1
519,21,770.46,523.77,90.03,180.14,1,-1,-1,-1
519,23,884.54,474.09,88.76,159.80,1,-1,-1,-1
519,25,730.13,452.26,130.40,203.80,1,-1,-1,-1
519,26,937.55,593.24,134.79,211.39,1,-1,-1,-1
519,31,912.72,431.19,80.97,150.28,1,-1,-1,-1
519,32,996.70,458.09,102.38,197.72,1,-1,-1,-1
519,39,999.45,456.14,85.25,171.06,1,-1,-1,-1
519,40,814.13,412.19,107.47,177.57,1,-1,-1,-1
519,41,892.25,475.26,90.71,156.61,1,-1,-1,-1
519,43,834.45,514.54,102.10,190.16,1,-1,-1,-1
519,47,860.53,554.95,123.05,196.87,1,-1,-1,-1
519,48,836.04,516.55,94.54,179.47,1,-1,-1,-1
519,49,619.47,633.60,141.92,158.91,1,-1,-1,-1
520,1,733.56,544.73,117.59,227.11,1,-1,-1,-1
520,9,943.54,495.92,92.84,159.12,1,-1,-1,-1
520,11,766.14,610.60,175.88,192.26,1,-1,-1,-1
520,15,914.37,429.59,93.14,161.47,1,-1,-1,-1
520,20,932.87,536.49,126.84,232.62,1,-1,-1,-1
520,21,768.88,522.55,96.50,179.73,1,-1,-1,-1
520,23,892.45,475.86,89.74,152.20,1,-1,-1,-1
520,25,735.12,452.39,126.35,205.00,1,-1,-1,-1
520,26,939.13,609.69,133.22,194.96,1,-1,-1,-1
520,31,909.97,430.12,85.30,148.19,1,-1,-1,-1
520,32,997.41,458.71,101.25,194.97,1,-1,-1,-1
520,39,999.56,455.72,85.12,171.31,1,-1,-1,-1
520,40,824.00,411.99,97.14,175.29,1,-1,-1,-1
520,41,886.39,475.32,88.53,153.55,1,-1,-1,-1
520,43,834.45,514.54,102.10,190.16,1,-1,-1,-1
520,47,869.66,555.54,112.43,191.69,1,-1,-1,-1
520,48,836.31,517.10,94.46,176.00,1,-1,-1,-1
520,49,619.61,631.90,141.97,160.93,1,-1,-1,-1
521,1,730.78,548.38,128.21,234.39,1,-1,-1,-1
521,2,737.32,535.32,129.71,240.89,1,-1,-1,-1
521,9,942.35,494.25,95.81,165.64,1,-1,-1,-1
521,11,765.09,606.72,177.24,197.46,1,-1,-1,-1
521,15,913.97,426.77,95.00,174.79,1,-1,-1,-1
521,20,932.87,536.49,126.84,232.62,1,-1,-1,-1
521,21,765.48,518.89,102.19,185.64,1,-1,-1,-1
521,23,892.45,475.86,89.74,152.20,1,-1,-1,-1
521,25,735.98,449.19,126.25,215.30,1,-1,-1,-1
521,26,936.42,612.21,136.09,191.41,1,-1,-1,-1
521,28,738.70,517.05,118.93,209.17,1,-1,-1,-1
521,31,909.12,428.30,84.47,157.66,1,-1,-1,-1
521,32,998.06,458.15,101.06,198.47,1,-1,-1,-1
521,39,999.47,455.23,85.09,178.67,1,-1,-1,-1
521,40,824.00,411.99,97.14,175.29,1,-1,-1,-1
521,41,894.23,477.55,85.88,151.64,1,-1,-1,-1
521,43,832.06,513.19,104.87,196.92,1,-1,-1,-1
521,47,869.71,555.32,116.61,194.10,1,-1,-1,-1
521,48,833.90,515.49,96.30,183.33,1,-1,-1,-1
521,49,619.42,630.75,139.52,161.00,1,-1,-1,-1
522,1,733.97,524.19,133.93,251.70,1,-1,-1,-1
522,2,737.32,535.32,129.71,240.89,1,-1,-1,-1
522,9,941.76,494.45,95.03,165.25,1,-1,-1,-1
522,11,765.64,604.23,176.56,199.08,1,-1,-1,-1
522,15,915.26,426.49,95.84,171.29,1,-1,-1,-1
522,20,932.87,536.49,126.84,232.62,1,-1,-1,-1
522,21,765.48,518.89,102.19,185.64,1,-1,-1,-1
522,23,892.45,475.86,89.74,152.20,1,-1,-1,-1
522,25,735.67,447.82,127.74,214.92,1,-1,-1,-1
522,26,935.63,613.16,137.21,191.15,1,-1,-1,-1
522,28,738.70,517.05,118.93,209.17,1,-1,-1,-1
522,31,909.94,428.52,82.11,152.58,1,-1,-1,-1
522,32,998.06,458.04,100.20,199.26,1,-1,-1,-1
522,39,999.67,455.15,83.91,177.49,1,-1,-1,-1
522,40,829.75,413.75,90.90,174.06,1,-1,-1,-1
522,41,895.78,478.33,83.26,145.62,1,-1,-1,-1
522,43,830.79,512.40,106.72,200.97,1,-1,-1,-1
522,47,869.79,556.09,120.20,191.36,1,-1,-1,-1
522,48,833.13,514.57,99.05,186.67,1,-1,-1,-1
522,49,619.47,630.81,137.92,160.79,1,-1,-1,-1
523,1,734.34,523.39,131.92,243.38,1,-1,-1,-1
523,2,737.32,535.32,129.71,240.89,1,-1,-1,-1
523,9,942.14,494.11,93.31,164.46,1,-1,-1,-1
523,11,770.06,607.73,171.12,194.36,1,-1,-1,-1
523,15,915.26,426.49,95.84,171.29,1,-1,-1,-1
523,20,938.49,537.71,99.98,174.31,1,-1,-1,-1
523,21,765.48,518.89,102.19,185.64,1,-1,-1,-1
523,23,831.31,426.00,99.14,179.60,1,-1,-1,-1
523,25,732.39,449.33,130.07,209.00,1,-1,-1,-1
523,26,937.74,605.75,134.66,198.85,1,-1,-1,-1
523,28,738.70,517.05,118.93,209.17,1,-1,-1,-1
523,31,912.32,428.56,78.01,150.43,1,-1,-1,-1
523,32,998.56,460.26,98.06,196.88,1,-1,-1,-1
523,39,1000.43,455.80,80.89,174.03,1,-1,-1,-1
523,40,830.62,417.67,90.00,170.78,1,-1,-1,-1
523,41,894.09,481.50,84.57,144.04,1,-1,-1,-1
523,43,831.18,512.10,107.53,197.57,1,-1,-1,-1
523,47,871.74,556.39,119.23,190.67,1,-1,-1,-1
523,48,834.97,514.78,97.92,183.56,1,-1,-1,-1
523,49,618.93,631.69,136.13,159.69,1,-1,-1,-1
524,1,734.34,523.39,131.92,243.38,1,-1,-1,-1
524,2,726.79,559.85,139.10,223.40,1,-1,-1,-1
524,9,945.69,494.34,86.71,150.30,1,-1,-1,-1
524,11,768.03,604.93,174.73,198.52,1,-1,-1,-1
524,15,917.07,426.54,93.50,171.93,1,-1,-1,-1
524,20,940.16,536.50,98.83,169.16,1,-1,-1,-1
524,21,762.68,521.45,102.82,179.50,1,-1,-1,-1
524,23,831.31,426.00,99.14,179.60,1,-1,-1,-1
524,25,731.32,449.57,130.42,211.74,1,-1,-1,-1
524,26,936.87,600.38,136.16,204.75,1,-1,-1,-1
524,28,735.25,504.78,104.29,181.85,1,-1,-1,-1
524,31,910.33,428.50,79.61,154.25,1,-1,-1,-1
524,32,997.05,460.71,97.26,190.88,1,-1,-1,-1
524,39,1000.36,455.62,80.29,169.31,1,-1,-1,-1
524,40,831.75,422.33,92.59,182.98,1,-1,-1,-1
524,41,891.34,481.37,88.10,145.68,1,-1,-1,-1
524,43,832.59,512.16,107.40,188.40,1,-1,-1,-1
524,47,868.30,555.97,125.31,191.88,1,-1,-1,-1
524,48,835.41,514.46,98.32,178.83,1,-1,-1,-1
524,49,619.24,629.11,140.85,162.36,1,-1,-1,-1
525,1,734.34,523.39,131.92,243.38,1,-1,-1,-1
525,2,724.49,564.95,127.64,221.72,1,-1,-1,-1
525,9,942.33,497.11,92.42,156.29,1,-1,-1,-1
525,11,763.29,607.24,180.15,196.01,1,-1,-1,-1
525,15,912.03,427.26,100.04,174.65,1,-1,-1,-1
525,20,940.16,536.50,98.83,169.16,1,-1,-1,-1
525,21,761.30,521.74,98.34,179.28,1,-1,-1,-1
525,23,831.31,426.00,99.14,179.60,1,-1,-1,-1
525,25,730.46,449.98,131.57,215.58,1,-1,-1,-1
525,26,937.82,601.24,136.37,203.93,1,-1,-1,-1
525,28,735.25,504.78,104.29,181.85,1,-1,-1,-1
525,31,902.45,426.75,94.29,165.47,1,-1,-1,-1
525,32,998.78,495.39,102.85,166.40,1,-1,-1,-1
525,39,1000.58,456.36,79.25,162.83,1,-1,-1,-1
525,40,830.42,419.48,93.63,191.36,1,-1,-1,-1
525,41,891.34,481.37,88.10,145.68,1,-1,-1,-1
525,43,832.59,512.16,107.40,188.40,1,-1,-1,-1
525,47,870.30,557.29,119.81,185.44,1,-1,-1,-1
525,48,832.36,510.71,103.06,190.91,1,-1,-1,-1
525,49,619.62,627.40,141.71,164.76,1,-1,-1,-1
526,1,734.34,523.39,131.92,243.38,1,-1,-1,-1
526,2,726.87,567.80,121.70,215.19,1,-1,-1,-1
526,9,940.84,495.80,94.23,158.93,1,-1,-1,-1
526,10,737.37,446.47,115.99,189.04,1,-1,-1,-1
526,11,764.59,608.14,179.19,194.01,1,-1,-1,-1
526,15,912.00,427.78,100.45,170.86,1,-1,-1,-1
526,20,940.91,538.77,95.99,166.89,1,-1,-1,-1
526,21,764.87,523.45,91.54,170.57,1,-1,-1,-1
526,23,831.31,426.00,99.14,179.60,1,-1,-1,-1
526,25,730.46,449.98,131.57,215.58,1,-1,-1,-1
526,26,940.36,600.18,132.36,205.15,1,-1,-1,-1
526,28,735.96,505.29,97.85,176.24,1,-1,-1,-1
526,31,903.68,427.00,91.71,163.48,1,-1,-1,-1
526,32,998.33,510.91,103.48,151.18,1,-1,-1,-1
526,39,999.95,457.29,79.81,158.05,1,-1,-1,-1
526,40,830.43,420.28,94.36,187.15,1,-1,-1,-1
526,41,891.34,481.37,88.10,145.68,1,-1,-1,-1
526,43,832.59,512.16,107.40,188.40,1,-1,-1,-1
526,47,864.94,558.18,126.56,180.50,1,-1,-1,-1
526,48,835.25,511.95,90.44,182.05,1,-1,-1,-1
526,49,619.36,626.45,140.67,163.93,1,-1,-1,-1
527,1,734.23,508.92,119.06,195.24,1,-1,-1,-1
527,2,741.68,571.42,113.50,210.04,1,-1,-1,-1
527,9,946.71,496.86,87.34,148.62,1,-1,-1,-1
527,10,755.34,448.95,86.93,162.11,1,-1,-1,-1
527,11,763.12,606.37,181.64,195.75,1,-1,-1,-1
527,15,918.71,429.36,94.60,162.88,1,-1,-1,-1
527,20,941.40,537.91,96.48,174.43,1,-1,-1,-1
527,21,767.08,523.84,90.44,169.98,1,-1,-1,-1
527,23,812.80,429.46,73.41,170.72,1,-1,-1,-1
527,25,730.46,449.98,131.57,215.58,1,-1,-1,-1
527,26,941.02,602.27,131.68,202.92,1,-1,-1,-1
527,28,733.63,495.68,100.77,188.66,1,-1,-1,-1
527,31,910.57,429.30,78.21,144.00,1,-1,-1,-1
527,32,1001.19,510.23,101.00,152.20,1,-1,-1,-1
527,39,1000.95,456.21,78.97,158.54,1,-1,-1,-1
527,40,832.88,422.20,91.64,178.80,1,-1,-1,-1
527,41,892.54,480.27,83.89,143.87,1,-1,-1,-1
527,43,879.75,482.74,88.41,149.56,1,-1,-1,-1
527,47,864.78,556.42,132.55,181.71,1,-1,-1,-1
527,48,835.58,513.30,88.68,179.04,1,-1,-1,-1
527,49,620.09,626.22,144.98,166.75,1,-1,-1,-1
528,1,734.97,509.98,116.18,187.18,1,-1,-1,-1
528,2,742.08,571.63,109.98,211.53,1,-1,-1,-1
528,9,950.31,497.27,83.78,148.93,1,-1,-1,-1
528,10,755.84,449.24,85.70,160.17,1,-1,-1,-1
528,11,760.05,602.90,184.87,200.01,1,-1,-1,-1
528,15,917.22,428.71,92.66,169.17,1,-1,-1,-1
528,20,944.03,539.19,95.96,177.66,1,-1,-1,-1
528,21,767.18,523.02,90.40,172.44,1,-1,-1,-1
528,23,810.44,430.27,70.93,171.34,1,-1,-1,-1
528,25,743.63,448.40,107.76,184.99,1,-1,-1,-1
528,26,941.81,605.58,131.52,199.96,1,-1,-1,-1
528,27,903.81,427.31,88.59,157.82,1,-1,-1,-1
528,28,733.94,499.76,100.22,184.60,1,-1,-1,-1
528,31,912.05,429.24,78.07,147.64,1,-1,-1,-1
528,32,1002.96,507.89,99.08,155.15,1,-1,-1,-1
528,39,1002.38,457.06,77.22,159.43,1,-1,-1,-1
528,40,836.21,422.78,88.72,178.96,1,-1,-1,-1
528,41,887.11,490.89,81.14,135.83,1,-1,-1,-1
528,43,879.75,482.74,88.41,149.56,1,-1,-1,-1
528,47,867.03,555.20,130.08,188.84,1,-1,-1,-1
528,48,834.42,511.48,92.38,182.85,1,-1,-1,-1
528,49,620.47,627.56,142.15,165.76,1,-1,-1,-1
529,1,734.97,509.98,116.18,187.18,1,-1,-1,-1
529,2,742.76,570.36,106.61,218.05,1,-1,-1,-1
529,9,945.75,496.95,89.17,164.44,1,-1,-1,-1
529,10,749.97,449.59,99.52,174.73,1,-1,-1,-1
529,11,758.29,596.54,186.41,206.87,1,-1,-1,-1
529,15,917.66,428.84,90.58,166.61,1,-1,-1,-1
529,20,944.03,539.19,95.96,177.66,1,-1,-1,-1
529,21,743.78,521.15,107.04,194.01,1,-1,-1,-1
529,23,809.16,431.43,72.73,166.48,1,-1,-1,-1
529,25,731.55,450.61,127.16,202.49,1,-1,-1,-1
529,26,941.97,608.00,132.32,197.30,1,-1,-1,-1
529,27,903.81,427.31,88.59,157.82,1,-1,-1,-1
529,28,735.65,516.87,103.78,182.76,1,-1,-1,-1
529,31,912.05,429.24,78.07,147.64,1,-1,-1,-1
529,32,1001.18,504.83,100.37,159.67,1,-1,-1,-1
529,39,1002.74,457.10,76.85,161.34,1,-1,-1,-1
529,40,836.21,422.78,88.72,178.96,1,-1,-1,-1
529,41,884.72,489.11,83.56,142.86,1,-1,-1,-1
529,43,879.75,482.74,88.41,149.56,1,-1,-1,-1
529,47,859.34,555.46,136.82,190.33,1,-1,-1,-1
529,48,829.83,509.66,94.98,181.81,1,-1,-1,-1
529,49,620.96,628.58,141.02,164.58,1,-1,-1,-1
530,1,734.97,509.98,116.18,187.18,1,-1,-1,-1
530,2,740.82,569.37,108.67,221.43,1,-1,-1,-1
530,9,944.44,497.94,90.75,163.04,1,-1,-1,-1
530,10,751.32,450.35,103.82,179.74,1,-1,-1,-1
530,11,763.08,599.08,180.51,205.11,1,-1,-1,-1
530,15,918.91,429.52,89.45,163.96,1,-1,-1,-1
530,20,944.03,539.19,95.96,177.66,1,-1,-1,-1
530,21,761.88,519.98,106.83,183.49,1,-1,-1,-1
530,23,811.49,432.76,68.73,164.90,1,-1,-1,-1
530,25,731.55,450.61,127.16,202.49,1,-1,-1,-1
530,26,942.09,608.01,131.75,196.90,1,-1,-1,-1
530,27,903.81,427.31,88.59,157.82,1,-1,-1,-1
530,28,734.94,498.76,104.24,190.21,1,-1,-1,-1
530,31,912.05,429.24,78.07,147.64,1,-1,-1,-1
530,32,1001.35,508.72,100.01,154.88,1,-1,-1,-1
530,39,1002.43,457.60,78.06,161.39,1,-1,-1,-1
530,40,846.98,425.29,77.75,154.72,1,-1,-1,-1
530,41,885.31,489.34,84.05,144.91,1,-1,-1,-1
530,43,879.75,482.74,88.41,149.56,1,-1,-1,-1
530,47,866.58,557.60,134.89,196.64,1,-1,-1,-1
530,48,830.32,509.59,94.67,181.74,1,-1,-1,-1
530,49,620.95,630.32,139.61,163.07,1,-1,-1,-1
531,1,734.97,509.98,116.18,187.18,1,-1,-1,-1
531,2,741.06,569.33,114.57,216.92,1,-1,-1,-1
531,9,943.88,498.96,91.53,159.88,1,-1,-1,-1
531,10,758.84,450.51,83.70,153.06,1,-1,-1,-1
531,11,763.97,597.74,179.40,207.58,1,-1,-1,-1
531,15,921.02,429.72,87.87,156.50,1,-1,-1,-1
531,20,944.03,539.19,95.96,177.66,1,-1,-1,-1
531,21,761.88,519.98,106.83,183.49,1,-1,-1,-1
531,23,812.74,433.69,68.91,157.65,1,-1,-1,-1
531,25,731.55,450.61,127.16,202.49,1,-1,-1,-1
531,26,944.10,610.24,128.95,194.11,1,-1,-1,-1
531,27,903.81,427.31,88.59,157.82,1,-1,-1,-1
531,28,736.77,498.55,104.30,184.56,1,-1,-1,-1
531,31,912.05,429.24,78.07,147.64,1,-1,-1,-1
531,32,1002.11,516.51,98.76,147.21,1,-1,-1,-1
531,39,1001.81,459.01,79.13,160.06,1,-1,-1,-1
531,40,849.72,427.61,76.43,145.74,1,-1,-1,-1
531,41,886.13,489.83,83.18,140.89,1,-1,-1,-1
531,43,879.75,482.74,88.41,149.56,1,-1,-1,-1
531,47,878.35,558.01,120.71,188.49,1,-1,-1,-1
531,48,830.32,509.59,94.67,181.74,1,-1,-1,-1
531,49,620.48,629.95,139.25,162.95,1,-1,-1,-1
532,1,734.97,509.98,116.18,187.18,1,-1,-1,-1
532,2,742.95,569.74,116.49,214.14,1,-1,-1,-1
532,9,939.09,499.97,93.69,158.51,1,-1,-1,-1
532,10,757.84,448.78,83.21,154.27,1,-1,-1,-1
532,11,763.82,593.87,178.75,211.87,1,-1,-1,-1
532,15,919.79,429.40,88.09,158.96,1,-1,-1,-1
532,20,944.03,539.19,95.96,177.66,1,-1,-1,-1
532,21,747.40,512.80,109.77,202.15,1,-1,-1,-1
532,23,811.43,433.97,71.14,159.76,1,-1,-1,-1
532,25,731.55,450.61,127.16,202.49,1,-1,-1,-1
532,26,944.57,611.03,129.13,193.63,1,-1,-1,-1
532,27,903.81,427.31,88.59,157.82,1,-1,-1,-1
532,28,736.77,498.55,104.30,184.56,1,-1,-1,-1
532,31,912.05,429.24,78.07,147.64,1,-1,-1,-1
532,32,1000.26,517.39,100.52,146.68,1,-1,-1,-1
532,39,1002.06,458.53,78.75,159.93,1,-1,-1,-1
532,40,849.69,426.55,78.64,148.77,1,-1,-1,-1
532,41,883.24,489.15,85.73,144.93,1,-1,-1,-1
532,43,879.75,482.74,88.41,149.56,1,-1,-1,-1
532,47,882.49,558.28,114.86,185.49,1,-1,-1,-1
532,48,826.25,507.67,96.84,183.38,1,-1,-1,-1
532,49,620.64,628.91,139.74,163.90,1,-1,-1,-1
533,1,738.05,511.38,118.77,215.49,1,-1,-1,-1
533,2,744.40,568.81,112.01,211.25,1,-1,-1,-1
533,9,935.57,501.31,98.80,169.88,1,-1,-1,-1
533,10,746.13,449.92,93.31,179.36,1,-1,-1,-1
533,11,766.47,585.09,176.19,220.96,1,-1,-1,-1
533,15,918.74,430.00,88.46,162.36,1,-1,-1,-1
533,20,944.03,539.19,95.96,177.66,1,-1,-1,-1
533,21,740.20,510.00,119.00,200.16,1,-1,-1,-1
533,23,806.29,433.82,76.24,168.16,1,-1,-1,-1
533,25,731.55,450.61,127.16,202.49,1,-1,-1,-1
533,26,944.55,602.82,128.33,202.55,1,-1,-1,-1
533,27,903.81,427.31,88.59,157.82,1,-1,-1,-1
533,28,736.94,504.78,97.50,186.52,1,-1,-1,-1
533,31,912.05,429.24,78.07,147.64,1,-1,-1,-1
533,32,1000.26,517.39,100.52,146.68,1,-1,-1,-1
533,39,1001.65,459.04,81.24,167.10,1,-1,-1,-1
533,40,849.69,426.55,78.64,148.77,1,-1,-1,-1
533,41,884.53,488.93,87.57,147.95,1,-1,-1,-1
533,47,884.21,560.05,117.02,191.35,1,-1,-1,-1
533,48,826.35,506.07,92.76,189.64,1,-1,-1,-1
533,49,619.51,627.81,143.43,165.04,1,-1,-1,-1
534,1,738.05,511.38,118.77,215.49,1,-1,-1,-1
534,2,742.37,565.43,113.91,218.01,1,-1,-1,-1
534,9,930.22,499.32,107.21,194.76,1,-1,-1,-1
534,10,741.32,449.38,96.83,182.13,1,-1,-1,-1
534,11,764.78,577.13,173.72,224.69,1,-1,-1,-1
534,15,918.15,431.06,88.53,159.26,1,-1,-1,-1
534,21,740.06,510.68,117.25,210.60,1,-1,-1,-1
534,23,802.92,434.78,77.99,164.34,1,-1,-1,-1
534,25,731.55,450.61,127.16,202.49,1,-1,-1,-1
534,26,945.86,606.03,126.85,199.15,1,-1,-1,-1
534,28,736.94,504.78,97.50,186.52,1,-1,-1,-1
534,32,1000.26,517.39,100.52,146.68,1,-1,-1,-1
534,39,1002.92,458.94,80.80,168.50,1,-1,-1,-1
534,40,830.30,414.56,74.19,157.61,1,-1,-1,-1
534,41,886.04,489.85,84.64,149.29,1,-1,-1,-1
534,43,884.98,489.23,87.93,170.90,1,-1,-1,-1
534,47,882.45,562.33,119.44,183.48,1,-1,-1,-1
534,48,826.76,505.35,93.28,205.89,1,-1,-1,-1
534,49,620.41,626.69,140.62,166.36,1,-1,-1,-1
535,1,738.05,511.38,118.77,215.49,1,-1,-1,-1
535,2,739.99,569.27,109.25,216.80,1,-1,-1,-1
535,9,933.10,500.80,107.26,170.35,1,-1,-1,-1
535,10,759.51,454.77,81.13,160.81,1,-1,-1,-1
535,11,764.78,577.13,173.72,224.69,1,-1,-1,-1
535,13,788.75,567.28,152.64,218.07,1,-1,-1,-1
535,15,923.39,430.34,86.43,151.89,1,-1,-1,-1
535,21,754.48,515.14,103.34,201.58,1,-1,-1,-1
535,23,809.81,439.24,75.83,153.67,1,-1,-1,-1
535,26,948.82,604.07,132.53,198.66,1,-1,-1,-1
535,28,736.94,504.78,97.50,186.52,1,-1,-1,-1
535,32,991.71,495.27,108.21,167.73,1,-1,-1,-1
535,39,1004.18,458.49,77.12,159.05,1,-1,-1,-1
535,40,830.30,414.56,74.19,157.61,1,-1,-1,-1
535,41,887.81,496.61,82.74,153.21,1,-1,-1,-1
535,43,838.27,507.80,87.44,173.87,1,-1,-1,-1
535,44,765.47,436.78,73.07,141.00,1,-1,-1,-1
535,47,881.37,560.03,131.31,201.95,1,-1,-1,-1
535,48,830.18,509.13,93.58,200.88,1,-1,-1,-1
535,49,620.75,629.42,138.26,164.28,1,-1,-1,-1
536,1,738.05,511.38,118.77,215.49,1,-1,-1,-1
536,2,740.69,571.12,113.45,207.21,1,-1,-1,-1
536,9,929.86,502.05,99.23,165.36,1,-1,-1,-1
536,10,761.10,458.69,87.52,162.66,1,-1,-1,-1
536,11,764.78,577.13,173.72,224.69,1,-1,-1,-1
536,13,798.52,563.50,137.36,212.68,1,-1,-1,-1
536,15,922.45,428.99,90.47,167.49,1,-1,-1,-1
536,21,760.94,518.16,93.56,186.67,1,-1,-1,-1
536,23,806.52,440.18,84.90,156.36,1,-1,-1,-1
536,26,949.38,599.65,138.90,203.14,1,-1,-1,-1
536,28,736.94,504.78,97.50,186.52,1,-1,-1,-1
536,32,993.63,491.80,105.94,169.37,1,-1,-1,-1
536,35,1009.56,487.10,87.78,168.25,1,-1,-1,-1
536,39,1000.53,457.78,83.32,166.53,1,-1,-1,-1
536,40,830.30,414.56,74.19,157.61,1,-1,-1,-1
536,41,889.36,499.26,80.25,151.36,1,-1,-1,-1
536,43,838.27,507.80,87.44,173.87,1,-1,-1,-1
536,44,765.47,436.78,73.07,141.00,1,-1,-1,-1
536,47,881.93,558.55,130.88,205.74,1,-1,-1,-1
536,48,833.26,508.39,95.48,200.51,1,-1,-1,-1
536,49,619.94,629.46,140.15,164.78,1,-1,-1,-1
537,1,738.05,511.38,118.77,215.49,1,-1,-1,-1
537,2,733.77,568.12,107.88,199.76,1,-1,-1,-1
537,9,929.86,502.05,99.23,165.36,1,-1,-1,-1
537,10,753.07,459.79,78.88,150.81,1,-1,-1,-1
537,11,764.78,577.13,173.72,224.69,1,-1,-1,-1
537,13,804.74,560.56,120.10,212.49,1,-1,-1,-1
537,15,919.59,430.30,98.44,166.26,1,-1,-1,-1
537,21,760.94,518.16,93.56,186.67,1,-1,-1,-1
537,23,780.44,436.49,114.03,184.50,1,-1,-1,-1
537,26,961.90,591.81,139.69,210.01,1,-1,-1,-1
537,28,736.94,504.78,97.50,186.52,1,-1,-1,-1
537,32,1012.83,490.58,90.02,169.19,1,-1,-1,-1
537,35,1009.56,487.10,87.78,168.25,1,-1,-1,-1
537,39,1003.58,458.37,88.46,162.52,1,-1,-1,-1
537,40,830.30,414.56,74.19,157.61,1,-1,-1,-1
537,41,880.05,492.04,82.84,140.39,1,-1,-1,-1
537,43,835.46,510.60,90.66,167.79,1,-1,-1,-1
537,44,765.47,436.78,73.07,141.00,1,-1,-1,-1
537,47,890.32,559.77,119.59,200.65,1,-1,-1,-1
537,48,833.26,508.39,95.48,200.51,1,-1,-1,-1
537,49,619.43,627.31,143.05,166.96,1,-1,-1,-1
538,1,738.05,511.38,118.77,215.49,1,-1,-1,-1
538,2,735.35,565.18,94.94,201.57,1,-1,-1,-1
538,9,932.47,500.75,98.30,175.85,1,-1,-1,-1
538,10,753.07,459.79,78.88,150.81,1,-1,-1,-1
538,11,764.78,577.13,173.72,224.69,1,-1,-1,-1
538,13,802.93,561.25,115.01,208.48,1,-1,-1,-1
538,15,920.68,425.01,97.22,178.50,1,-1,-1,-1
538,21,757.69,512.65,92.64,209.55,1,-1,-1,-1
538,23,759.41,434.65,127.07,192.12,1,-1,-1,-1
538,26,977.60,580.11,129.72,222.68,1,-1,-1,-1
538,28,736.94,504.78,97.50,186.52,1,-1,-1,-1
538,32,1012.83,490.58,90.02,169.19,1,-1,-1,-1
538,35,1009.56,487.10,87.78,168.25,1,-1,-1,-1
538,39,1002.36,458.15,87.07,167.30,1,-1,-1,-1
538,40,830.30,414.56,74.19,157.61,1,-1,-1,-1
538,41,876.70,487.46,82.97,155.91,1,-1,-1,-1
538,43,835.46,510.60,90.66,167.79,1,-1,-1,-1
538,44,765.47,436.78,73.07,141.00,1,-1,-1,-1
538,45,979.46,408.41,62.54,140.22,1,-1,-1,-1
538,47,880.38,557.85,136.75,207.45,1,-1,-1,-1
538,48,837.03,511.13,91.46,172.33,1,-1,-1,-1
538,49,610.06,624.66,150.56,172.00,1,-1,-1,-1
539,2,730.04,552.07,99.02,204.99,1,-1,-1,-1
539,9,932.47,500.75,98.30,175.85,1,-1,-1,-1
539,10,753.07,459.79,78.88,150.81,1,-1,-1,-1
539,11,764.78,577.13,173.72,224.69,1,-1,-1,-1
539,13,797.94,563.57,114.77,216.17,1,-1,-1,-1
539,15,916.67,416.52,108.61,186.66,1,-1,-1,-1
539,21,757.69,512.65,92.64,209.55,1,-1,-1,-1
539,23,761.26,442.89,99.41,183.18,1,-1,-1,-1
539,26,993.01,547.38,136.64,251.99,1,-1,-1,-1
539,29,561.33,611.62,132.46,176.46,1,-1,-1,-1
539,32,1012.83,490.58,90.02,169.19,1,-1,-1,-1
539,35,1009.56,487.10,87.78,168.25,1,-1,-1,-1
539,39,1000.87,456.85,84.84,166.69,1,-1,-1,-1
539,40,830.30,414.56,74.19,157.61,1,-1,-1,-1
539,41,876.70,487.46,82.97,155.91,1,-1,-1,-1
539,43,827.07,508.40,98.83,208.29,1,-1,-1,-1
539,44,765.47,436.78,73.07,141.00,1,-1,-1,-1
539,45,979.46,408.41,62.54,140.22,1,-1,-1,-1
539,47,901.53,515.88,131.97,239.71,1,-1,-1,-1
539,48,837.03,511.13,91.46,172.33,1,-1,-1,-1
539,49,610.06,624.66,150.56,172.00,1,-1,-1,-1
540,2,724.72,561.74,106.36,195.73,1,-1,-1,-1
540,9,932.47,500.75,98.30,175.85,1,-1,-1,-1
540,10,753.07,459.79,78.88,150.81,1,-1,-1,-1
540,13,795.94,564.32,123.72,215.44,1,-1,-1,-1
540,15,919.83,411.71,115.77,182.77,1,-1,-1,-1
540,21,757.69,512.65,92.64,209.55,1,-1,-1,-1
540,23,762.43,454.73,89.79,173.49,1,-1,-1,-1
540,26,1000.73,541.97,132.83,256.13,1,-1,-1,-1
540,29,561.33,611.62,132.46,176.46,1,-1,-1,-1
540,32,1012.83,490.58,90.02,169.19,1,-1,-1,-1
540,35,1009.56,487.10,87.78,168.25,1,-1,-1,-1
540,39,992.73,455.38,96.22,164.70,1,-1,-1,-1
540,41,874.83,449.84,85.62,156.06,1,-1,-1,-1
540,43,827.81,509.28,107.57,194.49,1,-1,-1,-1
540,44,765.47,436.78,73.07,141.00,1,-1,-1,-1
540,45,979.46,408.41,62.54,140.22,1,-1,-1,-1
540,47,905.56,519.08,133.56,234.18,1,-1,-1,-1
540,48,837.13,509.89,107.31,193.64,1,-1,-1,-1
540,49,560.00,613.52,203.02,177.88,1,-1,-1,-1
541,2,730.83,562.72,106.83,199.08,1,-1,-1,-1
541,9,932.47,500.75,98.30,175.85,1,-1,-1,-1
541,10,753.07,459.79,78.88,150.81,1,-1,-1,-1
541,13,799.65,569.29,114.65,210.75,1,-1,-1,-1
541,15,945.20,411.98,99.58,148.76,1,-1,-1,-1
541,21,757.69,512.65,92.64,209.55,1,-1,-1,-1
541,23,762.43,454.73,89.79,173.49,1,-1,-1,-1
541,26,1014.73,587.41,103.49,206.80,1,-1,-1,-1
541,29,547.28,595.65,127.56,193.45,1,-1,-1,-1
541,31,898.19,438.18,92.16,160.14,1,-1,-1,-1
541,32,1020.70,458.67,87.08,159.50,1,-1,-1,-1
541,35,1009.56,487.10,87.78,168.25,1,-1,-1,-1
541,39,992.73,455.38,96.22,164.70,1,-1,-1,-1
541,41,861.88,451.50,84.89,152.40,1,-1,-1,-1
541,43,827.81,509.28,107.57,194.49,1,-1,-1,-1
541,44,776.07,450.64,87.60,168.70,1,-1,-1,-1
541,45,979.46,408.41,62.54,140.22,1,-1,-1,-1
541,47,920.44,515.42,126.64,242.73,1,-1,-1,-1
541,48,828.80,502.67,128.46,211.48,1,-1,-1,-1
541,49,560.00,613.52,203.02,177.88,1,-1,-1,-1
542,2,721.79,550.55,109.44,210.90,1,-1,-1,-1
542,9,932.47,500.75,98.30,175.85,1,-1,-1,-1
542,10,753.07,459.79,78.88,150.81,1,-1,-1,-1
542,13,796.43,569.14,111.77,210.65,1,-1,-1,-1
542,15,945.20,411.98,99.58,148.76,1,-1,-1,-1
542,21,757.69,512.65,92.64,209.55,1,-1,-1,-1
542,23,762.43,454.73,89.79,173.49,1,-1,-1,-1
542,26,1018.86,589.44,101.61,204.42,1,-1,-1,-1
542,29,534.24,591.00,143.24,198.58,1,-1,-1,-1
542,31,885.96,431.65,108.65,157.21,1,-1,-1,-1
542,32,1020.70,458.67,87.08,159.50,1,-1,-1,-1
542,35,1015.07,493.87,116.44,211.55,1,-1,-1,-1
542,39,992.73,455.38,96.22,164.70,1,-1,-1,-1
542,41,850.70,472.02,90.31,179.73,1,-1,-1,-1
542,43,827.81,509.28,107.57,194.49,1,-1,-1,-1
542,44,778.48,450.72,92.50,171.10,1,-1,-1,-1
542,45,979.46,408.41,62.54,140.22,1,-1,-1,-1
542,47,932.09,504.60,130.09,242.19,1,-1,-1,-1
542,48,827.93,481.79,123.44,228.83,1,-1,-1,-1
542,49,537.12,594.79,191.19,197.72,1,-1,-1,-1
543,2,702.99,523.05,111.20,238.55,1,-1,-1,-1
543,9,932.47,500.75,98.30,175.85,1,-1,-1,-1
543,13,795.75,564.48,113.21,216.00,1,-1,-1,-1
543,15,887.92,422.71,93.98,162.92,1,-1,-1,-1
543,21,757.69,512.65,92.64,209.55,1,-1,-1,-1
543,23,762.43,454.73,89.79,173.49,1,-1,-1,-1
543,25,774.42,437.18,102.43,206.36,1,-1,-1,-1
543,26,1018.86,589.44,101.61,204.42,1,-1,-1,-1
543,29,518.51,578.33,154.47,210.31,1,-1,-1,-1
543,31,883.98,423.72,102.48,163.96,1,-1,-1,-1
543,32,1020.70,458.67,87.08,159.50,1,-1,-1,-1
543,33,694.25,447.87,78.58,177.24,1,-1,-1,-1
543,35,1015.59,495.16,149.26,287.60,1,-1,-1,-1
543,39,992.73,455.38,96.22,164.70,1,-1,-1,-1
543,41,850.70,472.02,90.31,179.73,1,-1,-1,-1
543,43,827.81,509.28,107.57,194.49,1,-1,-1,-1
543,44,778.13,438.11,94.23,186.69,1,-1,-1,-1
543,45,979.46,408.41,62.54,140.22,1,-1,-1,-1
543,47,930.68,487.75,158.23,265.82,1,-1,-1,-1
543,48,833.32,448.27,109.55,232.98,1,-1,-1,-1
543,49,537.12,594.79,191.19,197.72,1,-1,-1,-1
544,2,712.28,528.77,109.75,234.50,1,-1,-1,-1
544,9,931.06,501.58,147.69,209.60,1,-1,-1,-1
544,13,793.92,564.61,106.37,215.24,1,-1,-1,-1
544,15,887.92,422.71,93.98,162.92,1,-1,-1,-1
544,23,762.43,454.73,89.79,173.49,1,-1,-1,-1
544,25,779.14,440.06,97.45,180.85,1,-1,-1,-1
544,26,1018.86,589.44,101.61,204.42,1,-1,-1,-1
544,27,946.68,402.56,118.96,207.11,1,-1,-1,-1
544,29,509.65,574.50,157.62,215.02,1,-1,-1,-1
544,31,886.07,427.98,82.91,157.33,1,-1,-1,-1
544,32,1020.70,458.67,87.08,159.50,1,-1,-1,-1
544,33,689.61,401.82,98.15,218.94,1,-1,-1,-1
544,35,1020.16,565.80,137.31,222.59,1,-1,-1,-1
544,39,992.73,455.38,96.22,164.70,1,-1,-1,-1
544,40,832.69,420.99,92.30,165.06,1,-1,-1,-1
544,41,850.70,472.02,90.31,179.73,1,-1,-1,-1
544,43,827.81,509.28,107.57,194.49,1,-1,-1,-1
544,44,781.16,437.80,93.82,172.83,1,-1,-1,-1
544,47,948.51,489.22,152.11,269.47,1,-1,-1,-1
544,48,833.32,448.27,109.55,232.98,1,-1,-1,-1
544,49,537.12,594.79,191.19,197.72,1,-1,-1,-1
545,2,700.36,523.58,120.33,232.49,1,-1,-1,-1
545,9,931.06,501.58,147.69,209.60,1,-1,-1,-1
545,13,792.62,556.70,115.36,221.84,1,-1,-1,-1
545,15,887.92,422.71,93.98,162.92,1,-1,-1,-1
545,23,762.43,454.73,89.79,173.49,1,-1,-1,-1
545,25,780.98,425.89,94.29,195.75,1,-1,-1,-1
545,26,1038.44,587.37,142.42,200.77,1,-1,-1,-1
545,27,946.68,402.56,118.96,207.11,1,-1,-1,-1
545,29,495.20,555.55,170.10,233.41,1,-1,-1,-1
545,30,1133.65,473.74,74.71,155.18,1,-1,-1,-1
545,31,874.75,426.58,81.78,161.31,1,-1,-1,-1
545,32,1020.70,458.67,87.08,159.50,1,-1,-1,-1
545,33,666.83,403.23,108.10,238.01,1,-1,-1,-1
545,35,1020.16,565.80,137.31,222.59,1,-1,-1,-1
545,39,960.99,409.20,113.33,211.69,1,-1,-1,-1
545,40,832.69,420.99,92.30,165.06,1,-1,-1,-1
545,41,850.70,472.02,90.31,179.73,1,-1,-1,-1
545,43,827.81,509.28,107.57,194.49,1,-1,-1,-1
545,44,783.54,428.84,87.96,183.76,1,-1,-1,-1
545,47,948.51,489.22,152.11,269.47,1,-1,-1,-1
545,48,832.24,421.50,104.73,207.30,1,-1,-1,-1
545,49,537.12,594.79,191.19,197.72,1,-1,-1,-1
546,2,685.87,519.03,130.21,244.04,1,-1,-1,-1
546,9,931.06,501.58,147.69,209.60,1,-1,-1,-1
546,13,788.21,557.17,125.04,221.64,1,-1,-1,-1
546,15,887.92,422.71,93.98,162.92,1,-1,-1,-1
546,25,781.40,424.81,91.92,195.61,1,-1,-1,-1
546,26,1047.90,581.28,158.87,204.00,1,-1,-1,-1
546,27,946.68,402.56,118.96,207.11,1,-1,-1,-1
546,28,646.42,415.81,125.71,253.49,1,-1,-1,-1
546,29,483.96,551.29,171.70,240.23,1,-1,-1,-1
546,30,1118.93,469.35,116.95,175.57,1,-1,-1,-1
546,31,874.75,426.58,81.78,161.31,1,-1,-1,-1
546,32,1020.70,458.67,87.08,159.50,1,-1,-1,-1
546,33,664.91,463.56,95.98,197.18,1,-1,-1,-1
546,35,1020.16,565.80,137.31,222.59,1,-1,-1,-1
546,39,962.67,407.46,111.34,227.12,1,-1,-1,-1
546,40,828.26,414.83,94.46,185.12,1,-1,-1,-1
546,41,850.70,472.02,90.31,179.73,1,-1,-1,-1
546,44,782.41,428.47,86.66,184.69,1,-1,-1,-1
546,47,967.46,462.28,157.21,262.48,1,-1,-1,-1
546,48,832.29,416.37,120.26,188.27,1,-1,-1,-1
546,49,537.12,594.79,191.19,197.72,1,-1,-1,-1
547,2,667.23,520.65,128.47,249.77,1,-1,-1,-1
547,9,982.17,473.73,133.42,240.17,1,-1,-1,-1
547,13,789.82,557.73,121.64,219.70,1,-1,-1,-1
547,15,887.92,422.71,93.98,162.92,1,-1,-1,-1
547,25,787.75,419.27,111.89,182.93,1,-1,-1,-1
547,26,1071.64,570.84,118.41,215.23,1,-1,-1,-1
547,27,946.68,402.56,118.96,207.11,1,-1,-1,-1
547,28,646.42,415.81,125.71,253.49,1,-1,-1,-1
547,29,465.84,542.94,152.94,250.74,1,-1,-1,-1
547,30,1152.52,472.65,130.57,244.88,1,-1,-1,-1
547,31,846.93,417.30,103.49,167.99,1,-1,-1,-1
547,32,1015.89,402.77,65.88,148.26,1,-1,-1,-1
547,33,664.91,463.56,95.98,197.18,1,-1,-1,-1
547,35,1020.16,565.80,137.31,222.59,1,-1,-1,-1
547,39,962.36,408.79,99.54,207.05,1,-1,-1,-1
547,40,828.26,414.83,94.46,185.12,1,-1,-1,-1
547,41,850.70,472.02,90.31,179.73,1,-1,-1,-1
547,44,782.41,428.47,86.66,184.69,1,-1,-1,-1
547,47,1008.26,474.48,124.68,246.92,1,-1,-1,-1
547,48,832.29,416.37,120.26,188.27,1,-1,-1,-1
547,49,537.12,594.79,191.19,197.72,1,-1,-1,-1
548,2,666.83,514.84,119.18,251.10,1,-1,-1,-1
548,9,1005.56,481.79,126.62,233.29,1,-1,-1,-1
548,13,795.18,556.67,113.36,221.83,1,-1,-1,-1
548,15,887.92,422.71,93.98,162.92,1,-1,-1,-1
548,20,991.92,483.82,110.40,231.95,1,-1,-1,-1
548,25,787.75,419.27,111.89,182.93,1,-1,-1,-1
548,26,1079.41,578.53,107.30,208.11,1,-1,-1,-1
548,27,946.68,402.56,118.96,207.11,1,-1,-1,-1
548,28,632.79,421.19,112.39,205.72,1,-1,-1,-1
548,29,458.20,545.49,129.44,248.09,1,-1,-1,-1
548,30,1152.52,472.65,130.57,244.88,1,-1,-1,-1
548,31,836.57,414.40,110.55,171.01,1,-1,-1,-1
548,32,1013.84,397.20,66.94,154.23,1,-1,-1,-1
548,33,664.91,463.56,95.98,197.18,1,-1,-1,-1
548,35,1020.16,565.80,137.31,222.59,1,-1,-1,-1
548,39,959.17,408.75,103.00,202.55,1,-1,-1,-1
548,40,828.26,414.83,94.46,185.12,1,-1,-1,-1
548,44,782.41,428.47,86.66,184.69,1,-1,-1,-1
548,47,1034.67,518.31,108.86,245.22,1,-1,-1,-1
548,48,832.29,416.37,120.26,188.27,1,-1,-1,-1
549,1,735.36,498.55,105.65,216.18,1,-1,-1,-1
549,2,659.89,523.99,123.59,229.52,1,-1,-1,-1
549,9,1021.54,481.36,117.02,284.74,1,-1,-1,-1
549,13,799.99,554.56,108.70,224.69,1,-1,-1,-1
549,20,1015.45,441.97,84.00,214.49,1,-1,-1,-1
549,23,762.45,438.38,83.59,199.39,1,-1,-1,-1
549,25,812.71,412.30,82.58,174.31,1,-1,-1,-1
549,26,1092.24,572.13,129.06,211.37,1,-1,-1,-1
549,27,946.68,402.56,118.96,207.11,1,-1,-1,-1
549,28,609.94,429.55,114.21,191.34,1,-1,-1,-1
549,29,449.84,559.69,131.22,232.66,1,-1,-1,-1
549,30,1193.89,478.61,120.60,248.23,1,-1,-1,-1
549,31,837.09,407.52,109.48,178.91,1,-1,-1,-1
549,32,1013.84,397.20,66.94,154.23,1,-1,-1,-1
549,33,664.91,463.56,95.98,197.18,1,-1,-1,-1
549,35,1020.16,565.80,137.31,222.59,1,-1,-1,-1
549,39,953.32,399.01,118.95,221.16,1,-1,-1,-1
549,40,828.26,414.83,94.46,185.12,1,-1,-1,-1
549,44,782.41,428.47,86.66,184.69,1,-1,-1,-1
549,47,1044.41,466.76,109.95,303.05,1,-1,-1,-1
549,48,832.29,416.37,120.26,188.27,1,-1,-1,-1
550,1,725.42,501.38,91.71,214.02,1,-1,-1,-1
550,2,655.81,531.20,121.07,221.91,1,-1,-1,-1
550,9,1022.04,489.09,101.61,254.28,1,-1,-1,-1
550,13,799.96,552.49,106.35,227.08,1,-1,-1,-1
550,20,1015.45,441.97,84.00,214.49,1,-1,-1,-1
550,23,762.44,440.48,78.41,179.26,1,-1,-1,-1
550,25,825.53,410.28,82.85,173.34,1,-1,-1,-1
550,26,1106.49,593.61,126.02,189.77,1,-1,-1,-1
550,28,609.94,429.55,114.21,191.34,1,-1,-1,-1
550,29,437.19,559.27,143.67,233.04,1,-1,-1,-1
550,30,1215.72,474.00,108.06,255.38,1,-1,-1,-1
550,31,837.09,407.52,109.48,178.91,1,-1,-1,-1
550,32,1013.84,397.20,66.94,154.23,1,-1,-1,-1
550,33,625.85,516.94,100.21,247.08,1,-1,-1,-1
550,39,952.63,389.45,130.42,234.24,1,-1,-1,-1
550,40,828.26,414.83,94.46,185.12,1,-1,-1,-1
550,44,788.44,410.31,66.70,151.43,1,-1,-1,-1
550,47,1072.99,476.52,111.91,262.37,1,-1,-1,-1
550,48,832.29,416.37,120.26,188.27,1,-1,-1,-1
551,1,725.42,501.38,91.71,214.02,1,-1,-1,-1
551,2,637.85,538.56,141.77,215.40,1,-1,-1,-1
551,9,1046.00,501.82,84.87,233.31,1,-1,-1,-1
551,13,799.23,546.99,110.51,233.12,1,-1,-1,-1
551,20,1026.00,449.43,73.07,182.43,1,-1,-1,-1
551,23,762.44,440.48,78.41,179.26,1,-1,-1,-1
551,25,825.53,410.28,82.85,173.34,1,-1,-1,-1
551,26,1136.90,559.55,129.54,221.68,1,-1,-1,-1
551,28,609.94,429.55,114.21,191.34,1,-1,-1,-1
551,29,422.12,551.28,145.55,238.47,1,-1,-1,-1
551,30,1231.65,472.22,112.38,248.37,1,-1,-1,-1
551,31,837.09,407.52,109.48,178.91,1,-1,-1,-1
551,32,1013.84,397.20,66.94,154.23,1,-1,-1,-1
551,33,602.59,538.21,108.48,236.31,1,-1,-1,-1
551,39,945.75,382.39,120.43,237.85,1,-1,-1,-1
551,40,792.32,417.67,91.17,217.17,1,-1,-1,-1
551,44,788.44,410.31,66.70,151.43,1,-1,-1,-1
551,47,1104.11,528.48,92.66,205.25,1,-1,-1,-1
551,48,832.29,416.37,120.26,188.27,1,-1,-1,-1
552,1,725.42,501.38,91.71,214.02,1,-1,-1,-1
552,2,624.24,537.15,151.84,206.52,1,-1,-1,-1
552,9,1054.54,493.39,82.67,234.36,1,-1,-1,-1
552,13,798.98,548.50,107.26,230.82,1,-1,-1,-1
552,20,1027.40,449.83,71.50,176.62,1,-1,-1,-1
552,23,762.44,440.48,78.41,179.26,1,-1,-1,-1
552,25,825.53,410.28,82.85,173.34,1,-1,-1,-1
552,26,1143.43,555.37,109.69,223.05,1,-1,-1,-1
552,28,626.16,411.67,91.23,209.80,1,-1,-1,-1
552,29,407.18,548.47,150.50,240.15,1,-1,-1,-1
552,30,1238.91,504.44,113.53,222.92,1,-1,-1,-1
552,31,837.09,407.52,109.48,178.91,1,-1,-1,-1
552,32,1013.84,397.20,66.94,154.23,1,-1,-1,-1
552,33,588.29,538.27,112.61,234.54,1,-1,-1,-1
552,39,951.26,399.70,110.48,221.64,1,-1,-1,-1
552,40,794.35,422.40,81.58,172.39,1,-1,-1,-1
552,44,788.44,410.31,66.70,151.43,1,-1,-1,-1
552,47,1125.74,534.96,81.40,217.11,1,-1,-1,-1
553,1,673.05,487.71,118.66,230.45,1,-1,-1,-1
553,2,600.58,442.42,186.28,277.81,1,-1,-1,-1
553,9,1073.87,490.60,99.16,242.72,1,-1,-1,-1
553,13,794.94,548.03,122.43,230.61,1,-1,-1,-1
553,20,1027.40,449.83,71.50,176.62,1,-1,-1,-1
553,23,762.44,440.48,78.41,179.26,1,-1,-1,-1
553,25,825.53,410.28,82.85,173.34,1,-1,-1,-1
553,26,1177.85,561.36,102.13,218.12,1,-1,-1,-1
553,27,1020.06,432.22,100.73,199.51,1,-1,-1,-1
553,28,601.12,434.86,118.92,255.86,1,-1,-1,-1
553,29,394.74,559.86,131.86,225.08,1,-1,-1,-1
553,30,1253.29,466.75,140.80,261.35,1,-1,-1,-1
553,31,837.09,407.52,109.48,178.91,1,-1,-1,-1
553,32,1013.84,397.20,66.94,154.23,1,-1,-1,-1
553,33,567.61,527.79,116.25,245.27,1,-1,-1,-1
553,39,947.38,386.95,111.92,227.59,1,-1,-1,-1
553,40,768.52,408.55,96.20,211.31,1,-1,-1,-1
553,41,826.57,450.02,103.77,218.21,1,-1,-1,-1
553,44,788.44,410.31,66.70,151.43,1,-1,-1,-1
553,47,1139.36,532.78,91.44,230.30,1,-1,-1,-1
554,1,670.19,486.75,116.88,231.14,1,-1,-1,-1
554,2,579.59,520.92,120.37,219.08,1,-1,-1,-1
554,9,1075.68,487.12,88.64,241.79,1,-1,-1,-1
554,13,797.99,550.81,116.80,228.02,1,-1,-1,-1
554,20,1033.79,439.70,85.24,190.36,1,-1,-1,-1
554,23,762.44,440.48,78.41,179.26,1,-1,-1,-1
554,25,825.53,410.28,82.85,173.34,1,-1,-1,-1
554,26,1181.94,541.60,106.83,234.01,1,-1,-1,-1
554,27,1020.06,432.22,100.73,199.51,1,-1,-1,-1
554,28,588.93,455.81,101.22,222.05,1,-1,-1,-1
554,29,384.46,570.59,118.78,216.48,1,-1,-1,-1
554,30,1260.08,465.08,154.95,262.33,1,-1,-1,-1
554,31,837.09,407.52,109.48,178.91,1,-1,-1,-1
554,33,564.72,527.94,113.82,240.21,1,-1,-1,-1
554,39,944.94,403.27,101.60,209.88,1,-1,-1,-1
554,40,765.60,430.80,96.81,233.95,1,-1,-1,-1
554,41,827.42,453.83,102.29,222.18,1,-1,-1,-1
554,44,788.44,410.31,66.70,151.43,1,-1,-1,-1
554,47,1147.41,531.03,86.05,195.70,1,-1,-1,-1
555,1,638.64,480.76,132.25,240.03,1,-1,-1,-1
555,2,547.78,522.72,131.25,238.46,1,-1,-1,-1
555,9,1090.90,496.79,89.91,233.57,1,-1,-1,-1
555,13,791.01,539.76,122.41,238.96,1,-1,-1,-1
555,20,1051.11,440.80,70.86,178.03,1,-1,-1,-1
555,23,763.11,419.76,78.59,160.85,1,-1,-1,-1
555,25,825.53,410.28,82.85,173.34,1,-1,-1,-1
555,26,1185.55,479.54,118.60,282.48,1,-1,-1,-1
555,27,1020.06,432.22,100.73,199.51,1,-1,-1,-1
555,28,583.22,463.91,67.22,175.07,1,-1,-1,-1
555,29,359.49,572.21,100.49,214.42,1,-1,-1,-1
555,30,1280.81,459.71,164.28,265.09,1,-1,-1,-1
555,33,529.42,525.68,100.02,248.44,1,-1,-1,-1
555,39,932.06,397.70,100.57,213.72,1,-1,-1,-1
555,40,758.26,469.55,91.18,208.27,1,-1,-1,-1
555,41,825.38,455.03,104.48,215.08,1,-1,-1,-1
555,44,788.44,410.31,66.70,151.43,1,-1,-1,-1
555,47,1150.47,514.95,115.01,241.97,1,-1,-1,-1
556,1,636.17,474.44,119.37,242.48,1,-1,-1,-1
556,2,543.72,521.07,128.15,233.06,1,-1,-1,-1
556,9,1096.51,479.61,92.65,248.69,1,-1,-1,-1
556,13,797.10,547.27,114.02,230.77,1,-1,-1,-1
556,20,1072.30,409.07,63.22,172.59,1,-1,-1,-1
556,21,762.59,507.60,77.18,171.77,1,-1,-1,-1
556,23,763.11,419.76,78.59,160.85,1,-1,-1,-1
556,26,1185.55,479.54,118.60,282.48,1,-1,-1,-1
556,27,1020.06,432.22,100.73,199.51,1,-1,-1,-1
556,28,603.11,474.36,68.89,170.61,1,-1,-1,-1
556,29,351.33,571.80,97.08,211.90,1,-1,-1,-1
556,30,1351.93,456.26,107.23,270.75,1,-1,-1,-1
556,31,829.59,423.77,86.99,181.66,1,-1,-1,-1
556,33,514.46,519.98,100.88,254.42,1,-1,-1,-1
556,39,913.06,395.01,116.73,214.64,1,-1,-1,-1
556,40,755.96,475.66,84.21,200.82,1,-1,-1,-1
556,41,831.18,452.64,101.93,208.76,1,-1,-1,-1
556,47,1158.43,515.65,143.39,243.28,1,-1,-1,-1
556,50,748.91,416.91,85.38,179.18,1,-1,-1,-1
556,52,579.43,466.40,65.12,164.35,1,-1,-1,-1
557,1,621.98,496.65,110.27,219.03,1,-1,-1,-1
557,2,513.51,529.27,140.27,217.50,1,-1,-1,-1
557,9,1088.66,480.36,127.42,245.65,1,-1,-1,-1
557,13,792.20,552.28,116.21,225.57,1,-1,-1,-1
557,20,1072.30,409.07,63.22,172.59,1,-1,-1,-1
557,21,762.59,507.60,77.18,171.77,1,-1,-1,-1
557,23,763.11,419.76,78.59,160.85,1,-1,-1,-1
557,26,1185.55,479.54,118.60,282.48,1,-1,-1,-1
557,27,1020.06,432.22,100.73,199.51,1,-1,-1,-1
557,28,603.11,474.36,68.89,170.61,1,-1,-1,-1
557,29,322.31,568.44,112.00,214.80,1,-1,-1,-1
557,30,1390.75,462.90,94.19,261.28,1,-1,-1,-1
557,31,829.59,423.77,86.99,181.66,1,-1,-1,-1
557,33,492.46,516.12,106.45,255.14,1,-1,-1,-1
557,39,913.86,397.12,115.77,214.26,1,-1,-1,-1
557,40,755.96,475.66,84.21,200.82,1,-1,-1,-1
557,41,826.67,448.31,122.60,215.64,1,-1,-1,-1
557,47,1196.33,497.69,120.00,257.62,1,-1,-1,-1
557,50,748.91,416.91,85.38,179.18,1,-1,-1,-1
557,52,579.43,466.40,65.12,164.35,1,-1,-1,-1
558,1,621.98,496.65,110.27,219.03,1,-1,-1,-1
558,2,513.51,529.27,140.27,217.50,1,-1,-1,-1
558,9,1113.42,489.74,107.24,234.56,1,-1,-1,-1
558,13,791.73,549.81,115.50,228.10,1,-1,-1,-1
558,20,1072.30,409.07,63.22,172.59,1,-1,-1,-1
558,21,725.62,423.12,121.28,248.13,1,-1,-1,-1
558,23,763.11,419.76,78.59,160.85,1,-1,-1,-1
558,26,1185.55,479.54,118.60,282.48,1,-1,-1,-1
558,27,1020.06,432.22,100.73,199.51,1,-1,-1,-1
558,28,625.74,475.30,106.67,142.32,1,-1,-1,-1
558,29,308.28,566.88,115.38,215.22,1,-1,-1,-1
558,30,1405.23,460.34,95.06,264.25,1,-1,-1,-1
558,31,829.59,423.77,86.99,181.66,1,-1,-1,-1
558,33,484.48,513.73,103.34,258.45,1,-1,-1,-1
558,39,910.58,393.83,119.68,217.08,1,-1,-1,-1
558,40,732.49,464.26,101.94,216.38,1,-1,-1,-1
558,41,830.77,442.78,122.18,225.89,1,-1,-1,-1
558,47,1196.33,497.69,120.00,257.62,1,-1,-1,-1
558,50,748.91,416.91,85.38,179.18,1,-1,-1,-1
558,51,1183.61,476.26,138.36,278.16,1,-1,-1,-1
558,52,567.69,470.68,90.32,160.40,1,-1,-1,-1
558,53,1044.04,471.94,106.64,215.31,1,-1,-1,-1
559,1,596.29,485.25,103.03,234.94,1,-1,-1,-1
559,2,513.51,529.27,140.27,217.50,1,-1,-1,-1
559,9,1114.31,490.12,119.89,234.22,1,-1,-1,-1
559,10,720.73,416.87,83.91,178.37,1,-1,-1,-1
559,13,767.55,547.94,141.01,230.22,1,-1,-1,-1
559,20,1072.30,409.07,63.22,172.59,1,-1,-1,-1
559,21,728.15,454.73,100.74,225.47,1,-1,-1,-1
559,23,763.11,419.76,78.59,160.85,1,-1,-1,-1
559,26,1206.45,506.50,115.18,245.14,1,-1,-1,-1
559,28,652.64,471.55,91.57,139.22,1,-1,-1,-1
559,29,299.51,575.73,94.20,206.41,1,-1,-1,-1
559,30,1414.70,448.78,128.68,275.57,1,-1,-1,-1
559,31,829.59,423.77,86.99,181.66,1,-1,-1,-1
559,33,465.77,543.45,95.87,228.96,1,-1,-1,-1
559,39,906.07,399.23,121.29,209.75,1,-1,-1,-1
559,40,729.88,469.77,81.42,207.03,1,-1,-1,-1
559,41,840.76,460.00,111.64,206.70,1,-1,-1,-1
559,47,1204.14,462.58,130.52,280.08,1,-1,-1,-1
559,50,748.91,416.91,85.38,179.18,1,-1,-1,-1
559,51,1230.79,456.78,111.50,287.09,1,-1,-1,-1
559,52,556.67,475.49,88.39,163.52,1,-1,-1,-1
559,53,1049.75,481.36,98.12,207.18,1,-1,-1,-1
560,1,583.45,483.31,106.76,235.30,1,-1,-1,-1
560,2,513.51,529.27,140.27,217.50,1,-1,-1,-1
560,9,1118.85,495.20,114.79,232.53,1,-1,-1,-1
560,10,710.73,411.59,85.87,183.72,1,-1,-1,-1
560,13,780.67,549.11,130.96,228.81,1,-1,-1,-1
560,20,1072.30,409.07,63.22,172.59,1,-1,-1,-1
560,21,728.00,466.14,96.01,213.37,1,-1,-1,-1
560,23,711.71,410.71,91.34,191.54,1,-1,-1,-1
560,26,1202.00,476.04,140.25,267.75,1,-1,-1,-1
560,28,660.15,467.14,83.87,141.82,1,-1,-1,-1
560,29,287.29,571.31,85.30,210.88,1,-1,-1,-1
560,30,1423.96,451.83,143.21,271.49,1,-1,-1,-1
560,31,829.59,423.77,86.99,181.66,1,-1,-1,-1
560,33,447.80,526.49,106.98,245.68,1,-1,-1,-1
560,39,905.49,397.38,119.32,212.26,1,-1,-1,-1
560,40,727.13,467.27,79.36,211.85,1,-1,-1,-1
560,41,842.86,461.72,109.17,202.76,1,-1,-1,-1
560,47,1229.54,460.48,118.12,279.08,1,-1,-1,-1
560,50,748.91,416.91,85.38,179.18,1,-1,-1,-1
560,51,1230.79,456.78,111.50,287.09,1,-1,-1,-1
560,52,553.37,474.93,87.01,168.31,1,-1,-1,-1
560,53,1043.19,480.78,108.15,208.51,1,-1,-1,-1
561,1,554.15,477.64,113.12,243.25,1,-1,-1,-1
561,2,513.51,529.27,140.27,217.50,1,-1,-1,-1
561,9,1131.10,502.10,118.31,230.08,1,-1,-1,-1
561,10,710.73,411.59,85.87,183.72,1,-1,-1,-1
561,13,753.79,551.59,161.71,228.15,1,-1,-1,-1
561,20,1072.30,409.07,63.22,172.59,1,-1,-1,-1
561,21,728.00,466.14,96.01,213.37,1,-1,-1,-1
561,23,711.71,410.71,91.34,191.54,1,-1,-1,-1
561,26,1220.51,504.26,130.08,232.37,1,-1,-1,-1
561,28,660.15,467.14,83.87,141.82,1,-1,-1,-1
561,29,259.77,566.64,108.36,214.99,1,-1,-1,-1
561,30,1444.08,441.58,156.62,268.21,1,-1,-1,-1
561,31,829.59,423.77,86.99,181.66,1,-1,-1,-1
561,33,428.17,521.34,130.29,246.14,1,-1,-1,-1
561,39,902.42,397.03,123.42,215.10,1,-1,-1,-1
561,40,727.13,467.27,79.36,211.85,1,-1,-1,-1
561,41,838.42,455.05,113.36,212.13,1,-1,-1,-1
561,47,1248.38,515.22,106.34,218.00,1,-1,-1,-1
561,50,748.91,416.91,85.38,179.18,1,-1,-1,-1
561,51,1230.79,456.78,111.50,287.09,1,-1,-1,-1
561,52,553.37,474.93,87.01,168.31,1,-1,-1,-1
561,53,1055.98,485.00,98.45,204.74,1,-1,-1,-1
562,1,550.24,477.16,100.66,244.94,1,-1,-1,-1
562,2,430.67,549.08,128.04,197.31,1,-1,-1,-1
562,9,1134.53,505.66,142.44,227.70,1,-1,-1,-1
562,10,710.73,411.59,85.87,183.72,1,-1,-1,-1
562,13,770.01,553.52,143.58,225.49,1,-1,-1,-1
562,21,728.00,466.14,96.01,213.37,1,-1,-1,-1
562,23,711.71,410.71,91.34,191.54,1,-1,-1,-1
562,26,1240.48,498.81,115.01,234.18,1,-1,-1,-1
562,28,646.45,459.12,111.00,155.69,1,-1,-1,-1
562,29,246.44,563.62,119.11,217.80,1,-1,-1,-1
562,30,1454.80,441.90,168.44,272.04,1,-1,-1,-1
562,33,419.17,537.75,129.46,209.66,1,-1,-1,-1
562,39,902.03,398.29,126.63,215.74,1,-1,-1,-1
562,40,704.81,454.98,96.53,225.76,1,-1,-1,-1
562,41,839.61,460.75,111.40,208.52,1,-1,-1,-1
562,47,1248.38,515.22,106.34,218.00,1,-1,-1,-1
562,51,1230.79,456.78,111.50,287.09,1,-1,-1,-1
562,52,546.92,472.80,63.77,169.79,1,-1,-1,-1
562,53,1060.14,485.64,93.39,204.38,1,-1,-1,-1
562,54,837.01,412.34,59.49,153.32,1,-1,-1,-1
563,1,535.53,472.96,106.99,249.20,1,-1,-1,-1
563,2,402.77,562.36,113.38,206.17,1,-1,-1,-1
563,9,1140.42,505.21,139.04,227.58,1,-1,-1,-1
563,10,710.73,411.59,85.87,183.72,1,-1,-1,-1
563,13,797.27,555.56,113.63,225.30,1,-1,-1,-1
563,21,728.00,466.14,96.01,213.37,1,-1,-1,-1
563,23,711.71,410.71,91.34,191.54,1,-1,-1,-1
563,26,1243.08,515.03,119.54,221.05,1,-1,-1,-1
563,27,1054.88,405.62,112.72,228.51,1,-1,-1,-1
563,28,660.56,430.32,93.76,167.61,1,-1,-1,-1
563,29,219.74,561.34,125.55,213.17,1,-1,-1,-1
563,30,1537.36,442.55,106.05,273.79,1,-1,-1,-1
563,33,419.17,537.75,129.46,209.66,1,-1,-1,-1
563,39,903.19,400.22,122.36,214.17,1,-1,-1,-1
563,40,672.45,443.24,126.94,236.87,1,-1,-1,-1
563,41,839.09,458.54,110.33,212.89,1,-1,-1,-1
563,47,1248.38,515.22,106.34,218.00,1,-1,-1,-1
563,48,846.06,420.25,98.98,203.35,1,-1,-1,-1
563,51,1230.79,456.78,111.50,287.09,1,-1,-1,-1
563,52,546.92,472.80,63.77,169.79,1,-1,-1,-1
563,53,1070.88,496.35,90.11,195.59,1,-1,-1,-1
563,54,834.17,410.85,64.53,165.26,1,-1,-1,-1
564,1,520.12,469.49,111.69,252.30,1,-1,-1,-1
564,2,371.78,521.55,98.60,218.02,1,-1,-1,-1
564,9,1155.78,504.65,121.04,229.37,1,-1,-1,-1
564,10,710.73,411.59,85.87,183.72,1,-1,-1,-1
564,13,802.45,555.98,103.73,223.47,1,-1,-1,-1
564,15,886.22,415.97,79.01,199.66,1,-1,-1,-1
564,20,1062.59,404.06,105.70,209.65,1,-1,-1,-1
564,21,728.00,466.14,96.01,213.37,1,-1,-1,-1
564,23,711.71,410.71,91.34,191.54,1,-1,-1,-1
564,26,1251.99,502.76,134.20,236.78,1,-1,-1,-1
564,27,1054.88,405.62,112.72,228.51,1,-1,-1,-1
564,28,651.89,424.70,100.64,165.49,1,-1,-1,-1
564,29,213.12,559.37,120.91,210.08,1,-1,-1,-1
564,30,1566.72,458.20,83.35,258.70,1,-1,-1,-1
564,33,396.44,555.67,110.23,214.55,1,-1,-1,-1
564,39,905.40,401.08,121.15,213.86,1,-1,-1,-1
564,40,670.80,447.06,127.28,237.16,1,-1,-1,-1
564,41,841.55,459.80,105.15,203.64,1,-1,-1,-1
564,47,1248.38,515.22,106.34,218.00,1,-1,-1,-1
564,48,849.64,421.01,93.97,207.92,1,-1,-1,-1
564,51,1230.79,456.78,111.50,287.09,1,-1,-1,-1
564,52,546.92,472.80,63.77,169.79,1,-1,-1,-1
564,53,1078.24,500.41,78.54,188.81,1,-1,-1,-1
564,54,834.86,411.64,61.18,150.82,1,-1,-1,-1
565,1,492.73,468.19,129.64,254.28,1,-1,-1,-1
565,2,371.78,521.55,98.60,218.02,1,-1,-1,-1
565,9,1168.86,508.88,117.82,228.89,1,-1,-1,-1
565,10,647.19,440.44,92.89,151.66,1,-1,-1,-1
565,13,802.13,554.32,104.37,224.68,1,-1,-1,-1
565,15,886.22,415.97,79.01,199.66,1,-1,-1,-1
565,20,1062.59,404.06,105.70,209.65,1,-1,-1,-1
565,21,722.25,443.21,104.42,184.02,1,-1,-1,-1
565,23,646.60,424.88,101.05,164.46,1,-1,-1,-1
565,26,1258.66,519.29,151.80,224.84,1,-1,-1,-1
565,27,1054.88,405.62,112.72,228.51,1,-1,-1,-1
565,28,655.90,427.31,90.54,165.08,1,-1,-1,-1
565,29,194.14,557.23,104.48,210.22,1,-1,-1,-1
565,30,1577.23,445.81,104.37,272.20,1,-1,-1,-1
565,33,350.90,531.45,139.93,240.81,1,-1,-1,-1
565,39,906.89,400.68,122.00,216.29,1,-1,-1,-1
565,40,656.65,472.60,124.99,209.81,1,-1,-1,-1
565,41,835.51,451.60,110.50,214.94,1,-1,-1,-1
565,47,1248.38,515.22,106.34,218.00,1,-1,-1,-1
565,48,850.38,418.22,91.20,206.65,1,-1,-1,-1
565,52,546.92,472.80,63.77,169.79,1,-1,-1,-1
565,53,1052.20,408.41,131.22,280.54,1,-1,-1,-1
565,54,834.06,410.43,61.95,162.03,1,-1,-1,-1
566,1,483.31,483.79,131.63,239.65,1,-1,-1,-1
566,2,328.14,520.74,117.32,240.80,1,-1,-1,-1
566,9,1176.11,511.82,110.92,224.50,1,-1,-1,-1
566,10,647.19,440.44,92.89,151.66,1,-1,-1,-1
566,13,801.95,551.52,105.78,228.20,1,-1,-1,-1
566,15,886.22,415.97,79.01,199.66,1,-1,-1,-1
566,20,1062.59,404.06,105.70,209.65,1,-1,-1,-1
566,21,710.86,438.88,133.35,187.22,1,-1,-1,-1
566,23,646.60,424.88,101.05,164.46,1,-1,-1,-1
566,26,1263.15,520.51,161.02,226.59,1,-1,-1,-1
566,27,1054.88,405.62,112.72,228.51,1,-1,-1,-1
566,28,642.20,425.64,103.40,167.06,1,-1,-1,-1
566,29,182.78,557.80,93.44,208.38,1,-1,-1,-1
566,30,1589.59,443.35,113.59,274.13,1,-1,-1,-1
566,33,327.50,527.63,156.18,245.37,1,-1,-1,-1
566,39,904.61,399.82,122.58,217.91,1,-1,-1,-1
566,40,657.33,522.65,118.21,159.56,1,-1,-1,-1
566,41,833.34,449.37,111.45,219.73,1,-1,-1,-1
566,47,1248.38,515.22,106.34,218.00,1,-1,-1,-1
566,48,847.42,415.92,93.92,209.95,1,-1,-1,-1
566,52,546.92,472.80,63.77,169.79,1,-1,-1,-1
566,53,1056.35,396.29,127.66,269.70,1,-1,-1,-1
566,54,834.06,410.43,61.95,162.03,1,-1,-1,-1
566,56,359.38,553.51,122.51,214.73,1,-1,-1,-1
567,1,473.72,507.73,128.31,216.08,1,-1,-1,-1
567,2,291.66,512.49,106.10,226.98,1,-1,-1,-1
567,9,1184.51,514.47,116.90,220.57,1,-1,-1,-1
567,10,647.19,440.44,92.89,151.66,1,-1,-1,-1
567,13,803.59,546.71,110.11,232.12,1,-1,-1,-1
567,15,886.22,415.97,79.01,199.66,1,-1,-1,-1
567,20,1062.59,404.06,105.70,209.65,1,-1,-1,-1
567,21,710.86,438.88,133.35,187.22,1,-1,-1,-1
567,23,646.60,424.88,101.05,164.46,1,-1,-1,-1
567,26,1282.88,522.33,145.77,225.65,1,-1,-1,-1
567,27,1054.88,405.62,112.72,228.51,1,-1,-1,-1
567,28,643.94,427.14,113.98,188.22,1,-1,-1,-1
567,29,160.94,554.22,101.84,212.34,1,-1,-1,-1
567,30,1605.12,445.66,132.73,271.52,1,-1,-1,-1
567,33,327.50,527.63,156.18,245.37,1,-1,-1,-1
567,39,899.86,401.90,133.06,215.19,1,-1,-1,-1
567,40,653.33,455.05,112.69,228.70,1,-1,-1,-1
567,41,829.18,447.02,116.27,223.72,1,-1,-1,-1
567,48,845.04,415.14,98.80,201.72,1,-1,-1,-1
567,50,737.71,437.23,118.76,190.10,1,-1,-1,-1
567,52,518.34,470.71,113.81,165.75,1,-1,-1,-1
567,53,1056.35,396.29,127.66,269.70,1,-1,-1,-1
567,54,834.06,410.43,61.95,162.03,1,-1,-1,-1
567,55,1062.84,494.81,105.50,198.53,1,-1,-1,-1
567,56,347.37,562.49,118.90,209.74,1,-1,-1,-1
568,1,473.95,510.62,122.23,213.95,1,-1,-1,-1
568,2,272.12,515.22,106.20,220.92,1,-1,-1,-1
568,9,1190.45,511.46,127.61,223.00,1,-1,-1,-1
568,10,647.19,440.44,92.89,151.66,1,-1,-1,-1
568,13,803.84,545.77,110.07,235.50,1,-1,-1,-1
568,15,886.22,415.97,79.01,199.66,1,-1,-1,-1
568,20,1062.59,404.06,105.70,209.65,1,-1,-1,-1
568,21,710.86,438.88,133.35,187.22,1,-1,-1,-1
568,23,646.60,424.88,101.05,164.46,1,-1,-1,-1
568,26,1289.96,521.44,141.67,226.60,1,-1,-1,-1
568,27,1054.88,405.62,112.72,228.51,1,-1,-1,-1
568,28,642.57,423.73,114.47,187.45,1,-1,-1,-1
568,29,139.19,550.23,118.33,217.52,1,-1,-1,-1
568,30,1621.91,454.18,139.82,259.66,1,-1,-1,-1
568,33,327.50,527.63,156.18,245.37,1,-1,-1,-1
568,39,901.43,403.03,134.66,215.12,1,-1,-1,-1
568,40,653.08,476.18,106.06,208.12,1,-1,-1,-1
568,41,825.83,445.85,120.97,226.90,1,-1,-1,-1
568,48,845.04,415.14,98.80,201.72,1,-1,-1,-1
568,50,743.08,436.18,113.68,193.39,1,-1,-1,-1
568,52,521.18,470.82,98.56,168.40,1,-1,-1,-1
568,53,1056.35,396.29,127.66,269.70,1,-1,-1,-1
568,54,834.06,410.43,61.95,162.03,1,-1,-1,-1
568,55,1067.17,494.18,100.50,197.56,1,-1,-1,-1
568,56,337.60,564.56,118.02,208.79,1,-1,-1,-1
569,1,468.94,507.24,124.00,218.96,1,-1,-1,-1
569,2,223.75,514.02,131.28,223.13,1,-1,-1,-1
569,9,1194.09,503.67,100.56,228.74,1,-1,-1,-1
569,10,647.19,440.44,92.89,151.66,1,-1,-1,-1
569,13,803.26,543.83,111.87,236.08,1,-1,-1,-1
569,15,886.22,415.97,79.01,199.66,1,-1,-1,-1
569,20,1092.07,415.33,81.80,173.69,1,-1,-1,-1
569,21,710.86,438.88,133.35,187.22,1,-1,-1,-1
569,23,646.60,424.88,101.05,164.46,1,-1,-1,-1
569,26,1300.96,522.56,140.77,223.82,1,-1,-1,-1
569,28,634.70,416.63,135.50,242.08,1,-1,-1,-1
569,29,111.06,547.85,128.47,207.19,1,-1,-1,-1
569,30,1639.89,475.83,141.02,219.50,1,-1,-1,-1
569,33,327.50,527.63,156.18,245.37,1,-1,-1,-1
569,39,904.80,403.51,132.95,215.29,1,-1,-1,-1
569,40,647.59,467.47,112.78,217.91,1,-1,-1,-1
569,41,823.21,446.28,121.71,225.74,1,-1,-1,-1
569,48,845.04,415.14,98.80,201.72,1,-1,-1,-1
569,50,727.40,437.59,130.95,193.17,1,-1,-1,-1
569,52,514.11,468.94,89.61,177.98,1,-1,-1,-1
569,53,1083.82,405.37,101.69,194.74,1,-1,-1,-1
569,54,834.06,410.43,61.95,162.03,1,-1,-1,-1
569,55,1076.65,497.94,83.81,193.74,1,-1,-1,-1
569,56,333.47,567.07,108.08,206.18,1,-1,-1,-1
570,1,466.29,507.17,117.79,217.84,1,-1,-1,-1
570,2,213.45,515.88,116.62,222.35,1,-1,-1,-1
570,9,1195.23,502.96,98.29,228.52,1,-1,-1,-1
570,10,647.19,440.44,92.89,151.66,1,-1,-1,-1
570,13,807.19,545.29,108.68,234.63,1,-1,-1,-1
570,20,1100.06,423.72,69.68,161.16,1,-1,-1,-1
570,21,710.86,438.88,133.35,187.22,1,-1,-1,-1
570,23,646.60,424.88,101.05,164.46,1,-1,-1,-1
570,26,1331.43,527.60,117.44,221.37,1,-1,-1,-1
570,28,634.70,416.63,135.50,242.08,1,-1,-1,-1
570,29,95.14,548.73,141.55,204.71,1,-1,-1,-1
570,30,1651.34,487.39,137.12,192.55,1,-1,-1,-1
570,33,327.50,527.63,156.18,245.37,1,-1,-1,-1
570,39,918.35,404.86,125.07,214.71,1,-1,-1,-1
570,40,638.14,429.37,111.06,259.02,1,-1,-1,-1
570,41,839.30,458.59,105.21,217.75,1,-1,-1,-1
570,47,1289.83,516.68,87.03,176.90,1,-1,-1,-1
570,48,844.31,418.18,107.87,228.92,1,-1,-1,-1
570,50,726.20,438.24,130.44,187.45,1,-1,-1,-1
570,52,513.52,468.51,88.83,174.02,1,-1,-1,-1
570,53,1083.82,405.37,101.69,194.74,1,-1,-1,-1
570,54,834.06,410.43,61.95,162.03,1,-1,-1,-1
570,55,1081.20,500.90,77.32,190.19,1,-1,-1,-1
570,56,334.59,565.71,96.62,207.06,1,-1,-1,-1
571,1,472.92,508.59,105.85,217.74,1,-1,-1,-1
571,2,218.18,515.84,88.05,221.35,1,-1,-1,-1
571,9,1196.08,503.98,98.85,226.60,1,-1,-1,-1
571,10,634.54,420.87,97.29,198.38,1,-1,-1,-1
571,13,808.20,545.10,108.28,235.22,1,-1,-1,-1
571,15,853.82,415.63,88.02,205.73,1,-1,-1,-1
571,20,1101.16,426.42,68.45,174.01,1,-1,-1,-1
571,21,710.86,438.88,133.35,187.22,1,-1,-1,-1
571,26,1335.88,531.89,111.77,217.25,1,-1,-1,-1
571,28,634.70,416.63,135.50,242.08,1,-1,-1,-1
571,29,89.64,548.96,139.24,205.98,1,-1,-1,-1
571,30,1651.34,487.39,137.12,192.55,1,-1,-1,-1
571,33,327.50,527.63,156.18,245.37,1,-1,-1,-1
571,39,918.45,409.33,125.11,207.78,1,-1,-1,-1
571,40,642.68,478.51,92.39,212.38,1,-1,-1,-1
571,41,841.88,459.54,103.00,215.57,1,-1,-1,-1
571,47,1277.31,517.37,99.63,172.58,1,-1,-1,-1
571,48,845.08,414.66,105.06,228.97,1,-1,-1,-1
571,50,738.02,436.26,115.66,188.65,1,-1,-1,-1
571,52,514.14,467.03,89.86,172.44,1,-1,-1,-1
571,53,1083.82,405.37,101.69,194.74,1,-1,-1,-1
571,55,1081.46,500.11,84.86,191.62,1,-1,-1,-1
571,56,325.79,566.21,98.88,208.49,1,-1,-1,-1
572,1,474.59,507.79,102.01,221.77,1,-1,-1,-1
572,2,195.56,512.37,97.39,223.79,1,-1,-1,-1
572,9,1197.00,506.29,101.24,223.11,1,-1,-1,-1
572,10,634.54,420.87,97.29,198.38,1,-1,-1,-1
572,13,800.19,550.78,129.12,230.04,1,-1,-1,-1
572,15,853.82,415.63,88.02,205.73,1,-1,-1,-1
572,20,1091.21,422.13,84.36,180.15,1,-1,-1,-1
572,26,1334.21,539.64,114.43,210.90,1,-1,-1,-1
572,28,628.12,412.89,135.05,226.54,1,-1,-1,-1
572,29,74.60,552.34,116.61,199.44,1,-1,-1,-1
572,30,1651.34,487.39,137.12,192.55,1,-1,-1,-1
572,39,925.58,409.85,119.82,207.62,1,-1,-1,-1
572,40,632.73,479.16,121.35,213.16,1,-1,-1,-1
572,41,851.57,463.90,105.32,211.12,1,-1,-1,-1
572,47,1271.33,514.88,100.94,173.20,1,-1,-1,-1
572,48,849.43,416.48,85.61,206.64,1,-1,-1,-1
572,50,759.32,434.63,103.06,192.18,1,-1,-1,-1
572,52,507.72,462.94,88.18,176.24,1,-1,-1,-1
572,53,1083.82,405.37,101.69,194.74,1,-1,-1,-1
572,55,1081.35,508.84,80.21,184.07,1,-1,-1,-1
572,56,324.42,563.91,94.81,212.54,1,-1,-1,-1
573,1,475.27,507.09,102.05,223.12,1,-1,-1,-1
573,2,174.05,510.34,107.46,225.56,1,-1,-1,-1
573,9,1198.67,511.77,96.46,216.57,1,-1,-1,-1
573,10,634.54,420.87,97.29,198.38,1,-1,-1,-1
573,13,799.70,553.74,124.39,226.85,1,-1,-1,-1
573,15,853.82,415.63,88.02,205.73,1,-1,-1,-1
573,20,1089.13,422.43,88.03,184.18,1,-1,-1,-1
573,26,1346.48,539.38,102.26,214.57,1,-1,-1,-1
573,28,628.12,412.89,135.05,226.54,1,-1,-1,-1
573,29,66.19,551.23,98.84,200.28,1,-1,-1,-1
573,30,1651.34,487.39,137.12,192.55,1,-1,-1,-1
573,39,937.31,411.18,106.87,208.83,1,-1,-1,-1
573,40,628.61,424.12,120.32,267.00,1,-1,-1,-1
573,41,854.78,466.93,105.02,209.67,1,-1,-1,-1
573,47,1279.94,508.49,91.34,173.05,1,-1,-1,-1
573,48,852.09,419.41,77.46,190.80,1,-1,-1,-1
573,50,767.20,435.32,96.20,193.98,1,-1,-1,-1
573,52,506.47,463.19,86.18,178.44,1,-1,-1,-1
573,53,1083.82,405.37,101.69,194.74,1,-1,-1,-1
573,55,1082.77,511.47,79.51,180.35,1,-1,-1,-1
573,56,316.02,564.23,96.68,215.81,1,-1,-1,-1
574,1,475.81,509.74,105.78,218.88,1,-1,-1,-1
574,2,148.10,500.93,109.16,226.58,1,-1,-1,-1
574,9,1205.57,513.48,92.89,216.78,1,-1,-1,-1
574,10,634.54,420.87,97.29,198.38,1,-1,-1,-1
574,13,797.99,551.63,122.15,229.86,1,-1,-1,-1
574,15,853.82,415.63,88.02,205.73,1,-1,-1,-1
574,20,1090.49,428.58,79.44,174.31,1,-1,-1,-1
574,25,854.93,422.47,67.93,172.10,1,-1,-1,-1
574,26,1353.92,536.99,100.27,223.15,1,-1,-1,-1
574,28,674.23,429.21,86.14,175.14,1,-1,-1,-1
574,29,40.57,537.11,96.79,215.29,1,-1,-1,-1
574,30,1651.34,487.39,137.12,192.55,1,-1,-1,-1
574,39,943.85,425.59,89.63,199.60,1,-1,-1,-1
574,40,631.56,421.58,112.28,270.46,1,-1,-1,-1
574,41,855.41,472.04,98.14,206.17,1,-1,-1,-1
574,47,1275.02,507.79,90.67,170.46,1,-1,-1,-1
574,48,899.36,438.90,78.80,202.37,1,-1,-1,-1
574,50,775.70,437.11,92.47,196.30,1,-1,-1,-1
574,52,503.89,467.40,87.01,174.62,1,-1,-1,-1
574,53,1083.82,405.37,101.69,194.74,1,-1,-1,-1
574,55,1084.56,509.23,73.52,182.63,1,-1,-1,-1
574,56,291.09,564.25,118.15,217.29,1,-1,-1,-1
575,1,473.65,511.91,108.63,217.35,1,-1,-1,-1
575,2,119.42,502.33,126.48,225.25,1,-1,-1,-1
575,9,1209.21,513.49,89.84,215.50,1,-1,-1,-1
575,10,634.54,420.87,97.29,198.38,1,-1,-1,-1
575,13,798.38,551.45,120.99,230.06,1,-1,-1,-1
575,15,853.82,415.63,88.02,205.73,1,-1,-1,-1
575,20,1092.96,429.85,74.85,169.42,1,-1,-1,-1
575,25,861.04,424.01,63.61,167.03,1,-1,-1,-1
575,26,1355.92,534.05,99.68,229.07,1,-1,-1,-1
575,28,667.03,432.76,93.94,176.69,1,-1,-1,-1
575,29,35.93,540.60,96.12,210.41,1,-1,-1,-1
575,30,1651.34,487.39,137.12,192.55,1,-1,-1,-1
575,39,943.05,434.18,85.36,192.43,1,-1,-1,-1
575,40,632.56,425.03,116.92,268.09,1,-1,-1,-1
575,41,858.13,478.73,95.94,198.92,1,-1,-1,-1
575,47,1281.36,505.41,82.62,167.68,1,-1,-1,-1
575,48,899.36,438.90,78.80,202.37,1,-1,-1,-1
575,50,782.91,440.38,86.94,193.29,1,-1,-1,-1
575,52,501.63,469.93,89.14,173.16,1,-1,-1,-1
575,55,1084.56,509.23,73.52,182.63,1,-1,-1,-1
575,56,286.08,567.41,122.53,214.80,1,-1,-1,-1
576,1,463.62,509.72,120.24,219.71,1,-1,-1,-1
576,2,85.75,506.87,133.15,223.87,1,-1,-1,-1
576,9,1212.00,504.47,93.07,226.78,1,-1,-1,-1
576,10,634.54,420.87,97.29,198.38,1,-1,-1,-1
576,13,803.16,545.92,116.18,232.30,1,-1,-1,-1
576,15,853.82,415.63,88.02,205.73,1,-1,-1,-1
576,20,1088.63,427.43,77.67,195.58,1,-1,-1,-1
576,25,859.07,426.11,68.24,167.83,1,-1,-1,-1
576,26,1360.65,534.91,106.05,229.85,1,-1,-1,-1
576,28,637.88,430.03,118.18,179.13,1,-1,-1,-1
576,29,35.93,540.60,96.12,210.41,1,-1,-1,-1
576,39,940.58,437.88,95.25,187.77,1,-1,-1,-1
576,40,624.59,490.16,106.62,201.17,1,-1,-1,-1
576,41,860.30,477.68,97.96,195.67,1,-1,-1,-1
576,47,1281.28,502.40,81.19,167.40,1,-1,-1,-1
576,48,899.36,438.90,78.80,202.37,1,-1,-1,-1
576,50,783.91,440.41,83.60,188.38,1,-1,-1,-1
576,52,498.83,468.63,92.39,174.82,1,-1,-1,-1
576,55,1079.72,436.19,86.21,234.45,1,-1,-1,-1
576,56,285.30,570.65,122.80,211.39,1,-1,-1,-1
576,58,1077.91,488.22,87.57,201.92,1,-1,-1,-1
577,1,457.04,508.09,126.61,221.32,1,-1,-1,-1
577,2,65.60,506.41,134.90,222.85,1,-1,-1,-1
577,9,1211.15,502.71,99.52,225.84,1,-1,-1,-1
577,13,811.36,543.10,111.44,232.49,1,-1,-1,-1
577,15,853.46,422.15,83.37,209.69,1,-1,-1,-1
577,20,1088.63,427.43,77.67,195.58,1,-1,-1,-1
577,25,856.05,427.24,72.12,174.81,1,-1,-1,-1
577,26,1361.63,534.60,113.07,230.32,1,-1,-1,-1
577,28,656.16,430.27,97.36,174.29,1,-1,-1,-1
577,29,35.93,540.60,96.12,210.41,1,-1,-1,-1
577,39,938.20,433.51,103.02,188.90,1,-1,-1,-1
577,40,624.59,490.16,106.62,201.17,1,-1,-1,-1
577,41,859.59,477.24,100.34,192.99,1,-1,-1,-1
577,47,1280.47,500.12,80.02,168.07,1,-1,-1,-1
577,48,899.36,438.90,78.80,202.37,1,-1,-1,-1
577,50,784.00,440.15,79.55,188.13,1,-1,-1,-1
577,52,497.25,466.82,93.59,173.30,1,-1,-1,-1
577,55,1079.12,428.83,90.63,225.41,1,-1,-1,-1
577,56,283.46,568.43,123.65,213.05,1,-1,-1,-1
577,58,1072.33,494.27,98.24,192.15,1,-1,-1,-1
578,1,433.83,506.37,151.66,221.68,1,-1,-1,-1
578,2,62.74,507.93,105.52,217.63,1,-1,-1,-1
578,9,1198.87,504.05,121.89,221.91,1,-1,-1,-1
578,13,821.12,540.88,112.03,229.32,1,-1,-1,-1
578,15,851.89,423.12,86.74,201.57,1,-1,-1,-1
578,20,1088.63,427.43,77.67,195.58,1,-1,-1,-1
578,25,854.62,429.00,75.30,172.15,1,-1,-1,-1
578,26,1363.16,533.66,127.31,232.81,1,-1,-1,-1
578,28,654.26,428.97,98.79,175.77,1,-1,-1,-1
578,29,35.93,540.60,96.12,210.41,1,-1,-1,-1
578,39,942.36,425.01,107.01,192.98,1,-1,-1,-1
578,40,600.74,469.59,130.33,220.77,1,-1,-1,-1
578,41,857.18,475.44,106.38,193.70,1,-1,-1,-1
578,47,1274.04,494.74,84.97,173.36,1,-1,-1,-1
578,48,899.36,438.90,78.80,202.37,1,-1,-1,-1
578,50,779.64,441.33,89.14,179.71,1,-1,-1,-1
578,52,487.35,463.54,109.65,172.69,1,-1,-1,-1
578,55,1082.22,425.43,93.19,187.52,1,-1,-1,-1
578,56,282.31,566.42,124.41,214.66,1,-1,-1,-1
578,58,1064.60,502.03,116.93,186.52,1,-1,-1,-1
579,1,423.34,505.53,162.18,220.80,1,-1,-1,-1
579,2,65.70,509.32,95.00,214.17,1,-1,-1,-1
579,9,1197.83,511.16,126.17,214.88,1,-1,-1,-1
579,13,819.10,543.94,126.12,222.68,1,-1,-1,-1
579,15,844.56,459.57,116.81,207.57,1,-1,-1,-1
579,20,1088.63,427.43,77.67,195.58,1,-1,-1,-1
579,25,854.93,426.59,76.49,169.96,1,-1,-1,-1
579,26,1366.73,531.30,134.10,235.06,1,-1,-1,-1
579,28,644.07,427.79,109.80,177.43,1,-1,-1,-1
579,29,35.93,540.60,96.12,210.41,1,-1,-1,-1
579,31,777.16,443.68,99.13,175.88,1,-1,-1,-1
579,39,942.46,428.47,111.69,184.53,1,-1,-1,-1
579,40,597.72,493.25,131.23,199.88,1,-1,-1,-1
579,41,851.82,464.88,114.70,201.22,1,-1,-1,-1
579,47,1269.49,492.24,90.82,177.22,1,-1,-1,-1
579,48,899.36,438.90,78.80,202.37,1,-1,-1,-1
579,50,770.29,446.82,96.12,173.88,1,-1,-1,-1
579,52,478.79,465.69,119.85,170.48,1,-1,-1,-1
579,55,1082.22,425.43,93.19,187.52,1,-1,-1,-1
579,56,281.54,567.04,125.37,214.26,1,-1,-1,-1
579,58,1063.68,507.41,128.07,183.42,1,-1,-1,-1
580,1,416.65,514.22,166.49,215.56,1,-1,-1,-1
580,2,51.89,507.10,97.10,211.39,1,-1,-1,-1
580,9,1199.44,520.59,126.47,206.70,1,-1,-1,-1
580,13,815.52,548.48,149.70,221.37,1,-1,-1,-1
580,15,844.56,459.57,116.81,207.57,1,-1,-1,-1
580,20,1071.82,426.11,99.58,194.27,1,-1,-1,-1
580,25,854.93,426.59,76.49,169.96,1,-1,-1,-1
580,26,1366.17,533.08,142.21,234.99,1,-1,-1,-1
580,28,640.84,427.57,119.73,173.14,1,-1,-1,-1
580,29,35.93,540.60,96.12,210.41,1,-1,-1,-1
580,31,777.16,443.68,99.13,175.88,1,-1,-1,-1
580,39,956.87,437.10,120.61,184.02,1,-1,-1,-1
580,40,597.72,493.25,131.23,199.88,1,-1,-1,-1
580,41,851.82,464.88,114.70,201.22,1,-1,-1,-1
580,47,1264.81,493.74,95.42,174.13,1,-1,-1,-1
580,48,862.78,432.85,147.89,188.52,1,-1,-1,-1
580,50,762.11,454.96,104.87,170.18,1,-1,-1,-1
580,52,474.26,469.68,123.84,166.81,1,-1,-1,-1
580,55,1082.22,425.43,93.19,187.52,1,-1,-1,-1
580,56,280.89,569.58,128.25,212.52,1,-1,-1,-1
580,58,1063.32,512.20,129.28,181.57,1,-1,-1,-1
580,60,593.60,513.14,131.84,185.35,1,-1,-1,-1
581,1,412.88,519.24,173.01,212.83,1,-1,-1,-1
581,2,37.66,507.59,109.10,213.73,1,-1,-1,-1
581,9,1199.33,519.21,127.89,207.74,1,-1,-1,-1
581,13,814.18,551.51,152.91,218.56,1,-1,-1,-1
581,15,844.56,459.57,116.81,207.57,1,-1,-1,-1
581,20,1077.39,427.71,94.22,193.63,1,-1,-1,-1
581,25,851.39,429.52,100.95,174.72,1,-1,-1,-1
581,26,1365.80,537.97,142.95,231.48,1,-1,-1,-1
581,28,637.10,430.24,122.46,175.78,1,-1,-1,-1
581,31,777.16,443.68,99.13,175.88,1,-1,-1,-1
581,39,959.42,441.08,130.73,184.66,1,-1,-1,-1
581,40,597.72,493.25,131.23,199.88,1,-1,-1,-1
581,41,851.82,464.88,114.70,201.22,1,-1,-1,-1
581,47,1262.88,493.88,95.53,174.72,1,-1,-1,-1
581,48,862.78,432.85,147.89,188.52,1,-1,-1,-1
581,50,758.80,461.24,110.24,167.47,1,-1,-1,-1
581,52,470.22,473.31,126.66,164.08,1,-1,-1,-1
581,55,1081.80,426.82,88.93,184.70,1,-1,-1,-1
581,56,280.41,574.61,128.11,206.81,1,-1,-1,-1
581,58,1062.40,519.25,130.67,174.55,1,-1,-1,-1
581,60,589.07,515.86,135.94,182.91,1,-1,-1,-1
582,1,413.58,512.00,171.34,219.60,1,-1,-1,-1
582,2,37.66,507.59,109.10,213.73,1,-1,-1,-1
582,9,1199.31,513.76,127.20,213.10,1,-1,-1,-1
582,13,815.12,563.91,153.04,207.90,1,-1,-1,-1
582,15,818.19,485.81,121.05,192.04,1,-1,-1,-1
582,20,1080.50,429.29,95.20,185.45,1,-1,-1,-1
582,25,842.41,426.87,112.10,176.79,1,-1,-1,-1
582,26,1368.58,545.30,140.15,223.79,1,-1,-1,-1
582,28,631.90,432.56,126.47,178.76,1,-1,-1,-1
582,31,762.42,456.29,101.93,172.83,1,-1,-1,-1
582,39,953.24,446.37,136.32,181.17,1,-1,-1,-1
582,40,597.72,493.25,131.23,199.88,1,-1,-1,-1
582,41,826.57,486.97,102.07,181.71,1,-1,-1,-1
582,47,1253.85,495.75,112.10,171.45,1,-1,-1,-1
582,48,862.78,432.85,147.89,188.52,1,-1,-1,-1
582,50,758.80,461.24,110.24,167.47,1,-1,-1,-1
582,52,467.65,477.50,129.48,158.50,1,-1,-1,-1
582,55,1084.30,428.75,90.12,175.84,1,-1,-1,-1
582,56,278.57,580.08,128.55,202.09,1,-1,-1,-1
582,58,1064.47,514.89,126.17,176.81,1,-1,-1,-1
582,59,443.69,478.02,149.95,173.37,1,-1,-1,-1
582,60,591.24,511.12,133.25,186.12,1,-1,-1,-1
583,1,414.85,515.03,168.87,216.25,1,-1,-1,-1
583,2,37.66,507.59,109.10,213.73,1,-1,-1,-1
583,9,1198.14,507.31,133.01,218.82,1,-1,-1,-1
583,13,814.53,562.40,154.58,210.90,1,-1,-1,-1
583,15,814.64,485.22,118.81,192.27,1,-1,-1,-1
583,20,1080.38,428.61,98.33,192.68,1,-1,-1,-1
583,25,839.37,428.44,117.18,181.19,1,-1,-1,-1
583,26,1369.37,542.86,139.17,225.40,1,-1,-1,-1
583,28,632.36,434.41,125.63,178.44,1,-1,-1,-1
583,31,762.42,456.29,101.93,172.83,1,-1,-1,-1
583,39,955.08,445.14,133.21,183.10,1,-1,-1,-1
583,40,597.72,493.25,131.23,199.88,1,-1,-1,-1
583,41,822.91,487.38,99.38,181.48,1,-1,-1,-1
583,47,1235.27,498.67,130.38,169.79,1,-1,-1,-1
583,48,862.78,432.85,147.89,188.52,1,-1,-1,-1
583,50,759.35,457.02,107.11,173.25,1,-1,-1,-1
583,51,1219.69,494.27,142.60,196.00,1,-1,-1,-1
583,52,473.56,477.18,128.34,158.67,1,-1,-1,-1
583,55,1084.30,428.75,90.12,175.84,1,-1,-1,-1
583,56,277.27,580.72,129.67,201.21,1,-1,-1,-1
583,58,1067.71,514.85,120.58,176.82,1,-1,-1,-1
583,59,443.69,478.02,149.95,173.37,1,-1,-1,-1
583,60,587.89,526.39,136.44,172.57,1,-1,-1,-1
584,1,413.69,516.04,165.06,215.03,1,-1,-1,-1
584,2,37.66,507.59,109.10,213.73,1,-1,-1,-1
584,9,1199.78,524.78,129.56,202.29,1,-1,-1,-1
584,13,815.61,560.31,154.32,212.37,1,-1,-1,-1
584,15,814.64,485.22,118.81,192.27,1,-1,-1,-1
584,20,1079.95,432.77,101.08,193.61,1,-1,-1,-1
584,25,836.51,430.96,115.82,174.90,1,-1,-1,-1
584,26,1368.14,541.40,140.94,227.70,1,-1,-1,-1
584,28,630.85,433.21,120.77,176.68,1,-1,-1,-1
584,31,762.42,456.29,101.93,172.83,1,-1,-1,-1
584,39,959.52,445.94,129.42,180.47,1,-1,-1,-1
584,40,597.72,493.25,131.23,199.88,1,-1,-1,-1
584,41,817.01,484.91,116.70,190.40,1,-1,-1,-1
584,47,1259.30,497.66,105.28,165.65,1,-1,-1,-1
584,48,862.78,432.85,147.89,188.52,1,-1,-1,-1
584,50,753.85,457.00,104.92,172.10,1,-1,-1,-1
584,51,1219.69,494.27,142.60,196.00,1,-1,-1,-1
584,52,477.81,479.69,129.52,155.09,1,-1,-1,-1
584,55,1084.30,428.75,90.12,175.84,1,-1,-1,-1
584,56,273.89,579.00,132.81,204.52,1,-1,-1,-1
584,58,1075.63,515.79,108.52,177.29,1,-1,-1,-1
584,59,443.69,478.02,149.95,173.37,1,-1,-1,-1
584,60,583.61,524.13,139.81,177.29,1,-1,-1,-1
585,1,414.55,520.29,161.55,210.64,1,-1,-1,-1
585,2,37.66,507.59,109.10,213.73,1,-1,-1,-1
585,9,1200.38,517.14,138.54,210.16,1,-1,-1,-1
585,13,815.44,559.10,155.11,212.70,1,-1,-1,-1
585,15,811.82,486.56,127.37,191.35,1,-1,-1,-1
585,20,1074.27,436.86,104.91,196.64,1,-1,-1,-1
585,25,825.62,433.61,107.08,173.46,1,-1,-1,-1
585,26,1367.41,542.49,142.52,226.96,1,-1,-1,-1
585,28,631.90,430.38,112.33,176.72,1,-1,-1,-1
585,31,762.42,456.29,101.93,172.83,1,-1,-1,-1
585,39,962.85,449.12,138.22,177.22,1,-1,-1,-1
585,41,808.05,493.23,117.70,178.18,1,-1,-1,-1
585,47,1252.11,500.03,106.18,191.76,1,-1,-1,-1
585,48,862.78,432.85,147.89,188.52,1,-1,-1,-1
585,50,749.65,458.93,106.53,170.24,1,-1,-1,-1
585,51,1219.69,494.27,142.60,196.00,1,-1,-1,-1
585,52,477.26,482.04,134.11,153.83,1,-1,-1,-1
585,55,1084.30,428.75,90.12,175.84,1,-1,-1,-1
585,56,276.18,578.75,130.75,204.57,1,-1,-1,-1
585,58,1077.68,522.32,105.26,168.08,1,-1,-1,-1
585,59,443.69,478.02,149.95,173.37,1,-1,-1,-1
585,60,584.34,528.15,137.97,173.28,1,-1,-1,-1
586,1,414.88,524.63,159.84,205.86,1,-1,-1,-1
586,2,37.66,507.59,109.10,213.73,1,-1,-1,-1
586,9,1199.82,526.50,133.71,200.89,1,-1,-1,-1
586,13,816.22,563.31,154.99,207.48,1,-1,-1,-1
586,15,811.82,486.56,127.37,191.35,1,-1,-1,-1
586,20,1077.95,439.77,93.39,192.42,1,-1,-1,-1
586,25,828.08,431.03,110.08,174.60,1,-1,-1,-1
586,26,1366.46,556.17,141.72,213.20,1,-1,-1,-1
586,28,625.74,445.46,109.79,164.43,1,-1,-1,-1
586,31,762.42,456.29,101.93,172.83,1,-1,-1,-1
586,39,968.72,452.67,132.60,178.34,1,-1,-1,-1
586,41,808.05,493.23,117.70,178.18,1,-1,-1,-1
586,47,1263.91,502.68,92.07,174.66,1,-1,-1,-1
586,50,744.40,460.71,111.54,170.18,1,-1,-1,-1
586,51,1219.69,494.27,142.60,196.00,1,-1,-1,-1
586,52,489.61,485.00,125.24,149.70,1,-1,-1,-1
586,55,1084.30,428.75,90.12,175.84,1,-1,-1,-1
586,56,278.35,580.70,127.91,202.09,1,-1,-1,-1
586,58,1076.98,518.80,105.12,171.94,1,-1,-1,-1
586,59,443.69,478.02,149.95,173.37,1,-1,-1,-1
586,60,586.97,527.65,134.64,174.55,1,-1,-1,-1
587,1,413.42,526.87,161.18,204.55,1,-1,-1,-1
587,9,1201.31,522.18,127.54,205.32,1,-1,-1,-1
587,13,818.64,567.58,153.73,203.79,1,-1,-1,-1
587,15,800.49,488.20,133.63,190.05,1,-1,-1,-1
587,20,1072.36,438.10,97.54,191.84,1,-1,-1,-1
587,25,832.69,431.88,110.75,161.84,1,-1,-1,-1
587,26,1366.68,559.99,140.97,210.09,1,-1,-1,-1
587,28,621.69,447.71,112.66,168.80,1,-1,-1,-1
587,31,762.42,456.29,101.93,172.83,1,-1,-1,-1
587,39,969.84,451.83,130.96,180.25,1,-1,-1,-1
587,41,808.05,493.23,117.70,178.18,1,-1,-1,-1
587,47,1257.57,500.01,96.73,165.34,1,-1,-1,-1
587,50,740.20,462.01,116.42,169.74,1,-1,-1,-1
587,51,1219.69,494.27,142.60,196.00,1,-1,-1,-1
587,52,493.52,480.55,117.91,152.37,1,-1,-1,-1
587,55,1084.30,428.75,90.12,175.84,1,-1,-1,-1
587,56,277.45,583.92,128.93,200.06,1,-1,-1,-1
587,58,1074.25,515.90,107.77,175.33,1,-1,-1,-1
587,59,443.69,478.02,149.95,173.37,1,-1,-1,-1
587,60,588.90,523.33,131.63,179.92,1,-1,-1,-1
588,1,413.27,524.15,161.40,208.85,1,-1,-1,-1
588,9,1198.74,512.50,126.49,214.18,1,-1,-1,-1
588,13,819.14,566.87,153.33,206.00,1,-1,-1,-1
588,15,810.97,484.02,131.53,193.47,1,-1,-1,-1
588,20,1075.74,431.28,91.29,191.28,1,-1,-1,-1
588,25,848.68,430.41,99.72,164.21,1,-1,-1,-1
588,26,1365.48,557.17,142.00,213.32,1,-1,-1,-1
588,28,621.69,447.71,112.66,168.80,1,-1,-1,-1
588,39,968.96,445.59,121.67,184.95,1,-1,-1,-1
588,40,589.01,481.83,136.07,215.42,1,-1,-1,-1
588,41,808.05,493.23,117.70,178.18,1,-1,-1,-1
588,47,1256.67,496.89,95.50,163.60,1,-1,-1,-1
588,50,735.05,454.53,117.44,177.66,1,-1,-1,-1
588,51,1219.69,494.27,142.60,196.00,1,-1,-1,-1
588,52,513.17,473.30,98.73,159.32,1,-1,-1,-1
588,56,273.12,584.94,132.82,197.29,1,-1,-1,-1
588,58,1069.39,512.93,112.87,180.49,1,-1,-1,-1
588,60,588.90,523.33,131.63,179.92,1,-1,-1,-1
589,1,413.56,519.99,162.39,213.25,1,-1,-1,-1
589,9,1194.79,511.25,124.61,213.67,1,-1,-1,-1
589,13,818.87,563.52,152.61,209.44,1,-1,-1,-1
589,15,813.53,488.98,136.77,203.79,1,-1,-1,-1
589,20,1071.43,427.78,100.39,198.37,1,-1,-1,-1
589,25,848.68,430.41,99.72,164.21,1,-1,-1,-1
589,26,1362.69,551.73,145.66,219.34,1,-1,-1,-1
589,28,626.68,441.66,109.83,179.40,1,-1,-1,-1
589,39,964.14,442.92,125.50,181.81,1,-1,-1,-1
589,40,589.01,481.83,136.07,215.42,1,-1,-1,-1
589,41,812.29,488.34,124.26,188.29,1,-1,-1,-1
589,47,1254.64,490.23,97.15,169.67,1,-1,-1,-1
589,50,745.72,451.99,107.30,178.96,1,-1,-1,-1
589,52,514.98,470.60,99.48,162.55,1,-1,-1,-1
589,56,278.37,582.08,126.91,200.09,1,-1,-1,-1
589,58,1066.04,508.82,116.92,182.52,1,-1,-1,-1
589,60,587.49,499.25,123.28,196.82,1,-1,-1,-1
590,1,415.06,514.24,161.97,219.00,1,-1,-1,-1
590,9,1183.53,513.43,130.49,211.53,1,-1,-1,-1
590,13,816.80,552.94,153.71,217.87,1,-1,-1,-1
590,15,822.13,487.05,142.15,203.51,1,-1,-1,-1
590,20,1083.17,428.14,76.22,175.02,1,-1,-1,-1
590,25,859.94,429.29,90.17,186.82,1,-1,-1,-1
590,26,1356.37,541.62,151.91,228.30,1,-1,-1,-1
590,28,634.14,434.45,102.46,180.67,1,-1,-1,-1
590,39,952.85,445.93,132.48,179.11,1,-1,-1,-1
590,40,589.01,481.83,136.07,215.42,1,-1,-1,-1
590,41,850.72,443.92,112.87,221.78,1,-1,-1,-1
590,47,1242.53,489.46,106.66,169.20,1,-1,-1,-1
590,48,865.29,429.46,105.55,194.89,1,-1,-1,-1
590,50,751.38,447.17,115.47,180.13,1,-1,-1,-1
590,52,520.44,465.79,103.35,170.14,1,-1,-1,-1
590,56,282.47,574.30,126.49,207.75,1,-1,-1,-1
590,58,1063.12,507.32,121.00,182.29,1,-1,-1,-1
590,60,589.76,497.75,115.69,197.52,1,-1,-1,-1
591,1,417.21,513.88,160.39,218.06,1,-1,-1,-1
591,9,1182.72,513.78,129.90,209.86,1,-1,-1,-1
591,13,817.20,549.14,153.33,219.81,1,-1,-1,-1
591,15,836.09,476.86,130.81,190.75,1,-1,-1,-1
591,20,1081.14,428.36,75.65,174.74,1,-1,-1,-1
591,25,863.80,430.89,84.97,186.32,1,-1,-1,-1
591,26,1348.93,540.16,158.92,229.90,1,-1,-1,-1
591,28,634.99,433.70,102.02,175.85,1,-1,-1,-1
591,39,953.25,447.61,132.43,175.81,1,-1,-1,-1
591,40,589.01,481.83,136.07,215.42,1,-1,-1,-1
591,41,850.72,443.92,112.87,221.78,1,-1,-1,-1
591,47,1235.57,489.95,110.34,167.08,1,-1,-1,-1
591,48,865.29,429.46,105.55,194.89,1,-1,-1,-1
591,50,758.34,445.65,111.02,177.68,1,-1,-1,-1
591,52,525.17,465.57,110.49,166.61,1,-1,-1,-1
591,56,284.56,573.90,128.65,206.70,1,-1,-1,-1
591,58,1061.85,507.09,121.30,181.52,1,-1,-1,-1
591,60,590.36,502.58,116.55,191.39,1,-1,-1,-1
592,1,421.40,519.88,159.48,212.60,1,-1,-1,-1
592,9,1179.89,517.62,135.75,207.27,1,-1,-1,-1
592,13,807.43,545.23,150.65,222.74,1,-1,-1,-1
592,15,829.56,487.57,135.05,191.05,1,-1,-1,-1
592,20,1070.49,434.65,86.78,170.21,1,-1,-1,-1
592,25,860.76,433.42,87.41,173.67,1,-1,-1,-1
592,26,1347.94,539.39,159.43,232.93,1,-1,-1,-1
592,28,631.95,435.71,106.59,175.21,1,-1,-1,-1
592,39,950.83,452.48,130.29,174.65,1,-1,-1,-1
592,40,589.01,481.83,136.07,215.42,1,-1,-1,-1
592,41,865.27,436.43,130.17,206.29,1,-1,-1,-1
592,47,1228.91,491.78,110.85,166.99,1,-1,-1,-1
592,48,865.29,429.46,105.55,194.89,1,-1,-1,-1
592,50,765.58,452.04,110.59,172.88,1,-1,-1,-1
592,52,528.62,466.88,115.06,167.33,1,-1,-1,-1
592,55,1069.95,434.56,96.46,177.74,1,-1,-1,-1
592,56,285.24,566.60,132.16,215.72,1,-1,-1,-1
592,58,1058.40,508.72,122.60,180.21,1,-1,-1,-1
592,60,591.25,502.01,129.88,196.87,1,-1,-1,-1
593,1,423.05,527.04,158.52,206.44,1,-1,-1,-1
593,9,1179.83,516.00,134.70,209.39,1,-1,-1,-1
593,13,799.37,544.03,147.55,222.99,1,-1,-1,-1
593,15,834.83,490.13,129.13,185.94,1,-1,-1,-1
593,20,1067.04,433.10,87.92,171.52,1,-1,-1,-1
593,25,861.96,433.52,83.74,165.81,1,-1,-1,-1
593,26,1348.62,543.46,158.79,227.78,1,-1,-1,-1
593,28,636.54,438.84,101.88,172.61,1,-1,-1,-1
593,39,947.83,454.68,131.27,173.03,1,-1,-1,-1
593,40,589.01,481.83,136.07,215.42,1,-1,-1,-1
593,41,847.47,483.80,122.96,186.81,1,-1,-1,-1
593,47,1229.85,490.77,108.31,168.40,1,-1,-1,-1
593,48,870.00,434.22,108.74,183.32,1,-1,-1,-1
593,50,766.80,453.47,119.42,172.89,1,-1,-1,-1
593,52,535.71,472.03,112.46,162.72,1,-1,-1,-1
593,55,1065.49,432.90,95.85,178.72,1,-1,-1,-1
593,56,286.16,565.62,133.68,217.06,1,-1,-1,-1
593,58,1058.00,512.17,123.17,177.17,1,-1,-1,-1
593,60,591.10,530.32,133.03,169.69,1,-1,-1,-1
594,1,422.22,531.03,160.57,203.88,1,-1,-1,-1
594,9,1181.02,516.59,134.17,208.97,1,-1,-1,-1
594,13,795.71,545.76,147.66,225.65,1,-1,-1,-1
594,15,836.86,497.87,129.29,174.31,1,-1,-1,-1
594,20,1070.82,429.02,87.69,172.30,1,-1,-1,-1
594,25,859.02,433.64,88.32,163.28,1,-1,-1,-1
594,26,1348.62,547.89,159.33,222.34,1,-1,-1,-1
594,28,639.70,440.13,99.77,171.28,1,-1,-1,-1
594,39,942.41,456.88,136.25,171.22,1,-1,-1,-1
594,41,852.82,495.67,121.22,174.88,1,-1,-1,-1
594,47,1226.56,489.48,108.72,166.82,1,-1,-1,-1
594,48,870.00,434.22,108.74,183.32,1,-1,-1,-1
594,50,766.19,452.01,124.12,178.72,1,-1,-1,-1
594,51,1228.52,490.33,113.19,172.63,1,-1,-1,-1
594,52,538.50,475.31,112.34,156.33,1,-1,-1,-1
594,55,1065.49,432.90,95.85,178.72,1,-1,-1,-1
594,56,286.47,570.07,134.68,213.68,1,-1,-1,-1
594,58,1058.50,506.00,122.60,183.69,1,-1,-1,-1
594,60,592.58,534.77,132.25,165.64,1,-1,-1,-1
595,1,420.73,529.78,162.78,205.81,1,-1,-1,-1
595,9,1182.77,515.33,131.02,210.83,1,-1,-1,-1
595,13,795.12,553.19,145.47,217.96,1,-1,-1,-1
595,15,836.86,497.87,129.29,174.31,1,-1,-1,-1
595,20,1069.96,428.40,87.37,170.07,1,-1,-1,-1
595,25,869.66,430.64,89.52,160.02,1,-1,-1,-1
595,26,1348.04,546.18,159.43,224.31,1,-1,-1,-1
595,28,642.08,441.24,98.69,169.25,1,-1,-1,-1
595,39,944.62,457.19,132.40,168.30,1,-1,-1,-1
595,41,858.70,490.68,116.04,181.44,1,-1,-1,-1
595,47,1224.04,486.38,104.26,173.57,1,-1,-1,-1
595,48,870.00,434.22,108.74,183.32,1,-1,-1,-1
595,50,766.95,451.30,121.77,181.56,1,-1,-1,-1
595,51,1228.52,490.33,113.19,172.63,1,-1,-1,-1
595,52,541.20,474.59,108.20,152.68,1,-1,-1,-1
595,55,1065.49,432.90,95.85,178.72,1,-1,-1,-1
595,56,286.69,571.98,137.73,211.65,1,-1,-1,-1
595,58,1057.89,507.47,118.72,183.34,1,-1,-1,-1
595,60,593.94,538.60,130.97,162.79,1,-1,-1,-1
596,1,423.21,527.58,159.25,208.63,1,-1,-1,-1
596,9,1180.44,513.39,128.00,212.72,1,-1,-1,-1
596,13,794.67,555.31,145.20,217.38,1,-1,-1,-1
596,15,836.86,497.87,129.29,174.31,1,-1,-1,-1
596,20,1072.93,425.79,76.69,160.23,1,-1,-1,-1
596,25,875.10,434.70,95.05,169.95,1,-1,-1,-1
596,26,1345.25,542.92,156.05,228.30,1,-1,-1,-1
596,28,642.55,438.86,98.63,172.11,1,-1,-1,-1
596,39,943.84,459.26,127.23,158.71,1,-1,-1,-1
596,41,855.09,486.42,122.53,183.47,1,-1,-1,-1
596,47,1223.82,486.69,92.78,163.50,1,-1,-1,-1
596,48,870.00,434.22,108.74,183.32,1,-1,-1,-1
596,50,763.59,454.01,118.62,172.25,1,-1,-1,-1
596,51,1228.54,487.28,90.65,162.60,1,-1,-1,-1
596,52,542.49,473.90,102.31,150.95,1,-1,-1,-1
596,55,1065.49,432.90,95.85,178.72,1,-1,-1,-1
596,56,289.99,571.03,133.76,210.65,1,-1,-1,-1
596,58,1059.68,510.14,112.50,180.83,1,-1,-1,-1
596,60,592.78,530.01,130.51,170.86,1,-1,-1,-1
597,1,424.52,531.78,158.83,203.00,1,-1,-1,-1
597,9,1178.08,506.51,129.48,220.31,1,-1,-1,-1
597,13,793.91,558.18,146.82,214.50,1,-1,-1,-1
597,15,836.86,497.87,129.29,174.31,1,-1,-1,-1
597,20,1071.93,427.31,72.58,165.74,1,-1,-1,-1
597,25,877.67,435.91,96.08,170.37,1,-1,-1,-1
597,26,1346.67,544.79,153.57,226.31,1,-1,-1,-1
597,28,645.64,438.79,97.13,170.22,1,-1,-1,-1
597,39,933.85,457.91,130.83,165.13,1,-1,-1,-1
597,41,851.24,488.00,125.16,182.57,1,-1,-1,-1
597,47,1228.47,486.46,86.54,159.24,1,-1,-1,-1
597,48,870.00,434.22,108.74,183.32,1,-1,-1,-1
597,50,765.25,456.71,124.32,167.04,1,-1,-1,-1
597,51,1228.54,487.28,90.65,162.60,1,-1,-1,-1
597,52,542.49,473.90,102.31,150.95,1,-1,-1,-1
597,55,1066.13,425.56,82.19,189.68,1,-1,-1,-1
597,56,291.53,571.86,131.23,208.72,1,-1,-1,-1
597,58,1060.67,514.52,109.00,175.22,1,-1,-1,-1
597,60,595.82,528.06,125.10,173.18,1,-1,-1,-1
598,1,425.66,536.60,159.51,198.37,1,-1,-1,-1
598,9,1173.78,527.80,133.08,199.20,1,-1,-1,-1
598,13,791.51,560.78,151.07,211.05,1,-1,-1,-1
598,15,842.12,493.72,118.56,184.03,1,-1,-1,-1
598,20,1064.70,434.21,73.68,184.70,1,-1,-1,-1
598,25,877.65,438.17,77.32,164.90,1,-1,-1,-1
598,26,1344.57,549.71,153.88,221.53,1,-1,-1,-1
598,28,645.01,441.44,97.83,169.53,1,-1,-1,-1
598,39,931.78,460.85,121.70,176.39,1,-1,-1,-1
598,41,851.24,488.00,125.16,182.57,1,-1,-1,-1
598,47,1220.05,489.92,93.88,160.01,1,-1,-1,-1
598,48,870.00,434.22,108.74,183.32,1,-1,-1,-1
598,50,770.30,455.90,108.61,180.92,1,-1,-1,-1
598,51,1224.51,488.82,90.16,152.07,1,-1,-1,-1
598,52,547.15,478.33,102.07,153.31,1,-1,-1,-1
598,55,1057.79,433.51,84.36,191.51,1,-1,-1,-1
598,56,291.95,571.95,128.83,210.41,1,-1,-1,-1
598,58,1062.59,517.80,104.36,172.47,1,-1,-1,-1
598,60,598.40,548.81,115.49,156.62,1,-1,-1,-1
599,1,426.28,537.86,158.25,199.16,1,-1,-1,-1
599,9,1172.79,528.58,132.39,197.92,1,-1,-1,-1
599,13,791.64,562.10,150.88,209.55,1,-1,-1,-1
599,15,842.12,493.72,118.56,184.03,1,-1,-1,-1
599,20,1064.70,434.21,73.68,184.70,1,-1,-1,-1
599,25,877.65,438.17,77.32,164.90,1,-1,-1,-1
599,26,1344.96,552.68,154.23,217.28,1,-1,-1,-1
599,28,641.01,444.94,99.10,164.52,1,-1,-1,-1
599,39,930.34,460.30,126.84,172.91,1,-1,-1,-1
599,41,849.51,454.82,123.23,217.68,1,-1,-1,-1
599,47,1221.55,490.29,92.02,169.51,1,-1,-1,-1
599,50,772.59,457.14,106.22,180.33,1,-1,-1,-1
599,51,1224.51,488.82,90.16,152.07,1,-1,-1,-1
599,52,553.92,478.92,75.31,118.74,1,-1,-1,-1
599,55,1054.14,439.01,86.68,184.93,1,-1,-1,-1
599,56,291.61,573.78,128.02,209.35,1,-1,-1,-1
599,58,1062.82,520.85,107.84,170.28,1,-1,-1,-1
599,60,599.19,543.03,119.18,161.71,1,-1,-1,-1
600,1,427.88,532.08,157.30,202.36,1,-1,-1,-1
600,9,1151.35,535.51,155.37,191.10,1,-1,-1,-1
600,13,794.98,560.45,148.09,217.35,1,-1,-1,-1
600,15,840.37,447.66,131.09,230.23,1,-1,-1,-1
600,20,1064.70,434.21,73.68,184.70,1,-1,-1,-1
600,25,864.13,434.38,78.86,172.45,1,-1,-1,-1
600,26,1345.37,554.75,154.68,216.19,1,-1,-1,-1
600,28,641.11,446.97,97.08,163.26,1,-1,-1,-1
600,39,931.23,451.96,145.87,178.43,1,-1,-1,-1
600,41,849.51,454.82,123.23,217.68,1,-1,-1,-1
600,47,1222.23,490.65,86.30,182.11,1,-1,-1,-1
600,50,772.78,455.09,104.18,178.31,1,-1,-1,-1
600,51,1223.83,490.21,82.22,175.92,1,-1,-1,-1
600,52,541.41,477.37,96.06,155.14,1,-1,-1,-1
600,55,1056.94,432.88,85.50,181.72,1,-1,-1,-1
600,56,290.55,580.39,126.97,203.31,1,-1,-1,-1
600,58,1060.17,515.06,118.92,175.94,1,-1,-1,-1
600,60,599.09,539.32,120.52,165.88,1,-1,-1,-1
601,1,428.10,528.08,156.87,206.09,1,-1,-1,-1
601,9,1139.92,529.23,168.06,197.35,1,-1,-1,-1
601,13,796.28,554.24,146.37,222.42,1,-1,-1,-1
601,15,844.46,478.32,122.32,196.44,1,-1,-1,-1
601,20,1064.70,434.21,73.68,184.70,1,-1,-1,-1
601,25,864.40,431.75,80.42,182.40,1,-1,-1,-1
601,26,1345.32,556.42,154.31,214.69,1,-1,-1,-1
601,28,646.12,447.79,93.20,165.31,1,-1,-1,-1
601,39,939.00,447.15,138.88,181.23,1,-1,-1,-1
601,41,849.51,454.82,123.23,217.68,1,-1,-1,-1
601,47,1228.42,488.86,73.63,170.93,1,-1,-1,-1
601,50,771.30,452.53,105.89,177.68,1,-1,-1,-1
601,51,1223.83,490.21,82.22,175.92,1,-1,-1,-1
601,52,535.33,473.14,105.13,160.45,1,-1,-1,-1
601,55,1060.31,428.84,85.75,179.81,1,-1,-1,-1
601,56,287.46,580.36,130.87,202.43,1,-1,-1,-1
601,58,1058.75,516.99,120.53,174.94,1,-1,-1,-1
601,60,598.90,532.94,121.65,171.41,1,-1,-1,-1
602,1,424.66,521.84,159.70,210.65,1,-1,-1,-1
602,9,1169.47,519.66,146.41,204.23,1,-1,-1,-1
602,13,797.77,544.27,142.82,239.72,1,-1,-1,-1
602,15,846.66,469.41,117.75,203.78,1,-1,-1,-1
602,20,1064.70,434.21,73.68,184.70,1,-1,-1,-1
602,25,864.40,431.75,80.42,182.40,1,-1,-1,-1
602,26,1342.57,550.08,163.48,218.82,1,-1,-1,-1
602,28,640.69,438.52,98.83,177.19,1,-1,-1,-1
602,39,944.38,441.96,137.20,185.26,1,-1,-1,-1
602,41,849.51,454.82,123.23,217.68,1,-1,-1,-1
602,47,1231.08,481.71,74.39,162.50,1,-1,-1,-1
602,50,761.43,446.16,114.10,178.83,1,-1,-1,-1
602,51,1223.83,490.21,82.22,175.92,1,-1,-1,-1
602,52,524.10,464.28,115.90,172.94,1,-1,-1,-1
602,55,1060.31,428.84,85.75,179.81,1,-1,-1,-1
602,56,271.68,576.58,150.89,205.61,1,-1,-1,-1
602,58,1051.26,512.99,123.06,177.17,1,-1,-1,-1
602,60,594.89,521.14,126.59,182.70,1,-1,-1,-1
603,1,419.53,521.99,163.20,207.14,1,-1,-1,-1
603,9,1162.94,516.65,154.55,205.67,1,-1,-1,-1
603,13,797.48,541.24,142.01,245.82,1,-1,-1,-1
603,15,850.24,469.82,113.20,200.06,1,-1,-1,-1
603,20,1064.70,434.21,73.68,184.70,1,-1,-1,-1
603,25,864.40,431.75,80.42,182.40,1,-1,-1,-1
603,26,1344.09,545.01,162.43,222.00,1,-1,-1,-1
603,28,637.17,435.62,100.91,180.86,1,-1,-1,-1
603,39,945.85,438.22,137.18,190.00,1,-1,-1,-1
603,41,849.51,454.82,123.23,217.68,1,-1,-1,-1
603,47,1231.48,478.16,77.86,171.21,1,-1,-1,-1
603,50,750.84,446.96,121.64,177.87,1,-1,-1,-1
603,51,1223.83,490.21,82.22,175.92,1,-1,-1,-1
603,52,519.58,460.30,106.30,173.23,1,-1,-1,-1
603,55,1055.52,419.74,101.17,188.41,1,-1,-1,-1
603,56,261.90,573.37,165.05,207.91,1,-1,-1,-1
603,58,1053.72,511.07,119.74,178.69,1,-1,-1,-1
603,60,590.24,519.76,132.21,180.89,1,-1,-1,-1
604,1,407.96,526.71,173.69,201.30,1,-1,-1,-1
604,9,1169.45,522.12,151.97,201.36,1,-1,-1,-1
604,13,809.80,541.87,143.66,225.98,1,-1,-1,-1
604,15,823.64,467.15,131.14,202.57,1,-1,-1,-1
604,25,864.40,431.75,80.42,182.40,1,-1,-1,-1
604,26,1336.37,539.74,176.31,226.19,1,-1,-1,-1
604,28,623.90,427.62,118.32,187.93,1,-1,-1,-1
604,39,950.81,438.60,137.01,189.76,1,-1,-1,-1
604,40,587.98,494.67,134.77,203.70,1,-1,-1,-1
604,41,849.51,454.82,123.23,217.68,1,-1,-1,-1
604,47,1234.22,477.32,84.46,158.97,1,-1,-1,-1
604,50,747.56,451.46,126.58,177.43,1,-1,-1,-1
604,51,1223.83,490.21,82.22,175.92,1,-1,-1,-1
604,52,512.45,456.95,102.40,172.34,1,-1,-1,-1
604,55,1067.23,422.37,95.61,181.16,1,-1,-1,-1
604,56,255.46,570.40,167.27,209.81,1,-1,-1,-1
604,58,1060.69,508.55,117.76,179.94,1,-1,-1,-1
604,60,590.24,519.76,132.21,180.89,1,-1,-1,-1
605,1,402.40,527.68,181.03,198.71,1,-1,-1,-1
605,9,1167.86,502.74,153.60,220.66,1,-1,-1,-1
605,13,817.83,543.77,146.04,221.28,1,-1,-1,-1
605,15,825.18,467.86,136.34,205.34,1,-1,-1,-1
605,20,1078.00,425.73,81.16,182.25,1,-1,-1,-1
605,25,864.40,431.75,80.42,182.40,1,-1,-1,-1
605,26,1335.39,539.97,187.91,222.73,1,-1,-1,-1
605,28,614.26,426.24,120.37,181.97,1,-1,-1,-1
605,39,952.14,439.60,132.82,189.99,1,-1,-1,-1
605,40,587.98,494.67,134.77,203.70,1,-1,-1,-1
605,47,1185.30,477.42,134.59,193.41,1,-1,-1,-1
605,50,747.79,452.15,116.87,176.39,1,-1,-1,-1
605,51,1223.83,490.21,82.22,175.92,1,-1,-1,-1
605,52,507.95,457.73,100.29,173.19,1,-1,-1,-1
605,55,1076.39,424.82,88.43,185.40,1,-1,-1,-1
605,56,246.24,567.89,174.61,212.85,1,-1,-1,-1
605,58,1065.42,500.72,114.96,186.96,1,-1,-1,-1
605,60,586.99,516.38,136.91,184.20,1,-1,-1,-1
606,1,383.38,528.38,200.48,198.48,1,-1,-1,-1
606,9,1178.16,510.61,144.56,212.92,1,-1,-1,-1
606,10,569.66,444.47,95.78,171.55,1,-1,-1,-1
606,13,824.75,549.92,142.96,218.02,1,-1,-1,-1
606,15,820.56,462.69,145.46,216.18,1,-1,-1,-1
606,20,1078.00,425.73,81.16,182.25,1,-1,-1,-1
606,25,864.40,431.75,80.42,182.40,1,-1,-1,-1
606,26,1340.92,540.99,187.99,221.35,1,-1,-1,-1
606,28,583.35,424.35,182.26,185.81,1,-1,-1,-1
606,39,943.95,443.60,150.00,188.97,1,-1,-1,-1
606,40,587.98,494.67,134.77,203.70,1,-1,-1,-1
606,47,1186.83,479.89,135.57,183.73,1,-1,-1,-1
606,50,733.46,452.98,129.24,178.78,1,-1,-1,-1
606,52,495.85,463.49,107.53,166.40,1,-1,-1,-1
606,55,1069.37,426.76,97.49,207.82,1,-1,-1,-1
606,56,246.38,568.25,165.21,212.85,1,-1,-1,-1
606,58,1065.53,496.86,113.58,192.86,1,-1,-1,-1
606,60,587.29,505.08,132.81,194.51,1,-1,-1,-1
607,1,382.17,535.66,195.98,192.08,1,-1,-1,-1
607,9,1174.59,513.47,146.12,210.60,1,-1,-1,-1
607,10,569.66,444.47,95.78,171.55,1,-1,-1,-1
607,13,827.47,554.72,140.04,211.89,1,-1,-1,-1
607,15,814.06,468.71,138.99,212.85,1,-1,-1,-1
607,20,1083.25,428.23,84.05,174.85,1,-1,-1,-1
607,23,578.60,442.17,107.73,168.27,1,-1,-1,-1
607,26,1347.20,543.01,185.82,221.34,1,-1,-1,-1
607,28,586.45,425.46,186.13,187.59,1,-1,-1,-1
607,39,953.09,444.87,141.44,188.30,1,-1,-1,-1
607,40,587.98,494.67,134.77,203.70,1,-1,-1,-1
607,47,1238.73,480.79,85.42,156.98,1,-1,-1,-1
607,50,731.76,454.77,136.19,181.83,1,-1,-1,-1
607,52,490.92,464.53,103.61,165.74,1,-1,-1,-1
607,55,1071.67,428.42,95.06,197.16,1,-1,-1,-1
607,56,246.19,567.95,161.15,213.96,1,-1,-1,-1
607,58,1062.87,502.57,112.89,187.03,1,-1,-1,-1
607,60,587.24,502.79,125.51,198.99,1,-1,-1,-1
608,1,391.95,537.09,187.93,189.75,1,-1,-1,-1
608,9,1194.45,512.93,121.83,211.22,1,-1,-1,-1
608,10,569.66,444.47,95.78,171.55,1,-1,-1,-1
608,13,829.36,562.95,135.67,202.25,1,-1,-1,-1
608,15,823.25,482.57,92.03,184.87,1,-1,-1,-1
608,20,1083.25,428.23,84.05,174.85,1,-1,-1,-1
608,23,577.43,432.97,148.82,189.30,1,-1,-1,-1
608,26,1358.75,546.70,173.54,218.22,1,-1,-1,-1
608,28,583.61,428.47,181.84,189.89,1,-1,-1,-1
608,39,965.06,443.13,121.51,188.33,1,-1,-1,-1
608,40,587.98,494.67,134.77,203.70,1,-1,-1,-1
608,41,868.55,488.81,85.75,175.38,1,-1,-1,-1
608,47,1246.35,482.49,81.26,152.04,1,-1,-1,-1
608,50,741.08,460.75,119.82,172.29,1,-1,-1,-1
608,51,1215.69,481.83,106.19,166.92,1,-1,-1,-1
608,52,493.76,472.30,97.01,159.34,1,-1,-1,-1
608,55,1067.43,429.49,109.78,217.07,1,-1,-1,-1
608,56,249.66,569.62,154.45,213.16,1,-1,-1,-1
608,58,1066.83,495.28,124.34,196.07,1,-1,-1,-1
608,60,585.31,502.42,118.49,199.60,1,-1,-1,-1
609,1,395.61,536.94,179.05,190.29,1,-1,-1,-1
609,9,1197.30,506.03,119.22,218.37,1,-1,-1,-1
609,10,569.66,444.47,95.78,171.55,1,-1,-1,-1
609,13,829.31,562.52,134.40,198.68,1,-1,-1,-1
609,15,825.04,485.79,85.68,179.64,1,-1,-1,-1
609,20,1083.25,428.23,84.05,174.85,1,-1,-1,-1
609,23,579.40,431.27,148.27,196.55,1,-1,-1,-1
609,26,1364.87,548.53,166.48,215.91,1,-1,-1,-1
609,28,583.27,427.24,162.55,191.28,1,-1,-1,-1
609,39,971.02,445.08,116.16,187.65,1,-1,-1,-1
609,40,587.98,494.67,134.77,203.70,1,-1,-1,-1
609,41,868.55,488.81,85.75,175.38,1,-1,-1,-1
609,43,821.26,487.19,105.32,192.76,1,-1,-1,-1
609,47,1250.92,481.41,76.21,153.39,1,-1,-1,-1
609,48,862.29,421.47,135.33,196.61,1,-1,-1,-1
609,50,743.30,459.47,105.26,171.50,1,-1,-1,-1
609,51,1215.69,481.83,106.19,166.92,1,-1,-1,-1
609,52,495.30,475.44,96.61,154.93,1,-1,-1,-1
609,55,1067.43,429.49,109.78,217.07,1,-1,-1,-1
609,56,252.72,574.96,149.46,208.44,1,-1,-1,-1
609,58,1068.08,436.64,127.36,250.56,1,-1,-1,-1
609,60,581.37,502.57,118.68,201.26,1,-1,-1,-1
610,1,406.73,531.62,163.71,196.10,1,-1,-1,-1
610,9,1197.08,521.17,118.64,204.29,1,-1,-1,-1
610,10,569.66,444.47,95.78,171.55,1,-1,-1,-1
610,13,828.13,565.77,134.74,195.93,1,-1,-1,-1
610,15,825.04,485.79,85.68,179.64,1,-1,-1,-1
610,20,1083.25,428.23,84.05,174.85,1,-1,-1,-1
610,23,591.87,430.85,136.19,213.93,1,-1,-1,-1
610,25,847.85,437.14,107.18,186.43,1,-1,-1,-1
610,26,1373.64,550.19,155.21,213.45,1,-1,-1,-1
610,28,583.27,427.24,162.55,191.28,1,-1,-1,-1
610,39,979.80,449.45,111.35,182.06,1,-1,-1,-1
610,41,868.55,488.81,85.75,175.38,1,-1,-1,-1
610,43,821.26,487.19,105.32,192.76,1,-1,-1,-1
610,47,1255.89,481.48,72.16,153.11,1,-1,-1,-1
610,48,862.29,421.47,135.33,196.61,1,-1,-1,-1
610,50,741.91,466.94,113.57,163.67,1,-1,-1,-1
610,51,1215.69,481.83,106.19,166.92,1,-1,-1,-1
610,52,493.37,476.90,101.57,154.32,1,-1,-1,-1
610,55,1077.04,438.79,101.42,213.14,1,-1,-1,-1
610,56,261.56,580.84,140.56,202.23,1,-1,-1,-1
610,58,1067.93,513.16,123.45,178.00,1,-1,-1,-1
610,60,585.35,500.47,116.19,201.21,1,-1,-1,-1
611,1,410.31,537.61,155.03,191.89,1,-1,-1,-1
611,9,1196.95,541.67,117.89,185.90,1,-1,-1,-1
611,10,569.66,444.47,95.78,171.55,1,-1,-1,-1
611,13,825.06,566.60,137.58,195.64,1,-1,-1,-1
611,15,825.04,485.79,85.68,179.64,1,-1,-1,-1
611,20,1083.25,428.23,84.05,174.85,1,-1,-1,-1
611,23,596.63,433.45,126.79,203.75,1,-1,-1,-1
611,25,845.58,431.65,112.91,179.50,1,-1,-1,-1
611,26,1376.03,553.85,151.48,209.48,1,-1,-1,-1
611,28,583.27,427.24,162.55,191.28,1,-1,-1,-1
611,39,980.78,450.25,112.92,180.89,1,-1,-1,-1
611,41,868.55,488.81,85.75,175.38,1,-1,-1,-1
611,43,821.26,487.19,105.32,192.76,1,-1,-1,-1
611,47,1261.24,479.79,69.48,154.62,1,-1,-1,-1
611,48,862.29,421.47,135.33,196.61,1,-1,-1,-1
611,50,741.32,471.48,115.08,160.39,1,-1,-1,-1
611,51,1215.69,481.83,106.19,166.92,1,-1,-1,-1
611,52,493.05,479.39,101.83,151.48,1,-1,-1,-1
611,55,1069.74,443.93,116.76,229.81,1,-1,-1,-1
611,56,254.22,584.75,148.16,199.80,1,-1,-1,-1
611,58,1067.54,518.30,123.76,173.49,1,-1,-1,-1
611,59,415.83,533.69,154.65,189.93,1,-1,-1,-1
611,60,586.29,501.94,120.17,199.01,1,-1,-1,-1
612,1,407.84,540.89,160.50,189.47,1,-1,-1,-1
612,9,1199.07,524.53,118.54,202.33,1,-1,-1,-1
612,13,821.94,566.82,140.84,194.97,1,-1,-1,-1
612,15,825.04,485.79,85.68,179.64,1,-1,-1,-1
612,20,1067.36,439.47,104.15,189.17,1,-1,-1,-1
612,23,590.61,439.27,129.00,176.61,1,-1,-1,-1
612,25,845.99,422.79,111.68,176.95,1,-1,-1,-1
612,26,1377.21,557.38,148.19,205.82,1,-1,-1,-1
612,28,583.27,427.24,162.55,191.28,1,-1,-1,-1
612,39,982.24,449.33,119.91,181.90,1,-1,-1,-1
612,41,868.55,488.81,85.75,175.38,1,-1,-1,-1
612,43,821.26,487.19,105.32,192.76,1,-1,-1,-1
612,47,1267.32,484.97,66.10,150.11,1,-1,-1,-1
612,48,862.29,421.47,135.33,196.61,1,-1,-1,-1
612,50,745.80,472.07,116.12,161.88,1,-1,-1,-1
612,51,1215.69,481.83,106.19,166.92,1,-1,-1,-1
612,52,487.33,480.98,103.30,149.51,1,-1,-1,-1
612,55,1069.74,443.93,116.76,229.81,1,-1,-1,-1
612,56,248.49,582.87,153.97,200.53,1,-1,-1,-1
612,58,1065.38,517.85,124.17,174.63,1,-1,-1,-1
612,59,410.45,544.99,157.39,187.23,1,-1,-1,-1
612,60,580.95,540.05,120.66,160.76,1,-1,-1,-1
613,1,403.78,544.13,164.67,186.82,1,-1,-1,-1
613,9,1199.67,520.95,117.74,205.28,1,-1,-1,-1
613,13,822.14,564.64,140.46,198.56,1,-1,-1,-1
613,15,825.04,485.79,85.68,179.64,1,-1,-1,-1
613,20,1063.93,438.31,107.82,185.21,1,-1,-1,-1
613,23,590.57,443.53,125.38,190.92,1,-1,-1,-1
613,25,848.27,423.02,106.99,172.67,1,-1,-1,-1
613,26,1375.96,558.85,152.88,204.63,1,-1,-1,-1
613,28,583.27,427.24,162.55,191.28,1,-1,-1,-1
613,39,979.43,448.34,125.75,180.57,1,-1,-1,-1
613,40,582.87,467.18,130.73,227.64,1,-1,-1,-1
613,41,868.55,488.81,85.75,175.38,1,-1,-1,-1
613,43,821.26,487.19,105.32,192.76,1,-1,-1,-1
613,47,1268.75,485.62,66.01,148.83,1,-1,-1,-1
613,48,862.29,421.47,135.33,196.61,1,-1,-1,-1
613,50,747.23,473.29,117.30,162.33,1,-1,-1,-1
613,51,1215.69,481.83,106.19,166.92,1,-1,-1,-1
613,52,484.79,477.28,105.13,152.28,1,-1,-1,-1
613,55,1069.74,443.93,116.76,229.81,1,-1,-1,-1
613,56,249.34,579.71,152.63,202.40,1,-1,-1,-1
613,58,1065.96,518.28,129.69,173.41,1,-1,-1,-1
613,59,410.45,544.99,157.39,187.23,1,-1,-1,-1
613,60,579.20,545.25,125.77,153.55,1,-1,-1,-1
614,1,394.53,544.41,172.36,184.95,1,-1,-1,-1
614,9,1198.59,520.13,121.63,206.78,1,-1,-1,-1
614,13,823.21,562.55,141.67,203.59,1,-1,-1,-1
614,15,806.87,512.46,94.47,162.65,1,-1,-1,-1
614,20,1062.92,435.88,113.70,188.17,1,-1,-1,-1
614,23,597.30,446.02,118.23,171.65,1,-1,-1,-1
614,25,849.06,422.14,109.64,172.69,1,-1,-1,-1
614,26,1375.52,562.24,158.94,202.43,1,-1,-1,-1
614,28,583.27,427.24,162.55,191.28,1,-1,-1,-1
614,39,975.54,446.85,133.08,179.55,1,-1,-1,-1
614,40,582.87,467.18,130.73,227.64,1,-1,-1,-1
614,43,821.26,487.19,105.32,192.76,1,-1,-1,-1
614,47,1268.52,487.59,67.98,145.24,1,-1,-1,-1
614,48,862.29,421.47,135.33,196.61,1,-1,-1,-1
614,50,747.65,471.81,123.82,176.64,1,-1,-1,-1
614,52,482.43,474.60,108.32,153.97,1,-1,-1,-1
614,55,1069.74,443.93,116.76,229.81,1,-1,-1,-1
614,56,250.91,576.93,153.72,205.61,1,-1,-1,-1
614,58,1065.83,519.18,120.31,171.42,1,-1,-1,-1
614,59,410.45,544.99,157.39,187.23,1,-1,-1,-1
614,60,571.26,522.95,134.76,178.26,1,-1,-1,-1
615,1,378.90,545.24,185.34,184.26,1,-1,-1,-1
615,9,1189.86,518.81,138.75,207.62,1,-1,-1,-1
615,10,490.77,469.91,139.65,161.16,1,-1,-1,-1
615,13,824.10,559.88,145.71,205.67,1,-1,-1,-1
615,15,800.10,518.99,102.47,158.46,1,-1,-1,-1
615,20,1064.08,435.05,115.76,191.73,1,-1,-1,-1
615,23,593.02,443.36,124.78,175.80,1,-1,-1,-1
615,25,849.41,424.09,132.02,169.38,1,-1,-1,-1
615,26,1376.08,564.21,160.73,200.45,1,-1,-1,-1
615,39,973.11,446.80,138.52,178.25,1,-1,-1,-1
615,40,582.87,467.18,130.73,227.64,1,-1,-1,-1
615,47,1267.43,488.00,71.37,145.34,1,-1,-1,-1
615,50,746.44,471.83,131.03,170.84,1,-1,-1,-1
615,52,484.15,471.04,85.54,152.78,1,-1,-1,-1
615,55,1067.47,520.57,193.24,168.74,1,-1,-1,-1
615,56,252.26,576.32,153.23,204.77,1,-1,-1,-1
615,58,1065.19,518.54,131.37,172.61,1,-1,-1,-1
615,59,410.45,544.99,157.39,187.23,1,-1,-1,-1
615,60,568.04,521.72,141.30,179.22,1,-1,-1,-1
616,1,361.02,549.69,197.57,179.73,1,-1,-1,-1
616,9,1194.13,517.83,137.44,206.49,1,-1,-1,-1
616,10,490.77,469.91,139.65,161.16,1,-1,-1,-1
616,13,804.14,545.52,188.49,220.03,1,-1,-1,-1
616,15,800.10,518.99,102.47,158.46,1,-1,-1,-1
616,20,1065.31,435.67,122.40,197.27,1,-1,-1,-1
616,23,585.57,441.24,131.22,175.51,1,-1,-1,-1
616,25,849.14,407.68,132.40,187.67,1,-1,-1,-1
616,26,1379.83,565.50,159.52,199.76,1,-1,-1,-1
616,39,969.62,445.23,142.02,179.06,1,-1,-1,-1
616,40,582.87,467.18,130.73,227.64,1,-1,-1,-1
616,47,1266.36,488.73,75.23,145.41,1,-1,-1,-1
616,50,744.59,467.16,128.17,167.25,1,-1,-1,-1
616,52,485.08,468.21,118.24,160.34,1,-1,-1,-1
616,55,1067.44,527.59,183.98,163.41,1,-1,-1,-1
616,56,252.17,573.30,155.94,207.16,1,-1,-1,-1
616,58,1065.24,515.38,160.57,176.51,1,-1,-1,-1
616,59,410.45,544.99,157.39,187.23,1,-1,-1,-1
616,60,566.60,505.33,143.57,195.98,1,-1,-1,-1
617,1,353.29,553.45,202.29,176.91,1,-1,-1,-1
617,9,1198.37,514.54,134.67,210.21,1,-1,-1,-1
617,10,488.50,467.70,78.55,155.15,1,-1,-1,-1
617,13,799.32,541.43,196.20,225.25,1,-1,-1,-1
617,15,800.10,518.99,102.47,158.46,1,-1,-1,-1
617,20,1064.68,436.24,125.42,198.43,1,-1,-1,-1
617,23,572.28,438.98,144.95,177.51,1,-1,-1,-1
617,25,850.94,412.59,128.06,191.34,1,-1,-1,-1
617,26,1389.53,565.23,151.73,201.19,1,-1,-1,-1
617,39,969.66,446.02,137.01,181.96,1,-1,-1,-1
617,40,582.87,467.18,130.73,227.64,1,-1,-1,-1
617,47,1263.71,488.43,78.25,144.80,1,-1,-1,-1
617,50,744.64,467.20,121.74,173.08,1,-1,-1,-1
617,52,489.53,468.34,106.22,159.04,1,-1,-1,-1
617,55,1067.44,527.59,183.98,163.41,1,-1,-1,-1
617,56,252.95,572.78,155.75,207.09,1,-1,-1,-1
617,58,1065.59,516.76,136.08,174.86,1,-1,-1,-1
617,59,410.45,544.99,157.39,187.23,1,-1,-1,-1
617,60,565.70,520.17,142.85,180.89,1,-1,-1,-1
618,1,357.15,548.41,198.89,179.36,1,-1,-1,-1
618,9,1198.51,519.06,132.76,205.14,1,-1,-1,-1
618,10,488.50,467.70,78.55,155.15,1,-1,-1,-1
618,13,797.51,529.09,208.08,235.65,1,-1,-1,-1
618,15,800.10,518.99,102.47,158.46,1,-1,-1,-1
618,20,1068.30,444.80,121.01,220.84,1,-1,-1,-1
618,23,564.00,437.53,155.19,178.88,1,-1,-1,-1
618,25,850.28,434.53,107.09,174.52,1,-1,-1,-1
618,26,1411.11,567.30,133.15,204.21,1,-1,-1,-1
618,39,940.82,445.80,164.85,181.70,1,-1,-1,-1
618,40,582.87,467.18,130.73,227.64,1,-1,-1,-1
618,47,1266.15,488.23,76.03,145.18,1,-1,-1,-1
618,50,744.40,466.16,116.94,184.13,1,-1,-1,-1
618,52,483.31,466.50,104.69,162.60,1,-1,-1,-1
618,55,1067.44,527.59,183.98,163.41,1,-1,-1,-1
618,56,254.96,571.93,151.39,206.92,1,-1,-1,-1
618,58,1071.58,512.29,119.85,181.29,1,-1,-1,-1
618,60,560.37,530.87,140.70,169.01,1,-1,-1,-1
619,1,365.81,544.98,190.49,185.75,1,-1,-1,-1
619,9,1199.77,522.78,130.52,200.55,1,-1,-1,-1
619,10,488.50,467.70,78.55,155.15,1,-1,-1,-1
619,13,798.16,532.78,209.20,232.41,1,-1,-1,-1
619,15,804.06,510.82,100.36,162.77,1,-1,-1,-1
619,20,1064.37,426.18,126.50,244.55,1,-1,-1,-1
619,23,559.70,430.83,158.00,189.62,1,-1,-1,-1
619,25,848.41,430.74,113.07,180.36,1,-1,-1,-1
619,26,1417.53,567.98,128.80,204.41,1,-1,-1,-1
619,39,945.21,438.37,157.26,190.26,1,-1,-1,-1
619,43,748.35,474.72,191.21,200.67,1,-1,-1,-1
619,47,1266.51,485.13,75.54,147.60,1,-1,-1,-1
619,48,852.73,420.73,152.49,189.28,1,-1,-1,-1
619,50,738.52,461.69,138.05,198.00,1,-1,-1,-1
619,52,482.11,466.95,97.92,163.50,1,-1,-1,-1
619,55,1067.44,527.59,183.98,163.41,1,-1,-1,-1
619,56,256.84,572.74,148.79,207.32,1,-1,-1,-1
619,58,1076.22,517.37,115.58,174.77,1,-1,-1,-1
619,60,558.21,529.87,140.47,170.88,1,-1,-1,-1
620,1,386.90,538.10,154.39,191.90,1,-1,-1,-1
620,9,1196.91,521.32,131.62,200.24,1,-1,-1,-1
620,10,488.50,467.70,78.55,155.15,1,-1,-1,-1
620,13,824.55,565.14,174.84,201.27,1,-1,-1,-1
620,15,805.01,499.54,100.48,175.11,1,-1,-1,-1
620,20,1074.35,437.34,98.53,194.96,1,-1,-1,-1
620,23,559.96,433.85,151.37,182.16,1,-1,-1,-1
620,25,854.17,434.26,104.64,171.11,1,-1,-1,-1
620,26,1420.81,568.49,121.62,204.38,1,-1,-1,-1
620,31,728.09,457.78,115.47,171.68,1,-1,-1,-1
620,39,955.33,440.40,145.49,187.51,1,-1,-1,-1
620,43,748.35,474.72,191.21,200.67,1,-1,-1,-1
620,47,1266.51,485.13,75.54,147.60,1,-1,-1,-1
620,48,852.73,420.73,152.49,189.28,1,-1,-1,-1
620,50,738.52,461.69,138.05,198.00,1,-1,-1,-1
620,52,485.92,460.94,83.25,173.15,1,-1,-1,-1
620,55,1067.44,527.59,183.98,163.41,1,-1,-1,-1
620,56,260.22,567.67,144.17,213.65,1,-1,-1,-1
620,58,1084.65,523.22,104.71,169.93,1,-1,-1,-1
620,60,566.52,527.13,131.54,176.51,1,-1,-1,-1
621,1,391.39,533.91,142.54,198.33,1,-1,-1,-1
621,9,1198.85,517.17,124.37,203.75,1,-1,-1,-1
621,10,490.53,461.80,68.39,167.59,1,-1,-1,-1
621,13,827.74,567.36,161.20,199.05,1,-1,-1,-1
621,15,807.10,494.22,99.58,182.07,1,-1,-1,-1
621,20,1074.35,437.34,98.53,194.96,1,-1,-1,-1
621,23,559.96,433.85,151.37,182.16,1,-1,-1,-1
621,25,860.66,429.85,97.12,168.68,1,-1,-1,-1
621,26,1421.06,566.11,117.30,206.68,1,-1,-1,-1
621,31,725.32,455.79,112.64,174.03,1,-1,-1,-1
621,39,972.79,441.11,112.56,185.76,1,-1,-1,-1
621,40,567.77,436.90,142.64,233.99,1,-1,-1,-1
621,43,748.35,474.72,191.21,200.67,1,-1,-1,-1
621,47,1266.56,475.97,82.52,156.82,1,-1,-1,-1
621,48,852.73,420.73,152.49,189.28,1,-1,-1,-1
621,50,738.52,461.69,138.05,198.00,1,-1,-1,-1
621,52,489.37,459.69,72.64,172.94,1,-1,-1,-1
621,55,1067.44,527.59,183.98,163.41,1,-1,-1,-1
621,56,260.08,568.24,144.50,213.45,1,-1,-1,-1
621,58,1089.33,525.46,98.09,167.85,1,-1,-1,-1
621,60,566.52,527.13,131.54,176.51,1,-1,-1,-1
622,1,389.69,530.33,130.54,206.31,1,-1,-1,-1
622,9,1201.18,511.67,117.25,210.78,1,-1,-1,-1
622,10,490.53,461.80,68.39,167.59,1,-1,-1,-1
622,13,827.51,557.60,148.50,209.17,1,-1,-1,-1
622,15,809.12,489.90,121.00,188.69,1,-1,-1,-1
622,20,1083.45,437.06,86.33,189.15,1,-1,-1,-1
622,23,559.96,433.85,151.37,182.16,1,-1,-1,-1
622,25,859.89,433.90,92.28,169.24,1,-1,-1,-1
622,26,1422.88,559.26,115.54,210.15,1,-1,-1,-1
622,31,715.35,453.55,123.22,177.67,1,-1,-1,-1
622,39,988.88,439.87,88.56,191.14,1,-1,-1,-1
622,40,572.54,432.84,124.07,250.81,1,-1,-1,-1
622,43,748.35,474.72,191.21,200.67,1,-1,-1,-1
622,47,1266.56,475.97,82.52,156.82,1,-1,-1,-1
622,48,852.73,420.73,152.49,189.28,1,-1,-1,-1
622,50,738.52,461.69,138.05,198.00,1,-1,-1,-1
622,52,485.97,471.52,76.48,162.50,1,-1,-1,-1
622,56,261.32,566.30,144.84,215.37,1,-1,-1,-1
622,58,1090.62,520.92,92.23,177.31,1,-1,-1,-1
622,60,566.52,527.13,131.54,176.51,1,-1,-1,-1
623,1,390.31,525.78,120.66,217.44,1,-1,-1,-1
623,9,1200.15,514.15,113.21,208.91,1,-1,-1,-1
623,10,490.53,461.80,68.39,167.59,1,-1,-1,-1
623,13,831.87,548.76,138.02,216.83,1,-1,-1,-1
623,15,805.40,487.38,137.24,189.32,1,-1,-1,-1
623,20,1083.45,437.06,86.33,189.15,1,-1,-1,-1
623,23,571.02,432.29,124.50,186.68,1,-1,-1,-1
623,25,856.04,434.86,92.62,165.78,1,-1,-1,-1
623,26,1426.13,548.52,104.34,219.45,1,-1,-1,-1
623,31,714.87,453.68,119.94,178.51,1,-1,-1,-1
623,39,995.91,440.86,81.64,190.65,1,-1,-1,-1
623,40,572.54,432.84,124.07,250.81,1,-1,-1,-1
623,43,748.35,474.72,191.21,200.67,1,-1,-1,-1
623,47,1262.83,470.29,80.89,159.38,1,-1,-1,-1
623,48,852.73,420.73,152.49,189.28,1,-1,-1,-1
623,50,738.52,461.69,138.05,198.00,1,-1,-1,-1
623,52,486.52,476.66,75.57,158.69,1,-1,-1,-1
623,56,263.65,563.75,141.65,215.03,1,-1,-1,-1
623,58,1090.45,518.03,92.01,181.83,1,-1,-1,-1
623,60,566.52,527.13,131.54,176.51,1,-1,-1,-1
624,1,394.40,519.29,102.88,229.91,1,-1,-1,-1
624,9,1197.82,517.05,103.07,208.23,1,-1,-1,-1
624,10,492.11,474.08,133.92,161.57,1,-1,-1,-1
624,13,840.47,542.07,128.84,221.76,1,-1,-1,-1
624,15,797.15,490.88,133.59,187.27,1,-1,-1,-1
624,20,1084.52,444.28,77.69,182.23,1,-1,-1,-1
624,23,571.02,432.29,124.50,186.68,1,-1,-1,-1
624,25,856.71,439.88,86.46,162.67,1,-1,-1,-1
624,26,1431.50,540.40,96.28,221.53,1,-1,-1,-1
624,31,720.74,451.15,116.11,180.71,1,-1,-1,-1
624,39,995.23,443.77,78.37,191.07,1,-1,-1,-1
624,40,565.64,432.77,137.88,246.58,1,-1,-1,-1
624,43,748.35,474.72,191.21,200.67,1,-1,-1,-1
624,47,1254.42,469.09,88.95,161.14,1,-1,-1,-1
624,48,852.73,420.73,152.49,189.28,1,-1,-1,-1
624,50,738.52,461.69,138.05,198.00,1,-1,-1,-1
624,52,488.24,475.29,80.06,163.06,1,-1,-1,-1
624,53,1085.87,442.23,88.60,191.76,1,-1,-1,-1
624,56,259.59,557.99,138.80,221.28,1,-1,-1,-1
624,58,1092.98,523.50,82.87,180.96,1,-1,-1,-1
624,60,566.52,527.13,131.54,176.51,1,-1,-1,-1
625,1,375.51,515.76,120.75,236.15,1,-1,-1,-1
625,9,1198.22,517.54,100.71,209.90,1,-1,-1,-1
625,10,492.11,474.08,133.92,161.57,1,-1,-1,-1
625,13,845.56,541.07,123.75,220.64,1,-1,-1,-1
625,15,793.80,493.15,130.31,179.00,1,-1,-1,-1
625,20,1082.56,447.15,74.69,168.39,1,-1,-1,-1
625,23,562.35,435.41,145.79,190.05,1,-1,-1,-1
625,25,857.74,438.61,86.15,173.21,1,-1,-1,-1
625,26,1433.21,538.41,92.56,219.40,1,-1,-1,-1
625,31,733.11,447.28,103.56,185.40,1,-1,-1,-1
625,39,991.11,447.10,77.40,189.32,1,-1,-1,-1
625,40,565.64,432.77,137.88,246.58,1,-1,-1,-1
625,47,1252.02,468.87,83.27,162.04,1,-1,-1,-1
625,52,488.46,474.19,79.55,165.91,1,-1,-1,-1
625,53,1084.02,446.86,85.86,188.47,1,-1,-1,-1
625,56,256.13,558.40,134.85,221.50,1,-1,-1,-1
625,58,1093.92,529.04,76.40,179.53,1,-1,-1,-1
625,60,566.52,527.13,131.54,176.51,1,-1,-1,-1
626,1,399.06,515.33,97.50,211.87,1,-1,-1,-1
626,9,1198.55,523.14,100.58,206.25,1,-1,-1,-1
626,10,492.11,474.08,133.92,161.57,1,-1,-1,-1
626,13,852.04,544.18,115.52,214.95,1,-1,-1,-1
626,15,793.80,493.15,130.31,179.00,1,-1,-1,-1
626,20,1080.87,452.81,76.75,168.77,1,-1,-1,-1
626,23,563.88,442.61,148.42,173.29,1,-1,-1,-1
626,25,866.75,436.56,98.74,174.02,1,-1,-1,-1
626,26,1435.86,538.41,89.79,216.50,1,-1,-1,-1
626,31,747.12,453.65,90.50,178.60,1,-1,-1,-1
626,39,989.43,448.58,74.13,195.16,1,-1,-1,-1
626,40,565.64,432.77,137.88,246.58,1,-1,-1,-1
626,47,1257.89,469.54,70.94,164.25,1,-1,-1,-1
626,51,1255.68,471.24,69.93,166.70,1,-1,-1,-1
626,52,487.30,476.49,77.28,163.98,1,-1,-1,-1
626,53,1082.35,452.57,82.97,184.38,1,-1,-1,-1
626,56,246.81,556.46,132.61,222.27,1,-1,-1,-1
626,58,1090.81,533.41,74.45,179.19,1,-1,-1,-1
627,1,398.83,515.65,126.46,210.90,1,-1,-1,-1
627,9,1199.45,526.61,102.06,205.58,1,-1,-1,-1
627,10,490.71,481.78,77.63,161.10,1,-1,-1,-1
627,13,850.38,538.18,114.67,221.02,1,-1,-1,-1
627,15,793.80,493.15,130.31,179.00,1,-1,-1,-1
627,20,1081.67,453.76,74.30,160.26,1,-1,-1,-1
627,23,567.29,444.86,139.35,178.81,1,-1,-1,-1
627,25,866.75,436.56,98.74,174.02,1,-1,-1,-1
627,26,1433.89,538.68,90.82,218.76,1,-1,-1,-1
627,31,750.46,459.63,83.99,174.62,1,-1,-1,-1
627,39,989.53,450.75,70.24,190.32,1,-1,-1,-1
627,40,565.64,432.77,137.88,246.58,1,-1,-1,-1
627,47,1259.59,471.70,66.43,164.42,1,-1,-1,-1
627,51,1255.68,471.24,69.93,166.70,1,-1,-1,-1
627,52,484.51,479.57,76.18,163.99,1,-1,-1,-1
627,53,1082.35,452.57,82.97,184.38,1,-1,-1,-1
627,56,246.89,554.78,131.01,223.29,1,-1,-1,-1
627,58,1090.77,537.86,78.62,175.33,1,-1,-1,-1
627,60,580.16,528.54,111.56,198.78,1,-1,-1,-1
628,1,394.39,523.34,94.15,208.27,1,-1,-1,-1
628,9,1201.12,532.03,99.32,201.35,1,-1,-1,-1
628,10,487.03,492.66,68.92,149.81,1,-1,-1,-1
628,13,852.77,536.93,106.80,218.46,1,-1,-1,-1
628,15,793.80,493.15,130.31,179.00,1,-1,-1,-1
628,20,1081.67,453.76,74.30,160.26,1,-1,-1,-1
628,23,583.47,449.79,124.50,169.04,1,-1,-1,-1
628,25,868.31,442.38,94.72,171.35,1,-1,-1,-1
628,26,1433.57,540.26,90.35,216.73,1,-1,-1,-1
628,31,727.40,464.28,103.58,177.77,1,-1,-1,-1
628,39,987.59,460.68,67.41,184.60,1,-1,-1,-1
628,40,565.64,432.77,137.88,246.58,1,-1,-1,-1
628,47,1259.94,475.37,67.71,172.33,1,-1,-1,-1
628,51,1255.81,475.96,72.63,173.96,1,-1,-1,-1
628,52,488.31,490.48,66.01,153.96,1,-1,-1,-1
628,53,1079.65,454.48,88.74,173.10,1,-1,-1,-1
628,55,1087.27,543.84,89.70,164.99,1,-1,-1,-1
628,56,272.05,556.02,105.68,222.39,1,-1,-1,-1
628,58,1089.86,538.11,78.94,126.91,1,-1,-1,-1
628,60,583.90,542.17,90.40,182.07,1,-1,-1,-1
629,1,393.45,525.85,96.65,220.24,1,-1,-1,-1
629,9,1198.10,542.10,98.15,188.69,1,-1,-1,-1
629,10,489.75,498.13,61.85,149.04,1,-1,-1,-1
629,13,854.53,539.18,100.35,213.76,1,-1,-1,-1
629,15,793.80,493.15,130.31,179.00,1,-1,-1,-1
629,20,1079.78,458.94,74.71,162.54,1,-1,-1,-1
629,23,594.06,456.26,110.34,164.85,1,-1,-1,-1
629,25,869.24,447.88,90.85,171.75,1,-1,-1,-1
629,26,1434.06,542.46,91.45,212.64,1,-1,-1,-1
629,31,746.05,468.49,87.02,174.15,1,-1,-1,-1
629,39,986.93,463.10,65.63,183.60,1,-1,-1,-1
629,40,565.64,432.77,137.88,246.58,1,-1,-1,-1
629,47,1257.96,481.16,69.94,169.26,1,-1,-1,-1
629,51,1255.81,475.96,72.63,173.96,1,-1,-1,-1
629,52,487.62,498.64,65.39,147.05,1,-1,-1,-1
629,53,1079.65,454.48,88.74,173.10,1,-1,-1,-1
629,55,1087.27,543.84,89.70,164.99,1,-1,-1,-1
629,56,278.97,558.75,95.20,220.11,1,-1,-1,-1
629,58,1088.66,538.47,77.34,169.83,1,-1,-1,-1
629,60,585.10,542.82,91.70,181.66,1,-1,-1,-1
630,1,394.59,531.33,103.41,229.57,1,-1,-1,-1
630,9,1199.84,546.38,102.45,187.11,1,-1,-1,-1
630,10,489.75,498.13,61.85,149.04,1,-1,-1,-1
630,13,860.23,547.58,91.48,197.56,1,-1,-1,-1
630,15,822.66,526.17,88.62,145.99,1,-1,-1,-1
630,20,1079.02,457.79,71.75,160.84,1,-1,-1,-1
630,23,592.06,463.01,105.00,167.84,1,-1,-1,-1
630,25,871.24,446.49,88.87,182.32,1,-1,-1,-1
630,26,1433.42,547.67,89.14,210.28,1,-1,-1,-1
630,31,748.33,468.83,79.02,176.42,1,-1,-1,-1
630,39,989.14,464.95,62.85,183.79,1,-1,-1,-1
630,47,1256.27,489.01,77.52,166.75,1,-1,-1,-1
630,51,1255.81,475.96,72.63,173.96,1,-1,-1,-1
630,52,491.68,505.15,61.98,140.41,1,-1,-1,-1
630,53,1079.65,454.48,88.74,173.10,1,-1,-1,-1
630,55,1087.27,543.84,89.70,164.99,1,-1,-1,-1
630,56,283.95,562.82,82.63,214.11,1,-1,-1,-1
630,58,1089.34,535.97,71.29,175.82,1,-1,-1,-1
630,60,582.85,539.11,99.69,187.31,1,-1,-1,-1
631,1,397.29,531.88,124.87,230.83,1,-1,-1,-1
631,9,1199.43,545.48,103.18,187.76,1,-1,-1,-1
631,10,489.75,498.13,61.85,149.04,1,-1,-1,-1
631,13,860.52,549.93,90.85,193.67,1,-1,-1,-1
631,15,799.36,520.93,112.23,139.13,1,-1,-1,-1
631,20,1079.36,455.15,71.11,165.55,1,-1,-1,-1
631,23,598.97,466.66,104.99,160.06,1,-1,-1,-1
631,25,873.63,445.00,89.94,178.36,1,-1,-1,-1
631,26,1434.97,548.40,87.72,209.92,1,-1,-1,-1
631,31,748.96,467.20,80.82,177.43,1,-1,-1,-1
631,39,990.24,463.36,61.93,184.41,1,-1,-1,-1
631,47,1256.30,490.41,78.99,166.20,1,-1,-1,-1
631,51,1255.81,475.96,72.63,173.96,1,-1,-1,-1
631,52,491.75,509.36,61.43,137.12,1,-1,-1,-1
631,53,1079.65,454.48,88.74,173.10,1,-1,-1,-1
631,55,1087.27,543.84,89.70,164.99,1,-1,-1,-1
631,56,286.29,563.14,80.83,214.61,1,-1,-1,-1
631,58,1089.93,530.52,72.44,183.33,1,-1,-1,-1
631,60,585.62,544.44,89.90,180.60,1,-1,-1,-1
632,1,391.77,536.15,100.60,224.61,1,-1,-1,-1
632,9,1198.43,541.71,107.91,192.03,1,-1,-1,-1
632,10,489.75,498.13,61.85,149.04,1,-1,-1,-1
632,13,833.38,547.04,124.76,197.14,1,-1,-1,-1
632,15,799.36,520.93,112.23,139.13,1,-1,-1,-1
632,20,1080.56,447.15,70.24,165.68,1,-1,-1,-1
632,23,598.97,466.66,104.99,160.06,1,-1,-1,-1
632,25,873.63,445.00,89.94,178.36,1,-1,-1,-1
632,26,1440.06,546.13,85.31,214.94,1,-1,-1,-1
632,28,582.48,454.89,147.70,174.44,1,-1,-1,-1
632,31,744.09,460.73,84.98,183.67,1,-1,-1,-1
632,39,981.86,452.27,70.00,192.65,1,-1,-1,-1
632,40,582.55,526.70,101.38,195.98,1,-1,-1,-1
632,47,1255.38,482.49,74.05,171.10,1,-1,-1,-1
632,48,868.80,436.42,135.53,184.48,1,-1,-1,-1
632,51,1255.81,475.96,72.63,173.96,1,-1,-1,-1
632,52,490.85,513.10,63.32,133.01,1,-1,-1,-1
632,53,1079.65,454.48,88.74,173.10,1,-1,-1,-1
632,55,1087.27,543.84,89.70,164.99,1,-1,-1,-1
632,56,286.74,567.82,76.06,212.16,1,-1,-1,-1
632,58,1087.73,508.38,80.09,202.50,1,-1,-1,-1
632,60,582.41,541.81,86.70,179.63,1,-1,-1,-1
633,1,389.76,534.90,101.50,225.71,1,-1,-1,-1
633,9,1195.80,540.73,110.15,190.20,1,-1,-1,-1
633,10,489.75,498.13,61.85,149.04,1,-1,-1,-1
633,13,840.44,540.70,120.93,208.03,1,-1,-1,-1
633,15,799.36,520.93,112.23,139.13,1,-1,-1,-1
633,20,1080.94,441.55,66.14,179.29,1,-1,-1,-1
633,23,598.97,466.66,104.99,160.06,1,-1,-1,-1
633,25,871.31,440.18,70.59,158.66,1,-1,-1,-1
633,26,1443.35,543.66,84.33,218.29,1,-1,-1,-1
633,28,582.48,454.89,147.70,174.44,1,-1,-1,-1
633,31,748.56,458.61,81.96,185.19,1,-1,-1,-1
633,39,982.43,443.79,70.54,199.76,1,-1,-1,-1
633,40,584.21,531.03,98.48,197.55,1,-1,-1,-1
633,47,1257.98,477.46,65.33,139.48,1,-1,-1,-1
633,48,868.80,436.42,135.53,184.48,1,-1,-1,-1
633,51,1255.81,475.96,72.63,173.96,1,-1,-1,-1
633,52,490.41,507.97,71.54,138.97,1,-1,-1,-1
633,53,1079.65,454.48,88.74,173.10,1,-1,-1,-1
633,55,1087.27,543.84,89.70,164.99,1,-1,-1,-1
633,56,284.14,566.20,78.38,214.61,1,-1,-1,-1
633,58,1088.51,507.77,80.79,196.17,1,-1,-1,-1
633,60,582.41,541.81,86.70,179.63,1,-1,-1,-1
634,1,390.59,532.88,97.74,228.99,1,-1,-1,-1
634,9,1191.75,528.20,109.56,204.18,1,-1,-1,-1
634,10,486.53,501.23,68.78,142.96,1,-1,-1,-1
634,13,851.59,545.16,113.26,201.85,1,-1,-1,-1
634,15,799.36,520.93,112.23,139.13,1,-1,-1,-1
634,20,1077.71,431.38,67.61,169.01,1,-1,-1,-1
634,23,611.60,454.73,104.05,163.02,1,-1,-1,-1
634,25,871.31,440.18,70.59,158.66,1,-1,-1,-1
634,26,1442.78,540.45,92.03,218.91,1,-1,-1,-1
634,28,582.48,454.89,147.70,174.44,1,-1,-1,-1
634,31,750.51,447.14,80.33,190.26,1,-1,-1,-1
634,39,988.40,433.36,65.80,210.26,1,-1,-1,-1
634,40,584.21,531.03,98.48,197.55,1,-1,-1,-1
634,47,1253.02,473.54,62.30,168.92,1,-1,-1,-1
634,48,868.80,436.42,135.53,184.48,1,-1,-1,-1
634,52,490.01,502.49,66.33,141.93,1,-1,-1,-1
634,56,285.66,565.39,75.64,203.22,1,-1,-1,-1
634,58,1082.60,503.67,91.10,190.90,1,-1,-1,-1
634,60,584.64,522.74,79.71,198.30,1,-1,-1,-1
635,1,395.49,527.51,90.19,231.88,1,-1,-1,-1
635,9,1191.18,518.88,107.88,212.63,1,-1,-1,-1
635,10,484.24,497.54,71.34,147.20,1,-1,-1,-1
635,13,843.03,513.86,128.71,235.73,1,-1,-1,-1
635,15,799.36,520.93,112.23,139.13,1,-1,-1,-1
635,20,1077.75,428.09,66.02,175.02,1,-1,-1,-1
635,23,611.60,454.73,104.05,163.02,1,-1,-1,-1
635,25,870.98,432.55,68.82,171.05,1,-1,-1,-1
635,26,1442.32,539.87,97.92,220.69,1,-1,-1,-1
635,28,557.50,440.72,162.24,187.59,1,-1,-1,-1
635,31,744.85,445.46,88.47,189.25,1,-1,-1,-1
635,39,990.83,432.60,63.90,209.01,1,-1,-1,-1
635,40,584.21,531.03,98.48,197.55,1,-1,-1,-1
635,47,1252.49,470.75,62.12,181.14,1,-1,-1,-1
635,48,868.80,436.42,135.53,184.48,1,-1,-1,-1
635,52,488.88,497.85,66.82,147.38,1,-1,-1,-1
635,56,285.49,565.25,78.26,214.70,1,-1,-1,-1
635,58,1082.23,501.54,85.77,191.61,1,-1,-1,-1
635,60,567.73,506.89,95.44,211.44,1,-1,-1,-1
636,1,399.22,513.97,91.32,244.42,1,-1,-1,-1
636,9,1184.48,512.69,115.13,218.93,1,-1,-1,-1
636,10,484.24,497.54,71.34,147.20,1,-1,-1,-1
636,13,805.69,486.80,174.96,269.42,1,-1,-1,-1
636,15,799.36,520.93,112.23,139.13,1,-1,-1,-1
636,20,1074.13,427.60,71.07,182.88,1,-1,-1,-1
636,23,611.60,454.73,104.05,163.02,1,-1,-1,-1
636,25,870.98,432.55,68.82,171.05,1,-1,-1,-1
636,26,1442.75,537.82,107.57,226.85,1,-1,-1,-1
636,28,557.59,424.90,142.79,193.89,1,-1,-1,-1
636,31,737.05,438.30,96.94,193.22,1,-1,-1,-1
636,39,988.29,435.26,65.86,204.43,1,-1,-1,-1
636,40,584.21,531.03,98.48,197.55,1,-1,-1,-1
636,47,1256.10,469.62,57.27,165.35,1,-1,-1,-1
636,48,868.00,426.73,111.24,185.48,1,-1,-1,-1
636,52,494.55,492.44,60.65,155.70,1,-1,-1,-1
636,56,284.63,564.22,88.56,219.06,1,-1,-1,-1
636,58,1078.86,503.69,81.56,186.72,1,-1,-1,-1
636,60,561.92,496.03,98.35,218.92,1,-1,-1,-1
637,1,403.02,510.45,89.98,241.67,1,-1,-1,-1
637,9,1184.01,508.01,117.54,219.13,1,-1,-1,-1
637,10,484.24,497.54,71.34,147.20,1,-1,-1,-1
637,13,803.17,480.58,175.69,279.73,1,-1,-1,-1
637,20,1072.71,427.18,71.51,181.75,1,-1,-1,-1
637,23,611.60,454.73,104.05,163.02,1,-1,-1,-1
637,25,870.98,432.55,68.82,171.05,1,-1,-1,-1
637,26,1439.06,540.89,115.66,225.46,1,-1,-1,-1
637,28,560.94,425.57,128.18,188.26,1,-1,-1,-1
637,31,742.54,436.21,91.17,193.17,1,-1,-1,-1
637,39,983.09,434.36,70.26,203.26,1,-1,-1,-1
637,40,584.21,531.03,98.48,197.55,1,-1,-1,-1
637,47,1261.12,467.60,50.73,147.55,1,-1,-1,-1
637,48,865.11,425.84,105.02,188.59,1,-1,-1,-1
637,52,496.09,483.53,59.94,159.54,1,-1,-1,-1
637,56,283.93,564.67,100.68,218.38,1,-1,-1,-1
637,58,1077.51,511.33,75.89,178.17,1,-1,-1,-1
637,60,562.33,485.08,101.61,226.23,1,-1,-1,-1
638,1,406.75,506.38,88.25,232.22,1,-1,-1,-1
638,9,1184.13,501.28,115.47,221.48,1,-1,-1,-1
638,10,487.19,472.16,70.44,162.28,1,-1,-1,-1
638,13,834.57,516.63,132.02,251.50,1,-1,-1,-1
638,20,1071.96,426.10,72.25,188.71,1,-1,-1,-1
638,23,611.60,454.73,104.05,163.02,1,-1,-1,-1
638,25,870.98,432.55,68.82,171.05,1,-1,-1,-1
638,26,1422.78,547.16,134.31,223.50,1,-1,-1,-1
638,28,579.71,426.60,107.86,189.69,1,-1,-1,-1
638,31,739.07,432.97,95.88,197.98,1,-1,-1,-1
638,39,982.12,430.81,71.87,204.93,1,-1,-1,-1
638,40,584.21,531.03,98.48,197.55,1,-1,-1,-1
638,41,810.84,465.50,144.22,234.73,1,-1,-1,-1
638,47,1261.21,466.79,50.47,155.13,1,-1,-1,-1
638,48,869.00,426.77,84.79,178.35,1,-1,-1,-1
638,52,490.92,475.15,66.90,164.08,1,-1,-1,-1
638,56,284.73,565.88,102.73,214.67,1,-1,-1,-1
638,58,1076.29,503.08,66.75,186.24,1,-1,-1,-1
638,60,579.73,489.57,83.37,221.36,1,-1,-1,-1
639,1,413.28,506.72,86.86,228.22,1,-1,-1,-1
639,9,1185.60,502.03,113.49,217.34,1,-1,-1,-1
639,10,485.68,467.88,73.63,160.52,1,-1,-1,-1
639,13,838.93,533.79,121.87,236.17,1,-1,-1,-1
639,15,836.83,470.98,101.62,194.38,1,-1,-1,-1
639,20,1072.48,426.59,70.64,178.13,1,-1,-1,-1
639,23,611.60,454.73,104.05,163.02,1,-1,-1,-1
639,25,870.98,432.55,68.82,171.05,1,-1,-1,-1
639,26,1412.56,551.80,142.85,220.83,1,-1,-1,-1
639,28,589.48,426.12,97.37,188.63,1,-1,-1,-1
639,31,754.71,433.88,82.19,197.79,1,-1,-1,-1
639,39,981.86,431.59,71.88,204.98,1,-1,-1,-1
639,41,819.61,467.26,125.34,210.30,1,-1,-1,-1
639,47,1261.29,467.08,50.71,155.19,1,-1,-1,-1
639,48,869.13,427.53,77.47,160.99,1,-1,-1,-1
639,52,489.22,467.45,69.28,169.66,1,-1,-1,-1
639,56,284.19,564.40,98.03,217.57,1,-1,-1,-1
639,58,1075.20,507.04,65.98,182.32,1,-1,-1,-1
639,60,585.84,496.08,75.08,214.58,1,-1,-1,-1
640,1,414.81,503.80,99.13,231.35,1,-1,-1,-1
640,9,1192.52,499.91,103.99,216.56,1,-1,-1,-1
640,10,485.68,467.88,73.63,160.52,1,-1,-1,-1
640,13,849.80,537.27,98.57,232.49,1,-1,-1,-1
640,15,836.83,470.98,101.62,194.38,1,-1,-1,-1
640,20,1072.37,428.97,70.22,172.89,1,-1,-1,-1
640,23,600.92,427.89,81.74,183.34,1,-1,-1,-1
640,25,870.98,432.55,68.82,171.05,1,-1,-1,-1
640,26,1404.50,560.07,141.94,212.27,1,-1,-1,-1
640,28,598.92,423.46,85.39,189.05,1,-1,-1,-1
640,31,763.52,430.98,72.03,200.40,1,-1,-1,-1
640,39,983.86,431.06,69.44,205.90,1,-1,-1,-1
640,41,834.46,463.55,105.20,204.50,1,-1,-1,-1
640,47,1260.21,466.97,52.04,155.66,1,-1,-1,-1
640,48,870.52,429.24,73.14,154.95,1,-1,-1,-1
640,52,489.22,467.45,69.28,169.66,1,-1,-1,-1
640,56,284.21,566.96,82.31,215.72,1,-1,-1,-1
640,58,1071.75,500.53,77.39,186.07,1,-1,-1,-1
640,60,589.23,498.01,71.98,210.65,1,-1,-1,-1
641,1,418.64,503.34,96.48,229.73,1,-1,-1,-1
641,9,1196.59,498.98,99.16,217.37,1,-1,-1,-1
641,10,485.68,467.88,73.63,160.52,1,-1,-1,-1
641,13,855.16,539.37,93.03,231.38,1,-1,-1,-1
641,15,836.83,470.98,101.62,194.38,1,-1,-1,-1
641,20,1072.66,430.70,68.70,166.38,1,-1,-1,-1
641,23,600.73,425.88,76.22,182.63,1,-1,-1,-1
641,26,1404.28,564.84,139.20,207.91,1,-1,-1,-1
641,28,613.51,428.24,72.08,180.66,1,-1,-1,-1
641,31,617.41,425.42,79.54,186.09,1,-1,-1,-1
641,39,983.26,431.94,69.33,204.45,1,-1,-1,-1
641,41,840.22,464.90,97.31,201.76,1,-1,-1,-1
641,47,1260.93,465.51,51.98,157.16,1,-1,-1,-1
641,48,872.50,429.99,70.90,156.54,1,-1,-1,-1
641,50,761.82,433.99,76.74,199.74,1,-1,-1,-1
641,52,489.22,467.45,69.28,169.66,1,-1,-1,-1
641,56,284.06,569.07,79.58,213.45,1,-1,-1,-1
641,58,1072.15,495.29,87.90,193.41,1,-1,-1,-1
641,60,588.59,502.31,69.60,203.83,1,-1,-1,-1
641,61,485.60,462.21,82.49,169.02,1,-1,-1,-1
642,1,421.18,502.30,94.46,232.66,1,-1,-1,-1
642,9,1198.07,498.52,102.68,219.56,1,-1,-1,-1
642,10,502.80,463.60,65.93,168.34,1,-1,-1,-1
642,13,856.68,542.76,80.46,228.85,1,-1,-1,-1
642,15,836.83,470.98,101.62,194.38,1,-1,-1,-1
642,20,1075.28,429.21,65.03,176.16,1,-1,-1,-1
642,23,609.25,429.47,70.16,180.10,1,-1,-1,-1
642,26,1403.99,579.11,137.39,193.77,1,-1,-1,-1
642,28,615.85,430.53,66.79,178.97,1,-1,-1,-1
642,31,617.41,425.42,79.54,186.09,1,-1,-1,-1
642,39,983.24,430.87,68.21,205.46,1,-1,-1,-1
642,41,846.95,466.53,94.56,210.90,1,-1,-1,-1
642,47,1259.56,464.49,52.87,158.83,1,-1,-1,-1
642,48,874.04,429.76,75.02,161.71,1,-1,-1,-1
642,50,761.64,430.00,72.83,201.08,1,-1,-1,-1
642,52,489.22,467.45,69.28,169.66,1,-1,-1,-1
642,56,282.42,571.25,79.93,211.56,1,-1,-1,-1
642,58,1075.87,495.97,83.61,193.04,1,-1,-1,-1
642,60,586.53,503.28,70.08,202.55,1,-1,-1,-1
642,61,498.33,458.57,73.07,172.83,1,-1,-1,-1
643,1,421.74,502.14,95.34,232.89,1,-1,-1,-1
643,9,1198.35,498.29,103.94,219.53,1,-1,-1,-1
643,10,502.80,463.60,65.93,168.34,1,-1,-1,-1
643,13,858.60,543.88,74.97,227.49,1,-1,-1,-1
643,15,836.83,470.98,101.62,194.38,1,-1,-1,-1
643,20,1073.72,427.34,59.85,171.02,1,-1,-1,-1
643,23,609.25,429.47,70.16,180.10,1,-1,-1,-1
643,26,1403.64,583.74,135.84,189.19,1,-1,-1,-1
643,28,617.05,431.93,64.11,177.89,1,-1,-1,-1
643,31,617.41,425.42,79.54,186.09,1,-1,-1,-1
643,39,983.70,431.13,67.21,204.93,1,-1,-1,-1
643,41,848.89,467.46,92.15,211.44,1,-1,-1,-1
643,47,1259.40,465.16,52.80,159.06,1,-1,-1,-1
643,48,874.13,430.15,75.53,168.79,1,-1,-1,-1
643,50,762.54,429.85,71.35,200.67,1,-1,-1,-1
643,52,489.22,467.45,69.28,169.66,1,-1,-1,-1
643,56,282.12,571.84,82.69,211.15,1,-1,-1,-1
643,58,1076.10,493.52,83.08,195.61,1,-1,-1,-1
643,60,587.34,499.83,68.79,205.99,1,-1,-1,-1
643,61,502.16,458.66,69.75,172.27,1,-1,-1,-1
644,1,424.08,499.40,92.61,234.44,1,-1,-1,-1
644,9,1197.05,495.25,107.12,222.29,1,-1,-1,-1
644,10,505.99,461.72,63.09,168.68,1,-1,-1,-1
644,13,858.45,543.54,75.72,227.72,1,-1,-1,-1
644,15,836.83,470.98,101.62,194.38,1,-1,-1,-1
644,20,1072.92,425.31,63.66,175.00,1,-1,-1,-1
644,23,611.87,431.14,68.59,177.72,1,-1,-1,-1
644,26,1403.84,584.50,133.14,188.84,1,-1,-1,-1
644,28,617.46,431.71,63.37,177.88,1,-1,-1,-1
644,31,617.41,425.42,79.54,186.09,1,-1,-1,-1
644,39,982.57,429.84,68.01,206.50,1,-1,-1,-1
644,41,851.02,466.10,89.45,210.86,1,-1,-1,-1
644,47,1259.34,466.62,52.58,155.76,1,-1,-1,-1
644,48,875.34,430.28,71.55,165.79,1,-1,-1,-1
644,50,763.04,428.36,73.13,201.43,1,-1,-1,-1
644,52,489.22,467.45,69.28,169.66,1,-1,-1,-1
644,56,282.26,571.03,86.30,211.82,1,-1,-1,-1
644,58,1074.76,492.92,77.32,195.42,1,-1,-1,-1
644,60,586.90,503.56,65.51,201.89,1,-1,-1,-1
644,61,506.65,460.97,64.70,169.26,1,-1,-1,-1
645,1,424.66,498.33,91.98,236.54,1,-1,-1,-1
645,9,1196.56,493.84,107.76,224.37,1,-1,-1,-1
645,10,507.60,460.73,61.90,169.26,1,-1,-1,-1
645,13,859.04,541.58,75.77,229.48,1,-1,-1,-1
645,20,1072.17,424.68,64.73,178.52,1,-1,-1,-1
645,23,611.06,431.04,69.37,178.12,1,-1,-1,-1
645,26,1404.41,584.99,132.03,188.53,1,-1,-1,-1
645,28,616.61,431.39,63.81,178.32,1,-1,-1,-1
645,31,617.41,425.42,79.54,186.09,1,-1,-1,-1
645,39,982.32,428.79,68.72,207.51,1,-1,-1,-1
645,41,849.53,465.26,91.16,219.84,1,-1,-1,-1
645,47,1258.21,467.55,53.44,157.01,1,-1,-1,-1
645,48,875.92,429.40,70.48,167.43,1,-1,-1,-1
645,50,757.89,426.74,79.25,202.39,1,-1,-1,-1
645,56,282.48,570.39,87.42,212.18,1,-1,-1,-1
645,58,1074.44,490.07,73.17,198.92,1,-1,-1,-1
645,60,587.27,502.64,64.98,202.07,1,-1,-1,-1
645,61,508.12,459.97,63.54,170.49,1,-1,-1,-1
646,1,426.27,498.95,91.27,235.06,1,-1,-1,-1
646,9,1196.48,493.88,107.09,223.91,1,-1,-1,-1
646,10,506.66,457.23,62.32,172.63,1,-1,-1,-1
646,13,857.11,538.97,96.08,231.77,1,-1,-1,-1
646,20,1071.53,424.37,62.24,174.42,1,-1,-1,-1
646,23,610.81,430.10,69.37,176.78,1,-1,-1,-1
646,26,1405.18,585.09,129.72,187.47,1,-1,-1,-1
646,28,615.44,430.71,65.15,178.19,1,-1,-1,-1
646,31,617.41,425.42,79.54,186.09,1,-1,-1,-1
646,39,982.40,427.64,68.48,208.37,1,-1,-1,-1
646,41,840.64,465.41,108.75,222.48,1,-1,-1,-1
646,47,1258.20,466.58,52.65,156.62,1,-1,-1,-1
646,48,875.92,429.29,70.62,169.42,1,-1,-1,-1
646,50,748.12,425.41,87.44,203.57,1,-1,-1,-1
646,56,282.38,570.49,89.16,211.42,1,-1,-1,-1
646,58,1074.88,489.37,66.96,199.23,1,-1,-1,-1
646,60,586.68,500.75,66.72,203.16,1,-1,-1,-1
646,61,506.68,454.97,64.18,175.71,1,-1,-1,-1
647,1,426.77,498.67,90.82,236.10,1,-1,-1,-1
647,9,1198.09,491.82,96.57,224.04,1,-1,-1,-1
647,10,503.89,456.23,63.51,174.70,1,-1,-1,-1
647,13,855.21,539.50,91.78,231.25,1,-1,-1,-1
647,20,1070.88,425.40,61.08,172.95,1,-1,-1,-1
647,23,615.58,430.23,64.07,176.01,1,-1,-1,-1
647,26,1405.13,585.41,129.92,186.97,1,-1,-1,-1
647,28,616.69,430.67,63.44,178.05,1,-1,-1,-1
647,39,982.99,429.11,67.71,206.80,1,-1,-1,-1
647,41,841.84,465.99,106.53,216.31,1,-1,-1,-1
647,47,1258.53,465.06,51.98,158.69,1,-1,-1,-1
647,48,877.18,429.35,67.51,163.69,1,-1,-1,-1
647,50,766.06,428.24,69.94,200.64,1,-1,-1,-1
647,56,282.05,570.27,89.76,211.43,1,-1,-1,-1
647,58,1074.74,487.06,63.24,201.25,1,-1,-1,-1
647,60,585.83,499.99,66.60,204.21,1,-1,-1,-1
647,61,505.97,453.42,64.56,177.32,1,-1,-1,-1
648,1,424.86,496.88,92.65,238.10,1,-1,-1,-1
648,9,1197.48,492.44,92.74,223.29,1,-1,-1,-1
648,10,503.89,456.23,63.51,174.70,1,-1,-1,-1
648,13,852.23,539.28,112.70,231.05,1,-1,-1,-1
648,20,1070.88,425.40,61.08,172.95,1,-1,-1,-1
648,23,611.62,430.00,67.93,176.28,1,-1,-1,-1
648,26,1405.35,585.16,130.18,187.50,1,-1,-1,-1
648,28,614.31,430.71,65.93,177.27,1,-1,-1,-1
648,39,983.28,430.66,68.27,206.27,1,-1,-1,-1
648,41,837.80,466.13,114.89,210.48,1,-1,-1,-1
648,47,1258.00,463.32,52.19,161.96,1,-1,-1,-1
648,48,876.33,428.24,71.95,169.98,1,-1,-1,-1
648,50,760.03,428.28,75.50,200.40,1,-1,-1,-1
648,56,283.05,570.33,101.62,211.96,1,-1,-1,-1
648,58,1074.79,491.91,61.15,196.37,1,-1,-1,-1
648,60,587.23,499.38,65.48,204.80,1,-1,-1,-1
648,61,505.60,453.65,63.72,174.21,1,-1,-1,-1
649,1,422.62,495.90,94.96,239.18,1,-1,-1,-1
649,9,1196.59,492.62,94.85,222.51,1,-1,-1,-1
649,10,503.89,456.23,63.51,174.70,1,-1,-1,-1
649,13,850.70,537.73,107.16,232.45,1,-1,-1,-1
649,20,1070.88,425.40,61.08,172.95,1,-1,-1,-1
649,23,611.68,429.64,67.78,176.61,1,-1,-1,-1
649,26,1405.46,583.38,130.17,189.42,1,-1,-1,-1
649,28,614.36,430.16,65.71,177.32,1,-1,-1,-1
649,39,983.01,430.33,69.26,205.47,1,-1,-1,-1
649,41,835.70,464.51,115.04,216.60,1,-1,-1,-1
649,47,1257.02,463.45,52.90,162.51,1,-1,-1,-1
649,48,877.26,429.02,71.88,169.52,1,-1,-1,-1
649,50,762.01,427.83,73.16,201.05,1,-1,-1,-1
649,56,283.62,569.75,107.05,213.05,1,-1,-1,-1
649,58,1074.70,491.81,61.31,196.26,1,-1,-1,-1
649,60,588.16,501.65,64.25,202.23,1,-1,-1,-1
649,61,510.76,454.44,60.42,173.58,1,-1,-1,-1
650,1,422.07,496.17,97.80,239.79,1,-1,-1,-1
650,9,1199.04,494.05,98.08,220.74,1,-1,-1,-1
650,10,503.89,456.23,63.51,174.70,1,-1,-1,-1
650,13,851.62,538.61,88.14,232.62,1,-1,-1,-1
650,20,1069.04,426.67,59.06,178.36,1,-1,-1,-1
650,23,612.22,429.26,68.24,175.71,1,-1,-1,-1
650,26,1405.14,583.24,130.87,189.91,1,-1,-1,-1
650,28,615.40,430.03,66.29,176.94,1,-1,-1,-1
650,39,983.60,429.65,69.05,206.53,1,-1,-1,-1
650,41,843.24,462.89,100.19,229.38,1,-1,-1,-1
650,47,1257.24,464.52,52.97,158.85,1,-1,-1,-1
650,48,878.68,429.16,69.88,168.57,1,-1,-1,-1
650,50,761.93,427.87,76.45,200.97,1,-1,-1,-1
650,56,282.92,571.81,113.66,210.42,1,-1,-1,-1
650,58,1073.84,449.64,65.33,238.81,1,-1,-1,-1
650,60,586.56,495.95,65.66,207.88,1,-1,-1,-1
650,61,507.95,451.42,62.98,175.63,1,-1,-1,-1
651,1,422.51,495.82,97.06,240.22,1,-1,-1,-1
651,9,1194.79,492.57,105.46,223.03,1,-1,-1,-1
651,10,503.89,456.23,63.51,174.70,1,-1,-1,-1
651,13,853.99,538.17,81.61,234.06,1,-1,-1,-1
651,20,1067.86,425.87,60.89,177.59,1,-1,-1,-1
651,23,610.20,429.17,70.85,176.53,1,-1,-1,-1
651,26,1404.82,582.27,131.39,190.83,1,-1,-1,-1
651,28,616.62,430.33,65.73,177.03,1,-1,-1,-1
651,39,984.19,426.47,68.39,209.61,1,-1,-1,-1
651,41,844.00,462.61,97.77,238.74,1,-1,-1,-1
651,47,1256.39,464.78,53.39,157.65,1,-1,-1,-1
651,48,877.30,428.97,70.31,171.58,1,-1,-1,-1
651,50,760.98,430.06,78.47,198.31,1,-1,-1,-1
651,56,282.53,572.25,113.55,210.09,1,-1,-1,-1
651,58,1074.97,486.94,64.59,200.82,1,-1,-1,-1
651,60,586.28,494.68,65.28,209.22,1,-1,-1,-1
651,61,506.79,450.52,64.20,177.29,1,-1,-1,-1
652,1,424.46,496.01,95.76,240.14,1,-1,-1,-1
652,9,1191.31,491.45,108.86,224.38,1,-1,-1,-1
652,10,503.89,456.23,63.51,174.70,1,-1,-1,-1
652,13,855.74,538.84,79.27,232.93,1,-1,-1,-1
652,20,1068.14,424.76,60.86,181.93,1,-1,-1,-1
652,23,608.04,429.07,73.19,178.33,1,-1,-1,-1
652,26,1405.03,582.51,131.43,190.14,1,-1,-1,-1
652,28,617.60,429.86,65.20,179.17,1,-1,-1,-1
652,39,984.75,424.84,68.14,210.91,1,-1,-1,-1
652,41,843.78,463.25,97.90,236.07,1,-1,-1,-1
652,47,1255.36,465.28,53.64,159.76,1,-1,-1,-1
652,48,878.50,430.38,67.35,166.06,1,-1,-1,-1
652,50,767.09,429.03,70.57,199.45,1,-1,-1,-1
652,56,282.73,572.63,110.62,209.55,1,-1,-1,-1
652,58,1074.30,482.24,64.44,204.73,1,-1,-1,-1
652,60,589.02,493.71,64.13,210.51,1,-1,-1,-1
652,61,510.00,454.11,61.93,173.34,1,-1,-1,-1
653,1,425.74,495.58,94.28,240.92,1,-1,-1,-1
653,9,1193.79,491.70,104.38,224.61,1,-1,-1,-1
653,13,853.20,537.02,92.30,234.79,1,-1,-1,-1
653,20,1067.14,425.33,61.82,185.27,1,-1,-1,-1
653,23,615.02,428.99,66.80,181.73,1,-1,-1,-1
653,26,1404.77,579.20,131.79,193.77,1,-1,-1,-1
653,28,618.39,429.56,64.68,182.55,1,-1,-1,-1
653,39,984.27,424.72,69.02,211.00,1,-1,-1,-1
653,41,838.66,463.53,103.57,227.28,1,-1,-1,-1
653,47,1255.52,464.78,53.33,161.39,1,-1,-1,-1
653,48,877.91,429.48,67.26,167.37,1,-1,-1,-1
653,50,769.48,423.71,68.57,204.75,1,-1,-1,-1
653,56,283.41,572.81,109.40,209.04,1,-1,-1,-1
653,58,1074.43,481.75,62.58,204.53,1,-1,-1,-1
653,60,588.86,494.46,64.39,209.90,1,-1,-1,-1
653,61,507.67,452.94,65.67,173.34,1,-1,-1,-1
654,1,427.67,494.78,93.55,239.97,1,-1,-1,-1
654,9,1196.76,496.60,96.03,218.65,1,-1,-1,-1
654,13,850.55,537.77,100.09,233.81,1,-1,-1,-1
654,20,1067.14,425.33,61.82,185.27,1,-1,-1,-1
654,23,617.42,430.34,64.71,179.08,1,-1,-1,-1
654,26,1404.27,577.59,132.60,195.61,1,-1,-1,-1
654,28,619.02,430.52,64.63,180.47,1,-1,-1,-1
654,39,982.74,429.78,72.00,205.95,1,-1,-1,-1
654,41,842.04,464.28,102.75,227.14,1,-1,-1,-1
654,47,1256.00,463.41,51.89,162.12,1,-1,-1,-1
654,48,878.56,431.15,66.97,163.93,1,-1,-1,-1
654,50,768.99,425.53,67.19,202.75,1,-1,-1,-1
654,53,1074.98,489.47,63.32,189.53,1,-1,-1,-1
654,56,284.36,572.21,111.10,210.14,1,-1,-1,-1
654,58,1073.38,490.00,61.00,196.44,1,-1,-1,-1
654,60,589.86,497.68,62.19,206.77,1,-1,-1,-1
654,61,507.67,452.94,65.67,173.34,1,-1,-1,-1
655,1,425.95,493.66,95.87,240.89,1,-1,-1,-1
655,9,1197.30,498.16,93.55,216.84,1,-1,-1,-1
655,13,849.57,538.46,101.42,232.63,1,-1,-1,-1
655,20,1067.14,425.33,61.82,185.27,1,-1,-1,-1
655,23,618.74,431.25,64.54,179.57,1,-1,-1,-1
655,26,1404.21,580.27,132.82,193.09,1,-1,-1,-1
655,28,616.23,431.00,65.85,180.16,1,-1,-1,-1
655,39,981.93,434.09,73.12,201.91,1,-1,-1,-1
655,41,843.20,463.65,101.54,223.83,1,-1,-1,-1
655,47,1255.98,463.36,52.22,161.68,1,-1,-1,-1
655,48,879.00,429.65,67.92,166.05,1,-1,-1,-1
655,50,765.55,425.88,70.61,202.44,1,-1,-1,-1
655,53,1075.24,492.31,60.74,191.58,1,-1,-1,-1
655,56,284.85,573.09,111.28,209.91,1,-1,-1,-1
655,58,1074.19,490.37,60.41,195.62,1,-1,-1,-1
655,60,588.98,498.96,62.75,205.75,1,-1,-1,-1
655,61,507.57,452.24,70.58,175.81,1,-1,-1,-1
656,1,424.89,494.71,97.55,240.34,1,-1,-1,-1
656,9,1196.50,494.42,100.99,220.77,1,-1,-1,-1
656,13,846.95,537.89,100.31,232.83,1,-1,-1,-1
656,20,1067.14,425.33,61.82,185.27,1,-1,-1,-1
656,23,617.17,430.71,66.40,179.96,1,-1,-1,-1
656,26,1404.42,581.22,133.20,192.04,1,-1,-1,-1
656,28,611.06,429.45,70.58,183.17,1,-1,-1,-1
656,39,980.72,436.50,74.07,200.00,1,-1,-1,-1
656,41,844.83,463.95,97.95,218.56,1,-1,-1,-1
656,47,1255.50,464.12,52.90,160.94,1,-1,-1,-1
656,48,879.17,430.39,67.36,165.86,1,-1,-1,-1
656,50,762.23,425.66,74.19,203.19,1,-1,-1,-1
656,53,1075.51,493.37,60.42,191.44,1,-1,-1,-1
656,56,284.73,573.41,113.44,210.12,1,-1,-1,-1
656,58,1074.11,489.25,60.64,197.10,1,-1,-1,-1
656,60,586.82,496.83,67.65,208.43,1,-1,-1,-1
656,61,506.11,454.12,69.78,173.79,1,-1,-1,-1
657,1,423.21,494.50,101.83,240.81,1,-1,-1,-1
657,9,1194.74,491.17,102.38,224.01,1,-1,-1,-1
657,13,843.63,537.60,98.11,233.20,1,-1,-1,-1
657,20,1070.03,428.22,65.70,192.70,1,-1,-1,-1
657,23,617.03,430.48,66.89,181.08,1,-1,-1,-1
657,26,1404.17,581.41,134.06,191.66,1,-1,-1,-1
657,28,609.29,429.15,73.56,185.80,1,-1,-1,-1
657,39,981.48,436.54,73.42,199.15,1,-1,-1,-1
657,41,843.34,464.26,97.91,214.35,1,-1,-1,-1
657,47,1255.49,464.43,53.28,160.72,1,-1,-1,-1
657,48,878.57,430.65,69.30,165.91,1,-1,-1,-1
657,50,762.80,425.29,74.28,202.87,1,-1,-1,-1
657,53,1075.65,495.35,60.11,188.42,1,-1,-1,-1
657,56,284.46,573.35,114.10,210.14,1,-1,-1,-1
657,58,1074.22,493.64,60.59,192.28,1,-1,-1,-1
657,60,588.46,495.46,67.02,209.71,1,-1,-1,-1
657,61,505.53,453.86,69.45,174.62,1,-1,-1,-1
658,1,424.29,493.98,101.97,241.29,1,-1,-1,-1
658,9,1194.67,489.53,103.63,225.25,1,-1,-1,-1
658,13,838.89,535.20,94.85,236.12,1,-1,-1,-1
658,20,1070.03,428.22,65.70,192.70,1,-1,-1,-1
658,23,617.88,430.24,66.36,181.81,1,-1,-1,-1
658,26,1404.16,581.84,133.97,191.10,1,-1,-1,-1
658,28,612.10,429.52,70.28,183.49,1,-1,-1,-1
658,39,981.79,436.20,73.39,198.87,1,-1,-1,-1
658,41,841.24,465.08,97.46,210.01,1,-1,-1,-1
658,47,1254.33,464.41,54.00,161.31,1,-1,-1,-1
658,48,878.50,430.80,69.61,168.00,1,-1,-1,-1
658,50,761.48,424.80,76.02,203.05,1,-1,-1,-1
658,53,1075.61,494.61,60.09,189.01,1,-1,-1,-1
658,56,284.70,573.17,114.13,210.50,1,-1,-1,-1
658,58,1074.32,493.71,60.37,191.61,1,-1,-1,-1
658,60,588.41,496.60,66.02,208.86,1,-1,-1,-1
658,61,504.12,454.31,69.07,174.27,1,-1,-1,-1
659,1,424.21,493.85,102.91,241.33,1,-1,-1,-1
659,9,1194.59,489.62,103.56,225.12,1,-1,-1,-1
659,13,841.08,532.45,91.00,238.74,1,-1,-1,-1
659,20,1070.03,428.22,65.70,192.70,1,-1,-1,-1
659,23,618.06,430.19,66.15,182.03,1,-1,-1,-1
659,26,1403.99,580.15,134.09,192.86,1,-1,-1,-1
659,28,609.50,429.11,73.93,187.18,1,-1,-1,-1
659,39,981.92,435.96,73.29,199.18,1,-1,-1,-1
659,41,841.31,464.21,96.39,216.36,1,-1,-1,-1
659,47,1254.01,464.15,54.27,161.76,1,-1,-1,-1
659,48,878.26,430.34,69.42,169.21,1,-1,-1,-1
659,50,762.83,424.01,75.39,204.09,1,-1,-1,-1
659,53,1075.75,493.96,59.59,189.56,1,-1,-1,-1
659,56,285.02,572.92,113.46,209.82,1,-1,-1,-1
659,58,1074.44,492.80,59.87,192.43,1,-1,-1,-1
659,60,587.81,495.72,68.41,209.28,1,-1,-1,-1
659,61,503.17,454.84,70.03,173.86,1,-1,-1,-1
660,1,425.94,493.65,103.34,241.21,1,-1,-1,-1
660,9,1194.87,489.04,102.52,225.60,1,-1,-1,-1
660,13,829.30,531.44,103.68,239.05,1,-1,-1,-1
660,20,1073.09,426.50,63.11,170.34,1,-1,-1,-1
660,23,618.34,430.19,65.84,178.46,1,-1,-1,-1
660,26,1403.95,581.10,134.16,191.91,1,-1,-1,-1
660,28,608.66,429.51,73.44,181.01,1,-1,-1,-1
660,39,981.86,436.09,73.55,198.59,1,-1,-1,-1
660,41,834.25,462.79,103.12,226.23,1,-1,-1,-1
660,47,1252.92,463.90,55.42,162.53,1,-1,-1,-1
660,48,876.32,430.44,70.15,166.97,1,-1,-1,-1
660,50,763.59,423.87,76.19,204.76,1,-1,-1,-1
660,53,1076.00,494.56,59.77,189.28,1,-1,-1,-1
660,56,284.84,572.42,112.40,210.48,1,-1,-1,-1
660,58,1074.84,493.69,59.73,191.73,1,-1,-1,-1
660,60,589.34,495.88,63.26,208.09,1,-1,-1,-1
660,61,501.66,455.01,71.14,175.91,1,-1,-1,-1
661,1,425.82,493.05,104.64,241.47,1,-1,-1,-1
661,9,1194.44,489.42,102.39,225.71,1,-1,-1,-1
661,13,801.53,482.98,134.40,287.88,1,-1,-1,-1
661,20,1073.42,426.00,62.96,168.95,1,-1,-1,-1
661,23,618.35,430.15,65.76,178.35,1,-1,-1,-1
661,26,1404.12,581.53,134.09,191.46,1,-1,-1,-1
661,28,607.64,429.51,74.03,180.48,1,-1,-1,-1
661,39,980.73,435.91,75.25,198.75,1,-1,-1,-1
661,41,834.25,462.79,103.12,226.23,1,-1,-1,-1
661,47,1252.49,463.73,55.67,163.04,1,-1,-1,-1
661,48,874.78,430.05,71.58,170.80,1,-1,-1,-1
661,50,763.12,424.30,76.96,204.02,1,-1,-1,-1
661,53,1075.78,494.75,59.73,188.60,1,-1,-1,-1
661,56,284.95,572.27,112.31,210.52,1,-1,-1,-1
661,58,1074.73,493.91,59.89,191.43,1,-1,-1,-1
661,60,589.38,495.90,63.06,207.38,1,-1,-1,-1
661,61,501.20,454.33,71.39,177.46,1,-1,-1,-1
662,1,426.04,493.06,105.37,241.88,1,-1,-1,-1
662,9,1194.93,489.73,99.63,226.11,1,-1,-1,-1
662,10,500.59,452.83,73.50,177.75,1,-1,-1,-1
662,13,837.37,527.43,96.40,244.56,1,-1,-1,-1
662,20,1073.37,426.61,62.30,163.87,1,-1,-1,-1
662,23,617.56,430.06,66.70,178.86,1,-1,-1,-1
662,26,1403.93,581.35,134.07,191.60,1,-1,-1,-1
662,28,604.80,429.38,76.99,181.35,1,-1,-1,-1
662,39,979.84,435.76,76.16,199.52,1,-1,-1,-1
662,41,838.40,462.49,101.56,268.60,1,-1,-1,-1
662,47,1252.19,463.89,56.19,163.04,1,-1,-1,-1
662,48,877.44,429.40,69.58,171.77,1,-1,-1,-1
662,50,760.09,424.24,79.20,204.79,1,-1,-1,-1
662,53,1075.10,496.57,60.14,187.33,1,-1,-1,-1
662,56,284.73,572.22,112.95,210.37,1,-1,-1,-1
662,58,1074.19,496.20,60.02,189.66,1,-1,-1,-1
662,60,589.81,497.59,62.38,205.46,1,-1,-1,-1
662,61,498.86,455.00,73.31,176.36,1,-1,-1,-1
663,1,426.19,493.40,104.99,241.22,1,-1,-1,-1
663,9,1194.50,489.84,100.19,226.19,1,-1,-1,-1
663,10,499.37,452.37,75.03,178.81,1,-1,-1,-1
663,13,837.04,531.12,96.94,240.73,1,-1,-1,-1
663,20,1073.43,426.16,62.56,165.72,1,-1,-1,-1
663,23,616.96,429.93,67.41,179.82,1,-1,-1,-1
663,26,1403.78,580.68,134.21,192.54,1,-1,-1,-1
663,28,603.06,429.12,78.92,183.57,1,-1,-1,-1
663,39,979.70,435.62,76.44,200.02,1,-1,-1,-1
663,41,836.10,463.44,103.57,267.73,1,-1,-1,-1
663,47,1252.07,464.05,56.37,163.18,1,-1,-1,-1
663,48,877.02,429.12,69.90,172.71,1,-1,-1,-1
663,50,755.11,424.37,84.29,204.90,1,-1,-1,-1
663,53,1075.28,496.95,60.42,187.24,1,-1,-1,-1
663,56,284.61,571.95,113.18,210.53,1,-1,-1,-1
663,58,1074.49,496.49,60.35,189.27,1,-1,-1,-1
663,60,589.28,498.32,63.05,205.02,1,-1,-1,-1
663,61,498.51,454.81,73.58,177.22,1,-1,-1,-1
664,1,425.33,493.74,107.84,241.02,1,-1,-1,-1
664,9,1194.89,490.01,100.00,225.73,1,-1,-1,-1
664,10,499.37,452.37,75.03,178.81,1,-1,-1,-1
664,13,835.64,531.75,97.94,239.59,1,-1,-1,-1
664,20,1069.70,425.83,63.89,184.04,1,-1,-1,-1
664,23,616.27,429.49,68.15,181.31,1,-1,-1,-1
664,26,1403.73,579.77,134.17,193.32,1,-1,-1,-1
664,28,602.97,429.07,79.01,185.27,1,-1,-1,-1
664,39,979.20,435.23,77.04,200.36,1,-1,-1,-1
664,41,832.84,463.76,106.59,258.20,1,-1,-1,-1
664,47,1252.03,463.96,56.54,163.18,1,-1,-1,-1
664,48,877.01,428.61,70.34,172.02,1,-1,-1,-1
664,50,752.85,424.00,86.06,204.98,1,-1,-1,-1
664,53,1075.32,497.15,60.17,187.72,1,-1,-1,-1
664,56,284.63,571.78,113.49,210.95,1,-1,-1,-1
664,58,1074.42,496.65,60.17,189.59,1,-1,-1,-1
664,60,588.86,499.82,63.45,203.25,1,-1,-1,-1
664,61,495.03,452.81,78.74,178.31,1,-1,-1,-1
665,1,425.37,493.61,108.10,241.43,1,-1,-1,-1
665,9,1194.21,490.42,102.18,225.11,1,-1,-1,-1
665,10,499.37,452.37,75.03,178.81,1,-1,-1,-1
665,13,838.98,535.38,92.53,236.09,1,-1,-1,-1
665,20,1069.92,426.03,63.76,183.46,1,-1,-1,-1
665,23,615.12,429.35,69.08,179.84,1,-1,-1,-1
665,26,1403.64,579.05,134.09,194.22,1,-1,-1,-1
665,28,601.12,429.24,80.27,182.44,1,-1,-1,-1
665,39,979.64,435.55,76.52,200.14,1,-1,-1,-1
665,41,834.78,463.25,104.54,256.78,1,-1,-1,-1
665,47,1251.97,464.03,56.46,163.47,1,-1,-1,-1
665,48,878.10,428.29,69.29,172.92,1,-1,-1,-1
665,50,752.66,423.48,86.45,205.42,1,-1,-1,-1
665,53,1075.41,496.73,60.21,187.84,1,-1,-1,-1
665,56,284.75,571.97,113.51,211.30,1,-1,-1,-1
665,58,1074.44,496.02,60.25,190.26,1,-1,-1,-1
665,60,589.00,501.13,63.68,201.74,1,-1,-1,-1
665,61,492.64,452.08,80.79,178.31,1,-1,-1,-1
666,1,425.19,492.93,109.97,242.29,1,-1,-1,-1
666,9,1192.58,490.47,100.42,224.16,1,-1,-1,-1
666,10,504.87,456.79,65.86,175.45,1,-1,-1,-1
666,13,838.98,535.38,92.53,236.09,1,-1,-1,-1
666,20,1070.37,425.58,63.69,183.21,1,-1,-1,-1
666,23,615.97,429.31,68.31,179.60,1,-1,-1,-1
666,26,1403.74,578.99,133.76,193.89,1,-1,-1,-1
666,28,606.60,429.53,74.80,179.65,1,-1,-1,-1
666,39,979.88,435.69,76.02,199.61,1,-1,-1,-1
666,41,833.84,461.48,103.16,299.42,1,-1,-1,-1
666,47,1252.32,464.35,55.69,162.32,1,-1,-1,-1
666,48,876.81,427.78,69.93,174.08,1,-1,-1,-1
666,50,751.77,423.73,86.69,205.24,1,-1,-1,-1
666,53,1075.41,496.73,60.21,187.84,1,-1,-1,-1
666,56,284.42,571.75,113.95,211.73,1,-1,-1,-1
666,58,1074.91,495.42,60.30,190.62,1,-1,-1,-1
666,60,589.06,499.65,63.90,203.43,1,-1,-1,-1
666,61,492.64,452.08,80.79,178.31,1,-1,-1,-1
667,1,425.05,493.69,106.98,242.26,1,-1,-1,-1
667,9,1192.72,491.07,101.20,224.05,1,-1,-1,-1
667,10,510.49,459.90,59.43,169.69,1,-1,-1,-1
667,13,838.98,535.38,92.53,236.09,1,-1,-1,-1
667,20,1070.30,425.69,63.91,181.79,1,-1,-1,-1
667,23,616.92,429.58,67.35,178.65,1,-1,-1,-1
667,26,1403.96,579.06,133.49,193.47,1,-1,-1,-1
667,28,609.63,429.67,71.97,178.67,1,-1,-1,-1
667,39,979.75,435.86,76.04,200.28,1,-1,-1,-1
667,41,823.10,465.41,113.41,303.77,1,-1,-1,-1
667,47,1252.65,463.62,55.74,163.85,1,-1,-1,-1
667,48,876.12,427.36,70.78,175.79,1,-1,-1,-1
667,50,752.53,423.41,87.73,205.67,1,-1,-1,-1
667,53,1075.41,496.73,60.21,187.84,1,-1,-1,-1
667,56,284.31,571.63,114.06,212.18,1,-1,-1,-1
667,58,1074.73,495.14,60.61,191.01,1,-1,-1,-1
667,60,588.37,499.45,63.85,204.11,1,-1,-1,-1
667,61,492.64,452.08,80.79,178.31,1,-1,-1,-1
667,62,1073.68,425.03,62.86,167.82,1,-1,-1,-1
668,1,424.71,495.32,108.29,241.08,1,-1,-1,-1
668,9,1191.43,491.86,107.55,223.70,1,-1,-1,-1
668,10,502.04,458.87,64.72,169.92,1,-1,-1,-1
668,13,844.41,521.23,87.88,250.58,1,-1,-1,-1
668,20,1070.30,425.69,63.91,181.79,1,-1,-1,-1
668,23,617.15,429.63,66.85,178.71,1,-1,-1,-1
668,26,1404.00,579.27,133.26,193.09,1,-1,-1,-1
668,28,611.93,430.04,69.57,177.94,1,-1,-1,-1
668,39,978.84,436.04,77.05,200.31,1,-1,-1,-1
668,41,823.10,465.41,113.41,303.77,1,-1,-1,-1
668,47,1252.23,462.07,56.20,164.42,1,-1,-1,-1
668,48,875.99,428.66,68.95,174.37,1,-1,-1,-1
668,50,749.47,423.63,88.24,206.11,1,-1,-1,-1
668,53,1075.41,496.73,60.21,187.84,1,-1,-1,-1
668,56,283.96,570.86,113.92,213.06,1,-1,-1,-1
668,58,1074.69,494.56,60.76,191.93,1,-1,-1,-1
668,60,588.09,499.32,63.75,204.29,1,-1,-1,-1
668,61,492.64,452.08,80.79,178.31,1,-1,-1,-1
668,62,1073.56,425.18,63.20,165.89,1,-1,-1,-1
669,1,424.57,496.11,118.60,239.74,1,-1,-1,-1
669,9,1191.39,491.95,103.64,223.21,1,-1,-1,-1
669,10,502.04,458.87,64.72,169.92,1,-1,-1,-1
669,13,843.65,531.27,87.75,240.41,1,-1,-1,-1
669,20,1070.00,425.71,64.47,180.07,1,-1,-1,-1
669,23,616.14,429.61,67.81,178.29,1,-1,-1,-1
669,26,1403.82,579.06,133.53,193.34,1,-1,-1,-1
669,28,608.02,429.96,73.39,178.50,1,-1,-1,-1
669,39,978.08,435.78,78.08,200.27,1,-1,-1,-1
669,41,831.15,462.22,104.03,263.15,1,-1,-1,-1
669,47,1252.49,461.41,55.87,165.40,1,-1,-1,-1
669,48,875.45,428.96,69.09,172.46,1,-1,-1,-1
669,50,747.59,424.44,89.00,206.04,1,-1,-1,-1
669,53,1075.41,496.73,60.21,187.84,1,-1,-1,-1
669,56,283.60,571.32,113.34,212.60,1,-1,-1,-1
669,58,1075.05,494.19,60.94,192.51,1,-1,-1,-1
669,60,588.59,501.29,63.59,202.20,1,-1,-1,-1
669,61,489.98,458.74,74.73,167.72,1,-1,-1,-1
669,62,1073.46,425.14,63.43,167.17,1,-1,-1,-1
670,1,424.35,494.85,121.00,240.62,1,-1,-1,-1
670,9,1189.86,491.67,95.77,224.24,1,-1,-1,-1
670,10,494.84,461.34,66.89,168.89,1,-1,-1,-1
670,13,848.11,533.57,81.27,238.16,1,-1,-1,-1
670,20,1069.36,425.30,64.13,176.97,1,-1,-1,-1
670,23,615.34,429.76,69.36,177.59,1,-1,-1,-1
670,26,1403.93,579.07,133.48,193.41,1,-1,-1,-1
670,28,606.39,430.21,75.87,177.53,1,-1,-1,-1
670,39,979.07,436.09,76.44,200.06,1,-1,-1,-1
670,41,838.99,462.59,96.05,239.53,1,-1,-1,-1
670,47,1253.17,462.48,55.60,166.12,1,-1,-1,-1
670,48,876.94,429.98,67.70,169.42,1,-1,-1,-1
670,50,745.95,426.28,90.10,203.92,1,-1,-1,-1
670,53,1075.55,496.41,58.62,189.16,1,-1,-1,-1
670,56,282.40,571.12,112.53,212.43,1,-1,-1,-1
670,58,1076.83,496.72,59.16,190.19,1,-1,-1,-1
670,60,587.19,501.71,65.23,202.16,1,-1,-1,-1
670,61,489.98,458.74,74.73,167.72,1,-1,-1,-1
670,62,1072.61,424.92,64.14,164.92,1,-1,-1,-1
671,1,425.15,493.10,121.56,242.03,1,-1,-1,-1
671,9,1189.76,491.53,96.64,224.35,1,-1,-1,-1
671,10,495.26,460.83,66.47,172.18,1,-1,-1,-1
671,13,848.77,534.00,77.95,237.98,1,-1,-1,-1
671,20,1069.25,425.41,60.91,178.76,1,-1,-1,-1
671,23,614.71,430.73,70.06,176.99,1,-1,-1,-1
671,26,1403.72,580.65,133.59,192.48,1,-1,-1,-1
671,28,611.01,431.64,71.96,175.81,1,-1,-1,-1
671,39,980.30,436.02,75.06,198.41,1,-1,-1,-1
671,41,840.90,467.99,93.17,230.49,1,-1,-1,-1
671,47,1253.78,464.78,53.70,165.38,1,-1,-1,-1
671,48,877.37,431.01,67.74,168.35,1,-1,-1,-1
671,50,744.20,428.47,89.95,201.54,1,-1,-1,-1
671,53,1075.55,496.41,58.62,189.16,1,-1,-1,-1
671,56,281.55,570.62,111.29,213.28,1,-1,-1,-1
671,58,1077.12,495.07,58.96,190.82,1,-1,-1,-1
671,60,585.18,497.48,66.47,206.42,1,-1,-1,-1
671,61,489.98,458.74,74.73,167.72,1,-1,-1,-1
671,62,1072.61,424.92,64.14,164.92,1,-1,-1,-1
672,1,424.18,494.61,107.68,241.80,1,-1,-1,-1
672,9,1187.27,494.77,99.28,221.20,1,-1,-1,-1
672,10,500.22,463.39,63.15,166.20,1,-1,-1,-1
672,13,846.84,540.89,79.23,231.91,1,-1,-1,-1
672,20,1069.61,425.83,62.28,184.43,1,-1,-1,-1
672,23,610.46,433.58,74.03,177.35,1,-1,-1,-1
672,26,1404.41,581.29,132.83,192.06,1,-1,-1,-1
672,28,608.46,433.90,75.19,177.66,1,-1,-1,-1
672,39,979.20,436.00,75.56,199.13,1,-1,-1,-1
672,41,829.91,468.02,104.36,226.55,1,-1,-1,-1
672,47,1252.66,467.68,55.53,161.03,1,-1,-1,-1
672,48,876.82,432.07,70.34,166.56,1,-1,-1,-1
672,50,741.09,431.03,92.09,199.61,1,-1,-1,-1
672,53,1075.55,496.41,58.62,189.16,1,-1,-1,-1
672,56,278.56,571.29,109.04,213.23,1,-1,-1,-1
672,58,1073.67,501.51,63.02,186.08,1,-1,-1,-1
672,60,577.35,493.00,74.49,211.57,1,-1,-1,-1
672,61,489.98,458.74,74.73,167.72,1,-1,-1,-1
672,62,1072.61,424.92,64.14,164.92,1,-1,-1,-1
673,1,424.22,495.29,109.75,239.29,1,-1,-1,-1
673,9,1184.60,495.91,105.96,220.19,1,-1,-1,-1
673,10,501.52,463.90,63.00,165.41,1,-1,-1,-1
673,13,845.84,542.13,80.21,230.61,1,-1,-1,-1
673,20,1069.15,427.12,60.02,175.64,1,-1,-1,-1
673,23,609.25,435.83,74.57,174.14,1,-1,-1,-1
673,26,1404.24,583.04,133.14,190.68,1,-1,-1,-1
673,28,610.23,435.42,73.58,173.39,1,-1,-1,-1
673,39,978.92,436.67,76.01,198.40,1,-1,-1,-1
673,41,822.06,470.28,116.56,215.93,1,-1,-1,-1
673,47,1252.24,468.62,56.98,160.26,1,-1,-1,-1
673,48,877.45,433.27,77.25,165.52,1,-1,-1,-1
673,50,742.99,431.97,89.12,198.67,1,-1,-1,-1
673,53,1075.55,496.41,58.62,189.16,1,-1,-1,-1
673,56,277.92,571.38,103.95,212.47,1,-1,-1,-1
673,58,1070.96,506.03,70.45,182.23,1,-1,-1,-1
673,60,569.07,493.26,81.64,211.47,1,-1,-1,-1
673,61,489.98,458.74,74.73,167.72,1,-1,-1,-1
673,62,1072.61,424.92,64.14,164.92,1,-1,-1,-1
674,1,424.36,495.38,101.63,233.38,1,-1,-1,-1
674,9,1186.34,498.21,93.93,219.92,1,-1,-1,-1
674,10,503.82,460.02,59.54,167.81,1,-1,-1,-1
674,13,838.43,542.96,87.67,229.15,1,-1,-1,-1
674,20,1063.55,424.04,66.86,180.65,1,-1,-1,-1
674,23,609.29,436.22,73.78,175.19,1,-1,-1,-1
674,26,1404.41,577.50,134.67,195.93,1,-1,-1,-1
674,28,610.75,434.64,72.98,174.79,1,-1,-1,-1
674,39,977.30,437.98,77.18,196.67,1,-1,-1,-1
674,41,833.00,475.60,110.30,218.11,1,-1,-1,-1
674,47,1249.13,466.10,62.16,164.00,1,-1,-1,-1
674,48,877.45,433.27,77.25,165.52,1,-1,-1,-1
674,50,752.59,433.09,80.16,197.01,1,-1,-1,-1
674,53,1075.55,496.41,58.62,189.16,1,-1,-1,-1
674,56,267.44,570.77,103.73,214.41,1,-1,-1,-1
674,58,1059.84,499.04,93.28,190.13,1,-1,-1,-1
674,60,558.58,498.44,92.48,206.34,1,-1,-1,-1
674,61,489.98,458.74,74.73,167.72,1,-1,-1,-1
674,62,1072.61,424.92,64.14,164.92,1,-1,-1,-1
675,1,424.04,497.03,101.17,230.63,1,-1,-1,-1
675,9,1186.25,499.89,95.56,218.80,1,-1,-1,-1
675,10,504.12,457.96,63.99,168.05,1,-1,-1,-1
675,13,833.16,541.18,92.75,230.49,1,-1,-1,-1
675,20,1060.26,419.59,72.04,182.87,1,-1,-1,-1
675,23,608.83,434.30,74.39,176.66,1,-1,-1,-1
675,25,860.79,431.58,81.46,191.90,1,-1,-1,-1
675,26,1405.10,574.19,132.83,199.27,1,-1,-1,-1
675,28,610.69,432.35,74.01,176.89,1,-1,-1,-1
675,39,975.01,435.37,80.23,200.63,1,-1,-1,-1
675,41,838.68,473.17,107.83,212.90,1,-1,-1,-1
675,47,1247.97,464.90,64.86,166.83,1,-1,-1,-1
675,48,877.45,433.27,77.25,165.52,1,-1,-1,-1
675,50,752.64,432.15,80.54,198.13,1,-1,-1,-1
675,53,1075.55,496.41,58.62,189.16,1,-1,-1,-1
675,56,258.94,570.30,105.81,215.19,1,-1,-1,-1
675,58,1055.71,498.29,99.14,191.12,1,-1,-1,-1
675,60,550.62,498.33,100.31,206.60,1,-1,-1,-1
675,62,1072.61,424.92,64.14,164.92,1,-1,-1,-1
676,1,410.68,495.65,136.52,230.30,1,-1,-1,-1
676,9,1185.37,499.89,90.83,219.18,1,-1,-1,-1
676,10,503.85,453.76,72.79,173.27,1,-1,-1,-1
676,13,826.93,535.09,97.93,233.73,1,-1,-1,-1
676,15,843.68,468.83,93.42,210.79,1,-1,-1,-1
676,20,1058.69,417.59,76.90,188.27,1,-1,-1,-1
676,23,606.49,425.18,78.55,184.30,1,-1,-1,-1
676,25,867.05,429.37,70.41,177.71,1,-1,-1,-1
676,26,1402.89,567.11,134.19,206.67,1,-1,-1,-1
676,28,610.69,432.35,74.01,176.89,1,-1,-1,-1
676,39,973.10,426.77,82.43,206.08,1,-1,-1,-1
676,41,838.68,473.17,107.83,212.90,1,-1,-1,-1
676,47,1242.31,462.04,72.09,166.96,1,-1,-1,-1
676,48,871.23,428.95,74.76,176.56,1,-1,-1,-1
676,50,741.69,429.91,99.18,197.77,1,-1,-1,-1
676,51,1241.58,462.91,75.57,168.25,1,-1,-1,-1
676,56,256.05,567.84,104.21,220.02,1,-1,-1,-1
676,58,1050.64,496.90,104.46,187.97,1,-1,-1,-1
676,60,537.08,492.48,113.76,208.28,1,-1,-1,-1
676,61,501.00,454.49,79.26,174.08,1,-1,-1,-1
676,62,1059.70,418.16,77.07,186.44,1,-1,-1,-1
677,1,401.44,499.75,139.38,226.05,1,-1,-1,-1
677,9,1183.79,499.01,87.97,220.77,1,-1,-1,-1
677,10,503.85,453.76,72.79,173.27,1,-1,-1,-1
677,13,824.28,531.82,101.14,235.47,1,-1,-1,-1
677,15,850.96,464.84,86.26,204.96,1,-1,-1,-1
677,20,1057.21,418.54,82.58,188.70,1,-1,-1,-1
677,23,602.40,423.98,86.24,183.57,1,-1,-1,-1
677,25,865.78,427.93,73.07,176.94,1,-1,-1,-1
677,26,1399.36,564.48,137.77,209.32,1,-1,-1,-1
677,28,610.69,432.35,74.01,176.89,1,-1,-1,-1
677,39,961.82,425.37,97.95,207.50,1,-1,-1,-1
677,41,838.68,473.17,107.83,212.90,1,-1,-1,-1
677,47,1241.07,460.49,73.01,166.91,1,-1,-1,-1
677,48,869.77,427.41,75.02,173.61,1,-1,-1,-1
677,50,723.57,430.67,126.51,197.98,1,-1,-1,-1
677,51,1239.62,460.58,75.89,167.76,1,-1,-1,-1
677,56,251.22,568.70,108.93,217.71,1,-1,-1,-1
677,58,1048.31,495.77,103.60,187.56,1,-1,-1,-1
677,60,532.50,492.07,122.02,207.67,1,-1,-1,-1
677,61,502.61,454.04,80.58,174.76,1,-1,-1,-1
677,62,1059.70,418.16,77.07,186.44,1,-1,-1,-1
678,1,381.85,508.91,156.76,217.79,1,-1,-1,-1
678,9,1166.13,498.43,108.15,221.32,1,-1,-1,-1
678,10,503.85,453.76,72.79,173.27,1,-1,-1,-1
678,13,819.81,530.01,113.12,235.85,1,-1,-1,-1
678,15,846.98,461.31,95.96,207.45,1,-1,-1,-1
678,20,1057.21,418.54,82.58,188.70,1,-1,-1,-1
678,23,594.85,421.36,102.52,185.58,1,-1,-1,-1
678,25,862.13,426.86,75.69,177.10,1,-1,-1,-1
678,26,1389.61,562.58,146.18,209.81,1,-1,-1,-1
678,28,610.69,432.35,74.01,176.89,1,-1,-1,-1
678,39,941.54,426.39,125.98,200.00,1,-1,-1,-1
678,41,838.01,460.68,104.79,207.04,1,-1,-1,-1
678,47,1236.66,457.48,75.39,171.50,1,-1,-1,-1
678,48,869.77,427.41,75.02,173.61,1,-1,-1,-1
678,50,716.11,435.00,133.51,194.42,1,-1,-1,-1
678,51,1239.62,460.58,75.89,167.76,1,-1,-1,-1
678,56,233.73,567.73,126.86,215.13,1,-1,-1,-1
678,58,1034.61,491.79,121.38,193.20,1,-1,-1,-1
678,60,519.71,496.97,132.32,201.72,1,-1,-1,-1
678,61,500.23,454.72,84.50,172.22,1,-1,-1,-1
678,62,1050.88,424.38,81.29,175.68,1,-1,-1,-1
679,1,377.48,516.16,158.92,212.91,1,-1,-1,-1
679,9,1158.83,500.19,115.84,219.56,1,-1,-1,-1
679,10,503.85,453.76,72.79,173.27,1,-1,-1,-1
679,13,807.15,530.31,131.30,235.69,1,-1,-1,-1
679,15,846.98,461.31,95.96,207.45,1,-1,-1,-1
679,20,1057.21,418.54,82.58,188.70,1,-1,-1,-1
679,23,591.01,422.40,109.21,184.95,1,-1,-1,-1
679,25,858.22,426.05,75.43,179.29,1,-1,-1,-1
679,26,1380.57,561.23,153.04,211.68,1,-1,-1,-1
679,28,610.69,432.35,74.01,176.89,1,-1,-1,-1
679,39,933.85,431.22,132.30,198.74,1,-1,-1,-1
679,41,830.43,460.46,113.01,202.26,1,-1,-1,-1
679,47,1232.82,459.19,77.95,171.56,1,-1,-1,-1
679,48,857.84,435.24,114.51,199.49,1,-1,-1,-1
679,50,715.67,444.96,138.33,185.40,1,-1,-1,-1
679,51,1239.62,460.58,75.89,167.76,1,-1,-1,-1
679,56,222.85,567.86,138.32,217.93,1,-1,-1,-1
679,58,1030.62,499.96,123.39,185.69,1,-1,-1,-1
679,60,516.71,501.24,133.44,200.42,1,-1,-1,-1
679,61,498.72,457.36,86.01,167.75,1,-1,-1,-1
679,62,1043.90,427.44,86.75,179.86,1,-1,-1,-1
680,1,374.56,525.89,158.09,203.87,1,-1,-1,-1
680,9,1143.25,506.20,129.97,217.97,1,-1,-1,-1
680,10,503.85,453.76,72.79,173.27,1,-1,-1,-1
680,13,792.92,535.30,152.02,233.71,1,-1,-1,-1
680,15,846.98,461.31,95.96,207.45,1,-1,-1,-1
680,20,1057.21,418.54,82.58,188.70,1,-1,-1,-1
680,23,584.83,423.68,113.73,183.31,1,-1,-1,-1
680,25,849.80,431.04,87.22,182.57,1,-1,-1,-1
680,26,1376.05,562.56,154.88,209.84,1,-1,-1,-1
680,28,610.69,432.35,74.01,176.89,1,-1,-1,-1
680,39,934.95,441.17,126.13,190.95,1,-1,-1,-1
680,41,810.51,464.54,133.00,213.69,1,-1,-1,-1
680,43,794.82,467.42,144.62,201.25,1,-1,-1,-1
680,47,1227.68,466.28,84.22,169.75,1,-1,-1,-1
680,48,857.84,435.24,114.51,199.49,1,-1,-1,-1
680,50,715.58,448.78,133.95,183.35,1,-1,-1,-1
680,51,1239.62,460.58,75.89,167.76,1,-1,-1,-1
680,56,214.96,570.70,147.97,218.87,1,-1,-1,-1
680,58,1024.32,507.79,130.30,178.51,1,-1,-1,-1
680,60,525.20,511.02,122.79,190.33,1,-1,-1,-1
680,61,487.41,462.03,98.30,164.70,1,-1,-1,-1
680,62,1035.19,444.11,106.41,192.01,1,-1,-1,-1
681,1,372.65,530.07,158.82,199.68,1,-1,-1,-1
681,9,1141.90,508.88,131.54,216.76,1,-1,-1,-1
681,10,503.85,453.76,72.79,173.27,1,-1,-1,-1
681,13,789.20,542.08,156.11,227.64,1,-1,-1,-1
681,15,846.98,461.31,95.96,207.45,1,-1,-1,-1
681,20,1057.21,418.54,82.58,188.70,1,-1,-1,-1
681,23,581.76,427.05,116.20,177.77,1,-1,-1,-1
681,25,848.74,433.54,93.02,190.27,1,-1,-1,-1
681,26,1374.94,563.42,156.91,210.11,1,-1,-1,-1
681,39,934.45,452.54,125.39,180.75,1,-1,-1,-1
681,41,808.25,468.69,139.93,206.25,1,-1,-1,-1
681,43,792.46,472.21,155.37,226.94,1,-1,-1,-1
681,47,1220.76,468.53,91.31,165.64,1,-1,-1,-1
681,48,857.84,435.24,114.51,199.49,1,-1,-1,-1
681,50,715.03,452.11,123.73,176.64,1,-1,-1,-1
681,51,1239.62,460.58,75.89,167.76,1,-1,-1,-1
681,56,214.05,573.62,147.23,214.31,1,-1,-1,-1
681,58,1025.19,515.95,129.14,169.98,1,-1,-1,-1
681,60,522.85,513.40,124.67,188.64,1,-1,-1,-1
681,61,484.32,468.56,96.93,161.31,1,-1,-1,-1
681,62,1030.54,447.67,110.85,186.68,1,-1,-1,-1
682,1,371.76,530.76,158.98,199.58,1,-1,-1,-1
682,9,1141.27,515.59,132.48,209.52,1,-1,-1,-1
682,13,790.72,555.63,151.76,217.74,1,-1,-1,-1
682,15,846.98,461.31,95.96,207.45,1,-1,-1,-1
682,20,1057.21,418.54,82.58,188.70,1,-1,-1,-1
682,23,581.57,435.02,115.05,175.06,1,-1,-1,-1
682,25,852.68,432.14,81.03,186.86,1,-1,-1,-1
682,26,1375.71,566.32,155.87,207.89,1,-1,-1,-1
682,39,933.96,459.51,130.54,175.41,1,-1,-1,-1
682,41,802.14,481.52,130.23,200.55,1,-1,-1,-1
682,43,792.46,472.21,155.37,226.94,1,-1,-1,-1
682,47,1212.59,472.15,97.94,162.05,1,-1,-1,-1
682,48,857.84,435.24,114.51,199.49,1,-1,-1,-1
682,50,715.35,457.35,115.55,173.04,1,-1,-1,-1
682,51,1239.62,460.58,75.89,167.76,1,-1,-1,-1
682,56,213.09,579.28,145.43,209.56,1,-1,-1,-1
682,58,1025.87,520.72,127.77,166.51,1,-1,-1,-1
682,60,510.14,519.86,136.04,181.45,1,-1,-1,-1
682,61,480.98,477.69,98.26,173.13,1,-1,-1,-1
682,62,1035.67,449.42,103.96,184.54,1,-1,-1,-1
683,1,372.09,529.80,158.46,200.09,1,-1,-1,-1
683,9,1140.97,516.72,132.81,208.23,1,-1,-1,-1
683,13,789.84,558.23,151.55,216.59,1,-1,-1,-1
683,15,846.98,461.31,95.96,207.45,1,-1,-1,-1
683,23,583.00,437.04,113.71,173.71,1,-1,-1,-1
683,25,851.76,434.93,77.00,184.03,1,-1,-1,-1
683,26,1375.42,565.63,155.69,208.38,1,-1,-1,-1
683,39,932.82,462.19,134.14,172.81,1,-1,-1,-1
683,41,801.51,486.88,126.94,192.38,1,-1,-1,-1
683,43,792.46,472.21,155.37,226.94,1,-1,-1,-1
683,47,1211.18,474.78,99.71,159.75,1,-1,-1,-1
683,48,857.84,435.24,114.51,199.49,1,-1,-1,-1
683,50,716.27,459.47,114.74,171.11,1,-1,-1,-1
683,56,211.51,578.06,146.40,209.37,1,-1,-1,-1
683,58,1026.00,519.32,126.93,168.03,1,-1,-1,-1
683,60,503.31,522.51,143.69,180.25,1,-1,-1,-1
683,61,480.83,479.35,99.23,165.70,1,-1,-1,-1
683,62,1035.33,450.00,105.05,184.20,1,-1,-1,-1
684,1,371.23,531.82,157.96,198.31,1,-1,-1,-1
684,9,1141.28,516.62,132.35,208.58,1,-1,-1,-1
684,13,790.12,561.08,150.70,216.36,1,-1,-1,-1
684,23,582.76,441.99,113.15,170.38,1,-1,-1,-1
684,25,848.32,437.39,87.99,176.73,1,-1,-1,-1
684,26,1375.29,563.97,156.88,210.41,1,-1,-1,-1
684,39,932.58,460.13,133.17,174.24,1,-1,-1,-1
684,41,800.92,494.33,128.38,186.48,1,-1,-1,-1
684,43,792.46,472.21,155.37,226.94,1,-1,-1,-1
684,47,1212.63,476.14,97.53,159.18,1,-1,-1,-1
684,48,857.84,435.24,114.51,199.49,1,-1,-1,-1
684,50,715.79,457.57,111.10,173.22,1,-1,-1,-1
684,56,211.71,581.79,145.91,205.33,1,-1,-1,-1
684,58,1025.68,515.89,125.72,171.37,1,-1,-1,-1
684,60,501.96,525.86,145.80,179.83,1,-1,-1,-1
684,61,483.18,477.54,91.63,160.99,1,-1,-1,-1
684,62,1038.58,445.77,101.91,187.88,1,-1,-1,-1
685,1,370.62,531.78,159.66,197.90,1,-1,-1,-1
685,9,1140.84,516.40,132.67,208.46,1,-1,-1,-1
685,13,789.22,560.78,153.70,213.32,1,-1,-1,-1
685,23,581.23,444.92,114.38,166.70,1,-1,-1,-1
685,25,847.37,436.22,89.82,178.45,1,-1,-1,-1
685,26,1375.03,563.24,157.16,211.40,1,-1,-1,-1
685,39,932.90,456.41,132.44,177.72,1,-1,-1,-1
685,41,800.92,494.33,128.38,186.48,1,-1,-1,-1
685,43,792.46,472.21,155.37,226.94,1,-1,-1,-1
685,47,1213.25,476.16,96.95,158.45,1,-1,-1,-1
685,48,844.44,438.18,114.20,204.31,1,-1,-1,-1
685,50,716.27,457.01,108.50,173.09,1,-1,-1,-1
685,56,211.88,582.84,147.33,204.21,1,-1,-1,-1
685,58,1026.06,516.65,125.22,169.92,1,-1,-1,-1
685,60,502.61,521.63,144.80,182.90,1,-1,-1,-1
685,61,484.61,474.43,90.77,162.81,1,-1,-1,-1
685,62,1038.66,443.73,99.64,183.38,1,-1,-1,-1
686,1,371.87,531.51,157.46,197.64,1,-1,-1,-1
686,9,1139.83,516.91,133.33,207.43,1,-1,-1,-1
686,13,788.77,557.05,154.24,216.96,1,-1,-1,-1
686,23,579.20,446.91,116.02,164.14,1,-1,-1,-1
686,25,847.14,433.79,94.63,182.00,1,-1,-1,-1
686,26,1375.31,562.91,156.15,211.64,1,-1,-1,-1
686,39,932.75,449.79,133.39,183.89,1,-1,-1,-1
686,41,800.92,494.33,128.38,186.48,1,-1,-1,-1
686,43,792.46,472.21,155.37,226.94,1,-1,-1,-1
686,47,1218.17,476.03,91.35,158.65,1,-1,-1,-1
686,48,837.90,440.14,121.36,215.83,1,-1,-1,-1
686,50,716.85,454.27,110.69,175.45,1,-1,-1,-1
686,52,484.71,471.93,78.74,161.16,1,-1,-1,-1
686,56,213.46,585.42,146.55,201.83,1,-1,-1,-1
686,58,1025.97,513.09,123.55,172.89,1,-1,-1,-1
686,60,506.25,522.17,139.99,181.39,1,-1,-1,-1
686,61,484.62,472.68,89.81,162.86,1,-1,-1,-1
686,62,1031.56,440.67,106.65,184.15,1,-1,-1,-1
687,1,372.01,530.14,159.43,198.25,1,-1,-1,-1
687,9,1139.37,516.63,133.51,207.65,1,-1,-1,-1
687,13,786.73,563.33,155.46,210.98,1,-1,-1,-1
687,23,580.60,445.24,115.08,165.50,1,-1,-1,-1
687,25,847.50,433.21,96.12,184.35,1,-1,-1,-1
687,26,1375.10,563.16,156.26,211.14,1,-1,-1,-1
687,39,932.78,448.28,133.46,186.15,1,-1,-1,-1
687,41,800.92,494.33,128.38,186.48,1,-1,-1,-1
687,47,1218.91,476.12,92.37,159.13,1,-1,-1,-1
687,48,838.34,441.48,119.84,219.61,1,-1,-1,-1
687,50,715.66,451.17,114.38,179.44,1,-1,-1,-1
687,52,483.89,472.54,78.49,160.90,1,-1,-1,-1
687,56,213.39,585.71,146.50,201.21,1,-1,-1,-1
687,58,1025.35,511.39,124.62,175.04,1,-1,-1,-1
687,60,503.12,521.53,143.16,183.09,1,-1,-1,-1
687,61,484.23,472.61,85.97,162.75,1,-1,-1,-1
687,62,1026.35,439.70,112.52,189.81,1,-1,-1,-1
688,1,372.28,528.80,158.34,199.38,1,-1,-1,-1
688,9,1140.00,516.45,132.68,207.30,1,-1,-1,-1
688,13,787.97,558.99,155.58,215.12,1,-1,-1,-1
688,23,582.17,445.76,113.69,164.78,1,-1,-1,-1
688,25,845.45,431.99,98.55,184.29,1,-1,-1,-1
688,26,1375.43,562.58,155.49,211.82,1,-1,-1,-1
688,39,932.65,447.56,127.83,187.05,1,-1,-1,-1
688,41,800.92,494.33,128.38,186.48,1,-1,-1,-1
688,47,1216.76,475.95,95.45,159.23,1,-1,-1,-1
688,48,840.93,434.96,122.38,205.32,1,-1,-1,-1
688,50,715.22,452.43,117.38,178.63,1,-1,-1,-1
688,52,483.89,472.54,78.49,160.90,1,-1,-1,-1
688,56,213.39,587.14,146.51,199.12,1,-1,-1,-1
688,58,1024.20,512.00,126.36,174.95,1,-1,-1,-1
688,60,502.02,521.80,145.49,184.09,1,-1,-1,-1
688,61,482.84,471.84,85.91,165.83,1,-1,-1,-1
688,62,1023.75,438.62,112.47,189.05,1,-1,-1,-1
689,1,373.02,527.98,158.33,200.04,1,-1,-1,-1
689,9,1139.64,517.61,132.77,205.28,1,-1,-1,-1
689,13,788.38,558.04,154.94,215.93,1,-1,-1,-1
689,23,579.72,443.66,116.59,167.24,1,-1,-1,-1
689,25,845.45,431.99,98.55,184.29,1,-1,-1,-1
689,26,1374.44,562.12,156.41,212.10,1,-1,-1,-1
689,39,933.84,448.20,123.33,186.37,1,-1,-1,-1
689,41,800.92,494.33,128.38,186.48,1,-1,-1,-1
689,47,1214.95,475.49,97.45,159.50,1,-1,-1,-1
689,48,840.76,434.62,120.28,202.16,1,-1,-1,-1
689,50,715.42,454.75,116.74,176.13,1,-1,-1,-1
689,52,483.89,472.54,78.49,160.90,1,-1,-1,-1
689,56,212.99,586.05,146.49,200.54,1,-1,-1,-1
689,58,1024.14,512.24,125.60,175.21,1,-1,-1,-1
689,60,504.91,521.45,143.44,182.66,1,-1,-1,-1
689,61,483.07,471.17,85.53,166.46,1,-1,-1,-1
689,62,1020.87,438.88,114.20,187.82,1,-1,-1,-1
690,1,372.60,528.52,159.86,199.10,1,-1,-1,-1
690,9,1139.14,518.84,133.45,203.50,1,-1,-1,-1
690,13,787.90,557.54,154.81,217.18,1,-1,-1,-1
690,23,575.50,442.13,120.35,169.38,1,-1,-1,-1
690,25,845.64,430.39,98.01,188.35,1,-1,-1,-1
690,26,1374.92,561.98,155.94,212.41,1,-1,-1,-1
690,39,933.95,447.48,119.81,187.03,1,-1,-1,-1
690,41,811.47,488.53,121.59,183.98,1,-1,-1,-1
690,47,1211.48,476.25,101.63,159.28,1,-1,-1,-1
690,48,840.17,433.42,121.61,204.06,1,-1,-1,-1
690,50,714.74,457.37,119.17,174.75,1,-1,-1,-1
690,52,483.89,472.54,78.49,160.90,1,-1,-1,-1
690,56,212.38,585.82,146.80,200.51,1,-1,-1,-1
690,58,1022.30,506.07,127.77,182.10,1,-1,-1,-1
690,60,500.52,520.98,148.23,185.00,1,-1,-1,-1
690,61,483.53,473.51,95.36,167.72,1,-1,-1,-1
690,62,1019.26,437.95,116.91,194.99,1,-1,-1,-1
691,1,372.70,529.24,159.20,198.12,1,-1,-1,-1
691,9,1139.74,519.30,132.68,202.93,1,-1,-1,-1
691,13,788.51,556.31,154.24,218.69,1,-1,-1,-1
691,23,574.20,443.46,121.09,167.78,1,-1,-1,-1
691,25,846.10,430.75,96.86,183.51,1,-1,-1,-1
691,26,1375.89,562.66,155.02,211.62,1,-1,-1,-1
691,39,932.70,447.90,122.93,187.22,1,-1,-1,-1
691,41,808.80,487.39,119.68,186.45,1,-1,-1,-1
691,47,1209.08,477.19,103.29,159.42,1,-1,-1,-1
691,48,839.37,434.32,119.33,199.43,1,-1,-1,-1
691,50,714.61,458.83,116.15,173.47,1,-1,-1,-1
691,52,483.33,474.70,79.73,163.48,1,-1,-1,-1
691,56,211.88,586.17,147.01,200.12,1,-1,-1,-1
691,58,1020.19,511.25,129.93,176.93,1,-1,-1,-1
691,60,499.30,523.80,149.47,185.15,1,-1,-1,-1
691,61,483.55,475.99,93.28,164.81,1,-1,-1,-1
691,62,1017.80,439.12,117.86,196.37,1,-1,-1,-1
692,1,372.60,529.28,156.90,197.79,1,-1,-1,-1
692,9,1139.63,518.97,132.16,202.88,1,-1,-1,-1
692,13,788.29,559.32,156.45,216.36,1,-1,-1,-1
692,23,571.90,446.29,123.55,166.50,1,-1,-1,-1
692,25,846.10,430.75,96.86,183.51,1,-1,-1,-1
692,26,1374.71,562.13,156.37,212.56,1,-1,-1,-1
692,39,932.39,454.37,121.41,182.13,1,-1,-1,-1
692,41,804.70,485.33,114.77,196.66,1,-1,-1,-1
692,47,1206.37,477.76,107.02,158.30,1,-1,-1,-1
692,48,839.37,434.32,119.33,199.43,1,-1,-1,-1
692,50,715.00,459.08,108.52,172.62,1,-1,-1,-1
692,52,483.33,474.70,79.73,163.48,1,-1,-1,-1
692,56,211.01,587.66,148.76,199.15,1,-1,-1,-1
692,58,1019.16,516.19,128.13,172.52,1,-1,-1,-1
692,60,502.81,523.36,146.27,184.90,1,-1,-1,-1
692,61,483.55,475.99,93.28,164.81,1,-1,-1,-1
692,62,1023.19,440.90,111.45,201.59,1,-1,-1,-1
693,1,370.94,525.97,160.23,201.69,1,-1,-1,-1
693,9,1140.29,518.49,130.92,203.62,1,-1,-1,-1
693,13,788.88,561.29,156.00,213.67,1,-1,-1,-1
693,23,571.40,449.26,123.05,163.28,1,-1,-1,-1
693,25,840.98,437.40,113.67,203.23,1,-1,-1,-1
693,26,1374.89,562.24,156.26,211.91,1,-1,-1,-1
693,39,932.03,453.17,121.59,183.62,1,-1,-1,-1
693,41,803.50,488.70,116.00,195.39,1,-1,-1,-1
693,47,1207.43,478.59,105.61,157.62,1,-1,-1,-1
693,48,838.19,444.48,117.40,212.71,1,-1,-1,-1
693,50,714.19,461.26,108.87,171.40,1,-1,-1,-1
693,52,481.43,479.19,77.49,159.20,1,-1,-1,-1
693,56,211.15,588.15,148.44,198.11,1,-1,-1,-1
693,58,1019.91,517.52,126.74,171.35,1,-1,-1,-1
693,60,500.02,521.72,149.18,188.26,1,-1,-1,-1
693,61,483.55,475.99,93.28,164.81,1,-1,-1,-1
693,62,1025.78,441.51,108.50,203.65,1,-1,-1,-1
694,1,360.86,520.76,162.88,208.19,1,-1,-1,-1
694,9,1138.64,519.45,132.09,203.00,1,-1,-1,-1
694,13,788.41,566.60,156.55,207.84,1,-1,-1,-1
694,15,842.13,438.42,84.64,186.03,1,-1,-1,-1
694,23,569.40,451.78,126.52,160.90,1,-1,-1,-1
694,25,845.21,432.44,93.55,179.67,1,-1,-1,-1
694,26,1371.74,562.11,159.47,212.12,1,-1,-1,-1
694,39,930.89,451.35,117.48,184.82,1,-1,-1,-1
694,41,797.34,492.24,114.82,187.22,1,-1,-1,-1
694,43,834.85,443.07,121.53,211.06,1,-1,-1,-1
694,47,1204.73,478.01,108.44,158.24,1,-1,-1,-1
694,48,841.21,435.99,116.50,198.94,1,-1,-1,-1
694,50,710.95,462.34,110.05,169.71,1,-1,-1,-1
694,52,475.92,477.71,82.39,158.74,1,-1,-1,-1
694,56,211.03,584.89,147.67,200.40,1,-1,-1,-1
694,58,1010.54,518.65,138.65,169.79,1,-1,-1,-1
694,60,504.32,519.65,141.85,185.49,1,-1,-1,-1
694,61,473.56,478.44,98.28,161.71,1,-1,-1,-1
694,62,1020.33,442.54,116.65,208.79,1,-1,-1,-1
695,1,352.27,516.29,162.32,212.28,1,-1,-1,-1
695,9,1138.59,520.93,132.37,201.91,1,-1,-1,-1
695,13,788.53,562.35,155.42,212.02,1,-1,-1,-1
695,15,838.60,435.31,85.88,186.10,1,-1,-1,-1
695,23,569.49,454.16,126.46,157.29,1,-1,-1,-1
695,25,845.21,432.44,93.55,179.67,1,-1,-1,-1
695,26,1371.26,561.06,159.62,213.48,1,-1,-1,-1
695,39,928.31,448.43,122.34,187.27,1,-1,-1,-1
695,41,797.34,492.24,114.82,187.22,1,-1,-1,-1
695,43,834.85,443.07,121.53,211.06,1,-1,-1,-1
695,47,1204.21,476.35,108.57,160.54,1,-1,-1,-1
695,48,839.16,433.80,120.46,196.64,1,-1,-1,-1
695,50,702.89,460.47,126.07,171.21,1,-1,-1,-1
695,52,475.92,477.71,82.39,158.74,1,-1,-1,-1
695,56,202.83,580.55,154.94,204.72,1,-1,-1,-1
695,58,1014.31,511.25,135.18,175.13,1,-1,-1,-1
695,60,505.87,517.90,133.78,188.48,1,-1,-1,-1
695,61,461.39,475.99,104.81,163.41,1,-1,-1,-1
695,62,1025.40,444.33,116.37,219.97,1,-1,-1,-1
696,1,358.22,514.72,132.76,211.00,1,-1,-1,-1
696,9,1136.77,517.73,130.43,205.61,1,-1,-1,-1
696,13,787.16,555.89,155.26,217.82,1,-1,-1,-1
696,15,838.60,435.31,85.88,186.10,1,-1,-1,-1
696,23,570.97,453.67,125.33,157.66,1,-1,-1,-1
696,25,842.98,431.01,105.17,162.17,1,-1,-1,-1
696,26,1370.49,562.17,155.83,210.90,1,-1,-1,-1
696,39,929.68,444.63,124.90,192.02,1,-1,-1,-1
696,41,797.34,492.24,114.82,187.22,1,-1,-1,-1
696,43,834.85,443.07,121.53,211.06,1,-1,-1,-1
696,47,1204.82,471.19,109.47,163.86,1,-1,-1,-1
696,48,839.16,433.80,120.46,196.64,1,-1,-1,-1
696,50,710.12,462.28,124.79,170.09,1,-1,-1,-1
696,52,475.92,477.71,82.39,158.74,1,-1,-1,-1
696,56,199.85,572.01,152.94,211.93,1,-1,-1,-1
696,58,1022.96,494.46,110.11,189.43,1,-1,-1,-1
696,60,501.31,505.13,119.08,197.65,1,-1,-1,-1
696,61,438.03,467.22,123.16,168.24,1,-1,-1,-1
696,62,1031.11,445.10,107.35,220.94,1,-1,-1,-1
697,1,357.65,506.88,126.66,215.98,1,-1,-1,-1
697,9,1135.29,519.59,120.96,204.67,1,-1,-1,-1
697,13,787.34,557.31,144.25,217.05,1,-1,-1,-1
697,15,822.10,483.23,110.86,183.82,1,-1,-1,-1
697,23,572.28,452.79,123.15,158.98,1,-1,-1,-1
697,25,847.66,429.34,92.25,161.01,1,-1,-1,-1
697,26,1368.14,561.97,138.25,208.40,1,-1,-1,-1
697,39,930.19,443.10,117.32,193.85,1,-1,-1,-1
697,41,811.53,488.92,116.19,182.84,1,-1,-1,-1
697,43,834.85,443.07,121.53,211.06,1,-1,-1,-1
697,47,1206.85,466.79,103.99,165.80,1,-1,-1,-1
697,48,839.16,433.80,120.46,196.64,1,-1,-1,-1
697,50,714.40,461.76,119.62,171.14,1,-1,-1,-1
697,52,475.92,477.71,82.39,158.74,1,-1,-1,-1
697,56,208.58,566.14,132.08,217.88,1,-1,-1,-1
697,58,1027.14,494.58,99.41,190.42,1,-1,-1,-1
697,60,503.67,507.10,113.43,196.28,1,-1,-1,-1
697,61,440.89,463.09,120.92,168.73,1,-1,-1,-1
697,62,1034.06,444.96,112.88,203.30,1,-1,-1,-1
698,1,349.60,504.77,144.75,218.37,1,-1,-1,-1
698,9,1122.64,516.11,118.88,208.96,1,-1,-1,-1
698,13,786.48,552.12,122.93,219.66,1,-1,-1,-1
698,15,796.54,485.80,136.73,185.74,1,-1,-1,-1
698,23,573.93,448.04,122.40,163.15,1,-1,-1,-1
698,25,848.49,430.52,83.75,169.04,1,-1,-1,-1
698,26,1354.49,554.29,151.68,216.25,1,-1,-1,-1
698,39,936.72,439.26,93.70,195.21,1,-1,-1,-1
698,41,805.89,485.27,125.68,185.85,1,-1,-1,-1
698,43,834.85,443.07,121.53,211.06,1,-1,-1,-1
698,47,1205.67,462.42,90.11,168.04,1,-1,-1,-1
698,48,839.16,433.80,120.46,196.64,1,-1,-1,-1
698,50,715.17,462.46,117.41,171.65,1,-1,-1,-1
698,52,475.92,477.71,82.39,158.74,1,-1,-1,-1
698,56,210.95,558.65,131.04,224.49,1,-1,-1,-1
698,58,1034.48,494.85,91.41,190.98,1,-1,-1,-1
698,60,517.61,482.15,95.68,221.72,1,-1,-1,-1
698,61,440.89,463.09,120.92,168.73,1,-1,-1,-1
698,62,1033.02,442.70,101.02,194.87,1,-1,-1,-1
699,1,338.87,505.22,162.53,218.69,1,-1,-1,-1
699,9,1118.08,515.26,118.41,207.91,1,-1,-1,-1
699,13,787.24,545.59,126.37,223.02,1,-1,-1,-1
699,15,796.54,485.80,136.73,185.74,1,-1,-1,-1
699,20,1034.89,437.32,94.40,178.70,1,-1,-1,-1
699,23,572.75,443.54,121.62,166.25,1,-1,-1,-1
699,25,848.49,430.52,83.75,169.04,1,-1,-1,-1
699,26,1357.53,550.59,147.89,215.26,1,-1,-1,-1
699,39,936.94,439.40,87.76,192.64,1,-1,-1,-1
699,41,800.81,482.13,112.67,191.10,1,-1,-1,-1
699,43,834.85,443.07,121.53,211.06,1,-1,-1,-1
699,47,1209.28,458.55,84.23,169.08,1,-1,-1,-1
699,48,839.16,433.80,120.46,196.64,1,-1,-1,-1
699,50,716.10,461.12,111.92,171.17,1,-1,-1,-1
699,52,466.99,455.16,90.11,177.78,1,-1,-1,-1
699,56,215.33,555.29,132.12,226.88,1,-1,-1,-1
699,58,1033.83,500.60,89.89,186.12,1,-1,-1,-1
699,60,531.52,481.79,75.66,223.03,1,-1,-1,-1
699,61,440.89,463.09,120.92,168.73,1,-1,-1,-1
699,62,1031.09,439.31,96.16,193.24,1,-1,-1,-1
700,1,328.56,506.23,167.05,216.66,1,-1,-1,-1
700,9,1127.81,512.44,110.18,203.89,1,-1,-1,-1
700,13,796.01,541.49,126.33,222.54,1,-1,-1,-1
700,15,804.14,481.24,123.19,176.69,1,-1,-1,-1
700,20,1039.32,434.19,85.84,163.86,1,-1,-1,-1
700,23,572.74,436.33,111.08,170.08,1,-1,-1,-1
700,25,848.49,430.52,83.75,169.04,1,-1,-1,-1
700,26,1366.94,554.29,134.50,213.50,1,-1,-1,-1
700,39,945.41,441.88,76.94,182.39,1,-1,-1,-1
700,41,807.43,479.91,106.87,178.07,1,-1,-1,-1
700,47,1206.46,457.45,98.05,170.20,1,-1,-1,-1
700,48,839.16,433.80,120.46,196.64,1,-1,-1,-1
700,50,715.95,455.45,115.29,173.19,1,-1,-1,-1
700,52,467.59,448.06,90.98,182.50,1,-1,-1,-1
700,56,218.09,553.81,143.33,224.41,1,-1,-1,-1
700,58,1032.59,503.92,98.55,180.70,1,-1,-1,-1
700,60,536.33,516.85,71.63,190.92,1,-1,-1,-1
700,61,440.89,463.09,120.92,168.73,1,-1,-1,-1
700,62,1031.09,439.31,96.16,193.24,1,-1,-1,-1
701,1,325.60,502.76,165.43,217.24,1,-1,-1,-1
701,9,1146.03,514.67,95.20,200.32,1,-1,-1,-1
701,13,800.94,543.44,124.37,220.02,1,-1,-1,-1
701,15,794.53,477.30,140.32,169.53,1,-1,-1,-1
701,20,1039.92,430.15,84.55,161.09,1,-1,-1,-1
701,23,575.40,433.45,100.81,169.79,1,-1,-1,-1
701,25,851.26,432.47,79.02,141.27,1,-1,-1,-1
701,26,1366.05,561.75,130.33,205.14,1,-1,-1,-1
701,39,949.27,443.23,73.62,181.93,1,-1,-1,-1
701,41,803.84,478.83,113.82,169.94,1,-1,-1,-1
701,47,1202.78,465.11,79.23,155.99,1,-1,-1,-1
701,50,714.28,451.53,116.59,177.05,1,-1,-1,-1
701,51,1207.57,460.49,107.57,166.37,1,-1,-1,-1
701,52,475.16,449.54,107.50,178.41,1,-1,-1,-1
701,56,221.88,556.16,135.17,220.04,1,-1,-1,-1
701,58,1030.35,505.98,104.06,177.75,1,-1,-1,-1
701,60,537.75,519.42,76.96,184.98,1,-1,-1,-1
701,61,440.89,463.09,120.92,168.73,1,-1,-1,-1
701,62,1031.09,439.31,96.16,193.24,1,-1,-1,-1
702,1,405.97,503.79,85.30,220.29,1,-1,-1,-1
702,9,1149.04,515.38,108.90,205.25,1,-1,-1,-1
702,13,808.69,545.58,107.77,216.98,1,-1,-1,-1
702,15,794.53,477.30,140.32,169.53,1,-1,-1,-1
702,20,1039.92,430.15,84.55,161.09,1,-1,-1,-1
702,23,581.19,428.73,88.25,178.12,1,-1,-1,-1
702,25,854.21,431.40,66.95,147.32,1,-1,-1,-1
702,26,1361.70,562.12,133.96,207.44,1,-1,-1,-1
702,39,954.98,446.57,69.49,181.96,1,-1,-1,-1
702,41,795.87,477.63,113.68,180.97,1,-1,-1,-1
702,47,1206.96,470.31,73.76,156.06,1,-1,-1,-1
702,50,727.07,447.62,101.68,182.45,1,-1,-1,-1
702,51,1207.57,460.49,107.57,166.37,1,-1,-1,-1
702,52,468.19,448.47,97.04,180.67,1,-1,-1,-1
702,56,221.04,560.45,125.12,223.91,1,-1,-1,-1
702,58,1035.74,518.27,101.22,167.20,1,-1,-1,-1
702,60,537.53,511.22,99.39,195.19,1,-1,-1,-1
702,61,440.89,463.09,120.92,168.73,1,-1,-1,-1
702,62,1041.03,428.66,85.76,190.41,1,-1,-1,-1
703,1,408.90,504.67,85.89,224.33,1,-1,-1,-1
703,9,1152.58,516.53,92.39,203.41,1,-1,-1,-1
703,10,490.14,454.77,76.45,168.43,1,-1,-1,-1
703,13,813.97,547.82,100.19,216.35,1,-1,-1,-1
703,15,794.53,477.30,140.32,169.53,1,-1,-1,-1
703,20,1039.92,430.15,84.55,161.09,1,-1,-1,-1
703,23,578.26,428.13,94.67,180.14,1,-1,-1,-1
703,25,853.59,430.09,69.72,158.63,1,-1,-1,-1
703,26,1361.58,563.29,137.85,207.08,1,-1,-1,-1
703,39,956.44,445.41,70.13,185.47,1,-1,-1,-1
703,41,798.40,478.73,100.49,177.16,1,-1,-1,-1
703,47,1206.96,470.31,73.76,156.06,1,-1,-1,-1
703,50,732.24,447.18,95.47,183.53,1,-1,-1,-1
703,51,1210.68,468.37,131.33,160.48,1,-1,-1,-1
703,52,456.08,447.95,108.57,177.11,1,-1,-1,-1
703,56,215.42,562.42,123.54,224.07,1,-1,-1,-1
703,58,1036.96,524.41,101.54,160.99,1,-1,-1,-1
703,60,536.72,507.28,108.15,201.12,1,-1,-1,-1
703,62,1043.27,427.04,80.77,198.78,1,-1,-1,-1
704,1,411.91,504.90,84.66,227.43,1,-1,-1,-1
704,9,1143.10,522.94,112.81,197.78,1,-1,-1,-1
704,10,496.96,456.88,96.70,167.30,1,-1,-1,-1
704,13,814.74,555.36,117.36,213.64,1,-1,-1,-1
704,15,794.53,477.30,140.32,169.53,1,-1,-1,-1
704,20,1039.92,430.15,84.55,161.09,1,-1,-1,-1
704,23,575.42,429.07,99.09,181.50,1,-1,-1,-1
704,25,854.94,431.87,75.76,159.04,1,-1,-1,-1
704,26,1368.92,563.81,132.94,206.04,1,-1,-1,-1
704,39,952.95,446.37,75.25,187.81,1,-1,-1,-1
704,41,794.64,482.53,102.97,181.27,1,-1,-1,-1
704,47,1206.96,470.31,73.76,156.06,1,-1,-1,-1
704,50,721.12,444.70,108.12,187.87,1,-1,-1,-1
704,51,1217.77,473.13,124.56,157.01,1,-1,-1,-1
704,52,456.08,447.95,108.57,177.11,1,-1,-1,-1
704,56,212.05,567.65,109.35,221.98,1,-1,-1,-1
704,58,1037.56,521.96,102.24,163.20,1,-1,-1,-1
704,60,536.05,516.13,114.50,193.98,1,-1,-1,-1
704,62,1043.75,431.52,83.52,170.77,1,-1,-1,-1
705,1,377.17,497.01,120.25,232.58,1,-1,-1,-1
705,9,1146.23,534.42,114.54,185.92,1,-1,-1,-1
705,10,493.13,456.48,89.03,167.46,1,-1,-1,-1
705,13,817.27,561.27,122.81,211.36,1,-1,-1,-1
705,15,794.53,477.30,140.32,169.53,1,-1,-1,-1
705,20,1039.92,430.15,84.55,161.09,1,-1,-1,-1
705,23,580.27,431.44,98.77,178.93,1,-1,-1,-1
705,25,855.62,436.06,74.50,157.42,1,-1,-1,-1
705,26,1372.69,563.80,130.47,205.91,1,-1,-1,-1
705,39,954.70,447.02,74.40,186.18,1,-1,-1,-1
705,41,798.55,480.07,114.62,184.05,1,-1,-1,-1
705,47,1206.96,470.31,73.76,156.06,1,-1,-1,-1
705,50,719.94,446.32,113.18,184.94,1,-1,-1,-1
705,51,1217.06,475.33,112.76,156.42,1,-1,-1,-1
705,52,451.73,453.88,118.08,168.77,1,-1,-1,-1
705,56,209.11,573.39,110.77,216.10,1,-1,-1,-1
705,58,1041.44,522.10,99.49,162.63,1,-1,-1,-1
705,60,535.98,520.33,113.83,188.01,1,-1,-1,-1
705,61,360.21,486.04,143.19,226.49,1,-1,-1,-1
705,62,1043.49,436.50,83.22,163.39,1,-1,-1,-1
706,1,419.24,499.36,90.33,235.22,1,-1,-1,-1
706,9,1147.01,540.83,115.75,181.51,1,-1,-1,-1
706,10,478.32,461.02,120.49,166.81,1,-1,-1,-1
706,13,819.15,565.91,123.39,211.18,1,-1,-1,-1
706,15,794.53,477.30,140.32,169.53,1,-1,-1,-1
706,20,1039.92,430.15,84.55,161.09,1,-1,-1,-1
706,23,579.12,436.84,102.11,176.18,1,-1,-1,-1
706,25,856.23,431.64,77.55,166.14,1,-1,-1,-1
706,26,1388.01,564.03,122.64,206.88,1,-1,-1,-1
706,39,952.38,444.72,82.37,189.37,1,-1,-1,-1
706,41,796.38,479.48,123.37,185.29,1,-1,-1,-1
706,47,1206.96,470.31,73.76,156.06,1,-1,-1,-1
706,50,733.27,445.67,102.44,186.04,1,-1,-1,-1
706,51,1213.14,474.52,111.66,157.33,1,-1,-1,-1
706,52,451.73,453.88,118.08,168.77,1,-1,-1,-1
706,56,211.34,578.12,112.62,210.93,1,-1,-1,-1
706,58,1051.60,514.46,101.27,170.21,1,-1,-1,-1
706,60,546.79,519.57,103.82,187.72,1,-1,-1,-1
706,61,360.21,486.04,143.19,226.49,1,-1,-1,-1
706,62,1041.18,436.84,92.01,158.77,1,-1,-1,-1
707,1,430.16,495.79,85.86,240.16,1,-1,-1,-1
707,9,1148.34,520.16,112.81,201.06,1,-1,-1,-1
707,10,514.46,465.90,84.64,159.22,1,-1,-1,-1
707,13,818.44,558.30,123.99,218.23,1,-1,-1,-1
707,23,588.62,437.24,95.40,176.58,1,-1,-1,-1
707,25,858.50,430.91,73.09,171.44,1,-1,-1,-1
707,26,1400.42,561.97,109.78,208.69,1,-1,-1,-1
707,39,948.24,442.14,88.70,192.15,1,-1,-1,-1
707,41,792.58,479.77,128.02,188.51,1,-1,-1,-1
707,47,1206.96,470.31,73.76,156.06,1,-1,-1,-1
707,50,735.96,443.01,104.95,189.30,1,-1,-1,-1
707,51,1232.47,476.22,83.41,157.73,1,-1,-1,-1
707,52,451.73,453.88,118.08,168.77,1,-1,-1,-1
707,56,211.96,579.26,112.84,208.73,1,-1,-1,-1
707,58,1058.70,507.48,97.63,179.19,1,-1,-1,-1
707,60,550.72,510.26,100.38,196.45,1,-1,-1,-1
707,61,360.21,486.04,143.19,226.49,1,-1,-1,-1
707,62,1046.35,436.86,88.36,163.14,1,-1,-1,-1
708,1,386.78,502.08,139.69,233.74,1,-1,-1,-1
708,9,1167.20,517.63,103.38,204.82,1,-1,-1,-1
708,10,487.33,459.38,106.51,168.34,1,-1,-1,-1
708,13,818.21,551.05,124.68,228.90,1,-1,-1,-1
708,23,571.29,430.98,113.62,187.14,1,-1,-1,-1
708,25,862.28,433.30,70.88,170.09,1,-1,-1,-1
708,26,1412.69,556.07,103.13,214.40,1,-1,-1,-1
708,39,953.14,433.89,93.21,200.42,1,-1,-1,-1
708,41,788.38,479.05,127.80,188.28,1,-1,-1,-1
708,50,744.75,435.22,108.08,195.91,1,-1,-1,-1
708,51,1234.58,473.42,76.99,158.22,1,-1,-1,-1
708,52,451.73,453.88,118.08,168.77,1,-1,-1,-1
708,56,234.41,578.64,92.92,210.80,1,-1,-1,-1
708,58,1066.22,501.06,100.08,182.97,1,-1,-1,-1
708,60,563.81,511.03,101.65,196.14,1,-1,-1,-1
708,61,360.21,486.04,143.19,226.49,1,-1,-1,-1
708,62,1049.57,433.56,84.37,170.60,1,-1,-1,-1
709,1,392.75,498.05,141.48,238.45,1,-1,-1,-1
709,9,1171.07,515.33,113.24,206.54,1,-1,-1,-1
709,10,487.74,460.17,105.80,170.99,1,-1,-1,-1
709,13,818.00,547.41,126.62,228.50,1,-1,-1,-1
709,20,1059.22,429.82,75.07,171.69,1,-1,-1,-1
709,23,577.90,428.29,107.84,193.72,1,-1,-1,-1
709,25,865.40,433.05,68.22,166.12,1,-1,-1,-1
709,26,1424.54,554.77,94.09,216.06,1,-1,-1,-1
709,39,956.38,430.43,99.10,204.23,1,-1,-1,-1
709,41,794.63,479.52,119.30,188.52,1,-1,-1,-1
709,50,746.55,433.55,110.02,197.23,1,-1,-1,-1
709,51,1239.10,472.54,73.47,159.99,1,-1,-1,-1
709,52,451.73,453.88,118.08,168.77,1,-1,-1,-1
709,56,246.13,574.63,90.09,217.87,1,-1,-1,-1
709,58,1074.69,497.02,90.98,189.66,1,-1,-1,-1
709,60,581.27,512.13,95.29,200.08,1,-1,-1,-1
709,61,360.21,486.04,143.19,226.49,1,-1,-1,-1
709,62,1059.84,428.93,77.50,173.80,1,-1,-1,-1
710,1,412.28,501.39,134.04,223.70,1,-1,-1,-1
710,9,1180.31,511.07,105.59,211.90,1,-1,-1,-1
710,10,516.87,455.24,88.82,173.84,1,-1,-1,-1
710,13,840.66,548.08,116.89,230.17,1,-1,-1,-1
710,20,1059.22,429.82,75.07,171.69,1,-1,-1,-1
710,23,577.90,428.29,107.84,193.72,1,-1,-1,-1
710,25,867.22,426.10,68.63,152.15,1,-1,-1,-1
710,26,1432.87,548.71,92.36,224.20,1,-1,-1,-1
710,28,616.88,429.56,87.11,179.45,1,-1,-1,-1
710,39,940.68,427.66,124.71,203.87,1,-1,-1,-1
710,41,794.63,479.52,119.30,188.52,1,-1,-1,-1
710,50,744.29,429.90,129.73,199.94,1,-1,-1,-1
710,51,1240.97,469.14,75.09,164.54,1,-1,-1,-1
710,52,451.73,453.88,118.08,168.77,1,-1,-1,-1
710,56,251.29,568.83,92.70,223.30,1,-1,-1,-1
710,58,1079.68,497.23,91.33,188.98,1,-1,-1,-1
710,60,592.88,515.74,86.53,198.66,1,-1,-1,-1
710,61,360.21,486.04,143.19,226.49,1,-1,-1,-1
710,62,1066.50,424.75,77.49,175.46,1,-1,-1,-1
711,1,419.45,506.25,137.24,218.24,1,-1,-1,-1
711,9,1186.94,510.62,115.96,212.84,1,-1,-1,-1
711,10,524.63,453.24,88.91,175.87,1,-1,-1,-1
711,13,854.06,547.24,116.97,232.51,1,-1,-1,-1
711,15,827.22,471.43,97.99,198.51,1,-1,-1,-1
711,20,1059.22,429.82,75.07,171.69,1,-1,-1,-1
711,23,577.90,428.29,107.84,193.72,1,-1,-1,-1
711,25,866.93,423.90,71.91,153.20,1,-1,-1,-1
711,26,1436.19,545.73,90.95,226.32,1,-1,-1,-1
711,28,625.43,428.75,80.19,177.59,1,-1,-1,-1
711,39,944.17,422.26,124.15,200.28,1,-1,-1,-1
711,41,828.07,475.42,94.13,197.62,1,-1,-1,-1
711,47,1207.71,469.79,103.43,165.18,1,-1,-1,-1
711,50,740.67,427.54,142.84,202.63,1,-1,-1,-1
711,51,1235.19,469.19,81.30,165.12,1,-1,-1,-1
711,56,252.41,567.30,94.88,223.42,1,-1,-1,-1
711,58,1082.76,493.12,92.91,190.76,1,-1,-1,-1
711,60,592.86,511.64,87.64,201.19,1,-1,-1,-1
711,62,1068.22,422.14,78.06,175.09,1,-1,-1,-1
712,1,436.74,510.88,133.52,218.02,1,-1,-1,-1
712,9,1195.58,508.87,113.08,212.80,1,-1,-1,-1
712,10,531.59,452.09,95.04,176.18,1,-1,-1,-1
712,13,862.08,545.72,130.36,228.48,1,-1,-1,-1
712,15,827.22,471.43,97.99,198.51,1,-1,-1,-1
712,20,1059.22,429.82,75.07,171.69,1,-1,-1,-1
712,23,624.81,425.79,78.60,184.53,1,-1,-1,-1
712,25,868.94,415.74,79.81,166.58,1,-1,-1,-1
712,26,1439.69,545.15,91.30,226.17,1,-1,-1,-1
712,28,629.25,427.81,78.54,182.93,1,-1,-1,-1
712,31,628.98,425.37,96.04,182.52,1,-1,-1,-1
712,39,953.66,425.79,121.15,194.74,1,-1,-1,-1
712,41,840.70,467.35,93.37,198.79,1,-1,-1,-1
712,47,1207.71,469.79,103.43,165.18,1,-1,-1,-1
712,50,740.65,430.47,139.27,201.45,1,-1,-1,-1
712,51,1235.19,469.19,81.30,165.12,1,-1,-1,-1
712,56,257.30,562.12,107.88,225.44,1,-1,-1,-1
712,58,1088.52,492.21,90.81,193.01,1,-1,-1,-1
712,60,585.96,510.61,103.43,197.54,1,-1,-1,-1
712,62,1074.75,422.84,77.45,171.47,1,-1,-1,-1
713,1,448.91,514.89,121.56,217.19,1,-1,-1,-1
713,9,1201.29,506.43,101.99,215.10,1,-1,-1,-1
713,10,535.23,452.58,94.72,174.26,1,-1,-1,-1
713,13,862.22,543.81,134.35,225.36,1,-1,-1,-1
713,15,827.22,471.43,97.99,198.51,1,-1,-1,-1
713,20,1059.22,429.82,75.07,171.69,1,-1,-1,-1
713,23,634.15,425.65,97.16,172.60,1,-1,-1,-1
713,25,871.69,420.15,75.55,157.99,1,-1,-1,-1
713,26,1441.38,547.06,91.97,228.71,1,-1,-1,-1
713,28,632.94,426.83,71.42,176.41,1,-1,-1,-1
713,31,628.98,425.37,96.04,182.52,1,-1,-1,-1
713,39,951.44,428.34,123.89,202.68,1,-1,-1,-1
713,41,845.11,468.45,86.67,193.92,1,-1,-1,-1
713,47,1207.71,469.79,103.43,165.18,1,-1,-1,-1
713,50,742.47,432.11,139.18,200.73,1,-1,-1,-1
713,51,1250.51,470.48,74.45,173.56,1,-1,-1,-1
713,56,259.57,560.59,112.84,225.30,1,-1,-1,-1
713,58,1096.56,492.95,86.88,193.84,1,-1,-1,-1
713,60,583.97,514.01,109.32,193.94,1,-1,-1,-1
713,62,1075.18,425.25,77.28,173.05,1,-1,-1,-1
714,1,461.50,520.38,118.12,211.12,1,-1,-1,-1
714,9,1213.14,505.58,99.41,216.11,1,-1,-1,-1
714,10,546.05,453.74,89.97,175.71,1,-1,-1,-1
714,13,871.18,542.05,120.54,227.78,1,-1,-1,-1
714,15,761.38,440.52,155.73,198.04,1,-1,-1,-1
714,20,1059.22,429.82,75.07,171.69,1,-1,-1,-1
714,23,634.15,425.65,97.16,172.60,1,-1,-1,-1
714,25,878.90,422.40,66.24,152.24,1,-1,-1,-1
714,26,1450.66,556.91,83.29,220.08,1,-1,-1,-1
714,28,640.06,423.73,89.74,165.12,1,-1,-1,-1
714,31,628.98,425.37,96.04,182.52,1,-1,-1,-1
714,39,972.27,442.63,104.81,192.18,1,-1,-1,-1
714,41,852.94,468.67,75.19,174.56,1,-1,-1,-1
714,47,1207.71,469.79,103.43,165.18,1,-1,-1,-1
714,50,752.92,436.32,129.01,195.94,1,-1,-1,-1
714,51,1258.17,471.24,70.94,165.69,1,-1,-1,-1
714,56,265.28,559.93,108.62,227.16,1,-1,-1,-1
714,58,1101.02,496.43,86.67,187.17,1,-1,-1,-1
714,60,592.38,522.63,101.01,182.84,1,-1,-1,-1
714,62,1079.90,438.10,73.99,159.98,1,-1,-1,-1
715,1,466.65,523.24,115.19,208.02,1,-1,-1,-1
715,9,1218.07,506.19,98.09,216.68,1,-1,-1,-1
715,10,551.10,454.96,86.74,173.33,1,-1,-1,-1
715,13,876.54,545.03,107.16,225.70,1,-1,-1,-1
715,15,763.50,437.47,158.87,197.85,1,-1,-1,-1
715,23,634.15,425.65,97.16,172.60,1,-1,-1,-1
715,25,879.50,428.34,66.36,152.42,1,-1,-1,-1
715,26,1455.30,561.20,81.27,216.58,1,-1,-1,-1
715,28,643.67,423.06,77.84,168.12,1,-1,-1,-1
715,31,628.98,425.37,96.04,182.52,1,-1,-1,-1
715,39,983.11,447.76,94.60,186.41,1,-1,-1,-1
715,41,852.94,468.67,75.19,174.56,1,-1,-1,-1
715,47,1207.71,469.79,103.43,165.18,1,-1,-1,-1
715,50,752.92,436.32,129.01,195.94,1,-1,-1,-1
715,51,1257.70,471.50,74.32,164.44,1,-1,-1,-1
715,56,270.78,562.12,103.34,226.01,1,-1,-1,-1
715,58,1105.06,498.79,85.03,184.59,1,-1,-1,-1
715,60,590.82,524.68,104.90,178.92,1,-1,-1,-1
715,62,1080.87,441.19,73.27,157.97,1,-1,-1,-1
716,1,473.10,521.67,113.91,209.52,1,-1,-1,-1
716,9,1222.17,514.83,95.86,209.57,1,-1,-1,-1
716,10,557.97,464.60,67.75,166.99,1,-1,-1,-1
716,13,884.09,552.45,95.85,218.63,1,-1,-1,-1
716,15,763.50,437.47,158.87,197.85,1,-1,-1,-1
716,23,634.15,425.65,97.16,172.60,1,-1,-1,-1
716,25,883.87,433.15,68.89,155.09,1,-1,-1,-1
716,26,1458.68,561.05,80.10,217.19,1,-1,-1,-1
716,28,646.09,422.23,86.14,179.71,1,-1,-1,-1
716,31,628.98,425.37,96.04,182.52,1,-1,-1,-1
716,39,995.10,451.06,92.16,182.08,1,-1,-1,-1
716,41,862.25,477.20,73.24,182.93,1,-1,-1,-1
716,47,1207.71,469.79,103.43,165.18,1,-1,-1,-1
716,50,779.76,439.29,100.46,195.74,1,-1,-1,-1
716,51,1262.31,472.45,72.68,164.88,1,-1,-1,-1
716,56,278.93,564.94,94.59,223.71,1,-1,-1,-1
716,58,1107.84,508.38,83.20,175.51,1,-1,-1,-1
716,60,602.30,519.96,97.63,185.33,1,-1,-1,-1
716,62,1085.12,443.52,70.00,148.41,1,-1,-1,-1
717,1,477.18,522.52,104.84,209.02,1,-1,-1,-1
717,9,1223.29,513.85,94.39,209.10,1,-1,-1,-1
717,10,561.43,466.92,63.40,163.98,1,-1,-1,-1
717,13,890.08,556.20,86.63,215.61,1,-1,-1,-1
717,15,854.12,476.85,82.70,189.42,1,-1,-1,-1
717,23,634.15,425.65,97.16,172.60,1,-1,-1,-1
717,25,883.11,433.78,72.24,153.74,1,-1,-1,-1
717,26,1459.62,561.40,80.24,216.63,1,-1,-1,-1
717,28,649.74,424.26,88.78,183.16,1,-1,-1,-1
717,31,628.98,425.37,96.04,182.52,1,-1,-1,-1
717,39,998.85,447.16,88.36,186.51,1,-1,-1,-1
717,41,863.74,482.41,74.28,184.06,1,-1,-1,-1
717,50,782.32,439.88,90.67,195.06,1,-1,-1,-1
717,51,1266.82,472.34,69.58,164.16,1,-1,-1,-1
717,56,281.94,566.76,91.02,221.42,1,-1,-1,-1
717,58,1110.11,508.53,80.56,175.74,1,-1,-1,-1
717,60,604.59,513.81,97.30,191.84,1,-1,-1,-1
717,62,1087.08,442.15,71.27,152.37,1,-1,-1,-1
718,1,475.33,516.90,100.04,214.47,1,-1,-1,-1
718,9,1224.07,508.01,95.05,214.70,1,-1,-1,-1
718,10,561.43,466.92,63.40,163.98,1,-1,-1,-1
718,13,891.36,553.90,84.73,217.10,1,-1,-1,-1
718,15,866.78,482.78,75.59,184.47,1,-1,-1,-1
718,23,634.15,425.65,97.16,172.60,1,-1,-1,-1
718,25,884.77,431.06,75.15,157.20,1,-1,-1,-1
718,26,1458.22,561.05,82.73,215.95,1,-1,-1,-1
718,28,652.48,428.12,86.22,186.91,1,-1,-1,-1
718,39,1004.15,443.02,84.44,191.00,1,-1,-1,-1
718,41,867.37,482.83,72.99,183.17,1,-1,-1,-1
718,50,786.41,439.51,79.06,195.38,1,-1,-1,-1
718,51,1268.97,471.58,66.92,165.34,1,-1,-1,-1
718,56,283.98,567.76,88.31,220.69,1,-1,-1,-1
718,58,1111.85,504.31,80.88,180.56,1,-1,-1,-1
718,60,615.04,510.54,91.43,194.09,1,-1,-1,-1
718,62,1088.21,436.81,71.14,164.40,1,-1,-1,-1
719,1,476.58,513.46,98.20,218.03,1,-1,-1,-1
719,9,1226.93,503.25,93.74,220.18,1,-1,-1,-1
719,10,564.91,462.29,67.31,167.71,1,-1,-1,-1
719,13,894.96,548.93,81.36,222.72,1,-1,-1,-1
719,15,870.49,478.02,77.74,192.88,1,-1,-1,-1
719,25,886.48,432.19,73.83,160.02,1,-1,-1,-1
719,26,1458.32,560.41,82.60,217.08,1,-1,-1,-1
719,28,656.08,428.21,82.89,187.43,1,-1,-1,-1
719,39,1007.16,440.60,81.02,193.30,1,-1,-1,-1
719,41,871.11,479.46,73.68,191.52,1,-1,-1,-1
719,50,789.19,438.01,74.91,197.14,1,-1,-1,-1
719,51,1271.67,472.18,63.20,159.31,1,-1,-1,-1
719,52,554.36,463.35,74.16,166.88,1,-1,-1,-1
719,56,283.98,569.08,88.65,219.48,1,-1,-1,-1
719,58,1113.91,501.50,78.23,184.07,1,-1,-1,-1
719,60,619.41,509.16,84.35,194.36,1,-1,-1,-1
719,62,1089.63,433.98,70.92,168.06,1,-1,-1,-1
720,1,480.37,507.78,94.69,223.09,1,-1,-1,-1
720,9,1235.89,499.05,86.50,224.02,1,-1,-1,-1
720,10,566.84,458.49,72.49,171.74,1,-1,-1,-1
720,13,895.66,541.01,80.34,229.80,1,-1,-1,-1
720,15,870.49,478.02,77.74,192.88,1,-1,-1,-1
720,25,889.62,433.17,71.66,163.62,1,-1,-1,-1
720,26,1456.32,552.23,87.30,223.38,1,-1,-1,-1
720,28,658.02,429.54,83.57,185.05,1,-1,-1,-1
720,39,1011.45,435.94,73.23,197.75,1,-1,-1,-1
720,41,873.40,476.16,68.18,191.63,1,-1,-1,-1
720,50,793.58,437.06,69.21,198.56,1,-1,-1,-1
720,51,1272.50,468.49,63.25,168.94,1,-1,-1,-1
720,52,554.36,463.35,74.16,166.88,1,-1,-1,-1
720,56,284.83,568.30,88.76,220.19,1,-1,-1,-1
720,58,1115.46,495.68,76.05,187.98,1,-1,-1,-1
720,60,622.56,506.22,83.35,197.77,1,-1,-1,-1
720,62,1093.78,430.30,61.46,166.50,1,-1,-1,-1
721,1,481.11,503.36,91.35,226.79,1,-1,-1,-1
721,9,1238.99,499.05,85.51,220.50,1,-1,-1,-1
721,10,567.39,455.37,75.80,173.83,1,-1,-1,-1
721,13,896.87,539.11,78.56,230.33,1,-1,-1,-1
721,15,875.86,475.44,73.01,191.55,1,-1,-1,-1
721,25,888.27,434.00,71.73,176.28,1,-1,-1,-1
721,26,1457.50,547.63,84.85,228.54,1,-1,-1,-1
721,28,659.60,430.17,81.23,182.66,1,-1,-1,-1
721,39,1014.04,433.82,69.25,199.68,1,-1,-1,-1
721,41,876.57,474.70,67.55,193.87,1,-1,-1,-1
721,50,796.91,434.67,64.60,201.22,1,-1,-1,-1
721,51,1274.60,467.60,62.03,169.67,1,-1,-1,-1
721,52,554.36,463.35,74.16,166.88,1,-1,-1,-1
721,56,285.47,565.84,88.68,222.38,1,-1,-1,-1
721,58,1116.40,492.51,75.01,191.63,1,-1,-1,-1
721,60,625.85,505.37,81.94,198.86,1,-1,-1,-1
721,62,1095.01,428.27,58.54,166.92,1,-1,-1,-1
722,1,483.66,500.06,86.12,230.05,1,-1,-1,-1
722,9,1239.84,498.58,87.39,220.06,1,-1,-1,-1
722,10,567.43,452.75,78.59,176.75,1,-1,-1,-1
722,13,896.54,543.95,77.61,227.02,1,-1,-1,-1
722,15,875.86,475.44,73.01,191.55,1,-1,-1,-1
722,23,662.12,429.99,75.64,180.83,1,-1,-1,-1
722,25,887.87,432.85,71.23,182.27,1,-1,-1,-1
722,26,1459.25,539.29,83.83,235.45,1,-1,-1,-1
722,28,663.01,430.51,76.15,182.85,1,-1,-1,-1
722,39,1017.19,430.59,62.94,203.44,1,-1,-1,-1
722,41,878.49,467.04,70.84,201.11,1,-1,-1,-1
722,50,796.70,433.68,64.08,201.40,1,-1,-1,-1
722,51,1277.25,466.40,59.42,170.29,1,-1,-1,-1
722,52,554.36,463.35,74.16,166.88,1,-1,-1,-1
722,56,289.64,564.91,84.41,221.34,1,-1,-1,-1
722,58,1120.36,493.27,72.88,191.70,1,-1,-1,-1
722,60,632.47,502.83,80.91,202.81,1,-1,-1,-1
722,62,1101.18,429.70,59.71,171.04,1,-1,-1,-1
723,1,482.93,497.73,87.60,231.47,1,-1,-1,-1
723,9,1239.66,499.45,86.45,219.99,1,-1,-1,-1
723,10,566.65,451.50,73.41,178.12,1,-1,-1,-1
723,13,895.63,547.46,78.52,223.14,1,-1,-1,-1
723,15,875.86,475.44,73.01,191.55,1,-1,-1,-1
723,23,662.12,429.99,75.64,180.83,1,-1,-1,-1
723,25,889.03,431.90,68.11,180.38,1,-1,-1,-1
723,26,1460.16,536.97,79.55,236.20,1,-1,-1,-1
723,28,666.39,429.21,73.08,185.02,1,-1,-1,-1
723,39,1016.71,430.33,61.59,203.98,1,-1,-1,-1
723,41,880.28,461.93,68.83,199.29,1,-1,-1,-1
723,50,797.08,432.36,63.31,201.62,1,-1,-1,-1
723,51,1277.66,465.15,58.22,171.16,1,-1,-1,-1
723,52,554.36,463.35,74.16,166.88,1,-1,-1,-1
723,56,292.77,565.14,82.17,219.23,1,-1,-1,-1
723,58,1124.27,491.69,70.13,193.62,1,-1,-1,-1
723,60,632.27,501.91,80.63,203.13,1,-1,-1,-1
723,62,1099.97,430.11,63.52,174.92,1,-1,-1,-1
724,1,487.75,495.29,76.39,232.62,1,-1,-1,-1
724,9,1239.94,499.36,88.12,220.82,1,-1,-1,-1
724,10,568.62,456.06,65.25,169.70,1,-1,-1,-1
724,13,894.71,549.41,83.00,222.29,1,-1,-1,-1
724,15,875.86,475.44,73.01,191.55,1,-1,-1,-1
724,23,662.12,429.99,75.64,180.83,1,-1,-1,-1
724,25,889.03,431.90,68.11,180.38,1,-1,-1,-1
724,26,1463.38,535.02,72.84,238.31,1,-1,-1,-1
724,28,672.02,426.00,65.04,188.26,1,-1,-1,-1
724,39,1013.71,430.49,66.57,203.05,1,-1,-1,-1
724,41,884.20,456.30,71.75,232.28,1,-1,-1,-1
724,50,794.62,439.54,67.10,193.40,1,-1,-1,-1
724,51,1276.19,466.15,59.94,172.83,1,-1,-1,-1
724,52,554.36,463.35,74.16,166.88,1,-1,-1,-1
724,56,296.77,565.93,76.87,219.18,1,-1,-1,-1
724,58,1125.21,492.52,69.67,192.49,1,-1,-1,-1
724,60,636.25,502.06,81.40,202.85,1,-1,-1,-1
724,62,1098.29,430.20,64.16,176.30,1,-1,-1,-1
725,1,488.11,494.81,75.09,232.35,1,-1,-1,-1
725,9,1239.84,499.25,89.74,221.02,1,-1,-1,-1
725,10,568.88,456.45,63.00,168.39,1,-1,-1,-1
725,13,893.31,551.34,86.29,220.81,1,-1,-1,-1
725,15,875.86,475.44,73.01,191.55,1,-1,-1,-1
725,23,662.12,429.99,75.64,180.83,1,-1,-1,-1
725,25,889.03,431.90,68.11,180.38,1,-1,-1,-1
725,26,1462.89,533.26,73.60,239.52,1,-1,-1,-1
725,28,673.88,427.31,59.78,183.80,1,-1,-1,-1
725,39,1012.48,431.22,68.50,202.33,1,-1,-1,-1
725,41,882.52,459.67,76.13,227.34,1,-1,-1,-1
725,50,794.01,443.39,70.12,189.45,1,-1,-1,-1
725,51,1276.48,465.50,60.25,170.22,1,-1,-1,-1
725,56,297.62,566.05,75.74,219.65,1,-1,-1,-1
725,58,1125.93,496.05,70.22,189.68,1,-1,-1,-1
725,60,637.86,504.62,82.30,200.02,1,-1,-1,-1
725,62,1096.89,432.66,66.65,176.52,1,-1,-1,-1
726,1,486.32,494.14,81.80,233.22,1,-1,-1,-1
726,9,1240.79,497.55,91.19,221.15,1,-1,-1,-1
726,10,567.43,456.48,64.84,168.26,1,-1,-1,-1
726,13,890.22,556.54,95.16,216.15,1,-1,-1,-1
726,15,875.86,475.44,73.01,191.55,1,-1,-1,-1
726,23,662.12,429.99,75.64,180.83,1,-1,-1,-1
726,25,889.03,431.90,68.11,180.38,1,-1,-1,-1
726,26,1460.53,533.29,76.46,239.43,1,-1,-1,-1
726,28,674.29,424.88,58.74,186.01,1,-1,-1,-1
726,39,1011.08,438.81,72.77,194.94,1,-1,-1,-1
726,41,876.44,456.44,93.46,275.53,1,-1,-1,-1
726,50,789.87,449.37,80.06,184.72,1,-1,-1,-1
726,51,1277.50,465.59,60.25,166.47,1,-1,-1,-1
726,56,299.06,568.87,76.50,218.23,1,-1,-1,-1
726,58,1123.69,501.39,76.05,184.42,1,-1,-1,-1
726,60,638.09,509.03,74.15,194.94,1,-1,-1,-1
726,62,1092.88,430.27,82.56,182.24,1,-1,-1,-1
727,1,486.90,493.88,83.95,233.34,1,-1,-1,-1
727,9,1241.43,497.58,90.77,222.62,1,-1,-1,-1
727,10,566.53,462.07,64.65,163.49,1,-1,-1,-1
727,13,887.68,559.24,99.21,214.21,1,-1,-1,-1
727,23,671.07,423.94,65.18,188.33,1,-1,-1,-1
727,25,889.03,431.90,68.11,180.38,1,-1,-1,-1
727,26,1458.78,535.05,78.81,237.53,1,-1,-1,-1
727,28,673.92,423.57,58.51,186.17,1,-1,-1,-1
727,39,1010.13,442.20,74.42,192.59,1,-1,-1,-1
727,41,876.44,456.44,93.46,275.53,1,-1,-1,-1
727,50,786.65,452.29,87.25,181.71,1,-1,-1,-1
727,51,1276.67,466.20,60.89,167.97,1,-1,-1,-1
727,56,299.59,572.31,79.78,215.13,1,-1,-1,-1
727,58,1123.32,505.97,76.65,180.39,1,-1,-1,-1
727,60,636.55,511.52,76.15,193.53,1,-1,-1,-1
727,62,1092.88,430.27,82.56,182.24,1,-1,-1,-1
728,1,486.85,501.72,93.45,225.59,1,-1,-1,-1
728,9,1243.34,497.80,89.99,221.46,1,-1,-1,-1
728,10,564.53,468.31,71.00,156.45,1,-1,-1,-1
728,13,887.28,564.42,103.29,209.44,1,-1,-1,-1
728,23,670.93,421.40,65.53,190.74,1,-1,-1,-1
728,25,889.03,431.90,68.11,180.38,1,-1,-1,-1
728,26,1456.39,539.08,84.08,234.55,1,-1,-1,-1
728,28,673.73,421.72,58.69,187.95,1,-1,-1,-1
728,39,1007.56,441.83,77.73,192.55,1,-1,-1,-1
728,41,876.44,456.44,93.46,275.53,1,-1,-1,-1
728,50,784.71,453.37,91.95,180.60,1,-1,-1,-1
728,51,1276.67,466.20,60.89,167.97,1,-1,-1,-1
728,52,564.13,468.81,72.49,160.54,1,-1,-1,-1
728,53,1087.93,448.85,104.21,235.54,1,-1,-1,-1
728,56,296.74,577.93,86.97,209.90,1,-1,-1,-1
728,58,1106.18,506.83,93.92,178.95,1,-1,-1,-1
728,60,630.57,512.39,83.12,194.47,1,-1,-1,-1
728,62,1092.88,430.27,82.56,182.24,1,-1,-1,-1
729,1,485.52,506.03,89.87,221.67,1,-1,-1,-1
729,9,1243.86,501.69,89.00,216.90,1,-1,-1,-1
729,10,563.66,472.73,74.65,152.28,1,-1,-1,-1
729,13,889.06,570.31,103.50,203.06,1,-1,-1,-1
729,23,664.78,421.90,74.04,190.06,1,-1,-1,-1
729,26,1455.68,542.93,88.84,231.13,1,-1,-1,-1
729,28,673.73,421.72,58.69,187.95,1,-1,-1,-1
729,39,1007.69,441.01,76.27,192.99,1,-1,-1,-1
729,41,876.44,456.44,93.46,275.53,1,-1,-1,-1
729,43,856.54,415.13,117.06,213.05,1,-1,-1,-1
729,50,785.52,450.40,92.57,183.76,1,-1,-1,-1
729,51,1276.67,466.20,60.89,167.97,1,-1,-1,-1
729,52,564.07,474.36,75.02,154.68,1,-1,-1,-1
729,53,1087.93,448.85,104.21,235.54,1,-1,-1,-1
729,56,297.62,581.37,89.88,206.63,1,-1,-1,-1
729,58,1114.95,517.20,87.62,168.45,1,-1,-1,-1
729,60,629.10,520.04,83.44,186.70,1,-1,-1,-1
729,62,1089.86,442.69,95.31,164.59,1,-1,-1,-1
730,1,483.12,510.02,92.14,217.17,1,-1,-1,-1
730,9,1245.65,515.60,84.18,201.99,1,-1,-1,-1
730,10,559.05,482.22,67.95,147.04,1,-1,-1,-1
730,13,889.83,569.16,99.22,202.79,1,-1,-1,-1
730,23,667.28,429.47,72.84,181.82,1,-1,-1,-1
730,26,1454.92,549.61,92.64,224.81,1,-1,-1,-1
730,28,673.73,421.72,58.69,187.95,1,-1,-1,-1
730,39,1010.60,438.08,71.18,195.94,1,-1,-1,-1
730,41,876.44,456.44,93.46,275.53,1,-1,-1,-1
730,43,856.54,415.13,117.06,213.05,1,-1,-1,-1
730,48,857.86,419.53,114.00,212.03,1,-1,-1,-1
730,50,788.11,446.10,83.81,187.28,1,-1,-1,-1
730,51,1276.67,466.20,60.89,167.97,1,-1,-1,-1
730,52,564.07,474.36,75.02,154.68,1,-1,-1,-1
730,53,1087.93,448.85,104.21,235.54,1,-1,-1,-1
730,56,298.00,588.94,89.56,197.77,1,-1,-1,-1
730,58,1116.40,517.80,85.52,167.66,1,-1,-1,-1
730,60,602.46,483.73,122.64,222.21,1,-1,-1,-1
730,62,1089.91,444.91,96.44,169.21,1,-1,-1,-1
731,1,481.36,507.61,92.34,219.69,1,-1,-1,-1
731,9,1245.17,515.29,83.14,202.21,1,-1,-1,-1
731,10,559.63,484.71,65.60,145.18,1,-1,-1,-1
731,13,889.82,561.18,97.13,210.99,1,-1,-1,-1
731,23,667.39,433.09,72.72,176.32,1,-1,-1,-1
731,26,1455.12,548.27,92.05,226.67,1,-1,-1,-1
731,28,673.73,421.72,58.69,187.95,1,-1,-1,-1
731,39,1011.03,433.92,68.43,199.87,1,-1,-1,-1
731,41,876.44,456.44,93.46,275.53,1,-1,-1,-1
731,43,856.54,415.13,117.06,213.05,1,-1,-1,-1
731,48,862.75,423.52,107.20,205.28,1,-1,-1,-1
731,50,789.28,444.63,77.48,189.85,1,-1,-1,-1
731,51,1276.67,466.20,60.89,167.97,1,-1,-1,-1
731,52,564.07,474.36,75.02,154.68,1,-1,-1,-1
731,53,1087.93,448.85,104.21,235.54,1,-1,-1,-1
731,56,298.27,590.67,90.13,195.03,1,-1,-1,-1
731,58,1118.33,513.60,81.58,171.18,1,-1,-1,-1
731,60,622.58,522.68,108.35,184.36,1,-1,-1,-1
731,62,1089.91,444.91,96.44,169.21,1,-1,-1,-1
732,1,480.86,501.90,89.40,225.99,1,-1,-1,-1
732,9,1243.94,505.07,89.71,212.60,1,-1,-1,-1
732,10,563.12,482.42,64.93,145.85,1,-1,-1,-1
732,13,891.11,552.66,90.34,218.30,1,-1,-1,-1
732,23,668.24,431.57,71.17,178.21,1,-1,-1,-1
732,25,906.37,427.33,66.46,161.70,1,-1,-1,-1
732,26,1460.90,543.69,84.81,231.13,1,-1,-1,-1
732,28,673.73,421.72,58.69,187.95,1,-1,-1,-1
732,39,1012.84,431.53,64.43,202.15,1,-1,-1,-1
732,41,861.66,467.06,97.69,216.99,1,-1,-1,-1
732,43,856.54,415.13,117.06,213.05,1,-1,-1,-1
732,48,862.75,423.52,107.20,205.28,1,-1,-1,-1
732,50,792.21,442.49,73.59,192.09,1,-1,-1,-1
732,51,1276.67,466.20,60.89,167.97,1,-1,-1,-1
732,52,564.07,474.36,75.02,154.68,1,-1,-1,-1
732,53,1087.93,448.85,104.21,235.54,1,-1,-1,-1
732,56,298.85,589.23,88.68,196.52,1,-1,-1,-1
732,58,1124.22,500.12,76.34,184.99,1,-1,-1,-1
732,60,622.79,515.00,100.88,191.31,1,-1,-1,-1
732,62,1093.47,437.10,88.65,174.96,1,-1,-1,-1
733,1,479.86,498.71,84.95,229.38,1,-1,-1,-1
733,9,1242.22,502.62,85.79,214.99,1,-1,-1,-1
733,10,562.91,479.94,65.68,147.18,1,-1,-1,-1
733,13,893.90,550.14,83.77,220.68,1,-1,-1,-1
733,15,870.15,464.74,90.47,210.49,1,-1,-1,-1
733,23,670.85,430.14,69.37,181.03,1,-1,-1,-1
733,25,906.88,425.32,66.74,169.95,1,-1,-1,-1
733,26,1462.15,542.13,81.99,233.01,1,-1,-1,-1
733,28,673.73,421.72,58.69,187.95,1,-1,-1,-1
733,39,1012.61,430.62,64.34,203.09,1,-1,-1,-1
733,41,860.76,467.97,96.15,206.97,1,-1,-1,-1
733,43,856.54,415.13,117.06,213.05,1,-1,-1,-1
733,48,862.75,423.52,107.20,205.28,1,-1,-1,-1
733,50,792.47,436.29,71.45,198.19,1,-1,-1,-1
733,52,564.07,474.36,75.02,154.68,1,-1,-1,-1
733,53,1087.93,448.85,104.21,235.54,1,-1,-1,-1
733,56,298.17,584.46,89.66,201.58,1,-1,-1,-1
733,58,1125.14,496.54,73.82,188.99,1,-1,-1,-1
733,60,613.20,501.50,104.01,204.43,1,-1,-1,-1
733,62,1093.42,435.49,82.43,177.58,1,-1,-1,-1
734,1,479.01,497.31,85.52,229.78,1,-1,-1,-1
734,9,1241.88,500.75,85.37,217.13,1,-1,-1,-1
734,10,565.12,471.03,65.54,155.41,1,-1,-1,-1
734,13,896.62,546.13,80.93,225.14,1,-1,-1,-1
734,15,870.15,464.74,90.47,210.49,1,-1,-1,-1
734,23,672.36,425.68,66.40,187.07,1,-1,-1,-1
734,25,906.88,425.32,66.74,169.95,1,-1,-1,-1
734,26,1465.32,542.96,77.02,231.80,1,-1,-1,-1
734,28,673.87,424.46,61.24,184.84,1,-1,-1,-1
734,39,1012.74,431.91,64.64,202.06,1,-1,-1,-1
734,41,860.77,466.33,86.48,206.37,1,-1,-1,-1
734,43,856.54,415.13,117.06,213.05,1,-1,-1,-1
734,48,862.75,423.52,107.20,205.28,1,-1,-1,-1
734,50,793.77,435.90,67.89,198.72,1,-1,-1,-1
734,51,1277.62,468.27,60.49,158.46,1,-1,-1,-1
734,52,564.07,474.36,75.02,154.68,1,-1,-1,-1
734,56,296.70,574.69,86.56,211.37,1,-1,-1,-1
734,58,1124.71,490.86,71.27,192.87,1,-1,-1,-1
734,60,623.26,512.73,83.72,193.51,1,-1,-1,-1
734,62,1100.88,431.69,63.78,175.15,1,-1,-1,-1
735,1,478.69,497.81,85.52,228.82,1,-1,-1,-1
735,9,1240.17,498.65,84.74,219.16,1,-1,-1,-1
735,10,565.12,471.03,65.54,155.41,1,-1,-1,-1
735,13,896.39,546.27,84.02,225.11,1,-1,-1,-1
735,15,870.15,464.74,90.47,210.49,1,-1,-1,-1
735,23,672.70,424.02,65.56,189.52,1,-1,-1,-1
735,25,906.88,425.32,66.74,169.95,1,-1,-1,-1
735,26,1466.13,541.72,75.82,233.34,1,-1,-1,-1
735,28,674.44,423.56,60.18,186.32,1,-1,-1,-1
735,39,1011.53,433.06,66.58,200.35,1,-1,-1,-1
735,41,863.19,467.05,82.03,201.60,1,-1,-1,-1
735,48,862.75,423.52,107.20,205.28,1,-1,-1,-1
735,50,792.71,435.11,69.96,200.41,1,-1,-1,-1
735,51,1277.83,467.56,60.67,163.90,1,-1,-1,-1
735,56,299.12,570.60,81.44,214.98,1,-1,-1,-1
735,58,1124.95,485.76,70.17,197.03,1,-1,-1,-1
735,60,626.44,513.55,78.88,192.62,1,-1,-1,-1
735,62,1102.65,428.95,60.74,177.36,1,-1,-1,-1
736,1,478.47,497.78,85.53,229.38,1,-1,-1,-1
736,9,1238.10,497.20,86.84,221.74,1,-1,-1,-1
736,10,568.56,465.68,60.48,160.29,1,-1,-1,-1
736,13,896.95,541.72,89.74,230.09,1,-1,-1,-1
736,15,871.65,468.52,69.90,166.82,1,-1,-1,-1
736,23,672.70,424.02,65.56,189.52,1,-1,-1,-1
736,25,906.88,425.32,66.74,169.95,1,-1,-1,-1
736,26,1469.28,540.63,73.57,233.92,1,-1,-1,-1
736,28,679.49,423.15,55.35,184.23,1,-1,-1,-1
736,39,1008.67,433.44,71.18,200.81,1,-1,-1,-1
736,41,868.88,470.07,75.76,196.32,1,-1,-1,-1
736,48,862.75,423.52,107.20,205.28,1,-1,-1,-1
736,50,788.78,435.63,71.64,199.16,1,-1,-1,-1
736,51,1278.80,465.89,58.56,165.36,1,-1,-1,-1
736,56,299.51,567.29,74.78,216.75,1,-1,-1,-1
736,58,1120.27,486.22,73.14,197.08,1,-1,-1,-1
736,60,625.10,509.87,77.06,194.89,1,-1,-1,-1
736,62,1105.51,427.17,56.55,176.30,1,-1,-1,-1
737,1,478.01,498.28,86.02,229.38,1,-1,-1,-1
737,9,1236.72,497.18,90.87,221.25,1,-1,-1,-1
737,10,570.62,463.60,58.40,161.51,1,-1,-1,-1
737,13,896.49,542.12,92.64,229.29,1,-1,-1,-1
737,15,875.21,468.93,63.17,164.53,1,-1,-1,-1
737,23,672.70,424.02,65.56,189.52,1,-1,-1,-1
737,25,902.99,426.73,62.44,152.95,1,-1,-1,-1
737,26,1470.97,540.36,72.92,233.90,1,-1,-1,-1
737,28,680.52,424.98,56.48,182.83,1,-1,-1,-1
737,39,1007.05,433.92,74.40,199.89,1,-1,-1,-1
737,41,873.26,470.77,69.19,192.53,1,-1,-1,-1
737,50,786.72,435.75,73.96,199.04,1,-1,-1,-1
737,51,1278.56,465.66,58.21,168.70,1,-1,-1,-1
737,56,299.47,565.23,75.16,217.65,1,-1,-1,-1
737,58,1119.90,488.44,73.53,196.17,1,-1,-1,-1
737,60,625.90,505.83,76.15,199.41,1,-1,-1,-1
737,62,1106.82,428.32,54.58,174.13,1,-1,-1,-1
738,1,477.44,500.12,85.90,228.34,1,-1,-1,-1
738,9,1236.62,500.57,91.75,218.78,1,-1,-1,-1
738,10,572.16,462.26,59.54,164.08,1,-1,-1,-1
738,13,892.42,543.43,96.99,228.78,1,-1,-1,-1
738,15,876.35,469.70,61.76,169.70,1,-1,-1,-1
738,23,672.70,424.02,65.56,189.52,1,-1,-1,-1
738,25,902.99,426.73,62.44,152.95,1,-1,-1,-1
738,26,1471.38,540.26,72.43,235.05,1,-1,-1,-1
738,28,681.11,425.79,59.41,183.83,1,-1,-1,-1
738,39,1003.86,435.76,78.58,197.48,1,-1,-1,-1
738,41,873.26,470.77,69.19,192.53,1,-1,-1,-1
738,50,785.56,436.73,73.08,199.41,1,-1,-1,-1
738,51,1275.57,465.79,59.54,168.07,1,-1,-1,-1
738,56,296.82,565.42,78.89,218.91,1,-1,-1,-1
738,58,1120.05,490.62,72.62,194.65,1,-1,-1,-1
738,60,625.07,501.07,76.23,203.60,1,-1,-1,-1
738,62,1106.34,430.17,55.04,172.38,1,-1,-1,-1
739,1,476.88,501.26,87.48,227.62,1,-1,-1,-1
739,9,1235.48,502.81,94.51,217.16,1,-1,-1,-1
739,10,571.09,461.42,63.79,165.82,1,-1,-1,-1
739,13,894.18,544.75,94.51,227.57,1,-1,-1,-1
739,15,875.27,468.49,66.66,193.06,1,-1,-1,-1
739,23,677.31,425.43,65.84,183.53,1,-1,-1,-1
739,25,902.99,426.73,62.44,152.95,1,-1,-1,-1
739,26,1471.85,541.23,72.84,234.29,1,-1,-1,-1
739,28,679.37,424.18,62.44,186.97,1,-1,-1,-1
739,31,767.03,439.38,67.18,191.40,1,-1,-1,-1
739,39,1002.31,438.89,80.79,194.87,1,-1,-1,-1
739,41,874.42,469.47,70.19,198.70,1,-1,-1,-1
739,50,784.32,437.03,76.61,198.94,1,-1,-1,-1
739,51,1274.36,466.09,60.20,167.48,1,-1,-1,-1
739,52,568.87,460.63,68.09,166.82,1,-1,-1,-1
739,56,295.16,567.14,82.27,217.31,1,-1,-1,-1
739,58,1120.47,493.36,71.86,192.25,1,-1,-1,-1
739,60,625.38,497.60,81.12,208.26,1,-1,-1,-1
739,62,1104.73,431.77,57.38,169.82,1,-1,-1,-1
740,1,476.58,504.53,89.82,224.80,1,-1,-1,-1
740,9,1237.50,508.23,92.45,212.33,1,-1,-1,-1
740,10,570.28,465.43,68.47,162.93,1,-1,-1,-1
740,13,895.13,548.48,88.88,224.38,1,-1,-1,-1
740,15,872.86,472.45,69.01,188.62,1,-1,-1,-1
740,23,677.31,425.43,65.84,183.53,1,-1,-1,-1
740,25,894.67,433.86,62.58,156.67,1,-1,-1,-1
740,26,1471.08,544.70,73.96,231.68,1,-1,-1,-1
740,28,677.10,426.93,63.48,180.41,1,-1,-1,-1
740,31,767.03,439.38,67.18,191.40,1,-1,-1,-1
740,39,1001.54,439.48,84.09,195.03,1,-1,-1,-1
740,41,872.73,472.75,73.17,196.52,1,-1,-1,-1
740,50,781.91,437.59,83.72,199.07,1,-1,-1,-1
740,51,1271.03,468.65,63.46,164.75,1,-1,-1,-1
740,52,567.38,461.61,72.15,165.92,1,-1,-1,-1
740,56,290.32,572.62,89.37,213.18,1,-1,-1,-1
740,58,1119.20,496.67,73.38,190.33,1,-1,-1,-1
740,60,623.43,504.21,88.72,203.38,1,-1,-1,-1
740,62,1100.94,433.26,62.53,169.90,1,-1,-1,-1
741,1,476.58,504.53,89.82,224.80,1,-1,-1,-1
741,9,1238.66,511.35,90.47,209.51,1,-1,-1,-1
741,10,568.44,467.46,72.86,161.41,1,-1,-1,-1
741,13,895.12,549.22,86.97,223.53,1,-1,-1,-1
741,15,871.00,477.12,70.82,188.98,1,-1,-1,-1
741,23,677.31,425.43,65.84,183.53,1,-1,-1,-1
741,25,891.94,434.90,64.31,157.25,1,-1,-1,-1
741,26,1470.81,545.97,74.72,231.36,1,-1,-1,-1
741,28,675.89,428.52,64.74,178.07,1,-1,-1,-1
741,31,767.03,439.38,67.18,191.40,1,-1,-1,-1
741,39,1002.19,439.01,83.31,195.44,1,-1,-1,-1
741,41,871.11,478.24,71.99,191.21,1,-1,-1,-1
741,50,780.46,438.56,86.48,198.37,1,-1,-1,-1
741,51,1271.32,470.68,61.49,152.02,1,-1,-1,-1
741,52,565.51,465.03,76.67,163.20,1,-1,-1,-1
741,56,288.09,576.31,91.58,210.07,1,-1,-1,-1
741,58,1119.41,499.37,73.86,187.45,1,-1,-1,-1
741,60,620.87,503.27,91.95,203.23,1,-1,-1,-1
741,62,1097.42,431.74,63.20,170.15,1,-1,-1,-1
742,1,476.58,504.53,89.82,224.80,1,-1,-1,-1
742,9,1237.72,504.29,89.97,216.14,1,-1,-1,-1
742,10,568.44,467.46,72.86,161.41,1,-1,-1,-1
742,13,893.21,550.84,85.40,221.40,1,-1,-1,-1
742,15,871.00,477.12,70.82,188.98,1,-1,-1,-1
742,23,677.31,425.43,65.84,183.53,1,-1,-1,-1
742,25,893.12,434.26,62.24,154.36,1,-1,-1,-1
742,26,1469.86,546.82,75.84,229.76,1,-1,-1,-1
742,28,675.02,430.59,68.93,179.88,1,-1,-1,-1
742,31,767.03,439.38,67.18,191.40,1,-1,-1,-1
742,39,1002.66,438.18,80.67,195.27,1,-1,-1,-1
742,41,866.23,475.81,72.61,196.43,1,-1,-1,-1
742,50,780.82,436.23,80.37,200.86,1,-1,-1,-1
742,51,1272.22,469.50,60.22,164.42,1,-1,-1,-1
742,52,562.24,466.15,75.52,162.20,1,-1,-1,-1
742,56,286.83,577.00,90.96,209.93,1,-1,-1,-1
742,58,1119.01,499.03,73.69,188.14,1,-1,-1,-1
742,60,616.39,504.30,93.41,202.16,1,-1,-1,-1
742,62,1095.10,429.94,63.11,172.50,1,-1,-1,-1
742,64,466.25,506.57,99.24,222.07,1,-1,-1,-1
743,1,476.58,504.53,89.82,224.80,1,-1,-1,-1
743,9,1237.04,501.89,90.33,217.71,1,-1,-1,-1
743,10,561.46,463.38,71.82,162.43,1,-1,-1,-1
743,13,892.42,548.91,85.77,222.16,1,-1,-1,-1
743,15,871.00,477.12,70.82,188.98,1,-1,-1,-1
743,23,677.31,425.43,65.84,183.53,1,-1,-1,-1
743,25,893.83,432.62,61.65,159.51,1,-1,-1,-1
743,26,1470.06,546.64,74.50,229.53,1,-1,-1,-1
743,28,673.95,431.41,71.22,180.54,1,-1,-1,-1
743,31,767.03,439.38,67.18,191.40,1,-1,-1,-1
743,39,1002.07,436.16,78.91,197.74,1,-1,-1,-1
743,41,866.26,471.59,72.96,201.70,1,-1,-1,-1
743,50,780.53,434.37,78.34,202.17,1,-1,-1,-1
743,51,1271.69,467.41,61.10,167.80,1,-1,-1,-1
743,52,561.46,464.72,71.58,163.87,1,-1,-1,-1
743,56,287.28,575.51,90.11,211.33,1,-1,-1,-1
743,58,1118.67,495.92,75.67,191.44,1,-1,-1,-1
743,60,615.80,505.47,93.98,199.97,1,-1,-1,-1
743,62,1097.15,430.61,64.57,170.61,1,-1,-1,-1
743,64,463.90,503.16,100.02,225.38,1,-1,-1,-1
744,1,476.58,504.53,89.82,224.80,1,-1,-1,-1
744,9,1238.43,497.31,89.75,220.05,1,-1,-1,-1
744,10,562.76,457.89,69.15,166.25,1,-1,-1,-1
744,13,887.74,544.28,92.30,225.57,1,-1,-1,-1
744,15,871.00,477.12,70.82,188.98,1,-1,-1,-1
744,23,677.31,425.43,65.84,183.53,1,-1,-1,-1
744,25,889.58,427.61,65.22,181.54,1,-1,-1,-1
744,26,1467.66,544.78,76.24,231.38,1,-1,-1,-1
744,28,672.81,431.85,72.83,180.38,1,-1,-1,-1
744,31,767.03,439.38,67.18,191.40,1,-1,-1,-1
744,39,1001.17,432.12,76.79,201.13,1,-1,-1,-1
744,41,865.20,469.08,76.76,203.01,1,-1,-1,-1
744,50,783.63,432.57,74.48,203.72,1,-1,-1,-1
744,51,1269.64,463.43,65.67,172.24,1,-1,-1,-1
744,52,562.36,459.41,70.09,167.57,1,-1,-1,-1
744,56,288.84,567.34,88.81,217.65,1,-1,-1,-1
744,58,1119.95,491.63,74.62,192.39,1,-1,-1,-1
744,60,615.76,508.93,94.94,196.78,1,-1,-1,-1
744,62,1096.10,424.48,69.39,179.99,1,-1,-1,-1
744,64,462.96,500.06,97.91,229.14,1,-1,-1,-1
745,1,476.58,504.53,89.82,224.80,1,-1,-1,-1
745,9,1239.50,496.10,87.97,220.48,1,-1,-1,-1
745,10,562.92,456.12,67.98,169.98,1,-1,-1,-1
745,13,885.24,542.77,95.96,225.59,1,-1,-1,-1
745,15,871.00,477.12,70.82,188.98,1,-1,-1,-1
745,25,888.66,423.49,66.34,187.93,1,-1,-1,-1
745,26,1465.50,542.12,79.01,232.29,1,-1,-1,-1
745,28,672.27,431.97,73.63,180.06,1,-1,-1,-1
745,39,1001.86,430.39,74.00,202.53,1,-1,-1,-1
745,41,863.39,469.38,79.20,203.95,1,-1,-1,-1
745,50,783.30,433.02,72.99,202.82,1,-1,-1,-1
745,51,1270.82,463.39,67.33,169.93,1,-1,-1,-1
745,52,562.09,457.36,69.44,170.49,1,-1,-1,-1
745,56,290.85,566.57,87.24,217.94,1,-1,-1,-1
745,58,1121.91,491.13,72.32,191.76,1,-1,-1,-1
745,60,611.48,507.53,99.60,199.79,1,-1,-1,-1
745,62,1095.96,424.07,70.67,179.56,1,-1,-1,-1
745,64,463.18,499.44,97.96,231.70,1,-1,-1,-1
746,9,1239.26,494.16,89.69,221.97,1,-1,-1,-1
746,10,562.92,456.12,67.98,169.98,1,-1,-1,-1
746,13,880.03,541.10,99.39,228.06,1,-1,-1,-1
746,15,871.00,477.12,70.82,188.98,1,-1,-1,-1
746,25,889.88,424.09,65.22,184.38,1,-1,-1,-1
746,26,1457.04,541.09,91.92,232.95,1,-1,-1,-1
746,28,671.23,429.56,72.52,184.24,1,-1,-1,-1
746,39,1002.91,430.48,70.40,202.71,1,-1,-1,-1
746,41,862.11,469.72,81.37,202.24,1,-1,-1,-1
746,50,780.16,432.69,76.55,204.77,1,-1,-1,-1
746,51,1272.93,462.63,67.61,171.71,1,-1,-1,-1
746,52,563.04,456.13,67.69,172.84,1,-1,-1,-1
746,56,292.15,565.53,82.32,218.71,1,-1,-1,-1
746,58,1125.98,492.07,67.27,189.10,1,-1,-1,-1
746,60,614.24,505.60,97.40,203.44,1,-1,-1,-1
746,62,1096.08,425.04,67.80,176.27,1,-1,-1,-1
746,64,463.66,498.10,93.45,232.92,1,-1,-1,-1
747,9,1239.48,494.07,88.44,221.72,1,-1,-1,-1
747,10,562.92,456.12,67.98,169.98,1,-1,-1,-1
747,13,879.86,539.55,97.73,229.16,1,-1,-1,-1
747,25,893.31,426.01,59.03,159.25,1,-1,-1,-1
747,26,1455.05,541.89,95.47,233.18,1,-1,-1,-1
747,28,671.48,428.36,70.98,184.07,1,-1,-1,-1
747,39,1002.51,431.62,69.18,201.88,1,-1,-1,-1
747,41,861.44,469.91,82.42,201.20,1,-1,-1,-1
747,48,888.39,424.40,66.83,183.01,1,-1,-1,-1
747,50,777.37,431.78,80.20,205.12,1,-1,-1,-1
747,51,1273.97,462.94,65.57,169.01,1,-1,-1,-1
747,52,563.20,455.51,66.10,172.62,1,-1,-1,-1
747,56,292.10,566.25,81.30,217.35,1,-1,-1,-1
747,58,1127.83,493.15,64.83,188.41,1,-1,-1,-1
747,60,615.14,503.13,95.29,207.25,1,-1,-1,-1
747,62,1096.34,426.87,64.57,172.45,1,-1,-1,-1
747,64,463.87,497.65,90.47,233.26,1,-1,-1,-1
748,9,1238.14,493.90,89.88,221.22,1,-1,-1,-1
748,10,562.92,456.12,67.98,169.98,1,-1,-1,-1
748,13,877.51,536.84,95.38,232.98,1,-1,-1,-1
748,25,892.07,423.86,60.31,164.25,1,-1,-1,-1
748,26,1454.53,541.44,95.98,235.04,1,-1,-1,-1
748,28,667.18,423.95,75.07,189.66,1,-1,-1,-1
748,39,999.56,431.58,71.55,201.21,1,-1,-1,-1
748,41,860.34,469.43,81.56,202.44,1,-1,-1,-1
748,48,888.39,424.40,66.83,183.01,1,-1,-1,-1
748,50,775.79,432.46,83.22,202.10,1,-1,-1,-1
748,51,1273.76,462.46,64.70,169.00,1,-1,-1,-1
748,52,563.88,456.61,66.08,169.67,1,-1,-1,-1
748,56,290.07,566.12,78.50,216.22,1,-1,-1,-1
748,58,1126.72,491.73,66.56,191.32,1,-1,-1,-1
748,60,622.57,499.99,83.00,211.43,1,-1,-1,-1
748,62,1095.30,427.14,64.45,172.58,1,-1,-1,-1
748,64,463.35,497.94,87.73,229.90,1,-1,-1,-1
749,9,1236.76,494.65,90.08,219.94,1,-1,-1,-1
749,10,562.92,456.12,67.98,169.98,1,-1,-1,-1
749,13,879.86,536.68,90.58,233.42,1,-1,-1,-1
749,25,891.35,423.14,61.52,170.62,1,-1,-1,-1
749,26,1454.39,541.70,95.05,235.36,1,-1,-1,-1
749,28,667.79,422.01,75.06,193.44,1,-1,-1,-1
749,39,996.54,431.48,72.85,202.03,1,-1,-1,-1
749,41,859.59,468.67,81.16,204.35,1,-1,-1,-1
749,48,888.39,424.40,66.83,183.01,1,-1,-1,-1
749,50,776.30,433.41,82.41,200.21,1,-1,-1,-1
749,51,1273.24,462.58,63.89,170.06,1,-1,-1,-1
749,52,563.37,458.05,62.64,168.18,1,-1,-1,-1
749,56,290.43,566.80,78.39,216.18,1,-1,-1,-1
749,58,1127.49,491.28,65.79,192.24,1,-1,-1,-1
749,60,625.31,502.64,76.08,209.13,1,-1,-1,-1
749,62,1094.78,428.35,63.71,170.15,1,-1,-1,-1
749,64,463.50,498.50,88.41,229.09,1,-1,-1,-1
750,9,1235.52,502.90,86.27,212.77,1,-1,-1,-1
750,10,562.92,456.12,67.98,169.98,1,-1,-1,-1
750,13,879.85,536.72,89.83,234.32,1,-1,-1,-1
750,25,891.04,422.10,63.00,178.40,1,-1,-1,-1
750,26,1453.73,543.12,93.22,234.23,1,-1,-1,-1
750,28,668.83,419.98,73.58,196.06,1,-1,-1,-1
750,39,993.90,433.37,74.85,200.50,1,-1,-1,-1
750,41,859.79,468.04,81.60,203.74,1,-1,-1,-1
750,48,888.39,424.40,66.83,183.01,1,-1,-1,-1
750,50,776.89,434.60,81.98,199.74,1,-1,-1,-1
750,51,1271.78,464.70,64.61,170.65,1,-1,-1,-1
750,52,555.67,458.64,66.23,170.59,1,-1,-1,-1
750,56,288.95,568.86,76.98,214.88,1,-1,-1,-1
750,58,1126.66,491.72,69.07,192.50,1,-1,-1,-1
750,60,626.24,499.14,71.32,213.06,1,-1,-1,-1
750,62,1094.78,428.35,63.71,170.15,1,-1,-1,-1
750,64,463.94,499.85,88.51,230.68,1,-1,-1,-1
751,9,1235.14,503.10,85.18,213.71,1,-1,-1,-1
751,13,879.54,537.27,90.62,234.05,1,-1,-1,-1
751,25,890.06,421.88,63.68,178.46,1,-1,-1,-1
751,26,1452.43,544.58,94.08,232.99,1,-1,-1,-1
751,28,669.02,418.83,74.18,196.25,1,-1,-1,-1
751,39,993.56,435.04,75.66,199.90,1,-1,-1,-1
751,41,860.64,469.65,80.93,199.85,1,-1,-1,-1
751,48,888.39,424.40,66.83,183.01,1,-1,-1,-1
751,50,776.33,435.68,82.12,199.90,1,-1,-1,-1
751,51,1271.73,466.24,63.13,166.98,1,-1,-1,-1
751,52,551.79,460.54,65.65,169.06,1,-1,-1,-1
751,56,288.88,570.17,78.20,213.14,1,-1,-1,-1
751,58,1126.94,493.22,68.76,190.67,1,-1,-1,-1
751,60,625.68,496.13,71.36,215.96,1,-1,-1,-1
751,62,1092.29,434.05,63.75,166.54,1,-1,-1,-1
751,64,463.78,500.41,88.03,232.00,1,-1,-1,-1
752,9,1234.66,507.34,87.75,209.39,1,-1,-1,-1
752,10,548.40,463.13,68.74,165.79,1,-1,-1,-1
752,13,878.27,541.39,91.93,230.25,1,-1,-1,-1
752,20,1085.67,433.77,77.51,171.56,1,-1,-1,-1
752,25,887.67,418.04,68.42,177.79,1,-1,-1,-1
752,26,1452.66,548.55,93.16,229.77,1,-1,-1,-1
752,28,665.36,418.93,78.38,196.98,1,-1,-1,-1
752,39,992.36,437.78,77.75,197.20,1,-1,-1,-1
752,41,861.52,474.31,81.85,193.37,1,-1,-1,-1
752,48,888.39,424.40,66.83,183.01,1,-1,-1,-1
752,50,774.01,437.89,83.24,197.73,1,-1,-1,-1
752,51,1270.24,470.61,64.16,168.69,1,-1,-1,-1
752,52,547.08,465.04,67.27,163.95,1,-1,-1,-1
752,56,288.88,570.17,78.20,213.14,1,-1,-1,-1
752,58,1123.93,500.03,73.85,184.13,1,-1,-1,-1
752,60,625.36,503.94,71.85,208.08,1,-1,-1,-1
752,62,1089.82,436.80,68.13,163.62,1,-1,-1,-1
752,64,461.47,505.09,85.82,230.34,1,-1,-1,-1
753,9,1235.06,509.41,84.57,208.05,1,-1,-1,-1
753,10,540.35,464.11,76.28,164.89,1,-1,-1,-1
753,13,876.14,543.16,93.83,228.51,1,-1,-1,-1
753,20,1088.50,432.61,81.99,173.72,1,-1,-1,-1
753,25,887.67,418.04,68.42,177.79,1,-1,-1,-1
753,26,1452.50,550.94,93.73,227.16,1,-1,-1,-1
753,28,660.71,419.75,82.73,194.80,1,-1,-1,-1
753,39,992.29,437.88,76.84,196.56,1,-1,-1,-1
753,41,862.40,477.82,81.89,189.54,1,-1,-1,-1
753,50,773.78,438.51,81.57,197.41,1,-1,-1,-1
753,51,1269.71,472.15,64.06,165.70,1,-1,-1,-1
753,52,547.08,465.04,67.27,163.95,1,-1,-1,-1
753,56,285.68,575.30,85.01,209.50,1,-1,-1,-1
753,58,1123.30,502.49,76.07,181.56,1,-1,-1,-1
753,60,626.75,517.54,71.78,195.00,1,-1,-1,-1
753,62,1089.51,437.49,68.52,163.87,1,-1,-1,-1
753,64,458.54,507.55,93.51,227.77,1,-1,-1,-1
754,9,1234.46,509.25,83.04,208.69,1,-1,-1,-1
754,10,540.35,464.11,76.28,164.89,1,-1,-1,-1
754,13,872.68,544.06,96.11,226.98,1,-1,-1,-1
754,15,862.94,476.48,81.22,194.50,1,-1,-1,-1
754,20,1087.56,435.21,82.45,171.78,1,-1,-1,-1
754,25,887.67,418.04,68.42,177.79,1,-1,-1,-1
754,26,1452.12,556.47,91.82,221.83,1,-1,-1,-1
754,28,656.37,423.78,85.01,193.89,1,-1,-1,-1
754,39,994.92,439.23,72.15,195.16,1,-1,-1,-1
754,41,862.66,474.31,84.30,197.94,1,-1,-1,-1
754,50,774.37,437.10,79.43,199.09,1,-1,-1,-1
754,51,1269.49,473.20,62.64,162.46,1,-1,-1,-1
754,52,544.52,465.58,72.19,163.36,1,-1,-1,-1
754,56,284.28,575.81,83.88,208.60,1,-1,-1,-1
754,58,1123.46,505.14,76.14,178.58,1,-1,-1,-1
754,60,627.23,509.26,81.15,203.31,1,-1,-1,-1
754,62,1088.12,439.37,70.56,162.20,1,-1,-1,-1
754,64,458.81,511.69,87.68,223.78,1,-1,-1,-1
755,9,1234.99,504.79,84.22,212.64,1,-1,-1,-1
755,10,540.35,464.11,76.28,164.89,1,-1,-1,-1
755,13,875.36,544.81,92.53,226.01,1,-1,-1,-1
755,15,862.94,476.48,81.22,194.50,1,-1,-1,-1
755,20,1087.56,435.21,82.45,171.78,1,-1,-1,-1
755,25,887.67,418.04,68.42,177.79,1,-1,-1,-1
755,26,1452.20,556.77,91.34,221.52,1,-1,-1,-1
755,28,654.03,425.63,85.06,192.48,1,-1,-1,-1
755,39,997.35,436.19,68.51,198.26,1,-1,-1,-1
755,41,862.95,474.73,83.75,194.80,1,-1,-1,-1
755,50,775.81,435.87,76.38,199.98,1,-1,-1,-1
755,51,1269.80,472.08,61.94,157.17,1,-1,-1,-1
755,52,545.74,464.25,70.00,164.45,1,-1,-1,-1
755,56,285.52,574.83,80.07,209.83,1,-1,-1,-1
755,58,1123.85,503.96,75.26,180.38,1,-1,-1,-1
755,60,627.47,519.43,76.99,193.05,1,-1,-1,-1
755,62,1088.33,437.87,68.65,162.68,1,-1,-1,-1
755,64,460.11,509.51,83.94,225.42,1,-1,-1,-1
756,9,1238.28,495.54,80.95,221.77,1,-1,-1,-1
756,10,540.35,464.11,76.28,164.89,1,-1,-1,-1
756,13,857.64,543.82,107.62,226.31,1,-1,-1,-1
756,15,865.13,469.66,74.57,182.00,1,-1,-1,-1
756,20,1087.56,435.21,82.45,171.78,1,-1,-1,-1
756,25,887.67,418.04,68.42,177.79,1,-1,-1,-1
756,26,1453.41,553.88,88.34,224.94,1,-1,-1,-1
756,28,657.98,428.46,79.53,186.48,1,-1,-1,-1
756,39,999.65,431.18,61.38,203.34,1,-1,-1,-1
756,41,862.16,469.90,82.78,180.44,1,-1,-1,-1
756,50,778.41,433.94,73.01,201.11,1,-1,-1,-1
756,51,1270.81,468.34,60.33,159.34,1,-1,-1,-1
756,52,547.86,461.90,68.10,168.33,1,-1,-1,-1
756,56,288.22,570.46,74.25,212.78,1,-1,-1,-1
756,58,1123.70,499.58,73.64,184.57,1,-1,-1,-1
756,60,627.13,522.29,73.50,190.12,1,-1,-1,-1
756,62,1089.81,435.43,65.49,165.72,1,-1,-1,-1
756,64,465.02,502.80,80.39,233.24,1,-1,-1,-1
757,9,1240.28,492.25,78.92,224.63,1,-1,-1,-1
757,10,540.35,464.11,76.28,164.89,1,-1,-1,-1
757,13,860.36,541.79,104.89,228.58,1,-1,-1,-1
757,15,864.02,469.69,78.75,187.39,1,-1,-1,-1
757,20,1087.56,435.21,82.45,171.78,1,-1,-1,-1
757,25,887.67,418.04,68.42,177.79,1,-1,-1,-1
757,26,1453.40,551.41,87.94,226.19,1,-1,-1,-1
757,28,659.06,430.48,75.43,186.82,1,-1,-1,-1
757,39,1000.42,430.14,59.87,204.21,1,-1,-1,-1
757,41,862.16,469.90,82.78,180.44,1,-1,-1,-1
757,50,779.81,433.09,70.37,201.26,1,-1,-1,-1
757,51,1268.27,467.33,61.09,163.44,1,-1,-1,-1
757,52,548.27,458.65,69.13,171.27,1,-1,-1,-1
757,56,289.89,567.90,70.27,213.86,1,-1,-1,-1
757,58,1124.77,495.39,69.53,188.20,1,-1,-1,-1
757,60,628.42,522.24,70.39,189.97,1,-1,-1,-1
757,62,1091.43,433.36,63.73,168.34,1,-1,-1,-1
757,64,467.41,498.88,75.97,236.25,1,-1,-1,-1
758,9,1241.75,493.78,75.32,223.03,1,-1,-1,-1
758,10,551.78,455.87,61.36,172.66,1,-1,-1,-1
758,13,874.76,545.50,92.90,224.66,1,-1,-1,-1
758,15,871.96,471.89,62.65,178.26,1,-1,-1,-1
758,20,1087.56,435.21,82.45,171.78,1,-1,-1,-1
758,23,665.21,429.52,68.37,186.90,1,-1,-1,-1
758,25,883.05,425.40,65.95,177.06,1,-1,-1,-1
758,26,1453.09,544.59,86.78,232.72,1,-1,-1,-1
758,28,659.13,430.43,73.63,186.80,1,-1,-1,-1
758,39,999.76,424.57,61.16,210.58,1,-1,-1,-1
758,41,862.16,469.90,82.78,180.44,1,-1,-1,-1
758,50,780.36,433.09,69.01,200.67,1,-1,-1,-1
758,51,1265.86,465.49,61.21,161.17,1,-1,-1,-1
758,52,552.63,454.81,61.29,174.55,1,-1,-1,-1
758,56,290.80,562.57,69.20,219.33,1,-1,-1,-1
758,58,1130.07,492.84,61.63,190.03,1,-1,-1,-1
758,60,628.24,530.30,71.29,184.28,1,-1,-1,-1
758,62,1091.91,427.97,59.02,175.12,1,-1,-1,-1
758,64,463.35,499.01,77.86,234.60,1,-1,-1,-1
759,9,1242.13,492.81,73.26,224.35,1,-1,-1,-1
759,10,555.85,453.60,57.59,174.75,1,-1,-1,-1
759,13,877.65,548.46,89.71,220.90,1,-1,-1,-1
759,15,870.94,470.00,66.28,195.54,1,-1,-1,-1
759,20,1087.56,435.21,82.45,171.78,1,-1,-1,-1
759,23,663.69,429.46,68.57,187.21,1,-1,-1,-1
759,25,883.29,427.49,65.20,179.30,1,-1,-1,-1
759,26,1454.47,542.24,83.69,235.12,1,-1,-1,-1
759,28,665.60,429.89,66.94,186.05,1,-1,-1,-1
759,39,999.23,422.06,61.70,212.75,1,-1,-1,-1
759,41,870.89,469.47,63.95,190.35,1,-1,-1,-1
759,50,780.13,434.98,68.93,198.59,1,-1,-1,-1
759,51,1265.26,466.90,58.83,157.65,1,-1,-1,-1
759,52,555.55,452.73,58.56,177.84,1,-1,-1,-1
759,56,290.93,561.81,67.37,220.65,1,-1,-1,-1
759,58,1131.26,491.61,59.09,191.26,1,-1,-1,-1
759,60,628.14,519.13,69.76,194.12,1,-1,-1,-1
759,62,1092.62,426.96,56.34,175.65,1,-1,-1,-1
759,64,456.18,501.95,84.14,229.88,1,-1,-1,-1
760,9,1241.60,492.88,73.29,224.49,1,-1,-1,-1
760,10,556.83,454.87,59.79,173.59,1,-1,-1,-1
760,13,878.60,552.86,88.13,217.82,1,-1,-1,-1
760,15,869.29,474.01,69.96,196.92,1,-1,-1,-1
760,23,663.69,429.46,68.57,187.21,1,-1,-1,-1
760,25,885.37,423.81,63.48,180.21,1,-1,-1,-1
760,26,1451.92,542.13,85.22,235.96,1,-1,-1,-1
760,28,669.48,424.51,61.26,188.28,1,-1,-1,-1
760,39,996.35,428.04,66.52,207.57,1,-1,-1,-1
760,41,869.08,473.75,67.60,188.48,1,-1,-1,-1
760,50,779.76,436.68,71.01,197.48,1,-1,-1,-1
760,51,1259.79,466.23,62.12,154.54,1,-1,-1,-1
760,52,555.55,452.73,58.56,177.84,1,-1,-1,-1
760,56,289.66,561.40,67.51,218.99,1,-1,-1,-1
760,58,1131.69,492.49,58.69,190.52,1,-1,-1,-1
760,60,627.23,505.69,69.09,207.18,1,-1,-1,-1
760,62,1092.82,424.16,57.16,179.97,1,-1,-1,-1
760,64,434.50,498.62,103.78,231.84,1,-1,-1,-1
761,9,1241.66,495.54,72.53,221.74,1,-1,-1,-1
761,10,555.89,454.88,64.44,174.17,1,-1,-1,-1
761,13,880.14,555.61,85.68,215.06,1,-1,-1,-1
761,15,865.90,475.93,78.56,193.82,1,-1,-1,-1
761,23,663.69,429.46,68.57,187.21,1,-1,-1,-1
761,25,885.36,424.03,65.43,177.57,1,-1,-1,-1
761,26,1452.85,543.23,85.04,234.93,1,-1,-1,-1
761,28,671.55,421.65,58.13,190.57,1,-1,-1,-1
761,39,995.15,433.84,68.37,202.68,1,-1,-1,-1
761,41,869.08,473.75,67.60,188.48,1,-1,-1,-1
761,47,1250.68,468.75,72.93,176.78,1,-1,-1,-1
761,50,777.48,438.96,73.51,193.04,1,-1,-1,-1
761,51,1260.95,469.58,62.25,153.32,1,-1,-1,-1
761,52,555.55,452.73,58.56,177.84,1,-1,-1,-1
761,56,283.11,563.99,73.66,215.15,1,-1,-1,-1
761,58,1129.71,493.74,59.84,189.65,1,-1,-1,-1
761,60,624.20,500.77,73.39,211.81,1,-1,-1,-1
761,62,1092.66,425.10,59.20,179.18,1,-1,-1,-1
761,64,432.20,498.63,106.81,231.54,1,-1,-1,-1
762,9,1239.20,496.91,75.03,219.84,1,-1,-1,-1
762,10,548.74,455.78,91.67,173.71,1,-1,-1,-1
762,13,865.40,479.40,109.11,293.41,1,-1,-1,-1
762,15,865.90,475.93,78.56,193.82,1,-1,-1,-1
762,20,1089.01,431.57,70.02,177.14,1,-1,-1,-1
762,23,663.69,429.46,68.57,187.21,1,-1,-1,-1
762,25,881.34,417.34,69.19,185.25,1,-1,-1,-1
762,26,1451.99,549.65,86.97,228.46,1,-1,-1,-1
762,28,670.07,418.79,57.14,194.55,1,-1,-1,-1
762,39,987.31,430.52,80.13,206.84,1,-1,-1,-1
762,41,869.08,473.75,67.60,188.48,1,-1,-1,-1
762,47,1250.68,468.75,72.93,176.78,1,-1,-1,-1
762,50,774.17,440.97,80.74,192.34,1,-1,-1,-1
762,51,1252.76,471.88,71.07,177.57,1,-1,-1,-1
762,52,555.55,452.73,58.56,177.84,1,-1,-1,-1
762,56,268.76,566.28,88.93,213.75,1,-1,-1,-1
762,58,1127.73,497.21,64.84,185.99,1,-1,-1,-1
762,60,611.85,496.80,89.46,217.43,1,-1,-1,-1
762,62,1089.68,429.92,62.74,174.32,1,-1,-1,-1
762,64,430.14,508.24,110.35,222.91,1,-1,-1,-1
763,9,1237.54,496.55,78.48,220.38,1,-1,-1,-1
763,10,589.03,501.49,88.11,129.09,1,-1,-1,-1
763,13,861.12,471.52,113.68,301.54,1,-1,-1,-1
763,15,865.90,475.93,78.56,193.82,1,-1,-1,-1
763,20,1086.48,433.62,70.50,175.21,1,-1,-1,-1
763,23,663.69,429.46,68.57,187.21,1,-1,-1,-1
763,25,881.34,417.34,69.19,185.25,1,-1,-1,-1
763,26,1450.65,553.46,88.71,224.56,1,-1,-1,-1
763,28,669.73,419.09,57.45,193.32,1,-1,-1,-1
763,31,772.03,445.82,84.73,188.59,1,-1,-1,-1
763,39,984.13,431.94,84.58,205.21,1,-1,-1,-1
763,41,869.08,473.75,67.60,188.48,1,-1,-1,-1
763,47,1254.75,472.75,68.65,165.13,1,-1,-1,-1
763,50,772.87,450.27,82.01,182.51,1,-1,-1,-1
763,51,1250.34,473.11,73.14,185.32,1,-1,-1,-1
763,52,555.55,452.73,58.56,177.84,1,-1,-1,-1
763,56,264.71,568.66,93.36,213.79,1,-1,-1,-1
763,58,1122.84,498.39,70.97,184.59,1,-1,-1,-1
763,60,611.85,496.80,89.46,217.43,1,-1,-1,-1
763,62,1089.68,429.92,62.74,174.32,1,-1,-1,-1
763,64,429.28,512.13,113.54,219.70,1,-1,-1,-1
764,9,1236.78,494.15,83.34,222.82,1,-1,-1,-1
764,10,540.54,470.58,154.74,158.65,1,-1,-1,-1
764,13,860.32,477.41,112.73,295.31,1,-1,-1,-1
764,15,865.90,475.93,78.56,193.82,1,-1,-1,-1
764,20,1086.48,433.62,70.50,175.21,1,-1,-1,-1
764,23,663.64,423.54,65.60,194.43,1,-1,-1,-1
764,25,881.34,417.34,69.19,185.25,1,-1,-1,-1
764,26,1446.49,560.18,91.68,218.69,1,-1,-1,-1
764,28,666.62,422.35,61.13,190.58,1,-1,-1,-1
764,31,770.81,448.62,90.04,185.90,1,-1,-1,-1
764,39,984.70,452.74,80.93,183.64,1,-1,-1,-1
764,41,869.08,473.75,67.60,188.48,1,-1,-1,-1
764,47,1254.75,472.75,68.65,165.13,1,-1,-1,-1
764,50,771.35,450.79,86.27,182.22,1,-1,-1,-1
764,51,1250.34,473.11,73.14,185.32,1,-1,-1,-1
764,52,555.55,452.73,58.56,177.84,1,-1,-1,-1
764,56,256.60,575.41,102.43,206.91,1,-1,-1,-1
764,58,1112.56,505.68,81.48,177.24,1,-1,-1,-1
764,60,611.85,496.80,89.46,217.43,1,-1,-1,-1
764,62,1089.68,429.92,62.74,174.32,1,-1,-1,-1
764,64,431.72,527.02,112.26,204.90,1,-1,-1,-1
765,9,1234.23,486.00,89.89,231.12,1,-1,-1,-1
765,10,537.54,482.26,167.25,220.88,1,-1,-1,-1
765,13,852.45,484.68,120.46,288.05,1,-1,-1,-1
765,15,865.90,475.93,78.56,193.82,1,-1,-1,-1
765,20,1082.99,438.73,75.44,163.84,1,-1,-1,-1
765,23,663.18,425.33,67.04,193.03,1,-1,-1,-1
765,25,881.34,417.34,69.19,185.25,1,-1,-1,-1
765,26,1445.92,562.95,92.89,215.80,1,-1,-1,-1
765,28,665.50,424.75,63.69,187.86,1,-1,-1,-1
765,31,769.46,456.74,101.65,179.42,1,-1,-1,-1
765,39,983.06,452.15,82.14,184.27,1,-1,-1,-1
765,41,869.08,473.75,67.60,188.48,1,-1,-1,-1
765,47,1254.75,472.75,68.65,165.13,1,-1,-1,-1
765,50,769.99,459.99,86.01,173.41,1,-1,-1,-1
765,51,1250.34,473.11,73.14,185.32,1,-1,-1,-1
765,56,257.21,576.31,103.29,207.31,1,-1,-1,-1
765,58,1101.05,494.68,94.04,189.14,1,-1,-1,-1
765,60,611.85,496.80,89.46,217.43,1,-1,-1,-1
765,62,1089.68,429.92,62.74,174.32,1,-1,-1,-1
765,64,427.78,534.57,115.49,198.70,1,-1,-1,-1
766,9,1232.92,486.12,94.77,232.09,1,-1,-1,-1
766,10,523.73,472.10,181.01,220.19,1,-1,-1,-1
766,13,847.00,482.18,122.56,290.58,1,-1,-1,-1
766,15,865.90,475.93,78.56,193.82,1,-1,-1,-1
766,20,1082.45,438.46,74.32,162.83,1,-1,-1,-1
766,23,656.12,426.13,76.35,192.64,1,-1,-1,-1
766,25,881.34,417.34,69.19,185.25,1,-1,-1,-1
766,26,1441.20,566.91,97.59,212.02,1,-1,-1,-1
766,28,665.29,429.53,67.08,187.96,1,-1,-1,-1
766,31,770.28,465.27,96.72,170.72,1,-1,-1,-1
766,39,983.36,451.88,81.73,184.85,1,-1,-1,-1
766,47,1254.75,472.75,68.65,165.13,1,-1,-1,-1
766,50,769.89,466.11,86.90,167.93,1,-1,-1,-1
766,51,1250.34,473.11,73.14,185.32,1,-1,-1,-1
766,56,251.33,580.50,110.47,203.76,1,-1,-1,-1
766,58,1129.12,540.70,63.90,141.70,1,-1,-1,-1
766,60,611.85,496.80,89.46,217.43,1,-1,-1,-1
766,62,1089.68,429.92,62.74,174.32,1,-1,-1,-1
766,64,426.98,535.90,118.01,199.21,1,-1,-1,-1
767,9,1231.93,488.51,96.01,229.44,1,-1,-1,-1
767,10,531.63,494.69,173.58,216.46,1,-1,-1,-1
767,13,847.11,476.05,121.98,296.84,1,-1,-1,-1
767,20,1081.14,439.47,76.09,165.39,1,-1,-1,-1
767,23,656.49,429.18,76.48,190.80,1,-1,-1,-1
767,25,881.34,417.34,69.19,185.25,1,-1,-1,-1
767,26,1441.32,569.56,97.79,209.60,1,-1,-1,-1
767,28,664.71,431.50,68.09,186.46,1,-1,-1,-1
767,31,771.67,467.90,93.33,167.25,1,-1,-1,-1
767,39,982.14,450.91,82.34,185.77,1,-1,-1,-1
767,47,1254.75,472.75,68.65,165.13,1,-1,-1,-1
767,50,770.35,467.99,86.24,166.10,1,-1,-1,-1
767,51,1250.34,473.11,73.14,185.32,1,-1,-1,-1
767,56,250.04,582.96,112.05,201.29,1,-1,-1,-1
767,58,1132.31,540.51,61.23,142.06,1,-1,-1,-1
767,60,611.85,496.80,89.46,217.43,1,-1,-1,-1
767,62,1084.33,437.90,71.19,163.98,1,-1,-1,-1
767,64,427.61,539.18,117.30,194.98,1,-1,-1,-1
768,9,1232.39,488.97,96.24,229.28,1,-1,-1,-1
768,10,534.54,496.61,171.04,216.07,1,-1,-1,-1
768,13,847.24,480.32,121.71,291.58,1,-1,-1,-1
768,20,1078.90,438.18,78.56,162.58,1,-1,-1,-1
768,23,650.23,431.84,82.84,189.37,1,-1,-1,-1
768,26,1440.72,569.65,98.41,208.41,1,-1,-1,-1
768,28,664.71,431.50,68.09,186.46,1,-1,-1,-1
768,31,770.92,468.93,86.34,165.00,1,-1,-1,-1
768,39,983.66,453.47,80.74,182.91,1,-1,-1,-1
768,47,1254.75,472.75,68.65,165.13,1,-1,-1,-1
768,48,852.83,411.66,103.40,221.94,1,-1,-1,-1
768,50,771.65,468.04,89.07,167.29,1,-1,-1,-1
768,51,1250.34,473.11,73.14,185.32,1,-1,-1,-1
768,56,251.26,588.15,111.73,196.46,1,-1,-1,-1
768,58,1133.09,539.36,60.64,143.06,1,-1,-1,-1
768,62,1084.33,437.90,71.19,163.98,1,-1,-1,-1
768,64,426.85,539.54,118.19,195.00,1,-1,-1,-1
769,9,1230.61,488.67,99.15,229.27,1,-1,-1,-1
769,10,534.71,498.05,167.41,212.88,1,-1,-1,-1
769,13,846.39,482.74,123.79,289.02,1,-1,-1,-1
769,20,1079.75,437.61,78.84,163.30,1,-1,-1,-1
769,23,651.35,433.32,81.84,188.62,1,-1,-1,-1
769,26,1441.32,570.56,98.37,206.83,1,-1,-1,-1
769,28,664.71,431.50,68.09,186.46,1,-1,-1,-1
769,31,770.92,468.93,86.34,165.00,1,-1,-1,-1
769,39,983.18,452.53,81.21,183.94,1,-1,-1,-1
769,48,849.42,410.54,107.67,223.79,1,-1,-1,-1
769,50,770.14,468.56,86.32,165.34,1,-1,-1,-1
769,56,248.94,587.92,112.63,196.76,1,-1,-1,-1
769,58,1133.14,540.27,60.96,142.25,1,-1,-1,-1
769,62,1084.33,437.90,71.19,163.98,1,-1,-1,-1
769,64,426.36,540.67,117.61,193.27,1,-1,-1,-1
770,9,1230.02,488.77,98.53,228.66,1,-1,-1,-1
770,10,534.71,498.05,167.41,212.88,1,-1,-1,-1
770,13,847.79,482.43,120.58,289.65,1,-1,-1,-1
770,20,1084.09,436.18,68.83,164.52,1,-1,-1,-1
770,23,649.29,432.23,82.57,192.54,1,-1,-1,-1
770,26,1445.60,571.35,94.97,206.13,1,-1,-1,-1
770,28,664.71,431.50,68.09,186.46,1,-1,-1,-1
770,31,770.92,468.93,86.34,165.00,1,-1,-1,-1
770,39,984.20,452.66,80.03,184.01,1,-1,-1,-1
770,48,849.42,410.54,107.67,223.79,1,-1,-1,-1
770,50,769.02,467.11,85.15,166.36,1,-1,-1,-1
770,56,248.03,586.93,113.36,197.41,1,-1,-1,-1
770,58,1131.48,539.36,63.18,142.33,1,-1,-1,-1
770,62,1082.27,436.06,71.50,167.43,1,-1,-1,-1
770,64,427.31,537.82,116.80,196.03,1,-1,-1,-1
771,9,1230.11,487.21,96.23,229.99,1,-1,-1,-1
771,10,534.71,498.05,167.41,212.88,1,-1,-1,-1
771,13,852.05,481.57,115.51,290.38,1,-1,-1,-1
771,20,1084.70,435.86,65.36,163.94,1,-1,-1,-1
771,23,651.28,432.55,79.61,192.58,1,-1,-1,-1
771,26,1445.78,569.96,94.10,207.27,1,-1,-1,-1
771,28,664.71,431.50,68.09,186.46,1,-1,-1,-1
771,31,770.92,468.93,86.34,165.00,1,-1,-1,-1
771,39,986.49,455.48,77.50,180.43,1,-1,-1,-1
771,48,849.42,410.54,107.67,223.79,1,-1,-1,-1
771,50,768.75,469.55,84.79,165.08,1,-1,-1,-1
771,56,250.09,587.05,111.38,197.34,1,-1,-1,-1
771,58,1134.23,541.75,60.71,139.38,1,-1,-1,-1
771,62,1081.93,435.95,70.91,167.29,1,-1,-1,-1
771,64,427.54,539.48,115.41,193.69,1,-1,-1,-1
772,9,1225.27,486.97,98.50,229.91,1,-1,-1,-1
772,10,534.71,498.05,167.41,212.88,1,-1,-1,-1
772,13,852.05,481.57,115.51,290.38,1,-1,-1,-1
772,15,876.94,556.37,84.90,204.83,1,-1,-1,-1
772,20,1086.75,441.25,62.96,159.37,1,-1,-1,-1
772,23,654.10,432.84,76.33,192.08,1,-1,-1,-1
772,26,1442.51,575.06,99.35,201.92,1,-1,-1,-1
772,28,664.11,434.97,66.54,188.76,1,-1,-1,-1
772,31,770.92,468.93,86.34,165.00,1,-1,-1,-1
772,39,986.93,455.70,76.79,179.90,1,-1,-1,-1
772,41,851.12,485.95,101.72,181.81,1,-1,-1,-1
772,48,849.42,410.54,107.67,223.79,1,-1,-1,-1
772,50,768.75,468.06,82.89,165.15,1,-1,-1,-1
772,52,531.84,476.14,85.01,153.46,1,-1,-1,-1
772,56,250.65,588.28,112.86,196.66,1,-1,-1,-1
772,58,1126.10,527.76,69.42,154.55,1,-1,-1,-1
772,62,1081.93,435.95,70.91,167.29,1,-1,-1,-1
772,64,427.77,537.27,117.53,195.83,1,-1,-1,-1
773,9,1220.95,487.69,103.19,229.32,1,-1,-1,-1
773,10,534.71,498.05,167.41,212.88,1,-1,-1,-1
773,13,851.90,486.01,114.16,286.68,1,-1,-1,-1
773,15,876.94,556.37,84.90,204.83,1,-1,-1,-1
773,20,1085.32,439.37,65.81,161.90,1,-1,-1,-1
773,23,655.01,432.57,75.78,191.06,1,-1,-1,-1
773,26,1441.06,576.61,102.17,200.19,1,-1,-1,-1
773,28,664.08,434.83,66.50,188.00,1,-1,-1,-1
773,31,770.92,468.93,86.34,165.00,1,-1,-1,-1
773,39,985.58,452.34,78.52,183.81,1,-1,-1,-1
773,41,851.12,485.95,101.72,181.81,1,-1,-1,-1
773,48,849.42,410.54,107.67,223.79,1,-1,-1,-1
773,50,769.12,465.19,86.60,167.01,1,-1,-1,-1
773,52,530.04,477.78,83.14,153.05,1,-1,-1,-1
773,56,251.19,587.88,112.60,197.40,1,-1,-1,-1
773,58,1130.24,524.30,65.64,157.53,1,-1,-1,-1
773,62,1081.93,435.95,70.91,167.29,1,-1,-1,-1
773,64,428.54,534.42,119.62,198.84,1,-1,-1,-1
774,9,1220.21,490.86,103.73,225.81,1,-1,-1,-1
774,10,534.71,498.05,167.41,212.88,1,-1,-1,-1
774,13,851.90,486.01,114.16,286.68,1,-1,-1,-1
774,15,875.99,569.77,91.42,200.39,1,-1,-1,-1
774,20,1083.34,447.35,66.10,154.32,1,-1,-1,-1
774,23,658.87,433.85,71.58,187.10,1,-1,-1,-1
774,26,1438.12,578.26,106.80,198.65,1,-1,-1,-1
774,28,664.92,435.15,65.99,185.36,1,-1,-1,-1
774,31,757.42,468.16,107.32,165.71,1,-1,-1,-1
774,39,987.82,457.49,77.34,179.04,1,-1,-1,-1
774,41,836.68,489.60,105.90,179.31,1,-1,-1,-1
774,48,849.42,410.54,107.67,223.79,1,-1,-1,-1
774,50,769.12,465.19,86.60,167.01,1,-1,-1,-1
774,52,530.86,473.59,85.20,157.75,1,-1,-1,-1
774,53,1104.02,504.12,93.65,179.78,1,-1,-1,-1
774,56,251.03,590.20,114.45,195.39,1,-1,-1,-1
774,58,1130.24,524.30,65.64,157.53,1,-1,-1,-1
774,60,590.59,513.43,109.94,198.29,1,-1,-1,-1
774,62,1081.93,435.95,70.91,167.29,1,-1,-1,-1
774,64,428.55,532.32,119.78,200.89,1,-1,-1,-1
775,9,1219.23,492.39,104.95,223.83,1,-1,-1,-1
775,10,531.16,474.39,93.17,164.14,1,-1,-1,-1
775,13,851.90,486.01,114.16,286.68,1,-1,-1,-1
775,15,880.30,570.76,88.65,200.08,1,-1,-1,-1
775,20,1083.34,447.35,66.10,154.32,1,-1,-1,-1
775,23,656.38,433.47,74.71,188.93,1,-1,-1,-1
775,26,1436.59,578.84,107.53,198.28,1,-1,-1,-1
775,28,665.21,434.39,66.12,186.61,1,-1,-1,-1
775,31,751.64,462.55,108.40,170.05,1,-1,-1,-1
775,39,988.06,453.73,78.20,182.79,1,-1,-1,-1
775,41,831.39,490.07,105.86,181.99,1,-1,-1,-1
775,50,781.59,467.62,77.29,164.25,1,-1,-1,-1
775,52,560.47,493.91,60.61,134.92,1,-1,-1,-1
775,53,1111.56,515.59,85.74,167.73,1,-1,-1,-1
775,56,251.29,590.49,113.13,194.57,1,-1,-1,-1
775,58,1130.24,524.30,65.64,157.53,1,-1,-1,-1
775,60,596.17,513.28,103.69,198.56,1,-1,-1,-1
775,62,1081.93,435.95,70.91,167.29,1,-1,-1,-1
775,64,428.25,532.74,120.99,201.19,1,-1,-1,-1
776,9,1217.14,494.80,105.17,222.12,1,-1,-1,-1
776,10,531.35,467.71,82.00,164.58,1,-1,-1,-1
776,13,851.90,486.01,114.16,286.68,1,-1,-1,-1
776,15,886.87,579.60,81.87,191.19,1,-1,-1,-1
776,20,1083.34,447.35,66.10,154.32,1,-1,-1,-1
776,23,651.74,429.53,79.06,185.45,1,-1,-1,-1
776,26,1435.00,580.24,110.28,196.90,1,-1,-1,-1
776,28,664.32,433.62,66.41,179.08,1,-1,-1,-1
776,31,766.59,464.14,91.06,167.39,1,-1,-1,-1
776,39,982.44,452.79,84.43,184.64,1,-1,-1,-1
776,41,830.89,489.43,100.90,183.11,1,-1,-1,-1
776,50,780.86,469.95,76.49,162.25,1,-1,-1,-1
776,52,566.37,497.31,53.86,131.65,1,-1,-1,-1
776,53,1105.67,512.38,91.97,172.04,1,-1,-1,-1
776,56,251.65,589.66,113.56,196.00,1,-1,-1,-1
776,58,1130.24,524.30,65.64,157.53,1,-1,-1,-1
776,60,609.78,522.85,88.29,189.43,1,-1,-1,-1
776,62,1081.93,435.95,70.91,167.29,1,-1,-1,-1
776,64,428.46,534.86,121.82,198.79,1,-1,-1,-1
777,9,1214.25,498.46,107.13,218.03,1,-1,-1,-1
777,10,531.68,466.60,75.20,158.31,1,-1,-1,-1
777,13,851.90,486.01,114.16,286.68,1,-1,-1,-1
777,15,881.01,582.07,88.47,188.63,1,-1,-1,-1
777,20,1083.34,447.35,66.10,154.32,1,-1,-1,-1
777,23,643.00,429.49,89.37,185.88,1,-1,-1,-1
777,26,1429.25,581.36,115.98,196.77,1,-1,-1,-1
777,28,666.61,436.51,65.94,176.25,1,-1,-1,-1
777,31,764.16,462.16,94.44,168.34,1,-1,-1,-1
777,39,976.25,450.69,95.06,185.70,1,-1,-1,-1
777,41,830.01,490.12,102.15,182.11,1,-1,-1,-1
777,50,780.86,469.95,76.49,162.25,1,-1,-1,-1
777,52,535.98,470.53,75.09,160.27,1,-1,-1,-1
777,53,1102.78,522.46,94.44,161.43,1,-1,-1,-1
777,56,250.95,589.88,115.18,196.12,1,-1,-1,-1
777,58,1137.94,543.44,59.35,139.99,1,-1,-1,-1
777,60,609.63,530.90,88.59,181.24,1,-1,-1,-1
777,64,426.08,538.68,123.23,194.93,1,-1,-1,-1
778,9,1195.55,502.93,125.21,214.41,1,-1,-1,-1
778,10,527.98,476.62,87.87,153.14,1,-1,-1,-1
778,13,851.90,486.01,114.16,286.68,1,-1,-1,-1
778,15,881.01,582.07,88.47,188.63,1,-1,-1,-1
778,20,1083.34,447.35,66.10,154.32,1,-1,-1,-1
778,23,632.49,428.88,99.56,182.06,1,-1,-1,-1
778,26,1411.57,583.95,135.34,193.26,1,-1,-1,-1
778,28,666.61,436.51,65.94,176.25,1,-1,-1,-1
778,31,744.22,463.60,112.42,169.83,1,-1,-1,-1
778,39,976.25,450.69,95.06,185.70,1,-1,-1,-1
778,41,824.46,488.84,111.76,180.63,1,-1,-1,-1
778,43,860.26,427.90,201.96,211.41,1,-1,-1,-1
778,50,780.86,469.95,76.49,162.25,1,-1,-1,-1
778,52,526.54,475.93,81.82,150.00,1,-1,-1,-1
778,53,1102.78,522.46,94.44,161.43,1,-1,-1,-1
778,56,250.18,590.85,113.73,195.24,1,-1,-1,-1
778,58,1129.65,541.36,68.31,143.81,1,-1,-1,-1
778,60,590.45,534.61,107.08,178.84,1,-1,-1,-1
778,64,425.84,539.42,124.58,195.54,1,-1,-1,-1
779,9,1188.28,503.17,130.62,213.30,1,-1,-1,-1
779,10,525.19,476.81,95.27,155.19,1,-1,-1,-1
779,13,840.74,541.40,130.98,231.86,1,-1,-1,-1
779,15,881.01,582.07,88.47,188.63,1,-1,-1,-1
779,20,1083.34,447.35,66.10,154.32,1,-1,-1,-1
779,23,630.22,430.25,104.89,179.38,1,-1,-1,-1
779,26,1400.63,584.23,145.65,192.54,1,-1,-1,-1
779,28,666.15,436.02,71.52,172.78,1,-1,-1,-1
779,31,743.36,467.64,113.54,164.74,1,-1,-1,-1
779,39,976.25,450.69,95.06,185.70,1,-1,-1,-1
779,41,816.97,486.39,139.04,180.04,1,-1,-1,-1
779,43,860.65,429.67,201.19,210.10,1,-1,-1,-1
779,50,780.86,469.95,76.49,162.25,1,-1,-1,-1
779,52,526.54,475.93,81.82,150.00,1,-1,-1,-1
779,53,1102.78,522.46,94.44,161.43,1,-1,-1,-1
779,56,250.67,590.63,114.30,194.37,1,-1,-1,-1
779,58,1129.38,536.05,64.94,151.67,1,-1,-1,-1
779,60,580.82,522.18,116.98,193.37,1,-1,-1,-1
779,62,1058.84,446.69,109.92,163.00,1,-1,-1,-1
779,64,415.08,538.50,133.17,196.18,1,-1,-1,-1
780,9,1215.85,510.19,103.26,207.11,1,-1,-1,-1
780,10,525.35,472.27,96.40,157.91,1,-1,-1,-1
780,13,840.74,541.40,130.98,231.86,1,-1,-1,-1
780,15,841.71,568.12,133.06,203.25,1,-1,-1,-1
780,23,620.65,431.03,113.82,177.57,1,-1,-1,-1
780,26,1401.55,581.19,148.02,195.75,1,-1,-1,-1
780,28,667.76,442.10,69.86,164.93,1,-1,-1,-1
780,31,750.62,465.53,106.82,169.55,1,-1,-1,-1
780,39,976.25,450.69,95.06,185.70,1,-1,-1,-1
780,41,830.88,487.47,108.97,190.24,1,-1,-1,-1
780,43,881.55,439.57,173.51,201.54,1,-1,-1,-1
780,48,848.73,430.84,108.17,198.40,1,-1,-1,-1
780,50,830.05,487.68,88.14,181.48,1,-1,-1,-1
780,52,526.54,475.93,81.82,150.00,1,-1,-1,-1
780,53,1082.09,523.64,112.62,179.46,1,-1,-1,-1
780,56,244.22,591.71,118.81,192.71,1,-1,-1,-1
780,58,1129.38,536.05,64.94,151.67,1,-1,-1,-1
780,60,564.28,528.17,131.96,186.76,1,-1,-1,-1
780,62,1051.96,451.54,106.12,163.31,1,-1,-1,-1
780,64,413.28,538.39,137.84,197.47,1,-1,-1,-1
781,9,1224.47,510.31,93.35,207.37,1,-1,-1,-1
781,10,527.64,468.71,92.16,160.30,1,-1,-1,-1
781,13,840.74,541.40,130.98,231.86,1,-1,-1,-1
781,15,848.86,568.23,121.31,202.83,1,-1,-1,-1
781,23,620.04,431.84,115.30,177.55,1,-1,-1,-1
781,26,1414.14,580.04,136.26,197.11,1,-1,-1,-1
781,28,667.76,442.10,69.86,164.93,1,-1,-1,-1
781,31,763.35,466.01,95.51,170.62,1,-1,-1,-1
781,39,935.55,442.41,122.25,199.96,1,-1,-1,-1
781,41,829.47,486.40,101.21,193.18,1,-1,-1,-1
781,43,853.01,432.14,181.97,211.37,1,-1,-1,-1
781,48,846.96,435.09,113.03,199.17,1,-1,-1,-1
781,50,833.48,490.66,82.71,191.46,1,-1,-1,-1
781,52,528.70,469.99,78.97,147.96,1,-1,-1,-1
781,53,1079.39,520.12,115.77,174.55,1,-1,-1,-1
781,56,243.47,590.16,120.31,193.90,1,-1,-1,-1
781,58,1129.38,536.05,64.94,151.67,1,-1,-1,-1
781,60,569.65,539.32,122.33,175.69,1,-1,-1,-1
781,62,1054.42,456.08,114.58,173.80,1,-1,-1,-1
781,64,416.72,539.48,137.08,194.97,1,-1,-1,-1
782,9,1227.18,512.66,92.05,204.48,1,-1,-1,-1
782,10,527.64,468.71,92.16,160.30,1,-1,-1,-1
782,13,840.74,541.40,130.98,231.86,1,-1,-1,-1
782,15,866.34,574.21,99.10,196.84,1,-1,-1,-1
782,20,1072.94,463.64,79.02,135.37,1,-1,-1,-1
782,23,622.96,448.23,112.66,163.77,1,-1,-1,-1
782,26,1436.46,581.26,111.04,195.13,1,-1,-1,-1
782,28,667.76,442.10,69.86,164.93,1,-1,-1,-1
782,31,764.05,464.95,94.34,173.19,1,-1,-1,-1
782,39,945.27,453.00,112.39,190.76,1,-1,-1,-1
782,41,827.23,485.85,89.48,196.06,1,-1,-1,-1
782,43,853.01,432.14,181.97,211.37,1,-1,-1,-1
782,48,849.73,438.69,106.76,173.40,1,-1,-1,-1
782,50,832.53,489.51,76.54,187.02,1,-1,-1,-1
782,52,536.44,468.86,68.35,139.54,1,-1,-1,-1
782,53,1085.98,527.72,109.87,163.85,1,-1,-1,-1
782,56,233.01,591.66,132.29,191.63,1,-1,-1,-1
782,58,1121.22,532.99,73.98,156.70,1,-1,-1,-1
782,60,556.67,533.90,127.06,182.78,1,-1,-1,-1
782,62,1054.42,456.08,114.58,173.80,1,-1,-1,-1
782,64,424.35,538.12,126.01,195.94,1,-1,-1,-1
783,9,1228.08,517.08,90.33,200.15,1,-1,-1,-1
783,10,527.64,468.71,92.16,160.30,1,-1,-1,-1
783,13,840.74,541.40,130.98,231.86,1,-1,-1,-1
783,15,870.48,574.71,94.91,196.55,1,-1,-1,-1
783,20,1078.52,470.69,71.17,129.89,1,-1,-1,-1
783,23,634.66,452.95,98.29,158.20,1,-1,-1,-1
783,25,865.90,439.07,80.13,159.15,1,-1,-1,-1
783,26,1445.94,583.67,98.55,194.09,1,-1,-1,-1
783,28,661.63,453.36,71.19,156.36,1,-1,-1,-1
783,31,764.95,469.26,89.49,171.77,1,-1,-1,-1
783,39,951.19,455.41,106.78,190.97,1,-1,-1,-1
783,41,828.02,487.69,77.86,190.53,1,-1,-1,-1
783,43,853.01,432.14,181.97,211.37,1,-1,-1,-1
783,48,848.97,439.55,98.16,180.65,1,-1,-1,-1
783,50,810.03,482.53,97.51,190.36,1,-1,-1,-1
783,52,539.00,468.45,66.37,149.03,1,-1,-1,-1
783,53,1092.60,525.85,101.82,169.52,1,-1,-1,-1
783,56,223.11,591.36,141.87,191.93,1,-1,-1,-1
783,58,1121.22,532.99,73.98,156.70,1,-1,-1,-1
783,60,556.93,534.05,119.29,181.05,1,-1,-1,-1
783,62,1054.42,456.08,114.58,173.80,1,-1,-1,-1
783,64,425.75,539.89,120.37,195.01,1,-1,-1,-1
784,9,1233.67,518.09,84.56,199.51,1,-1,-1,-1
784,10,527.64,468.71,92.16,160.30,1,-1,-1,-1
784,13,840.74,541.40,130.98,231.86,1,-1,-1,-1
784,15,865.76,578.08,99.96,191.63,1,-1,-1,-1
784,20,1083.44,474.53,63.57,133.81,1,-1,-1,-1
784,23,652.81,452.73,77.93,160.20,1,-1,-1,-1
784,25,871.33,442.13,70.88,154.34,1,-1,-1,-1
784,26,1452.65,583.33,90.87,195.48,1,-1,-1,-1
784,28,659.77,452.78,69.88,160.44,1,-1,-1,-1
784,31,761.58,467.62,90.89,173.38,1,-1,-1,-1
784,39,964.90,458.53,93.65,188.43,1,-1,-1,-1
784,41,828.14,482.30,71.56,189.66,1,-1,-1,-1
784,43,853.01,432.14,181.97,211.37,1,-1,-1,-1
784,48,848.97,439.55,98.16,180.65,1,-1,-1,-1
784,50,822.65,480.38,79.02,197.16,1,-1,-1,-1
784,52,542.36,465.48,65.07,159.42,1,-1,-1,-1
784,53,1102.22,535.73,93.90,165.58,1,-1,-1,-1
784,56,217.36,589.35,146.39,194.00,1,-1,-1,-1
784,58,1121.22,532.99,73.98,156.70,1,-1,-1,-1
784,60,557.32,534.55,111.37,187.03,1,-1,-1,-1
784,62,1054.42,456.08,114.58,173.80,1,-1,-1,-1
784,64,422.94,540.13,121.25,194.22,1,-1,-1,-1
785,9,1235.64,520.43,82.56,197.12,1,-1,-1,-1
785,10,527.64,468.71,92.16,160.30,1,-1,-1,-1
785,15,866.75,579.51,98.51,190.30,1,-1,-1,-1
785,20,1084.56,476.14,61.14,135.32,1,-1,-1,-1
785,23,655.91,452.86,74.92,160.28,1,-1,-1,-1
785,25,877.82,447.43,62.73,150.46,1,-1,-1,-1
785,26,1453.36,583.80,89.71,195.49,1,-1,-1,-1
785,28,662.62,454.58,67.48,158.48,1,-1,-1,-1
785,31,761.28,469.86,90.19,170.73,1,-1,-1,-1
785,39,971.95,459.85,85.95,187.31,1,-1,-1,-1
785,41,828.14,482.30,71.56,189.66,1,-1,-1,-1
785,43,853.01,432.14,181.97,211.37,1,-1,-1,-1
785,48,848.97,439.55,98.16,180.65,1,-1,-1,-1
785,50,826.84,480.43,74.72,197.37,1,-1,-1,-1
785,52,543.79,465.50,62.47,156.18,1,-1,-1,-1
785,53,1105.55,542.14,91.45,158.95,1,-1,-1,-1
785,56,215.00,590.35,148.73,192.26,1,-1,-1,-1
785,58,1121.22,532.99,73.98,156.70,1,-1,-1,-1
785,60,559.32,538.92,103.77,183.90,1,-1,-1,-1
785,62,1054.42,456.08,114.58,173.80,1,-1,-1,-1
785,64,419.98,542.16,124.20,192.02,1,-1,-1,-1
786,9,1236.86,521.88,79.73,195.43,1,-1,-1,-1
786,10,527.64,468.71,92.16,160.30,1,-1,-1,-1
786,15,869.11,577.16,93.20,193.28,1,-1,-1,-1
786,20,1084.40,476.90,59.20,138.41,1,-1,-1,-1
786,23,655.91,452.86,74.92,160.28,1,-1,-1,-1
786,25,884.75,448.40,53.66,147.77,1,-1,-1,-1
786,26,1455.49,585.95,87.46,193.11,1,-1,-1,-1
786,28,661.09,456.16,64.16,156.33,1,-1,-1,-1
786,31,759.18,473.66,85.35,167.71,1,-1,-1,-1
786,39,981.63,464.60,75.30,181.89,1,-1,-1,-1
786,41,828.14,482.30,71.56,189.66,1,-1,-1,-1
786,43,853.01,432.14,181.97,211.37,1,-1,-1,-1
786,48,848.97,439.55,98.16,180.65,1,-1,-1,-1
786,50,828.09,480.82,72.94,196.16,1,-1,-1,-1
786,52,544.91,466.18,59.09,139.28,1,-1,-1,-1
786,53,1118.64,546.86,75.40,156.92,1,-1,-1,-1
786,56,213.69,589.88,149.92,193.57,1,-1,-1,-1
786,58,1121.22,532.99,73.98,156.70,1,-1,-1,-1
786,60,565.39,543.53,93.71,187.50,1,-1,-1,-1
786,62,1054.42,456.08,114.58,173.80,1,-1,-1,-1
786,64,418.35,542.74,124.62,193.00,1,-1,-1,-1
787,9,1237.93,522.37,77.81,195.07,1,-1,-1,-1
787,15,874.73,574.05,86.57,196.38,1,-1,-1,-1
787,20,1084.60,476.38,61.32,142.30,1,-1,-1,-1
787,23,655.91,452.86,74.92,160.28,1,-1,-1,-1
787,25,882.51,448.51,55.55,147.43,1,-1,-1,-1
787,26,1457.25,587.42,87.06,191.94,1,-1,-1,-1
787,28,660.53,459.34,63.53,153.42,1,-1,-1,-1
787,31,758.09,472.80,84.37,168.28,1,-1,-1,-1
787,39,982.22,466.77,73.29,180.60,1,-1,-1,-1
787,41,828.14,482.30,71.56,189.66,1,-1,-1,-1
787,48,848.97,439.55,98.16,180.65,1,-1,-1,-1
787,50,826.57,478.79,79.68,198.63,1,-1,-1,-1
787,52,545.14,466.32,57.15,130.52,1,-1,-1,-1
787,53,1119.01,543.67,75.54,161.32,1,-1,-1,-1
787,56,213.50,588.98,149.66,194.09,1,-1,-1,-1
787,58,1121.22,532.99,73.98,156.70,1,-1,-1,-1
787,60,566.04,536.57,91.38,195.56,1,-1,-1,-1
787,64,417.13,543.15,124.54,192.38,1,-1,-1,-1
788,9,1239.96,523.04,76.76,194.25,1,-1,-1,-1
788,15,873.14,567.54,87.53,201.93,1,-1,-1,-1
788,20,1084.22,475.95,61.70,144.95,1,-1,-1,-1
788,23,660.78,461.23,61.80,154.98,1,-1,-1,-1
788,25,886.64,444.68,52.68,145.51,1,-1,-1,-1
788,26,1458.26,589.93,86.15,188.77,1,-1,-1,-1
788,28,656.85,461.81,64.61,152.93,1,-1,-1,-1
788,31,758.65,473.36,85.18,172.98,1,-1,-1,-1
788,39,980.52,466.43,72.87,181.96,1,-1,-1,-1
788,41,828.14,482.30,71.56,189.66,1,-1,-1,-1
788,48,848.97,439.55,98.16,180.65,1,-1,-1,-1
788,50,826.33,476.76,80.78,202.09,1,-1,-1,-1
788,52,545.98,467.16,56.83,136.97,1,-1,-1,-1
788,53,1117.34,547.47,77.44,164.61,1,-1,-1,-1
788,56,220.91,587.08,141.94,196.77,1,-1,-1,-1
788,60,563.46,541.48,94.63,193.13,1,-1,-1,-1
788,64,415.91,543.57,125.01,191.19,1,-1,-1,-1
789,9,1240.95,525.63,75.53,190.22,1,-1,-1,-1
789,15,876.43,566.67,84.56,202.79,1,-1,-1,-1
789,20,1083.72,476.20,60.28,146.23,1,-1,-1,-1
789,23,660.78,461.23,61.80,154.98,1,-1,-1,-1
789,25,886.64,444.68,52.68,145.51,1,-1,-1,-1
789,26,1457.66,590.79,87.35,187.50,1,-1,-1,-1
789,28,655.79,462.31,64.76,152.38,1,-1,-1,-1
789,31,758.00,471.45,83.15,177.53,1,-1,-1,-1
789,39,978.86,466.38,73.90,182.42,1,-1,-1,-1
789,41,828.14,482.30,71.56,189.66,1,-1,-1,-1
789,50,826.72,475.52,77.70,206.72,1,-1,-1,-1
789,52,545.75,466.49,56.82,136.97,1,-1,-1,-1
789,53,1116.92,549.31,76.11,165.65,1,-1,-1,-1
789,56,231.36,586.55,131.41,197.22,1,-1,-1,-1
789,60,564.94,554.34,92.56,185.31,1,-1,-1,-1
789,64,417.51,544.85,123.92,189.88,1,-1,-1,-1
790,9,1241.78,523.96,76.02,191.34,1,-1,-1,-1
790,15,878.13,572.20,82.28,197.52,1,-1,-1,-1
790,20,1083.39,478.43,59.07,145.92,1,-1,-1,-1
790,23,660.78,461.23,61.80,154.98,1,-1,-1,-1
790,25,886.64,444.68,52.68,145.51,1,-1,-1,-1
790,26,1455.76,591.79,90.49,186.43,1,-1,-1,-1
790,28,650.94,465.43,67.73,150.63,1,-1,-1,-1
790,31,758.45,471.42,80.25,183.99,1,-1,-1,-1
790,39,979.50,469.01,73.59,182.53,1,-1,-1,-1
790,50,827.03,479.34,74.75,206.28,1,-1,-1,-1
790,52,544.72,465.87,57.98,137.84,1,-1,-1,-1
790,53,1114.23,547.44,79.55,168.66,1,-1,-1,-1
790,56,240.39,586.19,122.51,197.84,1,-1,-1,-1
790,60,562.87,559.35,94.40,189.44,1,-1,-1,-1
790,64,414.49,544.80,124.61,189.38,1,-1,-1,-1
791,9,1242.25,523.39,80.12,191.11,1,-1,-1,-1
791,15,876.74,573.81,84.13,195.76,1,-1,-1,-1
791,20,1083.82,479.20,57.35,143.52,1,-1,-1,-1
791,23,660.78,461.23,61.80,154.98,1,-1,-1,-1
791,25,886.64,444.68,52.68,145.51,1,-1,-1,-1
791,26,1455.72,591.91,91.26,185.69,1,-1,-1,-1
791,28,650.91,464.20,65.37,152.59,1,-1,-1,-1
791,31,756.32,476.70,80.25,179.06,1,-1,-1,-1
791,39,979.65,469.05,72.35,183.32,1,-1,-1,-1
791,50,827.38,478.39,76.14,208.10,1,-1,-1,-1
791,52,543.79,465.84,59.80,149.06,1,-1,-1,-1
791,53,1116.41,545.67,76.05,170.05,1,-1,-1,-1
791,56,243.24,586.72,119.74,196.53,1,-1,-1,-1
791,60,566.57,559.84,90.73,189.85,1,-1,-1,-1
791,64,414.80,544.68,123.32,188.65,1,-1,-1,-1
792,9,1243.42,521.32,84.73,192.94,1,-1,-1,-1
792,10,539.16,466.29,65.44,176.01,1,-1,-1,-1
792,15,881.56,581.53,79.19,187.15,1,-1,-1,-1
792,20,1084.16,480.71,58.38,143.63,1,-1,-1,-1
792,23,660.78,461.23,61.80,154.98,1,-1,-1,-1
792,25,872.51,443.26,63.16,165.33,1,-1,-1,-1
792,26,1455.03,593.69,93.43,183.27,1,-1,-1,-1
792,28,648.21,463.63,66.35,153.72,1,-1,-1,-1
792,31,756.28,476.65,76.55,182.35,1,-1,-1,-1
792,39,981.44,469.87,69.99,184.03,1,-1,-1,-1
792,50,826.56,479.76,78.17,208.42,1,-1,-1,-1
792,52,542.29,466.89,61.87,171.54,1,-1,-1,-1
792,53,1117.78,545.62,75.59,169.88,1,-1,-1,-1
792,56,243.42,588.38,118.26,195.55,1,-1,-1,-1
792,60,582.22,560.81,77.60,190.32,1,-1,-1,-1
792,64,414.78,545.23,125.47,188.32,1,-1,-1,-1
793,9,1243.37,520.85,86.42,193.88,1,-1,-1,-1
793,10,539.02,467.71,62.68,179.44,1,-1,-1,-1
793,15,882.91,580.19,79.57,187.64,1,-1,-1,-1
793,20,1083.70,480.94,58.79,145.10,1,-1,-1,-1
793,23,649.07,461.29,67.11,154.93,1,-1,-1,-1
793,25,868.33,443.25,65.85,166.98,1,-1,-1,-1
793,26,1455.04,593.01,94.63,183.19,1,-1,-1,-1
793,28,649.16,462.07,65.07,154.27,1,-1,-1,-1
793,31,754.81,478.50,77.40,181.60,1,-1,-1,-1
793,39,983.12,470.63,67.06,183.88,1,-1,-1,-1
793,50,827.25,483.51,78.39,206.62,1,-1,-1,-1
793,52,540.13,468.85,61.95,176.71,1,-1,-1,-1
793,53,1121.18,542.69,71.77,174.70,1,-1,-1,-1
793,56,243.98,589.45,116.90,194.00,1,-1,-1,-1
793,60,585.33,560.57,74.86,190.70,1,-1,-1,-1
793,64,415.98,545.03,122.92,188.39,1,-1,-1,-1
794,9,1249.17,524.67,84.73,189.33,1,-1,-1,-1
794,10,537.50,471.57,62.40,177.51,1,-1,-1,-1
794,15,884.51,573.95,78.12,193.71,1,-1,-1,-1
794,20,1084.84,480.51,58.52,145.05,1,-1,-1,-1
794,23,649.07,461.29,67.11,154.93,1,-1,-1,-1
794,25,868.33,443.25,65.85,166.98,1,-1,-1,-1
794,26,1453.89,592.56,98.69,184.68,1,-1,-1,-1
794,28,649.01,463.63,64.54,153.83,1,-1,-1,-1
794,31,754.36,477.51,74.92,184.89,1,-1,-1,-1
794,39,985.23,473.92,66.48,184.74,1,-1,-1,-1
794,50,826.93,484.46,79.76,207.39,1,-1,-1,-1
794,51,1242.75,511.75,67.81,179.60,1,-1,-1,-1
794,52,536.62,470.79,62.55,183.86,1,-1,-1,-1
794,53,1123.94,537.24,71.90,182.23,1,-1,-1,-1
794,56,243.29,590.77,117.13,193.15,1,-1,-1,-1
794,60,581.70,556.90,75.85,193.53,1,-1,-1,-1
794,64,415.35,545.46,124.68,188.84,1,-1,-1,-1
795,9,1251.38,527.08,84.64,186.73,1,-1,-1,-1
795,10,537.50,471.57,62.40,177.51,1,-1,-1,-1
795,15,885.46,573.96,76.72,193.58,1,-1,-1,-1
795,20,1085.81,480.13,58.08,145.80,1,-1,-1,-1
795,23,649.07,461.29,67.11,154.93,1,-1,-1,-1
795,25,868.33,443.25,65.85,166.98,1,-1,-1,-1
795,26,1452.66,590.12,102.54,186.83,1,-1,-1,-1
795,28,647.80,463.82,65.03,155.13,1,-1,-1,-1
795,31,753.33,474.32,74.61,189.83,1,-1,-1,-1
795,39,987.10,474.65,66.08,185.73,1,-1,-1,-1
795,50,827.76,484.65,79.91,206.99,1,-1,-1,-1
795,51,1242.88,516.01,57.22,151.36,1,-1,-1,-1
795,52,535.21,471.62,63.97,187.44,1,-1,-1,-1
795,53,1124.51,538.95,72.48,180.12,1,-1,-1,-1
795,56,243.50,589.38,117.32,194.77,1,-1,-1,-1
795,60,579.73,556.94,78.18,194.56,1,-1,-1,-1
795,64,414.34,545.89,124.10,188.82,1,-1,-1,-1
796,9,1252.35,524.84,89.94,188.80,1,-1,-1,-1
796,10,537.50,471.57,62.40,177.51,1,-1,-1,-1
796,15,885.34,575.43,77.15,191.00,1,-1,-1,-1
796,20,1088.83,478.95,59.40,147.50,1,-1,-1,-1
796,23,649.07,461.29,67.11,154.93,1,-1,-1,-1
796,25,872.96,449.01,60.38,155.41,1,-1,-1,-1
796,26,1451.99,590.26,110.25,186.80,1,-1,-1,-1
796,28,645.60,465.24,66.51,155.89,1,-1,-1,-1
796,31,752.77,472.26,73.96,193.87,1,-1,-1,-1
796,39,987.94,474.43,68.64,188.05,1,-1,-1,-1
796,50,827.14,485.80,83.72,205.59,1,-1,-1,-1
796,51,1242.88,516.01,57.22,151.36,1,-1,-1,-1
796,52,533.14,473.73,63.21,176.45,1,-1,-1,-1
796,53,1127.42,534.38,71.97,186.01,1,-1,-1,-1
796,56,243.08,588.78,117.09,194.22,1,-1,-1,-1
796,60,574.66,550.65,82.28,207.13,1,-1,-1,-1
796,64,413.29,547.32,122.97,185.53,1,-1,-1,-1
797,9,1251.70,522.98,92.20,190.46,1,-1,-1,-1
797,10,530.42,474.56,63.21,182.86,1,-1,-1,-1
797,15,884.92,573.58,79.45,192.82,1,-1,-1,-1
797,20,1089.88,478.96,59.57,147.17,1,-1,-1,-1
797,23,649.07,461.29,67.11,154.93,1,-1,-1,-1
797,25,870.94,447.48,62.31,155.71,1,-1,-1,-1
797,26,1449.71,592.12,111.02,184.21,1,-1,-1,-1
797,28,644.21,465.74,67.85,157.99,1,-1,-1,-1
797,31,753.58,475.30,74.10,191.84,1,-1,-1,-1
797,39,988.15,473.43,69.75,190.08,1,-1,-1,-1
797,50,827.49,485.76,84.93,205.96,1,-1,-1,-1
797,51,1242.88,516.01,57.22,151.36,1,-1,-1,-1
797,52,531.27,474.48,63.80,176.83,1,-1,-1,-1
797,53,1127.78,531.62,72.64,188.78,1,-1,-1,-1
797,56,240.96,589.19,118.23,192.92,1,-1,-1,-1
797,60,575.43,551.36,81.04,208.86,1,-1,-1,-1
797,64,413.07,546.56,122.34,186.02,1,-1,-1,-1
798,9,1252.22,525.58,96.85,188.15,1,-1,-1,-1
798,10,530.42,474.56,63.21,182.86,1,-1,-1,-1
798,15,883.34,571.83,82.77,195.02,1,-1,-1,-1
798,20,1091.08,478.12,61.59,150.69,1,-1,-1,-1
798,23,649.07,461.29,67.11,154.93,1,-1,-1,-1
798,25,869.26,456.35,64.91,172.08,1,-1,-1,-1
798,26,1446.68,594.01,121.46,180.45,1,-1,-1,-1
798,28,640.89,465.24,69.21,160.34,1,-1,-1,-1
798,31,754.98,476.59,71.44,191.92,1,-1,-1,-1
798,39,988.82,473.66,69.34,191.29,1,-1,-1,-1
798,50,830.08,486.22,86.51,205.32,1,-1,-1,-1
798,51,1245.87,512.64,74.15,192.62,1,-1,-1,-1
798,52,528.30,477.11,63.13,175.94,1,-1,-1,-1
798,53,1127.94,530.32,73.25,190.24,1,-1,-1,-1
798,56,240.98,590.23,116.15,191.36,1,-1,-1,-1
798,60,571.99,547.83,83.11,216.86,1,-1,-1,-1
798,64,411.87,547.42,122.91,184.86,1,-1,-1,-1
799,9,1250.59,524.82,100.38,188.82,1,-1,-1,-1
799,10,530.42,474.56,63.21,182.86,1,-1,-1,-1
799,15,879.98,572.52,86.57,195.29,1,-1,-1,-1
799,20,1091.05,471.97,62.44,159.54,1,-1,-1,-1
799,23,639.44,463.99,70.94,162.17,1,-1,-1,-1
799,25,868.09,452.00,67.65,190.23,1,-1,-1,-1
799,26,1448.26,594.99,121.03,179.05,1,-1,-1,-1
799,28,638.22,464.51,71.39,162.39,1,-1,-1,-1
799,31,754.85,475.51,72.84,192.44,1,-1,-1,-1
799,39,988.88,472.65,70.22,194.90,1,-1,-1,-1
799,50,833.63,485.12,85.45,207.52,1,-1,-1,-1
799,51,1246.42,513.40,79.89,192.75,1,-1,-1,-1
799,52,527.17,478.24,62.30,174.86,1,-1,-1,-1
799,53,1128.79,528.48,73.16,192.68,1,-1,-1,-1
799,56,240.80,590.38,115.72,192.01,1,-1,-1,-1
799,60,571.75,545.08,82.34,222.42,1,-1,-1,-1
799,64,410.69,547.73,125.14,184.75,1,-1,-1,-1
800,9,1250.11,517.61,108.73,196.64,1,-1,-1,-1
800,10,530.42,474.56,63.21,182.86,1,-1,-1,-1
800,15,879.49,573.59,90.57,195.30,1,-1,-1,-1
800,20,1091.27,466.89,61.86,166.18,1,-1,-1,-1
800,23,639.44,463.99,70.94,162.17,1,-1,-1,-1
800,25,873.51,445.94,62.90,174.00,1,-1,-1,-1
800,26,1450.56,594.35,124.85,179.27,1,-1,-1,-1
800,28,635.79,463.93,70.75,164.76,1,-1,-1,-1
800,31,753.66,473.49,74.80,192.95,1,-1,-1,-1
800,39,989.95,471.32,71.38,195.67,1,-1,-1,-1
800,50,835.55,484.94,83.80,210.23,1,-1,-1,-1
800,51,1248.28,509.68,79.53,197.12,1,-1,-1,-1
800,52,524.77,477.86,63.92,180.82,1,-1,-1,-1
800,53,1130.18,527.71,72.47,193.62,1,-1,-1,-1
800,56,240.82,588.53,112.14,193.07,1,-1,-1,-1
800,60,568.50,543.62,87.31,225.70,1,-1,-1,-1
800,64,406.99,545.74,127.29,186.54,1,-1,-1,-1
801,9,1249.88,516.52,114.94,197.94,1,-1,-1,-1
801,10,530.42,474.56,63.21,182.86,1,-1,-1,-1
801,15,878.88,572.41,92.89,196.18,1,-1,-1,-1
801,20,1090.67,464.09,62.47,169.86,1,-1,-1,-1
801,23,635.05,463.97,70.36,166.95,1,-1,-1,-1
801,25,872.67,446.87,64.90,178.06,1,-1,-1,-1
801,26,1454.52,596.71,123.36,176.55,1,-1,-1,-1
801,28,634.25,463.77,70.96,164.75,1,-1,-1,-1
801,31,753.29,473.18,74.49,194.69,1,-1,-1,-1
801,39,990.74,469.90,71.06,195.79,1,-1,-1,-1
801,43,976.63,465.94,82.96,196.25,1,-1,-1,-1
801,47,1248.68,503.45,69.78,180.11,1,-1,-1,-1
801,50,838.96,486.97,80.85,211.51,1,-1,-1,-1
801,51,1248.87,507.19,80.68,199.20,1,-1,-1,-1
801,52,523.91,477.72,64.49,182.92,1,-1,-1,-1
801,53,1130.37,526.55,73.03,196.40,1,-1,-1,-1
801,56,238.34,587.35,110.07,193.03,1,-1,-1,-1
801,60,563.57,542.24,96.25,226.73,1,-1,-1,-1
801,64,404.25,545.33,130.96,186.84,1,-1,-1,-1
802,9,1254.24,526.56,120.77,187.92,1,-1,-1,-1
802,10,523.96,479.56,64.37,183.36,1,-1,-1,-1
802,15,879.41,571.08,97.74,197.12,1,-1,-1,-1
802,20,1089.63,461.28,64.27,173.96,1,-1,-1,-1
802,23,635.05,463.97,70.36,166.95,1,-1,-1,-1
802,25,873.03,445.95,66.02,189.83,1,-1,-1,-1
802,26,1464.85,597.21,118.12,174.74,1,-1,-1,-1
802,28,634.21,462.67,68.61,167.98,1,-1,-1,-1
802,31,751.75,471.97,75.80,201.28,1,-1,-1,-1
802,39,991.33,467.55,74.96,196.05,1,-1,-1,-1
802,43,976.63,465.94,82.96,196.25,1,-1,-1,-1
802,47,1247.80,502.75,66.54,175.92,1,-1,-1,-1
802,48,863.96,444.99,75.48,206.63,1,-1,-1,-1
802,50,842.48,489.44,78.34,211.40,1,-1,-1,-1
802,51,1248.87,507.19,80.68,199.20,1,-1,-1,-1
802,52,522.59,477.43,66.69,189.24,1,-1,-1,-1
802,53,1129.09,527.39,73.97,197.01,1,-1,-1,-1
802,56,237.09,585.30,108.23,194.97,1,-1,-1,-1
802,60,564.97,541.51,103.34,227.50,1,-1,-1,-1
802,64,401.05,544.97,132.70,187.77,1,-1,-1,-1
803,9,1253.52,529.49,125.67,184.67,1,-1,-1,-1
803,10,522.90,480.41,65.20,186.65,1,-1,-1,-1
803,15,879.75,568.87,100.99,199.94,1,-1,-1,-1
803,20,1089.32,461.31,64.15,175.01,1,-1,-1,-1
803,23,635.05,463.97,70.36,166.95,1,-1,-1,-1
803,25,873.05,446.11,65.20,186.49,1,-1,-1,-1
803,26,1477.69,596.91,113.28,172.89,1,-1,-1,-1
803,28,634.10,462.56,67.26,168.42,1,-1,-1,-1
803,31,751.25,472.22,75.56,202.73,1,-1,-1,-1
803,39,992.55,467.02,75.11,197.94,1,-1,-1,-1
803,43,976.63,465.94,82.96,196.25,1,-1,-1,-1
803,47,1246.57,500.52,66.15,176.02,1,-1,-1,-1
803,48,865.57,445.75,72.60,207.08,1,-1,-1,-1
803,50,843.24,490.04,78.24,214.12,1,-1,-1,-1
803,51,1248.87,507.19,80.68,199.20,1,-1,-1,-1
803,52,521.57,477.76,67.40,191.82,1,-1,-1,-1
803,53,1126.18,526.82,76.69,198.69,1,-1,-1,-1
803,56,236.34,585.18,109.34,195.91,1,-1,-1,-1
803,60,564.92,541.58,108.68,226.95,1,-1,-1,-1
803,64,400.37,544.91,134.72,189.65,1,-1,-1,-1
804,9,1254.61,525.34,133.26,187.32,1,-1,-1,-1
804,10,522.90,480.41,65.20,186.65,1,-1,-1,-1
804,15,884.82,566.61,104.11,202.32,1,-1,-1,-1
804,20,1088.37,457.40,67.40,181.29,1,-1,-1,-1
804,23,635.05,463.97,70.36,166.95,1,-1,-1,-1
804,25,873.05,446.11,65.20,186.49,1,-1,-1,-1
804,26,1491.33,594.97,107.30,179.78,1,-1,-1,-1
804,28,632.47,462.90,68.75,169.89,1,-1,-1,-1
804,31,749.71,471.96,75.52,206.65,1,-1,-1,-1
804,39,992.58,465.62,75.92,202.79,1,-1,-1,-1
804,43,976.63,465.94,82.96,196.25,1,-1,-1,-1
804,47,1244.05,499.22,68.45,178.07,1,-1,-1,-1
804,48,866.68,447.11,71.65,213.86,1,-1,-1,-1
804,50,843.87,489.78,78.51,219.15,1,-1,-1,-1
804,51,1248.87,507.19,80.68,199.20,1,-1,-1,-1
804,52,520.94,479.04,72.95,191.65,1,-1,-1,-1
804,53,1126.44,523.96,76.19,201.61,1,-1,-1,-1
804,56,235.94,581.60,108.48,199.28,1,-1,-1,-1
804,60,567.59,545.08,113.98,221.61,1,-1,-1,-1
804,64,396.04,541.97,134.03,190.03,1,-1,-1,-1
805,9,1262.24,527.40,134.84,186.23,1,-1,-1,-1
805,10,522.01,486.36,68.25,183.37,1,-1,-1,-1
805,15,889.57,566.30,107.77,202.43,1,-1,-1,-1
805,20,1088.38,458.48,67.21,181.77,1,-1,-1,-1
805,23,635.05,463.97,70.36,166.95,1,-1,-1,-1
805,25,873.05,446.11,65.20,186.49,1,-1,-1,-1
805,26,1495.55,597.31,105.18,177.69,1,-1,-1,-1
805,28,631.68,461.42,69.12,175.03,1,-1,-1,-1
805,31,749.20,471.88,74.76,207.78,1,-1,-1,-1
805,39,992.01,465.85,76.68,202.87,1,-1,-1,-1
805,43,976.63,465.94,82.96,196.25,1,-1,-1,-1
805,47,1242.72,500.35,70.59,177.04,1,-1,-1,-1
805,48,866.54,448.12,72.55,213.67,1,-1,-1,-1
805,50,843.34,490.87,80.48,218.76,1,-1,-1,-1
805,51,1248.87,507.19,80.68,199.20,1,-1,-1,-1
805,52,521.55,482.85,73.42,188.36,1,-1,-1,-1
805,53,1126.77,523.89,75.75,203.09,1,-1,-1,-1
805,56,234.36,581.85,110.43,198.36,1,-1,-1,-1
805,60,568.39,544.85,117.24,221.86,1,-1,-1,-1
805,64,393.75,541.78,134.34,188.44,1,-1,-1,-1
806,9,1280.74,533.58,123.16,182.73,1,-1,-1,-1
806,10,522.68,489.93,66.36,182.49,1,-1,-1,-1
806,15,903.23,566.78,101.98,202.24,1,-1,-1,-1
806,20,1086.74,456.28,68.40,185.19,1,-1,-1,-1
806,23,635.05,463.97,70.36,166.95,1,-1,-1,-1
806,25,873.05,446.11,65.20,186.49,1,-1,-1,-1
806,26,1497.24,597.17,119.50,177.30,1,-1,-1,-1
806,28,630.27,461.37,69.41,175.69,1,-1,-1,-1
806,31,749.44,471.25,72.93,209.01,1,-1,-1,-1
806,39,991.07,464.35,77.26,206.33,1,-1,-1,-1
806,43,976.63,465.94,82.96,196.25,1,-1,-1,-1
806,47,1233.27,499.33,79.41,176.31,1,-1,-1,-1
806,48,866.54,448.70,71.88,211.96,1,-1,-1,-1
806,50,837.53,493.44,86.20,219.19,1,-1,-1,-1
806,51,1248.87,507.19,80.68,199.20,1,-1,-1,-1
806,52,522.05,488.51,70.84,185.67,1,-1,-1,-1
806,53,1125.69,524.69,76.18,205.13,1,-1,-1,-1
806,56,224.68,580.82,120.13,196.94,1,-1,-1,-1
806,60,569.30,543.91,117.02,224.96,1,-1,-1,-1
806,64,390.80,542.34,135.38,187.85,1,-1,-1,-1
807,9,1283.29,534.47,125.04,181.64,1,-1,-1,-1
807,10,523.56,490.76,65.26,181.96,1,-1,-1,-1
807,15,906.22,567.60,105.89,199.49,1,-1,-1,-1
807,20,1086.53,453.65,68.12,188.84,1,-1,-1,-1
807,25,873.05,446.11,65.20,186.49,1,-1,-1,-1
807,26,1497.73,596.65,134.11,177.63,1,-1,-1,-1
807,28,630.57,460.56,68.52,176.35,1,-1,-1,-1
807,31,749.77,471.83,71.57,209.53,1,-1,-1,-1
807,39,990.40,463.37,77.12,208.42,1,-1,-1,-1
807,47,1231.54,498.93,79.24,176.85,1,-1,-1,-1
807,48,867.28,448.12,70.36,206.97,1,-1,-1,-1
807,50,835.64,495.15,87.86,217.49,1,-1,-1,-1
807,52,522.40,489.66,70.61,185.39,1,-1,-1,-1
807,53,1125.96,526.84,75.81,201.15,1,-1,-1,-1
807,56,218.10,579.51,125.22,197.49,1,-1,-1,-1
807,60,568.44,543.33,117.13,226.17,1,-1,-1,-1
807,64,387.51,542.04,138.75,189.85,1,-1,-1,-1
808,9,1285.94,533.98,136.88,182.69,1,-1,-1,-1
808,10,523.80,491.05,66.32,179.10,1,-1,-1,-1
808,15,915.63,564.51,99.48,203.48,1,-1,-1,-1
808,20,1084.71,456.58,68.45,187.17,1,-1,-1,-1
808,25,873.05,446.11,65.20,186.49,1,-1,-1,-1
808,26,1499.38,595.01,154.43,180.02,1,-1,-1,-1
808,28,628.80,459.42,68.35,180.49,1,-1,-1,-1
808,31,749.25,470.89,72.03,212.07,1,-1,-1,-1
808,39,988.49,462.60,79.24,208.64,1,-1,-1,-1
808,47,1222.26,498.63,83.80,177.35,1,-1,-1,-1
808,48,865.25,447.27,69.74,196.71,1,-1,-1,-1
808,50,831.48,499.84,88.34,214.44,1,-1,-1,-1
808,52,523.71,490.79,70.09,181.70,1,-1,-1,-1
808,53,1126.23,528.03,75.22,199.02,1,-1,-1,-1
808,56,212.55,578.21,128.46,198.21,1,-1,-1,-1
808,60,567.40,542.97,120.25,226.14,1,-1,-1,-1
808,64,377.79,545.02,149.22,187.54,1,-1,-1,-1
809,9,1286.78,532.68,143.24,184.94,1,-1,-1,-1
809,10,523.82,491.41,69.43,180.75,1,-1,-1,-1
809,15,915.40,566.91,100.24,198.68,1,-1,-1,-1
809,20,1083.38,454.31,69.33,190.21,1,-1,-1,-1
809,26,1506.71,590.05,152.81,186.02,1,-1,-1,-1
809,28,628.29,458.42,68.89,182.40,1,-1,-1,-1
809,31,749.37,470.07,73.51,214.05,1,-1,-1,-1
809,39,987.96,462.60,80.01,207.87,1,-1,-1,-1
809,47,1221.07,497.15,84.39,179.53,1,-1,-1,-1
809,48,863.37,450.02,71.00,193.88,1,-1,-1,-1
809,50,828.72,498.95,89.14,217.89,1,-1,-1,-1
809,52,523.71,490.79,70.09,181.70,1,-1,-1,-1
809,53,1126.70,528.19,75.51,198.46,1,-1,-1,-1
809,56,209.78,577.45,131.01,198.01,1,-1,-1,-1
809,60,568.21,542.57,119.26,227.27,1,-1,-1,-1
809,64,372.88,546.89,153.88,186.02,1,-1,-1,-1
810,9,1292.15,538.17,152.76,178.94,1,-1,-1,-1
810,10,523.72,492.26,69.60,182.30,1,-1,-1,-1
810,15,911.61,574.81,123.77,191.80,1,-1,-1,-1
810,20,1082.13,453.18,69.04,193.47,1,-1,-1,-1
810,26,1516.24,595.16,146.50,180.51,1,-1,-1,-1
810,28,627.77,452.67,71.95,189.42,1,-1,-1,-1
810,31,747.58,469.40,75.00,215.42,1,-1,-1,-1
810,39,986.92,464.77,80.47,207.73,1,-1,-1,-1
810,47,1216.61,495.99,88.00,182.13,1,-1,-1,-1
810,48,859.29,454.55,72.52,184.27,1,-1,-1,-1
810,50,831.15,498.05,86.02,220.32,1,-1,-1,-1
810,52,523.71,490.79,70.09,181.70,1,-1,-1,-1
810,53,1126.09,527.74,81.91,200.76,1,-1,-1,-1
810,56,207.32,578.28,132.72,199.55,1,-1,-1,-1
810,60,571.64,544.15,115.42,225.96,1,-1,-1,-1
810,64,367.13,551.75,161.88,183.37,1,-1,-1,-1
811,9,1293.88,539.24,158.68,176.44,1,-1,-1,-1
811,10,521.80,492.22,69.27,183.01,1,-1,-1,-1
811,15,910.86,579.18,136.45,188.97,1,-1,-1,-1
811,20,1081.75,452.86,68.76,193.86,1,-1,-1,-1
811,26,1526.88,597.54,139.04,176.31,1,-1,-1,-1
811,28,627.77,453.61,72.46,188.70,1,-1,-1,-1
811,31,745.16,469.92,77.99,216.16,1,-1,-1,-1
811,39,987.34,465.83,79.21,207.48,1,-1,-1,-1
811,47,1214.40,497.56,89.70,180.41,1,-1,-1,-1
811,48,858.06,455.87,73.12,186.17,1,-1,-1,-1
811,50,831.74,499.70,83.95,218.82,1,-1,-1,-1
811,52,523.71,490.79,70.09,181.70,1,-1,-1,-1
811,53,1126.25,527.67,84.82,200.76,1,-1,-1,-1
811,56,204.59,578.16,135.56,199.81,1,-1,-1,-1
811,60,573.31,543.67,114.13,225.73,1,-1,-1,-1
811,64,361.11,555.04,167.65,179.83,1,-1,-1,-1
812,9,1318.97,539.04,150.29,178.05,1,-1,-1,-1
812,10,518.55,493.35,71.00,185.56,1,-1,-1,-1
812,15,912.61,594.04,152.01,176.21,1,-1,-1,-1
812,20,1082.34,452.64,67.68,194.08,1,-1,-1,-1
812,26,1546.26,596.71,128.57,180.66,1,-1,-1,-1
812,28,628.30,451.64,72.21,190.08,1,-1,-1,-1
812,31,738.12,470.24,84.56,216.79,1,-1,-1,-1
812,39,988.83,466.73,74.39,206.57,1,-1,-1,-1
812,47,1213.30,499.68,88.04,179.53,1,-1,-1,-1
812,48,854.12,456.34,76.95,184.38,1,-1,-1,-1
812,50,830.29,501.74,83.10,216.32,1,-1,-1,-1
812,52,523.71,490.79,70.09,181.70,1,-1,-1,-1
812,53,1127.82,527.78,92.70,201.45,1,-1,-1,-1
812,56,194.92,578.88,139.51,197.34,1,-1,-1,-1
812,60,572.44,544.35,115.14,224.97,1,-1,-1,-1
812,64,349.93,561.21,175.83,176.88,1,-1,-1,-1
813,9,1336.76,540.44,139.04,176.54,1,-1,-1,-1
813,10,514.10,494.79,73.68,183.84,1,-1,-1,-1
813,15,913.93,594.70,155.20,177.24,1,-1,-1,-1
813,20,1082.28,454.85,67.10,192.69,1,-1,-1,-1
813,26,1558.80,603.56,125.33,174.19,1,-1,-1,-1
813,28,628.28,449.84,71.89,193.23,1,-1,-1,-1
813,31,729.98,469.27,91.67,219.35,1,-1,-1,-1
813,39,989.31,467.28,72.35,204.22,1,-1,-1,-1
813,47,1217.68,499.85,82.68,179.80,1,-1,-1,-1
813,48,852.61,453.03,76.68,189.46,1,-1,-1,-1
813,50,829.37,503.00,83.28,215.55,1,-1,-1,-1
813,52,523.71,490.79,70.09,181.70,1,-1,-1,-1
813,53,1128.27,526.20,100.15,205.07,1,-1,-1,-1
813,56,190.83,575.92,138.34,200.32,1,-1,-1,-1
813,60,572.65,545.81,114.48,223.44,1,-1,-1,-1
813,64,339.48,565.28,185.81,175.42,1,-1,-1,-1
814,9,1367.77,539.14,124.53,175.98,1,-1,-1,-1
814,10,494.34,496.72,92.00,187.25,1,-1,-1,-1
814,15,912.99,584.40,159.16,187.88,1,-1,-1,-1
814,20,1081.69,453.72,67.55,191.46,1,-1,-1,-1
814,26,1589.17,602.56,106.87,175.29,1,-1,-1,-1
814,28,627.76,449.46,71.22,194.51,1,-1,-1,-1
814,31,723.47,471.51,95.01,220.55,1,-1,-1,-1
814,39,981.88,470.05,81.03,188.91,1,-1,-1,-1
814,47,1218.29,497.99,80.11,181.02,1,-1,-1,-1
814,48,851.62,451.59,77.53,184.80,1,-1,-1,-1
814,50,829.88,505.65,80.30,211.82,1,-1,-1,-1
814,53,1128.34,528.15,102.62,204.99,1,-1,-1,-1
814,56,183.32,569.97,131.86,205.30,1,-1,-1,-1
814,60,572.06,546.21,114.42,223.98,1,-1,-1,-1
814,64,327.05,560.89,169.55,178.26,1,-1,-1,-1
815,9,1386.55,540.19,112.75,175.82,1,-1,-1,-1
815,10,499.04,498.20,87.35,187.98,1,-1,-1,-1
815,15,916.68,584.02,162.12,189.84,1,-1,-1,-1
815,20,1082.03,454.53,67.22,189.84,1,-1,-1,-1
815,25,853.33,450.27,74.81,189.84,1,-1,-1,-1
815,26,1598.76,603.45,101.30,174.78,1,-1,-1,-1
815,28,627.32,448.90,71.46,195.95,1,-1,-1,-1
815,31,724.89,472.80,92.31,220.25,1,-1,-1,-1
815,39,981.16,470.59,78.96,183.79,1,-1,-1,-1
815,47,1216.88,498.00,79.77,180.38,1,-1,-1,-1
815,48,848.91,450.24,76.09,199.65,1,-1,-1,-1
815,50,830.06,506.00,80.01,210.43,1,-1,-1,-1
815,53,1129.08,528.82,101.86,204.62,1,-1,-1,-1
815,56,176.43,571.66,129.06,201.89,1,-1,-1,-1
815,60,572.15,547.15,113.97,222.73,1,-1,-1,-1
815,64,321.20,561.49,156.62,176.02,1,-1,-1,-1
816,9,1389.93,538.89,133.26,177.82,1,-1,-1,-1
816,10,497.86,500.82,88.37,187.66,1,-1,-1,-1
816,15,946.11,596.18,133.72,175.57,1,-1,-1,-1
816,20,1076.45,455.29,73.42,187.81,1,-1,-1,-1
816,25,850.75,450.57,75.83,190.42,1,-1,-1,-1
816,26,1612.35,602.28,104.97,175.36,1,-1,-1,-1
816,28,625.88,448.23,70.10,195.41,1,-1,-1,-1
816,31,723.70,471.66,91.73,224.26,1,-1,-1,-1
816,39,979.71,469.20,78.22,191.48,1,-1,-1,-1
816,47,1216.69,499.39,77.74,180.20,1,-1,-1,-1
816,48,851.85,451.32,75.96,191.67,1,-1,-1,-1
816,50,828.69,500.08,80.77,218.03,1,-1,-1,-1
816,53,1128.84,525.67,103.09,207.03,1,-1,-1,-1
816,56,167.67,568.81,119.57,205.50,1,-1,-1,-1
816,60,570.54,545.70,116.53,224.88,1,-1,-1,-1
816,64,301.29,558.57,157.62,177.85,1,-1,-1,-1
817,9,1390.58,537.53,138.12,179.57,1,-1,-1,-1
817,10,497.04,502.07,89.05,187.51,1,-1,-1,-1
817,15,958.24,590.31,132.77,183.11,1,-1,-1,-1
817,20,1076.72,456.49,72.82,185.78,1,-1,-1,-1
817,25,851.04,451.06,74.57,194.73,1,-1,-1,-1
817,26,1615.23,602.43,110.22,175.45,1,-1,-1,-1
817,28,624.60,449.18,71.33,194.83,1,-1,-1,-1
817,31,723.88,471.97,90.52,223.04,1,-1,-1,-1
817,39,979.34,468.62,77.14,199.55,1,-1,-1,-1
817,47,1215.31,500.03,78.10,179.08,1,-1,-1,-1
817,48,852.46,452.31,74.40,192.31,1,-1,-1,-1
817,50,830.09,500.30,82.25,219.60,1,-1,-1,-1
817,53,1128.88,523.93,103.74,209.28,1,-1,-1,-1
817,56,164.93,564.33,110.32,208.71,1,-1,-1,-1
817,60,570.33,544.83,117.03,226.06,1,-1,-1,-1
817,64,284.24,551.00,154.74,185.20,1,-1,-1,-1
818,9,1392.78,537.40,151.78,179.77,1,-1,-1,-1
818,10,499.15,501.90,87.94,190.24,1,-1,-1,-1
818,15,987.09,594.78,117.94,178.43,1,-1,-1,-1
818,20,1078.05,456.64,72.94,188.52,1,-1,-1,-1
818,25,851.32,451.80,76.89,194.29,1,-1,-1,-1
818,26,1616.22,601.60,135.46,177.96,1,-1,-1,-1
818,28,623.46,450.84,71.92,193.71,1,-1,-1,-1
818,31,725.06,474.59,89.93,220.11,1,-1,-1,-1
818,39,977.42,467.55,79.83,211.94,1,-1,-1,-1
818,47,1213.47,499.80,76.56,179.39,1,-1,-1,-1
818,48,853.65,452.89,75.25,191.28,1,-1,-1,-1
818,50,833.76,500.91,89.42,221.71,1,-1,-1,-1
818,53,1129.45,524.61,103.07,209.59,1,-1,-1,-1
818,56,152.32,563.32,104.60,208.74,1,-1,-1,-1
818,60,571.05,542.97,116.19,228.72,1,-1,-1,-1
818,64,273.30,543.87,143.07,191.90,1,-1,-1,-1
819,9,1401.64,538.58,156.50,178.27,1,-1,-1,-1
819,10,500.04,501.14,86.14,190.86,1,-1,-1,-1
819,15,1010.14,587.54,109.48,185.76,1,-1,-1,-1
819,20,1079.17,456.27,72.41,191.09,1,-1,-1,-1
819,25,849.00,452.02,79.53,207.28,1,-1,-1,-1
819,26,1619.86,604.19,148.66,176.02,1,-1,-1,-1
819,28,622.40,453.77,72.57,189.74,1,-1,-1,-1
819,31,720.76,476.81,94.41,218.12,1,-1,-1,-1
819,39,977.03,468.11,79.67,217.04,1,-1,-1,-1
819,47,1211.79,498.86,77.37,179.90,1,-1,-1,-1
819,48,853.40,452.83,75.70,192.38,1,-1,-1,-1
819,50,835.19,501.77,92.26,221.64,1,-1,-1,-1
819,53,1130.56,526.29,102.03,207.83,1,-1,-1,-1
819,56,146.41,560.94,109.97,210.07,1,-1,-1,-1
819,60,571.59,541.69,115.54,230.20,1,-1,-1,-1
819,64,269.74,543.47,144.22,192.48,1,-1,-1,-1
820,9,1429.26,537.30,146.77,178.47,1,-1,-1,-1
820,10,498.72,500.62,88.75,190.64,1,-1,-1,-1
820,15,1028.18,580.50,99.42,192.86,1,-1,-1,-1
820,20,1082.51,456.95,70.74,196.91,1,-1,-1,-1
820,25,849.00,452.02,79.53,207.28,1,-1,-1,-1
820,26,1627.72,600.65,149.40,179.02,1,-1,-1,-1
820,28,619.37,457.14,74.17,187.44,1,-1,-1,-1
820,31,723.21,478.29,91.74,216.76,1,-1,-1,-1
820,39,978.03,467.42,82.56,217.13,1,-1,-1,-1
820,47,1210.94,499.02,77.93,180.31,1,-1,-1,-1
820,48,853.13,451.57,74.56,200.89,1,-1,-1,-1
820,50,835.80,503.07,104.57,222.19,1,-1,-1,-1
820,53,1131.85,528.59,100.09,204.59,1,-1,-1,-1
820,56,136.31,557.48,117.45,213.66,1,-1,-1,-1
820,60,571.65,540.26,116.11,232.07,1,-1,-1,-1
820,64,257.37,540.53,157.95,195.05,1,-1,-1,-1
821,9,1446.41,535.82,142.13,180.12,1,-1,-1,-1
821,10,498.41,500.84,89.00,190.92,1,-1,-1,-1
821,15,1031.70,572.92,115.48,202.31,1,-1,-1,-1
821,20,1082.01,457.91,73.25,199.21,1,-1,-1,-1
821,25,849.00,452.02,79.53,207.28,1,-1,-1,-1
821,26,1638.25,601.44,141.65,177.19,1,-1,-1,-1
821,28,617.61,455.91,75.04,189.91,1,-1,-1,-1
821,31,720.46,478.53,95.20,217.36,1,-1,-1,-1
821,39,977.46,467.64,82.95,216.60,1,-1,-1,-1
821,47,1209.77,497.97,79.68,181.16,1,-1,-1,-1
821,48,854.15,451.84,73.69,199.65,1,-1,-1,-1
821,50,836.05,506.17,108.16,220.56,1,-1,-1,-1
821,53,1131.55,528.23,101.38,201.87,1,-1,-1,-1
821,56,133.39,561.37,118.42,210.42,1,-1,-1,-1
821,60,571.00,541.18,116.72,231.37,1,-1,-1,-1
821,64,251.66,541.53,163.32,195.10,1,-1,-1,-1
822,9,1479.20,536.15,125.22,179.89,1,-1,-1,-1
822,10,497.32,501.62,91.38,191.77,1,-1,-1,-1
822,15,1029.38,565.24,148.44,209.25,1,-1,-1,-1
822,20,1081.13,457.52,73.75,195.54,1,-1,-1,-1
822,25,849.00,452.02,79.53,207.28,1,-1,-1,-1
822,26,1657.13,599.57,133.69,181.80,1,-1,-1,-1
822,28,614.81,458.47,76.32,186.49,1,-1,-1,-1
822,31,722.30,480.75,96.31,216.00,1,-1,-1,-1
822,39,978.06,467.30,87.88,217.53,1,-1,-1,-1
822,47,1208.27,497.02,83.42,183.01,1,-1,-1,-1
822,48,856.45,454.36,72.62,198.87,1,-1,-1,-1
822,50,835.64,505.62,111.78,222.51,1,-1,-1,-1
822,53,1132.26,527.21,100.84,203.81,1,-1,-1,-1
822,56,119.36,565.06,130.77,204.44,1,-1,-1,-1
822,60,570.74,543.83,116.97,228.62,1,-1,-1,-1
822,62,1080.68,459.81,71.69,172.22,1,-1,-1,-1
822,64,235.19,544.91,171.61,192.34,1,-1,-1,-1
823,9,1496.89,532.45,121.22,184.74,1,-1,-1,-1
823,10,496.66,501.54,92.32,193.17,1,-1,-1,-1
823,15,1031.55,564.36,162.07,210.88,1,-1,-1,-1
823,20,1083.02,458.56,71.81,180.51,1,-1,-1,-1
823,25,849.00,452.02,79.53,207.28,1,-1,-1,-1
823,26,1670.47,601.65,123.79,181.58,1,-1,-1,-1
823,28,613.10,459.75,77.81,185.66,1,-1,-1,-1
823,31,721.48,480.30,99.82,216.89,1,-1,-1,-1
823,39,978.31,467.52,87.49,218.47,1,-1,-1,-1
823,47,1207.71,497.64,87.32,182.50,1,-1,-1,-1
823,48,858.07,454.79,71.14,197.60,1,-1,-1,-1
823,50,835.48,506.71,112.38,223.64,1,-1,-1,-1
823,53,1131.32,527.62,103.04,203.94,1,-1,-1,-1
823,56,111.50,565.88,139.20,204.58,1,-1,-1,-1
823,60,570.72,543.40,117.16,229.00,1,-1,-1,-1
823,62,1080.68,459.81,71.69,172.22,1,-1,-1,-1
823,64,225.84,545.94,176.97,191.65,1,-1,-1,-1
824,9,1496.04,532.48,139.56,183.73,1,-1,-1,-1
824,10,497.00,501.43,93.15,195.71,1,-1,-1,-1
824,15,1039.48,567.63,172.25,207.76,1,-1,-1,-1
824,20,1085.47,459.49,69.91,192.72,1,-1,-1,-1
824,25,849.00,452.02,79.53,207.28,1,-1,-1,-1
824,26,1697.77,608.33,116.01,174.75,1,-1,-1,-1
824,28,612.37,459.98,77.20,187.06,1,-1,-1,-1
824,31,719.74,479.78,105.41,217.90,1,-1,-1,-1
824,39,980.01,469.94,90.06,217.48,1,-1,-1,-1
824,47,1209.04,498.05,92.23,182.75,1,-1,-1,-1
824,48,859.78,458.07,69.94,204.36,1,-1,-1,-1
824,50,837.59,506.02,110.24,224.88,1,-1,-1,-1
824,53,1118.91,531.95,113.82,225.79,1,-1,-1,-1
824,56,104.24,568.86,144.97,201.58,1,-1,-1,-1
824,60,571.25,545.14,116.94,227.78,1,-1,-1,-1
824,62,1080.68,459.81,71.69,172.22,1,-1,-1,-1
824,64,209.84,549.94,174.30,188.20,1,-1,-1,-1
825,9,1499.75,532.67,143.85,183.24,1,-1,-1,-1
825,10,497.41,501.66,91.17,196.38,1,-1,-1,-1
825,15,1048.31,551.97,175.26,226.75,1,-1,-1,-1
825,20,1085.58,459.53,72.57,197.63,1,-1,-1,-1
825,26,1713.28,608.32,105.57,173.49,1,-1,-1,-1
825,28,611.29,459.45,78.53,191.14,1,-1,-1,-1
825,31,719.50,479.20,106.43,219.40,1,-1,-1,-1
825,39,981.15,470.77,90.57,217.89,1,-1,-1,-1
825,47,1212.24,499.00,93.54,183.98,1,-1,-1,-1
825,48,860.85,456.98,68.99,203.53,1,-1,-1,-1
825,50,838.99,504.84,108.98,224.24,1,-1,-1,-1
825,53,1118.91,531.95,113.82,225.79,1,-1,-1,-1
825,56,102.27,568.84,140.11,201.14,1,-1,-1,-1
825,60,571.92,546.63,116.42,225.84,1,-1,-1,-1
825,62,1080.68,459.81,71.69,172.22,1,-1,-1,-1
825,64,205.66,555.66,166.74,182.22,1,-1,-1,-1
826,9,1519.86,532.30,146.24,183.82,1,-1,-1,-1
826,10,498.56,501.89,89.12,195.28,1,-1,-1,-1
826,15,1070.79,567.67,155.73,205.64,1,-1,-1,-1
826,20,1086.73,462.81,75.94,188.11,1,-1,-1,-1
826,26,1724.74,608.12,106.25,174.65,1,-1,-1,-1
826,28,611.26,459.76,80.84,196.84,1,-1,-1,-1
826,31,721.67,476.93,103.95,222.02,1,-1,-1,-1
826,39,984.63,469.82,86.46,217.98,1,-1,-1,-1
826,47,1214.41,500.27,96.92,184.35,1,-1,-1,-1
826,48,862.68,456.27,69.00,194.08,1,-1,-1,-1
826,50,841.69,504.09,106.30,224.55,1,-1,-1,-1
826,53,1146.67,532.74,82.70,197.65,1,-1,-1,-1
826,56,93.06,565.52,132.88,201.94,1,-1,-1,-1
826,60,572.73,546.37,115.89,225.13,1,-1,-1,-1
826,62,1080.68,459.81,71.69,172.22,1,-1,-1,-1
826,64,189.41,554.90,153.58,183.04,1,-1,-1,-1
827,9,1530.77,534.15,144.64,180.60,1,-1,-1,-1
827,10,499.78,502.61,86.99,193.77,1,-1,-1,-1
827,15,1123.84,564.23,106.15,208.04,1,-1,-1,-1
827,20,1087.86,462.89,76.64,185.80,1,-1,-1,-1
827,26,1728.74,604.75,116.65,177.85,1,-1,-1,-1
827,28,611.54,459.63,82.62,197.41,1,-1,-1,-1
827,31,724.74,476.89,100.75,221.36,1,-1,-1,-1
827,39,985.84,469.63,84.79,218.22,1,-1,-1,-1
827,47,1213.06,500.00,97.10,183.77,1,-1,-1,-1
827,48,862.49,455.33,70.12,194.91,1,-1,-1,-1
827,50,842.01,505.99,105.35,222.10,1,-1,-1,-1
827,53,1146.67,532.74,82.70,197.65,1,-1,-1,-1
827,56,88.58,563.11,127.67,206.29,1,-1,-1,-1
827,60,572.68,546.27,115.59,224.85,1,-1,-1,-1
827,62,1080.68,459.81,71.69,172.22,1,-1,-1,-1
827,64,184.19,552.92,145.54,184.95,1,-1,-1,-1
828,9,1559.54,536.73,132.19,179.89,1,-1,-1,-1
828,10,500.16,502.05,87.61,194.44,1,-1,-1,-1
828,15,1132.08,576.76,105.13,196.40,1,-1,-1,-1
828,20,1087.73,462.13,79.87,186.02,1,-1,-1,-1
828,26,1734.40,606.46,138.22,175.90,1,-1,-1,-1
828,28,611.92,458.78,92.39,200.22,1,-1,-1,-1
828,31,727.88,476.22,97.37,221.08,1,-1,-1,-1
828,39,986.52,469.55,85.13,218.59,1,-1,-1,-1
828,47,1214.34,499.43,96.20,184.55,1,-1,-1,-1
828,48,866.23,452.73,66.74,177.09,1,-1,-1,-1
828,50,837.38,508.64,110.20,220.24,1,-1,-1,-1
828,53,1146.67,532.74,82.70,197.65,1,-1,-1,-1
828,56,69.42,561.40,121.54,204.24,1,-1,-1,-1
828,60,572.22,543.11,115.86,227.52,1,-1,-1,-1
828,64,172.01,545.35,124.78,189.80,1,-1,-1,-1
829,9,1579.40,534.05,124.95,181.56,1,-1,-1,-1
829,10,499.50,503.58,89.15,194.04,1,-1,-1,-1
829,15,1137.71,575.75,108.23,195.92,1,-1,-1,-1
829,20,1087.26,462.88,81.17,185.50,1,-1,-1,-1
829,26,1736.71,610.83,150.70,171.33,1,-1,-1,-1
829,28,611.75,459.58,96.21,201.16,1,-1,-1,-1
829,31,729.18,476.36,96.95,221.76,1,-1,-1,-1
829,39,986.31,470.54,86.02,217.94,1,-1,-1,-1
829,47,1217.08,499.44,92.61,184.52,1,-1,-1,-1
829,48,867.71,453.39,64.99,170.26,1,-1,-1,-1
829,50,845.59,510.32,103.83,218.20,1,-1,-1,-1
829,53,1146.67,532.74,82.70,197.65,1,-1,-1,-1
829,56,67.65,558.06,109.44,205.60,1,-1,-1,-1
829,60,572.11,541.54,116.94,229.53,1,-1,-1,-1
829,64,163.75,543.57,120.82,195.34,1,-1,-1,-1
830,9,1601.89,526.76,129.30,188.39,1,-1,-1,-1
830,10,492.62,504.62,98.71,194.33,1,-1,-1,-1
830,15,1167.57,581.64,91.35,188.69,1,-1,-1,-1
830,20,1086.66,466.40,82.47,181.40,1,-1,-1,-1
830,26,1742.93,602.92,154.96,181.25,1,-1,-1,-1
830,28,611.87,458.17,99.10,203.84,1,-1,-1,-1
830,31,730.71,477.16,96.72,221.21,1,-1,-1,-1
830,39,985.42,470.85,86.99,217.93,1,-1,-1,-1
830,47,1224.67,500.63,83.20,182.89,1,-1,-1,-1
830,48,866.04,454.51,67.59,179.13,1,-1,-1,-1
830,50,845.84,509.08,105.67,221.70,1,-1,-1,-1
830,53,1135.46,526.79,93.40,202.72,1,-1,-1,-1
830,56,57.85,555.68,97.65,207.68,1,-1,-1,-1
830,60,571.78,539.80,117.35,231.77,1,-1,-1,-1
830,64,153.53,541.67,127.70,195.96,1,-1,-1,-1
831,9,1603.35,525.23,139.19,190.63,1,-1,-1,-1
831,10,490.58,505.82,100.69,193.26,1,-1,-1,-1
831,15,1172.66,581.03,103.71,188.84,1,-1,-1,-1
831,20,1086.59,468.56,84.27,179.87,1,-1,-1,-1
831,26,1752.64,600.06,147.39,186.30,1,-1,-1,-1
831,28,613.69,459.72,97.88,202.69,1,-1,-1,-1
831,31,730.39,477.03,97.97,220.90,1,-1,-1,-1
831,39,984.25,471.02,88.35,218.26,1,-1,-1,-1
831,47,1227.50,501.59,79.11,180.97,1,-1,-1,-1
831,48,866.45,455.37,67.33,177.44,1,-1,-1,-1
831,50,847.71,507.96,104.73,225.74,1,-1,-1,-1
831,53,1133.63,519.90,95.08,208.53,1,-1,-1,-1
831,56,58.62,554.65,92.16,205.71,1,-1,-1,-1
831,60,571.69,539.43,116.87,232.05,1,-1,-1,-1
831,64,146.63,539.80,133.07,197.72,1,-1,-1,-1
832,9,1614.28,516.30,146.06,199.37,1,-1,-1,-1
832,10,489.77,505.92,101.18,194.50,1,-1,-1,-1
832,15,1173.13,563.41,142.07,204.11,1,-1,-1,-1
832,20,1088.03,466.40,84.32,181.27,1,-1,-1,-1
832,26,1768.98,573.05,147.30,212.18,1,-1,-1,-1
832,28,618.30,459.75,93.11,203.40,1,-1,-1,-1
832,31,731.99,478.23,95.68,219.47,1,-1,-1,-1
832,39,983.73,471.42,88.87,218.63,1,-1,-1,-1
832,47,1228.57,502.27,84.53,182.68,1,-1,-1,-1
832,48,867.72,456.45,65.18,167.33,1,-1,-1,-1
832,50,847.48,508.52,103.68,227.74,1,-1,-1,-1
832,53,1130.98,521.05,97.04,207.38,1,-1,-1,-1
832,56,48.45,551.30,113.99,209.81,1,-1,-1,-1
832,60,570.90,542.01,117.24,229.26,1,-1,-1,-1
832,64,130.49,539.00,149.32,198.15,1,-1,-1,-1
833,9,1625.74,513.59,147.59,202.90,1,-1,-1,-1
833,10,489.73,506.34,101.94,194.67,1,-1,-1,-1
833,15,1173.39,526.85,162.09,242.20,1,-1,-1,-1
833,20,1089.37,464.43,84.75,183.17,1,-1,-1,-1
833,26,1768.98,573.05,147.30,212.18,1,-1,-1,-1
833,28,619.88,461.28,91.06,201.55,1,-1,-1,-1
833,31,731.61,477.37,95.72,220.34,1,-1,-1,-1
833,39,983.14,471.90,89.02,218.75,1,-1,-1,-1
833,47,1228.57,502.27,84.53,182.68,1,-1,-1,-1
833,48,867.57,456.62,65.34,168.82,1,-1,-1,-1
833,50,847.42,509.73,102.32,226.96,1,-1,-1,-1
833,53,1131.73,523.01,96.36,204.48,1,-1,-1,-1
833,56,36.79,547.27,120.69,212.75,1,-1,-1,-1
833,60,570.22,540.58,117.46,230.11,1,-1,-1,-1
833,64,124.27,540.53,154.83,196.83,1,-1,-1,-1
834,9,1644.10,515.64,145.28,202.51,1,-1,-1,-1
834,10,489.96,506.07,100.93,195.08,1,-1,-1,-1
834,15,1183.32,575.77,169.52,190.04,1,-1,-1,-1
834,20,1092.25,463.41,82.91,184.11,1,-1,-1,-1
834,26,1809.77,570.27,109.86,218.30,1,-1,-1,-1
834,28,623.42,462.85,90.18,200.10,1,-1,-1,-1
834,31,730.85,477.66,96.49,219.91,1,-1,-1,-1
834,39,983.46,472.04,88.16,218.63,1,-1,-1,-1
834,47,1228.57,502.27,84.53,182.68,1,-1,-1,-1
834,48,865.56,456.02,67.27,177.68,1,-1,-1,-1
834,50,847.73,512.41,100.88,224.51,1,-1,-1,-1
834,53,1133.82,525.61,91.00,202.57,1,-1,-1,-1
834,56,10.59,538.15,142.43,224.36,1,-1,-1,-1
834,60,571.13,541.12,116.04,229.49,1,-1,-1,-1
834,64,106.95,540.39,172.39,211.00,1,-1,-1,-1
835,9,1660.42,512.88,158.88,205.24,1,-1,-1,-1
835,10,489.04,505.99,101.39,195.40,1,-1,-1,-1
835,15,1191.49,575.50,172.52,192.41,1,-1,-1,-1
835,20,1096.17,462.90,79.35,185.43,1,-1,-1,-1
835,26,1827.54,568.13,92.42,221.20,1,-1,-1,-1
835,28,625.81,463.06,87.72,200.08,1,-1,-1,-1
835,31,730.97,478.24,96.32,219.26,1,-1,-1,-1
835,39,983.50,471.94,87.75,218.36,1,-1,-1,-1
835,47,1221.53,501.99,79.99,177.94,1,-1,-1,-1
835,48,865.34,456.34,67.03,178.00,1,-1,-1,-1
835,50,847.67,513.90,99.83,223.27,1,-1,-1,-1
835,53,1133.82,526.23,91.86,203.66,1,-1,-1,-1
835,56,10.59,538.15,142.43,224.36,1,-1,-1,-1
835,60,571.17,540.35,115.61,231.08,1,-1,-1,-1
835,64,100.95,546.11,176.66,207.54,1,-1,-1,-1
836,9,1660.42,512.88,158.88,205.24,1,-1,-1,-1
836,10,488.99,506.51,100.42,194.20,1,-1,-1,-1
836,15,1215.76,586.46,156.79,181.48,1,-1,-1,-1
836,20,1098.36,463.40,75.57,185.81,1,-1,-1,-1
836,26,1838.96,562.59,81.03,225.74,1,-1,-1,-1
836,28,627.72,462.58,85.09,201.18,1,-1,-1,-1
836,31,732.04,477.60,94.92,219.67,1,-1,-1,-1
836,39,983.47,471.83,87.38,218.97,1,-1,-1,-1
836,47,1220.69,499.93,79.77,185.51,1,-1,-1,-1
836,48,865.11,456.44,66.06,173.50,1,-1,-1,-1
836,50,848.25,516.65,97.36,220.04,1,-1,-1,-1
836,53,1133.63,526.76,93.30,203.47,1,-1,-1,-1
836,56,10.59,538.15,142.43,224.36,1,-1,-1,-1
836,60,571.52,542.17,115.19,228.73,1,-1,-1,-1
836,64,80.21,544.13,185.95,213.07,1,-1,-1,-1
837,9,1660.42,512.88,158.88,205.24,1,-1,-1,-1
837,10,488.81,507.18,100.16,193.65,1,-1,-1,-1
837,15,1239.40,590.38,139.30,176.06,1,-1,-1,-1
837,20,1098.88,463.57,74.71,186.66,1,-1,-1,-1
837,26,1840.99,559.18,79.01,231.72,1,-1,-1,-1
837,28,628.14,462.60,84.69,202.31,1,-1,-1,-1
837,31,732.26,476.92,94.78,220.35,1,-1,-1,-1
837,39,982.30,472.11,88.48,218.70,1,-1,-1,-1
837,47,1219.53,499.04,81.69,185.74,1,-1,-1,-1
837,48,866.15,456.94,64.99,175.66,1,-1,-1,-1
837,50,846.83,518.27,99.87,218.58,1,-1,-1,-1
837,53,1133.42,526.99,98.06,204.15,1,-1,-1,-1
837,56,10.59,538.15,142.43,224.36,1,-1,-1,-1
837,60,571.52,541.13,115.08,229.59,1,-1,-1,-1
837,64,72.14,548.82,120.66,206.58,1,-1,-1,-1
838,9,1660.42,512.88,158.88,205.24,1,-1,-1,-1
838,10,489.35,507.11,99.18,194.34,1,-1,-1,-1
838,15,1267.30,585.47,131.79,180.20,1,-1,-1,-1
838,20,1100.65,463.16,71.83,187.17,1,-1,-1,-1
838,26,1843.13,543.50,76.87,246.28,1,-1,-1,-1
838,28,627.50,462.17,84.26,203.62,1,-1,-1,-1
838,31,732.52,476.23,93.24,220.49,1,-1,-1,-1
838,39,981.97,472.97,88.59,217.96,1,-1,-1,-1
838,47,1220.66,498.68,82.50,187.05,1,-1,-1,-1
838,48,865.59,456.52,66.54,195.95,1,-1,-1,-1
838,50,845.70,517.91,100.81,219.07,1,-1,-1,-1
838,53,1133.38,526.74,95.75,204.79,1,-1,-1,-1
838,56,10.59,538.15,142.43,224.36,1,-1,-1,-1
838,60,572.07,538.71,114.21,231.77,1,-1,-1,-1
838,64,63.96,542.54,112.77,195.33,1,-1,-1,-1
839,9,1660.42,512.88,158.88,205.24,1,-1,-1,-1
839,10,489.28,506.63,99.10,195.21,1,-1,-1,-1
839,15,1281.04,587.69,127.55,175.65,1,-1,-1,-1
839,20,1101.18,463.70,70.44,190.25,1,-1,-1,-1
839,26,1845.87,540.18,74.13,250.52,1,-1,-1,-1
839,28,627.44,461.54,84.13,203.99,1,-1,-1,-1
839,31,732.46,475.77,92.94,221.25,1,-1,-1,-1
839,39,982.37,472.95,88.26,218.46,1,-1,-1,-1
839,47,1221.71,498.79,82.41,187.20,1,-1,-1,-1
839,48,865.93,456.17,65.86,195.56,1,-1,-1,-1
839,50,844.69,519.07,102.02,217.73,1,-1,-1,-1
839,53,1133.28,526.86,96.15,205.14,1,-1,-1,-1
839,56,10.59,538.15,142.43,224.36,1,-1,-1,-1
839,60,571.62,538.57,114.88,232.30,1,-1,-1,-1
839,64,59.22,539.54,108.62,199.60,1,-1,-1,-1
840,9,1660.42,512.88,158.88,205.24,1,-1,-1,-1
840,10,489.68,507.26,98.11,194.06,1,-1,-1,-1
840,15,1306.72,583.13,121.78,181.33,1,-1,-1,-1
840,20,1101.54,464.40,69.48,189.78,1,-1,-1,-1
840,26,1845.87,540.18,74.13,250.52,1,-1,-1,-1
840,28,627.03,461.19,86.54,205.00,1,-1,-1,-1
840,31,733.64,476.27,91.06,220.18,1,-1,-1,-1
840,39,982.96,473.40,87.63,218.24,1,-1,-1,-1
840,47,1222.66,499.17,81.92,186.25,1,-1,-1,-1
840,48,866.51,456.40,65.24,190.34,1,-1,-1,-1
840,50,841.49,520.48,105.19,216.21,1,-1,-1,-1
840,53,1133.11,525.78,96.84,206.77,1,-1,-1,-1
840,60,572.08,540.27,113.86,230.10,1,-1,-1,-1
840,64,54.14,534.56,130.14,203.42,1,-1,-1,-1
841,10,489.14,507.38,98.80,193.98,1,-1,-1,-1
841,15,1315.22,575.97,131.19,186.82,1,-1,-1,-1
841,20,1101.32,466.32,68.98,187.84,1,-1,-1,-1
841,26,1845.87,540.18,74.13,250.52,1,-1,-1,-1
841,28,626.68,460.78,86.79,205.60,1,-1,-1,-1
841,31,733.86,476.65,90.65,220.09,1,-1,-1,-1
841,39,982.37,473.43,88.15,217.89,1,-1,-1,-1
841,47,1222.12,498.88,83.55,186.45,1,-1,-1,-1
841,48,868.44,456.29,63.24,186.42,1,-1,-1,-1
841,50,838.49,521.20,108.58,215.52,1,-1,-1,-1
841,53,1132.70,527.60,97.31,205.34,1,-1,-1,-1
841,60,571.77,541.28,114.32,229.44,1,-1,-1,-1
841,64,58.37,531.14,112.95,204.91,1,-1,-1,-1
842,10,489.73,507.31,98.13,194.42,1,-1,-1,-1
842,15,1318.24,569.65,139.00,193.88,1,-1,-1,-1
842,20,1101.48,467.01,67.62,187.34,1,-1,-1,-1
842,26,1845.87,540.18,74.13,250.52,1,-1,-1,-1
842,28,625.34,460.24,89.75,205.87,1,-1,-1,-1
842,31,733.00,476.70,90.69,219.50,1,-1,-1,-1
842,39,982.36,473.09,88.35,218.83,1,-1,-1,-1
842,47,1220.27,498.69,89.52,186.92,1,-1,-1,-1
842,48,868.23,456.70,64.00,187.45,1,-1,-1,-1
842,50,835.05,525.28,111.85,211.24,1,-1,-1,-1
842,53,1132.14,527.37,98.61,205.93,1,-1,-1,-1
842,60,571.65,540.92,114.84,229.59,1,-1,-1,-1
842,64,50.26,518.32,103.55,220.39,1,-1,-1,-1
843,10,489.85,507.42,98.14,194.34,1,-1,-1,-1
843,15,1316.41,563.24,150.11,200.93,1,-1,-1,-1
843,20,1101.26,467.57,67.79,186.43,1,-1,-1,-1
843,26,1845.87,540.18,74.13,250.52,1,-1,-1,-1
843,28,624.80,460.33,91.06,206.05,1,-1,-1,-1
843,31,732.96,477.08,90.63,217.99,1,-1,-1,-1
843,39,982.72,473.22,88.04,218.40,1,-1,-1,-1
843,47,1219.90,498.85,89.80,186.52,1,-1,-1,-1
843,48,867.17,456.87,65.12,189.29,1,-1,-1,-1
843,50,831.87,523.61,114.36,212.61,1,-1,-1,-1
843,53,1132.20,527.71,99.09,205.71,1,-1,-1,-1
843,60,571.88,541.03,114.19,228.48,1,-1,-1,-1
843,64,51.59,521.35,99.79,218.10,1,-1,-1,-1
844,10,489.51,507.65,98.15,193.48,1,-1,-1,-1
844,15,1324.56,562.11,159.64,201.32,1,-1,-1,-1
844,20,1100.00,466.06,67.55,188.19,1,-1,-1,-1
844,26,1845.87,540.18,74.13,250.52,1,-1,-1,-1
844,28,624.47,461.16,91.37,205.20,1,-1,-1,-1
844,31,732.52,476.69,93.77,219.29,1,-1,-1,-1
844,39,982.76,473.17,87.87,219.16,1,-1,-1,-1
844,47,1221.14,499.48,87.09,185.94,1,-1,-1,-1
844,48,866.49,457.17,65.25,190.93,1,-1,-1,-1
844,50,826.55,519.94,120.54,215.82,1,-1,-1,-1
844,53,1133.04,528.77,97.20,204.19,1,-1,-1,-1
844,60,571.71,540.40,114.49,229.01,1,-1,-1,-1
844,64,38.22,505.44,113.67,234.85,1,-1,-1,-1
845,10,490.21,507.77,97.59,193.38,1,-1,-1,-1
845,15,1332.36,559.74,159.89,200.85,1,-1,-1,-1
845,20,1099.50,465.84,68.40,188.39,1,-1,-1,-1
845,28,624.26,461.00,91.41,205.38,1,-1,-1,-1
845,31,732.67,477.07,95.00,218.28,1,-1,-1,-1
845,39,982.76,473.04,88.12,219.34,1,-1,-1,-1
845,47,1221.40,499.45,87.35,185.94,1,-1,-1,-1
845,48,867.00,457.05,64.69,187.91,1,-1,-1,-1
845,50,811.12,519.64,136.31,216.49,1,-1,-1,-1
845,53,1132.72,528.10,97.38,204.83,1,-1,-1,-1
845,60,572.02,540.15,114.22,229.22,1,-1,-1,-1
845,64,34.37,502.32,116.94,239.08,1,-1,-1,-1
846,10,490.45,507.77,97.49,193.36,1,-1,-1,-1
846,15,1353.40,566.27,150.43,194.60,1,-1,-1,-1
846,20,1098.92,464.99,69.16,188.97,1,-1,-1,-1
846,28,623.89,461.97,91.46,204.35,1,-1,-1,-1
846,31,734.18,476.62,92.35,219.64,1,-1,-1,-1
846,39,982.43,473.10,88.35,219.19,1,-1,-1,-1
846,47,1222.01,499.17,86.88,186.14,1,-1,-1,-1
846,48,865.94,457.01,65.59,189.66,1,-1,-1,-1
846,50,821.13,518.87,111.30,218.53,1,-1,-1,-1
846,53,1133.44,527.82,96.38,205.26,1,-1,-1,-1
846,60,571.87,539.38,114.19,229.98,1,-1,-1,-1
846,64,34.37,502.32,116.94,239.08,1,-1,-1,-1
847,10,490.43,507.49,97.55,193.86,1,-1,-1,-1
847,15,1373.14,567.23,139.53,189.84,1,-1,-1,-1
847,20,1098.59,464.87,69.85,188.75,1,-1,-1,-1
847,28,623.79,462.26,91.29,204.04,1,-1,-1,-1
847,31,734.06,475.85,91.71,220.85,1,-1,-1,-1
847,39,982.44,472.92,88.24,219.55,1,-1,-1,-1
847,47,1222.10,499.19,86.89,186.29,1,-1,-1,-1
847,48,865.17,457.02,66.22,191.49,1,-1,-1,-1
847,50,827.17,518.15,105.60,218.49,1,-1,-1,-1
847,53,1133.26,527.46,96.70,205.92,1,-1,-1,-1
847,60,571.79,539.14,114.54,230.38,1,-1,-1,-1
847,64,34.37,502.32,116.94,239.08,1,-1,-1,-1
848,10,490.60,507.63,97.42,193.66,1,-1,-1,-1
848,15,1416.31,564.62,112.09,191.11,1,-1,-1,-1
848,20,1098.72,465.41,69.97,188.90,1,-1,-1,-1
848,28,623.93,462.26,91.25,204.55,1,-1,-1,-1
848,31,734.65,475.63,90.25,220.70,1,-1,-1,-1
848,39,982.77,473.05,88.11,219.31,1,-1,-1,-1
848,47,1222.08,499.21,86.83,186.43,1,-1,-1,-1
848,48,865.30,457.08,66.01,192.77,1,-1,-1,-1
848,50,830.63,515.63,94.00,221.82,1,-1,-1,-1
848,53,1133.13,527.06,97.27,206.38,1,-1,-1,-1
848,60,571.70,539.95,114.89,230.33,1,-1,-1,-1
848,64,34.37,502.32,116.94,239.08,1,-1,-1,-1
849,10,490.20,507.49,98.02,193.85,1,-1,-1,-1
849,15,1432.62,563.57,107.93,191.15,1,-1,-1,-1
849,20,1098.94,465.40,70.39,189.28,1,-1,-1,-1
849,28,623.80,462.33,91.70,204.60,1,-1,-1,-1
849,31,735.12,476.02,89.30,220.11,1,-1,-1,-1
849,39,982.93,472.82,88.07,219.71,1,-1,-1,-1
849,47,1221.46,499.13,87.64,186.47,1,-1,-1,-1
849,48,865.67,456.69,65.80,193.93,1,-1,-1,-1
849,50,832.21,514.14,93.44,222.67,1,-1,-1,-1
849,53,1133.00,525.45,97.58,207.72,1,-1,-1,-1
849,60,571.50,540.06,114.86,230.26,1,-1,-1,-1
849,64,34.37,502.32,116.94,239.08,1,-1,-1,-1
850,10,490.15,507.45,98.27,193.71,1,-1,-1,-1
850,15,1448.00,560.19,112.01,194.74,1,-1,-1,-1
850,20,1100.57,465.72,69.16,189.50,1,-1,-1,-1
850,28,624.01,462.91,91.12,203.52,1,-1,-1,-1
850,31,735.34,476.26,88.71,219.62,1,-1,-1,-1
850,39,982.87,472.91,88.64,219.31,1,-1,-1,-1
850,47,1221.40,499.14,88.06,186.51,1,-1,-1,-1
850,48,866.35,456.48,65.36,194.16,1,-1,-1,-1
850,50,837.34,519.04,88.11,217.86,1,-1,-1,-1
850,53,1132.05,523.23,98.21,210.08,1,-1,-1,-1
850,60,571.41,539.63,114.65,230.27,1,-1,-1,-1
850,64,34.37,502.32,116.94,239.08,1,-1,-1,-1
851,10,490.19,507.31,98.47,193.75,1,-1,-1,-1
851,15,1450.11,554.97,122.95,198.39,1,-1,-1,-1
851,20,1100.93,465.70,69.39,189.39,1,-1,-1,-1
851,28,623.90,462.70,91.26,203.44,1,-1,-1,-1
851,31,734.05,476.07,90.09,220.08,1,-1,-1,-1
851,39,982.34,473.22,88.87,218.72,1,-1,-1,-1
851,47,1220.92,499.14,88.59,186.53,1,-1,-1,-1
851,48,866.92,456.03,64.90,195.28,1,-1,-1,-1
851,50,838.55,517.49,87.96,219.06,1,-1,-1,-1
851,53,1131.08,522.15,99.80,211.65,1,-1,-1,-1
851,60,570.89,538.48,114.97,232.12,1,-1,-1,-1
852,10,490.85,507.61,98.67,193.14,1,-1,-1,-1
852,15,1451.79,550.85,148.97,200.50,1,-1,-1,-1
852,20,1100.97,465.73,69.72,187.31,1,-1,-1,-1
852,28,623.78,461.97,90.67,204.56,1,-1,-1,-1
852,31,734.98,477.11,89.09,217.85,1,-1,-1,-1
852,39,983.47,472.73,87.86,218.33,1,-1,-1,-1
852,47,1220.36,499.56,89.71,185.55,1,-1,-1,-1
852,48,867.38,455.56,64.31,185.84,1,-1,-1,-1
852,50,842.28,521.82,86.70,213.33,1,-1,-1,-1
852,53,1131.48,524.32,101.24,208.98,1,-1,-1,-1
852,60,570.99,539.28,115.13,230.65,1,-1,-1,-1
853,10,491.51,507.61,97.60,192.23,1,-1,-1,-1
853,15,1458.24,550.03,161.37,201.98,1,-1,-1,-1
853,20,1101.31,465.64,69.68,186.82,1,-1,-1,-1
853,28,624.04,462.33,89.91,203.95,1,-1,-1,-1
853,31,736.41,476.40,87.19,217.86,1,-1,-1,-1
853,39,983.73,471.82,87.84,219.21,1,-1,-1,-1
853,47,1219.98,498.79,89.77,186.16,1,-1,-1,-1
853,48,867.27,455.39,64.77,184.35,1,-1,-1,-1
853,50,843.93,522.77,86.65,211.77,1,-1,-1,-1
853,53,1132.12,522.84,100.20,210.01,1,-1,-1,-1
853,60,571.33,540.39,114.75,229.44,1,-1,-1,-1
854,10,491.89,507.83,96.03,191.54,1,-1,-1,-1
854,15,1469.29,552.62,169.97,198.51,1,-1,-1,-1
854,20,1101.23,465.54,70.48,187.34,1,-1,-1,-1
854,28,624.03,463.01,88.71,203.45,1,-1,-1,-1
854,31,736.85,476.26,86.73,217.05,1,-1,-1,-1
854,39,984.26,472.07,87.73,218.98,1,-1,-1,-1
854,47,1219.43,498.49,90.90,186.36,1,-1,-1,-1
854,48,865.54,455.61,67.10,190.12,1,-1,-1,-1
854,50,839.12,518.43,92.96,215.77,1,-1,-1,-1
854,53,1131.82,521.77,100.57,211.30,1,-1,-1,-1
854,60,572.15,541.09,114.39,228.27,1,-1,-1,-1
855,10,491.81,507.65,95.99,191.89,1,-1,-1,-1
855,15,1475.87,555.73,171.95,194.87,1,-1,-1,-1
855,20,1100.87,465.54,71.25,187.90,1,-1,-1,-1
855,28,624.08,463.22,88.85,203.18,1,-1,-1,-1
855,31,736.79,475.81,86.54,217.78,1,-1,-1,-1
855,39,984.31,472.06,88.16,219.30,1,-1,-1,-1
855,47,1219.24,498.69,91.01,186.38,1,-1,-1,-1
855,48,865.56,455.53,67.00,187.51,1,-1,-1,-1
855,50,840.72,515.74,91.80,217.47,1,-1,-1,-1
855,53,1131.31,521.36,101.96,212.29,1,-1,-1,-1
855,60,572.39,541.35,114.40,228.36,1,-1,-1,-1
856,10,491.85,507.75,96.12,191.16,1,-1,-1,-1
856,15,1491.21,562.52,172.46,188.33,1,-1,-1,-1
856,20,1100.93,465.52,70.97,187.84,1,-1,-1,-1
856,28,624.00,463.47,88.90,202.68,1,-1,-1,-1
856,31,737.08,475.92,86.16,216.93,1,-1,-1,-1
856,39,984.27,472.11,88.04,219.06,1,-1,-1,-1
856,47,1219.96,498.83,90.20,186.26,1,-1,-1,-1
856,48,865.06,455.57,68.08,190.51,1,-1,-1,-1
856,50,848.86,513.48,84.62,218.96,1,-1,-1,-1
856,53,1132.03,522.13,100.70,210.76,1,-1,-1,-1
856,60,572.12,541.17,114.08,227.72,1,-1,-1,-1
857,10,491.38,507.64,96.55,191.36,1,-1,-1,-1
857,15,1502.95,565.35,171.99,185.01,1,-1,-1,-1
857,20,1100.93,465.56,70.75,187.98,1,-1,-1,-1
857,28,623.91,463.13,88.46,203.27,1,-1,-1,-1
857,31,737.42,476.07,85.99,216.45,1,-1,-1,-1
857,39,984.03,472.17,88.32,218.93,1,-1,-1,-1
857,47,1220.09,498.64,90.12,186.38,1,-1,-1,-1
857,48,866.27,455.71,66.04,178.94,1,-1,-1,-1
857,50,850.35,513.42,84.03,218.32,1,-1,-1,-1
857,53,1132.65,522.08,99.43,211.04,1,-1,-1,-1
857,60,571.90,540.94,114.52,227.90,1,-1,-1,-1
858,10,490.48,507.82,97.42,191.53,1,-1,-1,-1
858,15,1540.62,568.46,154.13,178.53,1,-1,-1,-1
858,20,1100.58,466.36,71.77,187.29,1,-1,-1,-1
858,28,624.29,463.38,87.85,202.48,1,-1,-1,-1
858,31,737.66,476.00,86.01,216.13,1,-1,-1,-1
858,39,984.47,472.21,87.52,219.10,1,-1,-1,-1
858,47,1219.99,498.71,90.52,186.37,1,-1,-1,-1
858,48,866.64,455.60,64.97,171.88,1,-1,-1,-1
858,50,851.93,513.73,83.45,221.06,1,-1,-1,-1
858,53,1132.92,524.10,98.61,209.00,1,-1,-1,-1
858,60,571.88,541.27,115.21,227.73,1,-1,-1,-1
859,10,490.70,507.91,97.19,191.16,1,-1,-1,-1
859,15,1563.57,566.28,143.05,180.83,1,-1,-1,-1
859,20,1100.56,466.29,72.00,187.16,1,-1,-1,-1
859,28,624.36,463.68,87.89,202.52,1,-1,-1,-1
859,31,737.87,476.10,86.32,215.67,1,-1,-1,-1
859,39,984.59,472.15,87.07,219.82,1,-1,-1,-1
859,47,1220.13,498.96,90.35,186.20,1,-1,-1,-1
859,48,866.39,456.01,65.20,169.66,1,-1,-1,-1
859,50,853.68,514.21,81.47,220.01,1,-1,-1,-1
859,53,1132.36,524.23,99.20,208.81,1,-1,-1,-1
859,60,571.72,541.59,115.95,227.54,1,-1,-1,-1
860,10,490.74,508.03,97.11,191.56,1,-1,-1,-1
860,15,1595.51,555.80,122.70,190.50,1,-1,-1,-1
860,20,1100.79,466.42,71.28,187.14,1,-1,-1,-1
860,28,624.84,463.27,87.31,201.96,1,-1,-1,-1
860,31,737.21,476.25,87.76,217.37,1,-1,-1,-1
860,39,984.86,472.18,86.20,219.47,1,-1,-1,-1
860,47,1220.01,499.31,90.21,186.23,1,-1,-1,-1
860,48,866.71,455.44,65.55,176.85,1,-1,-1,-1
860,50,857.97,513.35,78.65,224.64,1,-1,-1,-1
860,53,1131.62,523.98,101.17,209.35,1,-1,-1,-1
860,60,572.18,541.37,116.09,227.59,1,-1,-1,-1
861,10,490.67,507.77,97.33,191.99,1,-1,-1,-1
861,15,1603.47,548.65,122.66,196.16,1,-1,-1,-1
861,20,1100.91,466.40,71.25,187.17,1,-1,-1,-1
861,28,624.77,462.82,87.35,202.44,1,-1,-1,-1
861,31,736.38,476.24,88.42,217.84,1,-1,-1,-1
861,39,984.83,472.18,86.03,219.32,1,-1,-1,-1
861,47,1220.23,499.41,89.90,186.11,1,-1,-1,-1
861,48,866.86,455.44,65.93,180.35,1,-1,-1,-1
861,50,859.17,511.96,79.05,224.87,1,-1,-1,-1
861,53,1131.50,523.43,101.53,209.82,1,-1,-1,-1
861,60,572.16,540.92,116.42,228.87,1,-1,-1,-1
862,10,490.52,507.68,97.86,192.42,1,-1,-1,-1
862,15,1611.10,537.86,134.67,207.07,1,-1,-1,-1
862,20,1100.80,466.33,71.76,186.94,1,-1,-1,-1
862,28,624.46,462.03,87.96,203.16,1,-1,-1,-1
862,31,736.36,476.22,88.59,217.61,1,-1,-1,-1
862,39,984.84,472.01,86.32,219.99,1,-1,-1,-1
862,47,1220.18,499.51,90.12,185.95,1,-1,-1,-1
862,48,866.11,455.72,66.67,172.82,1,-1,-1,-1
862,50,859.53,512.07,77.70,226.34,1,-1,-1,-1
862,53,1131.24,523.30,101.85,210.07,1,-1,-1,-1
862,60,572.18,540.55,116.29,229.58,1,-1,-1,-1
863,10,490.38,507.54,98.15,192.34,1,-1,-1,-1
863,15,1616.46,538.37,137.82,206.05,1,-1,-1,-1
863,20,1100.87,466.58,71.60,186.89,1,-1,-1,-1
863,28,624.44,461.82,88.19,203.37,1,-1,-1,-1
863,31,735.96,476.36,88.98,217.79,1,-1,-1,-1
863,39,984.75,472.03,86.30,219.76,1,-1,-1,-1
863,47,1220.26,499.45,89.87,185.99,1,-1,-1,-1
863,48,865.09,455.75,67.87,171.47,1,-1,-1,-1
863,50,856.02,511.99,81.46,226.01,1,-1,-1,-1
863,53,1131.19,522.97,102.12,210.56,1,-1,-1,-1
863,60,572.30,540.69,116.49,229.44,1,-1,-1,-1
864,10,490.11,507.86,98.09,192.50,1,-1,-1,-1
864,15,1636.37,532.57,139.11,206.21,1,-1,-1,-1
864,20,1100.96,466.52,71.61,187.22,1,-1,-1,-1
864,28,624.52,462.37,88.74,203.25,1,-1,-1,-1
864,31,736.18,477.19,87.41,216.01,1,-1,-1,-1
864,39,984.02,472.35,86.24,219.89,1,-1,-1,-1
864,47,1220.01,499.58,89.35,185.88,1,-1,-1,-1
864,48,869.02,455.23,62.69,155.10,1,-1,-1,-1
864,50,847.92,513.38,88.95,222.69,1,-1,-1,-1
864,53,1131.16,522.94,102.62,210.31,1,-1,-1,-1
864,60,572.35,540.09,116.03,229.85,1,-1,-1,-1
865,10,489.99,507.92,98.41,192.41,1,-1,-1,-1
865,15,1643.52,536.41,134.54,205.19,1,-1,-1,-1
865,20,1101.09,467.01,71.29,186.55,1,-1,-1,-1
865,28,624.57,462.55,89.10,203.21,1,-1,-1,-1
865,31,736.28,478.04,87.10,215.19,1,-1,-1,-1
865,39,983.84,472.28,86.82,219.97,1,-1,-1,-1
865,47,1219.75,499.35,89.18,186.23,1,-1,-1,-1
865,48,867.65,455.39,64.78,155.11,1,-1,-1,-1
865,50,840.48,514.80,96.69,221.62,1,-1,-1,-1
865,53,1131.85,522.76,101.35,210.36,1,-1,-1,-1
865,60,572.52,539.93,116.27,229.91,1,-1,-1,-1
866,10,490.70,508.10,97.32,192.21,1,-1,-1,-1
866,15,1670.64,530.97,126.09,205.07,1,-1,-1,-1
866,20,1101.50,466.90,70.31,186.55,1,-1,-1,-1
866,28,624.81,462.30,88.42,203.70,1,-1,-1,-1
866,31,736.66,477.57,87.25,216.41,1,-1,-1,-1
866,39,983.76,472.14,86.81,219.73,1,-1,-1,-1
866,47,1219.93,499.02,88.73,187.06,1,-1,-1,-1
866,48,869.20,455.45,62.92,155.45,1,-1,-1,-1
866,50,848.56,516.11,90.59,222.78,1,-1,-1,-1
866,53,1131.46,522.18,101.26,211.32,1,-1,-1,-1
866,60,572.42,538.81,116.96,230.98,1,-1,-1,-1
867,10,491.11,508.10,96.86,192.17,1,-1,-1,-1
867,15,1670.64,530.97,126.09,205.07,1,-1,-1,-1
867,20,1101.27,466.85,70.62,186.86,1,-1,-1,-1
867,28,624.86,462.16,88.64,204.01,1,-1,-1,-1
867,31,736.63,477.76,87.43,216.56,1,-1,-1,-1
867,39,983.31,472.18,87.14,219.32,1,-1,-1,-1
867,47,1219.49,498.93,89.04,187.36,1,-1,-1,-1
867,48,869.83,455.68,62.18,153.46,1,-1,-1,-1
867,50,854.07,518.19,85.86,222.08,1,-1,-1,-1
867,53,1131.40,522.08,100.59,211.43,1,-1,-1,-1
867,60,572.28,538.59,117.15,231.18,1,-1,-1,-1
868,10,489.83,507.87,98.22,193.60,1,-1,-1,-1
868,15,1670.64,530.97,126.09,205.07,1,-1,-1,-1
868,20,1101.58,466.09,70.27,188.15,1,-1,-1,-1
868,28,624.66,462.25,89.05,204.04,1,-1,-1,-1
868,31,736.55,478.12,88.59,216.17,1,-1,-1,-1
868,39,982.71,472.53,87.76,219.37,1,-1,-1,-1
868,47,1220.27,498.94,87.05,187.13,1,-1,-1,-1
868,48,869.53,455.41,62.51,157.83,1,-1,-1,-1
868,50,860.97,517.41,80.95,225.13,1,-1,-1,-1
868,53,1131.79,522.61,99.20,210.70,1,-1,-1,-1
868,60,572.27,539.18,116.11,230.86,1,-1,-1,-1
869,10,489.79,507.60,98.10,194.14,1,-1,-1,-1
869,15,1670.64,530.97,126.09,205.07,1,-1,-1,-1
869,20,1101.45,465.63,70.57,188.52,1,-1,-1,-1
869,28,624.87,462.57,88.63,203.23,1,-1,-1,-1
869,31,736.26,477.21,88.59,217.36,1,-1,-1,-1
869,39,982.46,472.65,87.90,219.42,1,-1,-1,-1
869,47,1220.45,498.88,86.62,186.59,1,-1,-1,-1
869,48,869.82,455.51,62.34,159.41,1,-1,-1,-1
869,50,863.22,517.12,78.04,225.97,1,-1,-1,-1
869,53,1132.19,522.95,99.08,210.12,1,-1,-1,-1
869,60,572.60,538.53,115.84,231.23,1,-1,-1,-1
870,10,490.29,507.67,97.25,193.38,1,-1,-1,-1
870,15,1670.64,530.97,126.09,205.07,1,-1,-1,-1
870,20,1101.31,465.28,70.83,188.51,1,-1,-1,-1
870,28,624.88,462.52,88.85,203.02,1,-1,-1,-1
870,31,735.87,477.10,88.72,217.41,1,-1,-1,-1
870,39,983.20,472.65,87.19,219.31,1,-1,-1,-1
870,47,1220.77,498.87,86.38,186.34,1,-1,-1,-1
870,48,870.76,455.48,60.98,153.37,1,-1,-1,-1
870,50,866.67,521.18,72.98,221.96,1,-1,-1,-1
870,53,1132.67,522.65,98.18,210.26,1,-1,-1,-1
870,60,572.35,538.96,116.24,231.24,1,-1,-1,-1
871,10,489.87,507.42,97.81,193.66,1,-1,-1,-1
871,15,1670.64,530.97,126.09,205.07,1,-1,-1,-1
871,20,1101.45,464.69,70.81,189.03,1,-1,-1,-1
871,28,624.92,462.37,88.80,203.35,1,-1,-1,-1
871,31,735.42,476.96,89.04,217.44,1,-1,-1,-1
871,39,982.95,472.56,87.32,219.07,1,-1,-1,-1
871,47,1221.04,498.85,86.00,186.11,1,-1,-1,-1
871,48,870.63,455.55,61.14,156.26,1,-1,-1,-1
871,50,865.62,523.65,73.83,219.23,1,-1,-1,-1
871,53,1132.84,522.01,98.41,211.26,1,-1,-1,-1
871,60,572.48,538.75,116.46,231.52,1,-1,-1,-1
872,10,489.67,507.46,98.48,193.53,1,-1,-1,-1
872,20,1101.39,464.68,70.79,188.90,1,-1,-1,-1
872,28,624.51,462.82,89.48,203.11,1,-1,-1,-1
872,31,736.20,477.43,87.88,216.96,1,-1,-1,-1
872,39,982.59,472.60,87.73,219.17,1,-1,-1,-1
872,47,1220.89,498.98,85.90,186.06,1,-1,-1,-1
872,48,870.58,456.33,60.95,151.21,1,-1,-1,-1
872,50,867.01,526.03,70.32,216.97,1,-1,-1,-1
872,53,1132.59,522.61,98.44,210.68,1,-1,-1,-1
872,60,572.80,538.51,116.03,231.85,1,-1,-1,-1
873,10,489.62,507.83,98.61,193.54,1,-1,-1,-1
873,20,1101.59,464.51,70.44,189.09,1,-1,-1,-1
873,28,624.49,463.04,89.62,202.87,1,-1,-1,-1
873,31,735.62,477.52,88.82,217.47,1,-1,-1,-1
873,39,982.45,472.73,87.95,219.21,1,-1,-1,-1
873,47,1221.04,498.99,85.99,186.15,1,-1,-1,-1
873,48,869.99,456.82,61.48,156.13,1,-1,-1,-1
873,50,865.56,528.89,70.78,214.41,1,-1,-1,-1
873,53,1132.42,522.63,98.44,210.62,1,-1,-1,-1
873,60,572.70,538.33,115.89,232.42,1,-1,-1,-1
874,10,489.37,507.75,98.52,193.68,1,-1,-1,-1
874,20,1101.68,465.57,70.10,188.28,1,-1,-1,-1
874,28,624.58,462.84,89.97,203.13,1,-1,-1,-1
874,31,735.47,477.81,88.95,217.01,1,-1,-1,-1
874,39,982.70,472.87,87.53,218.93,1,-1,-1,-1
874,47,1220.86,499.09,86.37,185.91,1,-1,-1,-1
874,48,870.29,456.77,61.08,157.62,1,-1,-1,-1
874,50,865.97,529.18,69.36,213.42,1,-1,-1,-1
874,53,1132.99,521.79,97.44,211.00,1,-1,-1,-1
874,60,572.76,537.72,115.51,233.01,1,-1,-1,-1
875,10,489.17,507.87,98.65,193.63,1,-1,-1,-1
875,20,1101.68,465.68,69.99,188.68,1,-1,-1,-1
875,28,624.58,462.92,89.97,202.96,1,-1,-1,-1
875,31,735.63,477.88,88.86,216.88,1,-1,-1,-1
875,39,982.86,472.96,87.48,218.80,1,-1,-1,-1
875,47,1220.82,499.13,86.26,185.88,1,-1,-1,-1
875,48,870.42,456.55,61.12,159.26,1,-1,-1,-1
875,50,866.67,527.53,68.91,215.28,1,-1,-1,-1
875,53,1133.13,521.54,97.04,211.31,1,-1,-1,-1
875,60,572.88,539.12,115.23,231.22,1,-1,-1,-1
876,10,489.40,507.87,98.20,193.40,1,-1,-1,-1
876,20,1101.86,465.29,69.54,189.18,1,-1,-1,-1
876,28,624.77,462.98,89.52,202.75,1,-1,-1,-1
876,31,735.09,477.97,89.73,217.16,1,-1,-1,-1
876,39,983.04,473.18,87.37,218.27,1,-1,-1,-1
876,47,1220.86,498.73,86.24,186.28,1,-1,-1,-1
876,48,870.43,455.82,61.05,161.24,1,-1,-1,-1
876,50,865.48,522.51,69.49,220.11,1,-1,-1,-1
876,53,1133.36,521.19,97.64,211.81,1,-1,-1,-1
876,60,573.05,537.88,114.96,232.54,1,-1,-1,-1
877,10,489.14,507.91,98.40,193.07,1,-1,-1,-1
877,20,1102.04,464.83,69.72,189.95,1,-1,-1,-1
877,28,624.91,463.05,88.97,202.71,1,-1,-1,-1
877,31,735.19,477.15,89.60,218.05,1,-1,-1,-1
877,39,983.00,473.07,87.13,218.41,1,-1,-1,-1
877,47,1220.63,498.68,86.28,186.44,1,-1,-1,-1
877,48,870.46,455.36,61.35,164.82,1,-1,-1,-1
877,50,865.31,518.27,69.44,223.97,1,-1,-1,-1
877,53,1133.43,520.57,97.75,212.38,1,-1,-1,-1
877,60,573.00,537.94,114.95,232.53,1,-1,-1,-1
878,10,489.72,507.57,97.80,193.44,1,-1,-1,-1
878,20,1101.94,464.49,70.19,190.42,1,-1,-1,-1
878,28,625.08,462.39,88.58,203.26,1,-1,-1,-1
878,31,734.06,476.26,90.55,219.44,1,-1,-1,-1
878,39,982.54,473.14,87.53,218.73,1,-1,-1,-1
878,47,1220.64,498.74,86.21,186.42,1,-1,-1,-1
878,48,870.33,455.33,62.01,168.18,1,-1,-1,-1
878,50,864.49,517.36,70.86,224.03,1,-1,-1,-1
878,53,1133.67,521.33,97.59,211.60,1,-1,-1,-1
878,60,572.75,537.86,115.09,232.79,1,-1,-1,-1
879,10,489.32,507.43,98.63,193.99,1,-1,-1,-1
879,20,1101.72,464.34,70.53,190.98,1,-1,-1,-1
879,28,624.92,461.90,89.54,203.79,1,-1,-1,-1
879,31,733.73,475.83,90.88,220.00,1,-1,-1,-1
879,39,982.34,472.99,87.67,219.06,1,-1,-1,-1
879,47,1220.48,498.72,86.98,186.24,1,-1,-1,-1
879,48,869.90,455.43,62.75,171.42,1,-1,-1,-1
879,50,864.54,517.53,71.64,224.91,1,-1,-1,-1
879,53,1133.54,521.42,97.89,211.77,1,-1,-1,-1
879,60,573.04,537.66,114.61,232.86,1,-1,-1,-1
880,10,489.21,507.47,99.00,194.16,1,-1,-1,-1
880,20,1101.49,464.38,70.97,190.94,1,-1,-1,-1
880,28,624.80,461.96,89.75,203.91,1,-1,-1,-1
880,31,733.64,475.88,90.95,220.22,1,-1,-1,-1
880,39,981.93,472.90,88.38,219.31,1,-1,-1,-1
880,47,1220.43,498.71,87.08,186.24,1,-1,-1,-1
880,48,869.83,455.43,63.00,173.74,1,-1,-1,-1
880,50,864.69,518.77,71.60,224.84,1,-1,-1,-1
880,53,1133.06,521.56,98.23,211.40,1,-1,-1,-1
880,60,573.10,537.76,114.72,232.98,1,-1,-1,-1
881,10,489.39,507.39,99.06,194.61,1,-1,-1,-1
881,20,1101.40,464.41,71.19,190.99,1,-1,-1,-1
881,28,624.45,461.70,90.09,204.40,1,-1,-1,-1
881,31,733.47,476.00,91.64,220.27,1,-1,-1,-1
881,39,982.04,472.94,88.42,219.54,1,-1,-1,-1
881,47,1220.27,498.49,87.39,186.52,1,-1,-1,-1
881,48,870.03,455.11,62.45,172.68,1,-1,-1,-1
881,50,864.46,524.40,71.37,218.56,1,-1,-1,-1
881,53,1132.58,521.51,98.91,212.02,1,-1,-1,-1
881,60,572.76,537.77,115.16,233.18,1,-1,-1,-1
882,10,489.44,507.39,98.68,194.30,1,-1,-1,-1
882,20,1101.34,464.36,71.54,190.84,1,-1,-1,-1
882,28,624.69,461.80,89.85,204.13,1,-1,-1,-1
882,31,733.38,476.01,91.38,220.30,1,-1,-1,-1
882,39,982.15,472.84,88.23,219.50,1,-1,-1,-1
882,47,1220.22,498.24,87.55,186.65,1,-1,-1,-1
882,48,869.80,454.96,62.70,178.48,1,-1,-1,-1
882,50,864.99,527.05,70.21,214.42,1,-1,-1,-1
882,53,1132.95,521.84,98.78,211.39,1,-1,-1,-1
882,60,573.14,538.18,114.80,232.57,1,-1,-1,-1
883,10,489.57,507.40,98.54,194.39,1,-1,-1,-1
883,20,1101.39,464.38,71.44,190.83,1,-1,-1,-1
883,28,624.72,461.82,89.78,204.19,1,-1,-1,-1
883,31,733.30,475.98,91.71,220.56,1,-1,-1,-1
883,39,982.14,472.81,88.28,219.65,1,-1,-1,-1
883,47,1220.30,498.24,87.54,186.67,1,-1,-1,-1
883,48,869.59,455.00,63.48,179.80,1,-1,-1,-1
883,50,865.54,526.97,69.07,214.14,1,-1,-1,-1
883,53,1132.94,521.44,98.74,211.90,1,-1,-1,-1
883,60,573.14,538.38,114.75,232.50,1,-1,-1,-1
884,10,489.50,506.79,99.23,195.88,1,-1,-1,-1
884,20,1101.23,465.36,71.87,189.94,1,-1,-1,-1
884,28,624.77,464.16,89.50,200.54,1,-1,-1,-1
884,31,726.15,476.01,98.67,220.43,1,-1,-1,-1
884,39,981.92,473.19,89.02,218.55,1,-1,-1,-1
884,47,1221.38,499.16,86.22,186.53,1,-1,-1,-1
884,48,869.46,454.79,64.55,184.98,1,-1,-1,-1
884,50,864.46,516.94,70.00,221.60,1,-1,-1,-1
884,53,1132.06,520.65,96.62,211.34,1,-1,-1,-1
884,60,572.33,538.76,115.84,232.15,1,-1,-1,-1
885,10,488.94,507.09,99.52,195.34,1,-1,-1,-1
885,20,1101.35,466.04,71.95,189.62,1,-1,-1,-1
885,28,624.73,464.23,89.22,200.79,1,-1,-1,-1
885,31,728.27,475.81,96.75,220.07,1,-1,-1,-1
885,39,982.02,473.13,88.79,218.84,1,-1,-1,-1
885,47,1221.48,499.75,86.05,186.26,1,-1,-1,-1
885,48,869.20,454.53,64.97,192.11,1,-1,-1,-1
885,50,864.20,511.71,72.08,220.88,1,-1,-1,-1
885,53,1132.91,520.25,95.39,211.25,1,-1,-1,-1
885,60,572.32,538.94,115.70,231.89,1,-1,-1,-1
886,10,488.84,507.24,99.62,195.26,1,-1,-1,-1
886,20,1101.18,466.27,72.09,189.84,1,-1,-1,-1
886,28,624.86,465.25,88.37,201.20,1,-1,-1,-1
886,31,730.45,475.69,94.91,219.64,1,-1,-1,-1
886,39,982.35,473.38,88.55,219.00,1,-1,-1,-1
886,47,1220.97,499.42,86.31,186.95,1,-1,-1,-1
886,48,868.53,454.57,65.87,205.24,1,-1,-1,-1
886,50,864.60,503.00,84.84,224.51,1,-1,-1,-1
886,53,1131.86,518.69,97.03,213.99,1,-1,-1,-1
886,60,572.44,538.66,114.74,231.73,1,-1,-1,-1
887,10,488.19,507.20,100.48,195.15,1,-1,-1,-1
887,20,1100.78,466.24,72.74,189.68,1,-1,-1,-1
887,28,624.65,465.59,88.54,200.93,1,-1,-1,-1
887,31,732.84,475.77,92.38,218.96,1,-1,-1,-1
887,39,982.46,473.46,88.54,218.66,1,-1,-1,-1
887,47,1221.00,499.43,86.21,186.55,1,-1,-1,-1
887,48,868.94,454.89,66.43,208.22,1,-1,-1,-1
887,50,863.91,497.13,101.79,228.61,1,-1,-1,-1
887,53,1131.99,518.80,97.18,213.68,1,-1,-1,-1
887,60,572.56,538.40,114.78,231.98,1,-1,-1,-1
888,10,488.74,506.99,99.45,194.09,1,-1,-1,-1
888,20,1100.82,466.18,73.08,189.23,1,-1,-1,-1
888,28,624.94,466.47,88.44,200.67,1,-1,-1,-1
888,31,731.09,475.26,94.87,221.32,1,-1,-1,-1
888,39,982.92,474.04,87.67,218.48,1,-1,-1,-1
888,47,1221.18,499.38,86.54,186.70,1,-1,-1,-1
888,48,868.94,454.89,66.43,208.22,1,-1,-1,-1
888,50,864.67,474.54,116.42,247.34,1,-1,-1,-1
888,53,1133.21,519.21,95.38,212.55,1,-1,-1,-1
888,60,572.48,537.52,115.51,232.94,1,-1,-1,-1
889,10,488.39,506.97,99.67,194.49,1,-1,-1,-1
889,20,1100.79,466.28,72.83,189.45,1,-1,-1,-1
889,28,624.91,465.71,88.49,201.76,1,-1,-1,-1
889,31,732.99,474.66,93.14,221.39,1,-1,-1,-1
889,39,982.40,474.01,88.63,218.28,1,-1,-1,-1
889,47,1220.96,499.26,87.21,186.90,1,-1,-1,-1
889,48,868.94,454.89,66.43,208.22,1,-1,-1,-1
889,50,864.06,473.35,123.25,247.20,1,-1,-1,-1
889,53,1132.72,519.89,96.09,212.81,1,-1,-1,-1
889,60,573.04,538.06,115.43,233.00,1,-1,-1,-1
890,10,489.15,506.75,98.37,194.40,1,-1,-1,-1
890,20,1100.80,465.93,73.08,189.54,1,-1,-1,-1
890,28,624.87,464.99,89.17,202.18,1,-1,-1,-1
890,31,732.57,475.06,93.58,221.34,1,-1,-1,-1
890,39,983.95,473.64,87.13,219.52,1,-1,-1,-1
890,47,1221.52,499.40,85.69,186.45,1,-1,-1,-1
890,48,868.94,454.89,66.43,208.22,1,-1,-1,-1
890,50,863.01,471.40,132.66,248.90,1,-1,-1,-1
890,53,1134.02,519.39,94.46,212.62,1,-1,-1,-1
890,60,572.82,538.75,114.55,231.54,1,-1,-1,-1
891,10,489.07,506.82,98.51,194.30,1,-1,-1,-1
891,20,1100.65,465.61,73.13,189.52,1,-1,-1,-1
891,28,625.08,464.19,89.19,202.94,1,-1,-1,-1
891,31,732.34,474.77,94.05,222.11,1,-1,-1,-1
891,39,984.98,473.44,86.18,219.56,1,-1,-1,-1
891,47,1221.49,499.52,85.72,186.49,1,-1,-1,-1
891,48,868.94,454.89,66.43,208.22,1,-1,-1,-1
891,50,862.80,467.84,135.31,251.58,1,-1,-1,-1
891,53,1133.91,519.30,94.71,212.61,1,-1,-1,-1
891,60,572.62,538.46,114.21,231.68,1,-1,-1,-1
892,10,489.75,506.82,97.30,193.80,1,-1,-1,-1
892,20,1100.93,466.02,73.07,188.12,1,-1,-1,-1
892,28,625.21,464.53,88.96,202.83,1,-1,-1,-1
892,31,732.29,475.42,93.52,221.56,1,-1,-1,-1
892,39,983.22,473.54,88.21,219.51,1,-1,-1,-1
892,47,1221.49,499.71,86.09,186.45,1,-1,-1,-1
892,48,868.94,454.89,66.43,208.22,1,-1,-1,-1
892,50,863.03,458.98,139.25,261.18,1,-1,-1,-1
892,53,1135.15,519.21,93.64,212.48,1,-1,-1,-1
892,60,572.73,538.42,114.70,231.74,1,-1,-1,-1
893,10,489.49,506.68,97.39,193.93,1,-1,-1,-1
893,20,1101.16,466.06,72.74,187.71,1,-1,-1,-1
893,28,625.19,464.48,89.06,202.88,1,-1,-1,-1
893,31,732.13,475.17,93.83,221.82,1,-1,-1,-1
893,39,983.11,473.55,87.90,219.37,1,-1,-1,-1
893,47,1221.37,499.94,86.35,186.60,1,-1,-1,-1
893,50,862.41,454.86,128.86,265.18,1,-1,-1,-1
893,53,1135.09,519.22,93.86,212.64,1,-1,-1,-1
893,60,572.95,538.31,114.58,231.88,1,-1,-1,-1
894,10,489.38,507.19,97.26,193.52,1,-1,-1,-1
894,20,1101.19,465.73,72.57,187.67,1,-1,-1,-1
894,28,625.16,463.73,89.06,203.33,1,-1,-1,-1
894,31,731.41,475.63,94.41,221.11,1,-1,-1,-1
894,39,985.18,473.47,85.06,221.21,1,-1,-1,-1
894,47,1221.90,500.35,85.84,185.65,1,-1,-1,-1
894,50,862.36,455.65,108.82,263.54,1,-1,-1,-1
894,53,1134.65,520.15,93.58,211.55,1,-1,-1,-1
894,60,573.10,538.64,113.63,231.28,1,-1,-1,-1
895,10,489.68,507.03,96.97,193.65,1,-1,-1,-1
895,20,1101.21,466.14,72.57,186.98,1,-1,-1,-1
895,28,625.18,463.74,89.15,203.56,1,-1,-1,-1
895,31,731.83,476.32,94.38,219.99,1,-1,-1,-1
895,39,983.79,473.31,86.36,221.61,1,-1,-1,-1
895,47,1221.95,500.73,85.43,185.08,1,-1,-1,-1
895,50,860.95,469.99,102.37,248.94,1,-1,-1,-1
895,53,1134.26,521.22,94.64,210.42,1,-1,-1,-1
895,60,573.06,539.07,113.39,231.07,1,-1,-1,-1
896,10,490.49,506.97,96.41,193.86,1,-1,-1,-1
896,20,1100.99,466.04,72.84,187.20,1,-1,-1,-1
896,28,625.30,463.88,88.52,203.51,1,-1,-1,-1
896,31,732.26,476.53,93.72,220.14,1,-1,-1,-1
896,39,983.65,473.05,86.64,221.96,1,-1,-1,-1
896,47,1222.02,500.80,84.75,185.03,1,-1,-1,-1
896,50,862.66,462.85,95.57,254.72,1,-1,-1,-1
896,53,1134.22,521.23,95.01,210.51,1,-1,-1,-1
896,60,572.95,539.29,113.88,230.76,1,-1,-1,-1
897,10,491.09,507.03,95.57,193.34,1,-1,-1,-1
897,20,1101.31,466.06,72.58,187.12,1,-1,-1,-1
897,28,625.29,463.40,88.54,203.91,1,-1,-1,-1
897,31,732.25,476.13,93.58,220.67,1,-1,-1,-1
897,39,983.77,472.87,86.56,222.00,1,-1,-1,-1
897,47,1221.77,500.67,85.41,185.54,1,-1,-1,-1
897,50,855.54,452.83,101.98,265.31,1,-1,-1,-1
897,53,1133.65,520.51,95.71,211.10,1,-1,-1,-1
897,60,573.21,539.26,113.73,230.48,1,-1,-1,-1
898,10,491.35,506.84,94.73,193.05,1,-1,-1,-1
898,20,1101.09,466.28,72.88,187.58,1,-1,-1,-1
898,28,625.65,463.90,88.28,203.35,1,-1,-1,-1
898,31,732.21,475.91,93.66,220.81,1,-1,-1,-1
898,39,984.19,473.09,85.80,221.36,1,-1,-1,-1
898,47,1221.88,500.58,86.03,186.03,1,-1,-1,-1
898,50,854.55,447.75,105.08,270.31,1,-1,-1,-1
898,53,1133.26,520.17,95.90,211.40,1,-1,-1,-1
898,60,573.07,539.41,114.20,229.83,1,-1,-1,-1
899,10,491.26,507.20,94.92,192.29,1,-1,-1,-1
899,20,1101.19,466.31,72.83,188.23,1,-1,-1,-1
899,28,625.68,463.89,88.32,203.39,1,-1,-1,-1
899,31,732.38,476.27,93.72,220.52,1,-1,-1,-1
899,39,983.95,473.11,86.43,221.95,1,-1,-1,-1
899,47,1222.12,500.50,86.13,186.20,1,-1,-1,-1
899,50,850.35,452.27,103.80,264.86,1,-1,-1,-1
899,53,1133.09,520.27,96.10,211.44,1,-1,-1,-1
899,60,572.70,539.78,114.25,229.16,1,-1,-1,-1
900,10,490.59,507.19,96.02,192.50,1,-1,-1,-1
900,20,1101.33,466.15,72.59,189.03,1,-1,-1,-1
900,28,625.40,464.74,88.18,202.92,1,-1,-1,-1
900,31,733.51,475.53,92.08,220.80,1,-1,-1,-1
900,39,984.07,472.58,86.25,222.08,1,-1,-1,-1
900,47,1222.26,499.81,84.81,186.63,1,-1,-1,-1
900,50,860.30,447.15,100.20,269.76,1,-1,-1,-1
900,53,1133.47,520.30,96.13,212.00,1,-1,-1,-1
900,60,572.37,538.94,115.02,230.72,1,-1,-1,-1
901,10,490.70,507.44,95.90,192.27,1,-1,-1,-1
901,20,1101.45,466.26,72.45,188.05,1,-1,-1,-1
901,28,625.63,464.65,87.79,202.79,1,-1,-1,-1
901,31,733.49,475.97,92.22,220.57,1,-1,-1,-1
901,39,983.86,472.71,86.51,221.95,1,-1,-1,-1
901,47,1222.65,500.20,84.22,186.07,1,-1,-1,-1
901,50,861.92,447.96,100.21,267.71,1,-1,-1,-1
901,53,1134.19,520.39,94.70,211.78,1,-1,-1,-1
901,60,572.62,538.28,114.57,231.47,1,-1,-1,-1
902,10,489.87,507.49,96.80,192.55,1,-1,-1,-1
902,20,1101.24,466.83,72.60,187.63,1,-1,-1,-1
902,28,625.37,464.55,88.37,202.58,1,-1,-1,-1
902,31,733.15,476.09,92.96,220.34,1,-1,-1,-1
902,39,984.07,473.01,86.55,221.70,1,-1,-1,-1
902,47,1222.80,500.07,83.75,186.40,1,-1,-1,-1
902,50,863.08,451.38,97.49,261.10,1,-1,-1,-1
902,53,1134.14,520.69,95.04,211.33,1,-1,-1,-1
902,60,572.85,538.27,114.72,231.64,1,-1,-1,-1
903,10,490.21,507.29,96.48,192.76,1,-1,-1,-1
903,20,1101.28,466.77,72.38,187.51,1,-1,-1,-1
903,28,625.48,464.84,88.13,202.14,1,-1,-1,-1
903,31,732.92,475.91,92.88,220.48,1,-1,-1,-1
903,39,984.04,472.92,86.52,221.90,1,-1,-1,-1
903,47,1222.67,500.26,84.07,186.07,1,-1,-1,-1
903,50,861.79,451.70,98.76,257.91,1,-1,-1,-1
903,53,1133.91,520.87,95.25,211.16,1,-1,-1,-1
903,60,572.77,538.94,114.81,230.98,1,-1,-1,-1
904,10,490.52,507.73,95.85,192.27,1,-1,-1,-1
904,20,1101.17,467.08,72.86,187.21,1,-1,-1,-1
904,28,625.27,465.12,88.10,202.24,1,-1,-1,-1
904,31,733.50,476.15,91.64,220.28,1,-1,-1,-1
904,39,984.64,473.33,85.74,221.13,1,-1,-1,-1
904,47,1223.12,500.10,83.63,186.00,1,-1,-1,-1
904,48,869.55,456.31,66.02,188.02,1,-1,-1,-1
904,50,862.30,485.56,96.33,223.50,1,-1,-1,-1
904,53,1134.10,521.15,95.20,211.01,1,-1,-1,-1
904,60,573.02,539.61,114.59,230.26,1,-1,-1,-1
905,10,490.27,507.67,96.41,192.54,1,-1,-1,-1
905,20,1100.95,466.81,72.91,187.69,1,-1,-1,-1
905,28,625.08,465.16,88.66,202.36,1,-1,-1,-1
905,31,733.77,475.88,90.06,220.30,1,-1,-1,-1
905,39,984.11,473.24,86.19,220.98,1,-1,-1,-1
905,47,1223.06,500.09,83.71,185.96,1,-1,-1,-1
905,48,868.12,455.36,66.03,190.58,1,-1,-1,-1
905,50,850.91,494.34,111.39,214.25,1,-1,-1,-1
905,53,1134.15,521.62,95.43,210.48,1,-1,-1,-1
905,60,572.92,539.22,114.45,230.81,1,-1,-1,-1
906,10,490.49,507.56,96.34,192.66,1,-1,-1,-1
906,20,1100.83,466.77,73.12,187.94,1,-1,-1,-1
906,25,848.30,493.18,110.35,209.57,1,-1,-1,-1
906,28,625.14,465.09,88.66,202.58,1,-1,-1,-1
906,31,733.78,475.63,88.82,220.14,1,-1,-1,-1
906,39,984.20,473.42,86.14,221.05,1,-1,-1,-1
906,47,1222.97,500.68,84.10,185.45,1,-1,-1,-1
906,48,868.38,455.68,66.06,188.68,1,-1,-1,-1
906,50,845.52,497.67,116.45,210.70,1,-1,-1,-1
906,53,1134.45,522.46,95.28,209.59,1,-1,-1,-1
906,60,573.04,540.40,114.52,229.86,1,-1,-1,-1
907,10,490.54,507.37,96.49,192.99,1,-1,-1,-1
907,20,1100.72,466.82,73.34,187.92,1,-1,-1,-1
907,25,844.04,496.39,118.50,210.85,1,-1,-1,-1
907,28,624.93,464.86,88.93,202.84,1,-1,-1,-1
907,31,733.52,475.62,89.38,220.54,1,-1,-1,-1
907,39,984.27,473.61,86.13,221.16,1,-1,-1,-1
907,47,1222.85,500.81,83.92,185.40,1,-1,-1,-1
907,48,868.12,456.00,67.90,193.01,1,-1,-1,-1
907,50,845.52,497.67,116.45,210.70,1,-1,-1,-1
907,53,1133.93,522.59,95.50,209.25,1,-1,-1,-1
907,60,573.22,540.55,114.39,229.65,1,-1,-1,-1
908,10,490.68,507.00,96.36,193.37,1,-1,-1,-1
908,20,1100.72,466.91,73.57,187.82,1,-1,-1,-1
908,25,843.95,495.93,120.00,211.15,1,-1,-1,-1
908,28,624.84,465.13,88.93,202.35,1,-1,-1,-1
908,31,732.72,475.89,90.33,220.57,1,-1,-1,-1
908,39,985.01,473.79,85.34,220.80,1,-1,-1,-1
908,47,1222.56,500.93,84.88,185.14,1,-1,-1,-1
908,48,868.98,455.86,67.42,190.80,1,-1,-1,-1
908,50,845.52,497.67,116.45,210.70,1,-1,-1,-1
908,53,1134.02,521.69,95.45,210.13,1,-1,-1,-1
908,60,573.45,540.88,114.07,228.95,1,-1,-1,-1
909,10,489.95,507.79,97.39,192.42,1,-1,-1,-1
909,20,1100.83,467.07,73.55,187.46,1,-1,-1,-1
909,25,843.18,494.72,114.29,210.23,1,-1,-1,-1
909,28,624.65,465.13,89.64,202.53,1,-1,-1,-1
909,31,733.17,476.66,90.39,219.77,1,-1,-1,-1
909,39,984.19,474.08,86.69,221.06,1,-1,-1,-1
909,47,1222.68,500.83,85.05,185.12,1,-1,-1,-1
909,48,868.26,456.40,65.67,184.79,1,-1,-1,-1
909,50,845.52,497.67,116.45,210.70,1,-1,-1,-1
909,53,1133.14,522.43,97.46,209.84,1,-1,-1,-1
909,60,573.77,540.69,113.94,229.19,1,-1,-1,-1
910,10,489.72,507.57,97.58,192.60,1,-1,-1,-1
910,20,1100.78,466.89,73.49,187.60,1,-1,-1,-1
910,25,844.76,493.60,112.52,209.29,1,-1,-1,-1
910,28,624.45,464.61,89.66,203.00,1,-1,-1,-1
910,31,732.84,477.07,91.16,219.07,1,-1,-1,-1
910,39,984.03,474.12,86.66,221.72,1,-1,-1,-1
910,47,1222.53,500.61,85.55,185.38,1,-1,-1,-1
910,48,867.83,456.75,63.31,180.78,1,-1,-1,-1
910,50,845.52,497.67,116.45,210.70,1,-1,-1,-1
910,53,1132.43,521.66,98.52,210.69,1,-1,-1,-1
910,60,573.45,540.33,114.31,229.70,1,-1,-1,-1
911,10,490.66,507.58,95.78,192.47,1,-1,-1,-1
911,20,1101.17,467.17,72.66,188.37,1,-1,-1,-1
911,25,845.42,495.04,112.53,211.14,1,-1,-1,-1
911,28,624.51,464.58,89.54,203.35,1,-1,-1,-1
911,31,733.71,477.23,90.22,219.26,1,-1,-1,-1
911,39,984.83,474.03,85.81,221.59,1,-1,-1,-1
911,47,1222.46,500.59,85.55,184.61,1,-1,-1,-1
911,48,868.03,457.00,63.02,176.57,1,-1,-1,-1
911,50,845.52,497.67,116.45,210.70,1,-1,-1,-1
911,53,1129.27,521.54,100.55,211.05,1,-1,-1,-1
911,60,572.43,541.01,115.02,229.68,1,-1,-1,-1
912,10,491.26,507.44,95.26,192.47,1,-1,-1,-1
912,20,1101.27,466.97,72.55,188.58,1,-1,-1,-1
912,25,846.43,496.94,112.13,208.31,1,-1,-1,-1
912,28,624.60,463.91,89.31,204.39,1,-1,-1,-1
912,31,733.59,477.10,90.22,219.30,1,-1,-1,-1
912,39,984.51,474.10,85.89,221.21,1,-1,-1,-1
912,47,1221.87,500.68,85.47,184.73,1,-1,-1,-1
912,48,868.59,456.40,63.05,176.84,1,-1,-1,-1
912,53,1129.32,521.28,100.06,210.39,1,-1,-1,-1
912,60,571.99,541.01,115.96,229.66,1,-1,-1,-1
913,10,491.95,507.38,93.33,192.05,1,-1,-1,-1
913,20,1101.12,467.07,72.79,187.85,1,-1,-1,-1
913,25,849.27,495.66,81.07,206.89,1,-1,-1,-1
913,28,624.31,464.41,90.15,203.96,1,-1,-1,-1
913,31,733.19,477.33,90.55,218.94,1,-1,-1,-1
913,39,985.34,474.10,85.30,221.44,1,-1,-1,-1
913,47,1221.94,500.72,85.17,185.59,1,-1,-1,-1
913,48,868.13,455.19,66.52,188.75,1,-1,-1,-1
913,50,852.37,499.64,121.30,207.11,1,-1,-1,-1
913,53,1127.11,525.21,102.74,206.39,1,-1,-1,-1
913,60,571.09,546.99,117.33,224.58,1,-1,-1,-1
914,10,492.08,507.02,93.18,192.48,1,-1,-1,-1
914,20,1101.07,466.83,72.29,187.96,1,-1,-1,-1
914,25,849.27,495.66,81.07,206.89,1,-1,-1,-1
914,28,624.38,464.19,90.01,204.09,1,-1,-1,-1
914,31,733.40,477.25,90.54,219.17,1,-1,-1,-1
914,39,984.82,473.88,86.08,221.68,1,-1,-1,-1
914,47,1222.33,500.73,84.79,185.21,1,-1,-1,-1
914,48,868.54,453.94,68.62,196.08,1,-1,-1,-1
914,50,852.52,500.50,127.29,206.23,1,-1,-1,-1
914,53,1127.82,528.96,103.22,203.02,1,-1,-1,-1
914,60,571.06,549.94,117.95,222.05,1,-1,-1,-1
915,10,491.90,507.54,92.33,191.55,1,-1,-1,-1
915,20,1100.99,466.68,71.72,188.56,1,-1,-1,-1
915,25,849.27,495.66,81.07,206.89,1,-1,-1,-1
915,28,623.27,464.22,91.77,204.48,1,-1,-1,-1
915,31,732.04,476.01,91.16,219.21,1,-1,-1,-1
915,39,983.17,473.98,87.80,220.76,1,-1,-1,-1
915,47,1222.26,500.36,83.87,185.63,1,-1,-1,-1
915,48,868.54,453.94,68.62,196.08,1,-1,-1,-1
915,50,845.67,490.07,146.05,216.63,1,-1,-1,-1
915,53,1127.57,548.00,106.38,183.81,1,-1,-1,-1
915,60,571.38,555.47,117.20,216.97,1,-1,-1,-1
916,10,491.28,507.83,92.27,190.88,1,-1,-1,-1
916,20,1100.76,466.60,71.68,188.67,1,-1,-1,-1
916,25,849.27,495.66,81.07,206.89,1,-1,-1,-1
916,28,622.48,464.37,92.63,204.33,1,-1,-1,-1
916,31,731.76,475.86,91.36,219.62,1,-1,-1,-1
916,39,982.83,474.38,88.04,219.96,1,-1,-1,-1
916,47,1222.17,500.06,84.23,185.77,1,-1,-1,-1
916,48,868.54,453.94,68.62,196.08,1,-1,-1,-1
916,50,842.84,486.67,146.95,218.58,1,-1,-1,-1
916,53,1127.21,553.39,106.98,178.80,1,-1,-1,-1
916,60,571.52,560.65,116.74,211.98,1,-1,-1,-1
917,10,489.10,507.09,96.62,193.75,1,-1,-1,-1
917,20,1101.02,466.10,71.46,189.39,1,-1,-1,-1
917,25,849.27,495.66,81.07,206.89,1,-1,-1,-1
917,28,623.52,462.41,91.62,205.09,1,-1,-1,-1
917,31,731.93,475.98,91.28,218.48,1,-1,-1,-1
917,39,982.17,473.64,88.79,219.80,1,-1,-1,-1
917,47,1221.90,499.73,84.99,186.17,1,-1,-1,-1
917,48,868.54,453.94,68.62,196.08,1,-1,-1,-1
917,50,835.34,481.40,139.38,216.81,1,-1,-1,-1
917,53,1127.09,558.79,105.95,173.60,1,-1,-1,-1
917,60,570.90,555.32,117.47,217.12,1,-1,-1,-1
918,10,490.03,507.34,95.59,193.64,1,-1,-1,-1
918,20,1101.01,466.16,71.55,188.98,1,-1,-1,-1
918,25,849.27,495.66,81.07,206.89,1,-1,-1,-1
918,28,623.90,462.62,91.23,204.24,1,-1,-1,-1
918,31,729.17,475.71,93.60,219.12,1,-1,-1,-1
918,39,983.04,473.52,87.53,219.51,1,-1,-1,-1
918,47,1221.58,499.38,85.83,187.02,1,-1,-1,-1
918,48,868.54,453.94,68.62,196.08,1,-1,-1,-1
918,50,833.06,479.45,137.65,218.37,1,-1,-1,-1
918,53,1128.37,558.95,104.47,172.97,1,-1,-1,-1
918,60,570.74,552.91,116.97,218.62,1,-1,-1,-1
919,10,489.36,507.95,97.23,193.60,1,-1,-1,-1
919,20,1100.77,466.28,72.05,189.98,1,-1,-1,-1
919,28,624.30,462.28,90.27,204.72,1,-1,-1,-1
919,31,730.19,476.22,91.47,218.66,1,-1,-1,-1
919,39,985.41,473.19,85.12,220.64,1,-1,-1,-1
919,47,1222.43,499.87,83.36,186.01,1,-1,-1,-1
919,48,868.54,453.94,68.62,196.08,1,-1,-1,-1
919,50,825.81,473.64,148.97,225.55,1,-1,-1,-1
919,53,1127.69,547.21,104.45,185.47,1,-1,-1,-1
919,60,570.57,543.76,118.72,227.55,1,-1,-1,-1
920,10,488.94,507.82,98.00,193.33,1,-1,-1,-1
920,20,1100.67,465.91,73.17,190.38,1,-1,-1,-1
920,28,624.12,461.51,89.96,205.20,1,-1,-1,-1
920,31,730.53,476.12,90.28,218.49,1,-1,-1,-1
920,39,985.36,473.30,85.32,220.19,1,-1,-1,-1
920,47,1222.34,499.90,83.04,185.75,1,-1,-1,-1
920,50,823.75,470.61,151.18,231.01,1,-1,-1,-1
920,53,1126.84,531.42,104.57,201.71,1,-1,-1,-1
920,60,571.56,539.07,117.26,231.71,1,-1,-1,-1
921,10,488.63,508.77,99.43,192.57,1,-1,-1,-1
921,20,1100.70,466.03,72.88,190.06,1,-1,-1,-1
921,28,624.48,462.47,89.64,203.72,1,-1,-1,-1
921,31,726.04,475.97,96.11,218.00,1,-1,-1,-1
921,39,986.04,473.61,84.88,220.00,1,-1,-1,-1
921,47,1222.18,500.37,82.92,184.35,1,-1,-1,-1
921,50,822.62,483.10,149.20,217.74,1,-1,-1,-1
921,53,1127.04,524.32,105.09,207.69,1,-1,-1,-1
921,60,571.52,533.80,117.76,236.04,1,-1,-1,-1
922,10,488.23,508.43,100.04,192.61,1,-1,-1,-1
922,20,1100.27,465.88,73.42,190.17,1,-1,-1,-1
922,28,624.32,462.55,90.00,203.92,1,-1,-1,-1
922,31,723.91,476.01,98.66,219.62,1,-1,-1,-1
922,39,985.00,473.31,85.75,220.36,1,-1,-1,-1
922,47,1222.22,500.45,83.05,184.22,1,-1,-1,-1
922,50,824.60,479.44,143.88,220.66,1,-1,-1,-1
922,53,1128.07,525.56,104.18,206.68,1,-1,-1,-1
922,60,571.28,533.05,117.22,237.48,1,-1,-1,-1
923,10,487.55,508.57,101.35,193.92,1,-1,-1,-1
923,20,1099.97,465.94,74.01,189.83,1,-1,-1,-1
923,28,624.15,462.12,90.22,203.70,1,-1,-1,-1
923,31,719.82,475.44,104.61,222.24,1,-1,-1,-1
923,39,981.90,473.17,89.27,219.87,1,-1,-1,-1
923,47,1221.45,500.23,85.11,184.81,1,-1,-1,-1
923,48,871.84,438.52,95.55,226.28,1,-1,-1,-1
923,50,824.57,477.59,133.12,221.86,1,-1,-1,-1
923,53,1128.94,526.75,103.87,205.81,1,-1,-1,-1
923,60,571.28,533.59,118.84,236.55,1,-1,-1,-1
924,10,486.98,508.61,101.65,193.36,1,-1,-1,-1
924,20,1100.09,466.26,73.60,189.75,1,-1,-1,-1
924,28,624.27,462.24,90.32,203.81,1,-1,-1,-1
924,31,719.30,475.45,105.50,222.21,1,-1,-1,-1
924,39,981.33,473.34,89.75,219.36,1,-1,-1,-1
924,47,1220.60,499.90,87.42,185.72,1,-1,-1,-1
924,48,865.92,442.09,107.60,230.98,1,-1,-1,-1
924,50,826.66,476.32,127.63,221.89,1,-1,-1,-1
924,53,1128.35,525.63,104.86,207.18,1,-1,-1,-1
924,60,571.51,534.18,117.83,235.15,1,-1,-1,-1
925,10,485.14,507.43,103.78,193.17,1,-1,-1,-1
925,20,1100.76,466.77,72.98,189.00,1,-1,-1,-1
925,28,624.31,462.96,90.02,203.31,1,-1,-1,-1
925,31,718.98,475.45,106.81,221.00,1,-1,-1,-1
925,39,980.84,473.71,90.24,219.43,1,-1,-1,-1
925,47,1220.19,500.35,89.26,185.50,1,-1,-1,-1
925,48,865.92,442.09,107.60,230.98,1,-1,-1,-1
925,50,830.08,477.05,119.13,219.93,1,-1,-1,-1
925,53,1126.77,524.38,105.25,209.76,1,-1,-1,-1
925,60,570.91,535.35,118.13,236.00,1,-1,-1,-1
926,10,483.42,507.74,106.34,192.76,1,-1,-1,-1
926,20,1100.38,466.67,73.08,189.40,1,-1,-1,-1
926,28,624.01,462.52,90.36,204.17,1,-1,-1,-1
926,31,719.96,475.82,106.70,221.37,1,-1,-1,-1
926,39,980.62,473.64,90.64,219.97,1,-1,-1,-1
926,47,1218.18,501.28,92.83,184.74,1,-1,-1,-1
926,48,865.92,442.09,107.60,230.98,1,-1,-1,-1
926,50,832.12,478.36,113.68,218.71,1,-1,-1,-1
926,53,1125.32,524.06,106.47,210.86,1,-1,-1,-1
926,60,570.02,535.40,119.92,236.18,1,-1,-1,-1
927,10,483.77,509.47,102.78,190.19,1,-1,-1,-1
927,20,1100.55,465.99,73.11,190.42,1,-1,-1,-1
927,28,623.92,462.67,90.66,204.71,1,-1,-1,-1
927,31,722.52,480.63,103.18,219.24,1,-1,-1,-1
927,39,981.37,473.45,89.30,220.15,1,-1,-1,-1
927,47,1217.42,509.45,94.14,176.30,1,-1,-1,-1
927,48,865.92,442.09,107.60,230.98,1,-1,-1,-1
927,50,835.26,484.41,108.77,211.77,1,-1,-1,-1
927,53,1124.97,528.35,108.43,205.56,1,-1,-1,-1
927,60,571.19,542.75,117.90,229.30,1,-1,-1,-1
928,10,483.91,514.34,102.04,184.29,1,-1,-1,-1
928,20,1100.86,465.93,72.50,190.38,1,-1,-1,-1
928,28,623.41,462.74,91.67,204.51,1,-1,-1,-1
928,31,721.84,477.88,103.64,223.46,1,-1,-1,-1
928,39,981.39,473.73,90.24,220.04,1,-1,-1,-1
928,47,1215.80,513.15,97.67,172.95,1,-1,-1,-1
928,48,860.71,443.53,120.84,241.18,1,-1,-1,-1
928,50,836.09,485.48,107.83,212.08,1,-1,-1,-1
928,53,1125.00,530.80,109.60,204.40,1,-1,-1,-1
928,60,570.33,548.14,118.26,223.93,1,-1,-1,-1
929,10,482.40,524.17,103.21,173.76,1,-1,-1,-1
929,20,1100.75,466.65,72.45,189.50,1,-1,-1,-1
929,28,622.53,463.27,92.70,203.64,1,-1,-1,-1
929,31,722.93,502.73,102.36,198.27,1,-1,-1,-1
929,39,982.40,477.79,88.72,216.07,1,-1,-1,-1
929,47,1216.46,520.80,95.58,165.10,1,-1,-1,-1
929,48,864.62,439.22,118.26,244.21,1,-1,-1,-1
929,50,837.97,488.19,108.14,208.07,1,-1,-1,-1
929,53,1125.22,549.61,109.97,186.67,1,-1,-1,-1
929,60,569.62,562.35,119.51,209.60,1,-1,-1,-1
930,10,481.94,530.87,104.63,168.92,1,-1,-1,-1
930,20,1100.58,466.56,72.72,190.30,1,-1,-1,-1
930,28,622.53,463.27,92.70,203.64,1,-1,-1,-1
930,31,722.78,505.23,101.64,195.30,1,-1,-1,-1
930,39,982.50,480.99,88.38,213.74,1,-1,-1,-1
930,47,1214.76,522.34,97.07,163.62,1,-1,-1,-1
930,48,864.62,439.22,118.26,244.21,1,-1,-1,-1
930,50,839.42,487.89,107.00,206.70,1,-1,-1,-1
930,53,1125.89,554.20,109.36,181.51,1,-1,-1,-1
930,60,570.58,569.46,118.49,202.44,1,-1,-1,-1
931,10,480.40,533.64,105.38,166.40,1,-1,-1,-1
931,20,1100.55,467.36,72.85,188.82,1,-1,-1,-1
931,28,622.53,463.27,92.70,203.64,1,-1,-1,-1
931,31,722.10,500.00,102.77,200.48,1,-1,-1,-1
931,39,983.28,486.03,87.52,209.06,1,-1,-1,-1
931,47,1216.92,524.00,94.58,161.98,1,-1,-1,-1
931,48,864.62,439.22,118.26,244.21,1,-1,-1,-1
931,50,836.75,484.24,109.97,207.92,1,-1,-1,-1
931,53,1126.04,551.58,108.49,184.42,1,-1,-1,-1
931,60,570.59,571.67,118.90,200.55,1,-1,-1,-1
931,68,622.55,463.61,89.40,203.58,1,-1,-1,-1
932,10,480.39,533.31,106.30,167.24,1,-1,-1,-1
932,20,1100.58,467.55,72.86,188.73,1,-1,-1,-1
932,28,622.53,463.27,92.70,203.64,1,-1,-1,-1
932,31,722.89,484.58,102.13,216.35,1,-1,-1,-1
932,39,983.35,486.32,87.12,208.89,1,-1,-1,-1
932,47,1215.98,523.71,95.16,162.97,1,-1,-1,-1
932,48,864.62,439.22,118.26,244.21,1,-1,-1,-1
932,50,841.49,481.67,105.61,206.29,1,-1,-1,-1
932,53,1124.83,546.14,110.61,190.75,1,-1,-1,-1
932,60,570.06,566.81,119.78,205.69,1,-1,-1,-1
932,68,622.23,463.71,89.21,203.53,1,-1,-1,-1
933,10,480.33,524.13,106.18,175.64,1,-1,-1,-1
933,20,1100.93,467.54,72.00,188.61,1,-1,-1,-1
933,28,622.00,464.41,92.58,203.61,1,-1,-1,-1
933,31,722.22,480.22,102.16,218.87,1,-1,-1,-1
933,39,982.74,482.22,88.12,213.34,1,-1,-1,-1
933,47,1216.06,519.73,93.94,166.70,1,-1,-1,-1
933,48,864.62,439.22,118.26,244.21,1,-1,-1,-1
933,50,836.18,481.75,111.03,203.58,1,-1,-1,-1
933,53,1124.79,529.53,108.57,207.44,1,-1,-1,-1
933,60,569.70,549.90,119.64,222.74,1,-1,-1,-1
933,68,622.23,463.71,89.21,203.53,1,-1,-1,-1
934,10,482.08,513.35,101.70,186.05,1,-1,-1,-1
934,20,1100.60,467.39,71.98,188.81,1,-1,-1,-1
934,28,623.57,464.10,90.50,203.39,1,-1,-1,-1
934,31,722.81,478.72,101.11,219.47,1,-1,-1,-1
934,39,982.17,478.96,89.19,215.97,1,-1,-1,-1
934,47,1215.53,514.41,93.70,172.28,1,-1,-1,-1
934,48,864.62,439.22,118.26,244.21,1,-1,-1,-1
934,50,829.70,482.77,119.48,201.28,1,-1,-1,-1
934,53,1124.93,525.52,107.85,211.00,1,-1,-1,-1
934,60,570.24,546.18,119.26,225.75,1,-1,-1,-1
934,68,622.23,463.71,89.21,203.53,1,-1,-1,-1
935,10,480.53,506.78,108.05,191.12,1,-1,-1,-1
935,20,1100.89,466.35,71.89,189.39,1,-1,-1,-1
935,28,624.32,464.41,88.79,202.59,1,-1,-1,-1
935,31,721.12,476.95,105.09,221.35,1,-1,-1,-1
935,39,981.40,474.59,89.77,218.30,1,-1,-1,-1
935,47,1216.31,507.88,94.64,178.63,1,-1,-1,-1
935,50,822.66,484.95,129.92,200.06,1,-1,-1,-1
935,53,1123.44,522.22,108.59,211.72,1,-1,-1,-1
935,60,569.11,536.00,121.39,235.36,1,-1,-1,-1
935,68,622.23,463.71,89.21,203.53,1,-1,-1,-1
936,10,480.58,504.50,107.31,193.32,1,-1,-1,-1
936,20,1100.45,466.45,72.63,188.27,1,-1,-1,-1
936,28,624.61,464.83,88.34,202.02,1,-1,-1,-1
936,31,723.74,476.24,104.31,220.38,1,-1,-1,-1
936,39,981.30,473.66,89.83,218.82,1,-1,-1,-1
936,47,1217.27,503.57,95.05,182.70,1,-1,-1,-1
936,50,827.13,483.33,128.14,200.33,1,-1,-1,-1
936,53,1123.88,525.22,108.01,209.15,1,-1,-1,-1
936,60,568.30,533.03,121.52,238.19,1,-1,-1,-1
936,68,622.23,463.71,89.21,203.53,1,-1,-1,-1
937,10,480.70,504.20,107.40,193.70,1,-1,-1,-1
937,20,1100.75,467.37,71.36,188.33,1,-1,-1,-1
937,28,624.22,464.70,89.18,202.14,1,-1,-1,-1
937,31,723.89,475.75,103.08,219.71,1,-1,-1,-1
937,39,981.11,473.71,89.90,218.82,1,-1,-1,-1
937,47,1217.48,504.31,95.58,181.59,1,-1,-1,-1
937,50,827.99,479.01,130.13,202.72,1,-1,-1,-1
937,53,1123.72,525.97,108.49,209.32,1,-1,-1,-1
937,60,568.44,532.11,120.73,238.10,1,-1,-1,-1
937,68,622.23,463.71,89.21,203.53,1,-1,-1,-1
938,10,479.74,506.75,108.60,190.74,1,-1,-1,-1
938,20,1101.03,466.42,71.77,188.82,1,-1,-1,-1
938,28,623.83,463.21,89.40,204.19,1,-1,-1,-1
938,31,723.87,475.40,103.17,219.23,1,-1,-1,-1
938,39,980.80,473.62,90.31,219.07,1,-1,-1,-1
938,47,1217.07,505.63,97.01,180.40,1,-1,-1,-1
938,50,831.60,474.42,126.61,207.17,1,-1,-1,-1
938,53,1123.83,525.73,108.17,209.34,1,-1,-1,-1
938,60,569.48,532.16,120.66,238.10,1,-1,-1,-1
939,10,479.97,512.15,108.55,186.43,1,-1,-1,-1
939,20,1100.96,467.12,71.76,187.94,1,-1,-1,-1
939,28,624.04,463.34,90.51,204.37,1,-1,-1,-1
939,31,720.48,476.74,106.44,221.59,1,-1,-1,-1
939,39,980.94,474.55,90.21,218.49,1,-1,-1,-1
939,47,1218.27,505.27,94.53,181.29,1,-1,-1,-1
939,50,831.62,471.26,122.26,211.28,1,-1,-1,-1
939,53,1124.09,525.68,106.67,209.21,1,-1,-1,-1
939,60,569.22,532.09,121.44,238.70,1,-1,-1,-1
940,10,480.29,514.02,107.77,183.85,1,-1,-1,-1
940,20,1101.59,467.35,71.66,187.55,1,-1,-1,-1
940,28,623.86,463.05,91.61,204.17,1,-1,-1,-1
940,31,721.28,477.07,105.73,220.24,1,-1,-1,-1
940,39,981.71,475.27,89.20,218.24,1,-1,-1,-1
940,47,1216.86,506.57,95.17,179.65,1,-1,-1,-1
940,50,832.82,467.31,118.27,214.74,1,-1,-1,-1
940,53,1123.51,526.74,108.17,208.24,1,-1,-1,-1
940,60,568.15,531.65,121.87,239.23,1,-1,-1,-1
941,10,480.34,516.80,106.79,181.58,1,-1,-1,-1
941,20,1102.02,470.31,72.42,184.99,1,-1,-1,-1
941,28,624.14,469.59,90.08,198.22,1,-1,-1,-1
941,31,723.15,477.15,102.73,221.54,1,-1,-1,-1
941,39,982.64,479.20,87.92,214.68,1,-1,-1,-1
941,47,1214.27,511.02,96.20,174.68,1,-1,-1,-1
941,50,837.59,469.20,112.28,212.46,1,-1,-1,-1
941,53,1123.30,535.16,111.87,200.90,1,-1,-1,-1
941,60,569.04,529.32,121.69,241.21,1,-1,-1,-1
942,10,480.01,517.23,105.04,181.05,1,-1,-1,-1
942,20,1102.41,473.93,71.93,181.57,1,-1,-1,-1
942,28,620.81,471.18,91.92,197.33,1,-1,-1,-1
942,31,722.22,477.82,104.18,222.57,1,-1,-1,-1
942,39,982.17,481.14,88.40,213.13,1,-1,-1,-1
942,47,1213.37,511.03,97.78,174.83,1,-1,-1,-1
942,50,837.78,468.45,108.27,215.24,1,-1,-1,-1
942,53,1122.53,540.62,113.35,195.87,1,-1,-1,-1
942,60,568.00,533.05,124.09,238.02,1,-1,-1,-1
942,68,620.47,469.93,88.69,198.42,1,-1,-1,-1
943,10,481.13,524.37,104.65,174.16,1,-1,-1,-1
943,20,1101.94,476.89,81.44,180.37,1,-1,-1,-1
943,28,618.22,482.10,94.13,186.97,1,-1,-1,-1
943,31,722.00,482.49,104.79,217.95,1,-1,-1,-1
943,39,983.64,486.47,86.87,208.29,1,-1,-1,-1
943,47,1214.40,520.49,96.99,166.09,1,-1,-1,-1
943,50,840.93,476.76,104.27,208.76,1,-1,-1,-1
943,53,1121.59,556.96,113.42,180.18,1,-1,-1,-1
943,60,568.57,541.53,122.75,230.60,1,-1,-1,-1
943,68,620.47,469.93,88.69,198.42,1,-1,-1,-1
944,10,481.24,530.00,108.03,169.73,1,-1,-1,-1
944,20,1100.46,480.96,82.32,177.14,1,-1,-1,-1
944,28,618.22,482.10,94.13,186.97,1,-1,-1,-1
944,31,723.20,489.04,103.76,211.51,1,-1,-1,-1
944,39,983.30,488.09,87.02,206.61,1,-1,-1,-1
944,47,1213.40,520.82,98.36,165.88,1,-1,-1,-1
944,50,840.22,477.58,103.39,208.49,1,-1,-1,-1
944,53,1122.68,565.33,112.03,172.58,1,-1,-1,-1
944,60,568.24,545.00,123.48,226.23,1,-1,-1,-1
944,68,622.00,484.35,89.99,183.87,1,-1,-1,-1
945,10,481.66,535.31,105.90,164.39,1,-1,-1,-1
945,20,1100.74,487.09,83.62,170.79,1,-1,-1,-1
945,28,618.22,482.10,94.13,186.97,1,-1,-1,-1
945,31,724.05,500.20,101.76,199.53,1,-1,-1,-1
945,39,982.98,486.74,87.40,208.11,1,-1,-1,-1
945,47,1214.55,520.65,96.06,166.10,1,-1,-1,-1
945,50,836.55,479.24,103.66,206.57,1,-1,-1,-1
945,53,1122.86,562.48,111.89,173.54,1,-1,-1,-1
945,60,567.99,553.47,123.61,218.78,1,-1,-1,-1
945,68,620.09,487.71,93.05,180.03,1,-1,-1,-1
946,10,481.77,534.96,105.29,164.44,1,-1,-1,-1
946,20,1101.56,486.60,86.39,170.40,1,-1,-1,-1
946,28,618.22,482.10,94.13,186.97,1,-1,-1,-1
946,31,723.97,496.77,101.34,203.41,1,-1,-1,-1
946,39,983.21,483.79,86.94,211.18,1,-1,-1,-1
946,47,1214.07,521.04,97.06,165.52,1,-1,-1,-1
946,50,835.29,475.71,106.04,207.70,1,-1,-1,-1
946,53,1122.86,562.48,111.89,173.54,1,-1,-1,-1
946,60,568.01,556.08,122.95,215.88,1,-1,-1,-1
946,68,621.47,487.70,91.70,179.16,1,-1,-1,-1
947,10,480.76,530.95,106.80,168.26,1,-1,-1,-1
947,20,1103.94,479.43,93.91,173.47,1,-1,-1,-1
947,28,618.22,482.10,94.13,186.97,1,-1,-1,-1
947,31,723.95,485.34,102.75,215.89,1,-1,-1,-1
947,39,982.13,477.36,88.49,218.35,1,-1,-1,-1
947,47,1212.64,511.84,98.10,175.62,1,-1,-1,-1
947,50,836.41,467.43,108.97,211.10,1,-1,-1,-1
947,53,1122.86,562.48,111.89,173.54,1,-1,-1,-1
947,60,569.31,548.22,121.46,223.07,1,-1,-1,-1
947,68,620.54,483.18,91.42,184.43,1,-1,-1,-1
947,69,1120.15,538.41,115.39,198.31,1,-1,-1,-1
948,10,481.87,524.70,102.96,173.50,1,-1,-1,-1
948,20,1102.60,472.42,85.70,182.24,1,-1,-1,-1
948,28,618.75,476.54,94.92,191.75,1,-1,-1,-1
948,31,723.69,481.62,103.16,218.30,1,-1,-1,-1
948,39,981.50,474.95,89.42,220.82,1,-1,-1,-1
948,47,1213.56,507.75,97.00,180.65,1,-1,-1,-1
948,50,836.68,467.48,114.95,203.94,1,-1,-1,-1
948,53,1122.86,562.48,111.89,173.54,1,-1,-1,-1
948,60,567.98,544.50,122.65,227.90,1,-1,-1,-1
948,68,620.54,483.18,91.42,184.43,1,-1,-1,-1
948,69,1122.05,530.35,111.77,205.79,1,-1,-1,-1
949,10,483.04,508.37,104.50,190.09,1,-1,-1,-1
949,20,1102.20,465.96,84.48,189.73,1,-1,-1,-1
949,28,620.44,470.28,93.56,196.81,1,-1,-1,-1
949,31,722.07,479.05,104.60,219.18,1,-1,-1,-1
949,39,982.63,472.28,88.15,222.89,1,-1,-1,-1
949,47,1216.23,502.63,94.90,185.04,1,-1,-1,-1
949,50,838.97,467.59,128.72,199.10,1,-1,-1,-1
949,53,1122.86,562.48,111.89,173.54,1,-1,-1,-1
949,60,568.01,534.76,121.62,236.82,1,-1,-1,-1
949,68,621.57,469.41,90.14,196.54,1,-1,-1,-1
949,69,1123.47,524.04,109.35,211.78,1,-1,-1,-1
950,10,482.95,506.06,105.87,191.02,1,-1,-1,-1
950,20,1104.55,464.56,82.55,192.03,1,-1,-1,-1
950,28,621.41,463.58,95.25,203.10,1,-1,-1,-1
950,31,722.25,477.65,103.77,219.31,1,-1,-1,-1
950,39,983.97,472.29,86.12,222.71,1,-1,-1,-1
950,47,1217.09,502.92,93.80,184.45,1,-1,-1,-1
950,50,838.59,470.45,132.70,195.67,1,-1,-1,-1
950,53,1122.86,562.48,111.89,173.54,1,-1,-1,-1
950,60,569.15,533.06,119.60,237.35,1,-1,-1,-1
950,68,621.57,469.41,90.14,196.54,1,-1,-1,-1
950,69,1123.25,524.98,108.74,210.30,1,-1,-1,-1
951,10,483.28,504.37,105.73,193.16,1,-1,-1,-1
951,20,1104.20,466.29,85.21,190.50,1,-1,-1,-1
951,28,620.03,461.43,96.51,205.49,1,-1,-1,-1
951,31,721.12,477.82,105.79,218.72,1,-1,-1,-1
951,39,984.27,472.97,85.63,221.63,1,-1,-1,-1
951,47,1217.01,504.71,93.61,181.80,1,-1,-1,-1
951,50,837.74,463.21,129.51,202.39,1,-1,-1,-1
951,60,570.10,527.54,118.32,241.54,1,-1,-1,-1
951,68,621.57,469.41,90.14,196.54,1,-1,-1,-1
951,69,1124.09,525.60,106.74,208.82,1,-1,-1,-1
952,10,483.42,504.19,106.21,193.11,1,-1,-1,-1
952,20,1103.27,465.97,86.16,191.81,1,-1,-1,-1
952,28,620.45,461.07,95.41,205.66,1,-1,-1,-1
952,31,721.52,477.94,105.28,217.89,1,-1,-1,-1
952,39,983.71,473.50,86.42,221.13,1,-1,-1,-1
952,47,1215.61,503.62,95.89,182.30,1,-1,-1,-1
952,50,837.96,463.13,129.90,202.67,1,-1,-1,-1
952,60,569.55,528.78,118.96,239.95,1,-1,-1,-1
952,68,621.57,469.41,90.14,196.54,1,-1,-1,-1
952,69,1125.53,524.12,105.89,209.95,1,-1,-1,-1
953,10,484.24,507.89,104.54,189.11,1,-1,-1,-1
953,20,1103.05,466.15,85.99,192.67,1,-1,-1,-1
953,28,619.32,461.12,97.11,205.91,1,-1,-1,-1
953,31,720.91,477.76,104.74,217.86,1,-1,-1,-1
953,39,983.96,473.65,86.28,221.30,1,-1,-1,-1
953,47,1215.79,503.17,95.15,182.76,1,-1,-1,-1
953,50,838.96,466.12,127.51,199.50,1,-1,-1,-1
953,60,570.05,531.61,118.10,237.61,1,-1,-1,-1
953,68,621.57,469.41,90.14,196.54,1,-1,-1,-1
953,69,1125.02,521.91,106.62,212.58,1,-1,-1,-1
954,10,484.41,506.81,104.31,190.24,1,-1,-1,-1
954,20,1102.87,466.78,85.62,192.19,1,-1,-1,-1
954,28,619.72,461.49,96.67,205.82,1,-1,-1,-1
954,31,720.94,478.48,104.44,217.10,1,-1,-1,-1
954,39,983.34,473.87,86.96,220.24,1,-1,-1,-1
954,47,1215.79,502.94,94.76,182.89,1,-1,-1,-1
954,50,838.34,464.22,128.28,201.12,1,-1,-1,-1
954,60,569.64,532.02,118.11,236.71,1,-1,-1,-1
954,68,621.57,469.41,90.14,196.54,1,-1,-1,-1
954,69,1125.33,525.12,106.39,209.08,1,-1,-1,-1
955,10,484.16,508.78,104.02,188.26,1,-1,-1,-1
955,20,1103.45,465.72,83.26,192.93,1,-1,-1,-1
955,28,621.19,461.12,95.18,206.68,1,-1,-1,-1
955,31,720.89,478.32,104.14,217.53,1,-1,-1,-1
955,39,982.42,473.85,87.41,220.54,1,-1,-1,-1
955,47,1217.16,502.92,93.06,183.21,1,-1,-1,-1
955,50,837.30,455.67,118.73,210.44,1,-1,-1,-1
955,60,570.47,532.97,116.53,234.31,1,-1,-1,-1
955,69,1125.49,524.39,105.11,209.19,1,-1,-1,-1
956,10,484.34,507.27,104.15,189.83,1,-1,-1,-1
956,20,1103.45,465.89,82.75,192.88,1,-1,-1,-1
956,28,618.06,461.92,98.64,206.54,1,-1,-1,-1
956,31,720.62,477.26,104.64,219.02,1,-1,-1,-1
956,39,982.49,473.96,87.39,221.11,1,-1,-1,-1
956,47,1217.72,501.77,92.40,184.23,1,-1,-1,-1
956,50,836.71,453.58,120.05,213.21,1,-1,-1,-1
956,60,570.54,532.11,116.19,235.59,1,-1,-1,-1
956,69,1125.33,524.29,105.04,209.31,1,-1,-1,-1
957,10,481.49,506.85,105.60,191.39,1,-1,-1,-1
957,20,1103.12,464.50,87.06,194.57,1,-1,-1,-1
957,28,609.35,460.11,101.67,207.61,1,-1,-1,-1
957,31,721.15,477.25,107.29,219.77,1,-1,-1,-1
957,39,978.82,473.65,96.50,221.77,1,-1,-1,-1
957,47,1217.83,500.56,92.80,185.63,1,-1,-1,-1
957,50,839.65,462.26,95.88,209.89,1,-1,-1,-1
957,60,569.50,531.29,118.85,237.46,1,-1,-1,-1
957,69,1125.18,520.95,105.54,213.35,1,-1,-1,-1
958,10,478.22,507.68,110.41,191.49,1,-1,-1,-1
958,20,1103.13,466.50,92.33,192.46,1,-1,-1,-1
958,28,601.37,454.85,113.50,214.16,1,-1,-1,-1
958,31,715.28,476.90,116.50,219.50,1,-1,-1,-1
958,39,971.33,473.08,115.13,222.19,1,-1,-1,-1
958,47,1217.49,499.49,92.84,187.10,1,-1,-1,-1
958,50,825.12,455.88,126.25,216.89,1,-1,-1,-1
958,60,568.47,526.59,120.34,242.70,1,-1,-1,-1
958,69,1119.24,489.70,114.59,245.34,1,-1,-1,-1
959,10,476.81,508.11,116.76,192.02,1,-1,-1,-1
959,20,1095.05,468.30,106.08,189.55,1,-1,-1,-1
959,28,595.20,466.14,123.66,205.08,1,-1,-1,-1
959,31,687.16,475.25,160.89,220.63,1,-1,-1,-1
959,39,916.68,457.14,180.80,237.22,1,-1,-1,-1
959,47,1218.33,498.12,92.89,188.09,1,-1,-1,-1
959,50,797.36,454.85,163.74,218.92,1,-1,-1,-1
959,60,560.68,516.31,126.95,252.65,1,-1,-1,-1
959,68,599.34,469.49,122.29,200.38,1,-1,-1,-1
959,69,1122.15,484.76,114.44,249.64,1,-1,-1,-1
960,10,472.54,508.95,124.69,190.59,1,-1,-1,-1
960,20,1096.55,466.82,105.07,189.77,1,-1,-1,-1
960,28,595.50,465.31,127.38,205.27,1,-1,-1,-1
960,31,685.19,476.64,169.85,219.21,1,-1,-1,-1
960,39,902.93,460.43,196.63,234.87,1,-1,-1,-1
960,47,1214.12,496.82,102.26,189.53,1,-1,-1,-1
960,50,789.50,455.89,160.93,217.70,1,-1,-1,-1
960,60,552.72,517.92,135.00,251.13,1,-1,-1,-1
960,68,599.34,469.49,122.29,200.38,1,-1,-1,-1
960,69,1122.10,482.67,113.42,252.09,1,-1,-1,-1
961,10,459.73,507.22,147.21,191.45,1,-1,-1,-1
961,20,1093.97,467.17,108.39,190.32,1,-1,-1,-1
961,28,584.70,463.29,133.70,206.61,1,-1,-1,-1
961,31,685.11,477.49,166.94,219.29,1,-1,-1,-1
961,39,931.77,470.55,182.04,223.91,1,-1,-1,-1
961,47,1212.77,499.53,110.86,186.75,1,-1,-1,-1
961,50,799.93,458.15,144.77,218.64,1,-1,-1,-1
961,60,554.49,492.81,136.85,276.19,1,-1,-1,-1
961,68,599.34,469.49,122.29,200.38,1,-1,-1,-1
961,69,1123.26,485.31,111.59,249.59,1,-1,-1,-1
962,10,452.06,503.50,154.72,192.69,1,-1,-1,-1
962,20,1092.30,467.40,113.60,189.54,1,-1,-1,-1
962,28,575.01,460.70,147.96,208.16,1,-1,-1,-1
962,31,685.49,476.52,157.90,219.92,1,-1,-1,-1
962,39,925.42,471.57,200.81,222.74,1,-1,-1,-1
962,47,1212.09,500.94,120.34,184.90,1,-1,-1,-1
962,50,795.57,458.57,162.31,218.31,1,-1,-1,-1
962,60,554.20,472.83,163.22,293.40,1,-1,-1,-1
962,68,599.34,469.49,122.29,200.38,1,-1,-1,-1
962,69,1123.45,487.93,110.11,246.96,1,-1,-1,-1
963,10,439.51,504.34,161.19,191.66,1,-1,-1,-1
963,20,1093.74,467.27,117.08,189.87,1,-1,-1,-1
963,28,562.67,461.55,165.04,218.62,1,-1,-1,-1
963,31,681.40,474.77,194.15,223.03,1,-1,-1,-1
963,39,915.33,472.43,209.75,220.91,1,-1,-1,-1
963,47,1191.64,501.53,154.34,184.63,1,-1,-1,-1
963,50,821.51,464.77,124.44,211.88,1,-1,-1,-1
963,60,541.75,473.84,182.98,294.00,1,-1,-1,-1
963,68,599.34,469.49,122.29,200.38,1,-1,-1,-1
963,69,1114.78,470.64,120.12,261.95,1,-1,-1,-1
964,10,436.59,504.89,161.21,191.52,1,-1,-1,-1
964,20,1080.66,467.53,132.56,189.03,1,-1,-1,-1
964,28,553.40,489.48,163.17,270.73,1,-1,-1,-1
964,31,683.81,475.48,190.78,222.67,1,-1,-1,-1
964,39,919.52,471.03,209.07,222.13,1,-1,-1,-1
964,47,1182.86,502.12,160.89,183.89,1,-1,-1,-1
964,50,834.15,465.27,116.10,211.34,1,-1,-1,-1
964,60,547.06,497.06,158.00,273.16,1,-1,-1,-1
964,68,583.84,460.89,144.90,215.30,1,-1,-1,-1
964,69,1122.13,480.76,112.24,252.99,1,-1,-1,-1
965,10,437.34,505.28,177.64,191.28,1,-1,-1,-1
965,20,1079.00,468.41,135.00,188.51,1,-1,-1,-1
965,28,553.40,489.48,163.17,270.73,1,-1,-1,-1
965,31,686.25,474.50,185.58,223.52,1,-1,-1,-1
965,39,919.90,471.52,209.56,221.41,1,-1,-1,-1
965,47,1170.95,499.99,181.97,185.88,1,-1,-1,-1
965,48,862.77,474.54,105.04,200.39,1,-1,-1,-1
965,50,833.99,457.56,106.90,208.39,1,-1,-1,-1
965,60,560.61,501.61,150.01,267.16,1,-1,-1,-1
965,68,578.60,456.83,152.86,225.03,1,-1,-1,-1
965,69,1121.83,484.63,115.52,249.14,1,-1,-1,-1
966,10,442.19,506.65,186.50,192.93,1,-1,-1,-1
966,20,1082.23,469.88,115.56,186.66,1,-1,-1,-1
966,28,564.09,512.65,137.09,254.97,1,-1,-1,-1
966,31,686.89,473.73,184.47,223.87,1,-1,-1,-1
966,39,905.36,468.46,228.08,225.24,1,-1,-1,-1
966,47,1170.38,500.52,183.84,185.39,1,-1,-1,-1
966,48,851.04,477.54,124.21,198.45,1,-1,-1,-1
966,50,833.95,457.02,115.59,210.02,1,-1,-1,-1
966,60,560.61,501.61,150.01,267.16,1,-1,-1,-1
966,68,578.38,457.19,152.57,220.75,1,-1,-1,-1
966,69,1109.22,473.44,137.20,259.88,1,-1,-1,-1
967,10,444.49,505.38,164.02,192.03,1,-1,-1,-1
967,20,1075.59,470.28,122.29,186.89,1,-1,-1,-1
967,25,839.42,462.59,86.81,189.53,1,-1,-1,-1
967,28,550.00,525.46,145.56,243.95,1,-1,-1,-1
967,31,693.14,473.53,173.85,224.28,1,-1,-1,-1
967,39,911.65,470.26,224.02,224.03,1,-1,-1,-1
967,47,1171.85,501.69,179.09,184.51,1,-1,-1,-1
967,48,853.61,480.83,124.99,196.57,1,-1,-1,-1
967,50,835.56,457.87,109.23,210.91,1,-1,-1,-1
967,60,560.61,501.61,150.01,267.16,1,-1,-1,-1
967,68,581.63,457.27,148.88,217.67,1,-1,-1,-1
967,69,1105.18,470.45,143.10,262.80,1,-1,-1,-1
968,10,448.34,505.62,155.05,192.03,1,-1,-1,-1
968,20,1075.59,470.28,122.29,186.89,1,-1,-1,-1
968,25,839.42,462.59,86.81,189.53,1,-1,-1,-1
968,28,553.46,530.06,138.52,239.36,1,-1,-1,-1
968,31,698.02,474.03,164.86,224.48,1,-1,-1,-1
968,39,918.69,472.14,213.68,221.93,1,-1,-1,-1
968,47,1172.34,501.61,179.22,184.47,1,-1,-1,-1
968,48,862.21,484.86,114.96,192.46,1,-1,-1,-1
968,50,838.57,456.67,103.90,208.36,1,-1,-1,-1
968,60,560.61,501.61,150.01,267.16,1,-1,-1,-1
968,68,582.79,457.01,148.19,215.71,1,-1,-1,-1
968,69,1081.85,467.78,162.93,266.21,1,-1,-1,-1
969,10,451.02,505.58,147.81,193.23,1,-1,-1,-1
969,20,1075.59,470.28,122.29,186.89,1,-1,-1,-1
969,25,839.42,462.59,86.81,189.53,1,-1,-1,-1
969,28,548.07,528.79,143.59,241.66,1,-1,-1,-1
969,31,708.42,474.30,147.16,224.25,1,-1,-1,-1
969,39,931.17,475.33,208.08,218.66,1,-1,-1,-1
969,47,1175.02,501.87,170.08,184.38,1,-1,-1,-1
969,48,860.27,489.08,117.88,188.32,1,-1,-1,-1
969,50,841.19,456.57,99.63,199.77,1,-1,-1,-1
969,60,560.61,501.61,150.01,267.16,1,-1,-1,-1
969,68,587.75,457.17,140.87,215.62,1,-1,-1,-1
969,69,1093.21,468.41,152.26,267.20,1,-1,-1,-1
970,10,454.04,506.17,148.69,194.84,1,-1,-1,-1
970,20,1076.66,471.20,121.13,185.75,1,-1,-1,-1
970,25,839.42,462.59,86.81,189.53,1,-1,-1,-1
970,28,553.06,530.06,137.00,240.47,1,-1,-1,-1
970,31,712.58,474.73,138.37,223.39,1,-1,-1,-1
970,39,931.18,475.57,203.17,218.17,1,-1,-1,-1
970,47,1177.12,501.16,165.29,184.97,1,-1,-1,-1
970,48,859.68,493.87,118.32,184.04,1,-1,-1,-1
970,50,842.41,456.55,98.67,198.10,1,-1,-1,-1
970,60,560.61,501.61,150.01,267.16,1,-1,-1,-1
970,68,589.93,458.70,136.61,211.59,1,-1,-1,-1
970,69,1102.95,471.83,146.65,263.24,1,-1,-1,-1
971,10,459.67,506.85,141.12,193.72,1,-1,-1,-1
971,20,1076.66,471.20,121.13,185.75,1,-1,-1,-1
971,25,839.42,462.59,86.81,189.53,1,-1,-1,-1
971,28,551.31,530.20,140.43,240.46,1,-1,-1,-1
971,31,718.37,475.04,124.96,223.77,1,-1,-1,-1
971,39,933.38,475.50,197.38,218.43,1,-1,-1,-1
971,47,1186.41,500.28,151.53,185.94,1,-1,-1,-1
971,48,857.03,496.43,119.90,178.73,1,-1,-1,-1
971,50,845.55,456.64,95.65,204.01,1,-1,-1,-1
971,68,596.71,460.36,126.77,209.03,1,-1,-1,-1
971,69,1099.53,467.35,141.64,269.11,1,-1,-1,-1
972,10,461.86,506.81,134.42,192.75,1,-1,-1,-1
972,20,1076.66,471.20,121.13,185.75,1,-1,-1,-1
972,25,839.42,462.59,86.81,189.53,1,-1,-1,-1
972,28,547.65,530.36,142.62,240.19,1,-1,-1,-1
972,31,719.76,475.64,120.57,223.26,1,-1,-1,-1
972,39,939.84,474.98,185.37,218.82,1,-1,-1,-1
972,47,1188.17,500.09,147.38,185.63,1,-1,-1,-1
972,48,858.64,499.27,117.08,175.32,1,-1,-1,-1
972,50,846.82,456.03,95.00,203.61,1,-1,-1,-1
972,68,604.05,463.73,118.70,206.63,1,-1,-1,-1
972,69,1101.35,468.65,139.66,267.10,1,-1,-1,-1
973,10,471.46,506.78,123.35,191.38,1,-1,-1,-1
973,20,1071.24,470.16,119.22,183.80,1,-1,-1,-1
973,28,557.75,549.15,131.71,221.21,1,-1,-1,-1
973,31,721.96,475.98,113.37,222.36,1,-1,-1,-1
973,39,944.07,474.99,174.89,218.74,1,-1,-1,-1
973,47,1197.00,500.92,133.94,184.41,1,-1,-1,-1
973,48,861.86,502.23,111.69,170.35,1,-1,-1,-1
973,50,848.31,455.80,91.96,200.89,1,-1,-1,-1
973,68,608.87,464.76,108.19,208.45,1,-1,-1,-1
973,69,1118.40,490.28,120.91,245.95,1,-1,-1,-1
974,10,475.83,507.34,115.68,191.12,1,-1,-1,-1
974,20,1073.64,469.20,135.29,186.53,1,-1,-1,-1
974,28,558.78,562.11,131.01,208.08,1,-1,-1,-1
974,31,722.81,475.25,111.72,222.94,1,-1,-1,-1
974,39,944.12,474.86,173.74,218.86,1,-1,-1,-1
974,47,1200.91,501.44,128.36,183.52,1,-1,-1,-1
974,48,862.51,503.99,111.74,168.96,1,-1,-1,-1
974,50,849.21,455.56,91.66,205.33,1,-1,-1,-1
974,53,1122.81,513.92,112.74,223.14,1,-1,-1,-1
974,68,611.00,464.49,103.30,209.95,1,-1,-1,-1
974,69,1091.99,470.95,136.92,235.83,1,-1,-1,-1
975,10,480.95,507.94,106.46,189.47,1,-1,-1,-1
975,20,1075.75,468.96,130.67,189.76,1,-1,-1,-1
975,28,564.50,570.34,124.29,197.76,1,-1,-1,-1
975,31,722.94,475.29,106.72,222.62,1,-1,-1,-1
975,39,949.11,474.67,164.88,218.57,1,-1,-1,-1
975,47,1202.75,501.13,124.07,183.83,1,-1,-1,-1
975,48,863.43,506.60,108.73,165.24,1,-1,-1,-1
975,50,849.77,455.71,87.47,201.37,1,-1,-1,-1
975,53,1121.85,521.05,112.47,216.23,1,-1,-1,-1
975,68,611.00,464.49,103.30,209.95,1,-1,-1,-1
975,69,1088.34,468.10,136.50,240.54,1,-1,-1,-1
976,10,482.48,507.70,107.30,189.89,1,-1,-1,-1
976,20,1080.67,469.22,128.98,191.70,1,-1,-1,-1
976,28,566.33,573.41,122.12,194.86,1,-1,-1,-1
976,31,721.39,474.62,106.49,223.21,1,-1,-1,-1
976,39,951.30,474.23,162.29,219.15,1,-1,-1,-1
976,47,1206.63,501.47,116.46,183.80,1,-1,-1,-1
976,48,862.44,508.50,109.59,163.15,1,-1,-1,-1
976,50,849.08,456.21,86.53,198.40,1,-1,-1,-1
976,53,1123.76,527.07,110.81,210.06,1,-1,-1,-1
976,68,611.00,464.49,103.30,209.95,1,-1,-1,-1
976,69,1088.34,468.10,136.50,240.54,1,-1,-1,-1
976,71,609.91,466.48,100.13,204.26,1,-1,-1,-1
977,10,484.19,507.91,106.31,189.14,1,-1,-1,-1
977,20,1086.53,468.86,116.69,190.50,1,-1,-1,-1
977,25,852.14,458.41,78.67,188.61,1,-1,-1,-1
977,28,569.18,571.77,117.15,195.21,1,-1,-1,-1
977,31,721.44,475.47,104.91,222.14,1,-1,-1,-1
977,39,959.02,474.77,149.76,218.76,1,-1,-1,-1
977,47,1209.80,502.07,106.56,183.44,1,-1,-1,-1
977,48,859.16,509.50,112.54,161.32,1,-1,-1,-1
977,50,847.60,457.58,86.24,205.91,1,-1,-1,-1
977,53,1124.20,527.95,108.64,209.25,1,-1,-1,-1
977,68,611.00,464.49,103.30,209.95,1,-1,-1,-1
977,69,1088.34,468.10,136.50,240.54,1,-1,-1,-1
977,71,612.83,467.61,98.13,202.84,1,-1,-1,-1
978,10,484.61,508.03,106.28,189.19,1,-1,-1,-1
978,20,1087.19,469.37,104.14,189.48,1,-1,-1,-1
978,25,853.73,458.64,76.27,185.79,1,-1,-1,-1
978,28,570.67,566.42,116.36,201.02,1,-1,-1,-1
978,31,721.09,475.60,105.09,222.02,1,-1,-1,-1
978,39,961.56,474.69,142.43,218.72,1,-1,-1,-1
978,47,1210.82,502.61,103.66,182.71,1,-1,-1,-1
978,48,856.42,508.94,114.05,162.92,1,-1,-1,-1
978,50,846.97,459.28,86.59,203.72,1,-1,-1,-1
978,53,1124.65,527.36,106.17,209.23,1,-1,-1,-1
978,68,611.00,464.49,103.30,209.95,1,-1,-1,-1
978,69,1096.45,467.49,126.57,246.76,1,-1,-1,-1
978,71,615.21,467.52,95.33,202.25,1,-1,-1,-1
979,10,483.96,507.78,105.42,189.85,1,-1,-1,-1
979,20,1091.85,468.58,96.75,189.26,1,-1,-1,-1
979,25,854.09,458.87,77.12,178.41,1,-1,-1,-1
979,28,572.02,553.36,114.59,213.63,1,-1,-1,-1
979,31,720.39,476.85,106.23,220.17,1,-1,-1,-1
979,39,965.83,474.72,132.63,218.56,1,-1,-1,-1
979,47,1212.33,502.37,97.84,183.17,1,-1,-1,-1
979,48,854.37,508.35,116.40,164.04,1,-1,-1,-1
979,50,846.97,459.28,86.59,203.72,1,-1,-1,-1
979,53,1125.22,522.71,104.22,212.51,1,-1,-1,-1
979,68,618.43,469.28,94.59,199.54,1,-1,-1,-1
979,69,1103.24,467.23,121.78,252.40,1,-1,-1,-1
979,71,619.01,469.21,92.04,198.07,1,-1,-1,-1
980,10,484.15,508.65,105.36,189.47,1,-1,-1,-1
980,20,1094.89,467.62,101.11,191.03,1,-1,-1,-1
980,25,854.59,458.60,77.57,178.15,1,-1,-1,-1
980,28,572.08,538.79,114.12,228.37,1,-1,-1,-1
980,31,719.62,477.26,107.64,219.69,1,-1,-1,-1
980,39,968.85,474.64,125.29,218.53,1,-1,-1,-1
980,47,1216.78,502.85,91.95,182.89,1,-1,-1,-1
980,48,852.42,509.99,118.67,162.78,1,-1,-1,-1
980,50,846.97,459.28,86.59,203.72,1,-1,-1,-1
980,53,1125.16,530.90,104.30,203.94,1,-1,-1,-1
980,68,618.13,470.06,94.99,198.56,1,-1,-1,-1
980,69,1103.24,467.23,121.78,252.40,1,-1,-1,-1
980,71,619.54,469.73,91.92,196.81,1,-1,-1,-1
981,10,484.10,509.56,103.56,188.94,1,-1,-1,-1
981,20,1097.18,467.12,93.73,192.93,1,-1,-1,-1
981,25,854.34,460.14,78.89,174.20,1,-1,-1,-1
981,28,571.44,538.27,115.34,230.11,1,-1,-1,-1
981,31,719.46,477.95,107.44,218.46,1,-1,-1,-1
981,39,972.01,474.39,115.60,218.83,1,-1,-1,-1
981,47,1219.47,503.94,88.78,181.37,1,-1,-1,-1
981,48,848.38,509.58,122.02,163.61,1,-1,-1,-1
981,50,846.97,459.28,86.59,203.72,1,-1,-1,-1
981,53,1124.60,530.71,105.77,204.19,1,-1,-1,-1
981,68,618.13,470.06,94.99,198.56,1,-1,-1,-1
981,69,1103.24,467.23,121.78,252.40,1,-1,-1,-1
981,71,621.74,469.82,88.41,197.04,1,-1,-1,-1
982,10,483.67,509.93,104.91,189.03,1,-1,-1,-1
982,20,1098.67,467.22,91.85,193.48,1,-1,-1,-1
982,25,854.34,460.14,78.89,174.20,1,-1,-1,-1
982,28,570.68,538.80,116.28,230.87,1,-1,-1,-1
982,31,719.30,478.29,106.51,218.64,1,-1,-1,-1
982,39,974.46,474.75,110.57,218.61,1,-1,-1,-1
982,47,1220.15,504.57,87.97,180.51,1,-1,-1,-1
982,48,849.05,507.28,120.72,165.02,1,-1,-1,-1
982,50,836.65,491.83,89.46,180.08,1,-1,-1,-1
982,53,1123.82,529.93,106.87,205.42,1,-1,-1,-1
982,68,619.71,470.04,92.39,198.18,1,-1,-1,-1
982,69,1103.24,467.23,121.78,252.40,1,-1,-1,-1
982,71,621.06,469.33,89.23,197.51,1,-1,-1,-1
983,10,483.46,510.81,104.24,187.95,1,-1,-1,-1
983,20,1102.07,466.36,87.92,192.84,1,-1,-1,-1
983,25,854.34,460.14,78.89,174.20,1,-1,-1,-1
983,28,570.82,536.51,117.43,233.66,1,-1,-1,-1
983,31,719.63,477.73,106.14,219.51,1,-1,-1,-1
983,39,979.08,475.22,96.91,218.27,1,-1,-1,-1
983,47,1221.10,504.48,87.27,180.56,1,-1,-1,-1
983,48,851.66,496.82,118.34,175.41,1,-1,-1,-1
983,50,835.50,490.21,91.25,184.72,1,-1,-1,-1
983,53,1124.49,534.19,105.03,200.84,1,-1,-1,-1
983,68,619.16,468.39,91.49,199.51,1,-1,-1,-1
983,69,1103.24,467.23,121.78,252.40,1,-1,-1,-1
983,71,621.06,469.33,89.23,197.51,1,-1,-1,-1
984,10,483.12,510.22,104.50,188.71,1,-1,-1,-1
984,20,1103.33,466.24,85.80,192.70,1,-1,-1,-1
984,25,854.34,460.14,78.89,174.20,1,-1,-1,-1
984,28,570.56,536.71,118.52,233.30,1,-1,-1,-1
984,31,719.20,477.77,106.49,219.77,1,-1,-1,-1
984,39,981.27,475.17,90.95,218.53,1,-1,-1,-1
984,47,1221.66,504.33,86.80,180.91,1,-1,-1,-1
984,48,849.37,492.13,121.29,179.54,1,-1,-1,-1
984,50,836.90,487.10,88.70,185.66,1,-1,-1,-1
984,53,1123.63,533.30,105.87,202.06,1,-1,-1,-1
984,68,619.52,468.38,91.39,199.92,1,-1,-1,-1
984,69,1103.24,467.23,121.78,252.40,1,-1,-1,-1
984,71,621.06,469.33,89.23,197.51,1,-1,-1,-1
985,10,483.28,510.53,104.21,188.20,1,-1,-1,-1
985,20,1104.18,466.71,86.09,193.61,1,-1,-1,-1
985,25,854.34,460.14,78.89,174.20,1,-1,-1,-1
985,28,570.69,536.75,119.39,233.55,1,-1,-1,-1
985,31,719.17,478.17,106.47,219.55,1,-1,-1,-1
985,39,982.77,474.83,87.83,218.37,1,-1,-1,-1
985,47,1222.26,502.96,86.59,182.52,1,-1,-1,-1
985,48,844.66,487.32,124.24,183.69,1,-1,-1,-1
985,50,835.28,487.02,90.84,184.49,1,-1,-1,-1
985,53,1124.07,533.30,105.56,201.96,1,-1,-1,-1
985,68,620.50,468.34,90.58,200.81,1,-1,-1,-1
985,71,621.06,469.33,89.23,197.51,1,-1,-1,-1
986,10,483.48,510.27,104.08,188.82,1,-1,-1,-1
986,20,1103.93,466.51,85.26,193.58,1,-1,-1,-1
986,25,854.34,460.14,78.89,174.20,1,-1,-1,-1
986,28,571.63,536.05,118.11,234.30,1,-1,-1,-1
986,31,719.71,478.20,106.34,219.10,1,-1,-1,-1
986,39,981.90,474.85,88.92,218.20,1,-1,-1,-1
986,47,1222.13,503.21,87.23,182.26,1,-1,-1,-1
986,48,847.32,484.96,120.94,185.97,1,-1,-1,-1
986,50,837.11,485.26,89.76,186.08,1,-1,-1,-1
986,53,1124.19,532.81,106.00,201.73,1,-1,-1,-1
986,68,620.29,468.53,91.25,200.45,1,-1,-1,-1
986,71,621.06,469.33,89.23,197.51,1,-1,-1,-1
987,10,483.19,509.70,104.22,189.59,1,-1,-1,-1
987,20,1103.89,466.95,82.92,193.21,1,-1,-1,-1
987,28,571.40,535.70,117.75,234.31,1,-1,-1,-1
987,31,719.51,478.49,106.85,218.98,1,-1,-1,-1
987,39,981.60,475.67,89.38,217.36,1,-1,-1,-1
987,47,1222.02,502.80,87.89,182.23,1,-1,-1,-1
987,48,851.70,481.10,112.37,190.66,1,-1,-1,-1
987,50,841.38,479.52,76.99,176.98,1,-1,-1,-1
987,53,1124.64,534.27,106.82,200.28,1,-1,-1,-1
987,68,619.97,467.88,91.69,200.50,1,-1,-1,-1
987,71,621.06,469.33,89.23,197.51,1,-1,-1,-1
988,10,482.90,509.86,104.28,189.01,1,-1,-1,-1
988,20,1104.08,467.32,81.90,193.35,1,-1,-1,-1
988,28,570.82,536.55,117.94,233.00,1,-1,-1,-1
988,31,718.93,478.70,107.51,218.52,1,-1,-1,-1
988,39,981.76,475.68,89.06,216.93,1,-1,-1,-1
988,47,1221.44,502.76,88.65,181.87,1,-1,-1,-1
988,48,852.94,480.57,108.02,194.48,1,-1,-1,-1
988,50,843.73,477.77,75.94,175.81,1,-1,-1,-1
988,53,1124.62,534.79,106.68,199.74,1,-1,-1,-1
988,68,619.73,467.23,91.86,201.33,1,-1,-1,-1
989,10,483.61,509.73,103.66,189.12,1,-1,-1,-1
989,20,1104.27,467.27,81.61,193.40,1,-1,-1,-1
989,28,570.76,536.51,118.19,233.88,1,-1,-1,-1
989,31,719.56,478.33,106.56,218.58,1,-1,-1,-1
989,39,981.75,475.50,88.72,217.96,1,-1,-1,-1
989,47,1221.75,502.90,87.99,181.97,1,-1,-1,-1
989,48,853.70,482.10,106.60,194.21,1,-1,-1,-1
989,50,845.70,476.20,72.94,178.71,1,-1,-1,-1
989,53,1124.66,539.61,106.01,194.87,1,-1,-1,-1
989,68,619.02,466.58,92.43,202.23,1,-1,-1,-1
989,71,618.17,467.39,95.13,201.47,1,-1,-1,-1
990,10,483.98,509.45,103.17,189.55,1,-1,-1,-1
990,20,1104.58,467.32,81.07,193.31,1,-1,-1,-1
990,28,570.71,536.67,118.27,233.58,1,-1,-1,-1
990,31,719.46,478.21,106.42,218.72,1,-1,-1,-1
990,39,982.05,475.46,88.37,217.96,1,-1,-1,-1
990,47,1221.60,502.75,88.23,182.35,1,-1,-1,-1
990,48,854.27,482.90,105.91,193.34,1,-1,-1,-1
990,50,846.50,476.65,70.94,173.54,1,-1,-1,-1
990,53,1124.35,537.76,106.24,196.91,1,-1,-1,-1
990,68,619.60,466.76,91.51,201.77,1,-1,-1,-1
990,71,618.17,467.39,95.13,201.47,1,-1,-1,-1
991,10,483.03,509.03,103.15,190.24,1,-1,-1,-1
991,20,1104.68,466.97,80.16,192.13,1,-1,-1,-1
991,28,571.29,538.12,117.55,231.36,1,-1,-1,-1
991,31,718.46,478.36,108.18,218.39,1,-1,-1,-1
991,39,982.40,475.63,87.56,217.15,1,-1,-1,-1
991,47,1223.18,503.63,85.44,182.04,1,-1,-1,-1
991,48,856.66,481.42,102.67,195.94,1,-1,-1,-1
991,50,848.14,467.39,73.07,183.30,1,-1,-1,-1
991,53,1124.54,533.94,104.89,201.06,1,-1,-1,-1
991,68,621.87,467.60,88.77,199.39,1,-1,-1,-1
991,71,618.17,467.39,95.13,201.47,1,-1,-1,-1
992,10,482.56,508.98,103.91,189.84,1,-1,-1,-1
992,20,1104.92,467.00,79.66,192.16,1,-1,-1,-1
992,28,570.28,538.41,118.79,231.01,1,-1,-1,-1
992,31,719.20,478.47,107.09,218.10,1,-1,-1,-1
992,39,982.26,475.37,88.01,217.38,1,-1,-1,-1
992,47,1223.38,503.29,85.00,182.75,1,-1,-1,-1
992,48,857.83,481.27,101.71,195.58,1,-1,-1,-1
992,50,846.75,465.27,73.08,187.31,1,-1,-1,-1
992,53,1125.36,535.29,103.83,199.20,1,-1,-1,-1
992,68,621.58,467.70,88.99,199.16,1,-1,-1,-1
992,71,618.17,467.39,95.13,201.47,1,-1,-1,-1
993,10,483.24,508.93,103.77,189.96,1,-1,-1,-1
993,20,1105.05,467.23,77.76,192.63,1,-1,-1,-1
993,28,567.72,538.16,121.45,231.51,1,-1,-1,-1
993,31,719.57,478.84,106.88,217.33,1,-1,-1,-1
993,39,982.87,475.26,87.51,218.06,1,-1,-1,-1
993,47,1223.06,502.84,85.04,183.25,1,-1,-1,-1
993,48,857.00,481.78,103.00,195.47,1,-1,-1,-1
993,50,846.75,470.56,69.77,176.74,1,-1,-1,-1
993,53,1124.71,534.08,103.74,200.02,1,-1,-1,-1
993,68,622.32,468.00,88.49,198.53,1,-1,-1,-1
993,71,618.17,467.39,95.13,201.47,1,-1,-1,-1
994,10,483.36,509.17,104.00,190.02,1,-1,-1,-1
994,20,1104.81,467.29,76.91,192.55,1,-1,-1,-1
994,25,844.03,482.49,75.26,173.96,1,-1,-1,-1
994,28,567.33,537.25,121.65,232.36,1,-1,-1,-1
994,31,719.32,479.04,107.20,217.28,1,-1,-1,-1
994,39,982.65,475.23,87.85,217.99,1,-1,-1,-1
994,47,1222.81,502.79,85.48,183.27,1,-1,-1,-1
994,48,850.79,482.32,110.06,194.16,1,-1,-1,-1
994,50,845.38,479.71,69.38,171.48,1,-1,-1,-1
994,53,1124.63,535.48,103.69,199.05,1,-1,-1,-1
994,68,622.83,467.89,87.90,198.05,1,-1,-1,-1
994,71,618.17,467.39,95.13,201.47,1,-1,-1,-1
995,10,482.60,509.11,104.68,189.80,1,-1,-1,-1
995,20,1104.76,467.64,77.49,191.88,1,-1,-1,-1
995,25,837.80,467.55,87.08,187.49,1,-1,-1,-1
995,28,568.12,536.34,121.15,233.76,1,-1,-1,-1
995,31,718.90,478.36,107.59,218.05,1,-1,-1,-1
995,39,982.78,475.02,87.63,218.19,1,-1,-1,-1
995,47,1222.69,502.75,85.37,183.62,1,-1,-1,-1
995,48,844.69,480.95,116.68,193.07,1,-1,-1,-1
995,50,845.38,479.71,69.38,171.48,1,-1,-1,-1
995,53,1124.86,534.39,103.90,200.26,1,-1,-1,-1
995,68,622.70,467.76,88.36,198.87,1,-1,-1,-1
996,10,482.73,508.78,103.94,190.42,1,-1,-1,-1
996,20,1105.10,467.61,76.98,191.72,1,-1,-1,-1
996,25,837.08,462.94,90.89,192.00,1,-1,-1,-1
996,28,568.86,535.95,120.30,233.78,1,-1,-1,-1
996,31,718.57,477.96,107.38,219.09,1,-1,-1,-1
996,39,982.95,474.86,87.69,218.41,1,-1,-1,-1
996,47,1222.53,502.90,85.53,183.45,1,-1,-1,-1
996,48,844.60,480.22,117.88,194.25,1,-1,-1,-1
996,50,838.68,480.30,82.18,173.66,1,-1,-1,-1
996,53,1124.71,533.69,103.91,200.75,1,-1,-1,-1
996,68,622.65,467.86,88.38,198.48,1,-1,-1,-1
997,10,483.66,508.72,103.11,190.29,1,-1,-1,-1
997,20,1104.84,467.45,77.21,191.93,1,-1,-1,-1
997,25,836.80,461.11,92.96,195.99,1,-1,-1,-1
997,28,569.46,535.62,119.45,233.39,1,-1,-1,-1
997,31,718.59,478.30,107.32,218.70,1,-1,-1,-1
997,39,982.79,474.57,87.94,218.87,1,-1,-1,-1
997,47,1222.46,502.70,85.92,183.67,1,-1,-1,-1
997,48,859.06,481.20,107.11,193.05,1,-1,-1,-1
997,50,838.68,480.30,82.18,173.66,1,-1,-1,-1
997,53,1124.99,532.83,103.02,201.11,1,-1,-1,-1
997,68,622.36,467.82,88.07,198.77,1,-1,-1,-1
998,10,483.62,508.85,103.18,190.13,1,-1,-1,-1
998,20,1104.68,467.28,77.96,192.01,1,-1,-1,-1
998,25,837.86,461.96,93.00,196.85,1,-1,-1,-1
998,28,569.31,536.01,119.27,232.54,1,-1,-1,-1
998,31,718.09,478.25,108.57,218.79,1,-1,-1,-1
998,39,983.09,474.44,87.64,218.91,1,-1,-1,-1
998,47,1222.11,502.62,86.54,183.88,1,-1,-1,-1
998,48,846.91,479.58,118.40,194.62,1,-1,-1,-1
998,50,838.68,480.30,82.18,173.66,1,-1,-1,-1
998,53,1125.31,532.62,102.97,201.38,1,-1,-1,-1
998,68,622.30,467.44,88.37,199.26,1,-1,-1,-1
999,10,483.45,508.61,103.06,190.22,1,-1,-1,-1
999,20,1104.93,467.25,77.41,192.15,1,-1,-1,-1
999,25,845.20,463.14,78.11,191.40,1,-1,-1,-1
999,28,569.26,535.49,119.92,233.52,1,-1,-1,-1
999,31,718.14,477.96,108.80,219.29,1,-1,-1,-1
999,39,983.04,474.28,87.67,219.66,1,-1,-1,-1
999,47,1221.82,502.78,86.86,183.70,1,-1,-1,-1
999,48,849.40,476.94,117.40,197.47,1,-1,-1,-1
999,50,838.68,480.30,82.18,173.66,1,-1,-1,-1
999,53,1125.40,532.70,102.37,201.22,1,-1,-1,-1
999,68,621.87,467.42,88.86,199.91,1,-1,-1,-1
1000,10,483.28,509.19,103.22,189.81,1,-1,-1,-1
1000,20,1104.96,467.66,77.41,192.24,1,-1,-1,-1
1000,25,846.77,464.60,75.28,190.92,1,-1,-1,-1
1000,28,569.14,534.86,120.10,234.02,1,-1,-1,-1
1000,31,719.24,478.28,107.70,219.40,1,-1,-1,-1
1000,39,983.19,474.49,87.80,219.81,1,-1,-1,-1
1000,47,1221.91,503.05,86.45,183.44,1,-1,-1,-1
1000,48,854.63,475.47,111.96,200.37,1,-1,-1,-1
1000,50,838.68,480.30,82.18,173.66,1,-1,-1,-1
1000,53,1125.27,534.59,102.48,199.26,1,-1,-1,-1
1000,68,622.08,467.58,88.48,200.41,1,-1,-1,-1
1000,71,621.46,468.32,91.29,200.68,1,-1,-1,-1
1001,10,483.46,509.61,103.76,189.23,1,-1,-1,-1
1001,20,1104.75,468.14,77.98,192.11,1,-1,-1,-1
1001,25,845.97,466.83,71.71,185.29,1,-1,-1,-1
1001,28,569.01,536.64,119.87,232.85,1,-1,-1,-1
1001,31,720.09,478.42,106.84,219.44,1,-1,-1,-1
1001,39,982.82,474.14,88.49,219.81,1,-1,-1,-1
1001,47,1222.23,502.35,86.62,184.09,1,-1,-1,-1
1001,48,860.04,473.44,105.59,201.89,1,-1,-1,-1
1001,50,890.56,477.49,72.77,191.04,1,-1,-1,-1
1001,53,1124.28,533.80,103.82,200.34,1,-1,-1,-1
1001,68,621.76,467.68,88.66,200.13,1,-1,-1,-1
1001,71,621.46,468.32,91.29,200.68,1,-1,-1,-1
1002,10,483.80,509.74,103.67,189.68,1,-1,-1,-1
1002,20,1104.91,468.54,77.47,191.75,1,-1,-1,-1
1002,25,844.56,468.65,71.58,185.62,1,-1,-1,-1
1002,28,568.47,537.45,120.54,232.95,1,-1,-1,-1
1002,31,720.95,478.45,105.68,219.38,1,-1,-1,-1
1002,39,982.88,474.09,88.42,219.21,1,-1,-1,-1
1002,47,1222.39,501.96,86.58,184.50,1,-1,-1,-1
1002,48,862.80,473.75,101.60,199.45,1,-1,-1,-1
1002,50,896.02,476.95,70.00,190.32,1,-1,-1,-1
1002,53,1123.98,536.53,104.53,197.86,1,-1,-1,-1
1002,68,621.84,467.65,88.80,200.17,1,-1,-1,-1
1002,71,621.46,468.32,91.29,200.68,1,-1,-1,-1
1003,10,484.57,509.75,102.46,189.37,1,-1,-1,-1
1003,20,1104.58,468.77,77.59,191.17,1,-1,-1,-1
1003,25,844.63,469.51,70.75,180.61,1,-1,-1,-1
1003,28,568.27,536.63,120.34,233.12,1,-1,-1,-1
1003,31,719.59,478.59,106.89,218.87,1,-1,-1,-1
1003,39,982.67,474.55,88.08,218.50,1,-1,-1,-1
1003,47,1221.60,502.01,87.51,184.37,1,-1,-1,-1
1003,48,864.23,479.56,98.11,193.96,1,-1,-1,-1
1003,50,897.82,480.47,65.87,180.64,1,-1,-1,-1
1003,53,1124.01,535.21,104.43,199.51,1,-1,-1,-1
1003,68,621.35,467.29,89.48,200.46,1,-1,-1,-1
1003,71,621.46,468.32,91.29,200.68,1,-1,-1,-1
1004,10,485.03,510.99,101.21,187.81,1,-1,-1,-1
1004,20,1104.61,468.65,77.79,191.58,1,-1,-1,-1
1004,25,845.90,467.51,72.02,187.52,1,-1,-1,-1
1004,28,568.47,536.18,119.92,232.94,1,-1,-1,-1
1004,31,719.50,478.66,107.17,219.00,1,-1,-1,-1
1004,39,982.88,474.80,87.87,218.25,1,-1,-1,-1
1004,47,1221.72,502.32,87.10,183.85,1,-1,-1,-1
1004,48,864.21,480.41,97.18,192.70,1,-1,-1,-1
1004,50,897.82,480.47,65.87,180.64,1,-1,-1,-1
1004,53,1124.49,535.43,104.38,199.25,1,-1,-1,-1
1004,68,621.30,467.39,89.41,200.50,1,-1,-1,-1
1004,71,621.46,468.32,91.29,200.68,1,-1,-1,-1
1005,10,485.12,511.96,100.75,187.41,1,-1,-1,-1
1005,20,1104.90,469.13,77.24,191.20,1,-1,-1,-1
1005,25,845.00,482.71,68.44,176.95,1,-1,-1,-1
1005,28,569.33,535.60,119.12,234.54,1,-1,-1,-1
1005,31,720.35,478.86,106.05,218.86,1,-1,-1,-1
1005,39,982.95,474.83,87.57,217.92,1,-1,-1,-1
1005,47,1222.06,501.91,86.72,184.37,1,-1,-1,-1
1005,48,863.10,480.63,95.87,193.12,1,-1,-1,-1
1005,50,858.44,468.82,60.76,178.78,1,-1,-1,-1
1005,53,1124.52,535.61,103.42,199.04,1,-1,-1,-1
1005,68,621.39,467.15,89.13,201.47,1,-1,-1,-1
1005,71,621.46,468.32,91.29,200.68,1,-1,-1,-1
1006,10,485.16,512.23,100.61,187.09,1,-1,-1,-1
1006,20,1104.82,469.22,77.24,190.82,1,-1,-1,-1
1006,25,845.00,482.71,68.44,176.95,1,-1,-1,-1
1006,28,568.64,534.26,120.61,236.28,1,-1,-1,-1
1006,31,720.12,478.68,106.34,218.64,1,-1,-1,-1
1006,39,983.14,474.77,87.42,217.64,1,-1,-1,-1
1006,47,1222.34,502.59,86.54,183.64,1,-1,-1,-1
1006,48,863.42,479.06,95.17,194.68,1,-1,-1,-1
1006,50,858.44,468.82,60.76,178.78,1,-1,-1,-1
1006,53,1124.76,535.07,102.82,199.15,1,-1,-1,-1
1006,68,621.65,467.19,88.74,201.34,1,-1,-1,-1
1007,10,484.31,507.18,101.82,191.92,1,-1,-1,-1
1007,20,1104.90,469.59,77.47,191.13,1,-1,-1,-1
1007,25,845.00,482.71,68.44,176.95,1,-1,-1,-1
1007,28,567.51,540.24,121.84,230.63,1,-1,-1,-1
1007,31,721.10,483.94,104.71,213.63,1,-1,-1,-1
1007,39,983.22,474.77,87.69,217.86,1,-1,-1,-1
1007,47,1221.75,502.11,87.30,184.06,1,-1,-1,-1
1007,48,864.21,474.47,87.10,196.70,1,-1,-1,-1
1007,50,849.93,476.17,59.03,168.03,1,-1,-1,-1
1007,53,1123.75,532.79,104.26,201.61,1,-1,-1,-1
1007,68,621.55,467.74,88.87,201.50,1,-1,-1,-1
1008,10,484.13,508.20,102.69,190.67,1,-1,-1,-1
1008,20,1104.90,469.10,77.76,191.77,1,-1,-1,-1
1008,25,848.56,476.59,62.65,166.15,1,-1,-1,-1
1008,28,566.61,551.02,122.76,219.63,1,-1,-1,-1
1008,31,721.72,483.35,104.49,215.04,1,-1,-1,-1
1008,39,983.27,474.37,87.76,218.52,1,-1,-1,-1
1008,47,1221.76,502.65,87.22,183.87,1,-1,-1,-1
1008,48,861.84,471.71,85.58,199.03,1,-1,-1,-1
1008,50,849.93,476.17,59.03,168.03,1,-1,-1,-1
1008,53,1123.17,533.48,105.29,201.15,1,-1,-1,-1
1008,68,622.03,467.09,88.82,202.90,1,-1,-1,-1
1009,10,484.44,509.43,104.23,189.75,1,-1,-1,-1
1009,20,1104.47,467.85,78.90,192.83,1,-1,-1,-1
1009,25,848.56,476.59,62.65,166.15,1,-1,-1,-1
1009,28,566.91,552.52,121.92,218.07,1,-1,-1,-1
1009,31,721.50,483.33,104.64,214.91,1,-1,-1,-1
1009,39,983.32,473.63,88.31,219.99,1,-1,-1,-1
1009,47,1221.65,502.32,87.18,184.49,1,-1,-1,-1
1009,48,865.77,472.12,80.22,201.58,1,-1,-1,-1
1009,50,849.93,476.17,59.03,168.03,1,-1,-1,-1
1009,53,1122.44,528.16,106.87,207.11,1,-1,-1,-1
1009,68,622.82,466.63,87.74,203.01,1,-1,-1,-1
1010,10,484.71,509.58,104.60,189.32,1,-1,-1,-1
1010,20,1104.06,467.46,79.49,193.15,1,-1,-1,-1
1010,25,848.56,476.59,62.65,166.15,1,-1,-1,-1
1010,28,568.06,555.18,120.65,215.24,1,-1,-1,-1
1010,31,721.54,483.14,104.82,215.30,1,-1,-1,-1
1010,39,983.22,474.16,88.79,219.77,1,-1,-1,-1
1010,47,1221.44,502.64,87.32,184.09,1,-1,-1,-1
1010,48,866.18,473.69,80.20,197.76,1,-1,-1,-1
1010,50,849.93,476.17,59.03,168.03,1,-1,-1,-1
1010,53,1121.82,527.79,107.56,207.86,1,-1,-1,-1
1010,68,622.51,466.17,88.16,204.51,1,-1,-1,-1
1011,10,485.52,512.34,102.37,187.41,1,-1,-1,-1
1011,20,1104.58,465.75,78.89,194.61,1,-1,-1,-1
1011,25,848.56,476.59,62.65,166.15,1,-1,-1,-1
1011,28,567.61,554.26,121.03,215.61,1,-1,-1,-1
1011,31,719.44,483.39,106.54,214.73,1,-1,-1,-1
1011,39,982.94,474.37,88.16,219.29,1,-1,-1,-1
1011,47,1221.94,502.26,86.37,184.25,1,-1,-1,-1
1011,48,855.25,482.32,90.28,190.58,1,-1,-1,-1
1011,50,849.93,476.17,59.03,168.03,1,-1,-1,-1
1011,53,1121.79,530.38,106.16,204.86,1,-1,-1,-1
1011,68,622.93,465.59,87.67,203.78,1,-1,-1,-1
1012,10,484.18,514.70,102.96,184.30,1,-1,-1,-1
1012,20,1105.13,464.83,77.58,195.91,1,-1,-1,-1
1012,25,848.56,476.59,62.65,166.15,1,-1,-1,-1
1012,28,566.85,551.60,122.43,218.65,1,-1,-1,-1
1012,31,719.77,481.95,106.38,216.37,1,-1,-1,-1
1012,39,982.90,474.42,88.20,219.84,1,-1,-1,-1
1012,47,1221.90,502.13,86.47,184.25,1,-1,-1,-1
1012,48,847.45,486.96,95.64,183.95,1,-1,-1,-1
1012,50,849.93,476.17,59.03,168.03,1,-1,-1,-1
1012,53,1121.90,531.99,106.08,202.84,1,-1,-1,-1
1012,68,622.31,464.55,87.97,203.95,1,-1,-1,-1
1013,10,477.53,518.03,106.33,179.66,1,-1,-1,-1
1013,20,1105.99,464.64,77.01,196.57,1,-1,-1,-1
1013,25,848.56,476.59,62.65,166.15,1,-1,-1,-1
1013,28,564.76,550.49,124.24,219.78,1,-1,-1,-1
1013,31,724.08,480.32,102.26,218.31,1,-1,-1,-1
1013,39,982.48,474.24,88.70,220.57,1,-1,-1,-1
1013,47,1221.85,501.49,86.60,185.26,1,-1,-1,-1
1013,48,847.89,477.70,93.56,196.63,1,-1,-1,-1
1013,53,1121.26,532.83,107.92,202.04,1,-1,-1,-1
1013,68,620.93,465.63,90.35,202.24,1,-1,-1,-1
1014,10,476.39,519.92,109.06,177.45,1,-1,-1,-1
1014,20,1106.49,464.66,76.69,196.22,1,-1,-1,-1
1014,28,561.84,546.38,127.42,225.07,1,-1,-1,-1
1014,31,728.19,480.55,97.81,218.50,1,-1,-1,-1
1014,39,983.06,474.31,88.09,220.01,1,-1,-1,-1
1014,47,1221.41,501.54,86.80,184.67,1,-1,-1,-1
1014,48,854.94,473.56,86.35,201.33,1,-1,-1,-1
1014,53,1119.37,534.40,110.00,200.08,1,-1,-1,-1
1014,68,618.28,468.11,94.39,201.73,1,-1,-1,-1
1015,10,466.81,516.98,118.54,177.95,1,-1,-1,-1
1015,20,1106.01,467.02,79.05,194.11,1,-1,-1,-1
1015,28,549.83,554.08,137.04,214.68,1,-1,-1,-1
1015,31,722.77,480.68,103.27,216.92,1,-1,-1,-1
1015,39,982.42,472.03,90.36,221.14,1,-1,-1,-1
1015,47,1221.16,502.85,87.46,183.12,1,-1,-1,-1
1015,48,855.65,465.50,91.62,210.52,1,-1,-1,-1
1015,53,1121.00,537.50,110.98,198.06,1,-1,-1,-1
1015,68,618.97,469.38,94.55,200.18,1,-1,-1,-1
1016,10,461.51,513.67,127.98,182.86,1,-1,-1,-1
1016,20,1105.99,467.78,79.82,193.33,1,-1,-1,-1
1016,28,540.62,557.39,146.73,212.85,1,-1,-1,-1
1016,31,717.67,479.96,108.85,217.89,1,-1,-1,-1
1016,39,982.00,471.84,93.42,221.06,1,-1,-1,-1
1016,47,1221.92,502.51,86.59,183.36,1,-1,-1,-1
1016,48,853.70,465.44,97.91,209.63,1,-1,-1,-1
1016,53,1121.67,537.21,112.25,198.55,1,-1,-1,-1
1016,68,617.72,470.09,96.54,198.24,1,-1,-1,-1
1017,10,459.69,511.01,130.09,186.98,1,-1,-1,-1
1017,20,1103.15,468.55,87.57,190.22,1,-1,-1,-1
1017,28,538.12,556.45,149.54,215.46,1,-1,-1,-1
1017,31,696.80,483.91,131.12,211.96,1,-1,-1,-1
1017,39,982.04,468.44,101.08,224.11,1,-1,-1,-1
1017,47,1222.78,506.42,86.94,179.72,1,-1,-1,-1
1017,48,837.55,461.01,136.00,217.50,1,-1,-1,-1
1017,53,1122.64,533.66,110.70,200.87,1,-1,-1,-1
1017,68,609.93,470.26,103.11,192.34,1,-1,-1,-1
1018,10,458.34,511.79,127.01,185.95,1,-1,-1,-1
1018,20,1103.34,467.90,101.67,189.53,1,-1,-1,-1
1018,28,535.64,562.16,151.83,211.40,1,-1,-1,-1
1018,31,686.94,485.41,141.06,212.74,1,-1,-1,-1
1018,39,980.57,470.31,111.30,221.28,1,-1,-1,-1
1018,47,1220.39,508.46,90.02,176.82,1,-1,-1,-1
1018,48,825.67,457.99,159.71,224.81,1,-1,-1,-1
1018,53,1122.23,532.91,113.10,203.29,1,-1,-1,-1
1018,68,601.07,472.80,113.85,188.86,1,-1,-1,-1
1019,10,456.87,523.45,121.00,171.61,1,-1,-1,-1
1019,20,1105.00,467.09,98.40,189.93,1,-1,-1,-1
1019,25,813.67,465.31,189.50,219.43,1,-1,-1,-1
1019,28,534.67,576.01,152.14,197.34,1,-1,-1,-1
1019,31,682.57,494.62,145.05,203.96,1,-1,-1,-1
1019,39,981.35,478.59,122.77,212.53,1,-1,-1,-1
1019,47,1217.09,507.32,97.36,178.77,1,-1,-1,-1
1019,48,966.20,478.91,126.18,211.23,1,-1,-1,-1
1019,53,1122.91,532.95,115.01,204.85,1,-1,-1,-1
1019,68,593.92,475.08,122.10,189.29,1,-1,-1,-1
1019,69,1102.75,468.75,105.14,192.88,1,-1,-1,-1
1020,10,455.59,528.10,119.81,165.48,1,-1,-1,-1
1020,20,1103.86,467.66,104.03,186.34,1,-1,-1,-1
1020,25,802.91,469.91,206.44,220.76,1,-1,-1,-1
1020,28,531.49,585.87,153.78,186.92,1,-1,-1,-1
1020,31,680.62,499.67,147.78,200.19,1,-1,-1,-1
1020,39,979.85,484.83,127.08,205.63,1,-1,-1,-1
1020,47,1216.81,507.73,100.60,178.69,1,-1,-1,-1
1020,48,966.20,478.91,126.18,211.23,1,-1,-1,-1
1020,53,1124.25,531.87,116.60,207.87,1,-1,-1,-1
1020,68,594.86,477.91,120.27,185.55,1,-1,-1,-1
1020,69,1102.75,468.75,105.14,192.88,1,-1,-1,-1
1021,10,453.30,538.47,119.41,155.42,1,-1,-1,-1
1021,20,1102.74,469.05,110.69,190.31,1,-1,-1,-1
1021,25,795.13,475.98,213.44,220.10,1,-1,-1,-1
1021,28,532.29,591.67,145.63,180.35,1,-1,-1,-1
1021,31,681.20,516.05,146.85,185.34,1,-1,-1,-1
1021,39,979.17,497.16,131.01,192.40,1,-1,-1,-1
1021,47,1210.62,509.20,110.30,177.99,1,-1,-1,-1
1021,48,966.20,478.91,126.18,211.23,1,-1,-1,-1
1021,53,1122.32,544.33,122.50,194.01,1,-1,-1,-1
1021,68,594.07,482.16,118.67,186.86,1,-1,-1,-1
1021,69,1102.75,468.75,105.14,192.88,1,-1,-1,-1
1022,10,451.56,546.87,117.31,148.44,1,-1,-1,-1
1022,20,1102.68,472.09,115.70,183.69,1,-1,-1,-1
1022,25,794.20,481.01,215.24,215.87,1,-1,-1,-1
1022,28,528.38,593.75,148.09,178.48,1,-1,-1,-1
1022,31,680.46,523.82,147.96,178.47,1,-1,-1,-1
1022,39,977.94,510.63,133.17,178.78,1,-1,-1,-1
1022,47,1204.80,518.97,117.09,169.78,1,-1,-1,-1
1022,48,966.20,478.91,126.18,211.23,1,-1,-1,-1
1022,53,1121.68,548.80,126.14,190.17,1,-1,-1,-1
1022,68,592.51,481.77,117.55,185.76,1,-1,-1,-1
1022,69,1102.75,468.75,105.14,192.88,1,-1,-1,-1
1023,10,451.39,550.56,117.75,145.65,1,-1,-1,-1
1023,20,1102.95,477.35,113.80,182.52,1,-1,-1,-1
1023,25,796.55,482.60,202.81,216.09,1,-1,-1,-1
1023,28,527.73,598.80,149.72,173.99,1,-1,-1,-1
1023,31,680.14,535.10,147.14,166.64,1,-1,-1,-1
1023,39,976.77,526.84,135.26,163.41,1,-1,-1,-1
1023,47,1198.14,528.44,124.02,161.74,1,-1,-1,-1
1023,48,966.20,478.91,126.18,211.23,1,-1,-1,-1
1023,53,1122.19,557.85,129.78,181.15,1,-1,-1,-1
1023,68,591.48,494.82,120.89,177.17,1,-1,-1,-1
1023,69,1102.75,468.75,105.14,192.88,1,-1,-1,-1
1024,10,451.15,552.58,120.76,141.77,1,-1,-1,-1
1024,20,1105.73,482.62,116.57,175.37,1,-1,-1,-1
1024,25,804.15,484.20,175.53,214.69,1,-1,-1,-1
1024,28,529.86,601.45,147.72,171.24,1,-1,-1,-1
1024,31,680.17,540.23,147.07,161.86,1,-1,-1,-1
1024,39,976.91,536.10,133.38,156.43,1,-1,-1,-1
1024,47,1179.50,538.14,144.12,164.12,1,-1,-1,-1
1024,48,966.20,478.91,126.18,211.23,1,-1,-1,-1
1024,53,1122.46,560.96,139.34,177.27,1,-1,-1,-1
1024,68,592.27,501.28,117.78,173.38,1,-1,-1,-1
1024,69,1102.75,468.75,105.14,192.88,1,-1,-1,-1
1024,72,1124.10,558.25,125.82,178.50,1,-1,-1,-1
1025,10,449.92,558.54,129.61,137.27,1,-1,-1,-1
1025,20,1105.67,491.13,118.22,168.77,1,-1,-1,-1
1025,25,825.36,489.06,129.12,211.23,1,-1,-1,-1
1025,28,532.78,605.80,144.54,169.18,1,-1,-1,-1
1025,31,680.50,542.90,146.57,158.58,1,-1,-1,-1
1025,39,976.58,547.79,133.29,145.31,1,-1,-1,-1
1025,47,1179.50,538.14,144.12,164.12,1,-1,-1,-1
1025,53,1122.46,560.96,139.34,177.27,1,-1,-1,-1
1025,68,593.67,508.81,112.45,159.96,1,-1,-1,-1
1025,72,1123.83,563.78,126.90,173.14,1,-1,-1,-1
1026,10,453.14,564.76,128.55,131.16,1,-1,-1,-1
1026,20,1105.71,494.06,120.86,166.39,1,-1,-1,-1
1026,25,840.16,491.05,101.43,211.11,1,-1,-1,-1
1026,28,534.52,604.32,142.30,170.31,1,-1,-1,-1
1026,31,680.47,543.81,146.75,156.25,1,-1,-1,-1
1026,39,977.69,549.85,131.35,143.11,1,-1,-1,-1
1026,47,1186.39,548.40,129.52,145.79,1,-1,-1,-1
1026,53,1122.46,560.96,139.34,177.27,1,-1,-1,-1
1026,68,593.70,513.69,110.43,152.24,1,-1,-1,-1
1026,72,1124.57,567.63,121.65,169.12,1,-1,-1,-1
1027,10,458.82,575.76,123.72,117.80,1,-1,-1,-1
1027,20,1105.59,497.95,119.27,161.39,1,-1,-1,-1
1027,25,848.84,489.52,90.78,214.28,1,-1,-1,-1
1027,28,535.93,605.91,139.31,168.91,1,-1,-1,-1
1027,31,680.54,543.68,146.29,156.48,1,-1,-1,-1
1027,39,975.52,548.19,130.58,144.91,1,-1,-1,-1
1027,47,1179.05,551.13,133.05,168.16,1,-1,-1,-1
1027,53,1122.46,560.96,139.34,177.27,1,-1,-1,-1
1027,68,595.77,519.63,109.00,143.24,1,-1,-1,-1
1027,72,1124.24,576.50,116.29,159.68,1,-1,-1,-1
1028,10,459.97,578.94,122.52,111.72,1,-1,-1,-1
1028,20,1105.91,499.07,113.18,156.25,1,-1,-1,-1
1028,25,848.41,487.49,93.13,217.87,1,-1,-1,-1
1028,28,537.71,605.45,137.91,168.98,1,-1,-1,-1
1028,31,680.56,543.58,146.85,156.31,1,-1,-1,-1
1028,39,974.82,557.93,132.07,135.35,1,-1,-1,-1
1028,47,1177.01,552.77,133.65,153.93,1,-1,-1,-1
1028,53,1122.46,560.96,139.34,177.27,1,-1,-1,-1
1028,68,595.47,520.50,106.98,141.44,1,-1,-1,-1
1028,72,1124.39,581.70,113.53,154.16,1,-1,-1,-1
1029,10,459.97,578.94,122.52,111.72,1,-1,-1,-1
1029,20,1106.51,504.79,108.14,154.72,1,-1,-1,-1
1029,25,839.27,485.85,96.78,219.31,1,-1,-1,-1
1029,28,539.10,600.28,137.08,173.76,1,-1,-1,-1
1029,31,683.96,543.85,143.97,155.55,1,-1,-1,-1
1029,39,972.36,556.33,136.51,137.33,1,-1,-1,-1
1029,47,1214.47,553.03,96.93,133.01,1,-1,-1,-1
1029,50,871.28,492.86,70.48,150.55,1,-1,-1,-1
1029,53,1122.46,560.96,139.34,177.27,1,-1,-1,-1
1029,68,598.33,520.27,109.41,144.22,1,-1,-1,-1
1029,72,1123.36,591.02,112.58,146.57,1,-1,-1,-1
1030,10,465.32,578.35,98.46,97.43,1,-1,-1,-1
1030,20,1104.92,526.51,90.10,135.47,1,-1,-1,-1
1030,25,836.97,486.19,98.16,218.63,1,-1,-1,-1
1030,28,537.74,600.18,139.50,174.48,1,-1,-1,-1
1030,31,683.96,539.53,144.03,161.87,1,-1,-1,-1
1030,39,973.19,564.75,131.38,129.64,1,-1,-1,-1
1030,47,1214.99,548.39,94.57,137.30,1,-1,-1,-1
1030,48,975.32,547.34,110.42,143.28,1,-1,-1,-1
1030,50,880.04,496.73,64.39,146.98,1,-1,-1,-1
1030,53,1107.58,513.94,108.42,163.70,1,-1,-1,-1
1030,68,598.55,516.07,107.74,149.92,1,-1,-1,-1
1030,69,1123.52,506.33,90.30,160.59,1,-1,-1,-1
1030,71,677.91,532.24,138.43,164.69,1,-1,-1,-1
1030,72,1124.21,591.83,111.19,146.46,1,-1,-1,-1
1031,10,460.23,568.67,116.95,127.08,1,-1,-1,-1
1031,20,1104.92,526.51,90.10,135.47,1,-1,-1,-1
1031,25,823.97,488.04,106.02,221.81,1,-1,-1,-1
1031,28,539.85,590.00,139.19,185.56,1,-1,-1,-1
1031,31,685.74,535.69,141.82,166.57,1,-1,-1,-1
1031,39,971.63,551.26,133.77,142.08,1,-1,-1,-1
1031,47,1198.72,540.87,112.51,146.53,1,-1,-1,-1
1031,48,975.32,547.34,110.42,143.28,1,-1,-1,-1
1031,50,883.02,498.58,61.00,147.29,1,-1,-1,-1
1031,53,1122.15,513.50,90.36,156.09,1,-1,-1,-1
1031,68,605.23,503.50,100.87,162.70,1,-1,-1,-1
1031,69,1123.52,506.33,90.30,160.59,1,-1,-1,-1
1031,71,677.91,532.24,138.43,164.69,1,-1,-1,-1
1031,72,1123.93,577.96,117.25,159.94,1,-1,-1,-1
1032,10,459.16,558.83,121.89,138.64,1,-1,-1,-1
1032,20,1104.92,526.51,90.10,135.47,1,-1,-1,-1
1032,25,823.65,489.83,108.73,221.44,1,-1,-1,-1
1032,28,540.97,587.96,134.39,186.98,1,-1,-1,-1
1032,31,685.80,527.84,142.26,173.31,1,-1,-1,-1
1032,39,971.05,546.66,128.23,145.53,1,-1,-1,-1
1032,47,1204.43,536.43,106.95,148.26,1,-1,-1,-1
1032,48,975.32,547.34,110.42,143.28,1,-1,-1,-1
1032,50,882.48,498.40,60.17,146.64,1,-1,-1,-1
1032,53,1110.89,511.56,98.19,158.59,1,-1,-1,-1
1032,68,605.28,495.39,104.28,171.83,1,-1,-1,-1
1032,69,1123.52,506.33,90.30,160.59,1,-1,-1,-1
1032,71,677.91,532.24,138.43,164.69,1,-1,-1,-1
1032,72,1121.94,571.08,117.90,167.90,1,-1,-1,-1
1033,10,459.16,558.83,121.89,138.64,1,-1,-1,-1
1033,20,1104.92,526.51,90.10,135.47,1,-1,-1,-1
1033,25,823.15,503.56,103.68,214.86,1,-1,-1,-1
1033,28,542.18,566.78,132.26,207.09,1,-1,-1,-1
1033,31,686.67,515.10,142.59,185.53,1,-1,-1,-1
1033,39,970.66,533.84,135.35,160.27,1,-1,-1,-1
1033,47,1214.37,521.73,97.27,163.60,1,-1,-1,-1
1033,48,975.32,547.34,110.42,143.28,1,-1,-1,-1
1033,50,880.38,497.10,61.73,146.65,1,-1,-1,-1
1033,53,1106.02,504.96,105.04,153.78,1,-1,-1,-1
1033,68,609.79,482.34,104.35,182.58,1,-1,-1,-1
1033,69,1123.52,506.33,90.30,160.59,1,-1,-1,-1
1033,71,677.91,532.24,138.43,164.69,1,-1,-1,-1
1033,72,1123.53,543.43,113.01,194.42,1,-1,-1,-1
1034,10,459.16,558.83,121.89,138.64,1,-1,-1,-1
1034,20,1104.92,526.51,90.10,135.47,1,-1,-1,-1
1034,25,818.34,509.28,109.22,211.85,1,-1,-1,-1
1034,28,543.27,558.65,130.97,214.49,1,-1,-1,-1
1034,31,693.26,511.12,134.60,188.64,1,-1,-1,-1
1034,39,970.21,519.99,135.30,173.19,1,-1,-1,-1
1034,47,1211.78,512.83,98.84,173.45,1,-1,-1,-1
1034,48,975.32,547.34,110.42,143.28,1,-1,-1,-1
1034,50,877.97,493.89,65.77,150.68,1,-1,-1,-1
1034,53,1103.53,502.34,105.77,155.43,1,-1,-1,-1
1034,68,611.97,478.39,100.69,182.44,1,-1,-1,-1
1034,69,1112.28,500.50,99.61,189.78,1,-1,-1,-1
1034,70,462.02,525.22,123.38,174.93,1,-1,-1,-1
1034,71,677.91,532.24,138.43,164.69,1,-1,-1,-1
1034,72,1123.77,540.33,108.17,195.73,1,-1,-1,-1
1035,10,459.16,558.83,121.89,138.64,1,-1,-1,-1
1035,20,1103.61,510.58,85.27,148.50,1,-1,-1,-1
1035,25,829.93,512.32,87.94,210.10,1,-1,-1,-1
1035,28,547.95,543.90,118.16,229.32,1,-1,-1,-1
1035,31,713.89,504.51,111.42,193.03,1,-1,-1,-1
1035,39,972.44,505.46,133.45,185.09,1,-1,-1,-1
1035,47,1213.59,506.10,92.93,178.36,1,-1,-1,-1
1035,48,975.32,547.34,110.42,143.28,1,-1,-1,-1
1035,50,877.97,493.89,65.77,150.68,1,-1,-1,-1
1035,53,1103.12,490.77,100.83,165.42,1,-1,-1,-1
1035,68,610.29,475.08,97.13,185.73,1,-1,-1,-1
1035,69,1113.67,487.20,88.56,173.08,1,-1,-1,-1
1035,70,464.63,501.83,111.18,189.46,1,-1,-1,-1
1035,71,677.91,532.24,138.43,164.69,1,-1,-1,-1
1035,72,1127.21,530.30,94.07,201.25,1,-1,-1,-1
1036,10,459.16,558.83,121.89,138.64,1,-1,-1,-1
1036,20,1103.61,510.58,85.27,148.50,1,-1,-1,-1
1036,25,837.34,509.29,82.13,215.38,1,-1,-1,-1
1036,28,557.06,536.92,100.21,233.49,1,-1,-1,-1
1036,31,720.24,497.80,101.62,196.85,1,-1,-1,-1
1036,39,974.11,496.96,128.54,191.84,1,-1,-1,-1
1036,47,1214.86,503.26,87.66,180.54,1,-1,-1,-1
1036,50,870.97,472.34,77.52,169.18,1,-1,-1,-1
1036,53,1103.38,480.11,96.96,176.79,1,-1,-1,-1
1036,68,609.56,474.70,94.34,188.81,1,-1,-1,-1
1036,69,1113.71,477.61,87.40,178.81,1,-1,-1,-1
1036,70,467.47,498.80,102.38,192.58,1,-1,-1,-1
1036,72,1133.25,529.28,86.85,199.38,1,-1,-1,-1
1037,10,459.16,558.83,121.89,138.64,1,-1,-1,-1
1037,20,1103.61,510.58,85.27,148.50,1,-1,-1,-1
1037,25,838.57,499.85,88.02,225.57,1,-1,-1,-1
1037,28,561.93,536.54,82.25,224.47,1,-1,-1,-1
1037,31,714.36,488.07,111.00,206.65,1,-1,-1,-1
1037,39,984.98,493.48,98.30,193.77,1,-1,-1,-1
1037,47,1210.01,502.31,97.04,182.04,1,-1,-1,-1
1037,50,873.53,470.71,75.56,173.18,1,-1,-1,-1
1037,53,1103.38,480.11,96.96,176.79,1,-1,-1,-1
1037,68,610.73,484.79,88.89,176.26,1,-1,-1,-1
1037,69,1112.17,469.67,87.11,189.26,1,-1,-1,-1
1037,70,477.47,494.46,86.09,195.61,1,-1,-1,-1
1037,72,1123.47,533.25,93.29,199.05,1,-1,-1,-1
1038,20,1103.61,510.58,85.27,148.50,1,-1,-1,-1
1038,25,839.70,498.72,88.82,221.60,1,-1,-1,-1
1038,28,553.33,540.13,87.67,217.14,1,-1,-1,-1
1038,31,716.35,486.14,105.48,207.80,1,-1,-1,-1
1038,39,988.94,492.36,90.43,192.64,1,-1,-1,-1
1038,47,1216.81,502.42,89.40,185.22,1,-1,-1,-1
1038,50,875.47,471.74,71.62,173.02,1,-1,-1,-1
1038,53,1115.13,470.87,86.01,184.83,1,-1,-1,-1
1038,68,609.79,487.97,88.30,173.00,1,-1,-1,-1
1038,69,1115.29,468.27,87.63,195.62,1,-1,-1,-1
1038,70,481.65,495.42,77.09,188.04,1,-1,-1,-1
1038,72,1128.13,536.71,95.13,195.39,1,-1,-1,-1
1039,20,1103.61,510.58,85.27,148.50,1,-1,-1,-1
1039,25,842.25,503.05,88.32,220.00,1,-1,-1,-1
1039,28,554.18,545.92,86.28,213.61,1,-1,-1,-1
1039,31,719.17,486.40,102.38,210.55,1,-1,-1,-1
1039,39,988.94,492.36,90.43,192.64,1,-1,-1,-1
1039,47,1221.16,511.55,82.96,173.86,1,-1,-1,-1
1039,50,876.04,471.21,64.91,173.88,1,-1,-1,-1
1039,53,1115.13,470.87,86.01,184.83,1,-1,-1,-1
1039,68,617.13,490.38,79.52,169.99,1,-1,-1,-1
1039,69,1115.31,468.36,87.07,195.43,1,-1,-1,-1
1039,70,485.41,510.05,79.18,178.08,1,-1,-1,-1
1039,72,1118.51,546.90,101.51,182.02,1,-1,-1,-1
1040,20,1103.61,510.58,85.27,148.50,1,-1,-1,-1
1040,25,843.45,505.29,89.05,219.31,1,-1,-1,-1
1040,28,558.23,550.37,78.20,209.97,1,-1,-1,-1
1040,31,722.35,487.64,100.42,208.65,1,-1,-1,-1
1040,39,988.94,492.36,90.43,192.64,1,-1,-1,-1
1040,47,1221.05,516.82,79.80,167.88,1,-1,-1,-1
1040,50,874.53,473.40,64.38,172.94,1,-1,-1,-1
1040,53,1115.13,470.87,86.01,184.83,1,-1,-1,-1
1040,68,616.91,491.59,79.16,170.07,1,-1,-1,-1
1040,69,1112.08,472.45,89.78,191.83,1,-1,-1,-1
1040,70,483.49,515.44,85.43,174.00,1,-1,-1,-1
1040,72,1113.11,548.49,106.87,176.04,1,-1,-1,-1
1040,74,983.17,495.95,103.10,193.93,1,-1,-1,-1
1041,25,850.24,515.62,82.30,212.06,1,-1,-1,-1
1041,28,556.66,555.17,82.06,206.80,1,-1,-1,-1
1041,31,720.41,484.08,100.90,213.18,1,-1,-1,-1
1041,39,988.94,492.36,90.43,192.64,1,-1,-1,-1
1041,47,1203.73,520.65,93.84,165.48,1,-1,-1,-1
1041,50,867.36,464.94,77.19,198.68,1,-1,-1,-1
1041,53,1115.13,470.87,86.01,184.83,1,-1,-1,-1
1041,68,615.10,487.45,81.77,175.69,1,-1,-1,-1
1041,69,1107.49,477.92,92.72,191.94,1,-1,-1,-1
1041,70,479.34,519.72,98.17,161.20,1,-1,-1,-1
1041,72,1108.94,542.06,108.56,192.09,1,-1,-1,-1
1041,74,982.32,494.90,97.68,195.77,1,-1,-1,-1
1042,25,849.04,513.12,85.08,213.03,1,-1,-1,-1
1042,28,551.72,556.21,91.72,205.66,1,-1,-1,-1
1042,31,713.13,485.15,110.06,211.73,1,-1,-1,-1
1042,39,988.94,492.36,90.43,192.64,1,-1,-1,-1
1042,47,1194.21,516.87,107.15,169.22,1,-1,-1,-1
1042,50,866.07,465.70,77.98,193.10,1,-1,-1,-1
1042,53,1115.13,470.87,86.01,184.83,1,-1,-1,-1
1042,68,614.06,485.38,86.48,178.70,1,-1,-1,-1
1042,69,1105.95,477.40,96.46,187.04,1,-1,-1,-1
1042,70,478.67,517.17,97.72,159.97,1,-1,-1,-1
1042,72,1134.44,534.53,92.50,200.20,1,-1,-1,-1
1042,74,980.29,491.03,101.87,199.16,1,-1,-1,-1
1042,75,864.12,462.11,78.56,193.46,1,-1,-1,-1
1043,25,841.61,502.54,95.26,224.28,1,-1,-1,-1
1043,28,537.22,540.99,102.12,220.25,1,-1,-1,-1
1043,31,692.79,487.75,119.03,210.80,1,-1,-1,-1
1043,39,988.94,492.36,90.43,192.64,1,-1,-1,-1
1043,47,1213.80,509.09,112.61,172.12,1,-1,-1,-1
1043,50,866.07,465.70,77.98,193.10,1,-1,-1,-1
1043,53,1113.41,469.30,93.52,195.52,1,-1,-1,-1
1043,68,613.83,477.14,80.17,182.15,1,-1,-1,-1
1043,69,1110.52,472.16,93.31,188.14,1,-1,-1,-1
1043,70,475.93,514.04,106.09,168.80,1,-1,-1,-1
1043,72,1143.03,527.84,93.96,206.82,1,-1,-1,-1
1043,74,994.49,483.17,97.22,204.49,1,-1,-1,-1
1043,75,855.48,457.79,84.43,199.19,1,-1,-1,-1
1044,25,834.15,499.51,111.50,228.26,1,-1,-1,-1
1044,28,529.05,534.90,106.53,225.75,1,-1,-1,-1
1044,31,681.47,489.68,123.53,209.78,1,-1,-1,-1
1044,47,1211.96,504.99,122.09,177.11,1,-1,-1,-1
1044,50,866.07,465.70,77.98,193.10,1,-1,-1,-1
1044,53,1113.41,469.30,93.52,195.52,1,-1,-1,-1
1044,68,606.58,470.44,91.24,186.86,1,-1,-1,-1
1044,69,1113.27,467.47,95.80,192.72,1,-1,-1,-1
1044,70,468.72,509.89,116.60,173.72,1,-1,-1,-1
1044,72,1143.80,528.88,102.77,205.68,1,-1,-1,-1
1044,74,999.68,478.70,95.61,208.32,1,-1,-1,-1
1044,75,850.08,455.65,92.19,202.38,1,-1,-1,-1
1045,25,807.62,490.71,171.53,240.83,1,-1,-1,-1
1045,28,523.43,531.92,110.09,232.35,1,-1,-1,-1
1045,31,676.14,495.50,127.96,206.87,1,-1,-1,-1
1045,47,1218.47,507.83,116.26,177.12,1,-1,-1,-1
1045,50,866.07,465.70,77.98,193.10,1,-1,-1,-1
1045,53,1125.01,462.86,92.00,200.21,1,-1,-1,-1
1045,68,589.97,468.34,106.28,190.43,1,-1,-1,-1
1045,69,1115.76,465.90,97.85,194.13,1,-1,-1,-1
1045,70,451.04,507.23,107.20,184.27,1,-1,-1,-1
1045,72,1143.18,520.98,106.99,215.95,1,-1,-1,-1
1045,74,996.04,470.26,114.27,218.26,1,-1,-1,-1
1045,75,850.08,455.65,92.19,202.38,1,-1,-1,-1
1046,25,805.98,490.99,185.78,244.91,1,-1,-1,-1
1046,28,515.60,529.03,118.14,238.24,1,-1,-1,-1
1046,31,675.55,498.09,128.29,204.05,1,-1,-1,-1
1046,47,1220.76,514.46,116.34,169.95,1,-1,-1,-1
1046,50,866.07,465.70,77.98,193.10,1,-1,-1,-1
1046,53,1125.01,462.86,92.00,200.21,1,-1,-1,-1
1046,68,581.28,473.40,113.90,188.05,1,-1,-1,-1
1046,69,1123.71,458.94,97.31,200.26,1,-1,-1,-1
1046,70,442.11,509.29,134.89,187.05,1,-1,-1,-1
1046,72,1144.39,528.69,111.35,208.35,1,-1,-1,-1
1046,74,997.09,468.67,117.33,220.96,1,-1,-1,-1
1046,75,836.78,457.32,87.35,208.81,1,-1,-1,-1
1047,25,783.31,484.23,210.13,252.78,1,-1,-1,-1
1047,28,511.38,534.80,120.14,236.18,1,-1,-1,-1
1047,31,674.18,495.70,130.60,205.68,1,-1,-1,-1
1047,47,1228.91,515.99,115.56,171.05,1,-1,-1,-1
1047,50,866.07,465.70,77.98,193.10,1,-1,-1,-1
1047,53,1125.01,462.86,92.00,200.21,1,-1,-1,-1
1047,68,573.44,481.65,123.76,183.39,1,-1,-1,-1
1047,69,1119.18,457.80,110.40,206.32,1,-1,-1,-1
1047,70,439.73,511.16,142.10,189.54,1,-1,-1,-1
1047,72,1143.49,509.32,114.83,228.47,1,-1,-1,-1
1047,74,997.21,479.73,119.90,211.15,1,-1,-1,-1
1047,75,836.78,457.32,87.35,208.81,1,-1,-1,-1
1048,25,788.12,499.13,210.99,239.23,1,-1,-1,-1
1048,28,508.09,533.27,122.12,238.26,1,-1,-1,-1
1048,31,671.17,494.98,131.50,208.06,1,-1,-1,-1
1048,47,1233.42,516.11,113.41,171.72,1,-1,-1,-1
1048,53,1125.01,462.86,92.00,200.21,1,-1,-1,-1
1048,68,580.60,483.41,120.50,180.74,1,-1,-1,-1
1048,69,1116.13,464.82,109.70,197.44,1,-1,-1,-1
1048,70,436.27,510.78,137.20,190.57,1,-1,-1,-1
1048,72,1146.64,535.29,114.14,201.78,1,-1,-1,-1
1048,74,998.90,482.43,119.62,209.03,1,-1,-1,-1
1048,75,828.04,463.94,81.23,190.94,1,-1,-1,-1
1049,25,804.37,521.05,189.19,215.15,1,-1,-1,-1
1049,28,506.30,537.53,120.65,233.60,1,-1,-1,-1
1049,31,669.26,495.38,127.77,204.94,1,-1,-1,-1
1049,47,1255.24,517.19,96.23,170.37,1,-1,-1,-1
1049,53,1125.01,462.86,92.00,200.21,1,-1,-1,-1
1049,68,575.98,478.81,118.84,180.84,1,-1,-1,-1
1049,69,1120.74,468.14,109.82,191.55,1,-1,-1,-1
1049,70,431.83,512.45,125.19,184.25,1,-1,-1,-1
1049,72,1159.05,550.16,100.53,185.56,1,-1,-1,-1
1049,74,1000.77,486.12,116.25,204.87,1,-1,-1,-1
1049,75,823.28,466.83,78.57,167.46,1,-1,-1,-1
1050,25,797.05,531.18,198.46,205.06,1,-1,-1,-1
1050,28,505.06,547.34,118.74,224.29,1,-1,-1,-1
1050,31,669.40,502.68,115.56,196.98,1,-1,-1,-1
1050,47,1260.42,519.59,94.90,167.59,1,-1,-1,-1
1050,50,818.64,471.73,89.12,169.63,1,-1,-1,-1
1050,53,1125.01,462.86,92.00,200.21,1,-1,-1,-1
1050,68,575.57,479.95,114.22,180.26,1,-1,-1,-1
1050,69,1133.89,472.05,102.03,183.40,1,-1,-1,-1
1050,70,431.73,518.33,119.14,175.18,1,-1,-1,-1
1050,72,1178.66,556.58,83.06,182.59,1,-1,-1,-1
1050,74,1005.63,488.57,111.89,203.02,1,-1,-1,-1
1050,75,816.26,470.88,83.46,174.98,1,-1,-1,-1
1051,25,814.71,550.92,163.22,183.51,1,-1,-1,-1
1051,28,501.97,562.76,114.56,210.75,1,-1,-1,-1
1051,31,667.58,514.42,94.72,183.72,1,-1,-1,-1
1051,47,1273.52,520.29,82.99,167.59,1,-1,-1,-1
1051,50,818.64,471.73,89.12,169.63,1,-1,-1,-1
1051,53,1146.99,483.79,86.46,175.96,1,-1,-1,-1
1051,68,576.34,478.15,95.30,179.70,1,-1,-1,-1
1051,69,1152.57,480.25,87.63,170.17,1,-1,-1,-1
1051,70,433.65,529.55,117.00,162.99,1,-1,-1,-1
1051,72,1165.52,567.67,95.78,169.72,1,-1,-1,-1
1051,74,1015.83,493.96,101.05,196.84,1,-1,-1,-1
1051,75,813.64,475.62,88.04,162.04,1,-1,-1,-1
1052,25,821.06,561.81,150.45,172.64,1,-1,-1,-1
1052,28,498.38,572.15,107.73,202.90,1,-1,-1,-1
1052,31,667.41,516.31,86.49,187.15,1,-1,-1,-1
1052,47,1276.63,521.24,77.64,167.14,1,-1,-1,-1
1052,50,818.64,471.73,89.12,169.63,1,-1,-1,-1
1052,53,1156.23,485.27,82.63,176.04,1,-1,-1,-1
1052,68,565.71,483.18,89.36,176.04,1,-1,-1,-1
1052,69,1142.27,486.37,91.44,184.69,1,-1,-1,-1
1052,70,434.54,532.91,104.47,161.91,1,-1,-1,-1
1052,72,1175.78,572.21,87.65,166.52,1,-1,-1,-1
1052,74,1020.73,500.15,96.27,190.95,1,-1,-1,-1
1052,75,813.53,477.90,87.64,167.77,1,-1,-1,-1
1053,25,833.08,600.45,136.03,134.45,1,-1,-1,-1
1053,28,495.49,586.85,106.64,185.88,1,-1,-1,-1
1053,31,663.31,524.00,84.00,180.01,1,-1,-1,-1
1053,47,1270.90,520.07,75.98,167.81,1,-1,-1,-1
1053,50,815.71,482.56,78.29,160.99,1,-1,-1,-1
1053,53,1156.23,485.27,82.63,176.04,1,-1,-1,-1
1053,68,557.26,492.81,87.58,175.36,1,-1,-1,-1
1053,69,1139.80,488.25,100.39,170.68,1,-1,-1,-1
1053,70,431.09,542.76,86.97,153.32,1,-1,-1,-1
1053,72,1182.81,568.78,86.44,170.66,1,-1,-1,-1
1053,74,1033.60,506.23,85.34,184.59,1,-1,-1,-1
1053,75,815.85,483.14,81.08,158.80,1,-1,-1,-1
1054,10,433.68,565.73,81.08,132.62,1,-1,-1,-1
1054,25,834.62,607.96,129.81,126.01,1,-1,-1,-1
1054,28,495.37,588.75,120.19,183.67,1,-1,-1,-1
1054,31,660.01,525.13,89.85,180.09,1,-1,-1,-1
1054,47,1269.01,519.24,80.11,168.25,1,-1,-1,-1
1054,50,815.71,482.56,78.29,160.99,1,-1,-1,-1
1054,53,1156.23,485.27,82.63,176.04,1,-1,-1,-1
1054,68,555.95,497.94,84.65,169.32,1,-1,-1,-1
1054,69,1145.46,489.44,97.55,165.93,1,-1,-1,-1
1054,70,428.62,545.67,82.00,152.65,1,-1,-1,-1
1054,72,1183.09,565.40,88.64,173.04,1,-1,-1,-1
1054,74,1037.21,510.00,83.80,180.45,1,-1,-1,-1
1054,75,817.62,481.78,67.15,161.52,1,-1,-1,-1
1055,10,433.68,565.73,81.08,132.62,1,-1,-1,-1
1055,25,832.21,607.64,131.87,127.09,1,-1,-1,-1
1055,28,495.26,586.68,102.90,185.60,1,-1,-1,-1
1055,31,649.56,519.79,111.95,183.94,1,-1,-1,-1
1055,47,1267.48,515.52,89.52,172.76,1,-1,-1,-1
1055,50,815.71,482.56,78.29,160.99,1,-1,-1,-1
1055,53,1156.23,485.27,82.63,176.04,1,-1,-1,-1
1055,68,555.45,499.00,87.26,169.89,1,-1,-1,-1
1055,69,1151.82,483.93,90.81,166.85,1,-1,-1,-1
1055,70,414.83,541.16,103.19,156.70,1,-1,-1,-1
1055,72,1179.69,564.37,88.03,168.56,1,-1,-1,-1
1055,74,1023.43,506.26,101.65,185.54,1,-1,-1,-1
1055,75,817.62,481.78,67.15,161.52,1,-1,-1,-1
1056,10,433.68,565.73,81.08,132.62,1,-1,-1,-1
1056,25,830.57,599.52,134.35,136.56,1,-1,-1,-1
1056,28,494.30,580.67,100.21,191.45,1,-1,-1,-1
1056,31,642.24,516.87,128.39,187.23,1,-1,-1,-1
1056,47,1267.64,513.37,90.18,175.77,1,-1,-1,-1
1056,50,815.71,482.56,78.29,160.99,1,-1,-1,-1
1056,53,1151.11,479.49,95.25,170.07,1,-1,-1,-1
1056,68,552.76,496.88,87.49,174.89,1,-1,-1,-1
1056,69,1151.73,479.87,94.66,167.81,1,-1,-1,-1
1056,70,413.27,537.83,105.93,159.46,1,-1,-1,-1
1056,72,1180.44,561.35,87.80,166.06,1,-1,-1,-1
1056,74,1019.48,502.21,108.44,189.73,1,-1,-1,-1
1056,75,812.48,475.45,72.82,165.84,1,-1,-1,-1
1057,10,433.68,565.73,81.08,132.62,1,-1,-1,-1
1057,25,829.38,574.93,135.14,161.15,1,-1,-1,-1
1057,28,478.09,574.10,117.44,197.52,1,-1,-1,-1
1057,31,635.85,510.54,137.68,190.17,1,-1,-1,-1
1057,47,1276.76,510.76,89.05,178.52,1,-1,-1,-1
1057,50,812.36,467.68,75.64,174.46,1,-1,-1,-1
1057,53,1149.44,472.80,95.79,189.89,1,-1,-1,-1
1057,68,543.26,490.23,94.12,181.39,1,-1,-1,-1
1057,69,1148.45,473.46,98.12,177.35,1,-1,-1,-1
1057,70,420.44,533.89,106.86,164.10,1,-1,-1,-1
1057,72,1178.50,555.42,91.42,177.66,1,-1,-1,-1
1057,74,1021.33,496.59,105.97,193.53,1,-1,-1,-1
1057,75,813.01,468.14,74.08,168.94,1,-1,-1,-1
1058,10,433.68,565.73,81.08,132.62,1,-1,-1,-1
1058,25,829.23,558.25,130.60,176.56,1,-1,-1,-1
1058,28,471.17,571.70,115.58,197.66,1,-1,-1,-1
1058,31,616.82,504.66,146.19,193.28,1,-1,-1,-1
1058,47,1280.85,509.81,85.18,178.38,1,-1,-1,-1
1058,50,813.05,461.43,73.42,178.12,1,-1,-1,-1
1058,53,1149.44,472.80,95.79,189.89,1,-1,-1,-1
1058,68,539.99,488.62,99.76,178.62,1,-1,-1,-1
1058,69,1147.75,469.17,94.25,179.70,1,-1,-1,-1
1058,70,410.61,524.42,110.97,172.83,1,-1,-1,-1
1058,72,1182.32,554.49,89.00,175.80,1,-1,-1,-1
1058,74,1023.99,490.99,102.85,198.00,1,-1,-1,-1
1058,75,813.46,462.64,73.18,173.46,1,-1,-1,-1
1059,10,433.68,565.73,81.08,132.62,1,-1,-1,-1
1059,25,819.87,541.21,131.82,188.56,1,-1,-1,-1
1059,28,485.85,561.75,109.78,202.21,1,-1,-1,-1
1059,31,612.60,496.40,128.37,201.55,1,-1,-1,-1
1059,47,1278.61,512.93,89.54,175.49,1,-1,-1,-1
1059,50,813.05,461.43,73.42,178.12,1,-1,-1,-1
1059,53,1149.44,472.80,95.79,189.89,1,-1,-1,-1
1059,68,541.41,478.19,96.15,194.21,1,-1,-1,-1
1059,69,1151.02,470.10,83.61,176.74,1,-1,-1,-1
1059,70,391.48,516.29,116.30,175.48,1,-1,-1,-1
1059,72,1183.99,546.83,101.17,184.57,1,-1,-1,-1
1059,74,1014.07,487.00,108.91,200.28,1,-1,-1,-1
1059,75,814.02,456.05,71.98,164.14,1,-1,-1,-1
1060,25,805.76,534.59,144.73,192.47,1,-1,-1,-1
1060,28,472.55,560.53,129.44,203.48,1,-1,-1,-1
1060,31,596.35,495.43,137.37,200.11,1,-1,-1,-1
1060,47,1274.86,511.60,96.61,175.12,1,-1,-1,-1
1060,50,813.05,461.43,73.42,178.12,1,-1,-1,-1
1060,53,1149.44,472.80,95.79,189.89,1,-1,-1,-1
1060,68,541.21,476.15,86.99,190.24,1,-1,-1,-1
1060,69,1161.12,469.59,69.03,171.17,1,-1,-1,-1
1060,70,382.44,512.09,117.14,177.01,1,-1,-1,-1
1060,72,1187.66,540.99,100.94,192.27,1,-1,-1,-1
1060,74,1006.61,484.80,113.30,201.12,1,-1,-1,-1
1060,75,811.55,455.67,73.93,165.96,1,-1,-1,-1
1061,25,798.70,527.91,137.65,198.17,1,-1,-1,-1
1061,28,474.51,562.10,109.51,200.28,1,-1,-1,-1
1061,31,602.35,491.51,134.18,202.86,1,-1,-1,-1
1061,47,1260.27,508.21,113.27,176.14,1,-1,-1,-1
1061,50,803.46,454.77,79.28,167.32,1,-1,-1,-1
1061,53,1149.44,472.80,95.79,189.89,1,-1,-1,-1
1061,68,539.39,472.88,88.08,189.39,1,-1,-1,-1
1061,69,1162.63,470.10,68.20,172.26,1,-1,-1,-1
1061,70,381.41,513.37,116.52,174.28,1,-1,-1,-1
1061,72,1182.92,540.45,93.00,196.35,1,-1,-1,-1
1061,74,1024.60,484.32,84.24,201.40,1,-1,-1,-1
1061,75,811.55,455.67,73.93,165.96,1,-1,-1,-1
1062,25,791.65,522.28,136.46,207.09,1,-1,-1,-1
1062,28,476.20,556.56,106.77,206.60,1,-1,-1,-1
1062,31,625.40,492.26,114.83,205.22,1,-1,-1,-1
1062,47,1256.82,507.42,115.29,177.20,1,-1,-1,-1
1062,50,798.60,455.01,81.39,166.87,1,-1,-1,-1
1062,53,1156.85,471.66,76.67,188.28,1,-1,-1,-1
1062,68,537.72,469.46,90.04,194.05,1,-1,-1,-1
1062,69,1157.49,470.81,73.86,174.15,1,-1,-1,-1
1062,70,384.70,514.45,113.30,176.77,1,-1,-1,-1
1062,72,1187.64,538.87,90.10,196.95,1,-1,-1,-1
1062,74,989.43,482.74,115.41,205.28,1,-1,-1,-1
1062,75,801.96,454.60,77.14,167.84,1,-1,-1,-1
1063,25,798.75,527.00,122.01,201.81,1,-1,-1,-1
1063,28,476.91,558.00,99.54,209.36,1,-1,-1,-1
1063,31,631.21,494.19,113.60,201.79,1,-1,-1,-1
1063,47,1254.41,508.27,100.30,175.88,1,-1,-1,-1
1063,50,793.82,453.93,84.12,171.51,1,-1,-1,-1
1063,53,1148.24,466.03,82.22,186.77,1,-1,-1,-1
1063,68,534.70,467.06,88.29,195.75,1,-1,-1,-1
1063,69,1157.49,470.81,73.86,174.15,1,-1,-1,-1
1063,70,403.43,507.39,94.39,185.14,1,-1,-1,-1
1063,72,1174.12,535.62,105.39,201.33,1,-1,-1,-1
1063,74,985.34,483.02,125.54,204.14,1,-1,-1,-1
1063,75,801.96,454.60,77.14,167.84,1,-1,-1,-1
1064,25,812.34,524.33,110.08,205.41,1,-1,-1,-1
1064,28,473.50,553.83,104.71,211.78,1,-1,-1,-1
1064,31,629.92,495.50,106.57,202.10,1,-1,-1,-1
1064,47,1244.37,507.49,111.86,176.11,1,-1,-1,-1
1064,50,791.38,452.20,87.52,180.96,1,-1,-1,-1
1064,53,1144.29,461.42,86.81,179.67,1,-1,-1,-1
1064,68,534.52,467.85,87.81,194.89,1,-1,-1,-1
1064,69,1157.49,470.81,73.86,174.15,1,-1,-1,-1
1064,70,405.19,506.02,90.78,184.30,1,-1,-1,-1
1064,72,1162.20,532.71,116.51,203.46,1,-1,-1,-1
1064,74,985.50,484.17,128.07,203.86,1,-1,-1,-1
1064,75,801.96,454.60,77.14,167.84,1,-1,-1,-1
1065,25,821.36,515.87,105.92,213.94,1,-1,-1,-1
1065,28,458.27,554.19,122.42,210.47,1,-1,-1,-1
1065,31,621.95,497.05,108.05,199.11,1,-1,-1,-1
1065,47,1251.26,507.15,108.43,178.90,1,-1,-1,-1
1065,50,773.12,454.23,109.73,168.39,1,-1,-1,-1
1065,53,1109.93,454.94,131.23,190.81,1,-1,-1,-1
1065,68,531.28,469.27,91.68,194.87,1,-1,-1,-1
1065,69,1157.49,470.81,73.86,174.15,1,-1,-1,-1
1065,70,391.48,501.47,108.62,195.13,1,-1,-1,-1
1065,72,1135.38,534.66,148.93,198.29,1,-1,-1,-1
1065,74,990.46,486.01,120.25,200.25,1,-1,-1,-1
1065,75,801.96,454.60,77.14,167.84,1,-1,-1,-1
1066,25,815.71,516.99,110.97,212.49,1,-1,-1,-1
1066,28,458.27,554.19,122.42,210.47,1,-1,-1,-1
1066,31,606.42,492.11,124.60,203.37,1,-1,-1,-1
1066,47,1232.23,507.36,140.16,178.80,1,-1,-1,-1
1066,50,763.75,457.15,113.18,170.48,1,-1,-1,-1
1066,53,1108.26,456.12,150.66,189.07,1,-1,-1,-1
1066,68,529.84,471.62,90.85,190.85,1,-1,-1,-1
1066,69,1157.49,470.81,73.86,174.15,1,-1,-1,-1
1066,70,373.30,503.33,129.16,178.82,1,-1,-1,-1
1066,72,1123.40,534.36,154.34,198.00,1,-1,-1,-1
1066,74,985.57,483.08,122.53,203.39,1,-1,-1,-1
1066,75,801.96,454.60,77.14,167.84,1,-1,-1,-1
1067,25,810.26,520.60,116.32,205.86,1,-1,-1,-1
1067,28,458.27,554.19,122.42,210.47,1,-1,-1,-1
1067,31,580.74,486.90,153.68,207.30,1,-1,-1,-1
1067,47,1239.91,508.66,131.00,175.84,1,-1,-1,-1
1067,50,760.81,460.76,110.16,171.43,1,-1,-1,-1
1067,53,1104.56,464.52,151.31,176.67,1,-1,-1,-1
1067,68,507.18,471.70,105.12,194.39,1,-1,-1,-1
1067,69,1157.49,470.81,73.86,174.15,1,-1,-1,-1
1067,70,364.51,507.40,159.20,180.35,1,-1,-1,-1
1067,72,1127.48,532.68,139.80,199.27,1,-1,-1,-1
1067,74,953.66,477.83,152.72,206.90,1,-1,-1,-1
1067,75,801.96,454.60,77.14,167.84,1,-1,-1,-1
1067,76,419.40,540.72,153.86,219.13,1,-1,-1,-1
1068,25,796.23,521.42,142.70,203.93,1,-1,-1,-1
1068,28,458.27,554.19,122.42,210.47,1,-1,-1,-1
1068,31,570.17,485.81,187.95,208.58,1,-1,-1,-1
1068,47,1242.43,510.38,127.17,174.08,1,-1,-1,-1
1068,50,742.43,462.14,127.44,190.69,1,-1,-1,-1
1068,53,1097.49,464.82,156.75,180.49,1,-1,-1,-1
1068,68,469.08,472.87,140.09,198.13,1,-1,-1,-1
1068,70,365.09,507.78,164.11,181.53,1,-1,-1,-1
1068,72,1134.47,532.45,136.42,199.65,1,-1,-1,-1
1068,74,935.62,473.58,160.77,211.97,1,-1,-1,-1
1068,76,413.21,562.23,168.82,191.09,1,-1,-1,-1
1069,25,766.93,522.62,193.03,203.00,1,-1,-1,-1
1069,28,458.27,554.19,122.42,210.47,1,-1,-1,-1
1069,31,581.75,486.95,150.56,208.20,1,-1,-1,-1
1069,47,1247.33,515.01,101.40,171.63,1,-1,-1,-1
1069,50,753.19,463.19,117.00,178.58,1,-1,-1,-1
1069,53,1096.34,456.97,138.73,190.83,1,-1,-1,-1
1069,68,468.42,465.85,147.91,201.31,1,-1,-1,-1
1069,70,369.63,506.19,150.64,193.94,1,-1,-1,-1
1069,72,1152.68,530.68,111.91,202.64,1,-1,-1,-1
1069,74,922.95,473.83,162.71,211.42,1,-1,-1,-1
1069,76,395.25,554.98,167.42,203.23,1,-1,-1,-1
1070,25,756.12,523.52,204.61,202.69,1,-1,-1,-1
1070,28,458.27,554.19,122.42,210.47,1,-1,-1,-1
1070,31,582.25,487.52,146.72,207.52,1,-1,-1,-1
1070,47,1255.32,513.29,87.43,174.03,1,-1,-1,-1
1070,50,749.68,460.63,116.79,173.04,1,-1,-1,-1
1070,53,1098.85,455.31,116.32,192.51,1,-1,-1,-1
1070,68,476.31,462.29,139.18,202.72,1,-1,-1,-1
1070,70,374.72,507.45,149.42,182.90,1,-1,-1,-1
1070,72,1156.47,530.09,101.83,203.82,1,-1,-1,-1
1070,74,932.87,474.70,147.40,210.37,1,-1,-1,-1
1070,76,385.61,553.40,171.07,200.46,1,-1,-1,-1
1071,25,763.12,525.00,155.30,199.46,1,-1,-1,-1
1071,31,581.33,486.71,134.97,206.12,1,-1,-1,-1
1071,47,1255.37,504.60,83.57,185.74,1,-1,-1,-1
1071,50,743.26,453.12,116.59,181.80,1,-1,-1,-1
1071,53,1104.48,456.88,98.26,192.75,1,-1,-1,-1
1071,68,488.81,459.15,125.59,200.74,1,-1,-1,-1
1071,70,372.29,504.46,123.95,185.44,1,-1,-1,-1
1071,72,1155.89,532.63,89.82,195.86,1,-1,-1,-1
1071,74,949.21,473.70,133.08,214.64,1,-1,-1,-1
1071,76,391.37,543.65,163.48,210.69,1,-1,-1,-1
1072,25,771.43,522.28,140.89,203.67,1,-1,-1,-1
1072,31,582.66,486.71,120.81,205.77,1,-1,-1,-1
1072,47,1254.88,501.36,83.73,189.74,1,-1,-1,-1
1072,50,742.14,451.42,105.85,184.00,1,-1,-1,-1
1072,53,1103.60,461.22,92.76,193.50,1,-1,-1,-1
1072,68,488.74,456.51,124.74,200.14,1,-1,-1,-1
1072,70,376.28,504.90,124.72,186.32,1,-1,-1,-1
1072,72,1155.52,534.58,82.42,192.30,1,-1,-1,-1
1072,74,944.73,472.76,137.19,216.05,1,-1,-1,-1
1072,76,397.52,538.30,156.45,215.35,1,-1,-1,-1
1073,25,781.67,519.99,126.29,212.63,1,-1,-1,-1
1073,31,579.66,487.57,104.56,203.95,1,-1,-1,-1
1073,47,1253.58,491.21,83.99,199.78,1,-1,-1,-1
1073,50,745.39,452.52,92.19,187.05,1,-1,-1,-1
1073,53,1103.81,460.58,79.11,193.46,1,-1,-1,-1
1073,68,477.88,460.87,119.32,182.28,1,-1,-1,-1
1073,70,372.76,507.39,109.47,186.00,1,-1,-1,-1
1073,72,1155.24,531.73,75.27,198.69,1,-1,-1,-1
1073,74,944.39,474.72,131.48,212.32,1,-1,-1,-1
1073,76,400.07,522.00,156.14,237.32,1,-1,-1,-1
1074,25,781.38,519.73,127.29,213.39,1,-1,-1,-1
1074,28,391.52,512.77,163.94,246.08,1,-1,-1,-1
1074,31,579.31,486.56,99.60,207.90,1,-1,-1,-1
1074,47,1253.34,493.70,83.22,196.82,1,-1,-1,-1
1074,50,745.81,454.74,88.87,183.53,1,-1,-1,-1
1074,53,1104.25,461.05,75.10,193.76,1,-1,-1,-1
1074,68,473.94,464.80,87.26,168.75,1,-1,-1,-1
1074,70,373.33,507.34,110.66,186.82,1,-1,-1,-1
1074,72,1152.36,534.07,74.45,195.67,1,-1,-1,-1
1074,74,947.38,473.23,121.17,214.22,1,-1,-1,-1
1074,76,394.79,518.44,158.86,242.22,1,-1,-1,-1
1075,25,784.41,522.71,114.83,210.34,1,-1,-1,-1
1075,28,376.01,510.77,116.04,183.98,1,-1,-1,-1
1075,31,570.20,489.20,101.47,206.38,1,-1,-1,-1
1075,47,1249.97,501.33,83.74,190.01,1,-1,-1,-1
1075,50,746.40,459.03,77.38,178.95,1,-1,-1,-1
1075,53,1100.15,464.06,73.32,192.36,1,-1,-1,-1
1075,68,470.28,466.83,78.37,178.89,1,-1,-1,-1
1075,70,376.63,509.98,81.42,149.14,1,-1,-1,-1
1075,72,1150.42,538.84,72.38,194.48,1,-1,-1,-1
1075,74,949.99,478.24,105.92,206.44,1,-1,-1,-1
1075,76,398.27,547.28,141.22,211.67,1,-1,-1,-1
1076,25,784.71,525.68,106.08,207.43,1,-1,-1,-1
1076,28,376.01,510.77,116.04,183.98,1,-1,-1,-1
1076,31,572.50,490.55,99.28,205.07,1,-1,-1,-1
1076,47,1246.90,504.20,82.95,187.10,1,-1,-1,-1
1076,50,744.86,459.49,74.16,181.26,1,-1,-1,-1
1076,53,1101.45,469.74,68.14,173.98,1,-1,-1,-1
1076,68,466.28,466.76,85.55,187.52,1,-1,-1,-1
1076,70,373.23,510.69,131.18,177.80,1,-1,-1,-1
1076,72,1154.31,541.28,66.69,190.28,1,-1,-1,-1
1076,74,948.72,482.07,100.40,202.92,1,-1,-1,-1
1076,76,384.94,546.47,143.32,212.61,1,-1,-1,-1
1077,25,782.28,526.97,90.90,205.50,1,-1,-1,-1
1077,28,376.01,510.77,116.04,183.98,1,-1,-1,-1
1077,31,570.37,490.18,104.01,204.18,1,-1,-1,-1
1077,47,1243.35,506.72,79.99,185.71,1,-1,-1,-1
1077,50,744.86,459.49,74.16,181.26,1,-1,-1,-1
1077,53,1096.78,471.80,70.34,183.90,1,-1,-1,-1
1077,68,460.21,468.96,94.19,184.83,1,-1,-1,-1
1077,70,369.71,508.95,94.81,184.77,1,-1,-1,-1
1077,72,1150.13,539.91,70.27,194.34,1,-1,-1,-1
1077,74,927.22,482.64,115.41,202.92,1,-1,-1,-1
1077,76,398.41,550.13,111.09,209.15,1,-1,-1,-1
1078,25,783.03,527.70,84.44,204.38,1,-1,-1,-1
1078,28,376.01,510.77,116.04,183.98,1,-1,-1,-1
1078,31,570.40,490.37,117.70,204.29,1,-1,-1,-1
1078,47,1241.72,508.54,78.06,183.65,1,-1,-1,-1
1078,50,744.25,464.04,72.55,175.05,1,-1,-1,-1
1078,53,1091.35,471.58,77.84,186.44,1,-1,-1,-1
1078,68,459.23,471.06,95.34,176.17,1,-1,-1,-1
1078,70,365.83,506.75,87.48,186.46,1,-1,-1,-1
1078,72,1144.24,540.01,77.19,195.68,1,-1,-1,-1
1078,74,924.92,482.07,117.00,203.78,1,-1,-1,-1
1078,76,397.78,546.33,105.52,212.44,1,-1,-1,-1
1079,25,769.37,525.22,97.83,210.85,1,-1,-1,-1
1079,28,376.01,510.77,116.04,183.98,1,-1,-1,-1
1079,31,569.78,488.88,142.55,205.51,1,-1,-1,-1
1079,47,1241.48,508.58,80.04,181.30,1,-1,-1,-1
1079,50,741.50,466.32,70.17,170.99,1,-1,-1,-1
1079,53,1086.11,464.37,86.11,191.34,1,-1,-1,-1
1079,68,458.79,470.33,101.00,184.27,1,-1,-1,-1
1079,70,361.47,503.02,91.24,184.98,1,-1,-1,-1
1079,72,1139.63,544.51,83.67,192.03,1,-1,-1,-1
1079,74,934.48,478.18,110.99,207.61,1,-1,-1,-1
1079,76,391.82,548.34,109.23,212.36,1,-1,-1,-1
1080,25,764.21,524.44,105.88,212.26,1,-1,-1,-1
1080,28,376.01,510.77,116.04,183.98,1,-1,-1,-1
1080,31,573.34,488.34,148.97,205.44,1,-1,-1,-1
1080,47,1241.22,506.92,90.79,183.81,1,-1,-1,-1
1080,50,737.79,473.01,70.76,166.23,1,-1,-1,-1
1080,53,1080.28,463.50,93.33,197.28,1,-1,-1,-1
1080,68,456.18,468.62,106.92,185.96,1,-1,-1,-1
1080,70,362.93,500.39,91.13,189.65,1,-1,-1,-1
1080,72,1132.28,549.62,93.01,185.74,1,-1,-1,-1
1080,74,933.79,476.83,95.19,209.61,1,-1,-1,-1
1080,76,391.43,547.87,110.15,214.29,1,-1,-1,-1
1081,25,763.64,520.92,109.61,220.77,1,-1,-1,-1
1081,31,580.74,488.54,144.87,206.00,1,-1,-1,-1
1081,47,1241.27,498.77,98.60,192.44,1,-1,-1,-1
1081,50,731.19,474.37,76.32,167.11,1,-1,-1,-1
1081,53,1072.42,461.69,105.49,198.88,1,-1,-1,-1
1081,68,458.11,465.89,110.40,188.98,1,-1,-1,-1
1081,70,371.10,498.19,85.14,193.93,1,-1,-1,-1
1081,72,1102.60,552.48,125.01,183.30,1,-1,-1,-1
1081,74,943.87,478.58,116.97,209.86,1,-1,-1,-1
1081,75,737.74,474.30,79.38,170.35,1,-1,-1,-1
1081,76,396.53,558.84,108.93,207.33,1,-1,-1,-1
1082,25,757.89,520.08,113.61,230.01,1,-1,-1,-1
1082,31,579.92,492.58,145.32,201.81,1,-1,-1,-1
1082,47,1241.60,498.34,99.26,193.18,1,-1,-1,-1
1082,50,731.15,481.01,82.24,170.54,1,-1,-1,-1
1082,53,1065.38,465.35,111.20,201.39,1,-1,-1,-1
1082,68,458.86,466.04,119.17,188.58,1,-1,-1,-1
1082,70,373.76,507.63,101.23,188.28,1,-1,-1,-1
1082,72,1084.44,545.33,143.50,191.00,1,-1,-1,-1
1082,74,946.64,480.93,134.86,208.19,1,-1,-1,-1
1082,75,727.12,478.92,87.24,165.40,1,-1,-1,-1
1082,76,399.95,564.36,106.46,204.72,1,-1,-1,-1
1083,25,760.44,528.05,97.60,229.91,1,-1,-1,-1
1083,31,576.31,490.39,147.84,204.21,1,-1,-1,-1
1083,47,1243.98,502.89,92.49,189.64,1,-1,-1,-1
1083,50,731.10,487.75,92.57,178.45,1,-1,-1,-1
1083,53,1062.16,470.47,117.33,203.31,1,-1,-1,-1
1083,68,459.44,464.48,127.03,192.42,1,-1,-1,-1
1083,70,370.68,510.32,87.66,181.41,1,-1,-1,-1
1083,72,1059.80,539.03,166.22,200.81,1,-1,-1,-1
1083,74,946.33,485.74,137.36,205.71,1,-1,-1,-1
1083,75,727.12,478.92,87.24,165.40,1,-1,-1,-1
1083,76,397.04,570.84,110.74,200.94,1,-1,-1,-1
1084,20,1093.49,478.70,88.98,176.98,1,-1,-1,-1
1084,25,760.67,535.35,95.76,225.18,1,-1,-1,-1
1084,28,371.88,511.32,80.73,170.25,1,-1,-1,-1
1084,31,577.95,492.05,146.40,203.36,1,-1,-1,-1
1084,47,1241.25,507.48,94.66,184.51,1,-1,-1,-1
1084,50,732.26,489.69,93.70,172.82,1,-1,-1,-1
1084,53,1062.16,470.47,117.33,203.31,1,-1,-1,-1
1084,68,463.51,462.42,127.60,191.80,1,-1,-1,-1
1084,70,371.51,510.71,80.60,179.74,1,-1,-1,-1
1084,72,1051.78,546.97,170.03,193.21,1,-1,-1,-1
1084,74,944.61,488.20,136.69,202.64,1,-1,-1,-1
1084,75,727.12,478.92,87.24,165.40,1,-1,-1,-1
1084,76,399.70,568.71,117.28,203.95,1,-1,-1,-1
1085,20,1094.87,474.49,111.33,183.56,1,-1,-1,-1
1085,25,756.49,550.60,106.83,214.45,1,-1,-1,-1
1085,28,371.88,511.32,80.73,170.25,1,-1,-1,-1
1085,31,582.42,494.83,141.80,200.10,1,-1,-1,-1
1085,47,1243.19,501.01,90.72,189.51,1,-1,-1,-1
1085,50,732.26,489.69,93.70,172.82,1,-1,-1,-1
1085,53,1062.16,470.47,117.33,203.31,1,-1,-1,-1
1085,68,467.83,466.25,131.12,197.38,1,-1,-1,-1
1085,70,368.16,516.34,98.17,174.67,1,-1,-1,-1
1085,72,1051.09,547.08,147.16,192.31,1,-1,-1,-1
1085,74,948.14,485.82,129.58,205.45,1,-1,-1,-1
1085,75,727.12,478.92,87.24,165.40,1,-1,-1,-1
1085,76,418.15,565.57,107.31,210.30,1,-1,-1,-1
1086,20,1095.21,473.14,111.80,181.50,1,-1,-1,-1
1086,25,757.74,542.43,113.26,223.67,1,-1,-1,-1
1086,28,371.88,511.32,80.73,170.25,1,-1,-1,-1
1086,31,580.76,495.95,143.98,199.10,1,-1,-1,-1
1086,47,1246.77,503.21,86.41,187.05,1,-1,-1,-1
1086,50,729.29,485.21,107.28,203.52,1,-1,-1,-1
1086,53,1062.16,470.47,117.33,203.31,1,-1,-1,-1
1086,68,472.61,467.33,129.30,199.13,1,-1,-1,-1
1086,70,365.74,520.08,102.89,171.15,1,-1,-1,-1
1086,71,736.72,546.36,95.86,183.15,1,-1,-1,-1
1086,72,1048.01,542.73,130.55,197.95,1,-1,-1,-1
1086,74,950.30,488.34,124.89,201.71,1,-1,-1,-1
1086,75,727.12,478.92,87.24,165.40,1,-1,-1,-1
1086,76,411.51,565.22,118.60,208.47,1,-1,-1,-1
1087,20,1090.84,476.44,110.25,177.43,1,-1,-1,-1
1087,25,748.49,502.42,104.55,206.15,1,-1,-1,-1
1087,28,371.88,511.32,80.73,170.25,1,-1,-1,-1
1087,31,581.47,513.16,143.05,182.30,1,-1,-1,-1
1087,47,1241.36,510.52,93.43,176.57,1,-1,-1,-1
1087,50,742.64,498.18,103.73,202.85,1,-1,-1,-1
1087,53,1062.16,470.47,117.33,203.31,1,-1,-1,-1
1087,68,471.72,466.68,126.55,201.15,1,-1,-1,-1
1087,70,373.14,522.91,116.84,171.04,1,-1,-1,-1
1087,71,752.36,528.74,122.09,234.87,1,-1,-1,-1
1087,72,1051.03,551.02,91.98,191.29,1,-1,-1,-1
1087,74,945.99,496.55,121.21,192.91,1,-1,-1,-1
1087,75,727.12,478.92,87.24,165.40,1,-1,-1,-1
1087,76,430.81,563.68,113.97,210.97,1,-1,-1,-1
1088,20,1100.89,478.36,101.97,178.06,1,-1,-1,-1
1088,25,749.39,500.94,104.39,196.20,1,-1,-1,-1
1088,28,371.88,511.32,80.73,170.25,1,-1,-1,-1
1088,31,582.86,515.98,142.13,179.37,1,-1,-1,-1
1088,47,1239.35,510.97,96.17,175.48,1,-1,-1,-1
1088,50,749.20,503.03,101.48,192.41,1,-1,-1,-1
1088,53,1062.16,470.47,117.33,203.31,1,-1,-1,-1
1088,68,474.12,469.42,123.95,197.79,1,-1,-1,-1
1088,70,372.78,525.98,135.13,164.55,1,-1,-1,-1
1088,71,754.17,527.96,124.47,237.86,1,-1,-1,-1
1088,72,1046.42,551.38,98.45,195.16,1,-1,-1,-1
1088,74,943.08,498.27,125.25,191.91,1,-1,-1,-1
1088,76,439.19,575.61,105.16,199.86,1,-1,-1,-1
1089,20,1097.14,489.90,107.86,164.86,1,-1,-1,-1
1089,25,749.39,500.94,104.39,196.20,1,-1,-1,-1
1089,28,371.88,511.32,80.73,170.25,1,-1,-1,-1
1089,31,584.07,520.02,144.34,176.45,1,-1,-1,-1
1089,47,1236.64,499.78,118.26,187.46,1,-1,-1,-1
1089,50,749.20,503.03,101.48,192.41,1,-1,-1,-1
1089,68,490.06,480.65,111.78,186.12,1,-1,-1,-1
1089,70,373.56,528.63,121.49,172.40,1,-1,-1,-1
1089,71,753.15,510.31,132.61,256.61,1,-1,-1,-1
1089,72,1025.61,559.96,106.08,190.33,1,-1,-1,-1
1089,74,934.15,502.91,132.10,188.34,1,-1,-1,-1
1089,76,437.58,589.02,125.14,192.92,1,-1,-1,-1
1090,20,1100.11,491.69,103.67,161.53,1,-1,-1,-1
1090,25,749.39,500.94,104.39,196.20,1,-1,-1,-1
1090,31,581.15,520.71,147.85,175.29,1,-1,-1,-1
1090,47,1235.90,504.51,128.57,183.40,1,-1,-1,-1
1090,50,749.20,503.03,101.48,192.41,1,-1,-1,-1
1090,68,488.38,486.88,105.55,184.95,1,-1,-1,-1
1090,70,374.76,531.83,121.29,170.19,1,-1,-1,-1
1090,71,759.69,508.58,123.80,257.90,1,-1,-1,-1
1090,72,1024.11,565.11,94.02,186.97,1,-1,-1,-1
1090,74,932.92,501.25,135.50,189.96,1,-1,-1,-1
1090,76,444.65,586.93,143.05,194.26,1,-1,-1,-1
1091,20,1106.09,484.67,107.90,168.35,1,-1,-1,-1
1091,25,749.39,500.94,104.39,196.20,1,-1,-1,-1
1091,31,577.63,512.72,151.70,183.26,1,-1,-1,-1
1091,47,1233.10,502.38,130.24,186.42,1,-1,-1,-1
1091,50,749.20,503.03,101.48,192.41,1,-1,-1,-1
1091,68,476.84,493.22,119.82,196.10,1,-1,-1,-1
1091,70,375.31,536.56,119.01,167.42,1,-1,-1,-1
1091,71,766.49,510.14,111.98,257.61,1,-1,-1,-1
1091,72,1021.78,574.78,88.84,177.72,1,-1,-1,-1
1091,74,931.73,496.24,139.79,195.75,1,-1,-1,-1
1091,76,450.15,587.04,156.17,199.77,1,-1,-1,-1
1092,20,1108.29,480.29,109.65,172.47,1,-1,-1,-1
1092,25,749.39,500.94,104.39,196.20,1,-1,-1,-1
1092,31,588.01,508.47,142.19,188.17,1,-1,-1,-1
1092,47,1240.58,508.57,113.12,179.01,1,-1,-1,-1
1092,50,749.20,503.03,101.48,192.41,1,-1,-1,-1
1092,68,474.23,493.23,124.27,191.67,1,-1,-1,-1
1092,70,377.39,535.43,117.57,164.44,1,-1,-1,-1
1092,71,768.48,507.01,100.53,257.84,1,-1,-1,-1
1092,72,1022.36,578.89,85.38,173.75,1,-1,-1,-1
1092,74,934.14,492.58,135.47,194.70,1,-1,-1,-1
1092,76,467.51,590.62,141.17,195.34,1,-1,-1,-1
1093,20,1125.17,474.55,100.58,179.01,1,-1,-1,-1
1093,25,764.71,510.33,87.53,165.80,1,-1,-1,-1
1093,31,595.97,503.12,140.23,193.53,1,-1,-1,-1
1093,39,991.28,489.12,94.56,193.53,1,-1,-1,-1
1093,47,1257.50,510.24,97.19,172.39,1,-1,-1,-1
1093,50,764.21,509.95,101.33,173.40,1,-1,-1,-1
1093,68,471.08,487.17,122.34,179.43,1,-1,-1,-1
1093,70,380.50,527.05,113.89,169.07,1,-1,-1,-1
1093,71,778.91,527.12,124.45,240.91,1,-1,-1,-1
1093,72,1020.61,581.02,82.36,171.91,1,-1,-1,-1
1093,74,934.14,492.58,135.47,194.70,1,-1,-1,-1
1093,76,516.83,593.57,115.52,194.45,1,-1,-1,-1
1094,20,1115.67,470.45,120.29,180.97,1,-1,-1,-1
1094,25,764.71,510.33,87.53,165.80,1,-1,-1,-1
1094,31,594.93,497.21,143.42,199.32,1,-1,-1,-1
1094,39,994.38,487.38,99.44,191.06,1,-1,-1,-1
1094,47,1265.10,503.26,78.79,176.59,1,-1,-1,-1
1094,50,766.98,513.04,103.44,175.41,1,-1,-1,-1
1094,68,473.32,479.96,122.01,184.71,1,-1,-1,-1
1094,70,394.05,523.50,101.91,171.76,1,-1,-1,-1
1094,71,782.03,534.23,137.25,234.69,1,-1,-1,-1
1094,72,1019.59,583.15,84.97,171.08,1,-1,-1,-1
1094,74,934.14,492.58,135.47,194.70,1,-1,-1,-1
1094,76,535.98,594.56,110.46,195.06,1,-1,-1,-1
1095,20,1127.49,468.72,118.71,186.45,1,-1,-1,-1
1095,25,764.71,510.33,87.53,165.80,1,-1,-1,-1
1095,31,625.77,491.34,108.88,205.24,1,-1,-1,-1
1095,39,986.57,485.93,125.20,183.37,1,-1,-1,-1
1095,47,1271.90,499.72,79.61,182.12,1,-1,-1,-1
1095,50,772.31,520.95,86.99,169.96,1,-1,-1,-1
1095,68,494.35,470.53,105.33,179.11,1,-1,-1,-1
1095,70,410.90,513.15,85.44,182.11,1,-1,-1,-1
1095,71,778.28,523.13,147.23,245.81,1,-1,-1,-1
1095,72,1017.99,581.49,97.61,176.03,1,-1,-1,-1
1095,74,934.14,492.58,135.47,194.70,1,-1,-1,-1
1095,76,548.56,598.70,108.14,188.67,1,-1,-1,-1
1096,20,1140.40,467.39,71.25,186.78,1,-1,-1,-1
1096,25,764.71,510.33,87.53,165.80,1,-1,-1,-1
1096,31,632.38,488.37,100.01,208.15,1,-1,-1,-1
1096,39,991.92,482.62,119.91,182.77,1,-1,-1,-1
1096,47,1272.81,497.94,89.37,186.76,1,-1,-1,-1
1096,50,772.31,520.95,86.99,169.96,1,-1,-1,-1
1096,68,506.10,465.56,92.86,184.47,1,-1,-1,-1
1096,70,412.10,509.66,87.22,185.47,1,-1,-1,-1
1096,71,781.56,526.56,145.93,243.68,1,-1,-1,-1
1096,72,1013.91,582.39,108.83,176.37,1,-1,-1,-1
1096,74,934.14,492.58,135.47,194.70,1,-1,-1,-1
1096,76,556.56,601.79,118.19,183.77,1,-1,-1,-1
1097,20,1146.98,461.28,81.41,194.31,1,-1,-1,-1
1097,25,764.71,510.33,87.53,165.80,1,-1,-1,-1
1097,31,619.99,483.73,113.85,213.11,1,-1,-1,-1
1097,39,1002.88,482.37,95.38,188.53,1,-1,-1,-1
1097,47,1274.73,502.91,73.04,185.83,1,-1,-1,-1
1097,50,772.31,520.95,86.99,169.96,1,-1,-1,-1
1097,68,508.50,458.04,90.12,194.60,1,-1,-1,-1
1097,70,423.60,504.86,85.12,192.69,1,-1,-1,-1
1097,71,790.11,539.65,136.21,236.79,1,-1,-1,-1
1097,72,1009.67,583.71,114.25,174.93,1,-1,-1,-1
1097,74,934.14,492.58,135.47,194.70,1,-1,-1,-1
1097,76,572.27,603.47,143.23,176.06,1,-1,-1,-1
1098,20,1149.53,460.94,90.82,194.21,1,-1,-1,-1
1098,25,764.71,510.33,87.53,165.80,1,-1,-1,-1
1098,31,621.49,481.24,114.89,212.06,1,-1,-1,-1
1098,39,1000.70,482.92,87.32,190.64,1,-1,-1,-1
1098,47,1275.22,499.87,73.17,188.54,1,-1,-1,-1
1098,50,780.14,529.22,97.39,187.34,1,-1,-1,-1
1098,68,493.46,457.52,108.04,200.88,1,-1,-1,-1
1098,70,430.04,499.43,80.49,199.49,1,-1,-1,-1
1098,71,790.38,539.81,133.97,240.77,1,-1,-1,-1
1098,72,1002.00,584.12,122.80,172.91,1,-1,-1,-1
1098,76,574.69,607.44,155.37,176.12,1,-1,-1,-1
1099,20,1152.36,456.81,99.65,198.39,1,-1,-1,-1
1099,25,772.64,531.63,115.48,181.14,1,-1,-1,-1
1099,31,634.40,481.05,104.59,209.72,1,-1,-1,-1
1099,39,984.64,481.41,137.47,185.44,1,-1,-1,-1
1099,47,1276.09,504.82,74.57,183.95,1,-1,-1,-1
1099,50,781.66,532.12,121.38,198.14,1,-1,-1,-1
1099,68,449.52,458.01,159.69,200.59,1,-1,-1,-1
1099,70,427.84,500.94,85.96,199.04,1,-1,-1,-1
1099,71,791.45,544.66,131.89,236.37,1,-1,-1,-1
1099,72,987.64,580.38,138.49,179.76,1,-1,-1,-1
1099,76,581.72,605.82,166.16,179.94,1,-1,-1,-1
1100,20,1152.36,456.81,99.65,198.39,1,-1,-1,-1
1100,25,783.89,532.90,107.27,188.68,1,-1,-1,-1
1100,31,643.46,481.93,100.35,206.18,1,-1,-1,-1
1100,39,984.64,481.41,137.47,185.44,1,-1,-1,-1
1100,47,1276.38,502.81,73.13,185.67,1,-1,-1,-1
1100,50,781.66,532.12,121.38,198.14,1,-1,-1,-1
1100,68,444.53,458.63,165.73,200.10,1,-1,-1,-1
1100,69,1152.50,459.52,60.68,193.87,1,-1,-1,-1
1100,70,426.17,516.11,86.16,182.79,1,-1,-1,-1
1100,71,790.45,549.57,131.79,231.23,1,-1,-1,-1
1100,72,979.44,580.09,146.52,181.87,1,-1,-1,-1
1100,76,585.49,604.73,160.63,178.31,1,-1,-1,-1
1101,20,1152.53,459.68,103.67,195.28,1,-1,-1,-1
1101,25,783.89,532.90,107.27,188.68,1,-1,-1,-1
1101,31,652.26,482.37,96.10,202.36,1,-1,-1,-1
1101,39,1000.86,481.49,104.76,205.52,1,-1,-1,-1
1101,47,1277.98,504.55,72.66,183.86,1,-1,-1,-1
1101,50,781.66,532.12,121.38,198.14,1,-1,-1,-1
1101,68,520.68,460.27,92.26,197.88,1,-1,-1,-1
1101,69,1152.50,459.52,60.68,193.87,1,-1,-1,-1
1101,70,426.59,518.33,85.57,180.26,1,-1,-1,-1
1101,71,791.67,538.19,129.93,240.63,1,-1,-1,-1
1101,72,979.44,580.09,146.52,181.87,1,-1,-1,-1
1101,76,618.28,608.91,146.45,158.88,1,-1,-1,-1
1102,20,1152.30,458.00,99.72,195.53,1,-1,-1,-1
1102,25,783.89,532.90,107.27,188.68,1,-1,-1,-1
1102,31,652.05,482.40,105.33,202.94,1,-1,-1,-1
1102,39,1000.86,481.49,104.76,205.52,1,-1,-1,-1
1102,47,1278.51,504.79,71.72,183.16,1,-1,-1,-1
1102,50,781.66,532.12,121.38,198.14,1,-1,-1,-1
1102,68,519.84,458.84,92.44,197.83,1,-1,-1,-1
1102,69,1152.50,459.52,60.68,193.87,1,-1,-1,-1
1102,70,431.02,519.50,81.47,179.44,1,-1,-1,-1
1102,71,788.43,532.74,132.86,245.78,1,-1,-1,-1
1102,72,981.02,581.85,130.72,180.01,1,-1,-1,-1
1102,76,618.28,608.91,146.45,158.88,1,-1,-1,-1
1103,20,1154.33,471.64,85.00,182.51,1,-1,-1,-1
1103,25,783.89,532.90,107.27,188.68,1,-1,-1,-1
1103,31,637.48,477.88,110.64,212.94,1,-1,-1,-1
1103,39,1000.86,481.49,104.76,205.52,1,-1,-1,-1
1103,47,1285.04,504.34,65.78,182.41,1,-1,-1,-1
1103,50,781.66,532.12,121.38,198.14,1,-1,-1,-1
1103,68,487.41,452.72,122.88,206.12,1,-1,-1,-1
1103,69,1152.50,459.52,60.68,193.87,1,-1,-1,-1
1103,70,396.18,509.41,112.38,188.04,1,-1,-1,-1
1103,71,776.82,530.58,155.02,248.00,1,-1,-1,-1
1103,72,982.64,592.69,130.59,172.27,1,-1,-1,-1
1103,76,613.41,605.20,153.60,177.96,1,-1,-1,-1
1104,20,1153.95,473.70,82.71,181.71,1,-1,-1,-1
1104,25,783.89,532.90,107.27,188.68,1,-1,-1,-1
1104,31,628.56,476.60,115.47,214.92,1,-1,-1,-1
1104,39,1000.30,485.22,109.90,212.15,1,-1,-1,-1
1104,47,1284.88,502.36,83.47,184.44,1,-1,-1,-1
1104,50,781.66,532.12,121.38,198.14,1,-1,-1,-1
1104,68,494.15,451.32,116.82,207.12,1,-1,-1,-1
1104,69,1152.50,459.52,60.68,193.87,1,-1,-1,-1
1104,70,405.12,507.30,102.54,191.42,1,-1,-1,-1
1104,71,778.46,534.05,150.00,245.45,1,-1,-1,-1
1104,72,982.64,592.69,130.59,172.27,1,-1,-1,-1
1104,76,616.05,605.92,148.01,179.80,1,-1,-1,-1
1105,20,1154.68,474.07,79.24,180.94,1,-1,-1,-1
1105,25,783.89,532.90,107.27,188.68,1,-1,-1,-1
1105,31,629.57,476.92,112.32,215.14,1,-1,-1,-1
1105,39,1001.31,486.15,85.40,179.07,1,-1,-1,-1
1105,47,1281.85,501.84,91.91,185.71,1,-1,-1,-1
1105,68,504.42,451.74,106.64,207.02,1,-1,-1,-1
1105,69,1152.50,459.52,60.68,193.87,1,-1,-1,-1
1105,70,409.43,502.48,97.27,196.25,1,-1,-1,-1
1105,71,787.56,537.94,139.01,239.88,1,-1,-1,-1
1105,72,978.22,601.03,141.90,169.15,1,-1,-1,-1
1105,76,628.73,587.55,133.84,198.31,1,-1,-1,-1
1106,20,1155.63,469.45,85.46,184.88,1,-1,-1,-1
1106,31,626.63,477.78,113.77,205.65,1,-1,-1,-1
1106,39,1001.31,486.15,85.40,179.07,1,-1,-1,-1
1106,47,1280.94,503.27,95.93,184.52,1,-1,-1,-1
1106,68,504.75,452.78,105.01,206.15,1,-1,-1,-1
1106,70,405.32,501.44,101.14,196.40,1,-1,-1,-1
1106,71,788.97,533.04,143.12,245.95,1,-1,-1,-1
1106,72,977.69,605.48,136.08,163.88,1,-1,-1,-1
1106,76,617.32,583.51,152.63,203.78,1,-1,-1,-1
1107,20,1156.22,463.72,94.20,189.47,1,-1,-1,-1
1107,31,613.29,475.96,123.45,185.15,1,-1,-1,-1
1107,39,1001.31,486.15,85.40,179.07,1,-1,-1,-1
1107,47,1285.69,504.70,62.92,181.60,1,-1,-1,-1
1107,68,494.74,454.78,114.81,204.53,1,-1,-1,-1
1107,70,399.21,495.91,110.16,202.55,1,-1,-1,-1
1107,71,793.27,558.83,135.73,218.45,1,-1,-1,-1
1107,72,958.52,604.69,156.95,163.80,1,-1,-1,-1
1107,76,621.35,591.31,143.64,195.39,1,-1,-1,-1
1108,20,1156.63,460.72,95.21,191.86,1,-1,-1,-1
1108,31,611.07,477.86,126.20,181.68,1,-1,-1,-1
1108,39,1001.31,486.15,85.40,179.07,1,-1,-1,-1
1108,47,1286.19,506.16,59.58,180.30,1,-1,-1,-1
1108,68,485.77,454.55,124.04,204.66,1,-1,-1,-1
1108,70,397.14,496.76,112.90,201.15,1,-1,-1,-1
1108,71,793.27,552.66,136.66,224.16,1,-1,-1,-1
1108,72,958.62,604.00,152.95,163.99,1,-1,-1,-1
1108,76,621.78,594.53,142.62,191.57,1,-1,-1,-1
1109,20,1155.85,461.60,94.70,192.49,1,-1,-1,-1
1109,31,613.81,480.75,123.91,207.20,1,-1,-1,-1
1109,39,1005.40,487.83,112.80,207.01,1,-1,-1,-1
1109,47,1283.65,506.31,62.06,180.71,1,-1,-1,-1
1109,68,528.74,458.40,84.14,199.35,1,-1,-1,-1
1109,70,403.71,502.84,111.39,192.46,1,-1,-1,-1
1109,71,793.20,543.69,139.40,232.62,1,-1,-1,-1
1109,72,974.14,606.51,138.77,161.53,1,-1,-1,-1
1109,76,621.78,594.53,142.62,191.57,1,-1,-1,-1
1110,20,1154.90,467.87,89.57,185.80,1,-1,-1,-1
1110,31,631.10,479.71,106.45,226.42,1,-1,-1,-1
1110,39,1006.42,490.70,109.78,203.24,1,-1,-1,-1
1110,47,1285.27,506.37,59.52,180.23,1,-1,-1,-1
1110,68,496.21,456.19,116.77,202.11,1,-1,-1,-1
1110,70,408.96,505.31,103.11,190.87,1,-1,-1,-1
1110,71,793.07,539.92,140.33,235.61,1,-1,-1,-1
1110,72,977.68,606.17,135.29,163.84,1,-1,-1,-1
1110,76,621.78,594.53,142.62,191.57,1,-1,-1,-1
1111,20,1151.22,469.62,83.40,184.10,1,-1,-1,-1
1111,31,627.63,478.73,107.04,222.57,1,-1,-1,-1
1111,39,999.09,488.53,94.36,193.23,1,-1,-1,-1
1111,47,1284.52,505.38,87.47,181.99,1,-1,-1,-1
1111,68,506.21,452.82,105.94,205.49,1,-1,-1,-1
1111,70,412.00,507.96,100.70,188.02,1,-1,-1,-1
1111,71,792.40,545.45,138.48,230.85,1,-1,-1,-1
1111,72,976.00,603.85,129.76,166.15,1,-1,-1,-1
1111,76,617.75,600.91,155.83,185.33,1,-1,-1,-1
1112,20,1151.18,468.85,81.65,185.04,1,-1,-1,-1
1112,31,627.45,478.51,103.54,215.13,1,-1,-1,-1
1112,39,999.59,488.86,93.17,201.50,1,-1,-1,-1
1112,47,1281.34,502.93,83.79,185.46,1,-1,-1,-1
1112,68,509.70,453.91,102.32,204.82,1,-1,-1,-1
1112,70,410.88,508.65,101.70,188.26,1,-1,-1,-1
1112,71,792.99,580.38,136.09,196.40,1,-1,-1,-1
1112,72,979.26,605.03,137.50,162.92,1,-1,-1,-1
1112,76,617.75,600.91,155.83,185.33,1,-1,-1,-1
1113,20,1150.63,466.21,80.83,188.96,1,-1,-1,-1
1113,31,640.80,481.97,89.70,202.58,1,-1,-1,-1
1113,39,1004.02,486.75,91.22,198.17,1,-1,-1,-1
1113,47,1278.74,502.79,83.83,186.27,1,-1,-1,-1
1113,50,822.03,545.69,99.97,177.70,1,-1,-1,-1
1113,68,514.98,458.76,96.84,197.79,1,-1,-1,-1
1113,70,410.66,513.05,98.22,184.03,1,-1,-1,-1
1113,71,798.17,590.16,133.48,186.82,1,-1,-1,-1
1113,72,980.37,601.63,133.01,167.36,1,-1,-1,-1
1113,76,623.10,603.26,153.37,180.79,1,-1,-1,-1
1114,20,1150.58,463.39,83.31,190.85,1,-1,-1,-1
1114,25,822.19,544.85,95.45,181.30,1,-1,-1,-1
1114,31,644.78,481.93,86.95,190.50,1,-1,-1,-1
1114,39,1005.51,482.04,99.95,201.55,1,-1,-1,-1
1114,47,1280.33,501.84,85.82,187.49,1,-1,-1,-1
1114,48,999.78,490.04,107.44,197.06,1,-1,-1,-1
1114,50,826.06,547.16,96.56,169.72,1,-1,-1,-1
1114,68,519.35,461.51,93.47,196.57,1,-1,-1,-1
1114,70,413.32,512.34,95.86,185.24,1,-1,-1,-1
1114,71,821.08,590.86,114.47,181.45,1,-1,-1,-1
1114,72,980.85,605.01,133.37,163.42,1,-1,-1,-1
1114,76,625.90,603.39,148.60,178.85,1,-1,-1,-1
1115,20,1146.32,461.70,82.28,189.51,1,-1,-1,-1
1115,25,823.70,545.52,101.65,203.32,1,-1,-1,-1
1115,31,644.74,481.90,82.23,198.25,1,-1,-1,-1
1115,39,1008.36,487.00,99.18,191.16,1,-1,-1,-1
1115,47,1274.56,502.88,95.84,187.24,1,-1,-1,-1
1115,48,999.78,490.04,107.44,197.06,1,-1,-1,-1
1115,50,826.06,547.16,96.56,169.72,1,-1,-1,-1
1115,68,536.34,464.32,79.44,196.03,1,-1,-1,-1
1115,70,424.70,511.34,83.08,186.15,1,-1,-1,-1
1115,71,813.35,592.51,115.69,179.60,1,-1,-1,-1
1115,72,975.71,598.18,139.28,166.87,1,-1,-1,-1
1115,76,624.97,604.11,145.39,179.06,1,-1,-1,-1
1116,20,1131.01,462.38,88.54,188.57,1,-1,-1,-1
1116,25,823.70,545.52,101.65,203.32,1,-1,-1,-1
1116,31,642.77,483.99,79.63,204.02,1,-1,-1,-1
1116,39,1001.53,489.33,104.60,192.26,1,-1,-1,-1
1116,47,1270.72,504.24,98.37,186.58,1,-1,-1,-1
1116,48,988.85,487.36,118.52,209.36,1,-1,-1,-1
1116,50,820.00,546.33,108.56,218.45,1,-1,-1,-1
1116,68,541.76,464.40,75.74,197.05,1,-1,-1,-1
1116,70,421.15,508.88,87.24,187.95,1,-1,-1,-1
1116,71,804.48,586.05,123.63,187.18,1,-1,-1,-1
1116,72,977.12,583.35,139.60,181.67,1,-1,-1,-1
1116,76,635.80,605.24,134.52,178.15,1,-1,-1,-1
1117,20,1109.50,464.56,99.81,187.19,1,-1,-1,-1
1117,25,823.70,545.52,101.65,203.32,1,-1,-1,-1
1117,31,617.14,485.74,111.16,194.11,1,-1,-1,-1
1117,39,1003.16,491.54,99.09,183.31,1,-1,-1,-1
1117,47,1259.11,507.55,92.69,180.18,1,-1,-1,-1
1117,48,988.85,487.36,118.52,209.36,1,-1,-1,-1
1117,50,820.00,546.33,108.56,218.45,1,-1,-1,-1
1117,68,540.72,461.58,79.53,198.05,1,-1,-1,-1
1117,70,411.52,507.92,97.35,187.72,1,-1,-1,-1
1117,71,796.74,558.26,131.52,216.98,1,-1,-1,-1
1117,72,972.63,589.35,141.90,180.95,1,-1,-1,-1
1117,76,629.81,611.34,135.30,170.34,1,-1,-1,-1
1118,20,1100.48,467.64,103.46,186.92,1,-1,-1,-1
1118,25,823.70,545.52,101.65,203.32,1,-1,-1,-1
1118,31,607.78,488.24,121.04,194.16,1,-1,-1,-1
1118,39,997.86,493.62,95.45,180.35,1,-1,-1,-1
1118,47,1251.12,509.38,92.74,179.05,1,-1,-1,-1
1118,48,988.85,487.36,118.52,209.36,1,-1,-1,-1
1118,50,820.00,546.33,108.56,218.45,1,-1,-1,-1
1118,68,540.14,460.17,83.29,198.50,1,-1,-1,-1
1118,70,410.35,507.52,97.07,187.98,1,-1,-1,-1
1118,71,796.75,550.59,129.94,223.14,1,-1,-1,-1
1118,72,968.89,588.96,135.92,178.47,1,-1,-1,-1
1118,76,625.98,607.37,138.49,176.99,1,-1,-1,-1
1119,20,1094.94,477.77,107.85,176.14,1,-1,-1,-1
1119,25,823.70,545.52,101.65,203.32,1,-1,-1,-1
1119,31,602.19,490.97,122.96,197.40,1,-1,-1,-1
1119,39,997.86,493.62,95.45,180.35,1,-1,-1,-1
1119,47,1247.89,513.30,92.23,175.22,1,-1,-1,-1
1119,48,988.85,487.36,118.52,209.36,1,-1,-1,-1
1119,50,820.00,546.33,108.56,218.45,1,-1,-1,-1
1119,68,536.67,459.58,86.30,194.42,1,-1,-1,-1
1119,70,405.68,510.53,104.58,187.92,1,-1,-1,-1
1119,71,802.12,549.10,124.55,226.14,1,-1,-1,-1
1119,72,967.37,587.86,131.31,177.35,1,-1,-1,-1
1119,74,952.37,497.88,133.34,212.28,1,-1,-1,-1
1119,76,620.81,601.57,140.68,180.64,1,-1,-1,-1
1120,20,1092.88,483.04,110.62,170.45,1,-1,-1,-1
1120,25,823.70,545.52,101.65,203.32,1,-1,-1,-1
1120,31,602.93,491.32,120.35,200.46,1,-1,-1,-1
1120,39,997.86,493.62,95.45,180.35,1,-1,-1,-1
1120,47,1245.68,513.26,94.64,176.52,1,-1,-1,-1
1120,48,988.85,487.36,118.52,209.36,1,-1,-1,-1
1120,50,820.00,546.33,108.56,218.45,1,-1,-1,-1
1120,68,536.67,459.58,86.30,194.42,1,-1,-1,-1
1120,70,404.33,513.56,103.16,184.72,1,-1,-1,-1
1120,71,813.69,549.86,110.10,229.28,1,-1,-1,-1
1120,72,967.37,587.86,131.31,177.35,1,-1,-1,-1
1120,74,965.80,500.27,129.91,256.45,1,-1,-1,-1
1120,76,618.14,604.06,143.50,180.47,1,-1,-1,-1
1121,20,1095.08,482.52,108.40,170.00,1,-1,-1,-1
1121,31,602.12,490.10,124.44,203.11,1,-1,-1,-1
1121,39,945.99,495.88,135.27,196.33,1,-1,-1,-1
1121,47,1240.98,514.57,104.21,175.53,1,-1,-1,-1
1121,48,988.85,487.36,118.52,209.36,1,-1,-1,-1
1121,50,820.00,546.33,108.56,218.45,1,-1,-1,-1
1121,68,536.67,459.58,86.30,194.42,1,-1,-1,-1
1121,70,403.44,510.87,102.23,188.66,1,-1,-1,-1
1121,71,815.12,551.13,108.90,223.15,1,-1,-1,-1
1121,72,970.35,575.97,127.25,190.98,1,-1,-1,-1
1121,74,951.96,499.20,134.63,216.33,1,-1,-1,-1
1121,76,618.89,600.17,142.96,181.68,1,-1,-1,-1
1121,77,513.10,462.65,109.47,196.15,1,-1,-1,-1
1122,20,1097.39,479.12,106.85,172.78,1,-1,-1,-1
1122,31,601.47,494.39,126.43,199.17,1,-1,-1,-1
1122,39,942.95,496.79,133.15,196.44,1,-1,-1,-1
1122,47,1239.41,514.72,108.05,174.72,1,-1,-1,-1
1122,68,536.67,459.58,86.30,194.42,1,-1,-1,-1
1122,70,403.68,513.34,100.11,185.85,1,-1,-1,-1
1122,71,805.54,551.29,119.20,223.35,1,-1,-1,-1
1122,72,973.29,582.71,123.02,185.33,1,-1,-1,-1
1122,74,951.04,499.04,124.99,191.98,1,-1,-1,-1
1122,76,616.56,604.00,144.58,181.02,1,-1,-1,-1
1122,77,512.05,463.42,111.27,197.03,1,-1,-1,-1
1123,20,1100.11,478.57,108.14,175.27,1,-1,-1,-1
1123,31,587.70,495.79,134.21,198.28,1,-1,-1,-1
1123,39,942.95,496.79,133.15,196.44,1,-1,-1,-1
1123,47,1234.70,513.20,117.59,177.18,1,-1,-1,-1
1123,68,536.67,459.58,86.30,194.42,1,-1,-1,-1
1123,70,402.89,513.50,100.40,187.59,1,-1,-1,-1
1123,71,798.88,551.69,122.96,227.28,1,-1,-1,-1
1123,72,969.45,574.47,129.34,195.25,1,-1,-1,-1
1123,74,966.06,499.31,119.50,185.14,1,-1,-1,-1
1123,76,614.39,604.68,146.63,180.56,1,-1,-1,-1
1123,77,512.92,465.88,115.09,198.02,1,-1,-1,-1
1124,20,1093.75,479.70,122.22,171.97,1,-1,-1,-1
1124,31,583.94,494.31,144.97,199.22,1,-1,-1,-1
1124,39,942.95,496.79,133.15,196.44,1,-1,-1,-1
1124,47,1216.42,512.90,138.70,177.03,1,-1,-1,-1
1124,68,536.67,459.58,86.30,194.42,1,-1,-1,-1
1124,70,398.16,510.54,114.71,191.75,1,-1,-1,-1
1124,71,783.30,549.68,144.19,231.32,1,-1,-1,-1
1124,72,964.15,574.31,134.69,195.72,1,-1,-1,-1
1124,74,961.46,499.79,128.90,186.12,1,-1,-1,-1
1124,76,611.07,601.91,150.54,182.33,1,-1,-1,-1
1124,77,511.81,467.17,120.27,197.31,1,-1,-1,-1
1125,20,1091.03,483.14,143.96,169.60,1,-1,-1,-1
1125,31,587.04,497.04,150.45,199.49,1,-1,-1,-1
1125,39,912.07,504.03,171.44,182.89,1,-1,-1,-1
1125,47,1213.64,515.13,146.69,174.26,1,-1,-1,-1
1125,70,362.92,510.85,170.86,187.79,1,-1,-1,-1
1125,71,760.06,554.62,186.70,226.37,1,-1,-1,-1
1125,72,959.44,569.73,140.87,198.17,1,-1,-1,-1
1125,74,930.61,502.75,170.98,197.07,1,-1,-1,-1
1125,76,611.74,597.41,152.72,186.58,1,-1,-1,-1
1125,77,513.02,466.39,118.02,197.50,1,-1,-1,-1
1126,20,1091.26,485.89,118.72,166.31,1,-1,-1,-1
1126,31,587.52,496.99,147.30,201.10,1,-1,-1,-1
1126,39,902.97,504.48,181.74,180.94,1,-1,-1,-1
1126,47,1219.78,518.22,145.90,171.47,1,-1,-1,-1
1126,70,358.03,508.36,182.52,188.19,1,-1,-1,-1
1126,71,756.32,553.57,194.39,224.11,1,-1,-1,-1
1126,72,965.82,568.15,133.01,196.85,1,-1,-1,-1
1126,74,930.61,502.75,170.98,197.07,1,-1,-1,-1
1126,76,610.96,590.92,156.06,194.85,1,-1,-1,-1
1126,77,504.16,464.91,129.46,198.88,1,-1,-1,-1
1127,20,1087.02,481.14,142.23,172.34,1,-1,-1,-1
1127,31,587.52,493.23,138.70,204.33,1,-1,-1,-1
1127,39,900.09,504.21,189.97,183.69,1,-1,-1,-1
1127,47,1221.01,513.88,149.53,176.15,1,-1,-1,-1
1127,53,1082.88,477.54,145.09,177.07,1,-1,-1,-1
1127,70,361.77,509.55,154.34,186.06,1,-1,-1,-1
1127,71,746.63,551.88,198.34,225.70,1,-1,-1,-1
1127,72,962.01,570.14,136.85,195.54,1,-1,-1,-1
1127,74,931.05,505.26,186.49,191.37,1,-1,-1,-1
1127,76,609.74,579.57,155.29,204.89,1,-1,-1,-1
1127,77,475.49,465.32,156.00,198.05,1,-1,-1,-1
1128,20,1087.88,476.86,146.16,178.14,1,-1,-1,-1
1128,31,580.87,483.58,145.45,213.77,1,-1,-1,-1
1128,39,900.09,504.21,189.97,183.69,1,-1,-1,-1
1128,47,1213.68,514.57,161.85,175.53,1,-1,-1,-1
1128,53,1082.88,477.54,145.09,177.07,1,-1,-1,-1
1128,70,364.18,504.42,151.02,192.28,1,-1,-1,-1
1128,71,747.77,552.01,180.93,225.77,1,-1,-1,-1
1128,72,942.39,561.39,164.11,202.87,1,-1,-1,-1
1128,74,904.88,500.22,235.32,200.55,1,-1,-1,-1
1128,76,608.96,571.25,158.00,213.67,1,-1,-1,-1
1128,77,474.16,463.98,165.13,202.11,1,-1,-1,-1
1129,20,1093.13,478.92,126.32,176.35,1,-1,-1,-1
1129,31,589.78,479.16,134.87,221.05,1,-1,-1,-1
1129,39,900.09,504.21,189.97,183.69,1,-1,-1,-1
1129,47,1179.14,512.58,189.94,176.75,1,-1,-1,-1
1129,53,1082.88,477.54,145.09,177.07,1,-1,-1,-1
1129,70,358.46,510.07,151.80,185.99,1,-1,-1,-1
1129,71,737.78,543.07,192.90,238.05,1,-1,-1,-1
1129,72,942.39,561.39,164.11,202.87,1,-1,-1,-1
1129,74,897.26,507.82,221.27,246.18,1,-1,-1,-1
1129,76,607.28,560.37,161.38,222.79,1,-1,-1,-1
1129,77,473.03,464.23,162.42,202.17,1,-1,-1,-1
1130,20,1068.32,473.31,142.14,179.81,1,-1,-1,-1
1130,31,593.35,482.98,128.70,217.87,1,-1,-1,-1
1130,39,948.58,485.89,128.08,201.96,1,-1,-1,-1
1130,47,1164.35,503.74,194.30,185.85,1,-1,-1,-1
1130,48,959.93,490.14,149.54,208.29,1,-1,-1,-1
1130,53,1082.88,477.54,145.09,177.07,1,-1,-1,-1
1130,70,388.14,515.53,126.54,182.98,1,-1,-1,-1
1130,71,748.52,536.54,206.35,243.00,1,-1,-1,-1
1130,72,986.80,556.29,120.89,209.96,1,-1,-1,-1
1130,74,897.26,507.82,221.27,246.18,1,-1,-1,-1
1130,76,606.65,558.88,161.57,220.48,1,-1,-1,-1
1130,77,477.06,464.19,153.39,203.48,1,-1,-1,-1
1131,20,1063.95,456.60,138.86,193.22,1,-1,-1,-1
1131,31,580.82,477.26,140.78,220.84,1,-1,-1,-1
1131,39,907.59,466.17,179.31,222.16,1,-1,-1,-1
1131,47,1189.92,486.15,155.11,203.98,1,-1,-1,-1
1131,48,959.93,490.14,149.54,208.29,1,-1,-1,-1
1131,53,1082.88,477.54,145.09,177.07,1,-1,-1,-1
1131,70,356.45,494.08,136.62,203.58,1,-1,-1,-1
1131,71,751.64,524.26,193.16,253.95,1,-1,-1,-1
1131,72,997.80,552.72,115.93,211.02,1,-1,-1,-1
1131,74,897.26,507.82,221.27,246.18,1,-1,-1,-1
1131,76,620.82,545.30,154.38,230.87,1,-1,-1,-1
1131,77,484.78,442.54,140.14,225.41,1,-1,-1,-1
1132,20,1062.42,451.24,143.43,196.24,1,-1,-1,-1
1132,31,581.77,477.98,139.11,217.92,1,-1,-1,-1
1132,39,905.34,461.62,190.28,226.46,1,-1,-1,-1
1132,47,1188.71,484.17,157.29,205.39,1,-1,-1,-1
1132,48,959.93,490.14,149.54,208.29,1,-1,-1,-1
1132,53,1082.88,477.54,145.09,177.07,1,-1,-1,-1
1132,70,365.91,486.56,117.93,216.81,1,-1,-1,-1
1132,71,748.43,521.08,204.19,255.05,1,-1,-1,-1
1132,72,996.22,544.30,117.34,213.46,1,-1,-1,-1
1132,74,897.26,507.82,221.27,246.18,1,-1,-1,-1
1132,76,630.26,539.14,144.09,235.83,1,-1,-1,-1
1132,77,484.10,428.52,140.70,239.41,1,-1,-1,-1
1133,20,1082.54,465.15,109.90,179.36,1,-1,-1,-1
1133,28,363.78,487.42,121.23,211.40,1,-1,-1,-1
1133,31,576.80,481.90,123.22,210.68,1,-1,-1,-1
1133,39,935.36,475.60,151.49,211.88,1,-1,-1,-1
1133,47,1162.68,490.44,191.55,199.02,1,-1,-1,-1
1133,48,941.29,481.60,183.34,215.39,1,-1,-1,-1
1133,70,363.77,492.23,125.52,210.12,1,-1,-1,-1
1133,71,744.94,527.93,204.99,248.80,1,-1,-1,-1
1133,72,983.79,545.44,135.75,216.29,1,-1,-1,-1
1133,74,897.26,507.82,221.27,246.18,1,-1,-1,-1
1133,76,641.34,532.26,130.80,240.82,1,-1,-1,-1
1133,77,475.97,440.98,143.44,230.19,1,-1,-1,-1
1134,20,1093.29,469.82,86.54,155.63,1,-1,-1,-1
1134,28,363.78,487.42,121.23,211.40,1,-1,-1,-1
1134,31,576.31,482.67,110.65,208.29,1,-1,-1,-1
1134,39,941.07,478.24,114.12,210.64,1,-1,-1,-1
1134,47,1176.79,501.67,181.77,188.12,1,-1,-1,-1
1134,48,941.29,481.60,183.34,215.39,1,-1,-1,-1
1134,53,1097.41,473.64,81.37,145.39,1,-1,-1,-1
1134,70,342.20,495.04,158.30,202.00,1,-1,-1,-1
1134,71,743.30,532.15,208.01,245.68,1,-1,-1,-1
1134,72,967.56,546.32,160.85,216.18,1,-1,-1,-1
1134,74,897.26,507.82,221.27,246.18,1,-1,-1,-1
1134,76,647.28,541.22,126.54,232.22,1,-1,-1,-1
1134,77,461.23,457.05,153.93,215.51,1,-1,-1,-1
1135,20,1092.06,468.78,76.99,178.77,1,-1,-1,-1
1135,28,363.78,487.42,121.23,211.40,1,-1,-1,-1
1135,31,574.01,483.92,113.28,209.15,1,-1,-1,-1
1135,39,937.85,477.44,116.45,213.48,1,-1,-1,-1
1135,47,1191.66,510.01,172.29,179.45,1,-1,-1,-1
1135,48,941.29,481.60,183.34,215.39,1,-1,-1,-1
1135,53,1097.41,473.64,81.37,145.39,1,-1,-1,-1
1135,68,556.86,480.35,115.10,209.41,1,-1,-1,-1
1135,70,381.37,508.97,130.55,192.94,1,-1,-1,-1
1135,71,743.76,539.25,219.87,238.89,1,-1,-1,-1
1135,72,989.76,550.19,86.51,214.24,1,-1,-1,-1
1135,76,647.91,541.77,120.92,229.70,1,-1,-1,-1
1135,77,464.73,468.30,150.97,205.39,1,-1,-1,-1
1136,20,1094.38,469.99,70.13,168.21,1,-1,-1,-1
1136,28,363.78,487.42,121.23,211.40,1,-1,-1,-1
1136,31,574.01,483.92,113.28,209.15,1,-1,-1,-1
1136,39,931.67,476.87,153.95,211.17,1,-1,-1,-1
1136,47,1192.46,514.26,174.16,175.75,1,-1,-1,-1
1136,48,936.15,471.21,183.49,225.10,1,-1,-1,-1
1136,53,1086.14,467.27,80.52,179.08,1,-1,-1,-1
1136,68,574.85,484.35,112.33,209.65,1,-1,-1,-1
1136,70,378.04,506.31,149.75,196.57,1,-1,-1,-1
1136,71,733.54,536.06,267.11,239.00,1,-1,-1,-1
1136,72,977.39,548.62,100.96,215.25,1,-1,-1,-1
1136,76,647.83,542.34,116.35,227.74,1,-1,-1,-1
1136,77,480.55,476.99,131.97,194.61,1,-1,-1,-1
1137,20,1094.80,468.93,70.07,174.57,1,-1,-1,-1
1137,28,363.78,487.42,121.23,211.40,1,-1,-1,-1
1137,31,574.01,483.92,113.28,209.15,1,-1,-1,-1
1137,39,931.67,476.87,153.95,211.17,1,-1,-1,-1
1137,47,1209.68,517.03,157.47,172.21,1,-1,-1,-1
1137,48,935.30,472.82,177.00,222.91,1,-1,-1,-1
1137,53,1082.10,466.68,85.80,179.84,1,-1,-1,-1
1137,68,576.78,486.04,136.59,215.67,1,-1,-1,-1
1137,70,370.65,500.24,196.78,208.34,1,-1,-1,-1
1137,71,736.85,537.95,270.80,240.06,1,-1,-1,-1
1137,72,994.21,549.97,96.57,212.79,1,-1,-1,-1
1137,76,639.25,546.10,96.52,222.60,1,-1,-1,-1
1137,77,501.52,483.97,127.19,181.96,1,-1,-1,-1
1138,20,1094.80,468.93,70.07,174.57,1,-1,-1,-1
1138,28,363.78,487.42,121.23,211.40,1,-1,-1,-1
1138,31,574.01,483.92,113.28,209.15,1,-1,-1,-1
1138,39,931.67,476.87,153.95,211.17,1,-1,-1,-1
1138,47,1165.62,510.98,201.22,178.92,1,-1,-1,-1
1138,48,927.05,474.06,182.10,215.71,1,-1,-1,-1
1138,53,1091.10,468.43,70.51,179.34,1,-1,-1,-1
1138,68,486.66,483.66,235.02,217.74,1,-1,-1,-1
1138,70,368.90,511.75,176.43,195.48,1,-1,-1,-1
1138,71,738.40,540.19,180.87,235.79,1,-1,-1,-1
1138,72,995.28,539.35,112.18,224.61,1,-1,-1,-1
1138,76,628.22,546.22,101.48,223.19,1,-1,-1,-1
1138,77,469.17,487.84,148.48,176.34,1,-1,-1,-1
1139,20,1094.80,468.93,70.07,174.57,1,-1,-1,-1
1139,31,571.50,492.78,137.87,207.85,1,-1,-1,-1
1139,39,931.67,476.87,153.95,211.17,1,-1,-1,-1
1139,47,1147.01,496.06,219.47,195.43,1,-1,-1,-1
1139,48,918.98,472.37,190.67,219.26,1,-1,-1,-1
1139,53,1085.66,468.33,82.50,189.72,1,-1,-1,-1
1139,68,486.66,483.66,235.02,217.74,1,-1,-1,-1
1139,70,368.65,519.14,150.49,188.86,1,-1,-1,-1
1139,71,737.19,539.52,232.78,250.17,1,-1,-1,-1
1139,72,991.76,547.05,110.09,216.23,1,-1,-1,-1
1139,76,623.53,545.57,128.11,223.12,1,-1,-1,-1
1139,77,449.07,488.58,177.11,181.30,1,-1,-1,-1
1140,20,1094.80,468.93,70.07,174.57,1,-1,-1,-1
1140,31,568.06,499.12,142.19,206.01,1,-1,-1,-1
1140,39,931.67,476.87,153.95,211.17,1,-1,-1,-1
1140,47,1169.06,499.55,198.82,197.89,1,-1,-1,-1
1140,48,904.56,472.36,208.25,220.06,1,-1,-1,-1
1140,53,1066.09,468.11,125.01,193.97,1,-1,-1,-1
1140,68,486.66,483.66,235.02,217.74,1,-1,-1,-1
1140,70,368.51,522.09,144.04,192.64,1,-1,-1,-1
1140,71,734.30,538.78,243.11,257.99,1,-1,-1,-1
1140,72,988.37,543.03,120.95,221.74,1,-1,-1,-1
1140,76,618.55,544.77,126.36,228.16,1,-1,-1,-1
1140,77,459.69,488.31,165.82,180.66,1,-1,-1,-1
1141,20,1094.80,468.93,70.07,174.57,1,-1,-1,-1
1141,31,574.10,505.72,142.85,213.44,1,-1,-1,-1
1141,39,925.07,482.04,131.40,208.49,1,-1,-1,-1
1141,47,1208.52,493.99,140.40,207.12,1,-1,-1,-1
1141,48,904.56,472.36,208.25,220.06,1,-1,-1,-1
1141,53,1087.84,475.61,93.73,189.68,1,-1,-1,-1
1141,68,564.17,505.65,120.61,203.32,1,-1,-1,-1
1141,70,368.89,523.23,136.16,195.86,1,-1,-1,-1
1141,71,730.43,539.86,238.89,258.35,1,-1,-1,-1
1141,72,985.11,557.35,107.31,215.05,1,-1,-1,-1
1141,76,612.64,547.30,114.92,243.68,1,-1,-1,-1
1141,77,479.73,486.43,116.39,187.16,1,-1,-1,-1
1142,20,1094.80,468.93,70.07,174.57,1,-1,-1,-1
1142,31,574.10,505.72,142.85,213.44,1,-1,-1,-1
1142,39,897.63,485.14,151.33,207.63,1,-1,-1,-1
1142,47,1216.72,501.23,135.87,201.32,1,-1,-1,-1
1142,48,904.56,472.36,208.25,220.06,1,-1,-1,-1
1142,53,1093.32,482.02,79.90,183.90,1,-1,-1,-1
1142,68,564.08,514.63,107.84,187.80,1,-1,-1,-1
1142,70,370.82,524.47,119.00,195.10,1,-1,-1,-1
1142,71,726.50,539.20,236.11,256.14,1,-1,-1,-1
1142,72,985.42,560.24,105.72,217.28,1,-1,-1,-1
1142,76,601.38,548.06,123.50,241.53,1,-1,-1,-1
1142,77,489.40,485.24,98.99,194.62,1,-1,-1,-1
1143,31,574.10,505.72,142.85,213.44,1,-1,-1,-1
1143,39,897.63,485.14,151.33,207.63,1,-1,-1,-1
1143,47,1234.66,515.98,113.73,186.66,1,-1,-1,-1
1143,48,926.22,497.24,181.86,199.63,1,-1,-1,-1
1143,50,791.68,534.50,136.94,247.05,1,-1,-1,-1
1143,53,1085.94,486.89,85.51,177.74,1,-1,-1,-1
1143,68,545.42,538.08,126.21,167.89,1,-1,-1,-1
1143,70,367.81,525.44,116.62,193.34,1,-1,-1,-1
1143,71,714.54,561.64,260.53,235.56,1,-1,-1,-1
1143,72,985.42,560.24,105.72,217.28,1,-1,-1,-1
1143,74,935.82,530.85,199.21,249.35,1,-1,-1,-1
1143,76,552.56,545.08,179.98,248.60,1,-1,-1,-1
1143,77,496.03,485.70,84.29,202.25,1,-1,-1,-1
1144,25,798.08,535.24,114.80,216.86,1,-1,-1,-1
1144,31,574.10,505.72,142.85,213.44,1,-1,-1,-1
1144,39,897.63,485.14,151.33,207.63,1,-1,-1,-1
1144,47,1235.83,523.54,108.56,180.03,1,-1,-1,-1
1144,48,901.60,508.30,204.94,187.04,1,-1,-1,-1
1144,50,792.02,532.63,129.14,239.01,1,-1,-1,-1
1144,53,1081.55,487.19,87.76,178.28,1,-1,-1,-1
1144,68,530.09,541.11,128.04,166.68,1,-1,-1,-1
1144,70,330.96,525.99,149.56,191.95,1,-1,-1,-1
1144,71,729.35,576.23,239.58,219.85,1,-1,-1,-1
1144,72,976.71,558.65,127.85,225.53,1,-1,-1,-1
1144,74,935.82,530.85,199.21,249.35,1,-1,-1,-1
1144,76,599.35,555.65,126.99,236.74,1,-1,-1,-1
1144,77,496.41,486.45,81.36,201.61,1,-1,-1,-1
1145,25,804.70,534.29,125.64,208.97,1,-1,-1,-1
1145,31,574.10,505.72,142.85,213.44,1,-1,-1,-1
1145,39,897.63,485.14,151.33,207.63,1,-1,-1,-1
1145,47,1231.92,533.94,111.59,169.36,1,-1,-1,-1
1145,48,890.97,527.11,204.53,169.16,1,-1,-1,-1
1145,50,798.12,533.82,130.92,229.37,1,-1,-1,-1
1145,53,1083.70,483.62,89.11,187.60,1,-1,-1,-1
1145,68,534.08,557.18,116.83,147.66,1,-1,-1,-1
1145,70,325.16,528.45,143.76,190.02,1,-1,-1,-1
1145,71,740.97,588.76,214.45,208.63,1,-1,-1,-1
1145,72,976.71,558.65,127.85,225.53,1,-1,-1,-1
1145,74,915.16,567.42,207.63,216.28,1,-1,-1,-1
1145,76,600.66,558.10,102.43,236.95,1,-1,-1,-1
1145,77,490.13,485.15,94.32,204.09,1,-1,-1,-1
1146,25,806.59,531.58,122.53,198.02,1,-1,-1,-1
1146,31,574.10,505.72,142.85,213.44,1,-1,-1,-1
1146,39,897.63,485.14,151.33,207.63,1,-1,-1,-1
1146,47,1236.65,535.62,100.07,167.41,1,-1,-1,-1
1146,48,894.77,535.89,190.25,162.84,1,-1,-1,-1
1146,50,798.12,533.82,130.92,229.37,1,-1,-1,-1
1146,53,1081.48,476.31,96.97,193.19,1,-1,-1,-1
1146,68,534.08,557.18,116.83,147.66,1,-1,-1,-1
1146,70,327.36,529.16,124.67,189.34,1,-1,-1,-1
1146,71,740.97,588.76,214.45,208.63,1,-1,-1,-1
1146,72,947.20,587.52,160.14,196.30,1,-1,-1,-1
1146,74,915.16,567.42,207.63,216.28,1,-1,-1,-1
1146,76,594.87,563.21,106.12,233.15,1,-1,-1,-1
1146,77,486.21,484.13,103.36,209.04,1,-1,-1,-1
1147,25,786.38,530.57,125.18,192.39,1,-1,-1,-1
1147,39,946.01,545.28,81.14,150.94,1,-1,-1,-1
1147,47,1232.50,536.37,84.11,167.08,1,-1,-1,-1
1147,48,894.77,535.89,190.25,162.84,1,-1,-1,-1
1147,50,798.12,533.82,130.92,229.37,1,-1,-1,-1
1147,53,1081.00,459.56,92.76,203.22,1,-1,-1,-1
1147,68,575.70,569.32,84.17,152.00,1,-1,-1,-1
1147,70,333.37,537.32,109.17,182.87,1,-1,-1,-1
1147,71,740.97,588.76,214.45,208.63,1,-1,-1,-1
1147,72,982.03,611.15,90.13,176.35,1,-1,-1,-1
1147,74,915.16,567.42,207.63,216.28,1,-1,-1,-1
1147,76,586.19,574.66,116.58,219.52,1,-1,-1,-1
1147,77,475.54,485.70,117.80,210.29,1,-1,-1,-1
1147,79,764.35,622.59,168.75,171.76,1,-1,-1,-1
1148,25,791.64,527.78,108.27,209.17,1,-1,-1,-1
1148,39,950.48,548.47,71.05,151.84,1,-1,-1,-1
1148,47,1242.89,536.32,69.90,166.14,1,-1,-1,-1
1148,48,894.77,535.89,190.25,162.84,1,-1,-1,-1
1148,50,798.12,533.82,130.92,229.37,1,-1,-1,-1
1148,53,1092.48,448.93,75.39,210.12,1,-1,-1,-1
1148,68,575.70,569.32,84.17,152.00,1,-1,-1,-1
1148,70,360.62,539.10,81.80,182.69,1,-1,-1,-1
1148,71,740.97,588.76,214.45,208.63,1,-1,-1,-1
1148,72,996.30,611.02,76.95,170.90,1,-1,-1,-1
1148,74,915.16,567.42,207.63,216.28,1,-1,-1,-1
1148,76,579.39,571.43,124.12,223.55,1,-1,-1,-1
1148,77,476.02,481.44,117.42,214.15,1,-1,-1,-1
1148,79,809.25,641.09,124.62,158.90,1,-1,-1,-1
1149,25,791.64,527.78,108.27,209.17,1,-1,-1,-1
1149,39,954.92,558.04,63.93,143.95,1,-1,-1,-1
1149,47,1244.92,534.82,67.06,167.83,1,-1,-1,-1
1149,48,894.77,535.89,190.25,162.84,1,-1,-1,-1
1149,50,804.90,527.34,96.68,262.63,1,-1,-1,-1
1149,53,1098.13,435.65,69.46,222.45,1,-1,-1,-1
1149,68,575.70,569.32,84.17,152.00,1,-1,-1,-1
1149,70,367.77,537.08,74.72,183.81,1,-1,-1,-1
1149,71,740.97,588.76,214.45,208.63,1,-1,-1,-1
1149,72,993.87,610.00,81.67,173.87,1,-1,-1,-1
1149,74,915.16,567.42,207.63,216.28,1,-1,-1,-1
1149,76,577.64,567.99,124.21,223.26,1,-1,-1,-1
1149,77,491.42,470.65,88.62,224.69,1,-1,-1,-1
1149,79,809.25,641.09,124.62,158.90,1,-1,-1,-1
1150,25,791.64,527.78,108.27,209.17,1,-1,-1,-1
1150,39,953.35,553.45,66.29,146.05,1,-1,-1,-1
1150,47,1244.30,532.97,68.02,169.18,1,-1,-1,-1
1150,48,894.77,535.89,190.25,162.84,1,-1,-1,-1
1150,50,812.18,528.25,85.68,263.79,1,-1,-1,-1
1150,53,1098.53,435.96,67.82,223.88,1,-1,-1,-1
1150,68,575.70,569.32,84.17,152.00,1,-1,-1,-1
1150,70,368.23,557.19,72.51,163.07,1,-1,-1,-1
1150,71,740.97,588.76,214.45,208.63,1,-1,-1,-1
1150,72,994.68,612.24,81.80,171.86,1,-1,-1,-1
1150,74,915.16,567.42,207.63,216.28,1,-1,-1,-1
1150,76,580.09,563.23,116.89,226.53,1,-1,-1,-1
1150,77,497.60,471.75,76.93,221.67,1,-1,-1,-1
1150,79,809.25,641.09,124.62,158.90,1,-1,-1,-1
1151,25,791.64,527.78,108.27,209.17,1,-1,-1,-1
1151,39,952.28,542.72,68.98,153.71,1,-1,-1,-1
1151,47,1233.88,524.30,106.14,176.61,1,-1,-1,-1
1151,48,894.77,535.89,190.25,162.84,1,-1,-1,-1
1151,50,821.44,531.97,72.98,215.01,1,-1,-1,-1
1151,53,1099.39,450.95,70.07,208.13,1,-1,-1,-1
1151,68,575.70,569.32,84.17,152.00,1,-1,-1,-1
1151,70,367.75,566.51,73.74,152.94,1,-1,-1,-1
1151,72,993.22,605.93,81.13,179.92,1,-1,-1,-1
1151,76,574.38,546.13,124.53,248.04,1,-1,-1,-1
1151,77,497.44,484.61,77.15,210.42,1,-1,-1,-1
1151,79,814.48,646.89,82.98,152.22,1,-1,-1,-1
1152,25,820.41,532.69,75.82,178.87,1,-1,-1,-1
1152,39,949.54,526.32,71.82,170.41,1,-1,-1,-1
1152,47,1220.92,522.73,129.98,177.79,1,-1,-1,-1
1152,50,823.43,532.93,72.73,196.50,1,-1,-1,-1
1152,53,1098.96,460.55,68.38,198.11,1,-1,-1,-1
1152,68,575.70,569.32,84.17,152.00,1,-1,-1,-1
1152,70,367.19,567.12,74.64,153.00,1,-1,-1,-1
1152,72,995.60,597.77,79.52,188.78,1,-1,-1,-1
1152,76,576.21,541.10,116.68,252.60,1,-1,-1,-1
1152,77,499.12,488.44,77.63,206.24,1,-1,-1,-1
1152,79,813.90,619.04,82.57,176.36,1,-1,-1,-1
1153,25,810.39,532.02,87.72,188.35,1,-1,-1,-1
1153,39,917.28,507.44,117.58,189.92,1,-1,-1,-1
1153,47,1199.54,515.66,168.02,185.39,1,-1,-1,-1
1153,50,823.43,532.93,72.73,196.50,1,-1,-1,-1
1153,53,1096.78,469.54,71.47,193.84,1,-1,-1,-1
1153,68,558.24,535.40,123.25,187.50,1,-1,-1,-1
1153,70,363.48,564.38,77.46,156.83,1,-1,-1,-1
1153,72,987.01,586.98,83.67,197.31,1,-1,-1,-1
1153,76,583.90,547.89,104.89,237.63,1,-1,-1,-1
1153,77,500.08,488.02,79.32,204.67,1,-1,-1,-1
1153,79,808.84,599.12,98.91,198.00,1,-1,-1,-1
1154,25,802.52,532.87,109.35,193.15,1,-1,-1,-1
1154,39,903.47,497.92,147.25,199.14,1,-1,-1,-1
1154,47,1188.90,511.43,184.00,185.17,1,-1,-1,-1
1154,50,823.43,532.93,72.73,196.50,1,-1,-1,-1
1154,53,1093.14,473.66,74.67,191.15,1,-1,-1,-1
1154,68,558.24,535.40,123.25,187.50,1,-1,-1,-1
1154,70,353.37,559.15,89.56,162.19,1,-1,-1,-1
1154,72,985.26,582.06,86.32,202.96,1,-1,-1,-1
1154,76,584.49,530.37,118.95,242.93,1,-1,-1,-1
1154,77,500.52,485.63,87.52,204.54,1,-1,-1,-1
1154,79,806.68,586.01,104.40,210.50,1,-1,-1,-1
1155,25,798.36,533.77,120.89,235.46,1,-1,-1,-1
1155,39,903.47,497.92,147.25,199.14,1,-1,-1,-1
1155,47,1186.92,512.65,181.18,176.04,1,-1,-1,-1
1155,48,890.73,487.14,192.23,210.11,1,-1,-1,-1
1155,50,823.43,532.93,72.73,196.50,1,-1,-1,-1
1155,53,1093.39,483.61,72.54,180.83,1,-1,-1,-1
1155,68,572.42,511.39,98.81,190.27,1,-1,-1,-1
1155,70,327.43,549.34,117.94,170.56,1,-1,-1,-1
1155,72,985.70,567.10,91.53,212.70,1,-1,-1,-1
1155,76,589.84,556.52,100.71,210.69,1,-1,-1,-1
1155,77,498.98,483.86,83.42,206.70,1,-1,-1,-1
1155,79,807.86,570.81,109.53,217.83,1,-1,-1,-1
1156,25,803.22,536.62,120.44,244.25,1,-1,-1,-1
1156,39,903.47,497.92,147.25,199.14,1,-1,-1,-1
1156,47,1186.25,513.64,177.29,178.33,1,-1,-1,-1
1156,48,886.04,480.53,191.51,215.61,1,-1,-1,-1
1156,50,823.43,532.93,72.73,196.50,1,-1,-1,-1
1156,53,1092.79,485.12,73.30,178.38,1,-1,-1,-1
1156,68,567.59,500.87,106.12,196.59,1,-1,-1,-1
1156,70,314.76,540.00,144.11,180.17,1,-1,-1,-1
1156,72,984.77,566.54,92.77,207.52,1,-1,-1,-1
1156,76,593.17,557.38,94.32,208.85,1,-1,-1,-1
1156,77,497.72,484.62,81.82,197.78,1,-1,-1,-1
1156,79,807.86,570.81,109.53,217.83,1,-1,-1,-1
1157,25,800.29,542.16,123.45,229.75,1,-1,-1,-1
1157,39,903.47,497.92,147.25,199.14,1,-1,-1,-1
1157,47,1188.64,511.89,171.58,180.85,1,-1,-1,-1
1157,48,922.17,478.45,154.65,212.70,1,-1,-1,-1
1157,50,823.43,532.93,72.73,196.50,1,-1,-1,-1
1157,53,1096.42,484.50,71.14,176.64,1,-1,-1,-1
1157,68,565.37,500.46,114.17,192.93,1,-1,-1,-1
1157,70,363.25,534.82,77.55,186.25,1,-1,-1,-1
1157,72,978.34,565.28,95.66,196.59,1,-1,-1,-1
1157,76,591.61,555.98,91.28,210.65,1,-1,-1,-1
1157,77,496.21,482.30,82.81,188.73,1,-1,-1,-1
1157,79,807.86,570.81,109.53,217.83,1,-1,-1,-1
1158,25,798.35,543.77,126.51,223.11,1,-1,-1,-1
1158,39,903.47,497.92,147.25,199.14,1,-1,-1,-1
1158,47,1189.27,511.10,170.32,181.29,1,-1,-1,-1
1158,48,921.78,475.60,167.84,215.93,1,-1,-1,-1
1158,53,1098.44,483.66,69.92,178.97,1,-1,-1,-1
1158,68,565.37,500.46,114.17,192.93,1,-1,-1,-1
1158,70,369.00,532.25,70.37,188.76,1,-1,-1,-1
1158,72,976.94,565.47,97.16,195.82,1,-1,-1,-1
1158,76,585.79,550.77,98.19,217.01,1,-1,-1,-1
1158,77,496.51,482.07,82.25,186.71,1,-1,-1,-1
1158,79,807.86,570.81,109.53,217.83,1,-1,-1,-1
1159,25,800.09,546.99,125.49,207.67,1,-1,-1,-1
1159,31,524.85,485.36,203.37,269.19,1,-1,-1,-1
1159,39,903.47,497.92,147.25,199.14,1,-1,-1,-1
1159,47,1186.09,513.39,175.16,179.22,1,-1,-1,-1
1159,48,873.05,470.37,222.04,222.02,1,-1,-1,-1
1159,53,1097.77,487.40,70.51,178.87,1,-1,-1,-1
1159,68,565.05,488.95,164.15,256.81,1,-1,-1,-1
1159,70,358.60,529.05,84.48,185.11,1,-1,-1,-1
1159,72,975.82,565.48,95.98,196.21,1,-1,-1,-1
1159,76,577.33,548.30,128.85,218.65,1,-1,-1,-1
1159,77,495.86,481.87,84.46,188.64,1,-1,-1,-1
1159,79,807.86,570.81,109.53,217.83,1,-1,-1,-1
1160,25,801.72,549.77,121.73,217.03,1,-1,-1,-1
1160,31,524.85,485.36,203.37,269.19,1,-1,-1,-1
1160,47,1183.60,511.00,176.99,182.05,1,-1,-1,-1
1160,48,922.22,478.31,132.50,214.38,1,-1,-1,-1
1160,53,1096.04,489.83,71.04,178.87,1,-1,-1,-1
1160,68,569.97,488.17,159.42,230.93,1,-1,-1,-1
1160,70,368.99,530.01,73.66,182.17,1,-1,-1,-1
1160,72,972.63,564.73,96.85,197.32,1,-1,-1,-1
1160,76,582.27,549.25,121.07,220.73,1,-1,-1,-1
1160,77,493.84,484.26,88.71,183.31,1,-1,-1,-1
1160,79,807.86,570.81,109.53,217.83,1,-1,-1,-1
1161,25,800.39,552.89,80.93,169.44,1,-1,-1,-1
1161,31,486.67,494.95,127.12,188.66,1,-1,-1,-1
1161,47,1190.23,501.73,128.30,190.70,1,-1,-1,-1
1161,48,924.04,470.83,158.35,218.22,1,-1,-1,-1
1161,50,804.11,544.00,93.71,178.90,1,-1,-1,-1
1161,53,1091.56,496.08,76.62,176.70,1,-1,-1,-1
1161,68,569.97,488.17,159.42,230.93,1,-1,-1,-1
1161,70,373.24,531.81,71.44,178.04,1,-1,-1,-1
1161,72,988.21,562.85,83.53,203.00,1,-1,-1,-1
1161,76,593.41,553.44,93.25,230.86,1,-1,-1,-1
1161,77,483.88,493.81,99.32,180.24,1,-1,-1,-1
1161,79,824.14,566.91,107.99,214.12,1,-1,-1,-1
1162,25,800.39,552.89,80.93,169.44,1,-1,-1,-1
1162,31,493.64,477.17,228.68,287.61,1,-1,-1,-1
1162,47,1190.64,496.54,164.75,193.60,1,-1,-1,-1
1162,48,890.01,459.49,185.02,227.56,1,-1,-1,-1
1162,50,804.11,544.00,93.71,178.90,1,-1,-1,-1
1162,53,1090.07,502.09,81.00,172.62,1,-1,-1,-1
1162,68,570.29,478.24,167.40,288.46,1,-1,-1,-1
1162,70,374.15,530.76,72.06,176.85,1,-1,-1,-1
1162,72,995.38,564.18,78.86,206.74,1,-1,-1,-1
1162,76,596.67,546.65,115.84,241.44,1,-1,-1,-1
1162,77,479.82,502.58,98.98,176.74,1,-1,-1,-1
1162,79,827.03,565.88,118.20,225.53,1,-1,-1,-1
1163,25,800.39,552.89,80.93,169.44,1,-1,-1,-1
1163,31,487.56,475.47,250.88,307.62,1,-1,-1,-1
1163,47,1195.63,491.62,163.75,193.26,1,-1,-1,-1
1163,48,869.84,449.34,213.26,233.34,1,-1,-1,-1
1163,50,804.11,544.00,93.71,178.90,1,-1,-1,-1
1163,53,1090.12,514.88,81.71,165.18,1,-1,-1,-1
1163,68,570.29,478.24,167.40,288.46,1,-1,-1,-1
1163,70,374.16,520.08,72.83,183.86,1,-1,-1,-1
1163,72,996.14,562.88,80.69,215.22,1,-1,-1,-1
1163,76,596.67,546.65,115.84,241.44,1,-1,-1,-1
1163,77,477.60,523.04,99.95,164.83,1,-1,-1,-1
1163,79,804.85,543.22,160.78,259.59,1,-1,-1,-1
1164,25,800.39,552.89,80.93,169.44,1,-1,-1,-1
1164,31,512.92,462.73,231.27,291.31,1,-1,-1,-1
1164,47,1195.55,487.02,167.56,196.07,1,-1,-1,-1
1164,48,867.87,444.64,195.61,233.74,1,-1,-1,-1
1164,50,804.11,544.00,93.71,178.90,1,-1,-1,-1
1164,53,1092.12,527.61,86.86,153.18,1,-1,-1,-1
1164,68,522.46,464.92,218.99,267.40,1,-1,-1,-1
1164,70,372.63,516.31,76.30,185.34,1,-1,-1,-1
1164,72,996.16,565.09,82.48,215.21,1,-1,-1,-1
1164,76,596.67,546.65,115.84,241.44,1,-1,-1,-1
1164,77,480.81,523.79,102.90,177.29,1,-1,-1,-1
1164,79,798.88,538.06,176.53,265.85,1,-1,-1,-1
1165,25,800.39,552.89,80.93,169.44,1,-1,-1,-1
1165,31,517.95,458.97,226.94,323.86,1,-1,-1,-1
1165,47,1200.81,487.82,160.70,194.41,1,-1,-1,-1
1165,48,914.34,443.43,168.15,226.53,1,-1,-1,-1
1165,50,804.11,544.00,93.71,178.90,1,-1,-1,-1
1165,53,1085.91,531.69,85.71,147.16,1,-1,-1,-1
1165,68,522.46,464.92,218.99,267.40,1,-1,-1,-1
1165,70,375.08,506.25,111.46,194.67,1,-1,-1,-1
1165,72,1005.68,569.90,75.24,214.45,1,-1,-1,-1
1165,76,596.67,546.65,115.84,241.44,1,-1,-1,-1
1165,77,487.70,537.96,103.72,163.66,1,-1,-1,-1
1165,79,791.72,535.31,186.44,272.32,1,-1,-1,-1
1166,25,800.39,552.89,80.93,169.44,1,-1,-1,-1
1166,31,517.95,458.97,226.94,323.86,1,-1,-1,-1
1166,39,918.06,453.99,115.86,214.70,1,-1,-1,-1
1166,47,1200.78,488.35,160.39,194.32,1,-1,-1,-1
1166,48,914.34,443.43,168.15,226.53,1,-1,-1,-1
1166,50,804.11,544.00,93.71,178.90,1,-1,-1,-1
1166,53,1080.95,533.29,86.65,146.05,1,-1,-1,-1
1166,68,530.64,459.71,217.40,247.61,1,-1,-1,-1
1166,70,377.02,502.44,112.31,196.19,1,-1,-1,-1
1166,72,1004.04,572.25,77.99,212.33,1,-1,-1,-1
1166,76,589.61,562.17,97.64,234.37,1,-1,-1,-1
1166,77,493.68,541.73,98.63,169.22,1,-1,-1,-1
1166,79,788.89,533.10,189.01,274.78,1,-1,-1,-1
1167,28,335.41,499.04,138.97,192.61,1,-1,-1,-1
1167,31,568.31,561.98,115.98,235.54,1,-1,-1,-1
1167,39,918.06,453.99,115.86,214.70,1,-1,-1,-1
1167,47,1202.76,491.93,155.93,189.51,1,-1,-1,-1
1167,48,874.81,451.69,204.40,214.70,1,-1,-1,-1
1167,53,1079.07,530.17,86.98,151.54,1,-1,-1,-1
1167,68,537.48,463.91,194.11,239.80,1,-1,-1,-1
1167,70,377.02,502.44,112.31,196.19,1,-1,-1,-1
1167,72,999.27,574.83,84.43,214.09,1,-1,-1,-1
1167,76,588.04,580.95,90.45,216.57,1,-1,-1,-1
1167,77,495.34,540.79,96.79,162.70,1,-1,-1,-1
1167,79,784.25,544.09,187.11,262.96,1,-1,-1,-1
1168,28,332.94,500.28,132.13,188.26,1,-1,-1,-1
1168,31,568.31,561.98,115.98,235.54,1,-1,-1,-1
1168,39,918.06,453.99,115.86,214.70,1,-1,-1,-1
1168,47,1208.34,492.13,118.36,186.95,1,-1,-1,-1
1168,48,884.21,455.49,186.91,208.86,1,-1,-1,-1
1168,53,1079.15,527.61,85.90,155.03,1,-1,-1,-1
1168,68,541.92,467.72,156.13,230.27,1,-1,-1,-1
1168,70,377.02,502.44,112.31,196.19,1,-1,-1,-1
1168,72,1006.13,577.45,79.19,215.03,1,-1,-1,-1
1168,76,585.04,586.81,91.20,211.28,1,-1,-1,-1
1168,77,496.73,539.41,89.51,170.49,1,-1,-1,-1
1168,79,781.98,544.30,184.81,263.59,1,-1,-1,-1
1169,28,358.09,503.30,98.84,180.12,1,-1,-1,-1
1169,31,568.31,561.98,115.98,235.54,1,-1,-1,-1
1169,39,910.02,460.14,133.97,207.78,1,-1,-1,-1
1169,47,1223.52,496.42,91.86,180.09,1,-1,-1,-1
1169,48,884.21,455.49,186.91,208.86,1,-1,-1,-1
1169,50,802.63,548.20,121.86,206.77,1,-1,-1,-1
1169,53,1076.10,521.55,88.02,161.64,1,-1,-1,-1
1169,68,550.90,467.05,178.35,225.86,1,-1,-1,-1
1169,70,377.02,502.44,112.31,196.19,1,-1,-1,-1
1169,71,812.57,584.83,135.11,222.69,1,-1,-1,-1
1169,72,1011.35,580.51,83.39,213.77,1,-1,-1,-1
1169,76,577.32,592.85,100.46,205.44,1,-1,-1,-1
1169,77,504.43,534.68,80.55,179.03,1,-1,-1,-1
1169,79,801.86,546.93,129.94,231.41,1,-1,-1,-1
1170,28,376.17,505.83,78.61,177.69,1,-1,-1,-1
1170,31,568.31,561.98,115.98,235.54,1,-1,-1,-1
1170,39,923.36,461.70,106.79,204.04,1,-1,-1,-1
1170,47,1235.51,498.52,127.44,178.55,1,-1,-1,-1
1170,48,884.21,455.49,186.91,208.86,1,-1,-1,-1
1170,50,818.51,552.24,102.36,209.36,1,-1,-1,-1
1170,53,1074.92,518.08,86.79,166.16,1,-1,-1,-1
1170,68,562.78,466.98,160.40,227.29,1,-1,-1,-1
1170,70,377.02,502.44,112.31,196.19,1,-1,-1,-1
1170,71,826.35,586.40,111.45,221.92,1,-1,-1,-1
1170,72,976.30,579.44,121.66,212.92,1,-1,-1,-1
1170,76,581.55,597.35,100.94,202.47,1,-1,-1,-1
1170,77,505.93,530.81,77.92,183.22,1,-1,-1,-1
1170,79,819.23,549.45,103.45,225.01,1,-1,-1,-1
1171,28,387.88,515.05,69.91,171.26,1,-1,-1,-1
1171,31,568.31,561.98,115.98,235.54,1,-1,-1,-1
1171,39,932.04,470.58,79.94,195.33,1,-1,-1,-1
1171,47,1245.69,505.52,108.59,170.32,1,-1,-1,-1
1171,48,884.21,455.49,186.91,208.86,1,-1,-1,-1
1171,50,834.59,557.00,84.04,202.48,1,-1,-1,-1
1171,53,1072.03,511.30,89.53,174.06,1,-1,-1,-1
1171,68,599.28,472.62,101.21,208.69,1,-1,-1,-1
1171,70,377.02,502.44,112.31,196.19,1,-1,-1,-1
1171,71,843.94,597.23,95.82,210.80,1,-1,-1,-1
1171,72,999.78,584.57,94.15,212.23,1,-1,-1,-1
1171,76,582.45,598.87,93.33,201.66,1,-1,-1,-1
1171,77,509.22,519.21,76.32,193.16,1,-1,-1,-1
1171,79,819.23,549.45,103.45,225.01,1,-1,-1,-1
1172,28,379.93,519.42,85.85,166.11,1,-1,-1,-1
1172,31,568.31,561.98,115.98,235.54,1,-1,-1,-1
1172,39,933.08,475.93,76.74,191.12,1,-1,-1,-1
1172,47,1251.49,512.43,89.58,166.00,1,-1,-1,-1
1172,48,884.21,455.49,186.91,208.86,1,-1,-1,-1
1172,50,838.26,559.91,84.43,207.22,1,-1,-1,-1
1172,53,1068.84,505.27,92.24,179.93,1,-1,-1,-1
1172,68,608.25,478.25,81.54,203.02,1,-1,-1,-1
1172,71,845.43,603.64,93.71,206.09,1,-1,-1,-1
1172,72,1008.77,586.74,82.74,211.54,1,-1,-1,-1
1172,76,580.42,595.83,93.46,204.07,1,-1,-1,-1
1172,77,510.46,516.28,79.30,189.42,1,-1,-1,-1
1172,79,819.23,549.45,103.45,225.01,1,-1,-1,-1
1173,28,378.53,526.66,98.66,157.26,1,-1,-1,-1
1173,39,930.20,475.07,90.19,191.03,1,-1,-1,-1
1173,47,1250.29,517.51,81.15,161.33,1,-1,-1,-1
1173,48,884.21,455.49,186.91,208.86,1,-1,-1,-1
1173,50,842.70,561.43,86.03,202.40,1,-1,-1,-1
1173,53,1069.43,498.64,85.07,186.13,1,-1,-1,-1
1173,68,588.88,486.54,100.07,235.39,1,-1,-1,-1
1173,71,841.43,606.14,98.76,204.27,1,-1,-1,-1
1173,72,1008.73,587.01,85.54,210.36,1,-1,-1,-1
1173,76,576.07,551.68,106.41,247.58,1,-1,-1,-1
1173,77,507.27,507.88,91.34,202.01,1,-1,-1,-1
1173,79,819.23,549.45,103.45,225.01,1,-1,-1,-1
1174,28,385.85,527.32,106.05,154.67,1,-1,-1,-1
1174,39,928.44,469.72,95.38,192.22,1,-1,-1,-1
1174,47,1247.33,518.58,88.20,160.15,1,-1,-1,-1
1174,50,844.10,562.56,84.51,194.43,1,-1,-1,-1
1174,53,1069.03,495.41,84.10,190.01,1,-1,-1,-1
1174,68,602.51,491.56,90.90,223.38,1,-1,-1,-1
1174,71,837.79,603.40,103.97,207.29,1,-1,-1,-1
1174,72,1004.15,587.36,93.94,211.65,1,-1,-1,-1
1174,76,584.88,581.19,95.57,217.00,1,-1,-1,-1
1174,77,505.76,506.66,96.83,201.26,1,-1,-1,-1
1174,79,819.23,549.45,103.45,225.01,1,-1,-1,-1
1175,25,829.87,555.90,101.22,230.96,1,-1,-1,-1
1175,28,395.06,528.87,104.56,151.44,1,-1,-1,-1
1175,39,918.32,463.00,118.32,195.87,1,-1,-1,-1
1175,47,1246.68,511.59,108.45,169.48,1,-1,-1,-1
1175,50,844.93,558.71,90.26,206.12,1,-1,-1,-1
1175,53,1069.95,490.40,87.24,195.95,1,-1,-1,-1
1175,68,576.92,491.19,123.90,211.88,1,-1,-1,-1
1175,71,846.82,597.96,97.59,211.86,1,-1,-1,-1
1175,72,1008.23,582.39,101.51,215.74,1,-1,-1,-1
1175,76,583.13,573.48,114.65,225.59,1,-1,-1,-1
1175,77,503.78,507.61,104.39,203.29,1,-1,-1,-1
1175,79,826.78,577.71,97.25,222.69,1,-1,-1,-1
1176,25,830.39,589.00,116.10,219.00,1,-1,-1,-1
1176,28,394.51,525.66,122.46,155.46,1,-1,-1,-1
1176,39,917.41,458.39,125.87,197.43,1,-1,-1,-1
1176,47,1246.05,506.51,120.60,178.17,1,-1,-1,-1
1176,50,846.62,558.31,92.11,202.56,1,-1,-1,-1
1176,53,1070.05,489.66,91.63,197.50,1,-1,-1,-1
1176,68,577.56,491.09,129.14,201.91,1,-1,-1,-1
1176,71,858.07,593.10,94.60,216.02,1,-1,-1,-1
1176,72,1003.18,575.35,117.44,224.84,1,-1,-1,-1
1176,76,588.32,570.11,121.69,228.45,1,-1,-1,-1
1176,77,503.93,511.21,125.80,198.32,1,-1,-1,-1
1176,79,826.33,560.12,113.17,245.80,1,-1,-1,-1
1177,25,830.39,589.00,116.10,219.00,1,-1,-1,-1
1177,28,392.24,519.95,133.80,160.01,1,-1,-1,-1
1177,39,913.11,451.96,151.41,200.93,1,-1,-1,-1
1177,47,1236.20,498.12,138.28,187.51,1,-1,-1,-1
1177,48,998.82,495.23,100.38,163.90,1,-1,-1,-1
1177,50,846.62,558.31,92.11,202.56,1,-1,-1,-1
1177,53,1067.50,489.26,102.21,201.26,1,-1,-1,-1
1177,68,577.56,491.09,129.14,201.91,1,-1,-1,-1
1177,71,858.07,593.10,94.60,216.02,1,-1,-1,-1
1177,72,1015.77,568.99,129.96,229.63,1,-1,-1,-1
1177,76,587.04,570.58,144.97,229.51,1,-1,-1,-1
1177,77,511.90,517.02,133.44,190.90,1,-1,-1,-1
1177,78,633.59,485.21,107.69,175.73,1,-1,-1,-1
1177,79,817.91,569.71,147.05,239.64,1,-1,-1,-1
1178,25,830.39,589.00,116.10,219.00,1,-1,-1,-1
1178,28,392.54,515.21,162.42,167.23,1,-1,-1,-1
1178,39,913.74,453.56,164.75,203.27,1,-1,-1,-1
1178,47,1235.61,498.14,140.14,187.92,1,-1,-1,-1
1178,48,998.82,495.23,100.38,163.90,1,-1,-1,-1
1178,50,846.62,558.31,92.11,202.56,1,-1,-1,-1
1178,53,1071.28,490.14,102.58,203.61,1,-1,-1,-1
1178,68,577.56,491.09,129.14,201.91,1,-1,-1,-1
1178,71,858.07,593.10,94.60,216.02,1,-1,-1,-1
1178,72,1029.22,568.54,130.26,229.08,1,-1,-1,-1
1178,76,586.92,571.25,148.51,228.73,1,-1,-1,-1
1178,77,515.83,521.31,137.13,186.97,1,-1,-1,-1
1178,78,634.36,480.95,125.21,179.02,1,-1,-1,-1
1178,79,814.94,577.30,155.64,232.12,1,-1,-1,-1
1179,25,830.39,589.00,116.10,219.00,1,-1,-1,-1
1179,28,394.96,509.06,172.13,177.17,1,-1,-1,-1
1179,39,916.93,452.66,148.83,198.18,1,-1,-1,-1
1179,47,1266.21,502.14,108.70,182.72,1,-1,-1,-1
1179,48,998.82,495.23,100.38,163.90,1,-1,-1,-1
1179,50,846.62,558.31,92.11,202.56,1,-1,-1,-1
1179,53,1077.02,490.71,97.20,210.55,1,-1,-1,-1
1179,68,574.89,471.29,195.66,194.18,1,-1,-1,-1
1179,71,858.07,593.10,94.60,216.02,1,-1,-1,-1
1179,72,1043.64,565.55,128.39,233.11,1,-1,-1,-1
1179,76,587.07,570.55,155.26,234.34,1,-1,-1,-1
1179,77,508.22,521.84,152.33,188.62,1,-1,-1,-1
1179,78,633.63,478.12,142.83,185.21,1,-1,-1,-1
1179,79,806.82,569.35,183.32,244.77,1,-1,-1,-1
1180,25,830.39,589.00,116.10,219.00,1,-1,-1,-1
1180,28,407.61,510.85,153.01,168.57,1,-1,-1,-1
1180,39,918.83,452.00,152.46,200.20,1,-1,-1,-1
1180,47,1278.24,502.75,95.32,182.23,1,-1,-1,-1
1180,48,998.82,495.23,100.38,163.90,1,-1,-1,-1
1180,50,846.62,558.31,92.11,202.56,1,-1,-1,-1
1180,53,1082.03,490.48,92.68,210.32,1,-1,-1,-1
1180,68,574.89,471.29,195.66,194.18,1,-1,-1,-1
1180,71,858.07,593.10,94.60,216.02,1,-1,-1,-1
1180,72,1045.45,571.14,130.36,228.67,1,-1,-1,-1
1180,76,587.92,572.48,154.90,233.21,1,-1,-1,-1
1180,77,517.10,526.03,147.88,185.87,1,-1,-1,-1
1180,78,645.62,470.71,136.40,196.56,1,-1,-1,-1
1180,79,841.14,577.24,153.36,239.60,1,-1,-1,-1
1181,25,830.39,589.00,116.10,219.00,1,-1,-1,-1
1181,28,428.12,508.13,132.79,167.92,1,-1,-1,-1
1181,39,923.79,454.73,144.31,191.36,1,-1,-1,-1
1181,47,1257.42,499.52,115.86,186.24,1,-1,-1,-1
1181,48,998.82,495.23,100.38,163.90,1,-1,-1,-1
1181,50,846.62,558.31,92.11,202.56,1,-1,-1,-1
1181,53,1084.48,488.19,90.28,206.32,1,-1,-1,-1
1181,68,587.29,460.70,191.64,206.22,1,-1,-1,-1
1181,71,858.07,593.10,94.60,216.02,1,-1,-1,-1
1181,72,1049.23,574.01,127.77,226.92,1,-1,-1,-1
1181,76,599.39,576.65,142.62,227.61,1,-1,-1,-1
1181,77,518.14,518.65,141.22,190.41,1,-1,-1,-1
1181,78,660.16,472.34,122.22,193.86,1,-1,-1,-1
1181,79,818.72,580.68,177.88,234.45,1,-1,-1,-1
1182,25,829.46,582.82,162.43,231.01,1,-1,-1,-1
1182,28,438.28,505.26,127.28,170.58,1,-1,-1,-1
1182,39,925.46,455.69,147.34,193.57,1,-1,-1,-1
1182,47,1255.52,496.47,122.17,189.16,1,-1,-1,-1
1182,48,998.82,495.23,100.38,163.90,1,-1,-1,-1
1182,53,1085.96,487.26,91.78,200.48,1,-1,-1,-1
1182,68,587.29,460.70,191.64,206.22,1,-1,-1,-1
1182,70,401.32,500.60,155.69,176.26,1,-1,-1,-1
1182,72,1044.47,579.99,133.25,220.98,1,-1,-1,-1
1182,76,615.56,581.23,126.02,222.99,1,-1,-1,-1
1182,77,517.21,517.71,135.21,189.52,1,-1,-1,-1
1182,78,671.93,471.42,111.17,193.50,1,-1,-1,-1
1182,79,810.61,557.32,187.01,254.44,1,-1,-1,-1
1183,25,841.30,589.68,155.36,228.59,1,-1,-1,-1
1183,28,438.28,505.26,127.28,170.58,1,-1,-1,-1
1183,39,926.35,456.40,151.43,194.60,1,-1,-1,-1
1183,47,1265.72,497.15,117.13,188.96,1,-1,-1,-1
1183,53,1087.09,486.24,94.14,189.17,1,-1,-1,-1
1183,68,587.29,460.70,191.64,206.22,1,-1,-1,-1
1183,70,405.44,496.51,156.85,170.74,1,-1,-1,-1
1183,72,1062.24,585.04,118.13,214.27,1,-1,-1,-1
1183,76,636.21,584.78,106.53,221.77,1,-1,-1,-1
1183,77,518.56,513.24,138.94,194.96,1,-1,-1,-1
1183,78,681.25,471.73,103.42,194.28,1,-1,-1,-1
1183,79,810.61,557.32,187.01,254.44,1,-1,-1,-1
1184,25,882.66,598.99,115.87,216.66,1,-1,-1,-1
1184,28,471.79,500.45,94.53,169.22,1,-1,-1,-1
1184,39,931.14,458.58,148.91,189.79,1,-1,-1,-1
1184,47,1278.87,502.37,104.48,185.89,1,-1,-1,-1
1184,53,1096.30,487.06,89.35,188.18,1,-1,-1,-1
1184,68,587.29,460.70,191.64,206.22,1,-1,-1,-1
1184,70,405.44,496.51,156.85,170.74,1,-1,-1,-1
1184,71,871.53,558.60,118.91,230.24,1,-1,-1,-1
1184,72,1067.18,588.88,114.02,208.50,1,-1,-1,-1
1184,76,644.07,586.36,98.82,221.82,1,-1,-1,-1
1184,77,526.99,513.37,140.30,190.29,1,-1,-1,-1
1184,78,690.75,472.79,93.75,194.71,1,-1,-1,-1
1184,79,884.04,560.49,111.96,214.35,1,-1,-1,-1
1185,25,889.72,600.71,107.99,213.86,1,-1,-1,-1
1185,28,471.79,500.45,94.53,169.22,1,-1,-1,-1
1185,39,950.42,465.00,135.37,195.09,1,-1,-1,-1
1185,47,1299.52,511.57,83.90,174.53,1,-1,-1,-1
1185,53,1108.86,487.48,83.27,193.44,1,-1,-1,-1
1185,68,587.29,460.70,191.64,206.22,1,-1,-1,-1
1185,70,427.34,498.05,142.21,175.49,1,-1,-1,-1
1185,71,895.72,565.11,90.57,199.57,1,-1,-1,-1
1185,72,1078.11,593.58,109.07,200.32,1,-1,-1,-1
1185,76,631.72,587.85,113.64,219.64,1,-1,-1,-1
1185,77,529.28,512.28,135.95,193.05,1,-1,-1,-1
1185,78,672.16,475.36,111.78,190.53,1,-1,-1,-1
1185,79,890.75,561.18,101.53,225.16,1,-1,-1,-1
1186,25,890.89,601.15,109.47,213.54,1,-1,-1,-1
1186,28,471.79,500.45,94.53,169.22,1,-1,-1,-1
1186,39,986.14,465.81,98.16,189.98,1,-1,-1,-1
1186,47,1307.16,512.36,80.97,176.68,1,-1,-1,-1
1186,53,1109.79,492.65,87.49,184.06,1,-1,-1,-1
1186,68,587.29,460.70,191.64,206.22,1,-1,-1,-1
1186,70,438.49,499.72,133.95,175.08,1,-1,-1,-1
1186,71,896.94,567.04,89.35,207.94,1,-1,-1,-1
1186,72,1051.32,596.45,137.48,196.72,1,-1,-1,-1
1186,76,635.23,591.01,111.34,218.30,1,-1,-1,-1
1186,77,562.04,516.36,106.11,183.79,1,-1,-1,-1
1186,78,674.90,475.79,109.36,187.97,1,-1,-1,-1
1186,79,890.68,565.65,96.58,224.53,1,-1,-1,-1
1187,25,889.61,606.48,110.53,209.52,1,-1,-1,-1
1187,28,474.60,506.82,95.30,165.47,1,-1,-1,-1
1187,39,943.37,462.47,136.56,189.89,1,-1,-1,-1
1187,47,1308.64,515.06,110.90,173.76,1,-1,-1,-1
1187,53,1109.77,499.14,95.55,182.49,1,-1,-1,-1
1187,70,438.49,499.72,133.95,175.08,1,-1,-1,-1
1187,71,896.94,567.04,89.35,207.94,1,-1,-1,-1
1187,72,1058.41,599.42,131.25,195.47,1,-1,-1,-1
1187,76,623.04,588.91,124.43,219.83,1,-1,-1,-1
1187,77,578.29,524.42,90.66,178.73,1,-1,-1,-1
1187,78,688.00,474.79,97.34,189.43,1,-1,-1,-1
1187,79,895.37,569.83,83.05,197.15,1,-1,-1,-1
1188,25,896.95,606.88,105.63,207.07,1,-1,-1,-1
1188,28,476.83,508.36,91.42,162.09,1,-1,-1,-1
1188,39,944.07,458.92,136.43,194.54,1,-1,-1,-1
1188,47,1311.11,516.41,113.17,172.52,1,-1,-1,-1
1188,50,878.07,567.64,91.87,197.29,1,-1,-1,-1
1188,53,1106.51,497.82,103.97,190.23,1,-1,-1,-1
1188,70,438.49,499.72,133.95,175.08,1,-1,-1,-1
1188,71,890.59,571.43,88.49,190.69,1,-1,-1,-1
1188,72,1073.08,601.26,116.45,193.65,1,-1,-1,-1
1188,76,633.05,592.52,115.34,216.18,1,-1,-1,-1
1188,77,575.46,525.88,96.65,179.74,1,-1,-1,-1
1188,78,694.82,475.28,92.39,192.26,1,-1,-1,-1
1188,79,887.58,573.17,88.91,179.74,1,-1,-1,-1
1189,25,883.80,601.52,118.95,211.53,1,-1,-1,-1
1189,28,466.30,502.06,102.30,169.59,1,-1,-1,-1
1189,39,964.70,458.46,115.06,196.93,1,-1,-1,-1
1189,47,1324.38,514.57,96.52,173.70,1,-1,-1,-1
1189,50,878.07,567.64,91.87,197.29,1,-1,-1,-1
1189,53,1114.83,494.17,97.27,189.34,1,-1,-1,-1
1189,70,438.49,499.72,133.95,175.08,1,-1,-1,-1
1189,71,890.59,571.43,88.49,190.69,1,-1,-1,-1
1189,72,1087.62,601.75,102.46,193.89,1,-1,-1,-1
1189,76,616.77,589.92,130.95,218.89,1,-1,-1,-1
1189,77,552.15,521.99,124.60,174.27,1,-1,-1,-1
1189,78,702.91,471.16,90.20,195.52,1,-1,-1,-1
1189,79,881.56,573.44,83.58,169.50,1,-1,-1,-1
1190,25,875.29,595.36,124.59,217.69,1,-1,-1,-1
1190,28,463.50,497.31,105.77,174.90,1,-1,-1,-1
1190,39,969.11,457.01,107.90,201.83,1,-1,-1,-1
1190,47,1326.05,511.30,90.16,178.44,1,-1,-1,-1
1190,50,878.07,567.64,91.87,197.29,1,-1,-1,-1
1190,53,1122.80,494.49,88.62,192.06,1,-1,-1,-1
1190,70,438.49,499.72,133.95,175.08,1,-1,-1,-1
1190,71,890.59,571.43,88.49,190.69,1,-1,-1,-1
1190,72,1088.00,599.49,99.32,193.51,1,-1,-1,-1
1190,76,599.26,585.40,146.57,223.44,1,-1,-1,-1
1190,77,561.89,519.61,117.48,182.32,1,-1,-1,-1
1190,78,706.16,468.27,92.95,197.46,1,-1,-1,-1
1190,79,863.52,574.90,91.84,179.42,1,-1,-1,-1
1191,25,849.32,579.07,150.01,236.31,1,-1,-1,-1
1191,28,454.10,493.78,113.74,180.02,1,-1,-1,-1
1191,39,970.59,455.85,101.28,204.76,1,-1,-1,-1
1191,47,1324.68,520.00,107.51,170.03,1,-1,-1,-1
1191,50,878.07,567.64,91.87,197.29,1,-1,-1,-1
1191,53,1134.82,497.99,73.56,192.46,1,-1,-1,-1
1191,70,438.49,499.72,133.95,175.08,1,-1,-1,-1
1191,71,890.59,571.43,88.49,190.69,1,-1,-1,-1
1191,72,1097.06,596.83,85.26,196.42,1,-1,-1,-1
1191,76,567.71,581.67,178.96,229.25,1,-1,-1,-1
1191,77,569.03,513.96,121.13,204.16,1,-1,-1,-1
1191,78,710.97,467.19,99.78,203.02,1,-1,-1,-1
1191,79,863.52,574.90,91.84,179.42,1,-1,-1,-1
1192,25,846.40,579.99,148.79,235.64,1,-1,-1,-1
1192,28,454.10,493.78,113.74,180.02,1,-1,-1,-1
1192,39,972.98,456.86,95.91,204.63,1,-1,-1,-1
1192,47,1326.55,521.94,102.74,167.78,1,-1,-1,-1
1192,50,878.07,567.64,91.87,197.29,1,-1,-1,-1
1192,53,1140.07,499.20,77.38,193.47,1,-1,-1,-1
1192,70,440.43,479.41,125.71,193.47,1,-1,-1,-1
1192,71,890.59,571.43,88.49,190.69,1,-1,-1,-1
1192,72,1097.79,595.23,81.91,198.67,1,-1,-1,-1
1192,76,564.16,587.51,183.26,222.39,1,-1,-1,-1
1192,77,569.27,509.95,122.60,218.09,1,-1,-1,-1
1192,78,712.62,469.20,103.53,201.81,1,-1,-1,-1
1192,79,863.52,574.90,91.84,179.42,1,-1,-1,-1
1193,25,843.37,582.74,138.02,230.20,1,-1,-1,-1
1193,28,454.10,493.78,113.74,180.02,1,-1,-1,-1
1193,39,978.76,458.06,87.22,207.48,1,-1,-1,-1
1193,47,1330.96,526.24,92.89,165.02,1,-1,-1,-1
1193,50,832.20,568.04,101.80,207.64,1,-1,-1,-1
1193,53,1139.32,505.45,85.34,194.77,1,-1,-1,-1
1193,70,427.02,485.88,140.33,188.62,1,-1,-1,-1
1193,71,890.59,571.43,88.49,190.69,1,-1,-1,-1
1193,72,1094.07,593.02,85.11,208.44,1,-1,-1,-1
1193,74,1075.91,589.47,98.10,210.84,1,-1,-1,-1
1193,76,563.53,519.99,170.53,293.13,1,-1,-1,-1
1193,77,569.27,509.95,122.60,218.09,1,-1,-1,-1
1193,78,722.57,473.57,98.27,200.06,1,-1,-1,-1
1193,79,824.07,565.76,108.42,189.81,1,-1,-1,-1
1194,25,843.49,579.51,126.30,231.69,1,-1,-1,-1
1194,28,454.10,493.78,113.74,180.02,1,-1,-1,-1
1194,39,980.11,459.22,83.57,209.06,1,-1,-1,-1
1194,47,1338.59,525.98,85.73,166.84,1,-1,-1,-1
1194,50,832.20,568.04,101.80,207.64,1,-1,-1,-1
1194,53,1143.12,508.56,82.51,191.49,1,-1,-1,-1
1194,70,422.17,492.54,136.76,182.70,1,-1,-1,-1
1194,72,1093.34,593.86,86.82,208.59,1,-1,-1,-1
1194,74,1075.91,589.47,98.10,210.84,1,-1,-1,-1
1194,76,559.64,514.87,163.63,296.87,1,-1,-1,-1
1194,77,569.27,509.95,122.60,218.09,1,-1,-1,-1
1194,78,724.32,470.46,97.23,204.97,1,-1,-1,-1
1194,79,820.37,563.64,103.37,190.71,1,-1,-1,-1
1195,25,836.24,577.76,127.67,233.46,1,-1,-1,-1
1195,28,454.10,493.78,113.74,180.02,1,-1,-1,-1
1195,31,549.38,580.52,146.51,230.18,1,-1,-1,-1
1195,39,975.96,459.14,85.22,212.16,1,-1,-1,-1
1195,47,1356.60,521.10,83.23,173.99,1,-1,-1,-1
1195,50,832.20,568.04,101.80,207.64,1,-1,-1,-1
1195,53,1142.92,504.31,79.13,196.60,1,-1,-1,-1
1195,70,417.53,498.63,146.16,177.21,1,-1,-1,-1
1195,72,1083.31,587.46,95.91,214.49,1,-1,-1,-1
1195,74,1075.91,589.47,98.10,210.84,1,-1,-1,-1
1195,76,559.64,514.87,163.63,296.87,1,-1,-1,-1
1195,77,585.74,514.17,109.61,199.03,1,-1,-1,-1
1195,78,726.54,467.42,99.15,207.10,1,-1,-1,-1
1195,79,801.55,564.67,107.75,190.76,1,-1,-1,-1
1196,25,835.22,572.97,118.70,236.16,1,-1,-1,-1
1196,28,454.10,493.78,113.74,180.02,1,-1,-1,-1
1196,31,546.38,571.38,141.39,240.79,1,-1,-1,-1
1196,39,976.55,455.07,83.27,217.80,1,-1,-1,-1
1196,47,1364.43,521.37,89.66,175.35,1,-1,-1,-1
1196,50,832.20,568.04,101.80,207.64,1,-1,-1,-1
1196,53,1143.51,503.02,81.92,197.18,1,-1,-1,-1
1196,70,413.11,498.65,155.60,180.05,1,-1,-1,-1
1196,72,1074.94,583.01,107.15,218.65,1,-1,-1,-1
1196,74,1075.91,589.47,98.10,210.84,1,-1,-1,-1
1196,76,559.64,514.87,163.63,296.87,1,-1,-1,-1
1196,77,587.64,512.42,104.44,205.48,1,-1,-1,-1
1196,78,726.48,466.02,102.58,208.04,1,-1,-1,-1
1196,79,797.29,565.23,103.90,190.11,1,-1,-1,-1
1197,25,837.88,562.46,109.15,239.30,1,-1,-1,-1
1197,31,556.80,569.36,111.75,243.80,1,-1,-1,-1
1197,39,975.27,448.09,81.15,223.77,1,-1,-1,-1
1197,47,1372.69,513.86,103.81,190.06,1,-1,-1,-1
1197,50,832.20,568.04,101.80,207.64,1,-1,-1,-1
1197,53,1133.87,495.60,99.49,204.37,1,-1,-1,-1
1197,70,406.24,497.99,151.51,178.36,1,-1,-1,-1
1197,72,1066.70,572.24,117.19,224.05,1,-1,-1,-1
1197,74,1075.91,589.47,98.10,210.84,1,-1,-1,-1
1197,76,559.64,514.87,163.63,296.87,1,-1,-1,-1
1197,77,585.54,505.95,101.68,229.72,1,-1,-1,-1
1197,78,723.44,476.28,106.22,197.31,1,-1,-1,-1
1197,79,798.43,568.67,86.75,186.69,1,-1,-1,-1
1198,25,831.12,539.28,108.25,260.71,1,-1,-1,-1
1198,31,557.57,570.31,95.07,243.66,1,-1,-1,-1
1198,39,973.05,447.55,83.83,224.38,1,-1,-1,-1
1198,47,1373.37,507.52,108.02,199.74,1,-1,-1,-1
1198,50,832.20,568.04,101.80,207.64,1,-1,-1,-1
1198,53,1129.38,492.53,106.03,206.94,1,-1,-1,-1
1198,70,392.82,490.27,157.88,186.95,1,-1,-1,-1
1198,72,1064.86,565.25,118.77,229.58,1,-1,-1,-1
1198,74,1075.91,589.47,98.10,210.84,1,-1,-1,-1
1198,76,559.64,514.87,163.63,296.87,1,-1,-1,-1
1198,77,581.84,506.26,106.52,223.82,1,-1,-1,-1
1198,78,724.41,475.21,104.44,202.23,1,-1,-1,-1
1198,79,784.95,569.77,91.98,192.89,1,-1,-1,-1
1199,25,823.25,496.09,114.68,291.51,1,-1,-1,-1
1199,31,538.88,547.52,90.45,262.21,1,-1,-1,-1
1199,39,967.92,448.95,88.13,222.34,1,-1,-1,-1
1199,47,1374.70,486.25,92.51,223.71,1,-1,-1,-1
1199,53,1130.19,486.94,105.78,214.00,1,-1,-1,-1
1199,70,381.12,490.05,149.02,183.49,1,-1,-1,-1
1199,72,1076.87,496.23,103.45,299.87,1,-1,-1,-1
1199,76,559.64,514.87,163.63,296.87,1,-1,-1,-1
1199,77,577.75,504.28,112.53,223.39,1,-1,-1,-1
1199,78,731.45,471.55,101.19,217.55,1,-1,-1,-1
1199,79,765.17,558.78,106.42,213.08,1,-1,-1,-1
1200,25,821.20,487.04,116.92,298.75,1,-1,-1,-1
1200,31,537.15,539.76,86.09,272.58,1,-1,-1,-1
1200,39,962.98,447.74,92.93,225.96,1,-1,-1,-1
1200,47,1378.55,477.15,73.66,232.79,1,-1,-1,-1
1200,53,1132.99,486.15,105.23,214.78,1,-1,-1,-1
1200,70,383.46,490.12,141.65,181.38,1,-1,-1,-1
1200,72,1083.65,487.14,95.62,304.18,1,-1,-1,-1
1200,76,536.74,497.08,111.25,254.49,1,-1,-1,-1
1200,77,579.04,501.59,111.20,227.42,1,-1,-1,-1
1200,78,736.66,473.64,93.63,223.57,1,-1,-1,-1
1200,79,757.22,555.16,107.37,219.34,1,-1,-1,-1
1201,25,816.60,490.82,117.87,295.86,1,-1,-1,-1
1201,31,529.58,550.69,83.96,258.63,1,-1,-1,-1
1201,39,961.51,447.76,93.42,231.51,1,-1,-1,-1
1201,47,1380.91,474.65,73.58,235.99,1,-1,-1,-1
1201,53,1125.70,479.60,109.34,224.19,1,-1,-1,-1
1201,70,395.37,489.77,124.30,181.25,1,-1,-1,-1
1201,72,1078.02,492.75,94.56,308.21,1,-1,-1,-1
1201,76,536.74,497.08,111.25,254.49,1,-1,-1,-1
1201,77,568.44,506.63,120.78,233.08,1,-1,-1,-1
1201,78,740.64,477.75,94.96,225.09,1,-1,-1,-1
1201,79,756.65,556.15,98.69,217.65,1,-1,-1,-1
1202,25,817.88,505.70,113.18,280.24,1,-1,-1,-1
1202,31,522.70,566.56,81.54,238.81,1,-1,-1,-1
1202,39,958.41,447.72,97.61,235.30,1,-1,-1,-1
1202,47,1385.09,478.26,70.55,232.75,1,-1,-1,-1
1202,53,1130.69,487.37,97.79,217.33,1,-1,-1,-1
1202,70,398.50,488.55,112.91,182.11,1,-1,-1,-1
1202,72,1085.36,512.42,84.67,292.14,1,-1,-1,-1
1202,76,536.74,497.08,111.25,254.49,1,-1,-1,-1
1202,77,564.97,502.07,124.03,243.93,1,-1,-1,-1
1202,78,740.41,483.00,95.02,225.19,1,-1,-1,-1
1202,79,755.24,537.45,95.64,236.72,1,-1,-1,-1
