Model,Total_Frames,Total_Time_s,Avg_FPS,Total_Detections,Avg_Confidence
yolov10n.pt,596,120.92969751358032,4.92848334407741,426,0.7764674449610598
yolov10s.pt,596,212.12955689430237,2.8096037569011116,418,0.8677746019009768
yolo11n.pt,596,109.54832005500793,5.440521586280174,420,0.8182338215765499
yolo11s.pt,596,233.02516674995422,2.5576636563016946,433,0.85570300176017
yolo26n.pt,596,120.01835536956787,4.965907074503399,406,0.8137615723122517
yolo26s.pt,596,253.22353529930115,2.35365168287201,421,0.8844151567676571
