Model,Total_Frames,Total_Time_s,Avg_FPS,Total_Detections,Avg_Confidence
yolov10n.pt,596,23.90665864944458,24.930292799987203,426,0.7764673732535939
yolov10s.pt,596,35.689292907714844,16.699686416907536,418,0.8677746028278432
yolo11n.pt,596,18.378699779510498,32.4288446489806,420,0.8182338424381755
yolo11s.pt,596,36.20448184013367,16.462050268575243,433,0.855703001622515
yolo26n.pt,596,18.636430978775024,31.980372243955006,406,0.8137615148363442
yolo26s.pt,596,36.85257172584534,16.172548402694378,421,0.884415296435073
