1,12,1307.11,627.79,210.63,309.25,1,-1,-1,-1
1,11,836.65,597.26,198.99,336.62,1,-1,-1,-1
1,10,1097.88,633.74,143.46,290.80,1,-1,-1,-1
1,9,1419.19,638.70,163.42,281.88,1,-1,-1,-1
1,8,192.23,623.82,155.34,305.79,1,-1,-1,-1
1,7,932.76,536.65,196.44,410.51,1,-1,-1,-1
1,6,1181.77,587.89,188.73,350.24,1,-1,-1,-1
1,5,78.72,649.96,157.44,275.51,1,-1,-1,-1
1,4,289.13,639.27,127.29,285.56,1,-1,-1,-1
1,3,427.44,594.90,182.00,341.96,1,-1,-1,-1
1,2,1548.79,648.16,169.72,280.93,1,-1,-1,-1
1,1,638.41,569.65,176.34,370.56,1,-1,-1,-1
2,15,879.02,601.74,181.45,335.68,1,-1,-1,-1
2,14,832.11,660.32,160.19,270.84,1,-1,-1,-1
2,13,1106.46,628.63,198.29,304.75,1,-1,-1,-1
2,12,1336.69,632.75,178.01,300.03,1,-1,-1,-1
2,11,836.96,600.95,206.74,335.07,1,-1,-1,-1
2,10,1104.40,632.22,148.63,294.08,1,-1,-1,-1
2,9,1419.21,639.36,172.98,287.02,1,-1,-1,-1
2,8,211.68,623.11,148.48,298.42,1,-1,-1,-1
2,7,932.22,535.75,195.29,413.13,1,-1,-1,-1
2,6,1201.19,587.95,176.11,345.06,1,-1,-1,-1
2,5,95.21,642.19,142.67,281.33,1,-1,-1,-1
2,4,292.07,631.10,125.55,290.62,1,-1,-1,-1
2,3,431.28,589.09,176.84,348.82,1,-1,-1,-1
2,2,1535.66,646.80,183.84,279.64,1,-1,-1,-1
2,1,640.00,570.74,179.07,367.83,1,-1,-1,-1
3,17,1252.04,593.04,210.45,338.52,1,-1,-1,-1
3,16,1195.07,596.10,179.95,338.08,1,-1,-1,-1
3,15,879.02,601.74,181.45,335.68,1,-1,-1,-1
3,14,834.03,691.39,121.50,240.00,1,-1,-1,-1
3,13,1161.76,624.78,157.83,305.22,1,-1,-1,-1
3,12,1337.37,624.80,178.38,301.84,1,-1,-1,-1
3,11,841.90,646.39,170.95,292.02,1,-1,-1,-1
3,10,1105.96,624.60,138.63,299.46,1,-1,-1,-1
3,9,1430.74,639.78,164.01,287.35,1,-1,-1,-1
3,8,201.23,614.59,165.67,305.31,1,-1,-1,-1
3,7,943.66,531.84,186.59,416.58,1,-1,-1,-1
3,6,1208.59,585.69,181.52,348.26,1,-1,-1,-1
3,5,85.03,631.03,168.13,291.93,1,-1,-1,-1
3,4,276.79,621.31,143.80,299.87,1,-1,-1,-1
3,3,427.48,584.00,181.72,353.09,1,-1,-1,-1
3,2,1544.78,645.06,154.05,278.63,1,-1,-1,-1
3,1,636.28,570.67,184.89,370.15,1,-1,-1,-1
4,12,1357.58,619.95,193.77,304.51,1,-1,-1,-1
4,11,831.78,678.28,146.54,254.76,1,-1,-1,-1
4,10,1096.05,627.76,142.35,293.29,1,-1,-1,-1
4,9,1388.35,631.46,210.29,296.09,1,-1,-1,-1
4,7,934.75,522.37,206.57,414.31,1,-1,-1,-1
4,4,260.44,609.31,163.85,318.33,1,-1,-1,-1
4,3,419.60,578.05,187.39,352.76,1,-1,-1,-1
4,2,1553.98,640.31,141.72,275.66,1,-1,-1,-1
4,1,634.14,564.69,188.64,371.63,1,-1,-1,-1
5,12,1380.96,609.58,206.35,318.33,1,-1,-1,-1
5,11,827.94,650.12,124.97,275.25,1,-1,-1,-1
5,10,1094.55,615.62,142.97,306.19,1,-1,-1,-1
5,9,1393.62,620.49,198.41,317.47,1,-1,-1,-1
5,7,927.84,519.12,212.68,426.23,1,-1,-1,-1
5,4,253.50,604.47,183.57,320.96,1,-1,-1,-1
5,3,395.64,563.27,205.41,367.96,1,-1,-1,-1
5,2,1554.92,634.61,145.23,282.38,1,-1,-1,-1
5,1,637.17,553.27,185.15,383.15,1,-1,-1,-1
6,17,1253.75,573.32,170.15,349.68,1,-1,-1,-1
6,16,1145.73,566.83,178.47,364.34,1,-1,-1,-1
6,15,829.32,613.42,133.01,308.91,1,-1,-1,-1
6,12,1427.51,609.43,171.28,304.58,1,-1,-1,-1
6,11,819.44,701.16,111.42,202.80,1,-1,-1,-1
6,10,1100.18,610.73,136.75,318.55,1,-1,-1,-1
6,7,949.08,507.47,184.58,437.63,1,-1,-1,-1
6,4,315.44,599.30,145.37,325.08,1,-1,-1,-1
6,3,423.39,549.72,176.68,381.39,1,-1,-1,-1
6,2,1538.24,629.07,168.90,293.41,1,-1,-1,-1
6,1,624.20,553.09,184.03,364.23,1,-1,-1,-1
7,17,1249.10,565.13,235.92,366.64,1,-1,-1,-1
7,16,1186.21,550.09,166.14,374.96,1,-1,-1,-1
7,15,837.91,587.92,138.67,328.14,1,-1,-1,-1
7,12,1406.10,597.95,182.81,318.26,1,-1,-1,-1
7,10,1117.14,599.70,135.21,320.49,1,-1,-1,-1
7,8,222.28,590.88,166.91,339.43,1,-1,-1,-1
7,7,945.57,503.08,183.71,434.98,1,-1,-1,-1
7,6,1235.39,558.28,175.85,372.94,1,-1,-1,-1
7,5,127.31,591.90,142.84,345.51,1,-1,-1,-1
7,4,316.84,595.81,152.54,352.93,1,-1,-1,-1
7,3,427.54,552.72,170.21,382.18,1,-1,-1,-1
7,2,1533.73,624.17,180.52,298.66,1,-1,-1,-1
7,1,642.12,537.85,177.84,382.62,1,-1,-1,-1
8,18,910.50,573.52,150.14,356.53,1,-1,-1,-1
8,17,1252.90,566.51,220.69,353.53,1,-1,-1,-1
8,16,1207.14,551.70,147.86,371.07,1,-1,-1,-1
8,15,845.44,572.19,167.08,348.03,1,-1,-1,-1
8,12,1432.73,599.10,160.75,328.56,1,-1,-1,-1
8,10,1121.77,595.49,133.72,325.31,1,-1,-1,-1
8,9,1358.79,586.99,173.81,345.90,1,-1,-1,-1
8,8,239.41,584.49,167.74,346.16,1,-1,-1,-1
8,7,932.06,489.56,194.33,451.59,1,-1,-1,-1
8,6,1257.13,554.20,154.85,380.23,1,-1,-1,-1
8,5,128.84,593.78,166.30,338.75,1,-1,-1,-1
8,4,329.59,600.04,152.25,327.03,1,-1,-1,-1
8,3,415.71,548.82,185.99,376.40,1,-1,-1,-1
8,2,1559.50,613.76,161.45,309.97,1,-1,-1,-1
8,1,640.08,629.94,160.51,285.06,1,-1,-1,-1
9,22,433.85,532.08,190.04,403.76,1,-1,-1,-1
9,18,917.74,571.77,141.89,361.60,1,-1,-1,-1
9,16,1225.92,562.39,136.95,356.86,1,-1,-1,-1
9,15,845.49,563.69,165.39,362.86,1,-1,-1,-1
9,12,1438.63,596.48,153.70,337.28,1,-1,-1,-1
9,10,1112.52,592.35,150.84,330.75,1,-1,-1,-1
9,9,1365.31,584.41,177.40,348.75,1,-1,-1,-1
9,8,242.37,584.15,170.60,346.50,1,-1,-1,-1
9,7,934.37,492.02,196.26,438.98,1,-1,-1,-1
9,6,1254.44,549.57,163.77,385.19,1,-1,-1,-1
9,5,139.90,596.03,172.70,333.45,1,-1,-1,-1
9,4,333.21,602.24,155.27,326.30,1,-1,-1,-1
9,2,1584.04,618.53,141.25,306.22,1,-1,-1,-1
9,1,636.20,591.83,169.84,334.51,1,-1,-1,-1
10,23,676.11,503.54,176.33,430.40,1,-1,-1,-1
10,22,426.22,531.41,202.03,400.30,1,-1,-1,-1
10,18,929.14,572.28,135.54,356.72,1,-1,-1,-1
10,16,1218.70,566.21,151.07,332.66,1,-1,-1,-1
10,15,849.26,659.20,149.85,267.55,1,-1,-1,-1
10,12,1449.96,595.94,145.37,332.04,1,-1,-1,-1
10,10,1110.73,590.49,150.94,334.08,1,-1,-1,-1
10,9,1355.64,580.55,186.72,351.37,1,-1,-1,-1
10,8,160.71,583.44,264.59,346.63,1,-1,-1,-1
10,6,1251.63,549.10,163.86,385.26,1,-1,-1,-1
10,5,139.97,596.04,158.23,330.22,1,-1,-1,-1
10,4,323.71,605.08,162.29,322.49,1,-1,-1,-1
10,2,1600.23,617.06,130.74,309.79,1,-1,-1,-1
11,23,667.17,503.69,188.79,431.07,1,-1,-1,-1
11,22,429.40,530.24,198.46,398.55,1,-1,-1,-1
11,18,900.80,570.56,150.72,360.15,1,-1,-1,-1
11,15,858.54,592.65,162.61,339.63,1,-1,-1,-1
11,12,1454.53,596.04,144.03,333.01,1,-1,-1,-1
11,10,1120.79,591.95,138.31,336.07,1,-1,-1,-1
11,9,1387.67,581.66,160.39,351.46,1,-1,-1,-1
11,8,226.49,584.59,206.06,345.31,1,-1,-1,-1
11,6,1256.59,547.19,155.48,385.61,1,-1,-1,-1
11,5,147.67,597.46,151.80,331.03,1,-1,-1,-1
11,4,317.49,612.35,166.30,308.01,1,-1,-1,-1
11,2,1604.09,614.28,135.50,312.95,1,-1,-1,-1
12,23,659.76,501.41,200.95,438.89,1,-1,-1,-1
12,22,431.33,533.29,202.01,400.98,1,-1,-1,-1
12,18,915.40,568.77,172.34,360.92,1,-1,-1,-1
12,15,867.26,611.08,162.99,309.96,1,-1,-1,-1
12,12,1462.43,596.36,139.61,332.44,1,-1,-1,-1
12,10,1124.59,593.77,151.07,335.16,1,-1,-1,-1
12,9,1394.10,583.41,164.41,349.11,1,-1,-1,-1
12,8,237.04,585.86,205.86,360.58,1,-1,-1,-1
12,7,941.73,562.43,165.20,375.88,1,-1,-1,-1
12,6,1266.21,548.63,151.29,380.30,1,-1,-1,-1
12,5,152.42,599.66,159.40,338.93,1,-1,-1,-1
12,4,328.97,597.17,166.25,334.89,1,-1,-1,-1
12,3,334.22,617.44,155.82,309.32,1,-1,-1,-1
12,2,1614.05,617.02,133.96,309.62,1,-1,-1,-1
13,23,679.69,511.18,184.98,427.53,1,-1,-1,-1
13,22,438.68,533.04,220.39,400.55,1,-1,-1,-1
13,18,890.70,567.11,188.19,364.08,1,-1,-1,-1
13,15,878.87,649.52,129.31,280.64,1,-1,-1,-1
13,12,1473.75,596.59,132.82,327.56,1,-1,-1,-1
13,10,1133.38,596.85,145.96,333.35,1,-1,-1,-1
13,9,1401.27,584.20,171.51,353.39,1,-1,-1,-1
13,8,232.78,587.61,221.88,348.15,1,-1,-1,-1
13,7,937.41,565.41,148.26,367.20,1,-1,-1,-1
13,6,1274.23,547.34,146.21,384.15,1,-1,-1,-1
13,5,157.79,604.81,156.71,333.85,1,-1,-1,-1
13,3,329.17,619.31,167.32,308.93,1,-1,-1,-1
13,2,1625.85,616.20,134.55,312.73,1,-1,-1,-1
14,25,702.64,580.64,150.60,354.75,1,-1,-1,-1
14,24,1006.00,489.66,213.16,461.46,1,-1,-1,-1
14,23,703.69,513.00,171.60,429.82,1,-1,-1,-1
14,22,452.45,541.65,236.44,391.71,1,-1,-1,-1
14,18,901.27,562.30,170.27,371.25,1,-1,-1,-1
14,15,884.35,624.08,120.50,302.91,1,-1,-1,-1
14,12,1484.36,603.15,150.08,331.53,1,-1,-1,-1
14,10,1139.46,597.43,147.42,334.01,1,-1,-1,-1
14,9,1431.94,583.25,149.41,358.14,1,-1,-1,-1
14,8,238.45,594.72,202.80,339.25,1,-1,-1,-1
14,7,918.93,575.74,176.26,357.08,1,-1,-1,-1
14,6,1298.28,548.73,142.81,391.14,1,-1,-1,-1
14,5,161.21,605.63,159.88,325.43,1,-1,-1,-1
14,3,350.79,624.90,145.42,302.56,1,-1,-1,-1
14,2,1638.38,619.60,171.07,313.10,1,-1,-1,-1
15,25,709.76,588.08,151.13,338.20,1,-1,-1,-1
15,24,1011.97,493.74,191.55,454.92,1,-1,-1,-1
15,23,710.38,516.88,181.14,426.41,1,-1,-1,-1
15,22,452.84,544.97,252.00,393.99,1,-1,-1,-1
15,15,894.83,627.66,120.22,298.70,1,-1,-1,-1
15,12,1488.56,608.18,170.68,325.74,1,-1,-1,-1
15,10,1120.41,597.03,172.46,341.99,1,-1,-1,-1
15,9,1439.95,583.51,172.84,353.50,1,-1,-1,-1
15,8,259.01,596.03,190.09,334.52,1,-1,-1,-1
15,7,936.82,574.80,184.90,361.28,1,-1,-1,-1
15,6,1288.27,548.58,164.81,390.78,1,-1,-1,-1
15,5,171.88,604.41,170.95,322.53,1,-1,-1,-1
15,3,329.69,627.07,153.45,300.18,1,-1,-1,-1
15,2,1648.44,621.16,173.96,310.33,1,-1,-1,-1
16,25,712.93,655.67,191.05,288.43,1,-1,-1,-1
16,24,1004.17,490.41,227.04,457.39,1,-1,-1,-1
16,23,706.76,519.73,199.87,416.65,1,-1,-1,-1
16,22,472.01,543.01,234.46,396.52,1,-1,-1,-1
16,16,1181.50,627.03,220.41,304.69,1,-1,-1,-1
16,15,907.72,628.57,121.28,284.46,1,-1,-1,-1
16,12,1475.17,611.34,200.41,323.10,1,-1,-1,-1
16,10,1044.48,596.75,273.90,335.49,1,-1,-1,-1
16,9,1443.85,588.04,226.94,353.54,1,-1,-1,-1
16,8,269.11,599.18,193.18,328.96,1,-1,-1,-1
16,7,924.84,577.64,206.79,354.15,1,-1,-1,-1
16,6,1283.26,545.84,208.19,393.51,1,-1,-1,-1
16,5,195.33,604.92,149.20,316.87,1,-1,-1,-1
16,2,1659.30,623.72,170.93,305.11,1,-1,-1,-1
17,25,742.54,642.58,160.59,313.29,1,-1,-1,-1
17,24,1031.37,502.81,259.59,446.30,1,-1,-1,-1
17,23,733.63,517.11,191.95,423.67,1,-1,-1,-1
17,22,457.41,541.27,243.90,395.70,1,-1,-1,-1
17,16,1225.24,628.94,166.99,305.68,1,-1,-1,-1
17,15,913.98,621.95,117.71,297.05,1,-1,-1,-1
17,12,1467.10,593.06,216.56,342.92,1,-1,-1,-1
17,10,1083.75,572.97,236.57,371.08,1,-1,-1,-1
17,9,1447.46,581.89,191.00,355.18,1,-1,-1,-1
17,8,283.36,597.75,229.28,336.76,1,-1,-1,-1
17,7,958.46,577.54,159.94,352.17,1,-1,-1,-1
17,6,1298.04,543.13,219.94,394.23,1,-1,-1,-1
17,5,208.11,602.84,160.59,319.96,1,-1,-1,-1
17,2,1673.55,621.16,166.87,303.99,1,-1,-1,-1
18,24,1080.36,505.43,203.07,444.52,1,-1,-1,-1
18,23,758.97,516.00,179.52,426.94,1,-1,-1,-1
18,22,498.56,538.00,207.80,401.42,1,-1,-1,-1
18,15,919.43,622.82,120.36,303.87,1,-1,-1,-1
18,12,1487.98,591.01,197.16,340.99,1,-1,-1,-1
18,10,1175.68,581.69,174.83,348.53,1,-1,-1,-1
18,9,1476.83,584.68,177.04,352.05,1,-1,-1,-1
18,8,313.50,598.16,221.44,331.24,1,-1,-1,-1
18,7,965.02,576.69,154.34,358.20,1,-1,-1,-1
18,6,1278.25,546.33,204.18,385.72,1,-1,-1,-1
18,5,213.38,599.03,168.82,320.27,1,-1,-1,-1
18,2,1680.26,619.68,162.90,307.93,1,-1,-1,-1
19,24,1083.31,500.62,214.94,448.65,1,-1,-1,-1
19,23,772.61,513.68,189.45,429.26,1,-1,-1,-1
19,22,512.08,538.71,212.92,399.76,1,-1,-1,-1
19,15,937.95,624.55,137.05,303.99,1,-1,-1,-1
19,12,1553.83,622.36,135.81,286.53,1,-1,-1,-1
19,10,1142.43,579.68,239.82,355.06,1,-1,-1,-1
19,9,1495.18,578.85,161.15,357.82,1,-1,-1,-1
19,8,332.92,595.08,202.31,337.08,1,-1,-1,-1
19,7,957.85,582.82,164.04,349.74,1,-1,-1,-1
19,6,1300.50,539.93,193.23,396.62,1,-1,-1,-1
19,5,221.31,596.12,178.21,327.84,1,-1,-1,-1
19,2,1698.60,619.45,153.67,306.03,1,-1,-1,-1
19,1,735.14,573.77,148.85,354.69,1,-1,-1,-1
20,27,983.51,573.93,171.87,361.55,1,-1,-1,-1
20,24,1106.12,499.50,204.17,445.81,1,-1,-1,-1
20,23,783.11,514.78,210.81,426.97,1,-1,-1,-1
20,22,519.02,531.85,159.10,404.47,1,-1,-1,-1
20,16,1262.14,607.51,173.85,316.08,1,-1,-1,-1
20,15,946.73,623.73,129.37,301.69,1,-1,-1,-1
20,12,1555.16,603.58,143.94,317.43,1,-1,-1,-1
20,10,1187.89,593.90,215.05,341.42,1,-1,-1,-1
20,9,1484.78,581.91,173.14,351.78,1,-1,-1,-1
20,8,349.02,593.25,180.17,338.37,1,-1,-1,-1
20,5,219.61,595.01,184.11,342.28,1,-1,-1,-1
20,2,1709.96,618.50,153.73,311.01,1,-1,-1,-1
20,1,735.91,573.98,148.68,355.23,1,-1,-1,-1
21,27,993.35,576.98,177.93,361.05,1,-1,-1,-1
21,24,1120.60,502.34,265.22,439.89,1,-1,-1,-1
21,23,784.03,515.84,208.00,424.07,1,-1,-1,-1
21,22,522.84,534.53,177.26,401.48,1,-1,-1,-1
21,17,1341.89,543.96,265.08,394.10,1,-1,-1,-1
21,16,1294.71,614.81,165.37,305.75,1,-1,-1,-1
21,15,942.95,628.44,136.52,299.76,1,-1,-1,-1
21,12,1525.44,589.42,200.68,338.07,1,-1,-1,-1
21,10,1199.20,612.89,209.18,319.79,1,-1,-1,-1
21,9,1490.26,576.34,179.97,360.39,1,-1,-1,-1
21,8,355.03,592.63,179.82,341.50,1,-1,-1,-1
21,5,219.80,594.28,171.73,337.47,1,-1,-1,-1
21,4,418.18,620.67,168.45,299.44,1,-1,-1,-1
21,2,1719.30,620.65,157.60,305.88,1,-1,-1,-1
21,1,736.11,586.48,148.24,342.19,1,-1,-1,-1
22,27,986.96,578.12,191.73,359.58,1,-1,-1,-1
22,24,1119.07,506.54,222.72,431.75,1,-1,-1,-1
22,23,783.35,517.31,227.22,425.28,1,-1,-1,-1
22,22,520.54,541.37,197.14,399.94,1,-1,-1,-1
22,17,1335.95,545.18,297.74,392.54,1,-1,-1,-1
22,16,1292.36,613.67,163.98,307.11,1,-1,-1,-1
22,15,933.96,638.91,146.53,292.11,1,-1,-1,-1
22,12,1553.33,595.66,173.89,326.13,1,-1,-1,-1
22,10,1172.76,606.46,241.00,332.85,1,-1,-1,-1
22,8,352.85,592.53,196.57,351.07,1,-1,-1,-1
22,5,212.06,596.08,207.79,352.49,1,-1,-1,-1
22,4,417.49,620.92,143.40,301.25,1,-1,-1,-1
22,2,1723.56,620.58,161.66,305.13,1,-1,-1,-1
22,1,735.87,625.14,139.92,305.40,1,-1,-1,-1
23,28,607.30,646.85,122.83,278.41,1,-1,-1,-1
23,27,984.81,584.01,204.18,358.57,1,-1,-1,-1
23,24,1116.62,625.64,153.04,315.03,1,-1,-1,-1
23,23,784.02,519.54,242.79,425.56,1,-1,-1,-1
23,22,521.40,551.32,165.12,388.29,1,-1,-1,-1
23,17,1348.03,551.24,310.22,385.92,1,-1,-1,-1
23,15,950.27,642.54,128.04,282.15,1,-1,-1,-1
23,10,1193.13,595.24,227.63,353.40,1,-1,-1,-1
23,8,345.31,595.62,190.29,342.96,1,-1,-1,-1
23,5,204.24,599.50,197.54,345.95,1,-1,-1,-1
23,4,421.97,621.20,136.92,305.95,1,-1,-1,-1
23,2,1722.92,619.98,174.47,307.33,1,-1,-1,-1
23,1,728.91,597.60,161.06,335.98,1,-1,-1,-1
24,28,574.90,653.68,154.21,270.88,1,-1,-1,-1
24,27,979.74,585.78,218.03,354.22,1,-1,-1,-1
24,24,1093.37,637.52,273.68,309.04,1,-1,-1,-1
24,23,793.84,513.63,248.20,433.58,1,-1,-1,-1
24,22,497.38,557.09,219.43,383.11,1,-1,-1,-1
24,17,1357.95,557.97,312.89,382.79,1,-1,-1,-1
24,9,1539.19,587.23,258.81,354.47,1,-1,-1,-1
24,8,355.76,597.80,172.35,334.14,1,-1,-1,-1
24,7,927.45,629.70,179.21,303.64,1,-1,-1,-1
24,6,1111.26,503.45,329.85,449.46,1,-1,-1,-1
24,5,231.95,607.68,245.71,332.76,1,-1,-1,-1
24,4,417.70,619.62,149.16,305.54,1,-1,-1,-1
24,2,1716.20,623.56,180.34,307.06,1,-1,-1,-1
24,1,711.42,579.31,208.96,357.38,1,-1,-1,-1
25,28,581.86,647.22,145.83,285.12,1,-1,-1,-1
25,27,970.64,583.00,229.72,356.86,1,-1,-1,-1
25,24,1123.80,600.58,230.15,379.89,1,-1,-1,-1
25,23,777.95,517.69,267.95,427.05,1,-1,-1,-1
25,22,489.48,564.63,241.19,373.72,1,-1,-1,-1
25,17,1342.19,557.70,323.38,387.40,1,-1,-1,-1
25,9,1546.59,584.08,248.85,357.95,1,-1,-1,-1
25,8,356.94,603.67,191.15,329.32,1,-1,-1,-1
25,7,935.97,631.22,174.42,303.51,1,-1,-1,-1
25,6,1121.45,502.03,315.41,447.32,1,-1,-1,-1
25,5,347.54,600.45,173.74,333.29,1,-1,-1,-1
25,4,400.58,618.85,155.59,309.65,1,-1,-1,-1
25,2,1724.12,627.20,181.94,301.41,1,-1,-1,-1
25,1,719.05,584.91,225.39,345.70,1,-1,-1,-1
26,27,991.51,584.64,252.94,355.81,1,-1,-1,-1
26,23,791.87,538.24,246.61,400.36,1,-1,-1,-1
26,22,517.34,575.74,216.99,362.47,1,-1,-1,-1
26,17,1352.97,558.71,315.52,386.26,1,-1,-1,-1
26,9,1552.96,584.61,235.20,358.91,1,-1,-1,-1
26,8,367.94,601.40,179.53,335.72,1,-1,-1,-1
26,7,965.83,632.02,146.50,292.53,1,-1,-1,-1
26,6,1171.60,507.00,247.13,437.74,1,-1,-1,-1
26,5,318.97,596.07,199.90,346.43,1,-1,-1,-1
26,4,423.49,619.64,141.03,310.08,1,-1,-1,-1
26,3,232.98,612.75,144.27,317.31,1,-1,-1,-1
26,2,1741.39,628.47,174.08,299.87,1,-1,-1,-1
26,1,750.14,592.42,171.77,329.58,1,-1,-1,-1
27,27,1007.91,585.10,255.54,350.53,1,-1,-1,-1
27,23,816.04,551.16,229.54,387.91,1,-1,-1,-1
27,22,526.14,580.53,214.58,360.09,1,-1,-1,-1
27,17,1368.31,561.29,351.03,383.62,1,-1,-1,-1
27,16,1290.40,653.05,206.63,292.64,1,-1,-1,-1
27,9,1561.08,584.47,224.50,356.88,1,-1,-1,-1
27,8,376.21,602.58,180.31,334.80,1,-1,-1,-1
27,7,961.69,633.38,164.50,289.88,1,-1,-1,-1
27,6,1248.29,509.68,177.51,421.79,1,-1,-1,-1
27,4,423.29,619.41,170.91,309.56,1,-1,-1,-1
27,3,226.48,612.76,144.82,318.02,1,-1,-1,-1
27,2,1778.68,629.99,141.22,300.79,1,-1,-1,-1
27,1,772.40,603.89,146.76,321.78,1,-1,-1,-1
28,27,1059.00,580.48,186.54,353.26,1,-1,-1,-1
28,23,805.94,563.41,261.95,378.06,1,-1,-1,-1
28,22,531.55,587.09,210.12,351.75,1,-1,-1,-1
28,17,1422.81,555.49,313.38,381.12,1,-1,-1,-1
28,16,1312.96,645.62,176.33,298.50,1,-1,-1,-1
28,9,1582.45,577.85,237.03,364.08,1,-1,-1,-1
28,8,381.36,602.19,150.20,328.90,1,-1,-1,-1
28,7,977.37,637.82,175.45,291.26,1,-1,-1,-1
28,6,1258.72,513.30,231.73,437.89,1,-1,-1,-1
28,4,434.47,619.35,132.21,307.57,1,-1,-1,-1
28,3,222.10,611.82,149.48,318.02,1,-1,-1,-1
28,2,1785.70,629.44,134.12,302.81,1,-1,-1,-1
28,1,778.17,606.81,162.27,322.73,1,-1,-1,-1
29,27,1097.84,585.88,199.42,349.18,1,-1,-1,-1
29,23,892.60,555.97,207.60,386.42,1,-1,-1,-1
29,22,537.60,578.93,208.44,358.14,1,-1,-1,-1
29,17,1529.18,547.07,255.85,398.92,1,-1,-1,-1
29,9,1648.81,573.99,234.34,369.99,1,-1,-1,-1
29,8,374.28,594.15,206.55,341.98,1,-1,-1,-1
29,7,977.23,630.40,183.99,296.36,1,-1,-1,-1
29,6,1298.34,508.36,255.94,435.93,1,-1,-1,-1
29,4,433.10,619.07,150.74,309.16,1,-1,-1,-1
29,3,201.35,601.41,228.82,339.23,1,-1,-1,-1
29,2,1766.83,623.70,153.12,312.50,1,-1,-1,-1
29,1,759.32,599.98,241.65,339.32,1,-1,-1,-1
30,27,1091.24,568.92,242.64,368.08,1,-1,-1,-1
30,23,887.22,542.44,258.95,403.97,1,-1,-1,-1
30,22,529.48,573.86,265.06,369.76,1,-1,-1,-1
30,17,1537.52,542.56,249.30,397.41,1,-1,-1,-1
30,9,1649.72,567.05,262.42,380.37,1,-1,-1,-1
30,8,380.76,582.82,201.65,348.58,1,-1,-1,-1
30,7,966.39,629.61,204.34,303.71,1,-1,-1,-1
30,6,1308.70,492.83,268.87,456.41,1,-1,-1,-1
30,3,186.90,599.58,240.53,343.23,1,-1,-1,-1
30,2,1745.49,618.81,174.51,314.49,1,-1,-1,-1
30,1,752.14,596.22,254.53,341.06,1,-1,-1,-1
31,27,1098.24,559.49,237.20,369.74,1,-1,-1,-1
31,23,899.75,523.70,271.43,417.92,1,-1,-1,-1
31,22,534.17,560.44,285.69,384.26,1,-1,-1,-1
31,21,1415.44,589.54,257.60,342.43,1,-1,-1,-1
31,17,1563.11,536.72,251.67,413.36,1,-1,-1,-1
31,9,1672.39,573.92,247.61,358.02,1,-1,-1,-1
31,8,359.67,578.07,216.65,358.23,1,-1,-1,-1
31,7,1009.63,629.04,168.66,292.89,1,-1,-1,-1
31,6,1302.10,486.77,327.64,460.96,1,-1,-1,-1
31,3,189.47,598.34,235.13,339.24,1,-1,-1,-1
31,2,1761.14,603.90,158.86,328.52,1,-1,-1,-1
31,1,764.96,647.33,206.52,287.16,1,-1,-1,-1
32,27,1133.29,563.45,172.03,368.50,1,-1,-1,-1
32,23,885.88,504.02,295.93,438.43,1,-1,-1,-1
32,22,561.16,558.58,223.34,379.85,1,-1,-1,-1
32,21,1455.73,595.05,246.91,339.81,1,-1,-1,-1
32,17,1559.49,540.53,282.77,404.51,1,-1,-1,-1
32,10,1297.09,568.47,279.13,357.00,1,-1,-1,-1
32,9,1702.59,598.63,217.18,331.52,1,-1,-1,-1
32,8,367.52,574.47,204.06,358.52,1,-1,-1,-1
32,7,974.88,616.99,213.29,310.53,1,-1,-1,-1
32,6,1332.80,484.48,319.01,465.90,1,-1,-1,-1
32,3,208.16,593.82,174.94,350.66,1,-1,-1,-1
32,2,1776.12,632.92,143.73,296.32,1,-1,-1,-1
32,1,780.32,645.95,195.69,282.90,1,-1,-1,-1
33,27,1153.24,569.17,226.06,366.35,1,-1,-1,-1
33,23,933.89,499.61,254.49,443.18,1,-1,-1,-1
33,22,589.24,550.45,186.66,388.49,1,-1,-1,-1
33,10,1316.79,565.44,238.18,364.87,1,-1,-1,-1
33,9,1735.11,600.42,184.89,330.29,1,-1,-1,-1
33,8,402.03,568.82,161.31,367.53,1,-1,-1,-1
33,7,969.52,607.89,237.54,330.81,1,-1,-1,-1
33,6,1383.69,480.69,247.88,464.13,1,-1,-1,-1
33,3,235.56,592.98,140.50,338.78,1,-1,-1,-1
33,2,1809.58,631.12,110.42,294.22,1,-1,-1,-1
33,1,780.52,641.70,180.87,289.14,1,-1,-1,-1
34,27,1179.60,569.97,176.78,354.79,1,-1,-1,-1
34,26,889.35,567.99,155.63,359.92,1,-1,-1,-1
34,24,1347.94,581.30,165.17,346.78,1,-1,-1,-1
34,23,990.26,488.39,204.65,448.68,1,-1,-1,-1
34,22,584.55,552.79,217.01,380.47,1,-1,-1,-1
34,9,1730.39,585.31,189.38,344.35,1,-1,-1,-1
34,8,434.39,557.86,155.77,373.88,1,-1,-1,-1
34,7,1000.89,530.15,202.71,398.48,1,-1,-1,-1
34,6,1440.58,487.94,212.84,451.97,1,-1,-1,-1
34,3,234.98,600.11,143.88,327.99,1,-1,-1,-1
34,2,1796.52,625.78,142.87,304.65,1,-1,-1,-1
34,1,812.75,639.80,158.67,282.41,1,-1,-1,-1
35,27,1168.98,563.01,219.51,369.05,1,-1,-1,-1
35,26,891.91,569.55,132.88,345.05,1,-1,-1,-1
35,24,1324.82,577.62,156.92,350.59,1,-1,-1,-1
35,23,1022.54,490.07,185.11,439.62,1,-1,-1,-1
35,22,605.79,560.97,204.93,375.26,1,-1,-1,-1
35,17,1644.89,552.87,259.64,381.44,1,-1,-1,-1
35,9,1746.81,569.51,173.19,351.20,1,-1,-1,-1
35,8,435.16,555.09,167.64,380.05,1,-1,-1,-1
35,7,1003.20,578.72,199.75,328.30,1,-1,-1,-1
35,6,1464.90,476.33,296.20,473.63,1,-1,-1,-1
35,3,233.15,607.14,146.22,317.98,1,-1,-1,-1
35,1,818.15,641.60,155.30,276.12,1,-1,-1,-1
36,27,1166.99,560.55,242.89,363.29,1,-1,-1,-1
36,26,909.70,574.93,209.73,338.90,1,-1,-1,-1
36,24,1321.28,579.17,186.67,342.78,1,-1,-1,-1
36,23,1025.56,490.66,212.60,434.47,1,-1,-1,-1
36,22,616.35,570.40,201.72,358.53,1,-1,-1,-1
36,17,1647.77,558.08,272.23,364.88,1,-1,-1,-1
36,10,1390.60,599.54,206.40,318.50,1,-1,-1,-1
36,9,1731.63,568.57,188.37,349.52,1,-1,-1,-1
36,8,447.59,556.71,161.37,373.98,1,-1,-1,-1
36,6,1466.87,472.90,348.97,468.87,1,-1,-1,-1
36,3,234.32,612.47,146.05,315.56,1,-1,-1,-1
36,1,819.68,635.77,149.48,281.47,1,-1,-1,-1
37,27,1204.25,560.64,198.55,359.11,1,-1,-1,-1
37,26,911.86,578.58,152.67,342.20,1,-1,-1,-1
37,24,1328.20,576.57,207.20,342.63,1,-1,-1,-1
37,23,1031.76,510.21,237.57,417.89,1,-1,-1,-1
37,22,624.67,573.42,215.71,351.95,1,-1,-1,-1
37,17,1710.15,560.18,209.24,366.57,1,-1,-1,-1
37,10,1383.96,596.48,235.59,317.95,1,-1,-1,-1
37,9,1746.55,566.71,201.84,354.31,1,-1,-1,-1
37,8,457.38,561.42,153.34,367.64,1,-1,-1,-1
37,6,1473.56,470.37,349.25,459.61,1,-1,-1,-1
37,3,231.45,610.56,149.00,319.41,1,-1,-1,-1
37,1,823.87,635.79,163.94,281.25,1,-1,-1,-1
38,29,1148.86,607.27,183.57,302.62,1,-1,-1,-1
38,27,1221.21,559.54,166.10,356.99,1,-1,-1,-1
38,26,914.46,579.10,166.12,339.73,1,-1,-1,-1
38,24,1372.34,576.15,196.88,343.78,1,-1,-1,-1
38,23,1040.33,532.92,233.60,389.24,1,-1,-1,-1
38,22,636.74,573.06,265.57,351.47,1,-1,-1,-1
38,17,1702.11,557.45,217.89,366.47,1,-1,-1,-1
38,10,1410.23,587.76,217.68,337.83,1,-1,-1,-1
38,8,468.00,558.89,136.76,364.61,1,-1,-1,-1
38,6,1473.07,464.64,339.79,473.09,1,-1,-1,-1
38,3,222.84,606.07,170.47,316.38,1,-1,-1,-1
38,1,818.65,632.78,158.97,272.34,1,-1,-1,-1
39,29,1144.96,591.03,194.79,321.10,1,-1,-1,-1
39,27,1243.11,553.01,156.25,357.01,1,-1,-1,-1
39,26,911.19,578.26,182.06,330.34,1,-1,-1,-1
39,24,1370.96,566.87,187.32,349.11,1,-1,-1,-1
39,23,1043.07,542.74,243.62,371.94,1,-1,-1,-1
39,22,601.78,547.83,266.87,370.12,1,-1,-1,-1
39,17,1697.87,554.97,221.95,367.28,1,-1,-1,-1
39,8,452.32,552.78,197.62,369.51,1,-1,-1,-1
39,6,1563.01,466.29,250.95,473.66,1,-1,-1,-1
39,3,178.91,587.36,232.39,336.20,1,-1,-1,-1
39,1,734.88,622.57,249.42,288.11,1,-1,-1,-1
40,27,1216.68,547.85,195.61,349.81,1,-1,-1,-1
40,26,929.30,577.74,172.15,333.82,1,-1,-1,-1
40,24,1360.87,559.12,231.31,351.75,1,-1,-1,-1
40,23,1049.83,526.93,263.10,384.48,1,-1,-1,-1
40,22,603.99,576.55,239.16,327.98,1,-1,-1,-1
40,17,1707.13,559.58,212.46,357.71,1,-1,-1,-1
40,8,438.05,549.65,216.79,371.50,1,-1,-1,-1
40,6,1582.36,469.09,330.48,440.70,1,-1,-1,-1
40,4,398.01,588.90,197.26,316.99,1,-1,-1,-1
40,3,158.32,579.44,255.39,340.64,1,-1,-1,-1
40,1,774.14,627.07,208.33,272.27,1,-1,-1,-1
41,27,1229.05,545.69,209.21,349.18,1,-1,-1,-1
41,24,1360.96,565.03,298.45,336.63,1,-1,-1,-1
41,23,1059.68,519.86,271.16,386.00,1,-1,-1,-1
41,22,617.35,596.06,213.19,292.54,1,-1,-1,-1
41,17,1713.16,564.82,206.84,338.67,1,-1,-1,-1
41,15,878.18,560.85,245.55,347.32,1,-1,-1,-1
41,8,413.63,547.91,266.50,366.45,1,-1,-1,-1
41,6,1554.69,466.91,355.91,449.89,1,-1,-1,-1
41,4,395.47,592.13,188.24,316.93,1,-1,-1,-1
41,3,153.64,574.96,251.36,337.27,1,-1,-1,-1
41,1,696.17,619.44,272.89,286.38,1,-1,-1,-1
42,27,1236.62,546.95,216.02,354.09,1,-1,-1,-1
42,25,645.37,530.65,302.38,385.21,1,-1,-1,-1
42,24,1351.28,563.29,235.87,341.80,1,-1,-1,-1
42,23,1049.31,507.41,292.42,407.71,1,-1,-1,-1
42,22,617.71,588.12,205.43,321.79,1,-1,-1,-1
42,17,1725.32,553.98,223.89,361.57,1,-1,-1,-1
42,15,894.82,555.58,223.34,350.31,1,-1,-1,-1
42,8,419.03,541.98,282.56,373.33,1,-1,-1,-1
42,6,1559.93,461.51,317.78,456.97,1,-1,-1,-1
42,4,413.38,593.82,158.04,308.74,1,-1,-1,-1
42,3,153.69,569.08,241.87,344.02,1,-1,-1,-1
42,1,741.11,621.49,214.65,282.30,1,-1,-1,-1
43,27,1244.36,550.16,213.51,352.25,1,-1,-1,-1
43,25,666.66,533.71,277.84,382.39,1,-1,-1,-1
43,24,1337.68,571.09,231.10,331.92,1,-1,-1,-1
43,23,1057.93,502.09,318.30,409.32,1,-1,-1,-1
43,22,629.41,588.03,192.17,320.45,1,-1,-1,-1
43,15,901.85,555.19,215.70,348.18,1,-1,-1,-1
43,10,1436.87,646.66,185.92,247.24,1,-1,-1,-1
43,8,429.06,543.11,256.29,373.74,1,-1,-1,-1
43,6,1575.62,460.42,289.78,453.34,1,-1,-1,-1
43,4,415.27,594.42,160.27,305.13,1,-1,-1,-1
43,3,166.13,565.63,218.31,353.35,1,-1,-1,-1
44,27,1246.46,564.59,183.14,341.17,1,-1,-1,-1
44,25,656.96,526.51,293.55,388.04,1,-1,-1,-1
44,24,1348.05,583.84,243.40,317.45,1,-1,-1,-1
44,23,1119.24,499.43,236.99,413.41,1,-1,-1,-1
44,22,662.77,590.61,139.77,305.70,1,-1,-1,-1
44,15,950.61,555.68,160.42,347.12,1,-1,-1,-1
44,12,1740.52,571.29,178.55,333.26,1,-1,-1,-1
44,10,1428.97,615.78,233.42,296.27,1,-1,-1,-1
44,8,485.67,540.53,168.56,369.96,1,-1,-1,-1
44,6,1619.71,479.59,287.31,428.72,1,-1,-1,-1
44,4,429.80,591.34,118.41,304.47,1,-1,-1,-1
44,3,235.25,563.16,131.77,343.48,1,-1,-1,-1
45,27,1263.21,573.65,200.84,330.51,1,-1,-1,-1
45,24,1351.50,590.33,207.86,309.01,1,-1,-1,-1
45,23,1128.48,503.73,209.93,408.30,1,-1,-1,-1
45,22,667.18,592.75,147.63,303.72,1,-1,-1,-1
45,15,937.53,558.02,150.93,337.58,1,-1,-1,-1
45,12,1748.57,582.95,169.61,318.46,1,-1,-1,-1
45,8,512.76,545.93,130.05,358.03,1,-1,-1,-1
45,6,1630.26,488.71,289.74,421.96,1,-1,-1,-1
45,4,423.74,588.44,126.00,309.25,1,-1,-1,-1
45,3,243.05,561.68,128.85,339.19,1,-1,-1,-1
46,30,756.66,533.61,177.13,367.22,1,-1,-1,-1
46,27,1243.79,580.04,231.92,313.47,1,-1,-1,-1
46,24,1336.66,594.14,234.03,296.00,1,-1,-1,-1
46,23,1133.36,503.05,234.04,403.22,1,-1,-1,-1
46,22,656.11,593.54,168.12,298.39,1,-1,-1,-1
46,15,952.75,556.24,140.29,339.65,1,-1,-1,-1
46,12,1728.94,568.31,189.83,332.76,1,-1,-1,-1
46,8,517.71,547.25,125.70,354.50,1,-1,-1,-1
46,7,1067.73,614.48,139.29,278.67,1,-1,-1,-1
46,6,1644.73,493.56,274.34,416.26,1,-1,-1,-1
46,4,417.16,583.74,149.17,311.42,1,-1,-1,-1
46,3,232.22,559.13,161.12,341.19,1,-1,-1,-1
47,30,763.67,530.21,199.71,367.11,1,-1,-1,-1
47,28,601.20,623.92,174.78,270.29,1,-1,-1,-1
47,27,1249.08,580.39,207.12,314.07,1,-1,-1,-1
47,24,1330.88,597.39,246.34,289.55,1,-1,-1,-1
47,23,1142.84,508.99,224.75,395.56,1,-1,-1,-1
47,22,667.12,594.98,177.32,302.99,1,-1,-1,-1
47,15,947.29,560.12,157.83,332.06,1,-1,-1,-1
47,12,1725.19,564.59,193.78,315.50,1,-1,-1,-1
47,8,520.03,545.06,154.46,356.23,1,-1,-1,-1
47,7,1056.10,618.01,175.16,272.51,1,-1,-1,-1
47,6,1642.40,496.60,277.18,407.95,1,-1,-1,-1
47,4,417.08,583.17,147.56,311.10,1,-1,-1,-1
47,3,214.34,554.35,194.69,346.23,1,-1,-1,-1
48,30,760.39,525.93,259.72,369.22,1,-1,-1,-1
48,28,563.05,623.14,181.74,268.69,1,-1,-1,-1
48,27,1241.60,580.91,185.71,303.62,1,-1,-1,-1
48,24,1303.10,595.86,276.53,285.71,1,-1,-1,-1
48,23,1147.05,508.63,269.31,388.44,1,-1,-1,-1
48,22,652.83,593.64,175.73,299.89,1,-1,-1,-1
48,21,1639.08,494.86,280.64,402.14,1,-1,-1,-1
48,15,937.96,557.84,196.52,325.86,1,-1,-1,-1
48,12,1738.37,558.96,192.60,333.04,1,-1,-1,-1
48,8,517.23,548.17,182.78,347.65,1,-1,-1,-1
48,7,1049.17,619.48,179.58,264.04,1,-1,-1,-1
48,6,1656.35,480.78,295.69,437.02,1,-1,-1,-1
48,3,203.23,549.94,221.14,350.15,1,-1,-1,-1
49,30,760.17,514.55,228.87,372.96,1,-1,-1,-1
49,28,586.41,616.17,188.71,269.29,1,-1,-1,-1
49,27,1229.35,574.41,225.04,313.51,1,-1,-1,-1
49,24,1326.04,603.82,234.72,275.75,1,-1,-1,-1
49,23,1140.97,504.02,318.22,390.83,1,-1,-1,-1
49,22,678.65,595.65,156.06,287.61,1,-1,-1,-1
49,21,1610.44,496.63,308.13,391.67,1,-1,-1,-1
49,20,360.95,576.16,207.03,303.91,1,-1,-1,-1
49,15,906.46,554.55,225.27,329.40,1,-1,-1,-1
49,8,493.10,549.50,218.48,346.45,1,-1,-1,-1
49,7,1132.61,605.47,191.70,274.87,1,-1,-1,-1
49,3,171.11,546.08,240.61,352.12,1,-1,-1,-1
50,28,558.80,619.42,192.00,266.78,1,-1,-1,-1
50,27,1247.86,573.45,205.71,316.00,1,-1,-1,-1
50,24,1261.67,582.06,273.13,291.04,1,-1,-1,-1
50,23,1175.92,498.15,271.12,401.67,1,-1,-1,-1
50,22,681.48,591.76,163.32,280.38,1,-1,-1,-1
50,21,1598.16,517.17,257.73,367.50,1,-1,-1,-1
50,20,349.14,577.10,222.63,306.22,1,-1,-1,-1
50,15,901.12,556.34,213.75,322.91,1,-1,-1,-1
50,8,479.73,547.93,260.96,346.86,1,-1,-1,-1
50,7,1124.11,610.85,166.74,269.00,1,-1,-1,-1
50,3,160.89,542.91,242.92,349.62,1,-1,-1,-1
51,29,1119.56,505.92,328.61,381.12,1,-1,-1,-1
51,28,570.59,624.08,198.64,261.17,1,-1,-1,-1
51,26,994.89,626.00,207.39,254.83,1,-1,-1,-1
51,24,1255.55,584.40,262.50,302.77,1,-1,-1,-1
51,22,682.98,588.47,166.40,291.20,1,-1,-1,-1
51,21,1673.42,504.81,180.12,369.27,1,-1,-1,-1
51,20,342.19,582.54,234.53,300.46,1,-1,-1,-1
51,15,901.51,566.13,230.56,315.02,1,-1,-1,-1
51,12,1676.67,555.38,241.77,334.01,1,-1,-1,-1
51,8,470.61,549.19,269.26,343.36,1,-1,-1,-1
51,3,170.43,540.50,241.12,352.91,1,-1,-1,-1
52,29,1134.82,509.69,306.70,373.97,1,-1,-1,-1
52,28,573.08,616.78,184.15,270.85,1,-1,-1,-1
52,26,962.50,621.95,203.94,259.56,1,-1,-1,-1
52,24,1272.56,604.45,212.80,269.47,1,-1,-1,-1
52,21,1651.37,519.21,177.80,357.53,1,-1,-1,-1
52,20,346.03,584.31,230.93,298.59,1,-1,-1,-1
52,15,946.39,575.35,189.14,307.76,1,-1,-1,-1
52,12,1672.59,556.77,245.38,335.48,1,-1,-1,-1
52,10,1575.21,610.62,124.43,265.22,1,-1,-1,-1
52,8,486.73,547.30,254.01,343.54,1,-1,-1,-1
52,3,196.80,546.52,216.91,349.66,1,-1,-1,-1
53,29,1133.83,495.24,317.91,391.98,1,-1,-1,-1
53,26,991.43,622.82,191.80,259.35,1,-1,-1,-1
53,24,1305.51,605.10,163.11,269.75,1,-1,-1,-1
53,21,1644.58,501.37,228.99,379.82,1,-1,-1,-1
53,20,346.69,579.72,219.72,304.75,1,-1,-1,-1
53,15,968.17,577.15,168.56,301.02,1,-1,-1,-1
53,12,1662.01,527.61,229.29,364.28,1,-1,-1,-1
53,10,1574.25,621.19,144.60,254.22,1,-1,-1,-1
53,8,489.72,555.40,240.47,338.42,1,-1,-1,-1
53,3,224.79,546.42,181.70,351.49,1,-1,-1,-1
54,31,1213.75,541.42,207.87,361.24,1,-1,-1,-1
54,25,855.51,539.23,149.07,361.82,1,-1,-1,-1
54,24,1300.52,602.91,153.04,277.48,1,-1,-1,-1
54,15,967.77,595.41,180.55,293.64,1,-1,-1,-1
54,12,1654.84,546.47,265.16,344.14,1,-1,-1,-1
54,10,1555.76,641.26,156.43,245.45,1,-1,-1,-1
54,8,500.00,546.39,237.09,349.76,1,-1,-1,-1
54,7,1112.41,647.25,131.18,242.76,1,-1,-1,-1
54,3,253.91,552.68,131.91,350.76,1,-1,-1,-1
55,31,1227.39,553.93,218.99,354.53,1,-1,-1,-1
55,25,844.44,547.87,152.78,342.54,1,-1,-1,-1
55,24,1285.62,610.42,173.69,297.64,1,-1,-1,-1
55,22,734.27,625.41,122.20,267.44,1,-1,-1,-1
55,15,981.61,597.74,160.98,291.67,1,-1,-1,-1
55,12,1651.96,555.97,264.34,339.25,1,-1,-1,-1
55,10,1549.68,649.58,163.93,241.44,1,-1,-1,-1
55,7,1089.01,649.76,144.27,238.04,1,-1,-1,-1
55,4,429.49,602.87,142.11,297.76,1,-1,-1,-1
55,3,242.13,559.36,140.65,351.90,1,-1,-1,-1
56,31,1254.01,560.33,154.42,347.28,1,-1,-1,-1
56,28,592.93,572.60,144.79,337.58,1,-1,-1,-1
56,25,843.26,548.81,218.51,360.95,1,-1,-1,-1
56,24,1279.46,614.08,205.56,297.53,1,-1,-1,-1
56,22,721.28,631.76,154.66,272.07,1,-1,-1,-1
56,15,991.42,611.75,168.30,285.50,1,-1,-1,-1
56,12,1654.37,560.47,265.30,341.42,1,-1,-1,-1
56,10,1540.90,651.42,210.67,242.13,1,-1,-1,-1
56,7,1077.43,656.27,145.91,227.19,1,-1,-1,-1
56,4,415.22,604.52,176.56,296.87,1,-1,-1,-1
56,3,230.07,563.48,175.02,347.40,1,-1,-1,-1
57,31,1250.42,563.79,182.57,346.82,1,-1,-1,-1
57,28,583.35,579.40,158.46,316.34,1,-1,-1,-1
57,25,837.93,555.93,244.88,345.48,1,-1,-1,-1
57,24,1278.88,618.72,194.78,285.28,1,-1,-1,-1
57,22,733.37,632.90,166.79,274.73,1,-1,-1,-1
57,15,1001.31,613.57,197.90,275.53,1,-1,-1,-1
57,12,1664.86,565.15,255.14,336.85,1,-1,-1,-1
57,10,1531.24,654.37,229.07,239.32,1,-1,-1,-1
57,7,1068.17,640.25,167.78,242.53,1,-1,-1,-1
57,4,389.66,606.40,241.17,302.29,1,-1,-1,-1
57,3,216.82,567.71,192.75,343.67,1,-1,-1,-1
58,31,1228.77,558.41,201.31,352.30,1,-1,-1,-1
58,25,828.97,560.24,274.11,353.30,1,-1,-1,-1
58,22,718.24,631.56,167.02,273.10,1,-1,-1,-1
58,15,1016.65,612.17,227.23,284.70,1,-1,-1,-1
58,12,1685.42,567.53,234.27,338.56,1,-1,-1,-1
58,10,1527.91,655.92,204.36,240.22,1,-1,-1,-1
58,8,569.49,574.44,213.21,335.53,1,-1,-1,-1
58,7,1082.06,649.95,145.59,231.13,1,-1,-1,-1
58,4,373.64,609.30,274.50,300.26,1,-1,-1,-1
58,3,196.40,564.04,215.21,350.41,1,-1,-1,-1
59,27,1241.88,564.51,308.58,338.59,1,-1,-1,-1
59,25,823.73,571.88,290.68,344.09,1,-1,-1,-1
59,22,712.11,632.56,167.10,267.23,1,-1,-1,-1
59,15,1013.58,608.35,225.83,298.43,1,-1,-1,-1
59,12,1685.97,576.52,233.47,320.74,1,-1,-1,-1
59,10,1514.14,658.85,242.65,235.82,1,-1,-1,-1
59,8,583.30,574.67,177.45,337.37,1,-1,-1,-1
59,4,397.97,610.68,219.11,286.41,1,-1,-1,-1
59,3,163.27,559.76,251.12,356.21,1,-1,-1,-1
60,27,1269.10,568.89,280.51,337.12,1,-1,-1,-1
60,25,896.59,575.72,207.92,337.02,1,-1,-1,-1
60,22,704.18,632.87,208.42,268.76,1,-1,-1,-1
60,18,796.13,642.46,173.86,250.31,1,-1,-1,-1
60,15,1016.52,610.52,213.64,297.50,1,-1,-1,-1
60,12,1693.40,589.14,226.60,313.64,1,-1,-1,-1
60,10,1501.86,659.14,226.11,238.26,1,-1,-1,-1
60,8,580.11,579.82,192.06,327.08,1,-1,-1,-1
60,4,398.89,612.65,234.74,295.41,1,-1,-1,-1
60,3,162.24,562.51,270.82,353.95,1,-1,-1,-1
61,27,1277.46,574.77,277.76,332.29,1,-1,-1,-1
61,25,918.41,574.23,174.20,337.96,1,-1,-1,-1
61,22,736.09,636.06,180.01,268.15,1,-1,-1,-1
61,18,809.22,647.66,168.04,251.80,1,-1,-1,-1
61,15,1026.46,608.48,194.85,298.95,1,-1,-1,-1
61,12,1691.23,596.62,228.45,306.96,1,-1,-1,-1
61,10,1508.66,663.47,204.91,232.53,1,-1,-1,-1
61,8,608.43,580.90,164.94,331.29,1,-1,-1,-1
61,4,387.15,617.51,225.57,293.84,1,-1,-1,-1
61,3,182.32,569.80,264.67,348.69,1,-1,-1,-1
62,27,1300.54,579.99,234.37,333.19,1,-1,-1,-1
62,25,932.03,576.90,165.95,332.62,1,-1,-1,-1
62,22,748.15,642.07,171.22,264.75,1,-1,-1,-1
62,18,828.87,653.20,143.45,248.80,1,-1,-1,-1
62,15,1025.74,608.92,190.80,294.28,1,-1,-1,-1
62,12,1685.35,601.99,234.27,303.79,1,-1,-1,-1
62,10,1506.54,671.55,191.19,224.89,1,-1,-1,-1
62,8,613.13,581.69,144.45,332.84,1,-1,-1,-1
62,4,401.00,620.26,209.94,292.21,1,-1,-1,-1
62,3,201.26,569.19,247.29,350.42,1,-1,-1,-1
63,27,1302.72,580.19,222.32,331.53,1,-1,-1,-1
63,25,939.84,573.94,165.24,339.08,1,-1,-1,-1
63,22,776.57,646.18,149.90,265.45,1,-1,-1,-1
63,18,883.81,673.83,109.13,227.28,1,-1,-1,-1
63,15,1065.59,610.07,151.34,295.86,1,-1,-1,-1
63,12,1700.38,605.23,217.96,299.41,1,-1,-1,-1
63,10,1498.59,674.89,185.37,219.09,1,-1,-1,-1
63,8,622.37,581.11,132.99,331.46,1,-1,-1,-1
63,4,423.51,617.49,172.87,295.13,1,-1,-1,-1
63,3,244.34,572.58,197.27,349.24,1,-1,-1,-1
64,27,1306.32,582.10,192.71,331.87,1,-1,-1,-1
64,25,948.97,571.87,254.58,348.58,1,-1,-1,-1
64,24,1305.51,591.13,148.84,311.35,1,-1,-1,-1
64,22,783.75,649.23,141.17,260.62,1,-1,-1,-1
64,18,830.36,651.80,149.98,256.14,1,-1,-1,-1
64,15,1067.98,611.00,144.83,302.27,1,-1,-1,-1
64,12,1702.12,612.01,217.25,297.18,1,-1,-1,-1
64,10,1495.58,676.91,222.68,218.85,1,-1,-1,-1
64,8,627.78,584.10,144.53,335.44,1,-1,-1,-1
64,4,459.37,614.59,114.56,300.98,1,-1,-1,-1
64,3,262.35,571.52,161.94,350.59,1,-1,-1,-1
64,1,692.09,675.60,145.65,230.92,1,-1,-1,-1
65,28,608.09,658.20,117.71,265.01,1,-1,-1,-1
65,27,1306.00,583.67,207.29,329.70,1,-1,-1,-1
65,25,959.38,572.72,235.84,349.20,1,-1,-1,-1
65,24,1304.60,589.24,155.46,317.74,1,-1,-1,-1
65,22,781.37,650.86,133.79,264.29,1,-1,-1,-1
65,18,824.51,651.93,139.71,262.79,1,-1,-1,-1
65,15,1067.13,612.72,158.79,297.26,1,-1,-1,-1
65,12,1715.86,616.92,203.33,283.05,1,-1,-1,-1
65,10,1485.28,677.23,244.62,222.89,1,-1,-1,-1
65,8,639.06,588.01,162.08,335.41,1,-1,-1,-1
65,4,463.94,613.84,112.35,301.42,1,-1,-1,-1
65,3,248.86,567.48,195.06,357.75,1,-1,-1,-1
65,1,695.31,670.48,167.48,241.52,1,-1,-1,-1
66,28,599.30,659.14,136.34,260.74,1,-1,-1,-1
66,27,1301.29,583.68,227.30,331.13,1,-1,-1,-1
66,25,964.31,565.30,252.95,352.43,1,-1,-1,-1
66,24,1303.46,646.49,143.04,259.29,1,-1,-1,-1
66,22,778.33,649.68,165.88,265.95,1,-1,-1,-1
66,21,1648.18,622.85,224.58,279.86,1,-1,-1,-1
66,18,824.18,654.05,144.50,258.03,1,-1,-1,-1
66,15,1062.91,614.75,179.54,298.06,1,-1,-1,-1
66,12,1714.83,619.59,203.86,280.15,1,-1,-1,-1
66,10,1488.75,678.18,283.45,223.51,1,-1,-1,-1
66,8,643.88,586.72,216.56,335.00,1,-1,-1,-1
66,5,841.05,664.49,199.70,247.92,1,-1,-1,-1
66,4,469.47,611.83,116.87,308.45,1,-1,-1,-1
66,3,230.79,568.28,219.25,355.88,1,-1,-1,-1
66,1,700.29,675.42,143.38,236.26,1,-1,-1,-1
67,28,591.14,657.72,142.01,256.73,1,-1,-1,-1
67,25,957.82,559.83,272.30,357.07,1,-1,-1,-1
67,24,1299.64,581.97,194.26,328.13,1,-1,-1,-1
67,22,758.38,649.69,164.09,258.42,1,-1,-1,-1
67,21,1651.37,627.99,231.61,283.44,1,-1,-1,-1
67,18,820.06,653.60,163.86,249.54,1,-1,-1,-1
67,15,1055.48,616.36,193.94,290.18,1,-1,-1,-1
67,12,1680.06,616.16,237.89,285.84,1,-1,-1,-1
67,10,1503.80,677.09,294.34,220.84,1,-1,-1,-1
67,8,631.75,584.79,226.59,337.69,1,-1,-1,-1
67,5,841.02,665.06,190.93,239.91,1,-1,-1,-1
67,4,463.92,608.18,134.34,308.01,1,-1,-1,-1
67,3,218.29,562.69,218.85,361.02,1,-1,-1,-1
68,28,589.69,658.03,148.99,256.80,1,-1,-1,-1
68,25,988.54,564.06,241.29,354.04,1,-1,-1,-1
68,24,1294.31,660.05,144.05,243.89,1,-1,-1,-1
68,22,761.06,646.95,211.99,255.79,1,-1,-1,-1
68,18,795.73,651.14,206.74,256.54,1,-1,-1,-1
68,15,1053.31,611.80,211.86,289.69,1,-1,-1,-1
68,12,1711.38,610.64,207.82,291.81,1,-1,-1,-1
68,10,1508.41,678.44,273.60,218.47,1,-1,-1,-1
68,8,625.71,586.99,240.58,333.08,1,-1,-1,-1
68,5,863.51,669.15,154.04,239.59,1,-1,-1,-1
68,4,459.24,607.02,144.15,311.58,1,-1,-1,-1
68,3,201.66,558.32,229.79,371.31,1,-1,-1,-1
69,28,553.28,657.27,193.14,259.50,1,-1,-1,-1
69,27,1327.91,580.04,295.99,331.54,1,-1,-1,-1
69,24,1289.74,664.39,150.55,236.00,1,-1,-1,-1
69,22,781.97,649.07,181.59,254.98,1,-1,-1,-1
69,18,815.04,654.73,164.53,251.43,1,-1,-1,-1
69,15,1041.32,610.12,237.17,294.19,1,-1,-1,-1
69,12,1743.46,605.51,175.72,295.72,1,-1,-1,-1
69,10,1500.54,680.89,239.28,215.13,1,-1,-1,-1
69,8,607.67,583.70,256.64,335.73,1,-1,-1,-1
69,5,873.61,673.63,164.55,237.17,1,-1,-1,-1
69,4,445.39,604.10,146.38,313.98,1,-1,-1,-1
69,3,184.37,552.05,243.55,376.85,1,-1,-1,-1
70,28,554.21,658.18,193.82,257.13,1,-1,-1,-1
70,27,1330.57,585.55,271.25,322.40,1,-1,-1,-1
70,24,1283.74,671.06,150.72,230.35,1,-1,-1,-1
70,22,766.70,647.89,192.92,261.43,1,-1,-1,-1
70,21,1645.06,655.97,182.43,247.87,1,-1,-1,-1
70,15,1045.67,612.97,231.94,297.43,1,-1,-1,-1
70,12,1742.04,605.78,177.79,296.73,1,-1,-1,-1
70,10,1514.32,681.44,210.15,216.64,1,-1,-1,-1
70,8,592.93,587.02,256.53,330.93,1,-1,-1,-1
70,5,871.89,679.01,165.32,222.24,1,-1,-1,-1
70,4,437.82,600.89,151.63,316.43,1,-1,-1,-1
70,3,170.43,549.66,257.97,376.22,1,-1,-1,-1
71,28,549.42,662.17,199.39,251.23,1,-1,-1,-1
71,27,1338.39,587.44,252.03,317.48,1,-1,-1,-1
71,25,1004.63,564.32,209.18,351.60,1,-1,-1,-1
71,24,1282.81,682.87,144.07,219.09,1,-1,-1,-1
71,22,776.13,646.09,149.49,260.47,1,-1,-1,-1
71,21,1640.60,657.17,160.34,240.37,1,-1,-1,-1
71,15,1069.86,615.03,199.34,296.95,1,-1,-1,-1
71,12,1750.38,605.81,168.60,297.22,1,-1,-1,-1
71,10,1511.29,679.93,189.19,218.59,1,-1,-1,-1
71,8,590.78,582.63,247.54,333.40,1,-1,-1,-1
71,5,917.94,689.31,119.85,207.05,1,-1,-1,-1
71,4,430.06,599.51,153.78,319.63,1,-1,-1,-1
71,3,160.45,543.59,267.07,378.52,1,-1,-1,-1
72,28,558.42,657.02,182.94,258.42,1,-1,-1,-1
72,27,1344.52,589.71,242.57,320.48,1,-1,-1,-1
72,25,1004.99,563.61,202.82,351.20,1,-1,-1,-1
72,24,1284.18,677.25,140.97,224.13,1,-1,-1,-1
72,22,774.79,646.84,141.81,261.88,1,-1,-1,-1
72,21,1630.73,657.95,161.08,238.34,1,-1,-1,-1
72,15,1084.23,616.06,178.39,292.69,1,-1,-1,-1
72,12,1749.56,606.03,168.98,295.48,1,-1,-1,-1
72,10,1517.62,680.72,164.45,218.29,1,-1,-1,-1
72,8,623.48,582.22,213.97,328.13,1,-1,-1,-1
72,5,919.33,687.79,104.20,207.92,1,-1,-1,-1
72,4,406.24,600.84,171.68,314.42,1,-1,-1,-1
72,3,159.33,541.15,262.83,381.78,1,-1,-1,-1
73,28,581.15,658.28,154.05,254.22,1,-1,-1,-1
73,27,1360.73,596.04,223.44,313.96,1,-1,-1,-1
73,25,998.35,563.77,195.20,353.85,1,-1,-1,-1
73,24,1291.36,690.72,112.86,204.45,1,-1,-1,-1
73,22,782.03,646.54,136.24,264.16,1,-1,-1,-1
73,21,1632.72,657.33,172.73,241.01,1,-1,-1,-1
73,18,862.80,687.37,97.92,217.55,1,-1,-1,-1
73,15,1086.38,614.83,166.62,290.73,1,-1,-1,-1
73,12,1748.67,605.14,168.86,299.17,1,-1,-1,-1
73,10,1523.60,682.24,151.72,215.18,1,-1,-1,-1
73,8,654.60,581.72,177.54,332.71,1,-1,-1,-1
73,5,914.33,693.91,104.77,204.01,1,-1,-1,-1
73,4,406.79,599.78,169.37,314.90,1,-1,-1,-1
73,3,163.83,536.07,255.07,386.58,1,-1,-1,-1
74,28,601.16,659.78,112.68,248.27,1,-1,-1,-1
74,27,1354.74,593.79,209.14,316.30,1,-1,-1,-1
74,25,1025.05,565.35,205.69,357.47,1,-1,-1,-1
74,24,1295.85,690.04,93.65,202.36,1,-1,-1,-1
74,22,767.52,646.82,145.84,268.57,1,-1,-1,-1
74,21,1632.08,658.67,187.67,234.95,1,-1,-1,-1
74,18,856.47,677.42,101.20,226.43,1,-1,-1,-1
74,15,1100.37,612.62,150.80,292.32,1,-1,-1,-1
74,12,1745.82,604.54,170.49,295.14,1,-1,-1,-1
74,10,1523.61,680.81,132.29,217.83,1,-1,-1,-1
74,8,654.58,581.73,170.30,332.58,1,-1,-1,-1
74,5,917.63,702.76,100.02,193.68,1,-1,-1,-1
74,4,394.19,597.46,175.41,315.84,1,-1,-1,-1
74,3,179.11,531.78,237.54,392.85,1,-1,-1,-1
75,31,1325.39,651.04,130.56,251.61,1,-1,-1,-1
75,28,603.23,656.66,107.36,246.71,1,-1,-1,-1
75,27,1365.98,593.57,198.31,314.11,1,-1,-1,-1
75,25,1027.28,563.41,168.34,354.34,1,-1,-1,-1
75,24,1281.02,688.01,121.08,214.99,1,-1,-1,-1
75,22,795.99,647.77,112.50,261.77,1,-1,-1,-1
75,21,1622.61,661.88,216.92,236.16,1,-1,-1,-1
75,18,846.54,653.52,107.77,247.95,1,-1,-1,-1
75,15,1105.36,614.70,142.91,290.84,1,-1,-1,-1
75,12,1729.37,604.84,189.30,296.19,1,-1,-1,-1
75,10,1525.96,679.80,118.22,210.61,1,-1,-1,-1
75,8,671.96,581.28,142.87,342.10,1,-1,-1,-1
75,5,932.41,701.29,72.37,196.47,1,-1,-1,-1
75,4,389.24,595.40,181.74,313.52,1,-1,-1,-1
75,3,220.09,526.31,192.39,407.67,1,-1,-1,-1
76,31,1324.42,653.00,144.38,246.25,1,-1,-1,-1
76,28,604.11,655.99,96.87,250.79,1,-1,-1,-1
76,27,1365.53,591.10,205.60,320.75,1,-1,-1,-1
76,25,1027.38,558.33,190.71,360.01,1,-1,-1,-1
76,22,775.93,648.73,125.79,257.23,1,-1,-1,-1
76,21,1617.73,665.81,221.95,233.63,1,-1,-1,-1
76,18,839.25,652.76,112.41,253.12,1,-1,-1,-1
76,15,1102.83,615.63,136.74,292.40,1,-1,-1,-1
76,12,1713.68,605.60,205.77,298.66,1,-1,-1,-1
76,10,1522.97,681.48,133.84,214.55,1,-1,-1,-1
76,8,668.43,580.48,149.55,343.44,1,-1,-1,-1
76,5,923.32,698.65,106.25,204.41,1,-1,-1,-1
76,4,387.68,594.95,183.37,313.57,1,-1,-1,-1
76,3,225.87,525.73,181.16,411.43,1,-1,-1,-1
77,33,1293.82,690.78,115.93,205.79,1,-1,-1,-1
77,31,1327.56,655.69,149.78,247.00,1,-1,-1,-1
77,28,602.70,654.52,98.04,255.17,1,-1,-1,-1
77,27,1359.92,589.13,209.62,315.74,1,-1,-1,-1
77,25,1027.34,552.01,199.21,365.91,1,-1,-1,-1
77,22,779.98,647.55,120.78,261.30,1,-1,-1,-1
77,21,1611.26,668.84,217.50,229.55,1,-1,-1,-1
77,18,834.67,649.45,143.52,251.93,1,-1,-1,-1
77,15,1103.60,617.23,119.83,281.70,1,-1,-1,-1
77,12,1708.32,605.93,211.52,291.63,1,-1,-1,-1
77,10,1527.41,682.60,141.53,214.67,1,-1,-1,-1
77,8,660.01,578.98,167.18,343.80,1,-1,-1,-1
77,4,380.23,596.99,191.62,314.10,1,-1,-1,-1
77,3,221.37,525.56,179.87,404.12,1,-1,-1,-1
78,34,860.67,667.11,150.48,228.41,1,-1,-1,-1
78,33,1291.77,689.33,138.02,208.88,1,-1,-1,-1
78,31,1309.76,643.24,182.73,264.40,1,-1,-1,-1
78,28,600.46,652.73,107.70,258.30,1,-1,-1,-1
78,27,1350.79,588.26,235.14,319.03,1,-1,-1,-1
78,25,1026.61,544.29,196.63,373.61,1,-1,-1,-1
78,22,781.75,646.97,117.97,258.18,1,-1,-1,-1
78,21,1601.69,667.56,193.48,229.07,1,-1,-1,-1
78,18,842.63,658.05,119.53,237.44,1,-1,-1,-1
78,15,1100.21,621.17,119.27,280.43,1,-1,-1,-1
78,12,1689.19,606.78,228.99,293.74,1,-1,-1,-1
78,10,1526.63,684.02,163.57,213.04,1,-1,-1,-1
78,8,661.37,579.96,193.94,341.54,1,-1,-1,-1
78,4,383.26,595.72,190.27,317.79,1,-1,-1,-1
78,3,215.55,526.63,180.22,401.80,1,-1,-1,-1
79,34,860.01,670.14,159.55,223.98,1,-1,-1,-1
79,33,1290.24,685.89,130.47,209.01,1,-1,-1,-1
79,31,1316.29,644.50,169.24,254.36,1,-1,-1,-1
79,28,597.20,650.29,107.33,259.83,1,-1,-1,-1
79,27,1354.43,586.62,259.16,319.33,1,-1,-1,-1
79,25,1025.47,538.09,197.25,381.48,1,-1,-1,-1
79,22,779.65,647.69,132.49,246.73,1,-1,-1,-1
79,21,1597.35,670.51,177.97,225.80,1,-1,-1,-1
79,15,1098.09,619.84,123.70,282.37,1,-1,-1,-1
79,12,1676.00,606.47,241.76,295.85,1,-1,-1,-1
79,10,1521.51,681.15,219.88,216.03,1,-1,-1,-1
79,8,661.33,580.54,227.23,338.00,1,-1,-1,-1
79,4,361.24,595.76,203.56,318.24,1,-1,-1,-1
79,3,209.40,528.32,182.46,398.28,1,-1,-1,-1
80,34,842.32,650.87,170.41,243.05,1,-1,-1,-1
80,33,1282.43,686.68,124.21,210.65,1,-1,-1,-1
80,31,1313.89,645.84,166.41,253.65,1,-1,-1,-1
80,28,583.09,643.55,110.42,264.22,1,-1,-1,-1
80,27,1351.87,584.94,250.07,317.99,1,-1,-1,-1
80,25,1023.21,545.80,148.72,368.20,1,-1,-1,-1
80,22,766.35,648.87,175.54,253.46,1,-1,-1,-1
80,21,1582.05,671.42,155.39,223.88,1,-1,-1,-1
80,15,1079.76,621.05,171.10,289.89,1,-1,-1,-1
80,12,1651.03,613.84,216.75,294.09,1,-1,-1,-1
80,10,1509.34,678.48,195.81,216.62,1,-1,-1,-1
80,8,652.84,577.73,190.08,343.36,1,-1,-1,-1
80,4,368.85,596.56,185.31,311.76,1,-1,-1,-1
80,3,195.54,539.10,178.49,385.49,1,-1,-1,-1
81,34,839.86,650.28,161.77,247.27,1,-1,-1,-1
81,33,1279.20,690.63,112.91,204.37,1,-1,-1,-1
81,31,1315.63,644.11,157.90,254.28,1,-1,-1,-1
81,28,580.44,641.08,115.86,263.96,1,-1,-1,-1
81,27,1352.21,584.75,251.76,317.65,1,-1,-1,-1
81,25,1018.40,544.87,172.96,363.14,1,-1,-1,-1
81,22,759.03,650.78,193.79,256.69,1,-1,-1,-1
81,21,1575.67,669.52,154.61,223.11,1,-1,-1,-1
81,15,1072.10,628.88,170.33,280.66,1,-1,-1,-1
81,12,1642.78,615.17,223.16,286.42,1,-1,-1,-1
81,10,1499.61,679.22,189.87,210.53,1,-1,-1,-1
81,8,649.69,579.03,178.32,340.24,1,-1,-1,-1
81,4,370.79,597.80,180.35,309.62,1,-1,-1,-1
81,3,184.58,543.51,183.15,385.53,1,-1,-1,-1
82,34,831.19,657.49,149.29,242.06,1,-1,-1,-1
82,33,1275.62,688.54,106.43,203.02,1,-1,-1,-1
82,31,1318.14,616.21,154.70,283.29,1,-1,-1,-1
82,28,568.12,640.06,122.12,269.12,1,-1,-1,-1
82,27,1347.88,587.01,227.49,311.25,1,-1,-1,-1
82,25,1011.60,528.30,137.10,384.63,1,-1,-1,-1
82,22,738.02,652.17,164.30,256.12,1,-1,-1,-1
82,21,1565.40,672.56,174.94,219.43,1,-1,-1,-1
82,15,1078.71,629.37,150.52,279.93,1,-1,-1,-1
82,12,1674.27,617.22,186.30,283.65,1,-1,-1,-1
82,10,1493.15,675.89,188.53,212.07,1,-1,-1,-1
82,8,654.20,578.80,188.79,341.39,1,-1,-1,-1
82,4,369.28,600.99,175.32,308.90,1,-1,-1,-1
82,3,170.01,548.64,189.49,379.12,1,-1,-1,-1
83,34,814.60,634.51,171.04,274.82,1,-1,-1,-1
83,33,1273.38,688.13,129.46,207.88,1,-1,-1,-1
83,31,1319.79,634.97,155.55,254.54,1,-1,-1,-1
83,28,538.64,642.48,142.43,263.39,1,-1,-1,-1
83,27,1344.86,598.01,211.51,301.19,1,-1,-1,-1
83,25,980.06,529.83,157.39,380.11,1,-1,-1,-1
83,22,738.18,655.59,152.94,250.30,1,-1,-1,-1
83,21,1540.27,673.49,211.19,219.84,1,-1,-1,-1
83,15,1081.80,631.96,133.60,273.00,1,-1,-1,-1
83,12,1685.37,618.44,173.23,282.48,1,-1,-1,-1
83,10,1473.14,682.87,187.95,205.12,1,-1,-1,-1
83,4,370.63,604.21,166.57,311.50,1,-1,-1,-1
83,3,148.07,553.57,206.73,375.64,1,-1,-1,-1
84,33,1266.21,685.45,147.73,209.67,1,-1,-1,-1
84,32,597.14,583.04,180.07,334.74,1,-1,-1,-1
84,28,515.94,644.73,167.97,262.04,1,-1,-1,-1
84,27,1324.49,584.78,175.41,308.21,1,-1,-1,-1
84,25,948.10,547.97,181.57,353.18,1,-1,-1,-1
84,22,718.20,655.68,156.81,252.01,1,-1,-1,-1
84,21,1516.92,674.43,235.87,222.25,1,-1,-1,-1
84,15,1061.84,636.43,128.78,274.43,1,-1,-1,-1
84,12,1682.56,622.19,169.92,275.33,1,-1,-1,-1
84,10,1458.58,679.67,256.76,215.75,1,-1,-1,-1
84,4,370.61,607.66,162.87,309.13,1,-1,-1,-1
84,3,105.04,566.29,248.58,359.85,1,-1,-1,-1
85,33,1236.20,683.07,178.49,210.73,1,-1,-1,-1
85,32,577.32,586.99,191.56,329.68,1,-1,-1,-1
85,28,464.75,657.55,213.34,258.28,1,-1,-1,-1
85,27,1318.80,586.29,214.48,309.78,1,-1,-1,-1
85,25,920.05,556.80,201.92,351.34,1,-1,-1,-1
85,22,708.66,662.23,148.49,244.57,1,-1,-1,-1
85,21,1508.67,678.85,184.13,220.76,1,-1,-1,-1
85,18,805.28,671.45,146.80,229.97,1,-1,-1,-1
85,15,1054.69,643.20,126.26,266.31,1,-1,-1,-1
85,12,1678.87,625.87,157.50,275.23,1,-1,-1,-1
85,10,1437.34,692.16,166.90,208.90,1,-1,-1,-1
85,4,352.59,620.43,173.71,293.08,1,-1,-1,-1
85,3,42.95,595.99,289.09,332.92,1,-1,-1,-1
86,33,1215.32,678.68,180.66,213.71,1,-1,-1,-1
86,32,595.93,590.57,166.29,328.16,1,-1,-1,-1
86,31,1317.50,587.42,155.80,305.31,1,-1,-1,-1
86,28,455.72,663.94,223.37,253.91,1,-1,-1,-1
86,25,913.71,557.22,214.49,356.38,1,-1,-1,-1
86,22,694.68,665.18,162.83,246.65,1,-1,-1,-1
86,21,1505.14,686.39,173.54,211.76,1,-1,-1,-1
86,18,814.95,677.86,144.44,223.92,1,-1,-1,-1
86,15,1040.57,650.91,139.32,252.42,1,-1,-1,-1
86,12,1675.99,630.26,155.39,273.38,1,-1,-1,-1
86,10,1435.39,694.77,183.11,202.07,1,-1,-1,-1
86,4,335.70,629.88,188.87,282.84,1,-1,-1,-1
86,3,25.06,608.10,292.27,319.69,1,-1,-1,-1
87,33,1210.88,681.52,215.37,215.74,1,-1,-1,-1
87,32,587.60,597.19,168.64,315.39,1,-1,-1,-1
87,31,1312.74,588.91,149.80,302.79,1,-1,-1,-1
87,28,466.76,671.91,214.62,248.46,1,-1,-1,-1
87,25,910.73,576.49,213.43,330.00,1,-1,-1,-1
87,22,679.69,667.49,167.16,241.66,1,-1,-1,-1
87,21,1503.39,692.41,152.20,203.04,1,-1,-1,-1
87,18,820.95,679.50,140.12,219.49,1,-1,-1,-1
87,15,1030.28,655.47,146.01,249.68,1,-1,-1,-1
87,12,1668.43,632.87,158.03,268.97,1,-1,-1,-1
87,10,1433.76,706.04,173.94,190.49,1,-1,-1,-1
87,4,314.35,642.39,208.44,270.87,1,-1,-1,-1
87,3,27.49,613.57,274.25,315.27,1,-1,-1,-1
88,34,781.18,677.26,129.56,224.49,1,-1,-1,-1
88,33,1206.02,706.71,187.32,193.34,1,-1,-1,-1
88,32,428.53,605.94,328.01,313.27,1,-1,-1,-1
88,31,1304.18,596.93,159.23,308.16,1,-1,-1,-1
88,28,471.43,666.43,186.69,257.02,1,-1,-1,-1
88,25,920.02,590.74,212.35,315.06,1,-1,-1,-1
88,22,647.04,671.82,201.44,241.40,1,-1,-1,-1
88,21,1437.09,704.40,206.50,191.57,1,-1,-1,-1
88,18,820.02,677.65,138.78,220.49,1,-1,-1,-1
88,15,983.60,656.90,192.03,248.29,1,-1,-1,-1
88,12,1654.77,636.43,167.61,267.41,1,-1,-1,-1
88,10,1423.02,698.97,185.70,203.32,1,-1,-1,-1
88,4,305.59,647.75,215.29,267.34,1,-1,-1,-1
88,3,23.92,619.95,267.08,309.53,1,-1,-1,-1
89,34,761.58,668.90,140.33,240.30,1,-1,-1,-1
89,33,1206.36,608.55,229.46,293.95,1,-1,-1,-1
89,32,468.45,616.13,288.89,308.03,1,-1,-1,-1
89,31,1292.23,608.05,174.95,296.62,1,-1,-1,-1
89,25,917.45,599.27,207.59,313.25,1,-1,-1,-1
89,22,661.07,680.84,198.14,234.03,1,-1,-1,-1
89,21,1434.68,713.23,201.81,182.68,1,-1,-1,-1
89,18,789.62,674.42,181.71,228.48,1,-1,-1,-1
89,15,1020.73,673.15,154.59,233.59,1,-1,-1,-1
89,12,1649.67,638.32,172.19,269.59,1,-1,-1,-1
89,4,300.78,647.08,220.12,271.28,1,-1,-1,-1
89,3,24.66,623.89,256.60,313.29,1,-1,-1,-1
90,33,1207.01,641.61,208.74,252.74,1,-1,-1,-1
90,32,487.31,629.62,262.22,297.40,1,-1,-1,-1
90,31,1302.25,604.76,158.30,294.31,1,-1,-1,-1
90,25,915.18,587.65,202.69,333.15,1,-1,-1,-1
90,22,655.10,700.19,176.83,222.03,1,-1,-1,-1
90,21,1432.64,735.67,255.86,166.86,1,-1,-1,-1
90,18,774.20,692.81,188.10,217.62,1,-1,-1,-1
90,15,1012.50,664.88,152.84,248.50,1,-1,-1,-1
90,12,1641.88,648.40,182.40,260.28,1,-1,-1,-1
90,4,304.83,673.27,209.76,246.86,1,-1,-1,-1
90,3,36.98,631.26,235.52,299.53,1,-1,-1,-1
91,32,501.77,635.93,249.77,288.25,1,-1,-1,-1
91,27,1216.98,643.46,239.58,264.43,1,-1,-1,-1
91,22,657.91,708.60,169.34,211.80,1,-1,-1,-1
91,21,1431.62,735.77,234.01,167.52,1,-1,-1,-1
91,18,791.46,688.12,158.75,220.96,1,-1,-1,-1
91,12,1640.34,656.52,188.17,249.50,1,-1,-1,-1
91,4,308.90,682.09,201.52,238.10,1,-1,-1,-1
91,3,41.52,632.77,236.89,300.72,1,-1,-1,-1
92,32,501.56,636.50,267.39,292.14,1,-1,-1,-1
92,27,1224.93,657.17,244.43,253.82,1,-1,-1,-1
92,26,916.06,637.19,219.84,283.91,1,-1,-1,-1
92,22,609.87,713.49,221.30,208.66,1,-1,-1,-1
92,21,1429.83,731.66,213.86,180.09,1,-1,-1,-1
92,12,1642.96,659.53,190.97,249.69,1,-1,-1,-1
92,4,308.33,686.67,201.37,235.19,1,-1,-1,-1
92,3,49.45,631.59,240.81,297.54,1,-1,-1,-1
93,34,757.97,721.98,153.52,188.18,1,-1,-1,-1
93,32,526.27,638.08,251.59,287.84,1,-1,-1,-1
93,27,1232.20,672.72,249.16,237.78,1,-1,-1,-1
93,26,928.21,650.96,214.91,266.40,1,-1,-1,-1
93,22,626.77,709.90,185.56,219.55,1,-1,-1,-1
93,15,1047.39,695.78,146.06,216.61,1,-1,-1,-1
93,12,1649.46,662.18,197.77,248.31,1,-1,-1,-1
93,4,315.70,692.49,192.82,228.75,1,-1,-1,-1
93,3,48.27,632.49,247.43,294.34,1,-1,-1,-1
94,34,766.54,724.19,150.93,183.06,1,-1,-1,-1
94,32,562.63,638.61,270.50,283.83,1,-1,-1,-1
94,27,1238.89,677.29,257.24,236.43,1,-1,-1,-1
94,26,934.62,658.75,202.53,261.31,1,-1,-1,-1
94,18,768.31,732.65,199.08,174.47,1,-1,-1,-1
94,15,985.53,702.23,215.27,215.63,1,-1,-1,-1
94,12,1661.17,664.72,192.07,248.67,1,-1,-1,-1
94,10,1414.22,742.43,267.75,161.94,1,-1,-1,-1
94,4,326.01,699.08,182.73,222.23,1,-1,-1,-1
94,3,52.62,632.48,250.80,296.39,1,-1,-1,-1
95,34,763.22,726.49,149.56,182.85,1,-1,-1,-1
95,32,560.80,639.79,271.08,283.97,1,-1,-1,-1
95,28,467.60,737.76,189.99,185.19,1,-1,-1,-1
95,27,1284.49,691.53,210.31,219.40,1,-1,-1,-1
95,26,942.77,665.62,196.53,255.30,1,-1,-1,-1
95,18,861.68,753.90,135.58,154.28,1,-1,-1,-1
95,15,980.96,761.28,226.03,162.74,1,-1,-1,-1
95,12,1674.69,671.64,183.84,245.17,1,-1,-1,-1
95,10,1413.88,736.50,286.42,162.46,1,-1,-1,-1
95,4,326.20,696.73,197.58,225.72,1,-1,-1,-1
95,3,69.56,624.37,223.46,301.52,1,-1,-1,-1
96,34,753.74,720.36,173.75,192.75,1,-1,-1,-1
96,32,560.34,632.52,279.76,296.74,1,-1,-1,-1
96,28,466.39,728.78,209.82,198.49,1,-1,-1,-1
96,27,1322.95,693.14,196.49,223.86,1,-1,-1,-1
96,26,930.77,665.05,197.87,253.66,1,-1,-1,-1
96,18,856.87,750.35,144.29,160.43,1,-1,-1,-1
96,15,997.02,756.34,210.92,160.93,1,-1,-1,-1
96,12,1680.80,672.27,186.12,244.83,1,-1,-1,-1
96,10,1441.65,729.39,263.31,171.11,1,-1,-1,-1
96,4,324.21,679.46,205.27,244.27,1,-1,-1,-1
96,3,75.27,616.45,214.26,312.61,1,-1,-1,-1
97,34,733.97,724.76,193.46,185.14,1,-1,-1,-1
97,32,558.62,630.64,288.23,286.39,1,-1,-1,-1
97,28,466.78,722.12,202.80,202.67,1,-1,-1,-1
97,27,1319.49,693.42,197.65,222.36,1,-1,-1,-1
97,26,927.40,665.62,204.36,248.87,1,-1,-1,-1
97,18,855.06,749.40,159.74,156.21,1,-1,-1,-1
97,15,952.00,728.11,245.58,191.34,1,-1,-1,-1
97,12,1684.03,674.34,180.90,237.67,1,-1,-1,-1
97,10,1480.26,727.51,228.22,171.41,1,-1,-1,-1
97,4,321.91,672.09,198.24,251.31,1,-1,-1,-1
97,3,81.75,608.68,189.28,316.18,1,-1,-1,-1
98,34,735.34,721.50,184.63,185.39,1,-1,-1,-1
98,32,561.18,630.40,277.79,280.25,1,-1,-1,-1
98,28,470.40,709.44,190.65,216.66,1,-1,-1,-1
98,27,1324.49,693.98,194.60,220.40,1,-1,-1,-1
98,26,923.16,663.92,241.36,249.76,1,-1,-1,-1
98,18,840.28,745.71,159.09,157.51,1,-1,-1,-1
98,15,968.75,743.21,223.50,175.68,1,-1,-1,-1
98,12,1683.35,673.87,172.90,234.13,1,-1,-1,-1
98,10,1461.69,721.93,249.71,177.00,1,-1,-1,-1
98,4,321.28,672.13,202.97,245.86,1,-1,-1,-1
98,3,85.13,599.14,172.27,328.01,1,-1,-1,-1
99,34,727.79,719.48,188.42,186.25,1,-1,-1,-1
99,32,558.23,626.73,286.03,293.92,1,-1,-1,-1
99,28,470.76,701.71,176.96,221.05,1,-1,-1,-1
99,27,1323.50,689.74,199.96,221.23,1,-1,-1,-1
99,26,921.54,663.01,254.96,252.41,1,-1,-1,-1
99,18,830.47,740.07,170.05,166.11,1,-1,-1,-1
99,15,972.02,743.40,210.15,183.68,1,-1,-1,-1
99,12,1680.66,673.67,171.79,232.14,1,-1,-1,-1
99,10,1476.39,716.71,234.45,184.08,1,-1,-1,-1
99,4,324.43,669.59,166.63,249.74,1,-1,-1,-1
99,3,78.94,590.18,180.14,335.67,1,-1,-1,-1
100,34,708.22,707.35,183.08,202.40,1,-1,-1,-1
100,32,549.57,608.48,251.27,319.39,1,-1,-1,-1
100,28,466.41,679.24,194.73,238.51,1,-1,-1,-1
100,27,1327.67,690.86,282.07,219.79,1,-1,-1,-1
100,26,923.58,653.72,235.24,260.26,1,-1,-1,-1
100,18,841.67,745.78,160.04,162.67,1,-1,-1,-1
100,12,1675.55,674.59,179.14,231.18,1,-1,-1,-1
100,10,1456.23,714.59,236.92,187.41,1,-1,-1,-1
100,4,327.20,659.62,129.74,258.50,1,-1,-1,-1
100,3,58.88,576.51,198.95,350.17,1,-1,-1,-1
101,34,694.93,706.82,210.27,206.71,1,-1,-1,-1
101,32,553.53,606.01,234.24,318.95,1,-1,-1,-1
101,28,462.69,673.24,201.98,241.30,1,-1,-1,-1
101,27,1280.43,685.53,291.58,233.52,1,-1,-1,-1
101,26,926.24,644.81,218.70,272.09,1,-1,-1,-1
101,12,1671.17,675.09,184.02,234.18,1,-1,-1,-1
101,10,1485.64,713.35,193.12,188.99,1,-1,-1,-1
101,4,314.51,651.58,135.77,267.75,1,-1,-1,-1
101,3,17.51,564.35,239.66,360.95,1,-1,-1,-1
102,34,674.37,700.80,175.13,207.07,1,-1,-1,-1
102,32,541.57,611.78,267.50,310.01,1,-1,-1,-1
102,28,461.82,685.33,197.38,222.23,1,-1,-1,-1
102,27,1294.12,686.63,244.86,226.61,1,-1,-1,-1
102,26,928.00,638.79,201.88,278.97,1,-1,-1,-1
102,12,1666.16,674.66,189.45,233.26,1,-1,-1,-1
102,10,1457.62,715.54,208.04,187.42,1,-1,-1,-1
102,4,272.51,648.83,170.32,268.87,1,-1,-1,-1
102,3,1.16,551.35,248.57,367.54,1,-1,-1,-1
103,34,702.35,703.71,147.59,203.33,1,-1,-1,-1
103,27,1287.30,682.17,262.91,227.22,1,-1,-1,-1
103,26,929.39,633.03,191.48,286.06,1,-1,-1,-1
103,12,1662.55,673.96,193.17,235.15,1,-1,-1,-1
103,10,1472.28,716.53,181.12,180.32,1,-1,-1,-1
103,4,235.01,644.01,203.42,272.22,1,-1,-1,-1
103,3,0.00,551.06,243.50,375.81,1,-1,-1,-1
104,36,416.12,669.42,132.11,234.26,1,-1,-1,-1
104,34,703.42,697.31,143.33,212.90,1,-1,-1,-1
104,27,1290.76,679.75,230.10,224.99,1,-1,-1,-1
104,26,934.31,627.42,178.50,285.05,1,-1,-1,-1
104,20,0.30,539.68,235.65,387.14,1,-1,-1,-1
104,18,812.63,738.26,104.63,163.65,1,-1,-1,-1
104,12,1655.32,669.45,201.33,240.80,1,-1,-1,-1
104,10,1477.69,716.85,171.29,179.55,1,-1,-1,-1
104,4,211.74,636.32,230.45,278.79,1,-1,-1,-1
104,3,0.00,546.11,234.63,383.72,1,-1,-1,-1
105,36,346.97,659.38,200.52,250.51,1,-1,-1,-1
105,34,667.07,685.01,177.20,226.83,1,-1,-1,-1
105,33,1208.27,698.82,158.38,201.40,1,-1,-1,-1
105,27,1289.90,674.05,283.93,237.36,1,-1,-1,-1
105,26,938.36,606.13,163.58,307.54,1,-1,-1,-1
105,20,2.21,540.91,219.76,385.83,1,-1,-1,-1
105,18,803.43,731.23,112.94,168.64,1,-1,-1,-1
105,12,1650.33,656.87,194.64,248.79,1,-1,-1,-1
105,10,1480.65,711.70,162.07,184.82,1,-1,-1,-1
105,4,205.37,628.50,232.72,287.07,1,-1,-1,-1
105,3,0.19,532.67,227.15,392.09,1,-1,-1,-1
106,36,350.91,657.52,174.46,253.82,1,-1,-1,-1
106,34,668.72,683.71,166.80,227.16,1,-1,-1,-1
106,33,1208.29,696.91,150.57,207.16,1,-1,-1,-1
106,27,1301.01,666.79,245.02,243.32,1,-1,-1,-1
106,26,939.32,599.70,160.47,318.63,1,-1,-1,-1
106,22,544.22,586.07,172.49,340.30,1,-1,-1,-1
106,20,-10.48,543.23,238.64,378.07,1,-1,-1,-1
106,18,788.92,725.37,126.15,174.55,1,-1,-1,-1
106,12,1647.21,648.29,181.12,255.87,1,-1,-1,-1
106,10,1472.42,710.73,161.80,191.20,1,-1,-1,-1
106,4,208.19,620.37,202.47,295.14,1,-1,-1,-1
106,3,1.40,535.98,218.42,393.04,1,-1,-1,-1
107,36,335.36,655.78,181.89,254.05,1,-1,-1,-1
107,34,670.50,676.69,140.29,228.88,1,-1,-1,-1
107,33,1246.76,680.53,161.41,224.13,1,-1,-1,-1
107,28,460.54,677.54,141.98,219.53,1,-1,-1,-1
107,27,1296.97,661.53,252.35,248.26,1,-1,-1,-1
107,26,942.71,590.16,156.81,329.56,1,-1,-1,-1
107,22,548.65,586.38,172.19,341.32,1,-1,-1,-1
107,18,769.49,722.37,145.45,181.26,1,-1,-1,-1
107,12,1646.70,646.31,170.53,260.78,1,-1,-1,-1
107,10,1473.23,706.35,158.38,194.73,1,-1,-1,-1
107,4,189.80,617.30,217.21,297.17,1,-1,-1,-1
107,3,2.08,529.60,213.07,394.11,1,-1,-1,-1
108,36,324.48,660.70,172.58,252.59,1,-1,-1,-1
108,34,665.33,676.63,131.94,227.63,1,-1,-1,-1
108,33,1239.45,683.07,140.85,218.65,1,-1,-1,-1
108,28,463.15,684.21,111.66,208.98,1,-1,-1,-1
108,27,1303.56,655.33,224.70,254.77,1,-1,-1,-1
108,26,945.20,581.52,153.45,337.85,1,-1,-1,-1
108,22,543.71,579.07,159.65,348.78,1,-1,-1,-1
108,18,762.64,717.75,149.23,181.28,1,-1,-1,-1
108,12,1645.82,642.89,164.11,266.17,1,-1,-1,-1
108,10,1487.56,700.04,139.96,200.16,1,-1,-1,-1
108,4,195.56,618.07,200.13,295.97,1,-1,-1,-1
108,3,0.98,527.28,211.77,396.01,1,-1,-1,-1
109,36,319.45,658.75,155.54,242.51,1,-1,-1,-1
109,34,668.13,676.83,113.85,226.84,1,-1,-1,-1
109,33,1240.52,678.90,154.71,223.44,1,-1,-1,-1
109,28,459.56,685.76,94.05,216.09,1,-1,-1,-1
109,27,1300.84,654.87,228.47,255.30,1,-1,-1,-1
109,26,937.93,576.88,152.44,342.28,1,-1,-1,-1
109,24,1165.99,698.57,132.72,201.08,1,-1,-1,-1
109,22,552.27,574.34,159.88,348.76,1,-1,-1,-1
109,18,756.18,713.39,149.55,188.62,1,-1,-1,-1
109,12,1643.23,638.57,157.36,270.85,1,-1,-1,-1
109,10,1486.68,694.79,138.28,206.44,1,-1,-1,-1
109,4,201.10,614.97,189.31,297.41,1,-1,-1,-1
109,3,0.00,528.04,210.59,396.45,1,-1,-1,-1
110,36,323.10,660.89,135.90,249.93,1,-1,-1,-1
110,34,669.73,675.99,93.67,226.66,1,-1,-1,-1
110,33,1235.11,681.28,160.10,218.46,1,-1,-1,-1
110,28,444.46,680.78,98.25,225.83,1,-1,-1,-1
110,27,1298.28,631.60,211.74,280.09,1,-1,-1,-1
110,26,948.18,567.73,133.39,357.74,1,-1,-1,-1
110,24,1166.75,688.82,105.89,214.74,1,-1,-1,-1
110,22,555.13,568.85,148.91,345.67,1,-1,-1,-1
110,18,762.71,719.33,112.38,183.17,1,-1,-1,-1
110,12,1646.00,636.64,149.70,275.19,1,-1,-1,-1
110,10,1477.94,686.49,144.27,216.73,1,-1,-1,-1
110,4,201.34,612.21,166.64,302.87,1,-1,-1,-1
110,3,1.22,527.29,204.96,397.50,1,-1,-1,-1
111,36,336.90,661.63,131.72,248.52,1,-1,-1,-1
111,34,663.66,670.82,88.33,231.19,1,-1,-1,-1
111,28,429.89,681.10,111.99,226.64,1,-1,-1,-1
111,27,1299.45,626.22,207.31,285.75,1,-1,-1,-1
111,26,945.51,569.76,134.12,355.08,1,-1,-1,-1
111,24,1165.95,687.51,119.32,215.02,1,-1,-1,-1
111,22,558.10,571.11,137.77,346.95,1,-1,-1,-1
111,18,762.47,717.03,92.90,187.82,1,-1,-1,-1
111,12,1649.71,633.71,146.21,279.11,1,-1,-1,-1
111,10,1502.55,681.74,118.84,222.19,1,-1,-1,-1
111,4,203.75,611.76,159.92,306.32,1,-1,-1,-1
111,3,1.00,527.51,203.72,397.15,1,-1,-1,-1
112,36,332.30,658.60,122.17,252.21,1,-1,-1,-1
112,34,659.75,668.17,89.30,236.54,1,-1,-1,-1
112,28,405.93,677.65,130.54,235.59,1,-1,-1,-1
112,27,1303.49,616.17,202.16,296.38,1,-1,-1,-1
112,26,954.39,567.59,126.76,357.65,1,-1,-1,-1
112,24,1178.22,685.26,101.05,218.06,1,-1,-1,-1
112,22,554.13,563.68,128.90,357.60,1,-1,-1,-1
112,18,760.49,718.35,74.76,183.13,1,-1,-1,-1
112,12,1649.72,628.22,147.87,285.97,1,-1,-1,-1
112,10,1505.79,680.29,116.66,221.65,1,-1,-1,-1
112,4,207.56,612.45,153.93,309.21,1,-1,-1,-1
112,3,11.94,526.56,194.45,401.32,1,-1,-1,-1
113,37,1146.49,721.73,81.36,182.84,1,-1,-1,-1
113,36,319.26,656.59,126.27,256.78,1,-1,-1,-1
113,34,647.93,665.37,96.50,243.08,1,-1,-1,-1
113,33,1223.37,657.31,108.87,249.58,1,-1,-1,-1
113,28,400.89,677.38,133.43,235.84,1,-1,-1,-1
113,27,1311.44,608.47,195.24,308.80,1,-1,-1,-1
113,26,954.41,569.03,126.61,350.97,1,-1,-1,-1
113,24,1176.99,681.06,104.70,228.61,1,-1,-1,-1
113,22,547.46,564.09,136.24,359.23,1,-1,-1,-1
113,18,748.80,715.66,72.29,189.77,1,-1,-1,-1
113,15,933.57,627.14,142.27,292.47,1,-1,-1,-1
113,12,1650.37,624.65,151.92,291.56,1,-1,-1,-1
113,10,1507.49,674.75,114.36,229.04,1,-1,-1,-1
113,4,205.94,612.06,154.13,313.25,1,-1,-1,-1
113,3,5.82,528.19,200.07,404.81,1,-1,-1,-1
114,37,1141.33,723.28,81.29,180.14,1,-1,-1,-1
114,36,297.66,656.16,145.29,259.52,1,-1,-1,-1
114,34,644.18,662.82,99.06,251.21,1,-1,-1,-1
114,33,1224.03,652.13,111.21,258.20,1,-1,-1,-1
114,28,397.91,678.15,135.76,233.41,1,-1,-1,-1
114,27,1313.13,600.77,195.25,317.24,1,-1,-1,-1
114,26,950.61,568.79,129.48,351.11,1,-1,-1,-1
114,24,1175.76,679.17,91.18,227.97,1,-1,-1,-1
114,22,509.82,562.76,175.03,349.14,1,-1,-1,-1
114,18,734.91,715.00,84.07,192.23,1,-1,-1,-1
114,15,924.91,624.23,125.37,292.28,1,-1,-1,-1
114,12,1652.09,624.33,152.03,290.72,1,-1,-1,-1
114,10,1507.95,672.47,115.52,232.75,1,-1,-1,-1
114,4,199.29,608.96,159.12,315.68,1,-1,-1,-1
114,3,6.40,529.57,199.23,415.12,1,-1,-1,-1
115,37,1118.64,724.64,101.22,182.70,1,-1,-1,-1
115,36,294.35,656.69,146.22,263.36,1,-1,-1,-1
115,34,638.59,664.41,103.79,253.55,1,-1,-1,-1
115,33,1215.69,659.80,122.61,239.60,1,-1,-1,-1
115,28,393.39,670.64,133.93,246.28,1,-1,-1,-1
115,27,1324.68,592.60,182.08,321.96,1,-1,-1,-1
115,26,962.19,571.78,124.21,345.41,1,-1,-1,-1
115,24,1172.69,678.02,96.36,236.23,1,-1,-1,-1
115,22,509.09,565.42,175.23,363.65,1,-1,-1,-1
115,18,704.90,714.18,118.07,198.09,1,-1,-1,-1
115,15,898.43,624.21,174.79,295.33,1,-1,-1,-1
115,12,1657.96,623.49,153.60,295.87,1,-1,-1,-1
115,10,1509.85,667.54,118.52,245.33,1,-1,-1,-1
115,4,197.23,620.05,159.37,305.32,1,-1,-1,-1
115,3,7.39,539.63,198.28,397.26,1,-1,-1,-1
116,37,1119.70,726.83,97.41,183.04,1,-1,-1,-1
116,36,303.69,659.03,134.35,265.13,1,-1,-1,-1
116,34,636.37,665.82,110.92,256.84,1,-1,-1,-1
116,28,405.68,672.75,116.52,246.52,1,-1,-1,-1
116,27,1328.17,589.66,171.08,329.13,1,-1,-1,-1
116,26,965.17,571.85,126.58,355.23,1,-1,-1,-1
116,24,1169.89,677.85,98.71,233.22,1,-1,-1,-1
116,22,518.74,565.78,164.49,357.56,1,-1,-1,-1
116,18,691.15,712.97,132.33,201.25,1,-1,-1,-1
116,15,911.05,625.31,146.35,299.25,1,-1,-1,-1
116,12,1660.85,622.71,155.89,297.22,1,-1,-1,-1
116,10,1510.98,665.60,117.02,249.28,1,-1,-1,-1
116,4,199.88,622.78,154.71,307.18,1,-1,-1,-1
116,3,11.48,540.84,196.19,391.42,1,-1,-1,-1
117,37,1124.90,726.40,79.98,185.51,1,-1,-1,-1
117,36,308.66,661.85,123.62,261.28,1,-1,-1,-1
117,34,631.33,665.03,116.48,259.94,1,-1,-1,-1
117,31,1233.29,649.20,116.49,267.36,1,-1,-1,-1
117,28,391.88,677.38,125.68,235.57,1,-1,-1,-1
117,27,1317.54,601.08,192.60,301.39,1,-1,-1,-1
117,26,949.00,575.13,141.77,356.35,1,-1,-1,-1
117,24,1170.50,677.23,100.14,237.31,1,-1,-1,-1
117,22,516.45,716.40,135.57,202.89,1,-1,-1,-1
117,21,1333.94,591.74,136.43,330.30,1,-1,-1,-1
117,18,688.25,715.19,134.51,197.57,1,-1,-1,-1
117,15,900.40,625.58,152.63,298.67,1,-1,-1,-1
117,12,1665.26,623.39,154.44,298.16,1,-1,-1,-1
117,10,1512.12,663.79,117.89,251.07,1,-1,-1,-1
117,4,203.62,625.34,152.98,302.54,1,-1,-1,-1
117,3,31.82,542.23,176.99,389.72,1,-1,-1,-1
118,37,1121.02,726.24,77.03,184.52,1,-1,-1,-1
118,36,313.63,662.94,117.21,256.09,1,-1,-1,-1
118,34,611.38,667.77,135.60,251.23,1,-1,-1,-1
118,31,1231.29,650.70,127.95,265.28,1,-1,-1,-1
118,26,963.00,577.11,133.19,355.24,1,-1,-1,-1
118,24,1169.99,676.68,107.55,242.76,1,-1,-1,-1
118,22,500.85,687.89,154.44,233.78,1,-1,-1,-1
118,21,1339.59,592.56,130.27,326.14,1,-1,-1,-1
118,18,671.70,710.84,145.84,197.13,1,-1,-1,-1
118,15,897.00,625.75,159.20,302.87,1,-1,-1,-1
118,12,1667.41,623.34,154.92,298.47,1,-1,-1,-1
118,10,1513.15,663.15,120.74,252.15,1,-1,-1,-1
118,4,206.99,626.25,152.36,303.44,1,-1,-1,-1
118,3,13.91,543.79,195.78,391.29,1,-1,-1,-1
119,39,402.85,676.66,114.89,244.21,1,-1,-1,-1
119,37,1111.25,726.20,86.24,188.45,1,-1,-1,-1
119,36,311.75,662.81,118.54,243.62,1,-1,-1,-1
119,34,617.86,666.84,134.65,254.51,1,-1,-1,-1
119,32,554.08,570.90,161.36,364.46,1,-1,-1,-1
119,31,1226.55,651.81,116.87,262.59,1,-1,-1,-1
119,26,960.58,574.49,137.59,359.98,1,-1,-1,-1
119,24,1157.12,678.10,124.64,243.02,1,-1,-1,-1
119,22,484.17,618.85,192.47,309.00,1,-1,-1,-1
119,21,1340.27,593.47,135.29,322.16,1,-1,-1,-1
119,18,651.09,677.82,156.25,236.08,1,-1,-1,-1
119,15,891.23,626.40,160.93,300.00,1,-1,-1,-1
119,12,1669.82,623.86,154.35,298.72,1,-1,-1,-1
119,10,1513.17,661.73,124.94,254.99,1,-1,-1,-1
119,4,213.22,626.20,165.12,305.99,1,-1,-1,-1
119,3,12.30,546.17,197.11,396.85,1,-1,-1,-1
120,39,382.90,702.44,126.00,217.41,1,-1,-1,-1
120,36,295.28,658.25,124.52,260.05,1,-1,-1,-1
120,34,615.07,667.08,122.28,253.38,1,-1,-1,-1
120,32,558.50,571.86,137.31,367.35,1,-1,-1,-1
120,31,1226.21,652.61,110.34,263.58,1,-1,-1,-1
120,26,973.54,576.14,125.95,356.59,1,-1,-1,-1
120,24,1163.58,684.90,105.62,227.10,1,-1,-1,-1
120,22,455.33,702.41,133.46,217.52,1,-1,-1,-1
120,21,1344.19,592.58,142.74,333.22,1,-1,-1,-1
120,18,643.67,667.57,123.74,249.55,1,-1,-1,-1
120,15,918.00,628.85,120.85,293.71,1,-1,-1,-1
120,12,1669.45,623.47,151.33,297.29,1,-1,-1,-1
120,10,1513.11,660.68,124.40,254.37,1,-1,-1,-1
120,4,212.47,625.96,146.32,302.30,1,-1,-1,-1
120,3,1.48,547.17,205.13,396.69,1,-1,-1,-1
121,41,1400.56,705.55,105.38,209.97,1,-1,-1,-1
121,40,893.44,692.88,98.49,223.41,1,-1,-1,-1
121,39,376.41,691.90,129.52,229.47,1,-1,-1,-1
121,38,1128.98,698.47,135.56,218.72,1,-1,-1,-1
121,36,289.64,658.51,127.88,261.53,1,-1,-1,-1
121,32,561.41,574.26,133.52,363.13,1,-1,-1,-1
121,31,1228.35,651.42,103.06,268.23,1,-1,-1,-1
121,26,971.10,578.72,123.32,355.57,1,-1,-1,-1
121,22,452.89,670.09,158.19,271.48,1,-1,-1,-1
121,21,1344.25,592.27,140.83,330.31,1,-1,-1,-1
121,18,630.00,662.81,122.73,261.69,1,-1,-1,-1
121,15,923.03,631.11,119.85,291.00,1,-1,-1,-1
121,12,1666.31,623.47,151.47,297.17,1,-1,-1,-1
121,10,1511.76,659.58,118.08,255.23,1,-1,-1,-1
121,4,207.31,624.08,149.33,304.83,1,-1,-1,-1
121,3,0.50,546.91,202.71,396.00,1,-1,-1,-1
122,41,1401.74,718.81,99.68,191.59,1,-1,-1,-1
122,40,887.83,689.96,114.77,232.28,1,-1,-1,-1
122,39,358.90,682.60,140.27,240.40,1,-1,-1,-1
122,38,1133.03,703.17,109.46,211.81,1,-1,-1,-1
122,37,1098.30,725.07,77.42,184.10,1,-1,-1,-1
122,36,281.56,657.71,134.72,264.26,1,-1,-1,-1
122,32,557.64,575.20,136.71,361.66,1,-1,-1,-1
122,31,1228.17,651.72,93.65,267.14,1,-1,-1,-1
122,28,424.19,699.88,131.01,222.59,1,-1,-1,-1
122,26,963.61,580.84,124.84,350.05,1,-1,-1,-1
122,21,1344.81,591.27,141.31,336.81,1,-1,-1,-1
122,18,625.98,656.96,107.41,260.24,1,-1,-1,-1
122,15,901.98,632.39,135.39,295.80,1,-1,-1,-1
122,12,1661.22,623.90,149.74,295.99,1,-1,-1,-1
122,10,1511.47,659.46,115.10,254.74,1,-1,-1,-1
122,4,203.35,626.12,139.35,300.19,1,-1,-1,-1
122,3,0.00,546.28,200.68,395.66,1,-1,-1,-1
123,40,880.94,694.34,104.31,225.94,1,-1,-1,-1
123,39,359.10,680.99,130.01,239.64,1,-1,-1,-1
123,38,1136.03,700.81,93.45,212.39,1,-1,-1,-1
123,37,1098.09,723.86,77.61,184.26,1,-1,-1,-1
123,36,264.52,659.34,149.22,263.94,1,-1,-1,-1
123,32,552.19,575.74,137.53,360.44,1,-1,-1,-1
123,31,1229.77,651.27,93.62,266.66,1,-1,-1,-1
123,28,428.62,701.35,112.77,218.58,1,-1,-1,-1
123,26,970.08,580.27,116.60,352.36,1,-1,-1,-1
123,21,1347.01,591.02,138.88,339.19,1,-1,-1,-1
123,18,619.30,647.60,108.08,280.60,1,-1,-1,-1
123,15,906.19,628.22,129.31,298.05,1,-1,-1,-1
123,12,1662.38,623.93,141.02,297.48,1,-1,-1,-1
123,10,1510.89,659.19,111.15,253.80,1,-1,-1,-1
123,4,194.93,624.17,141.00,301.22,1,-1,-1,-1
123,3,3.11,545.54,193.13,395.31,1,-1,-1,-1
124,40,880.48,690.75,93.13,227.52,1,-1,-1,-1
124,39,358.27,679.44,130.29,242.53,1,-1,-1,-1
124,38,1122.25,695.60,121.56,221.16,1,-1,-1,-1
124,37,1097.36,715.64,73.97,189.29,1,-1,-1,-1
124,36,248.54,659.92,160.42,266.55,1,-1,-1,-1
124,32,546.04,574.29,141.54,361.68,1,-1,-1,-1
124,31,1225.73,651.47,96.71,267.67,1,-1,-1,-1
124,28,431.44,702.50,98.94,215.32,1,-1,-1,-1
124,26,972.53,582.40,112.83,345.79,1,-1,-1,-1
124,24,1159.77,678.24,95.31,238.71,1,-1,-1,-1
124,21,1346.68,592.18,135.38,335.23,1,-1,-1,-1
124,18,617.62,640.56,102.41,288.02,1,-1,-1,-1
124,15,921.31,630.85,107.13,287.54,1,-1,-1,-1
124,12,1662.77,624.13,138.28,296.86,1,-1,-1,-1
124,10,1509.92,659.25,106.31,251.54,1,-1,-1,-1
124,4,181.02,622.96,152.67,304.00,1,-1,-1,-1
124,3,0.97,545.99,193.26,394.79,1,-1,-1,-1
125,40,872.10,695.47,88.19,214.79,1,-1,-1,-1
125,39,358.26,676.85,126.10,243.96,1,-1,-1,-1
125,37,1084.90,714.86,78.08,195.49,1,-1,-1,-1
125,36,252.53,657.96,146.60,265.58,1,-1,-1,-1
125,32,516.95,573.57,159.23,364.18,1,-1,-1,-1
125,31,1220.59,650.12,101.23,268.06,1,-1,-1,-1
125,28,421.30,681.06,95.22,233.90,1,-1,-1,-1
125,26,973.06,580.64,113.10,350.02,1,-1,-1,-1
125,24,1158.74,676.41,89.67,234.61,1,-1,-1,-1
125,21,1343.19,592.37,137.05,338.72,1,-1,-1,-1
125,18,600.43,657.33,113.84,251.88,1,-1,-1,-1
125,15,920.55,630.15,101.11,289.61,1,-1,-1,-1
125,12,1661.92,624.39,139.75,294.53,1,-1,-1,-1
125,10,1506.64,658.14,111.27,252.59,1,-1,-1,-1
125,4,138.57,623.86,188.56,303.13,1,-1,-1,-1
125,3,0.00,546.06,185.52,392.65,1,-1,-1,-1
126,44,1123.33,703.45,68.53,199.56,1,-1,-1,-1
126,40,866.87,694.30,92.02,222.25,1,-1,-1,-1
126,39,361.66,677.17,116.57,243.14,1,-1,-1,-1
126,37,1078.32,711.21,81.51,198.60,1,-1,-1,-1
126,36,254.06,657.62,140.72,266.18,1,-1,-1,-1
126,32,499.14,574.92,170.81,362.96,1,-1,-1,-1
126,31,1217.49,649.83,96.94,260.96,1,-1,-1,-1
126,28,409.14,679.85,107.52,238.76,1,-1,-1,-1
126,26,976.38,583.57,106.72,344.25,1,-1,-1,-1
126,24,1156.87,677.90,93.24,229.97,1,-1,-1,-1
126,21,1340.96,591.83,137.31,337.62,1,-1,-1,-1
126,15,924.42,631.67,97.60,291.49,1,-1,-1,-1
126,12,1661.34,623.85,140.15,295.13,1,-1,-1,-1
126,10,1507.14,658.13,109.71,252.64,1,-1,-1,-1
126,4,139.02,625.15,186.59,299.95,1,-1,-1,-1
126,3,0.00,545.11,182.54,395.81,1,-1,-1,-1
127,44,1122.08,703.69,69.21,201.77,1,-1,-1,-1
127,40,861.11,696.12,86.91,213.86,1,-1,-1,-1
127,39,362.22,677.42,110.93,242.65,1,-1,-1,-1
127,37,1076.71,710.78,82.30,197.58,1,-1,-1,-1
127,36,259.82,657.31,132.03,265.42,1,-1,-1,-1
127,34,606.86,640.85,101.96,285.26,1,-1,-1,-1
127,32,491.04,578.80,176.67,358.38,1,-1,-1,-1
127,31,1217.82,650.00,98.07,262.28,1,-1,-1,-1
127,28,412.71,677.17,102.48,242.25,1,-1,-1,-1
127,26,975.37,583.03,111.45,344.59,1,-1,-1,-1
127,24,1156.92,677.25,94.79,234.00,1,-1,-1,-1
127,21,1337.69,594.68,141.00,333.80,1,-1,-1,-1
127,15,923.96,632.17,104.23,294.37,1,-1,-1,-1
127,12,1659.61,623.67,142.62,295.11,1,-1,-1,-1
127,10,1505.57,658.45,113.91,254.04,1,-1,-1,-1
127,4,138.12,624.67,185.09,299.96,1,-1,-1,-1
127,3,0.20,546.01,181.03,400.84,1,-1,-1,-1
128,44,1118.07,702.85,75.78,208.20,1,-1,-1,-1
128,40,858.28,698.53,83.68,213.45,1,-1,-1,-1
128,39,363.06,675.52,108.38,244.10,1,-1,-1,-1
128,37,1070.08,709.60,85.29,201.81,1,-1,-1,-1
128,36,257.88,656.48,132.61,267.88,1,-1,-1,-1
128,34,608.53,640.39,99.12,282.00,1,-1,-1,-1
128,32,492.96,580.28,169.27,358.10,1,-1,-1,-1
128,31,1215.94,648.05,97.66,265.41,1,-1,-1,-1
128,28,401.11,679.07,114.79,240.86,1,-1,-1,-1
128,26,975.22,582.61,113.85,346.24,1,-1,-1,-1
128,24,1155.03,677.85,93.09,232.29,1,-1,-1,-1
128,21,1339.34,596.79,138.91,331.85,1,-1,-1,-1
128,15,915.03,632.74,109.55,293.24,1,-1,-1,-1
128,12,1659.61,624.42,142.73,294.59,1,-1,-1,-1
128,10,1504.95,659.06,114.71,254.38,1,-1,-1,-1
128,4,137.31,625.26,183.07,299.96,1,-1,-1,-1
128,3,0.18,545.87,177.43,411.10,1,-1,-1,-1
129,46,883.10,688.10,95.44,232.36,1,-1,-1,-1
129,44,1117.34,702.07,75.58,207.09,1,-1,-1,-1
129,40,859.94,694.94,81.34,215.48,1,-1,-1,-1
129,39,366.69,664.02,105.13,255.17,1,-1,-1,-1
129,37,1067.09,707.73,83.91,200.98,1,-1,-1,-1
129,36,257.52,657.29,132.12,266.15,1,-1,-1,-1
129,34,610.33,643.71,96.61,276.41,1,-1,-1,-1
129,32,495.00,579.55,166.43,358.16,1,-1,-1,-1
129,31,1214.95,649.08,93.67,262.87,1,-1,-1,-1
129,28,413.48,685.50,102.21,232.67,1,-1,-1,-1
129,26,974.01,582.90,113.89,344.92,1,-1,-1,-1
129,24,1154.46,677.46,90.80,233.17,1,-1,-1,-1
129,21,1337.71,595.14,139.61,333.10,1,-1,-1,-1
129,15,917.45,633.36,104.16,290.18,1,-1,-1,-1
129,12,1658.90,623.78,144.60,294.13,1,-1,-1,-1
129,10,1503.49,659.20,116.12,255.25,1,-1,-1,-1
129,4,131.23,626.49,183.85,301.12,1,-1,-1,-1
129,3,0.00,544.92,176.28,407.19,1,-1,-1,-1
130,46,890.55,685.48,81.65,234.54,1,-1,-1,-1
130,44,1119.81,700.20,76.59,209.91,1,-1,-1,-1
130,40,853.05,694.31,78.38,215.33,1,-1,-1,-1
130,39,370.66,679.83,103.88,242.12,1,-1,-1,-1
130,37,1051.41,701.06,98.74,207.68,1,-1,-1,-1
130,36,256.42,658.22,131.44,264.39,1,-1,-1,-1
130,34,589.43,640.40,115.44,291.02,1,-1,-1,-1
130,32,488.38,577.86,175.48,358.89,1,-1,-1,-1
130,31,1204.32,648.79,102.16,269.12,1,-1,-1,-1
130,28,397.33,679.75,119.10,239.96,1,-1,-1,-1
130,26,969.55,580.67,111.26,347.35,1,-1,-1,-1
130,24,1149.91,678.20,105.41,237.09,1,-1,-1,-1
130,21,1336.16,594.83,141.76,332.93,1,-1,-1,-1
130,15,913.57,634.14,105.97,289.17,1,-1,-1,-1
130,12,1656.92,623.19,149.72,295.24,1,-1,-1,-1
130,10,1502.77,659.54,116.07,255.65,1,-1,-1,-1
130,4,133.25,626.60,176.48,299.52,1,-1,-1,-1
130,3,0.00,542.79,173.70,406.45,1,-1,-1,-1
131,46,893.68,678.45,81.29,244.13,1,-1,-1,-1
131,44,1111.37,702.45,79.90,208.82,1,-1,-1,-1
131,40,848.87,691.32,82.66,220.87,1,-1,-1,-1
131,39,372.51,679.41,98.75,237.52,1,-1,-1,-1
131,37,1052.86,703.27,88.35,204.44,1,-1,-1,-1
131,36,264.98,658.33,117.60,261.84,1,-1,-1,-1
131,34,591.20,641.37,111.00,288.97,1,-1,-1,-1
131,32,485.97,577.56,171.54,357.47,1,-1,-1,-1
131,31,1203.77,649.21,103.35,267.14,1,-1,-1,-1
131,28,381.39,677.15,142.77,240.91,1,-1,-1,-1
131,26,965.62,581.91,111.46,346.49,1,-1,-1,-1
131,24,1146.59,678.92,102.54,232.36,1,-1,-1,-1
131,21,1333.12,593.12,144.55,333.84,1,-1,-1,-1
131,15,918.91,635.49,96.98,287.62,1,-1,-1,-1
131,12,1655.99,622.88,150.33,293.91,1,-1,-1,-1
131,10,1501.34,658.96,117.03,255.93,1,-1,-1,-1
131,4,132.24,627.87,175.32,300.69,1,-1,-1,-1
131,3,0.00,541.13,171.33,404.64,1,-1,-1,-1
132,46,897.85,666.27,91.13,256.22,1,-1,-1,-1
132,44,1115.34,701.94,78.57,208.47,1,-1,-1,-1
132,40,823.39,695.17,93.71,217.41,1,-1,-1,-1
132,39,371.27,679.23,97.56,239.50,1,-1,-1,-1
132,36,265.58,658.33,120.06,261.95,1,-1,-1,-1
132,34,588.04,639.62,114.70,293.49,1,-1,-1,-1
132,32,486.85,578.85,172.48,361.34,1,-1,-1,-1
132,31,1203.43,651.34,102.95,259.21,1,-1,-1,-1
132,28,391.50,680.31,118.84,235.57,1,-1,-1,-1
132,26,956.73,580.76,113.39,348.04,1,-1,-1,-1
132,24,1147.65,677.90,103.45,233.53,1,-1,-1,-1
132,21,1333.04,592.69,145.44,335.36,1,-1,-1,-1
132,15,920.82,636.35,112.00,290.39,1,-1,-1,-1
132,12,1653.25,622.54,153.53,295.00,1,-1,-1,-1
132,10,1499.75,658.31,118.23,256.05,1,-1,-1,-1
132,4,127.45,624.96,176.68,304.72,1,-1,-1,-1
132,3,0.00,540.39,167.74,402.03,1,-1,-1,-1
133,46,898.47,636.23,102.73,286.52,1,-1,-1,-1
133,44,1111.82,700.61,88.46,211.53,1,-1,-1,-1
133,40,823.28,704.99,92.41,208.01,1,-1,-1,-1
133,39,329.37,676.81,135.77,242.49,1,-1,-1,-1
133,36,267.20,657.52,111.32,260.99,1,-1,-1,-1
133,34,592.84,645.67,110.40,284.14,1,-1,-1,-1
133,32,484.76,576.79,174.01,364.71,1,-1,-1,-1
133,31,1204.39,651.62,105.44,262.92,1,-1,-1,-1
133,26,965.50,581.96,104.78,344.71,1,-1,-1,-1
133,24,1143.81,677.41,106.17,234.82,1,-1,-1,-1
133,21,1330.32,591.62,149.31,335.86,1,-1,-1,-1
133,15,913.46,632.66,99.45,292.07,1,-1,-1,-1
133,12,1652.30,622.06,154.50,296.53,1,-1,-1,-1
133,10,1498.09,657.96,119.74,256.07,1,-1,-1,-1
133,4,128.09,625.63,173.81,304.11,1,-1,-1,-1
133,3,0.07,540.18,164.15,401.16,1,-1,-1,-1
134,46,891.53,636.12,108.32,287.33,1,-1,-1,-1
134,44,1091.56,702.83,96.51,209.95,1,-1,-1,-1
134,40,829.37,709.84,79.48,200.71,1,-1,-1,-1
134,39,323.64,678.39,138.25,241.35,1,-1,-1,-1
134,37,1041.96,698.62,103.21,209.77,1,-1,-1,-1
134,36,261.11,658.18,114.85,261.61,1,-1,-1,-1
134,34,591.97,646.88,110.24,283.21,1,-1,-1,-1
134,32,483.05,576.55,173.54,365.53,1,-1,-1,-1
134,31,1206.12,651.18,102.68,267.83,1,-1,-1,-1
134,26,954.48,581.74,117.04,342.45,1,-1,-1,-1
134,24,1143.61,675.13,104.20,237.71,1,-1,-1,-1
134,21,1327.72,592.43,152.01,335.11,1,-1,-1,-1
134,15,914.98,632.87,103.83,292.94,1,-1,-1,-1
134,12,1652.17,621.99,154.32,297.04,1,-1,-1,-1
134,10,1497.26,657.28,120.56,256.59,1,-1,-1,-1
134,4,133.86,625.33,165.94,302.39,1,-1,-1,-1
134,3,0.18,540.53,161.14,401.09,1,-1,-1,-1
135,46,884.83,633.34,116.14,289.71,1,-1,-1,-1
135,44,1105.34,702.93,91.21,209.16,1,-1,-1,-1
135,40,807.44,737.05,93.22,168.74,1,-1,-1,-1
135,39,351.68,677.43,106.97,239.79,1,-1,-1,-1
135,37,1041.87,743.42,78.83,164.33,1,-1,-1,-1
135,36,269.14,655.24,105.53,264.47,1,-1,-1,-1
135,34,590.33,642.03,110.27,286.75,1,-1,-1,-1
135,32,486.92,576.32,171.43,366.68,1,-1,-1,-1
135,31,1203.60,650.69,104.89,264.11,1,-1,-1,-1
135,26,936.46,581.55,137.66,347.09,1,-1,-1,-1
135,24,1139.00,676.10,110.47,239.06,1,-1,-1,-1
135,21,1324.35,591.85,150.39,335.80,1,-1,-1,-1
135,15,912.91,635.39,103.24,287.36,1,-1,-1,-1
135,12,1651.86,621.60,156.57,298.07,1,-1,-1,-1
135,10,1498.08,657.57,120.86,256.62,1,-1,-1,-1
135,4,132.77,624.36,165.04,304.50,1,-1,-1,-1
135,3,0.12,540.09,159.94,398.71,1,-1,-1,-1
136,46,891.59,635.55,107.79,287.97,1,-1,-1,-1
136,44,1089.79,700.31,103.74,214.25,1,-1,-1,-1
136,40,802.59,748.48,96.89,163.81,1,-1,-1,-1
136,39,358.76,677.08,98.91,241.02,1,-1,-1,-1
136,37,1033.17,719.01,90.73,198.65,1,-1,-1,-1
136,36,271.11,655.90,103.07,263.67,1,-1,-1,-1
136,34,588.21,641.16,112.87,290.24,1,-1,-1,-1
136,32,481.26,576.81,172.57,365.87,1,-1,-1,-1
136,31,1202.70,650.12,105.99,267.22,1,-1,-1,-1
136,26,928.45,579.01,148.17,349.05,1,-1,-1,-1
136,24,1137.97,675.28,112.88,242.60,1,-1,-1,-1
136,21,1324.39,591.59,146.49,336.20,1,-1,-1,-1
136,12,1651.69,621.28,158.50,298.73,1,-1,-1,-1
136,10,1499.61,657.82,120.16,256.66,1,-1,-1,-1
136,4,135.05,624.72,162.34,303.45,1,-1,-1,-1
136,3,0.26,539.35,159.53,400.40,1,-1,-1,-1
137,46,892.33,631.98,110.93,291.38,1,-1,-1,-1
137,44,1117.09,701.01,81.22,211.51,1,-1,-1,-1
137,40,802.34,753.09,94.68,160.44,1,-1,-1,-1
137,39,334.84,676.06,123.30,243.19,1,-1,-1,-1
137,36,275.30,655.54,101.23,262.68,1,-1,-1,-1
137,34,574.72,642.46,125.98,291.66,1,-1,-1,-1
137,31,1202.23,650.04,106.42,266.32,1,-1,-1,-1
137,26,929.53,578.02,158.49,350.41,1,-1,-1,-1
137,24,1140.60,675.57,111.15,241.91,1,-1,-1,-1
137,21,1323.91,590.29,143.25,337.14,1,-1,-1,-1
137,12,1652.59,621.08,159.30,299.45,1,-1,-1,-1
137,10,1500.35,657.71,121.48,257.19,1,-1,-1,-1
137,4,132.37,623.75,164.62,305.39,1,-1,-1,-1
137,3,0.28,540.02,158.83,400.75,1,-1,-1,-1
138,47,1379.46,686.80,105.37,235.28,1,-1,-1,-1
138,46,895.09,631.73,118.03,292.74,1,-1,-1,-1
138,44,1117.59,701.58,81.20,208.74,1,-1,-1,-1
138,42,486.54,574.63,178.79,365.78,1,-1,-1,-1
138,40,800.64,759.45,95.91,154.57,1,-1,-1,-1
138,39,356.27,676.55,104.02,242.09,1,-1,-1,-1
138,36,279.43,657.05,98.03,260.29,1,-1,-1,-1
138,34,572.83,644.92,129.48,289.06,1,-1,-1,-1
138,31,1202.96,650.46,106.60,260.46,1,-1,-1,-1
138,26,928.93,577.02,169.97,350.61,1,-1,-1,-1
138,24,1140.63,673.61,113.02,242.34,1,-1,-1,-1
138,21,1323.32,590.03,151.40,336.31,1,-1,-1,-1
138,12,1654.18,620.84,156.84,298.49,1,-1,-1,-1
138,10,1501.53,657.44,122.24,257.66,1,-1,-1,-1
138,4,141.60,623.82,154.59,304.43,1,-1,-1,-1
138,3,0.36,540.27,158.62,398.68,1,-1,-1,-1
139,47,1379.37,685.32,105.15,235.26,1,-1,-1,-1
139,46,901.63,632.61,115.04,293.86,1,-1,-1,-1
139,44,1116.81,701.42,86.28,209.25,1,-1,-1,-1
139,42,487.19,575.44,177.63,366.30,1,-1,-1,-1
139,40,787.60,761.73,110.71,153.50,1,-1,-1,-1
139,39,339.13,675.13,121.27,243.85,1,-1,-1,-1
139,36,278.18,656.31,103.94,262.24,1,-1,-1,-1
139,34,570.84,644.58,133.14,289.02,1,-1,-1,-1
139,31,1204.54,650.35,103.60,257.72,1,-1,-1,-1
139,26,931.46,575.77,182.03,353.34,1,-1,-1,-1
139,24,1140.23,674.58,114.26,240.76,1,-1,-1,-1
139,21,1322.66,590.14,152.38,334.74,1,-1,-1,-1
139,12,1655.06,620.67,157.49,298.95,1,-1,-1,-1
139,10,1502.63,658.04,121.06,256.15,1,-1,-1,-1
139,4,148.01,623.20,147.46,303.56,1,-1,-1,-1
139,3,0.34,540.26,156.82,398.11,1,-1,-1,-1
140,47,1379.72,684.78,106.45,236.22,1,-1,-1,-1
140,46,903.16,632.16,117.29,292.05,1,-1,-1,-1
140,44,1116.28,700.60,89.71,214.29,1,-1,-1,-1
140,42,511.26,577.16,159.06,361.39,1,-1,-1,-1
140,40,775.69,755.01,124.45,162.87,1,-1,-1,-1
140,39,350.42,674.50,112.26,244.73,1,-1,-1,-1
140,36,283.75,656.58,97.85,262.63,1,-1,-1,-1
140,34,572.74,638.57,133.13,296.77,1,-1,-1,-1
140,31,1204.86,649.87,105.34,254.61,1,-1,-1,-1
140,26,934.32,577.66,188.84,348.91,1,-1,-1,-1
140,24,1142.35,676.75,115.39,238.63,1,-1,-1,-1
140,21,1322.15,589.60,151.92,337.86,1,-1,-1,-1
140,12,1658.27,620.84,156.21,299.09,1,-1,-1,-1
140,10,1503.92,656.73,123.08,257.19,1,-1,-1,-1
140,4,152.64,622.96,143.31,304.26,1,-1,-1,-1
140,3,0.46,540.06,155.39,395.51,1,-1,-1,-1
141,47,1379.64,688.18,107.88,232.00,1,-1,-1,-1
141,46,902.35,635.79,123.40,289.58,1,-1,-1,-1
141,44,1119.97,696.79,84.88,215.67,1,-1,-1,-1
141,42,512.95,577.28,156.65,360.31,1,-1,-1,-1
141,40,788.09,751.42,105.30,166.11,1,-1,-1,-1
141,39,364.29,673.41,101.61,244.72,1,-1,-1,-1
141,36,289.60,658.35,97.31,259.67,1,-1,-1,-1
141,34,574.04,636.26,133.31,299.24,1,-1,-1,-1
141,31,1206.00,649.65,106.31,256.88,1,-1,-1,-1
141,26,933.74,577.38,177.58,352.77,1,-1,-1,-1
141,24,1144.72,674.90,118.53,240.71,1,-1,-1,-1
141,21,1324.13,589.57,130.75,338.36,1,-1,-1,-1
141,15,919.39,620.71,111.36,306.91,1,-1,-1,-1
141,12,1659.38,618.65,157.89,299.53,1,-1,-1,-1
141,10,1505.62,656.98,122.13,256.60,1,-1,-1,-1
141,4,155.68,625.87,143.10,300.66,1,-1,-1,-1
141,3,0.25,540.17,155.49,395.70,1,-1,-1,-1
142,47,1380.19,686.02,110.60,233.39,1,-1,-1,-1
142,46,898.17,632.55,123.12,292.41,1,-1,-1,-1
142,44,1120.59,697.19,85.53,214.92,1,-1,-1,-1
142,42,507.93,579.73,165.03,356.19,1,-1,-1,-1
142,40,796.94,742.34,84.34,174.73,1,-1,-1,-1
142,39,352.28,674.22,114.38,243.26,1,-1,-1,-1
142,36,291.36,658.77,96.49,259.25,1,-1,-1,-1
142,34,564.10,634.23,141.64,302.11,1,-1,-1,-1
142,32,498.43,574.42,159.43,362.90,1,-1,-1,-1
142,31,1205.05,649.64,109.79,260.43,1,-1,-1,-1
142,26,934.56,577.78,163.66,353.68,1,-1,-1,-1
142,24,1145.25,674.70,117.58,238.01,1,-1,-1,-1
142,21,1324.67,589.56,129.65,337.65,1,-1,-1,-1
142,15,922.73,621.21,110.19,306.62,1,-1,-1,-1
142,12,1661.01,617.98,158.64,300.09,1,-1,-1,-1
142,10,1506.72,656.57,120.61,254.79,1,-1,-1,-1
142,4,156.29,625.93,142.03,301.30,1,-1,-1,-1
142,3,0.38,541.13,154.87,395.50,1,-1,-1,-1
143,47,1383.33,685.58,107.75,233.09,1,-1,-1,-1
143,46,898.77,635.04,132.68,293.49,1,-1,-1,-1
143,44,1118.96,693.94,91.85,220.95,1,-1,-1,-1
143,40,801.60,736.91,72.46,179.15,1,-1,-1,-1
143,39,371.97,674.04,96.66,244.25,1,-1,-1,-1
143,36,293.32,659.30,98.66,258.93,1,-1,-1,-1
143,34,569.58,635.11,134.51,299.44,1,-1,-1,-1
143,32,496.98,575.57,158.09,361.66,1,-1,-1,-1
143,31,1205.87,648.81,112.04,263.71,1,-1,-1,-1
143,26,938.39,577.86,173.09,348.27,1,-1,-1,-1
143,24,1140.17,671.29,127.59,247.97,1,-1,-1,-1
143,21,1325.70,589.32,120.93,337.35,1,-1,-1,-1
143,15,914.46,632.40,121.96,297.70,1,-1,-1,-1
143,12,1661.26,615.58,158.61,302.96,1,-1,-1,-1
143,10,1508.50,655.23,121.39,255.21,1,-1,-1,-1
143,4,159.11,626.21,138.74,301.12,1,-1,-1,-1
143,3,0.54,541.25,155.01,398.46,1,-1,-1,-1
144,47,1385.89,685.03,105.67,232.94,1,-1,-1,-1
144,46,902.26,632.68,121.82,290.56,1,-1,-1,-1
144,44,1118.60,694.28,91.45,219.48,1,-1,-1,-1
144,40,798.10,728.45,75.09,186.32,1,-1,-1,-1
144,39,362.56,674.77,106.88,242.07,1,-1,-1,-1
144,36,292.37,659.81,100.66,256.03,1,-1,-1,-1
144,34,574.72,636.86,126.03,297.31,1,-1,-1,-1
144,32,496.14,575.79,158.65,363.68,1,-1,-1,-1
144,31,1206.45,649.10,113.28,263.41,1,-1,-1,-1
144,26,942.35,577.65,158.22,350.71,1,-1,-1,-1
144,24,1141.92,672.27,125.38,245.87,1,-1,-1,-1
144,21,1326.45,588.43,116.51,337.47,1,-1,-1,-1
144,18,621.14,660.77,91.20,257.03,1,-1,-1,-1
144,15,920.33,630.10,115.29,296.75,1,-1,-1,-1
144,12,1662.24,613.91,159.31,303.59,1,-1,-1,-1
144,10,1509.75,654.83,122.77,255.46,1,-1,-1,-1
144,4,159.46,626.84,142.07,300.11,1,-1,-1,-1
144,3,0.48,541.52,154.89,400.71,1,-1,-1,-1
145,47,1391.06,687.64,105.23,228.39,1,-1,-1,-1
145,46,904.63,636.18,113.21,288.18,1,-1,-1,-1
145,44,1095.88,682.25,117.36,232.85,1,-1,-1,-1
145,40,792.20,710.63,91.89,202.60,1,-1,-1,-1
145,36,296.11,659.14,105.28,259.21,1,-1,-1,-1
145,34,577.52,637.22,125.36,296.72,1,-1,-1,-1
145,32,502.64,579.42,151.50,358.66,1,-1,-1,-1
145,31,1211.17,647.60,111.36,262.09,1,-1,-1,-1
145,26,946.03,577.80,160.69,350.87,1,-1,-1,-1
145,24,1141.10,669.02,127.82,246.21,1,-1,-1,-1
145,21,1318.64,589.30,129.58,335.61,1,-1,-1,-1
145,18,624.20,664.50,92.41,253.00,1,-1,-1,-1
145,15,921.28,628.16,116.60,297.96,1,-1,-1,-1
145,12,1667.59,612.26,165.48,305.16,1,-1,-1,-1
145,10,1513.01,654.77,122.56,256.23,1,-1,-1,-1
145,4,169.66,627.74,136.95,297.90,1,-1,-1,-1
145,3,0.53,543.37,155.35,395.61,1,-1,-1,-1
146,47,1392.31,684.80,108.71,232.02,1,-1,-1,-1
146,46,905.18,633.65,120.16,289.01,1,-1,-1,-1
146,44,1131.43,686.45,89.92,230.12,1,-1,-1,-1
146,40,791.79,707.54,93.63,206.61,1,-1,-1,-1
146,36,302.63,657.00,100.58,261.60,1,-1,-1,-1
146,34,577.48,637.44,125.51,295.41,1,-1,-1,-1
146,32,511.36,579.30,137.65,358.30,1,-1,-1,-1
146,31,1212.40,647.04,112.69,267.86,1,-1,-1,-1
146,26,946.35,577.04,159.38,352.85,1,-1,-1,-1
146,24,1147.22,668.67,115.93,247.82,1,-1,-1,-1
146,18,625.70,663.45,94.33,254.64,1,-1,-1,-1
146,15,924.14,630.81,117.21,295.28,1,-1,-1,-1
146,12,1670.77,611.81,162.84,306.08,1,-1,-1,-1
146,10,1514.10,655.00,125.02,255.89,1,-1,-1,-1
146,4,170.83,627.64,133.93,296.64,1,-1,-1,-1
146,3,0.50,543.85,157.35,396.50,1,-1,-1,-1
147,47,1394.42,681.73,110.34,232.32,1,-1,-1,-1
147,46,907.83,632.44,107.54,286.81,1,-1,-1,-1
147,44,1131.92,691.39,97.86,225.21,1,-1,-1,-1
147,41,1334.53,590.05,146.82,336.17,1,-1,-1,-1
147,40,791.21,695.88,98.08,217.95,1,-1,-1,-1
147,39,385.59,677.51,91.01,241.77,1,-1,-1,-1
147,36,304.58,657.25,92.95,261.09,1,-1,-1,-1
147,34,574.07,637.37,136.62,293.69,1,-1,-1,-1
147,32,513.01,579.39,139.01,358.56,1,-1,-1,-1
147,31,1212.44,646.38,115.05,268.21,1,-1,-1,-1
147,26,941.30,576.46,165.87,355.00,1,-1,-1,-1
147,24,1150.42,670.53,118.23,245.70,1,-1,-1,-1
147,18,625.27,661.53,98.84,257.61,1,-1,-1,-1
147,15,928.70,621.36,115.93,305.71,1,-1,-1,-1
147,12,1674.30,611.44,163.68,306.88,1,-1,-1,-1
147,10,1513.79,653.37,127.73,258.47,1,-1,-1,-1
147,4,174.66,626.98,131.27,297.45,1,-1,-1,-1
147,3,0.33,543.41,161.28,395.69,1,-1,-1,-1
148,47,1400.82,678.71,109.04,235.15,1,-1,-1,-1
148,46,904.64,627.75,119.35,296.50,1,-1,-1,-1
148,44,1134.78,692.95,98.70,223.92,1,-1,-1,-1
148,41,1335.94,588.86,132.05,334.31,1,-1,-1,-1
148,40,794.71,695.41,96.07,218.86,1,-1,-1,-1
148,39,391.13,678.93,88.30,239.93,1,-1,-1,-1
148,36,305.47,658.46,93.62,259.13,1,-1,-1,-1
148,34,572.57,638.74,115.28,286.58,1,-1,-1,-1
148,32,512.27,579.78,146.57,359.15,1,-1,-1,-1
148,31,1217.21,647.05,114.09,264.53,1,-1,-1,-1
148,26,961.10,576.38,147.01,355.76,1,-1,-1,-1
148,24,1153.06,669.59,119.24,241.95,1,-1,-1,-1
148,18,627.32,661.84,100.09,257.20,1,-1,-1,-1
148,15,919.66,628.53,118.83,295.82,1,-1,-1,-1
148,12,1680.01,612.45,161.27,305.41,1,-1,-1,-1
148,10,1515.99,651.46,128.95,259.19,1,-1,-1,-1
148,4,181.22,626.12,129.47,298.99,1,-1,-1,-1
148,3,0.07,544.29,163.14,392.53,1,-1,-1,-1
149,47,1400.97,678.42,111.40,236.17,1,-1,-1,-1
149,44,1137.59,687.45,104.56,229.69,1,-1,-1,-1
149,41,1339.91,589.29,125.11,334.59,1,-1,-1,-1
149,40,796.73,692.78,95.28,221.51,1,-1,-1,-1
149,39,390.71,679.15,91.26,237.98,1,-1,-1,-1
149,36,311.55,657.87,91.03,259.49,1,-1,-1,-1
149,34,577.37,638.01,107.83,284.73,1,-1,-1,-1
149,32,522.93,578.87,132.96,359.54,1,-1,-1,-1
149,31,1213.98,645.85,117.28,264.62,1,-1,-1,-1
149,26,960.22,578.49,151.56,351.82,1,-1,-1,-1
149,24,1154.07,670.68,117.69,240.64,1,-1,-1,-1
149,18,629.59,659.15,99.59,259.24,1,-1,-1,-1
149,15,918.37,626.84,134.19,300.36,1,-1,-1,-1
149,12,1684.63,610.62,165.10,304.77,1,-1,-1,-1
149,10,1520.75,651.31,130.18,258.31,1,-1,-1,-1
149,4,183.45,624.72,144.67,300.32,1,-1,-1,-1
149,3,0.00,544.51,167.39,391.48,1,-1,-1,-1
150,47,1409.42,678.73,105.87,234.04,1,-1,-1,-1
150,44,1144.81,689.05,102.94,225.49,1,-1,-1,-1
150,41,1345.22,588.53,121.91,331.67,1,-1,-1,-1
150,40,798.70,687.87,97.51,224.01,1,-1,-1,-1
150,39,394.42,679.21,91.08,240.10,1,-1,-1,-1
150,36,315.27,656.79,93.40,260.69,1,-1,-1,-1
150,34,583.00,638.48,112.14,289.43,1,-1,-1,-1
150,32,523.97,577.41,132.57,361.93,1,-1,-1,-1
150,31,1227.71,648.17,103.82,264.13,1,-1,-1,-1
150,26,966.58,574.03,148.75,352.18,1,-1,-1,-1
150,24,1166.78,670.48,99.08,240.58,1,-1,-1,-1
150,18,631.92,657.10,101.52,266.95,1,-1,-1,-1
150,15,926.49,624.34,133.25,304.19,1,-1,-1,-1
150,12,1693.42,610.00,163.90,304.44,1,-1,-1,-1
150,10,1526.66,650.77,128.44,258.26,1,-1,-1,-1
150,4,190.68,627.15,139.90,300.39,1,-1,-1,-1
150,3,0.00,546.31,174.13,392.40,1,-1,-1,-1
151,47,1409.22,680.30,105.76,230.35,1,-1,-1,-1
151,44,1146.40,692.97,97.88,221.60,1,-1,-1,-1
151,41,1348.75,585.99,122.42,331.34,1,-1,-1,-1
151,40,802.94,686.43,97.11,224.62,1,-1,-1,-1
151,39,366.06,677.35,121.09,239.20,1,-1,-1,-1
151,36,317.98,659.47,92.59,258.05,1,-1,-1,-1
151,34,588.07,638.89,110.66,288.95,1,-1,-1,-1
151,32,526.93,577.65,126.85,361.79,1,-1,-1,-1
151,31,1228.76,647.59,104.29,264.79,1,-1,-1,-1
151,26,964.55,577.30,147.30,349.71,1,-1,-1,-1
151,24,1169.69,669.24,100.98,242.67,1,-1,-1,-1
151,18,634.07,658.20,100.47,262.54,1,-1,-1,-1
151,15,920.67,623.44,156.40,306.76,1,-1,-1,-1
151,12,1696.14,609.34,161.11,305.97,1,-1,-1,-1
151,10,1529.38,651.06,126.78,260.30,1,-1,-1,-1
151,4,193.81,628.68,133.84,296.33,1,-1,-1,-1
151,3,0.00,547.71,175.73,394.58,1,-1,-1,-1
152,47,1412.14,679.20,103.97,234.42,1,-1,-1,-1
152,44,1147.79,693.60,91.28,219.20,1,-1,-1,-1
152,41,1351.74,585.02,107.05,331.58,1,-1,-1,-1
152,40,807.71,689.56,92.32,221.43,1,-1,-1,-1
152,39,403.74,678.33,87.02,238.72,1,-1,-1,-1
152,36,321.08,658.07,93.96,260.77,1,-1,-1,-1
152,34,583.18,639.45,113.93,288.85,1,-1,-1,-1
152,32,533.06,579.45,122.00,359.37,1,-1,-1,-1
152,31,1232.55,647.74,94.92,265.47,1,-1,-1,-1
152,28,347.09,668.22,105.94,249.00,1,-1,-1,-1
152,26,963.84,576.30,148.83,353.14,1,-1,-1,-1
152,24,1173.20,669.22,98.46,244.40,1,-1,-1,-1
152,18,636.29,659.11,100.34,260.27,1,-1,-1,-1
152,15,921.19,625.45,131.06,302.27,1,-1,-1,-1
152,12,1700.34,607.44,155.24,307.73,1,-1,-1,-1
152,10,1533.76,651.12,119.94,259.89,1,-1,-1,-1
152,4,199.67,628.33,131.56,297.65,1,-1,-1,-1
152,3,0.00,548.25,179.86,396.89,1,-1,-1,-1
153,47,1408.85,676.85,106.93,242.02,1,-1,-1,-1
153,44,1152.06,690.78,92.40,221.18,1,-1,-1,-1
153,41,1353.02,585.40,108.73,332.71,1,-1,-1,-1
153,40,807.05,689.96,92.29,219.63,1,-1,-1,-1
153,39,405.96,678.77,87.39,238.63,1,-1,-1,-1
153,36,323.20,657.94,93.73,260.23,1,-1,-1,-1
153,34,584.72,638.17,132.75,293.31,1,-1,-1,-1
153,32,533.11,579.37,123.74,356.99,1,-1,-1,-1
153,31,1233.73,647.57,86.56,263.57,1,-1,-1,-1
153,28,350.77,670.03,128.11,247.59,1,-1,-1,-1
153,26,972.00,575.39,142.64,345.08,1,-1,-1,-1
153,24,1167.91,668.84,113.36,248.11,1,-1,-1,-1
153,18,640.57,660.96,95.25,251.76,1,-1,-1,-1
153,15,925.51,625.76,131.99,301.36,1,-1,-1,-1
153,12,1704.86,607.56,149.14,310.29,1,-1,-1,-1
153,10,1536.83,651.57,115.47,259.31,1,-1,-1,-1
153,4,203.58,629.39,128.66,295.97,1,-1,-1,-1
153,3,0.00,548.01,182.32,387.34,1,-1,-1,-1
154,47,1417.07,676.35,97.29,244.25,1,-1,-1,-1
154,44,1151.51,693.88,87.88,216.62,1,-1,-1,-1
154,41,1353.34,584.65,109.93,332.29,1,-1,-1,-1
154,40,812.23,691.06,87.46,217.83,1,-1,-1,-1
154,39,405.33,680.58,89.39,233.60,1,-1,-1,-1
154,36,325.39,657.85,94.57,260.89,1,-1,-1,-1
154,34,578.73,637.81,133.27,291.37,1,-1,-1,-1
154,32,533.22,579.56,122.76,357.59,1,-1,-1,-1
154,31,1238.20,647.46,86.35,255.73,1,-1,-1,-1
154,28,347.29,667.55,121.60,250.04,1,-1,-1,-1
154,26,976.29,574.77,137.45,350.78,1,-1,-1,-1
154,24,1169.52,667.66,108.31,247.21,1,-1,-1,-1
154,18,645.76,666.06,91.07,247.79,1,-1,-1,-1
154,12,1707.48,608.38,147.10,311.17,1,-1,-1,-1
154,10,1539.40,650.55,110.58,261.99,1,-1,-1,-1
154,4,205.00,627.81,130.05,296.02,1,-1,-1,-1
154,3,0.00,548.79,183.65,381.36,1,-1,-1,-1
155,47,1420.54,677.85,103.49,240.97,1,-1,-1,-1
155,46,920.55,627.35,128.52,295.82,1,-1,-1,-1
155,44,1155.37,692.27,94.26,217.93,1,-1,-1,-1
155,41,1345.14,574.00,123.16,349.19,1,-1,-1,-1
155,40,817.33,688.92,87.29,223.50,1,-1,-1,-1
155,39,410.84,678.90,90.43,238.75,1,-1,-1,-1
155,36,331.02,658.96,95.41,259.83,1,-1,-1,-1
155,34,594.35,634.83,116.69,294.85,1,-1,-1,-1
155,32,540.63,579.79,120.07,358.98,1,-1,-1,-1
155,31,1238.96,647.07,83.64,253.77,1,-1,-1,-1
155,28,355.54,664.30,109.31,253.89,1,-1,-1,-1
155,26,977.51,573.18,133.82,340.45,1,-1,-1,-1
155,24,1172.21,667.69,105.00,244.60,1,-1,-1,-1
155,18,642.36,659.36,97.44,264.18,1,-1,-1,-1
155,12,1713.77,606.56,148.08,310.21,1,-1,-1,-1
155,10,1542.15,649.03,107.11,262.58,1,-1,-1,-1
155,4,215.93,627.20,115.83,297.29,1,-1,-1,-1
155,3,1.82,549.81,187.84,378.88,1,-1,-1,-1
156,47,1425.68,678.32,101.32,234.07,1,-1,-1,-1
156,46,926.26,627.91,101.76,288.38,1,-1,-1,-1
156,44,1159.01,693.23,80.94,211.70,1,-1,-1,-1
156,40,817.67,688.27,87.30,226.52,1,-1,-1,-1
156,39,412.09,678.66,93.29,236.41,1,-1,-1,-1
156,36,333.30,661.32,95.39,255.62,1,-1,-1,-1
156,34,595.44,633.01,118.41,298.62,1,-1,-1,-1
156,32,543.84,579.89,117.65,358.91,1,-1,-1,-1
156,31,1241.01,642.46,81.81,266.85,1,-1,-1,-1
156,28,356.75,665.84,107.79,248.78,1,-1,-1,-1
156,26,975.21,571.75,142.11,346.23,1,-1,-1,-1
156,24,1180.31,668.33,88.03,242.79,1,-1,-1,-1
156,21,1361.03,584.89,117.89,333.04,1,-1,-1,-1
156,18,643.15,659.12,98.71,265.20,1,-1,-1,-1
156,12,1717.18,605.59,144.14,307.97,1,-1,-1,-1
156,10,1544.50,648.83,104.88,261.21,1,-1,-1,-1
156,4,223.44,630.01,111.44,292.75,1,-1,-1,-1
156,3,4.35,551.04,187.86,385.68,1,-1,-1,-1
157,47,1425.16,676.19,101.29,242.23,1,-1,-1,-1
157,46,928.82,630.28,101.48,283.29,1,-1,-1,-1
157,44,1162.39,695.66,81.71,211.59,1,-1,-1,-1
157,40,825.86,688.63,79.46,225.02,1,-1,-1,-1
157,39,408.29,676.17,101.31,239.95,1,-1,-1,-1
157,36,340.41,663.47,93.99,250.26,1,-1,-1,-1
157,34,596.32,631.25,119.49,296.10,1,-1,-1,-1
157,32,543.00,577.89,121.81,357.84,1,-1,-1,-1
157,31,1243.01,643.47,84.18,266.25,1,-1,-1,-1
157,28,345.69,664.85,98.93,250.40,1,-1,-1,-1
157,24,1179.06,668.49,93.72,243.61,1,-1,-1,-1
157,21,1363.53,585.09,116.64,338.63,1,-1,-1,-1
157,18,643.27,660.07,100.63,263.18,1,-1,-1,-1
157,12,1719.09,603.07,147.50,313.44,1,-1,-1,-1
157,10,1545.19,647.62,103.00,261.15,1,-1,-1,-1
157,4,226.72,631.78,111.78,292.04,1,-1,-1,-1
157,3,9.55,551.57,190.71,383.44,1,-1,-1,-1
158,47,1427.85,675.10,99.32,234.63,1,-1,-1,-1
158,46,930.72,629.30,99.76,285.86,1,-1,-1,-1
158,44,1162.20,695.95,78.63,211.83,1,-1,-1,-1
158,40,832.04,687.62,75.05,219.28,1,-1,-1,-1
158,39,409.70,678.86,105.15,234.13,1,-1,-1,-1
158,36,343.12,664.97,94.09,244.87,1,-1,-1,-1
158,34,597.42,634.25,119.62,293.71,1,-1,-1,-1
158,32,539.01,578.20,128.59,355.66,1,-1,-1,-1
158,31,1244.47,643.72,86.62,262.06,1,-1,-1,-1
158,28,346.21,662.95,100.30,250.25,1,-1,-1,-1
158,24,1182.79,668.44,99.98,242.45,1,-1,-1,-1
158,21,1364.70,583.86,121.41,339.07,1,-1,-1,-1
158,18,645.15,662.69,102.44,262.28,1,-1,-1,-1
158,12,1721.73,601.55,146.68,315.61,1,-1,-1,-1
158,10,1545.81,648.08,106.78,261.54,1,-1,-1,-1
158,4,232.99,632.38,109.72,287.22,1,-1,-1,-1
158,3,7.75,549.79,198.87,383.09,1,-1,-1,-1
159,47,1430.58,675.85,96.71,230.16,1,-1,-1,-1
159,46,935.47,629.63,96.66,286.17,1,-1,-1,-1
159,44,1154.60,689.30,87.76,218.63,1,-1,-1,-1
159,40,833.94,688.34,76.19,213.74,1,-1,-1,-1
159,39,406.58,679.97,110.13,230.56,1,-1,-1,-1
159,36,345.61,662.92,93.17,249.85,1,-1,-1,-1
159,34,602.61,638.01,109.37,284.68,1,-1,-1,-1
159,32,538.07,578.85,129.60,349.93,1,-1,-1,-1
159,31,1247.43,643.55,84.39,267.25,1,-1,-1,-1
159,28,344.75,662.92,112.58,248.68,1,-1,-1,-1
159,26,989.84,577.63,131.60,340.39,1,-1,-1,-1
159,24,1190.58,667.03,86.68,241.73,1,-1,-1,-1
159,21,1364.37,583.38,121.33,337.88,1,-1,-1,-1
159,18,654.78,656.91,96.07,264.93,1,-1,-1,-1
159,12,1725.82,602.27,144.65,314.59,1,-1,-1,-1
159,10,1548.41,648.53,107.49,259.50,1,-1,-1,-1
159,4,239.47,631.28,106.32,286.07,1,-1,-1,-1
159,3,8.45,550.48,203.99,378.85,1,-1,-1,-1
160,47,1435.78,676.99,96.77,231.84,1,-1,-1,-1
160,46,937.76,629.56,97.58,279.87,1,-1,-1,-1
160,44,1159.76,686.86,79.78,216.09,1,-1,-1,-1
160,40,834.22,696.98,79.34,202.01,1,-1,-1,-1
160,39,414.89,680.94,106.51,230.39,1,-1,-1,-1
160,34,597.01,636.77,115.37,286.53,1,-1,-1,-1
160,32,536.14,576.16,133.86,352.65,1,-1,-1,-1
160,31,1248.26,643.64,85.49,266.43,1,-1,-1,-1
160,28,336.17,660.35,122.46,256.96,1,-1,-1,-1
160,26,989.25,576.06,133.75,341.54,1,-1,-1,-1
160,24,1185.65,666.00,97.31,243.47,1,-1,-1,-1
160,21,1364.03,584.13,114.65,336.30,1,-1,-1,-1
160,18,653.82,661.37,97.23,258.95,1,-1,-1,-1
160,12,1731.79,601.98,143.64,310.93,1,-1,-1,-1
160,10,1553.48,646.54,100.60,258.26,1,-1,-1,-1
160,4,246.56,634.00,105.72,285.00,1,-1,-1,-1
160,3,5.61,553.51,212.01,373.99,1,-1,-1,-1
161,47,1436.63,676.36,95.69,227.87,1,-1,-1,-1
161,46,932.83,628.71,102.73,280.41,1,-1,-1,-1
161,44,1159.57,688.21,77.18,212.48,1,-1,-1,-1
161,40,824.66,700.36,90.25,199.58,1,-1,-1,-1
161,39,422.35,680.75,100.27,228.68,1,-1,-1,-1
161,34,607.60,638.99,112.05,279.81,1,-1,-1,-1
161,32,535.55,576.30,137.27,351.05,1,-1,-1,-1
161,31,1248.83,643.49,85.70,261.97,1,-1,-1,-1
161,28,335.25,659.52,124.36,256.24,1,-1,-1,-1
161,24,1187.50,665.64,95.78,242.88,1,-1,-1,-1
161,21,1359.56,583.59,122.48,332.19,1,-1,-1,-1
161,15,987.49,576.01,111.92,344.66,1,-1,-1,-1
161,12,1731.99,601.84,139.11,309.87,1,-1,-1,-1
161,10,1552.79,645.39,105.94,258.97,1,-1,-1,-1
161,4,235.75,633.38,119.46,284.46,1,-1,-1,-1
161,3,6.70,554.18,213.18,368.31,1,-1,-1,-1
162,47,1439.34,675.54,99.04,227.85,1,-1,-1,-1
162,46,937.17,629.23,97.56,277.54,1,-1,-1,-1
162,44,1157.31,688.09,78.85,212.69,1,-1,-1,-1
162,40,822.03,713.43,92.21,186.96,1,-1,-1,-1
162,39,432.89,680.80,90.51,227.06,1,-1,-1,-1
162,34,604.20,634.29,116.17,289.07,1,-1,-1,-1
162,32,540.36,576.37,135.55,351.43,1,-1,-1,-1
162,31,1249.37,642.61,84.79,261.14,1,-1,-1,-1
162,28,338.07,664.10,115.33,248.78,1,-1,-1,-1
162,24,1189.92,665.58,93.59,241.72,1,-1,-1,-1
162,21,1355.17,583.15,128.81,333.23,1,-1,-1,-1
162,15,984.81,576.22,120.04,344.77,1,-1,-1,-1
162,12,1732.86,601.81,145.90,310.42,1,-1,-1,-1
162,10,1554.63,645.31,107.62,259.52,1,-1,-1,-1
162,4,230.56,633.44,127.82,282.33,1,-1,-1,-1
162,3,10.86,555.57,212.35,366.12,1,-1,-1,-1
163,47,1442.30,673.94,101.27,227.09,1,-1,-1,-1
163,46,933.75,629.22,99.47,279.17,1,-1,-1,-1
163,44,1157.15,685.85,82.42,215.61,1,-1,-1,-1
163,40,818.10,722.26,96.88,177.42,1,-1,-1,-1
163,39,433.07,680.29,92.52,228.14,1,-1,-1,-1
163,32,538.99,579.48,140.01,345.67,1,-1,-1,-1
163,31,1250.64,641.65,85.01,261.33,1,-1,-1,-1
163,28,337.21,662.29,115.48,250.73,1,-1,-1,-1
163,24,1191.04,665.75,94.90,240.13,1,-1,-1,-1
163,21,1354.78,583.52,129.15,331.65,1,-1,-1,-1
163,18,667.38,658.44,93.32,256.51,1,-1,-1,-1
163,15,980.95,576.98,126.87,344.14,1,-1,-1,-1
163,12,1732.94,601.75,152.33,311.14,1,-1,-1,-1
163,10,1556.54,644.67,108.76,260.05,1,-1,-1,-1
163,4,227.74,633.71,131.94,282.95,1,-1,-1,-1
163,3,11.86,556.08,214.93,366.17,1,-1,-1,-1
164,48,393.55,667.79,88.80,240.52,1,-1,-1,-1
164,47,1442.91,673.83,103.04,226.48,1,-1,-1,-1
164,46,929.96,628.84,104.33,283.05,1,-1,-1,-1
164,44,1156.68,686.38,86.36,215.04,1,-1,-1,-1
164,40,815.53,734.40,99.75,166.04,1,-1,-1,-1
164,39,430.18,678.57,97.65,228.49,1,-1,-1,-1
164,32,539.77,579.19,140.07,343.03,1,-1,-1,-1
164,31,1250.73,640.08,88.00,263.81,1,-1,-1,-1
164,24,1191.86,667.86,98.01,236.14,1,-1,-1,-1
164,21,1353.16,584.44,119.88,330.92,1,-1,-1,-1
164,18,669.74,664.69,93.12,246.32,1,-1,-1,-1
164,15,978.63,575.73,127.89,344.48,1,-1,-1,-1
164,12,1733.79,601.31,154.28,310.91,1,-1,-1,-1
164,10,1557.55,644.01,113.40,261.12,1,-1,-1,-1
164,4,223.48,634.75,138.79,283.42,1,-1,-1,-1
164,3,24.51,555.89,203.34,365.21,1,-1,-1,-1
165,48,391.03,675.53,87.52,222.86,1,-1,-1,-1
165,47,1444.58,672.23,103.48,229.05,1,-1,-1,-1
165,46,929.01,628.50,106.94,278.56,1,-1,-1,-1
165,44,1163.42,684.11,83.96,217.01,1,-1,-1,-1
165,40,814.34,740.57,101.76,160.07,1,-1,-1,-1
165,39,437.96,677.63,93.78,227.15,1,-1,-1,-1
165,36,359.27,659.45,122.54,249.69,1,-1,-1,-1
165,32,543.31,582.92,138.19,338.53,1,-1,-1,-1
165,31,1249.86,638.22,91.42,262.76,1,-1,-1,-1
165,24,1189.50,664.83,98.35,238.24,1,-1,-1,-1
165,21,1355.20,583.50,123.36,328.85,1,-1,-1,-1
165,18,673.90,661.46,93.16,253.88,1,-1,-1,-1
165,15,985.15,575.40,123.84,342.01,1,-1,-1,-1
165,12,1730.75,600.30,160.90,309.07,1,-1,-1,-1
165,10,1558.40,643.11,112.75,260.22,1,-1,-1,-1
165,4,229.87,635.59,136.47,281.23,1,-1,-1,-1
165,3,29.30,556.34,203.66,362.86,1,-1,-1,-1
166,47,1444.60,670.92,102.30,227.75,1,-1,-1,-1
166,46,929.62,627.93,107.01,276.99,1,-1,-1,-1
166,44,1166.50,684.08,79.19,216.91,1,-1,-1,-1
166,40,812.30,751.74,104.53,150.97,1,-1,-1,-1
166,39,454.04,677.73,78.89,225.19,1,-1,-1,-1
166,36,365.10,659.25,115.95,250.60,1,-1,-1,-1
166,32,544.37,583.79,136.50,338.31,1,-1,-1,-1
166,31,1249.21,638.10,100.70,266.31,1,-1,-1,-1
166,24,1187.12,663.87,97.74,240.42,1,-1,-1,-1
166,21,1356.43,582.79,118.08,326.91,1,-1,-1,-1
166,18,672.32,657.88,95.31,251.83,1,-1,-1,-1
166,12,1729.15,599.15,162.69,310.76,1,-1,-1,-1
166,10,1558.37,642.89,114.36,260.46,1,-1,-1,-1
166,4,230.28,634.29,139.12,282.63,1,-1,-1,-1
166,3,35.07,556.36,200.58,360.16,1,-1,-1,-1
167,47,1443.67,669.88,103.32,230.53,1,-1,-1,-1
167,46,938.46,627.58,99.15,276.40,1,-1,-1,-1
167,44,1164.81,683.68,80.46,214.99,1,-1,-1,-1
167,40,813.13,755.47,106.75,146.58,1,-1,-1,-1
167,39,439.26,677.42,94.56,226.38,1,-1,-1,-1
167,36,370.83,659.60,107.50,248.28,1,-1,-1,-1
167,34,621.68,635.73,112.75,276.52,1,-1,-1,-1
167,32,544.95,584.12,137.65,336.26,1,-1,-1,-1
167,31,1246.92,637.21,105.95,260.15,1,-1,-1,-1
167,26,981.28,575.29,140.27,338.15,1,-1,-1,-1
167,24,1189.54,662.13,99.78,240.91,1,-1,-1,-1
167,21,1353.43,581.31,130.30,329.16,1,-1,-1,-1
167,18,674.11,657.17,95.27,252.98,1,-1,-1,-1
167,12,1727.29,598.55,164.66,310.08,1,-1,-1,-1
167,10,1556.93,642.10,117.50,260.30,1,-1,-1,-1
167,4,230.92,633.21,139.67,282.01,1,-1,-1,-1
167,3,37.06,556.87,199.63,360.51,1,-1,-1,-1
168,47,1444.42,669.30,101.42,226.58,1,-1,-1,-1
168,46,936.74,626.55,101.58,276.30,1,-1,-1,-1
168,44,1165.76,681.80,79.88,216.74,1,-1,-1,-1
168,40,818.23,759.59,98.50,142.74,1,-1,-1,-1
168,39,436.38,676.64,97.51,225.79,1,-1,-1,-1
168,36,375.52,659.05,102.77,246.90,1,-1,-1,-1
168,34,622.53,636.15,111.31,273.16,1,-1,-1,-1
168,32,546.38,583.42,135.97,335.35,1,-1,-1,-1
168,31,1243.82,636.16,108.36,260.94,1,-1,-1,-1
168,26,983.71,575.04,138.69,337.74,1,-1,-1,-1
168,24,1184.72,662.06,98.99,240.48,1,-1,-1,-1
168,21,1353.42,581.61,125.38,327.78,1,-1,-1,-1
168,18,674.85,658.70,94.33,245.98,1,-1,-1,-1
168,12,1724.82,596.47,171.71,312.04,1,-1,-1,-1
168,10,1557.28,641.45,118.33,258.64,1,-1,-1,-1
168,4,238.35,632.89,135.45,283.19,1,-1,-1,-1
168,3,37.68,555.56,199.82,362.57,1,-1,-1,-1
169,47,1443.54,668.08,106.18,227.19,1,-1,-1,-1
169,46,936.19,624.84,103.86,279.62,1,-1,-1,-1
169,44,1165.41,679.29,87.64,218.94,1,-1,-1,-1
169,40,818.58,761.63,98.75,141.42,1,-1,-1,-1
169,39,436.35,675.88,98.47,226.47,1,-1,-1,-1
169,36,378.49,658.22,100.05,245.77,1,-1,-1,-1
169,34,626.83,636.52,107.46,270.47,1,-1,-1,-1
169,32,548.08,583.77,134.91,334.11,1,-1,-1,-1
169,31,1244.31,633.99,136.29,267.21,1,-1,-1,-1
169,24,1176.95,662.24,110.18,239.40,1,-1,-1,-1
169,21,1350.24,581.21,134.76,328.31,1,-1,-1,-1
169,18,672.61,657.84,96.96,244.52,1,-1,-1,-1
169,12,1723.48,595.99,172.80,310.90,1,-1,-1,-1
169,10,1556.09,641.10,121.33,258.46,1,-1,-1,-1
169,4,240.97,633.06,140.57,279.18,1,-1,-1,-1
169,3,43.23,556.32,194.30,358.23,1,-1,-1,-1
170,47,1441.21,665.68,111.24,226.62,1,-1,-1,-1
170,46,946.28,625.10,94.45,273.82,1,-1,-1,-1
170,44,1165.63,677.86,87.69,216.63,1,-1,-1,-1
170,40,820.82,759.72,94.82,138.50,1,-1,-1,-1
170,39,447.83,675.28,89.33,224.60,1,-1,-1,-1
170,36,379.87,657.93,105.66,246.36,1,-1,-1,-1
170,34,623.60,636.12,113.10,273.35,1,-1,-1,-1
170,32,550.32,582.83,135.62,332.10,1,-1,-1,-1
170,31,1243.97,634.42,128.91,265.78,1,-1,-1,-1
170,24,1182.48,660.26,105.13,239.50,1,-1,-1,-1
170,21,1347.83,581.06,137.42,327.24,1,-1,-1,-1
170,18,677.02,655.60,95.84,249.81,1,-1,-1,-1
170,12,1720.51,597.20,183.94,307.40,1,-1,-1,-1
170,10,1553.12,636.82,126.16,262.97,1,-1,-1,-1
170,4,246.04,631.29,132.09,278.53,1,-1,-1,-1
170,3,54.42,556.04,186.35,357.29,1,-1,-1,-1
171,47,1438.94,664.64,115.39,230.12,1,-1,-1,-1
171,46,946.80,624.46,97.15,274.22,1,-1,-1,-1
171,44,1166.21,677.67,90.56,218.35,1,-1,-1,-1
171,40,822.32,753.90,82.45,144.03,1,-1,-1,-1
171,39,456.98,674.54,82.29,224.34,1,-1,-1,-1
171,34,628.64,635.80,109.49,275.22,1,-1,-1,-1
171,32,551.66,583.75,135.62,332.40,1,-1,-1,-1
171,31,1242.83,632.86,129.21,267.11,1,-1,-1,-1
171,24,1185.46,661.51,103.85,237.81,1,-1,-1,-1
171,21,1345.92,580.07,153.13,331.10,1,-1,-1,-1
171,18,677.96,651.97,97.36,254.65,1,-1,-1,-1
171,12,1718.41,595.58,184.66,309.63,1,-1,-1,-1
171,10,1552.20,636.96,128.30,262.63,1,-1,-1,-1
171,4,244.07,631.53,134.95,276.98,1,-1,-1,-1
171,3,53.98,555.37,188.62,357.62,1,-1,-1,-1
172,48,343.15,657.08,130.57,244.16,1,-1,-1,-1
172,47,1438.10,664.94,115.20,229.10,1,-1,-1,-1
172,46,946.50,624.10,100.85,276.31,1,-1,-1,-1
172,44,1166.51,676.78,90.77,218.57,1,-1,-1,-1
172,40,819.95,747.19,76.28,152.95,1,-1,-1,-1
172,39,459.26,673.87,82.09,222.30,1,-1,-1,-1
172,34,633.76,635.37,106.93,275.39,1,-1,-1,-1
172,32,555.65,583.82,131.18,331.76,1,-1,-1,-1
172,31,1242.92,632.42,116.74,266.06,1,-1,-1,-1
172,26,979.09,572.07,144.55,337.43,1,-1,-1,-1
172,24,1185.50,661.56,101.47,236.72,1,-1,-1,-1
172,21,1344.92,579.98,155.79,329.27,1,-1,-1,-1
172,18,680.07,654.30,96.56,251.43,1,-1,-1,-1
172,12,1715.67,595.35,189.98,310.82,1,-1,-1,-1
172,10,1550.75,635.90,129.66,263.26,1,-1,-1,-1
172,4,246.93,630.90,134.05,277.34,1,-1,-1,-1
172,3,55.63,555.80,189.92,357.07,1,-1,-1,-1
173,48,347.04,658.54,127.66,240.57,1,-1,-1,-1
173,47,1436.87,664.69,116.90,226.20,1,-1,-1,-1
173,46,947.18,622.67,97.67,276.00,1,-1,-1,-1
173,44,1167.49,676.28,89.79,218.53,1,-1,-1,-1
173,40,818.31,740.66,75.33,161.53,1,-1,-1,-1
173,39,459.32,675.35,82.77,219.69,1,-1,-1,-1
173,34,633.69,636.42,103.42,268.74,1,-1,-1,-1
173,32,554.71,584.79,131.52,329.95,1,-1,-1,-1
173,31,1242.32,631.87,111.47,260.48,1,-1,-1,-1
173,26,981.69,571.92,142.32,336.92,1,-1,-1,-1
173,24,1188.65,660.00,99.13,237.40,1,-1,-1,-1
173,21,1343.11,579.09,159.22,331.20,1,-1,-1,-1
173,18,679.59,657.07,96.99,245.76,1,-1,-1,-1
173,12,1714.73,593.46,190.34,312.05,1,-1,-1,-1
173,10,1550.08,634.88,131.71,263.75,1,-1,-1,-1
173,4,251.67,631.32,129.14,275.81,1,-1,-1,-1
173,3,61.01,555.70,186.97,355.65,1,-1,-1,-1
174,48,349.57,658.99,124.72,241.39,1,-1,-1,-1
174,47,1437.42,663.79,115.00,225.59,1,-1,-1,-1
174,46,949.39,623.22,95.32,271.61,1,-1,-1,-1
174,44,1168.22,676.00,85.43,218.12,1,-1,-1,-1
174,40,816.87,736.70,80.73,160.20,1,-1,-1,-1
174,39,459.02,674.99,84.74,220.58,1,-1,-1,-1
174,34,632.92,634.71,102.39,266.62,1,-1,-1,-1
174,32,554.73,584.34,131.82,330.24,1,-1,-1,-1
174,31,1242.44,631.96,114.69,260.02,1,-1,-1,-1
174,24,1187.81,658.21,99.39,239.23,1,-1,-1,-1
174,21,1343.00,580.90,159.72,329.56,1,-1,-1,-1
174,18,679.20,654.94,98.47,247.39,1,-1,-1,-1
174,12,1712.94,592.55,196.75,312.99,1,-1,-1,-1
174,10,1549.73,634.70,131.07,262.92,1,-1,-1,-1
174,4,252.22,630.27,128.36,275.64,1,-1,-1,-1
174,3,59.64,555.48,189.20,356.70,1,-1,-1,-1
175,48,346.52,693.96,111.76,206.28,1,-1,-1,-1
175,47,1437.09,662.26,117.90,230.88,1,-1,-1,-1
175,46,949.75,622.86,107.11,281.45,1,-1,-1,-1
175,44,1169.08,673.26,94.74,220.93,1,-1,-1,-1
175,40,814.28,726.15,85.90,174.79,1,-1,-1,-1
175,39,466.56,673.61,81.06,221.46,1,-1,-1,-1
175,34,633.22,634.65,106.36,265.47,1,-1,-1,-1
175,32,558.69,585.00,128.24,328.64,1,-1,-1,-1
175,31,1244.18,631.71,113.61,260.81,1,-1,-1,-1
175,24,1187.03,657.56,104.22,239.05,1,-1,-1,-1
175,21,1339.38,580.60,161.16,327.69,1,-1,-1,-1
175,18,680.30,656.00,102.40,246.03,1,-1,-1,-1
175,12,1711.32,590.87,199.78,314.28,1,-1,-1,-1
175,10,1550.56,634.53,131.66,261.50,1,-1,-1,-1
175,4,263.60,632.25,122.10,271.76,1,-1,-1,-1
175,3,68.18,554.34,182.84,354.83,1,-1,-1,-1
176,48,341.11,673.07,121.00,235.88,1,-1,-1,-1
176,47,1437.22,661.98,120.38,231.26,1,-1,-1,-1
176,46,948.53,623.16,101.13,279.82,1,-1,-1,-1
176,44,1170.59,674.60,88.57,216.39,1,-1,-1,-1
176,40,806.67,722.35,95.35,178.20,1,-1,-1,-1
176,39,466.87,673.27,81.90,221.90,1,-1,-1,-1
176,36,382.26,656.84,98.70,236.65,1,-1,-1,-1
176,34,635.35,633.97,105.07,263.48,1,-1,-1,-1
176,32,560.60,584.59,128.67,326.49,1,-1,-1,-1
176,31,1243.86,630.73,123.80,259.22,1,-1,-1,-1
176,24,1188.99,657.16,104.20,237.36,1,-1,-1,-1
176,21,1339.34,580.71,165.01,328.06,1,-1,-1,-1
176,18,680.86,654.59,102.63,239.26,1,-1,-1,-1
176,12,1709.68,589.83,204.47,314.34,1,-1,-1,-1
176,10,1550.45,633.53,132.84,262.51,1,-1,-1,-1
176,4,262.10,632.48,124.69,268.97,1,-1,-1,-1
176,3,73.90,554.63,177.47,354.03,1,-1,-1,-1
177,47,1438.26,661.27,118.72,232.05,1,-1,-1,-1
177,46,949.81,623.51,99.87,279.71,1,-1,-1,-1
177,44,1171.33,674.89,90.50,215.15,1,-1,-1,-1
177,40,807.08,715.71,98.91,177.69,1,-1,-1,-1
177,39,467.53,672.71,82.35,221.04,1,-1,-1,-1
177,36,379.94,654.39,102.32,236.41,1,-1,-1,-1
177,34,635.56,634.74,104.79,260.62,1,-1,-1,-1
177,32,564.23,584.35,122.59,326.86,1,-1,-1,-1
177,31,1245.07,629.78,135.73,261.96,1,-1,-1,-1
177,28,345.56,696.79,110.92,196.84,1,-1,-1,-1
177,26,974.91,575.86,135.31,328.36,1,-1,-1,-1
177,24,1189.14,656.77,112.28,237.36,1,-1,-1,-1
177,21,1339.18,580.37,168.42,327.73,1,-1,-1,-1
177,18,681.19,654.32,102.37,239.60,1,-1,-1,-1
177,12,1709.94,589.49,206.63,314.61,1,-1,-1,-1
177,10,1550.47,633.11,134.41,263.25,1,-1,-1,-1
177,4,266.59,631.91,121.14,267.98,1,-1,-1,-1
177,3,75.66,554.92,176.45,352.38,1,-1,-1,-1
178,47,1438.52,660.97,120.17,231.85,1,-1,-1,-1
178,46,949.87,621.64,102.68,280.52,1,-1,-1,-1
178,44,1172.14,673.62,96.44,216.18,1,-1,-1,-1
178,40,804.48,712.78,102.83,179.06,1,-1,-1,-1
178,39,468.68,672.03,81.92,221.72,1,-1,-1,-1
178,36,384.07,654.08,99.94,237.08,1,-1,-1,-1
178,34,633.04,635.73,105.07,258.94,1,-1,-1,-1
178,32,565.07,584.69,120.33,325.73,1,-1,-1,-1
178,31,1240.79,637.77,134.10,247.41,1,-1,-1,-1
178,28,347.50,696.19,106.11,201.26,1,-1,-1,-1
178,26,974.51,573.84,143.07,335.69,1,-1,-1,-1
178,24,1186.96,657.27,112.20,236.48,1,-1,-1,-1
178,21,1338.24,580.50,171.61,326.62,1,-1,-1,-1
178,18,682.37,654.11,101.31,238.91,1,-1,-1,-1
178,12,1710.48,588.75,205.64,317.42,1,-1,-1,-1
178,10,1549.40,632.83,137.69,261.26,1,-1,-1,-1
178,4,268.36,631.39,122.56,267.99,1,-1,-1,-1
178,3,76.08,553.78,177.60,352.69,1,-1,-1,-1
179,47,1438.31,660.81,122.78,230.04,1,-1,-1,-1
179,46,950.99,620.88,102.54,279.86,1,-1,-1,-1
179,44,1170.90,675.29,95.89,215.07,1,-1,-1,-1
179,40,813.00,709.46,100.89,182.37,1,-1,-1,-1
179,39,476.38,671.78,75.49,219.15,1,-1,-1,-1
179,34,648.78,636.09,98.95,258.88,1,-1,-1,-1
179,32,563.58,583.96,123.82,326.15,1,-1,-1,-1
179,31,1247.22,647.20,144.56,246.02,1,-1,-1,-1
179,26,972.40,573.81,148.97,330.48,1,-1,-1,-1
179,24,1185.16,658.90,111.83,234.00,1,-1,-1,-1
179,21,1337.31,580.18,171.49,327.46,1,-1,-1,-1
179,18,677.39,652.33,108.53,242.99,1,-1,-1,-1
179,12,1710.71,587.39,207.06,319.35,1,-1,-1,-1
179,10,1549.06,632.20,139.99,260.63,1,-1,-1,-1
179,4,268.14,631.13,123.45,268.04,1,-1,-1,-1
179,3,78.34,553.94,175.03,351.34,1,-1,-1,-1
180,48,330.85,661.89,152.84,228.32,1,-1,-1,-1
180,47,1438.31,660.53,123.91,227.00,1,-1,-1,-1
180,46,950.06,620.15,102.86,280.72,1,-1,-1,-1
180,44,1168.34,671.63,94.97,216.50,1,-1,-1,-1
180,40,805.01,703.71,118.87,186.05,1,-1,-1,-1
180,39,472.89,669.29,80.30,220.43,1,-1,-1,-1
180,34,651.88,636.06,96.93,258.29,1,-1,-1,-1
180,32,567.50,583.58,118.57,325.36,1,-1,-1,-1
180,31,1246.67,631.11,138.46,260.82,1,-1,-1,-1
180,26,971.18,571.39,146.91,333.93,1,-1,-1,-1
180,24,1183.34,659.06,116.18,233.53,1,-1,-1,-1
180,21,1336.19,578.93,173.26,326.39,1,-1,-1,-1
180,18,678.53,654.28,109.47,239.38,1,-1,-1,-1
180,12,1709.18,585.93,210.82,316.40,1,-1,-1,-1
180,10,1546.14,631.31,143.47,259.89,1,-1,-1,-1
180,4,269.91,631.33,122.16,268.12,1,-1,-1,-1
180,3,80.77,553.14,174.06,350.94,1,-1,-1,-1
181,48,331.76,660.31,151.67,229.31,1,-1,-1,-1
181,47,1438.27,660.04,127.50,227.44,1,-1,-1,-1
181,46,951.10,619.38,103.90,282.33,1,-1,-1,-1
181,44,1171.30,670.51,94.06,218.39,1,-1,-1,-1
181,40,803.87,700.86,123.30,187.35,1,-1,-1,-1
181,39,475.75,669.52,77.49,219.92,1,-1,-1,-1
181,34,656.50,635.43,91.28,255.47,1,-1,-1,-1
181,32,569.80,584.14,117.11,323.14,1,-1,-1,-1
181,31,1244.65,630.86,142.07,259.56,1,-1,-1,-1
181,26,964.68,571.49,152.57,334.26,1,-1,-1,-1
181,24,1182.00,656.58,119.63,234.69,1,-1,-1,-1
181,21,1334.98,577.98,175.21,326.08,1,-1,-1,-1
181,18,679.71,653.61,108.80,239.33,1,-1,-1,-1
181,12,1707.52,585.60,212.48,314.28,1,-1,-1,-1
181,10,1544.68,630.33,146.77,259.94,1,-1,-1,-1
181,4,270.19,630.57,121.57,267.73,1,-1,-1,-1
181,3,82.13,552.70,173.46,351.51,1,-1,-1,-1
182,48,332.50,659.48,150.75,230.14,1,-1,-1,-1
182,47,1438.31,659.62,129.94,228.09,1,-1,-1,-1
182,46,951.99,618.20,109.84,282.63,1,-1,-1,-1
182,40,803.48,701.86,129.87,189.12,1,-1,-1,-1
182,39,476.77,668.94,76.83,217.32,1,-1,-1,-1
182,34,653.96,635.28,94.64,256.63,1,-1,-1,-1
182,32,570.13,583.63,115.24,322.88,1,-1,-1,-1
182,31,1243.49,630.49,146.32,260.02,1,-1,-1,-1
182,26,965.31,571.15,150.42,332.98,1,-1,-1,-1
182,24,1181.70,654.38,121.60,235.62,1,-1,-1,-1
182,21,1334.14,577.01,177.17,325.73,1,-1,-1,-1
182,18,678.80,653.38,109.09,238.88,1,-1,-1,-1
182,12,1707.01,585.67,212.87,315.08,1,-1,-1,-1
182,10,1543.62,629.73,146.64,259.74,1,-1,-1,-1
182,4,273.02,630.15,119.46,268.92,1,-1,-1,-1
182,3,82.48,552.75,173.25,349.74,1,-1,-1,-1
183,48,335.91,659.87,146.62,229.06,1,-1,-1,-1
183,47,1438.45,659.44,130.91,226.83,1,-1,-1,-1
183,46,953.57,618.46,109.37,282.08,1,-1,-1,-1
183,40,806.19,706.60,133.42,183.44,1,-1,-1,-1
183,39,476.06,668.92,77.99,218.33,1,-1,-1,-1
183,34,651.05,635.63,97.40,257.71,1,-1,-1,-1
183,32,569.37,583.69,114.20,323.06,1,-1,-1,-1
183,31,1244.54,630.31,151.35,262.79,1,-1,-1,-1
183,26,967.14,572.75,151.44,331.77,1,-1,-1,-1
183,24,1180.82,656.07,123.39,234.00,1,-1,-1,-1
183,21,1334.58,577.41,175.51,325.62,1,-1,-1,-1
183,18,680.01,654.71,107.09,238.20,1,-1,-1,-1
183,12,1706.27,585.31,213.60,314.69,1,-1,-1,-1
183,10,1542.73,629.05,147.69,259.58,1,-1,-1,-1
183,4,278.07,629.45,114.61,269.88,1,-1,-1,-1
183,3,83.12,552.78,173.95,349.45,1,-1,-1,-1
184,48,333.95,659.85,149.65,229.98,1,-1,-1,-1
184,47,1438.79,658.98,130.15,227.79,1,-1,-1,-1
184,46,953.33,618.75,113.26,281.79,1,-1,-1,-1
184,40,810.02,707.69,132.77,181.40,1,-1,-1,-1
184,39,477.57,668.95,77.53,218.05,1,-1,-1,-1
184,34,652.28,633.86,98.99,257.97,1,-1,-1,-1
184,32,569.36,582.36,114.81,324.01,1,-1,-1,-1
184,31,1243.89,630.72,153.41,263.17,1,-1,-1,-1
184,26,965.48,570.41,152.22,333.74,1,-1,-1,-1
184,24,1182.60,655.62,120.49,235.12,1,-1,-1,-1
184,21,1334.20,576.94,174.24,325.49,1,-1,-1,-1
184,18,682.79,652.78,105.39,237.02,1,-1,-1,-1
184,12,1706.02,584.88,213.77,314.92,1,-1,-1,-1
184,10,1543.39,628.55,146.71,258.97,1,-1,-1,-1
184,4,280.75,629.57,111.97,269.50,1,-1,-1,-1
184,3,82.87,553.15,174.41,349.50,1,-1,-1,-1
185,48,333.16,672.09,149.90,216.48,1,-1,-1,-1
185,47,1438.32,658.09,131.80,228.77,1,-1,-1,-1
185,46,951.92,620.26,109.25,277.61,1,-1,-1,-1
185,40,817.38,715.32,127.26,172.37,1,-1,-1,-1
185,39,477.36,668.96,77.89,215.89,1,-1,-1,-1
185,34,654.38,631.89,99.02,258.81,1,-1,-1,-1
185,32,569.07,581.39,116.53,326.58,1,-1,-1,-1
185,31,1243.53,629.74,157.44,262.58,1,-1,-1,-1
185,26,964.79,569.09,148.10,333.85,1,-1,-1,-1
185,24,1182.99,654.56,117.56,234.11,1,-1,-1,-1
185,21,1333.21,576.57,175.26,325.31,1,-1,-1,-1
185,18,684.57,652.39,102.87,238.94,1,-1,-1,-1
185,12,1705.10,584.41,214.90,312.94,1,-1,-1,-1
185,10,1543.01,628.48,146.87,258.24,1,-1,-1,-1
185,4,282.37,630.28,110.60,267.98,1,-1,-1,-1
185,3,84.60,554.19,173.97,348.14,1,-1,-1,-1
186,53,1057.32,730.20,101.83,154.98,1,-1,-1,-1
186,48,327.16,684.43,153.79,204.78,1,-1,-1,-1
186,47,1439.00,657.58,132.25,228.56,1,-1,-1,-1
186,46,951.22,620.71,117.65,276.74,1,-1,-1,-1
186,40,819.71,716.94,127.21,170.76,1,-1,-1,-1
186,39,477.18,668.31,78.78,217.67,1,-1,-1,-1
186,34,660.45,631.46,111.81,260.03,1,-1,-1,-1
186,32,570.21,581.63,117.12,325.21,1,-1,-1,-1
186,31,1243.19,628.73,156.43,261.84,1,-1,-1,-1
186,26,959.03,588.23,152.93,313.38,1,-1,-1,-1
186,24,1181.15,654.38,121.90,234.04,1,-1,-1,-1
186,21,1333.26,576.58,173.30,323.95,1,-1,-1,-1
186,18,681.57,652.02,104.79,239.37,1,-1,-1,-1
186,12,1704.88,584.35,214.39,312.35,1,-1,-1,-1
186,10,1541.72,628.26,148.93,258.50,1,-1,-1,-1
186,4,279.81,630.33,113.39,266.26,1,-1,-1,-1
186,3,83.76,554.31,174.93,348.65,1,-1,-1,-1
187,53,1057.77,729.23,103.57,152.71,1,-1,-1,-1
187,48,333.82,675.43,147.20,212.19,1,-1,-1,-1
187,47,1438.08,656.86,132.35,228.87,1,-1,-1,-1
187,46,952.82,618.99,147.06,279.78,1,-1,-1,-1
187,40,821.81,717.15,124.63,166.98,1,-1,-1,-1
187,39,477.09,668.30,78.02,219.08,1,-1,-1,-1
187,36,384.73,653.58,101.28,233.62,1,-1,-1,-1
187,34,661.35,630.45,115.58,260.44,1,-1,-1,-1
187,32,570.37,579.93,121.90,327.03,1,-1,-1,-1
187,31,1243.68,628.77,143.34,253.21,1,-1,-1,-1
187,26,962.95,569.27,141.53,324.51,1,-1,-1,-1
187,24,1180.87,654.07,124.69,233.68,1,-1,-1,-1
187,21,1332.59,576.46,178.20,322.62,1,-1,-1,-1
187,18,683.32,649.80,101.71,238.22,1,-1,-1,-1
187,12,1704.23,584.64,214.24,309.54,1,-1,-1,-1
187,10,1541.30,627.99,149.25,259.09,1,-1,-1,-1
187,4,277.28,629.37,115.38,268.34,1,-1,-1,-1
187,3,84.63,554.25,174.47,350.54,1,-1,-1,-1
188,53,1058.59,729.79,99.22,149.44,1,-1,-1,-1
188,48,336.99,669.55,144.45,216.75,1,-1,-1,-1
188,47,1438.24,656.58,132.56,228.06,1,-1,-1,-1
188,46,951.87,618.89,139.35,278.36,1,-1,-1,-1
188,40,823.27,717.65,125.03,165.43,1,-1,-1,-1
188,39,479.24,668.83,74.59,218.48,1,-1,-1,-1
188,36,387.75,652.74,97.20,235.29,1,-1,-1,-1
188,34,662.12,630.35,117.79,259.75,1,-1,-1,-1
188,32,570.96,579.60,122.64,326.39,1,-1,-1,-1
188,31,1242.42,627.25,126.41,255.74,1,-1,-1,-1
188,26,965.58,568.98,141.44,326.35,1,-1,-1,-1
188,24,1179.47,653.02,123.88,233.75,1,-1,-1,-1
188,21,1332.63,576.15,175.45,323.14,1,-1,-1,-1
188,18,683.74,650.71,103.27,236.54,1,-1,-1,-1
188,12,1703.77,584.29,214.14,309.33,1,-1,-1,-1
188,10,1540.37,627.68,148.00,258.80,1,-1,-1,-1
188,4,277.69,628.42,115.44,268.82,1,-1,-1,-1
188,3,86.10,553.93,173.39,350.21,1,-1,-1,-1
189,53,1064.68,730.60,93.52,148.81,1,-1,-1,-1
189,48,340.01,681.13,137.15,205.65,1,-1,-1,-1
189,47,1437.47,656.13,134.63,230.70,1,-1,-1,-1
189,46,949.76,618.93,116.71,275.69,1,-1,-1,-1
189,40,822.39,718.43,129.76,163.90,1,-1,-1,-1
189,39,481.69,669.50,71.99,216.36,1,-1,-1,-1
189,36,389.38,652.49,95.01,232.77,1,-1,-1,-1
189,34,663.66,641.36,119.53,246.21,1,-1,-1,-1
189,32,569.87,579.11,123.70,325.41,1,-1,-1,-1
189,31,1241.71,626.98,117.91,260.21,1,-1,-1,-1
189,26,968.97,568.28,123.30,328.04,1,-1,-1,-1
189,24,1180.15,652.87,125.88,233.67,1,-1,-1,-1
189,21,1331.95,576.01,175.96,325.38,1,-1,-1,-1
189,12,1703.36,583.79,212.39,310.23,1,-1,-1,-1
189,10,1539.26,627.06,140.77,260.86,1,-1,-1,-1
189,4,274.80,627.91,117.73,268.59,1,-1,-1,-1
189,3,86.53,553.53,172.63,348.89,1,-1,-1,-1
190,53,1061.15,727.62,91.27,148.28,1,-1,-1,-1
190,48,334.37,673.88,146.66,216.93,1,-1,-1,-1
190,47,1439.36,655.13,130.91,231.03,1,-1,-1,-1
190,46,946.44,616.42,133.08,276.28,1,-1,-1,-1
190,40,825.97,720.16,123.90,165.40,1,-1,-1,-1
190,39,477.23,669.45,75.45,209.31,1,-1,-1,-1
190,36,390.19,651.88,92.52,229.38,1,-1,-1,-1
190,34,648.75,631.52,106.77,252.71,1,-1,-1,-1
190,32,566.29,579.98,121.96,319.52,1,-1,-1,-1
190,31,1240.81,632.25,103.65,251.95,1,-1,-1,-1
190,26,960.26,568.14,129.06,325.77,1,-1,-1,-1
190,24,1180.46,651.94,121.42,233.45,1,-1,-1,-1
190,21,1330.59,575.19,154.41,325.89,1,-1,-1,-1
190,12,1701.47,583.57,198.16,309.70,1,-1,-1,-1
190,10,1535.19,626.81,139.73,260.81,1,-1,-1,-1
190,4,276.37,626.93,111.90,262.21,1,-1,-1,-1
190,3,91.45,553.51,168.28,347.78,1,-1,-1,-1
191,53,1064.63,730.26,81.58,145.85,1,-1,-1,-1
191,47,1438.07,655.26,127.66,228.30,1,-1,-1,-1
191,46,949.34,614.80,117.58,278.99,1,-1,-1,-1
191,40,822.85,720.90,127.10,161.22,1,-1,-1,-1
191,39,474.87,669.20,77.40,210.06,1,-1,-1,-1
191,36,386.28,651.78,94.85,227.09,1,-1,-1,-1
191,34,656.20,631.34,110.54,255.03,1,-1,-1,-1
191,32,565.11,578.34,122.76,322.59,1,-1,-1,-1
191,31,1242.79,627.72,104.54,260.68,1,-1,-1,-1
191,26,963.14,568.59,127.01,325.36,1,-1,-1,-1
191,24,1178.05,651.83,123.86,234.66,1,-1,-1,-1
191,21,1329.55,573.49,147.88,325.98,1,-1,-1,-1
191,15,1053.51,731.61,95.24,144.96,1,-1,-1,-1
191,12,1701.05,583.23,193.79,310.85,1,-1,-1,-1
191,10,1534.96,627.18,133.89,257.87,1,-1,-1,-1
191,4,273.80,629.33,112.09,258.11,1,-1,-1,-1
191,3,89.26,552.02,169.76,347.85,1,-1,-1,-1
192,53,1065.94,731.40,72.91,141.75,1,-1,-1,-1
192,47,1435.31,656.08,119.54,226.59,1,-1,-1,-1
192,46,948.97,609.74,129.29,283.60,1,-1,-1,-1
192,40,823.10,720.02,123.94,162.72,1,-1,-1,-1
192,39,469.50,670.08,81.91,211.92,1,-1,-1,-1
192,36,378.42,651.73,100.96,229.86,1,-1,-1,-1
192,32,563.53,578.59,115.74,322.89,1,-1,-1,-1
192,31,1243.50,627.54,104.03,263.18,1,-1,-1,-1
192,28,311.96,694.99,147.22,200.50,1,-1,-1,-1
192,26,962.33,567.11,125.07,329.35,1,-1,-1,-1
192,24,1176.29,651.54,127.30,236.58,1,-1,-1,-1
192,21,1326.99,573.51,137.48,324.61,1,-1,-1,-1
192,18,667.44,646.19,113.86,242.63,1,-1,-1,-1
192,15,1055.56,729.69,100.42,152.55,1,-1,-1,-1
192,12,1699.37,583.18,190.92,313.20,1,-1,-1,-1
192,10,1534.74,627.19,130.52,257.74,1,-1,-1,-1
192,4,269.10,625.42,115.47,265.26,1,-1,-1,-1
192,3,85.29,552.71,174.53,348.32,1,-1,-1,-1
193,53,1047.57,717.49,81.94,154.32,1,-1,-1,-1
193,47,1435.16,655.47,119.02,229.09,1,-1,-1,-1
193,46,950.22,610.74,126.17,281.79,1,-1,-1,-1
193,40,824.31,714.54,119.23,166.39,1,-1,-1,-1
193,39,469.09,670.23,80.82,211.42,1,-1,-1,-1
193,36,379.83,651.72,97.06,221.23,1,-1,-1,-1
193,32,557.46,578.61,116.60,314.09,1,-1,-1,-1
193,31,1242.52,627.53,106.26,260.91,1,-1,-1,-1
193,28,313.56,696.38,141.37,198.67,1,-1,-1,-1
193,26,950.64,565.85,127.92,328.53,1,-1,-1,-1
193,24,1178.04,651.43,119.72,233.95,1,-1,-1,-1
193,21,1324.91,573.96,133.76,322.86,1,-1,-1,-1
193,18,666.49,647.47,115.86,243.38,1,-1,-1,-1
193,12,1696.70,582.38,188.04,310.81,1,-1,-1,-1
193,10,1533.59,627.20,132.20,258.22,1,-1,-1,-1
193,4,267.40,626.36,117.74,259.86,1,-1,-1,-1
193,3,83.87,552.14,174.93,350.33,1,-1,-1,-1
194,53,1047.45,713.70,75.80,161.33,1,-1,-1,-1
194,47,1435.96,655.49,117.14,230.07,1,-1,-1,-1
194,40,821.43,711.55,121.15,169.20,1,-1,-1,-1
194,39,466.36,670.25,84.68,211.06,1,-1,-1,-1
194,36,380.04,652.07,96.94,226.55,1,-1,-1,-1
194,34,648.20,630.65,103.98,259.62,1,-1,-1,-1
194,32,558.36,578.66,172.48,319.33,1,-1,-1,-1
194,31,1241.68,631.54,104.03,254.81,1,-1,-1,-1
194,26,960.32,566.68,127.10,330.46,1,-1,-1,-1
194,24,1179.53,651.26,117.85,231.88,1,-1,-1,-1
194,21,1321.26,575.22,130.57,320.46,1,-1,-1,-1
194,18,689.92,656.43,94.74,225.85,1,-1,-1,-1
194,12,1695.44,581.82,181.35,313.30,1,-1,-1,-1
194,10,1531.34,627.25,135.15,259.17,1,-1,-1,-1
194,4,268.28,626.46,115.62,263.04,1,-1,-1,-1
194,3,76.26,551.56,179.89,350.34,1,-1,-1,-1
195,53,1051.42,714.87,68.33,164.16,1,-1,-1,-1
195,48,351.64,660.96,121.12,229.61,1,-1,-1,-1
195,47,1433.73,656.64,107.54,227.79,1,-1,-1,-1
195,40,818.13,702.07,115.88,180.51,1,-1,-1,-1
195,39,457.30,670.01,88.86,215.12,1,-1,-1,-1
195,36,380.34,651.12,96.96,225.38,1,-1,-1,-1
195,34,650.17,633.40,97.70,253.04,1,-1,-1,-1
195,32,550.48,577.65,143.29,323.77,1,-1,-1,-1
195,31,1240.41,630.30,107.45,254.54,1,-1,-1,-1
195,26,949.40,562.44,128.67,336.37,1,-1,-1,-1
195,24,1178.29,651.36,120.13,231.24,1,-1,-1,-1
195,21,1314.03,575.39,139.61,319.19,1,-1,-1,-1
195,18,675.25,654.30,105.25,233.18,1,-1,-1,-1
195,12,1693.97,581.37,169.84,318.34,1,-1,-1,-1
195,10,1531.60,627.12,134.82,261.67,1,-1,-1,-1
195,4,250.45,623.32,128.62,267.21,1,-1,-1,-1
195,3,82.49,551.49,168.09,353.61,1,-1,-1,-1
196,53,1050.23,717.79,70.22,160.29,1,-1,-1,-1
196,48,351.52,652.98,123.74,236.10,1,-1,-1,-1
196,47,1432.87,656.31,105.27,227.77,1,-1,-1,-1
196,40,817.17,697.90,116.92,183.45,1,-1,-1,-1
196,39,452.96,669.81,92.02,213.93,1,-1,-1,-1
196,34,647.64,633.82,100.35,255.01,1,-1,-1,-1
196,32,541.59,574.14,124.44,325.81,1,-1,-1,-1
196,31,1238.30,630.39,108.82,254.35,1,-1,-1,-1
196,26,940.67,560.19,136.07,342.46,1,-1,-1,-1
196,21,1313.58,575.22,133.84,318.10,1,-1,-1,-1
196,18,688.74,656.44,95.21,231.97,1,-1,-1,-1
196,12,1694.22,581.02,166.64,319.84,1,-1,-1,-1
196,10,1531.17,626.58,135.85,263.65,1,-1,-1,-1
196,4,244.19,623.17,133.27,269.96,1,-1,-1,-1
196,3,86.49,551.10,164.24,354.70,1,-1,-1,-1
197,53,1049.81,719.61,72.02,162.67,1,-1,-1,-1
197,52,1241.40,625.12,172.08,264.62,1,-1,-1,-1
197,48,350.89,652.35,123.63,238.72,1,-1,-1,-1
197,47,1432.47,656.39,101.61,229.29,1,-1,-1,-1
197,44,1172.63,651.61,93.08,235.81,1,-1,-1,-1
197,40,811.33,695.58,110.87,187.67,1,-1,-1,-1
197,39,441.58,669.64,102.89,215.22,1,-1,-1,-1
197,34,643.66,632.54,96.25,256.35,1,-1,-1,-1
197,32,532.27,574.77,130.67,330.28,1,-1,-1,-1
197,26,941.04,560.19,135.06,342.57,1,-1,-1,-1
197,21,1313.51,576.28,129.45,317.39,1,-1,-1,-1
197,18,693.05,652.94,88.95,238.55,1,-1,-1,-1
197,12,1693.85,581.52,165.34,318.91,1,-1,-1,-1
197,10,1531.06,626.54,135.10,263.90,1,-1,-1,-1
197,4,237.05,622.67,138.40,274.19,1,-1,-1,-1
197,3,59.41,551.74,190.55,357.29,1,-1,-1,-1
198,53,1050.30,719.07,72.91,162.49,1,-1,-1,-1
198,52,1259.41,719.68,155.69,175.94,1,-1,-1,-1
198,48,354.12,653.33,120.55,238.06,1,-1,-1,-1
198,47,1430.97,657.05,103.41,234.77,1,-1,-1,-1
198,44,1170.34,651.36,85.87,235.80,1,-1,-1,-1
198,40,812.60,695.38,112.06,193.51,1,-1,-1,-1
198,39,430.58,670.54,113.54,216.08,1,-1,-1,-1
198,34,634.90,634.61,102.30,253.36,1,-1,-1,-1
198,32,521.91,575.11,139.47,333.37,1,-1,-1,-1
198,26,943.31,561.07,133.03,343.12,1,-1,-1,-1
198,21,1313.38,575.39,121.66,318.20,1,-1,-1,-1
198,18,686.82,657.11,94.76,235.14,1,-1,-1,-1
198,12,1692.90,582.02,170.49,317.88,1,-1,-1,-1
198,10,1529.78,627.27,136.08,263.61,1,-1,-1,-1
198,4,233.58,623.44,140.32,277.53,1,-1,-1,-1
198,3,30.17,550.52,218.98,355.58,1,-1,-1,-1
199,53,1053.00,717.79,77.34,161.04,1,-1,-1,-1
199,52,1253.13,607.41,170.47,292.67,1,-1,-1,-1
199,48,356.45,652.87,116.08,238.01,1,-1,-1,-1
199,47,1426.84,654.95,107.38,239.67,1,-1,-1,-1
199,44,1168.30,650.79,96.15,235.40,1,-1,-1,-1
199,40,819.69,694.91,113.59,193.64,1,-1,-1,-1
199,39,435.07,671.76,108.81,216.47,1,-1,-1,-1
199,34,635.28,635.02,102.03,254.61,1,-1,-1,-1
199,32,519.10,574.64,140.34,336.69,1,-1,-1,-1
199,26,942.77,560.69,133.94,344.31,1,-1,-1,-1
199,21,1305.00,576.35,127.22,322.35,1,-1,-1,-1
199,18,683.72,657.01,96.19,236.01,1,-1,-1,-1
199,12,1692.35,582.39,176.69,318.33,1,-1,-1,-1
199,10,1529.17,627.16,138.27,262.55,1,-1,-1,-1
199,4,232.86,624.85,139.57,275.83,1,-1,-1,-1
199,3,22.30,550.44,225.53,356.84,1,-1,-1,-1
200,53,1059.02,718.25,65.02,161.43,1,-1,-1,-1
200,52,1258.28,635.02,162.70,257.72,1,-1,-1,-1
200,48,353.17,653.05,119.58,240.83,1,-1,-1,-1
200,47,1426.63,654.50,105.48,240.65,1,-1,-1,-1
200,44,1169.19,650.56,99.82,234.92,1,-1,-1,-1
200,40,814.84,693.05,133.17,194.29,1,-1,-1,-1
200,39,435.19,671.48,106.63,217.47,1,-1,-1,-1
200,34,637.66,634.01,102.66,257.43,1,-1,-1,-1
200,32,516.63,574.22,141.65,335.21,1,-1,-1,-1
200,31,1232.70,630.40,98.12,254.01,1,-1,-1,-1
200,26,939.48,559.12,139.49,345.29,1,-1,-1,-1
200,21,1306.84,576.13,126.77,324.97,1,-1,-1,-1
200,18,692.78,659.90,88.60,235.24,1,-1,-1,-1
200,12,1693.04,581.84,174.33,318.64,1,-1,-1,-1
200,10,1528.39,626.69,140.91,263.26,1,-1,-1,-1
200,4,231.01,624.69,137.76,275.13,1,-1,-1,-1
200,3,39.35,551.02,206.94,352.74,1,-1,-1,-1
201,53,1057.17,718.36,66.60,161.70,1,-1,-1,-1
201,48,367.00,654.25,110.48,235.99,1,-1,-1,-1
201,47,1426.45,654.81,105.50,240.71,1,-1,-1,-1
201,44,1171.03,649.26,94.32,236.24,1,-1,-1,-1
201,40,829.95,693.88,115.89,193.09,1,-1,-1,-1
201,39,440.94,670.29,99.61,221.15,1,-1,-1,-1
201,34,631.68,634.92,107.40,257.94,1,-1,-1,-1
201,32,517.49,575.49,141.85,334.39,1,-1,-1,-1
201,31,1233.40,631.35,108.52,253.09,1,-1,-1,-1
201,26,939.54,559.00,133.04,344.63,1,-1,-1,-1
201,21,1307.38,576.12,125.29,326.05,1,-1,-1,-1
201,18,688.97,660.40,91.28,233.56,1,-1,-1,-1
201,12,1693.24,581.87,173.60,318.84,1,-1,-1,-1
201,10,1528.22,626.54,140.01,264.33,1,-1,-1,-1
201,4,230.80,624.91,138.25,274.90,1,-1,-1,-1
201,3,41.85,551.13,203.20,352.77,1,-1,-1,-1
202,53,1058.62,718.15,63.42,160.02,1,-1,-1,-1
202,48,362.22,654.31,116.03,240.91,1,-1,-1,-1
202,47,1426.23,655.17,105.91,240.52,1,-1,-1,-1
202,40,825.82,692.25,119.63,195.23,1,-1,-1,-1
202,39,443.77,669.37,96.63,221.46,1,-1,-1,-1
202,34,634.71,635.19,109.21,257.46,1,-1,-1,-1
202,32,518.77,575.68,139.84,333.98,1,-1,-1,-1
202,31,1229.35,631.02,100.77,253.32,1,-1,-1,-1
202,26,941.37,558.51,131.92,344.99,1,-1,-1,-1
202,21,1308.18,575.48,123.71,327.66,1,-1,-1,-1
202,18,692.34,660.88,87.58,232.78,1,-1,-1,-1
202,12,1693.38,581.58,173.19,319.70,1,-1,-1,-1
202,10,1528.12,626.15,141.03,266.69,1,-1,-1,-1
202,4,230.86,625.31,138.09,274.81,1,-1,-1,-1
202,3,40.12,550.57,204.49,354.38,1,-1,-1,-1
203,53,1057.94,715.37,66.81,167.44,1,-1,-1,-1
203,48,361.79,651.63,109.29,245.03,1,-1,-1,-1
203,47,1425.93,654.84,105.83,240.50,1,-1,-1,-1
203,40,845.03,685.84,103.85,202.92,1,-1,-1,-1
203,39,446.38,669.85,95.99,220.17,1,-1,-1,-1
203,34,631.78,633.30,106.76,260.68,1,-1,-1,-1
203,32,515.10,574.45,145.24,336.13,1,-1,-1,-1
203,31,1227.69,630.11,97.14,256.87,1,-1,-1,-1
203,26,941.98,558.47,128.17,347.17,1,-1,-1,-1
203,21,1306.97,573.96,125.29,329.89,1,-1,-1,-1
203,18,696.43,661.42,84.56,229.94,1,-1,-1,-1
203,12,1693.29,581.16,173.32,319.60,1,-1,-1,-1
203,10,1527.89,625.93,141.10,267.11,1,-1,-1,-1
203,4,229.80,625.08,138.70,275.61,1,-1,-1,-1
203,3,36.08,549.44,207.33,354.89,1,-1,-1,-1
204,53,1057.57,721.28,64.92,153.92,1,-1,-1,-1
204,48,353.54,652.04,115.35,242.59,1,-1,-1,-1
204,47,1425.95,654.97,105.16,239.98,1,-1,-1,-1
204,40,852.13,684.26,100.51,202.94,1,-1,-1,-1
204,39,450.69,669.99,92.01,217.30,1,-1,-1,-1
204,36,417.39,680.47,93.51,207.17,1,-1,-1,-1
204,34,625.80,633.08,115.23,262.61,1,-1,-1,-1
204,32,511.88,573.52,140.38,333.74,1,-1,-1,-1
204,31,1232.48,630.62,97.26,254.29,1,-1,-1,-1
204,26,939.50,556.90,128.71,348.55,1,-1,-1,-1
204,21,1305.19,573.28,126.01,327.93,1,-1,-1,-1
204,18,699.28,662.13,82.71,228.32,1,-1,-1,-1
204,12,1693.43,581.24,172.87,319.15,1,-1,-1,-1
204,10,1527.58,625.71,140.47,267.29,1,-1,-1,-1
204,4,230.46,624.67,136.68,275.53,1,-1,-1,-1
204,3,31.87,549.67,208.80,354.43,1,-1,-1,-1
205,48,347.95,651.72,120.26,242.76,1,-1,-1,-1
205,47,1425.60,655.13,104.72,239.56,1,-1,-1,-1
205,44,1170.00,651.14,84.63,235.97,1,-1,-1,-1
205,40,867.93,676.46,95.76,208.07,1,-1,-1,-1
205,39,455.31,667.45,88.25,218.46,1,-1,-1,-1
205,36,413.60,676.70,98.42,211.78,1,-1,-1,-1
205,34,642.55,645.27,100.44,248.62,1,-1,-1,-1
205,32,510.82,570.11,138.35,339.09,1,-1,-1,-1
205,31,1229.71,629.12,88.29,252.87,1,-1,-1,-1
205,26,940.36,556.91,125.85,347.84,1,-1,-1,-1
205,21,1304.35,573.18,123.17,328.15,1,-1,-1,-1
205,18,708.10,664.68,73.73,222.51,1,-1,-1,-1
205,12,1693.50,580.89,171.74,318.52,1,-1,-1,-1
205,10,1527.40,625.63,139.86,266.17,1,-1,-1,-1
205,4,229.28,624.22,138.76,275.20,1,-1,-1,-1
205,3,30.94,549.75,205.01,354.20,1,-1,-1,-1
206,48,345.73,650.33,124.89,245.47,1,-1,-1,-1
206,47,1427.36,654.34,103.14,240.67,1,-1,-1,-1
206,44,1170.58,651.73,86.34,235.23,1,-1,-1,-1
206,40,871.14,676.21,98.81,212.76,1,-1,-1,-1
206,39,454.47,667.39,91.49,220.31,1,-1,-1,-1
206,36,413.94,674.00,100.67,213.45,1,-1,-1,-1
206,34,635.61,646.57,99.63,248.47,1,-1,-1,-1
206,32,512.90,570.99,134.07,338.54,1,-1,-1,-1
206,31,1227.47,629.96,91.63,252.86,1,-1,-1,-1
206,26,941.63,553.94,122.58,349.13,1,-1,-1,-1
206,21,1305.73,572.61,121.76,327.83,1,-1,-1,-1
206,18,705.20,664.36,76.72,223.07,1,-1,-1,-1
206,12,1693.16,580.66,172.29,318.68,1,-1,-1,-1
206,10,1527.62,625.18,140.03,267.34,1,-1,-1,-1
206,4,230.19,623.81,136.17,275.07,1,-1,-1,-1
206,3,36.71,549.95,198.79,353.54,1,-1,-1,-1
207,53,1068.04,700.73,71.98,166.46,1,-1,-1,-1
207,48,347.45,651.55,120.62,243.53,1,-1,-1,-1
207,47,1427.17,654.25,103.91,241.29,1,-1,-1,-1
207,44,1170.45,651.45,85.13,236.05,1,-1,-1,-1
207,42,591.91,633.53,122.48,267.31,1,-1,-1,-1
207,40,866.37,672.25,109.51,215.08,1,-1,-1,-1
207,39,447.31,668.73,98.76,217.14,1,-1,-1,-1
207,36,415.52,668.55,103.22,220.06,1,-1,-1,-1
207,34,616.44,637.21,109.42,259.10,1,-1,-1,-1
207,32,514.48,568.16,131.90,340.95,1,-1,-1,-1
207,31,1228.65,629.26,89.88,254.27,1,-1,-1,-1
207,26,936.58,555.56,120.85,342.68,1,-1,-1,-1
207,21,1304.57,572.99,122.27,328.54,1,-1,-1,-1
207,18,699.17,661.61,82.50,227.24,1,-1,-1,-1
207,12,1693.22,580.29,171.16,320.80,1,-1,-1,-1
207,10,1527.61,625.12,139.66,267.96,1,-1,-1,-1
207,4,230.16,622.53,136.50,276.51,1,-1,-1,-1
207,3,34.52,548.93,201.62,355.75,1,-1,-1,-1
208,53,1065.11,693.14,76.26,190.66,1,-1,-1,-1
208,48,349.43,649.88,117.56,243.42,1,-1,-1,-1
208,47,1427.79,654.00,103.32,240.88,1,-1,-1,-1
208,44,1168.35,650.89,85.91,237.19,1,-1,-1,-1
208,42,599.75,635.98,116.04,257.16,1,-1,-1,-1
208,40,862.63,642.29,140.87,249.99,1,-1,-1,-1
208,39,442.23,666.42,102.46,218.68,1,-1,-1,-1
208,36,401.69,665.37,112.89,221.36,1,-1,-1,-1
208,34,644.67,646.02,96.29,249.45,1,-1,-1,-1
208,32,511.38,570.01,133.19,338.79,1,-1,-1,-1
208,31,1227.19,629.10,89.50,256.13,1,-1,-1,-1
208,26,937.31,552.60,122.61,353.23,1,-1,-1,-1
208,21,1302.41,572.33,126.21,329.85,1,-1,-1,-1
208,18,704.97,663.91,74.98,224.28,1,-1,-1,-1
208,12,1692.91,580.51,171.24,320.59,1,-1,-1,-1
208,10,1527.38,625.00,139.64,268.38,1,-1,-1,-1
208,4,230.60,622.68,132.81,275.21,1,-1,-1,-1
208,3,33.84,548.72,199.82,356.12,1,-1,-1,-1
209,53,1069.39,707.59,74.58,165.25,1,-1,-1,-1
209,48,347.59,650.68,122.69,242.32,1,-1,-1,-1
209,47,1429.76,654.06,101.63,240.28,1,-1,-1,-1
209,44,1165.93,651.46,85.60,236.47,1,-1,-1,-1
209,40,858.82,631.33,148.08,263.70,1,-1,-1,-1
209,39,446.23,667.42,96.53,217.21,1,-1,-1,-1
209,36,399.68,657.64,114.60,231.31,1,-1,-1,-1
209,34,626.16,635.76,101.46,260.56,1,-1,-1,-1
209,32,515.65,568.58,129.36,339.53,1,-1,-1,-1
209,31,1225.03,628.72,88.43,257.45,1,-1,-1,-1
209,26,932.37,554.59,119.95,352.40,1,-1,-1,-1
209,21,1299.17,571.90,132.21,327.52,1,-1,-1,-1
209,18,702.74,660.45,76.37,225.43,1,-1,-1,-1
209,12,1692.47,580.29,170.75,321.59,1,-1,-1,-1
209,10,1527.61,625.17,139.06,268.19,1,-1,-1,-1
209,4,230.09,622.78,131.56,275.36,1,-1,-1,-1
209,3,29.84,548.96,203.32,356.09,1,-1,-1,-1
210,53,1070.76,705.63,71.42,164.79,1,-1,-1,-1
210,48,346.97,647.48,117.50,245.79,1,-1,-1,-1
210,47,1431.05,655.33,100.46,237.21,1,-1,-1,-1
210,44,1165.71,651.22,92.24,238.81,1,-1,-1,-1
210,40,874.06,646.70,125.32,233.02,1,-1,-1,-1
210,36,407.20,664.90,106.15,219.45,1,-1,-1,-1
210,34,628.64,640.13,104.42,254.95,1,-1,-1,-1
210,32,513.25,567.80,131.12,339.00,1,-1,-1,-1
210,31,1225.76,627.62,89.82,261.30,1,-1,-1,-1
210,26,937.20,552.99,117.89,351.59,1,-1,-1,-1
210,21,1299.01,570.62,133.27,332.79,1,-1,-1,-1
210,18,706.23,659.70,76.59,225.47,1,-1,-1,-1
210,12,1691.53,579.84,170.16,320.37,1,-1,-1,-1
210,10,1527.42,624.92,139.82,268.49,1,-1,-1,-1
210,4,229.83,622.78,128.36,274.97,1,-1,-1,-1
210,3,28.54,548.45,202.27,354.89,1,-1,-1,-1
211,48,349.34,647.65,113.28,245.16,1,-1,-1,-1
211,47,1429.92,654.82,101.27,238.88,1,-1,-1,-1
211,44,1166.51,650.90,90.77,238.38,1,-1,-1,-1
211,42,588.05,623.64,121.53,276.34,1,-1,-1,-1
211,34,639.77,638.88,95.96,253.11,1,-1,-1,-1
211,32,513.33,566.94,129.40,339.49,1,-1,-1,-1
211,31,1226.77,627.25,87.75,259.95,1,-1,-1,-1
211,26,938.30,552.73,118.61,349.31,1,-1,-1,-1
211,21,1298.64,570.58,130.26,332.94,1,-1,-1,-1
211,18,706.31,660.39,77.18,224.82,1,-1,-1,-1
211,15,1063.28,684.93,94.99,193.84,1,-1,-1,-1
211,12,1691.56,579.70,169.40,320.00,1,-1,-1,-1
211,10,1527.01,624.36,140.10,269.58,1,-1,-1,-1
211,4,230.33,622.38,125.64,274.21,1,-1,-1,-1
211,3,29.89,547.61,198.14,354.87,1,-1,-1,-1
212,48,349.97,648.29,112.85,243.50,1,-1,-1,-1
212,47,1429.81,654.05,101.04,239.84,1,-1,-1,-1
212,46,891.97,586.10,141.15,303.85,1,-1,-1,-1
212,44,1164.54,650.26,88.63,240.13,1,-1,-1,-1
212,42,575.21,623.28,129.77,280.22,1,-1,-1,-1
212,39,439.23,669.49,111.75,220.59,1,-1,-1,-1
212,34,644.09,637.65,95.44,253.70,1,-1,-1,-1
212,32,513.08,566.62,129.56,339.28,1,-1,-1,-1
212,31,1226.08,625.81,87.71,263.67,1,-1,-1,-1
212,26,935.97,550.72,121.00,351.09,1,-1,-1,-1
212,21,1294.32,571.00,126.48,329.87,1,-1,-1,-1
212,18,703.20,659.30,79.17,225.51,1,-1,-1,-1
212,15,1066.18,695.48,87.85,177.79,1,-1,-1,-1
212,12,1691.55,579.19,168.61,320.25,1,-1,-1,-1
212,10,1526.83,624.41,139.79,269.21,1,-1,-1,-1
212,4,230.06,622.69,123.70,273.44,1,-1,-1,-1
212,3,26.51,548.02,200.41,353.53,1,-1,-1,-1
213,48,347.06,646.95,109.59,243.51,1,-1,-1,-1
213,47,1428.38,653.72,102.16,239.81,1,-1,-1,-1
213,46,892.00,583.76,139.50,306.92,1,-1,-1,-1
213,44,1168.83,650.56,82.47,238.94,1,-1,-1,-1
213,42,611.62,626.11,101.11,272.30,1,-1,-1,-1
213,39,431.25,670.24,121.23,220.78,1,-1,-1,-1
213,34,644.94,639.36,95.15,253.73,1,-1,-1,-1
213,32,513.74,563.67,124.17,343.21,1,-1,-1,-1
213,31,1223.58,624.71,88.19,265.36,1,-1,-1,-1
213,26,934.48,552.03,121.77,348.29,1,-1,-1,-1
213,21,1296.66,570.26,123.17,330.33,1,-1,-1,-1
213,18,704.69,659.10,78.44,227.17,1,-1,-1,-1
213,12,1691.68,577.85,168.14,322.09,1,-1,-1,-1
213,10,1526.80,624.01,140.40,270.29,1,-1,-1,-1
213,4,229.28,622.53,123.35,273.13,1,-1,-1,-1
213,3,29.76,547.64,195.06,353.80,1,-1,-1,-1
214,53,1082.41,700.69,107.71,177.44,1,-1,-1,-1
214,48,346.65,645.93,108.86,243.26,1,-1,-1,-1
214,47,1422.67,653.57,108.34,240.47,1,-1,-1,-1
214,46,889.95,566.51,153.47,327.34,1,-1,-1,-1
214,44,1167.29,652.85,84.78,236.03,1,-1,-1,-1
214,42,617.59,626.07,93.39,267.20,1,-1,-1,-1
214,39,431.36,667.76,125.61,226.23,1,-1,-1,-1
214,34,654.22,643.44,89.69,245.81,1,-1,-1,-1
214,32,514.82,564.47,121.51,341.16,1,-1,-1,-1
214,31,1224.66,624.61,87.42,264.58,1,-1,-1,-1
214,26,932.52,552.39,121.44,346.78,1,-1,-1,-1
214,21,1298.11,569.71,119.78,329.01,1,-1,-1,-1
214,18,704.85,658.08,76.18,228.13,1,-1,-1,-1
214,12,1691.85,577.99,165.32,318.35,1,-1,-1,-1
214,10,1527.07,623.59,139.71,269.76,1,-1,-1,-1
214,4,229.05,622.45,122.31,272.18,1,-1,-1,-1
214,3,35.98,547.67,187.92,353.14,1,-1,-1,-1
215,53,1087.01,660.66,140.24,222.38,1,-1,-1,-1
215,48,346.12,645.36,108.05,246.01,1,-1,-1,-1
215,47,1430.53,653.61,98.25,236.41,1,-1,-1,-1
215,46,887.88,586.78,152.40,308.53,1,-1,-1,-1
215,44,1159.29,649.58,96.56,239.85,1,-1,-1,-1
215,42,614.81,628.79,99.71,264.06,1,-1,-1,-1
215,39,427.51,668.69,142.38,234.82,1,-1,-1,-1
215,34,646.59,634.83,105.99,255.09,1,-1,-1,-1
215,32,516.28,564.80,119.27,337.90,1,-1,-1,-1
215,31,1217.38,624.73,95.03,262.17,1,-1,-1,-1
215,26,925.83,549.41,125.65,350.91,1,-1,-1,-1
215,21,1293.00,568.40,126.91,333.32,1,-1,-1,-1
215,18,704.47,661.02,81.30,218.22,1,-1,-1,-1
215,12,1691.23,577.84,165.72,319.72,1,-1,-1,-1
215,10,1527.60,622.85,139.91,268.65,1,-1,-1,-1
215,4,227.12,622.49,123.11,272.63,1,-1,-1,-1
215,3,32.45,545.17,188.24,356.76,1,-1,-1,-1
216,56,1389.53,664.56,101.55,219.79,1,-1,-1,-1
216,53,1087.68,654.21,147.71,231.09,1,-1,-1,-1
216,48,348.28,645.60,106.36,244.08,1,-1,-1,-1
216,47,1432.75,653.33,95.75,235.96,1,-1,-1,-1
216,46,889.18,601.74,133.86,290.85,1,-1,-1,-1
216,44,1158.02,649.77,101.87,240.06,1,-1,-1,-1
216,42,613.50,625.50,102.88,266.48,1,-1,-1,-1
216,39,433.55,669.07,133.81,231.32,1,-1,-1,-1
216,34,648.72,639.94,121.74,248.15,1,-1,-1,-1
216,32,509.71,563.61,127.14,339.16,1,-1,-1,-1
216,31,1218.46,625.41,93.29,261.50,1,-1,-1,-1
216,26,926.53,549.70,126.88,351.71,1,-1,-1,-1
216,21,1291.87,567.40,126.78,334.00,1,-1,-1,-1
216,18,698.19,656.60,87.32,219.26,1,-1,-1,-1
216,12,1691.67,577.06,163.23,320.17,1,-1,-1,-1
216,10,1528.56,622.41,138.88,268.58,1,-1,-1,-1
216,4,226.82,621.69,122.99,273.67,1,-1,-1,-1
216,3,33.28,544.17,186.41,357.07,1,-1,-1,-1
217,56,1395.86,673.46,80.97,209.37,1,-1,-1,-1
217,53,1094.17,678.48,134.37,203.69,1,-1,-1,-1
217,48,353.10,645.84,98.48,241.68,1,-1,-1,-1
217,47,1427.77,652.97,101.27,236.14,1,-1,-1,-1
217,46,886.00,590.13,141.77,306.59,1,-1,-1,-1
217,44,1156.43,648.53,101.72,237.98,1,-1,-1,-1
217,42,605.03,625.29,118.79,266.71,1,-1,-1,-1
217,39,418.39,668.22,145.70,229.46,1,-1,-1,-1
217,34,640.71,640.41,138.41,247.46,1,-1,-1,-1
217,32,499.85,564.02,135.33,336.48,1,-1,-1,-1
217,31,1218.19,624.87,91.90,263.07,1,-1,-1,-1
217,26,925.58,549.27,126.45,354.36,1,-1,-1,-1
217,21,1288.33,565.87,130.18,335.06,1,-1,-1,-1
217,18,679.16,653.79,110.10,228.54,1,-1,-1,-1
217,12,1691.72,576.66,163.20,319.62,1,-1,-1,-1
217,10,1528.92,621.81,138.31,269.12,1,-1,-1,-1
217,4,226.30,619.11,123.50,276.33,1,-1,-1,-1
217,3,28.43,545.33,187.73,354.65,1,-1,-1,-1
218,56,1389.38,685.54,87.82,178.98,1,-1,-1,-1
218,53,1102.14,648.72,142.45,236.14,1,-1,-1,-1
218,48,347.91,645.09,100.28,243.39,1,-1,-1,-1
218,47,1425.33,652.99,104.33,236.32,1,-1,-1,-1
218,44,1159.22,647.96,95.82,240.24,1,-1,-1,-1
218,42,599.88,625.76,123.71,268.67,1,-1,-1,-1
218,39,428.71,665.34,136.61,229.06,1,-1,-1,-1
218,34,619.08,640.44,138.83,250.53,1,-1,-1,-1
218,32,495.97,564.01,138.13,339.88,1,-1,-1,-1
218,31,1214.59,624.72,95.13,262.94,1,-1,-1,-1
218,26,923.75,549.20,131.65,354.67,1,-1,-1,-1
218,21,1284.86,565.49,133.78,335.47,1,-1,-1,-1
218,18,678.30,651.30,115.97,233.96,1,-1,-1,-1
218,12,1691.73,576.59,162.66,319.36,1,-1,-1,-1
218,10,1530.11,621.19,137.35,270.90,1,-1,-1,-1
218,4,226.26,618.29,123.36,276.30,1,-1,-1,-1
218,3,33.75,544.24,181.18,355.82,1,-1,-1,-1
219,57,1388.39,669.49,123.78,223.48,1,-1,-1,-1
219,53,1109.71,658.03,131.63,220.18,1,-1,-1,-1
219,48,348.54,644.66,97.01,244.54,1,-1,-1,-1
219,47,1426.27,651.92,102.52,239.91,1,-1,-1,-1
219,42,600.52,624.07,113.04,272.99,1,-1,-1,-1
219,39,426.70,669.33,143.17,225.23,1,-1,-1,-1
219,34,649.64,644.55,106.76,248.08,1,-1,-1,-1
219,32,488.65,563.28,144.66,342.19,1,-1,-1,-1
219,31,1213.13,624.30,96.46,265.33,1,-1,-1,-1
219,26,922.39,548.54,126.47,356.38,1,-1,-1,-1
219,21,1285.81,564.52,130.27,335.03,1,-1,-1,-1
219,18,697.77,653.02,101.69,233.81,1,-1,-1,-1
219,12,1691.97,576.55,162.13,318.97,1,-1,-1,-1
219,10,1530.80,620.81,137.55,271.89,1,-1,-1,-1
219,4,226.16,617.93,122.90,276.38,1,-1,-1,-1
219,3,34.68,542.18,179.71,359.23,1,-1,-1,-1
220,57,1394.28,650.10,133.62,242.79,1,-1,-1,-1
220,48,347.95,645.59,94.94,242.58,1,-1,-1,-1
220,47,1426.19,652.33,101.96,238.07,1,-1,-1,-1
220,42,611.96,623.33,96.31,272.04,1,-1,-1,-1
220,39,432.89,667.55,114.67,222.29,1,-1,-1,-1
220,34,654.81,646.04,91.48,245.07,1,-1,-1,-1
220,32,497.02,562.01,135.09,341.60,1,-1,-1,-1
220,31,1216.33,623.26,94.12,267.25,1,-1,-1,-1
220,26,919.48,548.22,119.73,355.25,1,-1,-1,-1
220,21,1284.35,563.36,133.00,334.34,1,-1,-1,-1
220,18,716.04,661.60,87.21,226.06,1,-1,-1,-1
220,12,1692.86,575.88,160.83,319.29,1,-1,-1,-1
220,10,1532.19,619.61,137.00,273.63,1,-1,-1,-1
220,4,225.85,618.34,121.54,276.08,1,-1,-1,-1
220,3,45.27,540.86,165.99,361.18,1,-1,-1,-1
221,57,1390.43,653.45,135.91,238.96,1,-1,-1,-1
221,48,353.20,645.24,88.42,241.02,1,-1,-1,-1
221,42,616.38,623.33,90.09,271.38,1,-1,-1,-1
221,39,427.45,666.36,130.02,226.82,1,-1,-1,-1
221,34,652.90,645.73,91.60,246.86,1,-1,-1,-1
221,32,492.06,562.09,139.06,344.41,1,-1,-1,-1
221,31,1218.11,623.02,92.28,265.86,1,-1,-1,-1
221,26,919.77,549.12,119.01,355.03,1,-1,-1,-1
221,24,1155.99,643.50,108.00,245.26,1,-1,-1,-1
221,21,1284.01,564.07,135.11,334.58,1,-1,-1,-1
221,18,718.46,663.66,93.58,225.48,1,-1,-1,-1
221,12,1692.88,575.33,160.84,321.50,1,-1,-1,-1
221,10,1533.31,619.26,136.58,272.76,1,-1,-1,-1
221,4,226.83,618.31,119.80,276.10,1,-1,-1,-1
221,3,46.28,541.41,164.29,359.98,1,-1,-1,-1
222,48,356.67,646.02,83.69,239.43,1,-1,-1,-1
222,42,610.92,623.52,93.14,270.42,1,-1,-1,-1
222,40,986.46,666.91,108.67,227.68,1,-1,-1,-1
222,34,656.09,648.61,89.55,244.64,1,-1,-1,-1
222,32,502.03,560.51,128.98,345.23,1,-1,-1,-1
222,31,1218.25,622.87,92.26,267.29,1,-1,-1,-1
222,26,917.75,547.97,119.60,356.61,1,-1,-1,-1
222,24,1154.17,644.30,110.94,246.36,1,-1,-1,-1
222,21,1284.87,564.05,133.80,333.26,1,-1,-1,-1
222,18,726.59,666.80,98.47,219.09,1,-1,-1,-1
222,12,1693.46,575.98,159.51,320.40,1,-1,-1,-1
222,10,1533.47,619.37,137.83,271.88,1,-1,-1,-1
222,4,226.37,618.52,119.62,275.31,1,-1,-1,-1
222,3,56.35,540.45,155.01,358.73,1,-1,-1,-1
223,54,440.46,666.44,93.41,221.86,1,-1,-1,-1
223,48,355.68,645.41,85.08,239.84,1,-1,-1,-1
223,47,1432.46,650.56,115.65,236.96,1,-1,-1,-1
223,42,614.39,624.55,90.11,267.14,1,-1,-1,-1
223,40,996.60,672.56,125.51,211.84,1,-1,-1,-1
223,34,656.11,649.00,87.98,239.04,1,-1,-1,-1
223,32,502.92,560.12,126.92,344.98,1,-1,-1,-1
223,31,1215.81,623.24,93.77,266.31,1,-1,-1,-1
223,26,915.86,548.43,120.10,355.14,1,-1,-1,-1
223,24,1153.27,644.43,110.49,249.21,1,-1,-1,-1
223,21,1283.16,563.64,135.30,333.60,1,-1,-1,-1
223,18,732.83,666.03,114.79,220.31,1,-1,-1,-1
223,12,1693.75,575.22,158.78,320.71,1,-1,-1,-1
223,10,1532.19,619.54,139.62,270.72,1,-1,-1,-1
223,4,225.32,617.92,120.48,275.78,1,-1,-1,-1
223,3,59.25,541.87,150.73,356.73,1,-1,-1,-1
224,54,439.89,665.69,94.06,220.86,1,-1,-1,-1
224,48,346.15,644.84,94.70,241.30,1,-1,-1,-1
224,47,1433.57,649.45,106.21,238.36,1,-1,-1,-1
224,42,613.70,624.42,88.72,267.99,1,-1,-1,-1
224,40,989.47,684.50,148.42,196.47,1,-1,-1,-1
224,34,659.32,650.37,85.12,237.80,1,-1,-1,-1
224,32,498.20,561.04,132.00,342.77,1,-1,-1,-1
224,31,1215.91,623.09,97.93,257.27,1,-1,-1,-1
224,26,916.25,549.76,116.79,352.70,1,-1,-1,-1
224,24,1159.05,643.12,103.13,244.37,1,-1,-1,-1
224,21,1280.22,563.29,137.70,332.40,1,-1,-1,-1
224,18,742.05,678.01,132.86,208.00,1,-1,-1,-1
224,12,1693.97,574.80,158.20,321.14,1,-1,-1,-1
224,10,1533.31,619.36,138.94,268.58,1,-1,-1,-1
224,4,225.25,617.99,119.90,275.89,1,-1,-1,-1
224,3,47.42,541.34,160.15,356.82,1,-1,-1,-1
225,54,441.20,664.63,96.06,220.49,1,-1,-1,-1
225,48,342.62,644.27,98.44,242.36,1,-1,-1,-1
225,47,1434.09,648.77,140.57,240.55,1,-1,-1,-1
225,42,597.10,623.01,102.07,269.51,1,-1,-1,-1
225,40,1002.59,669.87,152.89,221.25,1,-1,-1,-1
225,34,653.23,650.17,90.91,235.39,1,-1,-1,-1
225,31,1213.46,622.56,126.73,264.14,1,-1,-1,-1
225,26,914.24,548.57,125.16,352.41,1,-1,-1,-1
225,24,1156.52,641.53,110.75,246.30,1,-1,-1,-1
225,21,1281.80,562.63,141.05,331.00,1,-1,-1,-1
225,18,761.87,689.12,141.44,191.41,1,-1,-1,-1
225,12,1694.30,574.85,157.31,321.97,1,-1,-1,-1
225,10,1530.81,620.33,143.78,271.53,1,-1,-1,-1
225,4,225.85,616.94,119.05,276.22,1,-1,-1,-1
225,3,42.26,540.66,161.59,355.86,1,-1,-1,-1
226,60,685.14,661.58,82.65,217.56,1,-1,-1,-1
226,59,494.86,559.31,134.63,348.33,1,-1,-1,-1
226,54,438.98,665.16,94.47,219.91,1,-1,-1,-1
226,48,340.59,643.84,100.82,240.92,1,-1,-1,-1
226,47,1434.89,648.29,120.00,241.42,1,-1,-1,-1
226,42,599.94,622.07,98.73,272.13,1,-1,-1,-1
226,40,1008.27,680.79,145.42,209.14,1,-1,-1,-1
226,34,656.25,650.11,88.54,234.28,1,-1,-1,-1
226,31,1211.74,622.08,127.85,268.05,1,-1,-1,-1
226,26,913.74,548.07,122.58,354.04,1,-1,-1,-1
226,24,1156.40,643.41,107.82,243.25,1,-1,-1,-1
226,21,1279.97,561.98,142.10,335.27,1,-1,-1,-1
226,18,766.45,683.96,143.20,205.90,1,-1,-1,-1
226,12,1694.80,574.59,157.80,321.52,1,-1,-1,-1
226,10,1523.51,620.28,151.49,272.48,1,-1,-1,-1
226,4,224.76,616.61,119.89,275.36,1,-1,-1,-1
226,3,43.60,539.43,158.92,355.01,1,-1,-1,-1
227,60,685.92,659.17,78.66,219.31,1,-1,-1,-1
227,59,493.18,560.13,135.99,349.11,1,-1,-1,-1
227,54,439.97,665.13,96.50,221.32,1,-1,-1,-1
227,48,338.99,643.44,102.49,244.23,1,-1,-1,-1
227,47,1435.61,649.02,110.64,239.55,1,-1,-1,-1
227,44,1151.25,646.26,103.41,233.71,1,-1,-1,-1
227,42,603.19,623.35,94.89,270.81,1,-1,-1,-1
227,40,1022.42,718.53,132.12,174.17,1,-1,-1,-1
227,34,652.63,650.12,90.77,234.20,1,-1,-1,-1
227,31,1211.68,622.05,113.82,268.42,1,-1,-1,-1
227,26,911.93,549.35,121.12,353.47,1,-1,-1,-1
227,21,1278.19,561.28,142.05,336.26,1,-1,-1,-1
227,18,770.01,708.95,143.78,183.28,1,-1,-1,-1
227,12,1694.49,574.02,159.61,321.14,1,-1,-1,-1
227,10,1527.24,620.21,148.08,273.36,1,-1,-1,-1
227,4,224.42,615.61,119.97,276.23,1,-1,-1,-1
227,3,35.94,538.39,166.88,354.91,1,-1,-1,-1
228,61,700.98,658.48,76.31,218.36,1,-1,-1,-1
228,60,684.63,660.78,79.91,215.27,1,-1,-1,-1
228,59,492.56,560.10,136.38,348.99,1,-1,-1,-1
228,54,439.67,664.90,97.26,220.89,1,-1,-1,-1
228,48,338.97,643.61,102.19,243.12,1,-1,-1,-1
228,47,1436.23,648.20,115.89,240.56,1,-1,-1,-1
228,44,1151.28,645.24,93.60,237.34,1,-1,-1,-1
228,42,595.60,622.97,101.60,271.38,1,-1,-1,-1
228,40,1026.10,720.46,125.25,172.23,1,-1,-1,-1
228,34,651.19,649.28,90.19,232.20,1,-1,-1,-1
228,31,1211.88,622.11,97.40,269.79,1,-1,-1,-1
228,26,911.13,551.22,122.59,351.23,1,-1,-1,-1
228,21,1279.63,560.99,136.48,338.34,1,-1,-1,-1
228,18,770.25,711.69,145.17,182.61,1,-1,-1,-1
228,12,1694.45,573.82,160.32,323.28,1,-1,-1,-1
228,10,1530.39,620.50,144.87,272.74,1,-1,-1,-1
228,4,224.42,614.82,119.41,277.77,1,-1,-1,-1
228,3,27.32,537.21,173.85,361.72,1,-1,-1,-1
229,61,699.31,658.21,78.66,220.82,1,-1,-1,-1
229,59,491.08,558.53,133.37,348.76,1,-1,-1,-1
229,57,1435.46,645.75,95.15,244.63,1,-1,-1,-1
229,54,439.01,664.75,93.67,220.60,1,-1,-1,-1
229,48,338.58,643.31,102.87,245.73,1,-1,-1,-1
229,44,1150.94,645.49,90.19,237.35,1,-1,-1,-1
229,42,590.32,622.18,102.72,274.25,1,-1,-1,-1
229,40,1025.56,717.45,126.79,176.41,1,-1,-1,-1
229,34,652.44,646.81,92.46,237.86,1,-1,-1,-1
229,31,1211.60,621.06,102.04,268.18,1,-1,-1,-1
229,26,909.38,546.47,125.72,357.73,1,-1,-1,-1
229,21,1279.26,561.13,136.71,337.71,1,-1,-1,-1
229,18,773.07,714.31,143.88,178.70,1,-1,-1,-1
229,12,1694.94,572.75,161.48,323.94,1,-1,-1,-1
229,10,1531.32,620.28,143.43,271.87,1,-1,-1,-1
229,4,225.89,614.71,117.93,278.02,1,-1,-1,-1
229,3,22.67,534.56,176.70,366.14,1,-1,-1,-1
230,61,693.13,666.74,75.96,202.74,1,-1,-1,-1
230,59,479.37,556.61,143.90,350.12,1,-1,-1,-1
230,57,1436.63,645.42,94.54,241.11,1,-1,-1,-1
230,54,436.56,665.35,96.38,217.39,1,-1,-1,-1
230,48,324.34,643.29,116.49,243.22,1,-1,-1,-1
230,44,1152.00,645.27,83.81,237.66,1,-1,-1,-1
230,42,594.76,621.26,98.86,278.76,1,-1,-1,-1
230,40,1024.93,690.33,126.24,197.17,1,-1,-1,-1
230,34,651.34,646.74,92.94,238.10,1,-1,-1,-1
230,31,1212.14,621.97,93.86,267.89,1,-1,-1,-1
230,26,906.81,544.12,127.90,359.86,1,-1,-1,-1
230,21,1279.14,559.46,138.77,336.41,1,-1,-1,-1
230,18,773.53,708.69,148.57,183.32,1,-1,-1,-1
230,12,1695.70,571.05,159.96,323.55,1,-1,-1,-1
230,10,1530.51,618.80,144.01,269.76,1,-1,-1,-1
230,4,224.69,612.96,118.69,278.34,1,-1,-1,-1
230,3,10.99,532.94,181.48,379.48,1,-1,-1,-1
231,59,460.88,556.96,161.56,348.02,1,-1,-1,-1
231,57,1437.08,646.05,91.68,237.59,1,-1,-1,-1
231,54,434.05,660.38,93.62,222.99,1,-1,-1,-1
231,48,319.29,643.07,121.74,244.75,1,-1,-1,-1
231,44,1152.04,645.93,84.17,237.99,1,-1,-1,-1
231,42,590.85,621.41,101.38,273.79,1,-1,-1,-1
231,40,1023.83,665.63,134.50,222.00,1,-1,-1,-1
231,34,649.83,646.64,90.21,237.07,1,-1,-1,-1
231,31,1213.53,620.97,91.50,268.39,1,-1,-1,-1
231,26,900.95,542.13,134.53,360.91,1,-1,-1,-1
231,21,1279.26,558.72,140.95,336.27,1,-1,-1,-1
231,18,775.06,703.42,148.55,184.94,1,-1,-1,-1
231,12,1696.91,569.95,158.38,323.77,1,-1,-1,-1
231,10,1529.55,617.79,144.18,270.38,1,-1,-1,-1
231,4,221.73,612.50,121.39,278.28,1,-1,-1,-1
231,3,5.43,530.61,183.94,370.62,1,-1,-1,-1
232,60,685.33,659.73,75.82,216.61,1,-1,-1,-1
232,59,463.39,556.65,157.29,347.50,1,-1,-1,-1
232,57,1437.33,646.12,90.38,236.19,1,-1,-1,-1
232,54,430.18,661.18,97.33,219.27,1,-1,-1,-1
232,48,315.32,643.05,125.99,244.44,1,-1,-1,-1
232,44,1151.94,645.84,85.42,237.49,1,-1,-1,-1
232,42,589.64,621.95,102.56,270.84,1,-1,-1,-1
232,40,1024.26,655.16,149.23,231.47,1,-1,-1,-1
232,34,647.15,648.32,89.66,235.11,1,-1,-1,-1
232,31,1213.41,619.96,93.07,270.30,1,-1,-1,-1
232,26,895.90,540.93,139.37,360.50,1,-1,-1,-1
232,21,1280.59,558.06,139.52,339.09,1,-1,-1,-1
232,18,773.82,697.83,153.60,191.57,1,-1,-1,-1
232,12,1697.27,569.08,158.54,322.84,1,-1,-1,-1
232,10,1531.55,617.32,140.84,271.93,1,-1,-1,-1
232,4,219.59,612.41,122.85,277.40,1,-1,-1,-1
232,3,1.70,526.88,186.36,366.85,1,-1,-1,-1
233,60,688.43,663.81,69.68,211.14,1,-1,-1,-1
233,59,470.73,556.39,146.68,347.69,1,-1,-1,-1
233,57,1436.98,645.79,90.94,235.87,1,-1,-1,-1
233,54,428.50,660.27,100.68,220.90,1,-1,-1,-1
233,48,313.28,642.89,127.86,244.63,1,-1,-1,-1
233,44,1151.33,644.76,87.72,237.65,1,-1,-1,-1
233,42,587.03,621.76,103.12,271.86,1,-1,-1,-1
233,40,1023.61,668.57,146.20,217.35,1,-1,-1,-1
233,34,647.06,650.16,86.90,232.61,1,-1,-1,-1
233,31,1214.24,620.19,92.61,269.86,1,-1,-1,-1
233,26,890.96,542.15,143.61,357.56,1,-1,-1,-1
233,21,1280.92,558.44,136.88,338.62,1,-1,-1,-1
233,18,773.46,683.80,158.88,204.13,1,-1,-1,-1
233,12,1698.06,567.95,157.65,325.93,1,-1,-1,-1
233,10,1529.04,616.82,142.04,271.79,1,-1,-1,-1
233,4,217.46,611.96,123.99,279.39,1,-1,-1,-1
233,3,0.98,524.94,184.75,369.41,1,-1,-1,-1
234,60,688.91,665.24,68.59,210.12,1,-1,-1,-1
234,59,469.04,556.17,147.11,347.32,1,-1,-1,-1
234,57,1436.56,645.34,89.12,236.88,1,-1,-1,-1
234,54,427.61,661.04,98.23,220.15,1,-1,-1,-1
234,48,315.07,642.66,125.90,244.06,1,-1,-1,-1
234,44,1151.46,644.19,85.80,237.66,1,-1,-1,-1
234,42,580.52,621.46,109.35,270.55,1,-1,-1,-1
234,40,1021.54,682.18,134.02,202.04,1,-1,-1,-1
234,34,640.62,649.03,90.15,234.86,1,-1,-1,-1
234,31,1215.64,620.38,88.95,268.70,1,-1,-1,-1
234,26,893.91,542.56,138.67,357.54,1,-1,-1,-1
234,21,1282.94,558.72,132.36,338.49,1,-1,-1,-1
234,18,773.60,676.56,147.41,210.63,1,-1,-1,-1
234,12,1698.43,567.48,158.84,328.51,1,-1,-1,-1
234,10,1530.52,615.83,139.43,271.36,1,-1,-1,-1
234,4,211.52,610.22,129.07,283.81,1,-1,-1,-1
234,3,1.18,524.33,181.84,369.44,1,-1,-1,-1
235,60,680.90,663.47,75.12,211.67,1,-1,-1,-1
235,59,461.56,554.76,151.95,349.15,1,-1,-1,-1
235,57,1435.99,644.45,91.16,240.30,1,-1,-1,-1
235,54,424.64,659.05,101.02,224.11,1,-1,-1,-1
235,48,313.69,642.27,126.96,244.81,1,-1,-1,-1
235,44,1145.50,645.18,90.45,238.90,1,-1,-1,-1
235,42,578.50,622.91,108.38,272.70,1,-1,-1,-1
235,40,1021.73,688.11,133.82,198.03,1,-1,-1,-1
235,34,642.84,646.40,87.09,237.57,1,-1,-1,-1
235,31,1215.58,620.24,90.53,269.43,1,-1,-1,-1
235,26,893.90,543.37,136.10,357.71,1,-1,-1,-1
235,21,1280.52,556.56,136.60,340.65,1,-1,-1,-1
235,18,768.09,672.33,158.73,216.15,1,-1,-1,-1
235,12,1699.70,564.79,178.22,333.15,1,-1,-1,-1
235,10,1530.25,614.28,137.71,272.32,1,-1,-1,-1
235,4,192.11,608.74,144.55,285.22,1,-1,-1,-1
235,3,0.05,525.64,177.46,369.56,1,-1,-1,-1
236,60,681.54,661.71,74.85,212.24,1,-1,-1,-1
236,59,431.18,554.61,180.75,347.90,1,-1,-1,-1
236,57,1435.55,644.04,93.43,243.50,1,-1,-1,-1
236,54,426.20,658.51,101.45,226.25,1,-1,-1,-1
236,48,314.76,642.23,126.10,245.08,1,-1,-1,-1
236,44,1138.95,644.85,95.64,239.93,1,-1,-1,-1
236,42,573.53,622.91,115.61,271.36,1,-1,-1,-1
236,40,1021.22,684.86,135.14,200.79,1,-1,-1,-1
236,34,639.19,646.26,92.13,237.22,1,-1,-1,-1
236,31,1213.68,617.12,91.76,270.94,1,-1,-1,-1
236,26,895.32,542.93,131.90,358.84,1,-1,-1,-1
236,21,1280.25,556.34,137.04,341.03,1,-1,-1,-1
236,18,767.64,681.41,151.74,204.12,1,-1,-1,-1
236,12,1700.22,563.61,184.88,333.19,1,-1,-1,-1
236,10,1528.77,613.53,137.68,272.21,1,-1,-1,-1
236,4,186.02,608.41,149.72,284.03,1,-1,-1,-1
236,3,0.00,524.66,174.90,370.06,1,-1,-1,-1
237,60,678.97,661.97,76.92,211.94,1,-1,-1,-1
237,59,429.13,552.47,180.28,350.48,1,-1,-1,-1
237,57,1435.12,643.63,92.44,242.09,1,-1,-1,-1
237,54,426.81,658.07,99.22,227.38,1,-1,-1,-1
237,48,318.73,641.85,121.62,244.81,1,-1,-1,-1
237,44,1125.82,643.17,108.02,240.84,1,-1,-1,-1
237,42,563.16,622.79,125.15,271.78,1,-1,-1,-1
237,40,1022.12,683.08,129.41,201.20,1,-1,-1,-1
237,34,634.78,645.62,93.88,241.83,1,-1,-1,-1
237,31,1212.30,614.71,94.03,272.44,1,-1,-1,-1
237,26,893.54,542.04,127.28,359.75,1,-1,-1,-1
237,21,1279.28,555.36,140.99,342.61,1,-1,-1,-1
237,18,766.60,676.51,151.76,208.27,1,-1,-1,-1
237,12,1702.30,562.85,185.15,337.25,1,-1,-1,-1
237,10,1529.44,613.12,136.04,273.09,1,-1,-1,-1
237,4,185.67,606.04,149.47,284.59,1,-1,-1,-1
237,3,0.00,523.97,170.14,374.07,1,-1,-1,-1
238,64,1491.05,682.57,162.52,206.48,1,-1,-1,-1
238,60,679.22,662.41,75.63,211.01,1,-1,-1,-1
238,59,429.02,551.50,178.91,350.18,1,-1,-1,-1
238,57,1434.98,643.92,90.72,237.31,1,-1,-1,-1
238,54,425.66,658.51,98.71,227.18,1,-1,-1,-1
238,48,320.26,641.32,119.27,244.53,1,-1,-1,-1
238,44,1132.49,643.20,103.01,240.14,1,-1,-1,-1
238,42,569.16,621.64,118.40,272.02,1,-1,-1,-1
238,40,1021.45,675.01,131.85,209.87,1,-1,-1,-1
238,34,635.74,644.16,93.27,241.24,1,-1,-1,-1
238,31,1211.93,614.27,93.09,270.80,1,-1,-1,-1
238,26,891.35,541.29,127.02,360.01,1,-1,-1,-1
238,21,1279.20,553.90,143.32,345.11,1,-1,-1,-1
238,18,766.63,680.61,151.32,203.20,1,-1,-1,-1
238,12,1703.43,563.01,185.08,335.76,1,-1,-1,-1
238,10,1530.19,611.93,134.75,274.58,1,-1,-1,-1
238,4,182.40,604.11,151.15,287.30,1,-1,-1,-1
238,3,0.00,522.59,166.30,378.45,1,-1,-1,-1
239,64,1489.08,681.42,162.81,208.68,1,-1,-1,-1
239,60,677.73,661.71,75.70,213.27,1,-1,-1,-1
239,59,428.09,552.43,177.93,348.61,1,-1,-1,-1
239,57,1435.25,644.37,91.69,238.79,1,-1,-1,-1
239,54,423.06,658.26,101.75,228.87,1,-1,-1,-1
239,48,321.68,641.25,116.97,243.40,1,-1,-1,-1
239,44,1129.67,642.89,106.83,241.46,1,-1,-1,-1
239,42,569.46,620.27,119.60,272.92,1,-1,-1,-1
239,40,1020.25,664.22,129.33,221.86,1,-1,-1,-1
239,34,635.71,646.29,95.92,237.02,1,-1,-1,-1
239,31,1212.28,613.94,90.20,272.81,1,-1,-1,-1
239,26,888.11,538.53,128.98,363.98,1,-1,-1,-1
239,21,1279.32,552.82,143.16,346.92,1,-1,-1,-1
239,18,766.33,676.70,153.29,208.20,1,-1,-1,-1
239,12,1704.56,561.95,182.63,336.18,1,-1,-1,-1
239,10,1530.51,610.88,134.27,276.44,1,-1,-1,-1
239,4,181.00,603.53,150.87,286.88,1,-1,-1,-1
239,3,0.00,521.33,163.25,377.34,1,-1,-1,-1
240,60,677.03,662.57,76.12,212.94,1,-1,-1,-1
240,59,426.35,551.02,174.53,351.22,1,-1,-1,-1
240,57,1435.34,644.26,92.62,239.54,1,-1,-1,-1
240,54,422.76,658.94,95.71,226.98,1,-1,-1,-1
240,48,323.36,639.75,114.68,244.88,1,-1,-1,-1
240,44,1127.23,642.07,110.84,242.82,1,-1,-1,-1
240,42,572.52,619.85,112.85,274.58,1,-1,-1,-1
240,40,1021.85,663.97,127.99,221.23,1,-1,-1,-1
240,34,635.13,641.81,93.36,241.24,1,-1,-1,-1
240,31,1213.30,613.20,87.95,272.73,1,-1,-1,-1
240,26,885.92,539.39,130.26,362.02,1,-1,-1,-1
240,21,1278.66,550.12,142.86,348.78,1,-1,-1,-1
240,18,766.38,672.04,155.15,214.35,1,-1,-1,-1
240,12,1706.59,561.46,180.82,335.46,1,-1,-1,-1
240,10,1531.59,610.26,132.92,276.78,1,-1,-1,-1
240,4,180.90,602.63,150.25,289.17,1,-1,-1,-1
240,3,0.00,519.87,160.31,381.03,1,-1,-1,-1
241,60,677.35,662.09,75.14,213.56,1,-1,-1,-1
241,59,425.70,551.61,170.98,349.82,1,-1,-1,-1
241,57,1434.77,644.44,91.97,237.64,1,-1,-1,-1
241,54,420.72,662.08,90.11,223.23,1,-1,-1,-1
241,48,319.97,638.17,115.46,246.05,1,-1,-1,-1
241,44,1143.82,641.69,97.16,243.05,1,-1,-1,-1
241,42,578.86,618.77,103.51,274.53,1,-1,-1,-1
241,40,1022.86,652.34,128.91,232.70,1,-1,-1,-1
241,34,639.45,641.61,86.31,237.55,1,-1,-1,-1
241,31,1213.14,610.35,87.66,271.53,1,-1,-1,-1
241,26,881.72,539.16,133.77,363.22,1,-1,-1,-1
241,21,1278.89,549.37,140.87,350.10,1,-1,-1,-1
241,18,765.94,666.01,155.01,217.94,1,-1,-1,-1
241,12,1709.80,560.11,175.25,338.57,1,-1,-1,-1
241,10,1525.44,609.41,138.70,277.63,1,-1,-1,-1
241,4,180.16,601.27,149.98,291.05,1,-1,-1,-1
241,3,0.02,517.49,155.07,383.79,1,-1,-1,-1
242,64,1495.52,669.75,150.52,218.58,1,-1,-1,-1
242,60,677.62,664.83,74.43,212.14,1,-1,-1,-1
242,59,420.93,551.09,172.18,346.92,1,-1,-1,-1
242,57,1434.56,644.06,93.19,238.26,1,-1,-1,-1
242,54,419.73,664.43,89.36,222.94,1,-1,-1,-1
242,48,319.26,637.91,114.44,247.22,1,-1,-1,-1
242,44,1148.78,641.96,92.44,242.70,1,-1,-1,-1
242,42,572.38,616.88,111.73,276.85,1,-1,-1,-1
242,40,1023.04,628.75,130.36,256.19,1,-1,-1,-1
242,34,643.90,653.29,87.43,227.32,1,-1,-1,-1
242,31,1213.05,611.70,88.47,269.34,1,-1,-1,-1
242,26,882.20,537.63,133.33,364.47,1,-1,-1,-1
242,21,1280.63,548.77,141.51,350.98,1,-1,-1,-1
242,18,766.99,670.21,150.59,216.87,1,-1,-1,-1
242,12,1710.91,559.24,175.06,337.54,1,-1,-1,-1
242,10,1527.13,608.91,137.25,278.75,1,-1,-1,-1
242,4,181.42,600.88,147.44,291.88,1,-1,-1,-1
242,3,0.01,516.58,152.28,384.06,1,-1,-1,-1
243,64,1491.07,671.28,154.76,217.05,1,-1,-1,-1
243,60,675.77,664.76,75.89,211.44,1,-1,-1,-1
243,59,419.00,548.90,170.54,349.75,1,-1,-1,-1
243,57,1434.19,643.86,93.52,238.72,1,-1,-1,-1
243,54,419.38,661.69,92.10,226.52,1,-1,-1,-1
243,48,318.86,637.49,113.16,248.23,1,-1,-1,-1
243,44,1144.99,639.33,95.36,245.20,1,-1,-1,-1
243,42,571.20,617.54,109.16,275.97,1,-1,-1,-1
243,40,1017.84,634.50,134.35,252.33,1,-1,-1,-1
243,34,633.94,641.34,91.76,239.72,1,-1,-1,-1
243,31,1210.83,610.94,90.29,271.70,1,-1,-1,-1
243,26,880.44,536.12,134.03,366.12,1,-1,-1,-1
243,21,1280.91,548.43,142.57,350.82,1,-1,-1,-1
243,18,766.89,669.27,152.51,216.11,1,-1,-1,-1
243,12,1711.93,559.87,171.18,336.07,1,-1,-1,-1
243,10,1527.93,608.57,136.55,278.03,1,-1,-1,-1
243,4,181.65,601.32,146.27,292.71,1,-1,-1,-1
243,3,0.03,516.10,151.05,383.50,1,-1,-1,-1
244,64,1487.15,656.00,167.02,232.18,1,-1,-1,-1
244,60,675.61,664.86,76.05,210.78,1,-1,-1,-1
244,59,418.45,549.27,168.34,350.59,1,-1,-1,-1
244,57,1435.29,642.80,96.23,240.31,1,-1,-1,-1
244,54,416.26,661.78,94.44,226.71,1,-1,-1,-1
244,48,319.41,637.82,111.37,247.86,1,-1,-1,-1
244,44,1144.18,639.45,96.79,245.82,1,-1,-1,-1
244,42,576.06,617.08,105.56,274.99,1,-1,-1,-1
244,40,1020.31,660.24,129.56,227.58,1,-1,-1,-1
244,34,631.17,642.06,93.83,239.63,1,-1,-1,-1
244,31,1210.79,610.17,91.26,269.87,1,-1,-1,-1
244,26,878.97,533.82,135.31,367.95,1,-1,-1,-1
244,21,1282.59,547.37,140.97,351.57,1,-1,-1,-1
244,18,767.78,667.02,153.94,218.61,1,-1,-1,-1
244,12,1714.20,559.85,168.81,333.91,1,-1,-1,-1
244,10,1524.19,609.29,139.88,278.42,1,-1,-1,-1
244,4,182.69,601.44,142.87,291.70,1,-1,-1,-1
244,3,0.12,512.98,149.68,385.30,1,-1,-1,-1
245,64,1485.52,646.25,163.78,239.86,1,-1,-1,-1
245,60,675.44,663.71,76.36,211.51,1,-1,-1,-1
245,59,418.71,548.85,166.74,351.59,1,-1,-1,-1
245,57,1435.47,642.28,95.38,240.71,1,-1,-1,-1
245,48,319.72,637.46,110.05,248.59,1,-1,-1,-1
245,44,1144.54,639.39,96.60,244.67,1,-1,-1,-1
245,42,573.07,615.28,108.38,276.27,1,-1,-1,-1
245,40,1019.55,663.04,131.38,224.43,1,-1,-1,-1
245,34,633.12,640.38,91.76,240.66,1,-1,-1,-1
245,31,1211.20,610.27,91.40,269.97,1,-1,-1,-1
245,26,875.02,532.78,138.61,369.08,1,-1,-1,-1
245,21,1283.76,545.88,140.58,353.17,1,-1,-1,-1
245,18,767.21,666.08,153.58,218.40,1,-1,-1,-1
245,12,1715.76,557.79,168.81,336.11,1,-1,-1,-1
245,10,1536.67,609.59,126.90,276.34,1,-1,-1,-1
245,4,183.39,601.18,140.95,291.79,1,-1,-1,-1
245,3,0.27,512.91,148.06,385.14,1,-1,-1,-1
246,64,1467.27,644.60,170.74,243.12,1,-1,-1,-1
246,60,675.56,661.88,75.49,212.61,1,-1,-1,-1
246,59,419.89,550.42,161.70,351.11,1,-1,-1,-1
246,57,1438.21,642.87,95.67,243.42,1,-1,-1,-1
246,48,321.41,636.18,107.69,250.01,1,-1,-1,-1
246,44,1141.20,637.61,102.76,246.42,1,-1,-1,-1
246,42,581.52,614.78,97.72,276.74,1,-1,-1,-1
246,40,1021.20,651.78,134.08,235.97,1,-1,-1,-1
246,34,638.16,639.64,87.58,240.12,1,-1,-1,-1
246,31,1211.23,609.66,94.19,271.30,1,-1,-1,-1
246,26,862.90,530.25,147.31,371.08,1,-1,-1,-1
246,21,1289.64,543.08,136.15,356.10,1,-1,-1,-1
246,18,767.50,666.88,151.43,218.87,1,-1,-1,-1
246,12,1717.75,555.84,167.53,338.54,1,-1,-1,-1
246,10,1538.04,609.41,125.49,278.38,1,-1,-1,-1
246,4,185.85,600.40,137.51,292.65,1,-1,-1,-1
246,3,0.27,512.59,145.42,385.55,1,-1,-1,-1
247,64,1494.34,657.64,154.14,228.15,1,-1,-1,-1
247,60,677.43,662.05,74.04,211.67,1,-1,-1,-1
247,59,422.11,549.63,160.12,352.14,1,-1,-1,-1
247,57,1438.00,643.42,92.40,240.98,1,-1,-1,-1
247,48,324.74,636.11,103.93,250.95,1,-1,-1,-1
247,44,1143.09,637.25,101.37,245.77,1,-1,-1,-1
247,42,581.00,612.98,98.56,280.75,1,-1,-1,-1
247,40,1022.10,657.00,131.74,230.46,1,-1,-1,-1
247,34,638.35,641.95,85.27,238.76,1,-1,-1,-1
247,31,1210.70,609.44,95.96,271.65,1,-1,-1,-1
247,26,872.02,530.29,139.20,370.19,1,-1,-1,-1
247,21,1288.65,541.52,136.95,353.23,1,-1,-1,-1
247,18,769.22,661.58,148.80,223.76,1,-1,-1,-1
247,12,1720.38,554.10,169.26,339.22,1,-1,-1,-1
247,10,1541.10,609.32,122.79,276.46,1,-1,-1,-1
247,4,188.63,600.66,134.83,292.33,1,-1,-1,-1
247,3,0.42,512.49,144.46,384.17,1,-1,-1,-1
248,64,1482.84,649.97,164.89,235.25,1,-1,-1,-1
248,60,677.64,661.03,73.78,212.86,1,-1,-1,-1
248,59,423.22,548.69,156.22,351.97,1,-1,-1,-1
248,57,1439.59,642.78,89.96,239.44,1,-1,-1,-1
248,54,424.02,686.31,76.45,199.08,1,-1,-1,-1
248,48,324.43,635.62,104.72,250.86,1,-1,-1,-1
248,44,1143.30,636.94,100.09,246.30,1,-1,-1,-1
248,42,577.00,612.03,101.81,280.02,1,-1,-1,-1
248,40,1023.04,655.66,131.00,232.75,1,-1,-1,-1
248,34,641.70,643.31,80.69,235.09,1,-1,-1,-1
248,31,1212.37,609.66,93.82,272.77,1,-1,-1,-1
248,26,873.97,529.53,139.75,371.33,1,-1,-1,-1
248,21,1288.21,540.74,141.79,357.80,1,-1,-1,-1
248,18,776.15,655.83,145.55,230.91,1,-1,-1,-1
248,12,1722.31,553.71,168.03,337.83,1,-1,-1,-1
248,10,1540.74,608.88,125.78,277.32,1,-1,-1,-1
248,4,192.84,600.56,130.95,291.66,1,-1,-1,-1
248,3,0.43,512.41,144.09,383.81,1,-1,-1,-1
249,60,680.42,660.29,71.20,213.83,1,-1,-1,-1
249,59,430.37,549.63,148.76,352.71,1,-1,-1,-1
249,57,1441.23,643.49,91.03,238.04,1,-1,-1,-1
249,54,425.15,690.86,73.31,193.27,1,-1,-1,-1
249,48,326.52,635.72,103.68,250.87,1,-1,-1,-1
249,42,582.95,610.87,96.35,280.89,1,-1,-1,-1
249,40,1023.75,656.00,126.01,230.66,1,-1,-1,-1
249,34,649.03,642.93,74.95,235.26,1,-1,-1,-1
249,31,1213.75,608.47,94.92,277.31,1,-1,-1,-1
249,26,872.38,529.22,142.02,372.92,1,-1,-1,-1
249,24,1150.87,634.17,95.79,253.52,1,-1,-1,-1
249,21,1289.39,539.67,142.34,358.59,1,-1,-1,-1
249,18,779.60,632.80,144.21,253.55,1,-1,-1,-1
249,12,1724.42,552.92,167.13,339.59,1,-1,-1,-1
249,10,1540.72,608.24,126.44,277.89,1,-1,-1,-1
249,4,190.73,600.88,133.36,290.53,1,-1,-1,-1
249,3,0.38,512.16,144.02,382.96,1,-1,-1,-1
250,60,682.52,660.30,69.59,215.14,1,-1,-1,-1
250,59,424.51,547.70,151.61,354.76,1,-1,-1,-1
250,57,1443.99,642.51,94.57,237.77,1,-1,-1,-1
250,54,425.44,686.86,76.62,200.40,1,-1,-1,-1
250,48,329.07,635.28,102.56,251.47,1,-1,-1,-1
250,42,578.08,610.90,100.60,282.05,1,-1,-1,-1
250,40,1021.65,656.22,112.75,227.86,1,-1,-1,-1
250,34,647.99,642.41,76.49,237.04,1,-1,-1,-1
250,31,1215.48,607.43,95.90,279.96,1,-1,-1,-1
250,26,872.82,527.40,139.95,375.35,1,-1,-1,-1
250,24,1148.12,633.36,98.63,254.79,1,-1,-1,-1
250,21,1289.28,538.39,144.96,358.89,1,-1,-1,-1
250,18,783.17,647.03,141.91,239.09,1,-1,-1,-1
250,12,1726.89,551.49,166.08,339.69,1,-1,-1,-1
250,10,1542.58,607.70,126.36,280.36,1,-1,-1,-1
250,4,191.89,600.86,132.26,290.35,1,-1,-1,-1
250,3,0.34,511.83,144.37,380.99,1,-1,-1,-1
251,60,687.34,661.22,67.87,214.93,1,-1,-1,-1
251,59,431.47,548.06,141.34,355.05,1,-1,-1,-1
251,57,1447.73,642.67,105.27,240.39,1,-1,-1,-1
251,54,426.85,686.04,74.90,202.92,1,-1,-1,-1
251,48,329.22,634.59,103.40,250.97,1,-1,-1,-1
251,42,581.29,611.33,98.10,281.44,1,-1,-1,-1
251,40,1019.57,658.81,113.35,227.94,1,-1,-1,-1
251,34,645.03,642.44,79.53,237.68,1,-1,-1,-1
251,31,1216.24,607.40,95.74,278.83,1,-1,-1,-1
251,26,874.15,526.46,137.46,377.64,1,-1,-1,-1
251,24,1146.61,632.20,103.09,254.16,1,-1,-1,-1
251,21,1291.57,536.20,145.91,358.65,1,-1,-1,-1
251,18,789.52,655.11,130.51,234.58,1,-1,-1,-1
251,12,1734.56,549.85,159.95,339.87,1,-1,-1,-1
251,10,1544.76,606.98,127.23,280.62,1,-1,-1,-1
251,4,195.46,600.49,129.43,291.78,1,-1,-1,-1
251,3,0.37,511.40,144.36,381.30,1,-1,-1,-1
252,60,689.65,660.53,67.71,216.15,1,-1,-1,-1
252,59,435.07,545.74,138.73,358.51,1,-1,-1,-1
252,57,1449.25,641.41,108.14,243.40,1,-1,-1,-1
252,54,428.12,690.32,68.25,195.28,1,-1,-1,-1
252,48,332.01,634.32,101.19,251.35,1,-1,-1,-1
252,44,1129.21,668.88,79.50,214.01,1,-1,-1,-1
252,42,579.56,610.97,99.64,281.31,1,-1,-1,-1
252,40,1021.00,654.31,112.39,230.37,1,-1,-1,-1
252,34,644.81,641.66,80.23,240.86,1,-1,-1,-1
252,31,1218.65,607.15,93.66,280.13,1,-1,-1,-1
252,26,874.34,526.34,138.05,376.67,1,-1,-1,-1
252,24,1152.34,632.56,99.42,253.35,1,-1,-1,-1
252,21,1292.13,535.73,145.87,357.54,1,-1,-1,-1
252,18,790.51,658.06,130.79,226.83,1,-1,-1,-1
252,12,1737.05,550.39,157.70,340.51,1,-1,-1,-1
252,10,1548.17,607.00,127.08,280.81,1,-1,-1,-1
252,4,201.30,600.48,124.29,291.63,1,-1,-1,-1
252,3,0.39,511.25,144.69,380.70,1,-1,-1,-1
253,60,688.81,659.95,68.20,217.25,1,-1,-1,-1
253,59,430.35,544.17,142.20,358.66,1,-1,-1,-1
253,57,1450.71,640.14,103.76,246.48,1,-1,-1,-1
253,54,428.26,690.01,71.30,194.60,1,-1,-1,-1
253,48,332.96,633.78,101.28,251.52,1,-1,-1,-1
253,44,1129.36,671.57,79.57,211.59,1,-1,-1,-1
253,42,578.83,610.52,100.02,283.09,1,-1,-1,-1
253,40,1018.01,656.28,121.83,231.79,1,-1,-1,-1
253,34,644.52,642.38,80.23,239.54,1,-1,-1,-1
253,31,1221.47,607.64,93.68,279.72,1,-1,-1,-1
253,26,875.08,526.26,138.20,375.07,1,-1,-1,-1
253,24,1153.77,633.23,99.38,252.86,1,-1,-1,-1
253,21,1290.56,534.07,150.99,363.45,1,-1,-1,-1
253,18,792.06,655.01,133.27,230.33,1,-1,-1,-1
253,12,1738.97,550.50,156.90,341.60,1,-1,-1,-1
253,10,1545.91,607.24,131.99,279.56,1,-1,-1,-1
253,4,202.56,600.57,123.69,291.76,1,-1,-1,-1
253,3,0.44,511.13,144.73,382.53,1,-1,-1,-1
254,60,688.73,659.83,69.53,218.76,1,-1,-1,-1
254,59,430.54,543.00,141.19,359.27,1,-1,-1,-1
254,57,1452.14,640.41,100.47,239.25,1,-1,-1,-1
254,54,429.92,689.55,71.89,192.91,1,-1,-1,-1
254,53,1131.85,662.13,80.81,217.87,1,-1,-1,-1
254,48,333.88,633.68,101.40,251.33,1,-1,-1,-1
254,44,1124.77,667.89,83.95,220.44,1,-1,-1,-1
254,42,579.59,609.58,98.62,285.17,1,-1,-1,-1
254,40,1007.70,653.57,135.76,225.45,1,-1,-1,-1
254,34,643.25,640.51,83.33,245.59,1,-1,-1,-1
254,31,1221.15,609.38,96.20,276.78,1,-1,-1,-1
254,26,874.09,526.84,142.89,373.91,1,-1,-1,-1
254,24,1154.51,631.77,104.07,253.24,1,-1,-1,-1
254,21,1293.27,533.65,150.17,364.80,1,-1,-1,-1
254,18,787.91,649.44,141.13,236.83,1,-1,-1,-1
254,12,1741.20,549.18,167.17,343.39,1,-1,-1,-1
254,10,1547.56,608.11,132.44,278.33,1,-1,-1,-1
254,4,204.28,600.20,123.44,290.89,1,-1,-1,-1
254,3,0.50,510.50,144.42,384.68,1,-1,-1,-1
255,60,690.01,660.60,68.32,217.85,1,-1,-1,-1
255,59,431.41,543.29,140.46,358.62,1,-1,-1,-1
255,57,1452.60,639.41,97.46,238.35,1,-1,-1,-1
255,54,431.45,686.45,74.65,196.90,1,-1,-1,-1
255,53,1130.73,667.44,79.50,214.17,1,-1,-1,-1
255,48,334.10,633.04,101.14,252.74,1,-1,-1,-1
255,42,579.57,609.59,98.28,285.93,1,-1,-1,-1
255,40,1004.71,656.66,144.29,222.90,1,-1,-1,-1
255,34,644.50,640.21,82.00,249.85,1,-1,-1,-1
255,31,1220.36,609.07,101.27,275.41,1,-1,-1,-1
255,26,874.12,526.59,142.30,373.98,1,-1,-1,-1
255,24,1154.54,633.39,107.50,249.91,1,-1,-1,-1
255,21,1299.27,533.77,148.17,363.07,1,-1,-1,-1
255,18,787.29,634.38,149.31,251.21,1,-1,-1,-1
255,12,1743.79,549.25,161.69,342.95,1,-1,-1,-1
255,10,1552.18,608.86,129.50,275.95,1,-1,-1,-1
255,4,205.21,600.04,122.70,291.19,1,-1,-1,-1
255,3,0.47,510.61,144.39,384.82,1,-1,-1,-1
256,60,691.01,660.34,69.95,218.80,1,-1,-1,-1
256,59,434.81,541.90,140.36,358.26,1,-1,-1,-1
256,57,1446.98,641.28,95.81,234.58,1,-1,-1,-1
256,54,430.80,688.77,72.79,194.70,1,-1,-1,-1
256,53,1127.46,664.80,84.29,218.86,1,-1,-1,-1
256,48,339.07,632.13,98.85,252.53,1,-1,-1,-1
256,42,580.69,609.23,97.38,285.69,1,-1,-1,-1
256,40,1015.79,658.12,135.66,220.38,1,-1,-1,-1
256,34,643.35,638.73,82.62,249.60,1,-1,-1,-1
256,31,1221.69,609.96,104.85,271.60,1,-1,-1,-1
256,26,876.28,526.22,136.18,374.78,1,-1,-1,-1
256,24,1158.42,633.50,100.57,248.49,1,-1,-1,-1
256,21,1301.04,531.39,149.05,367.53,1,-1,-1,-1
256,18,790.11,640.12,135.79,246.03,1,-1,-1,-1
256,12,1748.64,547.27,165.15,341.08,1,-1,-1,-1
256,10,1558.72,607.07,131.76,281.94,1,-1,-1,-1
256,4,208.22,599.96,120.24,289.60,1,-1,-1,-1
256,3,0.38,509.37,145.29,385.51,1,-1,-1,-1
257,60,693.67,659.18,68.05,219.09,1,-1,-1,-1
257,59,435.82,542.38,139.06,358.43,1,-1,-1,-1
257,57,1453.31,639.33,97.81,234.34,1,-1,-1,-1
257,48,342.04,631.83,97.69,251.30,1,-1,-1,-1
257,42,579.90,608.79,100.50,285.65,1,-1,-1,-1
257,40,1018.95,660.70,130.46,224.64,1,-1,-1,-1
257,34,642.83,637.98,85.64,249.15,1,-1,-1,-1
257,31,1222.05,609.70,101.66,270.13,1,-1,-1,-1
257,26,876.01,525.00,141.92,375.60,1,-1,-1,-1
257,24,1157.21,631.78,103.79,250.03,1,-1,-1,-1
257,21,1305.90,530.11,148.61,368.88,1,-1,-1,-1
257,18,791.22,650.42,135.51,233.78,1,-1,-1,-1
257,12,1752.09,546.25,164.07,343.32,1,-1,-1,-1
257,10,1561.40,606.00,132.37,283.34,1,-1,-1,-1
257,4,208.57,600.02,121.81,289.35,1,-1,-1,-1
257,3,0.37,509.40,145.46,387.28,1,-1,-1,-1
258,60,692.27,660.62,69.44,218.18,1,-1,-1,-1
258,59,437.07,542.38,136.37,358.61,1,-1,-1,-1
258,57,1453.45,639.27,97.15,234.59,1,-1,-1,-1
258,48,341.26,631.56,99.43,252.83,1,-1,-1,-1
258,42,576.45,608.54,103.65,285.94,1,-1,-1,-1
258,40,1022.01,660.60,126.64,219.16,1,-1,-1,-1
258,34,643.63,637.27,85.29,249.20,1,-1,-1,-1
258,31,1222.40,609.14,101.70,273.40,1,-1,-1,-1
258,26,876.35,521.57,142.78,379.30,1,-1,-1,-1
258,24,1158.49,631.31,103.73,251.28,1,-1,-1,-1
258,21,1310.52,531.47,145.60,368.40,1,-1,-1,-1
258,18,796.41,658.95,131.22,224.71,1,-1,-1,-1
258,12,1756.82,546.12,161.24,344.94,1,-1,-1,-1
258,10,1562.90,605.07,133.86,283.65,1,-1,-1,-1
258,4,209.24,599.48,121.90,289.78,1,-1,-1,-1
258,3,0.42,509.05,145.32,387.76,1,-1,-1,-1
259,64,1461.96,640.76,205.16,241.07,1,-1,-1,-1
259,60,690.45,659.24,73.29,219.98,1,-1,-1,-1
259,59,438.89,541.74,134.61,359.14,1,-1,-1,-1
259,48,345.13,632.19,96.52,251.97,1,-1,-1,-1
259,42,576.91,608.42,103.82,283.16,1,-1,-1,-1
259,40,1021.92,659.09,129.34,222.20,1,-1,-1,-1
259,34,643.56,636.97,88.23,249.77,1,-1,-1,-1
259,31,1221.94,608.70,105.15,273.23,1,-1,-1,-1
259,26,878.04,520.00,138.18,380.17,1,-1,-1,-1
259,24,1156.08,630.99,107.66,253.72,1,-1,-1,-1
259,21,1309.93,527.64,146.37,370.32,1,-1,-1,-1
259,18,794.98,657.47,133.38,225.68,1,-1,-1,-1
259,12,1758.74,544.94,160.86,347.67,1,-1,-1,-1
259,10,1567.78,604.85,132.40,282.45,1,-1,-1,-1
259,4,209.90,599.17,121.40,289.09,1,-1,-1,-1
259,3,0.43,508.42,145.64,388.84,1,-1,-1,-1
260,64,1459.37,634.83,208.92,250.80,1,-1,-1,-1
260,60,693.88,659.19,71.09,218.83,1,-1,-1,-1
260,59,438.90,542.30,133.34,357.47,1,-1,-1,-1
260,48,347.18,632.22,96.14,253.28,1,-1,-1,-1
260,42,576.40,608.63,103.75,283.12,1,-1,-1,-1
260,40,1019.53,659.95,136.43,223.34,1,-1,-1,-1
260,34,642.23,636.51,89.59,254.75,1,-1,-1,-1
260,31,1224.60,607.73,103.14,276.12,1,-1,-1,-1
260,26,879.71,520.65,134.52,379.31,1,-1,-1,-1
260,24,1156.79,630.52,104.62,257.34,1,-1,-1,-1
260,21,1312.04,529.52,147.34,370.24,1,-1,-1,-1
260,18,786.08,655.19,147.34,231.21,1,-1,-1,-1
260,12,1761.25,544.30,158.75,349.26,1,-1,-1,-1
260,10,1571.18,603.90,131.64,283.20,1,-1,-1,-1
260,4,209.93,599.11,122.20,289.97,1,-1,-1,-1
260,3,0.55,508.53,145.82,388.52,1,-1,-1,-1
261,60,693.77,661.04,74.66,215.79,1,-1,-1,-1
261,59,439.80,542.15,137.86,357.06,1,-1,-1,-1
261,48,349.03,631.78,94.94,254.41,1,-1,-1,-1
261,42,576.86,607.81,101.15,285.27,1,-1,-1,-1
261,40,1012.72,659.32,148.33,224.47,1,-1,-1,-1
261,34,643.38,636.92,86.19,252.14,1,-1,-1,-1
261,31,1226.90,607.98,139.98,274.79,1,-1,-1,-1
261,26,882.10,520.33,138.31,380.20,1,-1,-1,-1
261,24,1161.07,630.40,102.12,257.40,1,-1,-1,-1
261,21,1317.02,528.08,147.49,369.35,1,-1,-1,-1
261,18,776.01,663.82,156.71,221.81,1,-1,-1,-1
261,12,1767.37,542.67,152.63,347.97,1,-1,-1,-1
261,10,1575.37,603.97,132.79,284.23,1,-1,-1,-1
261,4,210.39,599.15,123.66,290.27,1,-1,-1,-1
261,3,0.54,508.19,145.50,388.91,1,-1,-1,-1
262,60,694.48,662.06,74.80,215.90,1,-1,-1,-1
262,59,440.15,542.08,135.62,358.18,1,-1,-1,-1
262,48,349.65,632.18,94.79,254.27,1,-1,-1,-1
262,42,577.73,608.51,100.65,282.14,1,-1,-1,-1
262,40,1010.54,659.16,156.61,225.51,1,-1,-1,-1
262,34,642.90,637.36,88.08,253.13,1,-1,-1,-1
262,31,1229.20,603.02,169.37,282.54,1,-1,-1,-1
262,26,881.36,521.52,140.57,381.18,1,-1,-1,-1
262,24,1163.00,632.38,101.78,251.86,1,-1,-1,-1
262,21,1315.38,526.15,149.60,373.42,1,-1,-1,-1
262,18,774.30,663.46,158.16,222.44,1,-1,-1,-1
262,12,1770.30,541.81,149.70,351.88,1,-1,-1,-1
262,10,1578.35,603.19,134.89,285.20,1,-1,-1,-1
262,4,211.04,599.49,122.78,290.47,1,-1,-1,-1
262,3,0.58,508.05,144.86,391.29,1,-1,-1,-1
263,64,1471.63,638.54,185.56,247.06,1,-1,-1,-1
263,60,692.07,661.67,78.99,217.34,1,-1,-1,-1
263,59,440.05,542.45,138.35,355.97,1,-1,-1,-1
263,48,349.11,632.28,95.97,255.50,1,-1,-1,-1
263,42,581.92,608.62,98.04,281.72,1,-1,-1,-1
263,40,1011.89,662.65,150.15,221.04,1,-1,-1,-1
263,34,643.71,637.62,90.73,248.04,1,-1,-1,-1
263,31,1229.49,600.76,172.01,287.48,1,-1,-1,-1
263,26,883.26,518.26,136.38,383.68,1,-1,-1,-1
263,24,1162.75,634.24,106.79,250.51,1,-1,-1,-1
263,21,1320.17,525.50,146.12,375.03,1,-1,-1,-1
263,18,772.02,665.62,158.41,224.13,1,-1,-1,-1
263,12,1775.09,539.88,144.91,354.99,1,-1,-1,-1
263,10,1581.96,601.71,140.70,288.79,1,-1,-1,-1
263,4,211.35,599.72,122.93,290.59,1,-1,-1,-1
263,3,0.58,507.36,144.96,392.40,1,-1,-1,-1
264,64,1470.57,638.26,184.06,248.21,1,-1,-1,-1
264,60,692.52,661.42,78.47,216.72,1,-1,-1,-1
264,59,440.16,540.90,141.29,358.14,1,-1,-1,-1
264,53,1136.84,664.18,92.72,217.88,1,-1,-1,-1
264,48,349.90,631.91,95.30,256.99,1,-1,-1,-1
264,42,582.38,609.91,98.58,278.97,1,-1,-1,-1
264,40,1010.10,660.28,148.95,220.50,1,-1,-1,-1
264,34,645.41,637.46,89.55,245.14,1,-1,-1,-1
264,31,1229.84,600.31,180.29,290.25,1,-1,-1,-1
264,26,884.14,518.40,129.15,381.63,1,-1,-1,-1
264,24,1166.61,634.56,106.86,248.94,1,-1,-1,-1
264,21,1323.76,524.79,143.41,374.32,1,-1,-1,-1
264,18,769.55,665.41,160.63,220.70,1,-1,-1,-1
264,12,1779.70,540.34,140.30,352.04,1,-1,-1,-1
264,10,1587.17,601.60,151.81,285.81,1,-1,-1,-1
264,4,214.01,599.85,121.17,289.68,1,-1,-1,-1
264,3,0.55,507.58,143.76,391.69,1,-1,-1,-1
265,64,1461.50,638.65,201.81,248.84,1,-1,-1,-1
265,60,691.54,661.04,80.64,218.19,1,-1,-1,-1
265,59,439.98,541.72,140.13,356.61,1,-1,-1,-1
265,53,1136.67,665.10,93.66,216.38,1,-1,-1,-1
265,48,350.13,632.05,95.69,257.30,1,-1,-1,-1
265,42,584.72,610.30,96.63,276.54,1,-1,-1,-1
265,40,1006.09,661.95,153.60,217.64,1,-1,-1,-1
265,34,644.97,637.28,93.55,246.85,1,-1,-1,-1
265,31,1231.01,601.38,190.68,294.52,1,-1,-1,-1
265,26,886.80,519.28,131.93,380.70,1,-1,-1,-1
265,24,1170.67,634.27,104.24,247.80,1,-1,-1,-1
265,21,1326.83,524.88,142.06,370.96,1,-1,-1,-1
265,18,775.95,662.63,148.67,217.70,1,-1,-1,-1
265,12,1782.88,539.53,137.12,354.71,1,-1,-1,-1
265,10,1588.45,599.57,162.68,288.83,1,-1,-1,-1
265,4,214.54,600.04,121.47,289.34,1,-1,-1,-1
265,3,0.33,506.73,143.01,393.00,1,-1,-1,-1
266,64,1463.56,635.84,197.35,252.51,1,-1,-1,-1
266,60,697.42,660.32,74.17,219.48,1,-1,-1,-1
266,59,441.95,541.33,140.40,356.39,1,-1,-1,-1
266,53,1141.10,660.69,87.94,218.95,1,-1,-1,-1
266,48,351.66,632.21,95.43,253.67,1,-1,-1,-1
266,47,1444.24,639.14,139.66,244.24,1,-1,-1,-1
266,42,587.60,610.71,93.88,278.09,1,-1,-1,-1
266,40,1002.17,666.31,132.62,212.70,1,-1,-1,-1
266,34,648.81,637.77,88.17,242.96,1,-1,-1,-1
266,31,1230.35,607.42,111.23,276.41,1,-1,-1,-1
266,26,886.98,515.69,154.12,384.77,1,-1,-1,-1
266,24,1171.77,632.57,101.24,248.19,1,-1,-1,-1
266,21,1335.82,524.88,134.03,370.12,1,-1,-1,-1
266,18,753.55,658.96,86.50,218.75,1,-1,-1,-1
266,12,1788.51,539.50,131.49,341.54,1,-1,-1,-1
266,10,1596.08,599.60,167.68,287.19,1,-1,-1,-1
266,4,217.08,600.21,120.10,287.08,1,-1,-1,-1
266,3,0.76,504.39,140.79,388.21,1,-1,-1,-1
267,60,696.14,660.02,74.69,219.96,1,-1,-1,-1
267,59,442.31,540.81,139.43,358.93,1,-1,-1,-1
267,53,1140.34,655.68,89.67,225.15,1,-1,-1,-1
267,48,351.30,632.35,96.55,251.96,1,-1,-1,-1
267,47,1474.31,639.47,123.01,242.57,1,-1,-1,-1
267,42,588.73,611.68,91.83,275.54,1,-1,-1,-1
267,40,995.41,638.99,124.99,238.69,1,-1,-1,-1
267,34,649.88,637.76,90.34,246.71,1,-1,-1,-1
267,31,1232.85,602.77,116.85,283.28,1,-1,-1,-1
267,26,886.80,517.08,138.39,383.68,1,-1,-1,-1
267,24,1172.56,632.42,103.45,248.80,1,-1,-1,-1
267,21,1337.65,525.95,138.80,372.49,1,-1,-1,-1
267,18,737.54,658.45,93.81,221.13,1,-1,-1,-1
267,12,1791.17,538.24,128.83,345.57,1,-1,-1,-1
267,10,1599.17,598.82,171.14,291.27,1,-1,-1,-1
267,4,216.22,600.14,121.38,287.60,1,-1,-1,-1
267,3,0.69,503.90,138.16,386.92,1,-1,-1,-1
268,60,699.09,661.02,72.14,215.71,1,-1,-1,-1
268,59,442.24,539.24,139.65,358.50,1,-1,-1,-1
268,53,1140.42,658.07,89.11,221.59,1,-1,-1,-1
268,48,352.26,632.40,97.44,251.99,1,-1,-1,-1
268,47,1467.36,638.39,127.36,240.68,1,-1,-1,-1
268,42,588.64,612.07,93.38,272.94,1,-1,-1,-1
268,40,960.35,637.38,137.71,243.26,1,-1,-1,-1
268,34,649.06,637.36,90.96,246.51,1,-1,-1,-1
268,31,1236.32,603.13,120.19,282.60,1,-1,-1,-1
268,26,886.67,518.60,142.41,379.61,1,-1,-1,-1
268,24,1176.22,632.02,104.87,247.81,1,-1,-1,-1
268,21,1341.21,525.99,137.74,371.50,1,-1,-1,-1
268,18,745.97,658.19,94.41,219.95,1,-1,-1,-1
268,12,1792.68,536.01,127.11,345.31,1,-1,-1,-1
268,10,1600.16,598.52,169.39,290.78,1,-1,-1,-1
268,4,216.52,601.29,121.14,285.75,1,-1,-1,-1
268,3,0.41,503.52,135.86,388.12,1,-1,-1,-1
269,60,698.97,661.44,75.34,218.20,1,-1,-1,-1
269,59,441.31,540.01,141.75,353.81,1,-1,-1,-1
269,53,1143.28,654.97,86.92,224.08,1,-1,-1,-1
269,48,351.15,632.50,100.50,247.93,1,-1,-1,-1
269,47,1471.55,639.54,127.50,236.90,1,-1,-1,-1
269,42,585.53,613.18,97.70,271.30,1,-1,-1,-1
269,40,958.68,621.88,124.94,256.45,1,-1,-1,-1
269,34,645.20,637.03,95.45,243.24,1,-1,-1,-1
269,31,1243.00,602.46,104.38,283.59,1,-1,-1,-1
269,26,892.48,518.93,130.86,377.76,1,-1,-1,-1
269,24,1176.58,632.11,102.80,247.82,1,-1,-1,-1
269,21,1345.93,526.42,123.93,373.20,1,-1,-1,-1
269,18,726.43,658.37,109.93,220.58,1,-1,-1,-1
269,12,1793.83,536.53,125.99,349.04,1,-1,-1,-1
269,10,1601.85,597.92,165.92,290.03,1,-1,-1,-1
269,4,216.25,602.49,120.70,285.59,1,-1,-1,-1
269,3,0.29,506.75,133.32,385.75,1,-1,-1,-1
270,60,699.75,661.71,74.58,216.92,1,-1,-1,-1
270,59,443.82,544.08,138.56,350.03,1,-1,-1,-1
270,53,1144.78,657.41,86.00,221.60,1,-1,-1,-1
270,48,350.35,632.75,102.24,247.00,1,-1,-1,-1
270,47,1479.07,641.98,130.57,231.84,1,-1,-1,-1
270,42,585.91,613.44,98.88,271.55,1,-1,-1,-1
270,40,957.68,628.92,108.55,250.60,1,-1,-1,-1
270,34,647.68,636.04,93.21,244.46,1,-1,-1,-1
270,31,1241.68,602.27,106.76,285.42,1,-1,-1,-1
270,26,895.70,520.50,128.38,372.43,1,-1,-1,-1
270,24,1178.58,635.19,100.18,244.28,1,-1,-1,-1
270,21,1354.82,527.37,117.25,371.89,1,-1,-1,-1
270,18,712.87,660.40,118.22,217.87,1,-1,-1,-1
270,12,1795.57,536.91,124.25,347.40,1,-1,-1,-1
270,10,1602.46,597.22,166.18,289.66,1,-1,-1,-1
270,4,213.34,606.49,121.81,279.30,1,-1,-1,-1
270,3,0.09,512.04,129.47,375.49,1,-1,-1,-1
271,65,1372.47,544.86,171.03,349.32,1,-1,-1,-1
271,59,432.55,559.25,151.35,337.62,1,-1,-1,-1
271,53,1150.85,662.20,81.44,217.23,1,-1,-1,-1
271,48,348.06,642.15,110.01,237.21,1,-1,-1,-1
271,47,1470.76,648.73,144.54,229.67,1,-1,-1,-1
271,42,588.80,618.06,102.52,263.62,1,-1,-1,-1
271,40,948.40,629.54,109.64,257.57,1,-1,-1,-1
271,34,656.59,646.03,91.88,231.43,1,-1,-1,-1
271,31,1241.68,612.82,116.79,268.16,1,-1,-1,-1
271,26,892.57,517.38,135.20,378.36,1,-1,-1,-1
271,24,1159.28,642.48,131.12,240.42,1,-1,-1,-1
271,21,1371.90,543.61,144.66,354.07,1,-1,-1,-1
271,18,701.01,662.80,129.88,215.84,1,-1,-1,-1
271,12,1805.02,537.77,114.68,344.64,1,-1,-1,-1
271,10,1609.52,610.95,160.28,272.04,1,-1,-1,-1
271,4,206.09,617.56,128.15,276.39,1,-1,-1,-1
271,3,0.54,541.69,122.56,353.58,1,-1,-1,-1
272,65,1390.87,583.09,152.72,300.60,1,-1,-1,-1
272,59,430.52,575.16,153.29,322.73,1,-1,-1,-1
272,53,1149.49,672.86,80.18,205.67,1,-1,-1,-1
272,48,348.92,653.18,110.47,232.80,1,-1,-1,-1
272,47,1476.64,659.37,135.77,218.19,1,-1,-1,-1
272,42,591.17,624.62,102.09,257.84,1,-1,-1,-1
272,40,944.69,618.16,110.70,266.45,1,-1,-1,-1
272,34,663.95,653.63,97.42,230.48,1,-1,-1,-1
272,31,1245.30,625.60,123.56,254.49,1,-1,-1,-1
272,24,1177.81,653.17,106.90,225.53,1,-1,-1,-1
272,21,1374.24,558.49,182.14,342.88,1,-1,-1,-1
272,18,703.40,666.25,128.44,215.33,1,-1,-1,-1
272,12,1810.47,542.43,109.53,348.79,1,-1,-1,-1
272,10,1616.97,624.37,157.36,260.99,1,-1,-1,-1
272,4,175.77,628.26,162.30,263.34,1,-1,-1,-1
272,3,0.09,563.50,125.20,331.68,1,-1,-1,-1
273,68,882.29,546.88,165.31,358.78,1,-1,-1,-1
273,59,421.40,589.74,156.99,312.22,1,-1,-1,-1
273,53,1151.27,674.42,94.26,204.17,1,-1,-1,-1
273,48,342.92,666.21,117.33,220.12,1,-1,-1,-1
273,47,1484.34,663.65,128.66,219.66,1,-1,-1,-1
273,42,591.56,632.03,103.06,250.35,1,-1,-1,-1
273,40,934.57,626.98,119.89,249.03,1,-1,-1,-1
273,34,651.73,660.05,100.60,222.25,1,-1,-1,-1
273,31,1244.18,641.61,132.61,246.66,1,-1,-1,-1
273,24,1158.16,662.08,141.68,222.63,1,-1,-1,-1
273,21,1376.38,574.96,182.27,330.28,1,-1,-1,-1
273,18,705.00,676.41,129.62,205.87,1,-1,-1,-1
273,12,1813.16,547.25,106.84,343.42,1,-1,-1,-1
273,10,1621.32,638.18,154.33,259.45,1,-1,-1,-1
273,4,175.43,645.04,168.26,246.80,1,-1,-1,-1
273,3,0.00,552.31,124.01,344.84,1,-1,-1,-1
274,68,887.54,559.09,164.12,344.73,1,-1,-1,-1
274,59,416.84,605.78,158.14,295.93,1,-1,-1,-1
274,53,1153.06,669.36,87.60,213.38,1,-1,-1,-1
274,48,339.86,678.90,113.75,203.24,1,-1,-1,-1
274,47,1493.17,672.78,119.60,214.83,1,-1,-1,-1
274,42,590.55,642.03,112.93,242.73,1,-1,-1,-1
274,34,658.41,653.65,95.19,233.10,1,-1,-1,-1
274,31,1233.98,665.18,144.46,225.94,1,-1,-1,-1
274,24,1155.53,668.88,147.78,219.91,1,-1,-1,-1
274,21,1378.92,596.03,163.57,305.17,1,-1,-1,-1
274,18,693.89,700.31,136.33,180.65,1,-1,-1,-1
274,12,1813.49,558.13,106.51,389.28,1,-1,-1,-1
274,10,1626.84,654.59,144.31,266.86,1,-1,-1,-1
274,4,167.70,666.47,176.52,220.77,1,-1,-1,-1
274,3,0.00,602.63,121.24,290.11,1,-1,-1,-1
275,68,894.45,569.21,144.75,333.60,1,-1,-1,-1
275,59,426.46,624.01,146.46,274.61,1,-1,-1,-1
275,48,334.91,691.09,151.67,198.98,1,-1,-1,-1
275,47,1504.08,690.54,112.19,191.92,1,-1,-1,-1
275,42,587.67,659.44,131.81,221.51,1,-1,-1,-1
275,31,1244.14,648.51,129.82,252.05,1,-1,-1,-1
275,24,1153.57,677.20,171.52,211.31,1,-1,-1,-1
275,21,1380.45,623.97,179.00,274.83,1,-1,-1,-1
275,18,602.46,694.21,208.24,195.22,1,-1,-1,-1
275,12,1814.37,578.32,105.63,318.06,1,-1,-1,-1
275,10,1631.02,669.79,143.75,220.18,1,-1,-1,-1
275,4,143.23,682.90,200.12,200.70,1,-1,-1,-1
275,3,0.00,604.60,116.80,288.64,1,-1,-1,-1
276,68,893.91,582.03,158.44,320.05,1,-1,-1,-1
276,59,392.51,666.85,179.47,237.07,1,-1,-1,-1
276,48,320.46,689.54,151.28,191.98,1,-1,-1,-1
276,47,1517.93,732.46,133.66,149.89,1,-1,-1,-1
276,42,585.89,698.16,114.30,188.24,1,-1,-1,-1
276,24,1168.75,671.45,138.33,222.79,1,-1,-1,-1
276,21,1386.83,662.06,160.72,240.39,1,-1,-1,-1
276,18,651.61,726.55,142.96,161.95,1,-1,-1,-1
276,12,1816.04,611.24,103.96,279.06,1,-1,-1,-1
276,10,1638.12,685.90,143.27,202.62,1,-1,-1,-1
276,4,157.75,705.88,182.96,181.61,1,-1,-1,-1
276,3,0.00,610.84,114.51,283.67,1,-1,-1,-1
277,68,891.51,584.99,170.80,314.16,1,-1,-1,-1
277,66,1157.82,721.89,229.19,166.62,1,-1,-1,-1
277,59,402.42,687.17,171.63,210.15,1,-1,-1,-1
277,48,319.57,694.45,151.46,188.72,1,-1,-1,-1
277,47,1515.66,743.77,170.52,138.22,1,-1,-1,-1
277,42,591.69,675.01,111.15,223.65,1,-1,-1,-1
277,21,1383.93,668.49,167.48,233.70,1,-1,-1,-1
277,18,591.24,720.26,192.80,167.16,1,-1,-1,-1
277,12,1818.40,622.08,101.60,267.53,1,-1,-1,-1
277,10,1639.18,689.44,143.07,198.34,1,-1,-1,-1
277,4,162.35,707.29,176.85,180.28,1,-1,-1,-1
277,3,0.07,603.96,115.33,288.73,1,-1,-1,-1
278,68,887.40,591.07,180.33,307.43,1,-1,-1,-1
278,66,1149.08,725.93,233.87,162.60,1,-1,-1,-1
278,59,413.04,705.17,161.70,191.61,1,-1,-1,-1
278,48,329.11,691.55,152.34,192.26,1,-1,-1,-1
278,47,1512.92,755.05,181.67,128.66,1,-1,-1,-1
278,21,1384.87,675.81,167.17,223.90,1,-1,-1,-1
278,18,607.69,715.63,160.38,181.78,1,-1,-1,-1
278,12,1819.53,615.63,100.47,272.72,1,-1,-1,-1
278,10,1640.36,690.61,144.06,195.63,1,-1,-1,-1
278,4,160.97,707.06,181.14,180.17,1,-1,-1,-1
278,3,0.00,603.49,115.47,286.51,1,-1,-1,-1
279,68,883.69,595.44,193.71,303.31,1,-1,-1,-1
279,66,1150.94,720.94,223.46,181.74,1,-1,-1,-1
279,59,407.96,684.53,163.87,238.36,1,-1,-1,-1
279,48,324.78,686.98,171.59,199.73,1,-1,-1,-1
279,47,1509.21,758.33,205.29,121.57,1,-1,-1,-1
279,21,1382.76,681.93,176.45,218.05,1,-1,-1,-1
279,12,1820.51,620.90,99.49,265.91,1,-1,-1,-1
279,10,1640.42,691.54,145.04,193.15,1,-1,-1,-1
279,4,163.80,706.42,182.05,180.91,1,-1,-1,-1
279,3,0.00,607.78,115.69,280.79,1,-1,-1,-1
280,68,874.93,601.77,202.81,299.37,1,-1,-1,-1
280,48,321.60,680.60,142.95,203.21,1,-1,-1,-1
280,47,1500.19,761.02,190.93,120.26,1,-1,-1,-1
280,31,1248.32,736.00,139.72,153.69,1,-1,-1,-1
280,21,1382.99,682.18,176.14,216.57,1,-1,-1,-1
280,12,1820.38,629.40,99.62,257.46,1,-1,-1,-1
280,10,1643.47,690.75,140.49,194.28,1,-1,-1,-1
280,4,164.75,705.90,181.77,180.98,1,-1,-1,-1
280,3,0.00,606.29,117.21,284.34,1,-1,-1,-1
281,68,872.60,622.96,195.47,279.46,1,-1,-1,-1
281,48,322.45,671.83,132.93,214.10,1,-1,-1,-1
281,47,1495.07,759.31,176.65,131.47,1,-1,-1,-1
281,31,1259.58,730.48,197.08,159.35,1,-1,-1,-1
281,21,1382.31,682.15,178.14,211.03,1,-1,-1,-1
281,12,1820.85,635.64,99.15,253.54,1,-1,-1,-1
281,10,1642.73,690.18,138.10,192.78,1,-1,-1,-1
281,4,175.69,703.54,172.01,182.61,1,-1,-1,-1
281,3,0.00,602.05,120.47,287.29,1,-1,-1,-1
282,68,869.43,631.86,199.11,270.91,1,-1,-1,-1
282,59,455.34,695.54,142.97,192.24,1,-1,-1,-1
282,53,1088.98,708.45,138.65,170.64,1,-1,-1,-1
282,48,310.74,736.10,194.79,151.14,1,-1,-1,-1
282,47,1495.38,760.27,262.58,125.20,1,-1,-1,-1
282,31,1265.45,705.16,189.82,182.52,1,-1,-1,-1
282,21,1378.89,679.08,184.34,212.96,1,-1,-1,-1
282,12,1819.90,638.60,100.10,247.76,1,-1,-1,-1
282,10,1628.44,687.29,152.94,196.31,1,-1,-1,-1
282,4,179.66,704.93,171.15,178.20,1,-1,-1,-1
282,3,0.00,599.42,123.46,289.74,1,-1,-1,-1
283,68,875.04,640.29,191.29,260.83,1,-1,-1,-1
283,59,450.50,691.38,163.95,197.05,1,-1,-1,-1
283,53,1081.77,694.16,138.14,186.35,1,-1,-1,-1
283,48,323.19,711.49,159.18,184.74,1,-1,-1,-1
283,47,1494.82,757.89,262.34,125.64,1,-1,-1,-1
283,42,520.71,663.53,159.80,221.20,1,-1,-1,-1
283,40,802.91,651.03,177.14,234.29,1,-1,-1,-1
283,31,1269.49,690.61,185.97,201.46,1,-1,-1,-1
283,24,1163.33,730.34,138.66,152.80,1,-1,-1,-1
283,21,1377.84,674.71,185.72,220.43,1,-1,-1,-1
283,12,1819.70,634.60,100.30,252.12,1,-1,-1,-1
283,10,1580.45,684.52,200.82,201.42,1,-1,-1,-1
283,4,179.51,702.30,177.43,182.76,1,-1,-1,-1
283,3,0.00,586.62,127.38,303.69,1,-1,-1,-1
284,68,871.83,644.45,192.43,254.40,1,-1,-1,-1
284,59,462.70,677.08,203.21,212.61,1,-1,-1,-1
284,53,1079.79,692.04,113.23,187.20,1,-1,-1,-1
284,47,1491.70,749.52,269.87,132.74,1,-1,-1,-1
284,42,557.84,657.04,134.27,224.67,1,-1,-1,-1
284,40,805.82,649.34,152.91,238.42,1,-1,-1,-1
284,31,1268.88,682.46,187.53,210.02,1,-1,-1,-1
284,24,1175.77,731.81,189.50,150.53,1,-1,-1,-1
284,21,1374.67,664.34,187.63,229.37,1,-1,-1,-1
284,12,1818.42,638.20,101.58,246.99,1,-1,-1,-1
284,10,1616.15,682.92,166.13,201.18,1,-1,-1,-1
284,4,184.43,697.86,164.23,184.62,1,-1,-1,-1
284,3,0.00,602.15,128.84,283.13,1,-1,-1,-1
285,68,875.35,646.56,182.00,252.25,1,-1,-1,-1
285,59,451.32,651.45,184.32,233.95,1,-1,-1,-1
285,53,1072.09,679.89,111.15,195.60,1,-1,-1,-1
285,47,1485.45,756.71,273.56,128.48,1,-1,-1,-1
285,42,540.03,657.53,153.39,225.86,1,-1,-1,-1
285,40,808.49,647.60,143.79,237.68,1,-1,-1,-1
285,31,1274.16,668.70,198.28,219.89,1,-1,-1,-1
285,24,1156.88,728.08,159.20,154.82,1,-1,-1,-1
285,21,1370.92,649.16,197.23,243.43,1,-1,-1,-1
285,12,1816.85,644.75,103.15,238.37,1,-1,-1,-1
285,10,1610.06,679.53,174.41,202.65,1,-1,-1,-1
285,4,170.52,699.10,182.10,182.41,1,-1,-1,-1
285,3,0.00,607.87,129.98,278.63,1,-1,-1,-1
286,70,267.80,609.94,145.79,260.26,1,-1,-1,-1
286,68,892.77,648.69,149.36,249.60,1,-1,-1,-1
286,59,450.82,632.33,177.71,255.03,1,-1,-1,-1
286,53,1079.68,654.85,105.13,221.68,1,-1,-1,-1
286,47,1508.71,758.30,243.41,130.49,1,-1,-1,-1
286,42,528.77,613.22,130.14,267.63,1,-1,-1,-1
286,40,804.33,644.98,154.86,239.53,1,-1,-1,-1
286,31,1261.84,717.69,122.45,168.14,1,-1,-1,-1
286,24,1186.45,711.88,137.24,168.57,1,-1,-1,-1
286,21,1373.70,622.84,187.86,271.26,1,-1,-1,-1
286,12,1815.01,679.03,104.84,203.38,1,-1,-1,-1
286,10,1636.38,670.63,145.12,212.19,1,-1,-1,-1
286,4,164.91,693.06,175.04,187.59,1,-1,-1,-1
286,3,0.00,596.04,135.40,287.44,1,-1,-1,-1
287,70,268.11,588.40,135.91,281.37,1,-1,-1,-1
287,68,882.77,648.14,155.46,250.23,1,-1,-1,-1
287,59,460.16,595.94,200.48,291.69,1,-1,-1,-1
287,53,1080.91,642.30,112.32,236.57,1,-1,-1,-1
287,42,530.38,638.09,136.41,232.53,1,-1,-1,-1
287,40,796.66,643.14,172.05,240.53,1,-1,-1,-1
287,34,681.92,722.71,103.85,152.72,1,-1,-1,-1
287,31,1323.97,646.33,133.45,241.83,1,-1,-1,-1
287,24,1179.97,721.68,147.43,160.50,1,-1,-1,-1
287,21,1374.99,609.60,185.89,281.00,1,-1,-1,-1
287,12,1814.75,677.62,105.13,206.07,1,-1,-1,-1
287,10,1636.76,667.65,144.58,214.10,1,-1,-1,-1
287,4,170.03,684.85,171.97,194.96,1,-1,-1,-1
287,3,0.00,592.95,137.65,291.28,1,-1,-1,-1
288,70,276.29,575.29,132.94,293.93,1,-1,-1,-1
288,68,884.15,644.63,151.21,253.43,1,-1,-1,-1
288,59,467.29,627.57,183.27,241.75,1,-1,-1,-1
288,53,1075.76,625.06,116.05,249.61,1,-1,-1,-1
288,40,805.61,620.91,157.27,258.66,1,-1,-1,-1
288,34,679.94,726.22,105.50,148.44,1,-1,-1,-1
288,31,1324.19,638.89,144.12,251.40,1,-1,-1,-1
288,21,1397.41,596.79,167.07,286.86,1,-1,-1,-1
288,18,572.63,700.42,149.50,182.19,1,-1,-1,-1
288,12,1813.48,665.53,106.36,216.37,1,-1,-1,-1
288,10,1631.66,662.69,148.91,217.21,1,-1,-1,-1
288,4,181.64,681.04,179.75,197.27,1,-1,-1,-1
288,3,0.00,624.79,138.46,258.85,1,-1,-1,-1
289,70,197.84,568.20,219.53,302.73,1,-1,-1,-1
289,68,888.51,641.63,145.97,254.78,1,-1,-1,-1
289,61,421.89,662.27,182.08,217.30,1,-1,-1,-1
289,53,1070.47,643.66,117.39,215.80,1,-1,-1,-1
289,47,1480.16,710.80,158.99,171.57,1,-1,-1,-1
289,40,806.38,588.94,161.73,295.96,1,-1,-1,-1
289,34,679.10,717.70,108.97,157.15,1,-1,-1,-1
289,31,1325.15,632.73,137.72,256.48,1,-1,-1,-1
289,21,1398.65,585.66,172.89,299.74,1,-1,-1,-1
289,18,585.45,701.78,138.86,178.31,1,-1,-1,-1
289,12,1809.92,658.35,109.94,220.06,1,-1,-1,-1
289,10,1630.09,658.13,152.70,222.21,1,-1,-1,-1
289,4,192.70,580.75,228.80,298.25,1,-1,-1,-1
289,3,0.40,628.94,140.02,253.80,1,-1,-1,-1
290,71,1058.65,613.92,171.11,261.69,1,-1,-1,-1
290,70,203.62,565.21,228.91,303.48,1,-1,-1,-1
290,68,893.12,634.76,140.59,261.83,1,-1,-1,-1
290,66,1251.64,718.32,151.72,167.92,1,-1,-1,-1
290,61,424.81,640.47,184.66,244.30,1,-1,-1,-1
290,47,1479.30,712.00,164.82,170.05,1,-1,-1,-1
290,42,534.71,576.73,144.77,295.72,1,-1,-1,-1
290,40,802.91,566.18,162.27,313.45,1,-1,-1,-1
290,34,676.46,716.54,110.38,159.95,1,-1,-1,-1
290,31,1325.69,617.39,137.38,271.38,1,-1,-1,-1
290,21,1395.75,601.78,179.85,269.48,1,-1,-1,-1
290,18,571.37,695.32,146.06,189.17,1,-1,-1,-1
290,12,1808.22,663.27,111.54,214.76,1,-1,-1,-1
290,10,1624.96,653.99,158.55,225.98,1,-1,-1,-1
290,4,198.23,668.94,152.83,209.74,1,-1,-1,-1
290,3,0.63,616.87,142.10,264.93,1,-1,-1,-1
291,71,1053.61,621.89,146.26,256.80,1,-1,-1,-1
291,70,205.48,547.25,206.76,320.95,1,-1,-1,-1
291,68,896.75,622.32,132.68,273.15,1,-1,-1,-1
291,66,1248.14,707.56,194.41,176.90,1,-1,-1,-1
291,65,1328.01,572.02,241.64,322.70,1,-1,-1,-1
291,61,424.46,600.05,216.09,288.80,1,-1,-1,-1
291,47,1479.10,698.63,168.81,178.67,1,-1,-1,-1
291,42,532.40,586.61,138.01,271.29,1,-1,-1,-1
291,40,809.61,554.93,150.06,322.16,1,-1,-1,-1
291,34,668.41,716.20,121.98,160.26,1,-1,-1,-1
291,31,1325.12,592.29,138.45,293.85,1,-1,-1,-1
291,12,1803.10,633.18,116.56,245.99,1,-1,-1,-1
291,10,1624.22,645.30,161.43,233.19,1,-1,-1,-1
291,4,205.48,652.46,142.33,225.12,1,-1,-1,-1
291,3,0.15,561.67,148.68,323.76,1,-1,-1,-1
292,71,1052.65,620.87,109.68,252.96,1,-1,-1,-1
292,68,898.20,611.91,137.07,282.41,1,-1,-1,-1
292,66,1250.06,703.04,187.55,185.89,1,-1,-1,-1
292,65,1329.67,565.17,238.43,329.66,1,-1,-1,-1
292,61,419.81,590.07,256.28,299.48,1,-1,-1,-1
292,47,1509.16,693.38,157.20,180.29,1,-1,-1,-1
292,40,807.35,554.24,154.61,325.61,1,-1,-1,-1
292,34,678.28,709.37,115.78,169.97,1,-1,-1,-1
292,31,1328.19,617.00,146.26,248.83,1,-1,-1,-1
292,12,1802.36,628.28,117.39,251.52,1,-1,-1,-1
292,10,1624.97,643.22,162.85,233.76,1,-1,-1,-1
292,4,210.95,635.69,141.47,240.63,1,-1,-1,-1
292,3,0.45,554.64,157.03,328.68,1,-1,-1,-1
293,71,1028.93,629.01,134.17,234.04,1,-1,-1,-1
293,68,893.28,602.63,145.37,293.29,1,-1,-1,-1
293,66,1250.07,695.49,143.93,188.90,1,-1,-1,-1
293,65,1339.54,561.29,205.28,330.05,1,-1,-1,-1
293,61,424.72,594.23,216.16,294.79,1,-1,-1,-1
293,47,1513.30,689.37,159.23,182.64,1,-1,-1,-1
293,40,804.78,553.92,161.45,325.84,1,-1,-1,-1
293,34,682.58,709.74,113.58,169.64,1,-1,-1,-1
293,24,1148.32,711.10,110.91,161.35,1,-1,-1,-1
293,12,1804.15,624.87,115.64,253.00,1,-1,-1,-1
293,10,1624.93,636.79,166.88,239.14,1,-1,-1,-1
293,4,200.52,644.91,163.87,224.06,1,-1,-1,-1
293,3,0.38,561.39,163.33,321.72,1,-1,-1,-1
294,68,899.56,593.19,141.89,301.98,1,-1,-1,-1
294,66,1253.13,687.80,133.65,194.64,1,-1,-1,-1
294,65,1342.09,554.69,200.05,337.20,1,-1,-1,-1
294,61,422.70,587.80,229.89,300.54,1,-1,-1,-1
294,47,1506.88,681.72,127.02,189.36,1,-1,-1,-1
294,40,811.53,562.96,98.53,310.28,1,-1,-1,-1
294,34,683.06,703.75,112.60,171.48,1,-1,-1,-1
294,24,1146.26,707.00,112.42,164.38,1,-1,-1,-1
294,12,1802.88,610.69,117.06,267.11,1,-1,-1,-1
294,10,1624.17,633.08,174.70,246.49,1,-1,-1,-1
294,3,0.39,556.95,166.61,322.84,1,-1,-1,-1
295,72,239.36,592.13,185.37,282.41,1,-1,-1,-1
295,68,902.09,578.49,143.47,316.67,1,-1,-1,-1
295,66,1180.04,689.86,181.21,189.25,1,-1,-1,-1
295,65,1348.54,548.28,185.49,342.69,1,-1,-1,-1
295,61,423.27,591.35,197.24,296.48,1,-1,-1,-1
295,53,1055.69,614.36,108.70,256.81,1,-1,-1,-1
295,47,1497.44,689.34,158.56,173.51,1,-1,-1,-1
295,40,810.03,563.47,93.13,310.67,1,-1,-1,-1
295,34,680.11,700.54,116.54,175.23,1,-1,-1,-1
295,24,1147.97,706.26,108.66,164.90,1,-1,-1,-1
295,18,563.70,696.93,160.29,182.25,1,-1,-1,-1
295,12,1805.63,603.33,114.28,274.64,1,-1,-1,-1
295,10,1624.55,626.48,184.47,254.94,1,-1,-1,-1
295,3,0.76,556.70,172.91,320.27,1,-1,-1,-1
296,72,247.36,577.00,156.11,294.48,1,-1,-1,-1
296,68,896.57,554.82,147.85,337.71,1,-1,-1,-1
296,66,1159.61,684.14,138.19,190.40,1,-1,-1,-1
296,65,1384.52,546.49,147.24,342.83,1,-1,-1,-1
296,61,417.44,580.81,243.47,304.12,1,-1,-1,-1
296,53,1057.34,613.12,101.10,259.08,1,-1,-1,-1
296,48,362.38,649.09,109.65,218.87,1,-1,-1,-1
296,40,804.69,561.79,95.36,310.26,1,-1,-1,-1
296,34,681.36,674.83,116.06,200.85,1,-1,-1,-1
296,24,1156.18,693.57,96.89,179.75,1,-1,-1,-1
296,18,589.14,648.49,134.19,226.38,1,-1,-1,-1
296,12,1806.01,576.62,113.65,302.42,1,-1,-1,-1
296,10,1627.19,620.18,188.94,261.70,1,-1,-1,-1
296,3,0.83,546.21,191.82,329.28,1,-1,-1,-1
297,72,231.71,580.71,196.42,271.54,1,-1,-1,-1
297,68,898.87,541.20,153.02,351.00,1,-1,-1,-1
297,66,1160.22,685.11,130.30,187.51,1,-1,-1,-1
297,65,1335.93,559.42,188.42,329.54,1,-1,-1,-1
297,61,452.55,576.83,208.39,306.29,1,-1,-1,-1
297,53,1055.48,580.08,120.57,292.27,1,-1,-1,-1
297,48,372.91,631.23,104.82,235.75,1,-1,-1,-1
297,40,804.98,566.70,105.39,306.51,1,-1,-1,-1
297,34,684.49,654.96,113.86,221.46,1,-1,-1,-1
297,24,1145.65,701.79,109.04,166.49,1,-1,-1,-1
297,18,587.23,659.22,138.33,215.42,1,-1,-1,-1
297,12,1806.79,559.76,112.98,320.52,1,-1,-1,-1
297,10,1626.95,613.82,194.00,267.27,1,-1,-1,-1
297,4,241.10,585.46,149.92,286.64,1,-1,-1,-1
297,3,0.80,545.73,202.97,332.03,1,-1,-1,-1
298,68,883.52,545.97,131.96,342.01,1,-1,-1,-1
298,66,1157.76,657.04,113.96,211.31,1,-1,-1,-1
298,65,1318.31,578.64,201.50,310.96,1,-1,-1,-1
298,61,438.32,571.80,220.56,310.70,1,-1,-1,-1
298,53,1060.69,583.32,111.03,286.39,1,-1,-1,-1
298,48,373.68,615.53,112.70,248.79,1,-1,-1,-1
298,40,807.88,562.95,95.12,307.88,1,-1,-1,-1
298,34,679.98,655.16,119.06,217.91,1,-1,-1,-1
298,21,1387.73,533.99,200.82,348.89,1,-1,-1,-1
298,18,580.79,634.17,134.30,238.83,1,-1,-1,-1
298,12,1805.46,547.76,114.34,333.75,1,-1,-1,-1
298,10,1627.34,611.84,136.23,263.78,1,-1,-1,-1
298,4,231.30,619.19,131.44,240.73,1,-1,-1,-1
298,3,1.20,529.85,202.42,345.64,1,-1,-1,-1
299,73,1257.93,655.79,105.83,221.19,1,-1,-1,-1
299,68,881.83,535.53,130.77,350.31,1,-1,-1,-1
299,66,1162.84,661.38,127.18,206.97,1,-1,-1,-1
299,65,1314.55,563.49,207.19,327.45,1,-1,-1,-1
299,61,465.74,563.42,213.37,318.39,1,-1,-1,-1
299,53,1063.51,558.65,123.66,311.93,1,-1,-1,-1
299,48,367.59,617.93,127.10,249.40,1,-1,-1,-1
299,40,810.02,596.88,87.13,272.76,1,-1,-1,-1
299,34,687.52,652.42,110.77,217.74,1,-1,-1,-1
299,21,1386.83,530.54,203.94,349.18,1,-1,-1,-1
299,18,587.04,650.77,122.87,221.50,1,-1,-1,-1
299,12,1807.26,541.30,112.57,337.53,1,-1,-1,-1
299,10,1628.58,610.14,189.00,268.25,1,-1,-1,-1
299,4,232.24,603.93,146.77,256.54,1,-1,-1,-1
299,3,0.93,530.76,208.64,343.10,1,-1,-1,-1
300,74,1375.81,525.95,169.53,358.14,1,-1,-1,-1
300,73,1258.55,649.87,108.55,226.40,1,-1,-1,-1
300,72,264.77,575.26,147.81,293.17,1,-1,-1,-1
300,68,880.03,546.73,138.79,324.90,1,-1,-1,-1
300,66,1164.53,660.84,129.68,209.31,1,-1,-1,-1
300,65,1313.03,561.49,214.62,329.00,1,-1,-1,-1
300,61,467.94,561.81,202.74,319.19,1,-1,-1,-1
300,53,1061.69,557.12,130.23,314.42,1,-1,-1,-1
300,47,1502.29,639.05,95.47,227.77,1,-1,-1,-1
300,40,809.95,566.08,92.38,302.55,1,-1,-1,-1
300,34,682.70,645.61,114.11,223.15,1,-1,-1,-1
300,26,888.73,526.79,177.49,364.89,1,-1,-1,-1
300,21,1393.95,535.01,194.66,335.11,1,-1,-1,-1
300,18,590.35,646.41,122.41,225.53,1,-1,-1,-1
300,12,1810.63,532.06,109.06,343.96,1,-1,-1,-1
300,10,1628.66,605.05,177.92,270.81,1,-1,-1,-1
300,3,0.29,520.01,212.23,356.20,1,-1,-1,-1
301,75,367.59,573.74,141.27,288.64,1,-1,-1,-1
301,74,1371.34,518.01,170.77,366.58,1,-1,-1,-1
301,73,1247.85,622.76,117.31,252.20,1,-1,-1,-1
301,72,266.40,585.65,149.79,283.09,1,-1,-1,-1
301,66,1163.73,659.12,123.28,210.60,1,-1,-1,-1
301,65,1350.96,632.01,165.79,258.87,1,-1,-1,-1
301,61,468.48,548.29,208.11,332.89,1,-1,-1,-1
301,53,1058.96,556.69,145.57,315.53,1,-1,-1,-1
301,47,1509.24,632.00,90.03,231.71,1,-1,-1,-1
301,40,806.16,567.09,93.57,306.46,1,-1,-1,-1
301,34,683.98,636.17,114.47,229.51,1,-1,-1,-1
301,26,888.15,505.28,198.94,385.53,1,-1,-1,-1
301,18,578.87,624.50,128.57,245.98,1,-1,-1,-1
301,12,1805.70,511.57,114.05,362.78,1,-1,-1,-1
301,10,1626.32,593.73,170.36,282.63,1,-1,-1,-1
301,3,0.14,505.88,209.59,368.80,1,-1,-1,-1
302,75,344.87,565.60,149.39,294.08,1,-1,-1,-1
302,74,1362.31,517.18,183.02,364.82,1,-1,-1,-1
302,73,1243.49,617.52,123.94,256.07,1,-1,-1,-1
302,72,263.45,591.12,149.83,277.62,1,-1,-1,-1
302,66,1164.18,650.19,130.84,218.27,1,-1,-1,-1
302,65,1326.96,592.02,198.12,317.53,1,-1,-1,-1
302,61,467.00,552.96,215.84,320.41,1,-1,-1,-1
302,53,1060.88,578.69,144.73,292.22,1,-1,-1,-1
302,47,1494.70,622.58,107.39,239.92,1,-1,-1,-1
302,40,801.02,568.70,95.78,303.16,1,-1,-1,-1
302,34,687.49,637.59,112.43,228.53,1,-1,-1,-1
302,26,875.54,506.56,215.56,382.87,1,-1,-1,-1
302,18,587.05,631.58,114.96,240.14,1,-1,-1,-1
302,12,1800.41,506.28,119.46,368.29,1,-1,-1,-1
302,10,1624.38,582.35,163.59,291.36,1,-1,-1,-1
302,3,0.00,499.25,207.93,376.01,1,-1,-1,-1
303,75,310.41,554.22,183.10,307.33,1,-1,-1,-1
303,74,1357.50,503.03,187.70,381.91,1,-1,-1,-1
303,73,1234.66,600.54,138.46,268.43,1,-1,-1,-1
303,72,259.42,580.98,155.03,286.94,1,-1,-1,-1
303,66,1160.45,650.80,133.98,215.88,1,-1,-1,-1
303,53,1058.85,555.19,139.58,315.33,1,-1,-1,-1
303,47,1491.05,616.62,113.64,244.75,1,-1,-1,-1
303,40,798.68,561.69,97.64,309.02,1,-1,-1,-1
303,34,692.86,638.41,109.36,228.44,1,-1,-1,-1
303,26,881.76,504.52,206.68,384.17,1,-1,-1,-1
303,18,591.30,633.75,108.49,238.66,1,-1,-1,-1
303,12,1792.01,505.13,127.63,364.79,1,-1,-1,-1
303,10,1621.65,578.49,151.25,295.86,1,-1,-1,-1
303,3,0.18,503.01,210.01,370.54,1,-1,-1,-1
304,75,311.43,542.92,170.22,319.72,1,-1,-1,-1
304,74,1354.27,479.70,189.03,405.16,1,-1,-1,-1
304,73,1246.73,600.56,131.82,270.54,1,-1,-1,-1
304,72,246.97,575.03,169.19,287.58,1,-1,-1,-1
304,66,1158.28,645.31,133.68,221.84,1,-1,-1,-1
304,59,389.00,524.13,248.80,353.49,1,-1,-1,-1
304,53,1059.86,599.42,112.79,269.98,1,-1,-1,-1
304,47,1486.11,620.45,120.25,238.33,1,-1,-1,-1
304,40,795.53,556.30,102.17,314.08,1,-1,-1,-1
304,34,692.09,620.19,111.57,244.31,1,-1,-1,-1
304,26,902.80,502.55,197.86,384.25,1,-1,-1,-1
304,18,599.59,627.07,98.28,244.31,1,-1,-1,-1
304,12,1780.28,493.20,138.90,379.03,1,-1,-1,-1
304,10,1620.32,568.85,146.35,305.66,1,-1,-1,-1
304,3,0.00,489.48,214.16,383.05,1,-1,-1,-1
305,74,1351.32,456.19,192.57,428.98,1,-1,-1,-1
305,73,1250.53,600.71,125.01,268.23,1,-1,-1,-1
305,72,234.65,564.10,184.18,297.55,1,-1,-1,-1
305,66,1154.99,638.39,129.42,227.59,1,-1,-1,-1
305,59,402.79,512.44,228.61,365.93,1,-1,-1,-1
305,53,1062.18,606.90,112.48,262.96,1,-1,-1,-1
305,47,1482.56,615.54,123.80,244.33,1,-1,-1,-1
305,40,796.38,540.19,103.11,327.61,1,-1,-1,-1
305,34,696.92,641.82,105.26,222.43,1,-1,-1,-1
305,26,894.73,498.61,206.24,387.09,1,-1,-1,-1
305,18,596.27,595.60,119.96,276.60,1,-1,-1,-1
305,12,1768.53,486.13,151.30,388.07,1,-1,-1,-1
305,10,1619.04,553.01,136.46,319.73,1,-1,-1,-1
305,3,0.00,480.50,216.70,389.99,1,-1,-1,-1
306,74,1351.54,417.37,195.16,462.27,1,-1,-1,-1
306,73,1248.32,581.37,119.88,288.20,1,-1,-1,-1
306,72,207.03,546.03,204.04,310.26,1,-1,-1,-1
306,66,1152.14,628.18,118.76,237.43,1,-1,-1,-1
306,59,423.58,483.43,204.20,394.34,1,-1,-1,-1
306,53,1066.84,603.26,136.84,264.70,1,-1,-1,-1
306,48,362.72,578.80,178.86,283.54,1,-1,-1,-1
306,47,1485.65,609.40,122.95,250.64,1,-1,-1,-1
306,42,524.31,572.96,140.68,295.81,1,-1,-1,-1
306,40,794.71,550.00,114.15,318.33,1,-1,-1,-1
306,34,697.15,642.40,108.00,227.88,1,-1,-1,-1
306,26,893.11,490.03,211.71,391.68,1,-1,-1,-1
306,18,589.86,586.73,149.50,280.06,1,-1,-1,-1
306,12,1753.03,491.37,166.97,381.90,1,-1,-1,-1
306,10,1611.62,545.87,129.61,323.96,1,-1,-1,-1
306,3,0.00,468.04,216.19,402.49,1,-1,-1,-1
307,74,1343.54,406.26,203.03,474.47,1,-1,-1,-1
307,73,1250.02,581.83,117.42,285.38,1,-1,-1,-1
307,72,226.80,552.49,177.96,296.70,1,-1,-1,-1
307,66,1158.29,617.55,123.02,248.36,1,-1,-1,-1
307,59,415.16,483.90,216.82,392.62,1,-1,-1,-1
307,53,1067.70,604.63,129.27,263.00,1,-1,-1,-1
307,48,359.14,599.02,168.26,254.67,1,-1,-1,-1
307,47,1492.64,601.67,118.40,259.68,1,-1,-1,-1
307,42,522.65,558.77,139.13,307.95,1,-1,-1,-1
307,40,801.81,565.02,102.90,303.54,1,-1,-1,-1
307,34,692.60,624.61,112.11,244.93,1,-1,-1,-1
307,26,885.40,479.69,216.16,401.64,1,-1,-1,-1
307,18,596.70,599.00,126.71,255.23,1,-1,-1,-1
307,12,1750.00,491.91,170.00,378.94,1,-1,-1,-1
307,10,1609.22,528.71,128.92,339.84,1,-1,-1,-1
307,3,0.00,449.41,218.07,420.49,1,-1,-1,-1
308,75,315.48,583.19,166.29,280.11,1,-1,-1,-1
308,74,1343.82,399.48,210.60,479.71,1,-1,-1,-1
308,73,1246.62,582.62,121.25,280.77,1,-1,-1,-1
308,66,1160.71,610.21,122.52,255.49,1,-1,-1,-1
308,65,1324.79,514.31,134.13,360.67,1,-1,-1,-1
308,59,447.31,481.85,181.34,393.76,1,-1,-1,-1
308,53,1068.36,608.26,115.16,260.55,1,-1,-1,-1
308,47,1495.08,597.78,112.24,264.59,1,-1,-1,-1
308,42,499.34,548.63,149.25,323.27,1,-1,-1,-1
308,40,800.17,576.54,103.75,289.36,1,-1,-1,-1
308,34,679.36,596.35,114.76,273.02,1,-1,-1,-1
308,26,834.33,467.42,258.37,407.46,1,-1,-1,-1
308,12,1749.52,507.83,170.01,361.01,1,-1,-1,-1
308,10,1609.30,529.81,129.67,337.62,1,-1,-1,-1
308,3,3.55,461.93,214.77,393.18,1,-1,-1,-1
309,75,300.49,569.77,182.08,295.40,1,-1,-1,-1
309,74,1340.15,393.46,215.99,480.93,1,-1,-1,-1
309,73,1234.95,575.69,135.50,286.49,1,-1,-1,-1
309,66,1183.18,596.90,103.86,266.17,1,-1,-1,-1
309,65,1309.98,528.19,163.77,336.93,1,-1,-1,-1
309,59,451.58,480.04,178.67,391.42,1,-1,-1,-1
309,53,1066.52,606.58,128.04,262.51,1,-1,-1,-1
309,47,1493.98,593.53,115.23,268.76,1,-1,-1,-1
309,42,508.35,532.62,143.43,335.08,1,-1,-1,-1
309,40,797.61,577.41,106.95,288.57,1,-1,-1,-1
309,34,674.07,598.52,116.57,269.71,1,-1,-1,-1
309,26,831.38,454.54,263.57,421.11,1,-1,-1,-1
309,12,1747.46,506.57,171.87,367.91,1,-1,-1,-1
309,10,1606.61,524.52,131.51,344.38,1,-1,-1,-1
310,75,294.70,556.24,195.54,309.18,1,-1,-1,-1
310,74,1345.36,393.15,212.66,478.33,1,-1,-1,-1
310,73,1231.91,514.58,148.93,352.19,1,-1,-1,-1
310,66,1174.88,587.89,110.93,273.86,1,-1,-1,-1
310,59,463.16,469.48,169.47,407.04,1,-1,-1,-1
310,53,1069.11,609.51,124.10,256.38,1,-1,-1,-1
310,47,1492.59,585.92,117.37,274.86,1,-1,-1,-1
310,42,523.08,549.45,138.29,319.58,1,-1,-1,-1
310,40,801.16,599.86,107.66,267.35,1,-1,-1,-1
310,34,681.22,603.96,114.73,263.05,1,-1,-1,-1
310,26,831.49,455.56,266.03,420.32,1,-1,-1,-1
310,12,1748.85,506.38,170.26,368.37,1,-1,-1,-1
310,10,1604.82,524.07,132.09,345.22,1,-1,-1,-1
311,75,267.13,586.20,174.27,278.16,1,-1,-1,-1
311,74,1346.80,398.06,205.59,480.80,1,-1,-1,-1
311,73,1229.45,505.19,153.66,358.18,1,-1,-1,-1
311,66,1157.87,584.19,127.55,277.10,1,-1,-1,-1
311,59,470.87,466.10,161.81,405.01,1,-1,-1,-1
311,53,1070.04,621.65,120.16,246.95,1,-1,-1,-1
311,47,1493.91,589.64,118.06,272.97,1,-1,-1,-1
311,42,538.88,543.92,119.62,324.62,1,-1,-1,-1
311,40,802.01,616.35,100.81,247.65,1,-1,-1,-1
311,34,682.01,593.96,114.49,277.17,1,-1,-1,-1
311,26,827.48,470.23,256.07,402.23,1,-1,-1,-1
311,12,1750.76,485.14,167.54,408.43,1,-1,-1,-1
311,10,1602.91,528.17,134.52,343.45,1,-1,-1,-1
311,3,0.00,448.87,201.07,421.05,1,-1,-1,-1
312,75,268.21,563.39,151.54,302.21,1,-1,-1,-1
312,74,1343.89,404.34,203.63,477.01,1,-1,-1,-1
312,73,1223.81,500.74,169.86,358.65,1,-1,-1,-1
312,66,1155.04,588.17,117.07,271.22,1,-1,-1,-1
312,59,467.56,471.73,158.49,393.33,1,-1,-1,-1
312,53,1062.74,622.76,114.10,244.88,1,-1,-1,-1
312,47,1494.22,589.57,121.57,273.06,1,-1,-1,-1
312,42,543.09,567.11,114.50,299.24,1,-1,-1,-1
312,40,805.94,616.47,93.78,248.67,1,-1,-1,-1
312,34,696.59,606.89,101.56,266.76,1,-1,-1,-1
312,26,827.47,459.95,262.97,416.80,1,-1,-1,-1
312,12,1752.17,484.09,166.49,396.55,1,-1,-1,-1
312,10,1601.18,530.74,137.16,341.82,1,-1,-1,-1
312,3,0.00,456.32,197.17,416.63,1,-1,-1,-1
313,75,271.22,575.58,147.35,291.12,1,-1,-1,-1
313,74,1337.82,408.67,194.47,474.82,1,-1,-1,-1
313,73,1222.99,502.25,171.71,358.96,1,-1,-1,-1
313,68,915.90,466.86,169.37,408.93,1,-1,-1,-1
313,66,1149.92,612.73,102.54,245.57,1,-1,-1,-1
313,59,453.31,484.65,166.88,377.44,1,-1,-1,-1
313,53,1055.81,624.08,135.57,246.46,1,-1,-1,-1
313,47,1493.53,588.92,121.06,273.17,1,-1,-1,-1
313,42,548.91,572.68,111.74,293.97,1,-1,-1,-1
313,40,772.66,611.58,122.76,254.65,1,-1,-1,-1
313,34,689.32,603.85,111.05,261.97,1,-1,-1,-1
313,26,830.07,463.49,260.34,411.18,1,-1,-1,-1
313,18,592.67,601.97,116.71,264.66,1,-1,-1,-1
313,12,1754.81,484.17,165.19,387.93,1,-1,-1,-1
313,10,1600.79,536.55,138.20,335.05,1,-1,-1,-1
313,3,0.00,458.27,193.41,425.44,1,-1,-1,-1
314,75,281.68,570.00,140.42,304.11,1,-1,-1,-1
314,74,1332.19,423.08,192.67,466.12,1,-1,-1,-1
314,73,1235.93,505.93,152.94,360.20,1,-1,-1,-1
314,72,220.47,564.64,128.03,295.32,1,-1,-1,-1
314,68,909.39,475.39,185.28,401.03,1,-1,-1,-1
314,66,1145.75,600.76,113.63,253.83,1,-1,-1,-1
314,59,443.58,477.61,175.03,385.59,1,-1,-1,-1
314,53,1049.44,622.56,138.21,249.00,1,-1,-1,-1
314,47,1494.54,593.38,113.14,270.50,1,-1,-1,-1
314,42,543.94,578.55,128.77,288.89,1,-1,-1,-1
314,40,772.51,611.98,123.76,252.47,1,-1,-1,-1
314,26,829.76,463.96,267.58,411.98,1,-1,-1,-1
314,18,550.27,594.71,145.40,273.14,1,-1,-1,-1
314,12,1760.37,479.03,159.63,394.87,1,-1,-1,-1
314,10,1600.08,537.73,137.64,333.78,1,-1,-1,-1
314,3,0.00,465.01,190.06,414.15,1,-1,-1,-1
315,77,614.56,605.07,156.42,261.53,1,-1,-1,-1
315,75,277.38,554.00,157.31,318.33,1,-1,-1,-1
315,74,1332.99,436.28,180.09,446.83,1,-1,-1,-1
315,73,1238.15,495.61,163.07,371.06,1,-1,-1,-1
315,72,210.74,607.65,134.90,231.12,1,-1,-1,-1
315,68,908.03,481.37,186.67,392.32,1,-1,-1,-1
315,59,434.75,486.57,185.59,385.69,1,-1,-1,-1
315,53,1071.15,623.25,125.44,246.51,1,-1,-1,-1
315,47,1495.35,596.87,112.27,264.84,1,-1,-1,-1
315,42,546.41,570.06,118.37,297.32,1,-1,-1,-1
315,40,789.16,608.71,106.75,254.63,1,-1,-1,-1
315,26,830.52,471.34,267.35,404.30,1,-1,-1,-1
315,18,568.96,597.53,123.63,264.86,1,-1,-1,-1
315,12,1765.32,480.52,154.52,393.86,1,-1,-1,-1
315,10,1599.29,539.53,137.92,331.51,1,-1,-1,-1
315,3,0.00,463.85,186.44,409.84,1,-1,-1,-1
316,77,613.90,595.78,149.23,265.52,1,-1,-1,-1
316,75,272.50,549.75,141.09,322.58,1,-1,-1,-1
316,74,1333.23,439.94,172.06,440.09,1,-1,-1,-1
316,73,1238.69,582.63,118.04,282.41,1,-1,-1,-1
316,68,914.13,474.82,184.32,408.67,1,-1,-1,-1
316,59,424.68,486.68,195.72,389.85,1,-1,-1,-1
316,53,1076.43,626.81,118.93,242.82,1,-1,-1,-1
316,47,1494.51,602.94,126.30,257.63,1,-1,-1,-1
316,42,565.27,603.99,109.15,266.86,1,-1,-1,-1
316,40,803.85,610.42,97.26,254.10,1,-1,-1,-1
316,34,704.19,597.96,97.99,272.69,1,-1,-1,-1
316,26,821.93,617.50,152.91,256.69,1,-1,-1,-1
316,12,1758.55,486.32,161.45,389.13,1,-1,-1,-1
316,10,1598.11,530.35,139.99,343.76,1,-1,-1,-1
316,3,0.00,454.05,185.22,418.72,1,-1,-1,-1
317,77,614.87,594.08,155.12,272.71,1,-1,-1,-1
317,75,274.21,544.28,132.70,325.18,1,-1,-1,-1
317,74,1326.23,428.50,185.03,453.95,1,-1,-1,-1
317,73,1229.24,512.04,132.34,353.65,1,-1,-1,-1
317,68,913.04,461.70,181.54,422.95,1,-1,-1,-1
317,66,1149.47,606.13,133.72,254.33,1,-1,-1,-1
317,59,424.84,480.68,191.52,393.75,1,-1,-1,-1
317,53,1051.48,619.68,140.67,252.34,1,-1,-1,-1
317,47,1495.32,598.57,126.16,261.88,1,-1,-1,-1
317,42,556.99,586.63,119.73,290.27,1,-1,-1,-1
317,40,809.75,604.26,87.12,256.87,1,-1,-1,-1
317,34,700.01,603.20,104.90,270.28,1,-1,-1,-1
317,26,823.42,620.82,140.29,252.54,1,-1,-1,-1
317,12,1752.06,484.13,167.83,391.81,1,-1,-1,-1
317,10,1599.24,527.76,138.71,347.03,1,-1,-1,-1
317,3,0.00,445.55,183.31,427.65,1,-1,-1,-1
318,75,263.61,538.25,137.87,330.66,1,-1,-1,-1
318,74,1353.30,414.46,168.68,473.12,1,-1,-1,-1
318,73,1220.73,517.01,139.69,351.22,1,-1,-1,-1
318,72,207.65,530.53,189.30,333.36,1,-1,-1,-1
318,71,1050.69,621.58,95.89,250.63,1,-1,-1,-1
318,68,900.41,458.50,186.14,423.55,1,-1,-1,-1
318,66,1154.34,599.51,130.16,263.00,1,-1,-1,-1
318,59,424.60,483.32,192.86,394.92,1,-1,-1,-1
318,53,1052.54,621.94,143.73,250.25,1,-1,-1,-1
318,47,1496.15,597.19,124.55,264.66,1,-1,-1,-1
318,40,817.59,605.25,80.61,259.78,1,-1,-1,-1
318,34,693.37,603.30,109.81,271.51,1,-1,-1,-1
318,26,824.20,610.04,143.23,262.40,1,-1,-1,-1
318,18,562.58,575.47,126.79,298.23,1,-1,-1,-1
318,12,1747.20,480.72,172.66,394.86,1,-1,-1,-1
318,10,1598.76,528.32,137.13,346.02,1,-1,-1,-1
318,3,0.00,441.20,182.15,432.80,1,-1,-1,-1
319,75,255.17,539.62,143.08,332.97,1,-1,-1,-1
319,74,1357.79,405.98,171.81,478.33,1,-1,-1,-1
319,73,1238.16,506.14,122.85,363.77,1,-1,-1,-1
319,72,209.99,529.85,185.29,336.30,1,-1,-1,-1
319,71,1051.55,621.58,96.66,250.78,1,-1,-1,-1
319,68,907.48,463.72,176.99,416.57,1,-1,-1,-1
319,66,1155.14,588.88,129.21,273.30,1,-1,-1,-1
319,59,431.57,480.56,184.74,397.59,1,-1,-1,-1
319,53,1052.83,621.72,146.46,251.37,1,-1,-1,-1
319,47,1494.88,592.26,129.32,271.42,1,-1,-1,-1
319,40,814.53,603.52,81.80,262.10,1,-1,-1,-1
319,34,691.68,596.51,111.23,280.64,1,-1,-1,-1
319,26,821.91,570.30,149.29,303.78,1,-1,-1,-1
319,18,560.09,584.47,123.66,280.15,1,-1,-1,-1
319,12,1745.11,488.26,174.49,389.13,1,-1,-1,-1
319,10,1598.02,528.08,137.65,346.43,1,-1,-1,-1
319,3,0.00,438.37,180.87,430.72,1,-1,-1,-1
320,75,279.71,571.29,115.85,297.80,1,-1,-1,-1
320,74,1331.37,393.95,207.38,490.38,1,-1,-1,-1
320,73,1234.68,507.60,119.28,364.35,1,-1,-1,-1
320,72,205.64,546.65,184.60,316.15,1,-1,-1,-1
320,71,1055.01,620.43,92.53,251.19,1,-1,-1,-1
320,68,906.19,467.26,178.66,419.23,1,-1,-1,-1
320,66,1167.70,579.16,120.30,284.47,1,-1,-1,-1
320,59,436.74,478.19,176.67,401.31,1,-1,-1,-1
320,53,1058.68,620.54,143.05,251.33,1,-1,-1,-1
320,47,1493.18,590.58,129.89,272.39,1,-1,-1,-1
320,42,564.05,625.99,103.52,245.36,1,-1,-1,-1
320,40,809.67,601.54,85.93,266.72,1,-1,-1,-1
320,34,693.55,602.52,105.79,272.08,1,-1,-1,-1
320,26,821.47,565.61,147.06,311.58,1,-1,-1,-1
320,12,1744.57,493.26,175.21,381.04,1,-1,-1,-1
320,10,1598.47,528.40,136.46,344.78,1,-1,-1,-1
320,3,0.00,434.77,177.06,431.05,1,-1,-1,-1
321,75,273.06,576.64,135.77,290.61,1,-1,-1,-1
321,74,1325.04,393.97,208.87,491.43,1,-1,-1,-1
321,73,1229.42,507.53,140.08,364.39,1,-1,-1,-1
321,72,213.27,563.81,183.60,301.50,1,-1,-1,-1
321,71,1057.56,621.39,86.01,249.12,1,-1,-1,-1
321,70,212.09,562.86,167.33,298.84,1,-1,-1,-1
321,68,906.68,469.34,183.79,415.57,1,-1,-1,-1
321,66,1156.54,582.86,129.99,282.69,1,-1,-1,-1
321,59,435.45,473.43,173.17,402.07,1,-1,-1,-1
321,53,1069.36,625.29,124.24,245.69,1,-1,-1,-1
321,47,1492.55,590.65,125.80,274.27,1,-1,-1,-1
321,42,564.68,609.87,118.07,261.60,1,-1,-1,-1
321,40,800.93,599.95,90.45,269.10,1,-1,-1,-1
321,34,690.96,594.94,112.32,278.85,1,-1,-1,-1
321,26,816.35,617.25,160.59,262.27,1,-1,-1,-1
321,12,1749.16,516.74,170.84,355.50,1,-1,-1,-1
321,10,1598.88,529.06,136.37,343.67,1,-1,-1,-1
321,3,0.00,433.69,170.98,431.76,1,-1,-1,-1
322,75,271.09,584.74,140.95,280.72,1,-1,-1,-1
322,74,1328.23,398.98,194.08,490.59,1,-1,-1,-1
322,73,1230.77,507.11,149.56,361.97,1,-1,-1,-1
322,72,214.93,575.55,182.65,287.72,1,-1,-1,-1
322,71,1057.29,621.29,84.46,249.27,1,-1,-1,-1
322,70,211.41,574.23,154.11,283.58,1,-1,-1,-1
322,68,905.79,467.91,192.13,410.96,1,-1,-1,-1
322,66,1163.22,583.27,125.12,281.90,1,-1,-1,-1
322,59,437.26,466.98,169.39,411.23,1,-1,-1,-1
322,53,1068.10,625.15,128.74,246.65,1,-1,-1,-1
322,47,1491.57,588.70,122.60,276.75,1,-1,-1,-1
322,42,566.65,610.08,113.63,267.84,1,-1,-1,-1
322,40,804.36,601.25,89.42,265.60,1,-1,-1,-1
322,34,689.76,589.79,115.32,283.12,1,-1,-1,-1
322,26,817.07,635.45,164.42,244.43,1,-1,-1,-1
322,12,1762.36,522.88,157.64,351.49,1,-1,-1,-1
322,10,1598.72,532.88,136.55,339.87,1,-1,-1,-1
322,4,330.45,635.11,196.36,240.32,1,-1,-1,-1
322,3,0.09,440.64,168.86,422.77,1,-1,-1,-1
323,79,816.48,462.19,291.74,419.80,1,-1,-1,-1
323,75,259.92,588.48,137.97,275.06,1,-1,-1,-1
323,74,1325.78,391.20,199.76,497.43,1,-1,-1,-1
323,73,1221.05,509.28,157.33,356.75,1,-1,-1,-1
323,72,208.61,580.14,183.84,283.45,1,-1,-1,-1
323,71,1054.93,620.68,88.17,249.90,1,-1,-1,-1
323,70,206.44,561.61,165.73,306.14,1,-1,-1,-1
323,68,903.57,471.82,197.39,414.13,1,-1,-1,-1
323,66,1154.83,582.58,127.27,283.20,1,-1,-1,-1
323,59,438.24,471.39,165.80,407.95,1,-1,-1,-1
323,53,1068.28,624.00,126.74,245.84,1,-1,-1,-1
323,47,1493.00,588.76,117.87,274.74,1,-1,-1,-1
323,40,799.54,607.16,92.39,258.66,1,-1,-1,-1
323,34,697.03,602.10,108.06,269.38,1,-1,-1,-1
323,26,807.23,614.32,168.73,286.32,1,-1,-1,-1
323,18,567.59,559.77,130.01,311.77,1,-1,-1,-1
323,12,1768.31,525.78,151.68,345.37,1,-1,-1,-1
323,10,1599.28,540.53,135.44,331.60,1,-1,-1,-1
323,4,314.37,647.03,209.45,222.57,1,-1,-1,-1
323,3,0.01,443.15,166.14,423.94,1,-1,-1,-1
324,79,813.50,471.94,292.73,408.92,1,-1,-1,-1
324,75,258.81,579.91,137.46,292.03,1,-1,-1,-1
324,73,1216.40,504.31,141.94,364.95,1,-1,-1,-1
324,72,206.75,588.82,180.46,272.48,1,-1,-1,-1
324,71,1058.63,620.08,90.19,252.25,1,-1,-1,-1
324,68,908.05,466.62,189.91,419.05,1,-1,-1,-1
324,66,1154.46,581.24,128.38,285.74,1,-1,-1,-1
324,59,435.50,474.26,163.88,405.24,1,-1,-1,-1
324,53,1062.67,619.15,130.44,253.20,1,-1,-1,-1
324,47,1494.15,589.53,117.08,275.47,1,-1,-1,-1
324,40,798.68,607.66,96.96,257.84,1,-1,-1,-1
324,34,697.93,609.28,105.11,261.64,1,-1,-1,-1
324,18,565.21,562.42,134.61,309.90,1,-1,-1,-1
324,12,1773.86,527.94,146.10,343.20,1,-1,-1,-1
324,10,1599.32,548.96,141.11,321.05,1,-1,-1,-1
324,4,313.61,634.58,208.71,233.25,1,-1,-1,-1
324,3,0.25,452.37,162.43,414.77,1,-1,-1,-1
325,79,811.48,507.02,296.98,371.74,1,-1,-1,-1
325,73,1215.58,505.34,142.89,367.74,1,-1,-1,-1
325,72,200.14,594.01,182.42,268.54,1,-1,-1,-1
325,71,1058.09,625.30,92.19,247.38,1,-1,-1,-1
325,66,1154.53,590.87,127.86,276.31,1,-1,-1,-1
325,59,428.78,471.92,167.64,408.97,1,-1,-1,-1
325,53,1062.15,625.17,132.92,249.98,1,-1,-1,-1
325,47,1493.94,591.22,114.95,274.64,1,-1,-1,-1
325,40,796.17,608.21,100.56,257.10,1,-1,-1,-1
325,34,693.89,596.23,102.87,271.46,1,-1,-1,-1
325,18,573.28,565.47,141.26,311.82,1,-1,-1,-1
325,12,1772.64,520.92,147.36,351.03,1,-1,-1,-1
325,10,1598.07,554.79,138.16,314.48,1,-1,-1,-1
325,4,292.37,641.25,228.94,227.32,1,-1,-1,-1
325,3,0.15,455.10,161.26,416.37,1,-1,-1,-1
326,79,828.78,496.57,271.97,389.35,1,-1,-1,-1
326,74,1308.96,422.70,179.86,470.47,1,-1,-1,-1
326,73,1204.01,518.86,154.37,357.37,1,-1,-1,-1
326,72,198.82,609.57,183.09,257.29,1,-1,-1,-1
326,71,1058.94,624.11,92.81,250.11,1,-1,-1,-1
326,66,1155.85,602.55,110.02,267.07,1,-1,-1,-1
326,59,430.50,474.45,161.12,412.58,1,-1,-1,-1
326,53,1069.64,631.27,125.62,242.59,1,-1,-1,-1
326,47,1496.51,590.79,112.31,283.16,1,-1,-1,-1
326,40,800.33,604.73,97.33,260.58,1,-1,-1,-1
326,34,695.22,612.86,101.67,257.85,1,-1,-1,-1
326,18,581.76,559.50,133.93,314.53,1,-1,-1,-1
326,12,1781.66,492.51,138.34,379.96,1,-1,-1,-1
326,10,1598.74,589.88,140.59,284.21,1,-1,-1,-1
326,4,311.85,638.43,207.71,237.43,1,-1,-1,-1
326,3,0.00,475.13,163.12,400.53,1,-1,-1,-1
327,79,854.32,507.44,226.53,382.79,1,-1,-1,-1
327,74,1309.58,435.63,177.64,458.74,1,-1,-1,-1
327,73,1248.87,572.59,107.86,299.60,1,-1,-1,-1
327,72,200.79,614.51,179.23,259.77,1,-1,-1,-1
327,71,1059.34,627.03,101.23,250.42,1,-1,-1,-1
327,66,1162.12,602.38,114.80,267.36,1,-1,-1,-1
327,59,419.51,475.29,164.99,411.48,1,-1,-1,-1
327,53,1059.27,626.76,135.86,250.79,1,-1,-1,-1
327,47,1496.69,590.70,104.91,283.16,1,-1,-1,-1
327,40,800.86,605.44,95.34,268.78,1,-1,-1,-1
327,34,684.88,605.75,111.68,270.96,1,-1,-1,-1
327,18,587.91,568.78,123.48,305.52,1,-1,-1,-1
327,12,1780.39,487.84,139.61,386.34,1,-1,-1,-1
327,10,1598.57,602.65,146.09,273.81,1,-1,-1,-1
327,3,0.23,483.73,157.23,397.03,1,-1,-1,-1
328,79,837.60,510.00,260.70,383.11,1,-1,-1,-1
328,74,1310.12,456.44,178.78,438.55,1,-1,-1,-1
328,73,1256.52,597.82,101.50,278.86,1,-1,-1,-1
328,72,196.78,619.56,182.39,255.52,1,-1,-1,-1
328,71,1058.74,623.42,92.87,251.89,1,-1,-1,-1
328,69,716.03,640.96,86.09,230.93,1,-1,-1,-1
328,66,1177.13,616.08,116.61,254.40,1,-1,-1,-1
328,59,394.85,485.28,180.76,404.95,1,-1,-1,-1
328,53,1058.36,625.32,116.70,250.00,1,-1,-1,-1
328,47,1497.27,597.82,102.38,275.32,1,-1,-1,-1
328,40,800.04,605.40,91.20,271.43,1,-1,-1,-1
328,34,684.11,615.89,109.99,258.17,1,-1,-1,-1
328,18,583.81,584.83,124.51,293.25,1,-1,-1,-1
328,12,1778.78,500.56,141.22,377.53,1,-1,-1,-1
328,10,1597.69,610.24,148.37,266.83,1,-1,-1,-1
328,3,0.07,507.92,152.91,371.15,1,-1,-1,-1
329,74,1320.20,467.82,168.02,426.12,1,-1,-1,-1
329,73,1248.85,607.39,103.75,266.98,1,-1,-1,-1
329,72,205.28,625.38,173.48,249.65,1,-1,-1,-1
329,71,1056.15,620.67,93.22,256.90,1,-1,-1,-1
329,69,705.15,633.81,95.95,244.91,1,-1,-1,-1
329,68,876.45,507.10,187.26,385.58,1,-1,-1,-1
329,66,1186.15,613.96,150.00,265.80,1,-1,-1,-1
329,59,390.37,508.74,176.09,384.07,1,-1,-1,-1
329,53,1055.92,626.35,128.41,250.55,1,-1,-1,-1
329,47,1498.60,613.32,116.38,259.93,1,-1,-1,-1
329,42,564.37,613.03,86.77,259.59,1,-1,-1,-1
329,40,799.00,604.87,92.25,270.11,1,-1,-1,-1
329,34,676.40,620.12,122.28,256.89,1,-1,-1,-1
329,18,577.90,583.07,130.91,296.31,1,-1,-1,-1
329,12,1777.46,542.43,142.05,331.43,1,-1,-1,-1
329,10,1598.21,608.94,147.14,268.39,1,-1,-1,-1
329,3,0.28,527.50,144.86,348.80,1,-1,-1,-1
330,74,1330.75,486.30,161.38,408.37,1,-1,-1,-1
330,73,1251.40,619.06,101.18,257.74,1,-1,-1,-1
330,72,210.09,634.98,166.98,240.51,1,-1,-1,-1
330,71,1053.36,618.76,95.66,256.44,1,-1,-1,-1
330,68,879.48,510.64,178.72,382.94,1,-1,-1,-1
330,66,1187.18,633.56,116.17,239.23,1,-1,-1,-1
330,59,384.29,533.93,169.24,353.82,1,-1,-1,-1
330,47,1497.50,604.35,112.78,272.86,1,-1,-1,-1
330,42,565.76,609.22,86.75,265.35,1,-1,-1,-1
330,40,799.55,603.76,92.40,272.46,1,-1,-1,-1
330,34,686.29,636.30,108.08,237.34,1,-1,-1,-1
330,18,577.63,601.98,140.09,277.36,1,-1,-1,-1
330,12,1780.51,539.82,139.49,337.47,1,-1,-1,-1
330,10,1505.49,611.96,240.19,263.92,1,-1,-1,-1
330,3,0.49,555.96,141.61,319.02,1,-1,-1,-1
331,74,1348.61,542.13,147.91,354.31,1,-1,-1,-1
331,73,1251.96,635.22,101.72,249.10,1,-1,-1,-1
331,72,197.66,660.60,156.07,216.65,1,-1,-1,-1
331,71,1051.59,619.38,105.90,258.18,1,-1,-1,-1
331,68,883.21,546.38,162.04,354.22,1,-1,-1,-1
331,66,1190.99,651.49,101.45,225.64,1,-1,-1,-1
331,59,381.88,513.10,172.64,389.50,1,-1,-1,-1
331,42,556.80,631.09,82.94,243.95,1,-1,-1,-1
331,40,795.83,604.32,91.68,277.21,1,-1,-1,-1
331,34,682.62,661.37,97.32,212.90,1,-1,-1,-1
331,24,1150.80,685.74,76.72,190.04,1,-1,-1,-1
331,18,577.71,642.94,111.99,237.28,1,-1,-1,-1
331,12,1786.65,549.21,132.86,331.56,1,-1,-1,-1
331,10,1600.66,644.50,146.58,230.53,1,-1,-1,-1
331,3,0.00,573.52,139.43,304.10,1,-1,-1,-1
332,74,1353.74,548.00,167.10,348.60,1,-1,-1,-1
332,73,1247.46,647.02,110.98,243.35,1,-1,-1,-1
332,72,233.83,665.79,113.53,212.38,1,-1,-1,-1
332,71,1051.37,617.61,102.85,261.36,1,-1,-1,-1
332,68,888.16,562.58,155.82,340.79,1,-1,-1,-1
332,66,1183.56,661.49,107.92,217.01,1,-1,-1,-1
332,42,554.73,629.84,84.39,243.86,1,-1,-1,-1
332,40,795.28,601.78,91.01,281.88,1,-1,-1,-1
332,34,684.49,677.25,85.91,198.85,1,-1,-1,-1
332,24,1151.57,702.33,69.51,173.06,1,-1,-1,-1
332,18,577.79,657.48,110.29,223.68,1,-1,-1,-1
332,12,1787.53,562.37,132.47,318.32,1,-1,-1,-1
332,10,1607.95,663.45,140.06,212.41,1,-1,-1,-1
332,3,0.71,587.77,146.00,293.39,1,-1,-1,-1
333,74,1356.49,566.81,150.16,327.76,1,-1,-1,-1
333,73,1259.76,668.17,98.04,216.20,1,-1,-1,-1
333,72,209.46,656.15,153.32,235.05,1,-1,-1,-1
333,71,1054.70,616.71,104.40,260.08,1,-1,-1,-1
333,68,892.94,594.83,131.87,304.27,1,-1,-1,-1
333,66,1188.94,670.62,103.86,207.21,1,-1,-1,-1
333,47,1498.14,657.40,96.85,222.82,1,-1,-1,-1
333,42,552.68,631.51,94.16,244.17,1,-1,-1,-1
333,40,793.90,599.60,92.28,283.61,1,-1,-1,-1
333,34,683.04,692.89,83.40,182.56,1,-1,-1,-1
333,24,1151.51,701.34,64.41,172.22,1,-1,-1,-1
333,18,563.20,678.63,117.57,204.67,1,-1,-1,-1
333,12,1789.88,609.38,130.12,268.91,1,-1,-1,-1
333,10,1615.28,674.73,134.00,201.50,1,-1,-1,-1
333,4,367.54,637.01,180.46,254.00,1,-1,-1,-1
333,3,0.65,604.39,155.45,267.21,1,-1,-1,-1
334,75,234.04,621.55,144.90,254.65,1,-1,-1,-1
334,74,1356.85,588.32,136.59,306.98,1,-1,-1,-1
334,73,1260.37,681.09,99.25,205.67,1,-1,-1,-1
334,71,1057.11,614.72,104.04,262.17,1,-1,-1,-1
334,68,896.93,611.69,130.37,287.83,1,-1,-1,-1
334,66,1192.32,687.52,89.22,189.85,1,-1,-1,-1
334,47,1502.79,675.74,98.79,199.94,1,-1,-1,-1
334,42,545.54,630.34,92.82,244.53,1,-1,-1,-1
334,40,787.89,599.44,98.62,283.53,1,-1,-1,-1
334,34,680.98,708.55,83.42,166.47,1,-1,-1,-1
334,24,1154.02,705.67,63.24,167.31,1,-1,-1,-1
334,18,553.94,681.97,125.59,198.70,1,-1,-1,-1
334,12,1792.26,630.83,127.74,245.61,1,-1,-1,-1
334,10,1617.81,681.55,133.04,193.95,1,-1,-1,-1
334,4,393.27,661.11,140.07,229.83,1,-1,-1,-1
334,3,0.50,606.75,160.41,263.42,1,-1,-1,-1
335,75,233.17,620.61,152.30,256.34,1,-1,-1,-1
335,74,1345.73,592.73,143.98,302.69,1,-1,-1,-1
335,73,1248.38,682.28,102.80,203.54,1,-1,-1,-1
335,71,1055.18,612.83,118.43,264.23,1,-1,-1,-1
335,68,890.39,616.82,134.24,281.76,1,-1,-1,-1
335,66,1187.42,694.93,94.52,182.41,1,-1,-1,-1
335,47,1501.20,689.31,118.53,185.33,1,-1,-1,-1
335,42,529.52,628.20,103.80,245.42,1,-1,-1,-1
335,40,772.11,596.77,115.34,283.32,1,-1,-1,-1
335,34,680.89,712.53,89.25,161.80,1,-1,-1,-1
335,24,1150.92,706.99,69.29,166.20,1,-1,-1,-1
335,18,584.98,703.13,98.89,176.42,1,-1,-1,-1
335,12,1794.92,636.79,125.08,242.38,1,-1,-1,-1
335,10,1618.56,681.69,130.62,193.77,1,-1,-1,-1
335,4,393.97,661.89,157.59,228.33,1,-1,-1,-1
335,3,0.64,614.09,162.36,253.95,1,-1,-1,-1
336,75,225.10,617.12,165.04,263.97,1,-1,-1,-1
336,74,1319.12,589.67,171.13,307.64,1,-1,-1,-1
336,73,1250.85,675.14,104.98,230.01,1,-1,-1,-1
336,71,1057.77,607.31,112.04,269.45,1,-1,-1,-1
336,68,881.59,594.85,142.13,300.92,1,-1,-1,-1
336,66,1157.32,667.68,145.17,206.35,1,-1,-1,-1
336,47,1500.01,701.50,112.99,172.06,1,-1,-1,-1
336,42,489.40,622.74,147.27,254.69,1,-1,-1,-1
336,40,761.90,594.34,124.95,284.48,1,-1,-1,-1
336,34,684.32,718.69,89.94,156.31,1,-1,-1,-1
336,24,1149.54,704.26,71.57,176.14,1,-1,-1,-1
336,18,585.73,686.83,108.10,194.45,1,-1,-1,-1
336,12,1796.04,634.61,123.96,244.44,1,-1,-1,-1
336,10,1619.80,659.37,132.50,216.77,1,-1,-1,-1
336,4,398.15,639.80,166.04,248.54,1,-1,-1,-1
336,3,0.21,582.44,174.55,290.52,1,-1,-1,-1
337,75,226.01,618.76,168.62,261.89,1,-1,-1,-1
337,74,1323.62,561.08,164.74,333.54,1,-1,-1,-1
337,71,1060.07,605.22,105.24,270.20,1,-1,-1,-1
337,68,881.66,572.42,138.81,322.08,1,-1,-1,-1
337,66,1169.66,670.24,125.47,203.74,1,-1,-1,-1
337,47,1501.14,691.57,105.03,181.21,1,-1,-1,-1
337,42,482.47,621.75,149.86,251.38,1,-1,-1,-1
337,40,753.24,594.70,132.25,283.46,1,-1,-1,-1
337,34,683.37,708.50,94.77,166.75,1,-1,-1,-1
337,18,596.16,667.15,124.46,210.06,1,-1,-1,-1
337,12,1787.84,611.36,132.16,266.32,1,-1,-1,-1
337,10,1619.74,641.47,131.82,233.61,1,-1,-1,-1
337,4,401.34,619.31,155.69,267.94,1,-1,-1,-1
337,3,0.18,560.13,175.50,314.42,1,-1,-1,-1
338,75,231.32,610.81,167.15,270.11,1,-1,-1,-1
338,74,1322.40,528.37,169.71,366.71,1,-1,-1,-1
338,71,1060.21,599.10,102.49,280.08,1,-1,-1,-1
338,68,879.90,545.31,142.28,349.58,1,-1,-1,-1
338,66,1169.84,666.38,127.68,208.00,1,-1,-1,-1
338,47,1500.11,678.55,104.24,194.75,1,-1,-1,-1
338,42,482.85,617.03,142.73,254.82,1,-1,-1,-1
338,40,748.13,592.16,136.55,292.00,1,-1,-1,-1
338,34,682.42,680.89,94.74,195.08,1,-1,-1,-1
338,18,583.60,656.84,120.11,221.71,1,-1,-1,-1
338,12,1781.79,579.85,138.17,300.20,1,-1,-1,-1
338,10,1616.85,623.38,135.79,252.83,1,-1,-1,-1
338,4,398.64,588.72,161.00,297.39,1,-1,-1,-1
338,3,3.50,540.41,177.50,334.54,1,-1,-1,-1
339,75,242.93,605.22,158.00,276.09,1,-1,-1,-1
339,74,1323.06,506.97,176.83,385.10,1,-1,-1,-1
339,73,1238.66,615.01,110.38,264.64,1,-1,-1,-1
339,71,1059.45,596.48,102.41,284.64,1,-1,-1,-1
339,68,871.72,509.88,151.67,384.80,1,-1,-1,-1
339,66,1178.42,663.12,112.82,208.96,1,-1,-1,-1
339,47,1502.05,669.13,101.29,205.36,1,-1,-1,-1
339,42,493.98,613.88,123.12,257.94,1,-1,-1,-1
339,40,747.33,589.71,136.47,294.87,1,-1,-1,-1
339,34,685.92,678.74,85.72,195.72,1,-1,-1,-1
339,24,1142.92,664.43,85.78,205.66,1,-1,-1,-1
339,18,595.34,640.66,107.63,235.00,1,-1,-1,-1
339,12,1787.09,564.53,132.91,313.63,1,-1,-1,-1
339,10,1614.50,611.36,138.02,265.53,1,-1,-1,-1
339,4,398.95,567.20,166.58,318.04,1,-1,-1,-1
339,3,1.85,520.08,178.41,358.03,1,-1,-1,-1
340,75,248.05,599.36,152.10,279.77,1,-1,-1,-1
340,74,1328.13,497.35,173.94,395.73,1,-1,-1,-1
340,73,1235.99,597.64,122.70,280.44,1,-1,-1,-1
340,71,1058.97,591.86,104.03,286.92,1,-1,-1,-1
340,68,867.46,498.84,159.89,395.02,1,-1,-1,-1
340,66,1162.58,648.64,124.30,222.51,1,-1,-1,-1
340,47,1504.75,651.22,95.96,223.12,1,-1,-1,-1
340,42,491.96,606.54,113.04,264.68,1,-1,-1,-1
340,40,749.30,589.60,129.29,296.82,1,-1,-1,-1
340,34,685.63,660.14,87.41,213.05,1,-1,-1,-1
340,24,1143.56,660.76,91.74,211.30,1,-1,-1,-1
340,18,587.91,630.80,120.34,244.41,1,-1,-1,-1
340,12,1790.64,547.84,129.30,327.12,1,-1,-1,-1
340,10,1611.01,603.61,137.87,272.30,1,-1,-1,-1
340,4,399.06,541.67,166.50,343.75,1,-1,-1,-1
340,3,1.59,511.54,174.51,365.12,1,-1,-1,-1
341,75,247.75,599.48,152.17,279.24,1,-1,-1,-1
341,74,1330.45,498.35,163.95,394.42,1,-1,-1,-1
341,73,1244.19,587.93,113.53,282.33,1,-1,-1,-1
341,71,1063.99,592.47,105.96,283.84,1,-1,-1,-1
341,68,875.53,487.81,152.52,405.67,1,-1,-1,-1
341,66,1171.23,635.50,102.95,234.65,1,-1,-1,-1
341,47,1504.71,635.77,93.45,235.93,1,-1,-1,-1
341,42,481.96,606.34,115.42,264.28,1,-1,-1,-1
341,40,752.70,585.28,120.87,295.99,1,-1,-1,-1
341,34,686.71,649.22,85.88,223.59,1,-1,-1,-1
341,24,1150.07,651.57,105.21,219.25,1,-1,-1,-1
341,18,597.45,620.37,104.83,254.87,1,-1,-1,-1
341,12,1793.40,526.15,126.60,353.46,1,-1,-1,-1
341,10,1614.29,595.51,135.55,279.67,1,-1,-1,-1
341,4,398.47,522.83,166.47,361.55,1,-1,-1,-1
341,3,1.49,510.15,175.92,368.12,1,-1,-1,-1
342,75,250.12,595.31,146.69,284.14,1,-1,-1,-1
342,74,1331.75,496.31,166.17,397.85,1,-1,-1,-1
342,73,1250.44,587.96,107.81,287.45,1,-1,-1,-1
342,71,1064.16,583.40,110.36,292.29,1,-1,-1,-1
342,68,887.23,486.22,136.06,407.47,1,-1,-1,-1
342,66,1183.12,630.54,94.82,239.27,1,-1,-1,-1
342,47,1503.30,630.98,97.18,240.35,1,-1,-1,-1
342,42,483.41,601.12,114.38,272.33,1,-1,-1,-1
342,40,755.51,586.51,120.28,296.19,1,-1,-1,-1
342,34,686.52,646.19,83.33,227.27,1,-1,-1,-1
342,24,1153.85,660.32,89.95,203.54,1,-1,-1,-1
342,18,596.05,619.30,110.83,256.35,1,-1,-1,-1
342,12,1795.76,519.93,124.24,359.02,1,-1,-1,-1
342,10,1614.90,597.40,134.40,278.39,1,-1,-1,-1
342,4,398.28,519.60,166.24,363.89,1,-1,-1,-1
342,3,1.42,508.86,178.71,366.22,1,-1,-1,-1
343,75,254.85,596.23,141.75,284.56,1,-1,-1,-1
343,74,1330.05,496.92,173.55,397.60,1,-1,-1,-1
343,73,1251.68,586.95,102.78,285.83,1,-1,-1,-1
343,71,1068.47,580.54,112.22,290.81,1,-1,-1,-1
343,68,888.10,485.38,128.85,408.14,1,-1,-1,-1
343,66,1180.64,627.57,97.62,241.79,1,-1,-1,-1
343,47,1502.44,629.60,102.54,243.83,1,-1,-1,-1
343,42,485.08,598.84,112.18,272.36,1,-1,-1,-1
343,40,756.68,583.81,120.82,297.20,1,-1,-1,-1
343,34,687.28,642.07,79.12,231.79,1,-1,-1,-1
343,18,597.12,617.06,107.60,259.23,1,-1,-1,-1
343,12,1801.60,514.74,118.40,364.64,1,-1,-1,-1
343,10,1614.63,596.34,135.80,280.54,1,-1,-1,-1
343,4,398.90,521.30,161.72,362.49,1,-1,-1,-1
343,3,1.99,510.20,184.20,365.22,1,-1,-1,-1
344,75,253.75,595.62,143.92,283.55,1,-1,-1,-1
344,74,1334.85,500.43,169.51,390.29,1,-1,-1,-1
344,73,1253.25,587.87,102.03,287.81,1,-1,-1,-1
344,72,179.65,623.08,157.25,242.86,1,-1,-1,-1
344,71,1068.39,566.87,137.20,310.52,1,-1,-1,-1
344,68,888.09,484.85,130.74,408.38,1,-1,-1,-1
344,66,1180.15,623.44,100.64,245.05,1,-1,-1,-1
344,65,1423.38,581.37,170.61,298.32,1,-1,-1,-1
344,47,1502.52,629.89,109.38,235.39,1,-1,-1,-1
344,42,490.19,606.80,106.02,262.67,1,-1,-1,-1
344,40,753.33,585.36,128.99,297.12,1,-1,-1,-1
344,34,686.11,638.44,79.83,234.64,1,-1,-1,-1
344,18,596.35,614.38,107.40,262.15,1,-1,-1,-1
344,12,1806.75,512.14,113.25,366.23,1,-1,-1,-1
344,10,1614.73,595.55,137.25,279.60,1,-1,-1,-1
344,4,399.82,523.06,164.51,360.05,1,-1,-1,-1
344,3,2.20,511.50,183.24,363.74,1,-1,-1,-1
345,75,261.02,595.64,136.84,284.17,1,-1,-1,-1
345,74,1335.26,497.67,162.44,391.59,1,-1,-1,-1
345,73,1256.80,585.92,102.02,289.19,1,-1,-1,-1
345,72,166.01,618.55,173.16,250.80,1,-1,-1,-1
345,71,1065.97,567.33,142.51,314.90,1,-1,-1,-1
345,68,887.12,485.79,135.35,408.95,1,-1,-1,-1
345,66,1182.32,624.47,98.84,246.24,1,-1,-1,-1
345,65,1426.16,579.55,178.27,300.57,1,-1,-1,-1
345,47,1504.84,629.76,109.57,239.75,1,-1,-1,-1
345,42,497.42,623.04,103.35,245.24,1,-1,-1,-1
345,40,755.59,579.22,128.47,305.22,1,-1,-1,-1
345,34,687.39,637.27,81.48,237.65,1,-1,-1,-1
345,18,595.56,610.10,114.78,266.46,1,-1,-1,-1
345,12,1814.42,512.21,105.58,360.89,1,-1,-1,-1
345,10,1616.28,593.29,141.64,283.02,1,-1,-1,-1
345,4,401.00,524.85,167.96,358.85,1,-1,-1,-1
345,3,2.11,512.15,183.95,362.44,1,-1,-1,-1
346,75,262.17,595.95,142.63,282.86,1,-1,-1,-1
346,74,1336.13,495.46,161.91,398.85,1,-1,-1,-1
346,73,1256.29,586.27,107.94,289.78,1,-1,-1,-1
346,72,158.66,610.85,172.36,258.30,1,-1,-1,-1
346,71,1076.17,570.17,147.56,310.54,1,-1,-1,-1
346,68,890.69,490.64,138.32,403.14,1,-1,-1,-1
346,66,1176.38,627.11,114.20,246.70,1,-1,-1,-1
346,65,1439.39,572.27,190.37,311.78,1,-1,-1,-1
346,47,1506.39,632.89,104.76,231.08,1,-1,-1,-1
346,42,495.46,595.67,101.66,274.19,1,-1,-1,-1
346,40,759.00,579.88,138.35,303.67,1,-1,-1,-1
346,34,690.15,635.38,82.43,235.64,1,-1,-1,-1
346,18,603.48,608.74,112.50,267.40,1,-1,-1,-1
346,12,1831.84,511.49,88.01,352.73,1,-1,-1,-1
346,10,1618.53,591.83,143.02,284.49,1,-1,-1,-1
346,4,404.70,522.77,171.76,362.68,1,-1,-1,-1
346,3,1.35,513.79,188.83,361.08,1,-1,-1,-1
347,75,268.00,595.41,138.43,284.52,1,-1,-1,-1
347,74,1336.99,497.42,159.05,395.19,1,-1,-1,-1
347,73,1253.32,590.83,110.76,282.27,1,-1,-1,-1
347,72,160.13,609.08,170.02,264.62,1,-1,-1,-1
347,71,1089.99,567.35,140.58,315.52,1,-1,-1,-1
347,68,890.51,490.51,140.19,403.61,1,-1,-1,-1
347,66,1182.16,624.44,111.28,249.19,1,-1,-1,-1
347,65,1446.24,576.39,182.13,309.59,1,-1,-1,-1
347,42,498.02,582.66,99.25,287.44,1,-1,-1,-1
347,40,763.91,575.55,137.21,309.92,1,-1,-1,-1
347,34,694.50,635.11,79.49,236.93,1,-1,-1,-1
347,18,607.61,608.68,108.95,267.31,1,-1,-1,-1
347,12,1834.90,510.32,85.03,352.13,1,-1,-1,-1
347,10,1620.26,593.17,143.58,283.17,1,-1,-1,-1
347,4,405.20,524.51,171.16,359.44,1,-1,-1,-1
347,3,1.28,514.66,189.48,360.95,1,-1,-1,-1
348,75,263.54,595.24,143.24,284.54,1,-1,-1,-1
348,74,1336.92,496.72,160.31,394.86,1,-1,-1,-1
348,73,1255.88,589.50,105.94,284.93,1,-1,-1,-1
348,72,151.34,608.52,175.52,263.74,1,-1,-1,-1
348,71,1104.30,567.41,135.81,313.19,1,-1,-1,-1
348,68,889.77,488.28,139.40,406.42,1,-1,-1,-1
348,66,1179.28,602.96,116.47,271.77,1,-1,-1,-1
348,65,1466.10,572.86,164.24,314.43,1,-1,-1,-1
348,42,458.57,531.53,140.41,342.08,1,-1,-1,-1
348,40,770.78,573.50,135.71,311.82,1,-1,-1,-1
348,34,697.37,637.26,77.44,236.43,1,-1,-1,-1
348,18,606.89,607.94,110.92,268.43,1,-1,-1,-1
348,12,1837.98,511.07,82.02,351.44,1,-1,-1,-1
348,10,1621.10,594.69,143.70,282.32,1,-1,-1,-1
348,4,407.36,524.78,180.97,361.13,1,-1,-1,-1
348,3,2.50,515.16,190.77,361.40,1,-1,-1,-1
349,75,260.79,595.35,146.19,283.21,1,-1,-1,-1
349,74,1336.88,496.14,158.28,396.19,1,-1,-1,-1
349,73,1259.77,586.18,104.07,289.82,1,-1,-1,-1
349,72,117.50,602.03,207.58,269.93,1,-1,-1,-1
349,71,1107.78,564.69,152.76,319.18,1,-1,-1,-1
349,68,889.38,488.89,138.44,404.79,1,-1,-1,-1
349,66,1183.04,617.30,109.25,247.46,1,-1,-1,-1
349,65,1475.71,572.84,151.44,313.43,1,-1,-1,-1
349,42,511.47,651.88,87.14,217.55,1,-1,-1,-1
349,40,783.69,574.08,125.11,311.55,1,-1,-1,-1
349,34,698.21,637.14,76.60,236.44,1,-1,-1,-1
349,18,607.46,607.33,110.49,268.00,1,-1,-1,-1
349,12,1838.96,511.68,81.04,351.14,1,-1,-1,-1
349,10,1621.10,594.94,144.34,280.66,1,-1,-1,-1
349,4,409.22,522.81,182.00,363.63,1,-1,-1,-1
349,3,3.07,514.66,189.77,356.91,1,-1,-1,-1
350,75,267.52,596.72,139.33,281.03,1,-1,-1,-1
350,74,1340.39,492.70,158.95,401.21,1,-1,-1,-1
350,73,1256.76,584.15,109.12,290.81,1,-1,-1,-1
350,72,86.04,603.15,237.62,272.88,1,-1,-1,-1
350,71,1102.78,564.23,182.97,320.89,1,-1,-1,-1
350,68,891.68,489.89,133.29,404.28,1,-1,-1,-1
350,65,1482.92,572.28,150.10,312.04,1,-1,-1,-1
350,42,491.14,607.54,108.38,271.32,1,-1,-1,-1
350,40,795.57,565.99,120.85,318.86,1,-1,-1,-1
350,34,698.26,636.60,77.07,236.17,1,-1,-1,-1
350,18,607.73,606.13,110.24,269.54,1,-1,-1,-1
350,12,1839.43,513.55,80.57,348.10,1,-1,-1,-1
350,10,1621.27,593.93,147.03,281.63,1,-1,-1,-1
350,4,411.17,523.30,182.64,363.48,1,-1,-1,-1
350,3,4.08,514.27,189.11,360.68,1,-1,-1,-1
351,82,743.37,664.99,88.96,209.20,1,-1,-1,-1
351,75,272.15,597.68,136.67,278.12,1,-1,-1,-1
351,74,1343.46,496.49,169.51,398.56,1,-1,-1,-1
351,73,1254.96,586.45,108.81,284.76,1,-1,-1,-1
351,72,90.25,603.56,232.18,273.56,1,-1,-1,-1
351,71,1100.71,565.76,157.92,319.67,1,-1,-1,-1
351,68,885.85,488.75,136.69,405.39,1,-1,-1,-1
351,65,1502.09,573.63,159.43,308.27,1,-1,-1,-1
351,40,803.04,569.88,131.56,314.20,1,-1,-1,-1
351,34,700.17,636.54,79.36,236.53,1,-1,-1,-1
351,18,609.48,608.42,109.67,268.13,1,-1,-1,-1
351,12,1838.59,510.67,81.41,349.90,1,-1,-1,-1
351,10,1620.82,590.47,148.12,286.63,1,-1,-1,-1
351,4,411.22,526.88,170.16,359.09,1,-1,-1,-1
351,3,13.44,513.48,179.02,359.46,1,-1,-1,-1
352,83,516.48,682.57,78.52,186.10,1,-1,-1,-1
352,82,741.44,663.64,85.31,209.50,1,-1,-1,-1
352,75,274.32,598.03,136.60,276.50,1,-1,-1,-1
352,74,1345.20,498.58,168.39,395.67,1,-1,-1,-1
352,73,1247.24,587.35,118.60,286.06,1,-1,-1,-1
352,72,92.48,609.14,225.27,266.68,1,-1,-1,-1
352,71,1101.69,562.18,168.19,321.42,1,-1,-1,-1
352,68,886.72,488.67,135.52,405.79,1,-1,-1,-1
352,65,1511.83,573.15,121.77,307.30,1,-1,-1,-1
352,40,805.00,570.55,142.36,314.52,1,-1,-1,-1
352,34,698.33,637.03,79.64,236.50,1,-1,-1,-1
352,18,608.59,606.64,111.39,270.04,1,-1,-1,-1
352,12,1839.31,508.18,80.69,351.62,1,-1,-1,-1
352,10,1620.52,592.09,145.91,283.43,1,-1,-1,-1
352,4,411.71,526.16,175.30,359.46,1,-1,-1,-1
352,3,18.24,513.37,173.70,356.55,1,-1,-1,-1
353,83,516.57,681.80,75.47,188.53,1,-1,-1,-1
353,82,742.71,664.51,84.13,207.68,1,-1,-1,-1
353,75,272.65,598.10,137.71,277.90,1,-1,-1,-1
353,74,1346.04,499.79,164.71,391.64,1,-1,-1,-1
353,73,1252.05,585.65,154.57,294.47,1,-1,-1,-1
353,72,96.23,608.52,218.71,268.79,1,-1,-1,-1
353,71,1107.41,576.38,172.54,305.93,1,-1,-1,-1
353,68,882.22,488.35,141.55,404.67,1,-1,-1,-1
353,65,1507.12,572.29,151.70,310.88,1,-1,-1,-1
353,47,1512.97,571.88,221.73,313.18,1,-1,-1,-1
353,42,506.04,590.79,105.33,285.10,1,-1,-1,-1
353,40,800.82,570.12,143.32,316.37,1,-1,-1,-1
353,34,699.23,637.08,78.22,236.76,1,-1,-1,-1
353,18,611.38,607.02,108.98,270.23,1,-1,-1,-1
353,12,1840.68,506.70,79.32,356.26,1,-1,-1,-1
353,10,1618.41,592.76,155.92,284.50,1,-1,-1,-1
353,4,411.82,528.04,165.35,358.28,1,-1,-1,-1
353,3,18.58,514.12,172.80,359.90,1,-1,-1,-1
354,82,741.90,664.40,85.24,208.73,1,-1,-1,-1
354,75,269.49,597.18,141.24,280.97,1,-1,-1,-1
354,74,1345.87,499.22,159.42,392.57,1,-1,-1,-1
354,73,1261.92,585.93,123.16,290.63,1,-1,-1,-1
354,72,95.13,604.74,218.74,272.59,1,-1,-1,-1
354,71,1117.91,648.42,137.87,232.43,1,-1,-1,-1
354,68,875.93,487.73,147.07,406.48,1,-1,-1,-1
354,47,1511.88,571.37,246.71,313.74,1,-1,-1,-1
354,42,508.60,583.95,110.07,286.72,1,-1,-1,-1
354,40,797.42,559.84,170.01,328.19,1,-1,-1,-1
354,34,700.02,636.51,79.50,236.53,1,-1,-1,-1
354,18,608.64,607.50,111.06,270.18,1,-1,-1,-1
354,12,1841.48,507.69,78.52,356.09,1,-1,-1,-1
354,10,1598.64,592.76,174.81,283.47,1,-1,-1,-1
354,4,411.35,528.53,165.06,359.22,1,-1,-1,-1
354,3,17.49,514.61,174.32,360.08,1,-1,-1,-1
355,82,747.89,664.05,78.53,208.31,1,-1,-1,-1
355,75,268.26,595.60,143.33,282.24,1,-1,-1,-1
355,74,1346.29,498.13,161.29,392.75,1,-1,-1,-1
355,72,89.77,601.66,233.18,275.67,1,-1,-1,-1
355,71,1127.17,655.49,135.60,225.57,1,-1,-1,-1
355,68,886.45,487.89,137.51,407.01,1,-1,-1,-1
355,47,1513.67,571.12,275.18,311.63,1,-1,-1,-1
355,42,505.89,577.92,167.12,295.88,1,-1,-1,-1
355,40,811.24,564.55,145.71,319.86,1,-1,-1,-1
355,34,701.28,634.88,82.00,236.15,1,-1,-1,-1
355,18,625.38,607.50,94.30,254.49,1,-1,-1,-1
355,12,1842.39,507.80,77.61,356.75,1,-1,-1,-1
355,10,1582.42,589.48,222.95,288.50,1,-1,-1,-1
355,4,411.49,527.40,165.69,359.50,1,-1,-1,-1
355,3,18.52,514.31,173.06,359.92,1,-1,-1,-1
356,82,751.29,667.78,73.59,204.73,1,-1,-1,-1
356,75,229.09,595.84,183.32,282.98,1,-1,-1,-1
356,74,1337.36,495.40,175.40,396.63,1,-1,-1,-1
356,72,106.98,597.31,220.73,277.10,1,-1,-1,-1
356,71,1153.47,628.17,148.90,254.82,1,-1,-1,-1
356,68,885.23,487.41,132.79,408.48,1,-1,-1,-1
356,66,1200.66,549.75,259.14,336.21,1,-1,-1,-1
356,47,1542.47,564.21,286.07,322.83,1,-1,-1,-1
356,42,519.01,573.20,182.62,303.04,1,-1,-1,-1
356,34,702.73,635.37,88.88,235.85,1,-1,-1,-1
356,18,616.46,610.04,102.98,259.03,1,-1,-1,-1
356,12,1842.86,507.34,77.14,358.85,1,-1,-1,-1
356,10,1605.94,590.45,174.20,286.06,1,-1,-1,-1
356,4,410.94,528.14,174.48,359.00,1,-1,-1,-1
356,3,13.33,515.43,177.35,356.14,1,-1,-1,-1
357,82,750.91,662.98,73.99,208.79,1,-1,-1,-1
357,75,273.72,597.48,137.64,277.51,1,-1,-1,-1
357,74,1342.31,497.47,172.03,396.37,1,-1,-1,-1
357,72,108.69,600.78,220.36,276.58,1,-1,-1,-1
357,71,1167.04,630.67,131.06,247.36,1,-1,-1,-1
357,68,887.16,489.25,131.86,405.59,1,-1,-1,-1
357,66,1229.77,543.11,229.51,341.66,1,-1,-1,-1
357,65,1521.84,628.98,100.33,242.82,1,-1,-1,-1
357,47,1562.58,561.74,271.45,327.16,1,-1,-1,-1
357,42,516.52,569.58,185.36,309.74,1,-1,-1,-1
357,34,700.72,636.51,92.88,234.76,1,-1,-1,-1
357,18,613.10,609.76,109.81,258.51,1,-1,-1,-1
357,12,1842.56,507.28,77.44,361.42,1,-1,-1,-1
357,4,410.81,529.10,176.17,358.26,1,-1,-1,-1
357,3,13.26,516.27,176.64,355.12,1,-1,-1,-1
358,84,1557.63,559.59,276.02,324.66,1,-1,-1,-1
358,82,750.62,667.18,72.37,204.70,1,-1,-1,-1
358,79,890.62,494.10,201.91,401.76,1,-1,-1,-1
358,75,273.65,597.33,137.41,278.83,1,-1,-1,-1
358,74,1342.50,498.05,173.62,396.13,1,-1,-1,-1
358,72,115.50,596.00,216.14,281.41,1,-1,-1,-1
358,71,1177.03,631.52,123.51,246.06,1,-1,-1,-1
358,68,885.80,491.97,139.02,399.98,1,-1,-1,-1
358,66,1239.53,547.37,216.64,329.20,1,-1,-1,-1
358,65,1521.79,629.18,99.15,247.43,1,-1,-1,-1
358,47,1560.05,561.35,271.67,325.93,1,-1,-1,-1
358,42,511.45,566.59,195.79,314.58,1,-1,-1,-1
358,40,809.72,488.17,212.73,399.78,1,-1,-1,-1
358,34,697.14,636.64,93.06,235.86,1,-1,-1,-1
358,18,615.84,609.51,108.24,264.98,1,-1,-1,-1
358,12,1841.45,508.02,78.55,358.41,1,-1,-1,-1
358,4,411.36,529.01,169.85,357.21,1,-1,-1,-1
358,3,12.47,516.95,176.42,354.68,1,-1,-1,-1
359,84,1570.32,565.56,270.98,309.17,1,-1,-1,-1
359,82,747.23,662.98,74.42,212.45,1,-1,-1,-1
359,79,882.08,493.47,206.22,400.77,1,-1,-1,-1
359,75,276.33,597.84,134.71,279.03,1,-1,-1,-1
359,74,1340.37,498.14,177.82,394.49,1,-1,-1,-1
359,72,120.47,589.36,213.27,285.96,1,-1,-1,-1
359,71,1169.78,631.80,115.73,246.50,1,-1,-1,-1
359,68,882.57,492.81,143.67,401.66,1,-1,-1,-1
359,65,1521.73,629.35,102.14,247.38,1,-1,-1,-1
359,47,1569.67,558.11,263.52,325.92,1,-1,-1,-1
359,42,507.24,565.02,200.24,317.36,1,-1,-1,-1
359,40,828.51,505.45,185.36,362.12,1,-1,-1,-1
359,34,703.61,636.39,88.40,237.15,1,-1,-1,-1
359,24,1195.10,513.32,192.58,373.54,1,-1,-1,-1
359,18,610.28,608.08,113.26,270.42,1,-1,-1,-1
359,12,1840.19,509.04,79.81,357.23,1,-1,-1,-1
359,4,409.73,528.72,171.34,358.37,1,-1,-1,-1
359,3,13.58,517.76,174.25,354.68,1,-1,-1,-1
360,82,743.63,664.94,76.74,211.29,1,-1,-1,-1
360,79,916.02,545.24,182.67,347.07,1,-1,-1,-1
360,75,273.59,597.44,138.01,279.55,1,-1,-1,-1
360,74,1341.16,497.05,179.69,394.52,1,-1,-1,-1
360,72,124.29,582.80,214.12,292.75,1,-1,-1,-1
360,71,1178.24,632.03,110.91,241.96,1,-1,-1,-1
360,68,876.96,492.35,154.58,406.16,1,-1,-1,-1
360,65,1521.80,629.07,101.76,248.47,1,-1,-1,-1
360,47,1597.38,553.71,230.42,331.65,1,-1,-1,-1
360,42,501.95,563.44,206.87,315.42,1,-1,-1,-1
360,34,701.11,635.15,89.24,242.53,1,-1,-1,-1
360,24,1207.50,523.17,202.16,363.68,1,-1,-1,-1
360,18,541.09,562.54,172.44,320.08,1,-1,-1,-1
360,12,1838.66,510.26,81.34,356.05,1,-1,-1,-1
360,4,409.52,529.07,168.46,356.93,1,-1,-1,-1
360,3,11.27,518.78,177.08,354.75,1,-1,-1,-1
361,85,1158.99,657.57,84.23,215.24,1,-1,-1,-1
361,82,743.08,663.77,76.42,212.34,1,-1,-1,-1
361,79,933.43,557.22,161.48,333.91,1,-1,-1,-1
361,75,283.18,599.74,126.54,275.90,1,-1,-1,-1
361,74,1340.42,499.49,181.63,390.87,1,-1,-1,-1
361,72,127.71,574.83,212.87,301.79,1,-1,-1,-1
361,71,1179.92,630.80,107.18,242.34,1,-1,-1,-1
361,68,873.94,493.68,167.38,401.29,1,-1,-1,-1
361,65,1519.77,630.23,115.32,248.11,1,-1,-1,-1
361,47,1627.22,555.75,202.89,326.17,1,-1,-1,-1
361,42,508.12,591.41,193.04,286.08,1,-1,-1,-1
361,34,698.96,634.53,96.64,241.51,1,-1,-1,-1
361,24,1246.95,517.36,165.46,361.75,1,-1,-1,-1
361,18,581.74,541.41,139.07,341.91,1,-1,-1,-1
361,12,1836.67,510.98,83.33,355.27,1,-1,-1,-1
361,4,407.56,528.71,168.52,358.32,1,-1,-1,-1
361,3,8.06,520.13,176.84,354.88,1,-1,-1,-1
362,85,1158.86,659.63,81.36,212.29,1,-1,-1,-1
362,82,740.77,662.25,75.94,214.72,1,-1,-1,-1
362,79,945.49,560.49,149.19,330.03,1,-1,-1,-1
362,75,285.46,600.82,122.07,272.19,1,-1,-1,-1
362,74,1341.12,499.30,181.10,390.47,1,-1,-1,-1
362,72,127.99,570.70,217.09,306.87,1,-1,-1,-1
362,71,1179.49,631.25,105.24,241.47,1,-1,-1,-1
362,68,872.11,494.19,146.27,398.55,1,-1,-1,-1
362,65,1518.42,630.16,108.85,247.99,1,-1,-1,-1
362,47,1629.97,555.97,197.92,324.66,1,-1,-1,-1
362,42,516.23,577.32,186.40,303.32,1,-1,-1,-1
362,34,694.06,634.07,92.61,241.50,1,-1,-1,-1
362,24,1248.35,520.85,175.23,363.61,1,-1,-1,-1
362,18,582.62,548.38,138.88,335.40,1,-1,-1,-1
362,12,1833.55,511.42,86.45,356.81,1,-1,-1,-1
362,10,1605.57,551.75,168.58,332.61,1,-1,-1,-1
362,4,403.78,529.81,177.04,358.13,1,-1,-1,-1
362,3,3.71,517.80,180.31,359.05,1,-1,-1,-1
363,85,1158.53,660.23,81.37,213.18,1,-1,-1,-1
363,82,739.58,660.59,76.49,216.11,1,-1,-1,-1
363,79,945.71,556.05,158.69,334.44,1,-1,-1,-1
363,75,286.91,600.63,119.61,272.37,1,-1,-1,-1
363,74,1340.20,499.34,182.34,392.14,1,-1,-1,-1
363,72,132.71,571.07,212.85,306.31,1,-1,-1,-1
363,71,1180.96,632.43,97.07,242.81,1,-1,-1,-1
363,68,868.26,494.17,148.57,398.40,1,-1,-1,-1
363,65,1517.53,630.21,102.72,248.54,1,-1,-1,-1
363,47,1620.09,548.91,208.98,334.81,1,-1,-1,-1
363,34,690.88,633.94,94.99,243.66,1,-1,-1,-1
363,24,1248.16,522.27,201.87,366.12,1,-1,-1,-1
363,18,594.05,546.58,136.08,335.66,1,-1,-1,-1
363,12,1824.61,511.10,95.39,357.30,1,-1,-1,-1
363,10,1601.89,582.67,161.94,297.30,1,-1,-1,-1
363,4,405.67,528.43,172.17,358.94,1,-1,-1,-1
363,3,3.31,519.27,177.92,357.06,1,-1,-1,-1
364,85,1156.74,659.09,83.88,215.15,1,-1,-1,-1
364,82,734.48,659.39,78.81,217.35,1,-1,-1,-1
364,79,949.50,555.37,153.48,334.37,1,-1,-1,-1
364,75,283.02,601.12,123.24,273.20,1,-1,-1,-1
364,74,1341.17,499.66,184.45,392.69,1,-1,-1,-1
364,72,133.96,567.87,213.80,309.66,1,-1,-1,-1
364,71,1181.79,633.84,96.20,241.88,1,-1,-1,-1
364,68,860.26,491.58,151.73,403.26,1,-1,-1,-1
364,65,1516.69,630.04,105.08,249.05,1,-1,-1,-1
364,47,1632.72,544.96,192.19,338.43,1,-1,-1,-1
364,34,691.54,636.43,92.31,240.55,1,-1,-1,-1
364,24,1239.65,520.74,208.18,370.03,1,-1,-1,-1
364,18,583.52,548.01,163.25,334.06,1,-1,-1,-1
364,12,1821.49,512.19,98.51,357.77,1,-1,-1,-1
364,10,1590.71,589.21,169.70,287.60,1,-1,-1,-1
364,4,404.27,529.28,172.91,357.24,1,-1,-1,-1
364,3,2.85,521.24,176.94,354.39,1,-1,-1,-1
365,85,1155.71,661.62,79.24,211.06,1,-1,-1,-1
365,82,735.05,661.71,78.64,216.10,1,-1,-1,-1
365,79,946.76,550.43,160.77,339.01,1,-1,-1,-1
365,75,281.22,600.94,123.88,272.93,1,-1,-1,-1
365,74,1340.79,500.48,185.03,391.39,1,-1,-1,-1
365,72,136.98,566.68,210.17,309.26,1,-1,-1,-1
365,71,1188.44,629.15,99.05,245.14,1,-1,-1,-1
365,68,861.91,491.96,150.02,404.40,1,-1,-1,-1
365,65,1516.78,630.07,103.16,248.05,1,-1,-1,-1
365,47,1633.19,547.14,191.79,335.09,1,-1,-1,-1
365,34,685.80,635.16,94.84,243.05,1,-1,-1,-1
365,24,1244.30,518.74,171.85,365.11,1,-1,-1,-1
365,18,529.44,546.57,216.08,336.06,1,-1,-1,-1
365,12,1817.48,513.90,102.52,355.33,1,-1,-1,-1
365,10,1592.15,576.92,171.90,307.23,1,-1,-1,-1
365,4,402.79,528.29,170.13,357.86,1,-1,-1,-1
365,3,1.94,523.67,175.35,352.30,1,-1,-1,-1
366,85,1154.26,643.91,101.73,229.17,1,-1,-1,-1
366,84,1558.68,602.90,129.97,268.23,1,-1,-1,-1
366,82,731.52,660.94,80.06,214.41,1,-1,-1,-1
366,79,951.50,542.78,150.94,345.13,1,-1,-1,-1
366,75,248.24,601.29,154.53,276.74,1,-1,-1,-1
366,74,1338.92,500.35,187.27,391.47,1,-1,-1,-1
366,72,140.06,569.48,210.99,308.40,1,-1,-1,-1
366,71,1164.22,629.98,107.04,247.15,1,-1,-1,-1
366,68,857.29,490.84,150.07,401.92,1,-1,-1,-1
366,65,1514.03,628.01,109.53,249.23,1,-1,-1,-1
366,47,1628.51,543.24,195.52,340.23,1,-1,-1,-1
366,34,678.42,624.25,100.43,254.83,1,-1,-1,-1
366,24,1251.91,514.20,165.02,369.65,1,-1,-1,-1
366,18,561.19,539.19,185.60,342.25,1,-1,-1,-1
366,12,1816.04,520.79,103.96,346.91,1,-1,-1,-1
366,4,400.34,530.62,174.43,355.01,1,-1,-1,-1
366,3,1.42,524.21,173.66,351.86,1,-1,-1,-1
367,85,1154.14,638.75,106.98,234.94,1,-1,-1,-1
367,84,1563.15,637.83,110.59,199.50,1,-1,-1,-1
367,82,728.29,651.80,80.62,222.46,1,-1,-1,-1
367,79,953.53,536.95,137.62,352.62,1,-1,-1,-1
367,75,252.01,599.85,150.70,279.78,1,-1,-1,-1
367,74,1337.14,499.74,188.81,391.99,1,-1,-1,-1
367,73,1221.22,547.63,124.69,329.56,1,-1,-1,-1
367,72,140.77,567.68,209.81,310.73,1,-1,-1,-1
367,71,1160.68,629.43,109.43,247.11,1,-1,-1,-1
367,68,854.40,492.71,148.47,400.14,1,-1,-1,-1
367,65,1513.88,627.79,111.07,248.60,1,-1,-1,-1
367,47,1583.81,541.86,235.50,341.59,1,-1,-1,-1
367,34,677.55,633.71,107.86,245.82,1,-1,-1,-1
367,24,1263.19,514.45,157.07,365.82,1,-1,-1,-1
367,18,547.97,539.89,194.13,344.94,1,-1,-1,-1
367,12,1814.07,522.06,105.93,345.32,1,-1,-1,-1
367,4,397.91,530.59,173.91,354.25,1,-1,-1,-1
367,3,1.79,524.76,173.22,352.55,1,-1,-1,-1
368,85,1158.05,646.30,93.57,222.29,1,-1,-1,-1
368,82,725.44,650.36,82.59,222.42,1,-1,-1,-1
368,79,964.57,532.59,128.31,358.63,1,-1,-1,-1
368,75,255.44,599.00,147.41,280.11,1,-1,-1,-1
368,74,1339.41,499.81,185.40,395.22,1,-1,-1,-1
368,73,1230.27,520.96,132.77,361.45,1,-1,-1,-1
368,72,144.42,562.11,206.90,315.15,1,-1,-1,-1
368,71,1155.62,629.21,111.70,250.19,1,-1,-1,-1
368,68,852.13,493.63,152.39,400.23,1,-1,-1,-1
368,65,1513.04,615.70,127.67,259.67,1,-1,-1,-1
368,47,1604.52,537.29,175.61,345.67,1,-1,-1,-1
368,42,537.84,618.64,134.22,257.91,1,-1,-1,-1
368,34,688.49,637.11,113.00,239.69,1,-1,-1,-1
368,24,1250.70,514.25,161.85,367.16,1,-1,-1,-1
368,18,575.63,542.37,170.81,338.04,1,-1,-1,-1
368,12,1814.00,519.34,106.00,349.46,1,-1,-1,-1
368,4,394.88,531.47,173.30,353.31,1,-1,-1,-1
368,3,1.71,524.85,173.34,351.92,1,-1,-1,-1
369,82,724.51,647.45,83.62,228.55,1,-1,-1,-1
369,79,960.19,529.10,127.83,362.52,1,-1,-1,-1
369,75,252.05,599.67,150.05,279.09,1,-1,-1,-1
369,74,1340.96,499.14,183.39,396.28,1,-1,-1,-1
369,73,1229.43,537.99,123.35,330.72,1,-1,-1,-1
369,72,146.25,558.21,202.26,320.42,1,-1,-1,-1
369,71,1160.35,628.57,110.26,252.27,1,-1,-1,-1
369,68,851.98,494.82,147.32,397.78,1,-1,-1,-1
369,65,1512.58,606.75,128.93,268.86,1,-1,-1,-1
369,47,1603.87,534.92,206.36,347.62,1,-1,-1,-1
369,42,535.51,620.30,131.99,252.88,1,-1,-1,-1
369,34,692.51,638.79,113.17,240.14,1,-1,-1,-1
369,24,1228.05,511.77,174.97,370.84,1,-1,-1,-1
369,18,574.14,539.00,172.62,341.96,1,-1,-1,-1
369,12,1812.02,530.12,107.98,336.34,1,-1,-1,-1
369,4,394.14,531.83,175.05,352.09,1,-1,-1,-1
369,3,2.19,525.28,172.82,350.22,1,-1,-1,-1
370,79,958.94,526.03,131.63,363.22,1,-1,-1,-1
370,75,260.64,600.03,142.13,277.98,1,-1,-1,-1
370,74,1342.45,500.94,182.64,389.02,1,-1,-1,-1
370,72,153.29,553.30,194.42,324.93,1,-1,-1,-1
370,68,849.24,496.58,147.19,396.09,1,-1,-1,-1
370,65,1511.97,613.38,120.99,261.15,1,-1,-1,-1
370,47,1636.65,533.23,184.24,350.79,1,-1,-1,-1
370,42,530.40,617.77,130.18,251.12,1,-1,-1,-1
370,34,690.43,638.23,115.00,241.54,1,-1,-1,-1
370,24,1246.89,512.55,154.85,369.36,1,-1,-1,-1
370,18,570.44,535.18,176.07,347.75,1,-1,-1,-1
370,12,1811.35,534.39,108.65,330.50,1,-1,-1,-1
370,4,393.09,533.12,173.04,350.45,1,-1,-1,-1
370,3,2.14,526.08,173.54,348.88,1,-1,-1,-1
371,85,1152.19,632.80,96.98,245.72,1,-1,-1,-1
371,79,961.66,519.47,134.46,370.00,1,-1,-1,-1
371,75,255.75,602.46,147.69,275.69,1,-1,-1,-1
371,74,1351.70,501.52,171.02,389.80,1,-1,-1,-1
371,72,162.87,548.24,184.09,330.98,1,-1,-1,-1
371,68,844.41,498.94,148.50,393.93,1,-1,-1,-1
371,65,1515.92,601.04,149.75,273.91,1,-1,-1,-1
371,47,1641.05,528.02,180.52,356.73,1,-1,-1,-1
371,42,530.27,617.65,134.13,246.37,1,-1,-1,-1
371,34,690.98,638.70,114.49,240.97,1,-1,-1,-1
371,24,1262.19,519.53,132.88,365.16,1,-1,-1,-1
371,18,573.70,535.93,175.92,346.58,1,-1,-1,-1
371,12,1819.90,536.12,100.10,329.52,1,-1,-1,-1
371,4,390.27,535.79,172.06,348.42,1,-1,-1,-1
371,3,2.22,526.69,175.32,349.59,1,-1,-1,-1
372,85,1150.81,632.57,103.75,247.94,1,-1,-1,-1
372,79,964.58,517.53,133.45,372.00,1,-1,-1,-1
372,75,261.81,602.44,141.47,275.37,1,-1,-1,-1
372,74,1355.96,501.75,163.86,390.86,1,-1,-1,-1
372,72,164.03,546.95,185.28,334.19,1,-1,-1,-1
372,71,1151.63,628.64,104.52,253.22,1,-1,-1,-1
372,68,844.90,503.03,144.94,389.43,1,-1,-1,-1
372,65,1516.27,600.96,125.28,272.65,1,-1,-1,-1
372,47,1644.65,526.28,174.40,357.38,1,-1,-1,-1
372,42,521.33,618.76,140.53,248.38,1,-1,-1,-1
372,34,686.23,638.49,120.57,239.09,1,-1,-1,-1
372,24,1262.77,525.02,134.57,358.37,1,-1,-1,-1
372,18,578.33,537.23,170.37,343.92,1,-1,-1,-1
372,12,1829.21,531.76,90.79,334.09,1,-1,-1,-1
372,10,1517.05,599.50,172.90,277.33,1,-1,-1,-1
372,4,388.95,536.52,171.27,347.95,1,-1,-1,-1
372,3,1.94,526.70,176.78,348.91,1,-1,-1,-1
373,85,1151.64,633.51,98.98,243.83,1,-1,-1,-1
373,79,963.50,517.73,135.94,372.96,1,-1,-1,-1
373,75,266.68,602.62,136.36,273.87,1,-1,-1,-1
373,74,1360.17,502.33,156.07,391.48,1,-1,-1,-1
373,73,1225.23,602.67,109.28,272.58,1,-1,-1,-1
373,72,164.12,546.38,185.04,335.05,1,-1,-1,-1
373,71,1149.61,616.58,114.76,264.96,1,-1,-1,-1
373,68,847.30,505.04,141.86,388.29,1,-1,-1,-1
373,65,1520.35,604.72,126.43,265.34,1,-1,-1,-1
373,47,1645.79,523.40,170.86,358.87,1,-1,-1,-1
373,42,520.90,620.93,141.87,244.61,1,-1,-1,-1
373,34,683.58,635.96,123.82,240.60,1,-1,-1,-1
373,24,1259.28,535.71,143.09,344.62,1,-1,-1,-1
373,18,581.06,537.40,170.71,345.55,1,-1,-1,-1
373,12,1837.28,533.89,82.72,330.70,1,-1,-1,-1
373,10,1519.32,599.01,197.64,279.54,1,-1,-1,-1
373,4,390.58,536.70,168.23,347.03,1,-1,-1,-1
373,3,1.80,526.83,176.46,348.23,1,-1,-1,-1
374,79,967.99,515.97,135.73,373.79,1,-1,-1,-1
374,75,261.76,603.24,141.45,273.08,1,-1,-1,-1
374,74,1367.92,501.14,149.93,393.11,1,-1,-1,-1
374,73,1222.75,586.67,121.47,301.18,1,-1,-1,-1
374,72,162.50,545.96,185.14,334.86,1,-1,-1,-1
374,71,1161.00,611.06,109.04,269.00,1,-1,-1,-1
374,68,845.53,506.25,143.94,386.77,1,-1,-1,-1
374,47,1648.42,523.16,168.20,358.05,1,-1,-1,-1
374,42,519.44,622.97,141.76,244.32,1,-1,-1,-1
374,34,679.68,636.62,126.82,241.99,1,-1,-1,-1
374,24,1258.32,538.09,147.91,345.03,1,-1,-1,-1
374,18,586.38,536.54,165.67,345.87,1,-1,-1,-1
374,12,1851.75,518.59,68.25,348.36,1,-1,-1,-1
374,10,1520.63,600.52,211.60,279.16,1,-1,-1,-1
374,4,390.27,538.64,167.14,345.78,1,-1,-1,-1
374,3,1.84,526.99,179.87,346.16,1,-1,-1,-1
375,79,968.33,515.84,129.52,374.70,1,-1,-1,-1
375,75,260.62,603.71,141.94,272.25,1,-1,-1,-1
375,74,1378.25,501.61,146.80,392.39,1,-1,-1,-1
375,72,160.08,546.98,186.37,333.92,1,-1,-1,-1
375,71,1164.23,614.67,110.11,262.30,1,-1,-1,-1
375,68,839.22,506.84,149.18,386.77,1,-1,-1,-1
375,47,1651.78,523.59,161.68,357.42,1,-1,-1,-1
375,42,516.84,620.67,144.37,246.46,1,-1,-1,-1
375,34,680.28,633.16,125.10,246.02,1,-1,-1,-1
375,24,1259.35,534.62,145.99,352.50,1,-1,-1,-1
375,18,588.61,534.58,162.39,347.61,1,-1,-1,-1
375,12,1856.35,540.64,63.65,325.90,1,-1,-1,-1
375,10,1523.26,602.19,199.20,276.90,1,-1,-1,-1
375,4,387.77,539.27,167.92,345.00,1,-1,-1,-1
375,3,2.40,526.80,179.67,344.78,1,-1,-1,-1
376,85,1138.78,631.74,106.90,242.07,1,-1,-1,-1
376,79,959.30,516.93,135.58,371.77,1,-1,-1,-1
376,75,260.98,605.39,162.69,270.87,1,-1,-1,-1
376,74,1393.49,501.97,129.88,391.12,1,-1,-1,-1
376,72,150.76,546.04,201.44,331.68,1,-1,-1,-1
376,71,1167.62,621.69,111.45,255.44,1,-1,-1,-1
376,68,827.68,519.93,150.74,371.07,1,-1,-1,-1
376,47,1657.50,523.68,150.25,359.27,1,-1,-1,-1
376,42,521.25,624.75,145.97,241.66,1,-1,-1,-1
376,34,678.29,640.68,127.36,236.84,1,-1,-1,-1
376,24,1245.77,521.85,149.55,363.47,1,-1,-1,-1
376,18,592.63,531.97,156.02,350.61,1,-1,-1,-1
376,12,1865.59,536.47,54.41,339.14,1,-1,-1,-1
376,10,1532.69,604.12,187.41,272.88,1,-1,-1,-1
376,4,386.56,537.78,160.49,345.51,1,-1,-1,-1
376,3,1.11,527.21,181.53,348.37,1,-1,-1,-1
377,85,1147.55,619.48,114.32,255.67,1,-1,-1,-1
377,79,956.89,517.11,134.33,372.20,1,-1,-1,-1
377,75,249.64,605.78,154.21,268.93,1,-1,-1,-1
377,74,1400.71,506.16,125.87,385.07,1,-1,-1,-1
377,72,152.07,543.43,205.95,333.16,1,-1,-1,-1
377,71,1166.37,616.11,112.17,264.01,1,-1,-1,-1
377,68,833.58,517.81,141.21,372.27,1,-1,-1,-1
377,47,1663.79,521.90,150.57,361.68,1,-1,-1,-1
377,42,533.74,635.69,140.53,228.89,1,-1,-1,-1
377,34,684.16,648.98,121.51,227.22,1,-1,-1,-1
377,24,1243.28,515.66,147.57,371.32,1,-1,-1,-1
377,18,592.94,531.41,152.35,349.54,1,-1,-1,-1
377,12,1860.57,546.93,59.43,316.28,1,-1,-1,-1
377,10,1542.67,603.94,187.62,277.11,1,-1,-1,-1
377,4,382.20,538.95,164.27,343.83,1,-1,-1,-1
377,3,2.51,529.92,179.09,339.42,1,-1,-1,-1
378,85,1138.09,629.23,112.38,237.47,1,-1,-1,-1
378,79,959.24,516.81,129.31,369.65,1,-1,-1,-1
378,75,242.92,607.30,160.20,268.47,1,-1,-1,-1
378,74,1398.74,509.24,177.61,379.00,1,-1,-1,-1
378,72,162.15,534.50,196.09,337.85,1,-1,-1,-1
378,68,843.66,524.86,129.87,365.00,1,-1,-1,-1
378,47,1659.11,521.44,164.54,359.55,1,-1,-1,-1
378,42,546.94,632.90,124.44,235.46,1,-1,-1,-1
378,34,694.71,646.93,112.70,228.51,1,-1,-1,-1
378,24,1233.18,510.79,154.23,377.03,1,-1,-1,-1
378,18,596.92,529.21,147.21,352.94,1,-1,-1,-1
378,12,1858.87,547.63,61.13,320.66,1,-1,-1,-1
378,10,1542.28,604.29,181.57,276.30,1,-1,-1,-1
378,4,380.67,539.39,159.37,345.21,1,-1,-1,-1
378,3,17.53,532.79,163.04,328.18,1,-1,-1,-1
379,85,1138.11,629.35,119.69,241.15,1,-1,-1,-1
379,79,944.21,517.05,145.76,368.89,1,-1,-1,-1
379,75,252.05,606.97,156.04,268.86,1,-1,-1,-1
379,74,1405.99,517.37,185.81,369.53,1,-1,-1,-1
379,72,177.40,525.30,183.00,344.27,1,-1,-1,-1
379,68,837.81,532.84,139.37,360.72,1,-1,-1,-1
379,42,556.10,639.48,117.92,228.65,1,-1,-1,-1
379,34,684.68,638.54,124.55,232.89,1,-1,-1,-1
379,24,1235.84,506.79,147.35,378.51,1,-1,-1,-1
379,18,593.62,533.81,145.71,345.94,1,-1,-1,-1
379,12,1857.43,549.11,62.57,319.21,1,-1,-1,-1
379,10,1544.54,606.22,179.80,272.08,1,-1,-1,-1
379,4,379.28,540.79,155.72,345.18,1,-1,-1,-1
379,3,2.44,536.17,181.98,330.03,1,-1,-1,-1
380,88,1667.81,519.17,156.78,354.05,1,-1,-1,-1
380,85,1136.08,634.34,121.94,234.83,1,-1,-1,-1
380,79,942.76,515.83,146.96,373.58,1,-1,-1,-1
380,75,262.61,610.38,146.98,258.36,1,-1,-1,-1
380,74,1406.75,509.85,177.73,358.92,1,-1,-1,-1
380,72,185.10,521.81,174.07,351.62,1,-1,-1,-1
380,71,1137.78,625.40,148.19,246.37,1,-1,-1,-1
380,68,832.39,542.40,147.26,348.91,1,-1,-1,-1
380,42,548.18,635.50,131.48,236.22,1,-1,-1,-1
380,34,674.90,646.74,140.83,226.07,1,-1,-1,-1
380,24,1224.39,507.22,153.46,381.23,1,-1,-1,-1
380,18,588.82,531.09,150.30,343.44,1,-1,-1,-1
380,12,1855.12,551.31,64.88,317.47,1,-1,-1,-1
380,10,1546.33,609.11,163.71,267.39,1,-1,-1,-1
380,4,369.31,542.41,160.54,342.48,1,-1,-1,-1
380,3,39.95,538.08,145.13,325.39,1,-1,-1,-1
381,88,1672.63,512.55,153.01,363.52,1,-1,-1,-1
381,85,1133.37,642.16,127.98,223.66,1,-1,-1,-1
381,79,943.88,515.12,142.57,374.32,1,-1,-1,-1
381,75,297.97,621.69,115.13,239.62,1,-1,-1,-1
381,74,1421.41,525.09,190.66,363.35,1,-1,-1,-1
381,72,154.92,523.16,195.31,343.36,1,-1,-1,-1
381,71,1149.87,620.69,132.23,254.62,1,-1,-1,-1
381,68,812.92,560.97,171.09,327.23,1,-1,-1,-1
381,34,726.51,661.91,106.72,205.04,1,-1,-1,-1
381,24,1220.26,510.50,148.95,375.19,1,-1,-1,-1
381,18,577.05,539.14,160.55,334.57,1,-1,-1,-1
381,12,1845.74,560.08,74.26,310.92,1,-1,-1,-1
381,10,1526.89,622.60,163.57,258.49,1,-1,-1,-1
381,4,361.31,551.88,165.87,331.89,1,-1,-1,-1
381,3,5.88,557.92,181.31,299.30,1,-1,-1,-1
382,85,1140.09,647.77,113.92,218.76,1,-1,-1,-1
382,79,931.08,517.47,157.55,373.95,1,-1,-1,-1
382,75,293.33,631.11,119.25,238.71,1,-1,-1,-1
382,74,1414.60,543.52,215.22,351.52,1,-1,-1,-1
382,72,135.23,530.92,208.38,338.99,1,-1,-1,-1
382,68,816.96,584.19,167.53,300.64,1,-1,-1,-1
382,34,727.29,663.03,119.34,206.33,1,-1,-1,-1
382,24,1217.16,519.58,152.19,371.20,1,-1,-1,-1
382,18,594.48,555.78,155.30,322.27,1,-1,-1,-1
382,12,1807.76,569.35,112.24,302.09,1,-1,-1,-1
382,10,1516.90,632.67,162.94,246.28,1,-1,-1,-1
382,4,357.31,561.31,166.30,325.07,1,-1,-1,-1
382,3,2.87,573.20,177.09,287.50,1,-1,-1,-1
383,85,1140.38,651.02,140.74,223.24,1,-1,-1,-1
383,79,925.08,518.03,163.70,369.43,1,-1,-1,-1
383,75,285.64,620.94,135.09,254.02,1,-1,-1,-1
383,74,1425.75,559.38,210.56,340.75,1,-1,-1,-1
383,72,108.27,545.65,290.26,335.37,1,-1,-1,-1
383,68,820.29,564.91,155.44,336.86,1,-1,-1,-1
383,47,1623.25,550.57,269.75,334.81,1,-1,-1,-1
383,34,723.97,655.52,121.00,220.35,1,-1,-1,-1
383,24,1214.50,520.77,151.69,366.02,1,-1,-1,-1
383,18,538.49,569.27,211.59,313.45,1,-1,-1,-1
383,12,1806.74,574.44,113.12,294.97,1,-1,-1,-1
383,10,1506.50,633.71,180.85,244.57,1,-1,-1,-1
383,4,351.60,574.04,167.10,312.26,1,-1,-1,-1
383,3,3.23,572.13,178.04,297.41,1,-1,-1,-1
384,85,1145.60,663.83,141.84,215.21,1,-1,-1,-1
384,79,920.12,517.72,188.44,367.84,1,-1,-1,-1
384,74,1418.50,563.79,213.95,338.67,1,-1,-1,-1
384,73,1246.92,630.27,206.29,251.26,1,-1,-1,-1
384,72,119.65,558.95,299.58,323.16,1,-1,-1,-1
384,47,1641.58,547.20,253.00,340.01,1,-1,-1,-1
384,40,757.07,620.71,224.07,268.61,1,-1,-1,-1
384,24,1214.04,515.14,154.31,369.86,1,-1,-1,-1
384,18,534.35,577.21,215.49,308.95,1,-1,-1,-1
384,12,1800.67,583.19,119.33,292.56,1,-1,-1,-1
384,10,1513.88,624.79,171.84,256.55,1,-1,-1,-1
384,4,361.49,587.54,153.98,300.13,1,-1,-1,-1
384,3,1.88,588.74,179.91,282.84,1,-1,-1,-1
385,85,1151.55,672.31,137.25,201.71,1,-1,-1,-1
385,79,919.89,516.05,200.92,374.43,1,-1,-1,-1
385,74,1432.95,560.92,201.91,333.54,1,-1,-1,-1
385,73,1225.37,509.24,204.53,378.94,1,-1,-1,-1
385,72,140.47,560.64,269.59,321.88,1,-1,-1,-1
385,47,1658.82,536.14,240.80,349.16,1,-1,-1,-1
385,40,765.36,609.94,208.88,281.35,1,-1,-1,-1
385,24,1222.68,509.75,141.28,379.00,1,-1,-1,-1
385,18,537.74,573.57,203.57,315.10,1,-1,-1,-1
385,12,1823.68,583.95,96.32,291.11,1,-1,-1,-1
385,10,1495.18,613.19,181.84,268.72,1,-1,-1,-1
385,4,355.63,587.35,159.21,303.70,1,-1,-1,-1
385,3,2.48,583.88,190.60,294.64,1,-1,-1,-1
386,85,1141.69,651.17,139.81,227.74,1,-1,-1,-1
386,79,922.71,510.75,173.60,383.70,1,-1,-1,-1
386,75,305.60,633.22,137.32,231.65,1,-1,-1,-1
386,74,1463.86,548.26,161.32,333.25,1,-1,-1,-1
386,73,1218.54,491.62,209.39,382.82,1,-1,-1,-1
386,72,140.76,533.36,232.76,335.08,1,-1,-1,-1
386,47,1692.39,501.92,225.50,380.23,1,-1,-1,-1
386,40,765.77,580.68,189.01,306.63,1,-1,-1,-1
386,24,1215.42,511.88,149.93,375.00,1,-1,-1,-1
386,18,529.33,549.16,181.33,331.85,1,-1,-1,-1
386,12,1850.38,585.75,69.62,285.13,1,-1,-1,-1
386,10,1500.87,648.75,178.39,233.45,1,-1,-1,-1
386,4,360.15,573.67,149.88,306.10,1,-1,-1,-1
386,3,16.26,565.13,192.92,308.44,1,-1,-1,-1
387,85,1160.37,628.67,127.80,249.25,1,-1,-1,-1
387,79,917.59,509.94,159.68,381.48,1,-1,-1,-1
387,75,328.32,628.38,112.19,234.92,1,-1,-1,-1
387,74,1472.73,545.80,153.47,344.95,1,-1,-1,-1
387,73,1232.17,527.46,196.20,326.92,1,-1,-1,-1
387,72,154.83,520.34,211.25,353.88,1,-1,-1,-1
387,71,1128.90,652.86,103.25,222.06,1,-1,-1,-1
387,47,1708.15,496.36,211.45,383.95,1,-1,-1,-1
387,40,766.17,571.19,140.07,312.69,1,-1,-1,-1
387,26,1010.49,603.36,114.66,283.22,1,-1,-1,-1
387,18,527.44,543.74,163.06,336.10,1,-1,-1,-1
387,12,1858.03,584.53,61.97,280.13,1,-1,-1,-1
387,10,1496.11,635.42,177.04,253.27,1,-1,-1,-1
387,4,364.43,569.35,150.47,310.57,1,-1,-1,-1
387,3,23.84,560.84,189.26,312.92,1,-1,-1,-1
388,85,1141.79,641.84,138.78,236.98,1,-1,-1,-1
388,79,914.76,507.17,147.83,380.21,1,-1,-1,-1
388,75,334.22,625.47,109.31,243.05,1,-1,-1,-1
388,74,1469.95,543.00,167.59,344.69,1,-1,-1,-1
388,72,140.91,509.91,185.45,361.88,1,-1,-1,-1
388,71,1121.11,646.75,113.93,225.19,1,-1,-1,-1
388,47,1716.81,490.20,192.22,390.44,1,-1,-1,-1
388,42,632.08,653.30,115.60,215.77,1,-1,-1,-1
388,40,763.07,565.84,143.09,316.81,1,-1,-1,-1
388,26,1003.54,597.26,140.00,284.98,1,-1,-1,-1
388,18,526.40,529.52,178.84,348.79,1,-1,-1,-1
388,12,1862.10,581.06,57.90,291.66,1,-1,-1,-1
388,4,345.67,573.29,174.55,307.10,1,-1,-1,-1
388,3,48.80,562.70,180.51,306.73,1,-1,-1,-1
389,85,1139.71,637.71,147.21,237.84,1,-1,-1,-1
389,79,913.76,504.40,137.82,384.89,1,-1,-1,-1
389,75,333.87,630.38,121.97,240.71,1,-1,-1,-1
389,74,1474.37,544.32,188.71,339.81,1,-1,-1,-1
389,72,68.34,504.53,228.06,366.03,1,-1,-1,-1
389,71,1117.69,646.68,116.30,231.29,1,-1,-1,-1
389,65,1559.42,661.34,138.83,210.82,1,-1,-1,-1
389,47,1720.76,485.32,181.81,397.19,1,-1,-1,-1
389,42,654.50,649.47,98.62,216.54,1,-1,-1,-1
389,40,760.80,562.81,149.74,319.16,1,-1,-1,-1
389,26,1035.91,600.81,151.52,276.09,1,-1,-1,-1
389,24,1216.03,472.58,194.72,395.45,1,-1,-1,-1
389,18,529.77,520.58,163.68,359.18,1,-1,-1,-1
389,12,1825.51,578.17,94.49,296.98,1,-1,-1,-1
389,4,348.24,570.82,170.22,310.61,1,-1,-1,-1
389,3,54.99,570.34,174.85,297.39,1,-1,-1,-1
390,85,1153.38,634.85,130.42,241.98,1,-1,-1,-1
390,79,909.35,502.19,142.83,382.12,1,-1,-1,-1
390,75,337.25,627.14,115.29,241.62,1,-1,-1,-1
390,74,1488.71,548.59,141.97,334.51,1,-1,-1,-1
390,72,83.78,503.26,195.29,364.60,1,-1,-1,-1
390,65,1554.83,662.98,149.44,214.33,1,-1,-1,-1
390,47,1724.40,482.33,178.24,401.33,1,-1,-1,-1
390,42,656.32,648.00,101.24,222.14,1,-1,-1,-1
390,40,773.27,560.80,131.88,317.12,1,-1,-1,-1
390,26,1043.04,587.20,133.60,292.82,1,-1,-1,-1
390,24,1217.03,472.46,221.26,398.38,1,-1,-1,-1
390,18,529.28,519.08,148.10,362.58,1,-1,-1,-1
390,12,1790.06,567.14,129.62,316.54,1,-1,-1,-1
390,4,351.95,569.70,167.86,311.62,1,-1,-1,-1
390,3,54.45,579.46,169.08,288.36,1,-1,-1,-1
391,85,1154.14,636.63,130.16,226.48,1,-1,-1,-1
391,79,881.01,504.41,178.80,384.95,1,-1,-1,-1
391,75,334.72,631.12,131.31,235.40,1,-1,-1,-1
391,74,1450.15,569.66,197.00,324.22,1,-1,-1,-1
391,72,23.92,508.44,261.57,378.06,1,-1,-1,-1
391,65,1557.51,655.49,164.35,217.56,1,-1,-1,-1
391,47,1733.38,489.00,186.62,394.66,1,-1,-1,-1
391,42,647.36,652.57,165.10,223.24,1,-1,-1,-1
391,40,764.94,579.01,155.37,297.64,1,-1,-1,-1
391,26,1045.02,591.20,163.46,284.04,1,-1,-1,-1
391,24,1232.36,479.97,263.62,414.27,1,-1,-1,-1
391,18,514.31,525.26,170.15,359.18,1,-1,-1,-1
391,12,1815.30,577.90,93.16,299.46,1,-1,-1,-1
391,4,338.84,581.56,193.59,300.93,1,-1,-1,-1
391,3,54.90,573.96,177.66,298.57,1,-1,-1,-1
392,85,1152.96,641.97,144.66,219.52,1,-1,-1,-1
392,79,882.67,503.19,184.36,387.99,1,-1,-1,-1
392,74,1459.47,584.86,206.63,303.78,1,-1,-1,-1
392,72,15.13,508.62,260.54,375.84,1,-1,-1,-1
392,65,1568.08,658.64,145.08,217.92,1,-1,-1,-1
392,47,1748.05,492.21,171.92,394.57,1,-1,-1,-1
392,42,655.13,658.09,182.03,216.44,1,-1,-1,-1
392,40,749.64,582.37,188.53,303.01,1,-1,-1,-1
392,26,1041.87,597.68,176.64,279.51,1,-1,-1,-1
392,24,1234.87,471.91,264.95,420.13,1,-1,-1,-1
392,18,481.13,528.65,215.42,354.92,1,-1,-1,-1
392,4,332.40,589.20,203.96,289.42,1,-1,-1,-1
393,85,1160.08,643.62,130.73,238.27,1,-1,-1,-1
393,79,891.09,503.92,182.49,388.31,1,-1,-1,-1
393,74,1486.31,589.60,164.55,289.61,1,-1,-1,-1
393,72,8.71,509.63,256.91,369.13,1,-1,-1,-1
393,47,1757.67,493.04,162.11,393.38,1,-1,-1,-1
393,42,662.38,661.10,164.28,212.90,1,-1,-1,-1
393,40,754.40,595.82,169.01,288.11,1,-1,-1,-1
393,26,1057.10,606.20,159.99,275.08,1,-1,-1,-1
393,24,1227.09,463.60,288.04,429.36,1,-1,-1,-1
393,18,480.85,530.19,206.60,355.35,1,-1,-1,-1
393,4,325.45,603.62,198.58,277.31,1,-1,-1,-1
394,87,539.41,673.67,168.15,209.43,1,-1,-1,-1
394,85,1160.05,644.24,141.11,236.26,1,-1,-1,-1
394,79,899.67,500.47,156.16,394.88,1,-1,-1,-1
394,74,1451.71,589.94,280.81,288.75,1,-1,-1,-1
394,72,7.17,502.08,246.72,374.79,1,-1,-1,-1
394,47,1757.35,478.32,162.65,407.58,1,-1,-1,-1
394,42,660.19,657.18,169.38,211.63,1,-1,-1,-1
394,40,753.12,598.53,169.49,283.61,1,-1,-1,-1
394,26,1065.90,611.34,175.35,270.72,1,-1,-1,-1
394,24,1232.35,456.94,287.05,433.31,1,-1,-1,-1
394,18,489.80,524.16,190.34,356.93,1,-1,-1,-1
394,4,328.59,613.16,203.27,266.06,1,-1,-1,-1
395,87,535.80,668.63,170.04,220.21,1,-1,-1,-1
395,85,1148.51,640.89,133.30,239.40,1,-1,-1,-1
395,79,898.77,498.42,157.66,395.73,1,-1,-1,-1
395,74,1476.26,584.78,194.85,296.37,1,-1,-1,-1
395,72,11.74,495.00,200.93,382.23,1,-1,-1,-1
395,47,1765.73,464.48,154.27,419.92,1,-1,-1,-1
395,42,661.75,657.30,161.81,207.98,1,-1,-1,-1
395,40,755.24,594.66,165.48,288.76,1,-1,-1,-1
395,26,1070.58,603.35,182.78,281.43,1,-1,-1,-1
395,24,1248.40,449.52,273.31,445.78,1,-1,-1,-1
395,18,485.34,514.87,170.73,368.31,1,-1,-1,-1
395,4,328.11,596.21,201.19,285.20,1,-1,-1,-1
396,87,563.73,674.81,143.38,192.22,1,-1,-1,-1
396,85,1170.67,647.09,116.76,222.30,1,-1,-1,-1
396,79,891.64,485.47,163.43,413.69,1,-1,-1,-1
396,74,1482.45,584.09,203.96,303.50,1,-1,-1,-1
396,72,0.00,480.80,198.23,390.73,1,-1,-1,-1
396,47,1787.69,448.19,132.22,416.38,1,-1,-1,-1
396,42,676.50,653.50,160.86,213.41,1,-1,-1,-1
396,40,771.93,588.82,147.17,287.34,1,-1,-1,-1
396,26,1071.45,600.04,177.88,283.91,1,-1,-1,-1
396,24,1258.66,444.80,260.84,454.16,1,-1,-1,-1
396,18,452.51,503.04,185.36,385.37,1,-1,-1,-1
396,4,324.37,603.92,194.62,267.42,1,-1,-1,-1
396,3,62.53,589.23,201.28,279.31,1,-1,-1,-1
397,87,566.80,676.59,143.95,185.92,1,-1,-1,-1
397,85,1160.73,649.46,123.98,224.62,1,-1,-1,-1
397,79,882.00,478.61,171.78,418.70,1,-1,-1,-1
397,72,1.90,483.57,193.57,372.31,1,-1,-1,-1
397,66,1605.09,653.90,128.79,215.23,1,-1,-1,-1
397,47,1792.32,444.69,127.66,427.29,1,-1,-1,-1
397,42,683.33,653.62,156.80,210.49,1,-1,-1,-1
397,40,781.31,585.26,137.67,288.72,1,-1,-1,-1
397,26,1075.28,601.18,173.60,286.25,1,-1,-1,-1
397,24,1246.90,441.57,273.79,453.88,1,-1,-1,-1
397,18,429.81,501.35,198.18,388.16,1,-1,-1,-1
397,10,1450.98,586.53,191.47,300.75,1,-1,-1,-1
397,4,319.80,604.10,200.48,261.54,1,-1,-1,-1
397,3,87.85,589.52,177.58,277.66,1,-1,-1,-1
398,87,578.02,677.48,133.36,175.77,1,-1,-1,-1
398,85,1155.57,653.20,134.47,224.18,1,-1,-1,-1
398,79,872.13,468.24,183.46,430.72,1,-1,-1,-1
398,72,0.00,488.95,182.87,375.80,1,-1,-1,-1
398,66,1601.10,651.76,135.60,216.23,1,-1,-1,-1
398,47,1789.71,446.51,130.29,425.66,1,-1,-1,-1
398,42,686.17,653.35,159.53,213.67,1,-1,-1,-1
398,40,773.83,590.74,148.14,282.36,1,-1,-1,-1
398,26,1086.79,594.25,171.66,288.62,1,-1,-1,-1
398,24,1258.67,445.42,266.75,444.44,1,-1,-1,-1
398,18,404.79,499.27,224.14,385.24,1,-1,-1,-1
398,10,1442.81,588.46,195.44,297.03,1,-1,-1,-1
398,4,310.33,617.51,223.29,242.50,1,-1,-1,-1
398,3,92.73,593.93,176.93,273.39,1,-1,-1,-1
399,87,578.50,677.99,131.72,174.66,1,-1,-1,-1
399,85,1152.48,656.20,157.67,224.43,1,-1,-1,-1
399,79,860.36,463.13,196.71,438.43,1,-1,-1,-1
399,72,0.00,497.09,156.97,366.52,1,-1,-1,-1
399,71,1049.68,631.48,120.17,246.07,1,-1,-1,-1
399,66,1595.05,651.37,145.13,222.28,1,-1,-1,-1
399,47,1775.97,447.44,144.03,422.86,1,-1,-1,-1
399,42,683.33,654.51,143.01,199.57,1,-1,-1,-1
399,40,766.27,585.96,160.99,280.19,1,-1,-1,-1
399,26,1067.63,598.77,183.90,285.91,1,-1,-1,-1
399,18,397.89,503.17,231.95,384.42,1,-1,-1,-1
399,10,1439.51,587.46,196.30,304.48,1,-1,-1,-1
399,4,348.67,601.04,197.26,277.16,1,-1,-1,-1
399,3,95.10,595.06,173.36,273.28,1,-1,-1,-1
400,91,1230.94,449.13,287.67,444.75,1,-1,-1,-1
400,87,575.74,677.00,137.64,179.16,1,-1,-1,-1
400,85,1159.99,652.48,139.97,230.51,1,-1,-1,-1
400,79,869.33,474.65,176.17,414.09,1,-1,-1,-1
400,72,0.54,501.78,131.12,373.31,1,-1,-1,-1
400,71,1039.73,640.42,120.92,235.25,1,-1,-1,-1
400,66,1590.97,654.58,145.43,218.99,1,-1,-1,-1
400,47,1768.72,445.24,150.99,426.00,1,-1,-1,-1
400,42,680.85,656.32,152.05,200.86,1,-1,-1,-1
400,40,750.18,590.28,170.25,286.73,1,-1,-1,-1
400,26,1055.29,592.05,212.95,293.30,1,-1,-1,-1
400,18,434.46,500.28,183.03,382.03,1,-1,-1,-1
400,10,1432.58,590.30,199.83,299.40,1,-1,-1,-1
400,4,332.48,596.66,239.37,284.41,1,-1,-1,-1
400,3,90.98,596.03,173.96,271.44,1,-1,-1,-1
401,91,1221.83,444.14,297.51,452.68,1,-1,-1,-1
401,87,572.31,680.87,131.67,182.93,1,-1,-1,-1
401,72,0.09,492.35,117.16,391.01,1,-1,-1,-1
401,66,1588.02,666.35,144.15,216.05,1,-1,-1,-1
401,47,1789.46,459.30,130.54,415.85,1,-1,-1,-1
401,42,693.50,630.85,145.95,243.26,1,-1,-1,-1
401,40,707.32,621.30,170.58,261.61,1,-1,-1,-1
401,26,1039.75,604.97,218.62,283.18,1,-1,-1,-1
401,18,401.76,498.98,196.11,383.52,1,-1,-1,-1
401,10,1423.66,597.89,196.50,292.41,1,-1,-1,-1
401,4,341.56,603.15,212.75,273.91,1,-1,-1,-1
401,3,67.42,617.42,192.83,255.68,1,-1,-1,-1
402,87,558.25,678.87,155.57,195.07,1,-1,-1,-1
402,72,0.00,488.34,115.86,391.75,1,-1,-1,-1
402,66,1585.38,670.74,143.52,208.92,1,-1,-1,-1
402,47,1769.72,467.54,150.09,419.29,1,-1,-1,-1
402,42,695.02,646.04,151.52,215.55,1,-1,-1,-1
402,40,709.79,616.51,171.80,271.18,1,-1,-1,-1
402,26,1020.74,579.94,234.77,318.39,1,-1,-1,-1
402,18,349.71,502.79,242.58,381.97,1,-1,-1,-1
402,10,1412.72,601.84,224.10,298.04,1,-1,-1,-1
402,3,83.81,616.68,221.64,269.05,1,-1,-1,-1
403,93,262.54,511.39,328.11,370.41,1,-1,-1,-1
403,87,558.71,682.55,142.74,190.68,1,-1,-1,-1
403,85,1137.03,652.30,136.84,225.33,1,-1,-1,-1
403,79,826.34,483.88,220.97,406.12,1,-1,-1,-1
403,72,-27.78,494.11,148.43,380.05,1,-1,-1,-1
403,66,1587.70,669.46,137.31,209.18,1,-1,-1,-1
403,47,1781.41,558.92,138.00,327.39,1,-1,-1,-1
403,40,679.55,614.00,201.42,275.59,1,-1,-1,-1
403,26,1016.21,600.75,229.23,292.72,1,-1,-1,-1
403,18,366.29,520.81,223.62,363.62,1,-1,-1,-1
403,10,1408.33,601.94,227.60,299.26,1,-1,-1,-1
403,3,79.16,617.33,224.32,269.66,1,-1,-1,-1
404,93,245.57,496.90,344.59,393.04,1,-1,-1,-1
404,91,1265.99,465.11,211.40,429.27,1,-1,-1,-1
404,90,1252.31,677.78,134.89,189.03,1,-1,-1,-1
404,87,566.74,688.17,132.26,183.83,1,-1,-1,-1
404,85,1147.16,650.79,121.30,227.90,1,-1,-1,-1
404,79,829.95,482.86,163.70,389.69,1,-1,-1,-1
404,68,741.67,480.79,321.20,422.76,1,-1,-1,-1
404,66,1589.21,672.49,134.16,202.83,1,-1,-1,-1
404,47,1781.59,510.04,144.21,393.81,1,-1,-1,-1
404,40,683.54,612.68,198.20,281.11,1,-1,-1,-1
404,26,1039.41,608.83,201.14,280.47,1,-1,-1,-1
404,18,359.04,508.84,216.44,379.22,1,-1,-1,-1
404,10,1407.02,607.58,231.00,292.04,1,-1,-1,-1
404,3,84.18,615.12,211.96,273.99,1,-1,-1,-1
405,93,240.39,488.39,348.76,404.03,1,-1,-1,-1
405,91,1254.23,463.97,207.35,403.61,1,-1,-1,-1
405,90,1239.29,675.92,142.17,204.73,1,-1,-1,-1
405,87,569.74,687.50,127.52,184.97,1,-1,-1,-1
405,85,1148.14,655.43,122.68,219.15,1,-1,-1,-1
405,79,832.66,482.91,163.79,396.51,1,-1,-1,-1
405,68,749.18,481.89,312.86,415.02,1,-1,-1,-1
405,66,1586.60,668.81,139.98,210.68,1,-1,-1,-1
405,40,664.37,663.82,167.85,220.95,1,-1,-1,-1
405,26,1043.42,607.07,207.10,282.83,1,-1,-1,-1
405,24,1315.69,585.11,318.39,320.20,1,-1,-1,-1
405,10,1420.48,632.60,215.92,264.66,1,-1,-1,-1
405,3,89.89,612.82,195.50,275.12,1,-1,-1,-1
406,93,241.44,485.91,344.14,405.16,1,-1,-1,-1
406,91,1292.09,549.71,246.17,362.07,1,-1,-1,-1
406,87,561.84,685.85,136.26,188.47,1,-1,-1,-1
406,85,1136.74,651.74,130.03,228.72,1,-1,-1,-1
406,79,814.06,479.36,190.47,400.39,1,-1,-1,-1
406,72,0.14,460.58,43.94,399.57,1,-1,-1,-1
406,68,733.49,481.13,323.91,418.08,1,-1,-1,-1
406,66,1583.46,666.81,141.37,216.27,1,-1,-1,-1
406,40,661.43,665.51,131.57,221.75,1,-1,-1,-1
406,26,1034.43,609.13,215.33,282.99,1,-1,-1,-1
406,24,1309.45,577.20,328.81,328.81,1,-1,-1,-1
406,12,1770.85,611.95,149.15,274.40,1,-1,-1,-1
406,10,1399.36,594.68,240.73,306.64,1,-1,-1,-1
406,3,87.92,608.92,178.85,282.98,1,-1,-1,-1
407,93,234.44,467.18,352.61,434.51,1,-1,-1,-1
407,91,1246.37,436.31,260.08,457.54,1,-1,-1,-1
407,88,1824.44,427.80,95.56,448.92,1,-1,-1,-1
407,87,560.72,688.73,148.81,188.12,1,-1,-1,-1
407,85,1118.82,644.57,145.87,239.13,1,-1,-1,-1
407,72,0.00,459.57,43.33,410.29,1,-1,-1,-1
407,68,734.60,460.09,321.53,445.43,1,-1,-1,-1
407,66,1579.61,672.37,144.80,210.14,1,-1,-1,-1
407,42,713.30,603.30,201.02,297.74,1,-1,-1,-1
407,40,659.54,664.02,152.35,229.64,1,-1,-1,-1
407,26,1017.49,602.94,227.89,291.13,1,-1,-1,-1
407,24,1209.16,435.40,426.37,474.24,1,-1,-1,-1
407,12,1768.15,615.16,151.16,275.97,1,-1,-1,-1
407,10,1405.83,606.29,223.94,293.89,1,-1,-1,-1
407,3,82.03,600.86,168.61,271.86,1,-1,-1,-1
408,93,236.06,465.93,337.63,432.72,1,-1,-1,-1
408,91,1276.41,440.57,242.45,455.47,1,-1,-1,-1
408,90,1236.57,674.37,155.14,211.88,1,-1,-1,-1
408,88,1821.06,432.90,112.73,431.53,1,-1,-1,-1
408,87,567.49,690.36,145.01,186.06,1,-1,-1,-1
408,85,1134.10,639.89,136.88,243.58,1,-1,-1,-1
408,72,0.00,472.83,37.14,400.24,1,-1,-1,-1
408,68,745.88,449.09,309.18,456.03,1,-1,-1,-1
408,66,1580.19,669.38,149.06,207.35,1,-1,-1,-1
408,42,722.06,603.04,182.88,297.76,1,-1,-1,-1
408,40,660.87,663.87,158.12,226.17,1,-1,-1,-1
408,26,1011.03,598.25,240.44,300.05,1,-1,-1,-1
408,24,1260.63,451.47,371.65,453.20,1,-1,-1,-1
408,12,1769.09,610.97,150.02,277.36,1,-1,-1,-1
408,3,77.81,605.81,168.47,265.95,1,-1,-1,-1
409,93,232.64,455.21,316.02,440.64,1,-1,-1,-1
409,91,1293.37,417.01,254.35,489.35,1,-1,-1,-1
409,90,1237.05,682.16,140.92,203.55,1,-1,-1,-1
409,87,566.31,691.44,145.55,187.34,1,-1,-1,-1
409,85,1134.67,642.76,140.42,233.83,1,-1,-1,-1
409,72,-24.53,473.73,65.95,387.94,1,-1,-1,-1
409,68,738.11,447.22,324.27,455.58,1,-1,-1,-1
409,66,1551.09,667.24,186.89,208.96,1,-1,-1,-1
409,42,728.74,612.88,185.42,278.56,1,-1,-1,-1
409,40,663.34,636.02,179.59,252.23,1,-1,-1,-1
409,26,1021.52,575.32,244.03,312.82,1,-1,-1,-1
409,24,1306.25,420.54,325.28,487.85,1,-1,-1,-1
409,12,1769.51,609.75,149.93,278.36,1,-1,-1,-1
409,3,74.41,604.69,166.77,268.28,1,-1,-1,-1
410,93,233.32,361.63,305.27,536.99,1,-1,-1,-1
410,91,1294.88,447.24,242.36,434.71,1,-1,-1,-1
410,87,565.12,690.54,143.63,190.87,1,-1,-1,-1
410,85,1112.08,631.97,155.69,249.00,1,-1,-1,-1
410,68,735.49,437.90,327.38,469.07,1,-1,-1,-1
410,66,1513.60,660.21,235.21,217.91,1,-1,-1,-1
410,40,663.34,664.59,118.95,222.12,1,-1,-1,-1
410,26,1071.32,601.89,182.87,282.51,1,-1,-1,-1
410,24,1280.12,368.53,311.01,533.44,1,-1,-1,-1
410,12,1768.83,610.90,150.81,282.02,1,-1,-1,-1
410,10,1359.25,580.80,287.27,313.50,1,-1,-1,-1
410,3,75.52,598.64,161.09,279.12,1,-1,-1,-1
411,93,237.98,367.90,288.01,532.66,1,-1,-1,-1
411,87,563.90,689.96,156.13,193.77,1,-1,-1,-1
411,85,1120.71,636.89,143.60,241.20,1,-1,-1,-1
411,68,730.68,350.57,324.32,558.90,1,-1,-1,-1
411,66,1583.65,666.70,167.68,219.31,1,-1,-1,-1
411,40,661.76,668.00,122.24,225.63,1,-1,-1,-1
411,26,1025.54,544.23,230.77,353.58,1,-1,-1,-1
411,24,1297.56,391.34,315.81,514.29,1,-1,-1,-1
411,12,1772.62,603.59,146.17,291.95,1,-1,-1,-1
411,10,1371.00,598.97,296.43,320.28,1,-1,-1,-1
411,3,72.62,605.00,164.05,274.80,1,-1,-1,-1
412,93,233.51,452.80,284.12,454.42,1,-1,-1,-1
412,90,1293.26,596.64,151.92,320.05,1,-1,-1,-1
412,87,565.70,690.32,145.60,194.98,1,-1,-1,-1
412,68,736.56,426.94,314.90,482.49,1,-1,-1,-1
412,66,1555.72,657.15,191.99,245.31,1,-1,-1,-1
412,42,720.12,611.36,154.94,293.74,1,-1,-1,-1
412,40,643.89,663.81,144.75,235.43,1,-1,-1,-1
412,26,1006.24,606.73,259.82,303.28,1,-1,-1,-1
412,24,1287.20,404.63,340.18,476.88,1,-1,-1,-1
412,12,1778.67,575.97,141.12,319.06,1,-1,-1,-1
412,10,1375.92,572.53,303.62,349.93,1,-1,-1,-1
412,3,77.66,594.08,169.64,290.47,1,-1,-1,-1
413,93,232.93,473.25,282.63,430.67,1,-1,-1,-1
413,90,1299.96,607.33,157.30,302.17,1,-1,-1,-1
413,87,565.79,690.17,148.82,193.93,1,-1,-1,-1
413,68,729.37,438.86,328.17,479.52,1,-1,-1,-1
413,66,1560.18,668.14,184.31,229.02,1,-1,-1,-1
413,42,718.77,610.62,162.98,297.01,1,-1,-1,-1
413,26,1005.35,606.43,254.65,298.79,1,-1,-1,-1
413,12,1776.74,603.15,143.02,298.92,1,-1,-1,-1
413,10,1380.67,592.81,281.13,314.73,1,-1,-1,-1
413,3,71.49,583.30,177.57,302.84,1,-1,-1,-1
414,93,240.70,462.07,285.99,445.95,1,-1,-1,-1
414,91,1314.44,414.29,260.82,476.96,1,-1,-1,-1
414,90,1296.35,618.23,157.78,282.55,1,-1,-1,-1
414,87,564.34,687.55,153.67,198.21,1,-1,-1,-1
414,85,1133.24,655.12,153.52,236.87,1,-1,-1,-1
414,68,730.63,433.18,327.62,490.52,1,-1,-1,-1
414,66,1555.58,674.87,186.85,223.90,1,-1,-1,-1
414,42,716.65,608.55,184.94,304.96,1,-1,-1,-1
414,26,1009.98,601.01,244.49,304.04,1,-1,-1,-1
414,12,1777.69,620.73,141.62,276.11,1,-1,-1,-1
414,3,59.50,577.40,200.80,308.96,1,-1,-1,-1
415,93,231.18,455.62,291.50,454.29,1,-1,-1,-1
415,91,1331.37,422.05,237.02,458.55,1,-1,-1,-1
415,87,565.08,682.75,172.11,202.61,1,-1,-1,-1
415,85,1134.52,655.90,154.05,237.21,1,-1,-1,-1
415,73,1256.64,682.87,117.76,205.88,1,-1,-1,-1
415,68,733.67,432.19,325.39,491.90,1,-1,-1,-1
415,66,1562.27,678.41,179.37,218.23,1,-1,-1,-1
415,42,718.07,605.94,180.61,304.96,1,-1,-1,-1
415,40,643.78,665.09,184.62,234.38,1,-1,-1,-1
415,26,1006.26,596.71,250.11,305.93,1,-1,-1,-1
415,24,1293.98,414.06,371.73,505.10,1,-1,-1,-1
415,12,1775.89,619.67,143.61,280.05,1,-1,-1,-1
415,3,43.78,584.83,217.94,301.21,1,-1,-1,-1
416,93,235.00,456.56,276.92,451.96,1,-1,-1,-1
416,88,1781.75,416.19,138.25,475.36,1,-1,-1,-1
416,87,563.86,681.69,153.56,202.21,1,-1,-1,-1
416,85,1143.86,657.44,149.70,239.15,1,-1,-1,-1
416,73,1260.83,680.70,122.77,211.88,1,-1,-1,-1
416,68,737.92,430.60,318.83,492.50,1,-1,-1,-1
416,66,1581.13,680.23,157.07,206.13,1,-1,-1,-1
416,42,716.12,611.09,173.47,293.27,1,-1,-1,-1
416,40,647.32,666.35,163.31,237.17,1,-1,-1,-1
416,26,1019.82,601.92,231.84,304.86,1,-1,-1,-1
416,24,1288.40,412.60,368.32,499.81,1,-1,-1,-1
416,12,1758.84,608.70,160.07,288.82,1,-1,-1,-1
416,3,46.75,595.51,204.48,290.84,1,-1,-1,-1
417,93,235.78,393.57,279.62,504.27,1,-1,-1,-1
417,88,1747.79,374.76,172.21,520.02,1,-1,-1,-1
417,87,569.92,676.37,148.68,205.91,1,-1,-1,-1
417,85,1129.35,659.31,168.79,229.47,1,-1,-1,-1
417,73,1261.75,681.70,119.25,214.86,1,-1,-1,-1
417,68,775.34,402.06,272.28,494.68,1,-1,-1,-1
417,66,1555.46,664.64,189.22,232.83,1,-1,-1,-1
417,42,711.22,594.35,197.03,297.67,1,-1,-1,-1
417,26,1019.32,577.13,231.83,333.26,1,-1,-1,-1
417,24,1260.29,406.78,415.71,508.85,1,-1,-1,-1
417,12,1697.77,587.54,220.89,309.10,1,-1,-1,-1
417,3,50.98,597.72,185.16,284.56,1,-1,-1,-1
418,93,250.43,383.66,265.45,517.02,1,-1,-1,-1
418,88,1758.12,362.74,161.88,528.50,1,-1,-1,-1
418,87,574.20,678.77,144.53,202.17,1,-1,-1,-1
418,85,1145.77,663.89,161.18,230.86,1,-1,-1,-1
418,68,738.95,406.02,319.80,504.51,1,-1,-1,-1
418,66,1499.42,656.91,246.58,238.74,1,-1,-1,-1
418,42,712.52,565.96,191.30,322.71,1,-1,-1,-1
418,26,1046.36,573.70,207.35,329.14,1,-1,-1,-1
418,24,1228.82,403.13,450.98,510.50,1,-1,-1,-1
418,12,1696.11,593.74,222.61,297.03,1,-1,-1,-1
418,3,60.04,596.66,176.38,284.08,1,-1,-1,-1
419,93,258.15,383.01,262.31,518.97,1,-1,-1,-1
419,90,1269.54,659.56,147.77,255.44,1,-1,-1,-1
419,88,1834.47,390.20,85.53,504.01,1,-1,-1,-1
419,87,579.61,679.84,134.65,201.18,1,-1,-1,-1
419,85,1134.04,641.10,202.46,258.88,1,-1,-1,-1
419,68,750.69,401.70,313.05,517.07,1,-1,-1,-1
419,66,1496.35,645.80,253.58,253.15,1,-1,-1,-1
419,42,723.66,583.17,164.82,311.53,1,-1,-1,-1
419,40,632.79,651.04,143.07,229.91,1,-1,-1,-1
419,26,1052.26,577.04,201.49,324.18,1,-1,-1,-1
419,24,1239.52,403.38,450.13,513.23,1,-1,-1,-1
419,12,1715.95,599.80,202.91,293.46,1,-1,-1,-1
419,3,59.85,606.70,168.89,271.82,1,-1,-1,-1
420,93,258.64,434.44,271.16,471.88,1,-1,-1,-1
420,90,1263.32,646.24,158.97,276.50,1,-1,-1,-1
420,88,1867.70,389.42,52.18,514.82,1,-1,-1,-1
420,87,579.44,670.50,133.44,214.49,1,-1,-1,-1
420,85,1153.53,641.73,176.44,255.90,1,-1,-1,-1
420,68,726.53,399.87,345.06,520.58,1,-1,-1,-1
420,66,1580.09,656.92,169.69,240.28,1,-1,-1,-1
420,42,723.44,585.76,156.95,314.70,1,-1,-1,-1
420,40,633.81,658.48,149.36,231.57,1,-1,-1,-1
420,26,1070.22,572.71,183.18,337.44,1,-1,-1,-1
420,24,1295.94,408.81,394.76,510.91,1,-1,-1,-1
420,12,1745.54,607.72,173.45,286.70,1,-1,-1,-1
420,3,63.39,613.70,170.53,263.89,1,-1,-1,-1
421,93,263.69,443.45,267.82,457.01,1,-1,-1,-1
421,88,1876.88,378.17,42.77,532.26,1,-1,-1,-1
421,87,580.62,671.77,134.98,212.42,1,-1,-1,-1
421,85,1153.37,646.17,175.21,250.69,1,-1,-1,-1
421,68,728.34,389.56,353.18,520.15,1,-1,-1,-1
421,66,1586.26,672.20,157.61,228.71,1,-1,-1,-1
421,42,732.40,598.45,162.53,313.74,1,-1,-1,-1
421,40,637.96,665.92,143.64,223.53,1,-1,-1,-1
421,26,1071.17,580.51,186.76,322.60,1,-1,-1,-1
421,24,1317.44,398.31,379.04,517.65,1,-1,-1,-1
421,12,1774.43,612.94,144.78,279.86,1,-1,-1,-1
421,3,65.29,622.57,172.11,254.77,1,-1,-1,-1
422,93,267.49,444.11,298.67,458.24,1,-1,-1,-1
422,88,1876.94,412.59,42.72,477.87,1,-1,-1,-1
422,87,580.72,692.40,136.15,190.84,1,-1,-1,-1
422,73,1278.80,685.68,134.32,225.42,1,-1,-1,-1
422,68,815.22,394.83,253.19,501.41,1,-1,-1,-1
422,66,1567.28,666.28,189.64,235.23,1,-1,-1,-1
422,42,728.68,610.72,163.43,284.01,1,-1,-1,-1
422,40,641.84,671.38,142.00,219.04,1,-1,-1,-1
422,26,1068.17,589.90,181.56,309.67,1,-1,-1,-1
422,24,1310.48,428.92,388.26,480.36,1,-1,-1,-1
422,12,1773.20,622.40,145.04,269.09,1,-1,-1,-1
422,3,45.77,630.35,196.25,248.89,1,-1,-1,-1
423,93,262.21,444.81,312.86,457.63,1,-1,-1,-1
423,89,987.22,670.95,158.28,227.46,1,-1,-1,-1
423,88,1871.68,429.86,48.19,471.84,1,-1,-1,-1
423,87,581.79,693.22,129.19,192.18,1,-1,-1,-1
423,73,1283.95,690.36,110.41,192.73,1,-1,-1,-1
423,68,829.80,393.62,246.91,510.02,1,-1,-1,-1
423,42,734.32,607.50,166.18,288.73,1,-1,-1,-1
423,40,643.41,672.18,143.73,220.68,1,-1,-1,-1
423,26,1063.37,597.96,179.95,299.10,1,-1,-1,-1
423,24,1309.00,410.91,400.00,507.56,1,-1,-1,-1
423,12,1769.61,621.86,148.74,271.07,1,-1,-1,-1
423,3,41.11,633.50,214.04,252.42,1,-1,-1,-1
424,93,261.87,445.28,315.57,456.74,1,-1,-1,-1
424,91,1304.57,432.26,291.17,475.74,1,-1,-1,-1
424,89,996.18,671.60,148.22,223.46,1,-1,-1,-1
424,88,1870.60,435.17,48.84,474.13,1,-1,-1,-1
424,87,583.39,694.01,121.62,192.85,1,-1,-1,-1
424,85,1155.15,666.91,147.63,217.80,1,-1,-1,-1
424,73,1283.86,692.84,94.63,192.17,1,-1,-1,-1
424,68,834.05,392.03,252.71,521.62,1,-1,-1,-1
424,42,738.93,606.53,158.34,298.74,1,-1,-1,-1
424,40,641.74,673.92,142.70,220.50,1,-1,-1,-1
424,26,1064.62,590.40,163.89,305.98,1,-1,-1,-1
424,12,1767.23,624.49,150.60,272.69,1,-1,-1,-1
424,10,1479.99,643.72,210.20,268.52,1,-1,-1,-1
424,3,42.49,632.73,209.76,250.13,1,-1,-1,-1
425,93,263.44,446.90,305.90,456.33,1,-1,-1,-1
425,91,1316.38,432.24,273.14,476.55,1,-1,-1,-1
425,89,1000.04,669.44,145.53,220.00,1,-1,-1,-1
425,88,1887.93,441.48,31.85,477.94,1,-1,-1,-1
425,87,584.16,693.75,118.15,193.56,1,-1,-1,-1
425,85,1160.78,669.52,129.49,218.29,1,-1,-1,-1
425,73,1286.37,695.29,88.68,192.83,1,-1,-1,-1
425,68,829.95,393.33,219.60,524.66,1,-1,-1,-1
425,66,1576.13,680.99,129.64,233.75,1,-1,-1,-1
425,42,737.64,607.14,147.99,293.06,1,-1,-1,-1
425,40,644.46,674.89,146.02,215.16,1,-1,-1,-1
425,26,1061.52,593.18,151.59,301.22,1,-1,-1,-1
425,12,1766.18,625.96,134.10,268.07,1,-1,-1,-1
425,10,1479.88,644.79,176.00,260.81,1,-1,-1,-1
425,3,55.39,634.58,194.92,248.31,1,-1,-1,-1
426,93,271.38,449.72,286.56,455.97,1,-1,-1,-1
426,92,0.00,428.08,67.57,487.48,1,-1,-1,-1
426,89,999.85,662.58,134.10,221.48,1,-1,-1,-1
426,88,1885.98,431.00,33.68,490.34,1,-1,-1,-1
426,87,584.08,692.77,106.70,193.00,1,-1,-1,-1
426,85,1162.76,668.91,114.87,214.16,1,-1,-1,-1
426,73,1287.21,695.57,82.34,187.97,1,-1,-1,-1
426,68,812.56,396.38,206.64,518.41,1,-1,-1,-1
426,66,1574.32,682.10,106.51,216.10,1,-1,-1,-1
426,42,740.66,610.86,145.38,290.57,1,-1,-1,-1
426,40,646.38,674.83,138.62,215.17,1,-1,-1,-1
426,26,1067.20,591.49,143.06,305.08,1,-1,-1,-1
426,12,1765.79,625.17,128.18,272.05,1,-1,-1,-1
426,10,1480.40,646.43,155.56,255.84,1,-1,-1,-1
426,3,55.35,634.08,193.65,247.86,1,-1,-1,-1
427,93,236.01,448.91,281.38,453.40,1,-1,-1,-1
427,92,0.00,439.67,73.17,450.07,1,-1,-1,-1
427,89,1008.20,671.03,101.61,222.70,1,-1,-1,-1
427,88,1871.11,433.69,48.89,477.79,1,-1,-1,-1
427,87,590.09,690.76,96.55,194.19,1,-1,-1,-1
427,85,1174.81,666.07,92.51,215.03,1,-1,-1,-1
427,73,1284.69,685.39,90.56,196.00,1,-1,-1,-1
427,68,792.45,400.13,206.54,516.23,1,-1,-1,-1
427,66,1572.85,676.03,101.63,207.76,1,-1,-1,-1
427,42,739.77,598.46,128.75,296.94,1,-1,-1,-1
427,40,635.97,669.68,123.69,216.69,1,-1,-1,-1
427,26,1071.72,598.31,127.44,295.46,1,-1,-1,-1
427,12,1739.61,621.77,161.08,276.19,1,-1,-1,-1
427,10,1468.00,644.86,130.24,249.65,1,-1,-1,-1
427,3,22.19,629.25,222.92,256.59,1,-1,-1,-1
428,93,188.73,446.84,314.34,455.35,1,-1,-1,-1
428,92,0.34,448.23,49.23,432.87,1,-1,-1,-1
428,89,1014.15,673.86,98.97,215.55,1,-1,-1,-1
428,88,1876.79,416.54,43.04,487.34,1,-1,-1,-1
428,87,579.36,689.48,118.26,199.74,1,-1,-1,-1
428,85,1169.36,664.24,100.32,226.03,1,-1,-1,-1
428,73,1283.03,681.07,88.27,198.15,1,-1,-1,-1
428,68,771.78,402.68,232.73,507.24,1,-1,-1,-1
428,66,1549.67,668.44,127.37,213.42,1,-1,-1,-1
428,42,743.92,596.93,135.25,298.71,1,-1,-1,-1
428,40,597.91,666.03,155.58,219.78,1,-1,-1,-1
428,26,1065.98,603.91,125.05,293.06,1,-1,-1,-1
428,12,1738.48,621.08,167.30,272.57,1,-1,-1,-1
428,10,1441.97,645.06,154.49,239.38,1,-1,-1,-1
428,3,61.84,621.78,166.94,258.10,1,-1,-1,-1
429,94,1300.69,421.79,277.70,464.75,1,-1,-1,-1
429,93,245.80,441.54,257.82,444.06,1,-1,-1,-1
429,92,0.00,445.60,50.56,439.79,1,-1,-1,-1
429,89,1010.49,669.02,104.62,218.32,1,-1,-1,-1
429,88,1865.28,419.05,54.68,488.98,1,-1,-1,-1
429,85,1171.88,660.24,96.27,233.29,1,-1,-1,-1
429,73,1281.35,679.02,107.42,224.22,1,-1,-1,-1
429,68,730.76,402.75,307.77,497.07,1,-1,-1,-1
429,66,1542.67,667.67,131.20,213.90,1,-1,-1,-1
429,42,739.61,597.22,126.76,301.15,1,-1,-1,-1
429,40,605.33,665.55,145.67,216.80,1,-1,-1,-1
429,26,1056.61,594.35,153.94,302.08,1,-1,-1,-1
429,12,1740.19,619.45,169.23,275.04,1,-1,-1,-1
429,10,1454.05,643.22,144.96,245.94,1,-1,-1,-1
429,3,51.66,618.52,156.28,262.43,1,-1,-1,-1
430,94,1291.31,413.52,267.00,501.51,1,-1,-1,-1
430,93,221.18,438.82,288.49,456.58,1,-1,-1,-1
430,92,0.22,414.31,50.82,465.06,1,-1,-1,-1
430,89,1025.31,612.33,149.09,283.12,1,-1,-1,-1
430,88,1860.29,397.63,59.71,504.66,1,-1,-1,-1
430,85,1176.37,657.05,86.72,232.88,1,-1,-1,-1
430,73,1281.30,673.19,91.45,218.32,1,-1,-1,-1
430,68,762.67,405.57,263.75,502.43,1,-1,-1,-1
430,66,1561.16,665.26,113.27,220.05,1,-1,-1,-1
430,65,1413.54,608.07,134.97,308.55,1,-1,-1,-1
430,42,735.61,597.38,131.80,301.15,1,-1,-1,-1
430,40,621.70,664.74,131.27,217.53,1,-1,-1,-1
430,26,1051.93,593.09,140.02,297.42,1,-1,-1,-1
430,12,1742.79,618.49,167.40,275.66,1,-1,-1,-1
430,10,1463.73,644.36,127.94,252.57,1,-1,-1,-1
430,3,65.99,608.13,141.22,270.72,1,-1,-1,-1
431,97,913.89,648.68,95.32,239.52,1,-1,-1,-1
431,94,1299.38,405.10,235.56,490.71,1,-1,-1,-1
431,92,0.16,411.65,57.72,472.12,1,-1,-1,-1
431,89,1017.65,669.40,123.56,219.89,1,-1,-1,-1
431,88,1867.00,401.08,53.00,492.27,1,-1,-1,-1
431,85,1177.19,652.56,85.32,238.22,1,-1,-1,-1
431,73,1279.70,674.01,85.73,211.84,1,-1,-1,-1
431,68,829.06,407.93,176.84,491.23,1,-1,-1,-1
431,66,1568.01,664.53,107.82,221.15,1,-1,-1,-1
431,65,1393.83,601.22,139.10,312.60,1,-1,-1,-1
431,42,736.77,597.81,136.68,301.16,1,-1,-1,-1
431,40,609.75,661.30,141.42,222.41,1,-1,-1,-1
431,26,1083.43,585.74,112.99,308.26,1,-1,-1,-1
431,18,283.66,435.84,238.14,470.71,1,-1,-1,-1
431,12,1746.43,615.91,169.60,279.93,1,-1,-1,-1
431,10,1469.31,648.12,126.81,248.94,1,-1,-1,-1
431,3,75.50,604.11,139.50,272.29,1,-1,-1,-1
432,97,914.24,652.57,95.98,232.60,1,-1,-1,-1
432,96,1114.67,643.84,142.36,257.75,1,-1,-1,-1
432,94,1287.97,394.11,236.23,499.78,1,-1,-1,-1
432,92,0.01,457.62,80.92,445.49,1,-1,-1,-1
432,89,1020.38,659.64,133.50,236.92,1,-1,-1,-1
432,88,1854.99,410.11,65.01,481.43,1,-1,-1,-1
432,85,1166.07,645.86,100.66,246.13,1,-1,-1,-1
432,73,1270.44,670.89,94.16,213.38,1,-1,-1,-1
432,68,832.94,422.34,176.73,494.53,1,-1,-1,-1
432,66,1557.68,665.50,118.81,217.77,1,-1,-1,-1
432,65,1403.29,614.16,235.21,298.44,1,-1,-1,-1
432,42,714.07,593.51,151.56,298.91,1,-1,-1,-1
432,40,594.83,655.45,163.38,235.31,1,-1,-1,-1
432,26,1058.68,581.89,135.60,315.41,1,-1,-1,-1
432,18,280.71,441.19,238.25,454.43,1,-1,-1,-1
432,12,1743.61,616.55,173.45,280.97,1,-1,-1,-1
432,10,1484.53,655.47,208.22,236.35,1,-1,-1,-1
432,3,37.24,600.24,194.69,288.45,1,-1,-1,-1
433,96,1124.92,643.25,157.52,254.20,1,-1,-1,-1
433,94,1288.99,399.66,229.06,507.07,1,-1,-1,-1
433,93,320.33,444.13,252.63,461.21,1,-1,-1,-1
433,92,0.00,460.06,121.44,444.81,1,-1,-1,-1
433,89,1024.54,659.82,127.11,233.70,1,-1,-1,-1
433,88,1858.65,414.61,61.35,476.59,1,-1,-1,-1
433,85,1166.67,653.10,100.93,233.79,1,-1,-1,-1
433,73,1273.29,670.19,88.25,213.64,1,-1,-1,-1
433,68,833.96,424.24,175.62,497.58,1,-1,-1,-1
433,65,1407.40,617.03,186.95,289.74,1,-1,-1,-1
433,42,728.90,595.71,140.20,299.57,1,-1,-1,-1
433,40,594.77,668.05,150.69,221.76,1,-1,-1,-1
433,26,1047.90,584.01,154.91,313.43,1,-1,-1,-1
433,12,1743.93,617.19,170.25,280.61,1,-1,-1,-1
433,10,1470.45,656.05,207.03,238.22,1,-1,-1,-1
433,3,23.55,601.47,207.96,292.31,1,-1,-1,-1
434,96,1135.40,646.29,134.01,248.50,1,-1,-1,-1
434,94,1298.39,400.07,217.37,508.92,1,-1,-1,-1
434,93,332.43,442.71,237.81,465.85,1,-1,-1,-1
434,92,0.00,463.37,118.53,458.09,1,-1,-1,-1
434,88,1853.83,395.16,66.17,499.58,1,-1,-1,-1
434,73,1277.03,672.93,76.55,211.28,1,-1,-1,-1
434,68,841.52,429.56,166.97,487.31,1,-1,-1,-1
434,42,744.66,594.10,128.11,302.61,1,-1,-1,-1
434,40,599.78,663.03,159.59,229.15,1,-1,-1,-1
434,26,1062.09,576.27,147.77,324.65,1,-1,-1,-1
434,12,1747.50,612.62,154.94,284.41,1,-1,-1,-1
434,10,1505.03,660.44,164.16,229.25,1,-1,-1,-1
434,3,51.07,603.18,179.74,291.60,1,-1,-1,-1
435,99,1033.96,676.13,97.44,216.51,1,-1,-1,-1
435,97,913.40,638.70,100.39,262.11,1,-1,-1,-1
435,96,1144.29,650.36,132.43,252.56,1,-1,-1,-1
435,94,1288.36,407.91,237.48,488.96,1,-1,-1,-1
435,93,341.69,443.46,223.65,465.42,1,-1,-1,-1
435,92,0.00,466.08,107.18,446.99,1,-1,-1,-1
435,88,1864.33,398.93,55.67,492.46,1,-1,-1,-1
435,73,1277.52,673.04,75.56,213.51,1,-1,-1,-1
435,68,845.52,432.06,160.82,484.07,1,-1,-1,-1
435,42,743.60,593.71,127.44,303.39,1,-1,-1,-1
435,40,598.79,663.20,168.42,230.18,1,-1,-1,-1
435,26,1074.60,574.37,136.52,326.58,1,-1,-1,-1
435,12,1748.65,612.38,148.37,281.76,1,-1,-1,-1
435,10,1467.26,652.29,142.79,240.60,1,-1,-1,-1
435,3,52.03,605.10,177.72,288.11,1,-1,-1,-1
436,99,1031.02,668.10,109.44,225.16,1,-1,-1,-1
436,97,917.11,638.59,97.87,258.00,1,-1,-1,-1
436,93,335.45,446.33,243.47,459.79,1,-1,-1,-1
436,92,0.00,471.14,99.64,437.10,1,-1,-1,-1
436,88,1862.46,411.18,57.54,480.17,1,-1,-1,-1
436,73,1273.12,670.03,79.39,218.62,1,-1,-1,-1
436,68,852.09,462.98,148.31,456.75,1,-1,-1,-1
436,65,1419.20,632.17,132.46,287.37,1,-1,-1,-1
436,42,747.79,592.70,119.69,307.56,1,-1,-1,-1
436,40,609.94,664.09,160.14,231.09,1,-1,-1,-1
436,26,1079.27,578.09,123.96,315.78,1,-1,-1,-1
436,18,352.05,448.56,208.59,461.76,1,-1,-1,-1
436,12,1743.67,615.09,147.08,279.14,1,-1,-1,-1
436,10,1468.29,652.49,155.32,244.56,1,-1,-1,-1
436,3,45.15,606.23,184.83,280.63,1,-1,-1,-1
437,99,1037.09,674.15,86.76,221.44,1,-1,-1,-1
437,97,900.09,629.30,110.29,275.36,1,-1,-1,-1
437,92,0.03,475.51,95.08,411.70,1,-1,-1,-1
437,88,1860.18,367.76,59.82,538.57,1,-1,-1,-1
437,85,1177.09,650.51,95.90,240.88,1,-1,-1,-1
437,73,1272.98,671.42,79.86,214.76,1,-1,-1,-1
437,68,842.17,430.96,167.90,462.17,1,-1,-1,-1
437,66,1519.32,663.82,157.47,231.16,1,-1,-1,-1
437,65,1398.78,573.43,150.50,334.86,1,-1,-1,-1
437,42,745.20,596.90,112.67,299.55,1,-1,-1,-1
437,40,627.35,662.07,126.18,228.30,1,-1,-1,-1
437,26,1072.77,578.64,136.28,314.63,1,-1,-1,-1
437,18,346.83,446.91,222.58,463.96,1,-1,-1,-1
437,12,1743.69,618.73,142.48,276.86,1,-1,-1,-1
437,10,1447.50,643.25,163.55,271.16,1,-1,-1,-1
437,3,27.93,610.03,202.82,273.76,1,-1,-1,-1
438,99,1040.23,673.54,93.96,224.76,1,-1,-1,-1
438,97,893.39,633.64,115.92,279.44,1,-1,-1,-1
438,92,0.00,478.85,98.10,397.51,1,-1,-1,-1
438,89,1084.27,586.99,97.70,315.83,1,-1,-1,-1
438,88,1860.04,390.39,59.96,522.86,1,-1,-1,-1
438,87,571.02,676.75,108.86,207.18,1,-1,-1,-1
438,85,1180.50,651.78,85.95,241.87,1,-1,-1,-1
438,73,1276.28,676.66,74.61,220.46,1,-1,-1,-1
438,68,841.50,433.80,170.73,463.81,1,-1,-1,-1
438,66,1528.81,667.08,147.06,229.67,1,-1,-1,-1
438,65,1398.60,600.41,153.09,302.91,1,-1,-1,-1
438,42,744.21,601.45,108.73,302.70,1,-1,-1,-1
438,40,627.19,661.69,124.86,232.41,1,-1,-1,-1
438,18,320.48,444.16,252.49,465.03,1,-1,-1,-1
438,12,1743.69,620.68,141.40,275.53,1,-1,-1,-1
438,10,1476.08,640.50,122.79,258.56,1,-1,-1,-1
438,3,17.69,611.86,212.70,273.04,1,-1,-1,-1
439,99,1041.87,645.70,115.56,253.44,1,-1,-1,-1
439,97,904.03,640.65,106.01,268.25,1,-1,-1,-1
439,94,1308.58,413.17,242.12,507.50,1,-1,-1,-1
439,92,0.00,478.83,105.08,399.42,1,-1,-1,-1
439,89,1081.32,608.54,94.69,293.16,1,-1,-1,-1
439,88,1857.10,386.50,62.90,512.88,1,-1,-1,-1
439,87,574.95,679.24,100.19,207.00,1,-1,-1,-1
439,85,1181.22,651.75,82.45,244.26,1,-1,-1,-1
439,73,1275.56,680.73,75.20,213.82,1,-1,-1,-1
439,68,840.14,431.28,176.93,452.10,1,-1,-1,-1
439,66,1546.53,670.01,129.37,225.43,1,-1,-1,-1
439,42,741.57,601.60,113.79,303.11,1,-1,-1,-1
439,40,627.95,665.15,121.98,229.72,1,-1,-1,-1
439,18,300.05,445.76,275.15,463.40,1,-1,-1,-1
439,12,1743.00,622.34,142.58,273.69,1,-1,-1,-1
439,10,1478.70,637.44,122.17,257.93,1,-1,-1,-1
439,3,15.67,611.46,216.32,273.18,1,-1,-1,-1
440,99,1040.23,674.81,85.00,220.25,1,-1,-1,-1
440,97,899.12,642.35,112.34,267.36,1,-1,-1,-1
440,94,1309.00,417.56,245.98,502.75,1,-1,-1,-1
440,92,0.00,482.76,107.70,393.05,1,-1,-1,-1
440,89,1080.14,605.52,95.76,299.36,1,-1,-1,-1
440,88,1857.41,380.63,62.28,520.98,1,-1,-1,-1
440,87,573.34,680.70,105.19,207.34,1,-1,-1,-1
440,85,1184.37,653.19,79.03,244.05,1,-1,-1,-1
440,73,1275.58,678.93,76.62,217.56,1,-1,-1,-1
440,68,838.36,428.13,179.91,477.90,1,-1,-1,-1
440,66,1536.55,669.32,137.57,226.00,1,-1,-1,-1
440,42,745.79,603.22,110.09,302.16,1,-1,-1,-1
440,40,630.23,666.37,119.97,227.71,1,-1,-1,-1
440,18,285.24,446.88,291.82,463.03,1,-1,-1,-1
440,12,1741.34,621.68,151.53,272.14,1,-1,-1,-1
440,10,1464.88,622.55,147.95,274.88,1,-1,-1,-1
440,3,5.47,614.20,227.10,269.09,1,-1,-1,-1
441,99,1041.60,671.92,94.05,227.31,1,-1,-1,-1
441,97,912.79,646.35,97.90,251.70,1,-1,-1,-1
441,94,1307.86,414.29,253.74,504.47,1,-1,-1,-1
441,92,0.00,481.99,113.07,403.28,1,-1,-1,-1
441,89,1075.77,599.50,101.11,304.36,1,-1,-1,-1
441,88,1851.92,417.96,68.08,463.18,1,-1,-1,-1
441,87,572.95,681.98,109.84,206.27,1,-1,-1,-1
441,85,1183.33,653.61,81.53,243.38,1,-1,-1,-1
441,73,1274.84,679.70,77.75,217.17,1,-1,-1,-1
441,71,866.87,635.64,117.31,284.98,1,-1,-1,-1
441,68,836.63,424.84,183.16,478.33,1,-1,-1,-1
441,42,745.40,605.69,113.38,301.37,1,-1,-1,-1
441,40,635.10,667.75,114.95,226.50,1,-1,-1,-1
441,18,299.30,447.48,279.40,461.26,1,-1,-1,-1
441,12,1739.30,621.98,170.49,269.82,1,-1,-1,-1
441,10,1483.90,639.06,116.41,256.46,1,-1,-1,-1
441,3,4.83,606.23,227.04,277.35,1,-1,-1,-1
442,100,1535.39,642.30,153.88,247.56,1,-1,-1,-1
442,99,1045.26,671.36,91.59,228.69,1,-1,-1,-1
442,97,913.16,654.82,99.97,247.73,1,-1,-1,-1
442,94,1309.54,412.66,278.66,505.46,1,-1,-1,-1
442,92,0.00,485.82,119.80,400.13,1,-1,-1,-1
442,89,1078.15,591.18,99.65,317.40,1,-1,-1,-1
442,88,1857.21,407.10,62.79,467.38,1,-1,-1,-1
442,87,573.12,681.49,105.64,208.29,1,-1,-1,-1
442,85,1186.40,653.38,79.83,245.01,1,-1,-1,-1
442,75,225.30,451.25,263.87,458.93,1,-1,-1,-1
442,73,1276.71,678.15,77.94,218.92,1,-1,-1,-1
442,71,855.57,621.15,126.78,309.37,1,-1,-1,-1
442,68,837.40,411.48,184.47,510.87,1,-1,-1,-1
442,42,743.74,609.29,117.23,298.79,1,-1,-1,-1
442,40,629.62,668.75,117.62,229.09,1,-1,-1,-1
442,18,230.15,443.57,348.34,472.23,1,-1,-1,-1
442,12,1734.56,621.83,183.78,274.54,1,-1,-1,-1
442,10,1471.43,636.96,136.39,256.40,1,-1,-1,-1
442,3,0.00,601.73,230.93,281.81,1,-1,-1,-1
443,100,1540.88,636.17,149.63,255.92,1,-1,-1,-1
443,99,1045.25,679.41,82.35,219.18,1,-1,-1,-1
443,97,914.20,636.51,98.50,263.92,1,-1,-1,-1
443,94,1311.20,404.91,271.71,508.98,1,-1,-1,-1
443,92,0.00,465.61,117.14,413.19,1,-1,-1,-1
443,89,1080.89,591.21,96.99,317.76,1,-1,-1,-1
443,88,1860.51,380.68,59.49,503.73,1,-1,-1,-1
443,87,573.10,681.74,103.92,207.16,1,-1,-1,-1
443,85,1187.68,653.76,79.50,244.39,1,-1,-1,-1
443,75,224.39,452.33,259.59,460.79,1,-1,-1,-1
443,73,1277.38,678.84,77.12,218.11,1,-1,-1,-1
443,68,840.42,394.96,181.37,528.63,1,-1,-1,-1
443,42,743.16,609.15,118.74,298.78,1,-1,-1,-1
443,40,634.27,669.32,112.18,227.47,1,-1,-1,-1
443,18,229.61,443.65,345.00,472.60,1,-1,-1,-1
443,12,1732.96,621.96,185.30,274.82,1,-1,-1,-1
443,3,0.00,598.81,230.03,286.49,1,-1,-1,-1
444,100,1547.63,629.83,143.48,262.72,1,-1,-1,-1
444,99,1045.96,686.40,78.30,210.50,1,-1,-1,-1
444,97,917.75,641.68,94.78,255.69,1,-1,-1,-1
444,94,1312.88,403.56,271.06,517.07,1,-1,-1,-1
444,92,0.00,452.12,119.25,431.50,1,-1,-1,-1
444,89,1082.22,589.65,95.72,318.23,1,-1,-1,-1
444,88,1859.57,394.12,60.41,480.80,1,-1,-1,-1
444,87,574.28,682.30,102.17,205.97,1,-1,-1,-1
444,85,1188.93,655.54,78.32,243.35,1,-1,-1,-1
444,75,220.54,445.66,262.41,468.22,1,-1,-1,-1
444,73,1278.26,678.37,77.02,221.25,1,-1,-1,-1
444,68,847.35,396.15,173.05,525.71,1,-1,-1,-1
444,42,745.48,606.57,115.62,302.06,1,-1,-1,-1
444,40,631.40,667.23,116.34,229.64,1,-1,-1,-1
444,18,221.75,438.85,350.25,478.49,1,-1,-1,-1
444,12,1730.27,616.86,188.23,283.32,1,-1,-1,-1
444,3,0.00,589.54,228.64,297.76,1,-1,-1,-1
445,100,1552.31,657.38,138.13,237.07,1,-1,-1,-1
445,99,1047.64,680.75,77.38,216.69,1,-1,-1,-1
445,97,915.21,640.15,98.41,255.55,1,-1,-1,-1
445,94,1313.98,388.53,273.89,535.94,1,-1,-1,-1
445,92,0.00,439.99,117.98,445.16,1,-1,-1,-1
445,89,1084.11,590.23,96.41,318.06,1,-1,-1,-1
445,87,574.91,682.48,102.01,208.68,1,-1,-1,-1
445,85,1189.17,657.17,77.39,242.46,1,-1,-1,-1
445,75,225.30,454.18,249.76,445.74,1,-1,-1,-1
445,73,1278.27,679.31,78.13,221.03,1,-1,-1,-1
445,71,856.19,616.17,120.87,311.08,1,-1,-1,-1
445,68,847.97,394.46,173.34,522.96,1,-1,-1,-1
445,42,746.41,604.60,116.49,305.05,1,-1,-1,-1
445,40,631.51,666.50,116.91,231.64,1,-1,-1,-1
445,18,223.00,436.74,347.63,480.16,1,-1,-1,-1
445,12,1723.62,612.78,195.01,290.17,1,-1,-1,-1
445,3,2.99,584.51,223.29,301.80,1,-1,-1,-1
446,100,1518.59,650.52,170.99,244.64,1,-1,-1,-1
446,99,1047.80,680.80,78.59,216.88,1,-1,-1,-1
446,97,917.04,647.01,96.16,248.95,1,-1,-1,-1
446,94,1320.77,390.05,287.05,538.58,1,-1,-1,-1
446,92,0.00,404.25,113.12,482.10,1,-1,-1,-1
446,89,1085.90,593.68,94.65,315.15,1,-1,-1,-1
446,87,574.86,682.70,102.46,209.11,1,-1,-1,-1
446,85,1188.90,657.72,79.16,238.19,1,-1,-1,-1
446,73,1280.64,680.09,75.29,219.57,1,-1,-1,-1
446,71,854.93,614.93,118.83,315.62,1,-1,-1,-1
446,68,846.27,399.50,169.49,516.67,1,-1,-1,-1
446,42,748.46,605.46,116.73,306.26,1,-1,-1,-1
446,40,632.36,667.08,115.17,230.72,1,-1,-1,-1
446,18,216.41,433.62,354.64,484.02,1,-1,-1,-1
446,12,1724.84,620.48,194.49,282.61,1,-1,-1,-1
446,3,3.51,578.69,222.78,309.87,1,-1,-1,-1
447,100,1551.34,659.63,140.97,237.76,1,-1,-1,-1
447,99,1047.92,684.48,80.33,211.44,1,-1,-1,-1
447,97,916.39,642.58,98.93,255.61,1,-1,-1,-1
447,94,1333.96,389.92,300.28,543.03,1,-1,-1,-1
447,92,0.00,400.67,111.38,497.67,1,-1,-1,-1
447,89,1065.30,609.07,118.82,303.87,1,-1,-1,-1
447,88,1867.27,354.73,52.60,548.43,1,-1,-1,-1
447,87,577.31,685.83,99.99,208.26,1,-1,-1,-1
447,85,1188.02,662.36,84.06,239.94,1,-1,-1,-1
447,73,1279.63,687.19,77.74,212.94,1,-1,-1,-1
447,71,855.79,621.90,111.74,308.98,1,-1,-1,-1
447,68,843.69,329.60,177.32,592.50,1,-1,-1,-1
447,42,732.60,613.03,134.59,300.38,1,-1,-1,-1
447,40,644.89,668.31,103.21,225.99,1,-1,-1,-1
447,18,218.42,416.59,357.29,502.20,1,-1,-1,-1
447,12,1729.56,622.00,188.75,287.33,1,-1,-1,-1
447,3,4.08,593.35,222.51,302.34,1,-1,-1,-1
448,100,1558.04,659.39,132.89,238.49,1,-1,-1,-1
448,94,1344.46,389.37,288.82,544.45,1,-1,-1,-1
448,92,0.00,371.55,106.96,534.81,1,-1,-1,-1
448,89,1066.77,621.98,118.02,293.32,1,-1,-1,-1
448,88,1868.77,360.09,51.10,541.10,1,-1,-1,-1
448,87,575.47,689.05,97.06,205.41,1,-1,-1,-1
448,85,1186.54,668.75,85.24,231.85,1,-1,-1,-1
448,73,1279.34,690.93,79.61,207.31,1,-1,-1,-1
448,71,854.48,638.55,112.91,298.85,1,-1,-1,-1
448,68,837.75,306.80,187.13,622.88,1,-1,-1,-1
448,42,745.04,618.83,120.64,293.44,1,-1,-1,-1
448,40,634.31,674.31,109.16,223.95,1,-1,-1,-1
448,18,219.00,406.32,354.41,512.86,1,-1,-1,-1
448,12,1730.92,622.85,187.92,286.14,1,-1,-1,-1
448,3,2.89,599.87,223.39,296.51,1,-1,-1,-1
449,100,1548.03,636.99,141.77,263.16,1,-1,-1,-1
449,94,1351.12,394.99,262.73,542.48,1,-1,-1,-1
449,92,0.00,421.19,103.11,491.93,1,-1,-1,-1
449,89,1078.47,630.41,111.95,284.83,1,-1,-1,-1
449,88,1870.65,359.23,49.09,546.46,1,-1,-1,-1
449,87,575.21,692.99,91.72,200.93,1,-1,-1,-1
449,85,1184.73,677.86,90.94,226.66,1,-1,-1,-1
449,73,1274.99,705.10,85.32,193.86,1,-1,-1,-1
449,71,853.77,638.76,119.30,297.17,1,-1,-1,-1
449,68,834.07,316.29,193.56,622.40,1,-1,-1,-1
449,42,739.13,628.20,123.43,284.85,1,-1,-1,-1
449,40,634.95,679.49,110.03,220.87,1,-1,-1,-1
449,18,319.83,409.34,253.01,508.87,1,-1,-1,-1
449,12,1730.93,618.39,188.10,293.15,1,-1,-1,-1
449,3,4.72,603.72,221.58,291.63,1,-1,-1,-1
450,100,1538.14,628.73,149.95,272.87,1,-1,-1,-1
450,99,1039.15,675.59,115.72,234.73,1,-1,-1,-1
450,94,1358.18,395.14,267.66,543.91,1,-1,-1,-1
450,92,0.00,425.24,101.72,503.58,1,-1,-1,-1
450,89,1073.73,644.06,118.68,270.88,1,-1,-1,-1
450,88,1874.36,379.88,45.45,525.55,1,-1,-1,-1
450,87,572.92,696.70,99.54,198.25,1,-1,-1,-1
450,85,1183.14,684.90,96.51,220.56,1,-1,-1,-1
450,73,1274.12,710.41,89.75,190.76,1,-1,-1,-1
450,71,851.60,635.12,119.39,307.48,1,-1,-1,-1
450,68,833.51,345.77,197.56,588.20,1,-1,-1,-1
450,42,751.43,636.16,112.56,276.43,1,-1,-1,-1
450,40,633.57,683.39,108.20,217.30,1,-1,-1,-1
450,18,319.02,415.11,243.76,500.68,1,-1,-1,-1
450,12,1734.59,608.68,184.11,304.19,1,-1,-1,-1
450,10,1485.76,623.22,144.33,287.75,1,-1,-1,-1
450,3,6.23,606.59,219.73,294.87,1,-1,-1,-1
451,100,1547.85,652.93,138.84,250.09,1,-1,-1,-1
451,99,1038.94,681.49,112.58,226.93,1,-1,-1,-1
451,94,1360.82,390.32,258.76,549.59,1,-1,-1,-1
451,92,0.00,421.97,99.82,516.28,1,-1,-1,-1
451,89,1069.46,661.68,123.69,253.66,1,-1,-1,-1
451,88,1876.11,377.64,43.62,538.64,1,-1,-1,-1
451,87,572.88,703.72,99.69,193.42,1,-1,-1,-1
451,85,1140.90,696.17,134.50,216.76,1,-1,-1,-1
451,73,1271.10,723.01,93.95,179.80,1,-1,-1,-1
451,68,825.21,384.23,210.70,557.79,1,-1,-1,-1
451,42,751.06,659.81,103.75,252.41,1,-1,-1,-1
451,40,635.19,687.61,105.46,214.74,1,-1,-1,-1
451,18,239.65,415.99,318.76,507.94,1,-1,-1,-1
451,12,1727.42,612.51,192.58,300.73,1,-1,-1,-1
451,10,1488.27,623.44,140.06,290.61,1,-1,-1,-1
451,3,5.27,612.98,222.50,301.63,1,-1,-1,-1
452,100,1548.96,661.56,134.15,243.07,1,-1,-1,-1
452,99,1044.44,674.99,106.76,237.87,1,-1,-1,-1
452,94,1367.44,371.28,238.06,570.49,1,-1,-1,-1
452,92,0.00,454.62,93.52,499.36,1,-1,-1,-1
452,89,1077.44,678.61,117.07,239.33,1,-1,-1,-1
452,88,1879.82,360.39,39.71,556.70,1,-1,-1,-1
452,87,575.33,720.31,92.11,181.62,1,-1,-1,-1
452,85,1165.24,690.62,100.49,225.33,1,-1,-1,-1
452,73,1268.26,737.38,100.21,163.48,1,-1,-1,-1
452,68,814.86,379.76,224.33,563.05,1,-1,-1,-1
452,42,747.96,676.90,107.18,236.16,1,-1,-1,-1
452,40,636.51,710.40,100.45,193.52,1,-1,-1,-1
452,18,232.69,445.38,307.84,481.10,1,-1,-1,-1
452,12,1724.37,621.15,195.63,290.52,1,-1,-1,-1
452,10,1486.27,626.26,146.10,283.35,1,-1,-1,-1
452,3,4.72,603.13,223.81,318.08,1,-1,-1,-1
453,100,1544.37,657.71,136.54,247.05,1,-1,-1,-1
453,94,1371.98,367.46,224.45,574.76,1,-1,-1,-1
453,92,0.00,456.43,92.34,490.53,1,-1,-1,-1
453,89,1082.36,682.91,115.62,233.66,1,-1,-1,-1
453,88,1876.58,340.59,42.88,581.01,1,-1,-1,-1
453,87,571.39,710.15,98.49,197.91,1,-1,-1,-1
453,73,1274.03,727.75,88.64,182.54,1,-1,-1,-1
453,68,831.24,370.51,204.00,572.30,1,-1,-1,-1
453,42,751.73,678.58,130.69,254.95,1,-1,-1,-1
453,40,632.52,709.66,105.22,196.90,1,-1,-1,-1
453,18,307.60,439.69,223.45,483.55,1,-1,-1,-1
453,12,1729.12,621.26,190.88,293.12,1,-1,-1,-1
453,3,4.38,608.26,220.87,309.57,1,-1,-1,-1
454,100,1541.79,653.88,143.03,255.71,1,-1,-1,-1
454,94,1371.15,356.28,227.34,590.05,1,-1,-1,-1
454,92,0.03,459.50,86.69,456.42,1,-1,-1,-1
454,89,1083.72,688.40,112.51,228.90,1,-1,-1,-1
454,88,1872.49,343.84,47.06,581.70,1,-1,-1,-1
454,68,830.26,370.99,203.67,573.42,1,-1,-1,-1
454,42,751.25,682.87,107.21,228.87,1,-1,-1,-1
454,40,632.34,705.73,105.43,206.53,1,-1,-1,-1
454,18,309.39,410.26,218.52,512.44,1,-1,-1,-1
454,12,1732.35,621.73,184.15,292.58,1,-1,-1,-1
454,3,4.92,606.46,220.10,303.67,1,-1,-1,-1
455,94,1372.58,355.23,222.97,596.78,1,-1,-1,-1
455,92,-5.17,447.49,98.21,494.13,1,-1,-1,-1
455,89,1045.29,691.29,156.37,229.98,1,-1,-1,-1
455,88,1871.98,352.52,47.66,584.74,1,-1,-1,-1
455,75,203.06,387.48,318.69,539.82,1,-1,-1,-1
455,66,1507.01,634.74,187.07,275.86,1,-1,-1,-1
455,42,751.71,683.23,123.79,238.36,1,-1,-1,-1
455,18,281.95,420.92,267.95,500.85,1,-1,-1,-1
455,12,1739.67,624.44,174.02,290.72,1,-1,-1,-1
455,3,0.79,618.61,225.27,290.90,1,-1,-1,-1
456,94,1372.60,359.01,225.03,592.17,1,-1,-1,-1
456,89,1040.89,694.39,164.51,231.74,1,-1,-1,-1
456,88,1871.74,342.26,47.89,601.59,1,-1,-1,-1
456,79,842.18,317.32,191.45,628.99,1,-1,-1,-1
456,75,188.35,377.98,338.80,549.64,1,-1,-1,-1
456,66,1492.50,640.51,206.38,280.76,1,-1,-1,-1
456,42,753.17,683.61,107.14,235.94,1,-1,-1,-1
456,12,1739.85,626.96,173.73,289.67,1,-1,-1,-1
456,3,5.64,617.94,219.89,291.17,1,-1,-1,-1
457,94,1366.73,375.93,232.04,576.16,1,-1,-1,-1
457,89,1040.98,698.44,155.27,227.84,1,-1,-1,-1
457,88,1880.19,393.19,39.40,533.68,1,-1,-1,-1
457,79,839.87,342.23,192.62,591.68,1,-1,-1,-1
457,75,184.66,386.67,342.42,542.58,1,-1,-1,-1
457,66,1504.87,645.21,182.70,267.71,1,-1,-1,-1
457,42,754.32,684.67,103.38,240.00,1,-1,-1,-1
457,40,632.23,733.18,106.31,182.66,1,-1,-1,-1
457,12,1742.84,625.60,171.60,291.79,1,-1,-1,-1
457,3,6.23,641.63,219.13,273.07,1,-1,-1,-1
458,94,1361.46,406.85,237.56,542.45,1,-1,-1,-1
458,92,0.00,499.68,80.46,433.19,1,-1,-1,-1
458,89,1040.34,702.30,145.87,225.50,1,-1,-1,-1
458,88,1878.97,432.37,40.63,479.42,1,-1,-1,-1
458,75,193.63,412.64,334.28,526.32,1,-1,-1,-1
458,68,871.71,332.02,160.73,623.30,1,-1,-1,-1
458,42,756.45,684.39,101.10,231.30,1,-1,-1,-1
458,40,632.34,734.04,103.73,182.56,1,-1,-1,-1
458,12,1741.64,627.25,176.18,292.06,1,-1,-1,-1
458,3,5.93,651.08,223.16,269.82,1,-1,-1,-1
459,100,1543.05,662.33,163.40,246.32,1,-1,-1,-1
459,94,1358.89,452.20,280.23,491.57,1,-1,-1,-1
459,92,0.00,493.79,82.59,407.24,1,-1,-1,-1
459,89,1039.98,708.05,131.30,211.57,1,-1,-1,-1
459,88,1876.59,446.20,43.18,468.48,1,-1,-1,-1
459,87,577.12,755.03,97.82,158.17,1,-1,-1,-1
459,75,195.85,454.65,338.47,479.50,1,-1,-1,-1
459,68,863.78,334.20,178.39,608.96,1,-1,-1,-1
459,42,756.83,686.18,101.09,235.48,1,-1,-1,-1
459,40,632.32,735.92,105.84,184.96,1,-1,-1,-1
459,12,1742.73,629.74,172.18,289.18,1,-1,-1,-1
459,10,1476.73,666.52,146.08,261.31,1,-1,-1,-1
459,3,4.58,646.40,223.73,270.52,1,-1,-1,-1
460,100,1557.37,669.37,147.57,246.15,1,-1,-1,-1
460,94,1300.88,450.90,367.70,496.16,1,-1,-1,-1
460,92,0.00,494.59,88.18,405.67,1,-1,-1,-1
460,89,1039.40,696.59,136.27,229.97,1,-1,-1,-1
460,88,1877.01,430.92,42.99,491.00,1,-1,-1,-1
460,87,575.96,753.38,98.56,169.71,1,-1,-1,-1
460,75,196.25,472.06,345.02,468.29,1,-1,-1,-1
460,42,756.99,686.85,103.48,240.14,1,-1,-1,-1
460,40,630.36,735.82,108.13,184.56,1,-1,-1,-1
460,12,1742.40,636.43,147.71,280.27,1,-1,-1,-1
460,10,1452.74,649.92,180.06,278.67,1,-1,-1,-1
460,3,1.61,642.45,237.99,270.99,1,-1,-1,-1
461,100,1545.70,678.76,157.55,239.93,1,-1,-1,-1
461,94,1224.97,445.93,407.97,498.17,1,-1,-1,-1
461,92,0.00,491.14,88.99,396.33,1,-1,-1,-1
461,89,1036.84,702.28,138.84,227.90,1,-1,-1,-1
461,88,1878.00,456.04,42.00,466.38,1,-1,-1,-1
461,79,840.76,431.39,216.84,526.53,1,-1,-1,-1
461,75,238.92,480.70,333.01,456.82,1,-1,-1,-1
461,73,1232.62,739.80,138.47,174.57,1,-1,-1,-1
461,42,755.06,687.94,106.91,236.91,1,-1,-1,-1
461,40,574.89,739.07,160.11,183.14,1,-1,-1,-1
461,12,1743.62,640.93,145.83,275.49,1,-1,-1,-1
461,10,1449.32,627.94,184.04,299.74,1,-1,-1,-1
461,3,0.00,635.81,284.60,273.22,1,-1,-1,-1
462,100,1530.96,684.12,186.13,236.85,1,-1,-1,-1
462,94,1201.75,440.26,378.29,507.84,1,-1,-1,-1
462,92,0.00,440.19,154.69,468.56,1,-1,-1,-1
462,88,1839.48,457.64,80.52,455.72,1,-1,-1,-1
462,79,771.27,420.06,350.53,529.03,1,-1,-1,-1
462,75,258.82,467.64,404.14,464.62,1,-1,-1,-1
462,73,1227.22,743.98,146.15,171.19,1,-1,-1,-1
462,42,755.11,689.18,108.19,239.87,1,-1,-1,-1
462,40,574.10,737.05,159.51,186.05,1,-1,-1,-1
462,12,1735.91,649.76,182.31,273.35,1,-1,-1,-1
462,10,1445.03,655.18,195.25,273.52,1,-1,-1,-1
462,3,13.29,619.87,302.80,279.15,1,-1,-1,-1
463,100,1543.28,678.75,164.05,247.85,1,-1,-1,-1
463,94,1212.40,436.63,373.16,503.62,1,-1,-1,-1
463,92,0.00,433.56,185.88,469.24,1,-1,-1,-1
463,88,1815.55,459.04,104.45,456.96,1,-1,-1,-1
463,79,763.79,415.35,398.86,530.05,1,-1,-1,-1
463,75,261.99,456.40,405.57,476.78,1,-1,-1,-1
463,73,1218.39,723.31,157.24,195.08,1,-1,-1,-1
463,42,755.61,689.54,111.64,232.72,1,-1,-1,-1
463,40,573.40,735.25,161.64,186.98,1,-1,-1,-1
463,26,1083.59,694.45,123.90,234.89,1,-1,-1,-1
463,12,1697.54,644.77,219.29,276.32,1,-1,-1,-1
463,10,1436.74,662.59,239.23,262.60,1,-1,-1,-1
463,3,19.37,622.66,291.76,275.91,1,-1,-1,-1
464,94,1225.86,430.22,358.86,511.78,1,-1,-1,-1
464,92,0.00,449.15,287.11,444.59,1,-1,-1,-1
464,88,1813.69,460.05,106.31,454.91,1,-1,-1,-1
464,79,751.03,413.85,437.18,531.63,1,-1,-1,-1
464,75,242.63,448.42,415.75,471.72,1,-1,-1,-1
464,73,1218.43,742.08,154.63,178.72,1,-1,-1,-1
464,42,754.84,688.55,109.43,240.44,1,-1,-1,-1
464,40,572.29,736.27,162.95,187.02,1,-1,-1,-1
464,26,1089.03,694.98,116.42,238.22,1,-1,-1,-1
464,12,1695.33,645.42,221.86,275.66,1,-1,-1,-1
464,10,1486.36,656.78,176.73,261.94,1,-1,-1,-1
464,3,21.77,619.68,281.27,273.15,1,-1,-1,-1
465,94,1273.58,431.27,345.23,499.74,1,-1,-1,-1
465,92,0.27,393.11,255.23,466.78,1,-1,-1,-1
465,88,1837.65,458.68,82.35,450.88,1,-1,-1,-1
465,79,783.08,407.10,406.13,526.36,1,-1,-1,-1
465,75,227.91,445.72,415.69,465.50,1,-1,-1,-1
465,73,1227.36,742.72,133.40,175.72,1,-1,-1,-1
465,42,753.53,687.22,108.33,244.43,1,-1,-1,-1
465,40,571.26,733.97,162.47,187.69,1,-1,-1,-1
465,26,1092.29,696.03,112.88,235.11,1,-1,-1,-1
465,12,1705.89,646.03,208.59,273.63,1,-1,-1,-1
465,10,1486.12,657.45,187.62,258.58,1,-1,-1,-1
465,3,33.55,618.95,257.27,274.10,1,-1,-1,-1
466,100,1552.76,678.98,149.96,229.92,1,-1,-1,-1
466,94,1279.88,448.71,356.02,487.98,1,-1,-1,-1
466,92,0.46,385.70,173.73,524.87,1,-1,-1,-1
466,88,1840.65,451.74,79.13,469.88,1,-1,-1,-1
466,79,854.03,408.38,237.09,539.63,1,-1,-1,-1
466,75,247.74,448.43,359.54,463.11,1,-1,-1,-1
466,42,754.17,687.75,104.54,244.71,1,-1,-1,-1
466,40,629.49,734.64,107.68,187.69,1,-1,-1,-1
466,26,1104.20,696.91,105.04,234.93,1,-1,-1,-1
466,12,1721.46,643.53,168.92,275.26,1,-1,-1,-1
466,10,1484.50,657.03,190.26,263.94,1,-1,-1,-1
466,3,41.70,618.21,218.69,284.16,1,-1,-1,-1
467,100,1551.29,675.82,152.37,240.37,1,-1,-1,-1
467,94,1334.10,466.52,247.54,480.05,1,-1,-1,-1
467,92,0.00,482.42,105.96,435.05,1,-1,-1,-1
467,88,1865.82,458.68,54.18,460.98,1,-1,-1,-1
467,79,819.64,409.86,319.24,538.85,1,-1,-1,-1
467,75,245.92,442.19,386.24,476.86,1,-1,-1,-1
467,42,747.16,687.26,111.94,245.27,1,-1,-1,-1
467,40,627.99,739.15,110.87,182.95,1,-1,-1,-1
467,26,1102.31,694.56,112.52,233.05,1,-1,-1,-1
467,12,1737.63,643.89,166.72,277.67,1,-1,-1,-1
467,10,1492.92,665.75,205.40,254.35,1,-1,-1,-1
467,3,56.47,636.78,181.34,281.26,1,-1,-1,-1
468,94,1357.16,485.09,236.42,467.22,1,-1,-1,-1
468,92,0.00,470.83,105.13,459.13,1,-1,-1,-1
468,88,1868.88,464.29,51.12,466.15,1,-1,-1,-1
468,42,748.68,690.37,110.85,243.43,1,-1,-1,-1
468,40,630.24,736.97,107.36,185.45,1,-1,-1,-1
468,26,1102.16,698.73,112.16,232.57,1,-1,-1,-1
468,12,1743.58,646.69,146.35,273.91,1,-1,-1,-1
468,10,1497.18,661.19,193.49,263.94,1,-1,-1,-1
468,3,50.35,649.79,185.32,272.32,1,-1,-1,-1
469,94,1361.62,515.10,224.72,437.21,1,-1,-1,-1
469,92,0.00,553.91,93.13,363.67,1,-1,-1,-1
469,89,1045.58,688.90,156.31,247.45,1,-1,-1,-1
469,88,1866.42,489.61,53.32,439.25,1,-1,-1,-1
469,87,572.14,741.03,161.46,182.03,1,-1,-1,-1
469,68,898.83,458.17,163.54,487.31,1,-1,-1,-1
469,42,740.23,694.01,123.49,240.76,1,-1,-1,-1
469,40,621.22,739.71,124.23,183.92,1,-1,-1,-1
469,18,274.12,479.32,268.87,454.98,1,-1,-1,-1
469,12,1742.33,655.03,162.75,266.86,1,-1,-1,-1
469,3,10.61,669.14,226.62,251.68,1,-1,-1,-1
470,100,1514.72,698.44,141.41,225.95,1,-1,-1,-1
470,94,1364.06,545.89,212.35,410.06,1,-1,-1,-1
470,92,0.00,577.03,84.31,339.11,1,-1,-1,-1
470,89,1075.72,690.63,120.14,245.20,1,-1,-1,-1
470,88,1867.68,504.94,52.32,413.07,1,-1,-1,-1
470,87,570.33,739.43,162.94,185.20,1,-1,-1,-1
470,68,892.53,494.77,173.29,464.83,1,-1,-1,-1
470,42,748.01,686.57,116.78,247.61,1,-1,-1,-1
470,18,265.73,499.17,279.55,436.87,1,-1,-1,-1
470,12,1739.63,660.79,178.04,267.87,1,-1,-1,-1
470,3,1.78,690.49,233.04,228.33,1,-1,-1,-1
471,104,844.30,743.25,74.43,175.94,1,-1,-1,-1
471,100,1512.76,714.64,139.48,210.17,1,-1,-1,-1
471,94,1361.82,569.99,212.79,388.45,1,-1,-1,-1
471,92,0.00,603.84,73.35,311.10,1,-1,-1,-1
471,89,1051.61,716.25,98.67,205.40,1,-1,-1,-1
471,88,1867.74,535.46,52.18,390.24,1,-1,-1,-1
471,87,576.55,741.86,155.56,182.61,1,-1,-1,-1
471,85,1214.82,739.44,64.76,178.78,1,-1,-1,-1
471,68,892.84,516.00,181.19,441.57,1,-1,-1,-1
471,42,755.10,685.31,118.74,249.14,1,-1,-1,-1
471,26,1103.96,671.02,95.06,259.59,1,-1,-1,-1
471,18,255.19,529.96,291.16,416.09,1,-1,-1,-1
471,12,1743.07,673.25,174.25,254.35,1,-1,-1,-1
471,3,1.22,708.26,231.75,208.37,1,-1,-1,-1
472,104,839.01,718.55,90.61,203.44,1,-1,-1,-1
472,100,1493.07,738.80,169.67,184.43,1,-1,-1,-1
472,94,1362.55,600.61,218.96,352.63,1,-1,-1,-1
472,92,0.00,567.00,57.06,364.41,1,-1,-1,-1
472,89,1048.45,708.09,125.52,221.73,1,-1,-1,-1
472,88,1860.94,569.12,59.06,370.11,1,-1,-1,-1
472,85,1198.50,704.24,79.48,216.85,1,-1,-1,-1
472,68,905.86,537.25,192.24,419.45,1,-1,-1,-1
472,42,746.54,656.20,132.99,277.03,1,-1,-1,-1
472,40,633.96,704.81,108.57,218.83,1,-1,-1,-1
472,26,1102.74,648.85,97.95,285.41,1,-1,-1,-1
472,18,238.59,581.61,306.03,366.71,1,-1,-1,-1
472,12,1740.97,687.73,176.90,240.63,1,-1,-1,-1
472,3,1.99,716.89,224.20,212.23,1,-1,-1,-1
473,104,833.64,711.00,89.48,209.05,1,-1,-1,-1
473,100,1478.28,747.14,177.09,179.63,1,-1,-1,-1
473,94,1359.33,607.49,220.74,347.47,1,-1,-1,-1
473,92,-19.62,559.99,96.42,396.77,1,-1,-1,-1
473,88,1863.50,549.32,57.02,403.81,1,-1,-1,-1
473,85,1191.41,704.57,88.19,218.94,1,-1,-1,-1
473,73,1286.29,726.83,79.35,188.18,1,-1,-1,-1
473,68,910.02,522.45,196.73,433.82,1,-1,-1,-1
473,42,712.45,639.30,162.31,288.81,1,-1,-1,-1
473,40,632.84,702.67,113.11,217.25,1,-1,-1,-1
473,26,1103.22,647.05,92.52,286.47,1,-1,-1,-1
473,18,248.06,589.89,297.12,356.43,1,-1,-1,-1
473,12,1738.75,693.23,179.36,234.13,1,-1,-1,-1
473,3,2.72,717.87,224.51,205.00,1,-1,-1,-1
474,105,1045.95,708.82,73.76,209.13,1,-1,-1,-1
474,104,838.40,709.16,82.59,208.10,1,-1,-1,-1
474,100,1485.08,748.51,167.62,174.45,1,-1,-1,-1
474,94,1359.34,608.59,215.83,346.43,1,-1,-1,-1
474,87,572.09,708.53,103.45,204.03,1,-1,-1,-1
474,85,1184.73,687.41,94.35,230.31,1,-1,-1,-1
474,73,1283.81,721.82,83.77,194.43,1,-1,-1,-1
474,68,915.56,517.87,195.19,440.30,1,-1,-1,-1
474,42,727.41,632.33,146.40,293.08,1,-1,-1,-1
474,40,642.55,703.51,101.83,212.77,1,-1,-1,-1
474,26,1100.38,637.09,91.80,287.16,1,-1,-1,-1
474,18,248.71,569.64,289.56,403.73,1,-1,-1,-1
474,12,1736.88,695.93,180.68,230.43,1,-1,-1,-1
474,3,3.00,720.19,223.86,198.55,1,-1,-1,-1
475,105,1041.09,701.85,81.12,213.87,1,-1,-1,-1
475,104,835.11,708.00,84.96,206.99,1,-1,-1,-1
475,102,228.65,605.52,206.27,328.98,1,-1,-1,-1
475,100,1476.68,749.25,174.34,174.86,1,-1,-1,-1
475,94,1354.70,609.72,217.76,343.77,1,-1,-1,-1
475,87,581.82,704.37,150.78,207.85,1,-1,-1,-1
475,85,1181.03,686.13,98.16,229.14,1,-1,-1,-1
475,73,1279.69,717.43,91.09,200.33,1,-1,-1,-1
475,68,918.33,503.27,156.86,452.45,1,-1,-1,-1
475,42,731.79,644.09,135.89,273.00,1,-1,-1,-1
475,40,642.74,704.54,102.39,211.27,1,-1,-1,-1
475,26,1094.21,625.51,97.26,289.79,1,-1,-1,-1
475,12,1736.25,698.56,181.50,228.41,1,-1,-1,-1
475,3,2.77,720.80,223.96,195.64,1,-1,-1,-1
476,105,1030.30,707.44,92.17,207.82,1,-1,-1,-1
476,104,832.01,697.59,91.58,217.01,1,-1,-1,-1
476,102,226.75,598.83,219.14,336.16,1,-1,-1,-1
476,100,1477.64,746.61,165.06,188.17,1,-1,-1,-1
476,94,1358.03,609.02,220.90,344.01,1,-1,-1,-1
476,87,580.12,701.87,161.94,214.78,1,-1,-1,-1
476,85,1189.93,686.52,83.73,231.79,1,-1,-1,-1
476,73,1277.38,713.95,90.28,198.37,1,-1,-1,-1
476,68,905.61,491.86,163.13,456.17,1,-1,-1,-1
476,40,640.99,707.12,108.10,204.48,1,-1,-1,-1
476,26,1079.38,613.48,106.88,307.25,1,-1,-1,-1
476,12,1735.31,620.38,183.52,306.54,1,-1,-1,-1
476,3,2.77,721.39,221.07,196.20,1,-1,-1,-1
477,105,1031.17,690.68,91.23,228.83,1,-1,-1,-1
477,103,750.89,625.35,144.04,302.83,1,-1,-1,-1
477,102,224.23,595.00,226.77,344.00,1,-1,-1,-1
477,94,1352.28,606.47,224.24,346.37,1,-1,-1,-1
477,87,588.63,704.18,157.24,216.04,1,-1,-1,-1
477,85,1192.01,689.79,81.73,228.09,1,-1,-1,-1
477,73,1265.82,716.47,86.61,200.18,1,-1,-1,-1
477,68,893.97,482.29,183.72,453.66,1,-1,-1,-1
477,26,1083.56,634.75,106.98,290.21,1,-1,-1,-1
477,12,1734.16,577.69,185.09,351.94,1,-1,-1,-1
477,3,2.38,719.53,216.84,203.50,1,-1,-1,-1
478,103,759.30,626.47,144.67,301.86,1,-1,-1,-1
478,102,223.32,593.62,228.60,346.35,1,-1,-1,-1
478,94,1348.51,603.43,228.30,350.01,1,-1,-1,-1
478,87,587.20,701.25,159.66,221.09,1,-1,-1,-1
478,85,1188.12,689.90,83.01,224.73,1,-1,-1,-1
478,73,1269.07,716.00,79.94,197.82,1,-1,-1,-1
478,68,890.92,482.18,186.16,463.26,1,-1,-1,-1
478,26,1082.95,633.86,106.72,290.55,1,-1,-1,-1
478,12,1734.31,564.31,185.35,368.26,1,-1,-1,-1
478,3,1.96,719.45,215.99,204.30,1,-1,-1,-1
479,103,748.53,621.43,149.09,312.40,1,-1,-1,-1
479,102,222.71,594.51,225.12,345.64,1,-1,-1,-1
479,100,1475.26,754.42,171.51,165.80,1,-1,-1,-1
479,94,1346.45,602.60,230.44,351.01,1,-1,-1,-1
479,87,579.08,702.18,165.90,219.96,1,-1,-1,-1
479,85,1189.57,693.12,80.78,226.36,1,-1,-1,-1
479,73,1267.57,714.67,79.27,202.83,1,-1,-1,-1
479,68,887.43,464.38,192.92,475.21,1,-1,-1,-1
479,26,1058.03,633.42,126.63,295.91,1,-1,-1,-1
479,12,1734.54,551.98,185.43,382.69,1,-1,-1,-1
479,3,2.07,720.88,214.19,204.66,1,-1,-1,-1
480,103,747.31,612.66,141.83,319.57,1,-1,-1,-1
480,102,223.33,596.04,225.80,343.88,1,-1,-1,-1
480,100,1440.70,740.33,203.91,183.51,1,-1,-1,-1
480,94,1350.58,602.31,217.90,350.70,1,-1,-1,-1
480,87,599.33,700.70,145.99,218.20,1,-1,-1,-1
480,85,1181.60,691.17,92.07,231.57,1,-1,-1,-1
480,73,1201.06,702.66,140.83,217.98,1,-1,-1,-1
480,68,882.62,470.91,196.79,464.43,1,-1,-1,-1
480,26,1051.41,630.91,142.69,299.13,1,-1,-1,-1
480,18,241.24,587.91,307.10,362.87,1,-1,-1,-1
480,12,1734.67,553.95,185.33,379.34,1,-1,-1,-1
480,3,1.92,718.59,214.97,206.42,1,-1,-1,-1
481,103,760.01,583.73,119.14,345.33,1,-1,-1,-1
481,102,220.53,597.72,221.32,340.44,1,-1,-1,-1
481,100,1435.20,741.31,208.47,183.32,1,-1,-1,-1
481,94,1355.17,601.32,214.06,351.61,1,-1,-1,-1
481,87,591.97,695.49,93.02,219.23,1,-1,-1,-1
481,85,1159.71,684.33,114.31,236.65,1,-1,-1,-1
481,73,1257.59,705.93,86.79,209.53,1,-1,-1,-1
481,68,865.83,470.09,201.85,454.58,1,-1,-1,-1
481,26,1064.84,610.59,140.02,322.05,1,-1,-1,-1
481,18,242.82,590.03,304.42,359.76,1,-1,-1,-1
481,12,1733.54,554.32,186.46,378.01,1,-1,-1,-1
481,3,1.70,719.38,214.08,204.79,1,-1,-1,-1
482,103,763.21,569.59,130.90,363.09,1,-1,-1,-1
482,100,1440.37,744.74,191.97,181.65,1,-1,-1,-1
482,94,1355.83,600.59,214.81,352.11,1,-1,-1,-1
482,87,589.15,693.47,96.24,223.37,1,-1,-1,-1
482,85,1188.83,684.43,84.87,232.44,1,-1,-1,-1
482,73,1261.06,701.16,81.25,210.54,1,-1,-1,-1
482,68,886.14,446.95,171.83,489.64,1,-1,-1,-1
482,34,952.18,676.28,154.64,268.28,1,-1,-1,-1
482,26,1064.94,606.51,120.91,325.26,1,-1,-1,-1
482,18,242.03,590.41,305.27,357.75,1,-1,-1,-1
482,12,1732.73,554.19,187.25,379.63,1,-1,-1,-1
482,3,1.67,718.96,211.78,203.14,1,-1,-1,-1
483,104,770.08,661.38,129.07,270.04,1,-1,-1,-1
483,103,763.70,582.31,127.90,349.52,1,-1,-1,-1
483,94,1355.79,601.24,211.90,351.06,1,-1,-1,-1
483,87,583.55,694.15,119.33,227.32,1,-1,-1,-1
483,85,1175.07,666.32,100.31,254.97,1,-1,-1,-1
483,73,1250.87,696.60,90.23,218.10,1,-1,-1,-1
483,68,892.23,434.98,156.79,512.18,1,-1,-1,-1
483,40,647.44,684.16,103.32,235.28,1,-1,-1,-1
483,34,962.79,673.52,138.76,274.63,1,-1,-1,-1
483,26,1058.36,602.53,126.07,330.21,1,-1,-1,-1
483,18,242.28,590.38,305.15,358.67,1,-1,-1,-1
483,12,1732.71,552.30,187.29,380.97,1,-1,-1,-1
483,3,1.64,717.70,211.13,203.93,1,-1,-1,-1
484,104,770.62,706.18,132.82,225.06,1,-1,-1,-1
484,103,757.62,582.94,137.64,338.91,1,-1,-1,-1
484,102,223.20,597.08,223.39,343.60,1,-1,-1,-1
484,94,1357.05,601.10,215.02,350.70,1,-1,-1,-1
484,87,576.42,693.13,125.12,228.52,1,-1,-1,-1
484,85,1178.96,676.48,94.08,236.84,1,-1,-1,-1
484,73,1257.26,692.88,82.69,221.75,1,-1,-1,-1
484,68,889.96,421.84,156.24,525.54,1,-1,-1,-1
484,40,644.20,670.64,106.51,248.67,1,-1,-1,-1
484,26,1058.45,602.78,125.11,335.15,1,-1,-1,-1
484,18,242.53,588.88,305.11,359.81,1,-1,-1,-1
484,12,1732.00,554.96,188.00,378.27,1,-1,-1,-1
484,3,1.77,718.04,211.33,203.71,1,-1,-1,-1
485,104,772.63,690.85,132.64,241.74,1,-1,-1,-1
485,102,219.95,597.99,222.78,342.64,1,-1,-1,-1
485,94,1354.96,601.38,220.77,350.19,1,-1,-1,-1
485,87,571.86,679.26,175.43,242.97,1,-1,-1,-1
485,73,1254.84,695.94,83.60,220.85,1,-1,-1,-1
485,68,899.05,414.29,145.03,534.23,1,-1,-1,-1
485,42,756.84,590.90,114.84,338.47,1,-1,-1,-1
485,40,639.84,679.54,114.12,232.02,1,-1,-1,-1
485,26,1056.72,596.73,132.09,338.68,1,-1,-1,-1
485,18,238.25,589.31,308.83,360.15,1,-1,-1,-1
485,12,1732.06,555.94,187.94,377.56,1,-1,-1,-1
485,3,1.75,718.73,211.53,202.19,1,-1,-1,-1
486,104,780.50,691.70,127.16,239.21,1,-1,-1,-1
486,94,1355.76,600.77,221.58,351.70,1,-1,-1,-1
486,87,569.89,674.23,176.73,249.00,1,-1,-1,-1
486,73,1238.52,692.99,95.48,228.13,1,-1,-1,-1
486,68,889.84,408.22,152.80,539.84,1,-1,-1,-1
486,42,747.83,601.03,128.26,328.45,1,-1,-1,-1
486,26,1057.18,597.99,133.04,333.21,1,-1,-1,-1
486,18,239.48,588.33,307.14,363.09,1,-1,-1,-1
486,12,1731.39,557.23,188.61,375.58,1,-1,-1,-1
486,3,1.51,717.08,210.84,202.18,1,-1,-1,-1
487,104,804.63,704.26,101.78,216.68,1,-1,-1,-1
487,94,1357.80,599.68,213.98,352.45,1,-1,-1,-1
487,87,570.05,704.57,154.56,214.78,1,-1,-1,-1
487,73,1248.70,695.50,84.75,221.81,1,-1,-1,-1
487,68,900.96,394.75,147.25,549.87,1,-1,-1,-1
487,42,744.85,604.22,131.54,322.92,1,-1,-1,-1
487,26,1047.66,608.80,142.31,322.62,1,-1,-1,-1
487,18,240.15,588.85,305.06,361.78,1,-1,-1,-1
487,12,1733.86,564.69,186.11,365.86,1,-1,-1,-1
487,3,1.27,716.85,210.68,201.86,1,-1,-1,-1
488,104,787.06,688.22,121.90,245.45,1,-1,-1,-1
488,102,223.99,582.33,320.56,369.53,1,-1,-1,-1
488,94,1356.88,600.67,213.32,351.60,1,-1,-1,-1
488,87,569.19,684.37,173.54,236.95,1,-1,-1,-1
488,73,1244.41,696.21,87.85,217.74,1,-1,-1,-1
488,68,892.31,405.13,158.26,540.50,1,-1,-1,-1
488,42,743.83,600.95,135.52,326.72,1,-1,-1,-1
488,26,1037.42,623.85,152.21,309.48,1,-1,-1,-1
488,18,231.10,586.86,312.66,363.82,1,-1,-1,-1
488,12,1734.28,560.79,185.43,370.10,1,-1,-1,-1
488,3,1.12,716.17,207.86,202.35,1,-1,-1,-1
489,102,237.22,585.81,305.16,364.52,1,-1,-1,-1
489,94,1357.61,601.02,208.54,351.44,1,-1,-1,-1
489,87,566.94,688.90,175.54,231.03,1,-1,-1,-1
489,68,887.88,417.47,169.02,528.02,1,-1,-1,-1
489,42,749.26,601.43,151.60,328.22,1,-1,-1,-1
489,40,633.72,685.43,115.82,233.30,1,-1,-1,-1
489,26,1036.99,633.45,146.75,296.57,1,-1,-1,-1
489,18,230.49,581.48,313.02,369.59,1,-1,-1,-1
489,12,1736.01,569.80,183.66,361.57,1,-1,-1,-1
489,3,0.71,713.70,205.91,202.17,1,-1,-1,-1
490,102,248.39,586.72,272.43,361.64,1,-1,-1,-1
490,99,1184.70,684.98,154.18,234.03,1,-1,-1,-1
490,94,1359.71,600.17,205.09,353.10,1,-1,-1,-1
490,87,561.19,694.24,173.01,223.09,1,-1,-1,-1
490,68,889.88,437.91,168.13,486.85,1,-1,-1,-1
490,42,745.59,606.10,156.81,319.23,1,-1,-1,-1
490,40,633.64,684.88,111.58,228.66,1,-1,-1,-1
490,26,1031.15,672.34,134.68,258.35,1,-1,-1,-1
490,18,240.24,579.02,300.59,372.22,1,-1,-1,-1
490,12,1736.76,570.71,182.99,355.01,1,-1,-1,-1
490,3,1.33,712.98,200.46,204.39,1,-1,-1,-1
491,99,1189.36,677.54,153.73,247.09,1,-1,-1,-1
491,94,1360.21,597.34,207.49,357.56,1,-1,-1,-1
491,87,555.09,692.49,180.34,223.82,1,-1,-1,-1
491,75,379.37,627.72,160.85,311.29,1,-1,-1,-1
491,68,884.07,448.57,173.95,492.25,1,-1,-1,-1
491,42,740.80,608.42,157.28,312.78,1,-1,-1,-1
491,40,631.62,682.40,115.91,233.12,1,-1,-1,-1
491,26,1036.64,641.04,149.37,286.50,1,-1,-1,-1
491,18,234.05,572.92,305.27,373.18,1,-1,-1,-1
491,12,1735.60,574.61,184.35,349.38,1,-1,-1,-1
491,3,2.69,702.11,196.52,215.92,1,-1,-1,-1
492,94,1361.27,593.84,204.84,359.48,1,-1,-1,-1
492,87,555.71,706.10,165.09,211.04,1,-1,-1,-1
492,75,363.27,615.11,192.87,343.32,1,-1,-1,-1
492,68,873.45,461.44,160.90,477.88,1,-1,-1,-1
492,42,748.85,603.11,145.85,321.82,1,-1,-1,-1
492,26,1047.83,642.13,146.98,283.69,1,-1,-1,-1
492,18,290.75,564.02,247.77,373.96,1,-1,-1,-1
492,12,1737.88,556.18,181.49,367.86,1,-1,-1,-1
492,3,2.18,705.10,184.96,210.35,1,-1,-1,-1
493,102,206.29,546.17,237.48,367.27,1,-1,-1,-1
493,94,1360.54,590.59,227.05,360.70,1,-1,-1,-1
493,87,577.36,690.91,149.02,225.50,1,-1,-1,-1
493,73,1243.72,720.93,97.14,190.89,1,-1,-1,-1
493,68,867.38,477.83,166.58,461.28,1,-1,-1,-1
493,26,1020.04,644.19,170.50,284.61,1,-1,-1,-1
493,18,188.47,541.34,348.55,395.45,1,-1,-1,-1
493,12,1739.15,571.75,179.95,352.98,1,-1,-1,-1
493,3,0.27,699.70,180.45,216.58,1,-1,-1,-1
494,103,747.97,639.31,141.05,291.41,1,-1,-1,-1
494,102,199.29,550.58,251.78,364.76,1,-1,-1,-1
494,94,1358.78,587.42,296.04,358.61,1,-1,-1,-1
494,87,576.60,694.64,142.44,221.27,1,-1,-1,-1
494,73,1241.68,728.30,92.59,185.19,1,-1,-1,-1
494,68,867.08,497.07,165.23,452.45,1,-1,-1,-1
494,26,1022.85,647.87,164.39,281.14,1,-1,-1,-1
494,18,174.58,540.23,356.11,401.74,1,-1,-1,-1
494,12,1740.86,621.91,176.74,303.44,1,-1,-1,-1
494,3,0.60,700.61,170.87,213.46,1,-1,-1,-1
495,103,728.57,672.32,107.21,259.30,1,-1,-1,-1
495,94,1361.52,583.73,296.71,360.82,1,-1,-1,-1
495,87,567.66,701.07,143.48,219.42,1,-1,-1,-1
495,73,1235.25,731.12,89.39,181.06,1,-1,-1,-1
495,68,886.95,509.27,137.05,424.41,1,-1,-1,-1
495,26,1017.31,660.18,162.23,272.21,1,-1,-1,-1
495,18,228.60,541.80,294.97,401.21,1,-1,-1,-1
495,12,1738.15,591.82,182.60,345.46,1,-1,-1,-1
495,3,0.36,690.49,162.09,226.14,1,-1,-1,-1
496,103,731.29,634.68,152.33,302.59,1,-1,-1,-1
496,100,1463.97,701.25,200.13,232.41,1,-1,-1,-1
496,94,1384.29,588.67,249.39,354.02,1,-1,-1,-1
496,87,544.08,703.98,160.40,221.59,1,-1,-1,-1
496,85,1158.19,696.09,140.74,214.50,1,-1,-1,-1
496,73,1236.00,734.32,94.43,178.09,1,-1,-1,-1
496,68,859.46,519.24,162.78,436.16,1,-1,-1,-1
496,26,1022.31,703.93,140.58,229.13,1,-1,-1,-1
496,18,258.88,537.17,259.29,398.97,1,-1,-1,-1
496,3,0.45,698.35,149.54,218.60,1,-1,-1,-1
497,107,1745.77,521.36,173.83,404.59,1,-1,-1,-1
497,103,704.74,633.14,151.54,301.57,1,-1,-1,-1
497,100,1466.66,682.58,197.14,244.12,1,-1,-1,-1
497,87,532.89,711.52,153.03,214.92,1,-1,-1,-1
497,85,1167.54,690.24,115.13,223.79,1,-1,-1,-1
497,73,1234.61,729.92,93.25,187.19,1,-1,-1,-1
497,68,856.66,538.33,170.33,419.06,1,-1,-1,-1
497,66,1362.46,563.22,266.18,383.14,1,-1,-1,-1
497,26,1017.06,705.98,142.95,227.95,1,-1,-1,-1
497,18,177.11,536.61,333.35,406.46,1,-1,-1,-1
497,3,0.93,704.20,126.81,220.62,1,-1,-1,-1
498,107,1743.81,528.95,175.46,398.10,1,-1,-1,-1
498,103,692.57,630.80,174.01,305.27,1,-1,-1,-1
498,100,1480.01,681.71,183.83,248.01,1,-1,-1,-1
498,87,532.77,706.24,153.39,217.47,1,-1,-1,-1
498,68,816.57,529.46,205.58,429.17,1,-1,-1,-1
498,66,1361.24,571.37,258.88,370.00,1,-1,-1,-1
498,34,1099.95,649.33,156.67,268.63,1,-1,-1,-1
498,26,1020.68,705.34,135.51,230.28,1,-1,-1,-1
498,18,169.54,539.46,340.04,403.52,1,-1,-1,-1
498,3,0.00,695.38,125.80,228.15,1,-1,-1,-1
499,107,1744.24,535.53,174.87,390.86,1,-1,-1,-1
499,103,694.59,630.54,171.60,306.33,1,-1,-1,-1
499,100,1437.58,674.07,225.87,279.17,1,-1,-1,-1
499,87,530.85,707.32,161.08,217.42,1,-1,-1,-1
499,68,806.62,529.28,209.19,429.78,1,-1,-1,-1
499,34,1109.45,650.60,156.84,262.72,1,-1,-1,-1
499,26,1019.54,704.19,139.37,231.07,1,-1,-1,-1
499,18,168.01,543.59,339.31,398.26,1,-1,-1,-1
499,3,0.01,690.11,129.63,239.68,1,-1,-1,-1
500,107,1744.82,543.55,173.93,384.06,1,-1,-1,-1
500,103,724.47,632.80,150.78,303.69,1,-1,-1,-1
500,100,1439.98,663.15,222.42,288.97,1,-1,-1,-1
500,94,1382.88,555.84,270.45,387.52,1,-1,-1,-1
500,87,537.43,704.80,163.47,218.57,1,-1,-1,-1
500,85,1169.53,711.41,146.83,203.32,1,-1,-1,-1
500,68,838.21,519.81,185.53,437.45,1,-1,-1,-1
500,26,1019.86,646.73,149.56,286.71,1,-1,-1,-1
500,18,166.26,545.71,339.94,400.60,1,-1,-1,-1
500,3,-11.26,699.58,143.34,220.85,1,-1,-1,-1
501,107,1744.46,696.19,173.26,228.41,1,-1,-1,-1
501,103,712.03,632.31,156.68,306.23,1,-1,-1,-1
501,100,1438.70,561.38,249.04,387.58,1,-1,-1,-1
501,94,1390.81,557.68,281.49,376.67,1,-1,-1,-1
501,87,556.47,705.24,152.30,211.63,1,-1,-1,-1
501,85,1167.72,708.95,147.57,210.85,1,-1,-1,-1
501,68,828.88,509.46,205.08,442.89,1,-1,-1,-1
501,26,1017.68,642.50,151.38,290.49,1,-1,-1,-1
501,18,166.42,549.03,340.57,394.52,1,-1,-1,-1
502,107,1742.63,696.15,175.02,226.69,1,-1,-1,-1
502,100,1445.13,618.74,227.65,300.93,1,-1,-1,-1
502,94,1412.29,562.06,286.50,384.73,1,-1,-1,-1
502,87,576.28,703.25,144.25,212.09,1,-1,-1,-1
502,85,1170.14,708.60,146.70,213.21,1,-1,-1,-1
502,68,833.18,492.48,198.27,454.68,1,-1,-1,-1
502,26,1027.31,721.31,131.97,209.90,1,-1,-1,-1
502,18,172.37,553.15,334.88,388.03,1,-1,-1,-1
503,107,1741.41,699.05,175.98,225.84,1,-1,-1,-1
503,106,530.18,724.84,106.63,192.78,1,-1,-1,-1
503,94,1418.98,567.37,279.02,380.54,1,-1,-1,-1
503,87,566.53,700.91,173.23,219.59,1,-1,-1,-1
503,75,337.73,668.72,167.65,250.64,1,-1,-1,-1
503,68,821.63,479.83,202.12,472.33,1,-1,-1,-1
503,26,1030.15,706.83,124.49,222.80,1,-1,-1,-1
503,18,172.51,564.76,332.10,372.89,1,-1,-1,-1
504,107,1739.97,707.39,177.51,215.88,1,-1,-1,-1
504,106,526.09,726.38,110.13,189.35,1,-1,-1,-1
504,105,892.55,654.29,129.27,266.69,1,-1,-1,-1
504,103,734.63,621.81,153.45,306.29,1,-1,-1,-1
504,94,1431.97,574.26,267.86,372.01,1,-1,-1,-1
504,89,1061.84,647.23,112.01,282.88,1,-1,-1,-1
504,87,573.31,699.20,169.50,220.23,1,-1,-1,-1
504,75,304.50,634.24,206.61,301.82,1,-1,-1,-1
504,73,1232.84,709.06,82.02,206.99,1,-1,-1,-1
504,68,811.10,473.18,217.29,471.47,1,-1,-1,-1
504,34,1167.24,687.80,102.67,230.23,1,-1,-1,-1
504,26,1033.03,663.31,112.84,265.36,1,-1,-1,-1
504,18,172.25,565.80,333.71,372.68,1,-1,-1,-1
504,3,0.00,696.89,112.57,216.18,1,-1,-1,-1
505,107,1738.87,716.47,179.12,206.56,1,-1,-1,-1
505,106,525.56,727.15,108.85,186.33,1,-1,-1,-1
505,105,877.47,644.33,144.63,285.47,1,-1,-1,-1
505,103,737.29,621.43,147.50,303.72,1,-1,-1,-1
505,94,1433.22,581.68,262.93,361.84,1,-1,-1,-1
505,89,1059.31,628.43,114.65,299.71,1,-1,-1,-1
505,87,573.67,691.19,168.28,226.94,1,-1,-1,-1
505,73,1226.71,707.41,87.60,211.59,1,-1,-1,-1
505,68,818.46,467.57,208.54,479.14,1,-1,-1,-1
505,34,1165.11,684.75,100.18,236.06,1,-1,-1,-1
505,26,1024.91,708.88,103.93,215.73,1,-1,-1,-1
505,18,164.92,566.09,342.80,374.85,1,-1,-1,-1
505,3,-7.72,696.52,122.93,215.03,1,-1,-1,-1
506,107,1737.70,726.06,180.05,198.13,1,-1,-1,-1
506,106,525.89,723.67,111.12,191.87,1,-1,-1,-1
506,103,729.24,622.08,153.90,301.95,1,-1,-1,-1
506,94,1438.24,587.74,255.84,357.95,1,-1,-1,-1
506,89,1058.64,620.76,114.23,308.77,1,-1,-1,-1
506,87,583.88,689.54,158.75,227.78,1,-1,-1,-1
506,73,1227.57,705.10,86.60,211.92,1,-1,-1,-1
506,68,813.43,467.76,210.89,471.83,1,-1,-1,-1
506,42,811.97,469.05,210.22,470.01,1,-1,-1,-1
506,34,1166.50,684.07,98.21,234.52,1,-1,-1,-1
506,26,1017.12,694.69,123.59,238.21,1,-1,-1,-1
506,18,163.44,574.61,339.33,366.33,1,-1,-1,-1
507,107,1739.30,733.52,178.11,188.41,1,-1,-1,-1
507,106,530.25,722.97,103.10,192.21,1,-1,-1,-1
507,103,729.48,663.05,141.68,262.65,1,-1,-1,-1
507,94,1438.19,595.46,262.19,346.96,1,-1,-1,-1
507,89,1048.26,625.77,125.01,303.57,1,-1,-1,-1
507,87,606.91,687.70,133.17,229.94,1,-1,-1,-1
507,73,1221.50,706.72,89.62,214.26,1,-1,-1,-1
507,68,821.37,471.09,196.05,439.68,1,-1,-1,-1
507,42,825.42,522.38,198.84,397.70,1,-1,-1,-1
507,34,1167.39,683.17,97.46,234.33,1,-1,-1,-1
507,18,165.19,590.78,286.13,352.40,1,-1,-1,-1
508,109,1017.99,701.16,85.41,219.49,1,-1,-1,-1
508,107,1739.83,738.44,177.73,184.11,1,-1,-1,-1
508,106,527.55,722.03,104.48,192.93,1,-1,-1,-1
508,105,859.45,695.90,123.60,247.69,1,-1,-1,-1
508,103,731.68,691.97,135.48,236.79,1,-1,-1,-1
508,94,1430.24,603.88,273.56,342.21,1,-1,-1,-1
508,89,1051.52,624.49,121.86,306.74,1,-1,-1,-1
508,87,609.04,688.74,127.46,228.11,1,-1,-1,-1
508,73,1222.39,706.85,89.30,210.08,1,-1,-1,-1
508,68,823.17,473.27,191.02,436.18,1,-1,-1,-1
508,34,1164.88,682.17,103.90,237.30,1,-1,-1,-1
508,18,162.46,592.98,297.51,350.49,1,-1,-1,-1
509,109,1016.67,666.81,92.70,253.57,1,-1,-1,-1
509,107,1742.59,743.15,174.68,178.93,1,-1,-1,-1
509,106,524.59,721.97,105.45,192.44,1,-1,-1,-1
509,105,858.79,673.51,121.01,268.65,1,-1,-1,-1
509,103,728.42,628.67,141.18,297.35,1,-1,-1,-1
509,94,1423.31,606.03,281.34,338.72,1,-1,-1,-1
509,89,1055.58,630.42,111.60,302.47,1,-1,-1,-1
509,87,616.69,687.53,116.29,229.23,1,-1,-1,-1
509,73,1223.87,709.42,90.58,205.57,1,-1,-1,-1
509,68,830.74,475.78,180.09,440.04,1,-1,-1,-1
509,34,1167.43,682.25,102.24,236.58,1,-1,-1,-1
509,18,158.00,597.88,303.42,339.97,1,-1,-1,-1
510,109,1016.37,680.21,93.57,236.39,1,-1,-1,-1
510,107,1745.35,746.45,171.74,177.42,1,-1,-1,-1
510,106,524.34,723.81,104.21,192.87,1,-1,-1,-1
510,105,868.05,670.36,125.80,275.18,1,-1,-1,-1
510,103,723.24,702.20,111.08,219.53,1,-1,-1,-1
510,102,155.47,600.18,303.96,337.90,1,-1,-1,-1
510,94,1419.16,618.64,288.97,327.88,1,-1,-1,-1
510,89,1055.98,646.00,113.38,272.60,1,-1,-1,-1
510,87,609.92,689.58,115.31,224.87,1,-1,-1,-1
510,73,1220.65,708.93,95.27,205.22,1,-1,-1,-1
510,68,832.44,476.21,175.84,459.92,1,-1,-1,-1
510,34,1170.53,682.70,89.54,237.52,1,-1,-1,-1
510,18,156.46,599.37,362.73,340.03,1,-1,-1,-1
511,109,1011.39,687.79,95.23,231.12,1,-1,-1,-1
511,107,1746.28,747.24,170.75,177.23,1,-1,-1,-1
511,106,524.82,725.82,106.30,191.77,1,-1,-1,-1
511,105,836.13,652.12,153.11,291.88,1,-1,-1,-1
511,103,723.25,704.83,95.55,205.58,1,-1,-1,-1
511,102,157.56,596.05,297.86,348.73,1,-1,-1,-1
511,94,1422.61,624.13,286.45,320.70,1,-1,-1,-1
511,89,1049.69,645.32,120.70,269.69,1,-1,-1,-1
511,87,603.61,691.72,112.00,225.53,1,-1,-1,-1
511,73,1214.37,711.48,104.66,204.60,1,-1,-1,-1
511,68,844.39,474.79,163.52,456.87,1,-1,-1,-1
511,34,1159.61,688.07,102.49,233.15,1,-1,-1,-1
511,18,152.01,603.76,374.59,333.77,1,-1,-1,-1
512,109,1010.89,680.27,95.89,236.93,1,-1,-1,-1
512,107,1745.93,743.12,171.93,180.68,1,-1,-1,-1
512,106,484.25,730.08,142.26,188.54,1,-1,-1,-1
512,105,735.66,624.42,202.36,305.24,1,-1,-1,-1
512,104,728.12,637.21,141.08,290.53,1,-1,-1,-1
512,103,710.39,683.36,125.25,251.24,1,-1,-1,-1
512,94,1417.23,637.04,295.28,304.97,1,-1,-1,-1
512,89,1028.70,658.44,145.75,268.62,1,-1,-1,-1
512,87,585.03,703.43,131.51,220.51,1,-1,-1,-1
512,73,1218.75,710.17,94.05,205.44,1,-1,-1,-1
512,68,814.83,488.50,258.71,458.53,1,-1,-1,-1
512,34,1167.01,695.16,95.29,225.34,1,-1,-1,-1
512,18,147.25,614.48,365.53,321.48,1,-1,-1,-1
513,107,1746.44,739.17,171.40,185.08,1,-1,-1,-1
513,106,505.68,733.91,144.34,183.89,1,-1,-1,-1
513,105,774.97,636.63,157.02,294.39,1,-1,-1,-1
513,104,717.27,649.16,153.55,283.66,1,-1,-1,-1
513,94,1427.16,644.92,297.30,290.18,1,-1,-1,-1
513,89,1004.92,658.96,159.66,273.36,1,-1,-1,-1
513,87,578.78,702.20,144.68,216.26,1,-1,-1,-1
513,68,726.65,510.54,377.50,434.81,1,-1,-1,-1
513,34,1170.20,691.38,98.48,231.12,1,-1,-1,-1
513,18,145.68,617.49,361.33,320.45,1,-1,-1,-1
514,107,1747.15,740.45,169.63,183.82,1,-1,-1,-1
514,106,481.68,744.25,158.79,173.91,1,-1,-1,-1
514,104,721.83,671.24,149.73,258.26,1,-1,-1,-1
514,102,151.04,621.38,328.32,317.98,1,-1,-1,-1
514,94,1431.05,650.13,302.58,276.94,1,-1,-1,-1
514,89,998.85,674.98,178.75,257.37,1,-1,-1,-1
514,87,585.16,709.37,132.28,211.32,1,-1,-1,-1
514,85,1168.63,716.37,168.80,205.30,1,-1,-1,-1
514,68,730.75,532.28,414.69,417.36,1,-1,-1,-1
514,18,142.79,626.75,371.15,307.22,1,-1,-1,-1
515,107,1744.05,734.99,172.78,189.37,1,-1,-1,-1
515,106,485.96,745.57,222.64,176.70,1,-1,-1,-1
515,104,722.10,684.13,142.51,245.32,1,-1,-1,-1
515,102,155.52,615.47,316.58,332.50,1,-1,-1,-1
515,100,1437.22,648.00,471.96,281.52,1,-1,-1,-1
515,94,1439.08,640.32,289.56,302.37,1,-1,-1,-1
515,89,994.22,687.17,174.27,243.46,1,-1,-1,-1
515,87,584.95,703.69,133.58,220.61,1,-1,-1,-1
515,85,1166.20,716.45,165.24,203.38,1,-1,-1,-1
515,68,741.88,540.59,393.80,401.48,1,-1,-1,-1
515,18,144.34,623.72,385.24,313.26,1,-1,-1,-1
516,107,1755.78,755.12,150.59,162.79,1,-1,-1,-1
516,106,480.49,746.46,222.08,177.73,1,-1,-1,-1
516,104,716.93,686.67,150.87,244.35,1,-1,-1,-1
516,100,1435.47,645.88,478.85,284.94,1,-1,-1,-1
516,89,1012.68,693.32,156.06,238.94,1,-1,-1,-1
516,85,1126.44,712.54,199.29,207.47,1,-1,-1,-1
516,68,778.00,538.31,316.51,410.12,1,-1,-1,-1
516,18,146.98,618.85,386.15,320.38,1,-1,-1,-1
517,106,500.44,743.80,179.18,184.41,1,-1,-1,-1
517,104,722.34,696.79,155.77,233.08,1,-1,-1,-1
517,100,1432.75,663.57,480.82,268.13,1,-1,-1,-1
517,89,1028.24,689.78,137.73,243.97,1,-1,-1,-1
517,85,1140.30,716.58,178.01,204.33,1,-1,-1,-1
517,68,801.97,531.12,259.60,416.02,1,-1,-1,-1
517,18,152.64,621.84,393.53,316.88,1,-1,-1,-1
518,104,723.58,697.99,147.41,232.78,1,-1,-1,-1
518,100,1448.20,653.07,466.27,283.24,1,-1,-1,-1
518,89,1011.12,680.75,153.51,251.11,1,-1,-1,-1
518,85,1171.17,726.10,151.83,192.91,1,-1,-1,-1
518,68,780.70,532.69,305.81,421.70,1,-1,-1,-1
518,18,152.03,620.69,392.61,316.87,1,-1,-1,-1
519,107,1732.93,707.99,184.59,218.94,1,-1,-1,-1
519,104,722.88,693.68,137.36,237.20,1,-1,-1,-1
519,94,1435.38,642.27,264.34,305.30,1,-1,-1,-1
519,89,1024.25,676.06,136.94,257.55,1,-1,-1,-1
519,87,605.87,746.01,99.40,175.40,1,-1,-1,-1
519,85,1167.69,733.06,151.89,188.13,1,-1,-1,-1
519,42,844.86,510.25,192.91,437.55,1,-1,-1,-1
519,18,157.45,615.43,390.01,324.35,1,-1,-1,-1
520,108,532.70,776.38,97.30,142.03,1,-1,-1,-1
520,107,1732.89,706.31,184.17,216.10,1,-1,-1,-1
520,104,705.72,685.31,169.28,250.37,1,-1,-1,-1
520,94,1428.62,630.86,286.98,313.51,1,-1,-1,-1
520,89,1022.81,664.18,127.48,271.57,1,-1,-1,-1
520,87,598.54,747.18,100.93,172.94,1,-1,-1,-1
520,85,1170.43,721.53,137.58,199.90,1,-1,-1,-1
520,42,853.05,500.00,173.51,448.94,1,-1,-1,-1
520,18,157.67,610.40,386.46,329.20,1,-1,-1,-1
521,108,537.89,774.00,85.09,139.08,1,-1,-1,-1
521,107,1726.11,695.59,191.40,228.23,1,-1,-1,-1
521,104,716.14,679.24,153.79,250.06,1,-1,-1,-1
521,94,1434.93,642.28,274.60,299.83,1,-1,-1,-1
521,89,1031.32,659.73,128.03,270.86,1,-1,-1,-1
521,87,597.79,739.44,105.60,181.60,1,-1,-1,-1
521,85,1176.26,729.01,143.81,192.30,1,-1,-1,-1
521,42,849.60,492.24,171.83,457.22,1,-1,-1,-1
521,18,175.67,609.67,365.06,331.24,1,-1,-1,-1
521,3,0.00,657.08,126.97,265.25,1,-1,-1,-1
522,108,528.01,758.93,95.54,158.70,1,-1,-1,-1
522,107,1720.99,690.96,194.89,227.35,1,-1,-1,-1
522,104,715.49,659.42,142.73,269.55,1,-1,-1,-1
522,89,1037.66,655.42,121.30,275.23,1,-1,-1,-1
522,87,588.42,698.85,135.29,218.24,1,-1,-1,-1
522,85,1177.24,720.14,144.55,200.78,1,-1,-1,-1
522,42,849.61,458.25,179.89,486.77,1,-1,-1,-1
522,18,309.60,654.66,220.89,272.91,1,-1,-1,-1
522,3,1.04,655.40,168.94,263.63,1,-1,-1,-1
523,110,854.18,659.96,159.27,281.50,1,-1,-1,-1
523,109,1008.27,697.73,102.48,221.15,1,-1,-1,-1
523,108,533.33,745.08,88.70,173.27,1,-1,-1,-1
523,107,1716.86,691.41,190.78,227.87,1,-1,-1,-1
523,104,713.98,653.34,146.17,276.94,1,-1,-1,-1
523,89,1044.32,623.12,116.82,308.02,1,-1,-1,-1
523,87,585.13,696.42,136.98,217.92,1,-1,-1,-1
523,85,1171.76,700.03,156.93,223.21,1,-1,-1,-1
523,42,858.59,413.49,176.43,525.67,1,-1,-1,-1
523,18,234.34,629.64,337.76,315.83,1,-1,-1,-1
523,3,0.39,646.24,177.63,271.91,1,-1,-1,-1
524,110,862.14,666.86,119.10,259.43,1,-1,-1,-1
524,109,1004.24,705.07,94.40,217.01,1,-1,-1,-1
524,108,525.56,732.09,98.23,183.43,1,-1,-1,-1
524,107,1715.94,677.91,197.86,248.12,1,-1,-1,-1
524,104,717.27,636.47,141.69,291.62,1,-1,-1,-1
524,102,155.77,532.65,325.63,402.52,1,-1,-1,-1
524,89,1043.52,598.49,119.61,330.43,1,-1,-1,-1
524,87,570.30,689.43,161.95,228.39,1,-1,-1,-1
524,85,1170.57,690.06,159.18,231.64,1,-1,-1,-1
524,66,1364.53,497.55,320.30,447.22,1,-1,-1,-1
524,42,872.53,374.08,163.56,561.57,1,-1,-1,-1
524,12,1806.77,553.28,113.23,388.38,1,-1,-1,-1
524,3,0.00,633.15,182.34,284.78,1,-1,-1,-1
525,110,849.95,651.45,145.11,288.20,1,-1,-1,-1
525,109,958.51,686.74,139.14,242.15,1,-1,-1,-1
525,108,513.62,721.80,109.35,195.63,1,-1,-1,-1
525,107,1712.91,657.23,201.36,264.96,1,-1,-1,-1
525,104,720.32,620.00,140.93,308.96,1,-1,-1,-1
525,102,217.91,511.73,307.50,424.82,1,-1,-1,-1
525,89,1045.85,595.45,116.48,333.41,1,-1,-1,-1
525,87,566.75,670.30,160.54,245.58,1,-1,-1,-1
525,85,1167.57,688.43,162.27,234.39,1,-1,-1,-1
525,66,1340.17,465.34,344.07,477.40,1,-1,-1,-1
525,42,876.30,321.43,164.18,612.05,1,-1,-1,-1
525,12,1775.69,533.36,144.31,389.16,1,-1,-1,-1
525,3,3.09,615.11,192.07,302.58,1,-1,-1,-1
526,109,949.75,682.48,158.46,252.99,1,-1,-1,-1
526,108,510.35,710.02,120.35,216.81,1,-1,-1,-1
526,107,1712.44,649.16,171.97,268.50,1,-1,-1,-1
526,104,718.53,578.48,143.70,352.02,1,-1,-1,-1
526,102,172.37,494.94,354.14,440.56,1,-1,-1,-1
526,89,1045.94,602.62,117.36,327.41,1,-1,-1,-1
526,87,566.92,664.86,160.02,257.42,1,-1,-1,-1
526,85,1168.71,681.16,159.49,240.98,1,-1,-1,-1
526,66,1313.80,426.64,382.93,516.51,1,-1,-1,-1
526,42,878.36,320.80,170.95,612.15,1,-1,-1,-1
526,12,1751.45,538.12,167.80,380.95,1,-1,-1,-1
526,3,0.77,604.38,212.87,322.43,1,-1,-1,-1
527,109,947.85,641.34,157.45,300.73,1,-1,-1,-1
527,108,515.54,718.99,110.70,194.10,1,-1,-1,-1
527,107,1690.09,614.62,144.45,299.78,1,-1,-1,-1
527,104,715.34,575.72,146.14,353.42,1,-1,-1,-1
527,102,190.05,442.69,406.01,493.10,1,-1,-1,-1
527,89,1051.89,572.58,111.23,352.17,1,-1,-1,-1
527,87,553.26,652.02,172.36,269.06,1,-1,-1,-1
527,85,1163.28,661.70,162.06,256.17,1,-1,-1,-1
527,66,1271.86,404.43,411.33,535.39,1,-1,-1,-1
527,42,876.72,299.44,165.94,620.72,1,-1,-1,-1
527,12,1681.86,503.90,237.67,411.89,1,-1,-1,-1
527,3,4.60,583.74,254.92,332.32,1,-1,-1,-1
528,109,953.97,661.73,141.17,270.38,1,-1,-1,-1
528,107,1676.68,615.67,165.75,300.95,1,-1,-1,-1
528,104,715.35,554.09,150.14,371.90,1,-1,-1,-1
528,102,196.10,408.84,335.08,532.31,1,-1,-1,-1
528,89,1050.25,553.89,114.78,372.75,1,-1,-1,-1
528,87,548.44,650.76,176.89,265.77,1,-1,-1,-1
528,85,1160.41,641.94,163.44,278.89,1,-1,-1,-1
528,66,1262.47,393.53,420.55,550.16,1,-1,-1,-1
528,42,880.01,291.80,163.79,628.47,1,-1,-1,-1
528,12,1664.06,477.54,255.62,439.99,1,-1,-1,-1
528,3,28.48,597.33,200.50,307.12,1,-1,-1,-1
529,110,882.40,554.90,120.61,370.52,1,-1,-1,-1
529,107,1676.68,620.96,154.31,295.24,1,-1,-1,-1
529,104,713.76,552.12,155.46,373.40,1,-1,-1,-1
529,102,194.03,407.29,420.87,531.55,1,-1,-1,-1
529,89,1057.52,580.60,103.50,345.01,1,-1,-1,-1
529,87,543.62,651.24,181.63,264.91,1,-1,-1,-1
529,85,1159.07,630.22,159.98,286.58,1,-1,-1,-1
529,68,943.28,525.04,159.04,417.99,1,-1,-1,-1
529,66,1260.33,385.93,404.58,557.42,1,-1,-1,-1
529,42,880.07,274.22,165.28,655.88,1,-1,-1,-1
529,12,1656.96,477.72,261.71,437.43,1,-1,-1,-1
530,113,0.00,577.96,167.58,343.81,1,-1,-1,-1
530,110,883.60,546.16,128.47,381.15,1,-1,-1,-1
530,107,1671.84,622.97,159.02,294.16,1,-1,-1,-1
530,104,714.88,552.94,152.50,372.82,1,-1,-1,-1
530,102,194.08,403.06,413.92,533.99,1,-1,-1,-1
530,89,1059.55,573.72,105.14,348.92,1,-1,-1,-1
530,87,546.05,648.48,177.45,267.87,1,-1,-1,-1
530,85,1155.03,616.15,164.09,301.90,1,-1,-1,-1
530,68,940.88,485.31,163.75,458.80,1,-1,-1,-1
530,66,1260.60,382.76,346.24,560.08,1,-1,-1,-1
530,42,880.23,263.02,163.85,665.40,1,-1,-1,-1
530,12,1654.48,473.72,264.17,440.88,1,-1,-1,-1
531,113,0.00,580.89,167.45,342.68,1,-1,-1,-1
531,110,882.78,538.56,131.38,390.78,1,-1,-1,-1
531,107,1665.61,624.29,179.16,292.55,1,-1,-1,-1
531,104,712.77,555.86,154.67,356.26,1,-1,-1,-1
531,102,189.41,402.16,417.22,535.90,1,-1,-1,-1
531,89,1055.75,571.66,109.09,353.82,1,-1,-1,-1
531,87,547.12,650.53,185.26,267.70,1,-1,-1,-1
531,85,1152.58,606.21,166.76,313.17,1,-1,-1,-1
531,68,940.47,492.79,166.27,453.97,1,-1,-1,-1
531,66,1260.67,383.58,327.90,553.71,1,-1,-1,-1
531,42,879.48,263.96,165.19,662.49,1,-1,-1,-1
531,12,1648.71,476.05,270.09,436.74,1,-1,-1,-1
532,113,0.00,576.78,168.12,339.19,1,-1,-1,-1
532,110,880.72,564.94,121.77,366.63,1,-1,-1,-1
532,107,1660.57,625.61,193.28,293.48,1,-1,-1,-1
532,102,190.78,410.70,419.28,526.79,1,-1,-1,-1
532,89,1046.62,550.05,120.63,373.94,1,-1,-1,-1
532,87,549.45,640.68,184.28,277.65,1,-1,-1,-1
532,85,1145.85,616.29,172.52,303.80,1,-1,-1,-1
532,68,941.78,527.03,165.48,423.02,1,-1,-1,-1
532,66,1258.91,382.71,357.29,553.87,1,-1,-1,-1
532,42,880.01,260.65,167.85,676.65,1,-1,-1,-1
532,12,1640.48,476.20,278.17,442.16,1,-1,-1,-1
532,3,39.67,586.06,220.75,330.71,1,-1,-1,-1
533,113,0.14,577.89,163.79,338.42,1,-1,-1,-1
533,110,878.91,566.02,128.13,372.57,1,-1,-1,-1
533,107,1663.93,625.90,188.43,293.15,1,-1,-1,-1
533,105,709.80,556.32,158.03,371.11,1,-1,-1,-1
533,102,191.56,409.05,424.96,529.09,1,-1,-1,-1
533,94,1413.32,628.00,271.07,307.54,1,-1,-1,-1
533,89,1040.50,539.65,129.02,385.47,1,-1,-1,-1
533,87,546.15,637.67,176.59,281.80,1,-1,-1,-1
533,85,1142.46,624.91,175.40,295.89,1,-1,-1,-1
533,68,944.64,562.29,161.12,384.88,1,-1,-1,-1
533,66,1256.25,382.53,352.31,555.43,1,-1,-1,-1
533,42,877.20,246.93,170.41,694.54,1,-1,-1,-1
533,12,1638.53,477.79,280.04,439.97,1,-1,-1,-1
533,3,45.13,590.45,211.87,325.74,1,-1,-1,-1
534,113,0.45,579.63,153.90,338.53,1,-1,-1,-1
534,110,878.22,571.23,127.01,360.46,1,-1,-1,-1
534,109,947.60,683.99,152.00,267.71,1,-1,-1,-1
534,108,510.45,700.05,110.97,213.54,1,-1,-1,-1
534,107,1665.77,628.18,161.69,289.36,1,-1,-1,-1
534,105,708.35,558.09,158.41,370.06,1,-1,-1,-1
534,102,188.50,412.27,433.82,529.81,1,-1,-1,-1
534,94,1413.92,495.77,269.29,436.89,1,-1,-1,-1
534,89,1043.00,540.12,130.26,386.91,1,-1,-1,-1
534,87,547.12,632.91,174.21,285.91,1,-1,-1,-1
534,85,1145.11,646.70,172.48,274.01,1,-1,-1,-1
534,68,945.80,539.75,169.22,417.31,1,-1,-1,-1
534,66,1255.90,383.57,343.10,555.53,1,-1,-1,-1
534,42,875.45,246.38,166.21,687.28,1,-1,-1,-1
534,12,1637.42,479.77,280.41,436.86,1,-1,-1,-1
534,3,37.52,590.13,215.06,326.48,1,-1,-1,-1
535,113,0.68,581.41,146.77,337.79,1,-1,-1,-1
535,110,878.70,577.78,128.37,358.20,1,-1,-1,-1
535,109,949.07,677.78,148.87,267.49,1,-1,-1,-1
535,108,509.84,699.04,110.91,218.62,1,-1,-1,-1
535,107,1663.04,634.02,163.28,281.69,1,-1,-1,-1
535,105,710.35,562.34,152.17,364.18,1,-1,-1,-1
535,102,191.21,408.61,435.31,528.61,1,-1,-1,-1
535,94,1418.22,499.28,263.85,432.13,1,-1,-1,-1
535,89,1050.91,558.98,119.28,360.88,1,-1,-1,-1
535,87,546.18,635.32,173.75,283.66,1,-1,-1,-1
535,85,1152.49,635.58,163.08,284.12,1,-1,-1,-1
535,66,1254.72,385.85,356.14,552.28,1,-1,-1,-1
535,42,878.44,257.91,162.36,675.40,1,-1,-1,-1
535,12,1640.62,481.25,277.13,434.55,1,-1,-1,-1
535,3,47.30,596.48,190.32,317.40,1,-1,-1,-1
536,116,1417.97,608.64,268.35,329.76,1,-1,-1,-1
536,113,0.80,584.97,135.21,335.44,1,-1,-1,-1
536,110,877.35,580.57,128.77,355.61,1,-1,-1,-1
536,109,951.48,676.78,150.04,265.18,1,-1,-1,-1
536,108,507.73,700.61,124.36,217.00,1,-1,-1,-1
536,107,1662.38,628.29,170.14,287.82,1,-1,-1,-1
536,105,708.41,564.51,149.89,359.79,1,-1,-1,-1
536,102,191.44,409.88,432.18,527.06,1,-1,-1,-1
536,94,1412.55,495.12,270.80,437.76,1,-1,-1,-1
536,89,1053.79,556.84,110.40,370.13,1,-1,-1,-1
536,87,542.84,651.20,173.26,267.95,1,-1,-1,-1
536,85,1152.71,622.36,162.77,296.83,1,-1,-1,-1
536,66,1252.70,391.71,342.67,547.75,1,-1,-1,-1
536,42,876.32,262.18,163.95,673.98,1,-1,-1,-1
536,12,1648.69,487.31,269.19,430.08,1,-1,-1,-1
536,3,45.50,589.79,208.14,323.78,1,-1,-1,-1
537,116,1277.41,430.40,375.26,505.56,1,-1,-1,-1
537,113,1.01,633.46,167.71,288.95,1,-1,-1,-1
537,110,871.50,601.05,134.75,337.08,1,-1,-1,-1
537,109,952.95,694.48,156.00,224.37,1,-1,-1,-1
537,108,482.64,704.92,131.99,210.37,1,-1,-1,-1
537,107,1657.50,629.99,168.38,282.07,1,-1,-1,-1
537,105,700.74,603.69,147.53,320.88,1,-1,-1,-1
537,104,796.30,720.69,76.05,194.25,1,-1,-1,-1
537,102,185.42,424.13,418.08,517.79,1,-1,-1,-1
537,100,1661.47,526.46,201.43,390.42,1,-1,-1,-1
537,94,1336.62,486.86,351.17,446.74,1,-1,-1,-1
537,89,1054.32,552.57,116.35,371.66,1,-1,-1,-1
537,87,554.84,649.98,178.87,265.27,1,-1,-1,-1
537,85,1147.94,657.04,168.27,257.23,1,-1,-1,-1
537,66,1278.24,429.03,301.55,507.00,1,-1,-1,-1
537,42,870.83,286.66,165.82,650.23,1,-1,-1,-1
537,12,1665.49,523.79,252.62,392.93,1,-1,-1,-1
538,116,1302.47,481.88,339.03,456.19,1,-1,-1,-1
538,113,1.15,639.86,146.06,286.07,1,-1,-1,-1
538,110,866.74,616.40,136.81,330.17,1,-1,-1,-1
538,109,945.25,684.11,167.20,248.12,1,-1,-1,-1
538,108,481.61,713.66,134.84,197.40,1,-1,-1,-1
538,105,691.43,622.91,173.45,300.99,1,-1,-1,-1
538,104,781.22,683.20,106.55,266.69,1,-1,-1,-1
538,102,201.68,457.63,350.38,483.64,1,-1,-1,-1
538,100,1673.34,554.91,197.52,360.99,1,-1,-1,-1
538,94,1353.16,509.76,343.62,425.79,1,-1,-1,-1
538,89,1050.99,566.35,119.79,360.31,1,-1,-1,-1
538,87,552.75,675.84,166.21,240.84,1,-1,-1,-1
538,85,1149.19,682.22,166.33,230.58,1,-1,-1,-1
538,66,1303.07,481.72,280.11,461.46,1,-1,-1,-1
538,42,868.02,316.75,174.26,608.32,1,-1,-1,-1
538,12,1740.66,553.24,178.95,364.05,1,-1,-1,-1
539,116,1280.93,465.56,353.51,452.52,1,-1,-1,-1
539,113,0.90,647.46,136.79,283.04,1,-1,-1,-1
539,110,864.82,599.37,142.12,356.37,1,-1,-1,-1
539,109,947.33,677.24,160.99,262.33,1,-1,-1,-1
539,108,493.38,719.47,110.87,190.54,1,-1,-1,-1
539,105,690.26,644.00,176.00,285.46,1,-1,-1,-1
539,102,182.84,429.52,408.99,520.90,1,-1,-1,-1
539,100,1696.14,586.39,162.71,326.46,1,-1,-1,-1
539,94,1301.24,519.10,402.73,421.96,1,-1,-1,-1
539,89,1045.42,625.81,122.42,298.73,1,-1,-1,-1
539,87,555.63,684.43,173.42,232.26,1,-1,-1,-1
539,85,1157.69,683.57,154.55,231.10,1,-1,-1,-1
539,66,1269.13,437.55,326.26,523.95,1,-1,-1,-1
539,42,866.43,386.92,174.57,552.81,1,-1,-1,-1
539,12,1707.34,562.47,211.93,357.23,1,-1,-1,-1
540,115,295.87,499.50,238.79,444.47,1,-1,-1,-1
540,113,0.00,657.69,121.84,290.50,1,-1,-1,-1
540,110,865.13,595.39,140.17,364.11,1,-1,-1,-1
540,108,492.21,731.43,104.50,179.29,1,-1,-1,-1
540,105,689.54,656.69,179.01,279.49,1,-1,-1,-1
540,100,1702.85,630.45,167.33,285.88,1,-1,-1,-1
540,94,1313.69,546.08,390.55,395.49,1,-1,-1,-1
540,89,1042.62,633.09,128.35,296.69,1,-1,-1,-1
540,87,558.07,690.49,163.99,228.43,1,-1,-1,-1
540,85,1160.29,693.18,156.54,228.58,1,-1,-1,-1
540,42,858.90,404.47,181.08,556.39,1,-1,-1,-1
540,12,1753.83,579.58,165.77,345.96,1,-1,-1,-1
541,115,300.99,516.07,231.86,426.92,1,-1,-1,-1
541,113,0.36,670.62,116.37,271.83,1,-1,-1,-1
541,108,485.01,737.97,111.16,176.05,1,-1,-1,-1
541,105,691.05,665.42,177.98,269.76,1,-1,-1,-1
541,100,1703.24,668.21,164.19,248.76,1,-1,-1,-1
541,94,1324.87,552.41,367.22,390.09,1,-1,-1,-1
541,89,1040.45,654.86,130.00,278.77,1,-1,-1,-1
541,87,556.70,698.40,160.86,222.01,1,-1,-1,-1
541,85,1166.96,699.84,149.37,220.10,1,-1,-1,-1
541,42,861.84,405.60,159.77,548.22,1,-1,-1,-1
541,12,1763.63,593.54,156.24,330.16,1,-1,-1,-1
542,115,277.62,538.84,257.38,405.17,1,-1,-1,-1
542,113,0.14,651.31,112.91,301.79,1,-1,-1,-1
542,108,480.33,724.69,118.82,197.72,1,-1,-1,-1
542,105,687.77,683.06,178.67,251.03,1,-1,-1,-1
542,100,1703.28,673.73,184.78,250.01,1,-1,-1,-1
542,94,1329.49,562.42,220.79,372.73,1,-1,-1,-1
542,89,1037.86,672.87,134.70,261.42,1,-1,-1,-1
542,87,555.06,719.83,156.35,202.06,1,-1,-1,-1
542,85,1165.07,710.02,151.20,209.56,1,-1,-1,-1
542,42,864.33,382.79,176.64,574.83,1,-1,-1,-1
542,12,1761.69,617.67,158.31,305.58,1,-1,-1,-1
543,116,1332.67,561.30,368.09,381.64,1,-1,-1,-1
543,115,246.84,542.52,288.82,404.09,1,-1,-1,-1
543,113,0.00,648.38,107.75,312.93,1,-1,-1,-1
543,105,686.64,684.08,179.80,250.50,1,-1,-1,-1
543,100,1702.25,668.82,204.66,254.89,1,-1,-1,-1
543,94,1329.52,561.36,235.05,374.97,1,-1,-1,-1
543,89,1038.77,669.80,130.73,265.31,1,-1,-1,-1
543,87,556.55,728.30,155.00,193.09,1,-1,-1,-1
543,85,1163.52,705.94,152.42,214.24,1,-1,-1,-1
543,42,865.04,369.40,171.15,588.33,1,-1,-1,-1
543,12,1766.50,621.35,153.20,301.99,1,-1,-1,-1
544,116,1394.67,577.78,308.55,361.00,1,-1,-1,-1
544,115,268.62,539.68,265.28,404.74,1,-1,-1,-1
544,113,0.00,629.27,106.14,362.28,1,-1,-1,-1
544,111,862.64,325.11,188.47,635.50,1,-1,-1,-1
544,105,687.66,685.11,179.77,248.94,1,-1,-1,-1
544,100,1702.80,665.34,204.47,260.39,1,-1,-1,-1
544,94,1329.10,562.71,218.14,369.72,1,-1,-1,-1
544,89,1036.39,671.22,135.60,262.95,1,-1,-1,-1
544,87,559.28,726.13,152.43,193.15,1,-1,-1,-1
544,85,1160.99,705.94,154.53,214.14,1,-1,-1,-1
544,42,863.88,375.51,172.92,589.54,1,-1,-1,-1
544,12,1767.21,619.94,152.40,304.61,1,-1,-1,-1
545,116,1398.00,574.05,306.60,366.62,1,-1,-1,-1
545,115,262.37,540.51,271.82,403.15,1,-1,-1,-1
545,113,0.00,634.85,104.66,350.22,1,-1,-1,-1
545,111,860.01,308.36,192.84,654.50,1,-1,-1,-1
545,105,688.30,684.71,179.60,248.55,1,-1,-1,-1
545,103,507.74,747.48,85.12,146.74,1,-1,-1,-1
545,100,1704.07,673.14,204.37,252.78,1,-1,-1,-1
545,94,1328.06,563.21,211.33,374.00,1,-1,-1,-1
545,89,1036.29,673.68,134.39,260.14,1,-1,-1,-1
545,87,561.05,722.02,157.64,197.53,1,-1,-1,-1
545,85,1160.59,708.63,153.36,212.76,1,-1,-1,-1
545,12,1763.65,613.59,155.94,312.02,1,-1,-1,-1
546,116,1405.48,576.79,299.43,363.86,1,-1,-1,-1
546,115,251.00,542.46,285.04,403.66,1,-1,-1,-1
546,113,0.00,630.25,104.40,353.24,1,-1,-1,-1
546,111,860.58,309.54,186.68,652.35,1,-1,-1,-1
546,105,686.90,684.99,181.28,247.83,1,-1,-1,-1
546,103,502.22,747.99,91.31,146.17,1,-1,-1,-1
546,100,1704.27,671.86,204.51,253.16,1,-1,-1,-1
546,94,1328.34,562.44,221.44,374.71,1,-1,-1,-1
546,89,1036.98,672.85,137.28,258.61,1,-1,-1,-1
546,87,559.45,717.40,166.57,201.97,1,-1,-1,-1
546,85,1160.76,706.79,154.74,213.94,1,-1,-1,-1
546,12,1761.06,611.03,158.70,314.43,1,-1,-1,-1
547,116,1392.14,575.17,314.30,365.98,1,-1,-1,-1
547,115,253.29,546.79,283.67,400.81,1,-1,-1,-1
547,113,0.00,628.62,105.87,368.85,1,-1,-1,-1
547,111,857.69,306.29,193.69,641.98,1,-1,-1,-1
547,105,688.87,685.00,179.24,249.77,1,-1,-1,-1
547,103,497.12,748.83,87.30,145.54,1,-1,-1,-1
547,100,1705.35,674.93,200.84,251.19,1,-1,-1,-1
547,94,1330.41,563.04,218.31,376.94,1,-1,-1,-1
547,89,1037.55,669.98,134.73,261.23,1,-1,-1,-1
547,87,559.34,724.36,162.01,196.25,1,-1,-1,-1
547,85,1165.38,710.64,149.82,209.41,1,-1,-1,-1
547,12,1763.77,612.00,156.23,315.96,1,-1,-1,-1
548,116,1402.40,571.52,303.98,370.19,1,-1,-1,-1
548,115,282.71,548.72,253.80,396.62,1,-1,-1,-1
548,113,0.00,629.16,108.61,372.33,1,-1,-1,-1
548,105,687.57,684.45,181.29,247.27,1,-1,-1,-1
548,100,1708.87,674.17,201.16,262.07,1,-1,-1,-1
548,94,1336.91,562.01,213.42,379.71,1,-1,-1,-1
548,89,1037.07,668.05,136.32,263.05,1,-1,-1,-1
548,87,560.11,720.44,153.38,199.66,1,-1,-1,-1
548,85,1167.57,713.94,147.54,205.48,1,-1,-1,-1
548,12,1763.83,612.14,156.15,315.26,1,-1,-1,-1
549,116,1343.88,559.64,252.31,387.96,1,-1,-1,-1
549,115,287.94,548.85,248.70,394.58,1,-1,-1,-1
549,113,0.00,646.00,110.10,337.87,1,-1,-1,-1
549,107,1703.15,685.19,173.38,237.66,1,-1,-1,-1
549,105,682.42,685.23,188.52,247.25,1,-1,-1,-1
549,94,1343.71,560.43,212.78,382.07,1,-1,-1,-1
549,89,1037.69,667.30,138.04,266.13,1,-1,-1,-1
549,87,561.46,709.98,162.98,210.80,1,-1,-1,-1
549,85,1160.58,709.36,154.39,211.65,1,-1,-1,-1
549,42,863.31,256.48,175.47,700.67,1,-1,-1,-1
549,12,1762.37,617.31,157.17,309.54,1,-1,-1,-1
550,116,1342.09,561.13,304.47,384.93,1,-1,-1,-1
550,115,279.64,553.95,259.22,391.87,1,-1,-1,-1
550,113,0.00,647.50,113.18,332.44,1,-1,-1,-1
550,107,1697.06,691.65,180.51,229.79,1,-1,-1,-1
550,105,687.32,686.99,178.61,244.59,1,-1,-1,-1
550,94,1327.46,562.58,225.59,377.85,1,-1,-1,-1
550,89,1040.72,672.86,136.72,261.90,1,-1,-1,-1
550,87,556.14,723.80,160.69,198.84,1,-1,-1,-1
550,85,1164.23,703.74,150.51,215.05,1,-1,-1,-1
550,42,864.16,264.27,177.24,694.18,1,-1,-1,-1
550,12,1762.33,621.46,156.95,310.34,1,-1,-1,-1
551,115,276.59,555.47,259.45,396.06,1,-1,-1,-1
551,113,0.00,662.14,116.73,318.65,1,-1,-1,-1
551,107,1689.00,697.99,184.11,221.51,1,-1,-1,-1
551,105,704.50,688.09,153.49,244.62,1,-1,-1,-1
551,89,1042.28,669.96,128.84,261.01,1,-1,-1,-1
551,87,555.59,730.85,144.86,191.52,1,-1,-1,-1
551,85,1164.25,706.16,140.32,210.13,1,-1,-1,-1
551,75,221.83,732.10,209.21,218.80,1,-1,-1,-1
551,42,868.92,277.66,171.85,681.31,1,-1,-1,-1
551,12,1770.73,626.52,148.24,295.96,1,-1,-1,-1
552,113,0.00,697.43,123.60,256.26,1,-1,-1,-1
552,107,1696.84,694.38,175.54,231.03,1,-1,-1,-1
552,105,711.78,714.62,155.97,224.39,1,-1,-1,-1
552,102,238.90,590.33,286.20,365.86,1,-1,-1,-1
552,89,1035.16,671.64,139.26,259.03,1,-1,-1,-1
552,87,562.78,775.90,137.83,149.78,1,-1,-1,-1
552,85,1159.05,736.04,103.39,185.28,1,-1,-1,-1
552,75,211.53,691.26,233.91,278.58,1,-1,-1,-1
552,42,871.50,311.21,170.77,654.12,1,-1,-1,-1
552,12,1767.38,623.36,155.86,309.36,1,-1,-1,-1
553,116,1400.20,637.99,253.97,312.96,1,-1,-1,-1
553,113,4.17,680.50,110.66,294.54,1,-1,-1,-1
553,105,717.12,737.73,146.82,202.33,1,-1,-1,-1
553,102,239.18,613.94,233.72,342.64,1,-1,-1,-1
553,89,1043.44,685.73,144.31,249.70,1,-1,-1,-1
553,87,573.61,781.72,137.10,146.75,1,-1,-1,-1
553,85,1165.79,765.86,135.67,156.91,1,-1,-1,-1
553,42,868.99,324.79,173.20,635.25,1,-1,-1,-1
554,116,1388.37,637.95,263.49,314.03,1,-1,-1,-1
554,114,0.00,715.87,122.85,235.48,1,-1,-1,-1
554,105,721.55,754.36,139.65,183.49,1,-1,-1,-1
554,102,240.77,636.52,283.87,323.15,1,-1,-1,-1
554,100,1676.81,693.18,241.24,230.79,1,-1,-1,-1
554,89,1037.44,705.78,148.94,231.75,1,-1,-1,-1
554,87,567.76,792.23,152.60,139.85,1,-1,-1,-1
554,85,1163.55,766.01,139.96,157.65,1,-1,-1,-1
554,42,865.97,355.26,188.27,606.11,1,-1,-1,-1
555,116,1384.71,641.48,266.64,312.55,1,-1,-1,-1
555,114,0.00,740.60,129.21,212.27,1,-1,-1,-1
555,105,723.42,756.26,144.35,183.05,1,-1,-1,-1
555,102,237.20,654.09,290.80,314.92,1,-1,-1,-1
555,100,1679.81,701.14,237.74,224.49,1,-1,-1,-1
555,89,1053.43,725.70,126.22,212.81,1,-1,-1,-1
555,87,566.88,780.99,151.03,165.06,1,-1,-1,-1
555,85,1161.75,755.49,138.41,181.43,1,-1,-1,-1
555,42,849.79,360.07,219.42,604.20,1,-1,-1,-1
556,116,1381.54,642.07,268.78,311.57,1,-1,-1,-1
556,114,0.00,740.41,129.12,208.80,1,-1,-1,-1
556,105,724.63,756.23,144.85,182.10,1,-1,-1,-1
556,102,236.32,662.62,255.82,299.23,1,-1,-1,-1
556,100,1680.24,696.92,236.33,230.56,1,-1,-1,-1
556,89,1055.89,756.34,125.40,184.86,1,-1,-1,-1
556,42,840.73,358.41,249.76,603.44,1,-1,-1,-1
557,116,1380.48,639.81,270.42,313.65,1,-1,-1,-1
557,114,0.00,737.25,130.09,209.68,1,-1,-1,-1
557,105,712.15,757.80,160.04,179.17,1,-1,-1,-1
557,102,234.66,641.53,289.04,325.19,1,-1,-1,-1
557,100,1678.44,675.02,239.65,257.79,1,-1,-1,-1
557,89,1051.21,734.62,134.67,224.62,1,-1,-1,-1
557,42,828.48,370.50,298.66,590.23,1,-1,-1,-1
558,116,1376.80,640.90,275.89,312.39,1,-1,-1,-1
558,114,0.00,740.36,129.72,205.88,1,-1,-1,-1
558,105,719.68,755.43,148.72,182.16,1,-1,-1,-1
558,102,235.29,640.68,287.74,323.37,1,-1,-1,-1
558,100,1676.40,670.87,241.97,263.19,1,-1,-1,-1
558,42,815.01,392.99,347.09,572.47,1,-1,-1,-1
559,116,1375.14,643.03,279.72,312.37,1,-1,-1,-1
559,114,0.00,742.13,130.66,205.96,1,-1,-1,-1
559,105,720.77,755.86,149.92,183.76,1,-1,-1,-1
559,102,241.20,640.82,285.36,321.89,1,-1,-1,-1
559,100,1680.14,668.11,236.87,265.61,1,-1,-1,-1
559,85,1147.71,784.56,165.81,144.29,1,-1,-1,-1
559,42,801.48,424.04,367.14,542.17,1,-1,-1,-1
560,116,1375.23,643.22,280.25,313.40,1,-1,-1,-1
560,114,0.00,741.80,130.11,212.20,1,-1,-1,-1
560,105,722.28,757.36,149.68,184.08,1,-1,-1,-1
560,102,240.45,641.42,285.57,323.31,1,-1,-1,-1
560,100,1684.18,665.96,233.22,269.06,1,-1,-1,-1
560,85,1146.69,786.39,165.98,141.40,1,-1,-1,-1
560,42,779.53,446.48,400.57,516.86,1,-1,-1,-1
561,116,1380.02,638.66,275.17,319.05,1,-1,-1,-1
561,114,0.00,733.41,130.05,217.24,1,-1,-1,-1
561,105,722.36,756.59,150.11,186.24,1,-1,-1,-1
561,102,246.95,641.90,277.35,323.95,1,-1,-1,-1
561,100,1685.52,663.05,232.19,271.99,1,-1,-1,-1
561,85,1148.52,786.30,160.77,149.41,1,-1,-1,-1
561,42,738.42,449.94,445.44,514.36,1,-1,-1,-1
562,116,1380.75,608.55,279.39,345.49,1,-1,-1,-1
562,114,0.00,710.36,120.07,244.17,1,-1,-1,-1
562,105,714.84,757.21,159.40,186.81,1,-1,-1,-1
562,102,241.56,644.80,280.66,316.58,1,-1,-1,-1
562,100,1694.84,658.87,223.35,275.73,1,-1,-1,-1
562,42,739.99,429.76,447.87,534.06,1,-1,-1,-1
563,116,1384.48,593.91,270.71,356.45,1,-1,-1,-1
563,114,0.00,695.02,117.54,263.29,1,-1,-1,-1
563,105,720.10,758.88,152.53,184.53,1,-1,-1,-1
563,102,255.43,642.37,267.12,329.44,1,-1,-1,-1
563,100,1697.80,647.54,220.67,288.41,1,-1,-1,-1
563,42,839.67,417.19,297.90,547.89,1,-1,-1,-1
564,116,1387.91,577.14,280.36,368.30,1,-1,-1,-1
564,114,0.00,676.22,114.23,292.94,1,-1,-1,-1
564,105,713.12,755.78,161.61,188.57,1,-1,-1,-1
564,102,293.77,636.74,240.49,327.87,1,-1,-1,-1
564,100,1694.06,635.66,224.89,300.90,1,-1,-1,-1
564,87,574.25,782.12,143.89,153.10,1,-1,-1,-1
564,85,1147.98,761.15,166.89,164.73,1,-1,-1,-1
564,42,885.21,412.29,198.24,546.09,1,-1,-1,-1
565,116,1434.01,570.86,266.28,361.32,1,-1,-1,-1
565,114,0.00,672.51,114.08,255.87,1,-1,-1,-1
565,105,722.81,732.19,145.01,208.63,1,-1,-1,-1
565,102,248.93,617.67,286.00,345.33,1,-1,-1,-1
565,100,1693.42,619.27,225.80,313.93,1,-1,-1,-1
565,87,574.52,786.63,143.18,151.59,1,-1,-1,-1
565,85,1173.80,754.93,132.69,172.51,1,-1,-1,-1
565,75,245.51,708.60,158.05,244.47,1,-1,-1,-1
565,42,878.95,436.70,199.13,525.10,1,-1,-1,-1
566,116,1417.25,579.57,275.79,349.15,1,-1,-1,-1
566,114,0.00,659.52,111.61,279.74,1,-1,-1,-1
566,111,871.23,414.26,236.31,543.06,1,-1,-1,-1
566,105,711.88,721.02,156.03,215.41,1,-1,-1,-1
566,102,282.67,605.37,257.37,345.98,1,-1,-1,-1
566,100,1694.83,608.24,223.81,321.87,1,-1,-1,-1
566,89,1064.03,718.96,130.90,211.73,1,-1,-1,-1
566,85,1169.66,739.23,127.68,185.91,1,-1,-1,-1
566,75,241.48,696.65,172.08,254.14,1,-1,-1,-1
566,42,839.06,427.55,286.22,543.90,1,-1,-1,-1
567,114,0.00,662.14,95.51,282.22,1,-1,-1,-1
567,111,898.82,415.95,173.55,522.66,1,-1,-1,-1
567,105,714.99,700.86,169.34,235.51,1,-1,-1,-1
567,102,252.77,586.33,319.01,367.54,1,-1,-1,-1
567,100,1693.49,621.75,228.52,298.28,1,-1,-1,-1
567,89,1079.87,701.02,154.71,234.27,1,-1,-1,-1
567,85,1162.87,731.62,145.68,198.40,1,-1,-1,-1
567,75,237.90,684.15,221.14,266.49,1,-1,-1,-1
567,66,1406.23,542.47,366.96,403.32,1,-1,-1,-1
568,114,0.16,661.12,94.66,270.07,1,-1,-1,-1
568,111,902.84,417.51,197.57,515.18,1,-1,-1,-1
568,105,724.93,690.66,166.62,247.98,1,-1,-1,-1
568,102,252.76,564.04,315.04,390.50,1,-1,-1,-1
568,89,1069.95,692.74,157.52,245.31,1,-1,-1,-1
568,87,555.67,722.07,166.34,207.24,1,-1,-1,-1
568,85,1170.35,725.34,140.62,207.87,1,-1,-1,-1
568,75,248.65,693.74,187.20,254.13,1,-1,-1,-1
568,66,1404.30,541.33,368.42,406.29,1,-1,-1,-1
569,114,0.04,654.81,87.75,287.91,1,-1,-1,-1
569,111,888.74,417.05,222.17,533.19,1,-1,-1,-1
569,110,872.38,674.01,176.13,287.26,1,-1,-1,-1
569,107,1704.78,692.55,164.10,238.10,1,-1,-1,-1
569,105,723.64,684.68,172.33,249.10,1,-1,-1,-1
569,102,246.16,534.24,313.56,420.36,1,-1,-1,-1
569,89,1068.84,684.57,157.31,253.46,1,-1,-1,-1
569,87,548.75,705.24,180.50,223.48,1,-1,-1,-1
569,85,1168.78,723.12,141.71,208.99,1,-1,-1,-1
569,66,1402.91,529.70,364.76,413.67,1,-1,-1,-1
569,12,1804.35,575.92,115.65,353.46,1,-1,-1,-1
570,114,0.22,650.12,80.00,302.31,1,-1,-1,-1
570,111,897.14,409.38,209.60,546.11,1,-1,-1,-1
570,110,871.86,722.19,179.05,236.33,1,-1,-1,-1
570,107,1708.72,684.92,181.51,252.29,1,-1,-1,-1
570,105,723.70,675.35,168.68,257.12,1,-1,-1,-1
570,102,237.36,512.99,333.58,443.83,1,-1,-1,-1
570,89,1048.75,679.31,178.89,255.62,1,-1,-1,-1
570,87,552.51,714.55,174.89,217.52,1,-1,-1,-1
570,85,1173.69,719.11,136.36,210.71,1,-1,-1,-1
570,66,1416.86,536.43,352.18,402.78,1,-1,-1,-1
570,12,1809.72,563.70,110.28,364.82,1,-1,-1,-1
571,114,0.00,602.28,78.76,355.26,1,-1,-1,-1
571,110,869.87,668.60,181.91,291.48,1,-1,-1,-1
571,107,1700.78,681.97,162.56,258.38,1,-1,-1,-1
571,105,712.39,678.14,189.56,257.26,1,-1,-1,-1
571,102,246.08,514.09,330.44,437.57,1,-1,-1,-1
571,89,1064.93,687.79,159.17,239.77,1,-1,-1,-1
571,87,552.57,709.67,190.07,224.10,1,-1,-1,-1
571,85,1169.40,716.33,141.39,213.82,1,-1,-1,-1
571,42,843.97,430.48,264.32,523.98,1,-1,-1,-1
571,12,1831.76,561.68,88.24,368.66,1,-1,-1,-1
572,114,0.00,593.94,76.90,378.84,1,-1,-1,-1
572,110,867.85,692.69,182.67,268.04,1,-1,-1,-1
572,109,1036.83,669.20,176.50,266.17,1,-1,-1,-1
572,107,1700.30,680.57,202.32,253.89,1,-1,-1,-1
572,105,693.14,681.16,204.28,256.93,1,-1,-1,-1
572,102,262.51,514.97,308.67,436.76,1,-1,-1,-1
572,94,1351.27,532.46,281.86,412.40,1,-1,-1,-1
572,87,543.01,709.07,200.09,229.97,1,-1,-1,-1
572,85,1171.70,717.19,142.50,216.38,1,-1,-1,-1
572,75,232.86,674.03,235.51,285.85,1,-1,-1,-1
572,42,835.13,440.94,284.07,515.60,1,-1,-1,-1
572,12,1843.22,547.75,76.78,382.89,1,-1,-1,-1
573,114,0.01,640.51,65.28,292.38,1,-1,-1,-1
573,110,870.05,688.83,180.86,270.01,1,-1,-1,-1
573,109,1026.54,667.80,204.58,269.75,1,-1,-1,-1
573,107,1704.29,682.09,189.03,245.57,1,-1,-1,-1
573,105,691.00,669.90,209.00,273.27,1,-1,-1,-1
573,102,250.62,494.66,336.85,461.45,1,-1,-1,-1
573,94,1390.18,533.38,246.04,414.81,1,-1,-1,-1
573,87,554.59,704.87,172.47,225.22,1,-1,-1,-1
573,85,1169.39,709.99,137.08,219.58,1,-1,-1,-1
573,75,227.13,672.69,215.07,274.31,1,-1,-1,-1
573,42,841.59,450.25,267.31,512.46,1,-1,-1,-1
573,12,1819.59,575.93,100.41,352.18,1,-1,-1,-1
574,114,0.00,639.25,63.12,285.87,1,-1,-1,-1
574,109,1035.79,666.89,186.75,268.52,1,-1,-1,-1
574,108,507.76,727.33,86.02,201.09,1,-1,-1,-1
574,107,1709.29,680.58,182.50,251.66,1,-1,-1,-1
574,105,685.61,660.61,211.84,281.90,1,-1,-1,-1
574,102,250.62,488.87,331.70,462.94,1,-1,-1,-1
574,94,1388.48,524.12,276.38,419.05,1,-1,-1,-1
574,87,549.00,705.76,170.96,223.79,1,-1,-1,-1
574,85,1167.08,704.71,135.63,231.04,1,-1,-1,-1
574,75,223.77,670.96,212.71,276.99,1,-1,-1,-1
574,42,866.35,445.59,250.57,513.56,1,-1,-1,-1
574,12,1839.11,561.81,80.89,360.05,1,-1,-1,-1
575,114,0.00,643.05,62.52,288.52,1,-1,-1,-1
575,109,1042.89,658.54,165.35,273.68,1,-1,-1,-1
575,108,484.66,720.63,117.59,213.40,1,-1,-1,-1
575,107,1712.68,680.56,182.22,250.44,1,-1,-1,-1
575,105,689.78,660.83,188.13,276.21,1,-1,-1,-1
575,102,235.58,488.55,333.98,464.55,1,-1,-1,-1
575,94,1388.21,521.73,213.95,422.98,1,-1,-1,-1
575,87,547.46,705.67,173.02,224.03,1,-1,-1,-1
575,85,1170.50,704.77,126.84,229.15,1,-1,-1,-1
575,75,225.20,667.40,209.40,280.88,1,-1,-1,-1
575,42,870.32,445.07,249.18,512.62,1,-1,-1,-1
575,12,1845.21,546.68,74.79,378.70,1,-1,-1,-1
576,114,0.19,641.36,65.73,291.01,1,-1,-1,-1
576,109,1043.95,657.69,156.77,277.80,1,-1,-1,-1
576,108,467.43,714.51,133.37,225.36,1,-1,-1,-1
576,107,1712.05,683.49,199.79,248.84,1,-1,-1,-1
576,105,687.28,658.99,174.64,281.38,1,-1,-1,-1
576,102,230.40,493.76,318.30,467.60,1,-1,-1,-1
576,94,1377.92,524.56,252.76,415.68,1,-1,-1,-1
576,87,547.06,702.29,177.18,230.82,1,-1,-1,-1
576,85,1169.99,702.18,120.54,225.51,1,-1,-1,-1
576,75,226.15,696.81,197.69,251.61,1,-1,-1,-1
576,42,877.01,455.73,228.40,505.34,1,-1,-1,-1
576,12,1855.62,548.78,64.38,376.77,1,-1,-1,-1
577,114,0.00,635.88,66.92,334.23,1,-1,-1,-1
577,109,1021.68,658.82,182.80,279.20,1,-1,-1,-1
577,108,468.36,708.82,125.92,229.67,1,-1,-1,-1
577,107,1715.82,682.09,164.73,251.22,1,-1,-1,-1
577,105,690.35,655.55,172.87,286.14,1,-1,-1,-1
577,102,233.01,494.41,316.28,468.95,1,-1,-1,-1
577,87,555.96,701.83,158.30,229.90,1,-1,-1,-1
577,85,1188.09,706.02,109.02,223.51,1,-1,-1,-1
577,75,225.63,695.08,181.25,262.07,1,-1,-1,-1
577,66,1397.45,521.82,334.06,425.55,1,-1,-1,-1
577,42,877.53,459.18,221.65,504.71,1,-1,-1,-1
577,12,1858.86,553.50,61.14,377.45,1,-1,-1,-1
578,114,0.08,633.68,59.23,337.85,1,-1,-1,-1
578,109,1014.77,661.63,177.24,284.80,1,-1,-1,-1
578,108,459.67,718.05,128.89,225.15,1,-1,-1,-1
578,107,1721.70,681.67,153.45,250.22,1,-1,-1,-1
578,105,691.75,649.23,168.44,289.55,1,-1,-1,-1
578,102,253.84,484.02,297.06,472.83,1,-1,-1,-1
578,87,552.62,701.13,145.96,228.34,1,-1,-1,-1
578,85,1184.02,708.52,124.57,224.39,1,-1,-1,-1
578,75,206.39,618.34,226.49,334.61,1,-1,-1,-1
578,66,1419.53,526.25,227.73,422.03,1,-1,-1,-1
578,42,876.08,463.02,230.82,503.19,1,-1,-1,-1
578,12,1865.14,561.95,54.86,369.34,1,-1,-1,-1
579,114,0.00,630.90,54.59,330.86,1,-1,-1,-1
579,109,1019.99,655.62,163.99,289.71,1,-1,-1,-1
579,108,466.71,717.67,120.81,218.68,1,-1,-1,-1
579,107,1722.67,679.25,157.62,248.93,1,-1,-1,-1
579,105,683.03,652.62,182.23,280.88,1,-1,-1,-1
579,102,256.45,486.10,292.01,469.84,1,-1,-1,-1
579,87,547.99,702.63,152.01,228.37,1,-1,-1,-1
579,85,1181.98,707.35,129.33,224.73,1,-1,-1,-1
579,75,195.76,658.21,227.54,289.33,1,-1,-1,-1
579,66,1424.04,528.23,215.71,411.35,1,-1,-1,-1
579,42,887.78,467.48,223.96,493.77,1,-1,-1,-1
579,12,1869.03,544.59,50.96,392.55,1,-1,-1,-1
580,120,631.50,709.10,127.89,221.00,1,-1,-1,-1
580,115,254.31,633.82,187.46,313.78,1,-1,-1,-1
580,114,0.00,639.66,53.61,298.63,1,-1,-1,-1
580,109,1057.79,647.48,124.22,297.28,1,-1,-1,-1
580,108,471.91,721.33,119.16,209.40,1,-1,-1,-1
580,107,1724.14,679.69,152.18,245.99,1,-1,-1,-1
580,102,363.44,494.28,185.41,466.85,1,-1,-1,-1
580,87,549.67,705.77,163.24,223.09,1,-1,-1,-1
580,85,1174.69,708.35,138.21,223.25,1,-1,-1,-1
580,75,198.80,723.79,181.71,211.66,1,-1,-1,-1
580,66,1426.92,525.24,230.23,429.29,1,-1,-1,-1
580,42,889.88,475.52,228.17,485.06,1,-1,-1,-1
580,12,1868.29,539.92,51.71,386.09,1,-1,-1,-1
581,122,739.26,653.84,123.25,282.23,1,-1,-1,-1
581,120,645.15,713.44,116.58,217.10,1,-1,-1,-1
581,115,230.77,628.22,217.11,329.94,1,-1,-1,-1
581,114,0.00,627.02,51.42,337.46,1,-1,-1,-1
581,109,1059.46,647.40,123.34,296.45,1,-1,-1,-1
581,108,467.57,725.96,123.67,206.75,1,-1,-1,-1
581,107,1723.16,678.96,155.93,247.48,1,-1,-1,-1
581,102,241.66,497.76,303.65,458.63,1,-1,-1,-1
581,87,556.86,708.76,150.56,224.14,1,-1,-1,-1
581,85,1175.81,707.35,136.45,222.52,1,-1,-1,-1
581,75,197.44,700.77,181.89,248.60,1,-1,-1,-1
581,66,1415.40,524.32,242.00,424.26,1,-1,-1,-1
581,42,888.06,483.93,235.49,482.93,1,-1,-1,-1
581,12,1866.49,524.65,53.51,398.05,1,-1,-1,-1
582,122,731.40,652.91,130.80,286.77,1,-1,-1,-1
582,120,622.13,710.89,140.14,217.13,1,-1,-1,-1
582,115,236.46,638.45,200.94,308.43,1,-1,-1,-1
582,114,0.00,612.38,53.28,393.14,1,-1,-1,-1
582,111,957.42,670.81,150.67,284.91,1,-1,-1,-1
582,109,1058.92,650.50,129.01,292.95,1,-1,-1,-1
582,108,474.15,727.63,118.87,203.58,1,-1,-1,-1
582,107,1723.50,678.16,154.72,250.63,1,-1,-1,-1
582,102,236.26,504.72,308.48,454.89,1,-1,-1,-1
582,87,555.06,709.73,148.83,221.16,1,-1,-1,-1
582,85,1179.54,707.77,132.18,223.40,1,-1,-1,-1
582,75,192.67,691.30,197.67,260.01,1,-1,-1,-1
582,66,1410.44,523.43,261.91,433.74,1,-1,-1,-1
582,42,897.57,488.08,225.79,454.52,1,-1,-1,-1
582,12,1867.53,539.34,58.20,371.95,1,-1,-1,-1
583,122,744.07,651.56,120.97,291.60,1,-1,-1,-1
583,120,612.82,712.35,144.74,219.37,1,-1,-1,-1
583,114,0.00,639.65,55.95,325.98,1,-1,-1,-1
583,111,941.12,622.37,183.54,382.80,1,-1,-1,-1
583,110,899.08,585.93,188.91,384.89,1,-1,-1,-1
583,109,1052.89,652.52,140.54,291.57,1,-1,-1,-1
583,108,473.14,716.98,120.10,213.44,1,-1,-1,-1
583,107,1723.61,678.28,157.74,251.03,1,-1,-1,-1
583,102,241.96,497.19,305.04,462.87,1,-1,-1,-1
583,87,554.57,710.54,156.88,220.31,1,-1,-1,-1
583,85,1181.23,706.28,132.43,227.66,1,-1,-1,-1
583,75,191.63,693.87,190.52,248.80,1,-1,-1,-1
583,66,1413.13,528.79,259.06,429.33,1,-1,-1,-1
583,42,899.69,495.18,226.58,474.21,1,-1,-1,-1
584,123,1856.76,524.08,63.24,410.20,1,-1,-1,-1
584,122,741.71,653.98,125.09,292.11,1,-1,-1,-1
584,120,615.84,702.46,138.52,232.05,1,-1,-1,-1
584,114,0.00,640.74,58.01,312.62,1,-1,-1,-1
584,110,889.51,494.95,214.91,477.42,1,-1,-1,-1
584,109,1058.68,653.36,135.49,292.91,1,-1,-1,-1
584,108,470.85,717.00,121.57,214.60,1,-1,-1,-1
584,107,1724.00,677.97,157.55,252.52,1,-1,-1,-1
584,102,252.90,495.49,295.32,466.28,1,-1,-1,-1
584,87,553.68,709.32,160.28,220.93,1,-1,-1,-1
584,85,1181.28,704.76,134.53,229.75,1,-1,-1,-1
584,75,186.74,707.93,199.36,237.55,1,-1,-1,-1
584,66,1420.75,531.48,254.11,425.79,1,-1,-1,-1
584,42,889.78,499.66,223.84,467.55,1,-1,-1,-1
585,123,1851.36,533.17,68.64,406.75,1,-1,-1,-1
585,122,733.03,653.93,137.51,290.99,1,-1,-1,-1
585,115,217.27,651.72,225.91,313.22,1,-1,-1,-1
585,114,0.00,600.71,59.34,402.75,1,-1,-1,-1
585,110,902.53,551.02,190.41,385.80,1,-1,-1,-1
585,109,1056.05,654.17,139.39,291.44,1,-1,-1,-1
585,107,1727.66,678.14,155.29,251.35,1,-1,-1,-1
585,102,270.92,499.17,276.26,464.62,1,-1,-1,-1
585,87,552.67,709.95,155.02,220.76,1,-1,-1,-1
585,85,1169.75,703.35,145.41,232.91,1,-1,-1,-1
585,75,190.83,700.11,203.29,243.44,1,-1,-1,-1
585,66,1431.94,534.59,243.93,426.02,1,-1,-1,-1
585,42,883.77,496.03,214.65,474.97,1,-1,-1,-1
586,123,1854.16,533.53,65.84,405.53,1,-1,-1,-1
586,122,738.22,652.08,134.74,290.91,1,-1,-1,-1
586,115,235.91,652.92,199.59,306.19,1,-1,-1,-1
586,114,0.00,606.37,59.83,382.49,1,-1,-1,-1
586,109,1048.77,650.19,148.23,295.26,1,-1,-1,-1
586,107,1731.73,677.51,147.34,250.31,1,-1,-1,-1
586,102,247.64,500.65,299.43,458.36,1,-1,-1,-1
586,87,550.21,707.79,150.23,222.90,1,-1,-1,-1
586,85,1175.77,704.43,139.28,230.72,1,-1,-1,-1
586,75,187.74,699.53,197.89,247.88,1,-1,-1,-1
586,66,1462.16,536.29,208.02,410.59,1,-1,-1,-1
586,42,894.84,497.86,223.45,469.63,1,-1,-1,-1
587,123,1851.44,525.43,66.36,436.11,1,-1,-1,-1
587,122,749.58,653.49,120.13,288.08,1,-1,-1,-1
587,120,638.94,712.95,117.60,215.52,1,-1,-1,-1
587,115,231.77,653.76,205.22,304.36,1,-1,-1,-1
587,114,0.00,629.78,59.31,342.98,1,-1,-1,-1
587,109,1056.56,651.53,138.68,293.22,1,-1,-1,-1
587,107,1732.89,678.24,133.63,250.15,1,-1,-1,-1
587,102,241.32,498.83,306.82,460.78,1,-1,-1,-1
587,94,1411.55,667.38,194.39,273.56,1,-1,-1,-1
587,87,553.51,708.38,147.03,222.32,1,-1,-1,-1
587,85,1195.59,703.59,117.97,230.23,1,-1,-1,-1
587,66,1475.33,542.17,266.74,403.29,1,-1,-1,-1
587,42,902.30,499.15,197.60,470.15,1,-1,-1,-1
588,122,749.54,652.52,131.23,293.56,1,-1,-1,-1
588,120,660.20,711.25,99.50,213.52,1,-1,-1,-1
588,115,239.39,657.26,197.98,303.03,1,-1,-1,-1
588,114,0.00,630.64,56.80,314.28,1,-1,-1,-1
588,109,1060.02,648.18,141.08,293.62,1,-1,-1,-1
588,108,472.49,727.14,117.76,210.82,1,-1,-1,-1
588,107,1735.17,678.52,145.90,250.35,1,-1,-1,-1
588,102,246.97,495.19,302.27,463.11,1,-1,-1,-1
588,94,1438.91,673.44,140.08,267.61,1,-1,-1,-1
588,87,557.35,707.07,139.73,221.15,1,-1,-1,-1
588,85,1193.91,708.93,118.21,228.58,1,-1,-1,-1
588,66,1479.64,536.82,192.75,403.81,1,-1,-1,-1
588,42,906.54,493.39,181.76,475.72,1,-1,-1,-1
589,122,751.23,649.38,127.20,295.48,1,-1,-1,-1
589,120,640.25,702.84,129.60,227.58,1,-1,-1,-1
589,115,225.73,658.72,210.76,307.88,1,-1,-1,-1
589,114,0.00,613.98,55.17,364.24,1,-1,-1,-1
589,110,900.70,681.96,115.06,256.74,1,-1,-1,-1
589,109,1071.01,651.80,131.89,294.64,1,-1,-1,-1
589,108,483.28,726.97,108.54,208.68,1,-1,-1,-1
589,107,1732.72,677.62,143.63,249.94,1,-1,-1,-1
589,102,243.63,492.85,302.15,466.73,1,-1,-1,-1
589,94,1438.76,664.78,149.44,271.95,1,-1,-1,-1
589,87,558.47,707.28,142.73,219.91,1,-1,-1,-1
589,85,1194.09,710.60,118.44,228.88,1,-1,-1,-1
589,75,199.10,685.52,201.48,252.82,1,-1,-1,-1
589,66,1482.31,532.45,196.64,413.55,1,-1,-1,-1
589,42,905.72,487.71,182.99,483.55,1,-1,-1,-1
589,12,1879.14,487.23,40.86,451.57,1,-1,-1,-1
590,122,753.70,650.43,124.81,295.39,1,-1,-1,-1
590,115,215.02,661.02,213.12,307.83,1,-1,-1,-1
590,114,0.00,615.01,54.72,353.71,1,-1,-1,-1
590,110,884.02,658.28,143.41,304.27,1,-1,-1,-1
590,109,1071.79,648.27,133.66,295.58,1,-1,-1,-1
590,108,475.55,727.55,115.86,210.67,1,-1,-1,-1
590,107,1729.23,676.08,140.96,250.23,1,-1,-1,-1
590,102,316.31,491.42,231.03,466.74,1,-1,-1,-1
590,94,1435.71,662.67,146.14,269.57,1,-1,-1,-1
590,87,559.75,705.22,148.07,221.22,1,-1,-1,-1
590,85,1193.66,707.84,116.40,229.43,1,-1,-1,-1
590,75,198.02,692.40,196.22,242.21,1,-1,-1,-1
590,66,1477.70,530.21,204.79,419.90,1,-1,-1,-1
590,42,901.09,481.69,182.40,486.70,1,-1,-1,-1
590,12,1879.59,498.24,40.41,441.38,1,-1,-1,-1
591,122,753.60,644.79,128.68,298.55,1,-1,-1,-1
591,115,237.01,666.39,188.83,305.76,1,-1,-1,-1
591,114,0.00,617.42,53.40,326.79,1,-1,-1,-1
591,109,1077.00,646.62,124.56,296.74,1,-1,-1,-1
591,108,504.21,727.52,90.43,201.17,1,-1,-1,-1
591,107,1728.58,674.41,145.98,253.79,1,-1,-1,-1
591,102,317.69,492.56,236.54,465.76,1,-1,-1,-1
591,94,1435.29,647.68,160.82,289.61,1,-1,-1,-1
591,87,562.74,705.34,152.68,220.97,1,-1,-1,-1
591,85,1194.07,710.08,117.27,227.34,1,-1,-1,-1
591,66,1449.85,530.05,237.26,415.90,1,-1,-1,-1
591,42,889.08,480.50,188.80,484.80,1,-1,-1,-1
591,12,1879.08,498.66,40.92,434.41,1,-1,-1,-1
592,122,751.89,643.99,135.33,301.77,1,-1,-1,-1
592,115,228.06,657.00,202.66,308.48,1,-1,-1,-1
592,114,0.74,628.16,50.57,310.71,1,-1,-1,-1
592,109,1075.20,644.60,121.52,299.93,1,-1,-1,-1
592,108,519.79,728.01,75.20,195.97,1,-1,-1,-1
592,107,1727.40,674.36,150.34,255.88,1,-1,-1,-1
592,102,269.98,492.64,287.29,467.51,1,-1,-1,-1
592,94,1434.94,669.17,157.79,267.29,1,-1,-1,-1
592,87,556.84,703.52,143.34,225.99,1,-1,-1,-1
592,85,1193.07,708.79,115.72,230.00,1,-1,-1,-1
592,66,1443.34,529.99,246.92,421.60,1,-1,-1,-1
592,42,875.90,478.86,193.04,491.29,1,-1,-1,-1
592,12,1879.00,492.73,41.00,441.54,1,-1,-1,-1
593,122,753.28,648.80,130.89,289.75,1,-1,-1,-1
593,115,190.37,672.77,234.03,279.67,1,-1,-1,-1
593,110,882.63,689.17,181.79,279.57,1,-1,-1,-1
593,109,1065.66,642.60,126.58,301.26,1,-1,-1,-1
593,108,516.56,723.40,73.80,203.25,1,-1,-1,-1
593,107,1727.95,673.90,150.46,252.93,1,-1,-1,-1
593,102,284.38,491.31,274.91,467.26,1,-1,-1,-1
593,94,1429.10,652.41,157.99,284.66,1,-1,-1,-1
593,89,1066.46,759.99,81.36,181.64,1,-1,-1,-1
593,87,560.04,708.03,137.80,221.21,1,-1,-1,-1
593,85,1195.25,708.24,113.58,228.26,1,-1,-1,-1
593,66,1440.28,541.02,254.14,400.79,1,-1,-1,-1
593,42,849.78,484.26,218.80,481.36,1,-1,-1,-1
593,12,1884.66,514.70,35.34,415.26,1,-1,-1,-1
594,122,739.28,656.61,137.94,285.36,1,-1,-1,-1
594,120,638.78,701.27,120.21,228.80,1,-1,-1,-1
594,115,185.36,662.95,248.59,293.70,1,-1,-1,-1
594,110,872.99,695.85,193.28,270.67,1,-1,-1,-1
594,109,1069.15,645.10,125.24,294.38,1,-1,-1,-1
594,108,513.47,724.79,82.84,202.01,1,-1,-1,-1
594,107,1731.06,672.69,141.75,252.93,1,-1,-1,-1
594,94,1422.80,662.60,146.75,272.98,1,-1,-1,-1
594,89,1015.10,700.80,125.37,242.93,1,-1,-1,-1
594,87,552.70,705.08,151.55,222.93,1,-1,-1,-1
594,85,1194.28,707.10,109.63,229.40,1,-1,-1,-1
594,66,1455.50,549.98,234.82,385.39,1,-1,-1,-1
594,42,801.88,486.98,270.11,465.99,1,-1,-1,-1
594,12,1866.58,534.90,53.42,421.26,1,-1,-1,-1
595,126,208.38,488.08,364.24,465.38,1,-1,-1,-1
595,122,742.97,663.57,135.40,279.34,1,-1,-1,-1
595,120,630.10,703.99,134.10,224.11,1,-1,-1,-1
595,115,188.68,653.91,264.87,298.18,1,-1,-1,-1
595,114,0.00,654.88,54.89,285.80,1,-1,-1,-1
595,110,885.49,688.32,173.38,287.34,1,-1,-1,-1
595,109,1048.74,642.87,146.95,298.89,1,-1,-1,-1
595,108,510.38,722.09,91.90,205.91,1,-1,-1,-1
595,107,1731.74,673.30,143.37,252.56,1,-1,-1,-1
595,94,1410.48,668.09,163.71,270.03,1,-1,-1,-1
595,89,1020.84,709.73,121.87,240.67,1,-1,-1,-1
595,87,557.79,704.81,169.24,222.13,1,-1,-1,-1
595,85,1190.49,707.46,114.72,226.65,1,-1,-1,-1
595,66,1479.64,527.52,237.94,428.40,1,-1,-1,-1
595,42,774.05,496.99,305.22,455.44,1,-1,-1,-1
595,12,1863.30,534.41,56.70,413.23,1,-1,-1,-1
596,126,204.13,460.73,343.31,516.78,1,-1,-1,-1
596,122,747.60,668.72,135.60,279.13,1,-1,-1,-1
596,120,634.13,702.13,127.15,227.64,1,-1,-1,-1
596,115,193.43,672.81,240.27,269.28,1,-1,-1,-1
596,114,0.00,650.62,55.70,285.14,1,-1,-1,-1
596,109,1048.27,650.81,149.27,294.22,1,-1,-1,-1
596,107,1735.28,674.26,155.93,253.10,1,-1,-1,-1
596,94,1396.44,670.97,190.34,269.85,1,-1,-1,-1
596,87,551.36,700.23,182.51,228.52,1,-1,-1,-1
596,85,1194.27,709.63,113.20,221.83,1,-1,-1,-1
596,66,1482.52,510.14,232.87,443.37,1,-1,-1,-1
596,42,810.26,509.06,267.90,445.34,1,-1,-1,-1
596,12,1867.96,546.71,52.04,388.69,1,-1,-1,-1
597,122,753.07,674.45,135.82,268.87,1,-1,-1,-1
597,115,195.00,672.88,239.55,263.08,1,-1,-1,-1
597,114,0.00,639.68,62.57,297.12,1,-1,-1,-1
597,109,1055.51,653.66,149.24,286.83,1,-1,-1,-1
597,107,1734.48,675.20,182.81,255.85,1,-1,-1,-1
597,94,1393.06,678.85,203.62,268.24,1,-1,-1,-1
597,87,558.08,703.67,181.62,222.02,1,-1,-1,-1
597,85,1191.97,710.94,120.19,219.55,1,-1,-1,-1
597,66,1475.83,506.22,310.55,446.39,1,-1,-1,-1
597,42,879.18,519.67,242.54,441.72,1,-1,-1,-1
597,12,1870.25,541.56,47.70,400.67,1,-1,-1,-1
598,122,750.82,668.21,167.63,273.57,1,-1,-1,-1
598,115,193.30,684.36,243.71,250.61,1,-1,-1,-1
598,114,0.00,627.33,79.17,323.42,1,-1,-1,-1
598,109,1072.80,659.54,154.77,283.04,1,-1,-1,-1
598,107,1726.35,669.11,159.26,257.21,1,-1,-1,-1
598,102,284.37,517.33,304.59,435.94,1,-1,-1,-1
598,94,1404.55,679.54,174.43,267.01,1,-1,-1,-1
598,87,578.44,702.96,166.73,223.90,1,-1,-1,-1
598,85,1163.83,703.58,149.49,230.40,1,-1,-1,-1
598,66,1477.15,499.97,336.70,452.28,1,-1,-1,-1
598,42,862.99,505.12,287.63,454.01,1,-1,-1,-1
599,122,747.71,661.42,155.70,281.74,1,-1,-1,-1
599,120,658.70,708.10,111.95,221.61,1,-1,-1,-1
599,115,198.76,686.63,192.56,243.53,1,-1,-1,-1
599,114,0.10,632.63,91.29,303.22,1,-1,-1,-1
599,109,1083.03,641.60,158.74,299.54,1,-1,-1,-1
599,107,1716.62,673.00,157.09,251.13,1,-1,-1,-1
599,102,288.45,510.56,323.54,445.14,1,-1,-1,-1
599,87,611.02,705.63,115.74,218.79,1,-1,-1,-1
599,85,1157.33,703.53,146.52,232.99,1,-1,-1,-1
599,66,1456.07,506.15,317.93,448.62,1,-1,-1,-1
599,42,843.14,495.49,287.21,463.38,1,-1,-1,-1
600,122,739.16,652.22,147.10,291.31,1,-1,-1,-1
600,120,649.90,703.73,121.20,228.83,1,-1,-1,-1
600,115,222.80,682.56,174.78,252.78,1,-1,-1,-1
600,114,0.00,624.20,99.84,323.16,1,-1,-1,-1
600,109,1083.38,652.32,143.54,285.14,1,-1,-1,-1
600,107,1699.63,669.58,179.69,254.44,1,-1,-1,-1
600,102,315.48,503.68,312.58,453.36,1,-1,-1,-1
600,87,632.83,706.48,123.89,222.78,1,-1,-1,-1
600,85,1154.87,694.57,144.14,241.05,1,-1,-1,-1
600,66,1424.80,511.66,321.82,444.38,1,-1,-1,-1
600,42,869.50,481.93,249.36,481.79,1,-1,-1,-1
600,12,1842.02,517.44,77.98,412.26,1,-1,-1,-1
601,124,267.41,640.87,227.73,299.17,1,-1,-1,-1
601,122,742.17,644.98,151.86,297.85,1,-1,-1,-1
601,115,252.47,680.27,170.66,251.60,1,-1,-1,-1
601,114,0.00,623.19,105.48,306.88,1,-1,-1,-1
601,109,1078.47,649.46,150.39,285.76,1,-1,-1,-1
601,107,1695.11,664.40,184.28,260.65,1,-1,-1,-1
601,102,306.40,504.72,331.31,448.96,1,-1,-1,-1
601,94,1425.71,676.65,198.41,271.15,1,-1,-1,-1
601,87,634.46,706.78,123.11,225.09,1,-1,-1,-1
601,85,1158.71,697.00,143.59,237.89,1,-1,-1,-1
601,66,1405.34,503.03,316.17,446.24,1,-1,-1,-1
601,42,882.90,470.67,205.46,491.38,1,-1,-1,-1
601,12,1834.49,515.44,85.51,415.39,1,-1,-1,-1
602,124,282.68,637.90,243.19,296.58,1,-1,-1,-1
602,122,749.95,633.18,145.39,309.03,1,-1,-1,-1
602,115,282.05,676.00,136.58,251.54,1,-1,-1,-1
602,114,0.00,623.39,112.17,299.92,1,-1,-1,-1
602,109,1079.37,645.97,134.63,290.00,1,-1,-1,-1
602,107,1699.31,662.58,180.09,261.91,1,-1,-1,-1
602,102,367.20,498.38,275.36,455.04,1,-1,-1,-1
602,94,1434.97,673.75,167.68,273.64,1,-1,-1,-1
602,89,1000.24,665.48,119.42,268.47,1,-1,-1,-1
602,87,624.71,704.76,140.37,226.60,1,-1,-1,-1
602,85,1165.59,693.47,132.38,237.82,1,-1,-1,-1
602,66,1400.67,495.90,302.38,453.37,1,-1,-1,-1
602,42,885.85,460.30,211.19,500.64,1,-1,-1,-1
602,12,1820.03,518.60,99.97,410.20,1,-1,-1,-1
603,124,318.56,646.15,178.87,289.91,1,-1,-1,-1
603,122,754.80,629.39,124.10,312.04,1,-1,-1,-1
603,115,299.54,674.83,103.51,251.97,1,-1,-1,-1
603,114,0.12,626.09,124.72,306.38,1,-1,-1,-1
603,109,1074.62,639.21,133.99,297.77,1,-1,-1,-1
603,107,1709.19,658.69,175.63,265.51,1,-1,-1,-1
603,102,403.03,488.19,232.42,461.55,1,-1,-1,-1
603,89,1005.43,661.62,120.17,268.88,1,-1,-1,-1
603,87,637.29,699.13,123.20,227.88,1,-1,-1,-1
603,85,1167.14,694.02,92.97,234.59,1,-1,-1,-1
603,66,1404.24,488.79,298.34,459.45,1,-1,-1,-1
603,42,896.95,455.88,201.48,503.75,1,-1,-1,-1
603,12,1806.42,521.72,113.58,396.25,1,-1,-1,-1
