3,1,1461.39,559.02,277.00,312.63,1,-1,-1,-1
3,2,987.14,501.50,253.03,358.30,1,-1,-1,-1
3,3,102.54,527.01,295.98,351.93,1,-1,-1,-1
3,4,1171.41,536.29,286.85,332.05,1,-1,-1,-1
3,5,565.35,515.87,237.73,339.62,1,-1,-1,-1
3,6,472.38,551.88,229.92,320.71,1,-1,-1,-1
3,7,802.44,542.03,275.15,327.74,1,-1,-1,-1
3,8,741.18,485.21,225.35,364.52,1,-1,-1,-1
3,9,934.53,559.47,220.91,297.29,1,-1,-1,-1
3,10,930.99,515.89,222.86,342.81,1,-1,-1,-1
4,1,1469.75,584.08,268.83,287.28,1,-1,-1,-1
4,2,969.21,498.98,277.05,364.83,1,-1,-1,-1
4,3,109.34,531.55,301.24,343.91,1,-1,-1,-1
4,4,1174.08,548.57,289.22,317.11,1,-1,-1,-1
4,5,555.19,528.40,258.53,332.31,1,-1,-1,-1
4,6,472.38,551.88,229.92,320.71,1,-1,-1,-1
4,7,839.24,527.97,273.82,343.05,1,-1,-1,-1
4,8,710.27,505.50,262.75,351.55,1,-1,-1,-1
4,9,934.53,559.47,220.91,297.29,1,-1,-1,-1
4,10,930.99,515.89,222.86,342.81,1,-1,-1,-1
4,12,1150.02,477.17,225.36,379.81,1,-1,-1,-1
5,1,1476.43,590.94,262.94,280.41,1,-1,-1,-1
5,2,958.66,495.45,293.61,367.99,1,-1,-1,-1
5,3,119.82,541.12,304.05,332.92,1,-1,-1,-1
5,4,1189.61,553.48,281.16,315.81,1,-1,-1,-1
5,5,543.00,543.53,272.22,318.79,1,-1,-1,-1
5,6,472.38,551.88,229.92,320.71,1,-1,-1,-1
5,7,843.94,534.03,286.13,343.23,1,-1,-1,-1
5,8,709.73,513.91,270.57,347.65,1,-1,-1,-1
5,9,934.53,559.47,220.91,297.29,1,-1,-1,-1
5,10,930.99,515.89,222.86,342.81,1,-1,-1,-1
5,12,1119.25,478.70,258.65,374.68,1,-1,-1,-1
5,13,477.09,523.90,259.45,352.42,1,-1,-1,-1
6,1,1478.07,591.65,262.26,279.62,1,-1,-1,-1
6,2,968.70,510.75,290.20,346.84,1,-1,-1,-1
6,3,131.54,553.43,296.80,323.16,1,-1,-1,-1
6,4,1189.47,550.29,283.54,320.02,1,-1,-1,-1
6,5,537.38,549.76,269.02,320.10,1,-1,-1,-1
6,6,474.07,536.58,260.74,338.51,1,-1,-1,-1
6,7,855.82,545.39,305.80,330.74,1,-1,-1,-1
6,8,711.75,511.36,274.84,352.54,1,-1,-1,-1
6,9,934.53,559.47,220.91,297.29,1,-1,-1,-1
6,10,930.99,515.89,222.86,342.81,1,-1,-1,-1
6,12,1088.24,478.80,285.90,371.71,1,-1,-1,-1
6,13,478.54,538.84,301.41,336.76,1,-1,-1,-1
7,1,1479.48,588.63,263.83,284.04,1,-1,-1,-1
7,2,997.59,521.47,258.49,340.34,1,-1,-1,-1
7,3,147.95,565.37,296.86,315.84,1,-1,-1,-1
7,4,1195.46,543.52,276.55,328.48,1,-1,-1,-1
7,5,527.17,563.27,291.56,308.80,1,-1,-1,-1
7,6,474.53,543.83,239.61,333.30,1,-1,-1,-1
7,7,861.56,559.29,311.12,317.71,1,-1,-1,-1
7,8,753.98,522.51,232.84,344.15,1,-1,-1,-1
7,9,934.53,559.47,220.91,297.29,1,-1,-1,-1
7,10,930.99,515.89,222.86,342.81,1,-1,-1,-1
7,12,1080.83,479.21,288.69,370.29,1,-1,-1,-1
7,13,658.58,550.09,235.48,309.68,1,-1,-1,-1
8,1,1480.05,575.13,264.51,297.68,1,-1,-1,-1
8,2,1010.84,522.68,244.09,342.95,1,-1,-1,-1
8,3,153.56,571.63,309.58,311.09,1,-1,-1,-1
8,4,1208.05,524.84,264.25,345.01,1,-1,-1,-1
8,5,516.04,571.63,298.44,301.83,1,-1,-1,-1
8,6,474.53,543.83,239.61,333.30,1,-1,-1,-1
8,7,862.30,571.81,300.35,307.72,1,-1,-1,-1
8,8,795.60,543.61,190.82,326.06,1,-1,-1,-1
8,9,934.53,559.47,220.91,297.29,1,-1,-1,-1
8,10,930.99,515.89,222.86,342.81,1,-1,-1,-1
8,12,1117.73,488.35,234.77,364.78,1,-1,-1,-1
8,13,696.87,559.05,199.56,300.42,1,-1,-1,-1
9,1,1480.72,550.98,263.84,321.06,1,-1,-1,-1
9,2,849.96,540.65,220.02,331.13,1,-1,-1,-1
9,3,453.58,555.72,219.87,324.67,1,-1,-1,-1
9,4,1210.63,499.69,262.19,370.99,1,-1,-1,-1
9,5,535.84,577.15,273.67,297.67,1,-1,-1,-1
9,6,488.92,554.58,256.69,323.84,1,-1,-1,-1
9,7,854.99,580.83,302.83,300.63,1,-1,-1,-1
9,8,816.62,562.97,177.29,307.18,1,-1,-1,-1
9,9,934.53,559.47,220.91,297.29,1,-1,-1,-1
9,10,1021.75,523.43,222.34,341.56,1,-1,-1,-1
9,12,1138.11,495.24,202.29,359.63,1,-1,-1,-1
9,13,715.31,571.55,188.38,290.22,1,-1,-1,-1
10,1,1482.29,529.88,288.23,342.57,1,-1,-1,-1
10,2,829.84,550.46,209.94,324.85,1,-1,-1,-1
10,3,516.96,556.33,268.64,320.31,1,-1,-1,-1
10,4,1213.80,476.80,264.69,395.26,1,-1,-1,-1
10,5,542.59,664.10,258.62,212.37,1,-1,-1,-1
10,6,489.27,561.72,275.04,316.12,1,-1,-1,-1
10,7,860.23,561.54,298.20,318.53,1,-1,-1,-1
10,8,817.66,580.02,169.16,290.68,1,-1,-1,-1
10,9,934.53,559.47,220.91,297.29,1,-1,-1,-1
10,10,1035.80,535.49,215.16,325.57,1,-1,-1,-1
10,12,1143.04,503.10,184.17,345.91,1,-1,-1,-1
10,13,702.54,586.45,175.88,276.20,1,-1,-1,-1
10,14,168.71,588.57,295.79,296.73,1,-1,-1,-1
11,1,1481.46,497.30,270.87,376.11,1,-1,-1,-1
11,2,782.08,591.19,198.49,273.29,1,-1,-1,-1
11,3,516.96,556.33,268.64,320.31,1,-1,-1,-1
11,4,1216.07,463.60,298.73,407.63,1,-1,-1,-1
11,5,542.59,664.10,258.62,212.37,1,-1,-1,-1
11,6,536.30,535.62,266.02,341.33,1,-1,-1,-1
11,7,856.47,531.96,301.72,351.13,1,-1,-1,-1
11,8,817.66,580.02,169.16,290.68,1,-1,-1,-1
11,9,934.53,559.47,220.91,297.29,1,-1,-1,-1
11,10,1045.18,547.01,202.06,316.43,1,-1,-1,-1
11,12,1147.41,514.20,168.73,334.25,1,-1,-1,-1
11,13,702.54,586.45,175.88,276.20,1,-1,-1,-1
11,14,170.31,581.76,298.17,303.89,1,-1,-1,-1
12,1,1481.61,481.17,297.00,390.35,1,-1,-1,-1
12,2,782.08,591.19,198.49,273.29,1,-1,-1,-1
12,3,757.71,574.03,213.09,291.15,1,-1,-1,-1
12,4,1214.22,446.98,330.02,424.96,1,-1,-1,-1
12,5,490.48,527.68,316.72,353.38,1,-1,-1,-1
12,6,532.65,511.29,285.24,367.13,1,-1,-1,-1
12,7,855.04,497.04,312.57,386.85,1,-1,-1,-1
12,8,817.66,580.02,169.16,290.68,1,-1,-1,-1
12,9,934.53,559.47,220.91,297.29,1,-1,-1,-1
12,10,1043.02,562.28,207.88,300.94,1,-1,-1,-1
12,12,1144.96,526.87,182.08,328.63,1,-1,-1,-1
12,13,702.54,586.45,175.88,276.20,1,-1,-1,-1
12,14,169.40,562.96,302.19,321.17,1,-1,-1,-1
12,15,482.53,588.24,200.61,290.09,1,-1,-1,-1
13,1,1481.11,459.12,368.14,411.07,1,-1,-1,-1
13,2,782.08,591.19,198.49,273.29,1,-1,-1,-1
13,3,757.71,574.03,213.09,291.15,1,-1,-1,-1
13,4,1207.89,423.46,364.54,449.39,1,-1,-1,-1
13,5,490.48,527.68,316.72,353.38,1,-1,-1,-1
13,6,532.65,511.29,285.24,367.13,1,-1,-1,-1
13,7,862.03,472.18,304.72,408.42,1,-1,-1,-1
13,8,817.66,580.02,169.16,290.68,1,-1,-1,-1
13,9,934.53,559.47,220.91,297.29,1,-1,-1,-1
13,10,1025.34,588.03,233.86,274.35,1,-1,-1,-1
13,12,1138.37,539.94,208.56,321.56,1,-1,-1,-1
13,13,758.37,582.41,215.04,283.27,1,-1,-1,-1
13,14,174.14,530.69,294.03,351.29,1,-1,-1,-1
13,15,475.58,603.70,210.06,273.70,1,-1,-1,-1
14,1,1480.54,385.29,322.87,487.18,1,-1,-1,-1
14,2,575.93,622.79,247.50,250.89,1,-1,-1,-1
14,3,1037.73,597.03,214.88,267.84,1,-1,-1,-1
14,4,1193.94,352.88,331.64,521.05,1,-1,-1,-1
14,5,466.20,475.81,380.97,400.90,1,-1,-1,-1
14,6,652.70,627.28,233.67,235.07,1,-1,-1,-1
14,7,857.93,445.88,372.61,433.22,1,-1,-1,-1
14,8,817.66,580.02,169.16,290.68,1,-1,-1,-1
14,9,934.53,559.47,220.91,297.29,1,-1,-1,-1
14,10,1171.80,550.99,277.92,320.01,1,-1,-1,-1
14,12,1164.77,564.91,242.89,303.72,1,-1,-1,-1
14,13,765.00,599.55,219.34,267.67,1,-1,-1,-1
14,14,172.41,477.94,313.17,403.42,1,-1,-1,-1
14,15,475.58,603.70,210.06,273.70,1,-1,-1,-1
15,1,1479.89,363.77,286.72,507.10,1,-1,-1,-1
15,2,553.65,618.95,246.90,257.31,1,-1,-1,-1
15,3,1042.68,598.71,239.14,263.71,1,-1,-1,-1
15,4,1193.31,337.27,301.46,537.98,1,-1,-1,-1
15,5,464.96,451.80,398.75,426.32,1,-1,-1,-1
15,6,676.02,638.38,214.57,219.90,1,-1,-1,-1
15,7,853.13,423.14,382.45,457.41,1,-1,-1,-1
15,8,817.66,580.02,169.16,290.68,1,-1,-1,-1
15,9,934.53,559.47,220.91,297.29,1,-1,-1,-1
15,10,1187.59,554.89,277.92,316.30,1,-1,-1,-1
15,12,1176.42,578.38,238.13,291.09,1,-1,-1,-1
15,13,775.89,602.43,204.49,266.05,1,-1,-1,-1
15,14,167.59,453.85,332.00,427.87,1,-1,-1,-1
15,15,464.96,620.18,214.81,256.38,1,-1,-1,-1
16,1,1479.34,352.56,259.32,517.89,1,-1,-1,-1
16,2,541.16,613.05,255.76,263.90,1,-1,-1,-1
16,3,1053.70,598.31,227.42,263.57,1,-1,-1,-1
16,4,1192.91,328.28,278.80,544.50,1,-1,-1,-1
16,5,464.07,430.87,390.13,448.96,1,-1,-1,-1
16,6,683.35,636.11,213.71,224.57,1,-1,-1,-1
16,7,845.84,390.50,380.73,490.18,1,-1,-1,-1
16,8,847.66,551.93,300.58,326.96,1,-1,-1,-1
16,9,934.53,559.47,220.91,297.29,1,-1,-1,-1
16,10,1187.59,554.89,277.92,316.30,1,-1,-1,-1
16,12,1188.96,545.75,269.87,325.51,1,-1,-1,-1
16,13,778.01,601.07,221.62,271.12,1,-1,-1,-1
16,14,163.71,424.07,346.39,458.42,1,-1,-1,-1
16,15,459.96,609.10,224.53,268.40,1,-1,-1,-1
17,1,1477.09,353.18,250.32,517.65,1,-1,-1,-1
17,2,541.16,613.05,255.76,263.90,1,-1,-1,-1
17,3,1054.81,595.57,216.91,261.99,1,-1,-1,-1
17,4,1187.67,328.14,272.23,542.86,1,-1,-1,-1
17,5,502.59,409.16,388.48,471.35,1,-1,-1,-1
17,6,696.45,630.22,199.12,232.62,1,-1,-1,-1
17,7,837.97,363.19,374.26,518.17,1,-1,-1,-1
17,8,847.66,551.93,300.58,326.96,1,-1,-1,-1
17,9,934.53,559.47,220.91,297.29,1,-1,-1,-1
17,10,1187.59,554.89,277.92,316.30,1,-1,-1,-1
17,12,1188.96,545.75,269.87,325.51,1,-1,-1,-1
17,13,778.69,599.34,213.49,273.83,1,-1,-1,-1
17,14,161.76,380.90,361.83,502.18,1,-1,-1,-1
17,15,451.03,616.69,242.04,260.66,1,-1,-1,-1
18,1,1471.92,361.26,252.57,511.84,1,-1,-1,-1
18,2,541.16,613.05,255.76,263.90,1,-1,-1,-1
18,3,1042.32,596.61,228.83,261.06,1,-1,-1,-1
18,4,1175.05,332.18,280.35,538.29,1,-1,-1,-1
18,5,511.06,394.47,370.12,487.05,1,-1,-1,-1
18,6,696.85,627.83,196.11,238.06,1,-1,-1,-1
18,7,838.19,351.25,351.13,530.75,1,-1,-1,-1
18,8,818.12,587.66,262.10,290.93,1,-1,-1,-1
18,9,934.53,559.47,220.91,297.29,1,-1,-1,-1
18,10,1187.59,554.89,277.92,316.30,1,-1,-1,-1
18,12,1188.96,545.75,269.87,325.51,1,-1,-1,-1
18,13,775.02,595.35,220.66,279.82,1,-1,-1,-1
18,14,168.32,354.03,362.87,530.97,1,-1,-1,-1
18,15,453.49,623.44,236.95,255.83,1,-1,-1,-1
19,1,1459.82,384.27,254.01,487.66,1,-1,-1,-1
19,2,497.53,624.38,251.54,257.92,1,-1,-1,-1
19,3,1083.98,608.91,177.31,248.89,1,-1,-1,-1
19,4,1172.69,352.07,271.66,520.23,1,-1,-1,-1
19,5,502.47,393.57,362.07,492.00,1,-1,-1,-1
19,6,696.01,629.51,188.69,233.64,1,-1,-1,-1
19,7,828.06,349.49,332.18,533.21,1,-1,-1,-1
19,8,818.12,587.66,262.10,290.93,1,-1,-1,-1
19,9,934.53,559.47,220.91,297.29,1,-1,-1,-1
19,10,1187.59,554.89,277.92,316.30,1,-1,-1,-1
19,12,1188.96,545.75,269.87,325.51,1,-1,-1,-1
19,13,817.82,593.02,169.34,280.73,1,-1,-1,-1
19,14,239.90,331.43,304.06,551.62,1,-1,-1,-1
19,15,486.96,634.26,200.53,243.81,1,-1,-1,-1
20,1,1447.59,397.63,250.59,472.37,1,-1,-1,-1
20,2,498.92,629.62,240.30,248.23,1,-1,-1,-1
20,3,1097.65,609.03,160.39,248.70,1,-1,-1,-1
20,4,1153.86,371.92,286.90,501.09,1,-1,-1,-1
20,5,517.98,406.17,341.55,477.75,1,-1,-1,-1
20,6,688.07,628.92,193.13,232.88,1,-1,-1,-1
20,7,839.26,356.41,310.81,528.35,1,-1,-1,-1
20,8,829.13,587.44,234.02,291.13,1,-1,-1,-1
20,9,934.53,559.47,220.91,297.29,1,-1,-1,-1
20,10,1187.59,554.89,277.92,316.30,1,-1,-1,-1
20,12,1188.96,545.75,269.87,325.51,1,-1,-1,-1
20,13,824.93,590.73,169.48,276.24,1,-1,-1,-1
20,14,286.52,326.87,261.58,556.53,1,-1,-1,-1
20,15,494.77,638.84,182.00,234.91,1,-1,-1,-1
21,1,1437.20,412.12,223.25,458.16,1,-1,-1,-1
21,2,498.92,629.62,240.30,248.23,1,-1,-1,-1
21,3,1100.03,603.13,154.30,254.34,1,-1,-1,-1
21,4,1143.60,386.64,296.15,485.87,1,-1,-1,-1
21,5,538.02,406.32,317.75,476.03,1,-1,-1,-1
21,6,682.44,628.99,201.60,232.03,1,-1,-1,-1
21,7,856.32,366.17,291.94,518.13,1,-1,-1,-1
21,8,833.22,586.24,213.62,288.83,1,-1,-1,-1
21,9,934.53,559.47,220.91,297.29,1,-1,-1,-1
21,10,1187.59,554.89,277.92,316.30,1,-1,-1,-1
21,12,1188.96,545.75,269.87,325.51,1,-1,-1,-1
21,13,824.93,590.73,169.48,276.24,1,-1,-1,-1
21,14,323.29,328.01,227.06,553.78,1,-1,-1,-1
21,15,495.40,635.92,174.79,231.87,1,-1,-1,-1
22,1,1422.64,427.62,190.12,437.98,1,-1,-1,-1
22,2,498.92,629.62,240.30,248.23,1,-1,-1,-1
22,3,1102.61,602.51,179.09,259.96,1,-1,-1,-1
22,4,1122.75,403.32,313.91,469.77,1,-1,-1,-1
22,5,533.91,402.18,319.03,479.08,1,-1,-1,-1
22,6,675.30,630.24,204.40,238.58,1,-1,-1,-1
22,7,860.40,376.83,287.54,504.22,1,-1,-1,-1
22,8,834.43,588.04,223.42,288.65,1,-1,-1,-1
22,9,934.53,559.47,220.91,297.29,1,-1,-1,-1
22,10,1187.59,554.89,277.92,316.30,1,-1,-1,-1
22,12,1188.96,545.75,269.87,325.51,1,-1,-1,-1
22,13,824.93,590.73,169.48,276.24,1,-1,-1,-1
22,14,347.01,333.46,208.44,546.86,1,-1,-1,-1
22,15,494.17,639.74,151.83,225.79,1,-1,-1,-1
23,1,1407.42,432.49,171.73,439.79,1,-1,-1,-1
23,2,799.50,598.78,163.08,268.26,1,-1,-1,-1
23,3,1088.80,604.72,220.36,261.85,1,-1,-1,-1
23,4,1097.90,418.93,338.90,455.80,1,-1,-1,-1
23,5,532.45,394.13,317.39,486.03,1,-1,-1,-1
23,6,665.39,624.16,205.36,248.44,1,-1,-1,-1
23,7,860.34,386.13,291.80,494.85,1,-1,-1,-1
23,8,837.43,587.43,216.16,284.82,1,-1,-1,-1
23,9,934.53,559.47,220.91,297.29,1,-1,-1,-1
23,10,1187.59,554.89,277.92,316.30,1,-1,-1,-1
23,12,1188.96,545.75,269.87,325.51,1,-1,-1,-1
23,13,850.08,561.64,273.44,318.72,1,-1,-1,-1
23,14,364.68,341.00,196.20,543.90,1,-1,-1,-1
23,15,491.14,644.65,152.43,221.92,1,-1,-1,-1
23,16,523.65,602.30,255.19,278.90,1,-1,-1,-1
24,1,1363.37,436.29,192.39,437.60,1,-1,-1,-1
24,2,799.50,598.78,163.08,268.26,1,-1,-1,-1
24,3,1087.17,558.48,239.57,314.61,1,-1,-1,-1
24,4,1088.67,443.35,337.96,434.95,1,-1,-1,-1
24,5,621.00,401.36,232.05,480.59,1,-1,-1,-1
24,6,679.31,631.55,184.28,242.60,1,-1,-1,-1
24,7,893.66,398.22,253.61,481.61,1,-1,-1,-1
24,8,834.71,605.83,163.94,266.06,1,-1,-1,-1
24,9,934.53,559.47,220.91,297.29,1,-1,-1,-1
24,10,1187.59,554.89,277.92,316.30,1,-1,-1,-1
24,12,1188.96,545.75,269.87,325.51,1,-1,-1,-1
24,13,850.08,561.64,273.44,318.72,1,-1,-1,-1
24,14,366.65,370.19,208.84,518.56,1,-1,-1,-1
24,15,488.52,644.06,143.57,218.83,1,-1,-1,-1
24,16,521.99,620.52,248.65,255.50,1,-1,-1,-1
25,1,1339.34,440.03,203.60,435.43,1,-1,-1,-1
25,2,799.50,598.78,163.08,268.26,1,-1,-1,-1
25,3,1095.41,462.87,266.50,404.69,1,-1,-1,-1
25,4,1083.83,455.27,333.89,423.72,1,-1,-1,-1
25,5,634.79,410.90,220.94,472.46,1,-1,-1,-1
25,6,688.18,630.28,172.18,244.27,1,-1,-1,-1
25,7,890.77,403.62,247.17,479.20,1,-1,-1,-1
25,8,834.92,611.61,161.56,256.72,1,-1,-1,-1
25,9,934.53,559.47,220.91,297.29,1,-1,-1,-1
25,10,1187.59,554.89,277.92,316.30,1,-1,-1,-1
25,12,1161.91,576.10,256.32,294.75,1,-1,-1,-1
25,13,876.81,565.91,252.15,315.02,1,-1,-1,-1
25,14,367.84,384.29,218.37,506.52,1,-1,-1,-1
25,15,482.50,645.63,146.43,218.30,1,-1,-1,-1
25,16,519.52,634.27,233.19,238.73,1,-1,-1,-1
26,1,1327.90,443.03,206.08,432.16,1,-1,-1,-1
26,2,799.50,598.78,163.08,268.26,1,-1,-1,-1
26,3,1105.24,454.46,259.19,417.98,1,-1,-1,-1
26,4,1097.43,455.49,271.84,418.70,1,-1,-1,-1
26,5,640.00,425.09,218.63,458.86,1,-1,-1,-1
26,6,682.57,626.09,177.25,250.49,1,-1,-1,-1
26,7,890.91,404.23,243.14,479.90,1,-1,-1,-1
26,8,835.80,602.99,190.54,265.43,1,-1,-1,-1
26,9,934.53,559.47,220.91,297.29,1,-1,-1,-1
26,10,1187.59,554.89,277.92,316.30,1,-1,-1,-1
26,12,1212.33,582.88,196.60,283.45,1,-1,-1,-1
26,13,889.95,419.25,242.76,462.28,1,-1,-1,-1
26,14,375.46,405.83,226.48,479.48,1,-1,-1,-1
26,15,472.64,641.89,157.10,231.03,1,-1,-1,-1
26,16,538.63,622.60,227.45,251.07,1,-1,-1,-1
27,1,1318.12,440.10,200.01,435.45,1,-1,-1,-1
27,2,799.50,598.78,163.08,268.26,1,-1,-1,-1
27,3,1105.24,454.46,259.19,417.98,1,-1,-1,-1
27,4,1088.06,452.73,277.29,419.42,1,-1,-1,-1
27,5,636.63,433.36,223.14,451.90,1,-1,-1,-1
27,6,680.79,626.56,182.54,251.16,1,-1,-1,-1
27,7,888.28,406.66,241.60,478.37,1,-1,-1,-1
27,8,841.69,593.90,201.78,275.69,1,-1,-1,-1
27,9,934.53,559.47,220.91,297.29,1,-1,-1,-1
27,10,1187.59,554.89,277.92,316.30,1,-1,-1,-1
27,12,1219.84,586.76,174.59,274.13,1,-1,-1,-1
27,13,889.95,419.25,242.76,462.28,1,-1,-1,-1
27,14,388.69,414.69,223.80,469.31,1,-1,-1,-1
27,15,462.66,637.61,171.36,241.44,1,-1,-1,-1
27,16,611.21,623.73,154.18,246.97,1,-1,-1,-1
28,1,1301.38,440.77,200.47,437.10,1,-1,-1,-1
28,2,1096.47,587.25,235.19,288.38,1,-1,-1,-1
28,3,1077.90,450.76,278.22,427.36,1,-1,-1,-1
28,4,1073.06,450.37,265.29,426.31,1,-1,-1,-1
28,5,635.10,432.18,223.65,454.72,1,-1,-1,-1
28,6,691.30,620.42,162.77,256.70,1,-1,-1,-1
28,7,883.29,414.27,249.97,473.69,1,-1,-1,-1
28,8,846.43,577.99,196.30,297.03,1,-1,-1,-1
28,9,934.53,559.47,220.91,297.29,1,-1,-1,-1
28,10,1187.59,554.89,277.92,316.30,1,-1,-1,-1
28,12,1214.22,588.39,177.38,279.80,1,-1,-1,-1
28,13,889.95,419.25,242.76,462.28,1,-1,-1,-1
28,14,394.34,409.61,230.43,475.13,1,-1,-1,-1
28,15,455.00,638.33,186.43,243.65,1,-1,-1,-1
28,16,611.21,623.73,154.18,246.97,1,-1,-1,-1
29,1,1287.31,445.42,177.32,435.82,1,-1,-1,-1
29,2,1096.47,587.25,235.19,288.38,1,-1,-1,-1
29,3,1077.90,450.76,278.22,427.36,1,-1,-1,-1
29,4,1065.04,441.84,227.39,435.94,1,-1,-1,-1
29,5,630.27,435.86,230.44,449.49,1,-1,-1,-1
29,6,732.63,618.25,124.56,245.12,1,-1,-1,-1
29,7,866.78,418.46,265.10,471.12,1,-1,-1,-1
29,8,857.78,549.64,208.22,332.26,1,-1,-1,-1
29,9,934.53,559.47,220.91,297.29,1,-1,-1,-1
29,10,1187.59,554.89,277.92,316.30,1,-1,-1,-1
29,12,1235.47,582.66,148.75,284.31,1,-1,-1,-1
29,13,889.95,419.25,242.76,462.28,1,-1,-1,-1
29,14,410.31,415.06,232.94,470.22,1,-1,-1,-1
29,15,513.66,622.31,137.98,251.65,1,-1,-1,-1
29,16,611.21,623.73,154.18,246.97,1,-1,-1,-1
30,1,1272.67,445.65,187.36,435.69,1,-1,-1,-1
30,2,1096.47,587.25,235.19,288.38,1,-1,-1,-1
30,3,1077.90,450.76,278.22,427.36,1,-1,-1,-1
30,4,1066.08,435.64,215.80,448.50,1,-1,-1,-1
30,5,637.10,433.26,225.32,452.87,1,-1,-1,-1
30,6,744.31,611.24,126.42,251.14,1,-1,-1,-1
30,7,865.23,414.96,225.98,472.87,1,-1,-1,-1
30,8,929.41,539.28,174.07,328.62,1,-1,-1,-1
30,9,934.53,559.47,220.91,297.29,1,-1,-1,-1
30,10,1187.59,554.89,277.92,316.30,1,-1,-1,-1
30,12,1235.47,582.66,148.75,284.31,1,-1,-1,-1
30,13,889.95,419.25,242.76,462.28,1,-1,-1,-1
30,14,422.68,411.26,238.79,469.74,1,-1,-1,-1
30,15,516.89,612.51,133.53,261.26,1,-1,-1,-1
30,16,611.21,623.73,154.18,246.97,1,-1,-1,-1
31,1,1241.04,449.54,214.40,432.86,1,-1,-1,-1
31,2,1096.47,587.25,235.19,288.38,1,-1,-1,-1
31,3,1142.35,593.12,163.45,274.22,1,-1,-1,-1
31,4,1062.51,432.10,203.68,446.25,1,-1,-1,-1
31,5,647.59,432.40,217.87,455.53,1,-1,-1,-1
31,6,740.59,596.51,170.61,273.70,1,-1,-1,-1
31,7,871.39,412.51,190.37,469.68,1,-1,-1,-1
31,8,966.70,573.22,155.01,283.93,1,-1,-1,-1
31,9,934.53,559.47,220.91,297.29,1,-1,-1,-1
31,10,1187.59,554.89,277.92,316.30,1,-1,-1,-1
31,12,1235.47,582.66,148.75,284.31,1,-1,-1,-1
31,13,889.95,419.25,242.76,462.28,1,-1,-1,-1
31,14,422.68,411.26,238.79,469.74,1,-1,-1,-1
31,15,518.35,618.89,140.22,256.74,1,-1,-1,-1
31,16,611.21,623.73,154.18,246.97,1,-1,-1,-1
32,1,1219.49,458.21,230.23,424.10,1,-1,-1,-1
32,2,1096.47,587.25,235.19,288.38,1,-1,-1,-1
32,3,1165.34,608.99,127.12,259.41,1,-1,-1,-1
32,4,1057.22,433.60,199.36,442.38,1,-1,-1,-1
32,5,657.78,433.80,218.73,452.91,1,-1,-1,-1
32,6,736.26,581.68,177.59,293.02,1,-1,-1,-1
32,7,871.61,414.15,178.86,465.76,1,-1,-1,-1
32,8,986.08,587.32,136.06,281.77,1,-1,-1,-1
32,9,934.53,559.47,220.91,297.29,1,-1,-1,-1
32,10,1187.59,554.89,277.92,316.30,1,-1,-1,-1
32,12,1235.47,582.66,148.75,284.31,1,-1,-1,-1
32,13,889.95,419.25,242.76,462.28,1,-1,-1,-1
32,14,422.68,411.26,238.79,469.74,1,-1,-1,-1
32,15,499.99,618.03,179.32,262.23,1,-1,-1,-1
32,16,652.09,567.22,151.00,310.74,1,-1,-1,-1
32,17,453.42,419.08,226.95,465.37,1,-1,-1,-1
33,1,1219.46,463.83,220.44,419.37,1,-1,-1,-1
33,2,1096.47,587.25,235.19,288.38,1,-1,-1,-1
33,3,1162.98,603.62,117.71,275.61,1,-1,-1,-1
33,4,1047.09,442.45,206.69,440.67,1,-1,-1,-1
33,5,671.23,433.35,202.08,455.53,1,-1,-1,-1
33,6,736.26,581.68,177.59,293.02,1,-1,-1,-1
33,7,875.35,419.59,165.93,462.74,1,-1,-1,-1
33,8,984.04,584.78,128.96,289.03,1,-1,-1,-1
33,9,934.53,559.47,220.91,297.29,1,-1,-1,-1
33,10,1187.59,554.89,277.92,316.30,1,-1,-1,-1
33,12,1235.47,582.66,148.75,284.31,1,-1,-1,-1
33,13,889.95,419.25,242.76,462.28,1,-1,-1,-1
33,14,460.58,420.86,237.59,467.04,1,-1,-1,-1
33,15,499.99,618.03,179.32,262.23,1,-1,-1,-1
33,16,656.66,558.17,160.71,321.65,1,-1,-1,-1
33,17,464.17,421.82,228.61,463.87,1,-1,-1,-1
34,1,1216.83,464.79,229.19,416.53,1,-1,-1,-1
34,2,1096.47,587.25,235.19,288.38,1,-1,-1,-1
34,3,1160.09,564.85,125.87,316.34,1,-1,-1,-1
34,4,1045.17,455.40,207.77,433.91,1,-1,-1,-1
34,5,694.55,446.23,180.61,443.40,1,-1,-1,-1
34,6,790.31,559.26,128.97,321.51,1,-1,-1,-1
34,7,876.48,433.43,157.93,457.47,1,-1,-1,-1
34,8,988.88,556.88,128.47,325.16,1,-1,-1,-1
34,10,1187.59,554.89,277.92,316.30,1,-1,-1,-1
34,12,1235.47,582.66,148.75,284.31,1,-1,-1,-1
34,13,889.95,419.25,242.76,462.28,1,-1,-1,-1
34,14,467.10,439.09,259.59,449.28,1,-1,-1,-1
34,15,499.99,618.03,179.32,262.23,1,-1,-1,-1
34,16,656.66,558.17,160.71,321.65,1,-1,-1,-1
34,17,464.17,421.82,228.61,463.87,1,-1,-1,-1
35,1,1219.15,458.51,220.27,421.16,1,-1,-1,-1
35,2,1096.47,587.25,235.19,288.38,1,-1,-1,-1
35,3,1159.97,552.06,124.24,327.47,1,-1,-1,-1
35,4,1052.60,449.99,179.04,440.48,1,-1,-1,-1
35,5,688.16,452.71,197.82,438.54,1,-1,-1,-1
35,6,802.78,549.73,124.70,325.74,1,-1,-1,-1
35,7,877.64,428.80,157.58,461.53,1,-1,-1,-1
35,8,993.68,540.38,120.99,340.95,1,-1,-1,-1
35,10,1187.59,554.89,277.92,316.30,1,-1,-1,-1
35,12,1235.47,582.66,148.75,284.31,1,-1,-1,-1
35,13,889.95,419.25,242.76,462.28,1,-1,-1,-1
35,14,471.52,448.62,263.31,439.82,1,-1,-1,-1
35,15,499.99,618.03,179.32,262.23,1,-1,-1,-1
35,16,659.48,542.16,113.07,317.94,1,-1,-1,-1
35,17,507.30,452.38,224.20,431.04,1,-1,-1,-1
36,1,1223.34,456.40,193.91,422.94,1,-1,-1,-1
36,2,1096.47,587.25,235.19,288.38,1,-1,-1,-1
36,3,1160.94,538.07,119.99,334.33,1,-1,-1,-1
36,4,1054.15,434.28,162.69,452.99,1,-1,-1,-1
36,5,689.71,455.62,199.75,434.77,1,-1,-1,-1
36,6,807.21,553.38,122.83,309.50,1,-1,-1,-1
36,7,875.71,420.07,161.24,467.86,1,-1,-1,-1
36,8,989.24,519.46,122.98,361.84,1,-1,-1,-1
36,10,1187.59,554.89,277.92,316.30,1,-1,-1,-1
36,12,1235.47,582.66,148.75,284.31,1,-1,-1,-1
36,13,889.95,419.25,242.76,462.28,1,-1,-1,-1
36,14,486.89,444.82,242.78,441.28,1,-1,-1,-1
36,15,499.99,618.03,179.32,262.23,1,-1,-1,-1
36,16,653.49,534.64,112.93,333.13,1,-1,-1,-1
36,17,522.88,451.38,209.81,430.69,1,-1,-1,-1
37,1,1221.50,454.82,172.64,418.08,1,-1,-1,-1
37,2,1096.47,587.25,235.19,288.38,1,-1,-1,-1
37,3,1163.42,530.36,112.65,336.37,1,-1,-1,-1
37,4,1057.63,426.35,149.38,458.76,1,-1,-1,-1
37,5,691.80,453.86,185.23,434.54,1,-1,-1,-1
37,6,807.21,553.38,122.83,309.50,1,-1,-1,-1
37,7,872.70,411.44,162.49,475.93,1,-1,-1,-1
37,8,994.82,503.32,115.85,374.89,1,-1,-1,-1
37,10,1187.59,554.89,277.92,316.30,1,-1,-1,-1
37,12,1235.47,582.66,148.75,284.31,1,-1,-1,-1
37,13,889.95,419.25,242.76,462.28,1,-1,-1,-1
37,14,509.48,443.09,196.66,437.61,1,-1,-1,-1
37,15,499.99,618.03,179.32,262.23,1,-1,-1,-1
37,16,654.64,526.92,110.42,343.80,1,-1,-1,-1
37,17,518.85,442.55,191.34,438.53,1,-1,-1,-1
38,1,1218.40,452.52,164.98,417.32,1,-1,-1,-1
38,2,1096.47,587.25,235.19,288.38,1,-1,-1,-1
38,3,1162.45,525.24,115.67,336.08,1,-1,-1,-1
38,4,1051.15,421.87,149.87,464.87,1,-1,-1,-1
38,5,712.19,445.53,166.10,444.84,1,-1,-1,-1
38,6,807.21,553.38,122.83,309.50,1,-1,-1,-1
38,7,872.34,407.82,168.54,483.58,1,-1,-1,-1
38,8,991.57,496.54,122.44,374.80,1,-1,-1,-1
38,10,1187.59,554.89,277.92,316.30,1,-1,-1,-1
38,12,1235.47,582.66,148.75,284.31,1,-1,-1,-1
38,13,889.95,419.25,242.76,462.28,1,-1,-1,-1
38,14,509.48,443.09,196.66,437.61,1,-1,-1,-1
38,15,499.99,618.03,179.32,262.23,1,-1,-1,-1
38,16,649.00,525.45,119.58,346.77,1,-1,-1,-1
38,17,538.48,432.97,187.96,448.99,1,-1,-1,-1
39,1,1199.88,464.89,189.89,417.58,1,-1,-1,-1
39,2,1096.47,587.25,235.19,288.38,1,-1,-1,-1
39,3,1148.81,524.06,121.46,346.16,1,-1,-1,-1
39,4,1023.12,433.60,175.29,455.15,1,-1,-1,-1
39,5,718.09,433.46,156.84,445.16,1,-1,-1,-1
39,6,807.21,553.38,122.83,309.50,1,-1,-1,-1
39,7,865.83,426.23,174.30,465.26,1,-1,-1,-1
39,8,994.16,510.81,127.73,362.48,1,-1,-1,-1
39,10,1187.59,554.89,277.92,316.30,1,-1,-1,-1
39,12,1235.47,582.66,148.75,284.31,1,-1,-1,-1
39,13,889.95,419.25,242.76,462.28,1,-1,-1,-1
39,14,509.48,443.09,196.66,437.61,1,-1,-1,-1
39,15,544.41,578.93,124.31,292.04,1,-1,-1,-1
39,16,681.37,529.30,115.02,333.64,1,-1,-1,-1
39,17,569.31,422.26,171.16,454.31,1,-1,-1,-1
40,1,1193.53,479.93,204.51,403.77,1,-1,-1,-1
40,2,1096.47,587.25,235.19,288.38,1,-1,-1,-1
40,3,1146.46,529.80,121.33,343.92,1,-1,-1,-1
40,4,1019.76,453.29,177.49,435.81,1,-1,-1,-1
40,5,718.86,435.86,156.88,445.29,1,-1,-1,-1
40,6,807.21,553.38,122.83,309.50,1,-1,-1,-1
40,7,856.28,442.92,190.14,451.53,1,-1,-1,-1
40,8,957.50,507.36,151.23,368.48,1,-1,-1,-1
40,10,1187.59,554.89,277.92,316.30,1,-1,-1,-1
40,12,1235.47,582.66,148.75,284.31,1,-1,-1,-1
40,13,889.95,419.25,242.76,462.28,1,-1,-1,-1
40,14,509.48,443.09,196.66,437.61,1,-1,-1,-1
40,15,544.46,582.09,120.63,291.00,1,-1,-1,-1
40,16,681.37,529.30,115.02,333.64,1,-1,-1,-1
40,17,571.17,430.68,175.89,452.97,1,-1,-1,-1
41,1,1206.44,512.99,179.60,371.05,1,-1,-1,-1
41,2,1096.47,587.25,235.19,288.38,1,-1,-1,-1
41,3,1153.60,501.20,148.85,384.23,1,-1,-1,-1
41,4,1009.30,469.87,189.59,418.82,1,-1,-1,-1
41,5,713.49,445.61,173.02,437.08,1,-1,-1,-1
41,6,865.34,495.34,167.91,396.18,1,-1,-1,-1
41,7,851.61,459.97,172.06,429.06,1,-1,-1,-1
41,8,990.83,511.10,138.49,365.84,1,-1,-1,-1
41,10,1187.59,554.89,277.92,316.30,1,-1,-1,-1
41,12,1235.47,582.66,148.75,284.31,1,-1,-1,-1
41,13,889.95,419.25,242.76,462.28,1,-1,-1,-1
41,14,509.48,443.09,196.66,437.61,1,-1,-1,-1
41,15,542.20,586.85,112.97,286.50,1,-1,-1,-1
41,16,681.37,529.30,115.02,333.64,1,-1,-1,-1
41,17,570.16,444.86,190.27,439.67,1,-1,-1,-1
42,1,1190.47,513.90,189.31,370.01,1,-1,-1,-1
42,2,1096.47,587.25,235.19,288.38,1,-1,-1,-1
42,3,1151.11,492.61,156.71,391.40,1,-1,-1,-1
42,4,1007.81,477.82,181.87,409.49,1,-1,-1,-1
42,5,709.84,454.94,172.65,432.18,1,-1,-1,-1
42,6,891.84,488.63,165.76,405.52,1,-1,-1,-1
42,7,858.03,450.64,158.06,436.63,1,-1,-1,-1
42,8,994.14,500.19,134.51,379.41,1,-1,-1,-1
42,10,1187.59,554.89,277.92,316.30,1,-1,-1,-1
42,12,1138.85,524.28,144.86,358.76,1,-1,-1,-1
42,13,889.95,419.25,242.76,462.28,1,-1,-1,-1
42,14,509.48,443.09,196.66,437.61,1,-1,-1,-1
42,15,543.78,586.92,115.16,286.88,1,-1,-1,-1
42,16,683.43,545.40,132.39,333.96,1,-1,-1,-1
42,17,575.86,452.79,181.53,430.91,1,-1,-1,-1
43,1,1185.08,485.52,199.94,398.47,1,-1,-1,-1
43,2,1096.47,587.25,235.19,288.38,1,-1,-1,-1
43,3,1157.01,486.25,148.15,395.48,1,-1,-1,-1
43,4,1013.49,463.80,189.54,424.21,1,-1,-1,-1
43,5,714.69,468.55,188.29,419.22,1,-1,-1,-1
43,6,891.84,488.63,165.76,405.52,1,-1,-1,-1
43,7,858.61,443.78,170.49,446.28,1,-1,-1,-1
43,8,992.15,497.11,131.54,384.16,1,-1,-1,-1
43,10,1187.59,554.89,277.92,316.30,1,-1,-1,-1
43,12,1138.85,524.28,144.86,358.76,1,-1,-1,-1
43,13,889.95,419.25,242.76,462.28,1,-1,-1,-1
43,14,509.48,443.09,196.66,437.61,1,-1,-1,-1
43,15,545.81,577.66,113.72,297.64,1,-1,-1,-1
43,16,683.43,545.40,132.39,333.96,1,-1,-1,-1
43,17,582.27,452.11,185.58,432.60,1,-1,-1,-1
44,1,1172.85,465.22,199.75,412.21,1,-1,-1,-1
44,2,1096.47,587.25,235.19,288.38,1,-1,-1,-1
44,3,1161.14,468.12,149.99,400.48,1,-1,-1,-1
44,4,1020.53,447.83,168.19,433.92,1,-1,-1,-1
44,5,720.43,458.97,171.74,425.61,1,-1,-1,-1
44,6,891.84,488.63,165.76,405.52,1,-1,-1,-1
44,7,870.59,435.36,163.77,450.08,1,-1,-1,-1
44,8,992.15,497.11,131.54,384.16,1,-1,-1,-1
44,10,1187.59,554.89,277.92,316.30,1,-1,-1,-1
44,12,1138.85,524.28,144.86,358.76,1,-1,-1,-1
44,13,889.95,419.25,242.76,462.28,1,-1,-1,-1
44,14,509.48,443.09,196.66,437.61,1,-1,-1,-1
44,15,551.26,570.87,118.98,303.35,1,-1,-1,-1
44,16,683.43,545.40,132.39,333.96,1,-1,-1,-1
44,17,593.74,444.95,163.18,436.87,1,-1,-1,-1
45,1,1183.21,469.31,191.16,408.89,1,-1,-1,-1
45,2,1096.47,587.25,235.19,288.38,1,-1,-1,-1
45,3,1160.30,535.32,116.10,328.76,1,-1,-1,-1
45,4,1013.01,449.90,172.63,433.06,1,-1,-1,-1
45,5,712.75,455.62,181.28,428.95,1,-1,-1,-1
45,6,891.84,488.63,165.76,405.52,1,-1,-1,-1
45,7,873.40,434.69,166.57,451.07,1,-1,-1,-1
45,8,992.15,497.11,131.54,384.16,1,-1,-1,-1
45,10,1187.59,554.89,277.92,316.30,1,-1,-1,-1
45,12,1138.85,524.28,144.86,358.76,1,-1,-1,-1
45,13,889.95,419.25,242.76,462.28,1,-1,-1,-1
45,14,509.48,443.09,196.66,437.61,1,-1,-1,-1
45,15,553.39,575.78,115.38,296.82,1,-1,-1,-1
45,16,683.43,545.40,132.39,333.96,1,-1,-1,-1
45,17,596.76,447.17,157.86,437.20,1,-1,-1,-1
46,1,1184.08,478.25,195.49,402.32,1,-1,-1,-1
46,2,1096.47,587.25,235.19,288.38,1,-1,-1,-1
46,3,1163.84,481.79,139.48,389.63,1,-1,-1,-1
46,4,1020.43,453.53,164.06,427.76,1,-1,-1,-1
46,5,720.64,454.95,178.84,427.68,1,-1,-1,-1
46,6,891.84,488.63,165.76,405.52,1,-1,-1,-1
46,7,866.12,441.93,183.93,442.69,1,-1,-1,-1
46,8,992.15,497.11,131.54,384.16,1,-1,-1,-1
46,12,1138.85,524.28,144.86,358.76,1,-1,-1,-1
46,13,889.95,419.25,242.76,462.28,1,-1,-1,-1
46,14,509.48,443.09,196.66,437.61,1,-1,-1,-1
46,15,552.27,577.17,116.06,296.11,1,-1,-1,-1
46,16,683.43,545.40,132.39,333.96,1,-1,-1,-1
46,17,593.37,450.37,167.15,432.83,1,-1,-1,-1
47,1,1176.34,483.15,208.90,395.88,1,-1,-1,-1
47,2,1096.47,587.25,235.19,288.38,1,-1,-1,-1
47,3,1160.00,488.78,147.52,394.92,1,-1,-1,-1
47,4,1008.04,460.81,189.44,422.02,1,-1,-1,-1
47,5,710.61,459.63,201.72,425.80,1,-1,-1,-1
47,6,891.84,488.63,165.76,405.52,1,-1,-1,-1
47,7,860.36,447.41,188.41,437.41,1,-1,-1,-1
47,8,950.88,501.62,147.50,379.30,1,-1,-1,-1
47,12,1138.85,524.28,144.86,358.76,1,-1,-1,-1
47,13,889.95,419.25,242.76,462.28,1,-1,-1,-1
47,14,509.48,443.09,196.66,437.61,1,-1,-1,-1
47,15,551.40,577.50,118.49,296.29,1,-1,-1,-1
47,16,683.43,545.40,132.39,333.96,1,-1,-1,-1
47,17,589.36,459.35,177.27,423.12,1,-1,-1,-1
48,1,1142.65,487.96,232.52,389.36,1,-1,-1,-1
48,2,1096.47,587.25,235.19,288.38,1,-1,-1,-1
48,3,1160.00,488.78,147.52,394.92,1,-1,-1,-1
48,4,987.32,471.48,260.26,412.12,1,-1,-1,-1
48,5,618.16,465.74,352.87,420.58,1,-1,-1,-1
48,6,971.75,476.08,274.32,408.90,1,-1,-1,-1
48,7,857.57,459.45,207.36,427.02,1,-1,-1,-1
48,8,950.88,501.62,147.50,379.30,1,-1,-1,-1
48,12,1138.85,524.28,144.86,358.76,1,-1,-1,-1
48,13,889.95,419.25,242.76,462.28,1,-1,-1,-1
48,14,595.87,539.63,179.22,342.51,1,-1,-1,-1
48,15,552.79,578.41,122.31,296.00,1,-1,-1,-1
48,16,683.43,545.40,132.39,333.96,1,-1,-1,-1
48,17,578.48,467.19,192.51,413.17,1,-1,-1,-1
49,1,1165.92,488.56,206.27,389.32,1,-1,-1,-1
49,2,1096.47,587.25,235.19,288.38,1,-1,-1,-1
49,3,1160.00,488.78,147.52,394.92,1,-1,-1,-1
49,4,987.32,471.48,260.26,412.12,1,-1,-1,-1
49,5,705.90,468.22,244.84,413.69,1,-1,-1,-1
49,6,971.75,476.08,274.32,408.90,1,-1,-1,-1
49,7,845.84,452.03,215.25,434.08,1,-1,-1,-1
49,8,950.88,501.62,147.50,379.30,1,-1,-1,-1
49,12,1041.03,471.67,159.39,409.74,1,-1,-1,-1
49,13,889.95,419.25,242.76,462.28,1,-1,-1,-1
49,14,585.42,473.77,260.21,410.89,1,-1,-1,-1
49,15,557.03,576.96,131.29,296.14,1,-1,-1,-1
49,16,683.43,545.40,132.39,333.96,1,-1,-1,-1
49,17,583.33,466.87,236.34,417.73,1,-1,-1,-1
50,1,1180.41,481.65,187.34,395.97,1,-1,-1,-1
50,2,1096.47,587.25,235.19,288.38,1,-1,-1,-1
50,3,1162.38,533.18,123.41,337.59,1,-1,-1,-1
50,4,987.32,471.48,260.26,412.12,1,-1,-1,-1
50,5,729.19,462.86,210.43,421.82,1,-1,-1,-1
50,6,971.75,476.08,274.32,408.90,1,-1,-1,-1
50,7,875.69,446.73,186.00,438.75,1,-1,-1,-1
50,8,950.88,501.62,147.50,379.30,1,-1,-1,-1
50,12,1029.02,457.19,156.25,424.62,1,-1,-1,-1
50,13,889.95,419.25,242.76,462.28,1,-1,-1,-1
50,14,658.24,500.04,158.83,376.32,1,-1,-1,-1
50,15,560.13,545.00,131.26,327.62,1,-1,-1,-1
50,16,683.43,545.40,132.39,333.96,1,-1,-1,-1
50,17,594.93,463.22,185.59,421.01,1,-1,-1,-1
51,1,1198.09,479.42,162.26,395.61,1,-1,-1,-1
51,2,1096.47,587.25,235.19,288.38,1,-1,-1,-1
51,3,1152.08,520.76,139.27,340.93,1,-1,-1,-1
51,4,987.32,471.48,260.26,412.12,1,-1,-1,-1
51,5,719.97,456.67,194.24,423.78,1,-1,-1,-1
51,6,971.75,476.08,274.32,408.90,1,-1,-1,-1
51,7,878.92,441.41,174.24,442.81,1,-1,-1,-1
51,8,950.88,501.62,147.50,379.30,1,-1,-1,-1
51,12,1026.82,450.77,157.89,427.74,1,-1,-1,-1
51,13,889.95,419.25,242.76,462.28,1,-1,-1,-1
51,14,658.24,500.04,158.83,376.32,1,-1,-1,-1
51,15,563.81,542.35,122.56,329.89,1,-1,-1,-1
51,16,683.43,545.40,132.39,333.96,1,-1,-1,-1
51,17,596.78,459.67,184.99,420.57,1,-1,-1,-1
52,1,1199.11,476.84,160.50,398.08,1,-1,-1,-1
52,2,1096.47,587.25,235.19,288.38,1,-1,-1,-1
52,3,1147.24,526.56,135.83,334.49,1,-1,-1,-1
52,4,987.32,471.48,260.26,412.12,1,-1,-1,-1
52,5,727.58,453.02,184.12,420.70,1,-1,-1,-1
52,6,971.75,476.08,274.32,408.90,1,-1,-1,-1
52,7,884.73,435.36,166.13,446.70,1,-1,-1,-1
52,8,950.88,501.62,147.50,379.30,1,-1,-1,-1
52,12,1019.43,446.82,162.24,425.54,1,-1,-1,-1
52,13,889.95,419.25,242.76,462.28,1,-1,-1,-1
52,14,658.24,500.04,158.83,376.32,1,-1,-1,-1
52,15,564.71,549.45,118.04,321.22,1,-1,-1,-1
52,16,683.43,545.40,132.39,333.96,1,-1,-1,-1
52,17,603.53,461.16,175.95,412.77,1,-1,-1,-1
53,1,1201.27,479.00,156.05,394.84,1,-1,-1,-1
53,2,1096.47,587.25,235.19,288.38,1,-1,-1,-1
53,3,1145.33,529.76,136.36,330.96,1,-1,-1,-1
53,4,987.32,471.48,260.26,412.12,1,-1,-1,-1
53,5,735.69,453.60,180.86,419.45,1,-1,-1,-1
53,6,971.75,476.08,274.32,408.90,1,-1,-1,-1
53,7,884.59,433.03,173.49,448.89,1,-1,-1,-1
53,8,950.88,501.62,147.50,379.30,1,-1,-1,-1
53,12,1033.67,448.33,152.88,420.92,1,-1,-1,-1
53,13,889.95,419.25,242.76,462.28,1,-1,-1,-1
53,14,658.24,500.04,158.83,376.32,1,-1,-1,-1
53,15,562.43,542.63,122.42,325.31,1,-1,-1,-1
53,16,683.43,545.40,132.39,333.96,1,-1,-1,-1
53,17,605.79,468.49,180.18,404.57,1,-1,-1,-1
54,1,1186.26,490.87,194.16,381.07,1,-1,-1,-1
54,2,1096.47,587.25,235.19,288.38,1,-1,-1,-1
54,3,1161.72,524.94,160.26,345.46,1,-1,-1,-1
54,4,987.32,471.48,260.26,412.12,1,-1,-1,-1
54,5,702.32,469.42,219.88,406.57,1,-1,-1,-1
54,6,971.75,476.08,274.32,408.90,1,-1,-1,-1
54,7,884.59,433.03,173.49,448.89,1,-1,-1,-1
54,8,874.95,453.00,219.41,430.14,1,-1,-1,-1
54,12,1008.39,457.65,204.49,417.56,1,-1,-1,-1
54,13,889.95,419.25,242.76,462.28,1,-1,-1,-1
54,14,658.24,500.04,158.83,376.32,1,-1,-1,-1
54,15,555.86,577.95,126.52,286.96,1,-1,-1,-1
54,16,683.43,545.40,132.39,333.96,1,-1,-1,-1
54,17,603.15,476.51,169.39,398.03,1,-1,-1,-1
55,1,1215.35,496.25,166.09,370.44,1,-1,-1,-1
55,2,1096.47,587.25,235.19,288.38,1,-1,-1,-1
55,3,1168.91,526.70,154.17,345.34,1,-1,-1,-1
55,4,987.32,471.48,260.26,412.12,1,-1,-1,-1
55,5,702.75,496.02,199.53,379.62,1,-1,-1,-1
55,6,971.75,476.08,274.32,408.90,1,-1,-1,-1
55,7,884.59,433.03,173.49,448.89,1,-1,-1,-1
55,8,875.28,453.10,200.93,426.89,1,-1,-1,-1
55,12,997.19,470.85,228.11,407.34,1,-1,-1,-1
55,13,889.95,419.25,242.76,462.28,1,-1,-1,-1
55,14,734.34,485.37,176.64,386.26,1,-1,-1,-1
55,15,555.64,572.62,115.86,290.68,1,-1,-1,-1
55,16,655.48,486.95,151.48,382.50,1,-1,-1,-1
55,17,594.56,497.14,146.85,375.52,1,-1,-1,-1
56,1,1204.92,499.75,177.61,367.09,1,-1,-1,-1
56,2,1096.47,587.25,235.19,288.38,1,-1,-1,-1
56,3,1157.62,536.81,165.77,333.87,1,-1,-1,-1
56,4,987.32,471.48,260.26,412.12,1,-1,-1,-1
56,5,623.13,499.85,173.43,373.81,1,-1,-1,-1
56,6,971.75,476.08,274.32,408.90,1,-1,-1,-1
56,7,884.59,433.03,173.49,448.89,1,-1,-1,-1
56,8,864.30,444.50,192.23,434.69,1,-1,-1,-1
56,12,986.97,469.65,320.64,408.85,1,-1,-1,-1
56,13,889.95,419.25,242.76,462.28,1,-1,-1,-1
56,14,706.71,471.47,218.85,404.24,1,-1,-1,-1
56,15,556.08,559.48,129.99,304.11,1,-1,-1,-1
56,16,634.71,477.80,178.02,393.84,1,-1,-1,-1
56,17,559.59,504.67,178.79,367.47,1,-1,-1,-1
57,1,1185.07,489.89,196.38,380.53,1,-1,-1,-1
57,2,1096.47,587.25,235.19,288.38,1,-1,-1,-1
57,3,1157.62,536.81,165.77,333.87,1,-1,-1,-1
57,4,987.32,471.48,260.26,412.12,1,-1,-1,-1
57,5,617.52,489.11,157.44,383.49,1,-1,-1,-1
57,6,971.75,476.08,274.32,408.90,1,-1,-1,-1
57,7,884.59,433.03,173.49,448.89,1,-1,-1,-1
57,8,871.95,422.17,192.89,453.89,1,-1,-1,-1
57,12,1024.72,458.12,190.24,417.85,1,-1,-1,-1
57,14,736.18,457.87,184.81,412.72,1,-1,-1,-1
57,15,555.58,548.10,129.09,316.53,1,-1,-1,-1
57,16,643.10,464.44,161.84,404.40,1,-1,-1,-1
57,17,559.59,504.67,178.79,367.47,1,-1,-1,-1
58,1,1194.12,471.84,184.03,398.43,1,-1,-1,-1
58,2,1096.47,587.25,235.19,288.38,1,-1,-1,-1
58,3,1157.62,536.81,165.77,333.87,1,-1,-1,-1
58,4,987.32,471.48,260.26,412.12,1,-1,-1,-1
58,5,617.52,489.11,157.44,383.49,1,-1,-1,-1
58,6,971.75,476.08,274.32,408.90,1,-1,-1,-1
58,7,884.59,433.03,173.49,448.89,1,-1,-1,-1
58,8,880.27,408.20,172.68,466.48,1,-1,-1,-1
58,12,1028.40,448.90,170.13,424.23,1,-1,-1,-1
58,14,735.70,447.93,174.53,420.96,1,-1,-1,-1
58,15,556.98,551.72,128.35,311.99,1,-1,-1,-1
58,16,622.68,462.54,165.30,405.54,1,-1,-1,-1
58,17,559.59,504.67,178.79,367.47,1,-1,-1,-1
59,1,1198.34,454.58,166.07,414.24,1,-1,-1,-1
59,3,1157.91,522.38,124.63,333.78,1,-1,-1,-1
59,4,987.32,471.48,260.26,412.12,1,-1,-1,-1
59,5,617.52,489.11,157.44,383.49,1,-1,-1,-1
59,6,971.75,476.08,274.32,408.90,1,-1,-1,-1
59,7,884.59,433.03,173.49,448.89,1,-1,-1,-1
59,8,883.38,399.78,168.04,467.74,1,-1,-1,-1
59,12,1014.33,431.65,188.75,429.06,1,-1,-1,-1
59,14,709.44,435.52,198.68,435.46,1,-1,-1,-1
59,15,553.55,555.90,122.70,303.18,1,-1,-1,-1
59,16,620.02,454.07,169.71,406.96,1,-1,-1,-1
59,17,559.59,504.67,178.79,367.47,1,-1,-1,-1
60,1,1193.94,452.22,180.43,418.46,1,-1,-1,-1
60,3,1157.91,522.38,124.63,333.78,1,-1,-1,-1
60,4,987.32,471.48,260.26,412.12,1,-1,-1,-1
60,5,617.52,489.11,157.44,383.49,1,-1,-1,-1
60,6,971.75,476.08,274.32,408.90,1,-1,-1,-1
60,7,884.59,433.03,173.49,448.89,1,-1,-1,-1
60,8,874.84,396.98,184.68,469.08,1,-1,-1,-1
60,12,1008.70,429.80,209.14,431.20,1,-1,-1,-1
60,14,715.96,439.45,202.04,429.58,1,-1,-1,-1
60,15,548.54,557.48,126.76,303.21,1,-1,-1,-1
60,16,616.92,449.94,169.58,412.44,1,-1,-1,-1
60,17,559.59,504.67,178.79,367.47,1,-1,-1,-1
61,1,1154.70,457.58,233.75,416.95,1,-1,-1,-1
61,3,1157.91,522.38,124.63,333.78,1,-1,-1,-1
61,4,987.32,471.48,260.26,412.12,1,-1,-1,-1
61,5,617.52,489.11,157.44,383.49,1,-1,-1,-1
61,6,971.75,476.08,274.32,408.90,1,-1,-1,-1
61,7,884.59,433.03,173.49,448.89,1,-1,-1,-1
61,8,856.81,400.87,233.74,476.26,1,-1,-1,-1
61,12,1007.35,435.10,223.06,442.11,1,-1,-1,-1
61,14,719.30,444.68,201.75,430.63,1,-1,-1,-1
61,15,545.01,567.49,126.90,294.64,1,-1,-1,-1
61,16,616.54,455.52,171.26,410.43,1,-1,-1,-1
61,17,559.59,504.67,178.79,367.47,1,-1,-1,-1
62,1,1158.49,466.85,238.28,408.94,1,-1,-1,-1
62,3,1157.91,522.38,124.63,333.78,1,-1,-1,-1
62,4,987.32,471.48,260.26,412.12,1,-1,-1,-1
62,5,617.52,489.11,157.44,383.49,1,-1,-1,-1
62,6,971.75,476.08,274.32,408.90,1,-1,-1,-1
62,7,884.59,433.03,173.49,448.89,1,-1,-1,-1
62,8,844.78,419.55,267.94,465.28,1,-1,-1,-1
62,12,994.92,444.45,234.95,434.41,1,-1,-1,-1
62,14,707.28,453.70,219.13,424.93,1,-1,-1,-1
62,15,535.73,575.04,138.33,291.01,1,-1,-1,-1
62,16,608.18,467.48,190.63,400.00,1,-1,-1,-1
62,17,559.59,504.67,178.79,367.47,1,-1,-1,-1
63,1,1161.14,476.80,239.93,400.07,1,-1,-1,-1
63,3,1149.13,504.99,162.89,362.43,1,-1,-1,-1
63,4,987.32,471.48,260.26,412.12,1,-1,-1,-1
63,5,617.52,489.11,157.44,383.49,1,-1,-1,-1
63,6,971.75,476.08,274.32,408.90,1,-1,-1,-1
63,7,942.15,474.74,175.81,402.86,1,-1,-1,-1
63,8,866.78,441.99,206.91,444.84,1,-1,-1,-1
63,12,996.19,455.29,232.51,427.04,1,-1,-1,-1
63,14,718.54,457.28,241.21,423.81,1,-1,-1,-1
63,15,532.45,575.88,135.05,294.79,1,-1,-1,-1
63,16,603.18,469.78,179.31,400.43,1,-1,-1,-1
63,17,559.59,504.67,178.79,367.47,1,-1,-1,-1
64,1,1190.13,488.55,216.51,395.66,1,-1,-1,-1
64,3,1149.70,545.39,159.05,322.80,1,-1,-1,-1
64,4,987.32,471.48,260.26,412.12,1,-1,-1,-1
64,5,617.52,489.11,157.44,383.49,1,-1,-1,-1
64,6,971.75,476.08,274.32,408.90,1,-1,-1,-1
64,7,865.42,453.34,212.64,442.24,1,-1,-1,-1
64,8,707.23,454.60,242.06,431.30,1,-1,-1,-1
64,12,986.73,457.89,242.17,429.27,1,-1,-1,-1
64,14,695.45,459.40,258.15,426.27,1,-1,-1,-1
64,15,521.60,573.52,144.35,299.48,1,-1,-1,-1
64,16,595.39,468.26,183.63,411.62,1,-1,-1,-1
64,17,559.59,504.67,178.79,367.47,1,-1,-1,-1
65,1,1188.65,486.71,222.39,399.94,1,-1,-1,-1
65,3,1140.95,538.70,170.07,335.84,1,-1,-1,-1
65,4,987.32,471.48,260.26,412.12,1,-1,-1,-1
65,5,617.52,489.11,157.44,383.49,1,-1,-1,-1
65,6,971.75,476.08,274.32,408.90,1,-1,-1,-1
65,7,857.09,443.10,203.08,454.22,1,-1,-1,-1
65,8,707.23,454.60,242.06,431.30,1,-1,-1,-1
65,12,987.28,459.83,240.24,432.53,1,-1,-1,-1
65,14,695.91,458.67,218.00,434.06,1,-1,-1,-1
65,15,514.22,571.19,148.31,302.71,1,-1,-1,-1
65,16,582.14,466.39,190.61,415.33,1,-1,-1,-1
65,17,559.59,504.67,178.79,367.47,1,-1,-1,-1
66,1,1190.14,482.29,234.13,394.77,1,-1,-1,-1
66,3,1133.81,546.21,177.89,327.10,1,-1,-1,-1
66,4,987.32,471.48,260.26,412.12,1,-1,-1,-1
66,5,617.52,489.11,157.44,383.49,1,-1,-1,-1
66,6,971.75,476.08,274.32,408.90,1,-1,-1,-1
66,7,854.05,447.01,210.28,454.00,1,-1,-1,-1
66,8,707.23,454.60,242.06,431.30,1,-1,-1,-1
66,12,972.56,468.21,267.93,424.47,1,-1,-1,-1
66,14,666.01,458.53,222.59,438.65,1,-1,-1,-1
66,15,509.44,569.86,149.85,308.53,1,-1,-1,-1
66,16,575.12,462.42,203.36,423.75,1,-1,-1,-1
66,17,559.59,504.67,178.79,367.47,1,-1,-1,-1
67,1,1194.80,472.83,247.66,401.48,1,-1,-1,-1
67,3,1144.97,501.49,189.37,378.09,1,-1,-1,-1
67,4,952.63,489.44,201.98,398.44,1,-1,-1,-1
67,5,617.52,489.11,157.44,383.49,1,-1,-1,-1
67,6,971.75,476.08,274.32,408.90,1,-1,-1,-1
67,7,859.35,451.55,225.55,451.04,1,-1,-1,-1
67,8,707.23,454.60,242.06,431.30,1,-1,-1,-1
67,12,1010.80,457.12,255.13,440.16,1,-1,-1,-1
67,14,679.71,439.22,193.03,455.02,1,-1,-1,-1
67,15,505.40,566.03,140.18,314.11,1,-1,-1,-1
67,16,574.89,455.75,202.21,430.35,1,-1,-1,-1
67,17,559.59,504.67,178.79,367.47,1,-1,-1,-1
68,1,1202.10,463.20,243.00,409.91,1,-1,-1,-1
68,3,1144.97,501.49,189.37,378.09,1,-1,-1,-1
68,4,986.34,461.06,203.99,417.71,1,-1,-1,-1
68,5,617.52,489.11,157.44,383.49,1,-1,-1,-1
68,6,971.75,476.08,274.32,408.90,1,-1,-1,-1
68,7,852.84,450.52,234.24,449.53,1,-1,-1,-1
68,8,707.23,454.60,242.06,431.30,1,-1,-1,-1
68,12,1022.96,446.04,264.84,452.90,1,-1,-1,-1
68,14,683.29,404.06,195.21,490.04,1,-1,-1,-1
68,15,505.08,565.57,131.10,317.52,1,-1,-1,-1
68,16,578.02,438.65,212.79,452.06,1,-1,-1,-1
68,17,559.59,504.67,178.79,367.47,1,-1,-1,-1
69,1,1214.31,408.53,239.20,484.82,1,-1,-1,-1
69,3,1144.97,501.49,189.37,378.09,1,-1,-1,-1
69,4,959.42,403.79,224.73,472.06,1,-1,-1,-1
69,5,617.52,489.11,157.44,383.49,1,-1,-1,-1
69,6,971.75,476.08,274.32,408.90,1,-1,-1,-1
69,7,818.64,401.03,247.44,498.17,1,-1,-1,-1
69,8,590.50,405.63,187.23,483.53,1,-1,-1,-1
69,12,1058.99,383.52,230.66,512.45,1,-1,-1,-1
69,14,679.36,362.35,200.96,538.06,1,-1,-1,-1
69,15,472.75,545.12,158.47,340.56,1,-1,-1,-1
69,16,575.35,375.83,217.45,516.81,1,-1,-1,-1
69,17,559.59,504.67,178.79,367.47,1,-1,-1,-1
70,1,1239.70,394.28,219.84,498.72,1,-1,-1,-1
70,3,1203.51,488.32,156.74,386.70,1,-1,-1,-1
70,4,945.48,405.58,228.47,470.79,1,-1,-1,-1
70,5,617.52,489.11,157.44,383.49,1,-1,-1,-1
70,6,971.75,476.08,274.32,408.90,1,-1,-1,-1
70,7,809.77,360.98,258.01,547.53,1,-1,-1,-1
70,8,590.50,405.63,187.23,483.53,1,-1,-1,-1
70,12,1073.61,368.70,215.46,533.29,1,-1,-1,-1
70,14,665.11,351.96,215.36,555.39,1,-1,-1,-1
70,15,462.03,540.95,190.25,347.17,1,-1,-1,-1
70,16,568.39,388.85,206.25,503.89,1,-1,-1,-1
70,17,559.59,504.67,178.79,367.47,1,-1,-1,-1
71,1,1263.68,396.88,207.88,502.34,1,-1,-1,-1
71,3,1207.31,478.97,168.11,409.43,1,-1,-1,-1
71,4,945.26,442.62,232.86,441.23,1,-1,-1,-1
71,5,617.52,489.11,157.44,383.49,1,-1,-1,-1
71,6,971.75,476.08,274.32,408.90,1,-1,-1,-1
71,7,813.14,347.04,259.56,562.89,1,-1,-1,-1
71,8,590.50,405.63,187.23,483.53,1,-1,-1,-1
71,12,1073.61,368.70,215.46,533.29,1,-1,-1,-1
71,14,655.92,346.93,215.96,562.66,1,-1,-1,-1
71,15,451.40,544.38,199.94,346.53,1,-1,-1,-1
71,16,556.29,393.07,213.67,496.73,1,-1,-1,-1
71,17,559.59,504.67,178.79,367.47,1,-1,-1,-1
72,1,1279.94,397.24,202.48,503.47,1,-1,-1,-1
72,3,1211.61,469.48,171.39,428.11,1,-1,-1,-1
72,4,953.88,457.96,231.49,427.16,1,-1,-1,-1
72,5,617.52,489.11,157.44,383.49,1,-1,-1,-1
72,6,971.75,476.08,274.32,408.90,1,-1,-1,-1
72,7,820.80,347.39,249.44,564.22,1,-1,-1,-1
72,8,622.13,362.33,233.09,546.32,1,-1,-1,-1
72,12,1071.76,379.53,226.01,525.86,1,-1,-1,-1
72,14,635.90,356.78,228.94,558.35,1,-1,-1,-1
72,15,449.08,555.58,191.82,337.57,1,-1,-1,-1
72,16,549.31,401.50,199.23,494.39,1,-1,-1,-1
72,17,559.59,504.67,178.79,367.47,1,-1,-1,-1
73,1,1289.52,399.42,205.78,497.74,1,-1,-1,-1
73,3,1213.94,462.35,203.58,429.91,1,-1,-1,-1
73,4,955.50,466.81,212.73,431.81,1,-1,-1,-1
73,5,617.52,489.11,157.44,383.49,1,-1,-1,-1
73,6,971.75,476.08,274.32,408.90,1,-1,-1,-1
73,7,830.38,356.99,239.43,556.44,1,-1,-1,-1
73,8,622.13,362.33,233.09,546.32,1,-1,-1,-1
73,12,1066.04,391.32,241.86,515.95,1,-1,-1,-1
73,14,619.80,369.63,238.65,548.50,1,-1,-1,-1
73,15,445.71,561.34,177.02,334.45,1,-1,-1,-1
73,16,530.41,387.73,223.56,518.63,1,-1,-1,-1
73,17,559.59,504.67,178.79,367.47,1,-1,-1,-1
74,1,1282.07,413.15,231.81,478.92,1,-1,-1,-1
74,3,1213.94,462.35,203.58,429.91,1,-1,-1,-1
74,4,961.64,457.32,215.46,439.25,1,-1,-1,-1
74,5,617.52,489.11,157.44,383.49,1,-1,-1,-1
74,6,971.75,476.08,274.32,408.90,1,-1,-1,-1
74,7,841.59,387.51,230.34,525.29,1,-1,-1,-1
74,8,620.25,380.11,230.18,529.81,1,-1,-1,-1
74,12,1073.89,399.13,263.94,510.24,1,-1,-1,-1
74,14,617.26,378.18,233.66,531.81,1,-1,-1,-1
74,15,438.40,558.38,176.93,335.06,1,-1,-1,-1
74,16,518.89,385.37,233.60,522.46,1,-1,-1,-1
74,17,559.59,504.67,178.79,367.47,1,-1,-1,-1
75,1,1279.65,440.73,269.22,466.01,1,-1,-1,-1
75,3,1239.96,516.58,232.10,366.42,1,-1,-1,-1
75,4,979.90,497.55,195.64,390.41,1,-1,-1,-1
75,5,617.52,489.11,157.44,383.49,1,-1,-1,-1
75,6,971.75,476.08,274.32,408.90,1,-1,-1,-1
75,7,840.27,429.33,259.49,484.47,1,-1,-1,-1
75,8,817.48,426.42,261.18,487.28,1,-1,-1,-1
75,12,1068.93,394.54,300.59,515.97,1,-1,-1,-1
75,14,619.23,390.28,236.48,524.87,1,-1,-1,-1
75,15,416.18,569.52,191.93,330.60,1,-1,-1,-1
75,16,515.58,431.27,208.69,475.19,1,-1,-1,-1
75,17,559.59,504.67,178.79,367.47,1,-1,-1,-1
76,1,1268.50,446.46,285.85,464.43,1,-1,-1,-1
76,3,1219.20,542.36,231.77,350.90,1,-1,-1,-1
76,4,978.02,501.86,187.96,387.95,1,-1,-1,-1
76,5,617.52,489.11,157.44,383.49,1,-1,-1,-1
76,6,971.75,476.08,274.32,408.90,1,-1,-1,-1
76,7,842.20,449.03,264.65,467.60,1,-1,-1,-1
76,8,817.48,426.42,261.18,487.28,1,-1,-1,-1
76,12,1080.65,378.05,303.38,541.66,1,-1,-1,-1
76,14,606.95,396.00,249.68,519.65,1,-1,-1,-1
76,15,406.19,567.98,197.77,331.52,1,-1,-1,-1
76,16,492.79,436.20,201.57,472.90,1,-1,-1,-1
76,17,559.59,504.67,178.79,367.47,1,-1,-1,-1
76,18,807.21,546.22,199.87,357.60,1,-1,-1,-1
77,1,1281.28,454.32,274.29,457.60,1,-1,-1,-1
77,3,1222.47,551.27,226.79,333.67,1,-1,-1,-1
77,4,979.32,509.86,191.72,389.76,1,-1,-1,-1
77,5,617.52,489.11,157.44,383.49,1,-1,-1,-1
77,6,971.75,476.08,274.32,408.90,1,-1,-1,-1
77,7,842.20,449.03,264.65,467.60,1,-1,-1,-1
77,8,817.48,426.42,261.18,487.28,1,-1,-1,-1
77,12,1068.00,372.17,301.55,546.87,1,-1,-1,-1
77,14,592.74,397.40,258.68,526.45,1,-1,-1,-1
77,15,403.11,571.92,201.64,329.47,1,-1,-1,-1
77,16,465.27,438.35,226.64,474.30,1,-1,-1,-1
77,17,559.59,504.67,178.79,367.47,1,-1,-1,-1
77,18,799.52,547.51,206.04,362.21,1,-1,-1,-1
78,1,1300.29,462.27,258.01,451.73,1,-1,-1,-1
78,3,1220.23,559.54,222.79,312.59,1,-1,-1,-1
78,4,964.07,516.62,201.01,372.88,1,-1,-1,-1
78,5,617.52,489.11,157.44,383.49,1,-1,-1,-1
78,6,971.75,476.08,274.32,408.90,1,-1,-1,-1
78,7,840.54,461.62,267.47,451.11,1,-1,-1,-1
78,8,817.48,426.42,261.18,487.28,1,-1,-1,-1
78,12,1037.58,369.25,332.56,554.35,1,-1,-1,-1
78,14,573.16,396.49,277.58,531.57,1,-1,-1,-1
78,15,399.67,570.00,208.61,333.10,1,-1,-1,-1
78,16,454.09,441.33,240.76,463.79,1,-1,-1,-1
78,17,559.59,504.67,178.79,367.47,1,-1,-1,-1
78,18,797.07,556.13,205.71,350.44,1,-1,-1,-1
79,1,1292.80,459.39,265.33,455.43,1,-1,-1,-1
79,3,1220.23,559.54,222.79,312.59,1,-1,-1,-1
79,4,962.92,520.68,222.56,376.01,1,-1,-1,-1
79,5,617.52,489.11,157.44,383.49,1,-1,-1,-1
79,7,838.97,466.08,261.95,444.42,1,-1,-1,-1
79,8,1246.76,459.39,263.95,453.70,1,-1,-1,-1
79,12,1032.36,365.64,339.60,549.92,1,-1,-1,-1
79,14,560.38,395.05,295.61,537.94,1,-1,-1,-1
79,15,400.22,568.08,213.42,338.90,1,-1,-1,-1
79,16,449.36,439.59,252.56,470.37,1,-1,-1,-1
79,17,559.59,504.67,178.79,367.47,1,-1,-1,-1
79,18,797.47,560.90,199.07,344.31,1,-1,-1,-1
80,1,1266.64,453.81,290.61,462.80,1,-1,-1,-1
80,3,1220.23,559.54,222.79,312.59,1,-1,-1,-1
80,4,971.41,530.68,194.79,364.18,1,-1,-1,-1
80,5,617.52,489.11,157.44,383.49,1,-1,-1,-1
80,7,837.54,474.96,281.46,427.03,1,-1,-1,-1
80,8,1246.76,459.39,263.95,453.70,1,-1,-1,-1
80,12,1026.87,349.89,352.11,577.10,1,-1,-1,-1
80,14,542.07,389.28,321.32,545.17,1,-1,-1,-1
80,15,416.27,454.63,269.00,462.43,1,-1,-1,-1
80,16,436.66,431.72,274.53,481.29,1,-1,-1,-1
80,17,407.65,553.63,217.18,355.46,1,-1,-1,-1
80,18,786.77,562.84,179.97,340.50,1,-1,-1,-1
81,1,1277.45,452.48,283.84,466.32,1,-1,-1,-1
81,3,1220.23,559.54,222.79,312.59,1,-1,-1,-1
81,4,973.64,534.13,190.32,375.68,1,-1,-1,-1
81,5,617.52,489.11,157.44,383.49,1,-1,-1,-1
81,7,835.79,476.29,295.62,430.08,1,-1,-1,-1
81,8,1246.76,459.39,263.95,453.70,1,-1,-1,-1
81,12,1024.48,342.60,350.98,587.07,1,-1,-1,-1
81,14,506.91,386.10,349.06,549.71,1,-1,-1,-1
81,15,379.09,422.24,307.03,494.91,1,-1,-1,-1
81,16,402.74,430.17,288.14,488.28,1,-1,-1,-1
81,17,379.19,572.08,225.93,341.75,1,-1,-1,-1
81,18,781.70,562.73,173.63,340.09,1,-1,-1,-1
82,1,1245.61,450.77,313.99,467.41,1,-1,-1,-1
82,3,1220.23,559.54,222.79,312.59,1,-1,-1,-1
82,4,1007.73,555.86,206.19,356.06,1,-1,-1,-1
82,5,617.52,489.11,157.44,383.49,1,-1,-1,-1
82,7,809.57,477.13,308.75,429.32,1,-1,-1,-1
82,8,1246.76,459.39,263.95,453.70,1,-1,-1,-1
82,12,1020.38,339.66,353.64,590.25,1,-1,-1,-1
82,14,503.87,383.81,334.09,553.83,1,-1,-1,-1
82,15,379.09,422.24,307.03,494.91,1,-1,-1,-1
82,16,381.71,418.41,297.66,492.66,1,-1,-1,-1
82,17,380.90,614.41,211.60,291.06,1,-1,-1,-1
82,18,786.48,565.75,167.64,336.27,1,-1,-1,-1
83,1,1232.96,452.83,326.70,464.82,1,-1,-1,-1
83,3,1335.32,543.96,227.33,360.42,1,-1,-1,-1
83,4,1009.65,560.57,196.86,352.34,1,-1,-1,-1
83,5,617.52,489.11,157.44,383.49,1,-1,-1,-1
83,7,788.79,480.53,325.39,429.92,1,-1,-1,-1
83,8,1246.76,459.39,263.95,453.70,1,-1,-1,-1
83,12,1020.45,341.86,362.52,590.38,1,-1,-1,-1
83,14,495.03,385.20,332.04,552.17,1,-1,-1,-1
83,15,379.09,422.24,307.03,494.91,1,-1,-1,-1
83,16,353.01,423.81,325.13,489.92,1,-1,-1,-1
83,17,380.90,614.41,211.60,291.06,1,-1,-1,-1
83,18,774.69,562.78,158.21,341.35,1,-1,-1,-1
84,1,1231.32,459.59,326.13,459.60,1,-1,-1,-1
84,3,1357.94,547.50,210.36,364.94,1,-1,-1,-1
84,4,807.33,487.56,318.84,431.59,1,-1,-1,-1
84,5,617.52,489.11,157.44,383.49,1,-1,-1,-1
84,7,776.93,553.89,236.64,364.04,1,-1,-1,-1
84,8,1246.76,459.39,263.95,453.70,1,-1,-1,-1
84,12,1022.97,348.82,356.97,583.13,1,-1,-1,-1
84,14,492.00,397.20,345.05,541.82,1,-1,-1,-1
84,15,398.88,442.61,255.71,473.03,1,-1,-1,-1
84,16,335.88,444.21,325.79,486.53,1,-1,-1,-1
84,17,380.90,614.41,211.60,291.06,1,-1,-1,-1
84,18,763.13,566.02,178.71,348.17,1,-1,-1,-1
85,1,1217.13,470.84,334.30,450.29,1,-1,-1,-1
85,3,1369.04,557.72,206.94,358.20,1,-1,-1,-1
85,4,786.81,490.47,347.74,428.44,1,-1,-1,-1
85,5,617.52,489.11,157.44,383.49,1,-1,-1,-1
85,7,770.74,587.14,254.00,327.14,1,-1,-1,-1
85,8,1246.76,459.39,263.95,453.70,1,-1,-1,-1
85,12,1019.46,354.95,354.64,582.07,1,-1,-1,-1
85,14,483.76,415.94,337.81,526.28,1,-1,-1,-1
85,15,398.88,442.61,255.71,473.03,1,-1,-1,-1
85,16,329.85,470.25,329.61,463.22,1,-1,-1,-1
85,17,380.90,614.41,211.60,291.06,1,-1,-1,-1
85,18,747.48,572.48,156.89,332.46,1,-1,-1,-1
86,1,1216.87,479.17,331.76,439.31,1,-1,-1,-1
86,3,1376.85,563.47,193.21,349.51,1,-1,-1,-1
86,4,794.44,493.40,333.99,424.24,1,-1,-1,-1
86,5,617.52,489.11,157.44,383.49,1,-1,-1,-1
86,7,785.07,662.65,243.26,248.96,1,-1,-1,-1
86,8,1246.76,459.39,263.95,453.70,1,-1,-1,-1
86,12,1018.58,355.48,351.16,577.41,1,-1,-1,-1
86,14,481.91,427.14,346.91,514.11,1,-1,-1,-1
86,15,398.88,442.61,255.71,473.03,1,-1,-1,-1
86,16,289.72,474.74,354.05,458.28,1,-1,-1,-1
86,17,380.90,614.41,211.60,291.06,1,-1,-1,-1
86,18,728.35,581.11,165.66,323.01,1,-1,-1,-1
87,1,1193.21,480.03,355.37,437.63,1,-1,-1,-1
87,3,1369.19,564.27,195.27,345.59,1,-1,-1,-1
87,4,791.56,493.93,336.28,418.68,1,-1,-1,-1
87,5,617.52,489.11,157.44,383.49,1,-1,-1,-1
87,7,776.74,604.51,247.51,308.61,1,-1,-1,-1
87,8,1246.76,459.39,263.95,453.70,1,-1,-1,-1
87,12,1011.88,357.31,356.66,577.29,1,-1,-1,-1
87,14,477.93,430.94,346.26,511.35,1,-1,-1,-1
87,15,398.88,442.61,255.71,473.03,1,-1,-1,-1
87,16,261.94,479.79,384.41,454.56,1,-1,-1,-1
87,17,380.90,614.41,211.60,291.06,1,-1,-1,-1
87,18,736.31,588.32,170.19,313.70,1,-1,-1,-1
88,1,1180.92,480.77,371.04,436.57,1,-1,-1,-1
88,3,1336.97,573.10,236.93,336.55,1,-1,-1,-1
88,4,796.89,492.85,323.53,420.64,1,-1,-1,-1
88,7,780.09,571.68,275.81,339.64,1,-1,-1,-1
88,8,1246.76,459.39,263.95,453.70,1,-1,-1,-1
88,12,993.21,362.98,364.96,573.03,1,-1,-1,-1
88,14,471.23,428.55,349.61,514.46,1,-1,-1,-1
88,15,398.88,442.61,255.71,473.03,1,-1,-1,-1
88,16,270.35,486.74,393.40,447.86,1,-1,-1,-1
88,17,380.90,614.41,211.60,291.06,1,-1,-1,-1
88,18,694.57,593.99,222.53,313.66,1,-1,-1,-1
89,1,1180.92,480.77,371.04,436.57,1,-1,-1,-1
89,3,1350.88,579.53,242.56,328.59,1,-1,-1,-1
89,4,797.63,495.63,312.79,415.93,1,-1,-1,-1
89,7,780.09,571.68,275.81,339.64,1,-1,-1,-1
89,8,1246.76,459.39,263.95,453.70,1,-1,-1,-1
89,12,988.45,365.06,370.19,572.41,1,-1,-1,-1
89,14,486.48,417.12,322.17,527.09,1,-1,-1,-1
89,15,327.55,486.11,288.97,445.27,1,-1,-1,-1
89,16,270.35,486.74,393.40,447.86,1,-1,-1,-1
89,17,380.90,614.41,211.60,291.06,1,-1,-1,-1
89,18,711.23,599.28,191.35,307.95,1,-1,-1,-1
90,1,1161.36,461.09,351.46,457.00,1,-1,-1,-1
90,3,1357.87,614.97,238.17,286.75,1,-1,-1,-1
90,4,797.41,495.23,310.52,428.98,1,-1,-1,-1
90,7,889.47,599.47,274.70,309.09,1,-1,-1,-1
90,8,1246.76,459.39,263.95,453.70,1,-1,-1,-1
90,12,977.52,363.76,374.86,574.14,1,-1,-1,-1
90,14,489.79,392.33,324.10,554.66,1,-1,-1,-1
90,15,330.04,483.37,281.09,450.62,1,-1,-1,-1
90,16,270.35,486.74,393.40,447.86,1,-1,-1,-1
90,17,380.90,614.41,211.60,291.06,1,-1,-1,-1
90,18,712.14,622.77,182.64,283.10,1,-1,-1,-1
91,1,1147.85,451.25,345.99,461.71,1,-1,-1,-1
91,3,1295.60,612.18,228.47,295.97,1,-1,-1,-1
91,4,775.14,494.06,320.90,429.93,1,-1,-1,-1
91,7,919.98,615.77,242.44,298.75,1,-1,-1,-1
91,8,1246.76,459.39,263.95,453.70,1,-1,-1,-1
91,12,963.57,355.89,352.86,580.58,1,-1,-1,-1
91,14,490.48,381.68,316.22,553.90,1,-1,-1,-1
91,15,328.78,475.31,285.49,458.78,1,-1,-1,-1
91,16,485.38,561.81,305.82,361.18,1,-1,-1,-1
91,17,380.90,614.41,211.60,291.06,1,-1,-1,-1
91,18,661.66,641.34,222.39,267.88,1,-1,-1,-1
92,1,1134.34,452.92,293.42,461.98,1,-1,-1,-1
92,3,1295.60,612.18,228.47,295.97,1,-1,-1,-1
92,4,769.60,482.57,307.29,444.86,1,-1,-1,-1
92,7,919.98,615.77,242.44,298.75,1,-1,-1,-1
92,8,1246.76,459.39,263.95,453.70,1,-1,-1,-1
92,12,1004.12,350.06,294.50,584.87,1,-1,-1,-1
92,14,480.38,380.54,301.09,555.38,1,-1,-1,-1
92,15,312.20,454.94,281.92,478.94,1,-1,-1,-1
92,16,581.05,651.03,284.11,263.84,1,-1,-1,-1
92,17,380.90,614.41,211.60,291.06,1,-1,-1,-1
92,18,631.40,658.20,258.00,252.81,1,-1,-1,-1
93,1,1134.34,452.92,293.42,461.98,1,-1,-1,-1
93,3,1295.60,612.18,228.47,295.97,1,-1,-1,-1
93,4,717.06,469.55,307.08,459.40,1,-1,-1,-1
93,7,1005.73,593.83,281.80,336.50,1,-1,-1,-1
93,8,1246.76,459.39,263.95,453.70,1,-1,-1,-1
93,12,997.68,343.02,297.44,590.66,1,-1,-1,-1
93,14,443.60,381.57,334.56,552.04,1,-1,-1,-1
93,15,312.38,441.51,318.29,503.25,1,-1,-1,-1
93,16,581.05,651.03,284.11,263.84,1,-1,-1,-1
93,17,380.90,614.41,211.60,291.06,1,-1,-1,-1
93,18,674.52,674.16,229.69,240.61,1,-1,-1,-1
93,20,1296.75,619.09,288.19,296.14,1,-1,-1,-1
94,1,1008.54,356.81,217.25,576.29,1,-1,-1,-1
94,3,1295.60,612.18,228.47,295.97,1,-1,-1,-1
94,4,736.70,468.69,260.17,458.36,1,-1,-1,-1
94,7,1016.50,593.12,285.23,342.42,1,-1,-1,-1
94,8,1246.76,459.39,263.95,453.70,1,-1,-1,-1
94,12,994.78,345.53,217.54,589.18,1,-1,-1,-1
94,14,442.63,390.04,320.59,553.90,1,-1,-1,-1
94,15,318.33,438.57,301.66,501.22,1,-1,-1,-1
94,16,581.05,651.03,284.11,263.84,1,-1,-1,-1
94,17,380.90,614.41,211.60,291.06,1,-1,-1,-1
94,18,672.01,685.04,217.95,235.47,1,-1,-1,-1
94,20,1296.75,619.09,288.19,296.14,1,-1,-1,-1
94,21,1182.51,456.78,248.05,468.18,1,-1,-1,-1
95,1,1008.54,356.81,217.25,576.29,1,-1,-1,-1
95,3,1295.60,612.18,228.47,295.97,1,-1,-1,-1
95,4,719.81,472.87,279.17,458.36,1,-1,-1,-1
95,7,1016.50,593.12,285.23,342.42,1,-1,-1,-1
95,8,1246.76,459.39,263.95,453.70,1,-1,-1,-1
95,12,981.13,354.09,213.58,575.91,1,-1,-1,-1
95,14,472.10,399.68,249.44,549.29,1,-1,-1,-1
95,15,323.33,427.89,223.55,513.56,1,-1,-1,-1
95,16,581.05,651.03,284.11,263.84,1,-1,-1,-1
95,17,330.87,588.17,246.49,352.02,1,-1,-1,-1
95,18,672.01,685.04,217.95,235.47,1,-1,-1,-1
95,20,1313.19,690.76,275.62,229.55,1,-1,-1,-1
95,21,1110.73,453.28,290.54,475.47,1,-1,-1,-1
96,1,950.70,357.19,234.01,579.43,1,-1,-1,-1
96,3,1295.60,612.18,228.47,295.97,1,-1,-1,-1
96,4,714.90,475.74,260.23,454.47,1,-1,-1,-1
96,7,1016.50,593.12,285.23,342.42,1,-1,-1,-1
96,8,1246.76,459.39,263.95,453.70,1,-1,-1,-1
96,12,980.49,356.47,201.22,575.67,1,-1,-1,-1
96,14,471.59,401.71,237.98,546.92,1,-1,-1,-1
96,15,306.98,425.85,218.50,515.22,1,-1,-1,-1
96,16,581.05,651.03,284.11,263.84,1,-1,-1,-1
96,17,317.96,622.39,256.26,320.86,1,-1,-1,-1
96,18,672.01,685.04,217.95,235.47,1,-1,-1,-1
96,20,1313.93,701.56,278.72,220.95,1,-1,-1,-1
96,21,1116.80,452.14,270.73,476.18,1,-1,-1,-1
96,22,938.36,539.04,239.96,401.48,1,-1,-1,-1
97,1,950.70,357.19,234.01,579.43,1,-1,-1,-1
97,3,1295.60,612.18,228.47,295.97,1,-1,-1,-1
97,4,699.10,477.55,261.48,452.51,1,-1,-1,-1
97,7,1016.50,593.12,285.23,342.42,1,-1,-1,-1
97,8,1246.76,459.39,263.95,453.70,1,-1,-1,-1
97,12,948.51,356.24,222.17,580.53,1,-1,-1,-1
97,14,446.96,398.27,260.11,543.64,1,-1,-1,-1
97,15,280.85,426.03,242.79,518.80,1,-1,-1,-1
97,16,581.05,651.03,284.11,263.84,1,-1,-1,-1
97,17,283.72,636.31,346.41,314.57,1,-1,-1,-1
97,18,672.01,685.04,217.95,235.47,1,-1,-1,-1
97,20,1317.54,703.04,275.92,219.43,1,-1,-1,-1
97,21,1100.05,450.15,248.64,481.67,1,-1,-1,-1
97,22,939.55,525.76,231.54,412.62,1,-1,-1,-1
98,1,950.70,357.19,234.01,579.43,1,-1,-1,-1
98,3,1295.60,612.18,228.47,295.97,1,-1,-1,-1
98,4,682.20,478.12,253.92,460.94,1,-1,-1,-1
98,7,1016.50,593.12,285.23,342.42,1,-1,-1,-1
98,8,1246.76,459.39,263.95,453.70,1,-1,-1,-1
98,12,933.74,352.58,240.40,586.10,1,-1,-1,-1
98,14,440.91,391.59,256.01,547.82,1,-1,-1,-1
98,15,239.29,421.25,254.71,517.09,1,-1,-1,-1
98,16,581.05,651.03,284.11,263.84,1,-1,-1,-1
98,17,334.89,617.96,315.77,330.93,1,-1,-1,-1
98,18,602.86,714.93,212.15,213.01,1,-1,-1,-1
98,20,1320.49,704.59,274.62,218.03,1,-1,-1,-1
98,21,1110.97,447.64,220.50,486.47,1,-1,-1,-1
98,22,934.31,577.11,225.29,362.83,1,-1,-1,-1
99,1,950.70,357.19,234.01,579.43,1,-1,-1,-1
99,3,1295.60,612.18,228.47,295.97,1,-1,-1,-1
99,4,682.78,473.01,236.85,466.80,1,-1,-1,-1
99,7,1016.50,593.12,285.23,342.42,1,-1,-1,-1
99,8,1246.76,459.39,263.95,453.70,1,-1,-1,-1
99,12,940.27,356.06,233.84,582.92,1,-1,-1,-1
99,14,440.91,391.59,256.01,547.82,1,-1,-1,-1
99,15,200.33,412.53,266.63,532.45,1,-1,-1,-1
99,16,581.05,651.03,284.11,263.84,1,-1,-1,-1
99,17,334.89,617.96,315.77,330.93,1,-1,-1,-1
99,18,602.86,714.93,212.15,213.01,1,-1,-1,-1
99,20,1317.76,705.30,281.57,217.51,1,-1,-1,-1
99,21,1114.32,450.36,217.46,485.34,1,-1,-1,-1
99,22,934.31,577.11,225.29,362.83,1,-1,-1,-1
100,1,950.70,357.19,234.01,579.43,1,-1,-1,-1
100,3,1295.60,612.18,228.47,295.97,1,-1,-1,-1
100,4,708.96,460.39,228.54,480.08,1,-1,-1,-1
100,7,1016.50,593.12,285.23,342.42,1,-1,-1,-1
100,8,1246.76,459.39,263.95,453.70,1,-1,-1,-1
100,12,944.90,371.64,223.40,578.74,1,-1,-1,-1
100,14,429.70,361.54,241.86,586.71,1,-1,-1,-1
100,15,208.71,390.18,251.19,558.33,1,-1,-1,-1
100,16,581.05,651.03,284.11,263.84,1,-1,-1,-1
100,17,334.89,617.96,315.77,330.93,1,-1,-1,-1
100,18,587.43,722.50,254.07,201.71,1,-1,-1,-1
100,20,1327.79,705.17,279.75,218.90,1,-1,-1,-1
100,21,1132.10,411.90,205.55,523.19,1,-1,-1,-1
100,22,934.31,577.11,225.29,362.83,1,-1,-1,-1
101,1,950.70,357.19,234.01,579.43,1,-1,-1,-1
101,3,1295.60,612.18,228.47,295.97,1,-1,-1,-1
101,4,719.32,435.15,226.96,504.06,1,-1,-1,-1
101,7,1299.77,698.43,224.74,226.78,1,-1,-1,-1
101,8,1246.76,459.39,263.95,453.70,1,-1,-1,-1
101,12,944.31,343.63,222.95,605.58,1,-1,-1,-1
101,14,435.21,336.96,244.03,612.61,1,-1,-1,-1
101,15,216.17,356.84,248.77,592.35,1,-1,-1,-1
101,16,581.05,651.03,284.11,263.84,1,-1,-1,-1
101,17,334.89,617.96,315.77,330.93,1,-1,-1,-1
101,18,604.19,715.26,231.18,208.03,1,-1,-1,-1
101,20,1337.82,711.26,283.67,210.75,1,-1,-1,-1
101,21,1140.97,397.37,201.29,535.43,1,-1,-1,-1
101,22,934.31,577.11,225.29,362.83,1,-1,-1,-1
102,1,950.70,357.19,234.01,579.43,1,-1,-1,-1
102,3,1295.60,612.18,228.47,295.97,1,-1,-1,-1
102,4,721.67,410.64,225.69,528.24,1,-1,-1,-1
102,7,1336.32,706.86,218.59,216.82,1,-1,-1,-1
102,8,1246.76,459.39,263.95,453.70,1,-1,-1,-1
102,12,951.22,317.00,213.29,629.45,1,-1,-1,-1
102,14,448.76,311.00,244.61,637.77,1,-1,-1,-1
102,15,225.69,327.19,244.13,622.16,1,-1,-1,-1
102,16,581.05,651.03,284.11,263.84,1,-1,-1,-1
102,17,334.89,617.96,315.77,330.93,1,-1,-1,-1
102,18,604.19,715.26,231.18,208.03,1,-1,-1,-1
102,20,1345.42,710.18,280.31,212.39,1,-1,-1,-1
102,21,1148.99,388.20,196.96,543.56,1,-1,-1,-1
102,22,934.31,577.11,225.29,362.83,1,-1,-1,-1
103,1,950.70,357.19,234.01,579.43,1,-1,-1,-1
103,3,1295.60,612.18,228.47,295.97,1,-1,-1,-1
103,4,726.25,399.53,221.57,538.03,1,-1,-1,-1
103,7,1340.79,708.53,243.30,216.10,1,-1,-1,-1
103,8,1246.76,459.39,263.95,453.70,1,-1,-1,-1
103,12,955.44,298.91,206.82,652.50,1,-1,-1,-1
103,14,453.73,292.97,246.78,656.84,1,-1,-1,-1
103,15,232.92,314.99,239.68,634.58,1,-1,-1,-1
103,16,581.05,651.03,284.11,263.84,1,-1,-1,-1
103,17,334.89,617.96,315.77,330.93,1,-1,-1,-1
103,18,636.58,694.11,223.85,234.82,1,-1,-1,-1
103,20,1345.42,710.18,280.31,212.39,1,-1,-1,-1
103,21,1153.47,381.93,199.13,549.36,1,-1,-1,-1
103,22,934.31,577.11,225.29,362.83,1,-1,-1,-1
104,1,950.70,357.19,234.01,579.43,1,-1,-1,-1
104,3,927.05,699.20,197.11,219.61,1,-1,-1,-1
104,4,736.95,392.41,208.84,543.87,1,-1,-1,-1
104,7,1343.79,709.30,244.92,214.51,1,-1,-1,-1
104,8,1246.76,459.39,263.95,453.70,1,-1,-1,-1
104,12,964.08,293.51,200.76,655.18,1,-1,-1,-1
104,14,472.06,282.85,230.89,662.06,1,-1,-1,-1
104,15,237.78,317.34,237.83,630.89,1,-1,-1,-1
104,16,581.05,651.03,284.11,263.84,1,-1,-1,-1
104,17,334.89,617.96,315.77,330.93,1,-1,-1,-1
104,18,636.58,694.11,223.85,234.82,1,-1,-1,-1
104,20,1345.47,709.70,292.71,213.70,1,-1,-1,-1
104,21,1153.47,381.93,199.13,549.36,1,-1,-1,-1
104,22,934.31,577.11,225.29,362.83,1,-1,-1,-1
104,24,1158.59,377.10,199.49,552.15,1,-1,-1,-1
105,1,950.70,357.19,234.01,579.43,1,-1,-1,-1
105,3,927.05,699.20,197.11,219.61,1,-1,-1,-1
105,4,744.74,384.70,207.15,555.65,1,-1,-1,-1
105,7,1355.78,714.03,231.80,208.19,1,-1,-1,-1
105,8,1246.76,459.39,263.95,453.70,1,-1,-1,-1
105,12,961.25,303.07,213.25,644.19,1,-1,-1,-1
105,14,487.36,262.88,224.26,677.95,1,-1,-1,-1
105,15,255.15,315.01,233.59,633.05,1,-1,-1,-1
105,16,581.05,651.03,284.11,263.84,1,-1,-1,-1
105,17,334.89,617.96,315.77,330.93,1,-1,-1,-1
105,18,636.58,694.11,223.85,234.82,1,-1,-1,-1
105,20,1345.47,709.70,292.71,213.70,1,-1,-1,-1
105,21,1153.47,381.93,199.13,549.36,1,-1,-1,-1
105,22,934.31,577.11,225.29,362.83,1,-1,-1,-1
105,24,1161.11,380.77,203.02,549.35,1,-1,-1,-1
106,1,950.70,357.19,234.01,579.43,1,-1,-1,-1
106,3,927.05,699.20,197.11,219.61,1,-1,-1,-1
106,4,754.16,384.67,200.44,553.61,1,-1,-1,-1
106,7,1366.47,715.42,227.81,205.45,1,-1,-1,-1
106,8,1246.76,459.39,263.95,453.70,1,-1,-1,-1
106,12,948.78,312.44,232.01,636.51,1,-1,-1,-1
106,14,493.47,263.36,222.81,679.11,1,-1,-1,-1
106,15,264.13,318.83,233.57,626.91,1,-1,-1,-1
106,16,581.05,651.03,284.11,263.84,1,-1,-1,-1
106,17,334.89,617.96,315.77,330.93,1,-1,-1,-1
106,18,636.58,694.11,223.85,234.82,1,-1,-1,-1
106,20,1366.60,710.35,281.29,211.14,1,-1,-1,-1
106,21,1153.47,381.93,199.13,549.36,1,-1,-1,-1
106,22,934.31,577.11,225.29,362.83,1,-1,-1,-1
106,24,1161.16,388.37,212.64,541.41,1,-1,-1,-1
107,1,950.70,357.19,234.01,579.43,1,-1,-1,-1
107,3,927.05,699.20,197.11,219.61,1,-1,-1,-1
107,4,756.84,385.62,202.49,552.57,1,-1,-1,-1
107,7,1366.47,715.42,227.81,205.45,1,-1,-1,-1
107,8,1246.76,459.39,263.95,453.70,1,-1,-1,-1
107,12,939.58,332.60,248.00,617.27,1,-1,-1,-1
107,14,497.85,269.15,222.94,675.08,1,-1,-1,-1
107,15,271.16,323.85,238.02,621.16,1,-1,-1,-1
107,16,581.05,651.03,284.11,263.84,1,-1,-1,-1
107,17,334.89,617.96,315.77,330.93,1,-1,-1,-1
107,18,636.58,694.11,223.85,234.82,1,-1,-1,-1
107,20,1374.13,710.23,277.83,210.73,1,-1,-1,-1
107,21,1153.47,381.93,199.13,549.36,1,-1,-1,-1
107,22,934.31,577.11,225.29,362.83,1,-1,-1,-1
107,24,1159.27,392.62,222.49,536.01,1,-1,-1,-1
108,1,950.70,357.19,234.01,579.43,1,-1,-1,-1
108,3,927.05,699.20,197.11,219.61,1,-1,-1,-1
108,4,756.84,385.62,202.49,552.57,1,-1,-1,-1
108,7,1366.47,715.42,227.81,205.45,1,-1,-1,-1
108,8,1246.76,459.39,263.95,453.70,1,-1,-1,-1
108,12,936.11,347.67,258.18,598.78,1,-1,-1,-1
108,14,499.71,283.56,221.08,654.51,1,-1,-1,-1
108,15,277.38,328.04,239.33,614.95,1,-1,-1,-1
108,16,581.05,651.03,284.11,263.84,1,-1,-1,-1
108,17,334.89,617.96,315.77,330.93,1,-1,-1,-1
108,18,636.58,694.11,223.85,234.82,1,-1,-1,-1
108,20,1375.64,707.95,280.90,211.82,1,-1,-1,-1
108,21,1153.47,381.93,199.13,549.36,1,-1,-1,-1
108,22,934.31,577.11,225.29,362.83,1,-1,-1,-1
108,24,1154.55,406.39,227.62,522.05,1,-1,-1,-1
109,1,950.70,357.19,234.01,579.43,1,-1,-1,-1
109,3,927.05,699.20,197.11,219.61,1,-1,-1,-1
109,4,774.53,396.32,196.23,538.22,1,-1,-1,-1
109,7,1366.47,715.42,227.81,205.45,1,-1,-1,-1
109,8,1246.76,459.39,263.95,453.70,1,-1,-1,-1
109,12,929.84,354.44,269.28,587.79,1,-1,-1,-1
109,14,491.52,296.45,234.83,636.86,1,-1,-1,-1
109,15,287.75,335.88,235.35,606.33,1,-1,-1,-1
109,16,581.05,651.03,284.11,263.84,1,-1,-1,-1
109,17,334.89,617.96,315.77,330.93,1,-1,-1,-1
109,18,636.58,694.11,223.85,234.82,1,-1,-1,-1
109,20,1385.22,709.63,268.51,208.61,1,-1,-1,-1
109,21,1153.47,381.93,199.13,549.36,1,-1,-1,-1
109,22,934.31,577.11,225.29,362.83,1,-1,-1,-1
109,24,1143.75,418.13,239.67,509.50,1,-1,-1,-1
110,1,950.70,357.19,234.01,579.43,1,-1,-1,-1
110,3,715.00,715.62,211.62,197.42,1,-1,-1,-1
110,4,768.70,413.08,209.89,518.92,1,-1,-1,-1
110,7,1366.47,715.42,227.81,205.45,1,-1,-1,-1
110,12,935.32,357.92,268.92,584.22,1,-1,-1,-1
110,14,473.07,327.71,263.52,605.07,1,-1,-1,-1
110,15,283.52,343.16,258.55,596.37,1,-1,-1,-1
110,16,581.05,651.03,284.11,263.84,1,-1,-1,-1
110,17,334.89,617.96,315.77,330.93,1,-1,-1,-1
110,18,636.58,694.11,223.85,234.82,1,-1,-1,-1
110,20,1397.85,711.49,270.82,202.01,1,-1,-1,-1
110,21,1153.47,381.93,199.13,549.36,1,-1,-1,-1
110,22,934.31,577.11,225.29,362.83,1,-1,-1,-1
110,24,1147.60,433.12,229.37,490.76,1,-1,-1,-1
111,1,950.70,357.19,234.01,579.43,1,-1,-1,-1
111,3,696.08,718.07,214.95,188.09,1,-1,-1,-1
111,4,761.52,431.30,221.20,496.82,1,-1,-1,-1
111,7,1366.47,715.42,227.81,205.45,1,-1,-1,-1
111,12,940.22,364.23,272.20,573.70,1,-1,-1,-1
111,14,491.05,346.85,246.41,586.79,1,-1,-1,-1
111,15,279.74,345.37,286.08,590.38,1,-1,-1,-1
111,16,581.05,651.03,284.11,263.84,1,-1,-1,-1
111,17,334.89,617.96,315.77,330.93,1,-1,-1,-1
111,18,746.33,459.02,223.69,466.39,1,-1,-1,-1
111,20,1402.02,710.98,276.73,200.79,1,-1,-1,-1
111,21,1153.47,381.93,199.13,549.36,1,-1,-1,-1
111,22,934.31,577.11,225.29,362.83,1,-1,-1,-1
111,24,1155.02,426.01,207.61,487.80,1,-1,-1,-1
112,1,950.70,357.19,234.01,579.43,1,-1,-1,-1
112,3,696.08,718.07,214.95,188.09,1,-1,-1,-1
112,4,739.31,456.25,249.62,465.19,1,-1,-1,-1
112,7,1366.47,715.42,227.81,205.45,1,-1,-1,-1
112,12,922.20,357.69,287.63,577.97,1,-1,-1,-1
112,14,481.65,356.24,256.25,579.75,1,-1,-1,-1
112,15,281.66,380.36,270.74,555.23,1,-1,-1,-1
112,16,581.05,651.03,284.11,263.84,1,-1,-1,-1
112,17,334.89,617.96,315.77,330.93,1,-1,-1,-1
112,18,902.04,367.11,282.70,568.96,1,-1,-1,-1
112,20,1407.01,705.53,278.60,207.09,1,-1,-1,-1
112,21,1153.47,381.93,199.13,549.36,1,-1,-1,-1
112,22,934.31,577.11,225.29,362.83,1,-1,-1,-1
112,24,1159.51,423.68,204.87,494.94,1,-1,-1,-1
113,1,950.70,357.19,234.01,579.43,1,-1,-1,-1
113,3,719.78,709.48,197.46,197.39,1,-1,-1,-1
113,4,726.49,451.83,261.96,464.61,1,-1,-1,-1
113,7,1366.47,715.42,227.81,205.45,1,-1,-1,-1
113,12,959.54,348.69,232.33,585.05,1,-1,-1,-1
113,14,447.86,360.62,266.07,576.95,1,-1,-1,-1
113,15,266.22,398.41,283.02,535.27,1,-1,-1,-1
113,16,581.05,651.03,284.11,263.84,1,-1,-1,-1
113,17,716.18,466.33,244.85,459.56,1,-1,-1,-1
113,18,958.87,348.71,230.03,584.58,1,-1,-1,-1
113,20,1410.17,706.42,278.29,206.16,1,-1,-1,-1
113,21,1153.47,381.93,199.13,549.36,1,-1,-1,-1
113,22,934.31,577.11,225.29,362.83,1,-1,-1,-1
113,24,1160.22,425.49,205.15,490.84,1,-1,-1,-1
114,1,950.70,357.19,234.01,579.43,1,-1,-1,-1
114,3,726.38,715.03,185.35,188.70,1,-1,-1,-1
114,4,750.65,449.34,235.36,473.71,1,-1,-1,-1
114,7,1366.47,715.42,227.81,205.45,1,-1,-1,-1
114,12,925.93,341.44,313.65,587.42,1,-1,-1,-1
114,14,458.08,371.71,260.74,564.52,1,-1,-1,-1
114,15,298.44,410.11,247.46,521.45,1,-1,-1,-1
114,16,581.05,651.03,284.11,263.84,1,-1,-1,-1
114,17,716.18,466.33,244.85,459.56,1,-1,-1,-1
114,18,1030.58,438.20,327.51,485.60,1,-1,-1,-1
114,20,1415.92,701.10,273.35,207.37,1,-1,-1,-1
114,21,1153.47,381.93,199.13,549.36,1,-1,-1,-1
114,22,934.31,577.11,225.29,362.83,1,-1,-1,-1
114,23,309.61,407.67,236.73,527.40,1,-1,-1,-1
114,24,1118.89,445.87,254.28,471.44,1,-1,-1,-1
115,1,950.70,357.19,234.01,579.43,1,-1,-1,-1
115,3,726.38,715.03,185.35,188.70,1,-1,-1,-1
115,4,739.20,482.26,252.71,429.44,1,-1,-1,-1
115,7,1366.47,715.42,227.81,205.45,1,-1,-1,-1
115,12,954.89,365.83,292.79,551.41,1,-1,-1,-1
115,14,480.04,388.90,244.50,542.08,1,-1,-1,-1
115,15,298.44,410.11,247.46,521.45,1,-1,-1,-1
115,16,581.05,651.03,284.11,263.84,1,-1,-1,-1
115,17,769.59,482.39,222.76,434.67,1,-1,-1,-1
115,18,1043.64,603.04,263.83,318.16,1,-1,-1,-1
115,20,1423.34,692.53,272.51,213.89,1,-1,-1,-1
115,21,1153.47,381.93,199.13,549.36,1,-1,-1,-1
115,22,934.31,577.11,225.29,362.83,1,-1,-1,-1
115,23,309.19,447.74,209.50,487.53,1,-1,-1,-1
115,24,1126.59,446.11,256.16,460.22,1,-1,-1,-1
116,1,950.70,357.19,234.01,579.43,1,-1,-1,-1
116,3,726.38,715.03,185.35,188.70,1,-1,-1,-1
116,4,731.67,500.97,261.76,411.90,1,-1,-1,-1
116,7,1366.47,715.42,227.81,205.45,1,-1,-1,-1
116,12,962.33,377.44,298.67,537.44,1,-1,-1,-1
116,14,452.46,386.41,271.00,534.01,1,-1,-1,-1
116,15,298.44,410.11,247.46,521.45,1,-1,-1,-1
116,16,581.05,651.03,284.11,263.84,1,-1,-1,-1
116,17,769.59,482.39,222.76,434.67,1,-1,-1,-1
116,18,1046.91,597.62,259.94,319.57,1,-1,-1,-1
116,20,1427.23,695.63,274.08,212.31,1,-1,-1,-1
116,21,1153.47,381.93,199.13,549.36,1,-1,-1,-1
116,22,934.31,577.11,225.29,362.83,1,-1,-1,-1
116,23,305.89,452.78,213.09,479.49,1,-1,-1,-1
116,24,1143.86,460.02,240.51,448.25,1,-1,-1,-1
117,1,950.70,357.19,234.01,579.43,1,-1,-1,-1
117,3,726.38,715.03,185.35,188.70,1,-1,-1,-1
117,4,742.25,503.63,270.54,405.51,1,-1,-1,-1
117,7,1423.87,695.93,224.44,209.65,1,-1,-1,-1
117,12,911.85,364.14,352.08,549.49,1,-1,-1,-1
117,14,369.08,376.22,350.34,553.79,1,-1,-1,-1
117,15,298.44,410.11,247.46,521.45,1,-1,-1,-1
117,16,581.05,651.03,284.11,263.84,1,-1,-1,-1
117,17,769.59,482.39,222.76,434.67,1,-1,-1,-1
117,18,919.19,559.33,277.33,357.54,1,-1,-1,-1
117,20,1429.58,693.41,273.42,213.22,1,-1,-1,-1
117,21,1153.47,381.93,199.13,549.36,1,-1,-1,-1
117,22,934.31,577.11,225.29,362.83,1,-1,-1,-1
117,23,286.82,456.88,249.22,459.79,1,-1,-1,-1
117,24,1080.11,462.44,312.90,455.99,1,-1,-1,-1
118,1,950.70,357.19,234.01,579.43,1,-1,-1,-1
118,3,726.38,715.03,185.35,188.70,1,-1,-1,-1
118,4,748.39,483.06,269.20,421.04,1,-1,-1,-1
118,7,1423.87,695.93,224.44,209.65,1,-1,-1,-1
118,12,923.50,349.33,340.51,563.98,1,-1,-1,-1
118,14,383.88,371.41,336.54,556.25,1,-1,-1,-1
118,15,298.44,410.11,247.46,521.45,1,-1,-1,-1
118,16,581.05,651.03,284.11,263.84,1,-1,-1,-1
118,17,769.59,482.39,222.76,434.67,1,-1,-1,-1
118,18,919.19,559.33,277.33,357.54,1,-1,-1,-1
118,20,1435.81,691.08,271.39,212.72,1,-1,-1,-1
118,21,1153.47,381.93,199.13,549.36,1,-1,-1,-1
118,22,934.31,577.11,225.29,362.83,1,-1,-1,-1
118,23,274.88,452.61,250.00,457.09,1,-1,-1,-1
118,24,1070.89,443.56,329.60,472.64,1,-1,-1,-1
119,1,950.70,357.19,234.01,579.43,1,-1,-1,-1
119,3,749.90,664.32,176.96,232.63,1,-1,-1,-1
119,4,755.65,459.96,261.92,441.52,1,-1,-1,-1
119,7,1423.87,695.93,224.44,209.65,1,-1,-1,-1
119,12,950.43,335.85,313.43,578.82,1,-1,-1,-1
119,14,400.87,371.33,328.94,558.26,1,-1,-1,-1
119,15,393.45,380.96,317.04,546.18,1,-1,-1,-1
119,16,581.05,651.03,284.11,263.84,1,-1,-1,-1
119,17,792.33,461.09,221.72,445.70,1,-1,-1,-1
119,18,919.19,559.33,277.33,357.54,1,-1,-1,-1
119,20,1440.05,690.38,211.26,209.62,1,-1,-1,-1
119,21,1153.47,381.93,199.13,549.36,1,-1,-1,-1
119,22,934.31,577.11,225.29,362.83,1,-1,-1,-1
119,23,271.65,446.48,243.35,476.12,1,-1,-1,-1
119,24,1132.47,432.19,283.84,486.33,1,-1,-1,-1
120,1,950.70,357.19,234.01,579.43,1,-1,-1,-1
120,3,749.90,664.32,176.96,232.63,1,-1,-1,-1
120,4,741.59,446.53,265.81,463.68,1,-1,-1,-1
120,7,1423.87,695.93,224.44,209.65,1,-1,-1,-1
120,12,937.70,340.43,323.13,578.58,1,-1,-1,-1
120,14,400.87,371.33,328.94,558.26,1,-1,-1,-1
120,15,442.76,374.93,328.68,553.34,1,-1,-1,-1
120,16,581.05,651.03,284.11,263.84,1,-1,-1,-1
120,17,792.33,461.09,221.72,445.70,1,-1,-1,-1
120,18,919.19,559.33,277.33,357.54,1,-1,-1,-1
120,20,1446.75,695.64,218.34,203.53,1,-1,-1,-1
120,21,1153.47,381.93,199.13,549.36,1,-1,-1,-1
120,22,934.31,577.11,225.29,362.83,1,-1,-1,-1
120,23,271.03,446.85,256.33,474.41,1,-1,-1,-1
120,24,1143.36,439.67,242.21,470.61,1,-1,-1,-1
121,1,950.70,357.19,234.01,579.43,1,-1,-1,-1
121,3,749.90,664.32,176.96,232.63,1,-1,-1,-1
121,4,729.43,447.93,260.98,464.49,1,-1,-1,-1
121,7,1423.87,695.93,224.44,209.65,1,-1,-1,-1
121,12,912.57,345.06,308.94,575.83,1,-1,-1,-1
121,14,400.87,371.33,328.94,558.26,1,-1,-1,-1
121,15,446.63,368.17,355.39,560.14,1,-1,-1,-1
121,16,581.05,651.03,284.11,263.84,1,-1,-1,-1
121,17,897.23,355.11,298.70,563.38,1,-1,-1,-1
121,18,919.19,559.33,277.33,357.54,1,-1,-1,-1
121,20,1448.03,695.99,219.85,200.13,1,-1,-1,-1
121,21,1153.47,381.93,199.13,549.36,1,-1,-1,-1
121,22,934.31,577.11,225.29,362.83,1,-1,-1,-1
121,23,273.67,450.68,236.51,468.94,1,-1,-1,-1
121,24,1133.05,432.51,248.35,475.87,1,-1,-1,-1
122,1,950.70,357.19,234.01,579.43,1,-1,-1,-1
122,3,749.90,664.32,176.96,232.63,1,-1,-1,-1
122,4,720.14,449.49,281.08,462.20,1,-1,-1,-1
122,7,1264.43,667.35,178.95,225.08,1,-1,-1,-1
122,12,902.00,355.75,312.43,560.78,1,-1,-1,-1
122,14,400.87,371.33,328.94,558.26,1,-1,-1,-1
122,15,446.49,369.74,346.72,557.05,1,-1,-1,-1
122,16,581.05,651.03,284.11,263.84,1,-1,-1,-1
122,17,897.23,355.11,298.70,563.38,1,-1,-1,-1
122,18,739.68,462.73,293.83,451.03,1,-1,-1,-1
122,20,1448.96,694.00,242.67,202.28,1,-1,-1,-1
122,21,1153.47,381.93,199.13,549.36,1,-1,-1,-1
122,22,934.31,577.11,225.29,362.83,1,-1,-1,-1
122,23,276.92,455.05,236.57,463.67,1,-1,-1,-1
122,24,1109.10,449.39,277.67,459.04,1,-1,-1,-1
123,1,950.70,357.19,234.01,579.43,1,-1,-1,-1
123,3,749.90,664.32,176.96,232.63,1,-1,-1,-1
123,4,738.78,458.11,284.44,451.42,1,-1,-1,-1
123,7,1264.43,667.35,178.95,225.08,1,-1,-1,-1
123,12,941.14,361.47,283.57,550.64,1,-1,-1,-1
123,14,491.26,525.55,306.93,378.45,1,-1,-1,-1
123,15,450.39,378.76,355.57,545.98,1,-1,-1,-1
123,17,897.23,355.11,298.70,563.38,1,-1,-1,-1
123,18,739.68,462.73,293.83,451.03,1,-1,-1,-1
123,20,1450.86,694.41,241.18,203.68,1,-1,-1,-1
123,21,1153.47,381.93,199.13,549.36,1,-1,-1,-1
123,22,934.31,577.11,225.29,362.83,1,-1,-1,-1
123,23,285.50,459.00,265.37,459.92,1,-1,-1,-1
123,24,1111.81,446.85,283.34,462.31,1,-1,-1,-1
124,1,950.70,357.19,234.01,579.43,1,-1,-1,-1
124,3,749.90,664.32,176.96,232.63,1,-1,-1,-1
124,4,757.43,468.88,279.17,439.24,1,-1,-1,-1
124,7,1264.43,667.35,178.95,225.08,1,-1,-1,-1
124,12,929.85,368.52,313.59,543.69,1,-1,-1,-1
124,14,491.26,525.55,306.93,378.45,1,-1,-1,-1
124,15,453.31,389.22,353.67,535.08,1,-1,-1,-1
124,17,897.23,355.11,298.70,563.38,1,-1,-1,-1
124,18,753.89,467.19,287.78,441.11,1,-1,-1,-1
124,20,1450.03,697.07,272.81,201.19,1,-1,-1,-1
124,21,1153.47,381.93,199.13,549.36,1,-1,-1,-1
124,22,934.31,577.11,225.29,362.83,1,-1,-1,-1
124,23,292.73,447.42,270.73,469.59,1,-1,-1,-1
124,24,1144.75,442.23,271.07,465.50,1,-1,-1,-1
125,1,950.70,357.19,234.01,579.43,1,-1,-1,-1
125,3,749.90,664.32,176.96,232.63,1,-1,-1,-1
125,4,757.15,482.84,279.84,430.01,1,-1,-1,-1
125,7,1264.43,667.35,178.95,225.08,1,-1,-1,-1
125,12,924.46,357.36,329.32,553.71,1,-1,-1,-1
125,14,491.26,525.55,306.93,378.45,1,-1,-1,-1
125,15,464.25,379.59,332.70,542.03,1,-1,-1,-1
125,17,897.23,355.11,298.70,563.38,1,-1,-1,-1
125,18,753.89,467.19,287.78,441.11,1,-1,-1,-1
125,20,1452.51,694.50,277.15,202.73,1,-1,-1,-1
125,21,1153.47,381.93,199.13,549.36,1,-1,-1,-1
125,22,934.31,577.11,225.29,362.83,1,-1,-1,-1
125,23,301.41,414.54,278.32,502.49,1,-1,-1,-1
125,24,1146.35,434.30,296.13,462.94,1,-1,-1,-1
126,1,950.70,357.19,234.01,579.43,1,-1,-1,-1
126,3,749.90,664.32,176.96,232.63,1,-1,-1,-1
126,4,765.09,467.04,270.88,441.31,1,-1,-1,-1
126,7,1264.43,667.35,178.95,225.08,1,-1,-1,-1
126,12,919.34,347.05,353.04,557.47,1,-1,-1,-1
126,14,491.26,525.55,306.93,378.45,1,-1,-1,-1
126,15,456.04,369.50,356.39,556.69,1,-1,-1,-1
126,17,897.23,355.11,298.70,563.38,1,-1,-1,-1
126,18,755.89,464.38,279.33,444.10,1,-1,-1,-1
126,20,1448.06,694.01,283.00,202.03,1,-1,-1,-1
126,21,1153.47,381.93,199.13,549.36,1,-1,-1,-1
126,22,934.31,577.11,225.29,362.83,1,-1,-1,-1
126,23,305.38,407.54,290.39,509.55,1,-1,-1,-1
126,24,1135.78,433.90,308.77,466.67,1,-1,-1,-1
127,3,749.90,664.32,176.96,232.63,1,-1,-1,-1
127,4,761.16,475.95,276.09,433.47,1,-1,-1,-1
127,7,1264.43,667.35,178.95,225.08,1,-1,-1,-1
127,12,928.87,332.86,372.12,579.24,1,-1,-1,-1
127,14,746.80,517.86,268.93,391.06,1,-1,-1,-1
127,15,472.20,367.91,344.97,556.98,1,-1,-1,-1
127,17,897.23,355.11,298.70,563.38,1,-1,-1,-1
127,18,760.17,455.59,281.50,450.24,1,-1,-1,-1
127,20,1455.24,695.19,277.28,200.04,1,-1,-1,-1
127,21,1153.47,381.93,199.13,549.36,1,-1,-1,-1
127,22,934.31,577.11,225.29,362.83,1,-1,-1,-1
127,23,306.68,408.16,299.88,509.56,1,-1,-1,-1
127,24,1136.33,433.63,305.73,467.29,1,-1,-1,-1
128,3,749.90,664.32,176.96,232.63,1,-1,-1,-1
128,4,761.16,475.95,276.09,433.47,1,-1,-1,-1
128,7,1264.43,667.35,178.95,225.08,1,-1,-1,-1
128,12,930.45,327.35,374.06,588.14,1,-1,-1,-1
128,14,746.80,517.86,268.93,391.06,1,-1,-1,-1
128,15,476.97,370.25,349.47,554.77,1,-1,-1,-1
128,17,897.23,355.11,298.70,563.38,1,-1,-1,-1
128,18,773.54,447.33,280.10,464.35,1,-1,-1,-1
128,20,1451.87,691.63,288.04,204.56,1,-1,-1,-1
128,21,1153.47,381.93,199.13,549.36,1,-1,-1,-1
128,22,934.31,577.11,225.29,362.83,1,-1,-1,-1
128,23,308.88,409.92,303.07,508.47,1,-1,-1,-1
128,24,1149.58,435.99,294.74,464.83,1,-1,-1,-1
129,3,749.90,664.32,176.96,232.63,1,-1,-1,-1
129,4,761.16,475.95,276.09,433.47,1,-1,-1,-1
129,7,1264.43,667.35,178.95,225.08,1,-1,-1,-1
129,12,950.94,328.72,351.64,586.98,1,-1,-1,-1
129,14,746.80,517.86,268.93,391.06,1,-1,-1,-1
129,15,484.28,371.35,342.74,553.57,1,-1,-1,-1
129,17,897.23,355.11,298.70,563.38,1,-1,-1,-1
129,18,773.54,447.33,280.10,464.35,1,-1,-1,-1
129,20,1457.70,689.43,283.14,205.52,1,-1,-1,-1
129,21,1153.47,381.93,199.13,549.36,1,-1,-1,-1
129,23,312.60,412.67,299.58,506.09,1,-1,-1,-1
129,24,1140.24,434.50,305.84,468.96,1,-1,-1,-1
130,3,749.90,664.32,176.96,232.63,1,-1,-1,-1
130,4,761.16,475.95,276.09,433.47,1,-1,-1,-1
130,7,1264.43,667.35,178.95,225.08,1,-1,-1,-1
130,12,968.90,337.46,344.01,568.34,1,-1,-1,-1
130,14,746.80,517.86,268.93,391.06,1,-1,-1,-1
130,15,491.74,369.19,345.85,553.14,1,-1,-1,-1
130,17,897.23,355.11,298.70,563.38,1,-1,-1,-1
130,18,796.81,447.27,275.81,460.73,1,-1,-1,-1
130,20,1468.78,683.36,273.54,206.03,1,-1,-1,-1
130,21,1153.47,381.93,199.13,549.36,1,-1,-1,-1
130,23,322.27,411.06,298.38,502.54,1,-1,-1,-1
130,24,1141.56,432.14,317.70,469.51,1,-1,-1,-1
131,3,749.90,664.32,176.96,232.63,1,-1,-1,-1
131,4,761.16,475.95,276.09,433.47,1,-1,-1,-1
131,7,1264.43,667.35,178.95,225.08,1,-1,-1,-1
131,12,992.61,334.02,325.63,572.86,1,-1,-1,-1
131,14,746.80,517.86,268.93,391.06,1,-1,-1,-1
131,15,495.96,371.92,348.38,545.15,1,-1,-1,-1
131,17,897.23,355.11,298.70,563.38,1,-1,-1,-1
131,18,803.95,446.13,275.30,459.72,1,-1,-1,-1
131,20,1474.01,683.71,272.92,205.05,1,-1,-1,-1
131,21,1153.47,381.93,199.13,549.36,1,-1,-1,-1
131,23,327.74,413.24,316.79,500.33,1,-1,-1,-1
131,24,1136.04,432.31,328.13,467.79,1,-1,-1,-1
132,3,749.90,664.32,176.96,232.63,1,-1,-1,-1
132,4,761.16,475.95,276.09,433.47,1,-1,-1,-1
132,7,1264.43,667.35,178.95,225.08,1,-1,-1,-1
132,12,1000.03,333.59,313.91,571.69,1,-1,-1,-1
132,14,746.80,517.86,268.93,391.06,1,-1,-1,-1
132,15,501.72,372.17,348.16,544.52,1,-1,-1,-1
132,17,897.23,355.11,298.70,563.38,1,-1,-1,-1
132,18,803.25,445.63,289.88,459.67,1,-1,-1,-1
132,20,1476.60,684.16,273.74,205.85,1,-1,-1,-1
132,21,1153.47,381.93,199.13,549.36,1,-1,-1,-1
132,23,334.51,414.33,321.83,498.19,1,-1,-1,-1
132,24,1135.55,432.22,334.66,468.10,1,-1,-1,-1
133,3,749.90,664.32,176.96,232.63,1,-1,-1,-1
133,4,761.16,475.95,276.09,433.47,1,-1,-1,-1
133,7,1264.43,667.35,178.95,225.08,1,-1,-1,-1
133,12,996.30,332.98,322.87,574.92,1,-1,-1,-1
133,14,746.80,517.86,268.93,391.06,1,-1,-1,-1
133,15,506.76,373.39,352.70,544.39,1,-1,-1,-1
133,17,897.23,355.11,298.70,563.38,1,-1,-1,-1
133,18,809.37,446.50,288.90,457.92,1,-1,-1,-1
133,20,1479.68,680.53,277.32,208.84,1,-1,-1,-1
133,21,1153.47,381.93,199.13,549.36,1,-1,-1,-1
133,23,341.39,414.23,319.48,494.20,1,-1,-1,-1
133,24,1145.17,433.17,329.16,467.10,1,-1,-1,-1
134,3,749.90,664.32,176.96,232.63,1,-1,-1,-1
134,4,761.16,475.95,276.09,433.47,1,-1,-1,-1
134,7,1264.43,667.35,178.95,225.08,1,-1,-1,-1
134,12,1009.82,332.95,324.97,577.33,1,-1,-1,-1
134,14,746.80,517.86,268.93,391.06,1,-1,-1,-1
134,15,508.70,373.45,354.57,543.09,1,-1,-1,-1
134,17,897.23,355.11,298.70,563.38,1,-1,-1,-1
134,18,806.98,448.96,301.81,453.85,1,-1,-1,-1
134,20,1483.99,679.30,273.83,210.25,1,-1,-1,-1
134,23,348.15,416.71,323.16,490.10,1,-1,-1,-1
134,24,1150.12,433.16,330.45,468.47,1,-1,-1,-1
135,3,749.90,664.32,176.96,232.63,1,-1,-1,-1
135,4,761.16,475.95,276.09,433.47,1,-1,-1,-1
135,7,1264.43,667.35,178.95,225.08,1,-1,-1,-1
135,12,1012.86,340.88,328.87,566.71,1,-1,-1,-1
135,14,746.80,517.86,268.93,391.06,1,-1,-1,-1
135,15,526.81,374.40,340.58,543.14,1,-1,-1,-1
135,17,897.23,355.11,298.70,563.38,1,-1,-1,-1
135,18,829.08,454.15,282.28,449.30,1,-1,-1,-1
135,20,1493.85,688.15,272.70,197.30,1,-1,-1,-1
135,23,360.14,428.55,312.31,478.01,1,-1,-1,-1
135,24,1165.86,430.24,318.90,467.79,1,-1,-1,-1
136,3,749.90,664.32,176.96,232.63,1,-1,-1,-1
136,4,761.16,475.95,276.09,433.47,1,-1,-1,-1
136,7,1264.43,667.35,178.95,225.08,1,-1,-1,-1
136,12,1012.56,342.68,332.63,566.54,1,-1,-1,-1
136,14,746.80,517.86,268.93,391.06,1,-1,-1,-1
136,15,531.16,378.46,341.48,538.91,1,-1,-1,-1
136,17,897.23,355.11,298.70,563.38,1,-1,-1,-1
136,18,830.39,463.21,281.51,440.91,1,-1,-1,-1
136,20,1493.85,688.15,272.70,197.30,1,-1,-1,-1
136,23,365.46,441.80,305.44,461.96,1,-1,-1,-1
136,24,1171.58,430.46,316.12,467.26,1,-1,-1,-1
137,3,749.90,664.32,176.96,232.63,1,-1,-1,-1
137,4,761.16,475.95,276.09,433.47,1,-1,-1,-1
137,7,1264.43,667.35,178.95,225.08,1,-1,-1,-1
137,12,1027.10,335.43,320.81,573.78,1,-1,-1,-1
137,14,746.80,517.86,268.93,391.06,1,-1,-1,-1
137,15,533.97,383.91,344.53,531.95,1,-1,-1,-1
137,17,897.23,355.11,298.70,563.38,1,-1,-1,-1
137,18,829.45,467.13,281.03,438.67,1,-1,-1,-1
137,20,1495.45,690.10,271.99,195.91,1,-1,-1,-1
137,23,369.71,443.00,312.71,458.53,1,-1,-1,-1
137,24,1173.04,431.91,318.05,466.16,1,-1,-1,-1
137,25,1494.22,688.92,271.65,196.68,1,-1,-1,-1
138,3,749.90,664.32,176.96,232.63,1,-1,-1,-1
138,4,816.19,468.58,283.67,438.38,1,-1,-1,-1
138,7,1264.43,667.35,178.95,225.08,1,-1,-1,-1
138,12,1026.77,332.86,320.95,576.41,1,-1,-1,-1
138,14,746.80,517.86,268.93,391.06,1,-1,-1,-1
138,15,536.38,391.31,346.76,523.44,1,-1,-1,-1
138,17,897.23,355.11,298.70,563.38,1,-1,-1,-1
138,18,827.58,472.10,282.14,432.33,1,-1,-1,-1
138,20,1495.45,690.10,271.99,195.91,1,-1,-1,-1
138,23,374.06,442.25,311.42,459.69,1,-1,-1,-1
138,24,1171.22,432.31,321.52,466.23,1,-1,-1,-1
138,25,1492.74,688.27,274.48,198.00,1,-1,-1,-1
139,3,749.90,664.32,176.96,232.63,1,-1,-1,-1
139,4,830.31,464.65,273.27,439.95,1,-1,-1,-1
139,7,1264.43,667.35,178.95,225.08,1,-1,-1,-1
139,12,1028.01,330.50,323.94,578.48,1,-1,-1,-1
139,14,746.80,517.86,268.93,391.06,1,-1,-1,-1
139,15,534.99,391.08,348.98,520.93,1,-1,-1,-1
139,17,897.23,355.11,298.70,563.38,1,-1,-1,-1
139,18,827.58,472.10,282.14,432.33,1,-1,-1,-1
139,20,1495.45,690.10,271.99,195.91,1,-1,-1,-1
139,23,374.18,442.15,312.19,459.08,1,-1,-1,-1
139,24,1170.92,433.61,324.39,464.99,1,-1,-1,-1
139,25,1497.34,688.77,272.27,196.22,1,-1,-1,-1
140,3,749.90,664.32,176.96,232.63,1,-1,-1,-1
140,4,838.55,450.83,269.78,454.45,1,-1,-1,-1
140,7,1264.43,667.35,178.95,225.08,1,-1,-1,-1
140,12,1033.42,329.60,334.32,573.93,1,-1,-1,-1
140,14,746.80,517.86,268.93,391.06,1,-1,-1,-1
140,15,544.06,381.22,356.71,531.12,1,-1,-1,-1
140,17,897.23,355.11,298.70,563.38,1,-1,-1,-1
140,18,827.58,472.10,282.14,432.33,1,-1,-1,-1
140,20,1496.75,684.05,280.77,204.06,1,-1,-1,-1
140,23,382.78,444.43,311.76,459.65,1,-1,-1,-1
140,24,1168.21,432.54,328.74,466.03,1,-1,-1,-1
140,25,1497.34,688.77,272.27,196.22,1,-1,-1,-1
141,3,749.90,664.32,176.96,232.63,1,-1,-1,-1
141,4,838.77,452.03,276.99,450.46,1,-1,-1,-1
141,7,1264.43,667.35,178.95,225.08,1,-1,-1,-1
141,12,1036.00,325.51,324.08,579.63,1,-1,-1,-1
141,14,746.80,517.86,268.93,391.06,1,-1,-1,-1
141,15,547.89,379.91,368.62,531.23,1,-1,-1,-1
141,17,897.23,355.11,298.70,563.38,1,-1,-1,-1
141,18,827.58,472.10,282.14,432.33,1,-1,-1,-1
141,20,1500.26,680.40,283.25,209.06,1,-1,-1,-1
141,23,387.61,438.11,317.31,468.94,1,-1,-1,-1
141,24,1169.32,432.58,331.67,467.45,1,-1,-1,-1
141,25,1497.34,688.77,272.27,196.22,1,-1,-1,-1
142,3,749.90,664.32,176.96,232.63,1,-1,-1,-1
142,4,851.87,448.04,278.47,453.66,1,-1,-1,-1
142,7,1264.43,667.35,178.95,225.08,1,-1,-1,-1
142,12,1040.31,322.05,323.74,581.07,1,-1,-1,-1
142,14,746.80,517.86,268.93,391.06,1,-1,-1,-1
142,15,551.17,378.95,366.86,532.16,1,-1,-1,-1
142,17,897.23,355.11,298.70,563.38,1,-1,-1,-1
142,18,827.58,472.10,282.14,432.33,1,-1,-1,-1
142,20,1503.16,682.08,280.49,205.00,1,-1,-1,-1
142,23,388.34,427.09,313.08,479.38,1,-1,-1,-1
142,24,1168.09,430.85,334.65,471.27,1,-1,-1,-1
142,25,1497.34,688.77,272.27,196.22,1,-1,-1,-1
143,3,749.90,664.32,176.96,232.63,1,-1,-1,-1
143,4,852.54,450.06,286.99,450.69,1,-1,-1,-1
143,7,1264.43,667.35,178.95,225.08,1,-1,-1,-1
143,12,1041.64,323.33,330.13,577.37,1,-1,-1,-1
143,14,746.80,517.86,268.93,391.06,1,-1,-1,-1
143,15,552.92,378.54,364.29,532.44,1,-1,-1,-1
143,17,897.23,355.11,298.70,563.38,1,-1,-1,-1
143,18,827.58,472.10,282.14,432.33,1,-1,-1,-1
143,20,1506.40,682.26,279.30,202.98,1,-1,-1,-1
143,23,389.04,427.34,315.46,478.63,1,-1,-1,-1
143,24,1168.00,431.74,336.05,468.45,1,-1,-1,-1
143,25,1497.34,688.77,272.27,196.22,1,-1,-1,-1
144,3,749.90,664.32,176.96,232.63,1,-1,-1,-1
144,4,856.15,456.62,283.45,443.51,1,-1,-1,-1
144,7,1264.43,667.35,178.95,225.08,1,-1,-1,-1
144,12,870.34,439.93,294.20,464.72,1,-1,-1,-1
144,14,746.80,517.86,268.93,391.06,1,-1,-1,-1
144,15,551.89,378.54,366.95,530.98,1,-1,-1,-1
144,17,897.23,355.11,298.70,563.38,1,-1,-1,-1
144,18,850.32,453.51,280.47,448.56,1,-1,-1,-1
144,20,1511.13,681.29,275.62,202.64,1,-1,-1,-1
144,23,388.06,435.95,323.20,471.36,1,-1,-1,-1
144,24,1170.00,428.86,335.46,469.39,1,-1,-1,-1
144,25,1497.34,688.77,272.27,196.22,1,-1,-1,-1
145,3,749.90,664.32,176.96,232.63,1,-1,-1,-1
145,4,864.13,461.43,278.96,440.49,1,-1,-1,-1
145,7,1264.43,667.35,178.95,225.08,1,-1,-1,-1
145,12,870.34,439.93,294.20,464.72,1,-1,-1,-1
145,14,746.80,517.86,268.93,391.06,1,-1,-1,-1
145,15,552.96,381.66,367.36,532.53,1,-1,-1,-1
145,17,897.23,355.11,298.70,563.38,1,-1,-1,-1
145,18,850.32,453.51,280.47,448.56,1,-1,-1,-1
145,20,1510.02,681.27,277.49,202.28,1,-1,-1,-1
145,23,391.72,438.51,318.96,469.62,1,-1,-1,-1
145,24,1166.24,426.30,334.96,470.13,1,-1,-1,-1
145,25,1497.34,688.77,272.27,196.22,1,-1,-1,-1
145,26,1070.35,332.46,301.62,564.28,1,-1,-1,-1
146,3,749.90,664.32,176.96,232.63,1,-1,-1,-1
146,4,1057.51,352.08,282.69,549.79,1,-1,-1,-1
146,7,1264.43,667.35,178.95,225.08,1,-1,-1,-1
146,12,870.34,439.93,294.20,464.72,1,-1,-1,-1
146,14,746.80,517.86,268.93,391.06,1,-1,-1,-1
146,15,552.73,386.66,385.80,528.29,1,-1,-1,-1
146,17,897.23,355.11,298.70,563.38,1,-1,-1,-1
146,18,867.29,460.76,275.72,442.48,1,-1,-1,-1
146,20,1513.28,681.30,273.90,202.11,1,-1,-1,-1
146,23,391.31,442.47,332.51,464.86,1,-1,-1,-1
146,24,1169.79,426.98,332.28,467.54,1,-1,-1,-1
146,25,1497.34,688.77,272.27,196.22,1,-1,-1,-1
146,26,1172.55,418.45,320.71,477.41,1,-1,-1,-1
147,3,749.90,664.32,176.96,232.63,1,-1,-1,-1
147,4,1071.97,350.76,291.03,553.52,1,-1,-1,-1
147,7,1264.43,667.35,178.95,225.08,1,-1,-1,-1
147,12,870.34,439.93,294.20,464.72,1,-1,-1,-1
147,14,746.80,517.86,268.93,391.06,1,-1,-1,-1
147,15,555.65,392.38,383.57,518.81,1,-1,-1,-1
147,17,897.23,355.11,298.70,563.38,1,-1,-1,-1
147,18,866.71,457.55,264.28,440.75,1,-1,-1,-1
147,20,1512.94,681.37,274.74,204.89,1,-1,-1,-1
147,23,394.31,442.02,324.59,463.16,1,-1,-1,-1
147,24,1178.47,428.07,331.51,467.64,1,-1,-1,-1
147,25,1497.34,688.77,272.27,196.22,1,-1,-1,-1
147,26,1172.55,418.45,320.71,477.41,1,-1,-1,-1
148,3,749.90,664.32,176.96,232.63,1,-1,-1,-1
148,4,1072.25,350.95,295.24,552.25,1,-1,-1,-1
148,7,1264.43,667.35,178.95,225.08,1,-1,-1,-1
148,12,870.34,439.93,294.20,464.72,1,-1,-1,-1
148,14,746.80,517.86,268.93,391.06,1,-1,-1,-1
148,15,554.79,393.88,380.22,518.54,1,-1,-1,-1
148,17,897.23,355.11,298.70,563.38,1,-1,-1,-1
148,18,863.52,451.63,267.12,445.89,1,-1,-1,-1
148,20,1515.77,679.84,275.73,204.94,1,-1,-1,-1
148,23,395.04,437.91,338.62,464.89,1,-1,-1,-1
148,24,1209.57,428.58,305.83,464.80,1,-1,-1,-1
148,25,1497.34,688.77,272.27,196.22,1,-1,-1,-1
148,26,1172.55,418.45,320.71,477.41,1,-1,-1,-1
149,3,749.90,664.32,176.96,232.63,1,-1,-1,-1
149,4,1072.22,349.91,300.38,553.80,1,-1,-1,-1
149,7,1264.43,667.35,178.95,225.08,1,-1,-1,-1
149,12,870.34,439.93,294.20,464.72,1,-1,-1,-1
149,14,746.80,517.86,268.93,391.06,1,-1,-1,-1
149,15,553.36,390.96,387.97,519.98,1,-1,-1,-1
149,17,897.23,355.11,298.70,563.38,1,-1,-1,-1
149,18,876.92,451.38,267.18,446.63,1,-1,-1,-1
149,20,1515.63,679.11,279.37,204.68,1,-1,-1,-1
149,23,408.69,436.29,333.47,463.16,1,-1,-1,-1
149,24,1217.30,429.00,298.39,464.87,1,-1,-1,-1
149,25,1497.34,688.77,272.27,196.22,1,-1,-1,-1
149,26,1172.55,418.45,320.71,477.41,1,-1,-1,-1
150,4,1082.26,352.64,328.61,554.75,1,-1,-1,-1
150,7,1264.43,667.35,178.95,225.08,1,-1,-1,-1
150,12,870.34,439.93,294.20,464.72,1,-1,-1,-1
150,14,746.80,517.86,268.93,391.06,1,-1,-1,-1
150,15,572.77,393.65,397.99,517.66,1,-1,-1,-1
150,17,897.23,355.11,298.70,563.38,1,-1,-1,-1
150,18,926.93,461.11,267.10,425.40,1,-1,-1,-1
150,20,1510.41,672.14,285.71,215.58,1,-1,-1,-1
150,23,500.09,462.72,281.70,423.48,1,-1,-1,-1
150,24,1268.84,438.23,263.28,457.77,1,-1,-1,-1
150,25,1497.34,688.77,272.27,196.22,1,-1,-1,-1
150,26,1172.55,418.45,320.71,477.41,1,-1,-1,-1
151,4,1100.72,363.12,312.10,540.80,1,-1,-1,-1
151,7,1264.43,667.35,178.95,225.08,1,-1,-1,-1
151,12,870.34,439.93,294.20,464.72,1,-1,-1,-1
151,14,746.80,517.86,268.93,391.06,1,-1,-1,-1
151,15,626.73,397.84,340.26,507.77,1,-1,-1,-1
151,17,897.23,355.11,298.70,563.38,1,-1,-1,-1
151,18,967.36,479.90,209.77,416.14,1,-1,-1,-1
151,20,1514.59,676.85,281.33,210.14,1,-1,-1,-1
151,23,550.07,469.49,214.15,418.06,1,-1,-1,-1
151,24,1283.70,448.59,240.65,447.08,1,-1,-1,-1
151,25,1497.34,688.77,272.27,196.22,1,-1,-1,-1
151,26,1172.55,418.45,320.71,477.41,1,-1,-1,-1
152,4,1153.19,389.00,254.32,517.96,1,-1,-1,-1
152,7,1264.43,667.35,178.95,225.08,1,-1,-1,-1
152,12,870.34,439.93,294.20,464.72,1,-1,-1,-1
152,14,746.80,517.86,268.93,391.06,1,-1,-1,-1
152,15,681.02,408.68,266.74,497.64,1,-1,-1,-1
152,18,986.84,492.43,180.23,406.96,1,-1,-1,-1
152,20,1518.31,681.47,277.35,205.17,1,-1,-1,-1
152,23,560.72,467.46,213.94,429.84,1,-1,-1,-1
152,24,1304.34,456.08,211.77,439.52,1,-1,-1,-1
152,25,1497.34,688.77,272.27,196.22,1,-1,-1,-1
152,26,1172.55,418.45,320.71,477.41,1,-1,-1,-1
153,4,1172.26,402.99,239.25,505.96,1,-1,-1,-1
153,12,870.34,439.93,294.20,464.72,1,-1,-1,-1
153,14,746.80,517.86,268.93,391.06,1,-1,-1,-1
153,15,702.15,423.85,231.17,486.23,1,-1,-1,-1
153,18,997.96,497.60,176.57,405.89,1,-1,-1,-1
153,20,1517.14,685.19,277.21,200.27,1,-1,-1,-1
153,23,569.44,473.84,194.86,424.32,1,-1,-1,-1
153,24,1292.11,453.69,222.36,442.82,1,-1,-1,-1
153,25,1515.39,685.99,230.22,198.55,1,-1,-1,-1
153,26,1172.55,418.45,320.71,477.41,1,-1,-1,-1
154,4,1174.05,419.26,254.66,491.27,1,-1,-1,-1
154,12,870.34,439.93,294.20,464.72,1,-1,-1,-1
154,14,746.80,517.86,268.93,391.06,1,-1,-1,-1
154,15,700.76,428.74,227.67,481.83,1,-1,-1,-1
154,18,1006.23,504.15,186.38,401.49,1,-1,-1,-1
154,20,1519.99,683.95,275.24,202.70,1,-1,-1,-1
154,23,577.59,475.71,212.99,424.25,1,-1,-1,-1
154,24,1295.81,448.71,216.57,447.47,1,-1,-1,-1
154,25,1515.39,685.99,230.22,198.55,1,-1,-1,-1
154,26,1172.55,418.45,320.71,477.41,1,-1,-1,-1
154,27,699.32,428.29,226.39,482.71,1,-1,-1,-1
155,4,1171.71,429.92,264.03,478.42,1,-1,-1,-1
155,12,870.34,439.93,294.20,464.72,1,-1,-1,-1
155,14,746.80,517.86,268.93,391.06,1,-1,-1,-1
155,15,702.08,426.28,251.55,485.18,1,-1,-1,-1
155,18,1021.16,500.33,156.81,405.12,1,-1,-1,-1
155,20,1513.64,682.72,275.18,200.91,1,-1,-1,-1
155,23,590.39,478.57,191.81,420.70,1,-1,-1,-1
155,24,1331.51,449.62,167.93,441.86,1,-1,-1,-1
155,25,1515.39,685.99,230.22,198.55,1,-1,-1,-1
155,26,1172.55,418.45,320.71,477.41,1,-1,-1,-1
155,27,699.32,428.29,226.39,482.71,1,-1,-1,-1
156,4,1167.71,427.89,278.79,479.71,1,-1,-1,-1
156,12,870.34,439.93,294.20,464.72,1,-1,-1,-1
156,14,746.80,517.86,268.93,391.06,1,-1,-1,-1
156,15,710.96,417.83,267.08,493.98,1,-1,-1,-1
156,18,1020.31,491.57,164.06,413.10,1,-1,-1,-1
156,20,1504.78,683.98,279.67,201.85,1,-1,-1,-1
156,23,593.22,476.36,202.55,421.02,1,-1,-1,-1
156,24,1312.34,445.73,188.20,448.23,1,-1,-1,-1
156,25,1515.39,685.99,230.22,198.55,1,-1,-1,-1
156,26,1172.55,418.45,320.71,477.41,1,-1,-1,-1
156,27,699.32,428.29,226.39,482.71,1,-1,-1,-1
157,4,1158.48,420.56,284.70,478.89,1,-1,-1,-1
157,12,870.34,439.93,294.20,464.72,1,-1,-1,-1
157,14,746.80,517.86,268.93,391.06,1,-1,-1,-1
157,15,715.12,415.92,284.83,490.22,1,-1,-1,-1
157,18,1016.76,483.83,181.08,406.19,1,-1,-1,-1
157,20,1500.13,686.33,275.04,199.74,1,-1,-1,-1
157,23,592.39,471.18,206.96,427.25,1,-1,-1,-1
157,24,1297.69,444.01,209.93,447.20,1,-1,-1,-1
157,25,1515.39,685.99,230.22,198.55,1,-1,-1,-1
157,26,1172.55,418.45,320.71,477.41,1,-1,-1,-1
157,27,699.32,428.29,226.39,482.71,1,-1,-1,-1
158,4,1155.51,413.68,273.21,484.52,1,-1,-1,-1
158,12,870.34,439.93,294.20,464.72,1,-1,-1,-1
158,15,718.65,417.46,289.16,465.96,1,-1,-1,-1
158,18,1013.42,486.81,208.96,396.85,1,-1,-1,-1
158,20,1496.50,689.64,275.52,194.76,1,-1,-1,-1
158,23,587.96,470.45,223.86,426.12,1,-1,-1,-1
158,24,1297.21,447.00,211.62,445.81,1,-1,-1,-1
158,25,1497.95,688.09,269.70,195.03,1,-1,-1,-1
158,26,1172.55,418.45,320.71,477.41,1,-1,-1,-1
158,27,699.32,428.29,226.39,482.71,1,-1,-1,-1
159,4,1144.19,406.08,326.47,493.12,1,-1,-1,-1
159,12,870.34,439.93,294.20,464.72,1,-1,-1,-1
159,15,700.15,420.80,310.03,478.85,1,-1,-1,-1
159,18,994.24,494.76,225.16,383.30,1,-1,-1,-1
159,20,1496.50,689.64,275.52,194.76,1,-1,-1,-1
159,23,557.69,475.78,251.67,421.38,1,-1,-1,-1
159,24,1291.69,451.52,215.01,436.72,1,-1,-1,-1
159,25,1493.65,690.10,273.60,193.26,1,-1,-1,-1
159,26,1172.55,418.45,320.71,477.41,1,-1,-1,-1
159,27,699.32,428.29,226.39,482.71,1,-1,-1,-1
160,4,1140.14,400.49,259.92,498.98,1,-1,-1,-1
160,12,870.34,439.93,294.20,464.72,1,-1,-1,-1
160,15,718.95,418.34,305.73,487.95,1,-1,-1,-1
160,18,926.84,502.83,279.86,381.49,1,-1,-1,-1
160,20,1482.98,679.80,275.64,200.84,1,-1,-1,-1
160,23,567.13,462.24,263.74,438.41,1,-1,-1,-1
160,24,1266.14,458.01,239.41,426.73,1,-1,-1,-1
160,25,1493.65,690.10,273.60,193.26,1,-1,-1,-1
160,26,1172.55,418.45,320.71,477.41,1,-1,-1,-1
160,27,699.32,428.29,226.39,482.71,1,-1,-1,-1
160,28,596.48,483.07,263.40,414.73,1,-1,-1,-1
161,4,1104.72,400.80,288.37,502.62,1,-1,-1,-1
161,12,870.34,439.93,294.20,464.72,1,-1,-1,-1
161,15,715.58,416.65,304.09,488.36,1,-1,-1,-1
161,18,959.91,513.44,226.07,376.03,1,-1,-1,-1
161,20,1478.44,669.08,272.68,210.80,1,-1,-1,-1
161,23,567.99,453.20,263.87,446.99,1,-1,-1,-1
161,24,1244.49,451.90,264.41,434.57,1,-1,-1,-1
161,25,1493.65,690.10,273.60,193.26,1,-1,-1,-1
161,26,1172.55,418.45,320.71,477.41,1,-1,-1,-1
161,27,699.32,428.29,226.39,482.71,1,-1,-1,-1
161,28,571.02,456.76,257.71,443.52,1,-1,-1,-1
162,4,1102.45,404.99,296.95,499.15,1,-1,-1,-1
162,12,870.34,439.93,294.20,464.72,1,-1,-1,-1
162,15,728.65,418.87,299.89,485.24,1,-1,-1,-1
162,18,973.22,510.12,208.51,379.40,1,-1,-1,-1
162,20,1475.81,680.58,269.48,201.95,1,-1,-1,-1
162,23,568.78,451.90,253.32,446.74,1,-1,-1,-1
162,24,1238.21,449.90,279.84,439.80,1,-1,-1,-1
162,25,1477.39,683.11,271.91,200.75,1,-1,-1,-1
162,26,1172.55,418.45,320.71,477.41,1,-1,-1,-1
162,27,699.32,428.29,226.39,482.71,1,-1,-1,-1
162,28,571.02,456.76,257.71,443.52,1,-1,-1,-1
163,4,1092.45,406.86,296.94,495.31,1,-1,-1,-1
163,12,870.34,439.93,294.20,464.72,1,-1,-1,-1
163,15,720.48,415.37,319.17,489.38,1,-1,-1,-1
163,18,970.15,495.72,204.01,395.48,1,-1,-1,-1
163,20,1471.99,677.84,266.14,203.76,1,-1,-1,-1
163,23,568.27,449.76,252.33,448.65,1,-1,-1,-1
163,24,1247.86,449.60,274.66,434.44,1,-1,-1,-1
163,25,1477.39,683.11,271.91,200.75,1,-1,-1,-1
163,26,1172.55,418.45,320.71,477.41,1,-1,-1,-1
163,27,699.32,428.29,226.39,482.71,1,-1,-1,-1
163,28,571.02,456.76,257.71,443.52,1,-1,-1,-1
164,4,1060.49,405.81,333.17,492.47,1,-1,-1,-1
164,12,870.34,439.93,294.20,464.72,1,-1,-1,-1
164,15,711.11,409.76,337.42,490.65,1,-1,-1,-1
164,18,961.76,483.18,220.50,409.00,1,-1,-1,-1
164,20,1468.21,679.54,271.84,202.09,1,-1,-1,-1
164,23,570.55,447.01,236.81,449.54,1,-1,-1,-1
164,24,1235.14,460.52,286.75,412.74,1,-1,-1,-1
164,25,1477.39,683.11,271.91,200.75,1,-1,-1,-1
164,26,1172.55,418.45,320.71,477.41,1,-1,-1,-1
164,27,699.32,428.29,226.39,482.71,1,-1,-1,-1
164,28,571.02,456.76,257.71,443.52,1,-1,-1,-1
165,4,1038.99,402.18,349.33,494.58,1,-1,-1,-1
165,12,870.34,439.93,294.20,464.72,1,-1,-1,-1
165,15,712.06,408.17,304.96,488.34,1,-1,-1,-1
165,18,957.57,479.25,232.53,410.56,1,-1,-1,-1
165,20,1468.21,679.54,271.84,202.09,1,-1,-1,-1
165,23,579.47,437.67,213.83,455.65,1,-1,-1,-1
165,24,1224.09,454.53,283.48,421.42,1,-1,-1,-1
165,25,1459.19,683.51,270.00,199.16,1,-1,-1,-1
165,26,1172.55,418.45,320.71,477.41,1,-1,-1,-1
165,27,699.32,428.29,226.39,482.71,1,-1,-1,-1
165,28,571.02,456.76,257.71,443.52,1,-1,-1,-1
166,4,1035.26,402.29,363.67,490.27,1,-1,-1,-1
166,12,870.34,439.93,294.20,464.72,1,-1,-1,-1
166,15,727.66,404.26,279.74,491.41,1,-1,-1,-1
166,18,961.54,472.00,227.74,419.24,1,-1,-1,-1
166,20,1468.21,679.54,271.84,202.09,1,-1,-1,-1
166,23,585.27,431.87,200.17,461.47,1,-1,-1,-1
166,24,1231.73,452.08,255.88,421.79,1,-1,-1,-1
166,25,1457.01,686.16,265.87,196.69,1,-1,-1,-1
166,26,1172.55,418.45,320.71,477.41,1,-1,-1,-1
166,27,699.32,428.29,226.39,482.71,1,-1,-1,-1
166,28,571.02,456.76,257.71,443.52,1,-1,-1,-1
167,4,1036.30,402.68,354.07,491.04,1,-1,-1,-1
167,12,870.34,439.93,294.20,464.72,1,-1,-1,-1
167,15,743.42,401.66,256.95,494.10,1,-1,-1,-1
167,18,971.03,468.54,197.98,417.94,1,-1,-1,-1
167,20,1468.21,679.54,271.84,202.09,1,-1,-1,-1
167,23,596.37,438.48,182.25,452.27,1,-1,-1,-1
167,24,1226.20,438.10,243.48,435.89,1,-1,-1,-1
167,25,1453.96,690.31,266.84,193.88,1,-1,-1,-1
167,26,1172.55,418.45,320.71,477.41,1,-1,-1,-1
167,27,699.32,428.29,226.39,482.71,1,-1,-1,-1
167,28,571.02,456.76,257.71,443.52,1,-1,-1,-1
168,4,1038.24,400.17,339.72,497.66,1,-1,-1,-1
168,12,870.34,439.93,294.20,464.72,1,-1,-1,-1
168,15,751.56,395.31,246.23,502.67,1,-1,-1,-1
168,18,983.36,462.34,177.51,422.99,1,-1,-1,-1
168,20,1468.21,679.54,271.84,202.09,1,-1,-1,-1
168,23,618.00,441.86,156.50,449.45,1,-1,-1,-1
168,24,1220.94,435.90,226.67,441.12,1,-1,-1,-1
168,25,1453.50,691.99,262.61,191.75,1,-1,-1,-1
168,26,1172.55,418.45,320.71,477.41,1,-1,-1,-1
168,27,699.32,428.29,226.39,482.71,1,-1,-1,-1
168,28,571.02,456.76,257.71,443.52,1,-1,-1,-1
169,4,1043.04,396.04,316.89,500.34,1,-1,-1,-1
169,12,870.34,439.93,294.20,464.72,1,-1,-1,-1
169,15,760.61,387.44,241.09,510.15,1,-1,-1,-1
169,18,991.03,446.44,172.76,444.34,1,-1,-1,-1
169,20,1468.21,679.54,271.84,202.09,1,-1,-1,-1
169,23,624.17,440.44,147.58,450.05,1,-1,-1,-1
169,24,1226.22,438.83,202.68,440.08,1,-1,-1,-1
169,25,1450.78,690.59,261.46,190.04,1,-1,-1,-1
169,26,1172.55,418.45,320.71,477.41,1,-1,-1,-1
169,27,699.32,428.29,226.39,482.71,1,-1,-1,-1
169,28,571.02,456.76,257.71,443.52,1,-1,-1,-1
170,4,1050.29,390.50,281.19,495.15,1,-1,-1,-1
170,12,870.34,439.93,294.20,464.72,1,-1,-1,-1
170,15,741.35,370.15,261.40,527.29,1,-1,-1,-1
170,18,981.33,442.64,186.79,450.57,1,-1,-1,-1
170,20,1468.21,679.54,271.84,202.09,1,-1,-1,-1
170,23,609.47,434.39,156.68,452.33,1,-1,-1,-1
170,24,1218.53,432.92,192.26,446.69,1,-1,-1,-1
170,25,1443.78,682.56,261.07,197.60,1,-1,-1,-1
170,26,1172.55,418.45,320.71,477.41,1,-1,-1,-1
170,27,699.32,428.29,226.39,482.71,1,-1,-1,-1
170,28,571.02,456.76,257.71,443.52,1,-1,-1,-1
170,30,559.80,645.61,198.53,238.67,1,-1,-1,-1
171,4,1055.51,388.10,259.81,496.44,1,-1,-1,-1
171,12,870.34,439.93,294.20,464.72,1,-1,-1,-1
171,15,686.51,387.05,311.95,505.36,1,-1,-1,-1
171,18,951.88,493.26,215.10,399.59,1,-1,-1,-1
171,20,1468.21,679.54,271.84,202.09,1,-1,-1,-1
171,23,563.66,441.04,201.42,446.22,1,-1,-1,-1
171,24,1210.06,441.44,195.04,438.33,1,-1,-1,-1
171,25,1436.21,676.80,263.70,205.76,1,-1,-1,-1
171,26,1172.55,418.45,320.71,477.41,1,-1,-1,-1
171,27,699.32,428.29,226.39,482.71,1,-1,-1,-1
171,28,571.02,456.76,257.71,443.52,1,-1,-1,-1
171,30,554.80,628.19,203.86,257.56,1,-1,-1,-1
172,4,1058.64,389.22,242.46,490.50,1,-1,-1,-1
172,12,870.34,439.93,294.20,464.72,1,-1,-1,-1
172,15,685.10,401.94,300.50,493.29,1,-1,-1,-1
172,18,1048.02,398.24,243.32,484.59,1,-1,-1,-1
172,20,1468.21,679.54,271.84,202.09,1,-1,-1,-1
172,23,547.28,443.34,241.51,440.59,1,-1,-1,-1
172,24,1204.80,440.28,197.48,439.55,1,-1,-1,-1
172,25,1430.10,679.21,264.07,204.44,1,-1,-1,-1
172,26,1172.55,418.45,320.71,477.41,1,-1,-1,-1
172,27,699.32,428.29,226.39,482.71,1,-1,-1,-1
172,28,571.02,456.76,257.71,443.52,1,-1,-1,-1
172,30,554.80,628.19,203.86,257.56,1,-1,-1,-1
173,4,1064.90,383.98,228.08,499.93,1,-1,-1,-1
173,12,870.34,439.93,294.20,464.72,1,-1,-1,-1
173,15,655.34,411.48,312.45,489.51,1,-1,-1,-1
173,18,1066.12,390.95,228.69,492.82,1,-1,-1,-1
173,20,1468.21,679.54,271.84,202.09,1,-1,-1,-1
173,23,539.99,444.74,252.17,441.14,1,-1,-1,-1
173,24,1201.37,442.92,196.63,438.04,1,-1,-1,-1
173,25,1426.99,683.33,260.06,199.67,1,-1,-1,-1
173,26,1172.55,418.45,320.71,477.41,1,-1,-1,-1
173,27,699.32,428.29,226.39,482.71,1,-1,-1,-1
173,28,571.02,456.76,257.71,443.52,1,-1,-1,-1
173,29,923.74,525.90,241.21,368.49,1,-1,-1,-1
173,30,554.80,628.19,203.86,257.56,1,-1,-1,-1
174,4,1069.27,384.13,216.38,500.66,1,-1,-1,-1
174,12,870.34,439.93,294.20,464.72,1,-1,-1,-1
174,15,646.77,426.37,318.16,471.65,1,-1,-1,-1
174,18,1066.12,390.95,228.69,492.82,1,-1,-1,-1
174,20,1468.21,679.54,271.84,202.09,1,-1,-1,-1
174,23,542.03,455.78,218.30,432.02,1,-1,-1,-1
174,24,1201.84,445.89,190.71,436.79,1,-1,-1,-1
174,25,1424.76,683.82,259.59,198.63,1,-1,-1,-1
174,26,1172.55,418.45,320.71,477.41,1,-1,-1,-1
174,27,699.32,428.29,226.39,482.71,1,-1,-1,-1
174,28,571.02,456.76,257.71,443.52,1,-1,-1,-1
174,29,923.14,537.74,232.77,357.31,1,-1,-1,-1
174,30,554.80,628.19,203.86,257.56,1,-1,-1,-1
175,4,1074.76,391.65,204.03,496.34,1,-1,-1,-1
175,15,637.76,449.05,327.56,447.97,1,-1,-1,-1
175,18,1066.12,390.95,228.69,492.82,1,-1,-1,-1
175,20,1468.21,679.54,271.84,202.09,1,-1,-1,-1
175,23,541.98,457.37,203.82,437.98,1,-1,-1,-1
175,24,1200.39,443.87,186.92,435.47,1,-1,-1,-1
175,25,1417.20,685.51,261.35,196.21,1,-1,-1,-1
175,26,1172.55,418.45,320.71,477.41,1,-1,-1,-1
175,27,699.32,428.29,226.39,482.71,1,-1,-1,-1
175,28,571.02,456.76,257.71,443.52,1,-1,-1,-1
175,29,908.62,534.68,237.71,361.39,1,-1,-1,-1
175,30,542.08,641.20,165.99,249.15,1,-1,-1,-1
176,4,1076.25,394.94,200.90,496.43,1,-1,-1,-1
176,15,641.16,450.31,313.02,447.54,1,-1,-1,-1
176,18,1066.12,390.95,228.69,492.82,1,-1,-1,-1
176,20,1468.21,679.54,271.84,202.09,1,-1,-1,-1
176,23,526.37,453.82,218.15,441.17,1,-1,-1,-1
176,24,1200.92,440.32,182.46,435.86,1,-1,-1,-1
176,25,1413.36,687.78,262.36,195.04,1,-1,-1,-1
176,26,1172.55,418.45,320.71,477.41,1,-1,-1,-1
176,27,699.32,428.29,226.39,482.71,1,-1,-1,-1
176,28,571.02,456.76,257.71,443.52,1,-1,-1,-1
176,29,900.32,524.60,243.52,367.42,1,-1,-1,-1
176,30,542.08,641.20,165.99,249.15,1,-1,-1,-1
177,4,1072.21,399.14,209.11,494.73,1,-1,-1,-1
177,15,633.25,446.96,325.29,450.52,1,-1,-1,-1
177,18,1066.12,390.95,228.69,492.82,1,-1,-1,-1
177,20,1468.21,679.54,271.84,202.09,1,-1,-1,-1
177,23,501.32,457.34,271.80,438.45,1,-1,-1,-1
177,24,1195.69,442.65,186.98,435.06,1,-1,-1,-1
177,25,1410.88,688.00,259.17,196.94,1,-1,-1,-1
177,27,699.32,428.29,226.39,482.71,1,-1,-1,-1
177,28,571.02,456.76,257.71,443.52,1,-1,-1,-1
177,29,890.19,515.02,248.33,372.95,1,-1,-1,-1
177,30,542.08,641.20,165.99,249.15,1,-1,-1,-1
178,4,1067.88,402.48,211.97,494.03,1,-1,-1,-1
178,15,621.76,444.25,321.00,456.73,1,-1,-1,-1
178,18,1066.12,390.95,228.69,492.82,1,-1,-1,-1
178,20,1410.96,690.87,262.33,192.54,1,-1,-1,-1
178,23,497.07,455.92,285.67,441.32,1,-1,-1,-1
178,24,1185.08,436.13,193.21,440.77,1,-1,-1,-1
178,25,1404.65,692.87,262.77,191.97,1,-1,-1,-1
178,27,699.32,428.29,226.39,482.71,1,-1,-1,-1
178,28,571.02,456.76,257.71,443.52,1,-1,-1,-1
178,29,875.90,502.44,256.26,380.29,1,-1,-1,-1
178,30,499.75,468.68,277.86,427.25,1,-1,-1,-1
179,4,1065.02,405.31,222.52,492.36,1,-1,-1,-1
179,15,833.42,494.38,269.32,387.04,1,-1,-1,-1
179,18,1066.12,390.95,228.69,492.82,1,-1,-1,-1
179,20,1404.98,692.85,258.89,192.04,1,-1,-1,-1
179,23,487.94,438.09,272.54,454.76,1,-1,-1,-1
179,24,1180.85,440.98,191.70,436.75,1,-1,-1,-1
179,25,1404.65,692.87,262.77,191.97,1,-1,-1,-1
179,27,699.32,428.29,226.39,482.71,1,-1,-1,-1
179,28,571.02,456.76,257.71,443.52,1,-1,-1,-1
179,29,860.64,496.72,257.37,385.38,1,-1,-1,-1
179,30,596.49,438.89,330.28,461.78,1,-1,-1,-1
180,4,1062.16,406.27,230.80,494.89,1,-1,-1,-1
180,15,636.34,403.12,310.08,494.19,1,-1,-1,-1
180,18,1066.12,390.95,228.69,492.82,1,-1,-1,-1
180,20,1405.03,692.05,257.25,192.99,1,-1,-1,-1
180,23,498.11,408.81,257.61,485.61,1,-1,-1,-1
180,24,1180.41,452.69,195.74,428.21,1,-1,-1,-1
180,25,1404.65,692.87,262.77,191.97,1,-1,-1,-1
180,27,699.32,428.29,226.39,482.71,1,-1,-1,-1
180,28,571.02,456.76,257.71,443.52,1,-1,-1,-1
180,29,856.09,471.21,263.09,416.21,1,-1,-1,-1
180,30,509.07,408.80,251.20,489.15,1,-1,-1,-1
181,4,1059.94,408.09,233.70,494.36,1,-1,-1,-1
181,15,615.86,381.89,307.33,518.35,1,-1,-1,-1
181,18,1066.12,390.95,228.69,492.82,1,-1,-1,-1
181,20,1404.01,692.62,260.44,193.14,1,-1,-1,-1
181,23,503.01,401.44,250.64,492.76,1,-1,-1,-1
181,24,1178.69,450.89,208.64,426.93,1,-1,-1,-1
181,25,1404.65,692.87,262.77,191.97,1,-1,-1,-1
181,27,699.32,428.29,226.39,482.71,1,-1,-1,-1
181,28,571.02,456.76,257.71,443.52,1,-1,-1,-1
181,29,859.32,474.15,265.01,414.67,1,-1,-1,-1
181,30,503.99,399.32,237.92,498.87,1,-1,-1,-1
182,4,1062.90,409.78,251.42,488.30,1,-1,-1,-1
182,15,613.93,373.14,301.00,526.22,1,-1,-1,-1
182,18,1066.12,390.95,228.69,492.82,1,-1,-1,-1
182,20,1404.01,693.75,260.64,190.85,1,-1,-1,-1
182,23,506.07,397.67,244.41,495.27,1,-1,-1,-1
182,24,1185.64,451.91,204.29,419.54,1,-1,-1,-1
182,25,1404.65,692.87,262.77,191.97,1,-1,-1,-1
182,27,699.32,428.29,226.39,482.71,1,-1,-1,-1
182,28,571.02,456.76,257.71,443.52,1,-1,-1,-1
182,29,859.32,474.15,265.01,414.67,1,-1,-1,-1
182,30,505.94,395.74,231.35,501.39,1,-1,-1,-1
183,4,1075.62,406.66,276.83,494.34,1,-1,-1,-1
183,15,611.48,364.88,296.91,536.16,1,-1,-1,-1
183,18,1066.12,390.95,228.69,492.82,1,-1,-1,-1
183,20,1402.64,694.09,261.88,190.85,1,-1,-1,-1
183,23,507.19,397.89,245.82,495.98,1,-1,-1,-1
183,24,1185.90,452.57,200.37,418.22,1,-1,-1,-1
183,25,1404.65,692.87,262.77,191.97,1,-1,-1,-1
183,27,699.32,428.29,226.39,482.71,1,-1,-1,-1
183,28,571.02,456.76,257.71,443.52,1,-1,-1,-1
183,29,859.32,474.15,265.01,414.67,1,-1,-1,-1
183,30,507.01,397.15,230.42,500.05,1,-1,-1,-1
183,31,863.09,518.08,236.69,368.65,1,-1,-1,-1
184,4,1078.59,406.72,291.10,493.80,1,-1,-1,-1
184,15,613.30,362.15,289.56,540.76,1,-1,-1,-1
184,18,1066.12,390.95,228.69,492.82,1,-1,-1,-1
184,20,1402.09,694.38,261.91,191.66,1,-1,-1,-1
184,23,506.53,393.72,241.22,499.21,1,-1,-1,-1
184,24,1189.60,453.90,202.01,433.90,1,-1,-1,-1
184,25,1404.65,692.87,262.77,191.97,1,-1,-1,-1
184,27,699.32,428.29,226.39,482.71,1,-1,-1,-1
184,28,571.02,456.76,257.71,443.52,1,-1,-1,-1
184,29,859.32,474.15,265.01,414.67,1,-1,-1,-1
184,30,505.53,391.68,231.67,505.45,1,-1,-1,-1
184,31,865.41,518.07,212.70,370.45,1,-1,-1,-1
185,4,1080.57,422.04,298.81,477.98,1,-1,-1,-1
185,15,616.79,367.85,277.56,533.34,1,-1,-1,-1
185,18,1066.12,390.95,228.69,492.82,1,-1,-1,-1
185,20,1400.34,690.88,266.46,195.82,1,-1,-1,-1
185,23,505.18,391.18,229.53,506.36,1,-1,-1,-1
185,24,1191.76,466.66,206.57,418.07,1,-1,-1,-1
185,25,1404.65,692.87,262.77,191.97,1,-1,-1,-1
185,28,571.02,456.76,257.71,443.52,1,-1,-1,-1
185,29,859.32,474.15,265.01,414.67,1,-1,-1,-1
185,30,505.53,391.68,231.67,505.45,1,-1,-1,-1
185,31,867.89,507.16,188.06,383.30,1,-1,-1,-1
186,4,1080.99,415.33,295.44,484.70,1,-1,-1,-1
186,15,618.90,371.06,276.15,530.59,1,-1,-1,-1
186,18,1066.12,390.95,228.69,492.82,1,-1,-1,-1
186,20,1396.78,692.14,274.01,194.97,1,-1,-1,-1
186,23,504.75,390.85,228.76,506.92,1,-1,-1,-1
186,24,1188.72,448.70,212.56,437.88,1,-1,-1,-1
186,25,1404.65,692.87,262.77,191.97,1,-1,-1,-1
186,28,571.02,456.76,257.71,443.52,1,-1,-1,-1
186,29,859.32,474.15,265.01,414.67,1,-1,-1,-1
186,30,505.53,391.68,231.67,505.45,1,-1,-1,-1
186,31,869.64,497.11,182.57,392.35,1,-1,-1,-1
187,4,1073.62,375.35,300.97,520.69,1,-1,-1,-1
187,15,615.89,382.03,279.48,518.24,1,-1,-1,-1
187,18,1066.12,390.95,228.69,492.82,1,-1,-1,-1
187,20,1399.11,684.35,269.87,201.09,1,-1,-1,-1
187,23,504.53,395.63,225.48,501.00,1,-1,-1,-1
187,24,1198.67,432.69,202.01,455.42,1,-1,-1,-1
187,25,1404.65,692.87,262.77,191.97,1,-1,-1,-1
187,28,571.02,456.76,257.71,443.52,1,-1,-1,-1
187,29,859.32,474.15,265.01,414.67,1,-1,-1,-1
187,30,505.53,391.68,231.67,505.45,1,-1,-1,-1
187,31,864.34,483.72,188.42,408.70,1,-1,-1,-1
188,4,1071.88,363.07,304.82,531.98,1,-1,-1,-1
188,15,619.38,386.58,275.10,516.42,1,-1,-1,-1
188,18,1066.12,390.95,228.69,492.82,1,-1,-1,-1
188,20,1400.73,688.17,262.05,196.33,1,-1,-1,-1
188,23,504.31,399.14,230.11,496.08,1,-1,-1,-1
188,24,1204.00,434.13,195.49,453.74,1,-1,-1,-1
188,25,1404.65,692.87,262.77,191.97,1,-1,-1,-1
188,28,571.02,456.76,257.71,443.52,1,-1,-1,-1
188,29,859.32,474.15,265.01,414.67,1,-1,-1,-1
188,30,504.14,400.44,240.50,491.78,1,-1,-1,-1
188,31,862.94,477.70,194.05,412.37,1,-1,-1,-1
189,4,1069.55,370.06,306.47,526.96,1,-1,-1,-1
189,15,621.44,405.10,274.51,498.87,1,-1,-1,-1
189,18,1066.12,390.95,228.69,492.82,1,-1,-1,-1
189,20,1401.81,688.95,257.59,193.94,1,-1,-1,-1
189,23,507.47,416.76,219.90,476.05,1,-1,-1,-1
189,24,1193.74,443.98,202.26,442.10,1,-1,-1,-1
189,25,1404.65,692.87,262.77,191.97,1,-1,-1,-1
189,28,571.02,456.76,257.71,443.52,1,-1,-1,-1
189,29,859.32,474.15,265.01,414.67,1,-1,-1,-1
189,30,504.14,400.44,240.50,491.78,1,-1,-1,-1
189,31,876.40,469.67,193.77,413.18,1,-1,-1,-1
190,4,1057.26,393.93,306.51,502.49,1,-1,-1,-1
190,15,644.71,418.02,250.79,470.98,1,-1,-1,-1
190,18,1066.12,390.95,228.69,492.82,1,-1,-1,-1
190,20,1398.82,694.30,266.26,188.26,1,-1,-1,-1
190,23,516.39,449.67,202.67,443.45,1,-1,-1,-1
190,24,1221.10,452.52,165.07,422.16,1,-1,-1,-1
190,25,1404.65,692.87,262.77,191.97,1,-1,-1,-1
190,28,571.02,456.76,257.71,443.52,1,-1,-1,-1
190,29,859.32,474.15,265.01,414.67,1,-1,-1,-1
190,30,504.14,400.44,240.50,491.78,1,-1,-1,-1
190,31,907.99,496.06,152.74,390.81,1,-1,-1,-1
191,4,1051.38,417.73,255.25,482.23,1,-1,-1,-1
191,15,656.35,427.90,223.64,461.93,1,-1,-1,-1
191,18,1066.12,390.95,228.69,492.82,1,-1,-1,-1
191,20,1402.24,688.23,255.71,194.00,1,-1,-1,-1
191,23,518.45,452.36,198.18,438.21,1,-1,-1,-1
191,24,1224.62,455.22,150.31,434.30,1,-1,-1,-1
191,25,1404.65,692.87,262.77,191.97,1,-1,-1,-1
191,28,571.02,456.76,257.71,443.52,1,-1,-1,-1
191,29,859.32,474.15,265.01,414.67,1,-1,-1,-1
191,30,504.14,400.44,240.50,491.78,1,-1,-1,-1
191,31,910.86,503.82,142.12,387.48,1,-1,-1,-1
192,4,1052.63,419.84,256.16,478.65,1,-1,-1,-1
192,15,543.39,539.58,185.26,352.35,1,-1,-1,-1
192,18,1066.12,390.95,228.69,492.82,1,-1,-1,-1
192,20,1401.53,689.02,255.14,193.34,1,-1,-1,-1
192,23,518.69,452.32,191.61,440.14,1,-1,-1,-1
192,24,1217.75,458.81,207.88,435.35,1,-1,-1,-1
192,25,1404.65,692.87,262.77,191.97,1,-1,-1,-1
192,29,707.51,440.09,196.38,456.49,1,-1,-1,-1
192,30,517.45,446.65,187.72,443.49,1,-1,-1,-1
192,31,912.90,507.28,142.54,383.68,1,-1,-1,-1
193,4,1045.30,419.98,310.17,481.01,1,-1,-1,-1
193,15,474.84,453.99,215.03,437.34,1,-1,-1,-1
193,18,1066.12,390.95,228.69,492.82,1,-1,-1,-1
193,20,1399.89,687.98,259.58,195.10,1,-1,-1,-1
193,23,549.65,606.96,161.28,282.53,1,-1,-1,-1
193,24,1227.52,458.98,253.42,432.73,1,-1,-1,-1
193,25,1404.65,692.87,262.77,191.97,1,-1,-1,-1
193,29,692.51,443.42,188.89,454.25,1,-1,-1,-1
193,30,517.45,446.65,187.72,443.49,1,-1,-1,-1
193,31,910.74,504.17,165.57,384.89,1,-1,-1,-1
194,4,996.36,420.68,388.32,479.00,1,-1,-1,-1
194,15,426.72,439.97,267.22,449.25,1,-1,-1,-1
194,18,1066.12,390.95,228.69,492.82,1,-1,-1,-1
194,20,1400.20,683.40,257.07,200.36,1,-1,-1,-1
194,23,555.80,617.44,155.79,272.24,1,-1,-1,-1
194,24,1221.18,471.01,279.91,419.42,1,-1,-1,-1
194,25,1234.48,493.73,285.34,396.98,1,-1,-1,-1
194,29,680.76,442.80,206.30,454.61,1,-1,-1,-1
194,30,517.45,446.65,187.72,443.49,1,-1,-1,-1
194,31,891.58,497.86,208.76,389.01,1,-1,-1,-1
195,4,955.79,409.60,400.54,491.92,1,-1,-1,-1
195,15,407.92,432.85,306.77,456.24,1,-1,-1,-1
195,18,1066.12,390.95,228.69,492.82,1,-1,-1,-1
195,20,1400.81,678.38,258.18,205.44,1,-1,-1,-1
195,23,555.80,617.44,155.79,272.24,1,-1,-1,-1
195,24,1224.07,461.49,269.79,429.49,1,-1,-1,-1
195,25,1234.48,493.73,285.34,396.98,1,-1,-1,-1
195,29,629.47,431.56,323.88,467.91,1,-1,-1,-1
195,30,517.45,446.65,187.72,443.49,1,-1,-1,-1
195,31,878.50,475.68,227.21,415.83,1,-1,-1,-1
196,4,965.04,404.52,411.37,496.46,1,-1,-1,-1
196,15,414.35,430.50,315.92,459.44,1,-1,-1,-1
196,18,1066.12,390.95,228.69,492.82,1,-1,-1,-1
196,20,1404.25,689.49,260.24,193.42,1,-1,-1,-1
196,23,555.80,617.44,155.79,272.24,1,-1,-1,-1
196,24,1225.00,451.36,269.70,436.23,1,-1,-1,-1
196,25,1234.48,493.73,285.34,396.98,1,-1,-1,-1
196,29,619.81,427.70,336.97,471.24,1,-1,-1,-1
196,30,517.45,446.65,187.72,443.49,1,-1,-1,-1
196,31,871.47,475.08,229.44,417.19,1,-1,-1,-1
197,4,987.40,399.46,380.43,500.86,1,-1,-1,-1
197,15,419.94,429.45,310.75,460.95,1,-1,-1,-1
197,18,1066.12,390.95,228.69,492.82,1,-1,-1,-1
197,20,1401.79,684.89,257.65,199.38,1,-1,-1,-1
197,23,555.80,617.44,155.79,272.24,1,-1,-1,-1
197,24,1225.40,447.13,260.53,440.77,1,-1,-1,-1
197,25,1220.27,461.03,264.65,426.10,1,-1,-1,-1
197,29,623.78,424.63,314.98,474.85,1,-1,-1,-1
197,30,517.45,446.65,187.72,443.49,1,-1,-1,-1
197,31,871.75,464.10,233.91,430.20,1,-1,-1,-1
198,4,1019.48,398.99,310.65,503.51,1,-1,-1,-1
198,15,427.20,429.11,307.49,462.16,1,-1,-1,-1
198,18,1066.12,390.95,228.69,492.82,1,-1,-1,-1
198,20,1394.77,683.31,265.75,198.43,1,-1,-1,-1
198,23,555.80,617.44,155.79,272.24,1,-1,-1,-1
198,24,1210.57,444.08,267.14,444.28,1,-1,-1,-1
198,25,1206.78,446.90,268.54,440.39,1,-1,-1,-1
198,29,639.13,419.86,270.05,479.75,1,-1,-1,-1
198,30,517.45,446.65,187.72,443.49,1,-1,-1,-1
198,31,847.64,466.68,265.78,420.87,1,-1,-1,-1
199,4,1031.09,401.22,287.18,498.84,1,-1,-1,-1
199,15,426.73,430.58,303.48,457.80,1,-1,-1,-1
199,18,1066.12,390.95,228.69,492.82,1,-1,-1,-1
199,20,1390.16,685.33,270.55,196.92,1,-1,-1,-1
199,23,555.80,617.44,155.79,272.24,1,-1,-1,-1
199,24,1210.57,444.08,267.14,444.28,1,-1,-1,-1
199,25,1192.23,450.27,273.53,438.36,1,-1,-1,-1
199,29,625.32,418.97,260.24,478.87,1,-1,-1,-1
199,30,517.45,446.65,187.72,443.49,1,-1,-1,-1
199,31,849.35,468.50,244.53,424.23,1,-1,-1,-1
200,4,1025.97,413.31,254.15,489.42,1,-1,-1,-1
200,15,432.34,438.10,297.74,452.62,1,-1,-1,-1
200,18,1066.12,390.95,228.69,492.82,1,-1,-1,-1
200,20,1398.87,692.37,264.10,188.86,1,-1,-1,-1
200,23,555.80,617.44,155.79,272.24,1,-1,-1,-1
200,24,1379.03,662.31,262.72,219.32,1,-1,-1,-1
200,25,1188.66,459.54,229.73,425.77,1,-1,-1,-1
200,29,624.65,430.90,258.85,464.90,1,-1,-1,-1
200,30,517.45,446.65,187.72,443.49,1,-1,-1,-1
200,31,852.98,479.34,257.74,410.26,1,-1,-1,-1
201,4,1025.19,412.89,251.39,484.51,1,-1,-1,-1
201,15,448.06,437.01,273.44,451.72,1,-1,-1,-1
201,18,1066.12,390.95,228.69,492.82,1,-1,-1,-1
201,20,1371.47,686.67,287.22,195.23,1,-1,-1,-1
201,23,555.80,617.44,155.79,272.24,1,-1,-1,-1
201,24,1379.03,662.31,262.72,219.32,1,-1,-1,-1
201,25,1189.52,453.57,238.12,436.28,1,-1,-1,-1
201,29,611.91,426.97,261.65,473.01,1,-1,-1,-1
201,30,517.45,446.65,187.72,443.49,1,-1,-1,-1
201,31,887.74,489.47,235.70,399.67,1,-1,-1,-1
201,32,762.75,665.95,187.74,219.80,1,-1,-1,-1
202,4,1027.34,406.00,249.83,491.32,1,-1,-1,-1
202,15,451.27,431.69,255.39,461.28,1,-1,-1,-1
202,18,1066.12,390.95,228.69,492.82,1,-1,-1,-1
202,20,1379.92,685.49,277.68,196.56,1,-1,-1,-1
202,23,555.80,617.44,155.79,272.24,1,-1,-1,-1
202,24,1379.03,662.31,262.72,219.32,1,-1,-1,-1
202,25,1195.30,449.28,221.44,439.05,1,-1,-1,-1
202,29,593.92,419.15,279.15,484.72,1,-1,-1,-1
202,30,468.70,434.53,240.77,458.13,1,-1,-1,-1
202,31,896.68,493.85,235.48,394.53,1,-1,-1,-1
202,32,761.81,658.81,178.42,226.88,1,-1,-1,-1
203,4,1027.34,406.00,249.83,491.32,1,-1,-1,-1
203,15,450.30,425.44,254.59,468.12,1,-1,-1,-1
203,18,1066.12,390.95,228.69,492.82,1,-1,-1,-1
203,20,1385.65,683.74,271.81,197.93,1,-1,-1,-1
203,23,555.80,617.44,155.79,272.24,1,-1,-1,-1
203,24,1379.03,662.31,262.72,219.32,1,-1,-1,-1
203,25,1189.09,447.78,231.29,439.78,1,-1,-1,-1
203,29,589.65,406.21,285.11,497.63,1,-1,-1,-1
203,30,468.70,434.53,240.77,458.13,1,-1,-1,-1
203,31,893.42,479.60,235.19,410.69,1,-1,-1,-1
203,32,759.11,659.42,194.23,225.43,1,-1,-1,-1
204,4,1027.34,406.00,249.83,491.32,1,-1,-1,-1
204,15,449.08,424.34,239.59,467.62,1,-1,-1,-1
204,20,1389.00,684.19,267.43,197.24,1,-1,-1,-1
204,23,555.80,617.44,155.79,272.24,1,-1,-1,-1
204,24,1379.03,662.31,262.72,219.32,1,-1,-1,-1
204,25,1181.65,448.99,230.99,436.90,1,-1,-1,-1
204,29,588.94,399.75,282.05,502.87,1,-1,-1,-1
204,30,468.70,434.53,240.77,458.13,1,-1,-1,-1
204,31,898.91,471.49,231.74,416.77,1,-1,-1,-1
204,32,771.58,665.41,156.52,211.65,1,-1,-1,-1
204,33,1031.30,393.92,250.39,509.34,1,-1,-1,-1
205,4,1027.34,406.00,249.83,491.32,1,-1,-1,-1
205,15,449.32,421.85,206.54,468.70,1,-1,-1,-1
205,20,1392.36,686.06,261.77,192.42,1,-1,-1,-1
205,23,555.80,617.44,155.79,272.24,1,-1,-1,-1
205,24,1379.03,662.31,262.72,219.32,1,-1,-1,-1
205,25,1195.68,446.63,238.49,444.85,1,-1,-1,-1
205,29,589.43,394.57,249.80,505.08,1,-1,-1,-1
205,30,468.70,434.53,240.77,458.13,1,-1,-1,-1
205,31,942.84,467.76,209.53,416.16,1,-1,-1,-1
205,32,781.16,667.99,133.07,211.75,1,-1,-1,-1
205,33,1102.69,385.90,188.66,503.80,1,-1,-1,-1
206,4,1027.34,406.00,249.83,491.32,1,-1,-1,-1
206,15,448.91,424.50,193.31,465.70,1,-1,-1,-1
206,20,1393.84,691.24,264.49,187.59,1,-1,-1,-1
206,23,555.80,617.44,155.79,272.24,1,-1,-1,-1
206,24,1379.03,662.31,262.72,219.32,1,-1,-1,-1
206,25,1203.98,448.82,229.16,445.25,1,-1,-1,-1
206,29,584.06,400.37,230.57,496.76,1,-1,-1,-1
206,30,468.70,434.53,240.77,458.13,1,-1,-1,-1
206,31,967.81,472.13,210.31,416.40,1,-1,-1,-1
206,32,733.86,670.00,178.70,213.48,1,-1,-1,-1
206,33,1147.93,386.64,158.70,505.36,1,-1,-1,-1
207,4,967.27,474.23,215.85,413.14,1,-1,-1,-1
207,15,448.74,426.43,182.00,465.76,1,-1,-1,-1
207,20,1393.18,687.52,259.31,189.63,1,-1,-1,-1
207,23,555.80,617.44,155.79,272.24,1,-1,-1,-1
207,24,1379.03,662.31,262.72,219.32,1,-1,-1,-1
207,25,1201.82,452.92,234.96,439.19,1,-1,-1,-1
207,29,584.83,401.83,213.40,497.01,1,-1,-1,-1
207,30,468.70,434.53,240.77,458.13,1,-1,-1,-1
207,31,958.86,618.26,187.57,261.54,1,-1,-1,-1
207,32,718.61,674.86,190.70,205.99,1,-1,-1,-1
207,33,1157.59,388.55,162.12,505.17,1,-1,-1,-1
208,4,967.27,474.23,215.85,413.14,1,-1,-1,-1
208,15,444.91,441.94,188.09,453.00,1,-1,-1,-1
208,20,1392.60,688.23,267.09,189.52,1,-1,-1,-1
208,23,555.80,617.44,155.79,272.24,1,-1,-1,-1
208,24,1379.03,662.31,262.72,219.32,1,-1,-1,-1
208,25,1188.95,460.65,249.05,434.18,1,-1,-1,-1
208,29,573.08,414.65,239.49,480.02,1,-1,-1,-1
208,30,468.70,434.53,240.77,458.13,1,-1,-1,-1
208,31,952.91,629.30,216.59,250.14,1,-1,-1,-1
208,32,707.20,679.77,202.32,203.03,1,-1,-1,-1
208,33,1161.04,397.23,175.06,489.62,1,-1,-1,-1
209,4,986.35,499.43,263.01,385.33,1,-1,-1,-1
209,15,436.93,463.98,198.56,425.66,1,-1,-1,-1
209,20,1392.60,688.23,267.09,189.52,1,-1,-1,-1
209,23,555.80,617.44,155.79,272.24,1,-1,-1,-1
209,24,1379.03,662.31,262.72,219.32,1,-1,-1,-1
209,25,1167.12,417.26,233.98,468.88,1,-1,-1,-1
209,29,533.78,440.03,291.86,449.77,1,-1,-1,-1
209,30,520.79,577.92,262.69,314.58,1,-1,-1,-1
209,31,959.60,616.99,223.33,261.92,1,-1,-1,-1
209,32,683.13,679.28,226.04,204.85,1,-1,-1,-1
209,33,1164.05,408.03,215.18,478.64,1,-1,-1,-1
210,4,1037.01,554.75,240.60,332.09,1,-1,-1,-1
210,15,420.89,540.86,238.24,355.43,1,-1,-1,-1
210,20,1392.60,688.23,267.09,189.52,1,-1,-1,-1
210,23,555.80,617.44,155.79,272.24,1,-1,-1,-1
210,24,1379.03,662.31,262.72,219.32,1,-1,-1,-1
210,25,1156.25,452.95,279.03,437.39,1,-1,-1,-1
210,29,533.78,440.03,291.86,449.77,1,-1,-1,-1
210,30,509.23,535.39,289.37,360.71,1,-1,-1,-1
210,31,966.39,561.71,260.77,330.31,1,-1,-1,-1
210,32,691.65,668.40,213.32,219.78,1,-1,-1,-1
210,33,1164.05,408.03,215.18,478.64,1,-1,-1,-1
210,34,1368.84,672.55,294.31,206.77,1,-1,-1,-1
211,4,994.22,555.15,290.05,337.62,1,-1,-1,-1
211,15,421.04,581.03,227.35,318.78,1,-1,-1,-1
211,20,1465.42,669.77,203.95,207.02,1,-1,-1,-1
211,23,555.80,617.44,155.79,272.24,1,-1,-1,-1
211,24,1379.03,662.31,262.72,219.32,1,-1,-1,-1
211,25,1150.56,496.39,282.13,392.37,1,-1,-1,-1
211,29,487.52,535.03,318.14,361.37,1,-1,-1,-1
211,30,479.85,641.17,305.86,257.88,1,-1,-1,-1
211,31,966.97,570.09,278.32,317.31,1,-1,-1,-1
211,32,685.10,659.48,211.47,229.78,1,-1,-1,-1
211,33,1151.04,491.69,283.70,394.53,1,-1,-1,-1
211,34,1352.96,668.96,254.20,209.21,1,-1,-1,-1
212,4,994.22,555.15,290.05,337.62,1,-1,-1,-1
212,15,421.01,603.34,206.25,291.93,1,-1,-1,-1
212,20,1485.53,660.71,184.84,216.44,1,-1,-1,-1
212,23,555.80,617.44,155.79,272.24,1,-1,-1,-1
212,24,1379.03,662.31,262.72,219.32,1,-1,-1,-1
212,25,1150.56,496.39,282.13,392.37,1,-1,-1,-1
212,29,679.22,635.43,202.58,251.91,1,-1,-1,-1
212,30,472.13,576.10,312.65,326.90,1,-1,-1,-1
212,31,984.30,584.84,297.60,306.66,1,-1,-1,-1
212,32,689.60,649.18,203.09,236.97,1,-1,-1,-1
212,33,1147.02,532.05,300.59,366.47,1,-1,-1,-1
212,34,1345.85,660.09,248.99,219.26,1,-1,-1,-1
213,4,994.22,555.15,290.05,337.62,1,-1,-1,-1
213,15,419.18,617.59,216.74,279.58,1,-1,-1,-1
213,20,1493.72,654.12,174.94,222.72,1,-1,-1,-1
213,23,555.80,617.44,155.79,272.24,1,-1,-1,-1
213,24,1379.03,662.31,262.72,219.32,1,-1,-1,-1
213,25,1150.56,496.39,282.13,392.37,1,-1,-1,-1
213,29,679.22,635.43,202.58,251.91,1,-1,-1,-1
213,30,470.39,633.99,311.03,266.65,1,-1,-1,-1
213,31,984.30,584.84,297.60,306.66,1,-1,-1,-1
213,32,695.39,641.33,195.36,246.79,1,-1,-1,-1
213,33,1158.38,551.79,303.32,346.51,1,-1,-1,-1
213,34,1304.18,646.40,289.65,238.17,1,-1,-1,-1
213,36,979.36,511.91,176.78,363.40,1,-1,-1,-1
214,4,994.22,555.15,290.05,337.62,1,-1,-1,-1
214,15,419.50,617.99,208.03,279.36,1,-1,-1,-1
214,20,1503.13,643.48,166.01,233.77,1,-1,-1,-1
214,23,555.80,617.44,155.79,272.24,1,-1,-1,-1
214,24,1379.03,662.31,262.72,219.32,1,-1,-1,-1
214,25,1173.76,557.65,258.96,333.92,1,-1,-1,-1
214,29,705.85,633.43,178.78,247.86,1,-1,-1,-1
214,30,473.14,666.60,307.63,236.19,1,-1,-1,-1
214,31,1064.33,624.58,304.05,272.34,1,-1,-1,-1
214,32,500.75,556.78,280.88,338.60,1,-1,-1,-1
214,33,1210.93,570.15,255.78,318.46,1,-1,-1,-1
214,34,1288.73,639.14,294.84,242.11,1,-1,-1,-1
214,36,978.53,496.80,166.04,382.24,1,-1,-1,-1
215,4,994.22,555.15,290.05,337.62,1,-1,-1,-1
215,15,422.67,526.50,291.60,371.11,1,-1,-1,-1
215,20,1516.72,630.88,154.55,247.12,1,-1,-1,-1
215,23,555.80,617.44,155.79,272.24,1,-1,-1,-1
215,24,1379.03,662.31,262.72,219.32,1,-1,-1,-1
215,25,1173.76,557.65,258.96,333.92,1,-1,-1,-1
215,29,716.61,612.16,159.06,269.15,1,-1,-1,-1
215,30,474.48,656.96,301.73,245.73,1,-1,-1,-1
215,31,1088.81,617.71,292.79,275.81,1,-1,-1,-1
215,32,500.75,556.78,280.88,338.60,1,-1,-1,-1
215,33,1205.57,548.06,260.97,342.74,1,-1,-1,-1
215,34,1288.73,639.14,294.84,242.11,1,-1,-1,-1
215,36,982.38,489.38,137.83,393.55,1,-1,-1,-1
216,4,994.22,555.15,290.05,337.62,1,-1,-1,-1
216,15,424.33,492.27,291.18,403.88,1,-1,-1,-1
216,20,1517.62,615.81,153.16,259.95,1,-1,-1,-1
216,23,555.80,617.44,155.79,272.24,1,-1,-1,-1
216,24,1379.03,662.31,262.72,219.32,1,-1,-1,-1
216,25,1202.61,527.60,265.26,364.70,1,-1,-1,-1
216,29,730.71,600.05,149.10,282.42,1,-1,-1,-1
216,30,475.33,642.56,277.08,253.42,1,-1,-1,-1
216,31,1103.48,603.04,279.11,283.27,1,-1,-1,-1
216,32,427.62,585.30,222.68,311.28,1,-1,-1,-1
216,33,1271.27,552.28,254.44,330.09,1,-1,-1,-1
216,34,1310.08,563.26,240.15,320.36,1,-1,-1,-1
216,36,977.54,499.32,140.26,383.57,1,-1,-1,-1
217,4,994.22,555.15,290.05,337.62,1,-1,-1,-1
217,15,424.24,473.54,276.01,424.98,1,-1,-1,-1
217,20,1516.32,604.17,154.50,269.55,1,-1,-1,-1
217,23,555.80,617.44,155.79,272.24,1,-1,-1,-1
217,24,1379.03,662.31,262.72,219.32,1,-1,-1,-1
217,25,1234.73,507.34,260.44,381.85,1,-1,-1,-1
217,29,737.38,591.32,163.18,290.07,1,-1,-1,-1
217,30,477.76,635.54,259.31,263.44,1,-1,-1,-1
217,31,1114.77,567.72,240.28,318.80,1,-1,-1,-1
217,32,427.62,585.30,222.68,311.28,1,-1,-1,-1
217,33,1271.27,552.28,254.44,330.09,1,-1,-1,-1
217,34,1310.08,563.26,240.15,320.36,1,-1,-1,-1
217,36,967.92,504.38,149.51,377.39,1,-1,-1,-1
218,4,994.22,555.15,290.05,337.62,1,-1,-1,-1
218,15,427.06,451.56,261.55,443.81,1,-1,-1,-1
218,20,1529.09,591.22,149.94,283.89,1,-1,-1,-1
218,23,555.80,617.44,155.79,272.24,1,-1,-1,-1
218,24,1379.03,662.31,262.72,219.32,1,-1,-1,-1
218,25,1258.66,479.70,242.47,408.79,1,-1,-1,-1
218,29,737.06,585.38,177.81,297.10,1,-1,-1,-1
218,30,477.92,624.29,250.12,271.50,1,-1,-1,-1
218,31,1130.49,545.99,232.43,337.12,1,-1,-1,-1
218,32,423.67,552.26,205.73,338.80,1,-1,-1,-1
218,33,1271.27,552.28,254.44,330.09,1,-1,-1,-1
218,34,1310.08,563.26,240.15,320.36,1,-1,-1,-1
218,36,955.75,524.30,162.52,357.57,1,-1,-1,-1
219,4,994.22,555.15,290.05,337.62,1,-1,-1,-1
219,15,438.13,438.03,244.55,457.55,1,-1,-1,-1
219,20,1519.12,580.06,167.65,298.24,1,-1,-1,-1
219,23,555.80,617.44,155.79,272.24,1,-1,-1,-1
219,24,1379.03,662.31,262.72,219.32,1,-1,-1,-1
219,25,1266.54,448.55,264.11,441.60,1,-1,-1,-1
219,29,738.30,579.73,179.90,302.77,1,-1,-1,-1
219,30,555.73,620.24,183.16,255.83,1,-1,-1,-1
219,31,1149.22,521.69,232.86,365.21,1,-1,-1,-1
219,32,506.71,608.62,205.30,271.67,1,-1,-1,-1
219,33,1271.27,552.28,254.44,330.09,1,-1,-1,-1
219,34,1261.82,592.29,196.99,290.32,1,-1,-1,-1
219,36,948.14,535.39,162.06,346.57,1,-1,-1,-1
220,4,1140.78,506.33,262.60,381.16,1,-1,-1,-1
220,15,455.21,481.24,194.66,409.85,1,-1,-1,-1
220,20,1537.43,564.33,150.30,312.00,1,-1,-1,-1
220,23,555.80,617.44,155.79,272.24,1,-1,-1,-1
220,24,1379.03,662.31,262.72,219.32,1,-1,-1,-1
220,25,1253.97,418.16,321.68,468.35,1,-1,-1,-1
220,29,745.05,565.08,141.57,317.93,1,-1,-1,-1
220,30,472.55,438.26,227.56,453.74,1,-1,-1,-1
220,31,1159.34,501.66,253.67,386.10,1,-1,-1,-1
220,32,512.15,598.62,217.53,283.56,1,-1,-1,-1
220,33,1271.27,552.28,254.44,330.09,1,-1,-1,-1
220,34,1262.74,572.54,168.41,305.74,1,-1,-1,-1
220,36,958.02,538.22,145.24,343.97,1,-1,-1,-1
221,4,1156.65,498.54,279.85,388.30,1,-1,-1,-1
221,15,455.21,481.24,194.66,409.85,1,-1,-1,-1
221,20,1538.32,554.19,148.63,322.68,1,-1,-1,-1
221,23,555.80,617.44,155.79,272.24,1,-1,-1,-1
221,24,1379.03,662.31,262.72,219.32,1,-1,-1,-1
221,25,1274.62,393.94,312.79,490.90,1,-1,-1,-1
221,29,746.44,551.15,137.46,331.14,1,-1,-1,-1
221,30,472.55,438.26,227.56,453.74,1,-1,-1,-1
221,31,1159.34,501.66,253.67,386.10,1,-1,-1,-1
221,32,515.37,582.11,226.91,299.56,1,-1,-1,-1
221,33,1271.27,552.28,254.44,330.09,1,-1,-1,-1
221,34,1262.74,572.54,168.41,305.74,1,-1,-1,-1
221,36,956.87,539.21,144.41,343.91,1,-1,-1,-1
222,4,1151.37,485.85,265.84,395.76,1,-1,-1,-1
222,15,455.21,481.24,194.66,409.85,1,-1,-1,-1
222,20,1538.81,546.58,148.29,327.15,1,-1,-1,-1
222,23,555.80,617.44,155.79,272.24,1,-1,-1,-1
222,24,1379.03,662.31,262.72,219.32,1,-1,-1,-1
222,25,1310.75,390.85,274.66,495.61,1,-1,-1,-1
222,29,742.58,545.39,162.07,335.80,1,-1,-1,-1
222,30,472.55,438.26,227.56,453.74,1,-1,-1,-1
222,31,1159.34,501.66,253.67,386.10,1,-1,-1,-1
222,32,592.91,583.70,146.88,293.52,1,-1,-1,-1
222,33,1271.27,552.28,254.44,330.09,1,-1,-1,-1
222,34,1262.74,572.54,168.41,305.74,1,-1,-1,-1
222,36,953.51,546.17,143.62,337.43,1,-1,-1,-1
222,37,454.55,400.53,251.55,497.05,1,-1,-1,-1
223,4,1155.14,469.83,252.41,410.87,1,-1,-1,-1
223,15,452.61,441.42,194.91,453.52,1,-1,-1,-1
223,20,1539.08,538.11,145.46,335.97,1,-1,-1,-1
223,23,555.80,617.44,155.79,272.24,1,-1,-1,-1
223,24,1379.03,662.31,262.72,219.32,1,-1,-1,-1
223,25,1329.92,390.88,269.38,496.73,1,-1,-1,-1
223,29,734.34,526.82,174.44,350.73,1,-1,-1,-1
223,30,472.55,438.26,227.56,453.74,1,-1,-1,-1
223,31,1313.02,397.39,264.19,488.95,1,-1,-1,-1
223,32,598.77,580.43,137.77,293.71,1,-1,-1,-1
223,33,1271.27,552.28,254.44,330.09,1,-1,-1,-1
223,34,1262.74,572.54,168.41,305.74,1,-1,-1,-1
223,36,950.03,541.17,139.38,339.99,1,-1,-1,-1
223,37,453.78,385.65,256.80,509.32,1,-1,-1,-1
224,4,1169.30,462.88,234.65,420.10,1,-1,-1,-1
224,15,464.53,413.88,224.78,472.47,1,-1,-1,-1
224,20,1534.35,530.59,148.23,344.02,1,-1,-1,-1
224,23,555.80,617.44,155.79,272.24,1,-1,-1,-1
224,24,1379.03,662.31,262.72,219.32,1,-1,-1,-1
224,25,1342.62,398.07,265.04,490.78,1,-1,-1,-1
224,29,730.11,505.08,171.66,375.38,1,-1,-1,-1
224,30,472.55,438.26,227.56,453.74,1,-1,-1,-1
224,31,1313.02,397.39,264.19,488.95,1,-1,-1,-1
224,32,613.22,573.77,121.45,299.66,1,-1,-1,-1
224,33,1271.27,552.28,254.44,330.09,1,-1,-1,-1
224,34,1179.96,470.50,229.81,413.51,1,-1,-1,-1
224,36,947.05,535.51,137.20,346.51,1,-1,-1,-1
224,37,452.42,389.20,239.77,505.09,1,-1,-1,-1
225,4,1172.39,469.47,235.09,415.07,1,-1,-1,-1
225,15,464.53,413.88,224.78,472.47,1,-1,-1,-1
225,20,1517.90,526.33,161.40,347.47,1,-1,-1,-1
225,24,1379.03,662.31,262.72,219.32,1,-1,-1,-1
225,25,1344.70,398.32,260.68,491.64,1,-1,-1,-1
225,29,722.13,500.08,155.41,384.34,1,-1,-1,-1
225,30,472.55,438.26,227.56,453.74,1,-1,-1,-1
225,31,1313.02,397.39,264.19,488.95,1,-1,-1,-1
225,32,611.28,571.82,121.05,303.64,1,-1,-1,-1
225,33,1271.27,552.28,254.44,330.09,1,-1,-1,-1
225,34,1169.90,479.10,191.20,395.47,1,-1,-1,-1
225,36,940.56,529.72,133.44,347.96,1,-1,-1,-1
225,37,449.50,390.14,210.82,503.69,1,-1,-1,-1
226,4,1195.00,472.49,207.43,407.25,1,-1,-1,-1
226,15,464.53,413.88,224.78,472.47,1,-1,-1,-1
226,20,1510.04,526.25,164.72,345.99,1,-1,-1,-1
226,24,1379.03,662.31,262.72,219.32,1,-1,-1,-1
226,25,1353.01,398.75,257.40,491.28,1,-1,-1,-1
226,29,713.64,499.14,156.81,383.27,1,-1,-1,-1
226,30,472.55,438.26,227.56,453.74,1,-1,-1,-1
226,31,1313.02,397.39,264.19,488.95,1,-1,-1,-1
226,32,621.34,571.77,111.11,302.53,1,-1,-1,-1
226,33,1271.27,552.28,254.44,330.09,1,-1,-1,-1
226,34,1159.54,549.15,172.87,323.40,1,-1,-1,-1
226,36,935.51,530.81,131.30,346.90,1,-1,-1,-1
226,37,445.03,386.94,205.37,504.73,1,-1,-1,-1
227,4,1218.36,474.74,180.24,403.18,1,-1,-1,-1
227,15,464.53,413.88,224.78,472.47,1,-1,-1,-1
227,20,1507.50,526.85,164.73,343.32,1,-1,-1,-1
227,24,1379.03,662.31,262.72,219.32,1,-1,-1,-1
227,25,1360.06,401.29,251.89,487.87,1,-1,-1,-1
227,29,711.91,506.20,156.90,374.96,1,-1,-1,-1
227,30,472.55,438.26,227.56,453.74,1,-1,-1,-1
227,31,1313.02,397.39,264.19,488.95,1,-1,-1,-1
227,32,622.08,572.11,105.04,301.83,1,-1,-1,-1
227,33,1271.27,552.28,254.44,330.09,1,-1,-1,-1
227,34,1178.79,530.40,145.69,340.65,1,-1,-1,-1
227,36,931.56,532.07,131.80,346.23,1,-1,-1,-1
227,37,444.56,389.91,194.48,500.29,1,-1,-1,-1
228,4,1235.51,473.78,158.62,404.53,1,-1,-1,-1
228,15,464.53,413.88,224.78,472.47,1,-1,-1,-1
228,20,1501.28,527.36,168.65,342.82,1,-1,-1,-1
228,24,1379.03,662.31,262.72,219.32,1,-1,-1,-1
228,25,1363.75,406.06,245.02,483.80,1,-1,-1,-1
228,29,703.50,516.04,162.95,365.15,1,-1,-1,-1
228,30,472.55,438.26,227.56,453.74,1,-1,-1,-1
228,31,1313.02,397.39,264.19,488.95,1,-1,-1,-1
228,32,623.73,571.16,102.47,300.75,1,-1,-1,-1
228,33,1271.27,552.28,254.44,330.09,1,-1,-1,-1
228,34,1178.79,530.40,145.69,340.65,1,-1,-1,-1
228,36,928.81,535.46,109.87,339.45,1,-1,-1,-1
228,37,443.01,394.13,196.83,498.57,1,-1,-1,-1
229,4,1233.04,470.49,155.81,407.87,1,-1,-1,-1
229,15,464.53,413.88,224.78,472.47,1,-1,-1,-1
229,20,1499.94,526.86,163.70,344.49,1,-1,-1,-1
229,24,1379.03,662.31,262.72,219.32,1,-1,-1,-1
229,25,1367.16,405.09,236.67,484.33,1,-1,-1,-1
229,29,708.13,516.91,154.57,361.66,1,-1,-1,-1
229,30,472.55,438.26,227.56,453.74,1,-1,-1,-1
229,31,1313.02,397.39,264.19,488.95,1,-1,-1,-1
229,32,620.95,570.99,104.51,301.30,1,-1,-1,-1
229,33,1271.27,552.28,254.44,330.09,1,-1,-1,-1
229,34,1179.01,546.99,117.13,322.43,1,-1,-1,-1
229,36,716.66,529.92,137.59,349.91,1,-1,-1,-1
229,37,441.54,396.48,202.73,496.12,1,-1,-1,-1
230,4,1228.40,470.14,157.21,407.82,1,-1,-1,-1
230,15,661.44,511.92,139.24,365.18,1,-1,-1,-1
230,20,1490.13,525.13,163.24,349.48,1,-1,-1,-1
230,24,1379.03,662.31,262.72,219.32,1,-1,-1,-1
230,25,1369.76,404.81,228.96,484.80,1,-1,-1,-1
230,29,708.19,512.33,147.86,363.50,1,-1,-1,-1
230,30,472.55,438.26,227.56,453.74,1,-1,-1,-1
230,31,1313.02,397.39,264.19,488.95,1,-1,-1,-1
230,32,611.69,570.46,105.66,301.81,1,-1,-1,-1
230,33,1271.27,552.28,254.44,330.09,1,-1,-1,-1
230,34,1168.06,558.00,109.19,314.91,1,-1,-1,-1
230,36,688.49,521.51,141.15,357.46,1,-1,-1,-1
230,37,433.56,396.34,203.36,497.25,1,-1,-1,-1
230,38,1353.90,411.16,213.48,476.07,1,-1,-1,-1
230,39,904.27,515.23,153.83,364.33,1,-1,-1,-1
231,4,1231.49,470.28,149.72,406.91,1,-1,-1,-1
231,15,673.26,519.10,134.34,357.64,1,-1,-1,-1
231,20,1464.84,520.66,179.21,357.88,1,-1,-1,-1
231,25,1371.83,406.32,223.24,483.94,1,-1,-1,-1
231,29,713.18,505.86,140.90,370.59,1,-1,-1,-1
231,30,472.55,438.26,227.56,453.74,1,-1,-1,-1
231,31,1313.02,397.39,264.19,488.95,1,-1,-1,-1
231,32,609.11,569.90,105.31,302.07,1,-1,-1,-1
231,33,1271.27,552.28,254.44,330.09,1,-1,-1,-1
231,34,1165.17,557.49,99.25,314.27,1,-1,-1,-1
231,36,688.49,521.51,141.15,357.46,1,-1,-1,-1
231,37,433.15,398.50,196.98,494.08,1,-1,-1,-1
231,38,1372.04,406.10,219.04,482.30,1,-1,-1,-1
231,39,930.62,516.97,126.88,357.13,1,-1,-1,-1
232,4,1229.29,471.38,151.66,403.99,1,-1,-1,-1
232,15,674.19,519.96,149.92,356.65,1,-1,-1,-1
232,20,1457.69,519.50,173.77,349.44,1,-1,-1,-1
232,25,1373.07,405.37,218.89,484.29,1,-1,-1,-1
232,29,708.41,510.05,143.02,365.58,1,-1,-1,-1
232,30,472.55,438.26,227.56,453.74,1,-1,-1,-1
232,31,1313.02,397.39,264.19,488.95,1,-1,-1,-1
232,32,608.09,570.40,99.96,300.90,1,-1,-1,-1
232,33,1271.27,552.28,254.44,330.09,1,-1,-1,-1
232,34,1162.39,555.93,97.93,315.32,1,-1,-1,-1
232,36,688.49,521.51,141.15,357.46,1,-1,-1,-1
232,37,430.39,397.83,197.44,492.62,1,-1,-1,-1
232,38,1372.04,406.10,219.04,482.30,1,-1,-1,-1
232,39,930.62,516.97,126.88,357.13,1,-1,-1,-1
232,40,893.24,494.22,155.12,383.18,1,-1,-1,-1
233,4,1230.25,470.40,150.12,404.19,1,-1,-1,-1
233,15,675.32,514.48,167.84,366.32,1,-1,-1,-1
233,20,1457.69,519.50,173.77,349.44,1,-1,-1,-1
233,25,1374.44,403.44,221.37,485.36,1,-1,-1,-1
233,29,696.85,511.54,153.41,364.38,1,-1,-1,-1
233,30,472.55,438.26,227.56,453.74,1,-1,-1,-1
233,31,1313.02,397.39,264.19,488.95,1,-1,-1,-1
233,32,606.07,570.06,102.18,300.72,1,-1,-1,-1
233,33,1271.27,552.28,254.44,330.09,1,-1,-1,-1
233,34,1157.34,555.89,100.27,314.20,1,-1,-1,-1
233,36,688.49,521.51,141.15,357.46,1,-1,-1,-1
233,37,432.22,397.79,190.10,493.93,1,-1,-1,-1
233,38,1372.04,406.10,219.04,482.30,1,-1,-1,-1
233,39,912.03,503.10,139.43,373.15,1,-1,-1,-1
233,40,893.20,494.97,135.16,378.45,1,-1,-1,-1
234,4,1233.47,470.62,144.51,404.67,1,-1,-1,-1
234,15,684.83,509.59,163.65,368.92,1,-1,-1,-1
234,20,1385.36,413.79,215.46,474.47,1,-1,-1,-1
234,25,1376.73,400.43,221.19,489.87,1,-1,-1,-1
234,29,696.85,511.54,153.41,364.38,1,-1,-1,-1
234,30,472.55,438.26,227.56,453.74,1,-1,-1,-1
234,31,1313.02,397.39,264.19,488.95,1,-1,-1,-1
234,32,606.65,569.65,98.27,301.92,1,-1,-1,-1
234,33,1271.27,552.28,254.44,330.09,1,-1,-1,-1
234,34,1152.44,555.98,99.39,312.96,1,-1,-1,-1
234,36,688.49,521.51,141.15,357.46,1,-1,-1,-1
234,37,428.93,397.57,190.83,493.10,1,-1,-1,-1
234,38,1372.04,406.10,219.04,482.30,1,-1,-1,-1
234,39,912.03,503.10,139.43,373.15,1,-1,-1,-1
234,40,888.42,500.85,153.07,381.11,1,-1,-1,-1
235,4,1235.66,469.94,142.72,408.04,1,-1,-1,-1
235,15,684.83,509.59,163.65,368.92,1,-1,-1,-1
235,20,1385.36,413.79,215.46,474.47,1,-1,-1,-1
235,25,1379.65,397.23,212.19,494.77,1,-1,-1,-1
235,29,677.48,508.80,171.99,371.10,1,-1,-1,-1
235,30,472.55,438.26,227.56,453.74,1,-1,-1,-1
235,31,1313.02,397.39,264.19,488.95,1,-1,-1,-1
235,32,605.59,569.66,103.36,301.81,1,-1,-1,-1
235,33,1271.27,552.28,254.44,330.09,1,-1,-1,-1
235,34,1146.88,558.00,101.38,309.76,1,-1,-1,-1
235,36,444.46,413.45,196.06,477.45,1,-1,-1,-1
235,37,428.69,397.83,188.70,490.56,1,-1,-1,-1
235,38,1372.04,406.10,219.04,482.30,1,-1,-1,-1
235,39,912.03,503.10,139.43,373.15,1,-1,-1,-1
235,40,879.93,510.16,153.09,372.38,1,-1,-1,-1
236,4,1235.70,470.04,142.85,407.28,1,-1,-1,-1
236,15,684.83,509.59,163.65,368.92,1,-1,-1,-1
236,20,1385.36,413.79,215.46,474.47,1,-1,-1,-1
236,25,1382.00,397.03,209.07,494.96,1,-1,-1,-1
236,29,674.83,507.67,174.43,373.36,1,-1,-1,-1
236,30,472.55,438.26,227.56,453.74,1,-1,-1,-1
236,31,1313.02,397.39,264.19,488.95,1,-1,-1,-1
236,32,605.09,569.01,101.60,302.55,1,-1,-1,-1
236,33,1271.27,552.28,254.44,330.09,1,-1,-1,-1
236,34,1145.28,558.12,101.06,309.89,1,-1,-1,-1
236,36,419.61,402.06,201.52,490.08,1,-1,-1,-1
236,37,431.07,398.15,185.20,489.81,1,-1,-1,-1
236,38,1372.04,406.10,219.04,482.30,1,-1,-1,-1
236,39,916.21,519.98,117.41,355.13,1,-1,-1,-1
236,40,880.15,513.60,134.34,369.82,1,-1,-1,-1
237,4,1236.54,470.20,141.93,405.85,1,-1,-1,-1
237,15,684.83,509.59,163.65,368.92,1,-1,-1,-1
237,20,1385.36,413.79,215.46,474.47,1,-1,-1,-1
237,25,1382.63,395.84,208.75,496.27,1,-1,-1,-1
237,29,673.62,508.15,174.83,372.73,1,-1,-1,-1
237,30,472.55,438.26,227.56,453.74,1,-1,-1,-1
237,31,1313.02,397.39,264.19,488.95,1,-1,-1,-1
237,32,605.09,568.20,99.41,303.25,1,-1,-1,-1
237,33,1271.27,552.28,254.44,330.09,1,-1,-1,-1
237,34,1143.52,559.59,101.60,307.95,1,-1,-1,-1
237,36,417.29,402.18,201.96,489.97,1,-1,-1,-1
237,37,439.73,399.72,178.04,484.19,1,-1,-1,-1
237,38,1372.04,406.10,219.04,482.30,1,-1,-1,-1
237,39,915.90,521.24,117.80,353.92,1,-1,-1,-1
237,40,876.10,508.39,129.07,372.10,1,-1,-1,-1
238,4,1235.91,468.97,142.79,405.54,1,-1,-1,-1
238,15,684.83,509.59,163.65,368.92,1,-1,-1,-1
238,20,1385.36,413.79,215.46,474.47,1,-1,-1,-1
238,25,1382.52,396.57,209.24,494.60,1,-1,-1,-1
238,29,671.69,506.36,176.00,373.78,1,-1,-1,-1
238,30,472.55,438.26,227.56,453.74,1,-1,-1,-1
238,31,1313.02,397.39,264.19,488.95,1,-1,-1,-1
238,32,604.50,567.80,102.42,304.30,1,-1,-1,-1
238,33,1271.27,552.28,254.44,330.09,1,-1,-1,-1
238,34,1141.48,558.19,102.40,308.55,1,-1,-1,-1
238,36,417.68,401.36,201.17,489.86,1,-1,-1,-1
238,37,432.42,399.62,183.20,487.65,1,-1,-1,-1
238,38,1372.04,406.10,219.04,482.30,1,-1,-1,-1
238,39,917.97,513.98,114.97,360.24,1,-1,-1,-1
238,40,871.57,502.36,133.86,379.58,1,-1,-1,-1
239,4,1237.19,468.70,140.83,406.06,1,-1,-1,-1
239,15,684.83,509.59,163.65,368.92,1,-1,-1,-1
239,20,1385.36,413.79,215.46,474.47,1,-1,-1,-1
239,25,1382.16,396.30,209.73,494.19,1,-1,-1,-1
239,29,676.51,507.96,171.39,371.22,1,-1,-1,-1
239,30,472.55,438.26,227.56,453.74,1,-1,-1,-1
239,31,1313.02,397.39,264.19,488.95,1,-1,-1,-1
239,32,604.23,567.12,107.85,305.20,1,-1,-1,-1
239,33,1271.27,552.28,254.44,330.09,1,-1,-1,-1
239,34,1139.72,556.21,101.27,310.70,1,-1,-1,-1
239,36,416.86,400.55,201.37,490.59,1,-1,-1,-1
239,37,437.42,398.59,179.36,485.86,1,-1,-1,-1
239,38,1372.04,406.10,219.04,482.30,1,-1,-1,-1
239,39,901.36,496.88,138.40,376.55,1,-1,-1,-1
239,40,875.35,493.04,137.68,388.18,1,-1,-1,-1
240,4,1237.31,469.25,139.84,407.41,1,-1,-1,-1
240,15,684.83,509.59,163.65,368.92,1,-1,-1,-1
240,20,1385.36,413.79,215.46,474.47,1,-1,-1,-1
240,25,1382.69,397.09,209.42,493.36,1,-1,-1,-1
240,29,681.42,509.12,167.85,367.72,1,-1,-1,-1
240,30,472.55,438.26,227.56,453.74,1,-1,-1,-1
240,31,1313.02,397.39,264.19,488.95,1,-1,-1,-1
240,32,603.80,566.97,111.59,305.28,1,-1,-1,-1
240,33,1271.27,552.28,254.44,330.09,1,-1,-1,-1
240,34,1140.39,556.90,98.77,310.40,1,-1,-1,-1
240,36,416.86,401.26,201.66,490.38,1,-1,-1,-1
240,37,438.80,398.96,178.15,484.88,1,-1,-1,-1
240,38,1372.04,406.10,219.04,482.30,1,-1,-1,-1
240,39,901.36,496.88,138.40,376.55,1,-1,-1,-1
240,40,877.29,481.06,161.96,398.82,1,-1,-1,-1
241,4,1233.34,469.76,142.96,407.24,1,-1,-1,-1
241,15,695.82,511.18,152.40,362.34,1,-1,-1,-1
241,20,1385.36,413.79,215.46,474.47,1,-1,-1,-1
241,25,1380.80,397.52,210.79,493.30,1,-1,-1,-1
241,29,674.39,509.92,171.95,368.17,1,-1,-1,-1
241,30,472.55,438.26,227.56,453.74,1,-1,-1,-1
241,31,1313.02,397.39,264.19,488.95,1,-1,-1,-1
241,32,602.17,566.79,112.40,304.95,1,-1,-1,-1
241,33,1271.27,552.28,254.44,330.09,1,-1,-1,-1
241,34,1137.22,561.48,101.35,305.57,1,-1,-1,-1
241,36,417.32,402.52,201.06,489.01,1,-1,-1,-1
241,37,443.18,400.26,173.72,480.37,1,-1,-1,-1
241,38,1372.04,406.10,219.04,482.30,1,-1,-1,-1
241,39,901.36,496.88,138.40,376.55,1,-1,-1,-1
241,40,877.79,469.56,173.26,402.71,1,-1,-1,-1
242,4,1229.09,469.28,147.44,407.91,1,-1,-1,-1
242,15,695.82,511.18,152.40,362.34,1,-1,-1,-1
242,20,1385.36,413.79,215.46,474.47,1,-1,-1,-1
242,25,1380.91,400.24,211.68,490.84,1,-1,-1,-1
242,29,682.42,514.75,165.82,361.37,1,-1,-1,-1
242,30,472.55,438.26,227.56,453.74,1,-1,-1,-1
242,31,1313.02,397.39,264.19,488.95,1,-1,-1,-1
242,32,600.30,569.65,109.30,301.98,1,-1,-1,-1
242,33,1271.27,552.28,254.44,330.09,1,-1,-1,-1
242,34,1134.77,565.76,103.58,302.00,1,-1,-1,-1
242,36,418.37,407.73,199.89,486.04,1,-1,-1,-1
242,37,430.65,407.36,182.15,481.61,1,-1,-1,-1
242,38,1372.04,406.10,219.04,482.30,1,-1,-1,-1
242,39,901.36,496.88,138.40,376.55,1,-1,-1,-1
242,40,878.54,468.89,175.40,412.97,1,-1,-1,-1
243,4,1225.99,469.42,149.52,406.39,1,-1,-1,-1
243,15,695.82,511.18,152.40,362.34,1,-1,-1,-1
243,20,1385.36,413.79,215.46,474.47,1,-1,-1,-1
243,25,1376.41,399.12,212.64,491.34,1,-1,-1,-1
243,29,676.51,516.24,170.41,363.99,1,-1,-1,-1
243,30,472.55,438.26,227.56,453.74,1,-1,-1,-1
243,31,1313.02,397.39,264.19,488.95,1,-1,-1,-1
243,32,600.08,569.81,103.64,301.42,1,-1,-1,-1
243,33,1271.27,552.28,254.44,330.09,1,-1,-1,-1
243,34,1131.01,567.30,107.15,300.48,1,-1,-1,-1
243,36,418.37,407.73,199.89,486.04,1,-1,-1,-1
243,37,425.17,417.62,182.20,471.77,1,-1,-1,-1
243,38,1372.04,406.10,219.04,482.30,1,-1,-1,-1
243,39,901.36,496.88,138.40,376.55,1,-1,-1,-1
243,40,887.98,472.09,165.82,407.85,1,-1,-1,-1
243,42,420.28,424.60,174.34,459.52,1,-1,-1,-1
244,4,1225.70,471.05,150.04,403.62,1,-1,-1,-1
244,15,695.82,511.18,152.40,362.34,1,-1,-1,-1
244,20,1385.36,413.79,215.46,474.47,1,-1,-1,-1
244,25,1374.08,402.71,213.05,485.69,1,-1,-1,-1
244,29,682.21,517.58,165.96,358.54,1,-1,-1,-1
244,30,472.55,438.26,227.56,453.74,1,-1,-1,-1
244,31,1313.02,397.39,264.19,488.95,1,-1,-1,-1
244,32,596.51,572.01,106.86,298.46,1,-1,-1,-1
244,33,1271.27,552.28,254.44,330.09,1,-1,-1,-1
244,34,1128.35,569.54,109.63,298.20,1,-1,-1,-1
244,36,432.28,427.76,175.80,458.92,1,-1,-1,-1
244,37,422.19,434.55,171.91,442.21,1,-1,-1,-1
244,38,1372.04,406.10,219.04,482.30,1,-1,-1,-1
244,39,901.36,496.88,138.40,376.55,1,-1,-1,-1
244,40,893.65,476.00,152.41,407.20,1,-1,-1,-1
244,41,1437.41,456.29,154.74,412.69,1,-1,-1,-1
244,42,420.75,434.31,168.19,443.12,1,-1,-1,-1
245,4,1228.76,475.78,146.15,400.15,1,-1,-1,-1
245,15,695.82,511.18,152.40,362.34,1,-1,-1,-1
245,20,1385.36,413.79,215.46,474.47,1,-1,-1,-1
245,25,1374.08,402.71,213.05,485.69,1,-1,-1,-1
245,29,684.99,517.39,164.72,359.20,1,-1,-1,-1
245,30,472.55,438.26,227.56,453.74,1,-1,-1,-1
245,31,1313.02,397.39,264.19,488.95,1,-1,-1,-1
245,32,594.15,573.65,110.79,295.78,1,-1,-1,-1
245,33,1271.27,552.28,254.44,330.09,1,-1,-1,-1
245,34,1124.26,572.12,113.92,296.54,1,-1,-1,-1
245,36,432.65,439.06,183.61,445.41,1,-1,-1,-1
245,37,422.19,434.55,171.91,442.21,1,-1,-1,-1
245,38,1372.04,406.10,219.04,482.30,1,-1,-1,-1
245,39,901.36,496.88,138.40,376.55,1,-1,-1,-1
245,40,893.14,472.50,151.29,409.40,1,-1,-1,-1
245,41,1442.60,454.89,148.60,411.57,1,-1,-1,-1
245,42,420.58,439.47,170.63,431.63,1,-1,-1,-1
246,4,1217.10,487.26,155.56,390.75,1,-1,-1,-1
246,15,695.82,511.18,152.40,362.34,1,-1,-1,-1
246,20,1385.36,413.79,215.46,474.47,1,-1,-1,-1
246,25,1374.08,402.71,213.05,485.69,1,-1,-1,-1
246,29,684.53,520.74,171.71,352.27,1,-1,-1,-1
246,30,472.55,438.26,227.56,453.74,1,-1,-1,-1
246,31,1313.02,397.39,264.19,488.95,1,-1,-1,-1
246,32,586.92,572.66,116.46,295.84,1,-1,-1,-1
246,33,1271.27,552.28,254.44,330.09,1,-1,-1,-1
246,34,1118.48,575.54,118.19,288.39,1,-1,-1,-1
246,36,431.44,445.29,201.55,435.96,1,-1,-1,-1
246,37,422.19,434.55,171.91,442.21,1,-1,-1,-1
246,38,1372.04,406.10,219.04,482.30,1,-1,-1,-1
246,39,858.95,471.91,208.20,403.63,1,-1,-1,-1
246,40,896.30,478.34,170.95,385.05,1,-1,-1,-1
246,41,1437.09,449.49,153.97,422.65,1,-1,-1,-1
246,42,421.71,448.76,166.53,425.33,1,-1,-1,-1
246,43,1385.78,421.67,194.58,455.94,1,-1,-1,-1
247,4,1210.18,492.36,162.62,380.89,1,-1,-1,-1
247,15,695.82,511.18,152.40,362.34,1,-1,-1,-1
247,20,1385.36,413.79,215.46,474.47,1,-1,-1,-1
247,25,1374.08,402.71,213.05,485.69,1,-1,-1,-1
247,29,684.18,503.40,172.01,370.95,1,-1,-1,-1
247,30,472.55,438.26,227.56,453.74,1,-1,-1,-1
247,31,1313.02,397.39,264.19,488.95,1,-1,-1,-1
247,32,584.02,566.73,117.50,301.59,1,-1,-1,-1
247,34,1111.21,575.43,126.77,285.47,1,-1,-1,-1
247,36,431.05,444.36,207.67,437.63,1,-1,-1,-1
247,37,422.19,434.55,171.91,442.21,1,-1,-1,-1
247,38,1372.04,406.10,219.04,482.30,1,-1,-1,-1
247,39,845.23,464.79,219.24,410.07,1,-1,-1,-1
247,40,896.30,478.34,170.95,385.05,1,-1,-1,-1
247,41,1437.05,446.32,154.76,424.28,1,-1,-1,-1
247,42,427.70,451.87,157.12,424.77,1,-1,-1,-1
247,43,1385.32,431.08,194.06,445.63,1,-1,-1,-1
248,4,1198.89,495.56,174.10,378.54,1,-1,-1,-1
248,15,829.93,467.83,296.78,409.17,1,-1,-1,-1
248,20,1385.36,413.79,215.46,474.47,1,-1,-1,-1
248,25,1374.08,402.71,213.05,485.69,1,-1,-1,-1
248,29,687.91,488.75,173.58,386.96,1,-1,-1,-1
248,30,472.55,438.26,227.56,453.74,1,-1,-1,-1
248,31,1313.02,397.39,264.19,488.95,1,-1,-1,-1
248,32,582.72,556.12,113.08,311.13,1,-1,-1,-1
248,34,1103.68,566.17,135.26,294.00,1,-1,-1,-1
248,36,430.16,435.94,212.53,446.21,1,-1,-1,-1
248,37,422.19,434.55,171.91,442.21,1,-1,-1,-1
248,38,1372.04,406.10,219.04,482.30,1,-1,-1,-1
248,39,843.46,462.17,256.28,412.74,1,-1,-1,-1
248,40,919.17,541.58,229.04,328.30,1,-1,-1,-1
248,41,1437.64,443.82,156.88,426.88,1,-1,-1,-1
248,42,434.31,447.06,163.28,435.46,1,-1,-1,-1
248,43,1380.97,432.62,202.78,444.36,1,-1,-1,-1
249,4,1138.99,488.58,234.34,383.43,1,-1,-1,-1
249,15,835.18,472.54,329.08,404.32,1,-1,-1,-1
249,20,1385.36,413.79,215.46,474.47,1,-1,-1,-1
249,25,1374.08,402.71,213.05,485.69,1,-1,-1,-1
249,29,697.41,469.83,158.88,402.69,1,-1,-1,-1
249,30,472.55,438.26,227.56,453.74,1,-1,-1,-1
249,31,1313.02,397.39,264.19,488.95,1,-1,-1,-1
249,32,577.77,547.78,123.28,319.35,1,-1,-1,-1
249,34,1099.33,554.32,137.86,305.90,1,-1,-1,-1
249,36,423.21,410.11,222.07,471.10,1,-1,-1,-1
249,37,422.19,434.55,171.91,442.21,1,-1,-1,-1
249,38,1372.04,406.10,219.04,482.30,1,-1,-1,-1
249,39,835.29,470.70,255.55,408.84,1,-1,-1,-1
249,40,908.81,539.44,258.85,333.87,1,-1,-1,-1
249,41,1441.10,445.96,167.96,420.56,1,-1,-1,-1
249,42,434.31,447.06,163.28,435.46,1,-1,-1,-1
249,43,1368.05,424.68,225.97,448.03,1,-1,-1,-1
250,4,1172.47,479.84,198.15,390.44,1,-1,-1,-1
250,15,835.18,472.54,329.08,404.32,1,-1,-1,-1
250,20,1385.36,413.79,215.46,474.47,1,-1,-1,-1
250,25,1362.39,410.79,237.46,466.74,1,-1,-1,-1
250,29,695.38,462.58,164.34,406.11,1,-1,-1,-1
250,30,472.55,438.26,227.56,453.74,1,-1,-1,-1
250,31,1313.02,397.39,264.19,488.95,1,-1,-1,-1
250,32,574.47,540.15,128.71,324.82,1,-1,-1,-1
250,34,1099.26,543.50,135.31,320.68,1,-1,-1,-1
250,36,431.70,405.99,210.84,476.31,1,-1,-1,-1
250,37,422.19,434.55,171.91,442.21,1,-1,-1,-1
250,38,1372.04,406.10,219.04,482.30,1,-1,-1,-1
250,39,850.65,480.72,239.13,396.40,1,-1,-1,-1
250,40,890.95,538.39,282.93,333.64,1,-1,-1,-1
250,41,1452.50,433.41,165.30,433.37,1,-1,-1,-1
250,42,434.31,447.06,163.28,435.46,1,-1,-1,-1
250,43,1362.66,416.70,244.96,463.42,1,-1,-1,-1
251,4,1156.77,457.87,205.15,414.78,1,-1,-1,-1
251,15,885.72,470.09,289.09,406.16,1,-1,-1,-1
251,20,1385.36,413.79,215.46,474.47,1,-1,-1,-1
251,25,1349.88,389.60,230.75,484.10,1,-1,-1,-1
251,29,718.24,480.26,143.57,388.12,1,-1,-1,-1
251,31,1313.02,397.39,264.19,488.95,1,-1,-1,-1
251,32,563.62,553.86,132.08,305.34,1,-1,-1,-1
251,34,1091.56,560.09,135.43,299.28,1,-1,-1,-1
251,36,441.47,411.10,210.71,464.05,1,-1,-1,-1
251,37,422.19,434.55,171.91,442.21,1,-1,-1,-1
251,38,1372.04,406.10,219.04,482.30,1,-1,-1,-1
251,39,887.83,468.11,196.52,408.33,1,-1,-1,-1
251,40,890.95,538.39,282.93,333.64,1,-1,-1,-1
251,41,1459.97,438.66,159.19,436.74,1,-1,-1,-1
251,42,434.31,447.06,163.28,435.46,1,-1,-1,-1
251,43,1362.66,416.70,244.96,463.42,1,-1,-1,-1
252,4,1157.42,464.85,206.71,406.31,1,-1,-1,-1
252,15,890.26,455.86,281.09,421.50,1,-1,-1,-1
252,20,1385.36,413.79,215.46,474.47,1,-1,-1,-1
252,25,1336.62,400.48,268.45,477.91,1,-1,-1,-1
252,29,720.88,490.04,139.34,382.19,1,-1,-1,-1
252,31,1313.02,397.39,264.19,488.95,1,-1,-1,-1
252,32,565.48,559.96,126.63,300.12,1,-1,-1,-1
252,34,1085.36,567.06,129.99,302.41,1,-1,-1,-1
252,36,440.08,411.71,224.32,465.28,1,-1,-1,-1
252,37,422.19,434.55,171.91,442.21,1,-1,-1,-1
252,38,1372.04,406.10,219.04,482.30,1,-1,-1,-1
252,39,873.31,500.34,182.62,372.82,1,-1,-1,-1
252,40,1168.04,521.47,177.96,348.88,1,-1,-1,-1
252,41,1455.87,449.74,165.72,423.22,1,-1,-1,-1
252,42,434.31,447.06,163.28,435.46,1,-1,-1,-1
252,43,1362.66,416.70,244.96,463.42,1,-1,-1,-1
253,4,1150.53,485.09,187.75,386.73,1,-1,-1,-1
253,15,894.26,457.71,287.22,419.93,1,-1,-1,-1
253,20,1385.36,413.79,215.46,474.47,1,-1,-1,-1
253,25,1348.32,397.59,239.50,477.42,1,-1,-1,-1
253,29,717.31,506.06,146.03,368.54,1,-1,-1,-1
253,31,1313.02,397.39,264.19,488.95,1,-1,-1,-1
253,32,570.48,560.72,115.69,300.42,1,-1,-1,-1
253,34,1082.88,566.49,131.95,300.70,1,-1,-1,-1
253,36,466.47,433.64,204.69,440.21,1,-1,-1,-1
253,37,422.19,434.55,171.91,442.21,1,-1,-1,-1
253,38,1372.04,406.10,219.04,482.30,1,-1,-1,-1
253,39,879.76,501.77,158.73,366.83,1,-1,-1,-1
253,40,1215.46,535.96,145.80,333.14,1,-1,-1,-1
253,41,1466.38,451.41,155.39,421.63,1,-1,-1,-1
253,42,433.86,451.73,155.67,422.91,1,-1,-1,-1
253,43,1362.66,416.70,244.96,463.42,1,-1,-1,-1
254,4,1144.14,494.51,184.85,376.24,1,-1,-1,-1
254,15,895.95,468.71,278.74,405.76,1,-1,-1,-1
254,20,1385.36,413.79,215.46,474.47,1,-1,-1,-1
254,25,1347.60,418.21,228.03,455.91,1,-1,-1,-1
254,29,716.79,518.89,147.98,350.85,1,-1,-1,-1
254,32,559.32,562.85,119.70,298.12,1,-1,-1,-1
254,34,1091.47,559.63,130.30,309.88,1,-1,-1,-1
254,36,445.96,435.87,225.46,437.91,1,-1,-1,-1
254,37,422.19,434.55,171.91,442.21,1,-1,-1,-1
254,38,1372.04,406.10,219.04,482.30,1,-1,-1,-1
254,39,838.37,502.70,186.52,361.66,1,-1,-1,-1
254,40,1225.72,558.32,132.32,307.96,1,-1,-1,-1
254,41,1460.58,452.57,162.32,421.06,1,-1,-1,-1
254,42,428.32,454.32,157.18,415.03,1,-1,-1,-1
254,43,1362.66,416.70,244.96,463.42,1,-1,-1,-1
255,4,1147.25,498.80,182.65,370.15,1,-1,-1,-1
255,15,894.79,468.59,277.60,407.45,1,-1,-1,-1
255,20,1385.36,413.79,215.46,474.47,1,-1,-1,-1
255,25,1342.70,434.18,230.79,441.02,1,-1,-1,-1
255,29,718.97,526.86,144.34,342.53,1,-1,-1,-1
255,32,554.51,562.79,121.58,297.38,1,-1,-1,-1
255,34,1098.83,561.74,120.71,306.57,1,-1,-1,-1
255,36,470.18,447.89,192.06,423.40,1,-1,-1,-1
255,37,422.19,434.55,171.91,442.21,1,-1,-1,-1
255,38,1372.04,406.10,219.04,482.30,1,-1,-1,-1
255,39,760.43,532.35,125.25,331.66,1,-1,-1,-1
255,40,1224.40,565.21,129.29,295.62,1,-1,-1,-1
255,41,1453.45,453.67,170.03,418.89,1,-1,-1,-1
255,42,424.72,456.58,155.50,412.20,1,-1,-1,-1
255,43,1362.66,416.70,244.96,463.42,1,-1,-1,-1
255,44,879.60,496.46,176.56,369.97,1,-1,-1,-1
256,4,1144.60,504.60,155.61,362.16,1,-1,-1,-1
256,15,886.34,462.04,284.00,408.53,1,-1,-1,-1
256,20,1385.36,413.79,215.46,474.47,1,-1,-1,-1
256,25,1343.22,446.15,230.84,426.16,1,-1,-1,-1
256,29,748.82,536.53,121.96,325.79,1,-1,-1,-1
256,32,553.66,560.08,150.61,297.63,1,-1,-1,-1
256,34,1099.54,572.18,107.67,285.88,1,-1,-1,-1
256,36,484.26,456.75,179.89,411.87,1,-1,-1,-1
256,37,422.19,434.55,171.91,442.21,1,-1,-1,-1
256,38,1372.04,406.10,219.04,482.30,1,-1,-1,-1
256,39,725.78,530.91,140.47,334.74,1,-1,-1,-1
256,40,1238.05,559.14,113.43,297.49,1,-1,-1,-1
256,41,1474.21,463.06,152.23,403.53,1,-1,-1,-1
256,42,421.11,461.07,155.76,408.34,1,-1,-1,-1
256,43,1362.66,416.70,244.96,463.42,1,-1,-1,-1
256,44,868.94,495.89,159.21,366.15,1,-1,-1,-1
257,4,1147.75,506.91,147.25,359.16,1,-1,-1,-1
257,15,889.67,455.70,274.49,412.42,1,-1,-1,-1
257,20,1385.36,413.79,215.46,474.47,1,-1,-1,-1
257,25,1335.81,451.11,204.04,421.71,1,-1,-1,-1
257,29,723.06,532.92,148.81,332.06,1,-1,-1,-1
257,32,555.96,575.40,169.47,282.79,1,-1,-1,-1
257,34,1088.64,575.73,108.00,281.60,1,-1,-1,-1
257,36,488.13,464.36,179.44,403.88,1,-1,-1,-1
257,37,422.19,434.55,171.91,442.21,1,-1,-1,-1
257,38,1372.04,406.10,219.04,482.30,1,-1,-1,-1
257,39,867.00,474.53,196.74,390.26,1,-1,-1,-1
257,40,1236.48,557.60,117.29,299.57,1,-1,-1,-1
257,41,1487.13,467.13,143.08,401.03,1,-1,-1,-1
257,42,414.81,464.73,154.32,405.27,1,-1,-1,-1
257,43,1362.66,416.70,244.96,463.42,1,-1,-1,-1
257,44,871.66,494.61,163.28,368.52,1,-1,-1,-1
258,4,1145.90,513.70,149.23,349.94,1,-1,-1,-1
258,15,895.69,454.09,245.10,406.38,1,-1,-1,-1
258,20,1385.36,413.79,215.46,474.47,1,-1,-1,-1
258,25,1324.06,455.47,198.72,414.32,1,-1,-1,-1
258,29,722.57,536.20,150.84,326.94,1,-1,-1,-1
258,32,545.04,583.86,197.96,277.47,1,-1,-1,-1
258,34,1072.46,575.92,122.66,279.41,1,-1,-1,-1
258,36,487.26,470.12,214.74,399.44,1,-1,-1,-1
258,37,422.19,434.55,171.91,442.21,1,-1,-1,-1
258,38,1372.04,406.10,219.04,482.30,1,-1,-1,-1
258,39,889.27,458.26,183.37,402.78,1,-1,-1,-1
258,40,1230.76,557.20,128.37,296.04,1,-1,-1,-1
258,41,1485.60,475.57,147.10,393.60,1,-1,-1,-1
258,42,412.13,466.03,153.37,404.74,1,-1,-1,-1
258,43,1362.66,416.70,244.96,463.42,1,-1,-1,-1
258,44,859.84,493.35,162.12,364.94,1,-1,-1,-1
259,4,1137.91,513.80,160.85,347.12,1,-1,-1,-1
259,15,890.46,457.69,210.68,400.94,1,-1,-1,-1
259,20,1385.36,413.79,215.46,474.47,1,-1,-1,-1
259,25,1313.62,465.93,197.25,398.89,1,-1,-1,-1
259,29,721.82,537.29,154.13,329.01,1,-1,-1,-1
259,32,545.04,583.86,197.96,277.47,1,-1,-1,-1
259,34,1054.64,576.77,142.09,279.99,1,-1,-1,-1
259,36,476.55,471.88,245.01,396.59,1,-1,-1,-1
259,37,422.19,434.55,171.91,442.21,1,-1,-1,-1
259,38,1372.04,406.10,219.04,482.30,1,-1,-1,-1
259,39,889.27,458.26,183.37,402.78,1,-1,-1,-1
259,40,1231.98,553.87,136.74,296.40,1,-1,-1,-1
259,41,1482.94,478.70,158.67,391.16,1,-1,-1,-1
259,42,412.16,468.30,156.20,399.88,1,-1,-1,-1
259,43,1362.66,416.70,244.96,463.42,1,-1,-1,-1
259,44,838.72,491.12,176.85,366.78,1,-1,-1,-1
260,4,1123.79,511.68,194.82,348.81,1,-1,-1,-1
260,15,904.39,469.28,173.18,398.10,1,-1,-1,-1
260,20,1385.36,413.79,215.46,474.47,1,-1,-1,-1
260,25,1317.09,475.89,191.02,386.06,1,-1,-1,-1
260,29,716.04,539.00,182.02,324.48,1,-1,-1,-1
260,32,533.57,564.82,191.47,295.52,1,-1,-1,-1
260,34,1054.97,578.53,145.05,278.01,1,-1,-1,-1
260,36,483.70,473.78,229.43,394.10,1,-1,-1,-1
260,37,422.19,434.55,171.91,442.21,1,-1,-1,-1
260,38,1372.04,406.10,219.04,482.30,1,-1,-1,-1
260,39,889.27,458.26,183.37,402.78,1,-1,-1,-1
260,40,1234.78,547.15,154.28,303.68,1,-1,-1,-1
260,41,1482.51,483.92,169.69,382.62,1,-1,-1,-1
260,42,414.87,470.71,148.68,396.75,1,-1,-1,-1
260,43,1362.66,416.70,244.96,463.42,1,-1,-1,-1
260,44,840.13,488.49,163.65,368.41,1,-1,-1,-1
261,4,1090.84,519.25,231.59,341.22,1,-1,-1,-1
261,15,897.92,480.85,173.04,392.23,1,-1,-1,-1
261,20,1385.36,413.79,215.46,474.47,1,-1,-1,-1
261,25,1313.35,480.33,191.15,384.51,1,-1,-1,-1
261,29,734.61,542.68,147.25,320.71,1,-1,-1,-1
261,32,533.04,505.70,160.72,355.88,1,-1,-1,-1
261,34,1070.13,577.85,131.71,277.90,1,-1,-1,-1
261,36,496.97,474.16,194.07,394.09,1,-1,-1,-1
261,37,422.19,434.55,171.91,442.21,1,-1,-1,-1
261,38,1372.04,406.10,219.04,482.30,1,-1,-1,-1
261,39,889.27,458.26,183.37,402.78,1,-1,-1,-1
261,40,1241.03,559.44,174.26,292.71,1,-1,-1,-1
261,41,1483.82,485.14,180.83,386.01,1,-1,-1,-1
261,42,420.46,473.94,146.42,391.50,1,-1,-1,-1
261,43,1362.66,416.70,244.96,463.42,1,-1,-1,-1
261,44,846.03,493.00,168.22,366.81,1,-1,-1,-1
262,4,1104.25,527.99,199.63,328.94,1,-1,-1,-1
262,15,902.60,490.41,171.91,374.49,1,-1,-1,-1
262,20,1385.36,413.79,215.46,474.47,1,-1,-1,-1
262,25,1325.36,477.95,192.97,388.56,1,-1,-1,-1
262,29,747.54,542.30,160.19,316.18,1,-1,-1,-1
262,32,533.04,505.70,160.72,355.88,1,-1,-1,-1
262,34,1075.86,561.92,127.75,289.00,1,-1,-1,-1
262,36,501.96,477.22,180.01,387.93,1,-1,-1,-1
262,37,422.19,434.55,171.91,442.21,1,-1,-1,-1
262,39,889.27,458.26,183.37,402.78,1,-1,-1,-1
262,40,1244.41,560.41,163.96,289.01,1,-1,-1,-1
262,41,1476.61,479.86,195.96,389.24,1,-1,-1,-1
262,42,397.70,475.15,166.72,386.49,1,-1,-1,-1
262,43,1362.66,416.70,244.96,463.42,1,-1,-1,-1
262,44,844.78,494.13,175.50,361.93,1,-1,-1,-1
263,4,1111.83,528.54,184.22,328.00,1,-1,-1,-1
263,15,892.18,496.64,187.11,362.71,1,-1,-1,-1
263,20,1385.36,413.79,215.46,474.47,1,-1,-1,-1
263,25,1331.32,480.71,209.77,383.46,1,-1,-1,-1
263,29,751.49,542.97,162.62,312.09,1,-1,-1,-1
263,32,531.92,507.07,168.12,349.04,1,-1,-1,-1
263,34,1077.13,565.38,141.14,281.75,1,-1,-1,-1
263,36,496.04,476.63,201.30,387.22,1,-1,-1,-1
263,37,422.19,434.55,171.91,442.21,1,-1,-1,-1
263,39,889.27,458.26,183.37,402.78,1,-1,-1,-1
263,40,1257.30,560.92,168.99,291.29,1,-1,-1,-1
263,41,1494.51,476.98,190.93,387.25,1,-1,-1,-1
263,42,397.80,475.60,178.98,386.21,1,-1,-1,-1
263,43,1362.66,416.70,244.96,463.42,1,-1,-1,-1
263,44,851.23,495.58,179.54,358.30,1,-1,-1,-1
264,4,1106.08,521.22,190.37,333.32,1,-1,-1,-1
264,15,899.07,507.51,203.15,354.34,1,-1,-1,-1
264,20,1385.36,413.79,215.46,474.47,1,-1,-1,-1
264,25,1329.86,487.13,221.91,369.39,1,-1,-1,-1
264,29,755.63,543.28,155.40,312.92,1,-1,-1,-1
264,32,531.92,507.07,168.12,349.04,1,-1,-1,-1
264,34,1071.99,575.92,141.76,271.34,1,-1,-1,-1
264,36,497.92,479.71,232.63,382.76,1,-1,-1,-1
264,37,422.19,434.55,171.91,442.21,1,-1,-1,-1
264,39,889.27,458.26,183.37,402.78,1,-1,-1,-1
264,40,1250.59,551.18,196.85,298.71,1,-1,-1,-1
264,41,1484.66,478.37,223.46,385.77,1,-1,-1,-1
264,42,396.15,474.65,196.35,387.49,1,-1,-1,-1
264,43,1379.33,528.97,207.62,325.12,1,-1,-1,-1
264,44,860.25,486.84,184.92,370.18,1,-1,-1,-1
265,4,1112.56,516.27,194.59,336.01,1,-1,-1,-1
265,15,886.97,542.78,255.79,321.07,1,-1,-1,-1
265,25,1334.05,491.26,236.89,364.18,1,-1,-1,-1
265,29,737.69,543.00,179.10,311.32,1,-1,-1,-1
265,32,531.92,507.07,168.12,349.04,1,-1,-1,-1
265,34,1039.46,569.88,190.47,278.12,1,-1,-1,-1
265,36,498.93,480.29,244.71,382.13,1,-1,-1,-1
265,37,422.19,434.55,171.91,442.21,1,-1,-1,-1
265,39,889.27,458.26,183.37,402.78,1,-1,-1,-1
265,40,1252.19,530.75,212.20,315.23,1,-1,-1,-1
265,41,1475.52,469.06,253.43,396.09,1,-1,-1,-1
265,42,395.16,474.89,196.23,385.57,1,-1,-1,-1
265,43,1372.36,516.39,213.23,336.94,1,-1,-1,-1
265,44,836.84,494.93,215.02,368.64,1,-1,-1,-1
266,4,1067.58,509.12,294.14,342.33,1,-1,-1,-1
266,15,862.85,581.64,312.11,278.80,1,-1,-1,-1
266,25,1298.05,497.23,282.65,357.23,1,-1,-1,-1
266,29,744.00,533.13,191.65,321.31,1,-1,-1,-1
266,32,482.10,566.88,169.59,281.77,1,-1,-1,-1
266,34,1010.87,593.53,209.30,260.61,1,-1,-1,-1
266,36,508.33,474.87,283.70,385.68,1,-1,-1,-1
266,37,346.88,466.95,281.47,388.56,1,-1,-1,-1
266,39,889.27,458.26,183.37,402.78,1,-1,-1,-1
266,40,1253.35,545.74,251.31,305.03,1,-1,-1,-1
266,41,1473.67,465.05,305.93,394.82,1,-1,-1,-1
266,42,342.20,471.20,276.96,382.94,1,-1,-1,-1
266,43,1387.41,548.11,209.36,299.64,1,-1,-1,-1
266,44,841.65,505.42,227.33,347.65,1,-1,-1,-1
267,4,1061.75,511.29,255.94,341.03,1,-1,-1,-1
267,15,880.06,592.64,275.18,266.47,1,-1,-1,-1
267,25,1307.81,498.26,262.74,356.65,1,-1,-1,-1
267,29,746.47,531.37,193.92,322.28,1,-1,-1,-1
267,32,474.40,572.58,165.63,274.16,1,-1,-1,-1
267,34,1010.87,593.53,209.30,260.61,1,-1,-1,-1
267,36,502.64,475.11,295.33,385.92,1,-1,-1,-1
267,37,346.88,466.95,281.47,388.56,1,-1,-1,-1
267,39,889.27,458.26,183.37,402.78,1,-1,-1,-1
267,40,1256.73,556.75,234.49,291.11,1,-1,-1,-1
267,41,1471.62,463.39,307.13,393.71,1,-1,-1,-1
267,42,334.34,467.65,281.57,387.21,1,-1,-1,-1
267,43,1420.75,569.12,194.57,278.81,1,-1,-1,-1
267,44,839.72,504.83,251.70,345.67,1,-1,-1,-1
268,4,1062.49,508.85,253.59,341.81,1,-1,-1,-1
268,15,893.46,591.58,305.59,265.32,1,-1,-1,-1
268,25,1295.93,493.84,264.16,359.55,1,-1,-1,-1
268,29,756.77,530.56,187.18,320.70,1,-1,-1,-1
268,32,479.60,572.79,159.01,274.09,1,-1,-1,-1
268,34,1010.87,593.53,209.30,260.61,1,-1,-1,-1
268,36,507.22,477.95,286.36,380.91,1,-1,-1,-1
268,37,346.88,466.95,281.47,388.56,1,-1,-1,-1
268,39,889.27,458.26,183.37,402.78,1,-1,-1,-1
268,40,1258.21,554.47,219.46,292.79,1,-1,-1,-1
268,41,1491.52,462.47,284.38,393.21,1,-1,-1,-1
268,42,333.18,467.96,285.70,385.59,1,-1,-1,-1
268,43,1443.84,571.42,161.14,276.08,1,-1,-1,-1
268,44,842.40,502.46,243.55,344.49,1,-1,-1,-1
269,4,1058.09,507.19,271.01,342.62,1,-1,-1,-1
269,15,894.78,579.56,317.20,279.23,1,-1,-1,-1
269,25,1306.39,490.44,241.66,362.80,1,-1,-1,-1
269,29,755.61,530.71,191.96,320.28,1,-1,-1,-1
269,32,480.64,573.46,153.24,273.42,1,-1,-1,-1
269,34,1010.87,593.53,209.30,260.61,1,-1,-1,-1
269,36,502.63,475.15,295.79,382.78,1,-1,-1,-1
269,37,346.88,466.95,281.47,388.56,1,-1,-1,-1
269,39,889.27,458.26,183.37,402.78,1,-1,-1,-1
269,40,1259.96,553.39,211.36,295.96,1,-1,-1,-1
269,41,1496.87,463.75,278.94,393.40,1,-1,-1,-1
269,42,331.85,465.39,282.37,386.32,1,-1,-1,-1
269,43,1446.47,550.31,164.96,299.03,1,-1,-1,-1
269,44,844.19,494.94,238.64,353.04,1,-1,-1,-1
270,4,1060.77,507.78,279.05,342.54,1,-1,-1,-1
270,15,875.15,556.09,332.88,300.93,1,-1,-1,-1
270,25,1274.02,491.46,273.35,362.05,1,-1,-1,-1
270,29,755.01,530.52,191.14,314.58,1,-1,-1,-1
270,32,480.64,573.46,153.24,273.42,1,-1,-1,-1
270,34,1010.87,593.53,209.30,260.61,1,-1,-1,-1
270,36,497.79,475.55,304.33,381.23,1,-1,-1,-1
270,37,346.88,466.95,281.47,388.56,1,-1,-1,-1
270,39,889.27,458.26,183.37,402.78,1,-1,-1,-1
270,40,1266.68,544.58,217.03,304.43,1,-1,-1,-1
270,41,1496.87,463.75,278.94,393.40,1,-1,-1,-1
270,42,329.70,467.35,294.41,387.63,1,-1,-1,-1
270,43,1446.22,540.56,166.89,309.07,1,-1,-1,-1
270,44,845.95,489.16,227.33,361.54,1,-1,-1,-1
271,4,1064.87,509.27,281.55,340.76,1,-1,-1,-1
271,15,882.90,520.36,308.39,339.22,1,-1,-1,-1
271,25,1280.28,489.75,265.74,363.13,1,-1,-1,-1
271,29,757.46,529.81,191.09,317.37,1,-1,-1,-1
271,32,480.64,573.46,153.24,273.42,1,-1,-1,-1
271,34,1010.87,593.53,209.30,260.61,1,-1,-1,-1
271,36,501.04,474.10,301.75,377.58,1,-1,-1,-1
271,37,346.88,466.95,281.47,388.56,1,-1,-1,-1
271,39,889.27,458.26,183.37,402.78,1,-1,-1,-1
271,40,1266.68,544.58,217.03,304.43,1,-1,-1,-1
271,41,1496.87,463.75,278.94,393.40,1,-1,-1,-1
271,42,330.08,466.86,288.60,391.07,1,-1,-1,-1
271,43,1446.59,540.98,171.71,308.75,1,-1,-1,-1
271,44,856.52,482.23,228.78,369.80,1,-1,-1,-1
271,46,1507.68,466.43,261.69,392.00,1,-1,-1,-1
272,4,1073.42,508.69,281.15,341.81,1,-1,-1,-1
272,15,871.46,504.13,289.54,354.24,1,-1,-1,-1
272,25,1288.08,489.48,258.46,362.42,1,-1,-1,-1
272,29,756.60,532.14,188.99,315.88,1,-1,-1,-1
272,32,480.64,573.46,153.24,273.42,1,-1,-1,-1
272,34,1010.87,593.53,209.30,260.61,1,-1,-1,-1
272,36,501.64,473.30,295.53,377.81,1,-1,-1,-1
272,37,346.88,466.95,281.47,388.56,1,-1,-1,-1
272,39,889.27,458.26,183.37,402.78,1,-1,-1,-1
272,40,1266.68,544.58,217.03,304.43,1,-1,-1,-1
272,41,1496.87,463.75,278.94,393.40,1,-1,-1,-1
272,42,330.06,466.52,284.06,389.13,1,-1,-1,-1
272,43,1462.68,552.18,161.98,296.64,1,-1,-1,-1
272,44,857.01,481.19,238.90,370.99,1,-1,-1,-1
272,46,1502.37,467.80,258.05,391.86,1,-1,-1,-1
273,4,1089.42,509.08,259.07,341.29,1,-1,-1,-1
273,15,872.39,488.78,272.66,366.33,1,-1,-1,-1
273,25,1291.61,488.93,251.10,361.54,1,-1,-1,-1
273,29,759.10,533.58,180.01,315.52,1,-1,-1,-1
273,32,480.64,573.46,153.24,273.42,1,-1,-1,-1
273,34,1010.87,593.53,209.30,260.61,1,-1,-1,-1
273,36,512.56,473.45,278.85,374.10,1,-1,-1,-1
273,37,346.88,466.95,281.47,388.56,1,-1,-1,-1
273,39,889.27,458.26,183.37,402.78,1,-1,-1,-1
273,40,1266.68,544.58,217.03,304.43,1,-1,-1,-1
273,41,1505.24,469.60,245.17,389.21,1,-1,-1,-1
273,42,329.32,467.29,276.26,387.93,1,-1,-1,-1
273,43,1459.96,548.63,161.32,298.71,1,-1,-1,-1
273,44,863.69,479.90,220.50,369.95,1,-1,-1,-1
273,46,1502.78,467.79,246.81,391.74,1,-1,-1,-1
274,4,1068.86,512.53,278.04,336.56,1,-1,-1,-1
274,15,903.23,478.81,226.68,379.43,1,-1,-1,-1
274,25,1291.87,489.37,249.59,360.40,1,-1,-1,-1
274,29,758.28,534.00,179.13,313.86,1,-1,-1,-1
274,32,464.51,573.73,168.96,268.79,1,-1,-1,-1
274,34,883.38,492.77,192.12,360.92,1,-1,-1,-1
274,36,518.00,474.32,273.92,373.66,1,-1,-1,-1
274,37,346.88,466.95,281.47,388.56,1,-1,-1,-1
274,39,889.27,458.26,183.37,402.78,1,-1,-1,-1
274,40,1266.68,544.58,217.03,304.43,1,-1,-1,-1
274,41,1505.24,469.60,245.17,389.21,1,-1,-1,-1
274,42,324.03,468.32,279.49,385.69,1,-1,-1,-1
274,43,1463.57,541.81,153.11,302.90,1,-1,-1,-1
274,44,869.94,479.21,198.03,371.01,1,-1,-1,-1
274,46,1502.49,472.42,237.67,385.12,1,-1,-1,-1
275,4,1067.98,517.24,276.74,332.05,1,-1,-1,-1
275,15,931.20,469.94,190.67,390.36,1,-1,-1,-1
275,25,1291.31,491.40,247.11,358.22,1,-1,-1,-1
275,29,758.94,533.82,182.46,312.95,1,-1,-1,-1
275,32,468.20,575.04,155.32,267.19,1,-1,-1,-1
275,34,883.38,492.77,192.12,360.92,1,-1,-1,-1
275,36,524.43,474.78,269.01,372.26,1,-1,-1,-1
275,37,346.88,466.95,281.47,388.56,1,-1,-1,-1
275,39,889.27,458.26,183.37,402.78,1,-1,-1,-1
275,40,1266.68,544.58,217.03,304.43,1,-1,-1,-1
275,41,1507.81,473.05,230.85,384.84,1,-1,-1,-1
275,42,323.15,470.65,273.19,379.81,1,-1,-1,-1
275,43,1460.30,537.36,158.92,306.08,1,-1,-1,-1
275,44,868.25,476.82,186.04,375.55,1,-1,-1,-1
275,46,1502.49,472.42,237.67,385.12,1,-1,-1,-1
276,4,1052.43,520.16,289.40,325.98,1,-1,-1,-1
276,15,928.35,458.87,194.84,399.02,1,-1,-1,-1
276,25,1287.96,493.45,246.12,356.91,1,-1,-1,-1
276,29,758.94,533.82,182.46,312.95,1,-1,-1,-1
276,32,468.75,570.00,152.54,273.66,1,-1,-1,-1
276,34,854.26,604.48,178.41,248.77,1,-1,-1,-1
276,36,527.86,481.13,261.38,364.30,1,-1,-1,-1
276,37,346.88,466.95,281.47,388.56,1,-1,-1,-1
276,39,889.27,458.26,183.37,402.78,1,-1,-1,-1
276,40,1266.68,544.58,217.03,304.43,1,-1,-1,-1
276,41,1521.87,477.72,207.27,377.85,1,-1,-1,-1
276,42,322.41,475.20,267.13,374.40,1,-1,-1,-1
276,43,1449.89,541.54,153.24,302.07,1,-1,-1,-1
276,44,876.95,465.97,191.89,383.00,1,-1,-1,-1
276,45,762.17,533.65,189.39,319.30,1,-1,-1,-1
276,46,1502.49,472.42,237.67,385.12,1,-1,-1,-1
277,4,1058.92,521.12,280.66,324.61,1,-1,-1,-1
277,15,932.79,453.20,191.23,407.03,1,-1,-1,-1
277,25,1289.66,493.23,228.05,354.88,1,-1,-1,-1
277,29,758.94,533.82,182.46,312.95,1,-1,-1,-1
277,32,472.96,572.49,150.41,271.50,1,-1,-1,-1
277,34,854.26,604.48,178.41,248.77,1,-1,-1,-1
277,36,528.04,490.48,261.06,356.56,1,-1,-1,-1
277,37,346.88,466.95,281.47,388.56,1,-1,-1,-1
277,39,889.27,458.26,183.37,402.78,1,-1,-1,-1
277,40,1266.68,544.58,217.03,304.43,1,-1,-1,-1
277,41,1525.30,478.42,202.57,377.20,1,-1,-1,-1
277,42,322.97,477.38,269.04,370.21,1,-1,-1,-1
277,43,1435.78,540.99,159.11,302.63,1,-1,-1,-1
277,44,875.36,460.01,188.66,387.02,1,-1,-1,-1
277,45,763.49,536.54,184.95,315.24,1,-1,-1,-1
277,46,1502.49,472.42,237.67,385.12,1,-1,-1,-1
278,4,1057.94,523.46,272.11,324.13,1,-1,-1,-1
278,15,934.12,446.32,206.74,403.67,1,-1,-1,-1
278,25,1291.27,495.99,217.34,351.73,1,-1,-1,-1
278,29,766.88,538.41,183.26,307.37,1,-1,-1,-1
278,32,475.84,575.58,150.66,266.93,1,-1,-1,-1
278,34,940.31,544.93,208.01,305.41,1,-1,-1,-1
278,36,529.43,495.85,264.03,351.11,1,-1,-1,-1
278,37,346.88,466.95,281.47,388.56,1,-1,-1,-1
278,39,889.27,458.26,183.37,402.78,1,-1,-1,-1
278,40,1266.68,544.58,217.03,304.43,1,-1,-1,-1
278,41,1535.75,479.79,190.42,374.10,1,-1,-1,-1
278,42,328.03,477.68,270.04,366.97,1,-1,-1,-1
278,43,1431.70,541.82,157.81,302.94,1,-1,-1,-1
278,44,859.51,462.49,204.15,383.70,1,-1,-1,-1
278,45,824.82,474.96,219.91,375.23,1,-1,-1,-1
278,46,1502.49,472.42,237.67,385.12,1,-1,-1,-1
279,4,1080.25,525.17,250.85,320.85,1,-1,-1,-1
279,15,928.27,446.75,234.68,411.05,1,-1,-1,-1
279,25,1293.12,497.60,210.21,349.43,1,-1,-1,-1
279,29,767.91,535.39,201.09,308.57,1,-1,-1,-1
279,32,475.12,579.08,150.24,260.01,1,-1,-1,-1
279,34,940.31,544.93,208.01,305.41,1,-1,-1,-1
279,36,531.71,502.21,260.71,341.78,1,-1,-1,-1
279,37,346.88,466.95,281.47,388.56,1,-1,-1,-1
279,39,889.27,458.26,183.37,402.78,1,-1,-1,-1
279,40,1266.68,544.58,217.03,304.43,1,-1,-1,-1
279,41,1529.88,484.71,197.18,369.38,1,-1,-1,-1
279,42,334.89,479.41,269.60,364.83,1,-1,-1,-1
279,43,1436.84,543.06,154.36,301.73,1,-1,-1,-1
279,44,859.51,462.49,204.15,383.70,1,-1,-1,-1
279,45,828.13,468.40,239.84,384.72,1,-1,-1,-1
279,46,1502.49,472.42,237.67,385.12,1,-1,-1,-1
280,4,1104.91,527.85,226.86,321.61,1,-1,-1,-1
280,15,936.27,430.36,226.64,425.07,1,-1,-1,-1
280,25,1291.37,500.47,212.23,349.02,1,-1,-1,-1
280,29,767.38,539.85,187.60,309.56,1,-1,-1,-1
280,32,484.30,578.67,142.70,259.21,1,-1,-1,-1
280,34,940.31,544.93,208.01,305.41,1,-1,-1,-1
280,36,535.68,505.53,261.20,336.87,1,-1,-1,-1
280,37,346.88,466.95,281.47,388.56,1,-1,-1,-1
280,39,889.27,458.26,183.37,402.78,1,-1,-1,-1
280,40,1266.68,544.58,217.03,304.43,1,-1,-1,-1
280,41,1533.27,489.11,192.69,363.69,1,-1,-1,-1
280,42,346.43,484.56,277.53,361.60,1,-1,-1,-1
280,43,1438.78,545.28,157.89,300.09,1,-1,-1,-1
280,44,846.58,470.69,208.16,382.83,1,-1,-1,-1
280,45,859.23,470.15,208.78,379.93,1,-1,-1,-1
280,46,1502.49,472.42,237.67,385.12,1,-1,-1,-1
281,4,1095.68,529.22,235.42,319.95,1,-1,-1,-1
281,15,932.80,431.60,226.61,424.83,1,-1,-1,-1
281,25,1292.38,508.16,212.37,340.88,1,-1,-1,-1
281,29,776.69,546.38,190.54,299.04,1,-1,-1,-1
281,32,482.39,578.75,137.45,260.47,1,-1,-1,-1
281,34,940.31,544.93,208.01,305.41,1,-1,-1,-1
281,36,534.69,501.24,249.37,342.36,1,-1,-1,-1
281,37,605.16,552.44,188.11,294.56,1,-1,-1,-1
281,39,889.27,458.26,183.37,402.78,1,-1,-1,-1
281,40,1266.68,544.58,217.03,304.43,1,-1,-1,-1
281,41,1537.04,495.28,190.32,356.82,1,-1,-1,-1
281,42,367.56,489.64,225.46,354.80,1,-1,-1,-1
281,43,1426.50,546.55,177.94,296.98,1,-1,-1,-1
281,44,855.08,552.96,156.94,288.37,1,-1,-1,-1
281,45,877.40,476.40,196.27,368.24,1,-1,-1,-1
281,46,1502.49,472.42,237.67,385.12,1,-1,-1,-1
282,4,1097.23,529.85,233.05,314.24,1,-1,-1,-1
282,15,920.17,437.66,243.83,417.19,1,-1,-1,-1
282,25,1292.82,512.64,214.31,336.14,1,-1,-1,-1
282,29,780.65,549.17,190.25,296.32,1,-1,-1,-1
282,32,495.43,584.53,128.83,253.15,1,-1,-1,-1
282,34,1017.57,588.64,188.08,262.73,1,-1,-1,-1
282,36,517.84,500.82,254.65,342.95,1,-1,-1,-1
282,37,638.42,566.17,169.91,277.79,1,-1,-1,-1
282,39,889.27,458.26,183.37,402.78,1,-1,-1,-1
282,40,1266.68,544.58,217.03,304.43,1,-1,-1,-1
282,41,1537.79,495.77,189.63,355.43,1,-1,-1,-1
282,42,376.70,492.51,228.63,352.71,1,-1,-1,-1
282,43,1433.04,546.51,171.61,295.58,1,-1,-1,-1
282,44,855.08,552.96,156.94,288.37,1,-1,-1,-1
282,45,896.14,471.38,177.35,372.17,1,-1,-1,-1
282,46,1502.49,472.42,237.67,385.12,1,-1,-1,-1
283,4,1086.07,529.93,245.96,311.88,1,-1,-1,-1
283,15,933.43,435.27,225.31,409.31,1,-1,-1,-1
283,25,1297.82,512.67,210.31,334.61,1,-1,-1,-1
283,29,789.32,551.21,179.66,294.51,1,-1,-1,-1
283,32,497.01,584.14,118.54,253.78,1,-1,-1,-1
283,34,1029.13,609.24,180.46,241.39,1,-1,-1,-1
283,36,516.99,501.50,252.49,338.95,1,-1,-1,-1
283,37,636.74,564.47,186.87,277.45,1,-1,-1,-1
283,39,889.27,458.26,183.37,402.78,1,-1,-1,-1
283,40,1266.68,544.58,217.03,304.43,1,-1,-1,-1
283,41,1534.01,495.87,192.93,353.02,1,-1,-1,-1
283,42,379.47,493.13,212.74,352.44,1,-1,-1,-1
283,43,1441.05,547.75,155.17,292.49,1,-1,-1,-1
283,44,855.08,552.96,156.94,288.37,1,-1,-1,-1
283,45,899.56,507.35,175.81,333.14,1,-1,-1,-1
283,46,1502.49,472.42,237.67,385.12,1,-1,-1,-1
284,4,1099.34,529.88,229.96,311.32,1,-1,-1,-1
284,15,927.35,436.66,258.57,402.05,1,-1,-1,-1
284,25,1303.17,512.68,202.80,332.40,1,-1,-1,-1
284,29,799.42,549.07,167.21,295.14,1,-1,-1,-1
284,32,499.83,584.02,118.78,253.48,1,-1,-1,-1
284,34,1029.13,609.24,180.46,241.39,1,-1,-1,-1
284,36,518.30,502.76,260.27,338.75,1,-1,-1,-1
284,37,640.80,560.91,190.21,276.99,1,-1,-1,-1
284,39,889.27,458.26,183.37,402.78,1,-1,-1,-1
284,40,1287.26,553.86,161.42,277.72,1,-1,-1,-1
284,41,1534.41,494.93,190.21,351.17,1,-1,-1,-1
284,42,386.35,493.69,218.36,352.58,1,-1,-1,-1
284,43,1440.65,548.56,146.92,291.69,1,-1,-1,-1
284,44,855.08,552.96,156.94,288.37,1,-1,-1,-1
284,45,909.11,486.16,184.59,358.60,1,-1,-1,-1
284,46,1502.49,472.42,237.67,385.12,1,-1,-1,-1
285,4,1103.79,527.21,222.22,312.98,1,-1,-1,-1
285,15,961.96,433.68,254.75,406.24,1,-1,-1,-1
285,25,1303.19,512.23,205.37,331.96,1,-1,-1,-1
285,29,813.74,547.51,154.43,291.39,1,-1,-1,-1
285,32,503.74,581.55,117.95,255.31,1,-1,-1,-1
285,34,1029.13,609.24,180.46,241.39,1,-1,-1,-1
285,36,538.19,505.67,234.40,337.72,1,-1,-1,-1
285,37,657.15,560.42,179.65,277.05,1,-1,-1,-1
285,39,889.27,458.26,183.37,402.78,1,-1,-1,-1
285,40,1290.77,558.43,153.37,274.69,1,-1,-1,-1
285,41,1533.35,495.13,188.65,348.69,1,-1,-1,-1
285,42,394.40,494.16,220.42,352.78,1,-1,-1,-1
285,43,1446.52,547.89,136.48,290.80,1,-1,-1,-1
285,44,855.08,552.96,156.94,288.37,1,-1,-1,-1
285,45,912.56,468.38,178.10,383.70,1,-1,-1,-1
285,46,1502.49,472.42,237.67,385.12,1,-1,-1,-1
286,4,1109.56,528.51,202.82,314.97,1,-1,-1,-1
286,15,992.38,434.76,279.11,412.19,1,-1,-1,-1
286,25,1299.27,512.92,204.06,327.97,1,-1,-1,-1
286,29,823.54,545.84,156.08,298.81,1,-1,-1,-1
286,32,505.07,586.35,116.04,249.06,1,-1,-1,-1
286,34,1029.13,609.24,180.46,241.39,1,-1,-1,-1
286,36,560.87,511.96,208.80,330.91,1,-1,-1,-1
286,37,671.50,560.77,167.18,277.21,1,-1,-1,-1
286,39,889.27,458.26,183.37,402.78,1,-1,-1,-1
286,40,1290.52,556.93,149.91,275.07,1,-1,-1,-1
286,41,1542.83,495.96,169.42,346.72,1,-1,-1,-1
286,42,413.05,493.15,194.29,349.65,1,-1,-1,-1
286,43,1450.48,551.50,128.42,286.90,1,-1,-1,-1
286,44,697.39,564.99,160.84,274.32,1,-1,-1,-1
286,45,913.27,453.86,192.80,391.66,1,-1,-1,-1
286,46,1502.49,472.42,237.67,385.12,1,-1,-1,-1
287,4,1124.47,532.01,169.15,308.75,1,-1,-1,-1
287,15,1029.74,439.86,231.01,415.33,1,-1,-1,-1
287,25,1299.82,514.78,198.68,324.41,1,-1,-1,-1
287,29,831.33,547.74,148.65,292.65,1,-1,-1,-1
287,32,511.33,583.54,111.61,250.74,1,-1,-1,-1
287,34,1029.13,609.24,180.46,241.39,1,-1,-1,-1
287,36,564.60,515.36,218.13,328.94,1,-1,-1,-1
287,37,684.09,564.82,146.23,271.05,1,-1,-1,-1
287,39,889.27,458.26,183.37,402.78,1,-1,-1,-1
287,40,1292.06,559.79,133.18,272.63,1,-1,-1,-1
287,41,1542.65,498.62,165.13,345.15,1,-1,-1,-1
287,42,421.58,493.81,160.41,346.67,1,-1,-1,-1
287,43,1443.72,551.97,137.24,285.85,1,-1,-1,-1
287,44,697.39,564.99,160.84,274.32,1,-1,-1,-1
287,45,912.30,464.16,202.56,381.52,1,-1,-1,-1
287,46,1502.49,472.42,237.67,385.12,1,-1,-1,-1
288,4,1128.42,535.63,158.40,308.11,1,-1,-1,-1
288,15,1041.14,441.62,236.41,414.38,1,-1,-1,-1
288,25,1297.35,516.88,197.05,323.41,1,-1,-1,-1
288,29,840.55,547.98,144.83,291.50,1,-1,-1,-1
288,32,515.93,583.54,108.77,254.09,1,-1,-1,-1
288,34,1029.13,609.24,180.46,241.39,1,-1,-1,-1
288,36,579.93,518.72,214.21,325.88,1,-1,-1,-1
288,37,688.67,566.30,144.80,270.28,1,-1,-1,-1
288,39,889.27,458.26,183.37,402.78,1,-1,-1,-1
288,40,1292.51,567.25,127.96,267.84,1,-1,-1,-1
288,41,1538.26,501.77,163.13,345.03,1,-1,-1,-1
288,42,426.04,495.56,137.51,345.44,1,-1,-1,-1
288,43,1438.70,552.70,145.52,284.03,1,-1,-1,-1
288,44,697.39,564.99,160.84,274.32,1,-1,-1,-1
288,45,914.85,472.89,195.80,372.94,1,-1,-1,-1
288,46,1502.49,472.42,237.67,385.12,1,-1,-1,-1
289,4,1134.27,542.75,147.13,302.35,1,-1,-1,-1
289,15,1043.46,441.01,221.27,411.34,1,-1,-1,-1
289,25,1294.63,520.07,193.22,320.96,1,-1,-1,-1
289,29,849.23,551.25,142.75,286.79,1,-1,-1,-1
289,32,519.11,587.56,111.96,249.33,1,-1,-1,-1
289,34,1029.13,609.24,180.46,241.39,1,-1,-1,-1
289,36,586.24,521.81,188.61,321.65,1,-1,-1,-1
289,37,694.68,569.47,139.75,269.42,1,-1,-1,-1
289,40,1289.19,565.77,125.54,270.92,1,-1,-1,-1
289,41,1533.80,507.98,162.78,339.66,1,-1,-1,-1
289,42,433.87,499.42,127.66,341.64,1,-1,-1,-1
289,43,1440.27,552.30,141.34,280.84,1,-1,-1,-1
289,44,697.39,564.99,160.84,274.32,1,-1,-1,-1
289,45,914.17,474.21,198.70,377.10,1,-1,-1,-1
289,46,1502.49,472.42,237.67,385.12,1,-1,-1,-1
290,4,1136.32,545.94,141.68,300.38,1,-1,-1,-1
290,15,1046.62,443.55,193.82,404.98,1,-1,-1,-1
290,25,1289.21,526.36,194.52,313.70,1,-1,-1,-1
290,29,852.81,553.83,141.20,285.78,1,-1,-1,-1
290,32,525.30,590.06,109.95,248.20,1,-1,-1,-1
290,34,1029.13,609.24,180.46,241.39,1,-1,-1,-1
290,36,595.82,526.19,179.87,313.34,1,-1,-1,-1
290,37,704.09,570.07,131.06,266.37,1,-1,-1,-1
290,40,1286.42,570.59,124.86,264.42,1,-1,-1,-1
290,41,1528.21,509.84,164.43,334.27,1,-1,-1,-1
290,42,438.48,500.69,129.74,339.72,1,-1,-1,-1
290,43,1430.88,552.51,147.09,281.25,1,-1,-1,-1
290,44,697.39,564.99,160.84,274.32,1,-1,-1,-1
290,45,919.60,475.79,192.36,371.34,1,-1,-1,-1
290,46,1502.49,472.42,237.67,385.12,1,-1,-1,-1
291,4,1126.06,543.44,143.88,296.06,1,-1,-1,-1
291,15,1045.52,443.54,201.23,404.07,1,-1,-1,-1
291,25,1284.71,532.94,210.99,306.17,1,-1,-1,-1
291,29,856.28,551.19,151.08,281.22,1,-1,-1,-1
291,32,525.46,592.75,124.53,243.21,1,-1,-1,-1
291,34,1029.13,609.24,180.46,241.39,1,-1,-1,-1
291,36,603.21,529.12,164.80,309.25,1,-1,-1,-1
291,37,705.07,563.19,139.52,270.39,1,-1,-1,-1
291,40,1285.37,565.73,132.93,267.26,1,-1,-1,-1
291,41,1512.69,511.01,173.83,326.93,1,-1,-1,-1
291,42,429.11,506.55,150.06,332.17,1,-1,-1,-1
291,43,1423.95,551.03,164.15,283.60,1,-1,-1,-1
291,44,697.39,564.99,160.84,274.32,1,-1,-1,-1
291,45,905.48,480.19,209.69,369.13,1,-1,-1,-1
291,46,1502.49,472.42,237.67,385.12,1,-1,-1,-1
292,4,1117.00,526.77,148.46,317.18,1,-1,-1,-1
292,15,1042.82,435.91,194.45,414.54,1,-1,-1,-1
292,25,1284.13,532.96,222.39,304.33,1,-1,-1,-1
292,29,856.91,547.34,164.27,293.00,1,-1,-1,-1
292,32,522.28,597.19,140.24,239.23,1,-1,-1,-1
292,34,1029.13,609.24,180.46,241.39,1,-1,-1,-1
292,36,599.01,529.52,223.04,308.75,1,-1,-1,-1
292,37,692.78,561.58,150.45,269.50,1,-1,-1,-1
292,40,1284.70,560.23,141.99,274.50,1,-1,-1,-1
292,41,1491.09,509.83,186.39,324.59,1,-1,-1,-1
292,42,419.76,506.30,182.08,334.77,1,-1,-1,-1
292,43,1441.61,555.90,143.81,278.42,1,-1,-1,-1
292,44,697.39,564.99,160.84,274.32,1,-1,-1,-1
292,45,888.39,474.65,223.95,371.38,1,-1,-1,-1
292,46,1502.49,472.42,237.67,385.12,1,-1,-1,-1
293,4,1100.54,530.84,156.24,317.91,1,-1,-1,-1
293,15,1032.43,434.02,205.12,418.55,1,-1,-1,-1
293,25,1286.74,529.59,202.64,306.45,1,-1,-1,-1
293,29,858.39,533.14,186.04,306.70,1,-1,-1,-1
293,32,516.56,587.99,161.47,249.08,1,-1,-1,-1
293,34,1029.13,609.24,180.46,241.39,1,-1,-1,-1
293,36,599.68,529.49,222.47,308.26,1,-1,-1,-1
293,37,709.30,558.04,132.48,273.15,1,-1,-1,-1
293,40,1285.71,557.31,141.89,276.79,1,-1,-1,-1
293,41,1476.79,505.87,194.33,329.30,1,-1,-1,-1
293,42,419.89,508.32,184.00,328.67,1,-1,-1,-1
293,43,1452.99,535.33,137.23,297.54,1,-1,-1,-1
293,44,697.39,564.99,160.84,274.32,1,-1,-1,-1
293,45,878.52,470.90,234.84,374.42,1,-1,-1,-1
293,46,1502.49,472.42,237.67,385.12,1,-1,-1,-1
294,4,1098.49,529.36,155.17,314.86,1,-1,-1,-1
294,15,1040.55,446.69,209.64,402.97,1,-1,-1,-1
294,25,1295.07,527.40,203.18,309.26,1,-1,-1,-1
294,29,868.95,514.82,162.32,324.63,1,-1,-1,-1
294,32,520.62,584.06,159.35,251.73,1,-1,-1,-1
294,34,1029.13,609.24,180.46,241.39,1,-1,-1,-1
294,36,587.12,525.76,226.86,312.00,1,-1,-1,-1
294,37,720.96,550.73,125.07,281.04,1,-1,-1,-1
294,40,1292.67,544.42,145.50,289.87,1,-1,-1,-1
294,41,1509.74,502.38,156.28,330.31,1,-1,-1,-1
294,42,433.64,511.62,164.11,324.44,1,-1,-1,-1
294,43,1457.18,516.86,139.89,313.51,1,-1,-1,-1
294,44,697.39,564.99,160.84,274.32,1,-1,-1,-1
294,45,882.40,480.21,232.23,362.16,1,-1,-1,-1
294,46,1502.49,472.42,237.67,385.12,1,-1,-1,-1
295,4,1118.26,516.27,135.90,318.99,1,-1,-1,-1
295,15,1041.39,440.83,200.47,409.24,1,-1,-1,-1
295,25,1304.66,515.81,126.01,317.89,1,-1,-1,-1
295,29,879.42,496.92,140.66,343.67,1,-1,-1,-1
295,32,532.00,576.42,147.88,257.98,1,-1,-1,-1
295,34,1029.13,609.24,180.46,241.39,1,-1,-1,-1
295,36,622.73,523.69,195.78,314.74,1,-1,-1,-1
295,37,720.35,542.95,130.75,291.65,1,-1,-1,-1
295,40,1303.71,510.31,132.42,324.35,1,-1,-1,-1
295,41,1527.51,498.51,134.86,331.91,1,-1,-1,-1
295,42,450.30,508.09,136.14,326.95,1,-1,-1,-1
295,43,1456.72,500.59,137.55,331.19,1,-1,-1,-1
295,44,697.39,564.99,160.84,274.32,1,-1,-1,-1
295,45,883.43,479.36,214.02,366.00,1,-1,-1,-1
295,46,1331.51,504.95,187.14,333.78,1,-1,-1,-1
296,4,1106.32,492.95,153.00,350.08,1,-1,-1,-1
296,15,1036.60,425.73,222.65,419.36,1,-1,-1,-1
296,25,1303.78,495.88,112.30,337.53,1,-1,-1,-1
296,29,883.48,497.50,143.06,339.11,1,-1,-1,-1
296,32,549.50,575.16,128.44,259.60,1,-1,-1,-1
296,34,1029.13,609.24,180.46,241.39,1,-1,-1,-1
296,36,635.46,512.21,196.64,327.39,1,-1,-1,-1
296,37,722.88,533.56,125.43,300.34,1,-1,-1,-1
296,40,1303.71,510.31,132.42,324.35,1,-1,-1,-1
296,41,1526.54,496.75,138.21,340.63,1,-1,-1,-1
296,42,451.76,500.59,133.49,337.80,1,-1,-1,-1
296,43,1450.65,509.01,135.63,324.23,1,-1,-1,-1
296,44,697.39,564.99,160.84,274.32,1,-1,-1,-1
296,45,885.26,481.77,209.59,360.20,1,-1,-1,-1
296,46,1316.10,495.71,172.30,339.63,1,-1,-1,-1
297,4,1096.83,457.71,163.97,386.00,1,-1,-1,-1
297,15,1048.73,424.31,211.35,422.19,1,-1,-1,-1
297,25,1304.90,493.59,111.54,339.83,1,-1,-1,-1
297,29,894.35,505.86,120.30,329.75,1,-1,-1,-1
297,32,555.93,577.19,126.42,254.79,1,-1,-1,-1
297,34,1029.13,609.24,180.46,241.39,1,-1,-1,-1
297,36,639.03,508.47,194.71,330.97,1,-1,-1,-1
297,37,719.18,529.12,129.03,301.29,1,-1,-1,-1
297,40,1303.71,510.31,132.42,324.35,1,-1,-1,-1
297,41,1519.46,503.43,142.65,333.48,1,-1,-1,-1
297,42,450.24,497.31,139.10,343.32,1,-1,-1,-1
297,43,1454.01,518.06,128.66,315.93,1,-1,-1,-1
297,44,697.39,564.99,160.84,274.32,1,-1,-1,-1
297,45,904.49,478.78,180.51,361.37,1,-1,-1,-1
297,46,1319.73,496.48,161.74,337.75,1,-1,-1,-1
298,4,1104.44,436.38,153.41,406.86,1,-1,-1,-1
298,15,1047.42,428.31,214.02,414.04,1,-1,-1,-1
298,25,1305.76,503.10,107.58,329.86,1,-1,-1,-1
298,29,895.10,512.66,108.49,321.66,1,-1,-1,-1
298,32,565.89,575.66,113.23,257.11,1,-1,-1,-1
298,34,1029.13,609.24,180.46,241.39,1,-1,-1,-1
298,36,648.28,509.94,176.46,327.36,1,-1,-1,-1
298,37,726.14,525.10,120.59,306.86,1,-1,-1,-1
298,40,1097.57,434.13,178.53,405.93,1,-1,-1,-1
298,41,1506.24,506.12,153.90,330.29,1,-1,-1,-1
298,42,449.91,496.22,140.99,342.68,1,-1,-1,-1
298,43,1458.92,523.60,123.78,308.91,1,-1,-1,-1
298,44,697.39,564.99,160.84,274.32,1,-1,-1,-1
298,45,921.80,478.02,154.94,361.92,1,-1,-1,-1
298,46,1322.66,501.06,149.74,332.43,1,-1,-1,-1
299,4,1113.84,436.76,142.59,405.11,1,-1,-1,-1
299,15,1081.73,423.53,175.00,415.43,1,-1,-1,-1
299,25,1303.62,502.89,109.71,328.50,1,-1,-1,-1
299,29,894.75,514.23,111.75,319.09,1,-1,-1,-1
299,32,563.68,575.10,112.54,257.52,1,-1,-1,-1
299,34,1029.13,609.24,180.46,241.39,1,-1,-1,-1
299,36,657.89,508.75,161.57,327.73,1,-1,-1,-1
299,37,727.26,527.83,118.61,306.28,1,-1,-1,-1
299,40,1097.57,434.13,178.53,405.93,1,-1,-1,-1
299,41,1509.46,507.58,147.85,328.81,1,-1,-1,-1
299,42,449.55,495.92,137.47,344.12,1,-1,-1,-1
299,43,1459.96,523.93,123.63,307.88,1,-1,-1,-1
299,44,697.39,564.99,160.84,274.32,1,-1,-1,-1
299,45,947.94,476.02,176.45,363.76,1,-1,-1,-1
299,46,1320.11,503.63,153.27,330.86,1,-1,-1,-1
300,4,1121.90,453.70,151.31,387.50,1,-1,-1,-1
300,15,1107.33,423.93,161.78,413.10,1,-1,-1,-1
300,25,1320.00,505.12,146.03,328.65,1,-1,-1,-1
300,29,893.58,517.25,117.69,320.65,1,-1,-1,-1
300,32,561.11,575.78,115.02,255.91,1,-1,-1,-1
300,34,1029.13,609.24,180.46,241.39,1,-1,-1,-1
300,36,658.97,510.06,159.06,326.07,1,-1,-1,-1
300,37,712.22,517.68,126.48,315.05,1,-1,-1,-1
300,40,1097.57,434.13,178.53,405.93,1,-1,-1,-1
300,41,1509.80,509.32,146.50,325.88,1,-1,-1,-1
300,42,448.33,495.63,138.44,344.17,1,-1,-1,-1
300,43,1458.51,522.86,128.97,308.55,1,-1,-1,-1
300,44,697.39,564.99,160.84,274.32,1,-1,-1,-1
300,45,960.71,477.13,174.16,357.42,1,-1,-1,-1
300,46,1326.01,505.22,144.79,328.91,1,-1,-1,-1
300,47,1100.86,427.79,153.85,404.39,1,-1,-1,-1
301,4,1121.90,453.70,151.31,387.50,1,-1,-1,-1
301,15,1086.70,426.51,196.58,418.39,1,-1,-1,-1
301,25,1320.00,505.12,146.03,328.65,1,-1,-1,-1
301,29,894.19,519.86,111.34,317.29,1,-1,-1,-1
301,32,556.95,578.20,130.10,254.03,1,-1,-1,-1
301,34,1029.13,609.24,180.46,241.39,1,-1,-1,-1
301,36,660.95,509.32,157.12,325.88,1,-1,-1,-1
301,37,711.85,516.23,119.76,315.08,1,-1,-1,-1
301,40,1097.57,434.13,178.53,405.93,1,-1,-1,-1
301,41,1512.01,508.91,141.96,324.74,1,-1,-1,-1
301,42,447.64,498.68,135.57,338.32,1,-1,-1,-1
301,43,1453.06,530.12,123.77,300.46,1,-1,-1,-1
301,44,697.39,564.99,160.84,274.32,1,-1,-1,-1
301,45,975.05,469.05,166.98,371.51,1,-1,-1,-1
301,46,1330.66,508.55,134.27,324.13,1,-1,-1,-1
301,47,1100.86,427.79,153.85,404.39,1,-1,-1,-1
301,48,1297.81,499.51,123.07,332.18,1,-1,-1,-1
302,4,1094.33,429.11,211.10,419.04,1,-1,-1,-1
302,15,1096.91,423.99,209.26,425.00,1,-1,-1,-1
302,25,1320.00,505.12,146.03,328.65,1,-1,-1,-1
302,29,893.18,523.42,114.18,312.92,1,-1,-1,-1
302,32,561.49,581.23,123.48,250.71,1,-1,-1,-1
302,34,1029.13,609.24,180.46,241.39,1,-1,-1,-1
302,36,662.81,512.89,155.72,321.04,1,-1,-1,-1
302,37,713.82,519.06,116.46,312.51,1,-1,-1,-1
302,40,1097.57,434.13,178.53,405.93,1,-1,-1,-1
302,41,1491.60,508.27,159.30,325.65,1,-1,-1,-1
302,42,446.62,499.17,135.82,337.82,1,-1,-1,-1
302,43,1443.99,528.53,136.67,301.69,1,-1,-1,-1
302,44,697.39,564.99,160.84,274.32,1,-1,-1,-1
302,45,977.14,469.67,153.75,367.53,1,-1,-1,-1
302,46,1326.12,509.71,140.80,323.54,1,-1,-1,-1
302,47,1100.86,427.79,153.85,404.39,1,-1,-1,-1
302,48,1295.32,499.63,125.12,331.36,1,-1,-1,-1
303,4,1094.33,429.11,211.10,419.04,1,-1,-1,-1
303,15,1119.53,417.19,188.06,429.93,1,-1,-1,-1
303,25,1290.16,515.06,127.60,317.55,1,-1,-1,-1
303,29,892.86,525.13,113.42,310.94,1,-1,-1,-1
303,32,563.99,580.66,120.11,251.06,1,-1,-1,-1
303,34,1029.13,609.24,180.46,241.39,1,-1,-1,-1
303,36,662.95,514.29,156.93,319.69,1,-1,-1,-1
303,37,712.23,522.79,118.51,308.69,1,-1,-1,-1
303,40,1097.57,434.13,178.53,405.93,1,-1,-1,-1
303,41,1497.45,510.70,150.48,323.42,1,-1,-1,-1
303,42,445.28,498.35,136.63,337.96,1,-1,-1,-1
303,43,1447.92,513.80,140.50,316.61,1,-1,-1,-1
303,44,697.39,564.99,160.84,274.32,1,-1,-1,-1
303,45,970.52,468.71,158.99,370.82,1,-1,-1,-1
303,46,1310.22,514.08,148.94,320.47,1,-1,-1,-1
303,47,1100.86,427.79,153.85,404.39,1,-1,-1,-1
303,48,1295.64,504.35,126.68,325.52,1,-1,-1,-1
304,4,1094.33,429.11,211.10,419.04,1,-1,-1,-1
304,15,1124.30,420.17,182.00,425.28,1,-1,-1,-1
304,25,1290.16,515.06,127.60,317.55,1,-1,-1,-1
304,29,890.57,525.05,111.77,310.78,1,-1,-1,-1
304,32,560.86,579.90,115.48,252.19,1,-1,-1,-1
304,34,1029.13,609.24,180.46,241.39,1,-1,-1,-1
304,36,658.90,516.05,160.12,317.56,1,-1,-1,-1
304,37,714.29,524.02,115.17,308.12,1,-1,-1,-1
304,40,1097.57,434.13,178.53,405.93,1,-1,-1,-1
304,41,1500.62,510.62,146.35,324.72,1,-1,-1,-1
304,42,443.61,498.74,139.01,338.53,1,-1,-1,-1
304,43,1450.02,510.26,139.99,320.55,1,-1,-1,-1
304,44,697.39,564.99,160.84,274.32,1,-1,-1,-1
304,45,962.93,465.96,172.82,373.04,1,-1,-1,-1
304,46,1303.99,512.52,152.67,322.35,1,-1,-1,-1
304,47,1100.86,427.79,153.85,404.39,1,-1,-1,-1
304,48,1286.72,511.90,129.63,321.46,1,-1,-1,-1
305,4,1094.33,429.11,211.10,419.04,1,-1,-1,-1
305,15,1126.54,421.46,181.17,424.65,1,-1,-1,-1
305,25,1290.16,515.06,127.60,317.55,1,-1,-1,-1
305,29,887.12,526.08,116.73,308.60,1,-1,-1,-1
305,32,559.80,580.48,107.50,249.98,1,-1,-1,-1
305,34,1029.13,609.24,180.46,241.39,1,-1,-1,-1
305,36,653.25,516.54,163.55,318.13,1,-1,-1,-1
305,37,712.04,526.57,114.48,304.17,1,-1,-1,-1
305,40,1097.57,434.13,178.53,405.93,1,-1,-1,-1
305,41,1489.90,510.30,154.53,323.72,1,-1,-1,-1
305,42,440.95,500.01,135.10,336.95,1,-1,-1,-1
305,43,1450.00,521.12,133.98,310.29,1,-1,-1,-1
305,44,697.39,564.99,160.84,274.32,1,-1,-1,-1
305,45,956.29,466.67,169.69,372.77,1,-1,-1,-1
305,46,1304.95,517.61,151.90,315.92,1,-1,-1,-1
305,47,1100.86,427.79,153.85,404.39,1,-1,-1,-1
305,48,1284.08,509.52,132.76,323.43,1,-1,-1,-1
306,4,1089.86,549.22,136.36,289.13,1,-1,-1,-1
306,15,1115.86,423.31,243.70,416.87,1,-1,-1,-1
306,25,1290.16,515.06,127.60,317.55,1,-1,-1,-1
306,29,882.40,536.30,100.26,296.71,1,-1,-1,-1
306,32,556.73,581.18,119.28,250.16,1,-1,-1,-1
306,34,1029.13,609.24,180.46,241.39,1,-1,-1,-1
306,36,657.38,518.04,155.53,315.72,1,-1,-1,-1
306,37,721.51,543.14,100.82,288.41,1,-1,-1,-1
306,40,1097.57,434.13,178.53,405.93,1,-1,-1,-1
306,41,1488.15,514.86,152.63,318.98,1,-1,-1,-1
306,42,435.55,498.97,134.81,337.24,1,-1,-1,-1
306,43,1445.00,520.47,139.22,309.93,1,-1,-1,-1
306,44,697.39,564.99,160.84,274.32,1,-1,-1,-1
306,45,949.98,468.45,194.07,372.64,1,-1,-1,-1
306,46,1294.54,514.50,155.95,318.18,1,-1,-1,-1
306,47,1100.86,427.79,153.85,404.39,1,-1,-1,-1
306,48,1284.08,509.52,132.76,323.43,1,-1,-1,-1
307,4,1106.28,510.08,145.20,328.97,1,-1,-1,-1
307,15,1121.70,427.37,241.42,411.01,1,-1,-1,-1
307,25,1290.16,515.06,127.60,317.55,1,-1,-1,-1
307,29,880.07,531.22,111.11,302.02,1,-1,-1,-1
307,32,546.34,581.16,119.34,250.66,1,-1,-1,-1
307,34,1029.13,609.24,180.46,241.39,1,-1,-1,-1
307,36,651.01,518.64,157.38,315.48,1,-1,-1,-1
307,37,718.85,539.58,100.72,290.67,1,-1,-1,-1
307,40,1097.57,434.13,178.53,405.93,1,-1,-1,-1
307,41,1468.33,519.01,165.80,314.61,1,-1,-1,-1
307,42,431.80,499.37,138.11,335.34,1,-1,-1,-1
307,43,1446.21,527.13,133.62,302.70,1,-1,-1,-1
307,44,697.39,564.99,160.84,274.32,1,-1,-1,-1
307,45,948.39,472.75,226.18,369.57,1,-1,-1,-1
307,46,1284.96,518.77,159.46,310.84,1,-1,-1,-1
307,47,1100.86,427.79,153.85,404.39,1,-1,-1,-1
307,48,1426.73,537.92,123.56,291.53,1,-1,-1,-1
308,4,1095.61,494.16,159.37,339.02,1,-1,-1,-1
308,15,1118.39,424.07,267.71,420.70,1,-1,-1,-1
308,25,1290.16,515.06,127.60,317.55,1,-1,-1,-1
308,29,875.63,534.37,109.72,298.42,1,-1,-1,-1
308,32,543.25,580.49,125.26,248.74,1,-1,-1,-1
308,34,1029.13,609.24,180.46,241.39,1,-1,-1,-1
308,36,641.62,521.55,163.93,312.39,1,-1,-1,-1
308,37,706.89,536.59,109.15,293.44,1,-1,-1,-1
308,40,1097.57,434.13,178.53,405.93,1,-1,-1,-1
308,41,1453.08,517.97,176.01,316.27,1,-1,-1,-1
308,42,427.88,500.64,138.64,333.37,1,-1,-1,-1
308,43,1442.19,537.80,123.11,292.32,1,-1,-1,-1
308,44,697.39,564.99,160.84,274.32,1,-1,-1,-1
308,45,942.49,466.50,222.39,375.12,1,-1,-1,-1
308,46,1287.28,518.56,163.38,307.87,1,-1,-1,-1
308,47,1100.86,427.79,153.85,404.39,1,-1,-1,-1
308,48,1426.73,537.92,123.56,291.53,1,-1,-1,-1
309,4,1094.95,489.73,164.15,342.79,1,-1,-1,-1
309,15,1109.55,420.73,281.97,425.97,1,-1,-1,-1
309,25,1290.16,515.06,127.60,317.55,1,-1,-1,-1
309,29,871.41,535.90,110.65,294.72,1,-1,-1,-1
309,32,536.18,581.45,127.13,246.92,1,-1,-1,-1
309,34,1029.13,609.24,180.46,241.39,1,-1,-1,-1
309,36,636.09,518.70,166.26,315.55,1,-1,-1,-1
309,37,702.06,536.17,109.97,294.74,1,-1,-1,-1
309,40,1097.57,434.13,178.53,405.93,1,-1,-1,-1
309,41,1444.19,521.80,153.14,307.73,1,-1,-1,-1
309,42,423.15,501.06,140.58,332.65,1,-1,-1,-1
309,43,1433.68,531.26,129.32,298.24,1,-1,-1,-1
309,44,697.39,564.99,160.84,274.32,1,-1,-1,-1
309,45,932.73,463.48,221.53,379.40,1,-1,-1,-1
309,46,1283.28,520.23,167.42,309.95,1,-1,-1,-1
309,47,1100.86,427.79,153.85,404.39,1,-1,-1,-1
309,48,1458.86,521.65,160.21,313.70,1,-1,-1,-1
310,4,1084.98,510.09,158.27,328.88,1,-1,-1,-1
310,15,1101.45,420.59,288.08,424.66,1,-1,-1,-1
310,25,1105.91,499.71,180.35,339.55,1,-1,-1,-1
310,29,870.21,542.83,102.23,287.34,1,-1,-1,-1
310,32,529.72,581.49,122.07,247.08,1,-1,-1,-1
310,34,1029.13,609.24,180.46,241.39,1,-1,-1,-1
310,36,634.48,518.88,166.45,315.45,1,-1,-1,-1
310,37,702.62,542.42,107.18,288.86,1,-1,-1,-1
310,40,1097.57,434.13,178.53,405.93,1,-1,-1,-1
310,41,1448.74,521.93,170.07,312.76,1,-1,-1,-1
310,42,419.22,502.73,138.92,332.25,1,-1,-1,-1
310,43,1432.13,529.22,125.75,298.94,1,-1,-1,-1
310,44,697.39,564.99,160.84,274.32,1,-1,-1,-1
310,45,931.06,459.13,206.90,380.61,1,-1,-1,-1
310,46,1281.43,519.83,160.19,310.72,1,-1,-1,-1
310,47,1100.86,427.79,153.85,404.39,1,-1,-1,-1
310,48,1458.86,521.65,160.21,313.70,1,-1,-1,-1
311,4,1079.11,483.98,168.79,357.83,1,-1,-1,-1
311,15,1081.98,421.08,300.42,422.16,1,-1,-1,-1
311,25,1079.41,425.33,287.43,421.30,1,-1,-1,-1
311,29,858.66,541.24,102.31,288.72,1,-1,-1,-1
311,32,526.16,580.99,123.71,248.10,1,-1,-1,-1
311,34,1029.13,609.24,180.46,241.39,1,-1,-1,-1
311,36,621.91,521.24,167.73,311.52,1,-1,-1,-1
311,37,684.99,542.69,120.15,286.71,1,-1,-1,-1
311,40,1097.57,434.13,178.53,405.93,1,-1,-1,-1
311,41,1440.13,523.23,174.64,308.22,1,-1,-1,-1
311,42,411.32,503.47,136.43,329.67,1,-1,-1,-1
311,43,1424.08,532.35,124.98,294.75,1,-1,-1,-1
311,44,697.39,564.99,160.84,274.32,1,-1,-1,-1
311,45,923.01,458.69,185.98,383.30,1,-1,-1,-1
311,46,1268.76,506.28,167.86,324.40,1,-1,-1,-1
311,47,1100.86,427.79,153.85,404.39,1,-1,-1,-1
311,48,1458.86,521.65,160.21,313.70,1,-1,-1,-1
312,4,1079.55,490.11,160.71,349.91,1,-1,-1,-1
312,15,1080.95,416.96,296.65,431.36,1,-1,-1,-1
312,25,1080.68,490.67,164.27,348.90,1,-1,-1,-1
312,29,856.28,542.42,101.67,287.16,1,-1,-1,-1
312,32,522.70,581.53,125.89,250.15,1,-1,-1,-1
312,34,1029.13,609.24,180.46,241.39,1,-1,-1,-1
312,36,619.43,523.65,167.32,308.71,1,-1,-1,-1
312,37,677.34,536.86,122.99,289.10,1,-1,-1,-1
312,40,1097.57,434.13,178.53,405.93,1,-1,-1,-1
312,41,1442.44,522.44,165.69,309.41,1,-1,-1,-1
312,42,407.28,502.69,139.69,331.25,1,-1,-1,-1
312,43,1425.21,535.53,117.79,291.51,1,-1,-1,-1
312,44,697.39,564.99,160.84,274.32,1,-1,-1,-1
312,45,916.74,458.01,193.52,386.40,1,-1,-1,-1
312,46,1268.79,509.96,155.71,319.31,1,-1,-1,-1
312,47,1100.86,427.79,153.85,404.39,1,-1,-1,-1
312,48,1458.86,521.65,160.21,313.70,1,-1,-1,-1
313,4,1072.92,496.72,159.83,341.87,1,-1,-1,-1
313,15,1073.71,415.47,302.18,434.40,1,-1,-1,-1
313,25,1073.80,480.02,187.21,359.69,1,-1,-1,-1
313,29,852.36,542.01,104.55,287.93,1,-1,-1,-1
313,32,517.97,581.56,112.69,246.96,1,-1,-1,-1
313,34,1029.13,609.24,180.46,241.39,1,-1,-1,-1
313,36,621.90,523.74,162.32,307.69,1,-1,-1,-1
313,37,681.80,543.88,117.21,281.23,1,-1,-1,-1
313,40,1097.57,434.13,178.53,405.93,1,-1,-1,-1
313,41,1436.31,521.61,170.07,310.44,1,-1,-1,-1
313,42,402.96,503.78,138.25,329.35,1,-1,-1,-1
313,43,1421.76,534.04,121.18,293.49,1,-1,-1,-1
313,44,697.39,564.99,160.84,274.32,1,-1,-1,-1
313,45,915.60,458.37,198.25,385.42,1,-1,-1,-1
313,46,1258.78,512.41,172.27,316.42,1,-1,-1,-1
313,47,1100.86,427.79,153.85,404.39,1,-1,-1,-1
313,48,1458.86,521.65,160.21,313.70,1,-1,-1,-1
314,4,1066.09,489.33,158.89,349.69,1,-1,-1,-1
314,15,1070.45,420.46,300.41,429.66,1,-1,-1,-1
314,25,1073.80,480.02,187.21,359.69,1,-1,-1,-1
314,29,847.96,544.47,101.00,284.81,1,-1,-1,-1
314,32,519.01,583.74,109.31,244.65,1,-1,-1,-1
314,36,618.21,524.37,160.42,309.98,1,-1,-1,-1
314,37,674.62,546.29,115.35,281.26,1,-1,-1,-1
314,40,1097.57,434.13,178.53,405.93,1,-1,-1,-1
314,41,1436.74,524.08,166.91,307.57,1,-1,-1,-1
314,42,398.24,504.53,138.28,329.13,1,-1,-1,-1
314,43,1416.28,529.21,126.33,299.06,1,-1,-1,-1
314,44,697.39,564.99,160.84,274.32,1,-1,-1,-1
314,45,910.04,459.40,210.35,382.31,1,-1,-1,-1
314,46,1255.46,523.02,170.12,307.50,1,-1,-1,-1
314,47,1100.86,427.79,153.85,404.39,1,-1,-1,-1
314,48,1458.86,521.65,160.21,313.70,1,-1,-1,-1
314,49,881.59,551.95,122.71,269.97,1,-1,-1,-1
315,4,1066.35,510.79,141.03,325.98,1,-1,-1,-1
315,15,1071.38,420.34,295.81,430.48,1,-1,-1,-1
315,25,1073.80,480.02,187.21,359.69,1,-1,-1,-1
315,29,846.12,544.03,104.64,284.75,1,-1,-1,-1
315,32,513.27,582.34,105.98,247.06,1,-1,-1,-1
315,36,613.36,522.82,163.26,311.64,1,-1,-1,-1
315,37,668.95,544.69,116.91,284.54,1,-1,-1,-1
315,40,1097.57,434.13,178.53,405.93,1,-1,-1,-1
315,41,1430.41,525.05,167.56,306.07,1,-1,-1,-1
315,42,395.97,504.32,137.99,331.41,1,-1,-1,-1
315,43,1411.45,540.23,121.26,288.81,1,-1,-1,-1
315,44,697.39,564.99,160.84,274.32,1,-1,-1,-1
315,45,911.47,459.98,236.87,382.59,1,-1,-1,-1
315,46,1255.57,529.16,154.59,301.88,1,-1,-1,-1
315,47,1100.86,427.79,153.85,404.39,1,-1,-1,-1
315,48,1458.86,521.65,160.21,313.70,1,-1,-1,-1
315,49,881.59,551.95,122.71,269.97,1,-1,-1,-1
316,4,1057.52,538.17,137.06,295.65,1,-1,-1,-1
316,15,1083.25,414.67,322.65,429.63,1,-1,-1,-1
316,25,1073.80,480.02,187.21,359.69,1,-1,-1,-1
316,29,840.30,543.26,103.79,288.21,1,-1,-1,-1
316,32,512.32,581.63,100.76,247.22,1,-1,-1,-1
316,36,607.24,525.51,167.50,308.88,1,-1,-1,-1
316,37,672.83,550.90,110.85,278.34,1,-1,-1,-1
316,40,1097.57,434.13,178.53,405.93,1,-1,-1,-1
316,41,1439.78,525.49,154.37,304.63,1,-1,-1,-1
316,42,391.13,503.94,137.58,332.02,1,-1,-1,-1
316,43,1401.95,546.08,115.98,284.05,1,-1,-1,-1
316,44,697.39,564.99,160.84,274.32,1,-1,-1,-1
316,45,911.25,463.59,263.12,378.09,1,-1,-1,-1
316,46,1236.18,476.69,177.10,360.22,1,-1,-1,-1
316,47,1100.86,427.79,153.85,404.39,1,-1,-1,-1
316,48,1458.86,521.65,160.21,313.70,1,-1,-1,-1
316,49,861.18,552.67,111.85,273.75,1,-1,-1,-1
317,4,1058.61,534.10,139.98,300.68,1,-1,-1,-1
317,15,1130.64,417.54,280.32,422.87,1,-1,-1,-1
317,25,1073.80,480.02,187.21,359.69,1,-1,-1,-1
317,29,836.16,543.66,108.88,293.53,1,-1,-1,-1
317,32,509.70,582.10,105.85,247.73,1,-1,-1,-1
317,36,606.48,526.55,160.34,308.56,1,-1,-1,-1
317,37,671.51,552.40,106.64,276.93,1,-1,-1,-1
317,40,1097.57,434.13,178.53,405.93,1,-1,-1,-1
317,41,1424.75,526.50,164.26,305.39,1,-1,-1,-1
317,42,385.88,504.56,138.62,331.21,1,-1,-1,-1
317,43,1390.09,546.35,126.28,283.82,1,-1,-1,-1
317,45,920.98,456.07,249.22,388.07,1,-1,-1,-1
317,46,1224.44,470.26,187.34,368.85,1,-1,-1,-1
317,47,1100.86,427.79,153.85,404.39,1,-1,-1,-1
317,48,1458.86,521.65,160.21,313.70,1,-1,-1,-1
317,49,855.42,551.99,109.86,281.55,1,-1,-1,-1
318,4,1066.21,502.01,131.32,333.05,1,-1,-1,-1
318,15,1125.04,415.16,278.14,423.18,1,-1,-1,-1
318,25,1073.80,480.02,187.21,359.69,1,-1,-1,-1
318,29,833.26,543.76,99.70,291.56,1,-1,-1,-1
318,32,505.55,582.97,115.01,248.68,1,-1,-1,-1
318,36,607.05,526.21,153.52,308.27,1,-1,-1,-1
318,37,674.97,553.75,100.12,276.77,1,-1,-1,-1
318,40,1097.57,434.13,178.53,405.93,1,-1,-1,-1
318,41,1436.87,525.52,145.86,307.05,1,-1,-1,-1
318,42,383.26,502.88,139.76,333.00,1,-1,-1,-1
318,43,1390.09,546.35,126.28,283.82,1,-1,-1,-1
318,45,924.10,455.27,213.64,382.21,1,-1,-1,-1
318,46,1229.88,512.60,177.92,326.06,1,-1,-1,-1
318,47,1100.86,427.79,153.85,404.39,1,-1,-1,-1
318,48,1458.86,521.65,160.21,313.70,1,-1,-1,-1
318,49,858.90,551.84,102.71,274.96,1,-1,-1,-1
319,4,1054.93,525.08,134.54,313.57,1,-1,-1,-1
319,15,1085.56,420.35,301.92,418.87,1,-1,-1,-1
319,25,1073.80,480.02,187.21,359.69,1,-1,-1,-1
319,29,830.16,543.31,96.08,290.50,1,-1,-1,-1
319,32,498.73,582.69,112.08,247.82,1,-1,-1,-1
319,36,597.86,525.99,157.52,308.27,1,-1,-1,-1
319,37,671.95,552.92,101.62,276.75,1,-1,-1,-1
319,40,1097.57,434.13,178.53,405.93,1,-1,-1,-1
319,41,1413.71,526.50,166.21,307.15,1,-1,-1,-1
319,42,380.33,502.42,141.16,332.75,1,-1,-1,-1
319,43,1235.20,486.77,179.97,351.67,1,-1,-1,-1
319,45,903.71,454.57,221.93,376.34,1,-1,-1,-1
319,46,1234.35,489.72,168.14,349.33,1,-1,-1,-1
319,47,1100.86,427.79,153.85,404.39,1,-1,-1,-1
319,48,1458.86,521.65,160.21,313.70,1,-1,-1,-1
319,49,854.70,551.20,107.62,275.43,1,-1,-1,-1
319,51,1400.05,549.37,105.63,280.58,1,-1,-1,-1
320,4,1057.55,529.71,128.78,309.62,1,-1,-1,-1
320,15,1080.25,425.53,300.88,418.22,1,-1,-1,-1
320,25,875.54,454.42,271.90,390.93,1,-1,-1,-1
320,29,826.98,519.55,107.81,314.24,1,-1,-1,-1
320,32,492.87,581.95,121.17,247.37,1,-1,-1,-1
320,36,590.59,526.81,163.96,307.65,1,-1,-1,-1
320,37,668.21,554.00,102.70,275.19,1,-1,-1,-1
320,40,1097.57,434.13,178.53,405.93,1,-1,-1,-1
320,41,1417.23,524.73,160.33,309.39,1,-1,-1,-1
320,42,376.97,502.05,144.21,332.25,1,-1,-1,-1
320,43,1235.20,486.77,179.97,351.67,1,-1,-1,-1
320,45,877.56,453.02,250.68,390.08,1,-1,-1,-1
320,46,1221.88,481.24,180.27,362.45,1,-1,-1,-1
320,47,1100.86,427.79,153.85,404.39,1,-1,-1,-1
320,48,1458.86,521.65,160.21,313.70,1,-1,-1,-1
320,49,848.13,544.24,112.58,283.72,1,-1,-1,-1
320,51,1394.13,544.07,112.71,287.73,1,-1,-1,-1
321,4,1056.56,535.15,124.42,301.42,1,-1,-1,-1
321,15,1089.14,419.61,304.14,421.59,1,-1,-1,-1
321,25,831.17,505.58,139.71,325.31,1,-1,-1,-1
321,29,824.55,541.34,93.04,291.63,1,-1,-1,-1
321,32,488.99,582.22,107.49,247.31,1,-1,-1,-1
321,36,586.46,524.30,159.35,309.56,1,-1,-1,-1
321,37,663.83,553.98,101.84,276.64,1,-1,-1,-1
321,40,1097.57,434.13,178.53,405.93,1,-1,-1,-1
321,41,1415.92,526.25,154.53,305.66,1,-1,-1,-1
321,42,371.08,502.32,141.85,332.22,1,-1,-1,-1
321,43,1214.92,464.90,184.97,374.97,1,-1,-1,-1
321,45,878.52,453.99,253.70,390.62,1,-1,-1,-1
321,46,1240.63,469.15,158.08,369.05,1,-1,-1,-1
321,47,1100.86,427.79,153.85,404.39,1,-1,-1,-1
321,48,1458.86,521.65,160.21,313.70,1,-1,-1,-1
321,49,844.24,545.25,112.98,283.58,1,-1,-1,-1
321,51,1388.91,551.59,113.47,276.66,1,-1,-1,-1
322,4,1051.66,539.06,122.90,296.05,1,-1,-1,-1
322,15,1092.56,414.46,344.51,427.04,1,-1,-1,-1
322,25,831.17,505.58,139.71,325.31,1,-1,-1,-1
322,29,821.78,545.19,95.92,287.30,1,-1,-1,-1
322,32,483.78,581.73,109.33,246.72,1,-1,-1,-1
322,36,577.94,524.38,166.11,308.67,1,-1,-1,-1
322,37,660.12,555.63,102.82,274.97,1,-1,-1,-1
322,40,1097.57,434.13,178.53,405.93,1,-1,-1,-1
322,41,1423.65,527.66,145.20,303.96,1,-1,-1,-1
322,42,368.10,502.31,140.09,331.70,1,-1,-1,-1
322,43,1214.92,464.90,184.97,374.97,1,-1,-1,-1
322,45,917.50,455.80,219.27,388.15,1,-1,-1,-1
322,46,1240.63,469.15,158.08,369.05,1,-1,-1,-1
322,47,1100.86,427.79,153.85,404.39,1,-1,-1,-1
322,48,1458.86,521.65,160.21,313.70,1,-1,-1,-1
322,49,839.59,551.00,114.20,276.70,1,-1,-1,-1
322,51,1384.01,550.71,113.96,277.84,1,-1,-1,-1
323,4,1057.00,553.08,118.00,281.70,1,-1,-1,-1
323,15,1146.70,411.25,331.29,433.19,1,-1,-1,-1
323,25,831.17,505.58,139.71,325.31,1,-1,-1,-1
323,29,817.49,544.89,92.77,287.08,1,-1,-1,-1
323,32,485.21,582.60,107.69,244.76,1,-1,-1,-1
323,36,576.28,524.80,157.88,308.45,1,-1,-1,-1
323,37,659.30,556.28,102.46,274.55,1,-1,-1,-1
323,40,1097.57,434.13,178.53,405.93,1,-1,-1,-1
323,41,1426.31,520.70,139.58,309.43,1,-1,-1,-1
323,42,365.48,503.03,137.20,330.84,1,-1,-1,-1
323,43,1214.92,464.90,184.97,374.97,1,-1,-1,-1
323,45,945.98,461.24,223.72,381.38,1,-1,-1,-1
323,46,1240.63,469.15,158.08,369.05,1,-1,-1,-1
323,47,1100.86,427.79,153.85,404.39,1,-1,-1,-1
323,48,1458.86,521.65,160.21,313.70,1,-1,-1,-1
323,49,843.87,552.58,109.62,276.28,1,-1,-1,-1
323,51,1380.19,547.49,113.46,281.41,1,-1,-1,-1
324,4,1048.92,534.23,136.72,303.10,1,-1,-1,-1
324,15,1158.57,412.61,328.04,431.07,1,-1,-1,-1
324,25,831.17,505.58,139.71,325.31,1,-1,-1,-1
324,29,812.98,543.67,95.56,290.80,1,-1,-1,-1
324,32,481.00,582.68,117.94,248.47,1,-1,-1,-1
324,36,577.12,523.76,159.01,309.68,1,-1,-1,-1
324,37,653.69,556.68,104.72,273.06,1,-1,-1,-1
324,40,1097.57,434.13,178.53,405.93,1,-1,-1,-1
324,41,1422.48,511.01,138.54,318.84,1,-1,-1,-1
324,42,360.33,501.72,133.93,331.94,1,-1,-1,-1
324,43,1214.92,464.90,184.97,374.97,1,-1,-1,-1
324,45,960.26,465.77,203.29,379.04,1,-1,-1,-1
324,46,1240.63,469.15,158.08,369.05,1,-1,-1,-1
324,47,1100.86,427.79,153.85,404.39,1,-1,-1,-1
324,48,1458.86,521.65,160.21,313.70,1,-1,-1,-1
324,49,844.38,552.07,109.53,277.15,1,-1,-1,-1
324,51,1373.46,551.24,111.75,276.99,1,-1,-1,-1
325,4,1050.39,526.16,139.05,309.68,1,-1,-1,-1
325,15,1168.94,407.36,319.88,437.29,1,-1,-1,-1
325,25,661.74,547.28,116.12,278.75,1,-1,-1,-1
325,29,809.70,543.43,97.59,290.20,1,-1,-1,-1
325,32,480.16,583.38,109.42,248.78,1,-1,-1,-1
325,36,577.59,523.16,156.95,309.90,1,-1,-1,-1
325,37,652.09,558.11,105.60,272.11,1,-1,-1,-1
325,40,1097.57,434.13,178.53,405.93,1,-1,-1,-1
325,41,1421.49,508.08,135.97,323.92,1,-1,-1,-1
325,42,355.65,503.28,137.93,332.23,1,-1,-1,-1
325,43,1214.92,464.90,184.97,374.97,1,-1,-1,-1
325,45,967.74,467.42,211.03,378.45,1,-1,-1,-1
325,46,1240.63,469.15,158.08,369.05,1,-1,-1,-1
325,47,1100.86,427.79,153.85,404.39,1,-1,-1,-1
325,48,1458.86,521.65,160.21,313.70,1,-1,-1,-1
325,49,839.62,548.16,109.22,281.54,1,-1,-1,-1
325,51,1378.25,549.00,109.70,277.64,1,-1,-1,-1
326,4,1036.81,526.11,144.42,309.55,1,-1,-1,-1
326,15,1154.98,407.05,320.06,438.71,1,-1,-1,-1
326,25,661.74,547.28,116.12,278.75,1,-1,-1,-1
326,29,801.16,543.92,95.20,289.78,1,-1,-1,-1
326,32,472.70,582.89,106.47,247.61,1,-1,-1,-1
326,36,569.65,524.00,149.99,310.79,1,-1,-1,-1
326,37,640.86,552.29,107.23,275.66,1,-1,-1,-1
326,40,1097.57,434.13,178.53,405.93,1,-1,-1,-1
326,41,1404.94,495.99,145.02,335.37,1,-1,-1,-1
326,42,349.45,502.20,138.44,332.03,1,-1,-1,-1
326,43,1214.92,464.90,184.97,374.97,1,-1,-1,-1
326,45,961.57,468.87,177.22,376.97,1,-1,-1,-1
326,46,1240.63,469.15,158.08,369.05,1,-1,-1,-1
326,47,1100.86,427.79,153.85,404.39,1,-1,-1,-1
326,48,1458.86,521.65,160.21,313.70,1,-1,-1,-1
326,49,836.42,548.70,102.17,281.03,1,-1,-1,-1
326,51,1369.20,551.25,117.73,276.95,1,-1,-1,-1
327,4,1035.27,535.95,131.25,298.53,1,-1,-1,-1
327,15,1151.90,408.93,311.98,435.57,1,-1,-1,-1
327,25,661.74,547.28,116.12,278.75,1,-1,-1,-1
327,29,798.11,544.31,97.79,291.01,1,-1,-1,-1
327,32,471.34,581.65,103.10,250.46,1,-1,-1,-1
327,36,566.02,526.63,159.90,308.61,1,-1,-1,-1
327,37,631.65,552.05,112.25,276.77,1,-1,-1,-1
327,40,1097.57,434.13,178.53,405.93,1,-1,-1,-1
327,41,1399.70,512.85,147.97,320.48,1,-1,-1,-1
327,42,344.99,502.59,142.31,334.17,1,-1,-1,-1
327,43,1214.92,464.90,184.97,374.97,1,-1,-1,-1
327,45,955.83,466.48,197.71,378.22,1,-1,-1,-1
327,46,1240.63,469.15,158.08,369.05,1,-1,-1,-1
327,47,1100.86,427.79,153.85,404.39,1,-1,-1,-1
327,48,1458.86,521.65,160.21,313.70,1,-1,-1,-1
327,49,826.66,553.25,108.45,277.54,1,-1,-1,-1
327,51,1360.22,540.45,124.82,288.56,1,-1,-1,-1
328,4,1033.88,507.26,121.90,325.86,1,-1,-1,-1
328,15,1173.97,417.62,256.46,425.05,1,-1,-1,-1
328,25,661.74,547.28,116.12,278.75,1,-1,-1,-1
328,29,795.34,544.32,94.53,291.72,1,-1,-1,-1
328,32,466.12,580.73,104.54,251.21,1,-1,-1,-1
328,36,558.10,527.52,167.74,307.59,1,-1,-1,-1
328,37,627.42,552.09,110.91,278.09,1,-1,-1,-1
328,40,1097.57,434.13,178.53,405.93,1,-1,-1,-1
328,41,1395.54,523.56,147.87,308.66,1,-1,-1,-1
328,42,341.66,502.69,143.84,334.75,1,-1,-1,-1
328,43,1214.92,464.90,184.97,374.97,1,-1,-1,-1
328,45,952.69,456.04,190.21,388.17,1,-1,-1,-1
328,46,1240.63,469.15,158.08,369.05,1,-1,-1,-1
328,47,1100.86,427.79,153.85,404.39,1,-1,-1,-1
328,48,1458.86,521.65,160.21,313.70,1,-1,-1,-1
328,49,823.63,553.49,108.09,276.33,1,-1,-1,-1
328,51,1349.11,548.64,134.84,277.68,1,-1,-1,-1
329,4,1016.00,514.51,135.74,319.81,1,-1,-1,-1
329,15,1172.56,419.06,263.81,421.26,1,-1,-1,-1
329,25,661.74,547.28,116.12,278.75,1,-1,-1,-1
329,29,790.18,544.87,93.29,290.79,1,-1,-1,-1
329,32,462.03,581.78,109.69,250.55,1,-1,-1,-1
329,36,557.27,526.05,156.48,309.32,1,-1,-1,-1
329,37,630.42,553.19,102.46,276.60,1,-1,-1,-1
329,41,1389.91,525.40,148.69,301.32,1,-1,-1,-1
329,42,337.68,501.45,140.83,334.07,1,-1,-1,-1
329,43,1178.62,457.07,191.63,384.17,1,-1,-1,-1
329,45,953.97,454.84,183.15,388.44,1,-1,-1,-1
329,46,1180.69,420.91,267.97,419.33,1,-1,-1,-1
329,47,1100.86,427.79,153.85,404.39,1,-1,-1,-1
329,48,1458.86,521.65,160.21,313.70,1,-1,-1,-1
329,49,823.07,554.80,105.00,274.85,1,-1,-1,-1
329,51,1340.98,552.73,135.21,267.18,1,-1,-1,-1
330,4,1003.87,519.05,146.27,311.39,1,-1,-1,-1
330,15,1172.56,419.06,263.81,421.26,1,-1,-1,-1
330,25,661.74,547.28,116.12,278.75,1,-1,-1,-1
330,29,787.82,545.30,94.92,290.93,1,-1,-1,-1
330,32,457.55,581.40,118.01,251.22,1,-1,-1,-1
330,36,558.12,523.75,149.33,311.59,1,-1,-1,-1
330,37,626.41,552.33,104.71,277.12,1,-1,-1,-1
330,41,1373.50,524.19,163.02,305.20,1,-1,-1,-1
330,42,332.88,500.62,145.04,336.01,1,-1,-1,-1
330,43,1166.41,511.79,201.38,329.93,1,-1,-1,-1
330,45,959.38,455.91,177.26,385.10,1,-1,-1,-1
330,46,1175.94,422.42,296.79,423.25,1,-1,-1,-1
330,47,1100.86,427.79,153.85,404.39,1,-1,-1,-1
330,48,1458.86,521.65,160.21,313.70,1,-1,-1,-1
330,49,816.82,555.51,108.74,273.98,1,-1,-1,-1
330,51,1340.98,552.73,135.21,267.18,1,-1,-1,-1
331,4,971.01,495.47,139.21,340.13,1,-1,-1,-1
331,15,1172.56,419.06,263.81,421.26,1,-1,-1,-1
331,25,661.74,547.28,116.12,278.75,1,-1,-1,-1
331,29,783.70,545.12,94.54,291.29,1,-1,-1,-1
331,32,448.48,581.67,123.89,250.02,1,-1,-1,-1
331,36,549.82,523.08,155.67,311.96,1,-1,-1,-1
331,37,622.96,552.59,104.05,277.27,1,-1,-1,-1
331,41,1370.48,525.86,160.38,302.22,1,-1,-1,-1
331,42,329.04,501.47,145.91,335.12,1,-1,-1,-1
331,43,1161.85,555.40,177.66,286.09,1,-1,-1,-1
331,45,968.58,458.56,175.50,378.61,1,-1,-1,-1
331,46,1170.07,427.96,303.39,420.99,1,-1,-1,-1
331,48,1458.86,521.65,160.21,313.70,1,-1,-1,-1
331,49,814.06,554.07,101.01,275.00,1,-1,-1,-1
331,51,1340.98,552.73,135.21,267.18,1,-1,-1,-1
332,4,971.01,495.47,139.21,340.13,1,-1,-1,-1
332,15,1172.56,419.06,263.81,421.26,1,-1,-1,-1
332,25,661.74,547.28,116.12,278.75,1,-1,-1,-1
332,29,780.19,545.42,92.90,291.27,1,-1,-1,-1
332,32,440.58,581.18,135.84,250.73,1,-1,-1,-1
332,36,539.60,524.87,163.81,309.81,1,-1,-1,-1
332,37,620.38,553.97,104.51,275.81,1,-1,-1,-1
332,41,1358.32,526.72,168.60,302.02,1,-1,-1,-1
332,42,325.15,502.40,149.16,333.14,1,-1,-1,-1
332,43,1160.72,555.80,193.05,286.58,1,-1,-1,-1
332,45,960.20,464.13,183.03,379.13,1,-1,-1,-1
332,46,1162.49,418.33,309.29,431.93,1,-1,-1,-1
332,48,1458.86,521.65,160.21,313.70,1,-1,-1,-1
332,49,811.56,554.77,99.49,274.86,1,-1,-1,-1
332,51,1340.98,552.73,135.21,267.18,1,-1,-1,-1
332,52,979.67,518.87,165.88,322.47,1,-1,-1,-1
333,4,971.01,495.47,139.21,340.13,1,-1,-1,-1
333,15,1172.56,419.06,263.81,421.26,1,-1,-1,-1
333,25,661.74,547.28,116.12,278.75,1,-1,-1,-1
333,29,776.77,546.29,93.60,291.15,1,-1,-1,-1
333,32,438.95,581.30,129.84,250.03,1,-1,-1,-1
333,36,539.29,525.06,161.61,309.94,1,-1,-1,-1
333,37,619.34,555.65,102.56,273.84,1,-1,-1,-1
333,41,1359.95,526.48,165.64,302.06,1,-1,-1,-1
333,42,322.77,501.97,150.41,333.44,1,-1,-1,-1
333,43,1159.54,554.06,191.26,289.42,1,-1,-1,-1
333,45,957.46,461.85,184.89,383.58,1,-1,-1,-1
333,46,1160.70,416.02,309.45,435.20,1,-1,-1,-1
333,48,1458.86,521.65,160.21,313.70,1,-1,-1,-1
333,49,809.35,555.18,100.72,274.86,1,-1,-1,-1
333,51,1340.98,552.73,135.21,267.18,1,-1,-1,-1
333,52,972.72,507.70,171.02,335.26,1,-1,-1,-1
334,4,971.01,495.47,139.21,340.13,1,-1,-1,-1
334,15,1172.56,419.06,263.81,421.26,1,-1,-1,-1
334,25,661.74,547.28,116.12,278.75,1,-1,-1,-1
334,29,777.30,546.79,91.35,291.50,1,-1,-1,-1
334,32,436.68,580.68,128.94,250.28,1,-1,-1,-1
334,36,534.10,524.86,167.30,311.75,1,-1,-1,-1
334,37,617.97,555.31,103.47,275.03,1,-1,-1,-1
334,41,1357.11,526.17,166.03,302.43,1,-1,-1,-1
334,42,319.86,502.05,149.93,334.91,1,-1,-1,-1
334,43,1157.94,550.19,189.34,292.38,1,-1,-1,-1
334,45,955.93,460.46,175.80,384.33,1,-1,-1,-1
334,46,1158.60,410.00,312.09,440.32,1,-1,-1,-1
334,48,1458.86,521.65,160.21,313.70,1,-1,-1,-1
334,49,807.59,555.72,99.80,273.97,1,-1,-1,-1
334,51,1340.98,552.73,135.21,267.18,1,-1,-1,-1
334,52,983.09,483.21,157.36,354.20,1,-1,-1,-1
335,4,971.01,495.47,139.21,340.13,1,-1,-1,-1
335,15,1172.56,419.06,263.81,421.26,1,-1,-1,-1
335,25,661.74,547.28,116.12,278.75,1,-1,-1,-1
335,29,776.19,546.59,91.99,292.27,1,-1,-1,-1
335,32,436.33,581.31,117.39,249.37,1,-1,-1,-1
335,36,533.52,525.99,168.78,309.70,1,-1,-1,-1
335,37,615.51,555.93,105.03,275.56,1,-1,-1,-1
335,41,1363.89,527.33,158.16,299.94,1,-1,-1,-1
335,42,317.83,501.93,149.26,335.85,1,-1,-1,-1
335,43,1158.88,553.09,162.27,285.45,1,-1,-1,-1
335,45,955.35,465.87,187.11,377.43,1,-1,-1,-1
335,46,1157.56,404.91,313.20,442.45,1,-1,-1,-1
335,48,1458.86,521.65,160.21,313.70,1,-1,-1,-1
335,49,804.37,556.17,102.01,273.79,1,-1,-1,-1
335,51,1340.98,552.73,135.21,267.18,1,-1,-1,-1
335,52,983.09,483.21,157.36,354.20,1,-1,-1,-1
336,4,971.01,495.47,139.21,340.13,1,-1,-1,-1
336,15,1172.56,419.06,263.81,421.26,1,-1,-1,-1
336,25,661.74,547.28,116.12,278.75,1,-1,-1,-1
336,29,773.77,547.18,92.95,290.40,1,-1,-1,-1
336,32,430.50,581.93,120.61,249.01,1,-1,-1,-1
336,36,528.62,527.00,170.58,307.30,1,-1,-1,-1
336,37,614.95,555.38,102.61,276.33,1,-1,-1,-1
336,41,1350.72,528.48,168.36,302.38,1,-1,-1,-1
336,42,316.52,502.16,148.82,336.11,1,-1,-1,-1
336,43,1155.38,553.40,193.90,288.77,1,-1,-1,-1
336,45,951.92,476.60,205.28,368.63,1,-1,-1,-1
336,46,1154.50,432.86,313.11,417.65,1,-1,-1,-1
336,48,1458.86,521.65,160.21,313.70,1,-1,-1,-1
336,49,797.19,556.67,109.93,275.77,1,-1,-1,-1
336,51,1340.98,552.73,135.21,267.18,1,-1,-1,-1
336,52,983.09,483.21,157.36,354.20,1,-1,-1,-1
337,4,971.01,495.47,139.21,340.13,1,-1,-1,-1
337,15,1172.56,419.06,263.81,421.26,1,-1,-1,-1
337,25,661.74,547.28,116.12,278.75,1,-1,-1,-1
337,29,771.04,546.26,92.73,290.26,1,-1,-1,-1
337,32,429.39,581.98,121.10,249.73,1,-1,-1,-1
337,36,527.65,527.21,169.60,307.24,1,-1,-1,-1
337,37,611.33,553.88,104.45,278.80,1,-1,-1,-1
337,41,1342.55,526.27,177.45,307.01,1,-1,-1,-1
337,42,312.82,502.18,152.13,335.97,1,-1,-1,-1
337,43,1148.17,543.27,221.33,301.87,1,-1,-1,-1
337,45,967.41,517.65,211.36,325.14,1,-1,-1,-1
337,46,1149.88,438.19,304.41,411.34,1,-1,-1,-1
337,48,1458.86,521.65,160.21,313.70,1,-1,-1,-1
337,49,792.11,554.88,115.38,277.38,1,-1,-1,-1
337,51,1340.98,552.73,135.21,267.18,1,-1,-1,-1
337,52,955.61,481.85,167.93,362.02,1,-1,-1,-1
338,4,971.01,495.47,139.21,340.13,1,-1,-1,-1
338,15,1172.56,419.06,263.81,421.26,1,-1,-1,-1
338,25,661.74,547.28,116.12,278.75,1,-1,-1,-1
338,29,768.09,546.06,94.62,289.76,1,-1,-1,-1
338,32,428.38,582.12,121.62,250.73,1,-1,-1,-1
338,36,524.12,526.83,164.61,308.48,1,-1,-1,-1
338,37,609.55,553.42,105.75,280.24,1,-1,-1,-1
338,41,1350.33,524.39,167.25,310.05,1,-1,-1,-1
338,42,310.06,502.97,148.23,336.08,1,-1,-1,-1
338,43,1148.17,543.27,221.33,301.87,1,-1,-1,-1
338,45,957.87,492.90,218.81,352.21,1,-1,-1,-1
338,46,1149.30,444.66,300.73,407.25,1,-1,-1,-1
338,48,1458.86,521.65,160.21,313.70,1,-1,-1,-1
338,49,794.59,555.91,114.58,277.78,1,-1,-1,-1
338,51,1340.98,552.73,135.21,267.18,1,-1,-1,-1
338,52,955.61,481.85,167.93,362.02,1,-1,-1,-1
339,4,971.01,495.47,139.21,340.13,1,-1,-1,-1
339,15,1172.56,419.06,263.81,421.26,1,-1,-1,-1
339,25,661.74,547.28,116.12,278.75,1,-1,-1,-1
339,29,765.12,545.80,94.97,288.61,1,-1,-1,-1
339,32,430.56,582.43,112.80,251.46,1,-1,-1,-1
339,36,526.80,525.89,157.51,309.30,1,-1,-1,-1
339,37,608.30,552.39,107.20,282.57,1,-1,-1,-1
339,41,1359.45,523.49,157.04,310.80,1,-1,-1,-1
339,42,309.99,503.76,143.40,335.51,1,-1,-1,-1
339,43,1152.72,480.32,200.32,365.71,1,-1,-1,-1
339,45,967.74,501.40,217.51,346.73,1,-1,-1,-1
339,46,1149.28,475.73,292.33,375.33,1,-1,-1,-1
339,48,1458.86,521.65,160.21,313.70,1,-1,-1,-1
339,49,796.75,555.87,111.23,277.70,1,-1,-1,-1
339,51,1340.98,552.73,135.21,267.18,1,-1,-1,-1
339,52,948.10,542.90,148.27,302.08,1,-1,-1,-1
340,4,971.01,495.47,139.21,340.13,1,-1,-1,-1
340,15,1172.56,419.06,263.81,421.26,1,-1,-1,-1
340,25,661.74,547.28,116.12,278.75,1,-1,-1,-1
340,29,763.71,546.22,95.42,289.57,1,-1,-1,-1
340,32,429.34,583.38,121.82,253.57,1,-1,-1,-1
340,36,526.18,526.36,154.04,309.92,1,-1,-1,-1
340,37,606.58,552.77,106.37,280.08,1,-1,-1,-1
340,41,1353.51,521.82,159.20,314.31,1,-1,-1,-1
340,42,308.09,504.01,143.32,336.46,1,-1,-1,-1
340,43,1151.28,483.80,203.00,362.12,1,-1,-1,-1
340,45,947.69,513.74,235.42,332.95,1,-1,-1,-1
340,46,1153.44,489.24,286.18,363.18,1,-1,-1,-1
340,49,793.87,557.62,115.73,276.64,1,-1,-1,-1
340,51,1340.98,552.73,135.21,267.18,1,-1,-1,-1
340,52,945.62,518.30,195.40,327.38,1,-1,-1,-1
341,4,971.01,495.47,139.21,340.13,1,-1,-1,-1
341,15,1147.91,537.19,192.06,306.34,1,-1,-1,-1
341,25,661.74,547.28,116.12,278.75,1,-1,-1,-1
341,29,760.47,546.99,94.51,291.40,1,-1,-1,-1
341,32,427.30,584.33,122.19,253.84,1,-1,-1,-1
341,36,524.49,527.03,157.37,310.71,1,-1,-1,-1
341,37,607.85,556.77,101.87,276.69,1,-1,-1,-1
341,41,1350.74,526.46,159.15,311.98,1,-1,-1,-1
341,42,304.74,505.88,142.19,335.14,1,-1,-1,-1
341,43,1144.92,549.06,143.99,293.65,1,-1,-1,-1
341,45,947.69,513.74,235.42,332.95,1,-1,-1,-1
341,46,1153.13,498.48,285.17,351.83,1,-1,-1,-1
341,49,792.48,554.79,111.98,280.22,1,-1,-1,-1
341,51,1264.96,551.15,178.60,290.20,1,-1,-1,-1
341,52,942.01,527.51,207.87,317.89,1,-1,-1,-1
342,4,971.01,495.47,139.21,340.13,1,-1,-1,-1
342,15,1140.01,549.18,189.80,296.97,1,-1,-1,-1
342,25,661.74,547.28,116.12,278.75,1,-1,-1,-1
342,29,758.14,547.36,95.75,290.08,1,-1,-1,-1
342,32,420.33,584.99,117.12,252.85,1,-1,-1,-1
342,36,524.29,528.20,163.89,310.41,1,-1,-1,-1
342,37,606.22,557.46,101.30,277.20,1,-1,-1,-1
342,41,1350.93,527.89,155.72,310.13,1,-1,-1,-1
342,42,300.07,507.06,143.33,335.35,1,-1,-1,-1
342,43,1139.97,560.00,136.49,284.70,1,-1,-1,-1
342,45,947.69,513.74,235.42,332.95,1,-1,-1,-1
342,46,1145.02,504.44,289.88,347.58,1,-1,-1,-1
342,49,790.95,555.69,107.64,279.41,1,-1,-1,-1
342,51,1264.96,551.15,178.60,290.20,1,-1,-1,-1
342,52,940.52,534.26,203.39,312.35,1,-1,-1,-1
343,4,971.01,495.47,139.21,340.13,1,-1,-1,-1
343,15,1135.26,544.99,198.33,301.64,1,-1,-1,-1
343,25,661.74,547.28,116.12,278.75,1,-1,-1,-1
343,29,755.93,550.02,93.14,291.96,1,-1,-1,-1
343,32,420.21,586.15,118.02,252.21,1,-1,-1,-1
343,36,518.31,530.38,158.31,310.73,1,-1,-1,-1
343,37,594.77,555.18,112.46,279.63,1,-1,-1,-1
343,41,1343.79,528.38,162.09,310.34,1,-1,-1,-1
343,42,298.30,509.08,143.84,334.88,1,-1,-1,-1
343,43,1134.81,561.34,142.83,284.42,1,-1,-1,-1
343,45,947.69,513.74,235.42,332.95,1,-1,-1,-1
343,46,1142.01,508.62,293.40,345.85,1,-1,-1,-1
343,49,790.62,559.06,107.06,276.04,1,-1,-1,-1
343,51,1264.96,551.15,178.60,290.20,1,-1,-1,-1
343,52,935.73,538.40,204.55,307.31,1,-1,-1,-1
344,4,971.01,495.47,139.21,340.13,1,-1,-1,-1
344,15,1131.02,545.48,192.27,302.60,1,-1,-1,-1
344,25,661.74,547.28,116.12,278.75,1,-1,-1,-1
344,29,753.13,550.00,93.11,292.42,1,-1,-1,-1
344,32,414.35,587.19,126.48,251.16,1,-1,-1,-1
344,36,512.32,530.93,166.73,311.37,1,-1,-1,-1
344,37,591.79,555.73,109.50,279.72,1,-1,-1,-1
344,41,1341.28,529.29,160.45,310.05,1,-1,-1,-1
344,42,297.06,507.45,141.32,336.78,1,-1,-1,-1
344,43,1132.29,560.44,142.02,287.34,1,-1,-1,-1
344,45,947.69,513.74,235.42,332.95,1,-1,-1,-1
344,46,1145.44,506.16,287.05,349.06,1,-1,-1,-1
344,49,789.65,560.88,104.69,274.37,1,-1,-1,-1
344,51,1264.96,551.15,178.60,290.20,1,-1,-1,-1
344,52,931.75,541.32,209.41,305.07,1,-1,-1,-1
345,4,971.01,495.47,139.21,340.13,1,-1,-1,-1
345,15,1131.02,545.48,192.27,302.60,1,-1,-1,-1
345,25,661.74,547.28,116.12,278.75,1,-1,-1,-1
345,29,750.75,550.23,93.89,293.17,1,-1,-1,-1
345,32,413.60,588.26,121.23,249.01,1,-1,-1,-1
345,36,508.55,530.81,169.57,313.70,1,-1,-1,-1
345,37,588.78,556.49,109.35,278.71,1,-1,-1,-1
345,41,1335.77,531.65,165.72,306.95,1,-1,-1,-1
345,42,294.21,506.98,143.13,337.27,1,-1,-1,-1
345,43,1130.83,563.68,140.15,283.80,1,-1,-1,-1
345,45,947.69,513.74,235.42,332.95,1,-1,-1,-1
345,46,1148.78,504.33,282.12,349.02,1,-1,-1,-1
345,49,786.95,559.35,103.53,277.92,1,-1,-1,-1
345,51,1264.96,551.15,178.60,290.20,1,-1,-1,-1
345,52,929.47,541.88,207.66,303.18,1,-1,-1,-1
346,4,971.01,495.47,139.21,340.13,1,-1,-1,-1
346,15,1131.02,545.48,192.27,302.60,1,-1,-1,-1
346,25,661.74,547.28,116.12,278.75,1,-1,-1,-1
346,29,748.02,551.33,91.54,290.40,1,-1,-1,-1
346,32,410.84,590.20,113.87,249.02,1,-1,-1,-1
346,36,507.98,532.46,171.69,312.25,1,-1,-1,-1
346,37,587.25,559.44,106.05,276.77,1,-1,-1,-1
346,41,1325.80,530.09,169.49,308.44,1,-1,-1,-1
346,42,288.28,508.70,141.82,338.31,1,-1,-1,-1
346,43,1120.99,564.55,153.63,283.78,1,-1,-1,-1
346,45,947.69,513.74,235.42,332.95,1,-1,-1,-1
346,46,1116.78,496.35,310.40,362.21,1,-1,-1,-1
346,49,783.19,561.71,102.45,277.59,1,-1,-1,-1
346,51,1264.96,551.15,178.60,290.20,1,-1,-1,-1
346,52,929.24,541.55,196.22,304.86,1,-1,-1,-1
347,4,971.01,495.47,139.21,340.13,1,-1,-1,-1
347,15,1131.02,545.48,192.27,302.60,1,-1,-1,-1
347,25,661.74,547.28,116.12,278.75,1,-1,-1,-1
347,29,744.49,552.18,94.11,289.94,1,-1,-1,-1
347,32,408.09,590.25,119.78,249.94,1,-1,-1,-1
347,36,503.97,532.24,162.29,314.10,1,-1,-1,-1
347,37,583.61,558.31,109.52,281.40,1,-1,-1,-1
347,41,1331.88,528.91,160.55,309.14,1,-1,-1,-1
347,42,285.80,509.73,143.07,338.48,1,-1,-1,-1
347,43,1120.31,563.30,158.36,282.44,1,-1,-1,-1
347,45,947.69,513.74,235.42,332.95,1,-1,-1,-1
347,46,1116.78,496.35,310.40,362.21,1,-1,-1,-1
347,49,779.79,562.99,104.53,276.56,1,-1,-1,-1
347,51,1325.97,530.70,160.35,310.49,1,-1,-1,-1
347,52,928.63,535.12,199.16,313.54,1,-1,-1,-1
348,4,971.01,495.47,139.21,340.13,1,-1,-1,-1
348,15,1131.02,545.48,192.27,302.60,1,-1,-1,-1
348,25,661.74,547.28,116.12,278.75,1,-1,-1,-1
348,29,743.42,552.14,94.74,290.04,1,-1,-1,-1
348,32,404.01,588.91,126.81,252.28,1,-1,-1,-1
348,36,502.84,531.97,164.81,314.39,1,-1,-1,-1
348,37,581.29,559.28,109.55,279.56,1,-1,-1,-1
348,41,1326.74,529.18,162.81,309.28,1,-1,-1,-1
348,42,283.15,510.43,144.52,338.53,1,-1,-1,-1
348,43,1120.44,560.55,153.64,285.74,1,-1,-1,-1
348,45,947.69,513.74,235.42,332.95,1,-1,-1,-1
348,46,1116.78,496.35,310.40,362.21,1,-1,-1,-1
348,49,776.06,561.52,106.54,277.95,1,-1,-1,-1
348,51,1327.65,529.36,160.21,313.64,1,-1,-1,-1
348,52,925.70,527.10,202.08,320.90,1,-1,-1,-1
349,4,971.01,495.47,139.21,340.13,1,-1,-1,-1
349,15,1124.88,538.70,200.51,302.11,1,-1,-1,-1
349,25,661.74,547.28,116.12,278.75,1,-1,-1,-1
349,29,740.50,552.44,95.46,290.11,1,-1,-1,-1
349,32,402.14,588.25,128.30,253.27,1,-1,-1,-1
349,36,500.12,532.61,162.97,313.20,1,-1,-1,-1
349,37,580.97,558.97,109.40,278.79,1,-1,-1,-1
349,41,1323.89,528.13,164.91,313.16,1,-1,-1,-1
349,42,281.10,511.20,146.88,336.96,1,-1,-1,-1
349,43,1124.02,563.93,147.62,272.95,1,-1,-1,-1
349,45,947.69,513.74,235.42,332.95,1,-1,-1,-1
349,46,1116.78,496.35,310.40,362.21,1,-1,-1,-1
349,49,777.21,562.80,104.59,276.05,1,-1,-1,-1
349,51,1327.65,529.36,160.21,313.64,1,-1,-1,-1
349,52,922.09,514.69,206.39,333.26,1,-1,-1,-1
350,4,971.01,495.47,139.21,340.13,1,-1,-1,-1
350,15,1142.66,540.99,189.03,301.88,1,-1,-1,-1
350,25,661.74,547.28,116.12,278.75,1,-1,-1,-1
350,29,739.91,552.72,94.27,288.89,1,-1,-1,-1
350,32,404.21,587.61,126.97,254.45,1,-1,-1,-1
350,36,499.34,532.24,161.68,313.52,1,-1,-1,-1
350,37,578.84,558.36,110.66,281.39,1,-1,-1,-1
350,41,1324.78,530.80,162.55,312.65,1,-1,-1,-1
350,42,279.73,511.33,147.79,337.11,1,-1,-1,-1
350,43,1141.46,566.07,127.13,269.27,1,-1,-1,-1
350,45,944.86,504.03,202.03,341.47,1,-1,-1,-1
350,46,1144.73,527.06,232.88,323.64,1,-1,-1,-1
350,49,776.23,562.82,104.39,275.61,1,-1,-1,-1
350,51,1216.86,463.43,221.29,390.75,1,-1,-1,-1
350,52,925.61,527.38,190.22,318.72,1,-1,-1,-1
351,4,971.01,495.47,139.21,340.13,1,-1,-1,-1
351,15,1162.82,538.95,132.93,298.48,1,-1,-1,-1
351,25,661.74,547.28,116.12,278.75,1,-1,-1,-1
351,29,737.41,552.40,93.87,290.20,1,-1,-1,-1
351,32,397.82,588.14,120.67,253.04,1,-1,-1,-1
351,36,499.35,531.10,160.38,312.89,1,-1,-1,-1
351,37,578.10,559.35,105.10,279.49,1,-1,-1,-1
351,41,1327.86,523.99,154.87,317.75,1,-1,-1,-1
351,42,273.83,511.96,151.48,336.01,1,-1,-1,-1
351,43,1141.35,566.87,105.05,270.57,1,-1,-1,-1
351,45,956.63,490.91,163.76,352.95,1,-1,-1,-1
351,46,989.21,486.60,203.82,358.83,1,-1,-1,-1
351,49,774.56,562.30,100.73,276.89,1,-1,-1,-1
351,51,1219.61,446.74,193.86,404.23,1,-1,-1,-1
351,52,955.67,555.60,136.83,284.40,1,-1,-1,-1
352,4,971.01,495.47,139.21,340.13,1,-1,-1,-1
352,15,1172.48,539.26,156.60,299.29,1,-1,-1,-1
352,25,661.74,547.28,116.12,278.75,1,-1,-1,-1
352,29,736.17,552.90,91.47,289.99,1,-1,-1,-1
352,32,393.68,588.80,124.61,253.89,1,-1,-1,-1
352,36,497.07,531.49,162.91,313.15,1,-1,-1,-1
352,37,578.72,560.56,103.07,277.39,1,-1,-1,-1
352,41,1341.21,530.92,140.45,309.43,1,-1,-1,-1
352,42,271.97,512.18,150.81,335.66,1,-1,-1,-1
352,43,1126.36,568.94,122.95,270.70,1,-1,-1,-1
352,45,968.47,477.72,203.74,370.01,1,-1,-1,-1
352,46,989.21,486.60,203.82,358.83,1,-1,-1,-1
352,49,775.81,563.52,97.92,275.37,1,-1,-1,-1
352,51,1226.64,433.00,182.49,416.57,1,-1,-1,-1
352,52,954.76,572.07,128.42,267.72,1,-1,-1,-1
353,4,971.01,495.47,139.21,340.13,1,-1,-1,-1
353,15,1161.34,539.63,146.38,301.62,1,-1,-1,-1
353,25,661.74,547.28,116.12,278.75,1,-1,-1,-1
353,29,735.02,553.43,91.88,288.69,1,-1,-1,-1
353,32,393.50,589.06,117.50,252.27,1,-1,-1,-1
353,36,495.32,531.47,161.85,312.66,1,-1,-1,-1
353,37,576.35,560.56,104.19,277.37,1,-1,-1,-1
353,41,1346.10,532.40,131.54,304.52,1,-1,-1,-1
353,42,271.11,511.83,151.93,336.03,1,-1,-1,-1
353,43,1133.59,569.80,114.20,267.16,1,-1,-1,-1
353,45,971.43,471.33,192.22,368.98,1,-1,-1,-1
353,46,989.21,486.60,203.82,358.83,1,-1,-1,-1
353,49,771.36,563.25,101.97,275.96,1,-1,-1,-1
353,51,1221.42,428.80,181.44,413.10,1,-1,-1,-1
353,52,935.35,492.33,173.48,354.24,1,-1,-1,-1
354,4,971.01,495.47,139.21,340.13,1,-1,-1,-1
354,15,1168.49,538.16,140.76,301.95,1,-1,-1,-1
354,25,661.74,547.28,116.12,278.75,1,-1,-1,-1
354,29,734.50,553.70,89.24,288.73,1,-1,-1,-1
354,32,389.65,588.23,124.70,252.09,1,-1,-1,-1
354,36,494.46,532.19,164.18,312.62,1,-1,-1,-1
354,37,577.21,560.34,102.20,277.57,1,-1,-1,-1
354,41,1338.56,531.49,138.49,308.70,1,-1,-1,-1
354,42,271.29,510.97,150.56,337.37,1,-1,-1,-1
354,43,1127.69,569.34,116.57,261.00,1,-1,-1,-1
354,45,954.86,493.37,228.83,353.09,1,-1,-1,-1
354,46,956.76,573.61,125.79,266.57,1,-1,-1,-1
354,49,771.58,565.03,99.63,272.82,1,-1,-1,-1
354,51,1234.91,433.33,175.06,415.23,1,-1,-1,-1
354,52,952.20,538.87,186.68,309.04,1,-1,-1,-1
355,4,971.01,495.47,139.21,340.13,1,-1,-1,-1
355,15,1165.92,539.02,145.49,299.49,1,-1,-1,-1
355,25,661.74,547.28,116.12,278.75,1,-1,-1,-1
355,29,732.74,554.01,92.78,289.67,1,-1,-1,-1
355,32,388.77,587.86,129.66,253.08,1,-1,-1,-1
355,36,492.57,532.26,159.40,313.07,1,-1,-1,-1
355,37,577.93,560.21,101.43,279.69,1,-1,-1,-1
355,41,1332.30,529.71,142.76,308.11,1,-1,-1,-1
355,42,270.03,511.91,149.06,336.44,1,-1,-1,-1
355,43,1128.46,570.38,116.67,261.24,1,-1,-1,-1
355,45,954.86,493.37,228.83,353.09,1,-1,-1,-1
355,46,954.80,582.29,104.98,258.63,1,-1,-1,-1
355,49,770.04,565.01,100.78,274.12,1,-1,-1,-1
355,51,1254.15,433.12,166.06,419.15,1,-1,-1,-1
355,52,958.78,546.07,152.27,302.51,1,-1,-1,-1
356,4,971.01,495.47,139.21,340.13,1,-1,-1,-1
356,15,1156.81,539.51,152.02,301.12,1,-1,-1,-1
356,29,729.46,554.52,91.98,289.70,1,-1,-1,-1
356,32,387.77,587.69,126.66,254.03,1,-1,-1,-1
356,36,490.19,532.40,161.49,312.21,1,-1,-1,-1
356,37,576.27,560.84,100.84,278.27,1,-1,-1,-1
356,41,1329.59,530.86,144.68,309.92,1,-1,-1,-1
356,42,268.90,510.80,147.75,339.07,1,-1,-1,-1
356,43,1126.75,569.43,113.55,263.83,1,-1,-1,-1
356,45,954.86,493.37,228.83,353.09,1,-1,-1,-1
356,46,949.29,579.12,108.51,259.48,1,-1,-1,-1
356,49,768.42,564.53,99.33,273.44,1,-1,-1,-1
356,51,1265.56,430.24,152.00,416.76,1,-1,-1,-1
356,52,957.74,540.04,146.34,306.96,1,-1,-1,-1
356,54,1035.08,470.32,158.75,381.05,1,-1,-1,-1
357,4,971.01,495.47,139.21,340.13,1,-1,-1,-1
357,15,1160.22,540.45,143.64,298.76,1,-1,-1,-1
357,29,731.83,554.79,87.47,288.01,1,-1,-1,-1
357,32,392.60,588.66,122.25,252.27,1,-1,-1,-1
357,36,487.45,531.94,167.14,314.10,1,-1,-1,-1
357,37,576.89,560.94,99.00,279.32,1,-1,-1,-1
357,41,1335.96,545.91,136.08,293.19,1,-1,-1,-1
357,42,266.93,510.98,146.56,337.73,1,-1,-1,-1
357,43,1125.48,570.28,105.31,260.02,1,-1,-1,-1
357,45,954.86,493.37,228.83,353.09,1,-1,-1,-1
357,46,952.67,591.30,97.32,247.47,1,-1,-1,-1
357,49,767.20,564.26,98.76,273.48,1,-1,-1,-1
357,51,1266.49,428.11,156.17,424.50,1,-1,-1,-1
357,52,962.43,540.88,137.99,307.01,1,-1,-1,-1
357,54,1041.11,470.82,151.42,380.47,1,-1,-1,-1
358,4,971.01,495.47,139.21,340.13,1,-1,-1,-1
358,15,1157.84,539.39,144.05,300.93,1,-1,-1,-1
358,29,729.93,554.79,87.76,289.15,1,-1,-1,-1
358,32,387.16,589.71,121.76,251.32,1,-1,-1,-1
358,36,485.63,533.62,166.92,312.88,1,-1,-1,-1
358,37,573.08,560.17,102.41,280.27,1,-1,-1,-1
358,41,1341.04,556.39,129.34,280.55,1,-1,-1,-1
358,42,265.95,510.19,143.57,338.87,1,-1,-1,-1
358,43,1125.48,570.28,105.31,260.02,1,-1,-1,-1
358,45,954.86,493.37,228.83,353.09,1,-1,-1,-1
358,46,947.76,594.12,97.74,244.08,1,-1,-1,-1
358,49,767.47,564.51,95.21,274.07,1,-1,-1,-1
358,51,1269.17,429.29,158.84,426.12,1,-1,-1,-1
358,52,965.26,541.31,131.17,306.38,1,-1,-1,-1
358,54,1039.87,473.90,163.11,374.16,1,-1,-1,-1
359,4,971.01,495.47,139.21,340.13,1,-1,-1,-1
359,15,1157.11,537.73,138.32,303.27,1,-1,-1,-1
359,29,729.26,554.75,88.62,288.31,1,-1,-1,-1
359,32,385.58,590.67,118.30,249.79,1,-1,-1,-1
359,36,483.35,533.48,169.43,313.03,1,-1,-1,-1
359,37,572.14,560.94,103.01,280.16,1,-1,-1,-1
359,41,1337.30,548.02,129.10,290.39,1,-1,-1,-1
359,42,262.82,510.10,145.80,338.20,1,-1,-1,-1
359,43,1125.48,570.28,105.31,260.02,1,-1,-1,-1
359,45,954.86,493.37,228.83,353.09,1,-1,-1,-1
359,46,945.37,595.56,100.83,243.87,1,-1,-1,-1
359,49,765.41,563.30,96.94,275.36,1,-1,-1,-1
359,51,1275.16,431.10,159.68,422.35,1,-1,-1,-1
359,52,968.98,540.29,124.06,306.46,1,-1,-1,-1
359,54,1029.41,470.85,175.86,376.76,1,-1,-1,-1
360,4,971.01,495.47,139.21,340.13,1,-1,-1,-1
360,15,1153.28,536.29,141.87,304.73,1,-1,-1,-1
360,29,728.99,554.92,87.46,287.76,1,-1,-1,-1
360,32,381.46,590.45,124.93,250.06,1,-1,-1,-1
360,36,481.67,534.08,170.53,311.89,1,-1,-1,-1
360,37,570.70,560.62,104.16,281.01,1,-1,-1,-1
360,41,1338.22,539.94,126.38,297.27,1,-1,-1,-1
360,42,262.41,510.80,141.52,337.75,1,-1,-1,-1
360,43,1125.48,570.28,105.31,260.02,1,-1,-1,-1
360,45,954.86,493.37,228.83,353.09,1,-1,-1,-1
360,46,943.77,598.13,96.28,241.48,1,-1,-1,-1
360,49,763.70,564.33,98.18,274.13,1,-1,-1,-1
360,51,1284.81,428.28,143.33,426.69,1,-1,-1,-1
360,52,966.50,540.97,124.26,306.66,1,-1,-1,-1
360,54,1024.21,470.89,187.05,377.17,1,-1,-1,-1
361,4,971.01,495.47,139.21,340.13,1,-1,-1,-1
361,15,1148.85,538.44,127.01,297.98,1,-1,-1,-1
361,29,722.51,554.44,93.82,287.75,1,-1,-1,-1
361,32,378.03,589.85,127.96,254.06,1,-1,-1,-1
361,36,478.83,535.79,158.25,310.26,1,-1,-1,-1
361,37,574.62,562.51,96.62,279.90,1,-1,-1,-1
361,41,1306.37,512.59,151.40,329.53,1,-1,-1,-1
361,42,257.99,513.71,141.65,333.94,1,-1,-1,-1
361,43,1125.48,570.28,105.31,260.02,1,-1,-1,-1
361,45,1221.36,496.90,207.81,353.15,1,-1,-1,-1
361,46,942.85,597.01,99.00,243.62,1,-1,-1,-1
361,49,745.18,565.00,115.87,274.21,1,-1,-1,-1
361,51,1256.84,427.76,188.73,420.38,1,-1,-1,-1
361,52,960.60,540.50,123.23,305.52,1,-1,-1,-1
361,54,1026.80,475.17,182.32,371.91,1,-1,-1,-1
362,15,1136.31,539.50,138.91,295.77,1,-1,-1,-1
362,29,717.07,554.87,97.08,287.35,1,-1,-1,-1
362,32,373.75,590.17,126.93,254.37,1,-1,-1,-1
362,36,479.73,536.96,152.45,308.67,1,-1,-1,-1
362,37,570.47,562.94,98.10,277.98,1,-1,-1,-1
362,41,1300.29,523.58,150.36,312.32,1,-1,-1,-1
362,42,250.29,514.81,148.95,331.25,1,-1,-1,-1
362,43,1125.48,570.28,105.31,260.02,1,-1,-1,-1
362,45,1239.22,496.96,206.16,351.69,1,-1,-1,-1
362,46,933.59,567.23,113.69,273.90,1,-1,-1,-1
362,49,753.32,563.24,102.61,275.63,1,-1,-1,-1
362,51,1244.36,424.57,207.11,425.18,1,-1,-1,-1
362,52,941.19,540.31,138.70,305.19,1,-1,-1,-1
362,54,1020.01,477.42,193.43,368.19,1,-1,-1,-1
363,15,1120.27,540.41,152.37,291.76,1,-1,-1,-1
363,29,713.71,556.88,95.50,284.58,1,-1,-1,-1
363,32,362.04,591.24,127.52,251.13,1,-1,-1,-1
363,36,473.21,537.58,154.17,306.61,1,-1,-1,-1
363,37,564.80,564.23,99.63,276.99,1,-1,-1,-1
363,41,1300.29,523.58,150.36,312.32,1,-1,-1,-1
363,42,248.97,516.00,147.40,330.07,1,-1,-1,-1
363,43,1125.48,570.28,105.31,260.02,1,-1,-1,-1
363,45,1237.96,497.02,212.90,350.11,1,-1,-1,-1
363,46,931.09,580.85,104.84,260.15,1,-1,-1,-1
363,49,741.88,562.64,110.67,278.38,1,-1,-1,-1
363,51,1238.83,424.86,220.63,422.33,1,-1,-1,-1
363,52,947.85,540.18,127.49,306.04,1,-1,-1,-1
363,54,1019.67,479.89,199.70,363.92,1,-1,-1,-1
364,15,1114.00,542.38,159.35,291.15,1,-1,-1,-1
364,29,712.39,558.20,96.08,284.17,1,-1,-1,-1
364,32,366.86,591.73,121.81,249.48,1,-1,-1,-1
364,36,473.24,539.27,151.19,304.60,1,-1,-1,-1
364,37,564.74,566.32,97.67,275.54,1,-1,-1,-1
364,41,1245.67,438.06,196.12,403.30,1,-1,-1,-1
364,42,248.21,518.20,145.75,328.71,1,-1,-1,-1
364,43,1125.48,570.28,105.31,260.02,1,-1,-1,-1
364,45,1240.08,505.17,231.32,340.06,1,-1,-1,-1
364,46,929.96,547.36,132.22,296.02,1,-1,-1,-1
364,49,740.25,565.39,108.33,276.42,1,-1,-1,-1
364,51,1235.01,427.29,245.81,418.43,1,-1,-1,-1
364,52,933.73,540.24,140.49,306.07,1,-1,-1,-1
364,54,1017.17,476.28,208.90,363.91,1,-1,-1,-1
365,15,1117.06,542.56,151.03,294.94,1,-1,-1,-1
365,29,710.42,557.84,92.28,285.59,1,-1,-1,-1
365,32,368.82,592.34,122.17,247.50,1,-1,-1,-1
365,36,468.07,541.31,157.11,301.73,1,-1,-1,-1
365,37,564.65,567.93,97.42,272.34,1,-1,-1,-1
365,41,1245.67,438.06,196.12,403.30,1,-1,-1,-1
365,42,244.55,519.31,149.98,326.97,1,-1,-1,-1
365,43,1125.48,570.28,105.31,260.02,1,-1,-1,-1
365,45,1240.08,505.17,231.32,340.06,1,-1,-1,-1
365,46,929.96,547.36,132.22,296.02,1,-1,-1,-1
365,49,743.45,567.20,101.39,274.83,1,-1,-1,-1
365,51,1235.31,430.05,269.53,415.64,1,-1,-1,-1
365,52,932.91,541.19,141.61,305.27,1,-1,-1,-1
365,54,1014.26,467.01,212.25,372.09,1,-1,-1,-1
366,15,1116.08,542.24,152.20,293.27,1,-1,-1,-1
366,29,707.11,561.10,102.07,280.33,1,-1,-1,-1
366,32,357.35,598.38,123.41,243.39,1,-1,-1,-1
366,36,457.93,546.17,169.57,297.18,1,-1,-1,-1
366,37,560.39,570.54,102.34,268.06,1,-1,-1,-1
366,41,1245.67,438.06,196.12,403.30,1,-1,-1,-1
366,42,236.42,522.14,160.92,323.87,1,-1,-1,-1
366,43,952.00,597.74,97.08,243.97,1,-1,-1,-1
366,45,1240.08,505.17,231.32,340.06,1,-1,-1,-1
366,46,924.64,584.66,113.99,255.04,1,-1,-1,-1
366,49,730.04,571.30,118.51,268.78,1,-1,-1,-1
366,51,1225.16,433.34,303.76,410.23,1,-1,-1,-1
366,52,929.54,540.72,148.16,304.52,1,-1,-1,-1
366,54,1019.72,456.71,211.43,382.03,1,-1,-1,-1
367,15,1112.09,549.04,151.40,279.17,1,-1,-1,-1
367,29,704.05,562.07,112.28,280.78,1,-1,-1,-1
367,32,350.70,598.53,135.15,241.91,1,-1,-1,-1
367,36,458.33,547.57,175.37,296.66,1,-1,-1,-1
367,37,559.46,572.55,102.83,267.08,1,-1,-1,-1
367,41,1245.67,438.06,196.12,403.30,1,-1,-1,-1
367,42,228.29,523.91,176.49,321.86,1,-1,-1,-1
367,43,952.00,597.74,97.08,243.97,1,-1,-1,-1
367,45,1240.08,505.17,231.32,340.06,1,-1,-1,-1
367,46,920.22,579.03,122.86,260.00,1,-1,-1,-1
367,49,739.31,575.60,119.04,259.62,1,-1,-1,-1
367,51,1200.90,433.74,308.65,409.77,1,-1,-1,-1
367,52,925.86,542.46,155.53,301.57,1,-1,-1,-1
367,54,1027.78,440.83,214.18,400.97,1,-1,-1,-1
368,15,1105.65,550.80,176.40,287.51,1,-1,-1,-1
368,29,697.71,562.84,131.79,279.99,1,-1,-1,-1
368,32,357.88,599.88,139.61,242.89,1,-1,-1,-1
368,36,460.43,547.94,190.81,295.48,1,-1,-1,-1
368,37,553.94,574.27,111.52,263.50,1,-1,-1,-1
368,41,1245.67,438.06,196.12,403.30,1,-1,-1,-1
368,42,224.54,525.69,190.76,318.16,1,-1,-1,-1
368,43,952.00,597.74,97.08,243.97,1,-1,-1,-1
368,45,1249.58,546.09,240.73,289.13,1,-1,-1,-1
368,46,920.22,579.03,122.86,260.00,1,-1,-1,-1
368,49,717.21,573.82,151.08,265.11,1,-1,-1,-1
368,51,1220.90,414.31,299.51,427.03,1,-1,-1,-1
368,52,919.43,547.89,168.05,295.87,1,-1,-1,-1
368,54,1033.22,448.74,226.19,394.99,1,-1,-1,-1
369,15,1127.79,546.67,157.60,290.80,1,-1,-1,-1
369,29,691.55,563.95,144.00,278.88,1,-1,-1,-1
369,32,350.89,597.26,146.58,246.40,1,-1,-1,-1
369,36,458.88,547.35,201.06,296.16,1,-1,-1,-1
369,37,547.67,573.49,122.37,260.84,1,-1,-1,-1
369,41,1208.54,422.86,311.09,418.58,1,-1,-1,-1
369,42,222.28,525.38,205.61,320.07,1,-1,-1,-1
369,43,952.00,597.74,97.08,243.97,1,-1,-1,-1
369,45,1278.37,552.82,218.28,282.78,1,-1,-1,-1
369,46,1061.67,483.87,188.77,362.68,1,-1,-1,-1
369,49,727.06,576.12,152.13,262.21,1,-1,-1,-1
369,51,1216.80,554.07,243.86,294.21,1,-1,-1,-1
369,52,917.70,550.99,178.60,292.76,1,-1,-1,-1
369,54,1071.82,467.00,188.33,376.91,1,-1,-1,-1
370,15,1136.86,546.12,159.56,292.71,1,-1,-1,-1
370,29,688.00,565.30,184.73,276.35,1,-1,-1,-1
370,32,356.55,597.45,135.82,249.20,1,-1,-1,-1
370,36,464.98,548.24,194.45,294.56,1,-1,-1,-1
370,37,549.33,570.83,127.72,263.10,1,-1,-1,-1
370,41,1188.04,430.19,335.42,411.66,1,-1,-1,-1
370,42,222.26,526.78,197.48,319.09,1,-1,-1,-1
370,43,952.00,597.74,97.08,243.97,1,-1,-1,-1
370,45,1304.03,567.82,187.74,262.76,1,-1,-1,-1
370,46,1061.67,483.87,188.77,362.68,1,-1,-1,-1
370,49,720.79,578.95,157.44,259.60,1,-1,-1,-1
370,51,1234.85,562.14,220.56,282.11,1,-1,-1,-1
370,52,912.91,550.76,178.99,292.92,1,-1,-1,-1
370,54,1050.93,473.54,207.94,374.97,1,-1,-1,-1
371,15,1137.84,545.37,159.73,293.11,1,-1,-1,-1
371,29,693.60,564.48,144.41,275.36,1,-1,-1,-1
371,32,356.53,595.49,135.71,245.41,1,-1,-1,-1
371,36,465.51,544.83,199.31,304.20,1,-1,-1,-1
371,37,542.57,572.47,152.87,263.08,1,-1,-1,-1
371,41,1199.15,436.66,334.15,404.16,1,-1,-1,-1
371,42,219.12,527.62,210.78,315.99,1,-1,-1,-1
371,43,952.00,597.74,97.08,243.97,1,-1,-1,-1
371,45,1340.70,574.92,146.01,260.64,1,-1,-1,-1
371,46,1061.67,483.87,188.77,362.68,1,-1,-1,-1
371,49,728.00,581.22,153.47,258.23,1,-1,-1,-1
371,51,1234.42,581.76,200.02,261.22,1,-1,-1,-1
371,52,907.52,548.71,187.10,295.73,1,-1,-1,-1
371,54,1074.79,480.40,172.63,366.22,1,-1,-1,-1
372,15,1134.94,550.28,162.25,290.46,1,-1,-1,-1
372,29,691.21,564.00,143.84,278.29,1,-1,-1,-1
372,32,370.94,595.74,126.89,245.41,1,-1,-1,-1
372,36,474.32,546.27,185.41,301.47,1,-1,-1,-1
372,37,560.81,571.34,142.71,266.34,1,-1,-1,-1
372,41,1204.47,440.33,325.71,398.89,1,-1,-1,-1
372,42,242.57,527.36,182.87,317.33,1,-1,-1,-1
372,43,952.00,597.74,97.08,243.97,1,-1,-1,-1
372,45,1344.91,574.29,140.74,264.31,1,-1,-1,-1
372,46,1061.67,483.87,188.77,362.68,1,-1,-1,-1
372,49,747.14,581.08,143.78,256.80,1,-1,-1,-1
372,51,1247.16,615.16,188.72,227.22,1,-1,-1,-1
372,52,906.02,550.41,189.85,294.51,1,-1,-1,-1
372,54,1059.71,482.30,186.73,361.07,1,-1,-1,-1
373,15,1137.89,554.00,158.14,283.84,1,-1,-1,-1
373,29,694.15,564.03,138.07,276.60,1,-1,-1,-1
373,32,377.31,595.36,123.98,244.11,1,-1,-1,-1
373,36,476.04,545.48,180.37,301.02,1,-1,-1,-1
373,37,565.90,572.91,136.66,264.03,1,-1,-1,-1
373,41,1225.79,443.62,306.06,399.51,1,-1,-1,-1
373,42,256.08,529.05,173.24,317.33,1,-1,-1,-1
373,43,952.00,597.74,97.08,243.97,1,-1,-1,-1
373,45,1266.48,598.15,188.43,249.06,1,-1,-1,-1
373,46,1061.67,483.87,188.77,362.68,1,-1,-1,-1
373,49,746.22,576.62,151.85,262.76,1,-1,-1,-1
373,51,1254.15,609.08,176.94,237.21,1,-1,-1,-1
373,52,910.94,552.28,188.01,290.17,1,-1,-1,-1
373,54,1045.25,483.40,204.08,360.37,1,-1,-1,-1
374,15,1137.67,559.28,156.33,275.84,1,-1,-1,-1
374,29,705.86,567.05,131.67,272.04,1,-1,-1,-1
374,32,376.17,595.50,130.90,245.78,1,-1,-1,-1
374,36,484.60,545.84,177.80,300.69,1,-1,-1,-1
374,37,557.53,571.32,147.71,264.28,1,-1,-1,-1
374,41,1249.35,451.34,289.45,388.95,1,-1,-1,-1
374,42,263.22,529.81,182.40,315.52,1,-1,-1,-1
374,43,952.00,597.74,97.08,243.97,1,-1,-1,-1
374,45,1266.48,598.15,188.43,249.06,1,-1,-1,-1
374,46,1061.67,483.87,188.77,362.68,1,-1,-1,-1
374,49,726.14,576.71,177.83,265.19,1,-1,-1,-1
374,51,1254.02,581.13,232.03,261.40,1,-1,-1,-1
374,52,903.70,554.67,198.25,290.65,1,-1,-1,-1
374,54,1033.94,486.98,211.51,357.73,1,-1,-1,-1
375,15,1146.03,562.66,157.15,271.46,1,-1,-1,-1
375,29,714.73,568.20,134.91,270.47,1,-1,-1,-1
375,32,376.36,595.86,135.86,243.83,1,-1,-1,-1
375,36,488.12,544.35,178.94,302.05,1,-1,-1,-1
375,37,561.60,572.65,140.32,263.56,1,-1,-1,-1
375,41,1248.93,458.84,288.97,380.63,1,-1,-1,-1
375,42,269.38,533.00,174.69,310.53,1,-1,-1,-1
375,43,952.00,597.74,97.08,243.97,1,-1,-1,-1
375,45,1245.10,478.50,284.36,359.84,1,-1,-1,-1
375,46,1061.67,483.87,188.77,362.68,1,-1,-1,-1
375,49,724.70,573.25,183.81,264.73,1,-1,-1,-1
375,51,1256.99,576.81,250.97,265.95,1,-1,-1,-1
375,52,904.66,559.21,200.29,284.36,1,-1,-1,-1
375,54,1024.17,488.55,216.23,354.20,1,-1,-1,-1
376,15,1152.38,563.31,168.98,274.23,1,-1,-1,-1
376,29,720.78,566.40,141.42,275.51,1,-1,-1,-1
376,32,376.24,596.44,167.66,242.25,1,-1,-1,-1
376,36,500.09,541.71,176.39,300.11,1,-1,-1,-1
376,37,576.91,570.46,134.10,264.12,1,-1,-1,-1
376,41,1245.98,455.13,306.42,390.30,1,-1,-1,-1
376,42,276.43,529.46,198.06,315.23,1,-1,-1,-1
376,43,952.00,597.74,97.08,243.97,1,-1,-1,-1
376,45,1245.10,478.50,284.36,359.84,1,-1,-1,-1
376,46,1061.67,483.87,188.77,362.68,1,-1,-1,-1
376,49,752.97,572.47,162.22,261.13,1,-1,-1,-1
376,51,1256.99,576.81,250.97,265.95,1,-1,-1,-1
376,52,910.99,563.53,199.18,278.80,1,-1,-1,-1
376,54,1022.37,433.19,228.04,411.22,1,-1,-1,-1
377,15,1149.78,555.39,185.46,281.84,1,-1,-1,-1
377,29,724.01,566.92,141.76,275.34,1,-1,-1,-1
377,32,377.75,598.82,169.68,243.45,1,-1,-1,-1
377,36,504.92,542.12,175.08,301.50,1,-1,-1,-1
377,37,578.12,569.44,134.78,264.16,1,-1,-1,-1
377,41,1220.64,455.27,335.80,388.72,1,-1,-1,-1
377,42,280.61,526.36,205.15,318.88,1,-1,-1,-1
377,43,952.00,597.74,97.08,243.97,1,-1,-1,-1
377,45,1036.05,427.34,246.59,416.32,1,-1,-1,-1
377,46,1061.67,483.87,188.77,362.68,1,-1,-1,-1
377,49,765.74,573.96,153.48,256.91,1,-1,-1,-1
377,51,1306.94,594.62,224.74,250.09,1,-1,-1,-1
377,52,916.90,559.98,199.71,281.99,1,-1,-1,-1
377,54,1022.57,459.07,237.30,387.16,1,-1,-1,-1
378,15,1164.11,556.06,172.36,275.72,1,-1,-1,-1
378,29,725.54,566.34,138.32,274.95,1,-1,-1,-1
378,32,398.67,597.21,149.28,244.10,1,-1,-1,-1
378,36,512.15,542.86,169.31,297.42,1,-1,-1,-1
378,37,580.52,573.23,133.28,259.74,1,-1,-1,-1
378,41,1194.85,458.72,364.34,386.53,1,-1,-1,-1
378,42,280.92,529.03,205.73,316.07,1,-1,-1,-1
378,43,952.00,597.74,97.08,243.97,1,-1,-1,-1
378,45,1036.05,427.34,246.59,416.32,1,-1,-1,-1
378,46,1061.67,483.87,188.77,362.68,1,-1,-1,-1
378,49,770.31,573.81,150.50,259.11,1,-1,-1,-1
378,51,1306.94,594.62,224.74,250.09,1,-1,-1,-1
378,52,921.78,558.13,219.25,284.71,1,-1,-1,-1
378,54,1024.69,493.21,234.54,353.24,1,-1,-1,-1
379,15,1155.06,553.27,186.44,270.52,1,-1,-1,-1
379,29,727.46,564.16,145.73,277.80,1,-1,-1,-1
379,32,401.10,593.99,144.94,248.41,1,-1,-1,-1
379,36,503.87,540.04,179.44,302.28,1,-1,-1,-1
379,37,579.05,566.89,134.00,266.11,1,-1,-1,-1
379,41,1218.67,470.37,339.36,374.16,1,-1,-1,-1
379,42,284.30,530.14,195.80,314.56,1,-1,-1,-1
379,43,627.27,576.84,119.95,259.72,1,-1,-1,-1
379,45,784.01,556.53,177.06,282.92,1,-1,-1,-1
379,46,1061.67,483.87,188.77,362.68,1,-1,-1,-1
379,49,770.19,578.07,153.70,259.27,1,-1,-1,-1
379,51,1247.79,556.50,289.24,288.51,1,-1,-1,-1
379,52,923.45,542.98,222.30,299.41,1,-1,-1,-1
379,54,1022.76,501.78,234.90,339.81,1,-1,-1,-1
380,15,1154.09,557.14,196.57,282.06,1,-1,-1,-1
380,29,727.41,562.96,142.93,277.39,1,-1,-1,-1
380,32,398.12,589.56,139.59,255.08,1,-1,-1,-1
380,36,507.57,538.57,174.96,305.07,1,-1,-1,-1
380,37,585.49,572.62,125.88,262.11,1,-1,-1,-1
380,41,1285.54,485.71,267.50,357.40,1,-1,-1,-1
380,42,287.40,528.05,190.69,315.86,1,-1,-1,-1
380,43,579.02,564.41,133.52,267.96,1,-1,-1,-1
380,45,784.01,556.53,177.06,282.92,1,-1,-1,-1
380,46,1061.67,483.87,188.77,362.68,1,-1,-1,-1
380,49,774.56,575.15,149.75,262.43,1,-1,-1,-1
380,51,1247.79,556.50,289.24,288.51,1,-1,-1,-1
380,52,929.36,551.46,202.16,291.21,1,-1,-1,-1
380,54,1079.57,502.67,191.02,335.91,1,-1,-1,-1
381,15,1175.27,551.07,169.74,282.28,1,-1,-1,-1
381,29,735.66,561.59,134.52,277.13,1,-1,-1,-1
381,32,413.06,585.46,124.43,255.37,1,-1,-1,-1
381,36,514.62,538.44,171.08,305.11,1,-1,-1,-1
381,37,595.11,572.86,112.74,259.69,1,-1,-1,-1
381,41,1277.31,471.79,262.62,369.07,1,-1,-1,-1
381,42,295.41,522.99,175.36,324.02,1,-1,-1,-1
381,43,578.94,561.45,130.11,271.57,1,-1,-1,-1
381,45,784.01,556.53,177.06,282.92,1,-1,-1,-1
381,46,1061.67,483.87,188.77,362.68,1,-1,-1,-1
381,49,781.88,573.89,143.12,262.86,1,-1,-1,-1
381,51,1247.79,556.50,289.24,288.51,1,-1,-1,-1
381,52,930.03,550.37,190.64,291.26,1,-1,-1,-1
381,54,1099.80,493.06,155.48,349.19,1,-1,-1,-1
382,15,1178.51,549.70,164.19,282.77,1,-1,-1,-1
382,29,737.55,561.91,126.55,276.16,1,-1,-1,-1
382,32,420.89,584.69,109.56,254.85,1,-1,-1,-1
382,36,517.86,537.53,164.82,306.96,1,-1,-1,-1
382,37,597.25,572.28,110.86,261.09,1,-1,-1,-1
382,41,1344.72,476.95,183.83,369.86,1,-1,-1,-1
382,42,297.63,521.50,171.89,326.68,1,-1,-1,-1
382,43,586.30,563.48,122.88,269.45,1,-1,-1,-1
382,45,784.01,556.53,177.06,282.92,1,-1,-1,-1
382,46,1061.67,483.87,188.77,362.68,1,-1,-1,-1
382,49,785.85,573.94,139.07,262.18,1,-1,-1,-1
382,51,1400.29,579.54,146.34,242.19,1,-1,-1,-1
382,52,930.24,548.91,182.97,291.48,1,-1,-1,-1
382,54,1094.38,484.10,178.33,360.24,1,-1,-1,-1
382,55,1292.57,570.52,151.13,259.66,1,-1,-1,-1
383,15,1187.08,550.80,154.91,280.57,1,-1,-1,-1
383,29,737.85,561.53,123.98,276.76,1,-1,-1,-1
383,32,423.77,585.13,108.58,255.14,1,-1,-1,-1
383,36,519.06,535.91,162.90,308.46,1,-1,-1,-1
383,37,597.58,571.10,105.39,260.49,1,-1,-1,-1
383,41,1359.72,476.13,190.97,372.02,1,-1,-1,-1
383,42,298.39,520.91,167.96,326.62,1,-1,-1,-1
383,43,590.03,563.29,113.38,269.12,1,-1,-1,-1
383,45,784.01,556.53,177.06,282.92,1,-1,-1,-1
383,46,1061.67,483.87,188.77,362.68,1,-1,-1,-1
383,49,788.21,574.06,135.76,260.96,1,-1,-1,-1
383,51,1400.29,579.54,146.34,242.19,1,-1,-1,-1
383,52,931.19,549.08,182.39,290.91,1,-1,-1,-1
383,54,1099.40,478.29,174.44,363.58,1,-1,-1,-1
383,55,1285.51,565.43,154.86,263.91,1,-1,-1,-1
384,15,1188.83,549.60,154.11,280.15,1,-1,-1,-1
384,29,735.48,561.89,122.23,275.57,1,-1,-1,-1
384,32,420.29,585.81,113.81,254.23,1,-1,-1,-1
384,36,518.29,535.34,167.60,309.27,1,-1,-1,-1
384,37,597.58,571.10,105.39,260.49,1,-1,-1,-1
384,41,1362.95,476.77,201.93,372.08,1,-1,-1,-1
384,42,296.16,520.91,169.48,325.70,1,-1,-1,-1
384,43,586.11,561.15,118.19,270.86,1,-1,-1,-1
384,45,784.01,556.53,177.06,282.92,1,-1,-1,-1
384,46,1061.67,483.87,188.77,362.68,1,-1,-1,-1
384,49,783.20,569.41,137.91,267.04,1,-1,-1,-1
384,51,1408.97,616.75,152.59,222.35,1,-1,-1,-1
384,52,932.93,550.00,176.14,289.43,1,-1,-1,-1
384,54,1069.91,477.52,203.71,365.48,1,-1,-1,-1
384,55,1283.74,564.91,147.67,264.61,1,-1,-1,-1
385,15,1176.14,549.61,166.98,281.64,1,-1,-1,-1
385,29,733.07,561.15,119.72,276.84,1,-1,-1,-1
385,32,412.37,585.08,120.54,256.95,1,-1,-1,-1
385,36,518.01,534.08,159.72,310.96,1,-1,-1,-1
385,37,597.58,571.10,105.39,260.49,1,-1,-1,-1
385,41,1359.78,466.10,204.25,381.25,1,-1,-1,-1
385,42,292.79,520.34,175.02,325.09,1,-1,-1,-1
385,43,586.63,559.79,116.00,273.15,1,-1,-1,-1
385,45,784.01,556.53,177.06,282.92,1,-1,-1,-1
385,46,1061.67,483.87,188.77,362.68,1,-1,-1,-1
385,49,779.73,566.93,135.55,267.22,1,-1,-1,-1
385,51,1408.97,616.75,152.59,222.35,1,-1,-1,-1
385,52,933.60,549.12,182.46,289.36,1,-1,-1,-1
385,54,1028.29,468.82,240.17,374.17,1,-1,-1,-1
385,55,1285.00,563.15,149.06,266.46,1,-1,-1,-1
386,15,1176.66,548.15,161.03,283.18,1,-1,-1,-1
386,29,727.38,562.71,121.38,275.52,1,-1,-1,-1
386,32,407.10,585.40,123.17,254.67,1,-1,-1,-1
386,36,517.46,534.06,151.14,311.13,1,-1,-1,-1
386,37,597.58,571.10,105.39,260.49,1,-1,-1,-1
386,41,1354.92,453.89,200.41,390.82,1,-1,-1,-1
386,42,284.18,521.90,178.31,322.59,1,-1,-1,-1
386,43,583.93,559.14,116.41,274.18,1,-1,-1,-1
386,45,784.01,556.53,177.06,282.92,1,-1,-1,-1
386,46,1061.67,483.87,188.77,362.68,1,-1,-1,-1
386,49,767.19,568.22,145.64,266.64,1,-1,-1,-1
386,51,1408.97,616.75,152.59,222.35,1,-1,-1,-1
386,52,932.14,545.29,177.82,293.04,1,-1,-1,-1
386,54,1019.91,426.20,243.45,418.54,1,-1,-1,-1
386,55,1294.31,562.65,123.51,267.99,1,-1,-1,-1
387,15,1184.13,547.66,153.25,281.95,1,-1,-1,-1
387,29,725.09,562.29,120.59,276.87,1,-1,-1,-1
387,32,408.15,585.71,120.16,252.76,1,-1,-1,-1
387,36,513.72,533.34,151.38,312.62,1,-1,-1,-1
387,37,597.58,571.10,105.39,260.49,1,-1,-1,-1
387,41,1329.40,443.07,222.12,399.89,1,-1,-1,-1
387,42,283.02,523.28,179.82,321.03,1,-1,-1,-1
387,43,579.03,561.04,120.23,272.10,1,-1,-1,-1
387,45,784.01,556.53,177.06,282.92,1,-1,-1,-1
387,46,1061.67,483.87,188.77,362.68,1,-1,-1,-1
387,49,768.04,568.34,144.67,268.50,1,-1,-1,-1
387,51,1408.97,616.75,152.59,222.35,1,-1,-1,-1
387,52,932.73,544.94,172.73,295.19,1,-1,-1,-1
387,54,1015.64,414.67,248.47,428.62,1,-1,-1,-1
387,55,1302.33,563.32,108.25,263.17,1,-1,-1,-1
388,15,1179.00,547.70,157.79,284.33,1,-1,-1,-1
388,29,720.63,560.60,123.66,278.12,1,-1,-1,-1
388,32,398.76,586.25,130.94,251.58,1,-1,-1,-1
388,36,509.12,532.97,154.76,311.76,1,-1,-1,-1
388,37,597.58,571.10,105.39,260.49,1,-1,-1,-1
388,41,1313.87,432.39,233.12,407.57,1,-1,-1,-1
388,42,282.22,526.11,186.01,316.91,1,-1,-1,-1
388,43,577.35,561.96,120.52,271.84,1,-1,-1,-1
388,45,784.01,556.53,177.06,282.92,1,-1,-1,-1
388,46,1061.67,483.87,188.77,362.68,1,-1,-1,-1
388,49,772.31,568.29,135.71,264.46,1,-1,-1,-1
388,51,1408.97,616.75,152.59,222.35,1,-1,-1,-1
388,52,932.48,545.23,167.02,294.52,1,-1,-1,-1
388,54,1010.55,426.45,224.38,413.17,1,-1,-1,-1
388,55,1301.48,565.55,117.00,258.86,1,-1,-1,-1
388,56,929.00,574.51,128.54,260.73,1,-1,-1,-1
389,15,1168.70,548.46,163.25,284.44,1,-1,-1,-1
389,29,718.09,561.26,124.71,276.98,1,-1,-1,-1
389,32,385.41,586.48,143.24,251.25,1,-1,-1,-1
389,36,506.04,531.83,157.41,311.19,1,-1,-1,-1
389,37,597.58,571.10,105.39,260.49,1,-1,-1,-1
389,41,1307.91,422.99,234.44,417.42,1,-1,-1,-1
389,42,281.18,530.52,188.48,310.78,1,-1,-1,-1
389,43,574.86,562.14,118.15,270.80,1,-1,-1,-1
389,45,784.01,556.53,177.06,282.92,1,-1,-1,-1
389,46,1061.67,483.87,188.77,362.68,1,-1,-1,-1
389,49,769.90,569.68,134.82,264.51,1,-1,-1,-1
389,51,1408.97,616.75,152.59,222.35,1,-1,-1,-1
389,52,931.68,545.58,168.00,292.27,1,-1,-1,-1
389,54,1002.95,404.07,228.16,437.59,1,-1,-1,-1
389,55,1298.52,566.46,113.55,260.34,1,-1,-1,-1
389,56,929.10,563.95,158.25,271.55,1,-1,-1,-1
390,15,1164.31,548.44,165.24,285.21,1,-1,-1,-1
390,29,718.40,561.12,125.92,277.14,1,-1,-1,-1
390,32,381.30,585.11,141.59,253.51,1,-1,-1,-1
390,36,500.66,532.82,164.71,309.35,1,-1,-1,-1
390,37,597.58,571.10,105.39,260.49,1,-1,-1,-1
390,41,1310.35,395.32,230.35,444.42,1,-1,-1,-1
390,42,287.18,535.61,185.50,302.99,1,-1,-1,-1
390,43,571.07,563.25,119.28,269.52,1,-1,-1,-1
390,45,784.01,556.53,177.06,282.92,1,-1,-1,-1
390,46,1061.67,483.87,188.77,362.68,1,-1,-1,-1
390,49,768.77,570.99,133.78,263.35,1,-1,-1,-1
390,51,1315.86,526.85,227.73,312.84,1,-1,-1,-1
390,52,933.92,544.54,164.29,292.88,1,-1,-1,-1
390,54,1000.22,398.70,229.09,442.69,1,-1,-1,-1
390,55,1297.84,564.55,113.97,265.29,1,-1,-1,-1
390,56,929.10,563.95,158.25,271.55,1,-1,-1,-1
391,15,1163.98,550.25,167.62,284.40,1,-1,-1,-1
391,29,716.00,563.00,126.49,275.60,1,-1,-1,-1
391,32,381.25,584.36,133.85,255.25,1,-1,-1,-1
391,36,497.25,534.75,177.88,306.49,1,-1,-1,-1
391,37,597.58,571.10,105.39,260.49,1,-1,-1,-1
391,41,1300.73,354.33,236.77,488.41,1,-1,-1,-1
391,42,302.42,533.06,167.58,305.92,1,-1,-1,-1
391,43,551.95,562.03,140.32,271.08,1,-1,-1,-1
391,45,784.01,556.53,177.06,282.92,1,-1,-1,-1
391,46,1061.67,483.87,188.77,362.68,1,-1,-1,-1
391,49,775.31,579.83,114.81,253.00,1,-1,-1,-1
391,51,1294.23,563.01,123.67,265.19,1,-1,-1,-1
391,52,933.85,542.77,160.52,295.83,1,-1,-1,-1
391,54,1003.10,396.00,204.67,443.10,1,-1,-1,-1
391,55,1292.69,565.96,116.01,266.10,1,-1,-1,-1
391,56,929.10,563.95,158.25,271.55,1,-1,-1,-1
392,15,1157.36,551.51,172.35,284.18,1,-1,-1,-1
392,29,715.76,563.92,123.83,273.04,1,-1,-1,-1
392,32,378.41,585.32,130.08,253.14,1,-1,-1,-1
392,36,497.65,538.15,167.11,300.83,1,-1,-1,-1
392,37,597.58,571.10,105.39,260.49,1,-1,-1,-1
392,41,1294.94,469.27,241.32,372.96,1,-1,-1,-1
392,42,302.18,528.17,165.22,308.36,1,-1,-1,-1
392,43,559.89,565.85,128.21,265.81,1,-1,-1,-1
392,45,784.01,556.53,177.06,282.92,1,-1,-1,-1
392,46,1061.67,483.87,188.77,362.68,1,-1,-1,-1
392,49,775.08,585.49,109.44,246.45,1,-1,-1,-1
392,51,1294.23,563.01,123.67,265.19,1,-1,-1,-1
392,52,934.61,543.47,158.48,293.79,1,-1,-1,-1
392,54,1001.39,394.80,208.91,445.13,1,-1,-1,-1
392,55,1291.21,567.44,111.63,259.77,1,-1,-1,-1
392,56,929.10,563.95,158.25,271.55,1,-1,-1,-1
392,58,1299.06,333.50,236.38,511.70,1,-1,-1,-1
393,15,1161.48,552.49,158.13,285.54,1,-1,-1,-1
393,29,713.22,567.02,120.98,269.13,1,-1,-1,-1
393,32,380.92,587.98,128.86,246.81,1,-1,-1,-1
393,36,499.81,541.03,164.18,298.00,1,-1,-1,-1
393,37,597.58,571.10,105.39,260.49,1,-1,-1,-1
393,41,1294.94,469.27,241.32,372.96,1,-1,-1,-1
393,42,298.17,521.02,169.90,315.60,1,-1,-1,-1
393,43,568.90,569.20,115.66,262.61,1,-1,-1,-1
393,45,784.01,556.53,177.06,282.92,1,-1,-1,-1
393,46,1061.67,483.87,188.77,362.68,1,-1,-1,-1
393,49,774.41,585.78,107.23,247.47,1,-1,-1,-1
393,51,1294.23,563.01,123.67,265.19,1,-1,-1,-1
393,52,934.78,545.46,157.86,292.27,1,-1,-1,-1
393,54,999.80,390.34,210.37,449.30,1,-1,-1,-1
393,55,1292.61,569.55,108.63,258.55,1,-1,-1,-1
393,56,929.10,563.95,158.25,271.55,1,-1,-1,-1
393,58,1298.03,325.10,235.85,519.32,1,-1,-1,-1
394,15,1167.80,555.37,136.98,281.76,1,-1,-1,-1
394,29,713.85,569.04,116.29,266.07,1,-1,-1,-1
394,32,382.24,594.31,125.52,241.15,1,-1,-1,-1
394,36,502.87,540.03,160.99,297.24,1,-1,-1,-1
394,37,597.58,571.10,105.39,260.49,1,-1,-1,-1
394,41,1294.94,469.27,241.32,372.96,1,-1,-1,-1
394,42,295.97,515.53,176.29,321.32,1,-1,-1,-1
394,43,572.15,570.31,110.72,261.06,1,-1,-1,-1
394,45,784.01,556.53,177.06,282.92,1,-1,-1,-1
394,46,1061.67,483.87,188.77,362.68,1,-1,-1,-1
394,49,773.83,583.53,105.10,249.63,1,-1,-1,-1
394,51,1182.47,557.21,132.23,279.88,1,-1,-1,-1
394,52,932.94,549.43,160.08,283.83,1,-1,-1,-1
394,54,998.67,391.01,212.75,449.61,1,-1,-1,-1
394,55,1292.98,574.67,104.35,258.14,1,-1,-1,-1
394,56,929.10,563.95,158.25,271.55,1,-1,-1,-1
394,58,1293.54,323.01,238.75,520.24,1,-1,-1,-1
395,15,1175.60,559.54,126.12,274.64,1,-1,-1,-1
395,29,718.88,571.64,109.80,261.52,1,-1,-1,-1
395,32,380.65,594.40,119.97,241.43,1,-1,-1,-1
395,36,507.59,538.34,154.74,298.34,1,-1,-1,-1
395,37,597.58,571.10,105.39,260.49,1,-1,-1,-1
395,41,1294.94,469.27,241.32,372.96,1,-1,-1,-1
395,42,293.14,511.57,175.79,326.57,1,-1,-1,-1
395,43,571.71,566.12,104.79,265.07,1,-1,-1,-1
395,45,784.01,556.53,177.06,282.92,1,-1,-1,-1
395,46,1061.67,483.87,188.77,362.68,1,-1,-1,-1
395,49,771.25,578.81,103.50,253.99,1,-1,-1,-1
395,51,1182.47,557.21,132.23,279.88,1,-1,-1,-1
395,52,936.24,551.61,156.48,281.09,1,-1,-1,-1
395,54,999.44,394.42,211.48,446.45,1,-1,-1,-1
395,55,1291.94,580.11,107.56,252.39,1,-1,-1,-1
395,56,929.10,563.95,158.25,271.55,1,-1,-1,-1
395,58,1291.80,322.23,238.78,521.24,1,-1,-1,-1
396,15,1177.86,562.80,127.08,269.14,1,-1,-1,-1
396,29,731.96,566.78,97.16,266.79,1,-1,-1,-1
396,32,380.26,586.41,116.07,247.86,1,-1,-1,-1
396,36,520.32,532.86,131.89,302.94,1,-1,-1,-1
396,37,597.58,571.10,105.39,260.49,1,-1,-1,-1
396,41,1294.94,469.27,241.32,372.96,1,-1,-1,-1
396,42,294.34,511.50,170.07,331.02,1,-1,-1,-1
396,43,574.01,557.34,96.39,272.33,1,-1,-1,-1
396,45,784.01,556.53,177.06,282.92,1,-1,-1,-1
396,46,1061.67,483.87,188.77,362.68,1,-1,-1,-1
396,49,771.47,574.53,99.27,257.05,1,-1,-1,-1
396,51,1182.47,557.21,132.23,279.88,1,-1,-1,-1
396,52,950.24,552.56,134.82,279.16,1,-1,-1,-1
396,54,992.01,473.50,239.34,364.95,1,-1,-1,-1
396,55,1280.81,587.35,120.31,241.54,1,-1,-1,-1
396,56,929.10,563.95,158.25,271.55,1,-1,-1,-1
396,58,1278.15,360.77,253.05,482.92,1,-1,-1,-1
397,15,1177.62,557.84,125.94,272.69,1,-1,-1,-1
397,29,735.16,562.64,101.74,271.06,1,-1,-1,-1
397,32,383.91,578.47,110.27,254.51,1,-1,-1,-1
397,36,523.12,530.02,130.81,305.21,1,-1,-1,-1
397,37,597.58,571.10,105.39,260.49,1,-1,-1,-1
397,41,1294.94,469.27,241.32,372.96,1,-1,-1,-1
397,42,296.45,514.58,164.78,328.19,1,-1,-1,-1
397,43,574.39,553.38,95.51,277.01,1,-1,-1,-1
397,45,784.01,556.53,177.06,282.92,1,-1,-1,-1
397,46,1061.67,483.87,188.77,362.68,1,-1,-1,-1
397,49,767.36,570.04,102.64,260.90,1,-1,-1,-1
397,51,1182.47,557.21,132.23,279.88,1,-1,-1,-1
397,52,958.29,545.57,140.26,284.49,1,-1,-1,-1
397,54,994.51,491.60,237.80,349.10,1,-1,-1,-1
397,55,1267.23,581.38,143.13,246.40,1,-1,-1,-1
397,56,929.10,563.95,158.25,271.55,1,-1,-1,-1
397,58,1268.88,421.50,258.72,419.78,1,-1,-1,-1
398,15,1184.19,553.08,116.44,279.50,1,-1,-1,-1
398,29,738.18,559.66,95.64,275.05,1,-1,-1,-1
398,32,387.92,574.73,106.13,258.14,1,-1,-1,-1
398,36,523.58,530.56,134.28,305.82,1,-1,-1,-1
398,37,722.28,558.24,125.45,277.26,1,-1,-1,-1
398,41,1294.94,469.27,241.32,372.96,1,-1,-1,-1
398,42,295.95,515.90,172.21,325.33,1,-1,-1,-1
398,43,573.62,553.36,98.66,276.11,1,-1,-1,-1
398,45,784.01,556.53,177.06,282.92,1,-1,-1,-1
398,46,1061.67,483.87,188.77,362.68,1,-1,-1,-1
398,49,751.97,564.11,118.22,268.39,1,-1,-1,-1
398,51,1182.47,557.21,132.23,279.88,1,-1,-1,-1
398,52,956.80,536.52,139.70,295.44,1,-1,-1,-1
398,54,998.68,503.13,233.32,340.22,1,-1,-1,-1
398,55,1262.09,574.14,162.07,256.57,1,-1,-1,-1
398,56,1102.27,564.55,120.46,257.75,1,-1,-1,-1
398,58,1249.86,448.24,280.66,394.56,1,-1,-1,-1
399,15,1188.82,549.41,112.94,285.01,1,-1,-1,-1
399,29,737.89,559.32,95.48,274.61,1,-1,-1,-1
399,32,382.36,570.71,110.42,260.46,1,-1,-1,-1
399,36,522.23,529.64,141.35,307.52,1,-1,-1,-1
399,37,734.54,557.38,129.25,278.11,1,-1,-1,-1
399,41,1294.94,469.27,241.32,372.96,1,-1,-1,-1
399,42,302.10,518.77,166.17,321.95,1,-1,-1,-1
399,43,570.70,553.04,103.48,275.95,1,-1,-1,-1
399,45,784.01,556.53,177.06,282.92,1,-1,-1,-1
399,46,1061.67,483.87,188.77,362.68,1,-1,-1,-1
399,49,751.97,564.11,118.22,268.39,1,-1,-1,-1
399,51,1182.47,557.21,132.23,279.88,1,-1,-1,-1
399,52,953.72,534.93,146.09,297.90,1,-1,-1,-1
399,54,999.37,520.70,230.80,324.42,1,-1,-1,-1
399,55,1262.09,574.14,162.07,256.57,1,-1,-1,-1
399,56,1117.56,567.86,121.31,262.86,1,-1,-1,-1
399,58,1239.41,471.59,292.69,374.20,1,-1,-1,-1
400,15,1186.37,549.47,119.46,285.07,1,-1,-1,-1
400,29,737.89,559.32,95.48,274.61,1,-1,-1,-1
400,32,386.70,570.44,104.26,261.63,1,-1,-1,-1
400,36,522.41,530.02,133.30,306.49,1,-1,-1,-1
400,37,732.71,559.96,135.59,277.71,1,-1,-1,-1
400,41,1294.94,469.27,241.32,372.96,1,-1,-1,-1
400,42,308.57,523.11,141.96,317.21,1,-1,-1,-1
400,43,571.46,553.00,101.17,276.25,1,-1,-1,-1
400,45,784.01,556.53,177.06,282.92,1,-1,-1,-1
400,49,751.97,564.11,118.22,268.39,1,-1,-1,-1
400,51,1182.47,557.21,132.23,279.88,1,-1,-1,-1
400,52,953.06,535.87,141.46,298.50,1,-1,-1,-1
400,54,1001.99,530.55,226.52,311.13,1,-1,-1,-1
400,55,1262.09,574.14,162.07,256.57,1,-1,-1,-1
400,56,1125.53,569.73,112.69,262.87,1,-1,-1,-1
400,58,1239.41,471.59,292.69,374.20,1,-1,-1,-1
401,15,1184.54,549.25,133.27,285.05,1,-1,-1,-1
401,29,737.89,559.32,95.48,274.61,1,-1,-1,-1
401,32,385.85,574.16,105.80,257.93,1,-1,-1,-1
401,36,527.24,531.20,124.73,306.57,1,-1,-1,-1
401,37,730.67,562.01,135.55,273.49,1,-1,-1,-1
401,41,1294.94,469.27,241.32,372.96,1,-1,-1,-1
401,42,307.61,543.11,128.09,297.62,1,-1,-1,-1
401,43,572.68,562.98,95.71,260.16,1,-1,-1,-1
401,45,784.01,556.53,177.06,282.92,1,-1,-1,-1
401,49,751.97,564.11,118.22,268.39,1,-1,-1,-1
401,51,1182.47,557.21,132.23,279.88,1,-1,-1,-1
401,52,954.71,546.74,133.61,286.83,1,-1,-1,-1
401,54,999.15,532.33,229.04,308.33,1,-1,-1,-1
401,55,1245.93,560.36,181.42,278.42,1,-1,-1,-1
401,56,1124.10,572.97,118.60,259.78,1,-1,-1,-1
401,58,1240.97,503.51,287.27,340.20,1,-1,-1,-1
402,15,1195.59,548.44,141.43,285.85,1,-1,-1,-1
402,29,737.89,559.32,95.48,274.61,1,-1,-1,-1
402,32,379.46,575.05,115.79,257.39,1,-1,-1,-1
402,36,524.49,542.05,128.11,295.50,1,-1,-1,-1
402,37,729.23,567.55,129.95,267.52,1,-1,-1,-1
402,41,1294.94,469.27,241.32,372.96,1,-1,-1,-1
402,42,297.57,557.41,150.27,283.08,1,-1,-1,-1
402,43,566.61,568.66,102.26,257.56,1,-1,-1,-1
402,45,784.01,556.53,177.06,282.92,1,-1,-1,-1
402,49,751.97,564.11,118.22,268.39,1,-1,-1,-1
402,51,1182.47,557.21,132.23,279.88,1,-1,-1,-1
402,52,956.79,550.95,118.17,282.28,1,-1,-1,-1
402,54,996.42,518.79,234.70,321.69,1,-1,-1,-1
402,55,1245.93,560.36,181.42,278.42,1,-1,-1,-1
402,56,1111.35,576.48,129.29,253.62,1,-1,-1,-1
402,58,1239.70,507.86,287.59,333.24,1,-1,-1,-1
403,15,1199.20,552.27,136.18,282.49,1,-1,-1,-1
403,29,737.89,559.32,95.48,274.61,1,-1,-1,-1
403,32,379.83,578.61,118.74,253.78,1,-1,-1,-1
403,36,512.77,550.71,133.88,287.04,1,-1,-1,-1
403,37,727.15,575.41,132.00,258.99,1,-1,-1,-1
403,41,1294.94,469.27,241.32,372.96,1,-1,-1,-1
403,42,293.07,580.86,176.86,258.92,1,-1,-1,-1
403,43,564.41,574.55,105.15,254.98,1,-1,-1,-1
403,45,784.01,556.53,177.06,282.92,1,-1,-1,-1
403,49,751.97,564.11,118.22,268.39,1,-1,-1,-1
403,51,1182.47,557.21,132.23,279.88,1,-1,-1,-1
403,52,958.90,559.46,128.22,273.95,1,-1,-1,-1
403,54,993.59,503.88,235.66,333.78,1,-1,-1,-1
403,55,1304.47,521.35,207.54,314.57,1,-1,-1,-1
403,56,1089.18,581.35,146.30,248.99,1,-1,-1,-1
403,58,1242.27,502.46,282.13,338.02,1,-1,-1,-1
404,15,1202.45,554.74,149.32,275.79,1,-1,-1,-1
404,29,737.89,559.32,95.48,274.61,1,-1,-1,-1
404,32,371.49,583.75,128.86,249.13,1,-1,-1,-1
404,36,505.34,563.07,156.97,274.33,1,-1,-1,-1
404,37,725.29,584.64,135.32,248.50,1,-1,-1,-1
404,41,1294.94,469.27,241.32,372.96,1,-1,-1,-1
404,42,290.50,601.07,190.59,239.73,1,-1,-1,-1
404,43,541.37,580.73,128.97,250.66,1,-1,-1,-1
404,45,784.01,556.53,177.06,282.92,1,-1,-1,-1
404,49,751.97,564.11,118.22,268.39,1,-1,-1,-1
404,51,1182.47,557.21,132.23,279.88,1,-1,-1,-1
404,52,954.61,573.51,136.24,261.92,1,-1,-1,-1
404,54,989.09,488.22,247.69,348.03,1,-1,-1,-1
404,55,1211.10,548.33,195.46,287.57,1,-1,-1,-1
404,56,1089.18,581.35,146.30,248.99,1,-1,-1,-1
404,58,1234.42,492.62,292.45,345.76,1,-1,-1,-1
405,15,1198.49,559.88,157.47,269.54,1,-1,-1,-1
405,29,737.89,559.32,95.48,274.61,1,-1,-1,-1
405,32,367.27,592.66,132.23,239.57,1,-1,-1,-1
405,36,499.95,583.95,168.86,252.94,1,-1,-1,-1
405,37,719.30,599.18,143.15,233.59,1,-1,-1,-1
405,41,1294.94,469.27,241.32,372.96,1,-1,-1,-1
405,42,281.99,620.41,190.56,220.69,1,-1,-1,-1
405,43,541.37,580.73,128.97,250.66,1,-1,-1,-1
405,45,784.01,556.53,177.06,282.92,1,-1,-1,-1
405,49,751.97,564.11,118.22,268.39,1,-1,-1,-1
405,51,1182.47,557.21,132.23,279.88,1,-1,-1,-1
405,52,947.70,585.28,143.03,249.30,1,-1,-1,-1
405,54,991.57,473.30,222.60,356.27,1,-1,-1,-1
405,55,1197.91,526.19,215.67,309.97,1,-1,-1,-1
405,56,1046.55,511.73,190.24,299.80,1,-1,-1,-1
405,58,1234.42,492.62,292.45,345.76,1,-1,-1,-1
406,15,1198.49,559.88,157.47,269.54,1,-1,-1,-1
406,29,737.89,559.32,95.48,274.61,1,-1,-1,-1
406,32,356.78,605.29,143.42,228.02,1,-1,-1,-1
406,36,499.95,583.95,168.86,252.94,1,-1,-1,-1
406,37,711.95,608.50,149.91,225.35,1,-1,-1,-1
406,41,1294.94,469.27,241.32,372.96,1,-1,-1,-1
406,42,275.50,632.63,188.32,208.54,1,-1,-1,-1
406,43,503.97,602.58,166.64,233.24,1,-1,-1,-1
406,45,784.01,556.53,177.06,282.92,1,-1,-1,-1
406,49,751.97,564.11,118.22,268.39,1,-1,-1,-1
406,51,1182.47,557.21,132.23,279.88,1,-1,-1,-1
406,52,946.76,602.52,142.17,227.84,1,-1,-1,-1
406,54,996.91,465.96,174.67,363.04,1,-1,-1,-1
406,55,1193.49,473.35,222.28,355.34,1,-1,-1,-1
406,56,1067.83,602.52,182.15,223.32,1,-1,-1,-1
406,58,1221.95,454.03,269.36,379.10,1,-1,-1,-1
407,15,1177.20,592.11,158.26,235.59,1,-1,-1,-1
407,29,737.89,559.32,95.48,274.61,1,-1,-1,-1
407,32,347.65,647.20,153.66,187.67,1,-1,-1,-1
407,36,499.95,583.95,168.86,252.94,1,-1,-1,-1
407,37,706.73,626.29,157.04,207.88,1,-1,-1,-1
407,41,1294.94,469.27,241.32,372.96,1,-1,-1,-1
407,42,265.75,630.58,202.82,209.62,1,-1,-1,-1
407,43,507.63,622.79,162.06,213.55,1,-1,-1,-1
407,45,784.01,556.53,177.06,282.92,1,-1,-1,-1
407,49,751.97,564.11,118.22,268.39,1,-1,-1,-1
407,51,1182.47,557.21,132.23,279.88,1,-1,-1,-1
407,52,954.98,619.90,124.00,210.75,1,-1,-1,-1
407,54,986.42,458.14,155.57,374.96,1,-1,-1,-1
407,55,1221.39,445.19,188.92,384.73,1,-1,-1,-1
407,56,1094.25,637.06,167.48,190.51,1,-1,-1,-1
407,58,1290.54,579.11,199.20,248.92,1,-1,-1,-1
408,15,1177.20,592.11,158.26,235.59,1,-1,-1,-1
408,29,737.89,559.32,95.48,274.61,1,-1,-1,-1
408,32,344.52,676.73,161.67,162.35,1,-1,-1,-1
408,36,499.95,583.95,168.86,252.94,1,-1,-1,-1
408,37,707.14,624.36,160.27,210.49,1,-1,-1,-1
408,41,1294.94,469.27,241.32,372.96,1,-1,-1,-1
408,42,263.66,621.35,213.72,218.80,1,-1,-1,-1
408,43,512.19,616.30,156.24,219.67,1,-1,-1,-1
408,45,784.01,556.53,177.06,282.92,1,-1,-1,-1
408,49,751.97,564.11,118.22,268.39,1,-1,-1,-1
408,51,1182.47,557.21,132.23,279.88,1,-1,-1,-1
408,52,956.88,626.92,121.17,205.96,1,-1,-1,-1
408,54,982.52,459.67,154.24,374.05,1,-1,-1,-1
408,55,1210.54,446.27,195.27,389.09,1,-1,-1,-1
408,56,1105.81,647.96,159.52,179.16,1,-1,-1,-1
408,58,1290.54,579.11,199.20,248.92,1,-1,-1,-1
409,15,1177.20,592.11,158.26,235.59,1,-1,-1,-1
409,29,737.89,559.32,95.48,274.61,1,-1,-1,-1
409,32,352.41,676.93,156.42,162.38,1,-1,-1,-1
409,36,499.95,583.95,168.86,252.94,1,-1,-1,-1
409,37,710.42,616.10,160.64,218.64,1,-1,-1,-1
409,41,1294.94,469.27,241.32,372.96,1,-1,-1,-1
409,42,266.37,597.68,211.42,244.81,1,-1,-1,-1
409,43,517.20,601.40,152.31,237.44,1,-1,-1,-1
409,45,784.01,556.53,177.06,282.92,1,-1,-1,-1
409,49,751.97,564.11,118.22,268.39,1,-1,-1,-1
409,51,1182.47,557.21,132.23,279.88,1,-1,-1,-1
409,52,958.42,632.63,123.12,200.70,1,-1,-1,-1
409,54,978.12,459.53,158.75,373.56,1,-1,-1,-1
409,55,1218.49,440.92,165.98,395.54,1,-1,-1,-1
409,56,1105.81,647.96,159.52,179.16,1,-1,-1,-1
409,57,977.62,630.02,118.57,202.89,1,-1,-1,-1
409,58,1316.59,597.39,178.40,231.23,1,-1,-1,-1
410,15,1177.20,592.11,158.26,235.59,1,-1,-1,-1
410,29,737.89,559.32,95.48,274.61,1,-1,-1,-1
410,32,353.18,667.18,163.04,171.43,1,-1,-1,-1
410,36,499.95,583.95,168.86,252.94,1,-1,-1,-1
410,37,717.16,601.19,154.21,234.43,1,-1,-1,-1
410,41,1294.94,469.27,241.32,372.96,1,-1,-1,-1
410,42,271.65,567.08,214.14,269.87,1,-1,-1,-1
410,43,519.36,591.74,150.41,248.47,1,-1,-1,-1
410,49,751.97,564.11,118.22,268.39,1,-1,-1,-1
410,51,1182.47,557.21,132.23,279.88,1,-1,-1,-1
410,52,958.42,632.63,123.12,200.70,1,-1,-1,-1
410,54,966.67,456.39,168.98,378.43,1,-1,-1,-1
410,55,1209.53,435.82,166.93,401.97,1,-1,-1,-1
410,56,1116.77,659.04,160.88,167.91,1,-1,-1,-1
410,57,977.62,630.02,118.57,202.89,1,-1,-1,-1
410,58,1353.12,589.61,142.06,236.35,1,-1,-1,-1
411,15,1177.20,592.11,158.26,235.59,1,-1,-1,-1
411,29,737.89,559.32,95.48,274.61,1,-1,-1,-1
411,32,361.02,640.50,149.32,192.95,1,-1,-1,-1
411,36,543.72,584.44,130.65,242.46,1,-1,-1,-1
411,37,727.03,586.83,145.15,245.78,1,-1,-1,-1
411,41,1294.94,469.27,241.32,372.96,1,-1,-1,-1
411,42,269.52,540.44,166.35,295.59,1,-1,-1,-1
411,43,521.64,586.97,145.60,249.97,1,-1,-1,-1
411,49,751.97,564.11,118.22,268.39,1,-1,-1,-1
411,51,1182.47,557.21,132.23,279.88,1,-1,-1,-1
411,52,958.42,632.63,123.12,200.70,1,-1,-1,-1
411,54,967.08,455.23,172.64,379.64,1,-1,-1,-1
411,55,1212.20,426.78,156.71,412.08,1,-1,-1,-1
411,56,1116.77,659.04,160.88,167.91,1,-1,-1,-1
411,57,977.62,630.02,118.57,202.89,1,-1,-1,-1
411,58,1370.99,577.86,125.22,247.78,1,-1,-1,-1
412,15,1275.36,568.66,116.24,255.77,1,-1,-1,-1
412,29,737.94,565.74,88.86,261.22,1,-1,-1,-1
412,32,387.55,609.83,123.02,221.09,1,-1,-1,-1
412,36,571.83,562.52,105.99,262.90,1,-1,-1,-1
412,37,756.25,573.73,110.94,254.34,1,-1,-1,-1
412,41,1294.94,469.27,241.32,372.96,1,-1,-1,-1
412,42,286.51,503.62,130.83,328.37,1,-1,-1,-1
412,43,508.70,578.17,147.06,255.62,1,-1,-1,-1
412,49,737.16,566.04,106.78,263.25,1,-1,-1,-1
412,51,1182.47,557.21,132.23,279.88,1,-1,-1,-1
412,52,958.42,632.63,123.12,200.70,1,-1,-1,-1
412,54,965.92,430.09,166.03,397.33,1,-1,-1,-1
412,55,1179.69,406.47,186.32,430.49,1,-1,-1,-1
412,56,1137.16,628.22,124.57,193.43,1,-1,-1,-1
412,57,977.62,630.02,118.57,202.89,1,-1,-1,-1
412,58,1380.37,548.25,121.01,275.06,1,-1,-1,-1
413,15,1284.59,559.29,116.50,261.12,1,-1,-1,-1
413,29,737.94,565.74,88.86,261.22,1,-1,-1,-1
413,32,381.50,594.53,124.76,235.87,1,-1,-1,-1
413,36,569.30,555.50,110.12,272.10,1,-1,-1,-1
413,37,760.25,562.09,103.14,264.19,1,-1,-1,-1
413,41,1294.94,469.27,241.32,372.96,1,-1,-1,-1
413,42,272.51,490.76,137.88,341.79,1,-1,-1,-1
413,43,501.89,567.09,150.92,263.58,1,-1,-1,-1
413,49,731.29,554.53,113.10,276.21,1,-1,-1,-1
413,51,1182.47,557.21,132.23,279.88,1,-1,-1,-1
413,52,931.65,417.89,200.92,408.59,1,-1,-1,-1
413,54,951.85,398.58,182.56,428.42,1,-1,-1,-1
413,55,1190.90,379.00,176.47,450.79,1,-1,-1,-1
413,56,1133.28,612.89,114.62,206.71,1,-1,-1,-1
413,57,977.62,630.02,118.57,202.89,1,-1,-1,-1
413,58,1383.78,537.88,136.77,283.72,1,-1,-1,-1
414,15,1280.51,550.51,125.05,269.67,1,-1,-1,-1
414,29,737.94,565.74,88.86,261.22,1,-1,-1,-1
414,32,375.26,584.21,133.22,245.36,1,-1,-1,-1
414,36,573.61,551.58,111.27,277.70,1,-1,-1,-1
414,37,761.99,557.06,101.99,267.19,1,-1,-1,-1
414,41,1294.94,469.27,241.32,372.96,1,-1,-1,-1
414,42,260.66,481.16,150.48,356.95,1,-1,-1,-1
414,43,479.52,554.92,174.40,276.98,1,-1,-1,-1
414,49,723.57,548.70,124.20,284.06,1,-1,-1,-1
414,51,1182.47,557.21,132.23,279.88,1,-1,-1,-1
414,52,963.41,411.00,163.08,416.89,1,-1,-1,-1
414,54,898.79,406.43,231.80,422.74,1,-1,-1,-1
414,55,1177.99,359.44,185.02,468.19,1,-1,-1,-1
414,56,1100.33,597.83,160.74,228.02,1,-1,-1,-1
414,57,904.68,544.93,191.88,283.02,1,-1,-1,-1
414,58,1378.08,531.09,151.61,292.81,1,-1,-1,-1
415,15,1288.90,548.34,125.36,273.37,1,-1,-1,-1
415,29,737.94,565.74,88.86,261.22,1,-1,-1,-1
415,32,376.36,578.42,135.48,250.30,1,-1,-1,-1
415,36,582.19,550.42,110.14,277.50,1,-1,-1,-1
415,37,759.99,555.71,105.29,269.91,1,-1,-1,-1
415,41,1294.94,469.27,241.32,372.96,1,-1,-1,-1
415,42,259.48,479.09,167.65,358.26,1,-1,-1,-1
415,43,463.19,546.63,189.99,286.21,1,-1,-1,-1
415,49,725.66,547.16,126.04,285.75,1,-1,-1,-1
415,51,1182.47,557.21,132.23,279.88,1,-1,-1,-1
415,52,957.97,443.55,170.78,386.63,1,-1,-1,-1
415,54,870.34,438.87,260.10,394.35,1,-1,-1,-1
415,55,1177.62,354.82,178.68,473.12,1,-1,-1,-1
415,56,1084.48,585.92,170.39,238.22,1,-1,-1,-1
415,57,960.93,548.22,166.81,282.25,1,-1,-1,-1
415,58,1374.82,528.98,160.30,295.34,1,-1,-1,-1
416,15,1308.21,547.72,107.31,272.50,1,-1,-1,-1
416,29,737.94,565.74,88.86,261.22,1,-1,-1,-1
416,32,376.39,574.96,134.12,253.12,1,-1,-1,-1
416,36,588.21,549.74,106.08,278.21,1,-1,-1,-1
416,37,753.13,553.83,111.38,270.64,1,-1,-1,-1
416,41,1294.94,469.27,241.32,372.96,1,-1,-1,-1
416,42,260.05,478.96,155.58,357.17,1,-1,-1,-1
416,43,457.40,537.99,193.23,296.01,1,-1,-1,-1
416,49,725.80,546.39,130.19,286.18,1,-1,-1,-1
416,51,1182.47,557.21,132.23,279.88,1,-1,-1,-1
416,52,958.43,471.09,175.63,359.71,1,-1,-1,-1
416,54,862.31,463.04,272.69,371.80,1,-1,-1,-1
416,55,1174.61,371.39,186.37,454.95,1,-1,-1,-1
416,56,1079.57,578.11,188.58,248.02,1,-1,-1,-1
416,57,960.93,548.22,166.81,282.25,1,-1,-1,-1
416,58,1390.77,530.11,146.62,293.19,1,-1,-1,-1
416,59,1082.05,366.12,274.23,466.97,1,-1,-1,-1
417,15,1314.09,549.06,107.80,271.27,1,-1,-1,-1
417,29,737.94,565.74,88.86,261.22,1,-1,-1,-1
417,32,383.56,573.34,124.21,253.36,1,-1,-1,-1
417,36,596.73,546.30,103.08,283.07,1,-1,-1,-1
417,37,753.13,553.83,111.38,270.64,1,-1,-1,-1
417,41,1294.94,469.27,241.32,372.96,1,-1,-1,-1
417,42,268.88,477.82,146.46,356.09,1,-1,-1,-1
417,43,463.11,528.40,198.86,305.72,1,-1,-1,-1
417,49,731.89,546.58,129.12,283.78,1,-1,-1,-1
417,51,1182.47,557.21,132.23,279.88,1,-1,-1,-1
417,52,876.48,479.20,252.20,355.70,1,-1,-1,-1
417,54,866.31,479.40,265.69,357.27,1,-1,-1,-1
417,55,1174.61,371.39,186.37,454.95,1,-1,-1,-1
417,56,1079.57,578.11,188.58,248.02,1,-1,-1,-1
417,57,972.91,515.06,163.26,319.66,1,-1,-1,-1
417,58,1396.42,528.88,145.76,294.78,1,-1,-1,-1
417,59,1086.14,411.77,297.54,428.06,1,-1,-1,-1
417,60,1196.60,544.11,182.07,288.61,1,-1,-1,-1
418,15,1320.00,546.14,109.29,274.97,1,-1,-1,-1
418,29,737.94,565.74,88.86,261.22,1,-1,-1,-1
418,32,387.39,574.91,121.29,252.09,1,-1,-1,-1
418,36,602.07,548.78,101.80,279.13,1,-1,-1,-1
418,37,753.13,553.83,111.38,270.64,1,-1,-1,-1
418,41,1294.94,469.27,241.32,372.96,1,-1,-1,-1
418,42,273.15,475.71,146.55,356.70,1,-1,-1,-1
418,43,466.39,524.91,194.48,308.48,1,-1,-1,-1
418,49,733.10,545.05,140.02,286.85,1,-1,-1,-1
418,51,1182.47,557.21,132.23,279.88,1,-1,-1,-1
418,52,867.77,483.43,260.83,352.23,1,-1,-1,-1
418,54,865.62,485.41,269.23,352.28,1,-1,-1,-1
418,55,1174.61,371.39,186.37,454.95,1,-1,-1,-1
418,56,1079.57,578.11,188.58,248.02,1,-1,-1,-1
418,57,975.10,526.81,167.81,307.57,1,-1,-1,-1
418,58,1398.36,525.95,146.79,297.49,1,-1,-1,-1
418,59,1089.95,426.34,298.94,414.31,1,-1,-1,-1
418,60,1196.60,544.11,182.07,288.61,1,-1,-1,-1
419,15,1325.06,545.35,105.61,276.47,1,-1,-1,-1
419,29,737.94,565.74,88.86,261.22,1,-1,-1,-1
419,32,389.63,574.52,120.90,255.36,1,-1,-1,-1
419,36,603.73,548.88,103.40,279.62,1,-1,-1,-1
419,37,753.13,553.83,111.38,270.64,1,-1,-1,-1
419,41,1294.94,469.27,241.32,372.96,1,-1,-1,-1
419,42,275.47,474.24,147.05,358.91,1,-1,-1,-1
419,43,468.02,521.15,193.26,312.80,1,-1,-1,-1
419,49,735.08,544.51,137.37,286.31,1,-1,-1,-1
419,51,1182.47,557.21,132.23,279.88,1,-1,-1,-1
419,52,868.50,483.37,267.64,353.31,1,-1,-1,-1
419,54,867.87,482.57,269.76,352.39,1,-1,-1,-1
419,55,1195.71,465.36,193.98,362.33,1,-1,-1,-1
419,56,1079.57,578.11,188.58,248.02,1,-1,-1,-1
419,57,983.06,527.17,161.78,304.79,1,-1,-1,-1
419,58,1405.15,527.14,141.13,296.35,1,-1,-1,-1
419,59,1090.14,440.74,286.83,401.35,1,-1,-1,-1
419,60,1196.60,544.11,182.07,288.61,1,-1,-1,-1
420,15,1321.87,547.56,109.81,273.09,1,-1,-1,-1
420,29,737.94,565.74,88.86,261.22,1,-1,-1,-1
420,32,387.02,573.29,127.18,257.87,1,-1,-1,-1
420,36,607.65,549.68,103.38,277.86,1,-1,-1,-1
420,37,753.13,553.83,111.38,270.64,1,-1,-1,-1
420,41,1294.94,469.27,241.32,372.96,1,-1,-1,-1
420,42,280.80,475.30,145.91,356.50,1,-1,-1,-1
420,43,474.31,518.91,183.57,313.59,1,-1,-1,-1
420,49,739.48,544.27,146.53,285.60,1,-1,-1,-1
420,51,1182.47,557.21,132.23,279.88,1,-1,-1,-1
420,52,878.10,481.23,252.42,350.75,1,-1,-1,-1
420,54,877.25,481.46,256.75,352.70,1,-1,-1,-1
420,55,1210.79,485.49,180.42,345.03,1,-1,-1,-1
420,56,1079.57,578.11,188.58,248.02,1,-1,-1,-1
420,57,987.24,526.49,158.85,305.51,1,-1,-1,-1
420,58,1412.41,525.32,138.38,299.54,1,-1,-1,-1
420,59,1095.60,444.97,272.37,399.14,1,-1,-1,-1
420,60,1196.60,544.11,182.07,288.61,1,-1,-1,-1
421,15,1309.40,545.54,127.40,274.53,1,-1,-1,-1
421,29,737.94,565.74,88.86,261.22,1,-1,-1,-1
421,32,385.07,571.68,132.79,256.23,1,-1,-1,-1
421,36,614.52,548.02,102.37,278.08,1,-1,-1,-1
421,37,753.13,553.83,111.38,270.64,1,-1,-1,-1
421,41,1294.94,469.27,241.32,372.96,1,-1,-1,-1
421,42,279.37,476.67,154.84,354.30,1,-1,-1,-1
421,43,479.53,519.22,171.82,313.49,1,-1,-1,-1
421,49,745.64,544.04,144.70,285.46,1,-1,-1,-1
421,51,1182.47,557.21,132.23,279.88,1,-1,-1,-1
421,52,890.03,480.55,241.19,350.92,1,-1,-1,-1
421,54,886.86,478.96,249.90,354.23,1,-1,-1,-1
421,55,1195.16,481.49,193.96,348.98,1,-1,-1,-1
421,56,1187.01,535.18,187.81,300.59,1,-1,-1,-1
421,57,992.08,531.09,160.71,299.21,1,-1,-1,-1
421,58,1415.03,524.83,141.86,300.30,1,-1,-1,-1
421,59,1097.51,445.70,280.46,396.81,1,-1,-1,-1
421,60,1196.60,544.11,182.07,288.61,1,-1,-1,-1
422,15,1334.39,553.08,113.29,268.06,1,-1,-1,-1
422,29,737.94,565.74,88.86,261.22,1,-1,-1,-1
422,32,389.15,570.15,120.39,256.83,1,-1,-1,-1
422,36,614.48,548.87,108.03,276.77,1,-1,-1,-1
422,37,753.13,553.83,111.38,270.64,1,-1,-1,-1
422,41,1294.94,469.27,241.32,372.96,1,-1,-1,-1
422,42,289.60,480.67,152.08,350.49,1,-1,-1,-1
422,43,488.49,521.90,163.34,309.22,1,-1,-1,-1
422,49,751.44,543.62,142.66,285.33,1,-1,-1,-1
422,51,1182.47,557.21,132.23,279.88,1,-1,-1,-1
422,52,890.03,480.55,241.19,350.92,1,-1,-1,-1
422,54,907.48,481.42,226.70,348.80,1,-1,-1,-1
422,55,1213.37,472.28,173.61,355.21,1,-1,-1,-1
422,56,1233.95,544.27,155.88,288.03,1,-1,-1,-1
422,57,990.14,528.09,167.07,304.45,1,-1,-1,-1
422,58,1422.32,528.89,128.23,294.75,1,-1,-1,-1
422,59,1103.89,446.55,274.84,396.66,1,-1,-1,-1
422,60,1196.60,544.11,182.07,288.61,1,-1,-1,-1
423,15,1332.15,554.47,121.69,267.13,1,-1,-1,-1
423,29,737.94,565.74,88.86,261.22,1,-1,-1,-1
423,32,388.94,571.47,116.91,255.07,1,-1,-1,-1
423,36,620.38,549.88,104.58,276.56,1,-1,-1,-1
423,37,753.13,553.83,111.38,270.64,1,-1,-1,-1
423,42,294.03,480.56,155.02,350.67,1,-1,-1,-1
423,43,492.33,527.77,162.68,301.92,1,-1,-1,-1
423,49,754.36,545.33,143.09,283.27,1,-1,-1,-1
423,51,1182.47,557.21,132.23,279.88,1,-1,-1,-1
423,52,890.03,480.55,241.19,350.92,1,-1,-1,-1
423,54,909.41,478.98,226.83,349.44,1,-1,-1,-1
423,55,1252.55,541.35,144.90,286.56,1,-1,-1,-1
423,56,1264.12,554.58,152.59,271.24,1,-1,-1,-1
423,57,1007.63,529.98,153.13,301.07,1,-1,-1,-1
423,58,1428.03,528.06,124.77,295.47,1,-1,-1,-1
423,59,1105.02,448.95,280.20,392.72,1,-1,-1,-1
423,60,1196.60,544.11,182.07,288.61,1,-1,-1,-1
424,15,1332.32,546.29,132.58,273.83,1,-1,-1,-1
424,29,737.94,565.74,88.86,261.22,1,-1,-1,-1
424,32,389.23,574.44,120.75,252.65,1,-1,-1,-1
424,36,621.79,549.67,106.13,276.09,1,-1,-1,-1
424,37,753.13,553.83,111.38,270.64,1,-1,-1,-1
424,42,296.50,481.57,155.55,349.27,1,-1,-1,-1
424,43,501.02,530.20,151.45,297.58,1,-1,-1,-1
424,49,755.66,546.72,141.25,281.48,1,-1,-1,-1
424,51,1182.47,557.21,132.23,279.88,1,-1,-1,-1
424,52,890.03,480.55,241.19,350.92,1,-1,-1,-1
424,54,911.28,475.36,239.47,355.27,1,-1,-1,-1
424,55,1252.55,541.35,144.90,286.56,1,-1,-1,-1
424,56,1273.71,545.71,142.34,279.85,1,-1,-1,-1
424,57,1016.14,533.74,145.46,291.19,1,-1,-1,-1
424,58,1424.76,529.31,131.48,294.85,1,-1,-1,-1
424,59,1115.33,449.35,250.18,389.03,1,-1,-1,-1
424,60,1196.60,544.11,182.07,288.61,1,-1,-1,-1
425,15,1316.98,546.84,140.36,275.74,1,-1,-1,-1
425,29,737.94,565.74,88.86,261.22,1,-1,-1,-1
425,32,388.91,576.38,127.82,251.78,1,-1,-1,-1
425,36,623.21,552.63,112.83,271.39,1,-1,-1,-1
425,37,753.13,553.83,111.38,270.64,1,-1,-1,-1
425,42,308.43,483.32,144.42,345.80,1,-1,-1,-1
425,43,508.85,534.81,147.59,294.14,1,-1,-1,-1
425,49,751.58,545.61,145.93,282.19,1,-1,-1,-1
425,52,972.82,544.75,171.20,285.21,1,-1,-1,-1
425,54,914.24,475.51,213.53,355.43,1,-1,-1,-1
425,55,1252.55,541.35,144.90,286.56,1,-1,-1,-1
425,56,1273.71,545.71,142.34,279.85,1,-1,-1,-1
425,57,1038.10,538.37,135.43,286.82,1,-1,-1,-1
425,58,1413.83,532.93,153.10,291.90,1,-1,-1,-1
425,59,1117.45,441.56,241.50,397.82,1,-1,-1,-1
425,60,1196.60,544.11,182.07,288.61,1,-1,-1,-1
426,15,1307.77,545.01,169.07,278.73,1,-1,-1,-1
426,29,737.94,565.74,88.86,261.22,1,-1,-1,-1
426,32,383.84,577.12,142.54,250.38,1,-1,-1,-1
426,36,622.23,558.29,119.12,264.07,1,-1,-1,-1
426,37,753.13,553.83,111.38,270.64,1,-1,-1,-1
426,42,318.02,485.14,135.39,344.83,1,-1,-1,-1
426,43,510.81,536.15,151.89,291.13,1,-1,-1,-1
426,49,746.95,545.42,150.11,282.24,1,-1,-1,-1
426,52,985.65,580.16,182.92,246.99,1,-1,-1,-1
426,54,914.36,477.49,198.69,354.61,1,-1,-1,-1
426,55,1166.94,554.50,179.38,279.36,1,-1,-1,-1
426,56,1284.35,541.70,173.85,283.17,1,-1,-1,-1
426,57,1048.50,564.43,137.69,265.76,1,-1,-1,-1
426,58,1419.55,536.72,161.60,287.88,1,-1,-1,-1
426,59,1095.17,446.08,249.82,391.12,1,-1,-1,-1
426,60,1196.60,544.11,182.07,288.61,1,-1,-1,-1
427,15,1312.94,529.95,164.78,292.00,1,-1,-1,-1
427,29,737.94,565.74,88.86,261.22,1,-1,-1,-1
427,32,390.55,574.13,153.92,251.06,1,-1,-1,-1
427,36,625.24,561.73,125.38,259.28,1,-1,-1,-1
427,37,753.13,553.83,111.38,270.64,1,-1,-1,-1
427,42,321.37,488.45,124.80,339.58,1,-1,-1,-1
427,43,505.46,530.46,166.16,295.00,1,-1,-1,-1
427,49,731.55,545.53,163.79,283.61,1,-1,-1,-1
427,52,1013.09,573.43,179.89,256.73,1,-1,-1,-1
427,54,912.66,479.76,170.49,354.86,1,-1,-1,-1
427,55,1166.94,554.50,179.38,279.36,1,-1,-1,-1
427,56,1284.35,541.70,173.85,283.17,1,-1,-1,-1
427,57,1048.50,564.43,137.69,265.76,1,-1,-1,-1
427,58,1446.36,537.91,142.84,284.30,1,-1,-1,-1
427,59,1070.58,451.68,260.09,384.90,1,-1,-1,-1
427,60,1196.60,544.11,182.07,288.61,1,-1,-1,-1
428,15,1312.94,529.95,164.78,292.00,1,-1,-1,-1
428,29,737.94,565.74,88.86,261.22,1,-1,-1,-1
428,32,392.00,574.07,160.56,251.35,1,-1,-1,-1
428,36,619.08,562.31,142.30,260.28,1,-1,-1,-1
428,37,753.13,553.83,111.38,270.64,1,-1,-1,-1
428,42,318.19,489.67,121.25,339.46,1,-1,-1,-1
428,43,493.65,519.62,177.28,307.09,1,-1,-1,-1
428,49,724.26,542.16,173.55,287.34,1,-1,-1,-1
428,52,990.54,578.40,190.78,253.30,1,-1,-1,-1
428,54,909.76,480.16,167.52,356.27,1,-1,-1,-1
428,55,1166.94,554.50,179.38,279.36,1,-1,-1,-1
428,56,1317.15,524.61,172.67,299.49,1,-1,-1,-1
428,57,1048.50,564.43,137.69,265.76,1,-1,-1,-1
428,58,1453.12,536.60,139.29,285.61,1,-1,-1,-1
428,59,1044.35,453.74,281.29,383.04,1,-1,-1,-1
428,60,1196.60,544.11,182.07,288.61,1,-1,-1,-1
429,15,1316.87,516.53,196.93,305.01,1,-1,-1,-1
429,29,737.94,565.74,88.86,261.22,1,-1,-1,-1
429,32,395.27,571.70,153.27,253.17,1,-1,-1,-1
429,36,618.13,560.67,158.60,260.77,1,-1,-1,-1
429,37,753.13,553.83,111.38,270.64,1,-1,-1,-1
429,42,313.21,492.40,129.82,341.58,1,-1,-1,-1
429,43,496.77,515.11,171.31,308.99,1,-1,-1,-1
429,49,715.27,541.44,188.70,287.02,1,-1,-1,-1
429,52,984.89,564.54,206.82,265.54,1,-1,-1,-1
429,54,906.58,480.45,170.19,353.53,1,-1,-1,-1
429,55,1166.94,554.50,179.38,279.36,1,-1,-1,-1
429,56,1323.14,520.60,246.61,302.21,1,-1,-1,-1
429,57,1048.50,564.43,137.69,265.76,1,-1,-1,-1
429,58,1454.61,533.90,133.06,281.71,1,-1,-1,-1
429,59,1038.20,453.84,288.00,380.38,1,-1,-1,-1
429,60,1196.60,544.11,182.07,288.61,1,-1,-1,-1
430,15,1323.12,505.64,197.24,316.87,1,-1,-1,-1
430,29,737.94,565.74,88.86,261.22,1,-1,-1,-1
430,32,398.22,572.46,155.84,253.40,1,-1,-1,-1
430,36,623.67,558.20,153.50,266.50,1,-1,-1,-1
430,37,753.13,553.83,111.38,270.64,1,-1,-1,-1
430,42,301.60,493.31,151.71,338.70,1,-1,-1,-1
430,43,495.83,508.49,171.56,318.77,1,-1,-1,-1
430,49,712.48,538.43,196.94,289.86,1,-1,-1,-1
430,52,1004.72,573.31,207.92,258.89,1,-1,-1,-1
430,54,906.53,478.25,169.51,354.01,1,-1,-1,-1
430,55,1166.08,567.50,165.24,253.61,1,-1,-1,-1
430,56,1328.82,509.31,247.82,313.87,1,-1,-1,-1
430,57,1048.50,564.43,137.69,265.76,1,-1,-1,-1
430,58,1462.39,530.89,124.45,289.34,1,-1,-1,-1
430,59,1038.05,449.01,277.26,379.45,1,-1,-1,-1
430,60,1196.60,544.11,182.07,288.61,1,-1,-1,-1
431,15,1323.12,505.64,197.24,316.87,1,-1,-1,-1
431,29,737.94,565.74,88.86,261.22,1,-1,-1,-1
431,32,394.18,573.66,160.65,252.64,1,-1,-1,-1
431,36,629.98,560.90,152.07,266.03,1,-1,-1,-1
431,37,753.13,553.83,111.38,270.64,1,-1,-1,-1
431,42,290.93,491.79,173.94,339.36,1,-1,-1,-1
431,43,490.11,504.99,176.14,321.83,1,-1,-1,-1
431,49,714.55,537.63,188.80,289.46,1,-1,-1,-1
431,52,1019.07,576.91,189.33,254.64,1,-1,-1,-1
431,54,906.23,472.89,170.09,358.18,1,-1,-1,-1
431,55,1185.61,566.88,157.04,253.70,1,-1,-1,-1
431,56,1342.63,498.42,231.14,326.11,1,-1,-1,-1
431,57,1048.50,564.43,137.69,265.76,1,-1,-1,-1
431,58,1456.60,525.71,134.37,296.48,1,-1,-1,-1
431,59,1036.53,434.86,289.55,395.72,1,-1,-1,-1
431,60,1196.60,544.11,182.07,288.61,1,-1,-1,-1
432,15,1339.81,497.24,215.55,329.32,1,-1,-1,-1
432,29,737.94,565.74,88.86,261.22,1,-1,-1,-1
432,32,405.87,572.86,138.68,256.04,1,-1,-1,-1
432,36,667.18,533.22,161.03,291.67,1,-1,-1,-1
432,37,753.13,553.83,111.38,270.64,1,-1,-1,-1
432,42,282.05,486.36,183.09,348.89,1,-1,-1,-1
432,43,495.64,499.81,181.29,327.62,1,-1,-1,-1
432,49,684.08,524.02,199.21,304.78,1,-1,-1,-1
432,52,1048.21,548.32,156.64,283.55,1,-1,-1,-1
432,54,907.20,455.24,166.42,376.56,1,-1,-1,-1
432,55,1215.71,555.08,141.47,266.61,1,-1,-1,-1
432,56,1342.63,498.42,231.14,326.11,1,-1,-1,-1
432,57,1119.16,548.01,179.19,278.70,1,-1,-1,-1
432,58,1482.64,491.57,124.88,336.09,1,-1,-1,-1
432,59,1047.41,400.80,236.95,427.06,1,-1,-1,-1
432,60,1196.60,544.11,182.07,288.61,1,-1,-1,-1
433,15,1349.14,496.17,221.00,330.93,1,-1,-1,-1
433,29,737.94,565.74,88.86,261.22,1,-1,-1,-1
433,32,397.82,569.31,144.45,255.84,1,-1,-1,-1
433,36,667.18,533.22,161.03,291.67,1,-1,-1,-1
433,37,753.13,553.83,111.38,270.64,1,-1,-1,-1
433,42,280.91,479.64,174.69,352.35,1,-1,-1,-1
433,43,481.77,499.18,212.41,328.84,1,-1,-1,-1
433,49,691.05,509.06,182.75,318.70,1,-1,-1,-1
433,52,1048.21,548.32,156.64,283.55,1,-1,-1,-1
433,54,908.14,448.09,170.91,381.97,1,-1,-1,-1
433,55,1215.71,555.08,141.47,266.61,1,-1,-1,-1
433,56,1342.63,498.42,231.14,326.11,1,-1,-1,-1
433,57,1127.25,531.13,209.75,294.66,1,-1,-1,-1
433,58,1495.09,482.58,123.55,333.97,1,-1,-1,-1
433,59,1040.94,375.06,234.86,451.06,1,-1,-1,-1
433,60,1196.60,544.11,182.07,288.61,1,-1,-1,-1
434,15,1351.94,494.50,229.82,334.37,1,-1,-1,-1
434,29,737.94,565.74,88.86,261.22,1,-1,-1,-1
434,32,394.89,569.62,144.60,256.11,1,-1,-1,-1
434,36,667.18,533.22,161.03,291.67,1,-1,-1,-1
434,37,753.13,553.83,111.38,270.64,1,-1,-1,-1
434,42,282.25,472.53,161.69,357.76,1,-1,-1,-1
434,43,487.25,498.77,208.28,325.97,1,-1,-1,-1
434,49,695.15,500.57,175.70,325.62,1,-1,-1,-1
434,52,1135.54,520.26,189.20,305.09,1,-1,-1,-1
434,54,904.74,436.89,160.27,388.31,1,-1,-1,-1
434,55,1223.76,534.91,140.37,285.16,1,-1,-1,-1
434,56,1349.15,504.26,201.29,319.14,1,-1,-1,-1
434,57,1145.42,524.00,205.43,299.12,1,-1,-1,-1
434,58,1489.19,481.81,146.81,337.03,1,-1,-1,-1
434,59,1037.09,363.60,231.76,462.70,1,-1,-1,-1
434,60,1196.60,544.11,182.07,288.61,1,-1,-1,-1
435,15,1368.12,479.22,268.21,352.05,1,-1,-1,-1
435,29,737.94,565.74,88.86,261.22,1,-1,-1,-1
435,32,402.34,566.87,136.37,258.18,1,-1,-1,-1
435,36,667.18,533.22,161.03,291.67,1,-1,-1,-1
435,37,753.13,553.83,111.38,270.64,1,-1,-1,-1
435,42,284.14,451.84,147.48,381.74,1,-1,-1,-1
435,43,481.36,493.51,199.69,332.76,1,-1,-1,-1
435,49,691.00,493.78,180.97,335.12,1,-1,-1,-1
435,52,1135.54,520.26,189.20,305.09,1,-1,-1,-1
435,54,897.73,429.71,171.88,393.67,1,-1,-1,-1
435,55,1235.18,533.15,134.45,287.77,1,-1,-1,-1
435,56,1361.97,495.11,196.44,331.87,1,-1,-1,-1
435,57,1140.70,515.27,176.09,308.62,1,-1,-1,-1
435,58,1495.83,483.12,154.67,336.60,1,-1,-1,-1
435,59,1033.16,359.76,232.21,463.22,1,-1,-1,-1
435,60,1196.60,544.11,182.07,288.61,1,-1,-1,-1
436,15,1373.56,474.72,283.37,354.34,1,-1,-1,-1
436,29,737.94,565.74,88.86,261.22,1,-1,-1,-1
436,32,388.32,563.53,148.47,263.21,1,-1,-1,-1
436,36,667.18,533.22,161.03,291.67,1,-1,-1,-1
436,37,753.13,553.83,111.38,270.64,1,-1,-1,-1
436,42,286.28,440.35,137.38,397.62,1,-1,-1,-1
436,43,497.93,487.46,179.80,340.30,1,-1,-1,-1
436,49,689.37,485.95,181.17,347.23,1,-1,-1,-1
436,52,1211.59,522.93,162.16,300.96,1,-1,-1,-1
436,54,888.25,422.76,186.39,402.31,1,-1,-1,-1
436,55,1235.18,533.15,134.45,287.77,1,-1,-1,-1
436,56,1370.24,484.05,231.16,341.18,1,-1,-1,-1
436,57,1129.49,519.47,187.37,309.47,1,-1,-1,-1
436,58,1478.61,467.00,191.04,354.14,1,-1,-1,-1
436,59,1024.89,361.68,243.76,464.31,1,-1,-1,-1
436,60,1196.60,544.11,182.07,288.61,1,-1,-1,-1
437,15,1373.56,474.72,283.37,354.34,1,-1,-1,-1
437,29,737.94,565.74,88.86,261.22,1,-1,-1,-1
437,32,370.72,553.95,170.48,276.58,1,-1,-1,-1
437,36,667.18,533.22,161.03,291.67,1,-1,-1,-1
437,37,753.13,553.83,111.38,270.64,1,-1,-1,-1
437,42,276.87,430.94,144.54,406.07,1,-1,-1,-1
437,43,481.95,478.64,197.81,358.80,1,-1,-1,-1
437,49,687.39,468.41,182.91,368.78,1,-1,-1,-1
437,52,1195.97,517.40,194.36,309.64,1,-1,-1,-1
437,54,881.45,418.42,198.26,418.13,1,-1,-1,-1
437,55,1235.18,533.15,134.45,287.77,1,-1,-1,-1
437,56,1386.17,538.38,180.72,289.22,1,-1,-1,-1
437,57,1129.49,519.47,187.37,309.47,1,-1,-1,-1
437,58,1518.41,457.11,187.75,375.03,1,-1,-1,-1
437,59,1017.93,360.87,265.36,473.94,1,-1,-1,-1
437,60,1196.60,544.11,182.07,288.61,1,-1,-1,-1
437,62,1067.89,514.10,235.72,324.53,1,-1,-1,-1
438,15,1402.70,452.80,299.74,382.34,1,-1,-1,-1
438,29,737.94,565.74,88.86,261.22,1,-1,-1,-1
438,32,372.00,553.96,172.45,277.32,1,-1,-1,-1
438,36,667.18,533.22,161.03,291.67,1,-1,-1,-1
438,37,753.13,553.83,111.38,270.64,1,-1,-1,-1
438,42,268.12,423.43,156.90,411.95,1,-1,-1,-1
438,43,489.30,474.22,197.21,365.01,1,-1,-1,-1
438,49,689.10,459.00,182.14,378.02,1,-1,-1,-1
438,52,1219.23,523.52,178.09,301.66,1,-1,-1,-1
438,54,877.89,422.99,196.00,412.60,1,-1,-1,-1
438,55,1384.23,464.07,248.83,363.99,1,-1,-1,-1
438,56,1399.24,471.56,190.53,353.99,1,-1,-1,-1
438,57,1129.49,519.47,187.37,309.47,1,-1,-1,-1
438,58,1524.91,449.22,197.74,381.54,1,-1,-1,-1
438,59,1015.71,361.62,268.48,478.39,1,-1,-1,-1
438,60,1196.60,544.11,182.07,288.61,1,-1,-1,-1
438,62,1160.94,501.82,212.55,330.83,1,-1,-1,-1
439,15,1418.14,447.79,280.35,385.74,1,-1,-1,-1
439,29,737.94,565.74,88.86,261.22,1,-1,-1,-1
439,32,361.29,553.66,187.89,280.74,1,-1,-1,-1
439,36,667.18,533.22,161.03,291.67,1,-1,-1,-1
439,37,753.13,553.83,111.38,270.64,1,-1,-1,-1
439,42,257.79,413.72,168.30,424.32,1,-1,-1,-1
439,43,503.38,469.77,187.71,372.67,1,-1,-1,-1
439,49,694.25,455.27,182.50,382.53,1,-1,-1,-1
439,52,1217.11,503.93,181.15,322.66,1,-1,-1,-1
439,54,876.51,428.43,191.11,406.04,1,-1,-1,-1
439,55,1414.27,451.21,262.57,380.30,1,-1,-1,-1
439,56,1415.35,537.14,140.47,288.16,1,-1,-1,-1
439,57,1093.98,518.98,255.41,319.52,1,-1,-1,-1
439,58,1545.38,442.84,179.85,392.61,1,-1,-1,-1
439,59,1016.72,362.89,268.34,472.33,1,-1,-1,-1
439,60,1196.60,544.11,182.07,288.61,1,-1,-1,-1
439,62,1186.79,493.80,188.96,337.97,1,-1,-1,-1
440,15,1428.88,449.46,228.21,384.66,1,-1,-1,-1
440,29,737.94,565.74,88.86,261.22,1,-1,-1,-1
440,32,362.03,551.47,184.43,285.18,1,-1,-1,-1
440,36,667.18,533.22,161.03,291.67,1,-1,-1,-1
440,37,753.13,553.83,111.38,270.64,1,-1,-1,-1
440,42,250.33,411.87,178.09,428.04,1,-1,-1,-1
440,43,497.79,459.89,197.83,383.69,1,-1,-1,-1
440,49,691.77,451.42,188.01,383.57,1,-1,-1,-1
440,52,1259.32,485.08,146.62,340.00,1,-1,-1,-1
440,54,880.02,438.10,202.58,396.52,1,-1,-1,-1
440,55,1414.27,451.21,262.57,380.30,1,-1,-1,-1
440,56,1427.21,514.45,136.66,312.39,1,-1,-1,-1
440,57,1180.29,488.94,193.56,343.01,1,-1,-1,-1
440,58,1559.47,432.72,167.25,404.45,1,-1,-1,-1
440,59,1021.80,364.61,257.85,480.32,1,-1,-1,-1
440,60,1196.60,544.11,182.07,288.61,1,-1,-1,-1
440,62,1206.51,484.79,194.17,345.12,1,-1,-1,-1
441,15,1438.73,442.67,224.59,390.96,1,-1,-1,-1
441,29,737.94,565.74,88.86,261.22,1,-1,-1,-1
441,32,355.35,541.90,195.79,296.68,1,-1,-1,-1
441,36,667.18,533.22,161.03,291.67,1,-1,-1,-1
441,37,753.13,553.83,111.38,270.64,1,-1,-1,-1
441,42,244.54,411.51,190.37,425.74,1,-1,-1,-1
441,43,509.25,453.36,195.53,390.43,1,-1,-1,-1
441,49,694.11,450.65,187.33,380.13,1,-1,-1,-1
441,52,1259.32,485.08,146.62,340.00,1,-1,-1,-1
441,54,883.38,447.03,193.44,385.94,1,-1,-1,-1
441,55,1414.27,451.21,262.57,380.30,1,-1,-1,-1
441,56,1436.64,470.77,154.20,355.33,1,-1,-1,-1
441,57,1180.29,488.94,193.56,343.01,1,-1,-1,-1
441,58,1556.48,435.83,176.96,400.68,1,-1,-1,-1
441,59,1037.81,371.46,218.62,475.31,1,-1,-1,-1
441,60,1196.60,544.11,182.07,288.61,1,-1,-1,-1
441,62,1227.22,474.58,178.20,359.59,1,-1,-1,-1
442,15,1447.08,424.53,227.78,408.08,1,-1,-1,-1
442,29,683.05,469.89,161.47,364.31,1,-1,-1,-1
442,32,373.21,531.68,222.42,305.35,1,-1,-1,-1
442,36,881.98,474.35,179.94,358.82,1,-1,-1,-1
442,37,753.13,553.83,111.38,270.64,1,-1,-1,-1
442,42,240.99,417.73,199.89,422.49,1,-1,-1,-1
442,43,508.45,450.38,194.89,392.34,1,-1,-1,-1
442,49,700.56,451.10,182.70,383.05,1,-1,-1,-1
442,52,1259.32,485.08,146.62,340.00,1,-1,-1,-1
442,54,1045.12,404.32,173.03,438.48,1,-1,-1,-1
442,55,1414.27,451.21,262.57,380.30,1,-1,-1,-1
442,56,1436.64,470.77,154.20,355.33,1,-1,-1,-1
442,57,1206.56,473.89,201.65,359.71,1,-1,-1,-1
442,58,1537.28,411.25,202.57,416.20,1,-1,-1,-1
442,59,1059.32,396.47,183.20,446.30,1,-1,-1,-1
442,60,1196.60,544.11,182.07,288.61,1,-1,-1,-1
442,62,1227.22,474.58,178.20,359.59,1,-1,-1,-1
443,15,1456.20,418.70,222.67,413.09,1,-1,-1,-1
443,29,657.08,483.10,194.28,351.34,1,-1,-1,-1
443,32,371.96,526.82,229.72,307.73,1,-1,-1,-1
443,36,899.36,479.26,200.71,356.07,1,-1,-1,-1
443,37,662.68,513.91,163.17,318.63,1,-1,-1,-1
443,42,247.23,412.94,184.73,430.24,1,-1,-1,-1
443,43,501.84,450.12,189.47,391.39,1,-1,-1,-1
443,49,701.38,474.64,198.95,363.08,1,-1,-1,-1
443,52,1259.32,485.08,146.62,340.00,1,-1,-1,-1
443,54,1051.86,416.57,199.68,421.42,1,-1,-1,-1
443,55,1582.26,410.14,161.82,418.16,1,-1,-1,-1
443,56,1450.40,419.43,196.56,412.09,1,-1,-1,-1
443,57,1236.40,466.02,204.44,367.12,1,-1,-1,-1
443,58,1498.01,428.77,220.88,400.56,1,-1,-1,-1
443,59,1053.76,417.60,175.16,424.59,1,-1,-1,-1
443,60,1196.60,544.11,182.07,288.61,1,-1,-1,-1
443,62,1227.22,474.58,178.20,359.59,1,-1,-1,-1
444,15,1461.28,489.30,175.72,344.51,1,-1,-1,-1
444,29,657.08,483.10,194.28,351.34,1,-1,-1,-1
444,32,368.94,527.12,182.90,304.30,1,-1,-1,-1
444,36,899.33,486.94,206.94,348.66,1,-1,-1,-1
444,37,637.72,517.03,190.30,317.94,1,-1,-1,-1
444,42,245.99,414.28,162.60,431.25,1,-1,-1,-1
444,43,491.61,452.98,187.90,388.23,1,-1,-1,-1
444,49,695.35,493.45,207.18,344.99,1,-1,-1,-1
444,52,1259.32,485.08,146.62,340.00,1,-1,-1,-1
444,54,1051.86,416.57,199.68,421.42,1,-1,-1,-1
444,55,1607.05,411.77,157.01,416.02,1,-1,-1,-1
444,56,1450.40,419.43,196.56,412.09,1,-1,-1,-1
444,57,1267.75,476.97,195.40,360.16,1,-1,-1,-1
444,58,1482.32,428.14,234.44,403.17,1,-1,-1,-1
444,59,1058.82,426.23,188.14,413.03,1,-1,-1,-1
444,60,1196.60,544.11,182.07,288.61,1,-1,-1,-1
444,62,1227.22,474.58,178.20,359.59,1,-1,-1,-1
445,15,1470.23,480.11,211.09,356.18,1,-1,-1,-1
445,29,657.08,483.10,194.28,351.34,1,-1,-1,-1
445,32,365.83,536.06,172.32,301.96,1,-1,-1,-1
445,36,892.67,488.17,251.08,350.63,1,-1,-1,-1
445,37,616.57,516.90,211.95,318.34,1,-1,-1,-1
445,42,243.24,417.38,163.20,430.32,1,-1,-1,-1
445,43,498.96,452.79,177.42,393.26,1,-1,-1,-1
445,49,700.82,514.83,203.60,330.50,1,-1,-1,-1
445,52,1259.32,485.08,146.62,340.00,1,-1,-1,-1
445,54,1051.86,416.57,199.68,421.42,1,-1,-1,-1
445,55,1594.49,414.08,193.37,415.89,1,-1,-1,-1
445,56,1450.40,419.43,196.56,412.09,1,-1,-1,-1
445,57,1278.99,490.03,185.06,349.86,1,-1,-1,-1
445,58,1480.11,426.52,240.73,410.66,1,-1,-1,-1
445,59,1036.45,440.62,213.97,394.23,1,-1,-1,-1
445,60,1196.60,544.11,182.07,288.61,1,-1,-1,-1
445,62,1227.22,474.58,178.20,359.59,1,-1,-1,-1
446,15,1461.62,472.44,222.55,367.37,1,-1,-1,-1
446,29,657.08,483.10,194.28,351.34,1,-1,-1,-1
446,32,359.71,542.57,210.55,299.65,1,-1,-1,-1
446,36,888.54,489.26,251.49,349.87,1,-1,-1,-1
446,37,596.47,525.09,220.77,317.24,1,-1,-1,-1
446,42,217.60,418.04,186.85,431.04,1,-1,-1,-1
446,43,500.96,449.93,183.77,397.52,1,-1,-1,-1
446,49,697.43,517.82,212.77,324.17,1,-1,-1,-1
446,52,1259.32,485.08,146.62,340.00,1,-1,-1,-1
446,54,1051.86,416.57,199.68,421.42,1,-1,-1,-1
446,55,1588.99,433.26,201.13,401.35,1,-1,-1,-1
446,56,1458.49,468.59,178.57,364.88,1,-1,-1,-1
446,57,1277.99,494.35,190.62,348.52,1,-1,-1,-1
446,58,1484.84,436.22,289.53,404.52,1,-1,-1,-1
446,59,1011.91,442.29,236.49,403.09,1,-1,-1,-1
446,60,1196.60,544.11,182.07,288.61,1,-1,-1,-1
446,62,1227.22,474.58,178.20,359.59,1,-1,-1,-1
447,15,1461.62,472.44,222.55,367.37,1,-1,-1,-1
447,29,657.08,483.10,194.28,351.34,1,-1,-1,-1
447,32,355.46,528.93,200.52,311.83,1,-1,-1,-1
447,36,870.36,487.65,253.89,355.51,1,-1,-1,-1
447,37,566.73,503.84,264.20,339.30,1,-1,-1,-1
447,42,193.13,407.55,239.20,436.66,1,-1,-1,-1
447,43,496.95,435.52,186.21,413.54,1,-1,-1,-1
447,49,709.25,503.22,205.84,340.22,1,-1,-1,-1
447,52,1259.32,485.08,146.62,340.00,1,-1,-1,-1
447,54,1051.86,416.57,199.68,421.42,1,-1,-1,-1
447,55,1619.15,450.70,210.04,380.66,1,-1,-1,-1
447,56,1441.02,461.46,205.60,370.53,1,-1,-1,-1
447,57,1263.29,474.35,197.90,366.87,1,-1,-1,-1
447,58,1505.47,436.84,280.15,403.56,1,-1,-1,-1
447,59,1022.79,419.63,217.17,427.75,1,-1,-1,-1
447,60,1196.60,544.11,182.07,288.61,1,-1,-1,-1
447,62,1227.22,474.58,178.20,359.59,1,-1,-1,-1
448,15,1461.62,472.44,222.55,367.37,1,-1,-1,-1
448,29,655.26,485.47,203.04,352.62,1,-1,-1,-1
448,32,352.41,504.04,213.11,339.86,1,-1,-1,-1
448,36,861.72,481.30,255.46,356.43,1,-1,-1,-1
448,37,564.05,490.57,277.50,352.07,1,-1,-1,-1
448,42,188.56,387.36,271.13,463.24,1,-1,-1,-1
448,43,490.70,428.64,195.24,422.97,1,-1,-1,-1
448,49,713.45,516.18,192.23,326.33,1,-1,-1,-1
448,52,1259.32,485.08,146.62,340.00,1,-1,-1,-1
448,54,1051.86,416.57,199.68,421.42,1,-1,-1,-1
448,55,1630.11,453.19,223.99,378.34,1,-1,-1,-1
448,56,1439.00,462.77,218.00,368.46,1,-1,-1,-1
448,57,1246.74,450.74,209.56,387.88,1,-1,-1,-1
448,58,1512.07,435.13,274.38,406.90,1,-1,-1,-1
448,59,980.63,409.00,255.27,435.17,1,-1,-1,-1
448,62,1227.22,474.58,178.20,359.59,1,-1,-1,-1
449,15,1461.62,472.44,222.55,367.37,1,-1,-1,-1
449,29,667.27,482.81,183.17,357.30,1,-1,-1,-1
449,32,343.12,509.09,198.70,333.21,1,-1,-1,-1
449,36,893.43,479.72,207.75,351.74,1,-1,-1,-1
449,37,577.62,492.68,228.03,346.69,1,-1,-1,-1
449,42,191.19,342.88,280.24,512.09,1,-1,-1,-1
449,43,487.41,416.73,194.53,432.14,1,-1,-1,-1
449,49,714.29,519.26,200.02,320.00,1,-1,-1,-1
449,52,1259.32,485.08,146.62,340.00,1,-1,-1,-1
449,54,1051.86,416.57,199.68,421.42,1,-1,-1,-1
449,55,1622.42,453.33,242.33,375.21,1,-1,-1,-1
449,56,1439.08,464.47,184.41,363.15,1,-1,-1,-1
449,57,1236.01,434.06,212.57,403.21,1,-1,-1,-1
449,58,1518.76,425.48,258.39,414.29,1,-1,-1,-1
449,59,976.81,399.32,255.47,444.84,1,-1,-1,-1
449,62,1227.22,474.58,178.20,359.59,1,-1,-1,-1
450,15,1461.62,472.44,222.55,367.37,1,-1,-1,-1
450,29,663.99,481.03,180.82,356.98,1,-1,-1,-1
450,32,333.73,512.75,214.34,332.55,1,-1,-1,-1
450,36,892.77,465.45,196.55,367.20,1,-1,-1,-1
450,37,571.16,492.11,226.35,350.79,1,-1,-1,-1
450,42,179.96,301.70,296.69,555.39,1,-1,-1,-1
450,43,482.05,393.65,193.17,459.55,1,-1,-1,-1
450,49,724.89,519.93,183.21,319.24,1,-1,-1,-1
450,52,1259.32,485.08,146.62,340.00,1,-1,-1,-1
450,54,1051.86,416.57,199.68,421.42,1,-1,-1,-1
450,55,1616.68,440.87,266.59,390.55,1,-1,-1,-1
450,56,1442.76,441.18,186.40,390.20,1,-1,-1,-1
450,57,1231.25,424.39,212.80,412.96,1,-1,-1,-1
450,58,1523.52,410.87,251.50,431.13,1,-1,-1,-1
450,59,970.86,384.90,245.15,444.80,1,-1,-1,-1
450,62,1227.22,474.58,178.20,359.59,1,-1,-1,-1
450,63,1057.99,511.82,179.29,320.16,1,-1,-1,-1
451,15,1461.62,472.44,222.55,367.37,1,-1,-1,-1
451,29,670.93,481.23,176.97,358.92,1,-1,-1,-1
451,32,333.29,500.40,207.07,344.18,1,-1,-1,-1
451,36,885.14,457.88,197.65,378.89,1,-1,-1,-1
451,37,567.99,501.09,216.73,341.36,1,-1,-1,-1
451,42,169.45,289.29,300.88,569.62,1,-1,-1,-1
451,43,545.33,490.92,217.78,352.68,1,-1,-1,-1
451,49,719.53,521.37,185.03,317.86,1,-1,-1,-1
451,52,1259.32,485.08,146.62,340.00,1,-1,-1,-1
451,54,1051.86,416.57,199.68,421.42,1,-1,-1,-1
451,55,1640.06,425.25,267.58,410.11,1,-1,-1,-1
451,56,1440.99,437.84,185.07,392.55,1,-1,-1,-1
451,57,1233.02,425.33,209.86,414.90,1,-1,-1,-1
451,58,1530.28,404.69,247.54,439.31,1,-1,-1,-1
451,59,979.20,375.87,227.46,452.81,1,-1,-1,-1
451,61,456.73,406.51,193.73,446.85,1,-1,-1,-1
451,62,1227.22,474.58,178.20,359.59,1,-1,-1,-1
451,63,1057.99,511.82,179.29,320.16,1,-1,-1,-1
452,15,1461.62,472.44,222.55,367.37,1,-1,-1,-1
452,29,670.93,481.23,176.97,358.92,1,-1,-1,-1
452,32,338.91,488.04,185.07,359.29,1,-1,-1,-1
452,36,875.71,453.15,203.63,385.37,1,-1,-1,-1
452,37,551.01,515.32,223.85,326.60,1,-1,-1,-1
452,42,153.78,284.83,290.98,577.07,1,-1,-1,-1
452,43,545.33,490.92,217.78,352.68,1,-1,-1,-1
452,49,685.89,512.67,208.65,330.07,1,-1,-1,-1
452,52,1259.32,485.08,146.62,340.00,1,-1,-1,-1
452,54,1051.86,416.57,199.68,421.42,1,-1,-1,-1
452,55,1652.79,404.67,265.16,436.52,1,-1,-1,-1
452,56,1440.76,455.30,196.70,379.82,1,-1,-1,-1
452,57,1235.93,425.83,200.14,415.84,1,-1,-1,-1
452,58,1518.24,414.61,258.53,430.36,1,-1,-1,-1
452,59,952.79,306.48,297.11,541.99,1,-1,-1,-1
452,61,465.75,406.48,196.79,447.80,1,-1,-1,-1
452,62,1227.22,474.58,178.20,359.59,1,-1,-1,-1
452,63,1057.99,511.82,179.29,320.16,1,-1,-1,-1
452,64,951.23,519.31,303.95,330.28,1,-1,-1,-1
453,15,1461.62,472.44,222.55,367.37,1,-1,-1,-1
453,29,676.83,488.07,176.10,352.66,1,-1,-1,-1
453,32,335.20,495.11,174.15,352.94,1,-1,-1,-1
453,36,871.64,460.05,211.02,380.77,1,-1,-1,-1
453,37,550.41,503.64,219.26,338.05,1,-1,-1,-1
453,42,150.44,277.43,282.47,583.78,1,-1,-1,-1
453,43,545.33,490.92,217.78,352.68,1,-1,-1,-1
453,49,682.06,503.25,212.77,338.87,1,-1,-1,-1
453,52,1259.32,485.08,146.62,340.00,1,-1,-1,-1
453,54,1051.86,416.57,199.68,421.42,1,-1,-1,-1
453,55,1657.83,411.00,260.07,430.80,1,-1,-1,-1
453,56,1435.65,446.00,207.34,390.10,1,-1,-1,-1
453,57,1236.07,426.60,195.90,412.92,1,-1,-1,-1
453,58,1510.90,421.99,259.67,422.21,1,-1,-1,-1
453,59,950.74,303.52,307.24,547.54,1,-1,-1,-1
453,61,461.29,399.77,219.14,454.69,1,-1,-1,-1
453,62,1227.22,474.58,178.20,359.59,1,-1,-1,-1
453,63,1057.99,511.82,179.29,320.16,1,-1,-1,-1
453,64,1007.51,542.13,255.12,301.14,1,-1,-1,-1
454,15,1461.62,472.44,222.55,367.37,1,-1,-1,-1
454,29,674.46,461.06,184.15,381.84,1,-1,-1,-1
454,32,331.65,493.73,180.37,350.73,1,-1,-1,-1
454,36,874.75,461.46,216.71,380.03,1,-1,-1,-1
454,37,541.36,498.90,239.64,344.68,1,-1,-1,-1
454,42,145.24,275.50,286.07,583.27,1,-1,-1,-1
454,43,476.42,412.05,232.42,437.62,1,-1,-1,-1
454,49,721.21,530.51,178.86,308.14,1,-1,-1,-1
454,52,1259.32,485.08,146.62,340.00,1,-1,-1,-1
454,54,1051.86,416.57,199.68,421.42,1,-1,-1,-1
454,55,1659.78,415.15,253.99,426.35,1,-1,-1,-1
454,56,1433.47,456.93,201.08,376.86,1,-1,-1,-1
454,57,1231.66,426.90,196.82,411.94,1,-1,-1,-1
454,58,1512.54,413.07,254.58,428.88,1,-1,-1,-1
454,59,949.69,314.02,304.11,534.81,1,-1,-1,-1
454,61,462.36,381.97,235.82,469.74,1,-1,-1,-1
454,62,1227.22,474.58,178.20,359.59,1,-1,-1,-1
454,63,1057.99,511.82,179.29,320.16,1,-1,-1,-1
454,64,1011.42,549.54,253.81,289.90,1,-1,-1,-1
455,15,1461.62,472.44,222.55,367.37,1,-1,-1,-1
455,29,669.62,427.24,213.50,415.72,1,-1,-1,-1
455,32,305.86,500.08,197.09,341.42,1,-1,-1,-1
455,36,869.95,460.04,217.27,382.64,1,-1,-1,-1
455,37,533.35,492.09,244.86,352.09,1,-1,-1,-1
455,42,143.12,284.92,274.76,572.51,1,-1,-1,-1
455,43,476.42,412.05,232.42,437.62,1,-1,-1,-1
455,49,721.21,530.51,178.86,308.14,1,-1,-1,-1
455,52,1259.32,485.08,146.62,340.00,1,-1,-1,-1
455,54,1051.86,416.57,199.68,421.42,1,-1,-1,-1
455,55,1654.72,403.07,257.80,437.50,1,-1,-1,-1
455,56,1439.35,457.16,198.88,375.53,1,-1,-1,-1
455,57,1230.42,421.21,196.12,413.18,1,-1,-1,-1
455,58,1515.71,397.10,256.42,445.32,1,-1,-1,-1
455,59,948.54,340.86,301.72,508.75,1,-1,-1,-1
455,61,457.35,353.84,242.56,498.69,1,-1,-1,-1
455,62,1227.22,474.58,178.20,359.59,1,-1,-1,-1
455,63,1057.99,511.82,179.29,320.16,1,-1,-1,-1
455,64,1030.14,551.45,233.90,289.69,1,-1,-1,-1
456,15,1461.62,472.44,222.55,367.37,1,-1,-1,-1
456,29,674.51,437.91,203.55,405.83,1,-1,-1,-1
456,32,276.69,503.63,218.86,334.76,1,-1,-1,-1
456,36,871.35,452.29,214.11,391.34,1,-1,-1,-1
456,37,535.98,478.83,225.64,364.87,1,-1,-1,-1
456,42,141.52,292.04,266.59,563.07,1,-1,-1,-1
456,43,476.42,412.05,232.42,437.62,1,-1,-1,-1
456,49,721.21,530.51,178.86,308.14,1,-1,-1,-1
456,52,1259.32,485.08,146.62,340.00,1,-1,-1,-1
456,54,1051.86,416.57,199.68,421.42,1,-1,-1,-1
456,55,1647.86,411.31,260.68,426.68,1,-1,-1,-1
456,56,1456.94,449.81,205.05,381.33,1,-1,-1,-1
456,57,1229.10,414.91,202.19,417.25,1,-1,-1,-1
456,58,1504.24,404.50,265.36,435.46,1,-1,-1,-1
456,59,944.89,382.37,238.04,451.09,1,-1,-1,-1
456,61,455.50,354.25,277.89,498.23,1,-1,-1,-1
456,62,1227.22,474.58,178.20,359.59,1,-1,-1,-1
456,63,947.86,540.64,308.64,305.39,1,-1,-1,-1
456,64,1032.46,550.69,229.72,291.52,1,-1,-1,-1
457,15,1461.62,472.44,222.55,367.37,1,-1,-1,-1
457,29,667.70,432.64,223.95,412.97,1,-1,-1,-1
457,32,309.62,503.46,183.49,337.71,1,-1,-1,-1
457,36,868.04,455.95,269.78,389.37,1,-1,-1,-1
457,37,538.60,488.47,229.54,350.45,1,-1,-1,-1
457,42,140.90,383.73,286.10,470.78,1,-1,-1,-1
457,43,476.42,412.05,232.42,437.62,1,-1,-1,-1
457,49,721.21,530.51,178.86,308.14,1,-1,-1,-1
457,52,1259.32,485.08,146.62,340.00,1,-1,-1,-1
457,54,1051.86,416.57,199.68,421.42,1,-1,-1,-1
457,55,1646.61,418.93,263.18,419.89,1,-1,-1,-1
457,56,1453.17,440.68,233.10,392.35,1,-1,-1,-1
457,57,1214.43,449.52,229.82,387.35,1,-1,-1,-1
457,58,1513.34,410.74,261.43,432.08,1,-1,-1,-1
457,59,899.39,407.37,330.31,440.86,1,-1,-1,-1
457,61,466.53,404.60,229.35,444.08,1,-1,-1,-1
457,62,1227.22,474.58,178.20,359.59,1,-1,-1,-1
457,63,947.86,540.64,308.64,305.39,1,-1,-1,-1
457,64,1005.58,521.45,242.54,320.40,1,-1,-1,-1
458,15,1452.57,419.11,309.31,421.23,1,-1,-1,-1
458,29,664.78,449.31,215.15,398.75,1,-1,-1,-1
458,32,305.85,502.72,185.60,340.88,1,-1,-1,-1
458,36,868.70,457.60,254.36,392.98,1,-1,-1,-1
458,37,546.30,483.71,226.00,358.49,1,-1,-1,-1
458,42,130.70,425.72,313.87,433.39,1,-1,-1,-1
458,43,476.42,412.05,232.42,437.62,1,-1,-1,-1
458,49,721.21,530.51,178.86,308.14,1,-1,-1,-1
458,52,1259.32,485.08,146.62,340.00,1,-1,-1,-1
458,54,1051.86,416.57,199.68,421.42,1,-1,-1,-1
458,55,1652.22,413.25,259.44,426.81,1,-1,-1,-1
458,56,1443.33,426.88,247.41,408.62,1,-1,-1,-1
458,57,1202.16,461.47,250.93,379.82,1,-1,-1,-1
458,58,1480.09,411.79,292.94,430.50,1,-1,-1,-1
458,59,882.81,431.61,358.37,416.81,1,-1,-1,-1
458,61,468.64,423.80,242.65,434.49,1,-1,-1,-1
458,62,1227.22,474.58,178.20,359.59,1,-1,-1,-1
458,63,947.86,540.64,308.64,305.39,1,-1,-1,-1
458,64,1005.58,521.45,242.54,320.40,1,-1,-1,-1
459,15,1444.83,437.87,323.41,402.51,1,-1,-1,-1
459,29,658.60,492.12,209.75,352.90,1,-1,-1,-1
459,32,302.74,536.75,193.53,307.25,1,-1,-1,-1
459,36,867.25,480.11,264.99,369.01,1,-1,-1,-1
459,37,550.21,496.98,225.69,341.97,1,-1,-1,-1
459,42,129.79,441.13,309.79,417.63,1,-1,-1,-1
459,43,476.42,412.05,232.42,437.62,1,-1,-1,-1
459,49,721.21,530.51,178.86,308.14,1,-1,-1,-1
459,52,1259.32,485.08,146.62,340.00,1,-1,-1,-1
459,54,1051.86,416.57,199.68,421.42,1,-1,-1,-1
459,55,1653.66,414.42,257.56,427.07,1,-1,-1,-1
459,56,1437.43,446.46,270.26,392.20,1,-1,-1,-1
459,57,1213.02,486.36,244.44,353.83,1,-1,-1,-1
459,58,1479.24,424.43,295.34,416.19,1,-1,-1,-1
459,59,878.35,455.82,362.92,394.20,1,-1,-1,-1
459,61,465.89,444.28,226.30,407.45,1,-1,-1,-1
459,62,1227.22,474.58,178.20,359.59,1,-1,-1,-1
459,63,947.86,540.64,308.64,305.39,1,-1,-1,-1
459,64,1005.58,521.45,242.54,320.40,1,-1,-1,-1
460,15,1444.83,437.87,323.41,402.51,1,-1,-1,-1
460,29,657.47,506.58,206.74,337.37,1,-1,-1,-1
460,32,304.82,535.97,185.93,304.16,1,-1,-1,-1
460,36,863.79,504.82,256.75,343.39,1,-1,-1,-1
460,37,548.84,494.83,234.14,341.66,1,-1,-1,-1
460,42,128.18,440.70,294.72,418.18,1,-1,-1,-1
460,43,476.42,412.05,232.42,437.62,1,-1,-1,-1
460,49,721.21,530.51,178.86,308.14,1,-1,-1,-1
460,52,1259.32,485.08,146.62,340.00,1,-1,-1,-1
460,54,1051.86,416.57,199.68,421.42,1,-1,-1,-1
460,55,1661.37,415.64,236.14,426.54,1,-1,-1,-1
460,56,1424.66,481.42,236.32,354.79,1,-1,-1,-1
460,57,1207.36,499.78,241.88,340.38,1,-1,-1,-1
460,58,1495.06,426.07,275.24,415.60,1,-1,-1,-1
460,59,878.35,455.82,362.92,394.20,1,-1,-1,-1
460,61,466.56,456.09,225.27,398.98,1,-1,-1,-1
460,62,1227.22,474.58,178.20,359.59,1,-1,-1,-1
460,63,885.97,488.04,356.41,361.22,1,-1,-1,-1
460,64,1005.58,521.45,242.54,320.40,1,-1,-1,-1
461,15,1444.83,437.87,323.41,402.51,1,-1,-1,-1
461,29,647.90,509.27,214.03,333.36,1,-1,-1,-1
461,32,305.81,554.57,185.74,286.57,1,-1,-1,-1
461,36,865.55,514.87,260.95,333.10,1,-1,-1,-1
461,37,538.96,507.25,236.12,330.58,1,-1,-1,-1
461,42,125.95,431.07,282.13,428.39,1,-1,-1,-1
461,43,476.42,412.05,232.42,437.62,1,-1,-1,-1
461,49,655.72,515.26,208.83,325.37,1,-1,-1,-1
461,52,1259.32,485.08,146.62,340.00,1,-1,-1,-1
461,54,1051.86,416.57,199.68,421.42,1,-1,-1,-1
461,55,1670.62,422.35,218.20,421.20,1,-1,-1,-1
461,56,1427.22,494.35,224.59,340.35,1,-1,-1,-1
461,57,1206.47,502.23,239.60,337.57,1,-1,-1,-1
461,58,1500.88,420.04,268.39,420.89,1,-1,-1,-1
461,59,862.87,515.44,241.98,323.78,1,-1,-1,-1
461,61,467.10,453.95,227.53,400.29,1,-1,-1,-1
461,62,1227.22,474.58,178.20,359.59,1,-1,-1,-1
461,63,877.34,487.60,361.90,361.35,1,-1,-1,-1
461,64,1005.58,521.45,242.54,320.40,1,-1,-1,-1
462,15,1449.01,415.78,304.37,421.34,1,-1,-1,-1
462,29,656.61,491.58,229.35,355.17,1,-1,-1,-1
462,32,305.62,511.88,198.30,329.71,1,-1,-1,-1
462,36,861.21,484.71,266.76,364.49,1,-1,-1,-1
462,37,522.38,494.42,238.33,347.67,1,-1,-1,-1
462,42,120.01,336.07,268.04,524.29,1,-1,-1,-1
462,43,476.42,412.05,232.42,437.62,1,-1,-1,-1
462,49,655.72,515.26,208.83,325.37,1,-1,-1,-1
462,52,1259.32,485.08,146.62,340.00,1,-1,-1,-1
462,54,1051.86,416.57,199.68,421.42,1,-1,-1,-1
462,55,1670.82,400.52,213.76,444.48,1,-1,-1,-1
462,56,1432.69,440.31,199.80,394.16,1,-1,-1,-1
462,57,1204.38,487.48,233.94,350.75,1,-1,-1,-1
462,58,1485.11,412.00,269.94,421.66,1,-1,-1,-1
462,59,862.87,515.44,241.98,323.78,1,-1,-1,-1
462,61,465.72,425.78,180.96,427.18,1,-1,-1,-1
462,62,1227.22,474.58,178.20,359.59,1,-1,-1,-1
462,63,874.53,473.40,361.01,374.95,1,-1,-1,-1
462,64,1005.58,521.45,242.54,320.40,1,-1,-1,-1
463,15,1449.01,415.78,304.37,421.34,1,-1,-1,-1
463,29,654.56,469.68,227.27,375.85,1,-1,-1,-1
463,32,305.15,503.85,192.61,337.84,1,-1,-1,-1
463,36,854.13,464.78,274.28,384.47,1,-1,-1,-1
463,37,526.12,522.10,230.34,318.91,1,-1,-1,-1
463,42,110.64,288.23,281.70,572.69,1,-1,-1,-1
463,43,476.42,412.05,232.42,437.62,1,-1,-1,-1
463,49,655.72,515.26,208.83,325.37,1,-1,-1,-1
463,52,1259.32,485.08,146.62,340.00,1,-1,-1,-1
463,54,1051.86,416.57,199.68,421.42,1,-1,-1,-1
463,55,1665.80,413.88,219.65,430.84,1,-1,-1,-1
463,56,1431.98,407.02,194.65,424.86,1,-1,-1,-1
463,57,1203.47,469.03,231.60,369.89,1,-1,-1,-1
463,58,1492.00,396.54,262.31,440.86,1,-1,-1,-1
463,59,862.87,515.44,241.98,323.78,1,-1,-1,-1
463,61,465.41,388.46,239.31,466.97,1,-1,-1,-1
463,62,1227.22,474.58,178.20,359.59,1,-1,-1,-1
463,63,864.18,456.46,370.83,392.04,1,-1,-1,-1
463,64,1005.58,521.45,242.54,320.40,1,-1,-1,-1
464,15,1449.01,415.78,304.37,421.34,1,-1,-1,-1
464,29,653.66,445.17,208.03,398.23,1,-1,-1,-1
464,32,291.08,502.12,208.34,337.69,1,-1,-1,-1
464,36,850.83,457.22,266.59,390.21,1,-1,-1,-1
464,37,525.48,517.46,224.60,322.02,1,-1,-1,-1
464,42,103.98,289.43,292.62,570.24,1,-1,-1,-1
464,43,476.42,412.05,232.42,437.62,1,-1,-1,-1
464,49,655.72,515.26,208.83,325.37,1,-1,-1,-1
464,52,1259.32,485.08,146.62,340.00,1,-1,-1,-1
464,54,1051.86,416.57,199.68,421.42,1,-1,-1,-1
464,55,1663.24,421.51,223.04,417.88,1,-1,-1,-1
464,56,1417.73,391.74,205.32,439.27,1,-1,-1,-1
464,57,1207.39,452.56,224.34,384.23,1,-1,-1,-1
464,58,1508.36,397.93,248.48,439.55,1,-1,-1,-1
464,59,862.87,515.44,241.98,323.78,1,-1,-1,-1
464,61,466.66,378.59,243.05,477.56,1,-1,-1,-1
464,62,1227.22,474.58,178.20,359.59,1,-1,-1,-1
464,63,864.67,453.64,370.04,394.19,1,-1,-1,-1
464,64,1005.58,521.45,242.54,320.40,1,-1,-1,-1
465,15,1449.01,415.78,304.37,421.34,1,-1,-1,-1
465,29,655.56,448.51,223.15,394.18,1,-1,-1,-1
465,32,291.51,516.04,203.00,325.42,1,-1,-1,-1
465,36,846.40,456.30,272.85,391.98,1,-1,-1,-1
465,37,531.15,534.91,224.78,305.88,1,-1,-1,-1
465,42,98.09,293.61,314.89,565.25,1,-1,-1,-1
465,43,476.42,412.05,232.42,437.62,1,-1,-1,-1
465,49,484.23,418.49,228.07,436.09,1,-1,-1,-1
465,52,1259.32,485.08,146.62,340.00,1,-1,-1,-1
465,54,1051.86,416.57,199.68,421.42,1,-1,-1,-1
465,55,1661.13,411.63,230.04,431.31,1,-1,-1,-1
465,56,1428.06,411.30,199.79,420.89,1,-1,-1,-1
465,57,1203.19,458.52,227.77,380.40,1,-1,-1,-1
465,58,1508.60,400.24,243.60,435.93,1,-1,-1,-1
465,59,862.87,515.44,241.98,323.78,1,-1,-1,-1
465,61,466.11,402.44,233.77,453.67,1,-1,-1,-1
465,62,1227.22,474.58,178.20,359.59,1,-1,-1,-1
465,63,863.07,455.27,369.49,392.11,1,-1,-1,-1
465,64,1005.58,521.45,242.54,320.40,1,-1,-1,-1
466,15,1449.01,415.78,304.37,421.34,1,-1,-1,-1
466,29,644.37,488.96,224.05,353.08,1,-1,-1,-1
466,32,298.07,561.66,192.11,279.76,1,-1,-1,-1
466,36,849.08,468.70,266.98,378.27,1,-1,-1,-1
466,37,525.84,546.12,232.70,295.16,1,-1,-1,-1
466,42,97.90,334.37,293.87,526.68,1,-1,-1,-1
466,43,476.42,412.05,232.42,437.62,1,-1,-1,-1
466,49,484.23,418.49,228.07,436.09,1,-1,-1,-1
466,52,1259.32,485.08,146.62,340.00,1,-1,-1,-1
466,54,1051.86,416.57,199.68,421.42,1,-1,-1,-1
466,55,1657.62,427.24,227.21,411.84,1,-1,-1,-1
466,56,1418.57,442.29,201.58,390.22,1,-1,-1,-1
466,57,1201.95,481.20,227.22,355.97,1,-1,-1,-1
466,58,1517.92,419.01,229.77,416.27,1,-1,-1,-1
466,59,862.87,515.44,241.98,323.78,1,-1,-1,-1
466,61,455.99,427.14,218.94,429.03,1,-1,-1,-1
466,62,1227.22,474.58,178.20,359.59,1,-1,-1,-1
466,63,868.08,458.69,362.58,387.03,1,-1,-1,-1
466,64,1005.58,521.45,242.54,320.40,1,-1,-1,-1
467,15,1449.01,415.78,304.37,421.34,1,-1,-1,-1
467,29,643.97,511.39,206.30,335.36,1,-1,-1,-1
467,32,298.49,564.65,189.74,275.22,1,-1,-1,-1
467,36,842.12,509.36,250.53,335.60,1,-1,-1,-1
467,37,542.70,534.77,231.68,294.02,1,-1,-1,-1
467,42,98.26,409.47,312.98,446.64,1,-1,-1,-1
467,43,476.42,412.05,232.42,437.62,1,-1,-1,-1
467,49,484.23,418.49,228.07,436.09,1,-1,-1,-1
467,52,1259.32,485.08,146.62,340.00,1,-1,-1,-1
467,54,1051.86,416.57,199.68,421.42,1,-1,-1,-1
467,55,1648.49,438.47,233.09,396.30,1,-1,-1,-1
467,56,1402.76,482.80,207.93,345.21,1,-1,-1,-1
467,57,1196.68,497.45,225.71,341.63,1,-1,-1,-1
467,58,1495.23,435.57,245.27,404.33,1,-1,-1,-1
467,59,862.87,515.44,241.98,323.78,1,-1,-1,-1
467,61,453.14,452.20,211.35,401.54,1,-1,-1,-1
467,62,1227.22,474.58,178.20,359.59,1,-1,-1,-1
467,63,867.32,479.49,346.24,365.13,1,-1,-1,-1
467,64,1005.58,521.45,242.54,320.40,1,-1,-1,-1
468,15,1449.01,415.78,304.37,421.34,1,-1,-1,-1
468,29,633.22,511.23,206.52,328.94,1,-1,-1,-1
468,32,295.12,547.31,190.30,294.86,1,-1,-1,-1
468,36,844.20,511.41,259.65,334.13,1,-1,-1,-1
468,37,513.86,537.30,272.17,304.60,1,-1,-1,-1
468,42,97.04,407.91,303.53,446.80,1,-1,-1,-1
468,43,476.42,412.05,232.42,437.62,1,-1,-1,-1
468,49,484.23,418.49,228.07,436.09,1,-1,-1,-1
468,52,1259.32,485.08,146.62,340.00,1,-1,-1,-1
468,54,1051.86,416.57,199.68,421.42,1,-1,-1,-1
468,55,1642.57,438.13,233.02,393.40,1,-1,-1,-1
468,56,1403.77,473.94,201.54,352.59,1,-1,-1,-1
468,57,1195.69,499.42,224.82,337.14,1,-1,-1,-1
468,58,1490.73,430.32,246.49,405.72,1,-1,-1,-1
468,59,657.23,537.72,210.61,307.01,1,-1,-1,-1
468,61,453.81,444.96,216.68,407.50,1,-1,-1,-1
468,62,1227.22,474.58,178.20,359.59,1,-1,-1,-1
468,63,855.31,487.07,359.65,358.28,1,-1,-1,-1
468,64,1005.58,521.45,242.54,320.40,1,-1,-1,-1
469,15,1449.01,415.78,304.37,421.34,1,-1,-1,-1
469,29,647.57,509.13,185.93,329.13,1,-1,-1,-1
469,32,290.11,516.21,198.16,327.12,1,-1,-1,-1
469,36,849.91,503.38,260.88,341.74,1,-1,-1,-1
469,37,654.99,566.38,196.20,268.85,1,-1,-1,-1
469,42,95.03,402.66,303.75,451.13,1,-1,-1,-1
469,43,476.42,412.05,232.42,437.62,1,-1,-1,-1
469,49,456.04,440.30,204.82,414.99,1,-1,-1,-1
469,52,1259.32,485.08,146.62,340.00,1,-1,-1,-1
469,54,1051.86,416.57,199.68,421.42,1,-1,-1,-1
469,55,1650.08,429.32,222.59,401.37,1,-1,-1,-1
469,56,1404.81,465.80,197.59,361.37,1,-1,-1,-1
469,57,1187.87,497.47,231.29,339.91,1,-1,-1,-1
469,58,1511.99,419.93,223.24,415.94,1,-1,-1,-1
469,59,642.68,539.08,179.75,305.71,1,-1,-1,-1
469,61,498.39,521.39,232.48,322.94,1,-1,-1,-1
469,62,1227.22,474.58,178.20,359.59,1,-1,-1,-1
469,63,858.06,478.86,351.83,369.53,1,-1,-1,-1
469,64,860.59,520.39,235.43,323.29,1,-1,-1,-1
470,15,1408.18,460.49,208.12,366.30,1,-1,-1,-1
470,29,637.63,505.98,214.31,338.71,1,-1,-1,-1
470,32,289.97,533.64,193.52,307.99,1,-1,-1,-1
470,36,847.03,497.67,268.20,345.93,1,-1,-1,-1
470,37,664.68,561.88,198.94,276.91,1,-1,-1,-1
470,42,169.69,482.56,259.44,359.09,1,-1,-1,-1
470,43,130.68,405.72,296.05,446.03,1,-1,-1,-1
470,49,451.72,446.35,199.28,408.49,1,-1,-1,-1
470,52,1259.32,485.08,146.62,340.00,1,-1,-1,-1
470,54,1051.86,416.57,199.68,421.42,1,-1,-1,-1
470,55,1638.65,433.96,230.62,397.78,1,-1,-1,-1
470,56,1237.38,501.48,201.56,329.92,1,-1,-1,-1
470,57,1186.11,499.51,231.03,335.82,1,-1,-1,-1
470,58,1515.77,412.59,217.96,423.84,1,-1,-1,-1
470,59,642.68,539.08,179.75,305.71,1,-1,-1,-1
470,61,509.84,524.38,219.66,312.89,1,-1,-1,-1
470,62,1227.22,474.58,178.20,359.59,1,-1,-1,-1
470,63,853.34,478.72,344.23,370.08,1,-1,-1,-1
470,64,843.89,515.80,235.66,326.96,1,-1,-1,-1
471,15,1404.57,473.78,190.68,352.08,1,-1,-1,-1
471,29,633.46,503.37,220.92,341.19,1,-1,-1,-1
471,32,296.75,528.47,184.23,310.27,1,-1,-1,-1
471,36,838.74,491.99,277.47,351.93,1,-1,-1,-1
471,37,664.68,561.88,198.94,276.91,1,-1,-1,-1
471,42,169.69,482.56,259.44,359.09,1,-1,-1,-1
471,43,92.45,408.29,279.69,443.17,1,-1,-1,-1
471,49,447.53,449.19,165.39,403.49,1,-1,-1,-1
471,54,1051.86,416.57,199.68,421.42,1,-1,-1,-1
471,55,1645.71,436.89,223.22,396.72,1,-1,-1,-1
471,56,1235.74,502.07,188.14,331.16,1,-1,-1,-1
471,57,1203.75,499.28,213.65,337.22,1,-1,-1,-1
471,58,1512.95,413.03,216.47,423.70,1,-1,-1,-1
471,59,642.68,539.08,179.75,305.71,1,-1,-1,-1
471,61,510.65,526.06,222.78,313.89,1,-1,-1,-1
471,62,1227.22,474.58,178.20,359.59,1,-1,-1,-1
471,63,846.86,481.70,353.82,366.71,1,-1,-1,-1
471,64,836.92,511.61,232.83,330.90,1,-1,-1,-1
472,15,1394.84,500.51,199.46,326.03,1,-1,-1,-1
472,29,630.03,520.93,176.68,323.74,1,-1,-1,-1
472,32,283.56,548.76,189.48,293.11,1,-1,-1,-1
472,36,830.26,516.14,260.77,326.80,1,-1,-1,-1
472,37,680.44,588.56,200.21,243.36,1,-1,-1,-1
472,42,169.69,482.56,259.44,359.09,1,-1,-1,-1
472,43,88.95,429.42,277.27,421.52,1,-1,-1,-1
472,49,421.16,483.46,184.47,366.03,1,-1,-1,-1
472,54,1051.86,416.57,199.68,421.42,1,-1,-1,-1
472,55,1637.20,436.12,225.52,396.76,1,-1,-1,-1
472,56,1197.79,533.38,221.23,300.79,1,-1,-1,-1
472,57,1235.13,515.07,187.52,314.43,1,-1,-1,-1
472,58,1511.28,431.39,220.11,401.96,1,-1,-1,-1
472,59,630.30,524.05,172.44,317.18,1,-1,-1,-1
472,61,500.98,541.57,227.71,295.06,1,-1,-1,-1
472,63,841.20,473.73,364.44,374.56,1,-1,-1,-1
472,64,822.49,523.25,200.42,311.15,1,-1,-1,-1
473,15,1394.84,500.51,199.46,326.03,1,-1,-1,-1
473,29,617.69,535.42,179.70,307.04,1,-1,-1,-1
473,32,280.94,560.39,193.18,280.07,1,-1,-1,-1
473,36,827.09,524.89,255.72,318.87,1,-1,-1,-1
473,37,664.99,590.99,202.80,244.86,1,-1,-1,-1
473,42,169.69,482.56,259.44,359.09,1,-1,-1,-1
473,43,82.58,452.28,277.00,400.27,1,-1,-1,-1
473,49,400.48,524.28,234.84,325.23,1,-1,-1,-1
473,54,1051.86,416.57,199.68,421.42,1,-1,-1,-1
473,55,1632.48,452.98,227.15,378.18,1,-1,-1,-1
473,56,1184.46,553.54,232.75,280.69,1,-1,-1,-1
473,57,1238.60,533.51,176.52,294.77,1,-1,-1,-1
473,58,1501.84,457.70,220.65,374.51,1,-1,-1,-1
473,59,630.30,524.05,172.44,317.18,1,-1,-1,-1
473,61,477.43,556.60,244.23,284.49,1,-1,-1,-1
473,63,835.32,476.23,353.78,370.29,1,-1,-1,-1
473,64,821.00,529.48,196.88,305.08,1,-1,-1,-1
474,15,1394.84,500.51,199.46,326.03,1,-1,-1,-1
474,29,620.83,542.62,174.52,298.20,1,-1,-1,-1
474,32,282.41,563.79,193.13,276.77,1,-1,-1,-1
474,36,829.95,513.65,264.56,330.62,1,-1,-1,-1
474,37,652.68,582.96,210.95,255.52,1,-1,-1,-1
474,42,169.69,482.56,259.44,359.09,1,-1,-1,-1
474,43,82.58,470.08,272.54,380.47,1,-1,-1,-1
474,49,402.96,542.91,200.37,308.06,1,-1,-1,-1
474,55,1627.24,472.14,230.71,356.64,1,-1,-1,-1
474,56,1180.66,556.83,238.28,275.50,1,-1,-1,-1
474,57,1238.60,533.51,176.52,294.77,1,-1,-1,-1
474,58,1496.18,468.70,224.84,364.45,1,-1,-1,-1
474,59,625.83,545.51,222.02,297.79,1,-1,-1,-1
474,61,470.77,546.98,239.99,294.83,1,-1,-1,-1
474,63,835.93,485.39,350.77,357.54,1,-1,-1,-1
474,64,822.58,534.90,191.16,299.66,1,-1,-1,-1
474,65,1395.14,531.49,194.38,294.82,1,-1,-1,-1
475,15,1394.84,500.51,199.46,326.03,1,-1,-1,-1
475,29,614.03,541.09,176.65,299.35,1,-1,-1,-1
475,32,279.05,562.56,209.92,278.26,1,-1,-1,-1
475,36,833.65,510.81,260.91,332.53,1,-1,-1,-1
475,37,670.44,589.47,203.15,246.49,1,-1,-1,-1
475,42,319.69,544.58,244.20,293.61,1,-1,-1,-1
475,43,81.80,476.61,269.24,373.13,1,-1,-1,-1
475,49,395.81,548.75,189.39,286.99,1,-1,-1,-1
475,55,1622.20,468.61,234.09,360.89,1,-1,-1,-1
475,56,1188.19,561.51,224.31,271.12,1,-1,-1,-1
475,57,1238.60,533.51,176.52,294.77,1,-1,-1,-1
475,58,1478.60,477.21,242.04,356.71,1,-1,-1,-1
475,59,464.50,554.44,259.93,292.78,1,-1,-1,-1
475,61,444.35,557.13,202.78,292.21,1,-1,-1,-1
475,63,838.84,487.00,353.04,356.88,1,-1,-1,-1
475,64,822.58,534.90,191.16,299.66,1,-1,-1,-1
475,65,1399.54,527.15,189.99,299.05,1,-1,-1,-1
476,15,1394.84,500.51,199.46,326.03,1,-1,-1,-1
476,29,614.24,534.80,181.90,305.16,1,-1,-1,-1
476,32,282.48,554.50,202.55,286.14,1,-1,-1,-1
476,36,831.49,595.81,262.42,248.75,1,-1,-1,-1
476,37,665.25,587.06,206.25,251.19,1,-1,-1,-1
476,42,319.69,544.58,244.20,293.61,1,-1,-1,-1
476,43,80.52,471.16,269.89,378.93,1,-1,-1,-1
476,49,395.81,548.75,189.39,286.99,1,-1,-1,-1
476,55,1623.87,460.49,230.64,369.57,1,-1,-1,-1
476,56,1199.91,565.88,214.39,266.38,1,-1,-1,-1
476,57,1238.60,533.51,176.52,294.77,1,-1,-1,-1
476,58,1472.43,476.45,247.60,357.56,1,-1,-1,-1
476,59,442.72,548.05,236.92,302.02,1,-1,-1,-1
476,61,411.40,544.53,187.84,296.40,1,-1,-1,-1
476,63,835.43,489.31,356.43,352.88,1,-1,-1,-1
476,64,822.58,534.90,191.16,299.66,1,-1,-1,-1
476,65,1397.79,517.43,192.23,309.14,1,-1,-1,-1
477,15,1394.84,500.51,199.46,326.03,1,-1,-1,-1
477,29,619.10,525.00,186.62,314.39,1,-1,-1,-1
477,32,280.26,549.52,196.07,291.76,1,-1,-1,-1
477,36,825.31,597.12,268.53,246.62,1,-1,-1,-1
477,37,640.89,594.43,236.47,245.08,1,-1,-1,-1
477,42,475.17,556.06,224.97,284.20,1,-1,-1,-1
477,43,78.37,442.12,273.43,408.49,1,-1,-1,-1
477,49,496.22,549.39,268.53,287.56,1,-1,-1,-1
477,55,1623.79,457.74,229.82,374.38,1,-1,-1,-1
477,56,1207.96,562.22,204.20,270.21,1,-1,-1,-1
477,57,1238.60,533.51,176.52,294.77,1,-1,-1,-1
477,58,1491.44,465.88,230.23,367.39,1,-1,-1,-1
477,59,418.83,516.04,215.17,335.54,1,-1,-1,-1
477,61,411.40,544.53,187.84,296.40,1,-1,-1,-1
477,63,828.31,482.56,370.13,361.95,1,-1,-1,-1
477,64,822.58,534.90,191.16,299.66,1,-1,-1,-1
477,65,1388.94,507.34,200.41,320.46,1,-1,-1,-1
478,15,1394.84,500.51,199.46,326.03,1,-1,-1,-1
478,29,618.41,521.69,192.62,316.23,1,-1,-1,-1
478,32,281.15,548.94,203.60,293.40,1,-1,-1,-1
478,36,825.31,597.12,268.53,246.62,1,-1,-1,-1
478,37,644.38,597.55,232.13,242.78,1,-1,-1,-1
478,42,510.23,543.95,274.37,293.79,1,-1,-1,-1
478,43,78.36,433.53,272.07,417.33,1,-1,-1,-1
478,49,496.22,549.39,268.53,287.56,1,-1,-1,-1
478,55,1615.80,468.40,236.87,363.85,1,-1,-1,-1
478,56,1207.75,558.52,203.57,273.29,1,-1,-1,-1
478,57,1238.60,533.51,176.52,294.77,1,-1,-1,-1
478,58,1492.86,457.25,227.04,375.82,1,-1,-1,-1
478,59,417.71,500.08,220.02,352.39,1,-1,-1,-1
478,61,411.40,544.53,187.84,296.40,1,-1,-1,-1
478,63,827.71,485.16,371.34,358.81,1,-1,-1,-1
478,64,822.58,534.90,191.16,299.66,1,-1,-1,-1
478,65,1382.45,517.83,199.23,308.74,1,-1,-1,-1
479,15,1394.84,500.51,199.46,326.03,1,-1,-1,-1
479,29,620.14,521.54,190.59,314.36,1,-1,-1,-1
479,32,282.12,547.39,209.38,296.00,1,-1,-1,-1
479,36,823.16,526.20,267.68,317.35,1,-1,-1,-1
479,37,652.72,599.95,221.22,239.36,1,-1,-1,-1
479,42,510.30,559.14,252.20,273.96,1,-1,-1,-1
479,43,78.75,440.13,271.31,410.23,1,-1,-1,-1
479,49,491.80,561.74,219.81,275.58,1,-1,-1,-1
479,55,1616.40,469.74,234.52,361.68,1,-1,-1,-1
479,56,1198.95,554.67,213.43,276.08,1,-1,-1,-1
479,57,1238.60,533.51,176.52,294.77,1,-1,-1,-1
479,58,1482.25,456.85,237.88,374.06,1,-1,-1,-1
479,59,417.64,501.32,231.11,348.85,1,-1,-1,-1
479,61,411.40,544.53,187.84,296.40,1,-1,-1,-1
479,63,828.50,488.03,370.92,355.03,1,-1,-1,-1
479,64,822.58,534.90,191.16,299.66,1,-1,-1,-1
479,65,1375.75,530.09,207.16,295.87,1,-1,-1,-1
480,15,1394.84,500.51,199.46,326.03,1,-1,-1,-1
480,29,623.54,527.09,179.48,307.63,1,-1,-1,-1
480,32,278.49,546.07,212.17,298.44,1,-1,-1,-1
480,36,822.14,514.83,276.79,329.60,1,-1,-1,-1
480,37,644.34,600.07,226.58,239.08,1,-1,-1,-1
480,42,510.30,559.14,252.20,273.96,1,-1,-1,-1
480,43,76.90,457.49,271.00,392.04,1,-1,-1,-1
480,49,491.80,561.74,219.81,275.58,1,-1,-1,-1
480,55,1611.37,478.41,239.23,352.37,1,-1,-1,-1
480,56,1186.20,556.65,224.86,273.32,1,-1,-1,-1
480,57,1238.60,533.51,176.52,294.77,1,-1,-1,-1
480,58,1474.47,465.43,242.59,364.80,1,-1,-1,-1
480,59,415.14,513.23,245.75,337.46,1,-1,-1,-1
480,61,411.40,544.53,187.84,296.40,1,-1,-1,-1
480,63,825.53,489.08,372.62,350.99,1,-1,-1,-1
480,64,824.01,606.34,249.69,237.78,1,-1,-1,-1
480,65,1372.28,544.77,207.83,282.14,1,-1,-1,-1
481,15,1394.84,500.51,199.46,326.03,1,-1,-1,-1
481,29,623.26,531.45,189.48,303.75,1,-1,-1,-1
481,32,279.83,547.48,186.30,291.81,1,-1,-1,-1
481,36,819.93,522.13,269.20,322.01,1,-1,-1,-1
481,37,651.53,600.65,219.38,235.33,1,-1,-1,-1
481,42,510.30,559.14,252.20,273.96,1,-1,-1,-1
481,43,76.77,472.47,275.09,376.61,1,-1,-1,-1
481,49,471.67,542.37,257.01,301.34,1,-1,-1,-1
481,55,1609.07,490.67,239.58,339.77,1,-1,-1,-1
481,56,1179.89,566.90,228.78,263.25,1,-1,-1,-1
481,57,1238.60,533.51,176.52,294.77,1,-1,-1,-1
481,58,1461.59,492.90,253.90,337.18,1,-1,-1,-1
481,59,411.20,539.89,220.64,308.94,1,-1,-1,-1
481,61,411.40,544.53,187.84,296.40,1,-1,-1,-1
481,63,822.45,479.92,379.94,361.83,1,-1,-1,-1
481,64,820.60,575.52,255.18,268.97,1,-1,-1,-1
481,65,1369.98,555.31,209.02,270.86,1,-1,-1,-1
482,15,1394.84,500.51,199.46,326.03,1,-1,-1,-1
482,29,629.59,544.75,188.37,293.10,1,-1,-1,-1
482,32,266.55,548.75,199.49,291.85,1,-1,-1,-1
482,36,821.54,526.58,265.21,315.94,1,-1,-1,-1
482,37,678.91,576.76,196.89,259.13,1,-1,-1,-1
482,42,510.30,559.14,252.20,273.96,1,-1,-1,-1
482,43,74.24,469.57,281.41,380.97,1,-1,-1,-1
482,49,473.48,548.68,244.72,295.90,1,-1,-1,-1
482,55,1617.25,490.41,231.52,341.17,1,-1,-1,-1
482,56,1179.18,574.28,232.30,256.51,1,-1,-1,-1
482,57,1238.60,533.51,176.52,294.77,1,-1,-1,-1
482,58,1466.50,515.83,247.53,316.01,1,-1,-1,-1
482,59,421.64,550.15,199.93,300.93,1,-1,-1,-1
482,61,411.40,544.53,187.84,296.40,1,-1,-1,-1
482,63,822.50,491.90,379.74,349.49,1,-1,-1,-1
482,64,820.60,575.52,255.18,268.97,1,-1,-1,-1
482,65,1377.43,533.55,200.41,294.04,1,-1,-1,-1
483,15,1394.84,500.51,199.46,326.03,1,-1,-1,-1
483,29,622.39,539.76,203.98,299.77,1,-1,-1,-1
483,32,263.48,548.27,202.56,291.27,1,-1,-1,-1
483,36,821.06,520.89,262.31,321.03,1,-1,-1,-1
483,37,673.55,554.04,204.82,281.45,1,-1,-1,-1
483,42,510.30,559.14,252.20,273.96,1,-1,-1,-1
483,43,74.62,442.18,281.37,409.02,1,-1,-1,-1
483,49,445.88,533.23,275.35,312.57,1,-1,-1,-1
483,55,1618.74,467.55,229.49,364.66,1,-1,-1,-1
483,56,1186.66,560.18,225.41,270.60,1,-1,-1,-1
483,57,1238.60,533.51,176.52,294.77,1,-1,-1,-1
483,58,1462.19,506.38,251.75,325.30,1,-1,-1,-1
483,59,426.99,528.34,267.12,320.01,1,-1,-1,-1
483,61,411.40,544.53,187.84,296.40,1,-1,-1,-1
483,63,824.51,499.08,376.78,343.01,1,-1,-1,-1
483,64,820.60,575.52,255.18,268.97,1,-1,-1,-1
483,65,1376.48,511.57,209.29,316.56,1,-1,-1,-1
484,15,1394.84,500.51,199.46,326.03,1,-1,-1,-1
484,29,628.58,522.32,179.15,317.53,1,-1,-1,-1
484,32,273.91,541.12,192.87,296.33,1,-1,-1,-1
484,36,824.25,503.10,252.82,338.57,1,-1,-1,-1
484,37,702.29,537.80,165.53,289.21,1,-1,-1,-1
484,42,510.30,559.14,252.20,273.96,1,-1,-1,-1
484,43,77.15,411.50,277.61,440.29,1,-1,-1,-1
484,49,456.92,495.24,256.86,351.76,1,-1,-1,-1
484,55,1627.57,445.74,222.86,387.44,1,-1,-1,-1
484,56,1196.17,541.62,217.17,290.30,1,-1,-1,-1
484,57,1238.60,533.51,176.52,294.77,1,-1,-1,-1
484,58,1466.05,478.19,251.00,354.19,1,-1,-1,-1
484,59,441.01,493.92,240.38,356.78,1,-1,-1,-1
484,61,411.40,544.53,187.84,296.40,1,-1,-1,-1
484,63,831.39,498.85,370.60,341.17,1,-1,-1,-1
484,64,820.60,575.52,255.18,268.97,1,-1,-1,-1
484,65,1376.39,489.64,207.60,336.62,1,-1,-1,-1
484,67,901.05,513.87,306.30,321.03,1,-1,-1,-1
485,15,1394.84,500.51,199.46,326.03,1,-1,-1,-1
485,29,624.74,503.91,184.10,334.24,1,-1,-1,-1
485,32,281.40,530.08,187.96,305.53,1,-1,-1,-1
485,36,828.90,491.35,253.12,348.99,1,-1,-1,-1
485,37,701.12,523.82,166.12,296.73,1,-1,-1,-1
485,42,510.30,559.14,252.20,273.96,1,-1,-1,-1
485,43,80.91,385.57,277.84,465.62,1,-1,-1,-1
485,49,456.92,495.24,256.86,351.76,1,-1,-1,-1
485,55,1631.26,421.31,221.76,411.45,1,-1,-1,-1
485,56,1203.95,522.43,205.73,309.55,1,-1,-1,-1
485,57,1238.60,533.51,176.52,294.77,1,-1,-1,-1
485,58,1485.67,452.20,232.91,380.83,1,-1,-1,-1
485,59,458.86,451.82,190.29,401.15,1,-1,-1,-1
485,61,411.40,544.53,187.84,296.40,1,-1,-1,-1
485,63,838.52,491.51,360.53,349.82,1,-1,-1,-1
485,64,820.60,575.52,255.18,268.97,1,-1,-1,-1
485,65,1386.00,469.94,192.23,354.06,1,-1,-1,-1
485,67,901.05,513.87,306.30,321.03,1,-1,-1,-1
486,15,1394.84,500.51,199.46,326.03,1,-1,-1,-1
486,29,628.64,495.76,175.23,337.84,1,-1,-1,-1
486,32,293.85,519.17,176.99,309.81,1,-1,-1,-1
486,36,846.28,477.64,226.91,358.38,1,-1,-1,-1
486,37,710.80,508.66,169.59,308.27,1,-1,-1,-1
486,42,510.30,559.14,252.20,273.96,1,-1,-1,-1
486,43,92.58,359.66,265.35,485.30,1,-1,-1,-1
486,49,611.42,495.54,183.13,338.40,1,-1,-1,-1
486,55,1631.67,405.85,213.45,420.59,1,-1,-1,-1
486,56,1204.21,506.26,196.21,322.16,1,-1,-1,-1
486,57,1238.60,533.51,176.52,294.77,1,-1,-1,-1
486,58,1494.23,426.54,215.23,402.91,1,-1,-1,-1
486,59,464.42,424.02,182.41,417.27,1,-1,-1,-1
486,61,411.40,544.53,187.84,296.40,1,-1,-1,-1
486,63,848.90,468.98,338.55,371.38,1,-1,-1,-1
486,64,820.60,575.52,255.18,268.97,1,-1,-1,-1
486,65,1385.59,455.25,189.68,360.82,1,-1,-1,-1
486,67,901.05,513.87,306.30,321.03,1,-1,-1,-1
487,15,1394.84,500.51,199.46,326.03,1,-1,-1,-1
487,29,482.74,405.90,202.68,422.89,1,-1,-1,-1
487,32,302.08,511.16,169.07,310.30,1,-1,-1,-1
487,36,856.36,457.57,211.91,370.10,1,-1,-1,-1
487,37,728.11,497.55,145.36,315.42,1,-1,-1,-1
487,42,510.30,559.14,252.20,273.96,1,-1,-1,-1
487,43,152.78,346.88,205.53,480.20,1,-1,-1,-1
487,49,633.25,492.35,172.11,323.00,1,-1,-1,-1
487,55,1627.82,389.10,197.57,431.17,1,-1,-1,-1
487,56,1193.86,483.44,200.63,339.56,1,-1,-1,-1
487,57,1238.60,533.51,176.52,294.77,1,-1,-1,-1
487,58,1506.96,387.44,202.39,429.27,1,-1,-1,-1
487,59,466.54,400.35,202.96,426.71,1,-1,-1,-1
487,61,411.40,544.53,187.84,296.40,1,-1,-1,-1
487,63,854.62,421.53,327.61,411.54,1,-1,-1,-1
487,64,820.60,575.52,255.18,268.97,1,-1,-1,-1
487,65,1384.22,445.35,164.94,359.86,1,-1,-1,-1
487,66,1034.57,531.96,188.95,281.30,1,-1,-1,-1
487,67,1028.16,526.86,198.24,290.85,1,-1,-1,-1
488,15,1394.84,500.51,199.46,326.03,1,-1,-1,-1
488,29,482.74,405.90,202.68,422.89,1,-1,-1,-1
488,32,311.21,512.44,163.58,310.15,1,-1,-1,-1
488,36,877.25,447.36,192.30,373.18,1,-1,-1,-1
488,37,733.64,496.09,130.24,322.04,1,-1,-1,-1
488,42,510.30,559.14,252.20,273.96,1,-1,-1,-1
488,43,164.11,340.15,200.30,483.39,1,-1,-1,-1
488,49,622.81,496.80,195.89,322.17,1,-1,-1,-1
488,55,1623.15,385.34,196.52,433.32,1,-1,-1,-1
488,56,1207.00,467.39,195.42,350.25,1,-1,-1,-1
488,57,1238.60,533.51,176.52,294.77,1,-1,-1,-1
488,58,1514.10,374.62,195.27,435.83,1,-1,-1,-1
488,59,469.06,392.02,211.61,442.97,1,-1,-1,-1
488,61,411.40,544.53,187.84,296.40,1,-1,-1,-1
488,63,877.08,402.08,297.64,423.18,1,-1,-1,-1
488,64,820.60,575.52,255.18,268.97,1,-1,-1,-1
488,65,1384.49,445.09,178.21,361.72,1,-1,-1,-1
488,66,1047.55,525.89,188.37,284.64,1,-1,-1,-1
488,67,1028.16,526.86,198.24,290.85,1,-1,-1,-1
489,15,1394.84,500.51,199.46,326.03,1,-1,-1,-1
489,29,482.74,405.90,202.68,422.89,1,-1,-1,-1
489,32,325.06,513.19,151.84,310.98,1,-1,-1,-1
489,36,897.62,448.94,172.27,371.58,1,-1,-1,-1
489,37,733.88,497.12,132.29,319.64,1,-1,-1,-1
489,42,510.30,559.14,252.20,273.96,1,-1,-1,-1
489,43,167.38,334.14,198.11,497.42,1,-1,-1,-1
489,49,626.97,500.05,180.12,329.91,1,-1,-1,-1
489,55,1616.49,390.79,202.50,425.38,1,-1,-1,-1
489,56,1209.88,456.90,195.64,356.06,1,-1,-1,-1
489,57,1238.60,533.51,176.52,294.77,1,-1,-1,-1
489,58,1513.93,371.92,202.03,446.90,1,-1,-1,-1
489,59,478.71,389.59,209.05,448.54,1,-1,-1,-1
489,61,411.40,544.53,187.84,296.40,1,-1,-1,-1
489,63,902.00,386.91,259.27,439.35,1,-1,-1,-1
489,64,820.60,575.52,255.18,268.97,1,-1,-1,-1
489,65,1383.06,447.35,197.43,369.69,1,-1,-1,-1
489,66,1057.67,526.34,177.74,286.36,1,-1,-1,-1
489,67,1028.16,526.86,198.24,290.85,1,-1,-1,-1
490,15,1394.84,500.51,199.46,326.03,1,-1,-1,-1
490,29,482.74,405.90,202.68,422.89,1,-1,-1,-1
490,32,332.58,515.09,145.65,309.22,1,-1,-1,-1
490,36,908.86,451.36,172.92,366.27,1,-1,-1,-1
490,37,745.79,498.51,120.59,317.35,1,-1,-1,-1
490,42,510.30,559.14,252.20,273.96,1,-1,-1,-1
490,43,173.82,336.79,190.67,501.73,1,-1,-1,-1
490,49,638.32,509.06,160.88,322.69,1,-1,-1,-1
490,55,1615.66,398.14,197.76,418.92,1,-1,-1,-1
490,56,1211.55,450.11,196.44,366.05,1,-1,-1,-1
490,57,1238.60,533.51,176.52,294.77,1,-1,-1,-1
490,58,1515.52,375.98,202.31,444.72,1,-1,-1,-1
490,59,491.26,395.86,198.76,445.26,1,-1,-1,-1
490,61,411.40,544.53,187.84,296.40,1,-1,-1,-1
490,63,910.23,382.02,238.53,443.21,1,-1,-1,-1
490,64,820.60,575.52,255.18,268.97,1,-1,-1,-1
490,65,1379.25,451.64,195.28,368.28,1,-1,-1,-1
490,66,1061.47,526.81,173.88,285.75,1,-1,-1,-1
490,67,1028.16,526.86,198.24,290.85,1,-1,-1,-1
491,15,1394.84,500.51,199.46,326.03,1,-1,-1,-1
491,29,482.74,405.90,202.68,422.89,1,-1,-1,-1
491,32,338.38,522.16,138.86,304.56,1,-1,-1,-1
491,36,908.86,451.36,172.92,366.27,1,-1,-1,-1
491,37,746.09,498.40,121.26,317.27,1,-1,-1,-1
491,42,510.30,559.14,252.20,273.96,1,-1,-1,-1
491,43,184.05,349.11,185.73,490.97,1,-1,-1,-1
491,49,624.13,516.70,167.71,314.55,1,-1,-1,-1
491,55,1605.63,403.85,207.87,416.04,1,-1,-1,-1
491,56,1208.79,446.72,200.84,370.89,1,-1,-1,-1
491,57,1238.60,533.51,176.52,294.77,1,-1,-1,-1
491,58,1516.74,386.76,198.27,432.23,1,-1,-1,-1
491,59,494.62,401.76,195.95,439.71,1,-1,-1,-1
491,61,411.40,544.53,187.84,296.40,1,-1,-1,-1
491,63,916.57,383.41,226.22,446.59,1,-1,-1,-1
491,64,820.60,575.52,255.18,268.97,1,-1,-1,-1
491,65,1373.24,455.02,214.10,364.50,1,-1,-1,-1
491,66,1060.62,528.14,175.74,285.44,1,-1,-1,-1
491,67,1028.16,526.86,198.24,290.85,1,-1,-1,-1
492,15,1394.84,500.51,199.46,326.03,1,-1,-1,-1
492,29,482.74,405.90,202.68,422.89,1,-1,-1,-1
492,32,315.55,525.52,160.96,298.77,1,-1,-1,-1
492,36,908.49,400.43,211.81,426.68,1,-1,-1,-1
492,37,744.54,497.26,120.05,316.67,1,-1,-1,-1
492,42,510.30,559.14,252.20,273.96,1,-1,-1,-1
492,43,180.77,377.88,177.18,461.95,1,-1,-1,-1
492,49,611.65,523.41,187.79,300.29,1,-1,-1,-1
492,55,1572.88,423.34,241.34,397.36,1,-1,-1,-1
492,56,1186.69,453.18,215.92,366.88,1,-1,-1,-1
492,57,1238.60,533.51,176.52,294.77,1,-1,-1,-1
492,58,1507.67,401.57,221.09,416.93,1,-1,-1,-1
492,59,473.99,416.92,222.72,414.28,1,-1,-1,-1
492,61,411.40,544.53,187.84,296.40,1,-1,-1,-1
492,63,912.25,392.52,209.54,433.95,1,-1,-1,-1
492,64,820.60,575.52,255.18,268.97,1,-1,-1,-1
492,65,1360.90,474.60,241.64,340.24,1,-1,-1,-1
492,66,1065.93,534.05,176.05,286.08,1,-1,-1,-1
492,67,1028.16,526.86,198.24,290.85,1,-1,-1,-1
493,15,1394.84,500.51,199.46,326.03,1,-1,-1,-1
493,29,482.74,405.90,202.68,422.89,1,-1,-1,-1
493,32,295.90,524.44,184.19,296.71,1,-1,-1,-1
493,36,908.49,400.43,211.81,426.68,1,-1,-1,-1
493,37,747.61,498.20,123.38,315.28,1,-1,-1,-1
493,42,510.30,559.14,252.20,273.96,1,-1,-1,-1
493,43,171.46,396.72,183.62,441.21,1,-1,-1,-1
493,49,604.94,525.46,197.56,298.13,1,-1,-1,-1
493,55,1565.06,442.77,247.26,377.09,1,-1,-1,-1
493,56,1182.71,456.87,205.09,362.38,1,-1,-1,-1
493,57,1238.60,533.51,176.52,294.77,1,-1,-1,-1
493,58,1503.57,409.39,241.64,408.42,1,-1,-1,-1
493,59,464.62,435.25,240.05,395.00,1,-1,-1,-1
493,61,411.40,544.53,187.84,296.40,1,-1,-1,-1
493,63,902.44,401.66,193.54,413.64,1,-1,-1,-1
493,64,820.60,575.52,255.18,268.97,1,-1,-1,-1
493,65,1355.82,473.57,251.83,340.55,1,-1,-1,-1
493,66,1067.88,536.65,178.37,274.83,1,-1,-1,-1
493,67,1028.16,526.86,198.24,290.85,1,-1,-1,-1
494,15,1394.84,500.51,199.46,326.03,1,-1,-1,-1
494,29,482.74,405.90,202.68,422.89,1,-1,-1,-1
494,32,280.30,523.35,204.56,294.38,1,-1,-1,-1
494,36,908.49,400.43,211.81,426.68,1,-1,-1,-1
494,37,742.34,498.93,131.34,312.49,1,-1,-1,-1
494,42,510.30,559.14,252.20,273.96,1,-1,-1,-1
494,43,161.21,423.49,222.35,410.63,1,-1,-1,-1
494,49,586.08,526.77,219.74,297.28,1,-1,-1,-1
494,55,1547.69,455.87,261.10,361.48,1,-1,-1,-1
494,56,1164.22,476.18,246.27,341.18,1,-1,-1,-1
494,57,1238.60,533.51,176.52,294.77,1,-1,-1,-1
494,58,1492.79,419.07,256.87,398.55,1,-1,-1,-1
494,59,463.80,456.34,249.90,373.51,1,-1,-1,-1
494,61,411.40,544.53,187.84,296.40,1,-1,-1,-1
494,63,889.92,416.17,216.20,409.65,1,-1,-1,-1
494,64,820.60,575.52,255.18,268.97,1,-1,-1,-1
494,65,1335.52,471.03,265.02,335.00,1,-1,-1,-1
494,66,1063.63,535.88,179.95,267.21,1,-1,-1,-1
494,67,1028.16,526.86,198.24,290.85,1,-1,-1,-1
495,15,1394.84,500.51,199.46,326.03,1,-1,-1,-1
495,29,482.74,405.90,202.68,422.89,1,-1,-1,-1
495,32,273.02,519.84,215.45,296.58,1,-1,-1,-1
495,36,908.49,400.43,211.81,426.68,1,-1,-1,-1
495,37,744.24,500.39,133.53,309.75,1,-1,-1,-1
495,42,510.30,559.14,252.20,273.96,1,-1,-1,-1
495,43,150.99,449.11,266.65,379.15,1,-1,-1,-1
495,49,543.89,510.10,259.44,312.29,1,-1,-1,-1
495,55,1528.14,465.67,260.17,350.41,1,-1,-1,-1
495,56,1153.08,493.14,263.41,319.72,1,-1,-1,-1
495,57,1347.91,601.04,223.55,208.86,1,-1,-1,-1
495,58,1485.54,426.86,275.91,392.93,1,-1,-1,-1
495,59,449.27,479.88,271.59,352.36,1,-1,-1,-1
495,61,411.40,544.53,187.84,296.40,1,-1,-1,-1
495,63,868.11,444.12,242.15,373.61,1,-1,-1,-1
495,64,820.60,575.52,255.18,268.97,1,-1,-1,-1
495,65,1318.19,472.31,229.52,326.63,1,-1,-1,-1
495,66,1056.06,531.62,197.41,265.79,1,-1,-1,-1
495,67,1028.16,526.86,198.24,290.85,1,-1,-1,-1
496,15,1394.84,500.51,199.46,326.03,1,-1,-1,-1
496,29,482.74,405.90,202.68,422.89,1,-1,-1,-1
496,32,254.07,508.47,242.24,305.43,1,-1,-1,-1
496,36,908.49,400.43,211.81,426.68,1,-1,-1,-1
496,37,748.98,502.25,145.88,308.72,1,-1,-1,-1
496,42,510.30,559.14,252.20,273.96,1,-1,-1,-1
496,43,138.70,471.20,250.76,357.87,1,-1,-1,-1
496,49,524.83,497.42,279.67,324.81,1,-1,-1,-1
496,55,1528.14,465.67,260.17,350.41,1,-1,-1,-1
496,56,1117.49,504.36,299.17,301.44,1,-1,-1,-1
496,57,1347.91,601.04,223.55,208.86,1,-1,-1,-1
496,58,1478.88,434.29,283.83,382.79,1,-1,-1,-1
496,59,457.19,487.97,263.82,342.03,1,-1,-1,-1
496,61,411.40,544.53,187.84,296.40,1,-1,-1,-1
496,63,856.10,469.91,255.92,346.23,1,-1,-1,-1
496,64,848.66,577.98,261.43,239.73,1,-1,-1,-1
496,65,1311.82,473.48,249.35,329.41,1,-1,-1,-1
496,66,1050.43,526.74,208.70,276.53,1,-1,-1,-1
496,67,1028.16,526.86,198.24,290.85,1,-1,-1,-1
497,15,1394.84,500.51,199.46,326.03,1,-1,-1,-1
497,29,482.74,405.90,202.68,422.89,1,-1,-1,-1
497,32,247.46,499.82,243.26,321.14,1,-1,-1,-1
497,36,908.49,400.43,211.81,426.68,1,-1,-1,-1
497,37,743.97,510.16,164.09,305.26,1,-1,-1,-1
497,42,510.30,559.14,252.20,273.96,1,-1,-1,-1
497,43,130.52,501.35,255.82,331.20,1,-1,-1,-1
497,49,527.23,501.20,291.78,325.01,1,-1,-1,-1
497,55,1452.44,459.06,291.90,355.85,1,-1,-1,-1
497,56,1128.52,520.97,297.34,287.41,1,-1,-1,-1
497,57,1503.96,513.93,230.47,303.25,1,-1,-1,-1
497,58,1448.33,454.97,299.09,362.27,1,-1,-1,-1
497,59,438.22,515.05,287.83,321.57,1,-1,-1,-1
497,61,411.40,544.53,187.84,296.40,1,-1,-1,-1
497,63,856.10,469.91,255.92,346.23,1,-1,-1,-1
497,64,838.62,532.10,282.62,289.02,1,-1,-1,-1
497,65,1313.94,480.07,229.48,323.51,1,-1,-1,-1
497,66,1042.58,520.04,212.07,288.55,1,-1,-1,-1
497,67,1028.16,526.86,198.24,290.85,1,-1,-1,-1
498,15,1394.84,500.51,199.46,326.03,1,-1,-1,-1
498,29,482.74,405.90,202.68,422.89,1,-1,-1,-1
498,32,252.42,492.14,226.68,326.33,1,-1,-1,-1
498,36,908.49,400.43,211.81,426.68,1,-1,-1,-1
498,37,542.02,493.34,261.87,325.82,1,-1,-1,-1
498,42,510.30,559.14,252.20,273.96,1,-1,-1,-1
498,43,132.39,520.10,258.08,313.93,1,-1,-1,-1
498,49,526.29,502.86,291.07,318.48,1,-1,-1,-1
498,55,1422.08,465.87,314.81,344.86,1,-1,-1,-1
498,56,1137.37,538.21,290.69,274.49,1,-1,-1,-1
498,57,1519.38,508.66,240.42,309.87,1,-1,-1,-1
498,58,1426.45,465.43,321.54,351.71,1,-1,-1,-1
498,59,429.30,531.85,307.68,300.13,1,-1,-1,-1
498,61,411.40,544.53,187.84,296.40,1,-1,-1,-1
498,63,751.74,515.02,199.06,298.70,1,-1,-1,-1
498,64,840.20,543.39,285.69,277.59,1,-1,-1,-1
498,65,1298.33,478.72,236.01,331.00,1,-1,-1,-1
498,66,1047.63,527.33,217.03,280.44,1,-1,-1,-1
498,67,1028.16,526.86,198.24,290.85,1,-1,-1,-1
499,15,1394.84,500.51,199.46,326.03,1,-1,-1,-1
499,29,482.74,405.90,202.68,422.89,1,-1,-1,-1
499,32,263.15,498.28,217.42,322.88,1,-1,-1,-1
499,36,908.49,400.43,211.81,426.68,1,-1,-1,-1
499,37,432.41,536.57,309.38,292.80,1,-1,-1,-1
499,42,510.30,559.14,252.20,273.96,1,-1,-1,-1
499,43,141.70,527.81,256.16,302.66,1,-1,-1,-1
499,49,531.70,505.57,280.98,312.86,1,-1,-1,-1
499,55,1422.78,466.26,298.01,343.14,1,-1,-1,-1
499,56,1143.53,559.08,294.29,257.35,1,-1,-1,-1
499,57,1517.99,511.99,259.58,304.95,1,-1,-1,-1
499,58,1426.45,465.43,321.54,351.71,1,-1,-1,-1
499,59,180.10,522.50,323.35,306.58,1,-1,-1,-1
499,61,411.40,544.53,187.84,296.40,1,-1,-1,-1
499,63,749.55,518.69,219.00,297.12,1,-1,-1,-1
499,64,832.17,553.43,295.84,264.66,1,-1,-1,-1
499,65,1293.41,480.15,247.78,330.67,1,-1,-1,-1
499,66,1051.96,533.13,206.39,277.03,1,-1,-1,-1
499,67,1028.16,526.86,198.24,290.85,1,-1,-1,-1
500,15,1394.84,500.51,199.46,326.03,1,-1,-1,-1
500,29,482.74,405.90,202.68,422.89,1,-1,-1,-1
500,32,253.51,509.48,195.69,310.78,1,-1,-1,-1
500,36,908.49,400.43,211.81,426.68,1,-1,-1,-1
500,37,412.21,544.07,319.99,284.27,1,-1,-1,-1
500,42,510.30,559.14,252.20,273.96,1,-1,-1,-1
500,43,148.98,535.29,244.69,292.69,1,-1,-1,-1
500,49,538.59,502.82,271.49,316.44,1,-1,-1,-1
500,55,1433.16,471.28,279.83,341.74,1,-1,-1,-1
500,56,1148.06,564.70,277.51,249.62,1,-1,-1,-1
500,57,1532.56,514.91,258.46,300.42,1,-1,-1,-1
500,58,1426.45,465.43,321.54,351.71,1,-1,-1,-1
500,59,180.10,522.50,323.35,306.58,1,-1,-1,-1
500,61,411.40,544.53,187.84,296.40,1,-1,-1,-1
500,63,763.46,511.80,272.06,307.26,1,-1,-1,-1
500,64,784.21,543.92,353.21,277.70,1,-1,-1,-1
500,65,1293.35,479.79,229.30,329.99,1,-1,-1,-1
500,66,1061.88,532.01,186.82,281.12,1,-1,-1,-1
500,67,1028.16,526.86,198.24,290.85,1,-1,-1,-1
501,15,1394.84,500.51,199.46,326.03,1,-1,-1,-1
501,29,482.74,405.90,202.68,422.89,1,-1,-1,-1
501,32,253.47,512.67,177.90,301.93,1,-1,-1,-1
501,36,908.49,400.43,211.81,426.68,1,-1,-1,-1
501,37,305.61,542.97,417.55,283.44,1,-1,-1,-1
501,42,510.30,559.14,252.20,273.96,1,-1,-1,-1
501,43,274.85,553.44,386.48,270.29,1,-1,-1,-1
501,49,423.26,544.28,306.40,281.40,1,-1,-1,-1
501,55,1434.73,476.73,218.04,336.44,1,-1,-1,-1
501,56,1135.07,567.75,294.93,246.13,1,-1,-1,-1
501,57,1543.37,516.42,253.29,295.49,1,-1,-1,-1
501,58,1426.45,465.43,321.54,351.71,1,-1,-1,-1
501,59,154.99,541.95,237.57,286.80,1,-1,-1,-1
501,61,411.40,544.53,187.84,296.40,1,-1,-1,-1
501,63,571.43,503.25,237.81,312.54,1,-1,-1,-1
501,64,768.16,514.66,260.33,301.69,1,-1,-1,-1
501,65,1289.42,480.29,182.83,318.22,1,-1,-1,-1
501,66,1070.86,531.27,169.75,276.67,1,-1,-1,-1
501,67,1028.16,526.86,198.24,290.85,1,-1,-1,-1
502,15,1394.84,500.51,199.46,326.03,1,-1,-1,-1
502,29,482.74,405.90,202.68,422.89,1,-1,-1,-1
502,32,259.36,499.12,196.38,319.62,1,-1,-1,-1
502,36,1062.29,515.39,217.69,295.23,1,-1,-1,-1
502,37,305.61,542.97,417.55,283.44,1,-1,-1,-1
502,42,510.30,559.14,252.20,273.96,1,-1,-1,-1
502,43,274.85,553.44,386.48,270.29,1,-1,-1,-1
502,49,410.33,546.79,282.39,278.55,1,-1,-1,-1
502,55,1426.29,475.58,219.46,327.50,1,-1,-1,-1
502,56,1133.22,548.36,264.38,261.87,1,-1,-1,-1
502,57,1488.91,516.83,324.62,299.07,1,-1,-1,-1
502,58,1426.45,465.43,321.54,351.71,1,-1,-1,-1
502,59,116.08,555.12,289.37,269.56,1,-1,-1,-1
502,61,411.40,544.53,187.84,296.40,1,-1,-1,-1
502,63,550.58,525.46,220.30,293.57,1,-1,-1,-1
502,64,766.14,505.99,241.61,313.44,1,-1,-1,-1
502,65,1239.24,467.36,242.31,338.64,1,-1,-1,-1
502,66,1078.73,526.59,160.59,277.98,1,-1,-1,-1
502,67,1028.16,526.86,198.24,290.85,1,-1,-1,-1
503,29,482.74,405.90,202.68,422.89,1,-1,-1,-1
503,32,252.09,488.92,229.60,328.54,1,-1,-1,-1
503,36,1062.28,510.39,250.76,304.26,1,-1,-1,-1
503,37,305.61,542.97,417.55,283.44,1,-1,-1,-1
503,42,510.30,559.14,252.20,273.96,1,-1,-1,-1
503,43,274.85,553.44,386.48,270.29,1,-1,-1,-1
503,49,364.54,540.12,314.95,284.99,1,-1,-1,-1
503,55,1422.30,477.30,226.14,332.64,1,-1,-1,-1
503,56,1133.95,531.84,230.27,284.79,1,-1,-1,-1
503,57,1476.54,511.01,346.24,306.03,1,-1,-1,-1
503,58,1465.06,505.07,344.32,315.05,1,-1,-1,-1
503,59,86.39,556.85,310.38,265.88,1,-1,-1,-1
503,61,411.40,544.53,187.84,296.40,1,-1,-1,-1
503,63,545.52,497.31,221.31,316.18,1,-1,-1,-1
503,64,765.11,502.18,242.55,319.15,1,-1,-1,-1
503,65,1251.67,449.52,242.82,354.16,1,-1,-1,-1
503,66,1078.73,526.59,160.59,277.98,1,-1,-1,-1
503,67,1028.16,526.86,198.24,290.85,1,-1,-1,-1
504,29,482.74,405.90,202.68,422.89,1,-1,-1,-1
504,32,247.85,485.92,228.00,319.04,1,-1,-1,-1
504,36,1069.27,506.45,270.37,309.88,1,-1,-1,-1
504,37,274.07,505.08,387.12,318.46,1,-1,-1,-1
504,42,510.30,559.14,252.20,273.96,1,-1,-1,-1
504,43,517.93,545.36,236.37,274.56,1,-1,-1,-1
504,49,357.16,530.70,312.18,299.34,1,-1,-1,-1
504,55,1410.75,474.82,255.06,339.45,1,-1,-1,-1
504,56,1133.95,531.84,230.27,284.79,1,-1,-1,-1
504,57,1458.51,512.23,360.53,308.70,1,-1,-1,-1
504,58,1433.61,505.48,382.20,316.97,1,-1,-1,-1
504,59,44.53,560.96,350.01,261.53,1,-1,-1,-1
504,61,411.40,544.53,187.84,296.40,1,-1,-1,-1
504,63,539.79,485.06,219.22,327.83,1,-1,-1,-1
504,64,767.26,505.48,246.86,317.02,1,-1,-1,-1
504,65,1247.11,452.18,242.41,346.37,1,-1,-1,-1
504,66,1050.14,505.12,215.40,303.60,1,-1,-1,-1
504,67,1028.16,526.86,198.24,290.85,1,-1,-1,-1
505,29,482.74,405.90,202.68,422.89,1,-1,-1,-1
505,32,248.02,483.57,226.15,328.69,1,-1,-1,-1
505,36,1063.94,497.01,277.17,323.97,1,-1,-1,-1
505,37,280.82,498.47,376.91,325.56,1,-1,-1,-1
505,42,510.30,559.14,252.20,273.96,1,-1,-1,-1
505,43,557.73,547.80,208.95,267.00,1,-1,-1,-1
505,49,348.05,520.42,324.33,304.63,1,-1,-1,-1
505,55,1401.13,469.92,245.43,336.07,1,-1,-1,-1
505,56,1133.95,531.84,230.27,284.79,1,-1,-1,-1
505,57,1417.59,527.69,391.70,296.34,1,-1,-1,-1
505,58,1433.61,505.48,382.20,316.97,1,-1,-1,-1
505,59,9.40,557.48,396.93,266.78,1,-1,-1,-1
505,61,411.40,544.53,187.84,296.40,1,-1,-1,-1
505,63,542.87,484.34,217.26,325.36,1,-1,-1,-1
505,64,762.38,507.14,251.61,317.33,1,-1,-1,-1
505,65,1240.92,461.59,226.31,340.13,1,-1,-1,-1
505,66,1048.56,506.15,211.25,307.23,1,-1,-1,-1
505,67,1028.16,526.86,198.24,290.85,1,-1,-1,-1
506,29,482.74,405.90,202.68,422.89,1,-1,-1,-1
506,32,255.54,493.39,201.71,318.37,1,-1,-1,-1
506,36,1077.81,490.60,254.70,333.14,1,-1,-1,-1
506,37,297.13,500.23,358.41,328.66,1,-1,-1,-1
506,42,510.30,559.14,252.20,273.96,1,-1,-1,-1
506,43,570.05,535.14,197.14,289.46,1,-1,-1,-1
506,49,354.24,506.25,310.10,323.23,1,-1,-1,-1
506,55,1398.82,462.61,258.24,359.42,1,-1,-1,-1
506,56,1133.95,531.84,230.27,284.79,1,-1,-1,-1
506,57,1404.27,531.32,389.52,291.05,1,-1,-1,-1
506,58,1403.18,588.68,254.75,233.51,1,-1,-1,-1
506,59,4.44,552.12,409.54,278.86,1,-1,-1,-1
506,61,411.40,544.53,187.84,296.40,1,-1,-1,-1
506,63,559.93,493.19,197.09,322.43,1,-1,-1,-1
506,64,756.54,507.02,250.17,318.32,1,-1,-1,-1
506,65,1237.82,476.77,206.95,322.02,1,-1,-1,-1
506,66,1047.87,516.44,190.94,298.43,1,-1,-1,-1
506,67,1028.16,526.86,198.24,290.85,1,-1,-1,-1
507,29,482.74,405.90,202.68,422.89,1,-1,-1,-1
507,32,274.65,519.23,148.72,274.88,1,-1,-1,-1
507,36,1093.74,473.19,226.70,349.62,1,-1,-1,-1
507,37,359.93,481.25,307.89,349.01,1,-1,-1,-1
507,42,510.30,559.14,252.20,273.96,1,-1,-1,-1
507,43,570.05,535.14,197.14,289.46,1,-1,-1,-1
507,49,358.05,479.19,304.74,350.11,1,-1,-1,-1
507,55,1398.01,456.04,252.78,367.27,1,-1,-1,-1
507,56,1133.95,531.84,230.27,284.79,1,-1,-1,-1
507,57,1469.84,530.53,228.51,282.16,1,-1,-1,-1
507,58,1457.32,534.26,208.27,279.29,1,-1,-1,-1
507,59,3.80,538.82,386.59,292.49,1,-1,-1,-1
507,63,572.67,508.98,190.86,313.47,1,-1,-1,-1
507,64,750.09,502.75,221.84,320.34,1,-1,-1,-1
507,65,1221.17,482.61,169.22,315.74,1,-1,-1,-1
507,66,1038.69,527.22,197.79,286.50,1,-1,-1,-1
507,67,1028.16,526.86,198.24,290.85,1,-1,-1,-1
508,29,482.74,405.90,202.68,422.89,1,-1,-1,-1
508,32,280.82,522.60,131.46,300.07,1,-1,-1,-1
508,36,1105.12,461.12,186.27,359.80,1,-1,-1,-1
508,37,359.93,481.25,307.89,349.01,1,-1,-1,-1
508,42,510.30,559.14,252.20,273.96,1,-1,-1,-1
508,43,773.77,515.62,166.34,296.22,1,-1,-1,-1
508,49,350.96,465.58,304.91,365.18,1,-1,-1,-1
508,55,1389.00,450.05,194.29,374.27,1,-1,-1,-1
508,56,1038.55,537.00,169.35,269.73,1,-1,-1,-1
508,57,1399.99,458.25,265.25,363.81,1,-1,-1,-1
508,58,1454.84,524.67,214.35,291.49,1,-1,-1,-1
508,59,3.35,534.81,325.16,295.36,1,-1,-1,-1
508,63,558.70,509.78,203.70,315.76,1,-1,-1,-1
508,64,751.66,499.76,208.42,323.75,1,-1,-1,-1
508,65,1235.65,483.30,141.48,322.72,1,-1,-1,-1
508,66,1030.11,529.55,200.89,279.60,1,-1,-1,-1
508,67,1028.16,526.86,198.24,290.85,1,-1,-1,-1
509,29,482.74,405.90,202.68,422.89,1,-1,-1,-1
509,32,35.37,528.56,350.51,300.22,1,-1,-1,-1
509,36,1092.14,452.65,192.17,368.03,1,-1,-1,-1
509,37,322.50,454.24,327.47,378.40,1,-1,-1,-1
509,42,510.30,559.14,252.20,273.96,1,-1,-1,-1
509,43,773.77,515.62,166.34,296.22,1,-1,-1,-1
509,49,292.73,511.85,142.51,310.89,1,-1,-1,-1
509,55,1383.20,445.30,169.49,377.20,1,-1,-1,-1
509,56,1015.72,544.39,161.96,261.59,1,-1,-1,-1
509,57,1399.99,458.25,265.25,363.81,1,-1,-1,-1
509,58,1466.90,511.68,209.79,299.96,1,-1,-1,-1
509,59,6.15,525.50,278.96,304.11,1,-1,-1,-1
509,63,558.55,504.16,203.97,317.05,1,-1,-1,-1
509,64,756.23,487.76,183.72,335.22,1,-1,-1,-1
509,65,1214.04,480.66,156.23,327.03,1,-1,-1,-1
509,66,1020.17,531.57,230.72,281.21,1,-1,-1,-1
509,67,1028.16,526.86,198.24,290.85,1,-1,-1,-1
510,29,482.74,405.90,202.68,422.89,1,-1,-1,-1
510,32,35.37,528.56,350.51,300.22,1,-1,-1,-1
510,36,1085.97,446.43,208.33,371.03,1,-1,-1,-1
510,37,374.48,443.33,218.28,382.62,1,-1,-1,-1
510,43,773.77,515.62,166.34,296.22,1,-1,-1,-1
510,49,290.61,509.28,118.95,312.45,1,-1,-1,-1
510,55,1360.57,438.83,183.79,383.23,1,-1,-1,-1
510,56,997.22,561.95,172.29,239.61,1,-1,-1,-1
510,57,1399.99,458.25,265.25,363.81,1,-1,-1,-1
510,58,1457.70,504.04,210.37,309.15,1,-1,-1,-1
510,59,9.01,510.85,251.84,320.04,1,-1,-1,-1
510,63,560.86,491.96,201.37,331.01,1,-1,-1,-1
510,64,754.75,474.58,168.80,347.96,1,-1,-1,-1
510,65,1199.78,477.70,164.11,323.55,1,-1,-1,-1
510,66,1020.17,531.57,230.72,281.21,1,-1,-1,-1
510,67,1028.16,526.86,198.24,290.85,1,-1,-1,-1
510,68,815.31,524.63,162.30,288.28,1,-1,-1,-1
511,29,482.74,405.90,202.68,422.89,1,-1,-1,-1
511,32,35.37,528.56,350.51,300.22,1,-1,-1,-1
511,36,1104.39,436.85,200.96,373.51,1,-1,-1,-1
511,37,392.71,430.97,187.26,393.80,1,-1,-1,-1
511,43,937.34,557.65,257.14,248.41,1,-1,-1,-1
511,49,281.58,503.61,130.15,314.92,1,-1,-1,-1
511,55,1228.21,475.07,185.63,327.02,1,-1,-1,-1
511,56,957.89,561.96,202.32,244.83,1,-1,-1,-1
511,57,1357.92,437.07,187.58,385.67,1,-1,-1,-1
511,58,1465.67,496.99,211.01,318.87,1,-1,-1,-1
511,59,26.59,504.23,217.83,323.99,1,-1,-1,-1
511,63,567.24,481.66,203.35,341.94,1,-1,-1,-1
511,64,739.56,462.57,182.07,356.71,1,-1,-1,-1
511,65,1053.60,560.72,249.43,254.43,1,-1,-1,-1
511,66,1022.53,563.08,245.30,247.44,1,-1,-1,-1
511,67,1028.16,526.86,198.24,290.85,1,-1,-1,-1
511,68,827.12,532.54,166.56,279.25,1,-1,-1,-1
512,29,482.74,405.90,202.68,422.89,1,-1,-1,-1
512,32,35.37,528.56,350.51,300.22,1,-1,-1,-1
512,36,1073.40,413.42,250.05,402.27,1,-1,-1,-1
512,37,404.19,412.01,164.67,411.58,1,-1,-1,-1
512,43,1027.02,552.12,213.00,258.87,1,-1,-1,-1
512,49,282.02,515.88,128.31,304.60,1,-1,-1,-1
512,55,1213.13,489.24,192.68,298.21,1,-1,-1,-1
512,56,942.53,566.50,181.25,232.85,1,-1,-1,-1
512,57,1326.39,426.97,215.11,379.50,1,-1,-1,-1
512,58,1448.43,481.03,237.50,335.18,1,-1,-1,-1
512,59,27.16,485.27,206.54,344.72,1,-1,-1,-1
512,63,594.09,482.06,192.92,344.06,1,-1,-1,-1
512,64,716.88,458.60,208.76,362.26,1,-1,-1,-1
512,65,1053.60,560.72,249.43,254.43,1,-1,-1,-1
512,66,1053.19,546.52,267.94,271.10,1,-1,-1,-1
512,67,1028.16,526.86,198.24,290.85,1,-1,-1,-1
512,68,823.83,539.88,200.46,268.02,1,-1,-1,-1
513,29,482.74,405.90,202.68,422.89,1,-1,-1,-1
513,32,35.37,528.56,350.51,300.22,1,-1,-1,-1
513,36,1056.46,405.75,280.63,415.05,1,-1,-1,-1
513,37,406.65,406.33,176.40,420.09,1,-1,-1,-1
513,43,1027.02,552.12,213.00,258.87,1,-1,-1,-1
513,49,289.72,532.67,120.00,287.76,1,-1,-1,-1
513,55,1224.66,496.11,173.10,290.72,1,-1,-1,-1
513,56,926.55,568.44,192.82,235.39,1,-1,-1,-1
513,57,1294.12,423.24,253.86,396.40,1,-1,-1,-1
513,58,1444.30,478.74,231.94,325.23,1,-1,-1,-1
513,59,15.94,479.03,210.86,348.93,1,-1,-1,-1
513,63,596.93,480.63,192.06,344.25,1,-1,-1,-1
513,64,716.46,452.52,224.52,367.44,1,-1,-1,-1
513,65,1053.60,560.72,249.43,254.43,1,-1,-1,-1
513,66,1047.90,552.17,223.72,266.39,1,-1,-1,-1
513,67,1028.16,526.86,198.24,290.85,1,-1,-1,-1
513,68,832.06,537.91,211.01,272.87,1,-1,-1,-1
514,29,482.74,405.90,202.68,422.89,1,-1,-1,-1
514,32,35.37,528.56,350.51,300.22,1,-1,-1,-1
514,36,1053.64,410.30,294.02,419.09,1,-1,-1,-1
514,37,406.16,404.36,183.47,424.15,1,-1,-1,-1
514,43,1027.02,552.12,213.00,258.87,1,-1,-1,-1
514,49,295.90,540.96,123.53,280.55,1,-1,-1,-1
514,55,1222.33,504.99,172.22,286.42,1,-1,-1,-1
514,56,938.11,570.18,182.35,240.14,1,-1,-1,-1
514,57,1294.12,423.24,253.86,396.40,1,-1,-1,-1
514,58,1443.79,477.34,210.86,325.84,1,-1,-1,-1
514,59,1.59,467.76,224.26,359.87,1,-1,-1,-1
514,63,607.82,478.85,187.39,345.19,1,-1,-1,-1
514,64,721.31,446.35,234.08,375.40,1,-1,-1,-1
514,65,1053.60,560.72,249.43,254.43,1,-1,-1,-1
514,66,1045.02,552.86,245.89,269.50,1,-1,-1,-1
514,67,1028.16,526.86,198.24,290.85,1,-1,-1,-1
514,68,853.98,540.73,202.75,273.74,1,-1,-1,-1
515,29,482.74,405.90,202.68,422.89,1,-1,-1,-1
515,32,35.37,528.56,350.51,300.22,1,-1,-1,-1
515,36,1065.97,410.15,284.92,416.35,1,-1,-1,-1
515,37,406.39,407.64,184.39,417.60,1,-1,-1,-1
515,43,1027.02,552.12,213.00,258.87,1,-1,-1,-1
515,49,298.71,538.97,130.20,281.66,1,-1,-1,-1
515,55,1233.96,513.23,174.87,287.18,1,-1,-1,-1
515,56,952.20,573.02,151.87,234.76,1,-1,-1,-1
515,57,1303.87,437.13,261.31,381.81,1,-1,-1,-1
515,58,1443.17,472.72,181.20,318.65,1,-1,-1,-1
515,59,1.97,460.81,232.68,368.40,1,-1,-1,-1
515,63,612.63,476.52,191.00,347.84,1,-1,-1,-1
515,64,712.42,447.98,244.65,372.52,1,-1,-1,-1
515,65,1053.60,560.72,249.43,254.43,1,-1,-1,-1
515,66,1045.02,552.86,245.89,269.50,1,-1,-1,-1
515,67,1028.16,526.86,198.24,290.85,1,-1,-1,-1
515,68,890.20,537.89,167.98,274.72,1,-1,-1,-1
516,29,482.74,405.90,202.68,422.89,1,-1,-1,-1
516,32,35.37,528.56,350.51,300.22,1,-1,-1,-1
516,36,1074.75,411.45,281.79,412.81,1,-1,-1,-1
516,37,402.34,407.58,195.40,417.94,1,-1,-1,-1
516,43,1027.02,552.12,213.00,258.87,1,-1,-1,-1
516,49,298.71,538.97,130.20,281.66,1,-1,-1,-1
516,55,1237.51,517.23,185.22,288.16,1,-1,-1,-1
516,56,947.32,567.61,159.74,239.51,1,-1,-1,-1
516,57,1311.76,432.89,264.08,386.29,1,-1,-1,-1
516,58,1452.28,467.09,159.49,341.64,1,-1,-1,-1
516,59,3.15,456.99,237.78,372.82,1,-1,-1,-1
516,63,609.59,478.12,202.63,345.57,1,-1,-1,-1
516,64,696.51,448.61,258.41,371.80,1,-1,-1,-1
516,65,1053.60,560.72,249.43,254.43,1,-1,-1,-1
516,66,1045.02,552.86,245.89,269.50,1,-1,-1,-1
516,67,1028.16,526.86,198.24,290.85,1,-1,-1,-1
516,68,905.67,540.21,173.70,272.95,1,-1,-1,-1
517,29,482.74,405.90,202.68,422.89,1,-1,-1,-1
517,32,35.37,528.56,350.51,300.22,1,-1,-1,-1
517,36,1088.74,419.83,258.53,407.39,1,-1,-1,-1
517,37,370.96,408.39,212.26,417.59,1,-1,-1,-1
517,43,1027.02,552.12,213.00,258.87,1,-1,-1,-1
517,49,298.71,538.97,130.20,281.66,1,-1,-1,-1
517,55,1253.66,512.32,197.85,293.31,1,-1,-1,-1
517,56,947.32,567.61,159.74,239.51,1,-1,-1,-1
517,57,1316.90,426.13,278.08,393.79,1,-1,-1,-1
517,58,1421.63,466.99,215.34,342.76,1,-1,-1,-1
517,59,33.27,453.34,213.32,375.49,1,-1,-1,-1
517,63,594.51,478.12,221.57,346.50,1,-1,-1,-1
517,64,681.76,436.54,250.63,383.75,1,-1,-1,-1
517,65,1053.60,560.72,249.43,254.43,1,-1,-1,-1
517,66,1045.02,552.86,245.89,269.50,1,-1,-1,-1
517,67,1028.16,526.86,198.24,290.85,1,-1,-1,-1
517,68,930.38,538.59,209.93,280.00,1,-1,-1,-1
517,69,319.10,525.81,151.81,288.04,1,-1,-1,-1
518,32,35.37,528.56,350.51,300.22,1,-1,-1,-1
518,36,1061.93,422.03,280.36,405.78,1,-1,-1,-1
518,37,355.88,411.98,232.73,413.97,1,-1,-1,-1
518,43,1027.02,552.12,213.00,258.87,1,-1,-1,-1
518,49,314.92,523.34,173.08,293.86,1,-1,-1,-1
518,55,1253.66,512.32,197.85,293.31,1,-1,-1,-1
518,56,947.32,567.61,159.74,239.51,1,-1,-1,-1
518,57,1315.14,429.29,270.60,393.20,1,-1,-1,-1
518,58,1388.21,467.99,277.32,340.94,1,-1,-1,-1
518,59,37.55,448.83,208.91,377.62,1,-1,-1,-1
518,63,596.63,467.64,249.96,356.76,1,-1,-1,-1
518,64,682.89,440.38,201.54,378.12,1,-1,-1,-1
518,65,1053.60,560.72,249.43,254.43,1,-1,-1,-1
518,66,1045.02,552.86,245.89,269.50,1,-1,-1,-1
518,68,927.04,539.18,204.87,274.52,1,-1,-1,-1
518,69,342.51,429.83,227.48,390.22,1,-1,-1,-1
518,70,760.74,483.49,168.97,326.03,1,-1,-1,-1
519,32,35.37,528.56,350.51,300.22,1,-1,-1,-1
519,36,1062.64,422.94,287.44,404.52,1,-1,-1,-1
519,37,352.33,423.12,237.18,404.41,1,-1,-1,-1
519,43,1027.02,552.12,213.00,258.87,1,-1,-1,-1
519,49,305.03,525.24,207.80,292.48,1,-1,-1,-1
519,55,1293.15,463.08,217.22,345.49,1,-1,-1,-1
519,56,947.32,567.61,159.74,239.51,1,-1,-1,-1
519,57,1308.67,426.15,266.15,394.84,1,-1,-1,-1
519,58,1380.12,475.32,305.02,335.65,1,-1,-1,-1
519,59,32.23,444.26,214.62,379.47,1,-1,-1,-1
519,63,622.96,476.92,216.76,346.01,1,-1,-1,-1
519,64,689.47,440.17,172.35,369.69,1,-1,-1,-1
519,65,1053.60,560.72,249.43,254.43,1,-1,-1,-1
519,66,1045.02,552.86,245.89,269.50,1,-1,-1,-1
519,68,930.89,542.52,208.80,272.07,1,-1,-1,-1
519,69,342.51,429.83,227.48,390.22,1,-1,-1,-1
519,70,764.61,487.89,196.98,327.75,1,-1,-1,-1
520,32,35.37,528.56,350.51,300.22,1,-1,-1,-1
520,36,1106.16,427.71,261.91,396.44,1,-1,-1,-1
520,37,352.95,428.71,225.74,393.95,1,-1,-1,-1
520,43,1027.02,552.12,213.00,258.87,1,-1,-1,-1
520,49,319.06,535.77,205.52,285.11,1,-1,-1,-1
520,55,1311.67,432.61,251.72,387.88,1,-1,-1,-1
520,56,947.32,567.61,159.74,239.51,1,-1,-1,-1
520,57,1309.04,425.77,261.33,396.87,1,-1,-1,-1
520,58,1395.96,484.37,296.72,329.23,1,-1,-1,-1
520,59,44.87,441.76,204.49,382.31,1,-1,-1,-1
520,63,662.46,479.54,181.87,345.67,1,-1,-1,-1
520,64,702.02,442.47,157.90,369.75,1,-1,-1,-1
520,65,1053.60,560.72,249.43,254.43,1,-1,-1,-1
520,66,1105.07,441.59,254.21,382.06,1,-1,-1,-1
520,68,930.17,544.56,218.11,266.67,1,-1,-1,-1
520,69,342.51,429.83,227.48,390.22,1,-1,-1,-1
520,70,778.24,484.77,191.23,335.45,1,-1,-1,-1
521,32,35.37,528.56,350.51,300.22,1,-1,-1,-1
521,36,1120.60,433.64,263.21,397.27,1,-1,-1,-1
521,37,385.93,437.66,188.33,383.76,1,-1,-1,-1
521,43,1027.02,552.12,213.00,258.87,1,-1,-1,-1
521,49,328.04,546.52,212.13,276.51,1,-1,-1,-1
521,55,1311.67,432.61,251.72,387.88,1,-1,-1,-1
521,56,947.32,567.61,159.74,239.51,1,-1,-1,-1
521,57,1309.14,432.08,269.87,387.53,1,-1,-1,-1
521,58,1429.36,492.47,257.92,319.24,1,-1,-1,-1
521,59,76.29,443.49,168.43,381.43,1,-1,-1,-1
521,63,692.79,494.86,156.50,329.08,1,-1,-1,-1
521,64,697.21,486.74,149.81,335.56,1,-1,-1,-1
521,65,1053.60,560.72,249.43,254.43,1,-1,-1,-1
521,66,1105.07,441.59,254.21,382.06,1,-1,-1,-1
521,68,970.36,545.01,188.71,268.33,1,-1,-1,-1
521,69,679.20,443.77,141.62,371.37,1,-1,-1,-1
521,70,797.46,483.80,160.89,339.19,1,-1,-1,-1
522,32,35.37,528.56,350.51,300.22,1,-1,-1,-1
522,36,1140.34,450.21,228.94,373.03,1,-1,-1,-1
522,37,366.17,453.92,198.42,372.01,1,-1,-1,-1
522,43,1027.02,552.12,213.00,258.87,1,-1,-1,-1
522,49,352.75,558.21,197.44,268.82,1,-1,-1,-1
522,55,1398.19,506.90,197.63,315.03,1,-1,-1,-1
522,56,924.70,559.59,156.04,246.88,1,-1,-1,-1
522,57,1327.72,454.09,269.67,366.24,1,-1,-1,-1
522,58,1431.97,512.69,250.14,305.28,1,-1,-1,-1
522,59,80.20,448.29,180.34,374.00,1,-1,-1,-1
522,63,696.35,501.40,177.12,322.94,1,-1,-1,-1
522,64,697.21,486.74,149.81,335.56,1,-1,-1,-1
522,65,1053.60,560.72,249.43,254.43,1,-1,-1,-1
522,66,1144.17,512.83,229.12,307.23,1,-1,-1,-1
522,68,991.50,552.82,191.40,258.58,1,-1,-1,-1
522,69,802.67,475.19,147.92,341.99,1,-1,-1,-1
522,70,913.75,549.21,192.41,259.31,1,-1,-1,-1
523,32,35.37,528.56,350.51,300.22,1,-1,-1,-1
523,36,1148.80,460.06,227.97,369.00,1,-1,-1,-1
523,37,336.48,471.00,225.50,356.34,1,-1,-1,-1
523,43,1027.02,552.12,213.00,258.87,1,-1,-1,-1
523,49,352.75,558.21,197.44,268.82,1,-1,-1,-1
523,55,1398.19,506.90,197.63,315.03,1,-1,-1,-1
523,56,925.52,567.71,166.43,239.70,1,-1,-1,-1
523,57,1333.84,474.00,271.07,348.64,1,-1,-1,-1
523,58,1451.18,520.83,242.09,297.13,1,-1,-1,-1
523,59,57.74,459.57,222.00,361.30,1,-1,-1,-1
523,63,703.55,515.84,186.40,308.91,1,-1,-1,-1
523,64,654.98,504.82,175.14,310.49,1,-1,-1,-1
523,65,1053.60,560.72,249.43,254.43,1,-1,-1,-1
523,66,1144.17,512.83,229.12,307.23,1,-1,-1,-1
523,68,1008.34,556.13,185.86,254.03,1,-1,-1,-1
523,69,824.89,479.64,145.26,334.21,1,-1,-1,-1
523,70,913.75,549.21,192.41,259.31,1,-1,-1,-1
524,32,35.37,528.56,350.51,300.22,1,-1,-1,-1
524,36,1152.95,479.22,237.45,349.98,1,-1,-1,-1
524,37,310.53,495.20,250.47,333.23,1,-1,-1,-1
524,43,1027.02,552.12,213.00,258.87,1,-1,-1,-1
524,49,352.75,558.21,197.44,268.82,1,-1,-1,-1
524,55,1398.19,506.90,197.63,315.03,1,-1,-1,-1
524,56,929.92,579.30,152.92,229.37,1,-1,-1,-1
524,57,1339.58,488.18,277.60,338.64,1,-1,-1,-1
524,58,1473.67,536.89,231.53,282.28,1,-1,-1,-1
524,59,55.11,476.69,238.59,346.50,1,-1,-1,-1
524,63,696.84,542.79,197.92,284.92,1,-1,-1,-1
524,64,622.57,525.39,196.79,290.74,1,-1,-1,-1
524,65,1053.60,560.72,249.43,254.43,1,-1,-1,-1
524,66,1144.17,512.83,229.12,307.23,1,-1,-1,-1
524,68,1022.49,563.65,181.00,249.81,1,-1,-1,-1
524,69,838.47,479.24,136.90,342.56,1,-1,-1,-1
524,70,913.75,549.21,192.41,259.31,1,-1,-1,-1
525,32,35.37,528.56,350.51,300.22,1,-1,-1,-1
525,36,1136.41,497.09,264.74,333.17,1,-1,-1,-1
525,37,310.53,495.20,250.47,333.23,1,-1,-1,-1
525,43,1027.02,552.12,213.00,258.87,1,-1,-1,-1
525,49,352.75,558.21,197.44,268.82,1,-1,-1,-1
525,55,1398.19,506.90,197.63,315.03,1,-1,-1,-1
525,56,943.89,592.27,136.34,217.12,1,-1,-1,-1
525,57,1344.87,499.61,273.21,327.30,1,-1,-1,-1
525,58,1481.57,555.63,231.65,262.73,1,-1,-1,-1
525,59,107.11,498.78,197.06,327.29,1,-1,-1,-1
525,63,698.67,553.55,198.28,274.45,1,-1,-1,-1
525,64,613.52,547.86,201.70,271.79,1,-1,-1,-1
525,65,1053.60,560.72,249.43,254.43,1,-1,-1,-1
525,66,1144.17,512.83,229.12,307.23,1,-1,-1,-1
525,68,1030.09,576.75,172.94,234.77,1,-1,-1,-1
525,69,844.52,476.59,136.19,343.64,1,-1,-1,-1
525,70,913.75,549.21,192.41,259.31,1,-1,-1,-1
525,71,311.88,530.16,253.91,298.05,1,-1,-1,-1
526,32,35.37,528.56,350.51,300.22,1,-1,-1,-1
526,36,1114.56,523.03,289.22,307.63,1,-1,-1,-1
526,37,310.53,495.20,250.47,333.23,1,-1,-1,-1
526,43,1027.02,552.12,213.00,258.87,1,-1,-1,-1
526,49,352.75,558.21,197.44,268.82,1,-1,-1,-1
526,55,1398.19,506.90,197.63,315.03,1,-1,-1,-1
526,56,933.22,602.49,150.52,209.59,1,-1,-1,-1
526,57,1357.02,518.27,267.85,307.37,1,-1,-1,-1
526,58,1477.86,570.30,235.44,247.86,1,-1,-1,-1
526,59,48.81,523.25,256.71,305.85,1,-1,-1,-1
526,63,706.27,565.37,197.12,263.87,1,-1,-1,-1
526,64,615.17,573.40,191.70,247.11,1,-1,-1,-1
526,65,1053.60,560.72,249.43,254.43,1,-1,-1,-1
526,66,1144.17,512.83,229.12,307.23,1,-1,-1,-1
526,68,1034.28,590.95,162.81,221.11,1,-1,-1,-1
526,69,848.08,476.91,141.07,341.65,1,-1,-1,-1
526,70,913.75,549.21,192.41,259.31,1,-1,-1,-1
526,71,308.55,547.58,264.71,282.10,1,-1,-1,-1
527,32,35.37,528.56,350.51,300.22,1,-1,-1,-1
527,36,1123.11,583.09,288.29,245.85,1,-1,-1,-1
527,37,310.53,495.20,250.47,333.23,1,-1,-1,-1
527,43,1027.02,552.12,213.00,258.87,1,-1,-1,-1
527,49,352.75,558.21,197.44,268.82,1,-1,-1,-1
527,55,1482.47,592.13,227.02,229.01,1,-1,-1,-1
527,56,940.46,622.79,161.66,190.71,1,-1,-1,-1
527,57,1361.79,548.52,288.16,277.03,1,-1,-1,-1
527,58,1484.30,598.48,235.95,220.79,1,-1,-1,-1
527,59,58.00,570.36,249.19,255.60,1,-1,-1,-1
527,63,716.55,578.57,205.29,249.29,1,-1,-1,-1
527,64,627.31,613.23,188.31,209.65,1,-1,-1,-1
527,65,1053.60,560.72,249.43,254.43,1,-1,-1,-1
527,66,1144.17,512.83,229.12,307.23,1,-1,-1,-1
527,68,1048.00,615.30,179.84,197.57,1,-1,-1,-1
527,69,854.24,475.18,143.52,346.43,1,-1,-1,-1
527,70,913.75,549.21,192.41,259.31,1,-1,-1,-1
527,71,322.92,585.61,265.75,242.49,1,-1,-1,-1
528,32,35.37,528.56,350.51,300.22,1,-1,-1,-1
528,36,1130.13,598.22,298.71,232.04,1,-1,-1,-1
528,37,310.53,495.20,250.47,333.23,1,-1,-1,-1
528,43,1027.02,552.12,213.00,258.87,1,-1,-1,-1
528,49,352.75,558.21,197.44,268.82,1,-1,-1,-1
528,55,1508.79,604.92,222.53,214.88,1,-1,-1,-1
528,56,945.81,628.47,160.67,186.16,1,-1,-1,-1
528,57,1373.91,554.68,277.50,269.14,1,-1,-1,-1
528,58,1448.49,564.93,213.71,257.09,1,-1,-1,-1
528,59,65.69,580.75,245.43,244.26,1,-1,-1,-1
528,63,729.53,580.56,199.30,247.22,1,-1,-1,-1
528,64,632.27,618.14,192.64,202.41,1,-1,-1,-1
528,65,1053.60,560.72,249.43,254.43,1,-1,-1,-1
528,66,1223.79,591.09,200.45,236.04,1,-1,-1,-1
528,68,1055.92,623.80,171.52,189.02,1,-1,-1,-1
528,69,857.79,474.68,143.89,345.16,1,-1,-1,-1
528,70,913.75,549.21,192.41,259.31,1,-1,-1,-1
528,71,332.09,596.44,266.89,232.86,1,-1,-1,-1
529,32,35.37,528.56,350.51,300.22,1,-1,-1,-1
529,36,1135.40,605.55,302.25,226.40,1,-1,-1,-1
529,37,310.53,495.20,250.47,333.23,1,-1,-1,-1
529,43,1027.02,552.12,213.00,258.87,1,-1,-1,-1
529,49,352.75,558.21,197.44,268.82,1,-1,-1,-1
529,55,1514.64,609.54,222.30,211.53,1,-1,-1,-1
529,56,939.85,630.18,173.43,185.85,1,-1,-1,-1
529,57,1373.91,554.68,277.50,269.14,1,-1,-1,-1
529,58,1389.30,558.95,270.73,267.53,1,-1,-1,-1
529,59,73.59,590.97,243.92,232.81,1,-1,-1,-1
529,63,730.78,582.60,210.48,246.37,1,-1,-1,-1
529,64,637.43,626.99,209.74,197.98,1,-1,-1,-1
529,65,1053.60,560.72,249.43,254.43,1,-1,-1,-1
529,66,1223.79,591.09,200.45,236.04,1,-1,-1,-1
529,68,1060.11,629.78,178.86,186.34,1,-1,-1,-1
529,69,860.28,474.11,153.11,344.09,1,-1,-1,-1
529,70,913.75,549.21,192.41,259.31,1,-1,-1,-1
529,71,342.55,603.51,264.00,226.96,1,-1,-1,-1
530,32,35.37,528.56,350.51,300.22,1,-1,-1,-1
530,36,1140.92,607.80,304.62,225.14,1,-1,-1,-1
530,37,310.53,495.20,250.47,333.23,1,-1,-1,-1
530,43,1027.02,552.12,213.00,258.87,1,-1,-1,-1
530,49,352.75,558.21,197.44,268.82,1,-1,-1,-1
530,55,1523.40,609.83,218.66,212.75,1,-1,-1,-1
530,56,939.18,629.94,178.35,185.44,1,-1,-1,-1
530,57,1373.91,554.68,277.50,269.14,1,-1,-1,-1
530,58,1387.31,558.46,275.73,267.65,1,-1,-1,-1
530,59,80.36,593.76,239.78,232.33,1,-1,-1,-1
530,63,739.11,585.79,204.09,242.86,1,-1,-1,-1
530,64,640.77,620.00,209.87,204.08,1,-1,-1,-1
530,65,1053.60,560.72,249.43,254.43,1,-1,-1,-1
530,66,1223.79,591.09,200.45,236.04,1,-1,-1,-1
530,68,1068.53,635.03,173.76,180.13,1,-1,-1,-1
530,69,870.74,474.89,147.85,342.14,1,-1,-1,-1
530,70,913.75,549.21,192.41,259.31,1,-1,-1,-1
530,71,345.23,606.41,267.98,225.78,1,-1,-1,-1
531,32,35.37,528.56,350.51,300.22,1,-1,-1,-1
531,36,1144.64,608.25,306.68,224.27,1,-1,-1,-1
531,37,310.53,495.20,250.47,333.23,1,-1,-1,-1
531,43,1027.02,552.12,213.00,258.87,1,-1,-1,-1
531,49,352.75,558.21,197.44,268.82,1,-1,-1,-1
531,55,1525.61,606.91,220.25,216.11,1,-1,-1,-1
531,56,937.04,629.67,186.77,184.64,1,-1,-1,-1
531,57,1373.91,554.68,277.50,269.14,1,-1,-1,-1
531,58,1385.35,555.91,279.76,270.38,1,-1,-1,-1
531,59,83.19,591.20,241.64,233.78,1,-1,-1,-1
531,63,740.15,584.48,212.18,243.75,1,-1,-1,-1
531,64,641.44,613.97,208.80,209.58,1,-1,-1,-1
531,65,1053.60,560.72,249.43,254.43,1,-1,-1,-1
531,66,1223.79,591.09,200.45,236.04,1,-1,-1,-1
531,68,1070.89,636.99,175.20,176.32,1,-1,-1,-1
531,69,871.67,477.51,151.55,336.81,1,-1,-1,-1
531,70,913.75,549.21,192.41,259.31,1,-1,-1,-1
531,71,346.15,608.07,272.06,223.76,1,-1,-1,-1
532,32,35.37,528.56,350.51,300.22,1,-1,-1,-1
532,36,1148.31,605.49,306.00,227.03,1,-1,-1,-1
532,37,310.53,495.20,250.47,333.23,1,-1,-1,-1
532,43,1027.02,552.12,213.00,258.87,1,-1,-1,-1
532,49,352.75,558.21,197.44,268.82,1,-1,-1,-1
532,55,1528.93,597.96,225.88,225.51,1,-1,-1,-1
532,56,936.41,628.68,188.55,185.83,1,-1,-1,-1
532,57,1373.91,554.68,277.50,269.14,1,-1,-1,-1
532,58,1402.01,551.54,278.96,274.14,1,-1,-1,-1
532,59,90.08,588.48,242.00,238.47,1,-1,-1,-1
532,63,750.93,584.60,199.99,245.24,1,-1,-1,-1
532,64,650.00,612.16,195.88,208.37,1,-1,-1,-1
532,65,1053.60,560.72,249.43,254.43,1,-1,-1,-1
532,66,1216.23,595.53,234.47,232.14,1,-1,-1,-1
532,68,1077.83,637.69,193.33,181.92,1,-1,-1,-1
532,69,879.43,477.28,169.49,341.05,1,-1,-1,-1
532,70,913.75,549.21,192.41,259.31,1,-1,-1,-1
532,71,354.58,609.56,268.87,221.53,1,-1,-1,-1
532,72,87.71,589.80,240.76,235.01,1,-1,-1,-1
533,32,35.37,528.56,350.51,300.22,1,-1,-1,-1
533,36,1156.32,597.74,298.72,233.36,1,-1,-1,-1
533,37,310.53,495.20,250.47,333.23,1,-1,-1,-1
533,43,1027.02,552.12,213.00,258.87,1,-1,-1,-1
533,49,352.75,558.21,197.44,268.82,1,-1,-1,-1
533,55,1522.46,596.16,235.32,225.49,1,-1,-1,-1
533,56,929.15,628.54,193.82,187.57,1,-1,-1,-1
533,57,1373.91,554.68,277.50,269.14,1,-1,-1,-1
533,58,1410.15,550.45,272.12,275.98,1,-1,-1,-1
533,59,96.74,586.61,241.90,241.03,1,-1,-1,-1
533,63,752.10,588.10,203.74,241.43,1,-1,-1,-1
533,64,653.91,611.10,197.05,208.11,1,-1,-1,-1
533,65,1053.60,560.72,249.43,254.43,1,-1,-1,-1
533,66,1209.44,596.35,246.78,231.71,1,-1,-1,-1
533,68,1078.28,636.01,194.82,183.74,1,-1,-1,-1
533,69,887.04,476.68,179.16,342.44,1,-1,-1,-1
533,70,913.75,549.21,192.41,259.31,1,-1,-1,-1
533,71,361.26,607.73,265.32,225.01,1,-1,-1,-1
533,72,87.71,589.80,240.76,235.01,1,-1,-1,-1
534,32,35.37,528.56,350.51,300.22,1,-1,-1,-1
534,36,1164.60,597.66,292.88,232.74,1,-1,-1,-1
534,37,310.53,495.20,250.47,333.23,1,-1,-1,-1
534,43,1027.02,552.12,213.00,258.87,1,-1,-1,-1
534,49,352.75,558.21,197.44,268.82,1,-1,-1,-1
534,55,1545.42,597.11,214.10,224.70,1,-1,-1,-1
534,56,941.73,627.35,181.31,189.53,1,-1,-1,-1
534,57,1245.35,593.16,230.00,231.94,1,-1,-1,-1
534,58,1413.00,550.05,270.67,275.80,1,-1,-1,-1
534,59,103.59,586.15,240.07,242.35,1,-1,-1,-1
534,63,759.17,587.34,195.89,243.97,1,-1,-1,-1
534,64,657.31,610.85,200.59,208.35,1,-1,-1,-1
534,65,1053.60,560.72,249.43,254.43,1,-1,-1,-1
534,66,1214.07,596.68,242.08,230.20,1,-1,-1,-1
534,68,1082.94,635.31,188.84,179.05,1,-1,-1,-1
534,69,892.83,477.46,162.95,338.42,1,-1,-1,-1
534,70,913.75,549.21,192.41,259.31,1,-1,-1,-1
534,71,368.20,606.25,257.09,226.68,1,-1,-1,-1
534,72,87.71,589.80,240.76,235.01,1,-1,-1,-1
535,32,35.37,528.56,350.51,300.22,1,-1,-1,-1
535,36,1228.90,597.79,229.38,225.72,1,-1,-1,-1
535,37,310.53,495.20,250.47,333.23,1,-1,-1,-1
535,43,1027.02,552.12,213.00,258.87,1,-1,-1,-1
535,49,463.02,614.07,165.35,210.11,1,-1,-1,-1
535,55,1551.12,596.02,210.66,226.63,1,-1,-1,-1
535,56,937.11,627.17,185.40,192.07,1,-1,-1,-1
535,57,1175.34,598.97,284.45,231.79,1,-1,-1,-1
535,58,1410.50,549.97,272.02,279.00,1,-1,-1,-1
535,59,104.44,585.64,241.67,243.01,1,-1,-1,-1
535,63,762.91,588.41,197.67,241.98,1,-1,-1,-1
535,64,660.60,611.30,194.33,207.71,1,-1,-1,-1
535,65,1053.60,560.72,249.43,254.43,1,-1,-1,-1
535,66,1216.30,596.83,241.77,228.36,1,-1,-1,-1
535,68,1083.16,637.07,183.86,178.54,1,-1,-1,-1
535,69,902.33,478.21,140.41,339.66,1,-1,-1,-1
535,70,913.75,549.21,192.41,259.31,1,-1,-1,-1
535,71,370.56,608.17,257.22,224.65,1,-1,-1,-1
535,72,87.71,589.80,240.76,235.01,1,-1,-1,-1
536,32,35.37,528.56,350.51,300.22,1,-1,-1,-1
536,36,1228.90,597.79,229.38,225.72,1,-1,-1,-1
536,37,310.53,495.20,250.47,333.23,1,-1,-1,-1
536,43,1027.02,552.12,213.00,258.87,1,-1,-1,-1
536,49,476.50,618.71,162.85,205.47,1,-1,-1,-1
536,55,1548.62,594.01,213.63,228.04,1,-1,-1,-1
536,56,935.01,625.73,192.40,195.14,1,-1,-1,-1
536,57,1167.21,597.58,288.19,233.56,1,-1,-1,-1
536,58,1407.99,549.64,278.19,279.40,1,-1,-1,-1
536,59,104.44,585.64,241.67,243.01,1,-1,-1,-1
536,63,763.28,587.03,206.72,243.40,1,-1,-1,-1
536,64,665.28,609.53,188.88,210.75,1,-1,-1,-1
536,65,1053.60,560.72,249.43,254.43,1,-1,-1,-1
536,66,1213.31,595.79,244.58,230.23,1,-1,-1,-1
536,68,1090.45,635.86,175.22,177.83,1,-1,-1,-1
536,69,908.59,477.78,134.08,341.27,1,-1,-1,-1
536,70,913.75,549.21,192.41,259.31,1,-1,-1,-1
536,71,370.58,608.52,260.23,224.03,1,-1,-1,-1
536,72,105.58,583.25,244.55,245.15,1,-1,-1,-1
537,32,35.37,528.56,350.51,300.22,1,-1,-1,-1
537,36,1393.19,556.27,279.65,269.99,1,-1,-1,-1
537,37,310.53,495.20,250.47,333.23,1,-1,-1,-1
537,43,1027.02,552.12,213.00,258.87,1,-1,-1,-1
537,49,504.48,617.43,145.50,204.79,1,-1,-1,-1
537,55,1553.68,597.37,211.48,221.45,1,-1,-1,-1
537,56,935.01,625.73,192.40,195.14,1,-1,-1,-1
537,57,1167.21,597.58,288.19,233.56,1,-1,-1,-1
537,58,1477.03,557.76,223.98,269.91,1,-1,-1,-1
537,59,104.44,585.64,241.67,243.01,1,-1,-1,-1
537,63,763.80,585.03,200.82,244.62,1,-1,-1,-1
537,64,668.95,609.86,191.08,214.09,1,-1,-1,-1
537,65,1053.60,560.72,249.43,254.43,1,-1,-1,-1
537,66,1177.60,598.89,282.91,231.06,1,-1,-1,-1
537,68,1096.46,634.40,166.18,176.21,1,-1,-1,-1
537,69,921.76,475.64,136.98,344.80,1,-1,-1,-1
537,70,913.75,549.21,192.41,259.31,1,-1,-1,-1
537,71,377.67,608.93,259.43,223.08,1,-1,-1,-1
537,72,117.08,584.74,239.65,242.65,1,-1,-1,-1
537,73,952.00,622.76,192.84,195.77,1,-1,-1,-1
537,74,1270.60,596.84,198.52,227.24,1,-1,-1,-1
538,32,35.37,528.56,350.51,300.22,1,-1,-1,-1
538,36,1479.64,556.65,214.34,267.82,1,-1,-1,-1
538,37,310.53,495.20,250.47,333.23,1,-1,-1,-1
538,43,1027.02,552.12,213.00,258.87,1,-1,-1,-1
538,49,500.62,614.52,151.92,207.21,1,-1,-1,-1
538,55,1550.12,594.98,213.90,224.52,1,-1,-1,-1
538,56,935.01,625.73,192.40,195.14,1,-1,-1,-1
538,57,1171.99,596.95,285.92,233.52,1,-1,-1,-1
538,58,1476.94,557.36,228.88,270.97,1,-1,-1,-1
538,59,104.44,585.64,241.67,243.01,1,-1,-1,-1
538,63,762.73,585.17,207.44,244.07,1,-1,-1,-1
538,64,668.91,608.05,188.16,215.31,1,-1,-1,-1
538,65,1053.60,560.72,249.43,254.43,1,-1,-1,-1
538,66,1387.50,556.54,287.06,271.10,1,-1,-1,-1
538,68,1095.25,634.17,164.91,178.45,1,-1,-1,-1
538,69,925.37,475.52,134.78,343.82,1,-1,-1,-1
538,70,913.75,549.21,192.41,259.31,1,-1,-1,-1
538,71,377.11,608.99,260.61,223.26,1,-1,-1,-1
538,72,115.43,584.97,240.98,243.01,1,-1,-1,-1
538,73,930.69,597.38,207.21,224.92,1,-1,-1,-1
538,74,1265.31,596.19,203.40,227.70,1,-1,-1,-1
539,32,35.37,528.56,350.51,300.22,1,-1,-1,-1
539,36,1479.64,556.65,214.34,267.82,1,-1,-1,-1
539,37,310.53,495.20,250.47,333.23,1,-1,-1,-1
539,43,1027.02,552.12,213.00,258.87,1,-1,-1,-1
539,49,500.31,613.18,152.70,208.71,1,-1,-1,-1
539,55,1550.58,592.59,213.48,228.66,1,-1,-1,-1
539,56,935.01,625.73,192.40,195.14,1,-1,-1,-1
539,57,1172.81,597.14,279.77,232.76,1,-1,-1,-1
539,58,1479.52,556.76,217.08,267.95,1,-1,-1,-1
539,59,104.44,585.64,241.67,243.01,1,-1,-1,-1
539,63,762.79,585.23,209.23,244.23,1,-1,-1,-1
539,64,668.08,607.10,188.02,216.98,1,-1,-1,-1
539,65,1053.60,560.72,249.43,254.43,1,-1,-1,-1
539,66,1409.51,552.83,285.00,275.78,1,-1,-1,-1
539,68,1094.93,634.69,163.06,180.48,1,-1,-1,-1
539,69,924.52,475.04,148.21,345.12,1,-1,-1,-1
539,70,913.75,549.21,192.41,259.31,1,-1,-1,-1
539,71,375.15,607.52,260.58,225.50,1,-1,-1,-1
539,72,113.70,584.83,242.20,243.68,1,-1,-1,-1
539,73,929.80,600.85,198.30,222.03,1,-1,-1,-1
539,74,1265.45,596.12,199.95,226.98,1,-1,-1,-1
540,36,1479.64,556.65,214.34,267.82,1,-1,-1,-1
540,37,310.53,495.20,250.47,333.23,1,-1,-1,-1
540,43,1027.02,552.12,213.00,258.87,1,-1,-1,-1
540,49,500.50,612.54,153.02,209.51,1,-1,-1,-1
540,55,1556.45,593.77,208.36,229.51,1,-1,-1,-1
540,56,935.01,625.73,192.40,195.14,1,-1,-1,-1
540,57,1168.35,600.42,282.65,231.69,1,-1,-1,-1
540,58,1474.51,555.55,220.52,269.85,1,-1,-1,-1
540,59,104.44,585.64,241.67,243.01,1,-1,-1,-1
540,63,761.49,583.62,211.59,246.44,1,-1,-1,-1
540,64,668.47,607.32,190.11,216.50,1,-1,-1,-1
540,65,1053.60,560.72,249.43,254.43,1,-1,-1,-1
540,66,1409.86,551.65,284.93,277.21,1,-1,-1,-1
540,68,1095.24,635.66,161.08,180.56,1,-1,-1,-1
540,69,931.50,472.56,143.56,348.29,1,-1,-1,-1
540,70,913.75,549.21,192.41,259.31,1,-1,-1,-1
540,71,373.90,606.70,261.24,226.06,1,-1,-1,-1
540,72,113.18,584.29,242.68,245.56,1,-1,-1,-1
540,73,927.23,607.43,199.45,216.33,1,-1,-1,-1
540,74,1265.41,596.93,197.34,225.79,1,-1,-1,-1
541,36,1479.64,556.65,214.34,267.82,1,-1,-1,-1
541,37,310.53,495.20,250.47,333.23,1,-1,-1,-1
541,43,1027.02,552.12,213.00,258.87,1,-1,-1,-1
541,49,498.90,610.39,154.10,213.19,1,-1,-1,-1
541,55,1556.38,592.78,208.86,231.22,1,-1,-1,-1
541,56,935.01,625.73,192.40,195.14,1,-1,-1,-1
541,57,1172.03,596.30,283.96,234.86,1,-1,-1,-1
541,58,1413.22,552.70,279.56,275.92,1,-1,-1,-1
541,59,104.44,585.64,241.67,243.01,1,-1,-1,-1
541,63,762.40,581.53,215.83,248.65,1,-1,-1,-1
541,64,668.03,608.11,193.91,216.43,1,-1,-1,-1
541,65,1053.60,560.72,249.43,254.43,1,-1,-1,-1
541,66,1409.86,551.65,284.93,277.21,1,-1,-1,-1
541,68,1093.19,634.32,165.94,183.06,1,-1,-1,-1
541,69,946.96,471.20,141.44,350.62,1,-1,-1,-1
541,70,913.75,549.21,192.41,259.31,1,-1,-1,-1
541,71,374.57,606.20,261.95,226.59,1,-1,-1,-1
541,72,112.35,586.20,244.07,243.72,1,-1,-1,-1
541,73,939.52,611.65,188.07,212.49,1,-1,-1,-1
541,74,1265.27,597.06,197.79,225.57,1,-1,-1,-1
542,36,1479.64,556.65,214.34,267.82,1,-1,-1,-1
542,37,310.53,495.20,250.47,333.23,1,-1,-1,-1
542,43,1027.02,552.12,213.00,258.87,1,-1,-1,-1
542,49,487.43,610.60,159.70,215.91,1,-1,-1,-1
542,55,1556.38,592.78,208.86,231.22,1,-1,-1,-1
542,56,935.01,625.73,192.40,195.14,1,-1,-1,-1
542,57,1172.68,596.85,282.66,235.62,1,-1,-1,-1
542,58,1406.90,552.45,286.89,277.39,1,-1,-1,-1
542,59,104.44,585.64,241.67,243.01,1,-1,-1,-1
542,63,757.76,581.76,232.80,250.59,1,-1,-1,-1
542,64,664.84,608.97,194.99,216.99,1,-1,-1,-1
542,66,1522.69,583.39,236.19,242.94,1,-1,-1,-1
542,68,1089.38,632.00,175.76,185.23,1,-1,-1,-1
542,69,957.98,467.41,162.53,358.96,1,-1,-1,-1
542,70,913.75,549.21,192.41,259.31,1,-1,-1,-1
542,71,372.53,605.11,260.79,228.66,1,-1,-1,-1
542,72,108.27,589.48,248.28,240.07,1,-1,-1,-1
542,73,939.52,611.65,188.07,212.49,1,-1,-1,-1
542,74,1268.39,597.56,193.79,225.31,1,-1,-1,-1
543,36,1479.64,556.65,214.34,267.82,1,-1,-1,-1
543,37,310.53,495.20,250.47,333.23,1,-1,-1,-1
543,49,485.21,609.61,161.91,217.61,1,-1,-1,-1
543,55,1514.97,579.97,248.33,245.31,1,-1,-1,-1
543,56,935.01,625.73,192.40,195.14,1,-1,-1,-1
543,57,1173.76,595.76,281.06,236.11,1,-1,-1,-1
543,58,1407.08,553.59,284.03,275.30,1,-1,-1,-1
543,59,104.44,585.64,241.67,243.01,1,-1,-1,-1
543,63,756.73,581.02,231.85,252.12,1,-1,-1,-1
543,64,662.99,607.31,194.44,218.56,1,-1,-1,-1
543,66,1522.69,583.39,236.19,242.94,1,-1,-1,-1
543,68,1084.54,631.32,180.25,187.50,1,-1,-1,-1
543,69,962.52,473.03,178.12,349.61,1,-1,-1,-1
543,70,913.75,549.21,192.41,259.31,1,-1,-1,-1
543,71,372.69,605.57,263.62,228.44,1,-1,-1,-1
543,72,108.08,589.54,248.35,239.77,1,-1,-1,-1
543,73,959.89,482.33,135.14,339.32,1,-1,-1,-1
543,74,1263.49,597.82,197.82,224.11,1,-1,-1,-1
544,36,1479.64,556.65,214.34,267.82,1,-1,-1,-1
544,37,310.53,495.20,250.47,333.23,1,-1,-1,-1
544,49,487.61,610.12,162.89,215.19,1,-1,-1,-1
544,55,1508.91,573.52,255.98,251.73,1,-1,-1,-1
544,56,935.01,625.73,192.40,195.14,1,-1,-1,-1
544,57,1175.00,594.91,278.13,236.38,1,-1,-1,-1
544,58,1406.39,560.82,269.98,264.74,1,-1,-1,-1
544,59,104.44,585.64,241.67,243.01,1,-1,-1,-1
544,63,756.92,579.80,227.88,253.79,1,-1,-1,-1
544,64,658.53,605.09,211.69,220.87,1,-1,-1,-1
544,66,1522.69,583.39,236.19,242.94,1,-1,-1,-1
544,68,1086.82,630.29,180.97,187.18,1,-1,-1,-1
544,69,967.27,469.85,152.30,354.52,1,-1,-1,-1
544,70,913.75,549.21,192.41,259.31,1,-1,-1,-1
544,71,371.15,604.65,278.08,228.67,1,-1,-1,-1
544,72,107.61,590.48,250.15,238.21,1,-1,-1,-1
544,73,959.89,482.33,135.14,339.32,1,-1,-1,-1
544,74,1260.98,596.52,202.10,225.76,1,-1,-1,-1
544,75,1218.89,592.30,235.64,236.65,1,-1,-1,-1
545,36,1479.64,556.65,214.34,267.82,1,-1,-1,-1
545,37,310.53,495.20,250.47,333.23,1,-1,-1,-1
545,49,495.09,608.04,160.33,215.38,1,-1,-1,-1
545,55,1503.12,575.72,263.19,250.33,1,-1,-1,-1
545,56,935.01,625.73,192.40,195.14,1,-1,-1,-1
545,57,1163.77,597.99,206.18,232.93,1,-1,-1,-1
545,58,1407.50,555.83,287.46,271.54,1,-1,-1,-1
545,59,104.44,585.64,241.67,243.01,1,-1,-1,-1
545,63,756.25,578.43,229.63,255.32,1,-1,-1,-1
545,64,661.64,598.75,211.98,227.09,1,-1,-1,-1
545,66,1522.69,583.39,236.19,242.94,1,-1,-1,-1
545,68,1078.42,632.17,190.74,186.95,1,-1,-1,-1
545,69,966.29,470.37,151.15,354.26,1,-1,-1,-1
545,70,913.75,549.21,192.41,259.31,1,-1,-1,-1
545,71,371.17,602.94,284.66,230.25,1,-1,-1,-1
545,72,107.40,592.75,251.90,236.12,1,-1,-1,-1
545,73,959.89,482.33,135.14,339.32,1,-1,-1,-1
545,74,1260.98,596.52,202.10,225.76,1,-1,-1,-1
545,75,1183.77,593.62,277.98,237.70,1,-1,-1,-1
546,36,1479.64,556.65,214.34,267.82,1,-1,-1,-1
546,37,310.53,495.20,250.47,333.23,1,-1,-1,-1
546,49,464.06,609.21,210.31,217.57,1,-1,-1,-1
546,55,1498.98,583.24,271.36,245.07,1,-1,-1,-1
546,56,935.01,625.73,192.40,195.14,1,-1,-1,-1
546,57,1163.77,597.99,206.18,232.93,1,-1,-1,-1
546,58,1401.89,556.24,277.48,269.94,1,-1,-1,-1
546,59,104.44,585.64,241.67,243.01,1,-1,-1,-1
546,63,756.98,577.04,225.28,255.66,1,-1,-1,-1
546,64,665.25,596.72,206.93,226.86,1,-1,-1,-1
546,66,1522.69,583.39,236.19,242.94,1,-1,-1,-1
546,68,1079.99,633.63,179.06,184.34,1,-1,-1,-1
546,69,972.22,470.19,146.24,354.31,1,-1,-1,-1
546,70,913.75,549.21,192.41,259.31,1,-1,-1,-1
546,71,367.23,599.22,274.89,233.77,1,-1,-1,-1
546,72,103.15,590.79,258.10,237.97,1,-1,-1,-1
546,73,959.89,482.33,135.14,339.32,1,-1,-1,-1
546,74,1260.98,596.52,202.10,225.76,1,-1,-1,-1
546,75,1176.80,590.00,286.88,241.76,1,-1,-1,-1
547,36,1479.64,556.65,214.34,267.82,1,-1,-1,-1
547,37,310.53,495.20,250.47,333.23,1,-1,-1,-1
547,49,445.72,607.41,260.30,222.47,1,-1,-1,-1
547,55,1511.29,588.76,271.14,227.88,1,-1,-1,-1
547,56,935.01,625.73,192.40,195.14,1,-1,-1,-1
547,57,1163.77,597.99,206.18,232.93,1,-1,-1,-1
547,58,1409.48,550.23,287.02,273.90,1,-1,-1,-1
547,59,104.44,585.64,241.67,243.01,1,-1,-1,-1
547,63,755.40,579.96,227.15,252.96,1,-1,-1,-1
547,64,664.48,594.35,212.40,226.43,1,-1,-1,-1
547,66,1522.69,583.39,236.19,242.94,1,-1,-1,-1
547,68,1074.17,628.69,194.21,192.50,1,-1,-1,-1
547,69,956.99,472.77,190.03,349.24,1,-1,-1,-1
547,70,913.75,549.21,192.41,259.31,1,-1,-1,-1
547,71,365.62,596.02,296.63,236.83,1,-1,-1,-1
547,72,99.31,587.68,329.79,240.05,1,-1,-1,-1
547,73,959.89,482.33,135.14,339.32,1,-1,-1,-1
547,74,1260.98,596.52,202.10,225.76,1,-1,-1,-1
547,75,1168.01,587.42,301.64,245.57,1,-1,-1,-1
548,36,1479.64,556.65,214.34,267.82,1,-1,-1,-1
548,37,310.53,495.20,250.47,333.23,1,-1,-1,-1
548,49,445.72,607.41,260.30,222.47,1,-1,-1,-1
548,55,1500.72,585.91,289.82,237.38,1,-1,-1,-1
548,56,940.39,585.22,210.41,240.95,1,-1,-1,-1
548,57,1163.77,597.99,206.18,232.93,1,-1,-1,-1
548,58,1417.53,546.33,262.48,277.47,1,-1,-1,-1
548,59,104.44,585.64,241.67,243.01,1,-1,-1,-1
548,63,753.33,578.20,241.28,255.20,1,-1,-1,-1
548,64,654.40,594.43,228.29,230.23,1,-1,-1,-1
548,66,1522.69,583.39,236.19,242.94,1,-1,-1,-1
548,68,1068.66,616.75,216.69,204.30,1,-1,-1,-1
548,69,952.13,476.18,202.15,349.88,1,-1,-1,-1
548,70,913.75,549.21,192.41,259.31,1,-1,-1,-1
548,71,364.70,592.64,297.13,240.22,1,-1,-1,-1
548,72,99.70,586.80,342.41,240.89,1,-1,-1,-1
548,73,959.89,482.33,135.14,339.32,1,-1,-1,-1
548,74,1260.98,596.52,202.10,225.76,1,-1,-1,-1
548,75,1164.64,585.09,301.25,247.81,1,-1,-1,-1
549,36,1479.64,556.65,214.34,267.82,1,-1,-1,-1
549,37,310.53,495.20,250.47,333.23,1,-1,-1,-1
549,49,415.15,607.49,298.40,223.86,1,-1,-1,-1
549,55,1510.82,588.09,283.12,242.02,1,-1,-1,-1
549,56,940.39,585.22,210.41,240.95,1,-1,-1,-1
549,57,1163.77,597.99,206.18,232.93,1,-1,-1,-1
549,58,1421.10,544.20,258.38,281.30,1,-1,-1,-1
549,59,104.44,585.64,241.67,243.01,1,-1,-1,-1
549,63,751.40,578.84,259.45,254.02,1,-1,-1,-1
549,64,649.20,596.95,240.92,229.84,1,-1,-1,-1
549,66,1522.69,583.39,236.19,242.94,1,-1,-1,-1
549,68,1068.66,616.75,216.69,204.30,1,-1,-1,-1
549,69,956.33,482.27,200.42,340.85,1,-1,-1,-1
549,70,913.75,549.21,192.41,259.31,1,-1,-1,-1
549,71,367.68,593.75,315.34,239.44,1,-1,-1,-1
549,72,100.03,586.29,345.94,240.96,1,-1,-1,-1
549,73,959.89,482.33,135.14,339.32,1,-1,-1,-1
549,74,1260.98,596.52,202.10,225.76,1,-1,-1,-1
549,75,1164.10,584.07,297.97,249.45,1,-1,-1,-1
550,36,1479.64,556.65,214.34,267.82,1,-1,-1,-1
550,37,310.53,495.20,250.47,333.23,1,-1,-1,-1
550,49,478.21,616.72,244.17,213.98,1,-1,-1,-1
550,55,1500.16,588.43,293.66,244.65,1,-1,-1,-1
550,56,940.39,585.22,210.41,240.95,1,-1,-1,-1
550,57,1163.77,597.99,206.18,232.93,1,-1,-1,-1
550,58,1411.52,540.66,260.31,290.84,1,-1,-1,-1
550,59,104.44,585.64,241.67,243.01,1,-1,-1,-1
550,63,749.41,580.00,273.44,254.02,1,-1,-1,-1
550,64,647.73,601.55,242.95,224.30,1,-1,-1,-1
550,66,1522.69,583.39,236.19,242.94,1,-1,-1,-1
550,68,1068.66,616.75,216.69,204.30,1,-1,-1,-1
550,69,980.13,484.30,199.56,336.70,1,-1,-1,-1
550,70,913.75,549.21,192.41,259.31,1,-1,-1,-1
550,71,366.44,591.94,321.46,241.72,1,-1,-1,-1
550,72,100.74,583.20,337.49,245.22,1,-1,-1,-1
550,73,959.89,482.33,135.14,339.32,1,-1,-1,-1
550,74,1260.98,596.52,202.10,225.76,1,-1,-1,-1
550,75,1162.30,580.49,296.63,253.04,1,-1,-1,-1
551,36,1479.64,556.65,214.34,267.82,1,-1,-1,-1
551,37,310.53,495.20,250.47,333.23,1,-1,-1,-1
551,49,501.27,619.63,211.03,209.49,1,-1,-1,-1
551,55,1500.35,593.48,286.79,238.54,1,-1,-1,-1
551,56,940.39,585.22,210.41,240.95,1,-1,-1,-1
551,57,1163.77,597.99,206.18,232.93,1,-1,-1,-1
551,58,1510.33,584.36,268.45,246.97,1,-1,-1,-1
551,59,104.44,585.64,241.67,243.01,1,-1,-1,-1
551,63,752.18,574.45,265.85,258.42,1,-1,-1,-1
551,64,649.01,605.82,232.83,220.14,1,-1,-1,-1
551,66,1522.69,583.39,236.19,242.94,1,-1,-1,-1
551,68,1072.82,596.01,199.38,230.52,1,-1,-1,-1
551,69,959.33,487.23,231.19,341.79,1,-1,-1,-1
551,70,913.75,549.21,192.41,259.31,1,-1,-1,-1
551,71,368.40,591.55,298.81,241.65,1,-1,-1,-1
551,72,106.45,581.21,327.63,247.83,1,-1,-1,-1
551,73,959.89,482.33,135.14,339.32,1,-1,-1,-1
551,74,1260.98,596.52,202.10,225.76,1,-1,-1,-1
551,75,1158.72,578.14,290.13,254.80,1,-1,-1,-1
551,76,1382.45,543.18,279.75,288.33,1,-1,-1,-1
552,36,1479.64,556.65,214.34,267.82,1,-1,-1,-1
552,37,310.53,495.20,250.47,333.23,1,-1,-1,-1
552,49,534.60,620.92,172.47,207.26,1,-1,-1,-1
552,55,1507.46,593.01,273.45,238.76,1,-1,-1,-1
552,56,940.39,585.22,210.41,240.95,1,-1,-1,-1
552,57,1163.77,597.99,206.18,232.93,1,-1,-1,-1
552,58,1510.33,584.36,268.45,246.97,1,-1,-1,-1
552,59,104.44,585.64,241.67,243.01,1,-1,-1,-1
552,63,764.57,566.31,248.31,267.61,1,-1,-1,-1
552,64,649.40,599.09,231.85,224.22,1,-1,-1,-1
552,66,1522.69,583.39,236.19,242.94,1,-1,-1,-1
552,68,1072.82,596.01,199.38,230.52,1,-1,-1,-1
552,69,958.31,482.78,226.88,342.83,1,-1,-1,-1
552,70,913.75,549.21,192.41,259.31,1,-1,-1,-1
552,71,368.55,590.18,289.49,243.31,1,-1,-1,-1
552,72,123.19,581.05,295.95,244.79,1,-1,-1,-1
552,73,959.89,482.33,135.14,339.32,1,-1,-1,-1
552,74,1260.98,596.52,202.10,225.76,1,-1,-1,-1
552,75,1152.54,573.97,289.18,260.93,1,-1,-1,-1
552,76,1390.04,530.45,315.98,299.45,1,-1,-1,-1
553,36,1479.64,556.65,214.34,267.82,1,-1,-1,-1
553,37,310.53,495.20,250.47,333.23,1,-1,-1,-1
553,49,539.86,624.56,162.22,203.31,1,-1,-1,-1
553,55,1501.07,594.79,276.96,237.85,1,-1,-1,-1
553,56,940.39,585.22,210.41,240.95,1,-1,-1,-1
553,57,1163.77,597.99,206.18,232.93,1,-1,-1,-1
553,58,1510.33,584.36,268.45,246.97,1,-1,-1,-1
553,59,104.44,585.64,241.67,243.01,1,-1,-1,-1
553,63,761.43,558.11,242.86,275.75,1,-1,-1,-1
553,64,638.88,596.25,243.15,231.20,1,-1,-1,-1
553,66,1522.69,583.39,236.19,242.94,1,-1,-1,-1
553,68,1087.27,616.70,184.93,210.64,1,-1,-1,-1
553,69,963.18,478.31,213.57,345.22,1,-1,-1,-1
553,71,364.50,588.34,281.44,246.09,1,-1,-1,-1
553,72,137.85,581.83,281.04,247.36,1,-1,-1,-1
553,73,959.89,482.33,135.14,339.32,1,-1,-1,-1
553,74,1369.97,558.89,273.89,268.67,1,-1,-1,-1
553,75,1143.98,572.68,287.91,261.78,1,-1,-1,-1
553,76,1421.65,525.30,303.63,305.74,1,-1,-1,-1
554,36,1479.64,556.65,214.34,267.82,1,-1,-1,-1
554,37,310.53,495.20,250.47,333.23,1,-1,-1,-1
554,49,524.45,624.40,184.34,202.44,1,-1,-1,-1
554,55,1510.38,583.59,262.70,248.29,1,-1,-1,-1
554,56,940.39,585.22,210.41,240.95,1,-1,-1,-1
554,57,1163.77,597.99,206.18,232.93,1,-1,-1,-1
554,58,1510.33,584.36,268.45,246.97,1,-1,-1,-1
554,59,104.44,585.64,241.67,243.01,1,-1,-1,-1
554,63,765.66,555.05,231.93,279.98,1,-1,-1,-1
554,64,637.39,590.75,241.47,230.83,1,-1,-1,-1
554,66,1522.69,583.39,236.19,242.94,1,-1,-1,-1
554,68,1200.62,584.43,229.67,244.83,1,-1,-1,-1
554,69,951.77,476.25,203.97,346.61,1,-1,-1,-1
554,71,356.11,584.98,273.68,249.25,1,-1,-1,-1
554,72,150.30,579.79,263.26,248.69,1,-1,-1,-1
554,73,959.89,482.33,135.14,339.32,1,-1,-1,-1
554,74,1379.74,527.44,335.93,304.77,1,-1,-1,-1
554,75,1150.40,573.44,280.67,260.54,1,-1,-1,-1
554,76,1518.42,579.93,250.33,249.09,1,-1,-1,-1
555,36,1479.64,556.65,214.34,267.82,1,-1,-1,-1
555,49,482.39,622.82,214.05,205.63,1,-1,-1,-1
555,55,1532.37,586.19,236.55,242.49,1,-1,-1,-1
555,56,940.39,585.22,210.41,240.95,1,-1,-1,-1
555,57,1163.77,597.99,206.18,232.93,1,-1,-1,-1
555,58,1510.33,584.36,268.45,246.97,1,-1,-1,-1
555,59,104.44,585.64,241.67,243.01,1,-1,-1,-1
555,63,768.61,552.18,229.01,284.41,1,-1,-1,-1
555,64,632.21,587.65,246.88,232.68,1,-1,-1,-1
555,66,1522.69,583.39,236.19,242.94,1,-1,-1,-1
555,68,1200.30,580.60,243.80,250.02,1,-1,-1,-1
555,69,939.09,473.24,218.73,346.96,1,-1,-1,-1
555,71,351.21,582.68,273.28,250.52,1,-1,-1,-1
555,72,151.76,581.61,269.67,245.98,1,-1,-1,-1
555,73,959.89,482.33,135.14,339.32,1,-1,-1,-1
555,74,1379.74,527.44,335.93,304.77,1,-1,-1,-1
555,75,1111.92,570.78,320.18,264.29,1,-1,-1,-1
555,76,1518.42,579.93,250.33,249.09,1,-1,-1,-1
556,36,1479.64,556.65,214.34,267.82,1,-1,-1,-1
556,49,481.84,624.14,210.50,198.83,1,-1,-1,-1
556,55,1539.58,584.74,218.05,243.14,1,-1,-1,-1
556,56,940.39,585.22,210.41,240.95,1,-1,-1,-1
556,57,1163.77,597.99,206.18,232.93,1,-1,-1,-1
556,58,1510.33,584.36,268.45,246.97,1,-1,-1,-1
556,59,104.44,585.64,241.67,243.01,1,-1,-1,-1
556,63,767.44,551.77,217.23,286.42,1,-1,-1,-1
556,64,610.32,584.95,260.76,233.46,1,-1,-1,-1
556,66,1522.69,583.39,236.19,242.94,1,-1,-1,-1
556,68,1189.08,577.45,267.49,250.80,1,-1,-1,-1
556,69,948.56,474.75,203.78,341.47,1,-1,-1,-1
556,71,335.26,581.87,278.20,247.39,1,-1,-1,-1
556,72,138.67,581.94,277.88,246.66,1,-1,-1,-1
556,73,959.89,482.33,135.14,339.32,1,-1,-1,-1
556,74,1411.58,525.18,323.16,304.33,1,-1,-1,-1
556,75,1089.29,569.32,343.13,263.76,1,-1,-1,-1
556,76,1518.42,579.93,250.33,249.09,1,-1,-1,-1
557,36,1479.64,556.65,214.34,267.82,1,-1,-1,-1
557,49,490.70,629.12,188.12,199.50,1,-1,-1,-1
557,55,1396.88,593.24,219.80,235.91,1,-1,-1,-1
557,56,940.39,585.22,210.41,240.95,1,-1,-1,-1
557,57,1163.77,597.99,206.18,232.93,1,-1,-1,-1
557,58,1510.33,584.36,268.45,246.97,1,-1,-1,-1
557,59,104.44,585.64,241.67,243.01,1,-1,-1,-1
557,63,756.69,550.30,217.56,288.75,1,-1,-1,-1
557,64,603.15,587.31,254.31,236.83,1,-1,-1,-1
557,66,1522.69,583.39,236.19,242.94,1,-1,-1,-1
557,68,1200.58,575.74,245.87,251.80,1,-1,-1,-1
557,69,911.45,470.37,238.31,357.16,1,-1,-1,-1
557,71,307.69,578.65,296.37,254.12,1,-1,-1,-1
557,72,124.12,577.12,258.80,256.56,1,-1,-1,-1
557,73,959.89,482.33,135.14,339.32,1,-1,-1,-1
557,74,1418.82,519.52,314.54,315.03,1,-1,-1,-1
557,75,1100.52,573.04,298.22,262.38,1,-1,-1,-1
557,76,1485.10,544.21,261.01,285.90,1,-1,-1,-1
558,36,1479.64,556.65,214.34,267.82,1,-1,-1,-1
558,49,489.65,633.48,181.15,196.61,1,-1,-1,-1
558,55,1186.58,574.70,263.42,257.98,1,-1,-1,-1
558,56,940.39,585.22,210.41,240.95,1,-1,-1,-1
558,57,1163.77,597.99,206.18,232.93,1,-1,-1,-1
558,58,1510.33,584.36,268.45,246.97,1,-1,-1,-1
558,59,104.44,585.64,241.67,243.01,1,-1,-1,-1
558,63,753.86,548.14,220.68,291.50,1,-1,-1,-1
558,64,583.26,586.51,269.67,240.56,1,-1,-1,-1
558,66,1522.69,583.39,236.19,242.94,1,-1,-1,-1
558,68,1199.14,574.36,244.60,254.25,1,-1,-1,-1
558,69,903.20,471.52,249.84,356.09,1,-1,-1,-1
558,71,286.30,574.10,316.04,260.49,1,-1,-1,-1
558,72,120.44,575.97,247.50,261.10,1,-1,-1,-1
558,73,959.89,482.33,135.14,339.32,1,-1,-1,-1
558,74,1412.55,519.81,327.00,313.98,1,-1,-1,-1
558,75,1093.76,565.43,305.10,270.51,1,-1,-1,-1
558,76,1392.95,542.29,224.74,287.12,1,-1,-1,-1
559,36,1479.64,556.65,214.34,267.82,1,-1,-1,-1
559,49,486.46,635.90,182.50,192.46,1,-1,-1,-1
559,55,1168.08,573.22,269.52,259.92,1,-1,-1,-1
559,56,917.85,603.53,211.63,222.82,1,-1,-1,-1
559,57,935.14,608.38,186.11,220.63,1,-1,-1,-1
559,58,1510.33,584.36,268.45,246.97,1,-1,-1,-1
559,59,104.44,585.64,241.67,243.01,1,-1,-1,-1
559,63,747.36,547.61,221.34,290.97,1,-1,-1,-1
559,64,582.21,585.83,264.42,241.10,1,-1,-1,-1
559,66,1522.69,583.39,236.19,242.94,1,-1,-1,-1
559,68,1351.96,581.77,195.21,241.06,1,-1,-1,-1
559,69,901.05,483.38,250.33,340.56,1,-1,-1,-1
559,71,278.96,566.62,315.24,266.30,1,-1,-1,-1
559,72,112.59,571.84,248.32,263.79,1,-1,-1,-1
559,73,959.89,482.33,135.14,339.32,1,-1,-1,-1
559,74,1403.68,518.22,325.60,315.37,1,-1,-1,-1
559,75,1095.10,559.09,300.61,276.72,1,-1,-1,-1
559,76,1377.25,527.49,229.18,300.55,1,-1,-1,-1
560,36,1479.64,556.65,214.34,267.82,1,-1,-1,-1
560,49,485.38,634.88,177.41,194.50,1,-1,-1,-1
560,55,1174.36,572.72,260.53,258.23,1,-1,-1,-1
560,56,913.05,485.38,192.71,336.77,1,-1,-1,-1
560,57,935.14,608.38,186.11,220.63,1,-1,-1,-1
560,58,1510.33,584.36,268.45,246.97,1,-1,-1,-1
560,59,104.44,585.64,241.67,243.01,1,-1,-1,-1
560,63,742.14,545.30,229.24,294.12,1,-1,-1,-1
560,64,586.25,584.97,250.22,244.47,1,-1,-1,-1
560,66,1522.69,583.39,236.19,242.94,1,-1,-1,-1
560,68,1368.49,532.01,227.64,295.81,1,-1,-1,-1
560,69,910.69,472.64,235.52,355.02,1,-1,-1,-1
560,71,271.93,561.20,312.13,274.93,1,-1,-1,-1
560,72,109.02,567.80,247.40,269.08,1,-1,-1,-1
560,73,959.89,482.33,135.14,339.32,1,-1,-1,-1
560,74,1391.46,517.15,307.90,316.43,1,-1,-1,-1
560,75,1092.46,556.56,300.26,280.75,1,-1,-1,-1
560,76,1367.92,571.26,178.21,252.55,1,-1,-1,-1
561,36,1479.64,556.65,214.34,267.82,1,-1,-1,-1
561,49,490.65,632.59,169.17,196.30,1,-1,-1,-1
561,55,1175.75,572.90,246.72,258.23,1,-1,-1,-1
561,56,930.28,470.24,161.43,349.26,1,-1,-1,-1
561,57,935.14,608.38,186.11,220.63,1,-1,-1,-1
561,58,1510.33,584.36,268.45,246.97,1,-1,-1,-1
561,59,104.44,585.64,241.67,243.01,1,-1,-1,-1
561,63,741.02,545.24,232.98,293.13,1,-1,-1,-1
561,64,591.77,585.25,238.92,243.47,1,-1,-1,-1
561,66,1522.69,583.39,236.19,242.94,1,-1,-1,-1
561,68,1357.67,577.69,173.34,243.61,1,-1,-1,-1
561,69,925.32,571.78,203.82,253.28,1,-1,-1,-1
561,71,270.26,553.40,307.99,284.55,1,-1,-1,-1
561,72,108.86,564.63,244.73,271.29,1,-1,-1,-1
561,73,959.89,482.33,135.14,339.32,1,-1,-1,-1
561,74,1392.86,516.42,294.52,315.58,1,-1,-1,-1
561,75,1088.22,555.60,303.66,282.01,1,-1,-1,-1
561,76,1229.49,574.13,237.25,252.52,1,-1,-1,-1
561,77,1490.99,586.59,239.15,243.94,1,-1,-1,-1
562,36,1479.64,556.65,214.34,267.82,1,-1,-1,-1
562,49,484.00,628.40,197.02,199.43,1,-1,-1,-1
562,55,1204.69,575.97,240.39,248.83,1,-1,-1,-1
562,56,920.47,465.37,199.35,355.86,1,-1,-1,-1
562,57,935.14,608.38,186.11,220.63,1,-1,-1,-1
562,58,1510.33,584.36,268.45,246.97,1,-1,-1,-1
562,59,104.44,585.64,241.67,243.01,1,-1,-1,-1
562,63,735.84,548.30,234.49,288.11,1,-1,-1,-1
562,64,578.31,583.09,248.95,246.82,1,-1,-1,-1
562,66,1522.69,583.39,236.19,242.94,1,-1,-1,-1
562,68,1387.52,529.58,270.61,301.32,1,-1,-1,-1
562,69,918.28,581.75,203.87,239.06,1,-1,-1,-1
562,71,262.40,549.37,307.43,287.34,1,-1,-1,-1
562,72,106.86,566.91,267.52,266.22,1,-1,-1,-1
562,73,959.89,482.33,135.14,339.32,1,-1,-1,-1
562,74,1396.16,518.79,319.13,310.06,1,-1,-1,-1
562,75,1084.28,567.53,298.67,270.12,1,-1,-1,-1
562,76,1311.09,588.28,211.22,231.58,1,-1,-1,-1
562,77,1488.67,571.96,239.80,252.58,1,-1,-1,-1
563,36,1479.64,556.65,214.34,267.82,1,-1,-1,-1
563,49,469.30,630.06,205.71,198.41,1,-1,-1,-1
563,55,1208.07,575.28,234.41,238.94,1,-1,-1,-1
563,56,911.63,460.40,214.14,371.51,1,-1,-1,-1
563,57,935.14,608.38,186.11,220.63,1,-1,-1,-1
563,58,1510.33,584.36,268.45,246.97,1,-1,-1,-1
563,59,104.44,585.64,241.67,243.01,1,-1,-1,-1
563,63,731.33,551.09,237.60,285.84,1,-1,-1,-1
563,64,574.73,587.93,247.65,240.50,1,-1,-1,-1
563,66,1522.69,583.39,236.19,242.94,1,-1,-1,-1
563,68,1366.24,583.05,241.29,246.78,1,-1,-1,-1
563,69,918.28,581.75,203.87,239.06,1,-1,-1,-1
563,71,261.62,551.45,312.95,287.04,1,-1,-1,-1
563,72,103.38,573.13,274.06,260.79,1,-1,-1,-1
563,73,959.89,482.33,135.14,339.32,1,-1,-1,-1
563,74,1398.11,522.86,318.40,306.72,1,-1,-1,-1
563,75,1087.59,569.69,293.45,265.76,1,-1,-1,-1
563,76,1330.31,591.06,223.53,233.09,1,-1,-1,-1
563,77,1481.44,543.08,251.08,276.22,1,-1,-1,-1
564,36,1479.64,556.65,214.34,267.82,1,-1,-1,-1
564,49,471.32,629.48,205.47,197.67,1,-1,-1,-1
564,55,1172.29,575.06,229.30,249.23,1,-1,-1,-1
564,56,912.64,456.76,202.73,371.74,1,-1,-1,-1
564,57,935.14,608.38,186.11,220.63,1,-1,-1,-1
564,58,1510.33,584.36,268.45,246.97,1,-1,-1,-1
564,59,104.44,585.64,241.67,243.01,1,-1,-1,-1
564,63,729.42,554.06,240.31,283.82,1,-1,-1,-1
564,64,578.35,592.99,247.25,235.64,1,-1,-1,-1
564,66,1522.69,583.39,236.19,242.94,1,-1,-1,-1
564,68,1366.24,583.05,241.29,246.78,1,-1,-1,-1
564,69,918.28,581.75,203.87,239.06,1,-1,-1,-1
564,71,251.50,549.86,311.68,288.54,1,-1,-1,-1
564,72,100.24,575.56,288.33,260.46,1,-1,-1,-1
564,73,959.89,482.33,135.14,339.32,1,-1,-1,-1
564,74,1447.39,524.38,285.05,305.36,1,-1,-1,-1
564,75,1077.36,569.22,300.84,267.30,1,-1,-1,-1
564,76,1352.69,595.97,232.15,234.06,1,-1,-1,-1
564,77,1481.44,543.08,251.08,276.22,1,-1,-1,-1
565,36,1479.64,556.65,214.34,267.82,1,-1,-1,-1
565,49,467.31,637.52,205.30,191.90,1,-1,-1,-1
565,55,1161.63,575.98,253.17,254.36,1,-1,-1,-1
565,56,903.41,455.90,217.16,372.70,1,-1,-1,-1
565,57,935.14,608.38,186.11,220.63,1,-1,-1,-1
565,58,1510.33,584.36,268.45,246.97,1,-1,-1,-1
565,59,104.44,585.64,241.67,243.01,1,-1,-1,-1
565,63,727.21,556.87,242.37,281.33,1,-1,-1,-1
565,64,572.81,595.01,251.02,235.27,1,-1,-1,-1
565,66,1522.69,583.39,236.19,242.94,1,-1,-1,-1
565,68,1366.24,583.05,241.29,246.78,1,-1,-1,-1
565,69,918.28,581.75,203.87,239.06,1,-1,-1,-1
565,71,255.26,561.80,301.27,276.22,1,-1,-1,-1
565,72,100.08,580.68,285.84,255.64,1,-1,-1,-1
565,73,959.89,482.33,135.14,339.32,1,-1,-1,-1
565,74,1430.52,527.24,306.44,306.62,1,-1,-1,-1
565,75,1081.14,568.53,307.80,270.14,1,-1,-1,-1
565,76,1346.32,587.77,252.48,243.34,1,-1,-1,-1
565,77,1481.44,543.08,251.08,276.22,1,-1,-1,-1
566,36,1479.64,556.65,214.34,267.82,1,-1,-1,-1
566,49,458.79,642.60,205.07,188.75,1,-1,-1,-1
566,55,1159.88,579.80,249.11,252.55,1,-1,-1,-1
566,56,907.42,460.45,217.11,369.37,1,-1,-1,-1
566,57,935.14,608.38,186.11,220.63,1,-1,-1,-1
566,58,1510.33,584.36,268.45,246.97,1,-1,-1,-1
566,63,730.82,558.42,239.19,280.36,1,-1,-1,-1
566,64,567.97,603.21,257.70,229.24,1,-1,-1,-1
566,66,1522.69,583.39,236.19,242.94,1,-1,-1,-1
566,68,1366.24,583.05,241.29,246.78,1,-1,-1,-1
566,69,918.28,581.75,203.87,239.06,1,-1,-1,-1
566,71,252.04,574.77,300.31,263.62,1,-1,-1,-1
566,72,100.37,587.60,296.59,248.55,1,-1,-1,-1
566,73,959.89,482.33,135.14,339.32,1,-1,-1,-1
566,74,1383.46,533.95,352.15,303.43,1,-1,-1,-1
566,75,1079.37,567.26,310.84,272.42,1,-1,-1,-1
566,76,1340.47,594.40,255.15,236.99,1,-1,-1,-1
566,77,1458.32,530.98,274.57,303.06,1,-1,-1,-1
566,78,471.79,641.68,216.50,189.50,1,-1,-1,-1
567,36,1479.64,556.65,214.34,267.82,1,-1,-1,-1
567,49,468.39,643.11,202.63,189.24,1,-1,-1,-1
567,55,1212.35,590.28,211.37,239.37,1,-1,-1,-1
567,56,910.99,463.14,215.08,369.78,1,-1,-1,-1
567,57,935.14,608.38,186.11,220.63,1,-1,-1,-1
567,58,1510.33,584.36,268.45,246.97,1,-1,-1,-1
567,63,734.12,559.48,234.67,279.30,1,-1,-1,-1
567,64,566.78,606.12,262.70,225.51,1,-1,-1,-1
567,66,1522.69,583.39,236.19,242.94,1,-1,-1,-1
567,68,1366.24,583.05,241.29,246.78,1,-1,-1,-1
567,69,918.28,581.75,203.87,239.06,1,-1,-1,-1
567,71,250.83,590.87,298.65,249.25,1,-1,-1,-1
567,72,100.81,594.97,304.81,241.98,1,-1,-1,-1
567,73,959.89,482.33,135.14,339.32,1,-1,-1,-1
567,74,1383.46,533.95,352.15,303.43,1,-1,-1,-1
567,75,1075.63,568.08,306.03,271.60,1,-1,-1,-1
567,76,1352.95,599.76,239.81,234.05,1,-1,-1,-1
567,77,1462.37,532.09,270.72,302.47,1,-1,-1,-1
567,78,471.79,641.68,216.50,189.50,1,-1,-1,-1
568,36,1479.64,556.65,214.34,267.82,1,-1,-1,-1
568,49,471.87,642.69,192.59,190.05,1,-1,-1,-1
568,55,1214.64,586.54,210.05,243.01,1,-1,-1,-1
568,56,914.01,459.91,211.62,374.40,1,-1,-1,-1
568,57,935.14,608.38,186.11,220.63,1,-1,-1,-1
568,58,1510.33,584.36,268.45,246.97,1,-1,-1,-1
568,63,733.15,557.63,236.79,282.85,1,-1,-1,-1
568,64,568.16,607.54,257.84,224.66,1,-1,-1,-1
568,66,1522.69,583.39,236.19,242.94,1,-1,-1,-1
568,68,1366.24,583.05,241.29,246.78,1,-1,-1,-1
568,69,918.28,581.75,203.87,239.06,1,-1,-1,-1
568,71,252.03,593.82,298.62,245.79,1,-1,-1,-1
568,72,101.76,597.01,305.25,239.85,1,-1,-1,-1
568,73,959.89,482.33,135.14,339.32,1,-1,-1,-1
568,74,1383.46,533.95,352.15,303.43,1,-1,-1,-1
568,75,1075.78,569.06,304.15,270.12,1,-1,-1,-1
568,76,1351.95,600.36,240.50,233.54,1,-1,-1,-1
568,77,1458.39,530.00,275.38,305.69,1,-1,-1,-1
568,78,471.79,641.68,216.50,189.50,1,-1,-1,-1
569,49,470.24,642.64,203.34,189.94,1,-1,-1,-1
569,55,1171.17,575.61,235.81,258.38,1,-1,-1,-1
569,56,913.67,457.94,212.19,375.99,1,-1,-1,-1
569,57,756.03,561.81,230.46,277.22,1,-1,-1,-1
569,58,1510.33,584.36,268.45,246.97,1,-1,-1,-1
569,63,735.02,558.78,237.17,282.80,1,-1,-1,-1
569,64,569.50,607.37,255.41,224.32,1,-1,-1,-1
569,66,1522.69,583.39,236.19,242.94,1,-1,-1,-1
569,68,1366.24,583.05,241.29,246.78,1,-1,-1,-1
569,69,918.28,581.75,203.87,239.06,1,-1,-1,-1
569,71,251.14,592.33,300.64,247.34,1,-1,-1,-1
569,72,101.59,596.46,312.43,241.25,1,-1,-1,-1
569,73,959.89,482.33,135.14,339.32,1,-1,-1,-1
569,74,1383.46,533.95,352.15,303.43,1,-1,-1,-1
569,75,1074.48,570.82,306.08,267.83,1,-1,-1,-1
569,76,1353.49,600.77,244.04,232.79,1,-1,-1,-1
569,77,1455.04,530.33,280.11,305.46,1,-1,-1,-1
569,78,471.79,641.68,216.50,189.50,1,-1,-1,-1
570,49,470.32,643.32,208.21,189.50,1,-1,-1,-1
570,55,1171.10,573.36,239.04,262.20,1,-1,-1,-1
570,56,908.95,457.04,217.18,377.66,1,-1,-1,-1
570,57,756.03,561.81,230.46,277.22,1,-1,-1,-1
570,58,1510.33,584.36,268.45,246.97,1,-1,-1,-1
570,63,733.59,561.28,238.03,280.60,1,-1,-1,-1
570,64,568.05,606.99,256.67,225.94,1,-1,-1,-1
570,66,1522.69,583.39,236.19,242.94,1,-1,-1,-1
570,68,1366.24,583.05,241.29,246.78,1,-1,-1,-1
570,69,918.28,581.75,203.87,239.06,1,-1,-1,-1
570,71,248.40,589.68,305.18,250.66,1,-1,-1,-1
570,72,100.65,595.09,317.79,243.34,1,-1,-1,-1
570,73,959.89,482.33,135.14,339.32,1,-1,-1,-1
570,74,1146.09,565.68,278.45,272.74,1,-1,-1,-1
570,75,1071.32,571.71,317.52,266.25,1,-1,-1,-1
570,76,1348.60,598.07,253.95,235.24,1,-1,-1,-1
570,77,1454.19,528.38,282.45,308.32,1,-1,-1,-1
570,78,471.79,641.68,216.50,189.50,1,-1,-1,-1
571,49,472.75,643.92,206.56,188.91,1,-1,-1,-1
571,55,1166.55,572.65,238.98,263.27,1,-1,-1,-1
571,56,908.88,456.35,214.75,377.13,1,-1,-1,-1
571,57,756.03,561.81,230.46,277.22,1,-1,-1,-1
571,58,1510.33,584.36,268.45,246.97,1,-1,-1,-1
571,63,733.44,562.42,237.84,279.12,1,-1,-1,-1
571,64,566.88,607.50,263.12,225.68,1,-1,-1,-1
571,66,1522.69,583.39,236.19,242.94,1,-1,-1,-1
571,68,1366.24,583.05,241.29,246.78,1,-1,-1,-1
571,69,918.28,581.75,203.87,239.06,1,-1,-1,-1
571,71,251.52,588.20,302.07,251.61,1,-1,-1,-1
571,72,100.70,594.91,319.87,243.55,1,-1,-1,-1
571,73,959.89,482.33,135.14,339.32,1,-1,-1,-1
571,74,1146.09,565.68,278.45,272.74,1,-1,-1,-1
571,75,1070.17,571.61,318.76,266.92,1,-1,-1,-1
571,76,1344.61,591.45,253.51,243.60,1,-1,-1,-1
571,77,1459.64,526.08,277.14,310.77,1,-1,-1,-1
571,78,471.79,641.68,216.50,189.50,1,-1,-1,-1
572,49,472.66,644.45,209.24,188.64,1,-1,-1,-1
572,55,1119.29,568.90,267.37,268.84,1,-1,-1,-1
572,56,907.46,460.60,214.12,371.41,1,-1,-1,-1
572,57,756.03,561.81,230.46,277.22,1,-1,-1,-1
572,58,1510.33,584.36,268.45,246.97,1,-1,-1,-1
572,63,732.59,559.23,237.94,281.96,1,-1,-1,-1
572,64,564.19,605.63,264.01,225.52,1,-1,-1,-1
572,66,1522.69,583.39,236.19,242.94,1,-1,-1,-1
572,68,1366.24,583.05,241.29,246.78,1,-1,-1,-1
572,69,918.28,581.75,203.87,239.06,1,-1,-1,-1
572,71,244.55,586.92,307.88,253.53,1,-1,-1,-1
572,72,101.24,594.72,322.22,243.36,1,-1,-1,-1
572,73,959.89,482.33,135.14,339.32,1,-1,-1,-1
572,74,1146.09,565.68,278.45,272.74,1,-1,-1,-1
572,75,1071.89,572.50,314.29,265.44,1,-1,-1,-1
572,76,1350.49,587.81,245.50,247.21,1,-1,-1,-1
572,77,1456.82,524.04,278.52,312.60,1,-1,-1,-1
572,78,471.79,641.68,216.50,189.50,1,-1,-1,-1
573,49,475.91,645.66,217.89,186.71,1,-1,-1,-1
573,55,1163.35,572.72,231.23,263.91,1,-1,-1,-1
573,56,897.11,462.84,221.47,368.64,1,-1,-1,-1
573,57,756.03,561.81,230.46,277.22,1,-1,-1,-1
573,58,1510.33,584.36,268.45,246.97,1,-1,-1,-1
573,63,734.38,560.86,233.52,279.29,1,-1,-1,-1
573,64,556.00,608.19,266.78,223.35,1,-1,-1,-1
573,68,1366.24,583.05,241.29,246.78,1,-1,-1,-1
573,69,918.28,581.75,203.87,239.06,1,-1,-1,-1
573,71,243.53,584.00,306.49,256.11,1,-1,-1,-1
573,72,99.21,595.92,318.70,242.71,1,-1,-1,-1
573,73,959.89,482.33,135.14,339.32,1,-1,-1,-1
573,74,1146.09,565.68,278.45,272.74,1,-1,-1,-1
573,75,1069.27,572.49,318.96,269.08,1,-1,-1,-1
573,76,1354.86,581.83,238.54,254.01,1,-1,-1,-1
573,77,1464.23,530.76,268.57,304.73,1,-1,-1,-1
573,78,471.79,641.68,216.50,189.50,1,-1,-1,-1
574,49,477.65,648.31,217.10,184.62,1,-1,-1,-1
574,55,1157.28,576.12,245.26,260.04,1,-1,-1,-1
574,56,896.79,462.89,223.56,369.42,1,-1,-1,-1
574,57,756.03,561.81,230.46,277.22,1,-1,-1,-1
574,58,1510.33,584.36,268.45,246.97,1,-1,-1,-1
574,63,729.01,559.58,240.10,282.67,1,-1,-1,-1
574,64,557.30,609.23,263.33,223.26,1,-1,-1,-1
574,68,1366.24,583.05,241.29,246.78,1,-1,-1,-1
574,69,918.28,581.75,203.87,239.06,1,-1,-1,-1
574,71,242.71,582.92,301.49,257.08,1,-1,-1,-1
574,72,96.74,595.96,317.49,242.34,1,-1,-1,-1
574,74,1146.09,565.68,278.45,272.74,1,-1,-1,-1
574,75,1067.98,575.78,327.65,266.96,1,-1,-1,-1
574,76,1331.89,580.53,261.88,254.83,1,-1,-1,-1
574,77,1467.18,529.35,264.22,305.90,1,-1,-1,-1
574,78,471.79,641.68,216.50,189.50,1,-1,-1,-1
575,49,477.65,648.31,217.10,184.62,1,-1,-1,-1
575,55,1157.28,576.12,245.26,260.04,1,-1,-1,-1
575,56,894.32,462.42,222.53,368.27,1,-1,-1,-1
575,57,756.03,561.81,230.46,277.22,1,-1,-1,-1
575,58,1510.33,584.36,268.45,246.97,1,-1,-1,-1
575,63,726.76,559.56,242.23,283.55,1,-1,-1,-1
575,64,550.86,610.89,260.41,222.58,1,-1,-1,-1
575,68,1366.24,583.05,241.29,246.78,1,-1,-1,-1
575,69,918.28,581.75,203.87,239.06,1,-1,-1,-1
575,71,241.04,578.73,299.91,262.05,1,-1,-1,-1
575,72,93.57,593.78,310.62,245.92,1,-1,-1,-1
575,74,1146.09,565.68,278.45,272.74,1,-1,-1,-1
575,75,1067.99,576.81,318.43,266.27,1,-1,-1,-1
575,76,1333.14,581.66,257.26,253.57,1,-1,-1,-1
575,77,1463.44,526.41,265.73,308.53,1,-1,-1,-1
575,78,471.79,641.68,216.50,189.50,1,-1,-1,-1
576,49,477.65,648.31,217.10,184.62,1,-1,-1,-1
576,55,1157.28,576.12,245.26,260.04,1,-1,-1,-1
576,56,892.92,461.52,225.01,369.48,1,-1,-1,-1
576,57,756.03,561.81,230.46,277.22,1,-1,-1,-1
576,58,1510.33,584.36,268.45,246.97,1,-1,-1,-1
576,63,726.37,563.25,237.92,279.68,1,-1,-1,-1
576,64,549.53,611.11,258.05,223.21,1,-1,-1,-1
576,68,1366.24,583.05,241.29,246.78,1,-1,-1,-1
576,69,918.28,581.75,203.87,239.06,1,-1,-1,-1
576,71,238.49,575.65,302.78,265.40,1,-1,-1,-1
576,72,91.00,586.82,302.62,254.89,1,-1,-1,-1
576,74,1146.09,565.68,278.45,272.74,1,-1,-1,-1
576,75,1066.62,579.02,320.95,263.36,1,-1,-1,-1
576,76,1323.88,582.99,263.46,253.24,1,-1,-1,-1
576,77,1461.32,520.01,265.99,314.48,1,-1,-1,-1
576,78,471.79,641.68,216.50,189.50,1,-1,-1,-1
577,49,479.29,646.16,207.14,188.89,1,-1,-1,-1
577,55,1161.16,584.97,240.61,252.15,1,-1,-1,-1
577,56,891.41,461.82,225.83,370.62,1,-1,-1,-1
577,57,756.03,561.81,230.46,277.22,1,-1,-1,-1
577,58,1510.33,584.36,268.45,246.97,1,-1,-1,-1
577,63,726.38,567.37,233.07,276.56,1,-1,-1,-1
577,64,548.70,612.57,254.63,223.39,1,-1,-1,-1
577,68,1366.24,583.05,241.29,246.78,1,-1,-1,-1
577,69,918.28,581.75,203.87,239.06,1,-1,-1,-1
577,71,238.87,572.78,303.03,268.50,1,-1,-1,-1
577,72,106.96,572.86,281.09,271.42,1,-1,-1,-1
577,74,1146.09,565.68,278.45,272.74,1,-1,-1,-1
577,75,1063.02,576.28,332.28,263.07,1,-1,-1,-1
577,76,1347.79,580.40,240.01,256.15,1,-1,-1,-1
577,77,1457.25,514.81,267.23,319.81,1,-1,-1,-1
577,78,471.79,641.68,216.50,189.50,1,-1,-1,-1
578,49,467.90,635.01,204.97,198.92,1,-1,-1,-1
578,55,1154.79,581.27,244.02,256.03,1,-1,-1,-1
578,56,893.86,461.32,216.71,373.73,1,-1,-1,-1
578,57,756.03,561.81,230.46,277.22,1,-1,-1,-1
578,58,1510.33,584.36,268.45,246.97,1,-1,-1,-1
578,63,726.39,572.19,227.31,270.83,1,-1,-1,-1
578,64,546.74,605.13,260.40,229.19,1,-1,-1,-1
578,68,1366.24,583.05,241.29,246.78,1,-1,-1,-1
578,69,918.28,581.75,203.87,239.06,1,-1,-1,-1
578,71,236.07,572.43,295.93,268.69,1,-1,-1,-1
578,72,89.58,530.97,299.77,310.49,1,-1,-1,-1
578,74,527.06,629.90,214.09,205.49,1,-1,-1,-1
578,75,1056.48,581.02,283.82,256.19,1,-1,-1,-1
578,76,1342.92,584.47,251.12,250.09,1,-1,-1,-1
578,77,1395.61,497.10,326.28,343.28,1,-1,-1,-1
578,78,471.79,641.68,216.50,189.50,1,-1,-1,-1
579,49,467.83,624.65,222.87,207.79,1,-1,-1,-1
579,55,1152.33,566.55,243.33,270.64,1,-1,-1,-1
579,56,894.02,465.29,232.95,367.35,1,-1,-1,-1
579,57,756.03,561.81,230.46,277.22,1,-1,-1,-1
579,58,1510.33,584.36,268.45,246.97,1,-1,-1,-1
579,63,726.64,557.76,226.72,285.90,1,-1,-1,-1
579,64,536.40,594.70,275.12,236.99,1,-1,-1,-1
579,68,1366.24,583.05,241.29,246.78,1,-1,-1,-1
579,69,918.28,581.75,203.87,239.06,1,-1,-1,-1
579,71,233.38,576.64,294.33,267.26,1,-1,-1,-1
579,72,88.10,506.78,298.33,334.01,1,-1,-1,-1
579,74,527.06,629.90,214.09,205.49,1,-1,-1,-1
579,75,1047.65,594.48,290.77,240.22,1,-1,-1,-1
579,76,1331.42,570.58,271.14,262.69,1,-1,-1,-1
579,77,1383.31,480.86,336.65,359.46,1,-1,-1,-1
579,78,471.79,641.68,216.50,189.50,1,-1,-1,-1
580,49,479.67,611.14,220.69,219.02,1,-1,-1,-1
580,55,1102.43,546.07,296.40,295.61,1,-1,-1,-1
580,56,900.16,465.41,222.83,364.33,1,-1,-1,-1
580,57,756.03,561.81,230.46,277.22,1,-1,-1,-1
580,58,1510.33,584.36,268.45,246.97,1,-1,-1,-1
580,63,729.31,550.07,224.58,293.89,1,-1,-1,-1
580,64,539.60,567.90,272.40,264.63,1,-1,-1,-1
580,68,1366.24,583.05,241.29,246.78,1,-1,-1,-1
580,69,918.28,581.75,203.87,239.06,1,-1,-1,-1
580,71,235.02,575.01,291.35,269.71,1,-1,-1,-1
580,72,99.30,486.71,282.86,351.74,1,-1,-1,-1
580,74,527.06,629.90,214.09,205.49,1,-1,-1,-1
580,75,1037.86,582.00,265.61,254.88,1,-1,-1,-1
580,76,1357.96,552.42,316.64,280.75,1,-1,-1,-1
580,77,1376.31,468.66,343.17,371.07,1,-1,-1,-1
580,78,471.79,641.68,216.50,189.50,1,-1,-1,-1
580,79,97.01,483.46,288.67,359.93,1,-1,-1,-1
581,49,477.80,598.14,201.01,234.91,1,-1,-1,-1
581,55,1073.73,536.34,324.89,305.29,1,-1,-1,-1
581,56,904.77,465.00,228.97,364.97,1,-1,-1,-1
581,57,567.40,541.61,260.30,292.87,1,-1,-1,-1
581,58,1510.33,584.36,268.45,246.97,1,-1,-1,-1
581,63,728.98,542.11,227.23,303.49,1,-1,-1,-1
581,64,539.60,567.90,272.40,264.63,1,-1,-1,-1
581,68,1366.24,583.05,241.29,246.78,1,-1,-1,-1
581,69,918.28,581.75,203.87,239.06,1,-1,-1,-1
581,71,233.28,564.16,291.98,283.74,1,-1,-1,-1
581,72,164.70,471.42,212.15,368.53,1,-1,-1,-1
581,74,527.06,629.90,214.09,205.49,1,-1,-1,-1
581,75,1037.86,582.00,265.61,254.88,1,-1,-1,-1
581,76,1361.57,547.27,300.38,288.28,1,-1,-1,-1
581,77,1376.39,454.13,344.85,386.66,1,-1,-1,-1
581,78,471.79,641.68,216.50,189.50,1,-1,-1,-1
581,79,121.54,470.79,261.77,371.25,1,-1,-1,-1
581,80,1027.51,562.77,203.79,275.15,1,-1,-1,-1
581,81,1330.66,548.12,268.57,286.16,1,-1,-1,-1
582,49,476.78,588.59,198.33,244.17,1,-1,-1,-1
582,55,1073.73,536.34,324.89,305.29,1,-1,-1,-1
582,56,902.43,465.55,243.19,361.39,1,-1,-1,-1
582,57,549.84,516.94,251.84,318.41,1,-1,-1,-1
582,63,729.71,539.18,227.10,305.70,1,-1,-1,-1
582,64,539.60,567.90,272.40,264.63,1,-1,-1,-1
582,68,1366.24,583.05,241.29,246.78,1,-1,-1,-1
582,69,918.28,581.75,203.87,239.06,1,-1,-1,-1
582,71,234.14,553.61,292.17,294.86,1,-1,-1,-1
582,72,164.70,471.42,212.15,368.53,1,-1,-1,-1
582,74,180.05,626.61,223.36,212.36,1,-1,-1,-1
582,75,1037.86,582.00,265.61,254.88,1,-1,-1,-1
582,76,1365.14,543.99,290.62,291.21,1,-1,-1,-1
582,77,1380.52,447.45,341.93,392.13,1,-1,-1,-1
582,78,471.79,641.68,216.50,189.50,1,-1,-1,-1
582,79,176.55,462.84,202.32,378.68,1,-1,-1,-1
582,80,1026.50,547.99,208.97,291.31,1,-1,-1,-1
582,81,1334.69,544.26,273.38,290.51,1,-1,-1,-1
582,82,1105.27,525.22,291.78,317.11,1,-1,-1,-1
583,49,474.65,575.95,191.30,260.96,1,-1,-1,-1
583,55,1038.14,512.45,351.21,328.63,1,-1,-1,-1
583,56,907.31,469.21,254.46,354.99,1,-1,-1,-1
583,57,549.98,503.79,251.30,331.16,1,-1,-1,-1
583,63,728.05,541.30,229.18,301.62,1,-1,-1,-1
583,64,539.60,567.90,272.40,264.63,1,-1,-1,-1
583,68,1366.24,583.05,241.29,246.78,1,-1,-1,-1
583,69,918.28,581.75,203.87,239.06,1,-1,-1,-1
583,71,229.89,540.61,293.53,307.44,1,-1,-1,-1
583,72,164.70,471.42,212.15,368.53,1,-1,-1,-1
583,74,180.05,626.61,223.36,212.36,1,-1,-1,-1
583,75,1033.51,531.63,266.00,306.86,1,-1,-1,-1
583,76,1363.41,532.94,278.06,301.02,1,-1,-1,-1
583,77,1377.53,441.13,344.49,399.82,1,-1,-1,-1
583,78,471.79,641.68,216.50,189.50,1,-1,-1,-1
583,79,149.68,452.70,231.56,390.71,1,-1,-1,-1
583,80,1027.22,525.81,220.94,313.40,1,-1,-1,-1
583,81,1325.56,531.48,277.05,300.06,1,-1,-1,-1
583,82,1132.15,499.96,261.25,339.95,1,-1,-1,-1
584,49,474.25,570.64,194.01,265.01,1,-1,-1,-1
584,55,1033.39,502.06,349.81,339.78,1,-1,-1,-1
584,56,908.51,469.56,252.24,355.39,1,-1,-1,-1
584,57,548.80,500.11,250.46,335.71,1,-1,-1,-1
584,63,728.34,540.27,231.74,303.62,1,-1,-1,-1
584,64,539.60,567.90,272.40,264.63,1,-1,-1,-1
584,68,1366.24,583.05,241.29,246.78,1,-1,-1,-1
584,69,918.28,581.75,203.87,239.06,1,-1,-1,-1
584,71,231.31,534.32,289.02,312.35,1,-1,-1,-1
584,72,164.70,471.42,212.15,368.53,1,-1,-1,-1
584,74,180.05,626.61,223.36,212.36,1,-1,-1,-1
584,75,1031.40,523.83,273.16,314.60,1,-1,-1,-1
584,76,1365.35,529.01,266.63,304.11,1,-1,-1,-1
584,77,1383.62,438.84,339.86,401.76,1,-1,-1,-1
584,78,471.79,641.68,216.50,189.50,1,-1,-1,-1
584,79,143.69,446.51,234.25,395.95,1,-1,-1,-1
584,80,1025.35,517.88,211.38,321.08,1,-1,-1,-1
584,81,1327.80,526.20,269.81,301.62,1,-1,-1,-1
584,82,1138.55,492.83,250.15,346.36,1,-1,-1,-1
585,49,474.76,567.81,189.23,266.22,1,-1,-1,-1
585,55,1037.42,490.80,348.28,351.27,1,-1,-1,-1
585,56,904.23,470.27,240.09,357.70,1,-1,-1,-1
585,57,544.13,497.39,253.82,339.62,1,-1,-1,-1
585,63,727.54,539.94,237.22,303.29,1,-1,-1,-1
585,64,539.60,567.90,272.40,264.63,1,-1,-1,-1
585,68,1366.24,583.05,241.29,246.78,1,-1,-1,-1
585,69,918.28,581.75,203.87,239.06,1,-1,-1,-1
585,71,233.18,527.38,285.93,318.42,1,-1,-1,-1
585,72,164.70,471.42,212.15,368.53,1,-1,-1,-1
585,74,180.05,626.61,223.36,212.36,1,-1,-1,-1
585,75,1035.21,536.58,281.14,301.97,1,-1,-1,-1
585,76,1365.35,529.01,266.63,304.11,1,-1,-1,-1
585,77,1388.18,434.37,328.11,407.37,1,-1,-1,-1
585,78,471.79,641.68,216.50,189.50,1,-1,-1,-1
585,79,141.83,442.43,235.37,398.78,1,-1,-1,-1
585,80,1028.07,513.74,199.28,324.72,1,-1,-1,-1
585,81,1312.37,528.81,245.20,300.49,1,-1,-1,-1
585,82,1139.58,486.58,254.99,352.58,1,-1,-1,-1
586,49,476.61,565.78,187.07,266.11,1,-1,-1,-1
586,55,1035.48,476.24,348.80,365.42,1,-1,-1,-1
586,56,899.15,469.06,255.80,355.68,1,-1,-1,-1
586,57,545.89,495.10,250.91,339.40,1,-1,-1,-1
586,63,721.86,541.07,246.99,301.46,1,-1,-1,-1
586,64,714.98,532.92,188.00,294.67,1,-1,-1,-1
586,68,1366.24,583.05,241.29,246.78,1,-1,-1,-1
586,69,918.28,581.75,203.87,239.06,1,-1,-1,-1
586,71,232.60,521.55,289.24,324.97,1,-1,-1,-1
586,72,142.86,442.77,235.01,397.80,1,-1,-1,-1
586,74,180.05,626.61,223.36,212.36,1,-1,-1,-1
586,75,1035.21,536.58,281.14,301.97,1,-1,-1,-1
586,76,1365.35,529.01,266.63,304.11,1,-1,-1,-1
586,77,1395.42,430.16,320.57,411.64,1,-1,-1,-1
586,78,471.79,641.68,216.50,189.50,1,-1,-1,-1
586,79,141.20,439.91,235.50,400.46,1,-1,-1,-1
586,80,1028.85,510.53,176.87,322.86,1,-1,-1,-1
586,81,1330.48,517.96,213.15,309.80,1,-1,-1,-1
586,82,1120.36,479.53,270.75,357.84,1,-1,-1,-1
587,49,477.12,563.00,183.57,267.81,1,-1,-1,-1
587,55,1035.63,469.71,349.08,373.82,1,-1,-1,-1
587,56,897.15,467.83,264.84,362.00,1,-1,-1,-1
587,57,547.19,489.00,247.36,343.74,1,-1,-1,-1
587,63,723.75,534.72,259.86,306.06,1,-1,-1,-1
587,64,717.02,520.63,212.66,310.91,1,-1,-1,-1
587,68,1366.24,583.05,241.29,246.78,1,-1,-1,-1
587,69,918.28,581.75,203.87,239.06,1,-1,-1,-1
587,71,230.23,513.94,290.97,332.15,1,-1,-1,-1
587,72,142.86,442.77,235.01,397.80,1,-1,-1,-1
587,74,180.05,626.61,223.36,212.36,1,-1,-1,-1
587,75,1035.21,536.58,281.14,301.97,1,-1,-1,-1
587,76,1365.35,529.01,266.63,304.11,1,-1,-1,-1
587,77,1396.00,424.67,319.55,415.67,1,-1,-1,-1
587,78,471.79,641.68,216.50,189.50,1,-1,-1,-1
587,79,140.07,434.47,237.67,404.64,1,-1,-1,-1
587,80,1026.88,508.85,169.18,326.04,1,-1,-1,-1
587,81,1334.97,513.03,203.57,313.71,1,-1,-1,-1
587,82,1120.36,479.53,270.75,357.84,1,-1,-1,-1
588,49,474.67,559.29,180.06,267.88,1,-1,-1,-1
588,55,1040.16,458.29,335.35,384.30,1,-1,-1,-1
588,56,897.15,467.83,264.84,362.00,1,-1,-1,-1
588,57,550.12,480.38,241.03,348.70,1,-1,-1,-1
588,63,720.33,517.44,275.66,324.16,1,-1,-1,-1
588,64,718.24,519.31,237.09,321.16,1,-1,-1,-1
588,68,1366.24,583.05,241.29,246.78,1,-1,-1,-1
588,69,918.28,581.75,203.87,239.06,1,-1,-1,-1
588,71,230.15,501.47,289.50,341.58,1,-1,-1,-1
588,72,142.86,442.77,235.01,397.80,1,-1,-1,-1
588,74,180.05,626.61,223.36,212.36,1,-1,-1,-1
588,75,1035.21,536.58,281.14,301.97,1,-1,-1,-1
588,76,1365.35,529.01,266.63,304.11,1,-1,-1,-1
588,77,1396.39,414.60,314.71,424.36,1,-1,-1,-1
588,78,471.79,641.68,216.50,189.50,1,-1,-1,-1
588,79,136.25,428.38,238.16,408.03,1,-1,-1,-1
588,80,1027.50,476.31,166.67,358.70,1,-1,-1,-1
588,81,1330.78,500.39,204.61,330.06,1,-1,-1,-1
588,82,1146.05,458.27,241.37,378.96,1,-1,-1,-1
589,49,476.09,556.96,178.48,268.02,1,-1,-1,-1
589,55,1032.81,451.72,339.25,390.14,1,-1,-1,-1
589,56,877.07,451.13,288.24,371.39,1,-1,-1,-1
589,57,547.37,476.61,239.67,350.58,1,-1,-1,-1
589,63,768.55,507.54,244.23,324.03,1,-1,-1,-1
589,64,718.03,516.36,241.64,324.45,1,-1,-1,-1
589,68,1366.24,583.05,241.29,246.78,1,-1,-1,-1
589,69,918.28,581.75,203.87,239.06,1,-1,-1,-1
589,71,226.19,492.41,291.96,349.36,1,-1,-1,-1
589,72,142.86,442.77,235.01,397.80,1,-1,-1,-1
589,74,180.05,626.61,223.36,212.36,1,-1,-1,-1
589,75,1035.21,536.58,281.14,301.97,1,-1,-1,-1
589,76,1365.35,529.01,266.63,304.11,1,-1,-1,-1
589,77,1394.99,407.50,313.16,432.14,1,-1,-1,-1
589,78,471.79,641.68,216.50,189.50,1,-1,-1,-1
589,79,135.73,428.71,236.93,407.13,1,-1,-1,-1
589,80,1021.62,488.16,158.82,339.23,1,-1,-1,-1
589,81,1331.21,498.97,199.16,326.34,1,-1,-1,-1
589,82,1145.35,450.13,237.94,385.32,1,-1,-1,-1
590,49,474.90,556.49,178.35,269.75,1,-1,-1,-1
590,55,1045.20,449.96,330.53,391.42,1,-1,-1,-1
590,56,878.72,448.67,286.93,375.50,1,-1,-1,-1
590,57,547.24,474.96,239.36,351.76,1,-1,-1,-1
590,63,792.17,501.55,223.85,330.17,1,-1,-1,-1
590,64,716.39,514.71,240.21,326.22,1,-1,-1,-1
590,68,1366.24,583.05,241.29,246.78,1,-1,-1,-1
590,69,918.28,581.75,203.87,239.06,1,-1,-1,-1
590,71,225.78,482.28,292.73,358.41,1,-1,-1,-1
590,72,142.86,442.77,235.01,397.80,1,-1,-1,-1
590,74,180.05,626.61,223.36,212.36,1,-1,-1,-1
590,75,1035.21,536.58,281.14,301.97,1,-1,-1,-1
590,76,1365.35,529.01,266.63,304.11,1,-1,-1,-1
590,77,1394.47,406.91,312.89,431.33,1,-1,-1,-1
590,78,471.79,641.68,216.50,189.50,1,-1,-1,-1
590,79,132.87,429.43,237.29,406.66,1,-1,-1,-1
590,80,1026.75,498.98,162.88,326.50,1,-1,-1,-1
590,81,1334.61,499.51,190.17,310.94,1,-1,-1,-1
590,82,1148.50,449.25,241.51,384.41,1,-1,-1,-1
591,49,474.28,554.47,174.97,271.68,1,-1,-1,-1
591,55,1050.74,439.21,326.30,403.79,1,-1,-1,-1
591,56,879.03,444.63,283.35,376.12,1,-1,-1,-1
591,57,545.88,477.67,235.55,347.34,1,-1,-1,-1
591,63,787.48,500.03,210.75,328.50,1,-1,-1,-1
591,64,717.96,513.55,243.46,324.38,1,-1,-1,-1
591,68,1366.24,583.05,241.29,246.78,1,-1,-1,-1
591,69,918.28,581.75,203.87,239.06,1,-1,-1,-1
591,71,225.53,476.48,293.49,363.23,1,-1,-1,-1
591,72,142.86,442.77,235.01,397.80,1,-1,-1,-1
591,74,180.05,626.61,223.36,212.36,1,-1,-1,-1
591,75,1035.21,536.58,281.14,301.97,1,-1,-1,-1
591,76,1365.35,529.01,266.63,304.11,1,-1,-1,-1
591,77,1389.68,407.34,317.54,430.17,1,-1,-1,-1
591,78,471.79,641.68,216.50,189.50,1,-1,-1,-1
591,79,131.76,431.66,234.44,404.40,1,-1,-1,-1
591,80,1033.40,503.07,160.01,325.18,1,-1,-1,-1
591,81,1335.50,498.55,191.71,308.06,1,-1,-1,-1
591,82,1148.50,449.25,241.51,384.41,1,-1,-1,-1
592,49,477.17,554.96,170.11,269.22,1,-1,-1,-1
592,55,1048.74,431.18,312.35,412.35,1,-1,-1,-1
592,56,872.67,439.09,283.13,386.67,1,-1,-1,-1
592,57,546.06,477.84,230.00,344.65,1,-1,-1,-1
592,63,758.70,490.04,238.35,345.74,1,-1,-1,-1
592,64,721.69,510.76,230.05,326.74,1,-1,-1,-1
592,68,1366.24,583.05,241.29,246.78,1,-1,-1,-1
592,69,918.28,581.75,203.87,239.06,1,-1,-1,-1
592,71,227.28,471.31,290.11,367.85,1,-1,-1,-1
592,72,142.86,442.77,235.01,397.80,1,-1,-1,-1
592,74,180.05,626.61,223.36,212.36,1,-1,-1,-1
592,75,1035.21,536.58,281.14,301.97,1,-1,-1,-1
592,76,1365.35,529.01,266.63,304.11,1,-1,-1,-1
592,77,1380.90,405.11,321.67,431.55,1,-1,-1,-1
592,78,471.79,641.68,216.50,189.50,1,-1,-1,-1
592,79,130.72,429.79,238.53,404.46,1,-1,-1,-1
592,80,1035.22,502.61,166.78,327.57,1,-1,-1,-1
592,81,1332.64,493.39,200.66,324.07,1,-1,-1,-1
592,82,1153.51,475.16,231.51,353.97,1,-1,-1,-1
593,49,471.83,555.76,161.83,265.75,1,-1,-1,-1
593,55,1041.56,414.94,312.05,429.03,1,-1,-1,-1
593,56,879.07,451.70,251.81,366.44,1,-1,-1,-1
593,57,542.32,461.43,233.64,364.31,1,-1,-1,-1
593,63,765.92,465.52,200.32,369.91,1,-1,-1,-1
593,64,724.22,513.31,186.17,316.17,1,-1,-1,-1
593,68,1366.24,583.05,241.29,246.78,1,-1,-1,-1
593,71,224.44,452.52,286.53,386.31,1,-1,-1,-1
593,72,142.86,442.77,235.01,397.80,1,-1,-1,-1
593,74,180.05,626.61,223.36,212.36,1,-1,-1,-1
593,75,1035.21,536.58,281.14,301.97,1,-1,-1,-1
593,76,1365.35,529.01,266.63,304.11,1,-1,-1,-1
593,77,1395.92,381.57,295.86,457.27,1,-1,-1,-1
593,78,471.79,641.68,216.50,189.50,1,-1,-1,-1
593,79,129.14,422.07,234.03,412.04,1,-1,-1,-1
593,80,1033.88,500.51,160.35,329.04,1,-1,-1,-1
593,81,1329.73,489.45,213.75,330.61,1,-1,-1,-1
593,82,1151.45,484.23,225.00,345.14,1,-1,-1,-1
594,49,471.42,553.57,152.34,263.36,1,-1,-1,-1
594,55,1045.38,405.35,302.52,436.56,1,-1,-1,-1
594,56,877.43,448.82,225.16,380.52,1,-1,-1,-1
594,57,539.06,457.10,238.62,369.41,1,-1,-1,-1
594,63,740.79,446.79,204.65,382.42,1,-1,-1,-1
594,64,725.23,508.90,172.44,314.77,1,-1,-1,-1
594,71,236.71,435.08,270.34,400.32,1,-1,-1,-1
594,72,228.67,435.96,264.80,402.97,1,-1,-1,-1
594,74,180.05,626.61,223.36,212.36,1,-1,-1,-1
594,75,1035.21,536.58,281.14,301.97,1,-1,-1,-1
594,76,1379.35,487.82,223.10,339.91,1,-1,-1,-1
594,77,1394.30,377.74,289.38,460.98,1,-1,-1,-1
594,78,471.79,641.68,216.50,189.50,1,-1,-1,-1
594,79,124.59,424.80,246.43,409.99,1,-1,-1,-1
594,80,1035.33,497.59,160.70,313.88,1,-1,-1,-1
594,81,1330.50,490.37,197.98,326.41,1,-1,-1,-1
594,82,1166.34,483.44,197.43,347.22,1,-1,-1,-1
595,49,466.38,551.55,156.09,267.99,1,-1,-1,-1
595,55,1051.38,400.49,292.09,441.18,1,-1,-1,-1
595,56,871.68,440.35,243.00,394.27,1,-1,-1,-1
595,57,537.54,455.80,231.21,366.42,1,-1,-1,-1
595,63,728.89,435.82,208.52,400.53,1,-1,-1,-1
595,64,718.74,505.84,172.87,324.76,1,-1,-1,-1
595,71,242.89,421.50,260.38,414.77,1,-1,-1,-1
595,72,243.73,422.40,257.58,418.04,1,-1,-1,-1
595,74,180.05,626.61,223.36,212.36,1,-1,-1,-1
595,75,1035.21,536.58,281.14,301.97,1,-1,-1,-1
595,76,1379.35,487.82,223.10,339.91,1,-1,-1,-1
595,77,1390.96,375.94,291.85,461.16,1,-1,-1,-1
595,78,471.79,641.68,216.50,189.50,1,-1,-1,-1
595,79,126.63,434.13,235.32,398.69,1,-1,-1,-1
595,80,1029.01,495.81,170.76,327.69,1,-1,-1,-1
595,81,1320.66,490.19,195.91,331.13,1,-1,-1,-1
595,82,1164.43,482.13,196.30,348.16,1,-1,-1,-1
596,49,469.79,555.38,163.75,263.79,1,-1,-1,-1
596,55,1049.81,399.25,290.38,439.55,1,-1,-1,-1
596,56,879.54,440.96,199.25,385.58,1,-1,-1,-1
596,57,539.48,455.78,224.52,364.85,1,-1,-1,-1
596,63,724.74,435.50,205.73,402.33,1,-1,-1,-1
596,64,718.74,505.84,172.87,324.76,1,-1,-1,-1
596,71,244.31,417.22,251.24,420.64,1,-1,-1,-1
596,72,243.73,422.40,257.58,418.04,1,-1,-1,-1
596,74,180.05,626.61,223.36,212.36,1,-1,-1,-1
596,75,1097.02,482.66,251.00,350.71,1,-1,-1,-1
596,76,1379.35,487.82,223.10,339.91,1,-1,-1,-1
596,77,1394.53,378.41,284.34,458.98,1,-1,-1,-1
596,78,471.79,641.68,216.50,189.50,1,-1,-1,-1
596,79,122.22,427.46,237.01,406.31,1,-1,-1,-1
596,80,1027.66,497.91,167.94,329.98,1,-1,-1,-1
596,81,1321.84,486.54,199.05,330.97,1,-1,-1,-1
596,82,1156.98,485.30,210.91,342.89,1,-1,-1,-1
597,49,464.53,552.07,163.65,271.47,1,-1,-1,-1
597,55,1050.20,398.84,286.63,440.14,1,-1,-1,-1
597,56,885.05,441.05,192.23,383.32,1,-1,-1,-1
597,57,539.19,455.75,225.56,364.63,1,-1,-1,-1
597,63,728.19,432.96,200.27,403.24,1,-1,-1,-1
597,64,719.93,503.47,190.56,327.15,1,-1,-1,-1
597,71,240.91,416.22,252.20,419.44,1,-1,-1,-1
597,72,243.73,422.40,257.58,418.04,1,-1,-1,-1
597,74,180.05,626.61,223.36,212.36,1,-1,-1,-1
597,75,1097.02,482.66,251.00,350.71,1,-1,-1,-1
597,76,1379.35,487.82,223.10,339.91,1,-1,-1,-1
597,77,1395.90,374.95,278.40,461.79,1,-1,-1,-1
597,79,121.77,424.94,238.86,409.69,1,-1,-1,-1
597,80,1033.48,497.68,137.85,321.65,1,-1,-1,-1
597,81,1326.15,482.98,180.05,336.19,1,-1,-1,-1
597,82,1163.51,487.50,201.99,337.95,1,-1,-1,-1
598,49,463.06,548.12,159.83,275.61,1,-1,-1,-1
598,55,1048.80,394.81,288.24,444.22,1,-1,-1,-1
598,56,883.08,435.83,185.92,389.06,1,-1,-1,-1
598,57,540.02,454.09,226.63,366.37,1,-1,-1,-1
598,63,729.57,428.10,196.30,407.54,1,-1,-1,-1
598,64,719.93,503.47,190.56,327.15,1,-1,-1,-1
598,71,239.48,412.24,252.89,423.44,1,-1,-1,-1
598,72,243.73,422.40,257.58,418.04,1,-1,-1,-1
598,74,180.05,626.61,223.36,212.36,1,-1,-1,-1
598,75,1126.24,479.25,222.12,351.29,1,-1,-1,-1
598,76,1443.63,463.07,218.37,362.20,1,-1,-1,-1
598,77,1392.46,373.58,250.73,464.16,1,-1,-1,-1
598,79,125.19,424.66,236.53,408.38,1,-1,-1,-1
598,80,1036.48,496.17,140.32,328.18,1,-1,-1,-1
598,81,1325.84,480.05,173.22,340.86,1,-1,-1,-1
598,82,1169.61,485.19,186.26,341.89,1,-1,-1,-1
599,49,465.64,547.26,153.74,275.70,1,-1,-1,-1
599,55,1047.36,389.95,291.85,448.48,1,-1,-1,-1
599,56,886.09,433.60,178.73,390.39,1,-1,-1,-1
599,57,540.04,453.49,227.06,365.73,1,-1,-1,-1
599,63,728.95,424.22,198.43,411.64,1,-1,-1,-1
599,64,719.93,503.47,190.56,327.15,1,-1,-1,-1
599,71,240.65,411.21,251.19,424.82,1,-1,-1,-1
599,72,243.73,422.40,257.58,418.04,1,-1,-1,-1
599,74,180.05,626.61,223.36,212.36,1,-1,-1,-1
599,75,1126.24,479.25,222.12,351.29,1,-1,-1,-1
599,76,1443.63,463.07,218.37,362.20,1,-1,-1,-1
599,77,1390.52,373.67,246.97,465.07,1,-1,-1,-1
599,79,126.37,424.23,236.97,407.68,1,-1,-1,-1
599,80,1035.54,496.59,142.75,328.14,1,-1,-1,-1
599,81,1323.00,480.88,171.99,336.46,1,-1,-1,-1
599,82,1164.40,482.28,191.70,345.31,1,-1,-1,-1
600,49,465.48,546.18,154.90,274.78,1,-1,-1,-1
600,55,1047.54,390.98,296.57,447.89,1,-1,-1,-1
600,56,881.47,440.13,186.20,386.32,1,-1,-1,-1
600,57,542.75,453.06,223.48,365.02,1,-1,-1,-1
600,63,730.40,422.92,209.28,412.49,1,-1,-1,-1
600,64,722.26,502.06,194.94,328.30,1,-1,-1,-1
600,71,242.42,410.32,249.58,425.14,1,-1,-1,-1
600,72,243.73,422.40,257.58,418.04,1,-1,-1,-1
600,74,180.05,626.61,223.36,212.36,1,-1,-1,-1
600,75,1126.24,479.25,222.12,351.29,1,-1,-1,-1
600,76,1443.63,463.07,218.37,362.20,1,-1,-1,-1
600,77,1389.27,374.01,248.10,465.59,1,-1,-1,-1
600,79,126.73,424.34,236.60,407.17,1,-1,-1,-1
600,80,1033.97,496.74,148.90,327.59,1,-1,-1,-1
600,81,1320.94,480.96,176.03,338.08,1,-1,-1,-1
600,82,1171.71,482.62,183.73,342.72,1,-1,-1,-1
600,83,1474.23,461.88,208.85,363.48,1,-1,-1,-1
601,49,464.40,546.21,157.83,274.83,1,-1,-1,-1
601,55,1049.46,392.63,295.79,447.08,1,-1,-1,-1
601,56,882.08,440.63,186.15,385.31,1,-1,-1,-1
601,57,542.36,453.74,226.64,365.94,1,-1,-1,-1
601,63,730.63,425.53,212.85,409.69,1,-1,-1,-1
601,64,724.22,502.29,197.55,327.35,1,-1,-1,-1
601,71,243.14,409.04,249.50,426.09,1,-1,-1,-1
601,72,243.73,422.40,257.58,418.04,1,-1,-1,-1
601,74,180.05,626.61,223.36,212.36,1,-1,-1,-1
601,75,1126.24,479.25,222.12,351.29,1,-1,-1,-1
601,76,1443.63,463.07,218.37,362.20,1,-1,-1,-1
601,77,1387.05,374.42,247.97,464.17,1,-1,-1,-1
601,79,128.58,425.17,236.02,405.72,1,-1,-1,-1
601,80,1033.03,496.81,152.59,324.79,1,-1,-1,-1
601,81,1322.18,478.93,174.86,341.03,1,-1,-1,-1
601,82,1172.80,482.51,183.76,343.28,1,-1,-1,-1
601,83,1469.14,460.12,212.65,365.27,1,-1,-1,-1
602,49,462.13,546.20,159.57,276.28,1,-1,-1,-1
602,55,1049.60,392.58,296.36,447.04,1,-1,-1,-1
602,56,884.52,439.87,182.56,385.77,1,-1,-1,-1
602,57,545.09,452.98,223.73,367.27,1,-1,-1,-1
602,63,734.08,423.73,202.73,410.21,1,-1,-1,-1
602,64,724.94,519.35,184.09,307.77,1,-1,-1,-1
602,71,242.36,407.87,251.66,426.74,1,-1,-1,-1
602,72,243.73,422.40,257.58,418.04,1,-1,-1,-1
602,74,180.05,626.61,223.36,212.36,1,-1,-1,-1
602,75,1126.24,479.25,222.12,351.29,1,-1,-1,-1
602,76,1443.63,463.07,218.37,362.20,1,-1,-1,-1
602,77,1387.38,374.56,246.37,463.50,1,-1,-1,-1
602,79,128.09,423.98,238.85,406.96,1,-1,-1,-1
602,80,1032.00,496.97,149.76,324.48,1,-1,-1,-1
602,81,1323.10,477.57,170.99,341.38,1,-1,-1,-1
602,82,1171.98,483.82,187.56,341.17,1,-1,-1,-1
602,83,1465.73,459.25,216.46,366.85,1,-1,-1,-1
603,49,459.64,546.52,159.35,272.73,1,-1,-1,-1
603,55,1053.26,391.08,283.77,448.78,1,-1,-1,-1
603,56,884.02,449.09,186.03,377.16,1,-1,-1,-1
603,57,548.14,451.81,220.17,368.22,1,-1,-1,-1
603,63,729.00,424.07,207.68,409.84,1,-1,-1,-1
603,64,723.81,523.61,184.12,303.21,1,-1,-1,-1
603,71,243.37,405.49,256.40,428.72,1,-1,-1,-1
603,72,244.80,406.07,255.22,425.87,1,-1,-1,-1
603,74,180.05,626.61,223.36,212.36,1,-1,-1,-1
603,75,1124.81,473.69,223.98,353.97,1,-1,-1,-1
603,76,1443.63,463.07,218.37,362.20,1,-1,-1,-1
603,77,1388.70,374.51,247.05,464.11,1,-1,-1,-1
603,79,128.06,426.22,248.67,404.92,1,-1,-1,-1
603,80,1032.34,495.42,148.89,325.84,1,-1,-1,-1
603,81,1321.54,476.45,180.77,346.22,1,-1,-1,-1
603,82,1170.76,479.52,188.47,343.38,1,-1,-1,-1
603,83,1469.19,458.91,213.23,368.36,1,-1,-1,-1
604,49,459.43,547.01,159.18,272.03,1,-1,-1,-1
604,55,1058.30,397.76,279.09,439.67,1,-1,-1,-1
604,56,882.41,450.78,189.66,375.35,1,-1,-1,-1
604,57,552.78,449.79,217.72,368.68,1,-1,-1,-1
604,63,726.50,421.89,222.25,405.71,1,-1,-1,-1
604,64,723.31,522.08,176.96,299.06,1,-1,-1,-1
604,71,246.40,402.03,255.17,429.57,1,-1,-1,-1
604,72,242.51,404.25,258.46,429.59,1,-1,-1,-1
604,74,180.05,626.61,223.36,212.36,1,-1,-1,-1
604,75,1124.81,473.69,223.98,353.97,1,-1,-1,-1
604,76,1398.00,381.37,255.26,453.14,1,-1,-1,-1
604,77,1392.38,371.31,246.20,467.17,1,-1,-1,-1
604,79,129.38,426.51,251.62,404.12,1,-1,-1,-1
604,80,1034.05,496.84,150.60,325.16,1,-1,-1,-1
604,81,1323.35,477.39,181.19,342.55,1,-1,-1,-1
604,82,1169.56,478.23,193.45,347.22,1,-1,-1,-1
604,83,1470.00,469.07,212.61,356.39,1,-1,-1,-1
605,49,460.13,546.41,160.18,271.71,1,-1,-1,-1
605,55,1059.38,398.70,277.33,438.43,1,-1,-1,-1
605,56,881.08,451.25,190.74,375.32,1,-1,-1,-1
605,57,555.09,447.41,212.09,369.53,1,-1,-1,-1
605,63,732.74,422.23,214.56,401.82,1,-1,-1,-1
605,64,725.95,523.53,175.12,294.50,1,-1,-1,-1
605,71,247.52,399.03,256.65,431.87,1,-1,-1,-1
605,72,243.42,401.82,259.66,431.10,1,-1,-1,-1
605,74,180.05,626.61,223.36,212.36,1,-1,-1,-1
605,75,1124.81,473.69,223.98,353.97,1,-1,-1,-1
605,76,1401.13,369.68,239.38,463.99,1,-1,-1,-1
605,77,1393.27,369.86,260.70,464.47,1,-1,-1,-1
605,79,130.08,424.71,254.59,406.59,1,-1,-1,-1
605,80,1034.73,495.62,165.76,328.51,1,-1,-1,-1
605,81,1331.28,477.32,173.88,338.70,1,-1,-1,-1
605,82,1172.74,473.60,189.52,352.79,1,-1,-1,-1
605,83,1463.25,479.87,221.65,345.30,1,-1,-1,-1
606,49,469.58,545.09,153.29,269.60,1,-1,-1,-1
606,55,1060.55,396.56,277.00,440.13,1,-1,-1,-1
606,56,883.04,451.97,189.86,370.84,1,-1,-1,-1
606,57,555.41,446.13,212.56,370.58,1,-1,-1,-1
606,63,727.08,422.46,224.09,402.96,1,-1,-1,-1
606,64,728.27,524.33,184.17,295.44,1,-1,-1,-1
606,71,248.82,397.07,254.01,432.47,1,-1,-1,-1
606,72,245.81,399.47,256.75,433.31,1,-1,-1,-1
606,74,180.05,626.61,223.36,212.36,1,-1,-1,-1
606,75,1124.81,473.69,223.98,353.97,1,-1,-1,-1
606,76,1394.76,367.85,251.14,465.68,1,-1,-1,-1
606,77,1392.75,366.67,266.45,466.71,1,-1,-1,-1
606,79,134.45,424.50,251.49,404.67,1,-1,-1,-1
606,80,1037.00,494.45,169.96,320.22,1,-1,-1,-1
606,81,1333.00,477.33,184.51,337.23,1,-1,-1,-1
606,82,1179.12,469.86,184.48,354.64,1,-1,-1,-1
606,83,1458.50,483.01,226.83,341.59,1,-1,-1,-1
607,49,469.20,543.95,155.94,267.50,1,-1,-1,-1
607,55,1067.43,389.50,265.56,447.98,1,-1,-1,-1
607,56,888.40,451.53,185.04,366.74,1,-1,-1,-1
607,57,554.87,444.76,213.34,370.27,1,-1,-1,-1
607,63,727.08,422.46,224.09,402.96,1,-1,-1,-1
607,64,729.58,522.04,185.00,295.05,1,-1,-1,-1
607,71,252.58,395.78,249.20,431.44,1,-1,-1,-1
607,72,249.80,398.10,251.66,433.00,1,-1,-1,-1
607,74,180.05,626.61,223.36,212.36,1,-1,-1,-1
607,75,1073.30,399.36,264.05,435.77,1,-1,-1,-1
607,76,1395.42,364.93,251.28,469.22,1,-1,-1,-1
607,77,1396.39,363.70,258.70,469.73,1,-1,-1,-1
607,79,142.49,423.93,241.00,401.02,1,-1,-1,-1
607,80,1041.01,495.03,159.46,318.97,1,-1,-1,-1
607,81,1332.23,476.77,180.51,335.17,1,-1,-1,-1
607,82,1183.00,469.69,179.99,354.68,1,-1,-1,-1
607,83,1458.50,483.01,226.83,341.59,1,-1,-1,-1
608,49,475.19,543.21,151.18,264.58,1,-1,-1,-1
608,55,1069.73,385.06,265.21,450.96,1,-1,-1,-1
608,56,899.05,453.39,176.27,364.45,1,-1,-1,-1
608,57,562.55,444.18,208.09,371.77,1,-1,-1,-1
608,63,727.08,422.46,224.09,402.96,1,-1,-1,-1
608,64,729.58,522.04,185.00,295.05,1,-1,-1,-1
608,71,255.39,395.54,255.81,429.15,1,-1,-1,-1
608,72,253.58,398.21,255.20,429.88,1,-1,-1,-1
608,74,180.05,626.61,223.36,212.36,1,-1,-1,-1
608,75,1073.30,399.36,264.05,435.77,1,-1,-1,-1
608,76,1396.38,364.39,254.59,468.41,1,-1,-1,-1
608,77,1397.00,361.86,259.09,470.60,1,-1,-1,-1
608,79,154.42,424.51,227.35,397.46,1,-1,-1,-1
608,80,1039.65,493.00,157.47,326.02,1,-1,-1,-1
608,81,1329.06,477.18,192.37,337.92,1,-1,-1,-1
608,82,1199.51,471.15,157.13,351.56,1,-1,-1,-1
608,83,1458.50,483.01,226.83,341.59,1,-1,-1,-1
608,84,737.24,419.04,199.48,411.85,1,-1,-1,-1
609,49,476.42,545.17,149.42,264.07,1,-1,-1,-1
609,55,1084.36,383.77,251.27,451.30,1,-1,-1,-1
609,56,901.52,454.51,170.99,363.59,1,-1,-1,-1
609,57,565.36,446.03,208.55,371.15,1,-1,-1,-1
609,63,727.08,422.46,224.09,402.96,1,-1,-1,-1
609,64,729.58,522.04,185.00,295.05,1,-1,-1,-1
609,71,255.39,395.54,255.81,429.15,1,-1,-1,-1
609,72,264.29,399.30,238.27,427.53,1,-1,-1,-1
609,74,180.05,626.61,223.36,212.36,1,-1,-1,-1
609,75,1073.30,399.36,264.05,435.77,1,-1,-1,-1
609,76,1399.09,363.09,253.04,468.91,1,-1,-1,-1
609,77,1399.40,362.43,250.95,470.73,1,-1,-1,-1
609,79,155.75,425.24,217.58,398.08,1,-1,-1,-1
609,80,1037.24,493.41,162.62,320.46,1,-1,-1,-1
609,81,1326.91,478.36,182.85,336.59,1,-1,-1,-1
609,82,1195.05,472.52,161.80,350.07,1,-1,-1,-1
609,83,1447.92,533.10,236.34,291.47,1,-1,-1,-1
609,84,742.48,420.29,188.93,408.48,1,-1,-1,-1
610,49,479.72,546.69,144.32,263.88,1,-1,-1,-1
610,55,1087.68,385.22,249.08,449.48,1,-1,-1,-1
610,56,891.61,457.90,186.35,362.92,1,-1,-1,-1
610,57,568.25,447.16,205.40,370.74,1,-1,-1,-1
610,63,727.08,422.46,224.09,402.96,1,-1,-1,-1
610,64,729.58,522.04,185.00,295.05,1,-1,-1,-1
610,71,255.39,395.54,255.81,429.15,1,-1,-1,-1
610,72,261.28,400.78,237.54,429.04,1,-1,-1,-1
610,74,180.05,626.61,223.36,212.36,1,-1,-1,-1
610,75,1073.30,399.36,264.05,435.77,1,-1,-1,-1
610,76,1399.22,364.81,258.33,466.35,1,-1,-1,-1
610,77,1398.89,363.69,254.88,470.05,1,-1,-1,-1
610,79,155.36,426.52,219.87,397.67,1,-1,-1,-1
610,80,1035.76,493.17,164.10,314.69,1,-1,-1,-1
610,81,1327.03,479.23,177.12,337.40,1,-1,-1,-1
610,82,1201.67,472.51,152.13,349.22,1,-1,-1,-1
610,83,1447.92,533.10,236.34,291.47,1,-1,-1,-1
610,84,743.61,422.84,184.49,402.86,1,-1,-1,-1
611,49,483.06,548.49,139.26,263.84,1,-1,-1,-1
611,55,1088.08,388.15,249.85,443.97,1,-1,-1,-1
611,56,903.27,461.56,172.43,358.11,1,-1,-1,-1
611,57,569.19,450.86,206.61,367.88,1,-1,-1,-1
611,63,727.08,422.46,224.09,402.96,1,-1,-1,-1
611,64,729.58,522.04,185.00,295.05,1,-1,-1,-1
611,71,255.39,395.54,255.81,429.15,1,-1,-1,-1
611,72,262.50,403.68,234.32,427.75,1,-1,-1,-1
611,74,180.05,626.61,223.36,212.36,1,-1,-1,-1
611,75,1073.30,399.36,264.05,435.77,1,-1,-1,-1
611,76,1399.22,364.81,258.33,466.35,1,-1,-1,-1
611,77,1396.70,368.22,251.80,464.70,1,-1,-1,-1
611,79,157.09,426.41,216.93,396.94,1,-1,-1,-1
611,80,1038.20,493.22,155.76,318.33,1,-1,-1,-1
611,81,1330.98,478.93,169.91,338.70,1,-1,-1,-1
611,82,1188.95,470.73,174.61,352.54,1,-1,-1,-1
611,83,1447.92,533.10,236.34,291.47,1,-1,-1,-1
611,84,744.77,427.65,179.53,393.01,1,-1,-1,-1
612,49,486.43,550.30,134.55,262.86,1,-1,-1,-1
612,55,1090.44,396.45,251.54,437.45,1,-1,-1,-1
612,56,902.26,463.86,177.85,356.83,1,-1,-1,-1
612,57,569.12,451.93,207.37,368.72,1,-1,-1,-1
612,63,727.08,422.46,224.09,402.96,1,-1,-1,-1
612,64,729.58,522.04,185.00,295.05,1,-1,-1,-1
612,71,255.39,395.54,255.81,429.15,1,-1,-1,-1
612,72,262.77,406.49,233.91,425.47,1,-1,-1,-1
612,74,180.05,626.61,223.36,212.36,1,-1,-1,-1
612,75,1163.68,462.08,188.32,361.30,1,-1,-1,-1
612,76,1399.22,364.81,258.33,466.35,1,-1,-1,-1
612,77,1396.13,371.48,251.74,462.91,1,-1,-1,-1
612,79,159.06,427.46,216.38,395.33,1,-1,-1,-1
612,80,1037.74,494.50,154.50,321.34,1,-1,-1,-1
612,81,1325.27,480.20,182.38,338.09,1,-1,-1,-1
612,82,1184.89,471.34,175.25,351.45,1,-1,-1,-1
612,83,1455.16,551.44,229.73,270.69,1,-1,-1,-1
612,84,744.50,430.67,180.10,390.11,1,-1,-1,-1
613,49,486.06,553.76,134.81,257.71,1,-1,-1,-1
613,55,1091.76,403.61,249.23,429.56,1,-1,-1,-1
613,56,902.49,471.20,179.78,351.55,1,-1,-1,-1
613,57,569.81,459.35,198.64,356.75,1,-1,-1,-1
613,63,727.08,422.46,224.09,402.96,1,-1,-1,-1
613,64,729.58,522.04,185.00,295.05,1,-1,-1,-1
613,71,255.39,395.54,255.81,429.15,1,-1,-1,-1
613,72,263.00,410.53,236.69,420.06,1,-1,-1,-1
613,75,1163.68,462.08,188.32,361.30,1,-1,-1,-1
613,76,1399.22,364.81,258.33,466.35,1,-1,-1,-1
613,77,1396.75,379.28,253.43,454.62,1,-1,-1,-1
613,79,158.24,429.89,214.76,392.55,1,-1,-1,-1
613,80,1039.68,496.05,149.32,318.94,1,-1,-1,-1
613,81,1324.34,484.62,175.76,328.32,1,-1,-1,-1
613,82,1169.62,472.20,179.64,353.00,1,-1,-1,-1
613,83,1455.16,551.44,229.73,270.69,1,-1,-1,-1
613,84,740.76,433.25,183.64,392.51,1,-1,-1,-1
614,49,485.93,555.91,136.87,255.45,1,-1,-1,-1
614,55,1090.45,406.13,251.93,427.41,1,-1,-1,-1
614,56,901.22,475.88,178.85,348.62,1,-1,-1,-1
614,57,569.53,464.19,200.45,352.46,1,-1,-1,-1
614,63,727.08,422.46,224.09,402.96,1,-1,-1,-1
614,64,729.58,522.04,185.00,295.05,1,-1,-1,-1
614,71,255.39,395.54,255.81,429.15,1,-1,-1,-1
614,72,262.63,413.57,239.39,416.40,1,-1,-1,-1
614,75,1181.85,478.03,188.19,347.89,1,-1,-1,-1
614,76,1399.22,364.81,258.33,466.35,1,-1,-1,-1
614,77,1396.71,388.20,246.80,444.68,1,-1,-1,-1
614,79,157.88,432.49,214.72,391.27,1,-1,-1,-1
614,80,1038.33,499.49,143.49,319.43,1,-1,-1,-1
614,81,1329.23,484.60,173.16,321.76,1,-1,-1,-1
614,82,1170.74,474.52,189.53,352.97,1,-1,-1,-1
614,83,1456.46,481.66,234.23,339.98,1,-1,-1,-1
614,84,741.62,434.50,189.57,394.82,1,-1,-1,-1
615,49,485.50,557.97,138.19,253.48,1,-1,-1,-1
615,55,1091.55,411.03,252.41,423.40,1,-1,-1,-1
615,56,901.34,478.45,179.58,345.41,1,-1,-1,-1
615,57,568.84,468.14,200.87,349.80,1,-1,-1,-1
615,63,727.08,422.46,224.09,402.96,1,-1,-1,-1
615,64,729.58,522.04,185.00,295.05,1,-1,-1,-1
615,71,255.39,395.54,255.81,429.15,1,-1,-1,-1
615,72,263.35,414.52,239.69,413.93,1,-1,-1,-1
615,75,1182.82,480.77,183.88,345.06,1,-1,-1,-1
615,76,1399.22,364.81,258.33,466.35,1,-1,-1,-1
615,77,1395.62,391.17,251.51,441.26,1,-1,-1,-1
615,79,159.65,434.05,212.72,389.37,1,-1,-1,-1
615,80,1031.03,502.93,150.79,316.76,1,-1,-1,-1
615,81,1330.87,484.72,170.32,325.05,1,-1,-1,-1
615,82,1170.98,476.26,184.48,350.59,1,-1,-1,-1
615,83,1456.46,481.66,234.23,339.98,1,-1,-1,-1
615,84,748.98,438.51,180.69,391.29,1,-1,-1,-1
616,49,486.64,559.02,137.82,252.11,1,-1,-1,-1
616,55,1094.49,409.12,248.06,425.59,1,-1,-1,-1
616,56,905.94,477.69,168.66,345.70,1,-1,-1,-1
616,57,567.89,471.40,201.44,346.69,1,-1,-1,-1
616,63,727.08,422.46,224.09,402.96,1,-1,-1,-1
616,64,729.58,522.04,185.00,295.05,1,-1,-1,-1
616,71,255.39,395.54,255.81,429.15,1,-1,-1,-1
616,72,266.20,416.24,240.35,412.52,1,-1,-1,-1
616,75,1183.65,482.54,189.05,341.32,1,-1,-1,-1
616,76,1391.99,392.89,210.38,436.08,1,-1,-1,-1
616,77,1389.52,396.42,243.95,433.50,1,-1,-1,-1
616,79,159.71,436.07,211.69,387.47,1,-1,-1,-1
616,80,1040.06,505.58,136.33,313.33,1,-1,-1,-1
616,81,1332.11,485.93,156.64,326.53,1,-1,-1,-1
616,82,1174.62,478.32,181.83,348.49,1,-1,-1,-1
616,83,1401.15,460.99,245.53,367.86,1,-1,-1,-1
616,84,746.75,438.89,192.55,392.43,1,-1,-1,-1
617,49,490.07,559.43,133.04,251.82,1,-1,-1,-1
617,55,1094.48,409.95,240.84,423.86,1,-1,-1,-1
617,56,906.84,476.65,164.92,346.13,1,-1,-1,-1
617,57,566.84,476.79,204.21,340.74,1,-1,-1,-1
617,63,727.08,422.46,224.09,402.96,1,-1,-1,-1
617,64,729.58,522.04,185.00,295.05,1,-1,-1,-1
617,71,255.39,395.54,255.81,429.15,1,-1,-1,-1
617,72,268.94,420.26,239.72,406.92,1,-1,-1,-1
617,75,1189.45,482.44,185.49,338.52,1,-1,-1,-1
617,76,1391.99,392.89,210.38,436.08,1,-1,-1,-1
617,77,1444.06,476.36,242.70,346.49,1,-1,-1,-1
617,79,160.60,439.24,211.85,384.40,1,-1,-1,-1
617,80,1041.83,508.90,131.20,310.41,1,-1,-1,-1
617,81,1334.69,492.90,143.30,317.67,1,-1,-1,-1
617,82,1174.62,478.32,181.83,348.49,1,-1,-1,-1
617,83,1390.69,463.87,227.89,365.66,1,-1,-1,-1
617,84,748.06,440.74,193.45,390.82,1,-1,-1,-1
618,49,492.13,559.63,131.41,253.57,1,-1,-1,-1
618,55,1094.11,415.87,235.55,421.95,1,-1,-1,-1
618,56,910.21,474.31,176.57,348.47,1,-1,-1,-1
618,57,569.47,474.23,209.99,342.77,1,-1,-1,-1
618,63,727.08,422.46,224.09,402.96,1,-1,-1,-1
618,64,729.58,522.04,185.00,295.05,1,-1,-1,-1
618,71,255.39,395.54,255.81,429.15,1,-1,-1,-1
618,72,271.15,422.53,239.76,402.99,1,-1,-1,-1
618,75,1191.74,479.52,186.67,339.58,1,-1,-1,-1
618,76,1381.14,403.40,199.03,426.34,1,-1,-1,-1
618,77,1447.63,477.56,249.81,345.57,1,-1,-1,-1
618,79,163.59,441.22,207.78,382.08,1,-1,-1,-1
618,80,1037.06,506.76,136.12,304.44,1,-1,-1,-1
618,81,1332.70,492.20,137.41,316.32,1,-1,-1,-1
618,82,1174.62,478.32,181.83,348.49,1,-1,-1,-1
618,83,1390.69,463.87,227.89,365.66,1,-1,-1,-1
618,84,744.11,436.22,204.19,396.64,1,-1,-1,-1
619,49,490.86,557.97,133.20,254.42,1,-1,-1,-1
619,55,1093.09,424.95,239.08,414.03,1,-1,-1,-1
619,56,914.29,469.41,172.04,351.33,1,-1,-1,-1
619,57,575.71,472.26,212.23,345.35,1,-1,-1,-1
619,63,727.08,422.46,224.09,402.96,1,-1,-1,-1
619,64,729.58,522.04,185.00,295.05,1,-1,-1,-1
619,71,255.39,395.54,255.81,429.15,1,-1,-1,-1
619,72,271.11,418.43,239.76,406.82,1,-1,-1,-1
619,75,1183.59,478.18,197.32,335.42,1,-1,-1,-1
619,76,1379.47,403.52,199.99,426.70,1,-1,-1,-1
619,77,1442.61,466.23,249.93,352.00,1,-1,-1,-1
619,79,166.82,441.32,202.79,381.45,1,-1,-1,-1
619,80,1034.77,505.46,136.36,300.67,1,-1,-1,-1
619,81,1331.65,489.39,140.82,321.08,1,-1,-1,-1
619,82,1174.62,478.32,181.83,348.49,1,-1,-1,-1
619,83,1436.26,471.45,251.15,346.65,1,-1,-1,-1
619,84,740.73,432.67,207.30,397.28,1,-1,-1,-1
620,49,491.76,557.30,133.81,254.46,1,-1,-1,-1
620,55,1091.25,409.45,238.21,425.33,1,-1,-1,-1
620,56,916.92,465.85,161.96,351.86,1,-1,-1,-1
620,57,579.91,470.27,198.78,345.38,1,-1,-1,-1
620,63,727.08,422.46,224.09,402.96,1,-1,-1,-1
620,64,729.58,522.04,185.00,295.05,1,-1,-1,-1
620,71,255.39,395.54,255.81,429.15,1,-1,-1,-1
620,72,271.26,415.32,239.94,411.32,1,-1,-1,-1
620,75,1184.15,476.66,201.86,341.09,1,-1,-1,-1
620,76,1376.21,401.94,203.23,428.42,1,-1,-1,-1
620,77,1442.61,466.23,249.93,352.00,1,-1,-1,-1
620,79,166.10,440.18,201.00,383.42,1,-1,-1,-1
620,80,1035.01,501.37,136.42,303.34,1,-1,-1,-1
620,81,1331.11,488.55,142.10,321.87,1,-1,-1,-1
620,82,1174.62,478.32,181.83,348.49,1,-1,-1,-1
620,83,1442.92,464.09,244.22,351.31,1,-1,-1,-1
620,84,742.67,431.17,178.68,394.45,1,-1,-1,-1
621,49,490.40,554.91,135.65,256.17,1,-1,-1,-1
621,55,1091.44,418.29,246.64,419.51,1,-1,-1,-1
621,56,915.88,464.13,160.86,351.76,1,-1,-1,-1
621,57,581.82,464.94,192.12,347.49,1,-1,-1,-1
621,63,727.08,422.46,224.09,402.96,1,-1,-1,-1
621,64,729.58,522.04,185.00,295.05,1,-1,-1,-1
621,71,255.39,395.54,255.81,429.15,1,-1,-1,-1
621,72,270.14,412.14,242.22,413.63,1,-1,-1,-1
621,75,1185.35,473.08,195.91,341.80,1,-1,-1,-1
621,76,1371.63,397.69,196.77,430.55,1,-1,-1,-1
621,77,1442.61,466.23,249.93,352.00,1,-1,-1,-1
621,79,165.61,439.52,202.96,383.74,1,-1,-1,-1
621,80,1031.39,500.19,133.52,299.88,1,-1,-1,-1
621,81,1333.02,489.25,138.82,317.78,1,-1,-1,-1
621,82,1174.62,478.32,181.83,348.49,1,-1,-1,-1
621,83,1444.84,458.19,229.00,356.19,1,-1,-1,-1
621,84,744.46,432.42,171.35,391.35,1,-1,-1,-1
622,49,484.72,553.55,145.41,257.42,1,-1,-1,-1
622,55,1084.90,405.57,245.99,427.36,1,-1,-1,-1
622,56,915.37,461.03,163.45,354.58,1,-1,-1,-1
622,57,581.82,458.76,195.25,352.43,1,-1,-1,-1
622,63,727.08,422.46,224.09,402.96,1,-1,-1,-1
622,64,729.58,522.04,185.00,295.05,1,-1,-1,-1
622,71,255.39,395.54,255.81,429.15,1,-1,-1,-1
622,72,271.54,409.50,243.88,416.57,1,-1,-1,-1
622,75,1187.63,470.92,191.78,341.62,1,-1,-1,-1
622,76,1360.25,391.33,205.96,435.77,1,-1,-1,-1
622,77,1442.61,466.23,249.93,352.00,1,-1,-1,-1
622,79,163.48,438.46,204.90,384.41,1,-1,-1,-1
622,80,1030.60,497.02,129.15,305.51,1,-1,-1,-1
622,81,1336.21,485.90,139.50,320.56,1,-1,-1,-1
622,82,1174.62,478.32,181.83,348.49,1,-1,-1,-1
622,83,1445.54,454.95,220.07,360.92,1,-1,-1,-1
622,84,742.56,431.87,170.37,393.73,1,-1,-1,-1
623,49,490.19,554.32,139.55,255.04,1,-1,-1,-1
623,55,1085.91,398.36,246.88,433.34,1,-1,-1,-1
623,56,918.86,458.01,154.92,357.14,1,-1,-1,-1
623,57,578.02,454.53,207.52,358.70,1,-1,-1,-1
623,63,727.08,422.46,224.09,402.96,1,-1,-1,-1
623,64,729.58,522.04,185.00,295.05,1,-1,-1,-1
623,71,255.39,395.54,255.81,429.15,1,-1,-1,-1
623,72,276.44,409.96,241.49,414.67,1,-1,-1,-1
623,75,1187.64,466.47,168.36,345.54,1,-1,-1,-1
623,76,1364.70,382.85,187.90,443.60,1,-1,-1,-1
623,77,1442.61,466.23,249.93,352.00,1,-1,-1,-1
623,79,168.67,436.79,207.20,383.47,1,-1,-1,-1
623,80,1029.56,493.94,133.30,309.07,1,-1,-1,-1
623,81,1336.58,480.74,138.99,328.49,1,-1,-1,-1
623,82,1174.62,478.32,181.83,348.49,1,-1,-1,-1
623,83,1449.11,454.31,204.15,366.53,1,-1,-1,-1
623,84,746.86,432.01,167.70,390.86,1,-1,-1,-1
624,49,490.54,554.19,140.79,255.74,1,-1,-1,-1
624,55,1088.38,394.84,243.66,437.27,1,-1,-1,-1
624,56,922.36,458.32,159.03,359.80,1,-1,-1,-1
624,57,578.52,453.69,207.68,362.10,1,-1,-1,-1
624,63,727.08,422.46,224.09,402.96,1,-1,-1,-1
624,64,729.58,522.04,185.00,295.05,1,-1,-1,-1
624,71,255.39,395.54,255.81,429.15,1,-1,-1,-1
624,72,277.74,409.90,238.26,414.65,1,-1,-1,-1
624,75,1190.82,466.73,162.65,345.50,1,-1,-1,-1
624,76,1361.19,383.56,186.88,442.15,1,-1,-1,-1
624,77,1442.61,466.23,249.93,352.00,1,-1,-1,-1
624,79,167.95,434.42,207.68,385.20,1,-1,-1,-1
624,80,1030.33,493.28,134.71,311.54,1,-1,-1,-1
624,81,1336.58,480.74,138.99,328.49,1,-1,-1,-1
624,82,1192.29,470.79,171.67,340.44,1,-1,-1,-1
624,83,1445.93,455.72,206.53,366.23,1,-1,-1,-1
624,84,747.47,432.93,169.97,391.23,1,-1,-1,-1
625,49,492.66,552.22,141.19,257.29,1,-1,-1,-1
625,55,1090.58,405.58,244.40,425.42,1,-1,-1,-1
625,56,921.55,461.62,158.05,354.82,1,-1,-1,-1
625,57,579.81,451.84,209.83,363.89,1,-1,-1,-1
625,63,727.08,422.46,224.09,402.96,1,-1,-1,-1
625,64,729.58,522.04,185.00,295.05,1,-1,-1,-1
625,71,255.39,395.54,255.81,429.15,1,-1,-1,-1
625,72,279.91,413.47,234.57,410.56,1,-1,-1,-1
625,75,1190.82,466.73,162.65,345.50,1,-1,-1,-1
625,76,1368.02,382.89,179.30,442.87,1,-1,-1,-1
625,77,1348.57,424.38,171.13,393.49,1,-1,-1,-1
625,79,168.29,436.63,207.23,383.44,1,-1,-1,-1
625,80,1032.20,491.89,137.70,314.65,1,-1,-1,-1
625,81,1338.24,476.81,148.96,334.93,1,-1,-1,-1
625,82,1194.40,470.63,181.46,343.23,1,-1,-1,-1
625,83,1451.45,456.50,201.22,365.17,1,-1,-1,-1
625,84,745.46,435.88,173.06,388.30,1,-1,-1,-1
626,49,490.85,554.32,147.44,254.83,1,-1,-1,-1
626,55,1093.97,401.56,233.64,427.80,1,-1,-1,-1
626,56,922.52,464.50,157.28,352.69,1,-1,-1,-1
626,57,581.62,452.48,213.90,364.79,1,-1,-1,-1
626,63,727.08,422.46,224.09,402.96,1,-1,-1,-1
626,64,729.58,522.04,185.00,295.05,1,-1,-1,-1
626,71,255.39,395.54,255.81,429.15,1,-1,-1,-1
626,72,280.62,419.75,232.90,402.50,1,-1,-1,-1
626,75,1190.82,466.73,162.65,345.50,1,-1,-1,-1
626,76,1374.87,384.83,171.66,439.80,1,-1,-1,-1
626,77,1348.57,424.38,171.13,393.49,1,-1,-1,-1
626,79,171.76,437.65,209.16,381.09,1,-1,-1,-1
626,80,1033.26,495.88,138.50,312.86,1,-1,-1,-1
626,81,1338.24,476.81,148.96,334.93,1,-1,-1,-1
626,82,1198.39,472.49,183.86,345.06,1,-1,-1,-1
626,83,1455.57,458.58,197.99,364.39,1,-1,-1,-1
626,84,744.17,436.53,175.51,388.47,1,-1,-1,-1
627,49,492.52,554.55,147.52,254.50,1,-1,-1,-1
627,55,1094.05,401.03,227.61,427.37,1,-1,-1,-1
627,56,925.41,467.80,154.41,350.47,1,-1,-1,-1
627,57,581.93,455.13,219.16,362.51,1,-1,-1,-1
627,63,727.08,422.46,224.09,402.96,1,-1,-1,-1
627,64,729.58,522.04,185.00,295.05,1,-1,-1,-1
627,71,255.39,395.54,255.81,429.15,1,-1,-1,-1
627,72,281.62,423.86,233.72,399.46,1,-1,-1,-1
627,75,1190.82,466.73,162.65,345.50,1,-1,-1,-1
627,76,1378.55,390.36,181.88,433.43,1,-1,-1,-1
627,77,1333.40,477.74,150.79,332.00,1,-1,-1,-1
627,79,174.05,439.04,207.34,379.97,1,-1,-1,-1
627,80,1031.65,501.36,136.59,311.30,1,-1,-1,-1
627,81,1336.28,468.44,156.57,346.85,1,-1,-1,-1
627,82,1200.79,477.43,181.04,337.84,1,-1,-1,-1
627,83,1452.31,459.43,203.61,362.10,1,-1,-1,-1
627,84,749.29,438.00,170.40,386.00,1,-1,-1,-1
628,49,495.57,558.61,155.86,248.40,1,-1,-1,-1
628,55,1102.29,402.33,220.93,425.86,1,-1,-1,-1
628,56,926.60,471.69,161.02,343.71,1,-1,-1,-1
628,57,583.12,463.19,232.25,355.54,1,-1,-1,-1
628,63,727.08,422.46,224.09,402.96,1,-1,-1,-1
628,64,729.58,522.04,185.00,295.05,1,-1,-1,-1
628,71,255.39,395.54,255.81,429.15,1,-1,-1,-1
628,72,281.38,428.91,235.04,391.87,1,-1,-1,-1
628,75,1190.82,466.73,162.65,345.50,1,-1,-1,-1
628,76,1389.88,400.85,172.57,424.11,1,-1,-1,-1
628,77,1333.40,477.74,150.79,332.00,1,-1,-1,-1
628,79,177.17,439.38,209.55,378.00,1,-1,-1,-1
628,80,1037.53,502.52,143.21,306.40,1,-1,-1,-1
628,81,1339.80,477.29,158.34,333.11,1,-1,-1,-1
628,82,1209.39,481.37,172.99,332.62,1,-1,-1,-1
628,83,1462.51,462.46,198.74,359.45,1,-1,-1,-1
628,84,764.11,443.06,157.51,380.02,1,-1,-1,-1
629,49,498.27,558.90,157.42,249.56,1,-1,-1,-1
629,55,1109.27,407.15,207.34,421.67,1,-1,-1,-1
629,56,918.07,476.14,171.47,339.38,1,-1,-1,-1
629,57,584.52,466.07,233.07,352.24,1,-1,-1,-1
629,63,727.08,422.46,224.09,402.96,1,-1,-1,-1
629,64,729.58,522.04,185.00,295.05,1,-1,-1,-1
629,71,255.39,395.54,255.81,429.15,1,-1,-1,-1
629,72,278.97,432.41,240.04,387.98,1,-1,-1,-1
629,75,1190.82,466.73,162.65,345.50,1,-1,-1,-1
629,76,1394.81,402.30,167.12,422.45,1,-1,-1,-1
629,77,1333.40,477.74,150.79,332.00,1,-1,-1,-1
629,79,176.78,442.73,213.91,375.69,1,-1,-1,-1
629,80,1039.04,503.34,143.53,308.74,1,-1,-1,-1
629,81,1334.44,480.68,167.06,331.68,1,-1,-1,-1
629,82,1214.84,483.38,165.57,333.68,1,-1,-1,-1
629,83,1465.37,463.00,197.18,358.60,1,-1,-1,-1
629,84,770.23,445.12,158.22,377.90,1,-1,-1,-1
630,49,498.15,561.69,160.42,248.80,1,-1,-1,-1
630,55,1108.42,407.13,213.59,421.85,1,-1,-1,-1
630,56,919.54,478.97,171.65,337.94,1,-1,-1,-1
630,57,582.80,475.74,236.99,343.15,1,-1,-1,-1
630,63,727.08,422.46,224.09,402.96,1,-1,-1,-1
630,64,729.58,522.04,185.00,295.05,1,-1,-1,-1
630,71,255.39,395.54,255.81,429.15,1,-1,-1,-1
630,72,280.08,434.33,243.59,385.61,1,-1,-1,-1
630,75,1190.82,466.73,162.65,345.50,1,-1,-1,-1
630,76,1404.60,403.07,170.22,426.39,1,-1,-1,-1
630,77,1333.40,477.74,150.79,332.00,1,-1,-1,-1
630,79,175.59,442.64,216.12,375.57,1,-1,-1,-1
630,80,1033.41,505.03,154.06,298.52,1,-1,-1,-1
630,81,1330.34,487.09,180.81,319.37,1,-1,-1,-1
630,82,1215.89,487.57,162.88,330.19,1,-1,-1,-1
630,83,1474.15,463.63,190.36,358.56,1,-1,-1,-1
630,84,770.26,448.34,163.13,375.61,1,-1,-1,-1
631,49,500.10,560.40,159.14,249.03,1,-1,-1,-1
631,55,1110.36,410.21,217.91,419.88,1,-1,-1,-1
631,56,919.25,480.56,172.90,337.41,1,-1,-1,-1
631,57,584.36,479.41,240.27,340.30,1,-1,-1,-1
631,63,727.08,422.46,224.09,402.96,1,-1,-1,-1
631,64,729.58,522.04,185.00,295.05,1,-1,-1,-1
631,71,255.39,395.54,255.81,429.15,1,-1,-1,-1
631,72,283.55,439.65,242.93,380.91,1,-1,-1,-1
631,75,1190.82,466.73,162.65,345.50,1,-1,-1,-1
631,76,1408.34,401.70,170.30,426.43,1,-1,-1,-1
631,77,1333.40,477.74,150.79,332.00,1,-1,-1,-1
631,79,176.07,447.19,212.48,372.51,1,-1,-1,-1
631,80,1042.57,509.01,147.00,294.10,1,-1,-1,-1
631,81,1333.74,491.74,179.77,314.72,1,-1,-1,-1
631,82,1221.92,488.39,134.49,330.77,1,-1,-1,-1
631,83,1487.08,467.01,179.33,354.05,1,-1,-1,-1
631,84,771.43,448.27,165.08,376.05,1,-1,-1,-1
632,49,513.10,562.87,144.87,246.85,1,-1,-1,-1
632,55,1117.08,413.97,211.37,417.02,1,-1,-1,-1
632,56,917.77,480.73,181.12,336.80,1,-1,-1,-1
632,57,585.12,487.71,240.77,332.73,1,-1,-1,-1
632,63,727.08,422.46,224.09,402.96,1,-1,-1,-1
632,64,729.58,522.04,185.00,295.05,1,-1,-1,-1
632,71,255.39,395.54,255.81,429.15,1,-1,-1,-1
632,72,283.81,443.74,244.05,378.02,1,-1,-1,-1
632,75,1190.82,466.73,162.65,345.50,1,-1,-1,-1
632,76,1414.32,407.73,168.48,418.73,1,-1,-1,-1
632,77,1333.40,477.74,150.79,332.00,1,-1,-1,-1
632,79,176.13,448.86,208.83,370.72,1,-1,-1,-1
632,80,1046.13,511.53,150.34,288.95,1,-1,-1,-1
632,81,1339.97,493.77,185.58,313.10,1,-1,-1,-1
632,82,1227.77,486.55,129.52,331.70,1,-1,-1,-1
632,83,1491.32,469.80,177.07,350.69,1,-1,-1,-1
632,84,770.95,448.48,166.13,375.63,1,-1,-1,-1
633,49,515.29,563.32,148.74,247.80,1,-1,-1,-1
633,55,1147.69,419.32,181.10,412.62,1,-1,-1,-1
633,56,919.61,477.68,186.17,340.56,1,-1,-1,-1
633,57,584.80,483.66,229.91,337.34,1,-1,-1,-1
633,63,727.08,422.46,224.09,402.96,1,-1,-1,-1
633,64,729.58,522.04,185.00,295.05,1,-1,-1,-1
633,71,255.39,395.54,255.81,429.15,1,-1,-1,-1
633,72,283.13,442.89,250.25,380.85,1,-1,-1,-1
633,75,1190.82,466.73,162.65,345.50,1,-1,-1,-1
633,76,1413.63,409.75,172.64,418.76,1,-1,-1,-1
633,77,1333.40,477.74,150.79,332.00,1,-1,-1,-1
633,79,173.48,449.57,218.08,371.08,1,-1,-1,-1
633,80,1049.62,507.15,156.41,298.27,1,-1,-1,-1
633,81,1344.31,487.05,189.56,332.64,1,-1,-1,-1
633,82,1241.54,481.81,140.15,334.43,1,-1,-1,-1
633,83,1491.77,464.66,182.36,358.45,1,-1,-1,-1
633,84,765.43,447.02,175.66,374.31,1,-1,-1,-1
634,49,514.56,563.30,150.43,248.46,1,-1,-1,-1
634,55,1159.50,419.34,174.03,409.28,1,-1,-1,-1
634,56,933.61,475.89,170.63,338.16,1,-1,-1,-1
634,57,587.63,477.29,224.73,339.07,1,-1,-1,-1
634,63,727.08,422.46,224.09,402.96,1,-1,-1,-1
634,64,729.58,522.04,185.00,295.05,1,-1,-1,-1
634,71,255.39,395.54,255.81,429.15,1,-1,-1,-1
634,72,287.56,440.29,250.65,382.65,1,-1,-1,-1
634,75,1190.82,466.73,162.65,345.50,1,-1,-1,-1
634,76,1417.47,406.84,173.82,420.62,1,-1,-1,-1
634,77,1333.40,477.74,150.79,332.00,1,-1,-1,-1
634,79,176.28,449.60,233.14,369.50,1,-1,-1,-1
634,80,1061.11,503.70,150.45,308.01,1,-1,-1,-1
634,81,1343.83,490.38,187.78,328.54,1,-1,-1,-1
634,82,1240.88,477.73,151.96,339.88,1,-1,-1,-1
634,83,1492.99,458.04,185.53,365.12,1,-1,-1,-1
634,84,767.55,446.86,176.47,373.42,1,-1,-1,-1
635,49,508.47,559.03,163.28,249.99,1,-1,-1,-1
635,55,1153.20,418.51,186.69,412.23,1,-1,-1,-1
635,56,941.78,474.64,174.43,335.03,1,-1,-1,-1
635,57,597.82,468.49,207.07,340.64,1,-1,-1,-1
635,63,727.08,422.46,224.09,402.96,1,-1,-1,-1
635,64,729.58,522.04,185.00,295.05,1,-1,-1,-1
635,71,255.39,395.54,255.81,429.15,1,-1,-1,-1
635,72,292.00,431.78,255.12,390.64,1,-1,-1,-1
635,75,1190.82,466.73,162.65,345.50,1,-1,-1,-1
635,76,1424.97,404.44,172.05,421.98,1,-1,-1,-1
635,77,1333.40,477.74,150.79,332.00,1,-1,-1,-1
635,79,176.47,447.80,236.25,370.99,1,-1,-1,-1
635,80,1049.33,500.49,171.18,306.53,1,-1,-1,-1
635,81,1347.88,524.84,182.29,283.71,1,-1,-1,-1
635,82,1234.96,477.74,160.88,336.34,1,-1,-1,-1
635,83,1489.48,453.47,190.92,370.97,1,-1,-1,-1
635,84,762.15,446.77,182.82,367.03,1,-1,-1,-1
636,49,501.12,557.84,178.62,249.59,1,-1,-1,-1
636,55,1148.76,412.00,228.02,415.70,1,-1,-1,-1
636,56,940.33,474.49,183.38,330.79,1,-1,-1,-1
636,57,598.24,461.09,207.86,349.25,1,-1,-1,-1
636,63,727.08,422.46,224.09,402.96,1,-1,-1,-1
636,64,729.58,522.04,185.00,295.05,1,-1,-1,-1
636,71,255.39,395.54,255.81,429.15,1,-1,-1,-1
636,72,295.32,430.64,259.86,389.83,1,-1,-1,-1
636,75,1190.82,466.73,162.65,345.50,1,-1,-1,-1
636,76,1419.34,400.15,177.76,421.91,1,-1,-1,-1
636,77,1333.40,477.74,150.79,332.00,1,-1,-1,-1
636,79,184.16,446.37,234.66,369.15,1,-1,-1,-1
636,80,1062.85,497.14,152.81,305.26,1,-1,-1,-1
636,81,1342.53,497.99,185.99,308.09,1,-1,-1,-1
636,82,1219.16,481.61,180.63,330.68,1,-1,-1,-1
636,83,1494.53,450.44,185.37,373.46,1,-1,-1,-1
636,84,761.30,445.25,186.66,370.22,1,-1,-1,-1
637,49,518.50,556.09,166.51,247.42,1,-1,-1,-1
637,55,1144.69,410.92,227.25,410.09,1,-1,-1,-1
637,56,941.05,472.36,194.66,334.44,1,-1,-1,-1
637,57,607.70,455.38,209.90,353.67,1,-1,-1,-1
637,64,729.58,522.04,185.00,295.05,1,-1,-1,-1
637,71,255.39,395.54,255.81,429.15,1,-1,-1,-1
637,72,299.24,429.25,263.35,391.24,1,-1,-1,-1
637,75,1190.82,466.73,162.65,345.50,1,-1,-1,-1
637,76,1410.02,396.59,186.86,426.66,1,-1,-1,-1
637,77,1333.40,477.74,150.79,332.00,1,-1,-1,-1
637,79,200.15,445.84,230.55,364.11,1,-1,-1,-1
637,80,1065.05,495.60,152.44,293.57,1,-1,-1,-1
637,81,1319.93,511.64,202.67,284.46,1,-1,-1,-1
637,82,1210.80,489.68,210.93,316.53,1,-1,-1,-1
637,83,1481.30,447.66,201.08,374.60,1,-1,-1,-1
637,84,763.08,443.85,186.17,372.68,1,-1,-1,-1
638,49,533.75,555.75,166.82,243.44,1,-1,-1,-1
638,55,1137.88,402.70,230.09,423.06,1,-1,-1,-1
638,56,949.59,476.47,192.18,336.73,1,-1,-1,-1
638,57,614.97,452.57,199.21,348.54,1,-1,-1,-1
638,71,255.39,395.54,255.81,429.15,1,-1,-1,-1
638,72,325.03,427.54,246.11,392.76,1,-1,-1,-1
638,75,1190.82,466.73,162.65,345.50,1,-1,-1,-1
638,76,1403.89,425.61,208.38,400.42,1,-1,-1,-1
638,77,1333.40,477.74,150.79,332.00,1,-1,-1,-1
638,79,221.88,444.26,221.69,367.96,1,-1,-1,-1
638,80,1055.36,497.29,160.46,307.92,1,-1,-1,-1
638,81,1343.02,490.69,191.96,309.93,1,-1,-1,-1
638,82,1205.73,496.32,213.10,312.06,1,-1,-1,-1
638,83,1451.41,453.13,236.07,370.15,1,-1,-1,-1
638,84,764.53,446.33,190.08,374.64,1,-1,-1,-1
639,49,533.38,562.49,166.86,241.30,1,-1,-1,-1
639,55,1137.72,398.83,220.26,434.40,1,-1,-1,-1
639,56,945.99,481.43,209.34,335.42,1,-1,-1,-1
639,57,619.23,453.18,239.12,351.33,1,-1,-1,-1
639,72,326.10,432.11,248.58,389.93,1,-1,-1,-1
639,75,1190.82,466.73,162.65,345.50,1,-1,-1,-1
639,76,1399.26,444.14,222.30,388.13,1,-1,-1,-1
639,77,1232.28,503.69,195.75,303.94,1,-1,-1,-1
639,79,224.76,444.87,223.34,373.24,1,-1,-1,-1
639,80,1052.78,497.41,163.02,312.53,1,-1,-1,-1
639,81,1334.93,503.29,210.09,300.48,1,-1,-1,-1
639,82,1209.02,501.62,209.87,306.92,1,-1,-1,-1
639,83,1450.48,455.12,242.38,371.13,1,-1,-1,-1
639,84,758.34,445.49,200.30,378.59,1,-1,-1,-1
640,49,512.15,563.71,186.50,246.10,1,-1,-1,-1
640,55,1134.03,402.03,227.88,431.31,1,-1,-1,-1
640,56,944.13,486.77,190.82,333.96,1,-1,-1,-1
640,57,623.94,450.92,232.54,359.65,1,-1,-1,-1
640,72,340.53,434.40,232.79,388.51,1,-1,-1,-1
640,75,1190.82,466.73,162.65,345.50,1,-1,-1,-1
640,76,1399.26,444.14,222.30,388.13,1,-1,-1,-1
640,77,1232.28,503.69,195.75,303.94,1,-1,-1,-1
640,79,222.82,445.29,237.12,374.88,1,-1,-1,-1
640,80,1047.05,501.22,169.44,314.70,1,-1,-1,-1
640,81,1325.53,499.28,210.23,302.75,1,-1,-1,-1
640,82,1233.53,514.61,209.73,300.08,1,-1,-1,-1
640,83,1458.32,468.83,237.75,357.05,1,-1,-1,-1
640,84,734.35,449.03,224.07,375.56,1,-1,-1,-1
640,85,1382.18,396.43,249.65,437.59,1,-1,-1,-1
641,49,520.92,566.28,173.44,245.24,1,-1,-1,-1
641,55,1126.51,406.75,234.03,426.34,1,-1,-1,-1
641,56,942.95,486.99,189.61,332.36,1,-1,-1,-1
641,57,628.10,451.66,215.47,362.65,1,-1,-1,-1
641,72,350.12,435.04,221.69,391.15,1,-1,-1,-1
641,75,1190.82,466.73,162.65,345.50,1,-1,-1,-1
641,76,1399.26,444.14,222.30,388.13,1,-1,-1,-1
641,77,1232.28,503.69,195.75,303.94,1,-1,-1,-1
641,79,222.90,447.12,236.57,375.44,1,-1,-1,-1
641,80,1059.44,506.95,157.37,306.18,1,-1,-1,-1
641,81,1324.60,512.65,204.58,298.95,1,-1,-1,-1
641,82,1240.27,511.73,200.40,306.55,1,-1,-1,-1
641,83,1464.73,478.32,233.37,347.35,1,-1,-1,-1
641,84,741.30,449.34,219.70,378.39,1,-1,-1,-1
641,85,1371.15,396.52,256.69,435.15,1,-1,-1,-1
642,49,513.00,567.85,178.21,246.91,1,-1,-1,-1
642,55,1118.37,408.55,242.11,423.96,1,-1,-1,-1
642,56,939.04,491.65,211.99,328.01,1,-1,-1,-1
642,57,624.79,459.36,217.64,359.88,1,-1,-1,-1
642,72,346.80,436.85,221.18,392.10,1,-1,-1,-1
642,75,1190.82,466.73,162.65,345.50,1,-1,-1,-1
642,76,1399.26,444.14,222.30,388.13,1,-1,-1,-1
642,77,1232.28,503.69,195.75,303.94,1,-1,-1,-1
642,79,220.76,447.43,236.50,376.74,1,-1,-1,-1
642,80,1052.93,508.92,169.19,306.37,1,-1,-1,-1
642,81,1312.67,500.82,228.63,313.94,1,-1,-1,-1
642,82,1236.59,508.26,205.52,312.63,1,-1,-1,-1
642,83,1451.23,490.43,251.62,339.64,1,-1,-1,-1
642,84,726.43,452.03,233.61,377.04,1,-1,-1,-1
642,85,1367.07,403.10,270.15,430.56,1,-1,-1,-1
643,49,505.40,567.79,177.19,243.36,1,-1,-1,-1
643,55,1130.36,427.73,229.65,401.47,1,-1,-1,-1
643,56,940.54,500.29,204.16,323.43,1,-1,-1,-1
643,57,619.99,469.62,238.11,350.88,1,-1,-1,-1
643,72,326.43,444.30,232.95,381.30,1,-1,-1,-1
643,75,1190.82,466.73,162.65,345.50,1,-1,-1,-1
643,76,1399.26,444.14,222.30,388.13,1,-1,-1,-1
643,77,1196.08,506.10,230.26,318.49,1,-1,-1,-1
643,79,215.62,449.88,220.03,375.58,1,-1,-1,-1
643,80,1048.10,520.33,186.60,293.72,1,-1,-1,-1
643,81,1335.71,519.49,214.41,296.67,1,-1,-1,-1
643,82,1236.59,508.26,205.52,312.63,1,-1,-1,-1
643,83,1443.59,483.29,269.28,343.64,1,-1,-1,-1
643,84,733.69,461.80,220.32,371.31,1,-1,-1,-1
643,85,1378.26,411.24,263.06,423.60,1,-1,-1,-1
644,49,496.74,568.09,183.94,245.33,1,-1,-1,-1
644,55,1120.75,426.67,234.56,408.14,1,-1,-1,-1
644,56,940.43,499.83,212.82,327.25,1,-1,-1,-1
644,57,617.16,472.53,231.49,348.13,1,-1,-1,-1
644,72,317.50,446.58,237.13,379.78,1,-1,-1,-1
644,75,1190.82,466.73,162.65,345.50,1,-1,-1,-1
644,76,1399.26,444.14,222.30,388.13,1,-1,-1,-1
644,77,1188.04,502.31,235.81,327.95,1,-1,-1,-1
644,79,211.53,451.30,210.92,372.75,1,-1,-1,-1
644,80,1065.50,529.78,167.59,291.52,1,-1,-1,-1
644,81,1338.46,528.08,209.91,291.67,1,-1,-1,-1
644,82,1232.11,503.65,199.08,325.05,1,-1,-1,-1
644,83,1436.96,476.77,280.32,351.67,1,-1,-1,-1
644,84,725.82,454.25,225.49,379.52,1,-1,-1,-1
644,85,1377.68,412.19,265.47,422.39,1,-1,-1,-1
645,49,494.18,569.48,180.33,246.91,1,-1,-1,-1
645,55,1117.46,427.90,231.09,410.26,1,-1,-1,-1
645,56,940.11,496.68,218.98,329.77,1,-1,-1,-1
645,57,618.40,476.84,231.71,343.34,1,-1,-1,-1
645,72,302.78,447.05,246.96,379.16,1,-1,-1,-1
645,75,1190.82,466.73,162.65,345.50,1,-1,-1,-1
645,76,1399.26,444.14,222.30,388.13,1,-1,-1,-1
645,77,1188.04,502.31,235.81,327.95,1,-1,-1,-1
645,79,208.25,451.99,218.20,374.54,1,-1,-1,-1
645,80,1065.00,518.22,170.50,307.59,1,-1,-1,-1
645,81,1334.00,506.27,219.31,313.20,1,-1,-1,-1
645,82,1237.53,509.15,203.84,323.70,1,-1,-1,-1
645,83,1435.00,495.99,275.97,329.57,1,-1,-1,-1
645,84,723.14,454.38,224.90,380.19,1,-1,-1,-1
645,85,1380.21,419.50,261.08,415.69,1,-1,-1,-1
646,49,495.95,570.50,180.70,248.73,1,-1,-1,-1
646,55,1118.76,432.22,229.22,409.73,1,-1,-1,-1
646,56,940.20,503.24,218.16,324.33,1,-1,-1,-1
646,57,618.65,480.37,232.88,340.42,1,-1,-1,-1
646,72,322.01,444.27,224.14,388.62,1,-1,-1,-1
646,75,1190.82,466.73,162.65,345.50,1,-1,-1,-1
646,76,1399.26,444.14,222.30,388.13,1,-1,-1,-1
646,77,1188.04,502.31,235.81,327.95,1,-1,-1,-1
646,79,204.88,453.32,217.72,376.00,1,-1,-1,-1
646,80,1067.59,533.22,169.46,289.28,1,-1,-1,-1
646,81,1342.49,512.18,203.23,312.61,1,-1,-1,-1
646,82,1241.57,505.09,198.96,322.71,1,-1,-1,-1
646,83,1452.37,496.57,255.19,332.46,1,-1,-1,-1
646,84,723.86,454.56,221.69,381.09,1,-1,-1,-1
646,85,1381.35,422.45,243.35,416.60,1,-1,-1,-1
647,49,506.56,571.18,165.65,250.46,1,-1,-1,-1
647,55,1110.45,434.79,236.17,408.41,1,-1,-1,-1
647,56,941.67,516.61,211.10,312.07,1,-1,-1,-1
647,57,618.80,484.61,230.70,340.67,1,-1,-1,-1
647,72,329.69,443.01,210.39,391.56,1,-1,-1,-1
647,75,1190.82,466.73,162.65,345.50,1,-1,-1,-1
647,76,1399.26,444.14,222.30,388.13,1,-1,-1,-1
647,77,1188.04,502.31,235.81,327.95,1,-1,-1,-1
647,79,197.64,454.00,219.42,374.58,1,-1,-1,-1
647,80,1078.34,543.46,177.57,283.45,1,-1,-1,-1
647,81,1313.10,506.65,223.73,310.89,1,-1,-1,-1
647,82,1237.29,505.76,214.86,325.94,1,-1,-1,-1
647,83,1460.11,490.39,243.53,344.17,1,-1,-1,-1
647,84,725.57,454.04,215.45,381.98,1,-1,-1,-1
647,85,1392.04,428.52,234.96,414.48,1,-1,-1,-1
648,49,540.57,568.20,134.30,259.10,1,-1,-1,-1
648,55,1121.16,433.46,234.68,410.06,1,-1,-1,-1
648,56,941.67,516.61,211.10,312.07,1,-1,-1,-1
648,57,616.08,477.88,233.44,346.68,1,-1,-1,-1
648,72,324.27,437.28,209.31,400.22,1,-1,-1,-1
648,75,1190.82,466.73,162.65,345.50,1,-1,-1,-1
648,76,1399.26,444.14,222.30,388.13,1,-1,-1,-1
648,77,1188.04,502.31,235.81,327.95,1,-1,-1,-1
648,79,186.80,450.80,225.87,381.06,1,-1,-1,-1
648,80,1052.45,518.26,184.46,311.66,1,-1,-1,-1
648,81,1324.03,501.18,192.09,320.12,1,-1,-1,-1
648,82,1246.50,499.95,212.49,332.37,1,-1,-1,-1
648,83,1469.45,484.79,238.03,352.51,1,-1,-1,-1
648,84,726.22,451.83,209.14,385.06,1,-1,-1,-1
648,85,1396.48,422.01,216.47,420.02,1,-1,-1,-1
648,86,940.50,489.05,208.88,340.49,1,-1,-1,-1
649,49,543.32,568.25,119.58,257.71,1,-1,-1,-1
649,55,1119.05,416.32,240.20,427.64,1,-1,-1,-1
649,56,941.67,516.61,211.10,312.07,1,-1,-1,-1
649,57,613.41,472.07,223.75,357.28,1,-1,-1,-1
649,72,327.80,434.52,202.42,405.94,1,-1,-1,-1
649,75,1190.82,466.73,162.65,345.50,1,-1,-1,-1
649,76,1399.26,444.14,222.30,388.13,1,-1,-1,-1
649,77,1188.04,502.31,235.81,327.95,1,-1,-1,-1
649,79,186.13,449.05,225.42,382.80,1,-1,-1,-1
649,80,1053.34,512.41,176.59,319.47,1,-1,-1,-1
649,81,1346.63,496.43,171.51,329.52,1,-1,-1,-1
649,82,1236.18,483.64,211.45,346.68,1,-1,-1,-1
649,83,1467.88,488.35,242.83,347.59,1,-1,-1,-1
649,84,727.54,449.32,207.27,387.99,1,-1,-1,-1
649,85,1400.79,414.92,212.58,427.26,1,-1,-1,-1
649,86,938.44,480.28,207.68,351.34,1,-1,-1,-1
650,49,539.78,569.42,116.93,254.41,1,-1,-1,-1
650,55,1119.56,408.12,250.54,435.32,1,-1,-1,-1
650,56,941.67,516.61,211.10,312.07,1,-1,-1,-1
650,57,612.66,465.34,260.07,363.81,1,-1,-1,-1
650,72,311.20,431.49,220.20,410.09,1,-1,-1,-1
650,75,1190.82,466.73,162.65,345.50,1,-1,-1,-1
650,76,1399.26,444.14,222.30,388.13,1,-1,-1,-1
650,77,1205.28,477.87,230.23,349.57,1,-1,-1,-1
650,79,184.82,448.00,225.16,385.65,1,-1,-1,-1
650,80,1043.75,506.54,199.18,319.64,1,-1,-1,-1
650,81,1345.92,490.46,162.97,336.69,1,-1,-1,-1
650,82,1245.18,484.73,209.59,342.82,1,-1,-1,-1
650,83,1482.06,483.94,232.66,353.74,1,-1,-1,-1
650,84,739.94,447.60,195.50,389.24,1,-1,-1,-1
650,85,1409.48,408.12,200.19,434.50,1,-1,-1,-1
650,86,936.62,478.20,212.72,352.81,1,-1,-1,-1
651,49,509.76,569.57,154.00,254.00,1,-1,-1,-1
651,55,1118.30,403.74,257.41,440.58,1,-1,-1,-1
651,56,941.67,516.61,211.10,312.07,1,-1,-1,-1
651,57,611.72,462.49,263.78,369.40,1,-1,-1,-1
651,72,296.38,429.96,236.70,406.26,1,-1,-1,-1
651,75,1190.82,466.73,162.65,345.50,1,-1,-1,-1
651,76,1399.26,444.14,222.30,388.13,1,-1,-1,-1
651,77,1205.28,477.87,230.23,349.57,1,-1,-1,-1
651,79,185.86,448.35,227.27,386.23,1,-1,-1,-1
651,80,1059.65,508.01,191.94,323.15,1,-1,-1,-1
651,81,1340.42,486.82,174.88,340.14,1,-1,-1,-1
651,82,1244.37,483.91,218.36,340.61,1,-1,-1,-1
651,83,1489.42,469.27,232.20,366.43,1,-1,-1,-1
651,84,735.57,445.89,204.99,390.72,1,-1,-1,-1
651,85,1410.11,402.48,215.25,440.73,1,-1,-1,-1
651,86,938.38,474.84,210.48,354.86,1,-1,-1,-1
652,49,498.28,569.59,172.07,255.14,1,-1,-1,-1
652,55,1125.02,400.47,250.23,445.82,1,-1,-1,-1
652,56,941.67,516.61,211.10,312.07,1,-1,-1,-1
652,57,610.36,455.65,250.96,373.70,1,-1,-1,-1
652,72,288.69,429.36,248.87,405.94,1,-1,-1,-1
652,75,1190.82,466.73,162.65,345.50,1,-1,-1,-1
652,76,1399.26,444.14,222.30,388.13,1,-1,-1,-1
652,77,1205.28,477.87,230.23,349.57,1,-1,-1,-1
652,79,186.95,446.46,226.46,387.16,1,-1,-1,-1
652,80,1061.41,503.76,198.83,323.02,1,-1,-1,-1
652,81,1340.42,486.82,174.88,340.14,1,-1,-1,-1
652,82,1240.18,484.28,219.99,345.72,1,-1,-1,-1
652,83,1487.32,460.74,246.26,376.08,1,-1,-1,-1
652,84,730.67,449.01,216.63,389.23,1,-1,-1,-1
652,85,1408.67,399.37,226.47,444.43,1,-1,-1,-1
652,86,942.56,474.22,209.99,354.25,1,-1,-1,-1
653,49,498.22,569.54,165.23,256.56,1,-1,-1,-1
653,55,1133.02,404.62,241.25,443.85,1,-1,-1,-1
653,56,941.67,516.61,211.10,312.07,1,-1,-1,-1
653,57,611.82,453.59,231.84,377.98,1,-1,-1,-1
653,72,307.92,434.57,231.12,402.89,1,-1,-1,-1
653,75,1190.82,466.73,162.65,345.50,1,-1,-1,-1
653,76,1399.26,444.14,222.30,388.13,1,-1,-1,-1
653,77,1205.28,477.87,230.23,349.57,1,-1,-1,-1
653,79,191.02,441.28,233.57,398.89,1,-1,-1,-1
653,80,1071.14,502.75,189.59,323.07,1,-1,-1,-1
653,81,1346.88,492.56,243.72,338.38,1,-1,-1,-1
653,82,1246.26,496.54,211.72,337.34,1,-1,-1,-1
653,83,1508.32,460.77,233.95,376.62,1,-1,-1,-1
653,84,737.09,447.25,216.31,395.95,1,-1,-1,-1
653,85,1419.80,399.29,242.85,449.40,1,-1,-1,-1
653,86,943.78,477.11,228.68,356.56,1,-1,-1,-1
654,49,501.96,570.22,163.02,259.70,1,-1,-1,-1
654,55,1149.57,410.41,218.40,441.06,1,-1,-1,-1
654,56,941.67,516.61,211.10,312.07,1,-1,-1,-1
654,57,614.33,453.59,221.99,378.59,1,-1,-1,-1
654,72,315.02,439.48,239.65,401.77,1,-1,-1,-1
654,75,1190.82,466.73,162.65,345.50,1,-1,-1,-1
654,76,1399.26,444.14,222.30,388.13,1,-1,-1,-1
654,77,1205.28,477.87,230.23,349.57,1,-1,-1,-1
654,79,195.94,440.68,238.97,398.92,1,-1,-1,-1
654,80,1073.03,501.74,184.23,325.71,1,-1,-1,-1
654,81,1356.58,490.55,241.35,337.34,1,-1,-1,-1
654,82,1250.93,492.20,202.31,343.35,1,-1,-1,-1
654,83,1512.27,471.05,232.60,371.48,1,-1,-1,-1
654,84,740.09,447.72,215.28,399.10,1,-1,-1,-1
654,85,1434.05,402.17,227.15,446.49,1,-1,-1,-1
654,86,945.84,481.65,222.60,356.64,1,-1,-1,-1
655,49,513.36,571.13,151.41,259.17,1,-1,-1,-1
655,55,1150.92,417.03,217.68,435.12,1,-1,-1,-1
655,56,941.67,516.61,211.10,312.07,1,-1,-1,-1
655,57,616.20,457.01,218.37,372.08,1,-1,-1,-1
655,72,315.75,444.77,252.68,398.16,1,-1,-1,-1
655,76,1399.26,444.14,222.30,388.13,1,-1,-1,-1
655,77,1205.28,477.87,230.23,349.57,1,-1,-1,-1
655,79,194.96,441.94,229.31,397.06,1,-1,-1,-1
655,80,1070.37,504.15,182.43,325.19,1,-1,-1,-1
655,81,1355.89,489.77,216.82,340.96,1,-1,-1,-1
655,82,1260.00,487.81,190.40,345.50,1,-1,-1,-1
655,83,1510.61,475.41,234.60,371.36,1,-1,-1,-1
655,84,748.60,448.12,210.56,400.27,1,-1,-1,-1
655,85,1444.16,404.52,203.29,445.87,1,-1,-1,-1
655,86,949.74,484.79,226.43,353.51,1,-1,-1,-1
656,49,521.58,573.47,147.05,259.50,1,-1,-1,-1
656,55,1155.89,418.16,229.60,434.87,1,-1,-1,-1
656,56,941.67,516.61,211.10,312.07,1,-1,-1,-1
656,57,618.11,463.64,230.59,363.33,1,-1,-1,-1
656,72,314.19,446.89,253.85,398.69,1,-1,-1,-1
656,76,1399.26,444.14,222.30,388.13,1,-1,-1,-1
656,77,1205.28,477.87,230.23,349.57,1,-1,-1,-1
656,79,188.57,443.36,231.17,395.59,1,-1,-1,-1
656,80,1066.12,505.19,189.25,322.48,1,-1,-1,-1
656,81,1365.37,490.17,212.06,343.79,1,-1,-1,-1
656,82,1263.65,484.16,189.32,353.56,1,-1,-1,-1
656,83,1509.85,481.20,243.27,364.85,1,-1,-1,-1
656,84,756.88,449.56,204.80,400.49,1,-1,-1,-1
656,85,1443.99,407.26,199.82,443.81,1,-1,-1,-1
656,86,953.65,488.60,217.09,349.37,1,-1,-1,-1
657,49,527.12,574.26,144.64,261.83,1,-1,-1,-1
657,55,1162.37,416.00,233.79,437.66,1,-1,-1,-1
657,56,941.67,516.61,211.10,312.07,1,-1,-1,-1
657,57,617.87,463.56,242.43,362.80,1,-1,-1,-1
657,72,317.99,448.82,242.83,399.30,1,-1,-1,-1
657,76,1399.26,444.14,222.30,388.13,1,-1,-1,-1
657,77,1205.28,477.87,230.23,349.57,1,-1,-1,-1
657,79,189.76,448.20,219.17,393.57,1,-1,-1,-1
657,80,1068.69,507.57,193.14,316.46,1,-1,-1,-1
657,81,1356.84,493.03,213.45,339.36,1,-1,-1,-1
657,82,1264.37,483.08,192.27,357.12,1,-1,-1,-1
657,83,1524.82,478.99,233.73,368.52,1,-1,-1,-1
657,84,759.34,451.03,205.87,399.62,1,-1,-1,-1
657,85,1453.13,408.59,188.06,444.90,1,-1,-1,-1
657,86,959.00,488.76,197.09,352.01,1,-1,-1,-1
658,49,520.23,575.88,144.20,263.86,1,-1,-1,-1
658,55,1159.10,417.19,230.22,437.02,1,-1,-1,-1
658,56,941.67,516.61,211.10,312.07,1,-1,-1,-1
658,57,614.54,466.13,241.73,368.80,1,-1,-1,-1
658,72,306.70,452.90,259.09,399.48,1,-1,-1,-1
658,76,1399.26,444.14,222.30,388.13,1,-1,-1,-1
658,77,1205.28,477.87,230.23,349.57,1,-1,-1,-1
658,79,185.03,447.08,228.69,398.48,1,-1,-1,-1
658,80,1067.93,509.74,195.52,309.97,1,-1,-1,-1
658,81,1359.79,505.30,205.04,321.89,1,-1,-1,-1
658,82,1253.64,487.81,211.81,348.21,1,-1,-1,-1
658,83,1526.23,471.92,229.76,376.31,1,-1,-1,-1
658,84,762.45,453.47,204.30,398.27,1,-1,-1,-1
658,85,1457.30,404.77,192.93,447.30,1,-1,-1,-1
658,86,963.61,495.07,184.45,346.65,1,-1,-1,-1
659,49,517.61,575.12,145.31,265.62,1,-1,-1,-1
659,55,1164.37,420.64,222.98,433.38,1,-1,-1,-1
659,56,941.67,516.61,211.10,312.07,1,-1,-1,-1
659,57,612.92,466.75,237.70,370.99,1,-1,-1,-1
659,72,312.23,455.19,255.58,396.71,1,-1,-1,-1
659,76,1399.26,444.14,222.30,388.13,1,-1,-1,-1
659,77,1205.28,477.87,230.23,349.57,1,-1,-1,-1
659,79,183.17,447.18,230.14,398.99,1,-1,-1,-1
659,80,1079.50,510.86,183.39,309.60,1,-1,-1,-1
659,81,1361.39,511.41,200.29,325.64,1,-1,-1,-1
659,82,1275.64,488.13,195.65,353.81,1,-1,-1,-1
659,83,1541.06,466.38,216.22,380.91,1,-1,-1,-1
659,84,761.88,452.93,205.97,400.06,1,-1,-1,-1
659,85,1461.71,404.34,189.72,445.38,1,-1,-1,-1
659,86,964.02,496.87,186.33,345.72,1,-1,-1,-1
660,49,516.02,574.93,154.11,264.35,1,-1,-1,-1
660,55,1170.42,422.08,219.56,431.63,1,-1,-1,-1
660,56,941.67,516.61,211.10,312.07,1,-1,-1,-1
660,57,613.56,472.27,227.88,366.49,1,-1,-1,-1
660,72,313.25,457.53,251.96,395.95,1,-1,-1,-1
660,76,1399.26,444.14,222.30,388.13,1,-1,-1,-1
660,77,1205.28,477.87,230.23,349.57,1,-1,-1,-1
660,79,184.38,447.43,227.20,398.37,1,-1,-1,-1
660,80,1089.44,512.03,178.76,313.99,1,-1,-1,-1
660,81,1366.61,525.09,209.48,308.24,1,-1,-1,-1
660,82,1255.82,487.61,232.27,356.97,1,-1,-1,-1
660,83,1545.91,468.14,221.25,380.53,1,-1,-1,-1
660,84,762.92,456.66,204.47,395.21,1,-1,-1,-1
660,85,1469.69,404.52,187.04,448.17,1,-1,-1,-1
660,86,968.33,497.16,180.37,344.42,1,-1,-1,-1
661,49,515.10,575.49,156.71,263.39,1,-1,-1,-1
661,55,1172.95,426.68,210.54,427.74,1,-1,-1,-1
661,56,941.67,516.61,211.10,312.07,1,-1,-1,-1
661,57,612.24,473.86,226.16,367.75,1,-1,-1,-1
661,72,310.25,457.36,256.64,394.96,1,-1,-1,-1
661,76,1399.26,444.14,222.30,388.13,1,-1,-1,-1
661,77,1205.28,477.87,230.23,349.57,1,-1,-1,-1
661,79,184.79,443.71,224.19,400.43,1,-1,-1,-1
661,80,1095.09,511.35,170.01,315.84,1,-1,-1,-1
661,81,1361.13,516.27,226.09,317.66,1,-1,-1,-1
661,82,1252.90,490.00,231.52,351.47,1,-1,-1,-1
661,83,1537.91,472.60,231.14,377.86,1,-1,-1,-1
661,84,761.38,457.66,205.54,395.00,1,-1,-1,-1
661,85,1473.43,406.12,186.73,444.65,1,-1,-1,-1
661,86,969.69,499.10,190.50,345.36,1,-1,-1,-1
662,49,518.06,574.19,146.17,267.41,1,-1,-1,-1
662,55,1179.56,427.71,199.53,428.40,1,-1,-1,-1
662,56,941.67,516.61,211.10,312.07,1,-1,-1,-1
662,57,612.45,473.57,226.50,369.26,1,-1,-1,-1
662,72,310.25,456.26,256.37,396.46,1,-1,-1,-1
662,76,1399.26,444.14,222.30,388.13,1,-1,-1,-1
662,77,1205.28,477.87,230.23,349.57,1,-1,-1,-1
662,79,182.78,440.82,210.02,402.19,1,-1,-1,-1
662,80,1098.99,510.37,162.74,320.83,1,-1,-1,-1
662,81,1361.86,533.01,216.03,300.90,1,-1,-1,-1
662,82,1271.39,492.69,199.57,351.62,1,-1,-1,-1
662,83,1560.55,476.85,209.92,372.41,1,-1,-1,-1
662,84,761.94,460.52,204.96,392.09,1,-1,-1,-1
662,85,1474.39,412.24,179.94,440.79,1,-1,-1,-1
662,86,973.24,500.47,187.43,344.41,1,-1,-1,-1
663,49,520.31,574.25,146.82,269.12,1,-1,-1,-1
663,55,1172.95,429.46,196.25,428.22,1,-1,-1,-1
663,56,941.67,516.61,211.10,312.07,1,-1,-1,-1
663,57,614.81,478.10,225.95,362.32,1,-1,-1,-1
663,72,295.09,455.17,273.76,394.06,1,-1,-1,-1
663,76,1399.26,444.14,222.30,388.13,1,-1,-1,-1
663,77,1205.28,477.87,230.23,349.57,1,-1,-1,-1
663,79,167.46,440.51,243.22,399.44,1,-1,-1,-1
663,80,1105.78,513.55,153.69,329.87,1,-1,-1,-1
663,81,1364.02,522.25,212.51,306.55,1,-1,-1,-1
663,82,1280.10,501.97,201.79,346.41,1,-1,-1,-1
663,83,1555.92,491.04,213.56,359.73,1,-1,-1,-1
663,84,766.67,463.40,201.23,389.05,1,-1,-1,-1
663,85,1472.57,419.67,181.97,436.99,1,-1,-1,-1
663,86,974.68,507.97,186.65,337.25,1,-1,-1,-1
664,49,523.60,575.19,149.49,264.58,1,-1,-1,-1
664,55,1143.50,433.37,223.56,421.57,1,-1,-1,-1
664,56,941.67,516.61,211.10,312.07,1,-1,-1,-1
664,57,611.63,486.36,224.39,354.77,1,-1,-1,-1
664,72,285.72,452.86,278.94,395.80,1,-1,-1,-1
664,76,1399.26,444.14,222.30,388.13,1,-1,-1,-1
664,77,1205.28,477.87,230.23,349.57,1,-1,-1,-1
664,79,144.29,443.48,266.44,395.18,1,-1,-1,-1
664,80,1109.01,517.42,153.76,321.61,1,-1,-1,-1
664,81,1367.39,501.50,214.91,336.31,1,-1,-1,-1
664,82,1281.97,509.93,207.80,338.53,1,-1,-1,-1
664,83,1545.08,489.63,225.17,361.70,1,-1,-1,-1
664,84,770.79,466.47,196.17,384.86,1,-1,-1,-1
664,85,1468.12,421.42,191.46,435.53,1,-1,-1,-1
664,86,973.77,511.57,191.64,333.48,1,-1,-1,-1
665,49,512.05,578.00,158.69,264.62,1,-1,-1,-1
665,55,1121.13,438.40,244.56,411.83,1,-1,-1,-1
665,56,941.67,516.61,211.10,312.07,1,-1,-1,-1
665,57,603.94,494.77,236.41,343.68,1,-1,-1,-1
665,72,213.82,457.01,201.00,379.46,1,-1,-1,-1
665,76,1399.26,444.14,222.30,388.13,1,-1,-1,-1
665,77,1205.28,477.87,230.23,349.57,1,-1,-1,-1
665,79,129.77,454.10,265.76,382.36,1,-1,-1,-1
665,80,1100.06,527.38,180.90,309.18,1,-1,-1,-1
665,81,1363.33,498.85,211.01,331.80,1,-1,-1,-1
665,82,1252.47,512.13,235.23,337.17,1,-1,-1,-1
665,83,1543.02,486.43,225.20,366.16,1,-1,-1,-1
665,84,764.55,473.21,199.82,377.66,1,-1,-1,-1
665,85,1463.94,428.15,193.08,428.67,1,-1,-1,-1
665,86,964.35,515.68,189.53,328.82,1,-1,-1,-1
665,87,261.37,455.82,296.35,393.45,1,-1,-1,-1
666,49,497.79,580.44,173.40,258.85,1,-1,-1,-1
666,55,1115.25,441.66,247.78,409.31,1,-1,-1,-1
666,56,941.67,516.61,211.10,312.07,1,-1,-1,-1
666,57,599.24,507.27,243.99,330.60,1,-1,-1,-1
666,72,213.82,457.01,201.00,379.46,1,-1,-1,-1
666,76,1399.26,444.14,222.30,388.13,1,-1,-1,-1
666,77,1205.28,477.87,230.23,349.57,1,-1,-1,-1
666,79,108.12,473.35,281.95,365.85,1,-1,-1,-1
666,80,1100.06,527.38,180.90,309.18,1,-1,-1,-1
666,81,1345.51,499.70,231.22,323.15,1,-1,-1,-1
666,82,1229.67,513.13,251.47,334.44,1,-1,-1,-1
666,83,1521.75,477.45,243.97,375.05,1,-1,-1,-1
666,84,747.19,483.28,214.88,367.46,1,-1,-1,-1
666,85,1462.08,428.69,198.53,427.22,1,-1,-1,-1
666,86,958.46,519.47,202.07,324.69,1,-1,-1,-1
666,87,243.64,465.77,312.46,381.38,1,-1,-1,-1
667,49,476.80,582.89,190.99,258.10,1,-1,-1,-1
667,55,1096.28,477.08,282.94,378.07,1,-1,-1,-1
667,56,941.67,516.61,211.10,312.07,1,-1,-1,-1
667,57,588.22,523.36,258.77,315.48,1,-1,-1,-1
667,72,213.82,457.01,201.00,379.46,1,-1,-1,-1
667,76,1399.26,444.14,222.30,388.13,1,-1,-1,-1
667,77,1205.28,477.87,230.23,349.57,1,-1,-1,-1
667,79,82.12,489.48,306.07,355.68,1,-1,-1,-1
667,80,1100.06,527.38,180.90,309.18,1,-1,-1,-1
667,81,1337.55,499.86,245.40,328.12,1,-1,-1,-1
667,82,1218.09,512.77,255.29,333.50,1,-1,-1,-1
667,83,1509.01,474.85,250.05,376.09,1,-1,-1,-1
667,84,733.18,496.92,223.63,353.95,1,-1,-1,-1
667,85,1455.07,439.19,209.18,417.82,1,-1,-1,-1
667,86,927.73,527.02,234.51,315.65,1,-1,-1,-1
667,87,227.21,474.78,318.49,378.50,1,-1,-1,-1
668,49,476.39,596.32,176.22,248.74,1,-1,-1,-1
668,55,1096.28,477.08,282.94,378.07,1,-1,-1,-1
668,56,941.67,516.61,211.10,312.07,1,-1,-1,-1
668,57,572.05,557.56,252.23,286.49,1,-1,-1,-1
668,72,213.82,457.01,201.00,379.46,1,-1,-1,-1
668,76,1399.26,444.14,222.30,388.13,1,-1,-1,-1
668,77,1205.28,477.87,230.23,349.57,1,-1,-1,-1
668,79,71.37,531.96,319.93,316.36,1,-1,-1,-1
668,80,1100.06,527.38,180.90,309.18,1,-1,-1,-1
668,81,1336.21,501.99,240.76,326.90,1,-1,-1,-1
668,82,1201.01,514.26,252.57,331.08,1,-1,-1,-1
668,83,1508.91,477.74,235.55,372.51,1,-1,-1,-1
668,84,730.79,526.42,228.96,328.48,1,-1,-1,-1
668,85,1450.70,449.09,208.04,405.17,1,-1,-1,-1
668,86,896.48,542.91,245.79,301.87,1,-1,-1,-1
668,87,219.16,508.52,318.47,348.00,1,-1,-1,-1
669,49,470.14,606.44,184.56,240.09,1,-1,-1,-1
669,55,1056.44,450.24,299.65,405.39,1,-1,-1,-1
669,56,941.67,516.61,211.10,312.07,1,-1,-1,-1
669,57,568.91,565.59,245.79,277.70,1,-1,-1,-1
669,72,213.82,457.01,201.00,379.46,1,-1,-1,-1
669,76,1399.26,444.14,222.30,388.13,1,-1,-1,-1
669,77,1205.28,477.87,230.23,349.57,1,-1,-1,-1
669,79,60.98,546.57,328.49,304.86,1,-1,-1,-1
669,80,1100.06,527.38,180.90,309.18,1,-1,-1,-1
669,81,1336.23,507.90,233.67,320.91,1,-1,-1,-1
669,82,1209.66,517.03,248.54,329.42,1,-1,-1,-1
669,83,1508.05,481.86,231.51,371.25,1,-1,-1,-1
669,84,729.11,533.22,228.36,323.43,1,-1,-1,-1
669,85,1454.31,450.87,207.65,407.71,1,-1,-1,-1
669,86,891.56,546.94,233.27,299.94,1,-1,-1,-1
669,87,210.89,523.85,327.14,332.01,1,-1,-1,-1
670,49,459.27,619.22,184.43,226.63,1,-1,-1,-1
670,55,1048.53,455.35,292.65,399.89,1,-1,-1,-1
670,56,941.67,516.61,211.10,312.07,1,-1,-1,-1
670,57,563.66,572.79,243.32,271.87,1,-1,-1,-1
670,72,213.82,457.01,201.00,379.46,1,-1,-1,-1
670,77,1205.28,477.87,230.23,349.57,1,-1,-1,-1
670,79,56.51,549.09,330.70,305.74,1,-1,-1,-1
670,80,1100.06,527.38,180.90,309.18,1,-1,-1,-1
670,81,1320.97,510.64,238.00,320.46,1,-1,-1,-1
670,82,1196.30,515.26,257.74,331.84,1,-1,-1,-1
670,83,1494.66,492.22,231.77,360.93,1,-1,-1,-1
670,84,722.04,532.77,224.48,323.19,1,-1,-1,-1
670,85,1451.40,452.58,199.26,405.86,1,-1,-1,-1
670,86,886.65,547.91,239.29,297.13,1,-1,-1,-1
670,87,207.90,528.85,329.08,323.05,1,-1,-1,-1
670,88,212.12,524.93,318.98,330.64,1,-1,-1,-1
671,49,440.10,622.41,201.26,225.77,1,-1,-1,-1
671,55,1046.54,467.97,285.52,388.11,1,-1,-1,-1
671,56,941.67,516.61,211.10,312.07,1,-1,-1,-1
671,57,565.88,573.03,229.59,270.49,1,-1,-1,-1
671,72,213.82,457.01,201.00,379.46,1,-1,-1,-1
671,77,1323.34,505.75,226.79,325.35,1,-1,-1,-1
671,79,56.37,549.67,318.67,303.14,1,-1,-1,-1
671,80,1100.06,527.38,180.90,309.18,1,-1,-1,-1
671,81,1437.63,493.59,196.04,362.86,1,-1,-1,-1
671,82,1170.46,516.40,275.02,329.77,1,-1,-1,-1
671,83,1484.83,498.99,234.63,350.81,1,-1,-1,-1
671,84,721.13,525.84,224.41,331.45,1,-1,-1,-1
671,85,1443.52,448.95,204.66,404.50,1,-1,-1,-1
671,86,880.89,542.85,236.54,305.54,1,-1,-1,-1
671,87,207.90,528.85,329.08,323.05,1,-1,-1,-1
671,88,213.52,525.36,316.41,332.30,1,-1,-1,-1
672,49,431.43,623.11,199.21,225.49,1,-1,-1,-1
672,55,1041.64,481.87,279.46,378.14,1,-1,-1,-1
672,56,941.67,516.61,211.10,312.07,1,-1,-1,-1
672,57,566.75,561.85,220.99,283.19,1,-1,-1,-1
672,72,213.82,457.01,201.00,379.46,1,-1,-1,-1
672,77,1334.31,503.78,232.50,326.08,1,-1,-1,-1
672,79,52.21,540.62,306.18,315.13,1,-1,-1,-1
672,80,1100.06,527.38,180.90,309.18,1,-1,-1,-1
672,81,1437.63,493.59,196.04,362.86,1,-1,-1,-1
672,82,1189.20,517.46,245.06,327.05,1,-1,-1,-1
672,83,1503.71,498.28,215.69,350.78,1,-1,-1,-1
672,84,723.97,506.99,223.09,351.22,1,-1,-1,-1
672,85,1445.18,447.87,240.96,409.68,1,-1,-1,-1
672,86,877.78,533.06,235.12,319.98,1,-1,-1,-1
672,87,207.90,528.85,329.08,323.05,1,-1,-1,-1
672,88,213.40,520.24,314.90,338.91,1,-1,-1,-1
673,49,436.85,604.81,185.05,239.27,1,-1,-1,-1
673,55,1037.42,484.62,245.56,374.05,1,-1,-1,-1
673,56,941.67,516.61,211.10,312.07,1,-1,-1,-1
673,57,562.15,536.65,231.18,310.68,1,-1,-1,-1
673,72,213.82,457.01,201.00,379.46,1,-1,-1,-1
673,77,1325.90,494.66,232.85,333.77,1,-1,-1,-1
673,79,50.91,514.79,265.80,340.84,1,-1,-1,-1
673,80,1100.06,527.38,180.90,309.18,1,-1,-1,-1
673,81,1437.63,493.59,196.04,362.86,1,-1,-1,-1
673,82,1200.13,508.86,215.86,335.54,1,-1,-1,-1
673,83,1507.32,478.24,238.86,359.96,1,-1,-1,-1
673,84,716.98,477.10,201.04,383.40,1,-1,-1,-1
673,85,1445.75,436.87,238.61,420.36,1,-1,-1,-1
673,86,883.77,506.01,234.84,346.49,1,-1,-1,-1
673,87,207.90,528.85,329.08,323.05,1,-1,-1,-1
673,88,212.85,501.65,304.65,358.33,1,-1,-1,-1
674,49,437.19,592.60,178.10,253.98,1,-1,-1,-1
674,55,1033.60,466.95,225.19,388.41,1,-1,-1,-1
674,56,941.67,516.61,211.10,312.07,1,-1,-1,-1
674,57,554.02,513.67,238.81,335.64,1,-1,-1,-1
674,72,213.82,457.01,201.00,379.46,1,-1,-1,-1
674,77,1320.37,488.87,224.01,333.14,1,-1,-1,-1
674,79,51.17,499.43,271.69,355.29,1,-1,-1,-1
674,80,1100.06,527.38,180.90,309.18,1,-1,-1,-1
674,81,1437.63,493.59,196.04,362.86,1,-1,-1,-1
674,82,1196.72,500.51,224.70,346.60,1,-1,-1,-1
674,83,1517.37,472.69,251.66,365.24,1,-1,-1,-1
674,84,710.04,459.48,201.65,401.72,1,-1,-1,-1
674,85,1447.55,429.90,231.66,430.92,1,-1,-1,-1
674,86,876.43,491.11,236.00,361.98,1,-1,-1,-1
674,87,207.90,528.85,329.08,323.05,1,-1,-1,-1
674,88,206.64,493.28,288.63,366.05,1,-1,-1,-1
675,49,428.76,581.82,180.89,264.23,1,-1,-1,-1
675,55,1027.51,448.57,255.87,411.68,1,-1,-1,-1
675,56,941.67,516.61,211.10,312.07,1,-1,-1,-1
675,57,550.30,498.37,243.71,351.69,1,-1,-1,-1
675,72,213.82,457.01,201.00,379.46,1,-1,-1,-1
675,77,1340.58,484.11,226.81,349.45,1,-1,-1,-1
675,79,50.50,483.18,272.58,372.46,1,-1,-1,-1
675,80,1100.06,527.38,180.90,309.18,1,-1,-1,-1
675,81,1458.37,459.96,317.73,396.97,1,-1,-1,-1
675,82,1190.99,493.32,238.87,354.47,1,-1,-1,-1
675,83,1503.37,462.92,286.83,381.66,1,-1,-1,-1
675,84,711.52,436.86,212.31,421.91,1,-1,-1,-1
675,85,1444.83,417.56,259.65,443.70,1,-1,-1,-1
675,86,875.42,475.65,243.16,374.62,1,-1,-1,-1
675,87,207.90,528.85,329.08,323.05,1,-1,-1,-1
675,88,202.19,477.05,285.17,382.30,1,-1,-1,-1
676,49,425.21,573.19,168.08,272.57,1,-1,-1,-1
676,55,1033.84,429.70,275.05,434.88,1,-1,-1,-1
676,56,941.67,516.61,211.10,312.07,1,-1,-1,-1
676,57,539.20,480.60,245.13,369.31,1,-1,-1,-1
676,72,213.82,457.01,201.00,379.46,1,-1,-1,-1
676,77,1337.58,483.12,229.11,361.68,1,-1,-1,-1
676,79,44.37,462.87,304.86,394.65,1,-1,-1,-1
676,80,1100.06,527.38,180.90,309.18,1,-1,-1,-1
676,81,1501.16,448.89,296.47,403.88,1,-1,-1,-1
676,82,1201.29,471.03,247.37,380.07,1,-1,-1,-1
676,83,1503.37,462.92,286.83,381.66,1,-1,-1,-1
676,84,715.06,399.47,222.11,461.68,1,-1,-1,-1
676,85,1451.72,404.93,282.55,457.46,1,-1,-1,-1
676,86,872.11,462.41,273.59,386.51,1,-1,-1,-1
676,87,207.90,528.85,329.08,323.05,1,-1,-1,-1
676,88,201.61,464.02,274.33,396.14,1,-1,-1,-1
677,49,518.64,481.38,239.74,369.80,1,-1,-1,-1
677,55,1033.16,410.06,312.61,453.74,1,-1,-1,-1
677,56,941.67,516.61,211.10,312.07,1,-1,-1,-1
677,57,533.19,469.84,245.28,381.15,1,-1,-1,-1
677,72,213.82,457.01,201.00,379.46,1,-1,-1,-1
677,77,1339.92,479.69,212.79,362.95,1,-1,-1,-1
677,79,51.62,413.98,291.06,443.82,1,-1,-1,-1
677,80,1175.73,448.37,261.61,404.81,1,-1,-1,-1
677,81,1501.16,448.89,296.47,403.88,1,-1,-1,-1
677,82,1207.01,448.55,248.40,406.32,1,-1,-1,-1
677,83,1514.54,441.70,291.05,416.22,1,-1,-1,-1
677,84,721.31,385.42,220.97,469.93,1,-1,-1,-1
677,85,1456.65,395.64,287.02,474.25,1,-1,-1,-1
677,86,889.12,438.05,246.83,410.42,1,-1,-1,-1
677,87,393.58,556.47,192.27,290.98,1,-1,-1,-1
677,88,209.08,446.29,286.70,417.90,1,-1,-1,-1
678,49,518.64,481.38,239.74,369.80,1,-1,-1,-1
678,55,1053.08,354.67,290.70,512.38,1,-1,-1,-1
678,57,533.79,448.28,249.73,409.56,1,-1,-1,-1
678,72,213.82,457.01,201.00,379.46,1,-1,-1,-1
678,77,1358.89,455.19,193.59,394.54,1,-1,-1,-1
678,79,50.89,360.96,318.47,500.72,1,-1,-1,-1
678,80,1175.73,448.37,261.61,404.81,1,-1,-1,-1
678,81,1501.16,448.89,296.47,403.88,1,-1,-1,-1
678,82,1232.24,425.11,214.17,431.46,1,-1,-1,-1
678,83,1565.84,435.56,241.39,421.80,1,-1,-1,-1
678,84,717.18,374.40,224.20,483.57,1,-1,-1,-1
678,85,1463.55,298.59,281.67,571.59,1,-1,-1,-1
678,86,902.34,383.23,238.14,473.29,1,-1,-1,-1
678,87,429.57,509.58,171.90,339.68,1,-1,-1,-1
678,88,217.28,396.19,304.84,467.79,1,-1,-1,-1
679,49,518.64,481.38,239.74,369.80,1,-1,-1,-1
679,55,931.89,372.01,228.27,488.14,1,-1,-1,-1
679,57,547.79,436.89,242.12,418.47,1,-1,-1,-1
679,72,213.82,457.01,201.00,379.46,1,-1,-1,-1
679,77,1369.51,436.34,181.90,407.97,1,-1,-1,-1
679,79,63.40,339.63,318.42,517.01,1,-1,-1,-1
679,80,1085.43,348.36,258.25,517.87,1,-1,-1,-1
679,81,1501.16,448.89,296.47,403.88,1,-1,-1,-1
679,82,1238.59,421.29,205.28,434.44,1,-1,-1,-1
679,83,1577.12,418.23,234.25,441.28,1,-1,-1,-1
679,84,713.40,371.73,227.58,487.13,1,-1,-1,-1
679,85,1471.97,271.67,277.43,597.71,1,-1,-1,-1
679,86,917.67,371.79,215.69,485.34,1,-1,-1,-1
679,87,431.60,498.20,177.69,350.69,1,-1,-1,-1
679,88,221.89,361.32,307.67,502.13,1,-1,-1,-1
680,49,518.64,481.38,239.74,369.80,1,-1,-1,-1
680,55,919.57,371.85,183.37,481.59,1,-1,-1,-1
680,57,560.63,430.05,224.97,423.23,1,-1,-1,-1
680,72,213.82,457.01,201.00,379.46,1,-1,-1,-1
680,77,1384.30,417.91,177.93,423.86,1,-1,-1,-1
680,79,93.43,336.59,290.67,515.12,1,-1,-1,-1
680,80,1084.64,334.41,253.87,534.67,1,-1,-1,-1
680,81,1501.16,448.89,296.47,403.88,1,-1,-1,-1
680,82,1267.14,409.63,181.57,448.05,1,-1,-1,-1
680,83,1594.29,402.02,217.11,457.43,1,-1,-1,-1
680,84,718.47,370.89,226.61,486.53,1,-1,-1,-1
680,85,1479.84,256.23,264.17,610.71,1,-1,-1,-1
680,86,954.04,370.66,191.44,482.63,1,-1,-1,-1
680,87,439.73,501.27,176.42,346.48,1,-1,-1,-1
680,88,220.58,349.39,308.42,513.59,1,-1,-1,-1
681,49,518.64,481.38,239.74,369.80,1,-1,-1,-1
681,55,935.68,374.58,158.53,474.01,1,-1,-1,-1
681,57,573.88,433.52,216.45,416.09,1,-1,-1,-1
681,72,213.82,457.01,201.00,379.46,1,-1,-1,-1
681,77,1389.20,411.80,176.49,437.08,1,-1,-1,-1
681,79,118.79,337.99,263.50,518.09,1,-1,-1,-1
681,80,1095.26,331.43,248.40,541.14,1,-1,-1,-1
681,81,1501.16,448.89,296.47,403.88,1,-1,-1,-1
681,82,1286.28,414.53,162.95,444.08,1,-1,-1,-1
681,83,1607.48,395.42,199.74,464.18,1,-1,-1,-1
681,84,726.12,377.40,222.89,478.35,1,-1,-1,-1
681,85,1519.43,247.27,217.00,618.75,1,-1,-1,-1
681,86,962.05,373.78,196.68,482.39,1,-1,-1,-1
681,87,455.72,496.01,161.51,350.45,1,-1,-1,-1
681,88,234.13,340.97,298.03,522.82,1,-1,-1,-1
682,49,518.64,481.38,239.74,369.80,1,-1,-1,-1
682,55,925.58,395.82,173.32,450.87,1,-1,-1,-1
682,57,581.49,431.97,222.98,422.94,1,-1,-1,-1
682,72,213.82,457.01,201.00,379.46,1,-1,-1,-1
682,77,1389.52,424.26,179.91,424.40,1,-1,-1,-1
682,79,130.67,372.73,215.72,481.56,1,-1,-1,-1
682,80,1100.36,335.13,252.09,535.17,1,-1,-1,-1
682,81,1501.16,448.89,296.47,403.88,1,-1,-1,-1
682,82,1277.52,427.36,165.43,429.19,1,-1,-1,-1
682,83,1606.40,401.77,204.42,459.16,1,-1,-1,-1
682,84,731.05,389.44,219.52,473.02,1,-1,-1,-1
682,85,1525.03,247.87,215.18,621.36,1,-1,-1,-1
682,86,968.54,393.11,199.32,461.62,1,-1,-1,-1
682,87,459.84,505.19,159.18,342.57,1,-1,-1,-1
682,88,254.43,345.65,280.85,519.58,1,-1,-1,-1
682,89,133.91,345.67,247.39,510.87,1,-1,-1,-1
683,49,518.64,481.38,239.74,369.80,1,-1,-1,-1
683,55,939.40,525.72,200.88,334.14,1,-1,-1,-1
683,57,594.56,445.22,213.30,413.96,1,-1,-1,-1
683,72,213.82,457.01,201.00,379.46,1,-1,-1,-1
683,77,1370.39,467.87,203.89,388.25,1,-1,-1,-1
683,79,117.88,423.37,236.43,439.88,1,-1,-1,-1
683,80,1105.25,370.72,260.22,493.80,1,-1,-1,-1
683,81,1501.16,448.89,296.47,403.88,1,-1,-1,-1
683,82,1256.03,466.82,201.02,392.75,1,-1,-1,-1
683,83,1622.42,401.26,209.08,461.18,1,-1,-1,-1
683,84,736.54,399.33,210.89,470.28,1,-1,-1,-1
683,85,1507.97,292.51,278.24,585.15,1,-1,-1,-1
683,86,952.27,444.61,218.70,416.33,1,-1,-1,-1
683,87,455.41,536.62,162.70,313.66,1,-1,-1,-1
683,88,259.35,385.04,275.62,485.00,1,-1,-1,-1
683,89,133.91,345.67,247.39,510.87,1,-1,-1,-1
684,49,518.64,481.38,239.74,369.80,1,-1,-1,-1
684,55,939.40,525.72,200.88,334.14,1,-1,-1,-1
684,57,608.56,449.11,201.12,411.97,1,-1,-1,-1
684,72,213.82,457.01,201.00,379.46,1,-1,-1,-1
684,77,1383.04,475.39,186.28,382.98,1,-1,-1,-1
684,79,123.61,429.16,225.97,433.82,1,-1,-1,-1
684,80,1104.03,395.01,264.62,472.68,1,-1,-1,-1
684,81,1501.16,448.89,296.47,403.88,1,-1,-1,-1
684,82,1268.15,476.65,203.35,383.79,1,-1,-1,-1
684,83,1611.04,400.79,228.03,461.42,1,-1,-1,-1
684,84,729.64,409.46,215.01,459.60,1,-1,-1,-1
684,85,1495.14,345.27,298.36,531.06,1,-1,-1,-1
684,86,941.69,458.01,237.23,401.78,1,-1,-1,-1
684,87,455.68,547.98,163.73,303.33,1,-1,-1,-1
684,88,259.35,392.83,272.40,476.88,1,-1,-1,-1
684,89,133.91,345.67,247.39,510.87,1,-1,-1,-1
685,49,518.64,481.38,239.74,369.80,1,-1,-1,-1
685,55,940.51,473.65,232.16,384.09,1,-1,-1,-1
685,57,609.78,451.44,191.44,410.28,1,-1,-1,-1
685,72,213.82,457.01,201.00,379.46,1,-1,-1,-1
685,77,1391.56,473.82,175.40,379.60,1,-1,-1,-1
685,79,125.77,433.25,225.84,427.93,1,-1,-1,-1
685,80,1110.42,398.56,259.97,473.42,1,-1,-1,-1
685,81,1501.16,448.89,296.47,403.88,1,-1,-1,-1
685,82,1290.86,487.24,174.00,372.60,1,-1,-1,-1
685,83,1612.53,424.49,235.33,438.89,1,-1,-1,-1
685,84,722.42,416.45,222.19,451.42,1,-1,-1,-1
685,85,1486.74,363.82,288.54,506.83,1,-1,-1,-1
685,86,938.10,478.60,182.44,369.27,1,-1,-1,-1
685,87,452.24,552.41,167.18,299.01,1,-1,-1,-1
685,88,238.59,396.86,288.33,473.49,1,-1,-1,-1
685,89,133.91,345.67,247.39,510.87,1,-1,-1,-1
686,49,518.64,481.38,239.74,369.80,1,-1,-1,-1
686,55,1089.57,515.01,173.86,334.45,1,-1,-1,-1
686,57,612.22,453.68,179.37,408.78,1,-1,-1,-1
686,72,213.82,457.01,201.00,379.46,1,-1,-1,-1
686,77,1387.99,478.78,173.21,372.63,1,-1,-1,-1
686,79,124.03,440.53,229.22,424.53,1,-1,-1,-1
686,80,1116.02,404.24,259.27,461.41,1,-1,-1,-1
686,81,1501.16,448.89,296.47,403.88,1,-1,-1,-1
686,82,1279.00,487.73,184.12,367.70,1,-1,-1,-1
686,83,1627.72,418.05,226.24,445.63,1,-1,-1,-1
686,84,718.32,421.30,224.54,446.07,1,-1,-1,-1
686,85,1481.96,366.10,291.83,505.25,1,-1,-1,-1
686,86,939.01,472.29,231.32,386.15,1,-1,-1,-1
686,87,445.09,557.25,173.02,294.26,1,-1,-1,-1
686,88,221.25,401.52,302.85,469.66,1,-1,-1,-1
686,89,133.91,345.67,247.39,510.87,1,-1,-1,-1
687,49,518.64,481.38,239.74,369.80,1,-1,-1,-1
687,55,1107.93,523.66,163.84,325.88,1,-1,-1,-1
687,57,612.69,455.64,182.94,403.72,1,-1,-1,-1
687,72,213.82,457.01,201.00,379.46,1,-1,-1,-1
687,77,1387.76,482.10,180.27,371.53,1,-1,-1,-1
687,79,106.98,441.97,247.85,418.93,1,-1,-1,-1
687,80,1119.02,405.24,261.13,461.98,1,-1,-1,-1
687,81,1501.16,448.89,296.47,403.88,1,-1,-1,-1
687,82,1268.38,485.82,192.53,373.36,1,-1,-1,-1
687,83,1636.06,411.04,221.16,452.86,1,-1,-1,-1
687,84,715.98,424.01,224.39,441.28,1,-1,-1,-1
687,85,1480.66,369.90,288.96,502.15,1,-1,-1,-1
687,86,940.39,474.78,218.49,386.44,1,-1,-1,-1
687,87,448.91,560.45,168.12,292.74,1,-1,-1,-1
687,88,202.56,404.25,319.60,466.83,1,-1,-1,-1
687,89,133.91,345.67,247.39,510.87,1,-1,-1,-1
688,49,518.64,481.38,239.74,369.80,1,-1,-1,-1
688,55,1106.80,530.83,171.51,318.13,1,-1,-1,-1
688,57,597.67,454.36,197.97,386.59,1,-1,-1,-1
688,72,213.82,457.01,201.00,379.46,1,-1,-1,-1
688,77,1366.23,489.30,213.02,363.47,1,-1,-1,-1
688,79,68.27,441.75,279.65,419.65,1,-1,-1,-1
688,80,1126.00,403.12,250.40,471.50,1,-1,-1,-1
688,81,1501.16,448.89,296.47,403.88,1,-1,-1,-1
688,82,1255.85,488.22,212.29,366.97,1,-1,-1,-1
688,83,1619.85,421.91,240.10,441.01,1,-1,-1,-1
688,84,693.18,432.28,241.07,435.61,1,-1,-1,-1
688,85,1464.50,373.91,300.93,498.00,1,-1,-1,-1
688,86,921.72,476.81,232.98,384.14,1,-1,-1,-1
688,87,443.80,565.22,171.52,285.39,1,-1,-1,-1
688,88,156.58,405.11,348.64,466.80,1,-1,-1,-1
688,89,71.14,433.92,280.02,426.07,1,-1,-1,-1
689,49,518.64,481.38,239.74,369.80,1,-1,-1,-1
689,55,1091.32,509.09,177.23,340.45,1,-1,-1,-1
689,57,570.35,456.02,224.72,393.32,1,-1,-1,-1
689,72,213.82,457.01,201.00,379.46,1,-1,-1,-1
689,77,1352.91,488.47,230.47,360.79,1,-1,-1,-1
689,79,57.08,446.40,286.41,417.77,1,-1,-1,-1
689,80,1133.08,403.54,248.95,466.45,1,-1,-1,-1
689,81,1501.16,448.89,296.47,403.88,1,-1,-1,-1
689,82,1260.02,487.66,211.81,373.96,1,-1,-1,-1
689,83,1625.21,441.35,232.49,422.13,1,-1,-1,-1
689,84,689.77,427.95,246.39,441.48,1,-1,-1,-1
689,85,1463.70,375.84,296.61,499.00,1,-1,-1,-1
689,86,904.00,483.88,243.11,376.36,1,-1,-1,-1
689,87,434.65,565.39,180.37,284.71,1,-1,-1,-1
689,88,144.70,405.79,360.99,463.03,1,-1,-1,-1
689,89,50.79,444.49,292.05,416.31,1,-1,-1,-1
690,49,518.64,481.38,239.74,369.80,1,-1,-1,-1
690,55,1095.48,506.76,184.52,344.67,1,-1,-1,-1
690,57,558.25,464.37,235.53,387.81,1,-1,-1,-1
690,72,213.82,457.01,201.00,379.46,1,-1,-1,-1
690,77,1362.46,490.14,209.71,355.35,1,-1,-1,-1
690,79,57.08,446.40,286.41,417.77,1,-1,-1,-1
690,80,1127.22,403.68,249.13,465.98,1,-1,-1,-1
690,81,1501.16,448.89,296.47,403.88,1,-1,-1,-1
690,82,1253.72,488.78,209.57,370.84,1,-1,-1,-1
690,83,1631.61,451.11,219.46,413.71,1,-1,-1,-1
690,84,688.09,426.96,244.08,440.75,1,-1,-1,-1
690,85,1447.93,374.47,305.23,499.55,1,-1,-1,-1
690,86,904.00,483.88,243.11,376.36,1,-1,-1,-1
690,87,403.74,569.46,205.39,282.37,1,-1,-1,-1
690,88,166.48,406.84,333.70,461.51,1,-1,-1,-1
690,89,44.91,453.29,297.74,406.87,1,-1,-1,-1
691,49,518.64,481.38,239.74,369.80,1,-1,-1,-1
691,55,1095.48,506.76,184.52,344.67,1,-1,-1,-1
691,57,556.18,469.68,244.64,386.15,1,-1,-1,-1
691,72,213.82,457.01,201.00,379.46,1,-1,-1,-1
691,77,1367.91,491.35,219.49,354.39,1,-1,-1,-1
691,79,99.15,448.04,251.35,412.77,1,-1,-1,-1
691,80,1108.10,408.44,260.56,459.65,1,-1,-1,-1
691,81,1501.16,448.89,296.47,403.88,1,-1,-1,-1
691,82,1249.13,490.53,214.40,368.72,1,-1,-1,-1
691,83,1633.10,453.32,206.74,409.40,1,-1,-1,-1
691,84,688.16,425.10,244.72,444.30,1,-1,-1,-1
691,85,1431.79,375.31,320.70,502.27,1,-1,-1,-1
691,86,904.00,483.88,243.11,376.36,1,-1,-1,-1
691,87,408.25,571.73,198.06,281.29,1,-1,-1,-1
691,88,159.71,412.54,332.25,456.87,1,-1,-1,-1
691,89,44.74,447.90,306.09,412.46,1,-1,-1,-1
691,90,948.40,489.69,183.80,366.58,1,-1,-1,-1
691,91,870.19,528.99,258.98,329.16,1,-1,-1,-1
692,49,518.64,481.38,239.74,369.80,1,-1,-1,-1
692,55,1095.48,506.76,184.52,344.67,1,-1,-1,-1
692,57,550.01,475.23,258.47,379.10,1,-1,-1,-1
692,72,213.82,457.01,201.00,379.46,1,-1,-1,-1
692,77,1362.11,490.19,220.84,363.48,1,-1,-1,-1
692,79,94.71,449.21,275.70,409.56,1,-1,-1,-1
692,80,1079.57,409.05,280.35,456.56,1,-1,-1,-1
692,81,1501.16,448.89,296.47,403.88,1,-1,-1,-1
692,82,1237.31,491.99,231.61,367.14,1,-1,-1,-1
692,83,1629.28,462.22,204.40,401.16,1,-1,-1,-1
692,84,688.22,423.76,243.64,442.37,1,-1,-1,-1
692,85,1425.55,380.45,320.43,493.40,1,-1,-1,-1
692,86,868.42,548.70,256.98,305.93,1,-1,-1,-1
692,87,397.01,574.84,207.67,276.61,1,-1,-1,-1
692,88,118.31,413.25,368.51,458.10,1,-1,-1,-1
692,89,47.16,444.53,317.52,410.77,1,-1,-1,-1
692,90,969.70,496.97,167.36,351.59,1,-1,-1,-1
692,91,868.17,550.55,256.89,304.78,1,-1,-1,-1
693,49,518.64,481.38,239.74,369.80,1,-1,-1,-1
693,55,1095.48,506.76,184.52,344.67,1,-1,-1,-1
693,57,560.39,481.60,255.77,369.26,1,-1,-1,-1
693,72,213.82,457.01,201.00,379.46,1,-1,-1,-1
693,77,1361.87,491.18,199.67,355.50,1,-1,-1,-1
693,79,92.75,456.79,289.94,400.49,1,-1,-1,-1
693,80,1071.59,408.56,273.83,455.90,1,-1,-1,-1
693,81,1501.16,448.89,296.47,403.88,1,-1,-1,-1
693,82,1233.54,497.03,232.53,349.32,1,-1,-1,-1
693,83,1616.88,474.42,202.58,379.64,1,-1,-1,-1
693,84,689.71,425.50,244.21,437.41,1,-1,-1,-1
693,85,1412.91,389.25,316.80,474.05,1,-1,-1,-1
693,86,868.42,548.70,256.98,305.93,1,-1,-1,-1
693,87,437.64,575.84,173.94,268.98,1,-1,-1,-1
693,88,138.79,419.37,357.35,443.94,1,-1,-1,-1
693,89,62.30,457.08,312.57,396.14,1,-1,-1,-1
693,90,948.82,501.71,186.86,338.75,1,-1,-1,-1
693,91,858.21,547.47,267.55,305.35,1,-1,-1,-1
694,49,518.64,481.38,239.74,369.80,1,-1,-1,-1
694,55,1221.63,499.60,217.55,344.51,1,-1,-1,-1
694,57,568.21,482.46,239.85,366.18,1,-1,-1,-1
694,72,213.82,457.01,201.00,379.46,1,-1,-1,-1
694,77,1357.89,492.17,184.63,352.33,1,-1,-1,-1
694,79,82.11,458.98,300.55,394.42,1,-1,-1,-1
694,80,1070.61,410.28,271.74,449.77,1,-1,-1,-1
694,81,1501.16,448.89,296.47,403.88,1,-1,-1,-1
694,82,1389.40,404.03,297.23,456.61,1,-1,-1,-1
694,83,1607.47,477.25,201.44,374.93,1,-1,-1,-1
694,84,694.18,427.83,241.88,433.33,1,-1,-1,-1
694,85,1406.39,389.62,304.82,473.56,1,-1,-1,-1
694,86,868.42,548.70,256.98,305.93,1,-1,-1,-1
694,87,435.01,577.28,184.67,268.10,1,-1,-1,-1
694,88,145.66,422.25,353.91,437.99,1,-1,-1,-1
694,89,67.38,460.80,307.96,389.07,1,-1,-1,-1
694,90,950.09,503.18,176.91,327.96,1,-1,-1,-1
694,91,855.50,548.05,268.94,297.80,1,-1,-1,-1
695,49,518.64,481.38,239.74,369.80,1,-1,-1,-1
695,55,1234.70,498.17,217.25,347.28,1,-1,-1,-1
695,57,577.06,482.70,227.45,361.81,1,-1,-1,-1
695,72,213.82,457.01,201.00,379.46,1,-1,-1,-1
695,77,1357.55,492.53,186.81,354.10,1,-1,-1,-1
695,79,90.27,460.91,294.18,391.33,1,-1,-1,-1
695,80,1071.23,413.71,266.51,445.61,1,-1,-1,-1
695,81,1501.16,448.89,296.47,403.88,1,-1,-1,-1
695,82,1389.40,404.03,297.23,456.61,1,-1,-1,-1
695,83,1596.00,477.22,207.96,373.95,1,-1,-1,-1
695,84,696.21,427.99,239.07,431.84,1,-1,-1,-1
695,85,1411.86,395.45,293.38,468.09,1,-1,-1,-1
695,86,868.42,548.70,256.98,305.93,1,-1,-1,-1
695,87,442.67,577.22,177.32,264.38,1,-1,-1,-1
695,88,170.20,424.02,328.92,434.17,1,-1,-1,-1
695,89,71.40,461.48,308.72,389.11,1,-1,-1,-1
695,90,944.06,504.35,180.53,325.11,1,-1,-1,-1
695,91,854.96,510.54,266.73,335.90,1,-1,-1,-1
696,49,518.64,481.38,239.74,369.80,1,-1,-1,-1
696,55,1236.41,495.20,220.65,349.96,1,-1,-1,-1
696,57,593.12,482.01,208.05,364.19,1,-1,-1,-1
696,77,1354.47,491.95,191.07,352.16,1,-1,-1,-1
696,79,89.01,461.52,301.89,390.86,1,-1,-1,-1
696,80,1071.31,416.29,273.04,443.81,1,-1,-1,-1
696,81,1501.16,448.89,296.47,403.88,1,-1,-1,-1
696,82,1389.40,404.03,297.23,456.61,1,-1,-1,-1
696,83,1599.02,472.33,201.35,379.29,1,-1,-1,-1
696,84,699.94,429.71,231.50,427.61,1,-1,-1,-1
696,85,1408.99,397.82,290.51,466.13,1,-1,-1,-1
696,86,868.42,548.70,256.98,305.93,1,-1,-1,-1
696,87,455.80,577.05,162.65,265.30,1,-1,-1,-1
696,88,186.41,426.26,313.58,431.59,1,-1,-1,-1
696,89,77.83,461.98,307.03,388.26,1,-1,-1,-1
696,90,944.06,504.35,180.53,325.11,1,-1,-1,-1
696,91,855.53,503.91,269.89,343.31,1,-1,-1,-1
697,49,518.64,481.38,239.74,369.80,1,-1,-1,-1
697,55,1235.53,492.38,229.07,353.50,1,-1,-1,-1
697,57,600.09,485.57,195.43,361.81,1,-1,-1,-1
697,77,1345.66,489.14,195.70,351.02,1,-1,-1,-1
697,79,84.94,457.19,296.86,388.85,1,-1,-1,-1
697,80,1070.77,416.12,281.62,444.13,1,-1,-1,-1
697,81,1501.16,448.89,296.47,403.88,1,-1,-1,-1
697,82,1389.40,404.03,297.23,456.61,1,-1,-1,-1
697,83,1594.29,462.76,206.54,390.28,1,-1,-1,-1
697,84,702.75,431.13,228.25,424.46,1,-1,-1,-1
697,85,1406.29,398.35,294.12,465.22,1,-1,-1,-1
697,86,868.42,548.70,256.98,305.93,1,-1,-1,-1
697,87,455.67,576.07,165.52,267.76,1,-1,-1,-1
697,88,182.71,426.50,319.08,430.01,1,-1,-1,-1
697,89,91.36,458.42,293.48,391.60,1,-1,-1,-1
697,90,944.06,504.35,180.53,325.11,1,-1,-1,-1
697,91,853.49,501.98,269.67,346.38,1,-1,-1,-1
698,49,518.64,481.38,239.74,369.80,1,-1,-1,-1
698,55,1238.14,480.21,213.50,370.75,1,-1,-1,-1
698,57,598.52,468.65,215.34,380.57,1,-1,-1,-1
698,77,1360.72,476.27,175.52,372.59,1,-1,-1,-1
698,79,84.94,457.19,296.86,388.85,1,-1,-1,-1
698,80,1070.68,408.98,285.37,453.90,1,-1,-1,-1
698,81,1501.16,448.89,296.47,403.88,1,-1,-1,-1
698,82,1389.40,404.03,297.23,456.61,1,-1,-1,-1
698,83,1606.12,443.13,213.01,412.88,1,-1,-1,-1
698,84,707.28,430.29,242.00,424.88,1,-1,-1,-1
698,85,1406.99,367.89,295.15,500.27,1,-1,-1,-1
698,86,724.71,448.27,240.97,407.42,1,-1,-1,-1
698,87,461.32,568.59,165.14,274.03,1,-1,-1,-1
698,88,196.63,424.63,321.05,432.18,1,-1,-1,-1
698,89,106.93,455.64,276.03,387.25,1,-1,-1,-1
698,90,944.06,504.35,180.53,325.11,1,-1,-1,-1
698,91,873.34,498.21,262.19,347.99,1,-1,-1,-1
699,49,518.64,481.38,239.74,369.80,1,-1,-1,-1
699,55,1270.19,473.89,182.31,375.37,1,-1,-1,-1
699,57,600.70,448.64,194.57,398.04,1,-1,-1,-1
699,77,1363.91,468.04,180.41,378.66,1,-1,-1,-1
699,79,84.94,457.19,296.86,388.85,1,-1,-1,-1
699,80,1076.07,406.49,289.87,455.93,1,-1,-1,-1
699,81,1501.16,448.89,296.47,403.88,1,-1,-1,-1
699,82,1389.40,404.03,297.23,456.61,1,-1,-1,-1
699,83,1599.32,445.24,226.40,411.66,1,-1,-1,-1
699,84,708.55,432.07,245.47,424.08,1,-1,-1,-1
699,85,1407.05,343.19,302.14,524.74,1,-1,-1,-1
699,86,724.71,448.27,240.97,407.42,1,-1,-1,-1
699,87,448.36,562.64,182.88,280.31,1,-1,-1,-1
699,88,214.92,415.47,308.95,436.61,1,-1,-1,-1
699,89,131.47,445.31,242.09,389.21,1,-1,-1,-1
699,90,944.06,504.35,180.53,325.11,1,-1,-1,-1
699,91,875.10,490.82,280.60,357.88,1,-1,-1,-1
700,49,518.64,481.38,239.74,369.80,1,-1,-1,-1
700,55,1284.73,470.48,172.83,376.06,1,-1,-1,-1
700,57,613.44,435.35,175.19,406.98,1,-1,-1,-1
700,77,1372.70,465.19,165.24,364.15,1,-1,-1,-1
700,79,84.94,457.19,296.86,388.85,1,-1,-1,-1
700,80,1096.59,402.07,267.17,457.67,1,-1,-1,-1
700,81,1501.16,448.89,296.47,403.88,1,-1,-1,-1
700,82,1389.40,404.03,297.23,456.61,1,-1,-1,-1
700,83,1605.67,442.02,230.37,415.43,1,-1,-1,-1
700,84,708.72,427.04,235.63,430.25,1,-1,-1,-1
700,85,1425.14,336.07,300.63,527.25,1,-1,-1,-1
700,86,724.71,448.27,240.97,407.42,1,-1,-1,-1
700,87,457.53,557.67,177.36,283.51,1,-1,-1,-1
700,88,251.37,413.96,276.98,439.82,1,-1,-1,-1
700,89,131.47,445.31,242.09,389.21,1,-1,-1,-1
700,90,944.06,504.35,180.53,325.11,1,-1,-1,-1
700,91,890.73,482.23,306.43,368.85,1,-1,-1,-1
700,92,163.36,441.53,209.65,394.83,1,-1,-1,-1
701,49,518.64,481.38,239.74,369.80,1,-1,-1,-1
701,55,1298.30,470.77,160.64,375.03,1,-1,-1,-1
701,57,621.72,434.56,175.63,406.27,1,-1,-1,-1
701,77,1367.12,456.41,172.43,361.66,1,-1,-1,-1
701,79,84.94,457.19,296.86,388.85,1,-1,-1,-1
701,80,1116.20,396.98,249.37,461.06,1,-1,-1,-1
701,81,1501.16,448.89,296.47,403.88,1,-1,-1,-1
701,82,1389.40,404.03,297.23,456.61,1,-1,-1,-1
701,83,1613.50,427.55,230.08,427.21,1,-1,-1,-1
701,84,708.16,428.69,231.63,427.75,1,-1,-1,-1
701,85,1432.14,336.37,308.74,521.25,1,-1,-1,-1
701,86,724.71,448.27,240.97,407.42,1,-1,-1,-1
701,87,480.55,559.26,156.23,280.31,1,-1,-1,-1
701,88,279.01,399.54,243.66,444.36,1,-1,-1,-1
701,89,131.47,445.31,242.09,389.21,1,-1,-1,-1
701,90,917.48,482.69,225.21,368.85,1,-1,-1,-1
701,91,1086.35,404.02,199.54,427.44,1,-1,-1,-1
701,92,186.20,441.56,188.43,404.27,1,-1,-1,-1
702,49,518.64,481.38,239.74,369.80,1,-1,-1,-1
702,55,1302.04,469.67,158.68,375.77,1,-1,-1,-1
702,57,622.04,438.21,171.72,406.45,1,-1,-1,-1
702,77,1364.17,459.62,181.78,360.53,1,-1,-1,-1
702,79,84.94,457.19,296.86,388.85,1,-1,-1,-1
702,80,961.76,468.84,208.73,383.06,1,-1,-1,-1
702,81,1501.16,448.89,296.47,403.88,1,-1,-1,-1
702,82,1389.40,404.03,297.23,456.61,1,-1,-1,-1
702,83,1606.63,433.10,236.88,420.21,1,-1,-1,-1
702,84,703.46,433.54,230.40,425.91,1,-1,-1,-1
702,85,1433.95,347.59,322.19,515.28,1,-1,-1,-1
702,86,724.71,448.27,240.97,407.42,1,-1,-1,-1
702,87,491.12,562.07,147.45,278.10,1,-1,-1,-1
702,88,273.63,409.22,242.30,446.29,1,-1,-1,-1
702,89,131.47,445.31,242.09,389.21,1,-1,-1,-1
702,90,929.94,508.18,176.22,336.50,1,-1,-1,-1
702,91,1108.58,395.96,245.55,454.22,1,-1,-1,-1
702,92,183.48,442.88,195.32,401.10,1,-1,-1,-1
703,49,518.64,481.38,239.74,369.80,1,-1,-1,-1
703,55,1291.19,474.57,173.03,373.89,1,-1,-1,-1
703,57,622.12,460.65,202.73,379.70,1,-1,-1,-1
703,77,1361.15,468.38,188.44,359.76,1,-1,-1,-1
703,79,84.94,457.19,296.86,388.85,1,-1,-1,-1
703,80,1091.23,467.16,149.52,372.93,1,-1,-1,-1
703,81,1501.16,448.89,296.47,403.88,1,-1,-1,-1
703,82,1389.40,404.03,297.23,456.61,1,-1,-1,-1
703,83,1608.16,447.82,237.02,406.21,1,-1,-1,-1
703,84,707.48,456.72,223.91,403.38,1,-1,-1,-1
703,85,1423.60,374.58,297.32,491.90,1,-1,-1,-1
703,86,724.71,448.27,240.97,407.42,1,-1,-1,-1
703,87,490.76,572.46,148.73,267.14,1,-1,-1,-1
703,88,274.01,428.81,247.52,424.12,1,-1,-1,-1
703,89,131.47,445.31,242.09,389.21,1,-1,-1,-1
703,90,950.61,483.37,195.16,368.37,1,-1,-1,-1
703,91,1110.28,404.49,242.28,453.24,1,-1,-1,-1
703,92,172.55,451.96,212.10,394.40,1,-1,-1,-1
704,49,518.64,481.38,239.74,369.80,1,-1,-1,-1
704,55,1295.79,499.92,169.54,345.29,1,-1,-1,-1
704,57,619.74,477.30,208.81,361.85,1,-1,-1,-1
704,77,1376.19,478.23,172.65,346.94,1,-1,-1,-1
704,79,84.94,457.19,296.86,388.85,1,-1,-1,-1
704,80,1091.23,467.16,149.52,372.93,1,-1,-1,-1
704,81,1501.16,448.89,296.47,403.88,1,-1,-1,-1
704,82,1389.40,404.03,297.23,456.61,1,-1,-1,-1
704,83,1604.52,460.57,239.68,391.47,1,-1,-1,-1
704,84,745.83,471.96,186.53,387.84,1,-1,-1,-1
704,85,1426.20,396.05,290.20,470.28,1,-1,-1,-1
704,86,724.71,448.27,240.97,407.42,1,-1,-1,-1
704,87,487.47,579.28,154.17,264.80,1,-1,-1,-1
704,88,289.17,441.52,233.29,410.04,1,-1,-1,-1
704,89,131.47,445.31,242.09,389.21,1,-1,-1,-1
704,90,957.50,491.90,188.87,361.36,1,-1,-1,-1
704,91,1109.97,424.17,232.51,435.28,1,-1,-1,-1
704,92,171.27,467.15,212.13,379.85,1,-1,-1,-1
705,49,518.64,481.38,239.74,369.80,1,-1,-1,-1
705,55,1298.10,522.88,167.15,322.66,1,-1,-1,-1
705,57,623.52,499.24,196.44,343.45,1,-1,-1,-1
705,77,1383.10,493.67,166.01,342.05,1,-1,-1,-1
705,79,84.94,457.19,296.86,388.85,1,-1,-1,-1
705,80,1102.38,525.79,154.38,314.75,1,-1,-1,-1
705,81,1501.16,448.89,296.47,403.88,1,-1,-1,-1
705,82,1389.40,404.03,297.23,456.61,1,-1,-1,-1
705,83,1600.49,479.19,241.97,373.69,1,-1,-1,-1
705,84,737.90,491.03,194.10,371.14,1,-1,-1,-1
705,85,1413.32,418.27,302.94,444.05,1,-1,-1,-1
705,86,724.71,448.27,240.97,407.42,1,-1,-1,-1
705,87,487.79,589.03,153.92,256.38,1,-1,-1,-1
705,88,295.69,461.91,227.22,396.10,1,-1,-1,-1
705,89,131.47,445.31,242.09,389.21,1,-1,-1,-1
705,90,962.26,500.20,183.81,351.79,1,-1,-1,-1
705,91,1108.11,443.15,230.08,417.38,1,-1,-1,-1
705,92,168.11,489.52,212.43,357.88,1,-1,-1,-1
706,49,518.64,481.38,239.74,369.80,1,-1,-1,-1
706,55,1299.72,541.76,168.58,307.60,1,-1,-1,-1
706,57,621.53,518.41,207.09,324.11,1,-1,-1,-1
706,77,1381.92,506.80,170.04,340.45,1,-1,-1,-1
706,79,84.94,457.19,296.86,388.85,1,-1,-1,-1
706,80,1097.63,518.13,161.12,327.05,1,-1,-1,-1
706,81,1501.16,448.89,296.47,403.88,1,-1,-1,-1
706,82,1389.40,404.03,297.23,456.61,1,-1,-1,-1
706,83,1591.53,497.30,251.52,358.87,1,-1,-1,-1
706,84,754.78,509.68,184.75,351.62,1,-1,-1,-1
706,85,1410.63,441.14,311.68,417.98,1,-1,-1,-1
706,86,724.71,448.27,240.97,407.42,1,-1,-1,-1
706,87,492.35,605.30,154.05,240.12,1,-1,-1,-1
706,88,286.80,484.64,235.95,377.56,1,-1,-1,-1
706,89,131.47,445.31,242.09,389.21,1,-1,-1,-1
706,90,965.47,523.51,184.13,327.72,1,-1,-1,-1
706,91,1108.00,458.41,229.20,405.38,1,-1,-1,-1
706,92,168.15,519.61,191.59,327.76,1,-1,-1,-1
707,49,518.64,481.38,239.74,369.80,1,-1,-1,-1
707,55,1289.58,562.62,179.28,284.59,1,-1,-1,-1
707,57,622.55,540.78,180.61,310.60,1,-1,-1,-1
707,77,1378.25,531.33,168.98,318.58,1,-1,-1,-1
707,79,84.94,457.19,296.86,388.85,1,-1,-1,-1
707,80,1097.63,518.13,161.12,327.05,1,-1,-1,-1
707,82,1389.40,404.03,297.23,456.61,1,-1,-1,-1
707,83,1582.40,522.46,256.84,336.68,1,-1,-1,-1
707,84,732.79,523.20,208.59,339.28,1,-1,-1,-1
707,85,1407.67,472.25,319.76,387.77,1,-1,-1,-1
707,86,724.71,448.27,240.97,407.42,1,-1,-1,-1
707,87,490.42,617.41,157.26,229.42,1,-1,-1,-1
707,88,280.48,512.22,242.68,351.47,1,-1,-1,-1
707,89,131.47,445.31,242.09,389.21,1,-1,-1,-1
707,90,960.48,553.70,185.73,297.83,1,-1,-1,-1
707,91,1104.51,477.62,221.50,384.97,1,-1,-1,-1
707,92,165.85,552.07,187.18,297.32,1,-1,-1,-1
708,55,1379.16,551.19,331.80,308.38,1,-1,-1,-1
708,57,618.72,586.12,165.61,264.93,1,-1,-1,-1
708,77,1359.74,581.92,189.08,266.86,1,-1,-1,-1
708,79,84.94,457.19,296.86,388.85,1,-1,-1,-1
708,80,1104.69,522.23,205.23,338.55,1,-1,-1,-1
708,82,1389.40,404.03,297.23,456.61,1,-1,-1,-1
708,83,1590.42,574.75,235.37,283.71,1,-1,-1,-1
708,84,725.51,554.25,217.28,305.92,1,-1,-1,-1
708,85,1437.87,538.63,307.42,323.62,1,-1,-1,-1
708,86,724.71,448.27,240.97,407.42,1,-1,-1,-1
708,87,467.19,652.16,181.97,192.92,1,-1,-1,-1
708,88,261.02,581.32,257.33,283.68,1,-1,-1,-1
708,89,131.47,445.31,242.09,389.21,1,-1,-1,-1
708,90,939.36,611.10,197.30,238.42,1,-1,-1,-1
708,91,1253.17,588.18,234.50,263.69,1,-1,-1,-1
708,92,168.07,595.48,227.74,250.83,1,-1,-1,-1
709,55,1454.86,579.00,287.81,280.09,1,-1,-1,-1
709,57,589.97,613.45,190.58,232.20,1,-1,-1,-1
709,77,1352.16,613.57,208.90,230.12,1,-1,-1,-1
709,79,84.94,457.19,296.86,388.85,1,-1,-1,-1
709,80,1066.52,550.57,202.85,303.14,1,-1,-1,-1
709,82,1389.40,404.03,297.23,456.61,1,-1,-1,-1
709,83,1601.45,606.93,214.48,253.52,1,-1,-1,-1
709,84,680.73,575.01,259.21,285.06,1,-1,-1,-1
709,85,1267.25,614.49,259.55,235.83,1,-1,-1,-1
709,86,724.71,448.27,240.97,407.42,1,-1,-1,-1
709,87,458.10,670.46,196.50,176.05,1,-1,-1,-1
709,88,248.88,613.84,262.75,250.66,1,-1,-1,-1
709,89,131.47,445.31,242.09,389.21,1,-1,-1,-1
709,90,931.03,631.40,216.83,221.81,1,-1,-1,-1
709,91,1124.04,555.11,205.85,305.35,1,-1,-1,-1
709,92,165.16,616.15,233.94,233.49,1,-1,-1,-1
710,55,1456.62,610.44,271.20,254.35,1,-1,-1,-1
710,57,566.88,635.71,218.81,211.00,1,-1,-1,-1
710,77,1346.66,639.21,241.12,210.59,1,-1,-1,-1
710,79,159.27,610.18,245.53,245.21,1,-1,-1,-1
710,80,1078.52,577.58,221.50,280.57,1,-1,-1,-1
710,82,1389.40,404.03,297.23,456.61,1,-1,-1,-1
710,83,1574.62,621.16,225.88,238.27,1,-1,-1,-1
710,84,705.16,592.57,231.23,263.89,1,-1,-1,-1
710,85,1230.31,637.42,279.43,217.00,1,-1,-1,-1
710,86,724.71,448.27,240.97,407.42,1,-1,-1,-1
710,87,448.70,690.59,210.72,158.45,1,-1,-1,-1
710,88,216.20,635.09,283.73,229.33,1,-1,-1,-1
710,89,131.47,445.31,242.09,389.21,1,-1,-1,-1
710,90,927.64,651.53,239.38,198.20,1,-1,-1,-1
710,91,1124.04,555.11,205.85,305.35,1,-1,-1,-1
710,92,199.00,635.37,251.26,224.25,1,-1,-1,-1
711,55,1441.68,634.00,287.66,231.69,1,-1,-1,-1
711,57,563.88,656.94,217.23,194.49,1,-1,-1,-1
711,77,1240.69,658.43,286.83,198.87,1,-1,-1,-1
711,79,160.26,629.50,255.61,228.64,1,-1,-1,-1
711,80,1067.11,598.77,228.67,260.57,1,-1,-1,-1
711,82,1389.40,404.03,297.23,456.61,1,-1,-1,-1
711,83,1557.16,630.18,235.20,224.62,1,-1,-1,-1
711,84,683.15,603.77,248.25,254.76,1,-1,-1,-1
711,85,1230.31,637.42,279.43,217.00,1,-1,-1,-1
711,86,724.71,448.27,240.97,407.42,1,-1,-1,-1
711,87,443.09,701.07,201.77,147.69,1,-1,-1,-1
711,88,216.20,635.09,283.73,229.33,1,-1,-1,-1
711,89,131.47,445.31,242.09,389.21,1,-1,-1,-1
711,90,925.90,657.17,233.34,192.55,1,-1,-1,-1
711,91,1124.04,555.11,205.85,305.35,1,-1,-1,-1
711,92,199.00,635.37,251.26,224.25,1,-1,-1,-1
712,55,1412.48,639.70,320.22,228.05,1,-1,-1,-1
712,57,572.74,672.38,205.17,183.02,1,-1,-1,-1
712,77,1234.87,674.30,277.55,179.32,1,-1,-1,-1
712,79,159.10,632.06,251.97,226.44,1,-1,-1,-1
712,80,1063.80,625.58,226.89,234.97,1,-1,-1,-1
712,82,1389.40,404.03,297.23,456.61,1,-1,-1,-1
712,83,1538.96,628.82,255.06,226.53,1,-1,-1,-1
712,84,675.40,613.75,251.08,243.74,1,-1,-1,-1
712,85,1230.31,637.42,279.43,217.00,1,-1,-1,-1
712,86,724.71,448.27,240.97,407.42,1,-1,-1,-1
712,87,436.26,698.24,192.19,152.44,1,-1,-1,-1
712,88,216.20,635.09,283.73,229.33,1,-1,-1,-1
712,89,131.47,445.31,242.09,389.21,1,-1,-1,-1
712,90,920.43,661.07,220.16,191.43,1,-1,-1,-1
712,91,1124.04,555.11,205.85,305.35,1,-1,-1,-1
712,92,199.00,635.37,251.26,224.25,1,-1,-1,-1
712,93,213.37,646.03,269.39,222.00,1,-1,-1,-1
713,55,1413.58,647.28,300.93,221.04,1,-1,-1,-1
713,57,683.49,635.40,205.03,222.23,1,-1,-1,-1
713,77,1327.18,691.71,183.83,169.23,1,-1,-1,-1
713,79,139.39,632.82,240.04,225.68,1,-1,-1,-1
713,80,1043.39,633.08,224.63,235.95,1,-1,-1,-1
713,82,1389.40,404.03,297.23,456.61,1,-1,-1,-1
713,83,1556.55,635.09,230.94,222.44,1,-1,-1,-1
713,84,668.70,624.33,229.20,234.84,1,-1,-1,-1
713,85,935.25,665.89,219.59,189.77,1,-1,-1,-1
713,86,724.71,448.27,240.97,407.42,1,-1,-1,-1
713,87,543.19,692.88,186.21,161.11,1,-1,-1,-1
713,88,216.20,635.09,283.73,229.33,1,-1,-1,-1
713,89,131.47,445.31,242.09,389.21,1,-1,-1,-1
713,90,906.36,665.46,219.44,187.67,1,-1,-1,-1
713,91,1211.39,663.59,217.05,193.10,1,-1,-1,-1
713,92,399.08,688.24,187.61,161.02,1,-1,-1,-1
713,93,195.29,637.68,259.48,231.86,1,-1,-1,-1
714,55,1421.01,645.57,292.00,225.46,1,-1,-1,-1
714,57,683.49,635.40,205.03,222.23,1,-1,-1,-1
714,77,1325.54,692.34,191.01,169.00,1,-1,-1,-1
714,79,129.28,634.17,246.42,224.67,1,-1,-1,-1
714,80,1038.97,636.02,221.43,235.24,1,-1,-1,-1
714,82,1389.40,404.03,297.23,456.61,1,-1,-1,-1
714,83,1551.29,637.23,231.29,222.72,1,-1,-1,-1
714,84,660.10,624.54,222.50,239.93,1,-1,-1,-1
714,85,935.25,665.89,219.59,189.77,1,-1,-1,-1
714,86,724.71,448.27,240.97,407.42,1,-1,-1,-1
714,87,542.66,692.80,190.52,162.87,1,-1,-1,-1
714,88,143.92,634.75,274.66,225.37,1,-1,-1,-1
714,89,131.47,445.31,242.09,389.21,1,-1,-1,-1
714,90,901.38,667.94,206.83,189.60,1,-1,-1,-1
714,91,1213.63,668.64,213.85,184.27,1,-1,-1,-1
714,92,406.78,689.36,189.49,160.26,1,-1,-1,-1
714,93,157.43,639.50,285.18,226.81,1,-1,-1,-1
715,55,1416.93,651.10,277.38,219.72,1,-1,-1,-1
715,57,683.49,635.40,205.03,222.23,1,-1,-1,-1
715,77,1319.82,684.94,207.40,173.90,1,-1,-1,-1
715,79,129.28,634.17,246.42,224.67,1,-1,-1,-1
715,80,1035.80,637.23,220.22,235.35,1,-1,-1,-1
715,82,1389.40,404.03,297.23,456.61,1,-1,-1,-1
715,83,1553.24,635.95,226.99,222.71,1,-1,-1,-1
715,84,660.85,620.92,220.83,245.48,1,-1,-1,-1
715,85,935.25,665.89,219.59,189.77,1,-1,-1,-1
715,86,724.71,448.27,240.97,407.42,1,-1,-1,-1
715,87,543.01,685.89,181.84,171.31,1,-1,-1,-1
715,88,118.67,629.97,246.54,231.61,1,-1,-1,-1
715,89,131.47,445.31,242.09,389.21,1,-1,-1,-1
715,90,893.33,665.77,200.60,191.59,1,-1,-1,-1
715,91,1208.08,668.58,233.09,186.22,1,-1,-1,-1
715,92,415.90,688.25,172.28,161.35,1,-1,-1,-1
715,93,146.61,638.37,291.08,230.22,1,-1,-1,-1
716,55,1414.36,648.87,271.57,223.04,1,-1,-1,-1
716,57,683.49,635.40,205.03,222.23,1,-1,-1,-1
716,77,1303.66,678.79,230.30,174.18,1,-1,-1,-1
716,79,129.28,634.17,246.42,224.67,1,-1,-1,-1
716,80,1023.88,642.28,226.74,229.60,1,-1,-1,-1
716,82,1389.40,404.03,297.23,456.61,1,-1,-1,-1
716,83,1550.74,634.41,223.61,224.11,1,-1,-1,-1
716,84,673.76,619.02,201.19,248.20,1,-1,-1,-1
716,85,663.28,636.25,170.05,224.83,1,-1,-1,-1
716,86,724.71,448.27,240.97,407.42,1,-1,-1,-1
716,87,537.04,683.05,186.27,175.79,1,-1,-1,-1
716,88,110.80,626.05,242.76,236.70,1,-1,-1,-1
716,89,131.47,445.31,242.09,389.21,1,-1,-1,-1
716,90,890.19,667.19,196.11,190.35,1,-1,-1,-1
716,91,1205.66,669.16,221.98,187.09,1,-1,-1,-1
716,92,413.33,688.17,164.02,162.86,1,-1,-1,-1
716,93,136.85,635.26,296.41,234.48,1,-1,-1,-1
717,55,1413.86,645.06,263.28,228.25,1,-1,-1,-1
717,57,854.31,661.30,209.13,198.31,1,-1,-1,-1
717,77,1303.66,678.79,230.30,174.18,1,-1,-1,-1
717,79,129.28,634.17,246.42,224.67,1,-1,-1,-1
717,80,1032.51,634.29,217.92,237.11,1,-1,-1,-1
717,82,1389.40,404.03,297.23,456.61,1,-1,-1,-1
717,83,1544.07,634.49,225.50,225.59,1,-1,-1,-1
717,84,680.96,618.75,216.92,242.97,1,-1,-1,-1
717,85,632.68,634.23,179.11,230.91,1,-1,-1,-1
717,86,724.71,448.27,240.97,407.42,1,-1,-1,-1
717,87,541.17,678.63,171.82,181.96,1,-1,-1,-1
717,88,97.09,626.26,238.26,237.86,1,-1,-1,-1
717,89,131.47,445.31,242.09,389.21,1,-1,-1,-1
717,90,890.19,667.19,196.11,190.35,1,-1,-1,-1
717,91,1195.19,670.59,230.37,188.94,1,-1,-1,-1
717,92,412.11,689.80,160.76,163.22,1,-1,-1,-1
717,93,125.88,634.94,307.82,232.90,1,-1,-1,-1
718,55,1410.26,627.92,267.78,246.47,1,-1,-1,-1
718,57,854.31,661.30,209.13,198.31,1,-1,-1,-1
718,77,1303.66,678.79,230.30,174.18,1,-1,-1,-1
718,79,129.28,634.17,246.42,224.67,1,-1,-1,-1
718,80,1033.28,644.90,210.94,227.07,1,-1,-1,-1
718,82,1389.40,404.03,297.23,456.61,1,-1,-1,-1
718,83,1507.64,634.41,247.60,228.10,1,-1,-1,-1
718,84,647.07,629.15,216.10,233.82,1,-1,-1,-1
718,85,619.39,639.22,194.53,222.65,1,-1,-1,-1
718,86,724.71,448.27,240.97,407.42,1,-1,-1,-1
718,87,533.77,670.15,168.77,191.31,1,-1,-1,-1
718,88,85.21,626.33,229.90,244.46,1,-1,-1,-1
718,89,131.47,445.31,242.09,389.21,1,-1,-1,-1
718,90,708.58,648.72,237.99,217.90,1,-1,-1,-1
718,91,1202.51,667.45,223.33,191.66,1,-1,-1,-1
718,92,407.77,690.76,169.44,165.93,1,-1,-1,-1
718,93,132.42,627.52,310.84,244.64,1,-1,-1,-1
719,55,1404.01,617.29,282.76,258.57,1,-1,-1,-1
719,57,876.23,650.20,209.13,212.15,1,-1,-1,-1
719,77,1303.66,678.79,230.30,174.18,1,-1,-1,-1
719,79,129.28,634.17,246.42,224.67,1,-1,-1,-1
719,80,1022.93,642.08,227.17,234.37,1,-1,-1,-1
719,82,1389.40,404.03,297.23,456.61,1,-1,-1,-1
719,83,1491.94,634.25,260.17,230.94,1,-1,-1,-1
719,84,634.22,639.58,221.72,228.99,1,-1,-1,-1
719,85,611.15,642.17,210.40,225.89,1,-1,-1,-1
719,86,724.71,448.27,240.97,407.42,1,-1,-1,-1
719,87,529.45,657.38,176.68,205.07,1,-1,-1,-1
719,88,85.21,626.33,229.90,244.46,1,-1,-1,-1
719,89,131.47,445.31,242.09,389.21,1,-1,-1,-1
719,90,696.37,649.84,231.86,219.77,1,-1,-1,-1
719,91,1225.18,664.70,232.59,193.27,1,-1,-1,-1
719,92,393.47,689.52,183.40,171.74,1,-1,-1,-1
719,93,95.82,607.23,342.29,268.81,1,-1,-1,-1
720,55,1407.15,608.91,268.97,266.02,1,-1,-1,-1
720,57,874.64,648.74,221.66,214.20,1,-1,-1,-1
720,77,1303.66,678.79,230.30,174.18,1,-1,-1,-1
720,79,129.28,634.17,246.42,224.67,1,-1,-1,-1
720,80,1013.61,638.73,236.22,238.82,1,-1,-1,-1
720,82,1389.40,404.03,297.23,456.61,1,-1,-1,-1
720,83,1510.70,637.80,239.76,228.15,1,-1,-1,-1
720,84,632.31,646.16,224.43,223.63,1,-1,-1,-1
720,85,600.09,641.91,222.56,226.14,1,-1,-1,-1
720,86,724.71,448.27,240.97,407.42,1,-1,-1,-1
720,87,529.87,646.58,179.56,218.71,1,-1,-1,-1
720,88,85.21,626.33,229.90,244.46,1,-1,-1,-1
720,89,131.47,445.31,242.09,389.21,1,-1,-1,-1
720,90,689.21,658.14,236.15,211.86,1,-1,-1,-1
720,91,1216.69,665.71,230.04,192.85,1,-1,-1,-1
720,92,395.22,690.86,177.37,173.14,1,-1,-1,-1
720,93,94.84,604.54,368.09,272.45,1,-1,-1,-1
721,55,1408.85,603.46,284.54,270.47,1,-1,-1,-1
721,57,980.32,633.92,272.03,244.04,1,-1,-1,-1
721,77,1226.30,659.85,247.26,198.11,1,-1,-1,-1
721,79,129.28,634.17,246.42,224.67,1,-1,-1,-1
721,80,1137.23,664.79,227.90,200.56,1,-1,-1,-1
721,82,1389.40,404.03,297.23,456.61,1,-1,-1,-1
721,83,1501.99,627.46,254.90,238.52,1,-1,-1,-1
721,84,626.65,645.75,238.38,226.73,1,-1,-1,-1
721,85,600.09,641.91,222.56,226.14,1,-1,-1,-1
721,86,724.71,448.27,240.97,407.42,1,-1,-1,-1
721,87,515.93,641.16,218.56,224.19,1,-1,-1,-1
721,88,97.89,601.39,366.03,275.15,1,-1,-1,-1
721,89,131.47,445.31,242.09,389.21,1,-1,-1,-1
721,90,681.28,665.19,247.04,205.26,1,-1,-1,-1
721,91,1184.81,661.52,236.92,200.35,1,-1,-1,-1
721,92,389.18,689.77,208.78,174.19,1,-1,-1,-1
721,93,100.49,601.21,358.47,275.79,1,-1,-1,-1
721,94,861.90,636.29,231.02,233.08,1,-1,-1,-1
722,55,1404.44,603.41,297.89,273.06,1,-1,-1,-1
722,57,985.38,623.83,272.89,255.00,1,-1,-1,-1
722,77,1248.33,653.69,226.82,207.80,1,-1,-1,-1
722,79,129.28,634.17,246.42,224.67,1,-1,-1,-1
722,80,1144.36,662.86,227.05,204.58,1,-1,-1,-1
722,82,1389.40,404.03,297.23,456.61,1,-1,-1,-1
722,83,1493.68,621.36,276.29,246.90,1,-1,-1,-1
722,84,621.31,640.51,237.51,231.29,1,-1,-1,-1
722,85,608.34,637.70,231.60,229.60,1,-1,-1,-1
722,86,724.71,448.27,240.97,407.42,1,-1,-1,-1
722,87,504.31,635.41,224.75,232.01,1,-1,-1,-1
722,88,100.44,605.24,346.12,271.14,1,-1,-1,-1
722,89,131.47,445.31,242.09,389.21,1,-1,-1,-1
722,90,684.11,658.12,241.37,214.34,1,-1,-1,-1
722,91,1184.81,661.52,236.92,200.35,1,-1,-1,-1
722,92,383.54,682.93,202.07,179.82,1,-1,-1,-1
722,93,100.44,604.53,362.80,273.21,1,-1,-1,-1
722,94,860.82,646.41,240.30,226.32,1,-1,-1,-1
723,55,1400.23,607.09,292.99,271.09,1,-1,-1,-1
723,57,987.43,606.15,319.79,275.38,1,-1,-1,-1
723,77,1258.87,654.07,199.87,198.21,1,-1,-1,-1
723,79,129.28,634.17,246.42,224.67,1,-1,-1,-1
723,80,1171.10,670.91,239.08,188.30,1,-1,-1,-1
723,82,1389.40,404.03,297.23,456.61,1,-1,-1,-1
723,83,1499.01,624.57,313.46,253.62,1,-1,-1,-1
723,84,619.74,633.49,289.55,240.50,1,-1,-1,-1
723,85,608.34,637.70,231.60,229.60,1,-1,-1,-1
723,86,724.71,448.27,240.97,407.42,1,-1,-1,-1
723,87,503.33,626.96,231.39,240.00,1,-1,-1,-1
723,88,101.16,623.61,433.52,256.05,1,-1,-1,-1
723,89,131.47,445.31,242.09,389.21,1,-1,-1,-1
723,90,688.11,658.35,244.13,216.46,1,-1,-1,-1
723,91,1153.07,660.55,240.78,199.63,1,-1,-1,-1
723,92,388.80,683.54,214.53,176.98,1,-1,-1,-1
723,93,101.07,616.46,408.95,263.46,1,-1,-1,-1
723,94,849.81,635.56,230.21,235.52,1,-1,-1,-1
724,55,1405.13,609.30,318.64,270.58,1,-1,-1,-1
724,57,986.33,606.25,272.49,274.15,1,-1,-1,-1
724,77,1287.95,656.57,173.96,195.96,1,-1,-1,-1
724,79,129.28,634.17,246.42,224.67,1,-1,-1,-1
724,80,1167.98,672.01,262.81,195.97,1,-1,-1,-1
724,82,1389.40,404.03,297.23,456.61,1,-1,-1,-1
724,83,1509.04,623.68,296.41,254.39,1,-1,-1,-1
724,84,649.50,641.83,278.64,232.78,1,-1,-1,-1
724,85,612.71,629.49,206.45,237.17,1,-1,-1,-1
724,86,724.71,448.27,240.97,407.42,1,-1,-1,-1
724,87,505.25,628.94,234.20,237.33,1,-1,-1,-1
724,88,97.86,627.71,433.93,252.31,1,-1,-1,-1
724,89,131.47,445.31,242.09,389.21,1,-1,-1,-1
724,90,688.11,658.35,244.13,216.46,1,-1,-1,-1
724,91,1153.07,660.55,240.78,199.63,1,-1,-1,-1
724,92,400.12,685.47,192.31,177.47,1,-1,-1,-1
724,93,98.35,623.84,403.09,257.63,1,-1,-1,-1
724,94,854.67,643.29,240.83,230.54,1,-1,-1,-1
725,55,1404.03,609.15,340.24,270.48,1,-1,-1,-1
725,57,989.53,604.85,281.98,274.91,1,-1,-1,-1
725,77,1288.90,657.95,180.22,205.99,1,-1,-1,-1
725,79,129.28,634.17,246.42,224.67,1,-1,-1,-1
725,80,1150.52,663.58,295.46,212.25,1,-1,-1,-1
725,83,1521.97,637.49,316.22,241.84,1,-1,-1,-1
725,84,658.76,642.02,287.51,234.64,1,-1,-1,-1
725,85,612.71,629.49,206.45,237.17,1,-1,-1,-1
725,86,724.71,448.27,240.97,407.42,1,-1,-1,-1
725,87,502.07,628.34,243.08,240.97,1,-1,-1,-1
725,88,97.86,627.71,433.93,252.31,1,-1,-1,-1
725,89,131.47,445.31,242.09,389.21,1,-1,-1,-1
725,90,688.11,658.35,244.13,216.46,1,-1,-1,-1
725,91,1153.07,660.55,240.78,199.63,1,-1,-1,-1
725,92,400.83,687.80,245.87,178.51,1,-1,-1,-1
725,93,91.63,629.71,305.31,254.15,1,-1,-1,-1
725,94,848.40,635.55,229.90,232.25,1,-1,-1,-1
726,55,1403.99,609.88,350.16,272.36,1,-1,-1,-1
726,57,996.76,615.66,394.69,265.41,1,-1,-1,-1
726,77,1312.75,653.23,187.28,211.43,1,-1,-1,-1
726,79,129.28,634.17,246.42,224.67,1,-1,-1,-1
726,80,1163.00,659.72,299.93,214.54,1,-1,-1,-1
726,83,1533.29,644.99,308.14,231.25,1,-1,-1,-1
726,84,645.83,641.52,287.97,235.14,1,-1,-1,-1
726,85,592.99,628.13,230.47,240.44,1,-1,-1,-1
726,86,724.71,448.27,240.97,407.42,1,-1,-1,-1
726,87,505.99,625.13,233.47,245.64,1,-1,-1,-1
726,88,69.05,637.75,285.27,242.58,1,-1,-1,-1
726,89,131.47,445.31,242.09,389.21,1,-1,-1,-1
726,90,688.11,658.35,244.13,216.46,1,-1,-1,-1
726,91,1153.07,660.55,240.78,199.63,1,-1,-1,-1
726,92,356.61,693.21,230.62,170.43,1,-1,-1,-1
726,93,10.63,640.24,321.10,236.98,1,-1,-1,-1
726,94,854.04,642.39,225.53,226.83,1,-1,-1,-1
727,55,1409.77,618.57,365.74,261.64,1,-1,-1,-1
727,57,1122.92,645.33,312.07,229.97,1,-1,-1,-1
727,77,1319.41,655.94,199.99,210.49,1,-1,-1,-1
727,79,129.28,634.17,246.42,224.67,1,-1,-1,-1
727,80,1378.16,615.57,292.12,261.57,1,-1,-1,-1
727,83,1538.13,654.67,299.50,220.01,1,-1,-1,-1
727,84,641.92,638.01,293.95,236.54,1,-1,-1,-1
727,85,615.86,626.50,210.11,238.47,1,-1,-1,-1
727,86,724.71,448.27,240.97,407.42,1,-1,-1,-1
727,87,505.99,625.13,233.47,245.64,1,-1,-1,-1
727,88,65.31,642.67,240.58,234.67,1,-1,-1,-1
727,89,131.47,445.31,242.09,389.21,1,-1,-1,-1
727,90,688.11,658.35,244.13,216.46,1,-1,-1,-1
727,91,1153.07,660.55,240.78,199.63,1,-1,-1,-1
727,92,316.06,696.16,262.47,169.97,1,-1,-1,-1
727,93,10.63,640.24,321.10,236.98,1,-1,-1,-1
727,94,856.33,642.83,211.27,226.35,1,-1,-1,-1
728,55,1411.41,617.12,339.36,266.07,1,-1,-1,-1
728,57,1167.26,658.63,283.91,212.70,1,-1,-1,-1
728,77,1308.83,661.14,203.90,206.46,1,-1,-1,-1
728,79,129.28,634.17,246.42,224.67,1,-1,-1,-1
728,80,1378.16,615.57,292.12,261.57,1,-1,-1,-1
728,83,1529.13,652.44,324.84,218.97,1,-1,-1,-1
728,84,648.38,634.25,286.80,239.91,1,-1,-1,-1
728,85,626.95,600.32,171.31,267.30,1,-1,-1,-1
728,86,724.71,448.27,240.97,407.42,1,-1,-1,-1
728,87,347.43,641.05,365.72,227.40,1,-1,-1,-1
728,88,6.53,649.12,320.79,228.60,1,-1,-1,-1
728,89,131.47,445.31,242.09,389.21,1,-1,-1,-1
728,90,860.16,619.30,431.19,266.30,1,-1,-1,-1
728,91,1159.84,659.96,232.95,213.26,1,-1,-1,-1
728,92,316.06,696.16,262.47,169.97,1,-1,-1,-1
728,93,3.02,654.02,357.58,224.41,1,-1,-1,-1
728,94,859.16,654.34,205.70,219.15,1,-1,-1,-1
729,55,1417.12,615.44,341.86,268.02,1,-1,-1,-1
729,57,1166.41,666.41,285.37,206.89,1,-1,-1,-1
729,77,1315.73,665.51,216.40,204.28,1,-1,-1,-1
729,79,129.28,634.17,246.42,224.67,1,-1,-1,-1
729,80,1428.40,633.25,397.33,241.21,1,-1,-1,-1
729,83,1526.12,648.92,324.57,222.81,1,-1,-1,-1
729,84,631.88,607.34,298.31,267.43,1,-1,-1,-1
729,85,626.95,600.32,171.31,267.30,1,-1,-1,-1
729,87,489.82,643.54,235.24,226.41,1,-1,-1,-1
729,88,0.65,649.34,336.83,229.42,1,-1,-1,-1
729,89,131.47,445.31,242.09,389.21,1,-1,-1,-1
729,90,961.28,604.36,351.86,279.22,1,-1,-1,-1
729,91,929.36,614.85,397.44,265.72,1,-1,-1,-1
729,92,302.79,699.76,342.97,169.74,1,-1,-1,-1
729,93,3.02,654.02,357.58,224.41,1,-1,-1,-1
729,94,868.07,666.39,233.68,205.94,1,-1,-1,-1
730,55,1414.51,609.33,350.57,274.63,1,-1,-1,-1
730,57,1263.78,668.67,219.67,202.15,1,-1,-1,-1
730,77,1406.07,618.89,364.14,262.82,1,-1,-1,-1
730,79,129.28,634.17,246.42,224.67,1,-1,-1,-1
730,80,1541.65,656.92,309.18,215.71,1,-1,-1,-1
730,83,1440.33,633.59,407.91,239.06,1,-1,-1,-1
730,84,624.55,619.70,309.16,255.48,1,-1,-1,-1
730,85,614.09,588.54,191.04,272.80,1,-1,-1,-1
730,87,536.12,649.35,200.81,226.09,1,-1,-1,-1
730,88,0.07,649.12,384.98,230.06,1,-1,-1,-1
730,90,1133.77,663.62,221.74,213.55,1,-1,-1,-1
730,91,974.19,602.95,342.79,280.93,1,-1,-1,-1
730,92,301.72,699.15,364.23,170.09,1,-1,-1,-1
730,93,3.02,654.02,357.58,224.41,1,-1,-1,-1
730,94,853.95,668.15,235.44,205.31,1,-1,-1,-1
731,55,1417.06,603.15,338.75,279.87,1,-1,-1,-1
731,57,1262.31,672.04,218.07,201.55,1,-1,-1,-1
731,77,1406.07,618.89,364.14,262.82,1,-1,-1,-1
731,79,129.28,634.17,246.42,224.67,1,-1,-1,-1
731,80,1585.97,657.23,264.90,215.00,1,-1,-1,-1
731,83,1440.33,633.59,407.91,239.06,1,-1,-1,-1
731,84,628.04,620.69,302.49,253.38,1,-1,-1,-1
731,85,622.87,589.57,167.62,274.58,1,-1,-1,-1
731,87,549.77,654.34,211.91,219.94,1,-1,-1,-1
731,88,0.01,648.95,343.32,229.52,1,-1,-1,-1
731,90,1174.97,669.93,271.37,206.77,1,-1,-1,-1
731,91,910.94,609.81,408.05,273.27,1,-1,-1,-1
731,92,319.84,700.19,335.34,170.77,1,-1,-1,-1
731,93,3.02,654.02,357.58,224.41,1,-1,-1,-1
731,94,850.21,667.59,228.64,206.25,1,-1,-1,-1
732,55,1419.39,594.32,266.74,286.14,1,-1,-1,-1
732,57,1310.10,672.62,212.75,201.64,1,-1,-1,-1
732,77,1406.07,618.89,364.14,262.82,1,-1,-1,-1
732,79,129.28,634.17,246.42,224.67,1,-1,-1,-1
732,80,1585.97,657.23,264.90,215.00,1,-1,-1,-1
732,83,1532.89,625.69,232.52,251.88,1,-1,-1,-1
732,84,626.49,605.34,315.15,270.08,1,-1,-1,-1
732,85,622.87,589.57,167.62,274.58,1,-1,-1,-1
732,87,554.36,654.91,213.27,217.84,1,-1,-1,-1
732,88,0.00,653.33,297.91,227.46,1,-1,-1,-1
732,90,1179.78,668.32,277.86,208.66,1,-1,-1,-1
732,91,910.94,609.81,408.05,273.27,1,-1,-1,-1
732,92,325.97,700.31,330.93,172.34,1,-1,-1,-1
732,93,101.18,641.77,272.16,236.83,1,-1,-1,-1
732,94,851.46,664.41,246.15,207.38,1,-1,-1,-1
733,55,1407.32,581.59,281.77,295.10,1,-1,-1,-1
733,57,1431.29,549.80,163.73,302.89,1,-1,-1,-1
733,77,1406.07,618.89,364.14,262.82,1,-1,-1,-1
733,79,129.28,634.17,246.42,224.67,1,-1,-1,-1
733,80,1591.88,663.53,279.43,210.75,1,-1,-1,-1
733,83,1457.92,616.42,399.42,255.69,1,-1,-1,-1
733,84,563.27,607.64,287.77,273.41,1,-1,-1,-1
733,85,622.87,589.57,167.62,274.58,1,-1,-1,-1
733,87,542.98,655.04,224.12,223.83,1,-1,-1,-1
733,88,0.00,660.71,285.53,219.88,1,-1,-1,-1
733,90,1168.72,668.61,289.78,208.88,1,-1,-1,-1
733,91,910.94,609.81,408.05,273.27,1,-1,-1,-1
733,92,322.94,695.29,310.03,177.68,1,-1,-1,-1
733,93,101.18,641.77,272.16,236.83,1,-1,-1,-1
733,94,861.58,651.08,254.15,223.41,1,-1,-1,-1
733,95,1035.60,601.91,328.42,285.38,1,-1,-1,-1
734,55,1409.44,585.98,334.50,290.16,1,-1,-1,-1
734,57,1431.29,549.80,163.73,302.89,1,-1,-1,-1
734,77,1406.07,618.89,364.14,262.82,1,-1,-1,-1
734,79,129.28,634.17,246.42,224.67,1,-1,-1,-1
734,80,1591.88,663.53,279.43,210.75,1,-1,-1,-1
734,83,1444.64,604.77,458.56,261.49,1,-1,-1,-1
734,84,617.13,614.72,224.50,262.62,1,-1,-1,-1
734,85,622.87,589.57,167.62,274.58,1,-1,-1,-1
734,87,547.20,644.28,281.36,238.34,1,-1,-1,-1
734,88,0.05,651.17,294.44,228.50,1,-1,-1,-1
734,90,1168.72,668.61,289.78,208.88,1,-1,-1,-1
734,91,1020.73,598.26,228.10,282.05,1,-1,-1,-1
734,92,310.24,695.97,327.72,176.11,1,-1,-1,-1
734,93,101.18,641.77,272.16,236.83,1,-1,-1,-1
734,94,864.91,640.78,266.68,234.27,1,-1,-1,-1
734,95,1050.42,651.43,299.76,234.69,1,-1,-1,-1
735,55,1425.96,589.59,470.99,279.49,1,-1,-1,-1
735,57,1431.29,549.80,163.73,302.89,1,-1,-1,-1
735,77,1406.07,618.89,364.14,262.82,1,-1,-1,-1
735,79,129.28,634.17,246.42,224.67,1,-1,-1,-1
735,80,1591.88,663.53,279.43,210.75,1,-1,-1,-1
735,83,1484.37,601.31,430.59,259.77,1,-1,-1,-1
735,84,617.13,614.72,224.50,262.62,1,-1,-1,-1
735,85,622.87,589.57,167.62,274.58,1,-1,-1,-1
735,87,543.61,632.98,294.48,249.06,1,-1,-1,-1
735,88,0.00,627.37,353.50,254.96,1,-1,-1,-1
735,90,1168.72,668.61,289.78,208.88,1,-1,-1,-1
735,91,1061.37,580.42,172.93,283.76,1,-1,-1,-1
735,92,302.28,686.32,356.37,186.77,1,-1,-1,-1
735,93,101.18,641.77,272.16,236.83,1,-1,-1,-1
735,94,855.38,632.77,279.01,238.68,1,-1,-1,-1
735,95,1042.16,643.84,335.61,242.05,1,-1,-1,-1
736,55,1393.98,586.67,465.91,288.45,1,-1,-1,-1
736,57,1431.29,549.80,163.73,302.89,1,-1,-1,-1
736,77,1406.07,618.89,364.14,262.82,1,-1,-1,-1
736,79,129.28,634.17,246.42,224.67,1,-1,-1,-1
736,80,1591.88,663.53,279.43,210.75,1,-1,-1,-1
736,83,1510.10,597.14,407.41,270.05,1,-1,-1,-1
736,84,617.13,614.72,224.50,262.62,1,-1,-1,-1
736,85,622.87,589.57,167.62,274.58,1,-1,-1,-1
736,87,543.53,635.08,296.56,246.71,1,-1,-1,-1
736,88,0.00,630.09,329.74,250.13,1,-1,-1,-1
736,90,1168.72,668.61,289.78,208.88,1,-1,-1,-1
736,91,1048.78,569.13,184.95,301.95,1,-1,-1,-1
736,92,294.85,677.21,362.17,196.67,1,-1,-1,-1
736,93,125.27,614.28,225.08,261.48,1,-1,-1,-1
736,94,861.48,629.00,272.36,242.79,1,-1,-1,-1
736,95,1042.16,643.84,335.61,242.05,1,-1,-1,-1
737,55,1398.39,589.48,424.62,295.33,1,-1,-1,-1
737,57,1431.29,549.80,163.73,302.89,1,-1,-1,-1
737,77,1406.07,618.89,364.14,262.82,1,-1,-1,-1
737,79,129.28,634.17,246.42,224.67,1,-1,-1,-1
737,80,1637.67,699.86,262.96,175.43,1,-1,-1,-1
737,83,1435.86,547.64,190.99,300.99,1,-1,-1,-1
737,84,645.59,619.86,198.18,257.00,1,-1,-1,-1
737,85,622.87,589.57,167.62,274.58,1,-1,-1,-1
737,87,543.74,640.54,301.84,241.87,1,-1,-1,-1
737,88,0.00,623.91,322.94,258.36,1,-1,-1,-1
737,90,1216.10,643.82,284.49,229.62,1,-1,-1,-1
737,91,1063.65,556.38,172.58,311.09,1,-1,-1,-1
737,92,288.12,656.47,348.68,215.73,1,-1,-1,-1
737,93,118.55,587.59,219.91,287.91,1,-1,-1,-1
737,94,852.80,627.51,278.45,246.02,1,-1,-1,-1
737,95,1046.26,631.84,344.19,255.33,1,-1,-1,-1
738,55,1400.39,586.96,413.91,298.16,1,-1,-1,-1
738,57,1431.29,549.80,163.73,302.89,1,-1,-1,-1
738,77,1406.07,618.89,364.14,262.82,1,-1,-1,-1
738,79,129.28,634.17,246.42,224.67,1,-1,-1,-1
738,80,1548.70,606.57,317.96,271.24,1,-1,-1,-1
738,83,1428.17,550.82,175.70,301.12,1,-1,-1,-1
738,84,645.59,619.86,198.18,257.00,1,-1,-1,-1
738,85,622.87,589.57,167.62,274.58,1,-1,-1,-1
738,87,550.10,643.88,307.41,238.45,1,-1,-1,-1
738,88,0.00,614.28,314.94,266.80,1,-1,-1,-1
738,90,1216.10,643.82,284.49,229.62,1,-1,-1,-1
738,91,1063.65,556.38,172.58,311.09,1,-1,-1,-1
738,92,323.83,652.82,340.66,219.11,1,-1,-1,-1
738,93,130.35,588.40,203.19,285.66,1,-1,-1,-1
738,94,836.48,625.22,276.30,246.81,1,-1,-1,-1
738,95,1037.67,632.17,330.21,255.66,1,-1,-1,-1
739,55,1416.70,576.96,416.21,308.29,1,-1,-1,-1
739,57,1431.29,549.80,163.73,302.89,1,-1,-1,-1
739,77,1406.07,618.89,364.14,262.82,1,-1,-1,-1
739,79,129.28,634.17,246.42,224.67,1,-1,-1,-1
739,80,1548.70,606.57,317.96,271.24,1,-1,-1,-1
739,83,1428.17,550.82,175.70,301.12,1,-1,-1,-1
739,84,360.08,642.85,384.42,229.66,1,-1,-1,-1
739,85,622.87,589.57,167.62,274.58,1,-1,-1,-1
739,87,548.34,629.33,305.30,253.03,1,-1,-1,-1
739,88,0.00,604.42,326.20,280.36,1,-1,-1,-1
739,90,1254.41,623.35,307.74,247.50,1,-1,-1,-1
739,91,1063.65,556.38,172.58,311.09,1,-1,-1,-1
739,92,320.33,657.18,365.17,217.54,1,-1,-1,-1
739,93,130.35,588.40,203.19,285.66,1,-1,-1,-1
739,94,833.07,627.88,283.26,244.08,1,-1,-1,-1
739,95,1038.62,631.10,335.59,258.07,1,-1,-1,-1
739,96,1050.66,564.47,183.72,307.16,1,-1,-1,-1
740,55,1416.29,577.60,405.50,308.70,1,-1,-1,-1
740,57,1431.29,549.80,163.73,302.89,1,-1,-1,-1
740,77,1406.07,618.89,364.14,262.82,1,-1,-1,-1
740,79,129.28,634.17,246.42,224.67,1,-1,-1,-1
740,80,1548.70,606.57,317.96,271.24,1,-1,-1,-1
740,83,1245.74,632.13,267.72,236.27,1,-1,-1,-1
740,84,360.08,642.85,384.42,229.66,1,-1,-1,-1
740,85,622.87,589.57,167.62,274.58,1,-1,-1,-1
740,87,560.63,620.51,290.17,261.88,1,-1,-1,-1
740,88,0.00,604.39,332.88,278.16,1,-1,-1,-1
740,90,1268.38,626.20,285.59,240.85,1,-1,-1,-1
740,91,1063.65,556.38,172.58,311.09,1,-1,-1,-1
740,92,322.97,664.69,317.15,205.86,1,-1,-1,-1
740,93,130.35,588.40,203.19,285.66,1,-1,-1,-1
740,94,844.63,627.09,260.91,242.43,1,-1,-1,-1
740,95,1039.19,636.90,332.13,250.53,1,-1,-1,-1
740,96,1065.64,560.37,166.78,305.21,1,-1,-1,-1
741,55,1517.65,597.04,343.11,283.10,1,-1,-1,-1
741,57,1431.29,549.80,163.73,302.89,1,-1,-1,-1
741,77,1406.07,618.89,364.14,262.82,1,-1,-1,-1
741,79,129.28,634.17,246.42,224.67,1,-1,-1,-1
741,80,1554.99,596.50,211.18,271.93,1,-1,-1,-1
741,83,1245.74,632.13,267.72,236.27,1,-1,-1,-1
741,84,360.08,642.85,384.42,229.66,1,-1,-1,-1
741,85,622.87,589.57,167.62,274.58,1,-1,-1,-1
741,87,565.94,590.65,291.56,290.33,1,-1,-1,-1
741,88,0.00,609.30,322.24,269.85,1,-1,-1,-1
741,90,1398.41,583.18,396.16,299.93,1,-1,-1,-1
741,91,1063.65,556.38,172.58,311.09,1,-1,-1,-1
741,92,328.93,642.51,307.36,226.54,1,-1,-1,-1
741,93,130.35,588.40,203.19,285.66,1,-1,-1,-1
741,94,851.01,627.25,264.60,242.71,1,-1,-1,-1
741,95,1044.60,631.27,324.63,258.97,1,-1,-1,-1
741,96,1047.94,563.78,189.01,309.18,1,-1,-1,-1
742,55,1517.65,597.04,343.11,283.10,1,-1,-1,-1
742,57,1431.29,549.80,163.73,302.89,1,-1,-1,-1
742,77,1406.07,618.89,364.14,262.82,1,-1,-1,-1
742,79,129.28,634.17,246.42,224.67,1,-1,-1,-1
742,80,1554.99,596.50,211.18,271.93,1,-1,-1,-1
742,83,1245.74,632.13,267.72,236.27,1,-1,-1,-1
742,84,360.08,642.85,384.42,229.66,1,-1,-1,-1
742,85,616.50,580.77,237.47,296.00,1,-1,-1,-1
742,87,567.84,587.25,292.23,294.06,1,-1,-1,-1
742,88,0.00,611.01,325.57,267.91,1,-1,-1,-1
742,90,1414.11,575.85,415.70,306.45,1,-1,-1,-1
742,91,1063.65,556.38,172.58,311.09,1,-1,-1,-1
742,92,343.17,658.38,306.79,214.26,1,-1,-1,-1
742,93,130.35,588.40,203.19,285.66,1,-1,-1,-1
742,94,855.52,624.73,265.76,242.66,1,-1,-1,-1
742,95,1051.12,627.67,319.06,260.19,1,-1,-1,-1
742,96,1047.94,563.78,189.01,309.18,1,-1,-1,-1
743,55,1437.10,582.06,394.10,298.26,1,-1,-1,-1
743,57,1431.29,549.80,163.73,302.89,1,-1,-1,-1
743,77,1406.07,618.89,364.14,262.82,1,-1,-1,-1
743,79,129.28,634.17,246.42,224.67,1,-1,-1,-1
743,80,1357.54,586.69,218.09,274.95,1,-1,-1,-1
743,83,1245.74,632.13,267.72,236.27,1,-1,-1,-1
743,84,360.08,642.85,384.42,229.66,1,-1,-1,-1
743,85,625.18,580.13,235.02,297.25,1,-1,-1,-1
743,87,564.61,617.24,295.72,265.79,1,-1,-1,-1
743,88,0.00,610.54,328.56,268.05,1,-1,-1,-1
743,90,1352.71,570.63,275.72,296.33,1,-1,-1,-1
743,91,1063.65,556.38,172.58,311.09,1,-1,-1,-1
743,92,365.13,671.95,288.54,200.79,1,-1,-1,-1
743,93,130.35,588.40,203.19,285.66,1,-1,-1,-1
743,94,869.51,623.39,260.02,246.41,1,-1,-1,-1
743,95,1052.57,626.31,321.53,261.04,1,-1,-1,-1
743,96,1046.20,566.30,221.20,312.51,1,-1,-1,-1
744,55,1423.71,570.00,376.87,303.49,1,-1,-1,-1
744,57,1431.29,549.80,163.73,302.89,1,-1,-1,-1
744,77,1406.07,618.89,364.14,262.82,1,-1,-1,-1
744,79,129.28,634.17,246.42,224.67,1,-1,-1,-1
744,80,1186.53,622.67,275.47,246.16,1,-1,-1,-1
744,83,1245.74,632.13,267.72,236.27,1,-1,-1,-1
744,84,360.08,642.85,384.42,229.66,1,-1,-1,-1
744,85,635.94,580.85,227.57,295.59,1,-1,-1,-1
744,87,546.13,658.84,313.02,222.49,1,-1,-1,-1
744,88,16.05,646.52,310.52,232.61,1,-1,-1,-1
744,90,1343.13,595.67,213.63,267.79,1,-1,-1,-1
744,91,1063.65,556.38,172.58,311.09,1,-1,-1,-1
744,92,454.90,667.21,299.32,208.97,1,-1,-1,-1
744,93,130.35,588.40,203.19,285.66,1,-1,-1,-1
744,94,877.01,627.16,268.35,241.34,1,-1,-1,-1
744,95,1061.42,619.13,333.11,271.71,1,-1,-1,-1
744,96,1046.31,576.76,212.24,295.28,1,-1,-1,-1
745,55,1429.44,577.87,378.64,301.65,1,-1,-1,-1
745,57,1431.29,549.80,163.73,302.89,1,-1,-1,-1
745,77,1406.07,618.89,364.14,262.82,1,-1,-1,-1
745,80,1085.62,620.63,284.40,259.94,1,-1,-1,-1
745,83,1245.74,632.13,267.72,236.27,1,-1,-1,-1
745,84,371.72,676.04,327.79,196.15,1,-1,-1,-1
745,85,653.92,585.22,209.88,289.96,1,-1,-1,-1
745,87,553.08,652.89,310.18,226.43,1,-1,-1,-1
745,88,27.09,654.67,299.27,224.19,1,-1,-1,-1
745,90,1343.69,609.30,214.99,255.28,1,-1,-1,-1
745,91,1063.65,556.38,172.58,311.09,1,-1,-1,-1
745,92,456.88,679.89,328.86,198.42,1,-1,-1,-1
745,93,130.35,588.40,203.19,285.66,1,-1,-1,-1
745,94,878.57,632.96,250.02,234.89,1,-1,-1,-1
745,95,1178.90,627.35,265.66,240.66,1,-1,-1,-1
745,96,1049.35,579.47,205.43,289.84,1,-1,-1,-1
746,55,1429.09,575.70,385.33,304.81,1,-1,-1,-1
746,57,1431.29,549.80,163.73,302.89,1,-1,-1,-1
746,77,1406.07,618.89,364.14,262.82,1,-1,-1,-1
746,80,1067.70,616.34,274.65,263.82,1,-1,-1,-1
746,83,1245.74,632.13,267.72,236.27,1,-1,-1,-1
746,84,381.23,682.36,278.59,186.00,1,-1,-1,-1
746,85,636.96,587.20,226.54,289.44,1,-1,-1,-1
746,87,570.94,703.75,289.47,177.38,1,-1,-1,-1
746,88,41.41,674.17,288.21,203.31,1,-1,-1,-1
746,90,1346.88,627.72,216.48,234.34,1,-1,-1,-1
746,91,1074.47,553.84,161.07,296.83,1,-1,-1,-1
746,92,471.13,671.44,293.77,202.78,1,-1,-1,-1
746,93,130.35,588.40,203.19,285.66,1,-1,-1,-1
746,94,882.93,635.16,261.70,233.05,1,-1,-1,-1
746,95,1215.82,628.56,247.25,235.48,1,-1,-1,-1
746,96,1050.21,589.07,196.83,280.21,1,-1,-1,-1
747,55,1426.55,573.62,378.77,305.63,1,-1,-1,-1
747,57,1431.29,549.80,163.73,302.89,1,-1,-1,-1
747,77,1406.07,618.89,364.14,262.82,1,-1,-1,-1
747,80,1067.70,616.34,274.65,263.82,1,-1,-1,-1
747,83,1245.74,632.13,267.72,236.27,1,-1,-1,-1
747,84,379.83,683.80,276.88,184.38,1,-1,-1,-1
747,85,639.32,586.43,224.77,289.88,1,-1,-1,-1
747,87,585.03,704.17,279.19,175.94,1,-1,-1,-1
747,88,36.53,624.91,306.23,254.84,1,-1,-1,-1
747,90,1350.41,631.23,204.83,231.02,1,-1,-1,-1
747,91,1062.99,570.91,266.04,306.34,1,-1,-1,-1
747,92,470.00,669.77,261.36,202.92,1,-1,-1,-1
747,93,130.35,588.40,203.19,285.66,1,-1,-1,-1
747,94,881.04,635.96,253.17,232.74,1,-1,-1,-1
747,95,1212.98,629.95,249.43,237.01,1,-1,-1,-1
747,96,1051.73,578.46,191.16,289.97,1,-1,-1,-1
747,97,1555.64,598.75,218.60,275.64,1,-1,-1,-1
748,55,1430.67,588.12,375.65,289.75,1,-1,-1,-1
748,57,1431.29,549.80,163.73,302.89,1,-1,-1,-1
748,77,1406.07,618.89,364.14,262.82,1,-1,-1,-1
748,80,1064.91,589.68,273.70,290.55,1,-1,-1,-1
748,83,1245.74,632.13,267.72,236.27,1,-1,-1,-1
748,84,385.75,684.36,281.75,185.63,1,-1,-1,-1
748,85,657.96,587.93,206.99,285.82,1,-1,-1,-1
748,87,585.60,700.21,279.17,180.96,1,-1,-1,-1
748,88,46.03,648.14,292.03,229.53,1,-1,-1,-1
748,90,1351.12,624.79,196.55,236.80,1,-1,-1,-1
748,91,1187.96,625.21,254.65,241.13,1,-1,-1,-1
748,92,547.21,635.96,209.74,230.16,1,-1,-1,-1
748,93,130.35,588.40,203.19,285.66,1,-1,-1,-1
748,94,882.17,637.17,248.20,231.95,1,-1,-1,-1
748,95,1212.96,630.58,245.70,236.81,1,-1,-1,-1
748,96,1051.09,577.07,195.27,290.90,1,-1,-1,-1
748,97,1646.15,697.42,214.76,173.00,1,-1,-1,-1
749,55,1479.33,643.42,373.85,231.69,1,-1,-1,-1
749,57,1431.29,549.80,163.73,302.89,1,-1,-1,-1
749,77,1406.07,618.89,364.14,262.82,1,-1,-1,-1
749,80,1069.49,625.72,269.09,253.29,1,-1,-1,-1
749,83,1245.74,632.13,267.72,236.27,1,-1,-1,-1
749,84,467.39,669.48,260.46,202.58,1,-1,-1,-1
749,85,648.88,583.66,218.79,289.85,1,-1,-1,-1
749,87,576.90,687.49,291.37,191.97,1,-1,-1,-1
749,88,50.68,618.93,301.88,259.03,1,-1,-1,-1
749,90,1352.82,594.27,193.88,265.61,1,-1,-1,-1
749,91,1187.96,625.21,254.65,241.13,1,-1,-1,-1
749,92,547.21,635.96,209.74,230.16,1,-1,-1,-1
749,93,130.35,588.40,203.19,285.66,1,-1,-1,-1
749,94,882.34,632.55,259.45,235.69,1,-1,-1,-1
749,95,1189.00,629.56,265.59,234.98,1,-1,-1,-1
749,96,1049.06,591.35,236.44,279.33,1,-1,-1,-1
749,97,1646.15,697.42,214.76,173.00,1,-1,-1,-1
750,55,1431.14,596.93,405.45,276.28,1,-1,-1,-1
750,57,1431.29,549.80,163.73,302.89,1,-1,-1,-1
750,77,1406.07,618.89,364.14,262.82,1,-1,-1,-1
750,80,1071.39,626.75,278.68,250.38,1,-1,-1,-1
750,83,1245.74,632.13,267.72,236.27,1,-1,-1,-1
750,84,479.06,657.44,274.08,216.14,1,-1,-1,-1
750,85,645.79,583.27,222.74,290.69,1,-1,-1,-1
750,87,565.39,650.40,302.91,228.01,1,-1,-1,-1
750,88,45.44,626.15,306.09,249.99,1,-1,-1,-1
750,90,1318.20,616.65,224.88,244.51,1,-1,-1,-1
750,91,1187.96,625.21,254.65,241.13,1,-1,-1,-1
750,92,547.21,635.96,209.74,230.16,1,-1,-1,-1
750,93,130.35,588.40,203.19,285.66,1,-1,-1,-1
750,94,875.67,628.98,264.56,237.99,1,-1,-1,-1
750,95,1189.00,629.56,265.59,234.98,1,-1,-1,-1
750,96,1049.06,591.35,236.44,279.33,1,-1,-1,-1
750,97,1646.15,697.42,214.76,173.00,1,-1,-1,-1
751,55,1422.07,601.67,401.73,272.33,1,-1,-1,-1
751,57,1431.29,549.80,163.73,302.89,1,-1,-1,-1
751,77,1406.07,618.89,364.14,262.82,1,-1,-1,-1
751,80,1063.71,618.82,330.16,257.89,1,-1,-1,-1
751,83,1245.74,632.13,267.72,236.27,1,-1,-1,-1
751,84,477.91,661.90,269.35,210.96,1,-1,-1,-1
751,85,623.16,585.55,252.06,288.71,1,-1,-1,-1
751,87,565.39,650.40,302.91,228.01,1,-1,-1,-1
751,88,30.72,616.91,320.34,261.66,1,-1,-1,-1
751,90,1318.20,616.65,224.88,244.51,1,-1,-1,-1
751,91,1187.96,625.21,254.65,241.13,1,-1,-1,-1
751,92,547.21,635.96,209.74,230.16,1,-1,-1,-1
751,93,130.35,588.40,203.19,285.66,1,-1,-1,-1
751,94,865.58,624.49,272.89,240.56,1,-1,-1,-1
751,95,1189.00,629.56,265.59,234.98,1,-1,-1,-1
751,96,1049.06,591.35,236.44,279.33,1,-1,-1,-1
751,97,1646.15,697.42,214.76,173.00,1,-1,-1,-1
752,55,1437.21,582.92,440.99,290.42,1,-1,-1,-1
752,57,1431.29,549.80,163.73,302.89,1,-1,-1,-1
752,77,1406.07,618.89,364.14,262.82,1,-1,-1,-1
752,80,1060.39,593.41,340.40,290.91,1,-1,-1,-1
752,83,1245.74,632.13,267.72,236.27,1,-1,-1,-1
752,84,472.17,646.68,260.34,225.90,1,-1,-1,-1
752,85,623.16,585.55,252.06,288.71,1,-1,-1,-1
752,87,575.47,652.39,306.18,228.13,1,-1,-1,-1
752,88,24.55,612.42,326.89,269.72,1,-1,-1,-1
752,90,1318.20,616.65,224.88,244.51,1,-1,-1,-1
752,91,1187.96,625.21,254.65,241.13,1,-1,-1,-1
752,92,547.21,635.96,209.74,230.16,1,-1,-1,-1
752,93,130.35,588.40,203.19,285.66,1,-1,-1,-1
752,94,868.62,622.34,260.13,242.95,1,-1,-1,-1
752,95,1189.00,629.56,265.59,234.98,1,-1,-1,-1
752,96,1049.06,591.35,236.44,279.33,1,-1,-1,-1
752,97,1646.15,697.42,214.76,173.00,1,-1,-1,-1
753,55,1451.54,586.67,426.72,282.81,1,-1,-1,-1
753,57,1431.29,549.80,163.73,302.89,1,-1,-1,-1
753,77,1406.07,618.89,364.14,262.82,1,-1,-1,-1
753,80,1059.41,604.86,335.80,280.89,1,-1,-1,-1
753,83,1245.74,632.13,267.72,236.27,1,-1,-1,-1
753,84,468.00,627.79,258.94,245.82,1,-1,-1,-1
753,85,577.55,592.17,289.00,286.69,1,-1,-1,-1
753,87,575.47,652.39,306.18,228.13,1,-1,-1,-1
753,88,20.27,606.01,327.36,275.04,1,-1,-1,-1
753,90,1286.98,614.89,277.79,249.31,1,-1,-1,-1
753,91,1187.96,625.21,254.65,241.13,1,-1,-1,-1
753,92,547.21,635.96,209.74,230.16,1,-1,-1,-1
753,93,130.35,588.40,203.19,285.66,1,-1,-1,-1
753,94,859.18,621.86,270.09,242.24,1,-1,-1,-1
753,95,1189.00,629.56,265.59,234.98,1,-1,-1,-1
753,96,1049.06,591.35,236.44,279.33,1,-1,-1,-1
753,97,1646.15,697.42,214.76,173.00,1,-1,-1,-1
754,55,1441.91,548.33,242.27,314.68,1,-1,-1,-1
754,57,1431.29,549.80,163.73,302.89,1,-1,-1,-1
754,77,1406.07,618.89,364.14,262.82,1,-1,-1,-1
754,80,1069.78,632.72,327.40,247.00,1,-1,-1,-1
754,83,1245.74,632.13,267.72,236.27,1,-1,-1,-1
754,84,472.47,631.92,262.05,239.26,1,-1,-1,-1
754,85,567.19,614.03,300.73,264.23,1,-1,-1,-1
754,87,412.52,674.41,278.35,192.26,1,-1,-1,-1
754,88,27.81,605.81,322.27,272.53,1,-1,-1,-1
754,90,1404.37,582.94,246.22,287.54,1,-1,-1,-1
754,91,1503.95,604.53,287.27,265.62,1,-1,-1,-1
754,92,624.23,594.83,241.75,276.80,1,-1,-1,-1
754,93,130.35,588.40,203.19,285.66,1,-1,-1,-1
754,94,863.40,630.13,279.79,231.63,1,-1,-1,-1
754,95,1276.47,622.88,248.80,236.80,1,-1,-1,-1
754,96,1047.56,587.15,220.85,284.28,1,-1,-1,-1
754,97,1646.15,697.42,214.76,173.00,1,-1,-1,-1
755,55,1443.65,545.26,223.19,316.17,1,-1,-1,-1
755,57,1431.29,549.80,163.73,302.89,1,-1,-1,-1
755,77,1406.07,618.89,364.14,262.82,1,-1,-1,-1
755,80,1067.90,639.29,327.70,237.73,1,-1,-1,-1
755,83,1245.74,632.13,267.72,236.27,1,-1,-1,-1
755,84,472.47,631.92,262.05,239.26,1,-1,-1,-1
755,85,571.10,620.06,291.70,257.53,1,-1,-1,-1
755,87,412.52,674.41,278.35,192.26,1,-1,-1,-1
755,88,27.65,616.04,321.95,262.78,1,-1,-1,-1
755,90,1419.52,580.50,236.81,289.44,1,-1,-1,-1
755,91,1487.60,602.14,327.74,268.16,1,-1,-1,-1
755,92,627.74,589.65,241.46,282.17,1,-1,-1,-1
755,93,130.35,588.40,203.19,285.66,1,-1,-1,-1
755,94,861.86,640.00,290.27,223.82,1,-1,-1,-1
755,95,1293.13,623.33,245.11,235.48,1,-1,-1,-1
755,96,1048.10,588.59,196.40,281.26,1,-1,-1,-1
755,97,1646.15,697.42,214.76,173.00,1,-1,-1,-1
756,55,1423.44,575.10,237.01,293.39,1,-1,-1,-1
756,57,1431.29,549.80,163.73,302.89,1,-1,-1,-1
756,77,1406.07,618.89,364.14,262.82,1,-1,-1,-1
756,80,1064.63,633.09,332.96,244.46,1,-1,-1,-1
756,83,1245.74,632.13,267.72,236.27,1,-1,-1,-1
756,84,472.47,631.92,262.05,239.26,1,-1,-1,-1
756,85,568.78,622.14,295.96,255.77,1,-1,-1,-1
756,87,412.52,674.41,278.35,192.26,1,-1,-1,-1
756,88,27.96,619.18,323.70,260.14,1,-1,-1,-1
756,90,1441.29,547.54,226.12,314.48,1,-1,-1,-1
756,91,1481.99,609.00,345.65,261.93,1,-1,-1,-1
756,92,631.03,589.28,239.52,282.81,1,-1,-1,-1
756,93,130.35,588.40,203.19,285.66,1,-1,-1,-1
756,94,865.15,632.98,285.63,229.28,1,-1,-1,-1
756,95,1304.05,625.09,230.75,232.15,1,-1,-1,-1
756,96,1048.10,588.59,196.40,281.26,1,-1,-1,-1
756,97,1646.15,697.42,214.76,173.00,1,-1,-1,-1
757,55,1422.76,578.57,227.74,290.85,1,-1,-1,-1
757,57,1431.29,549.80,163.73,302.89,1,-1,-1,-1
757,77,1406.07,618.89,364.14,262.82,1,-1,-1,-1
757,80,1064.70,635.84,331.43,241.12,1,-1,-1,-1
757,83,1245.74,632.13,267.72,236.27,1,-1,-1,-1
757,84,468.04,631.86,262.75,238.21,1,-1,-1,-1
757,85,568.78,622.14,295.96,255.77,1,-1,-1,-1
757,87,412.52,674.41,278.35,192.26,1,-1,-1,-1
757,88,22.78,615.35,330.59,265.09,1,-1,-1,-1
757,90,1441.29,547.54,226.12,314.48,1,-1,-1,-1
757,91,1482.59,642.79,364.17,229.30,1,-1,-1,-1
757,92,631.03,589.28,239.52,282.81,1,-1,-1,-1
757,93,130.35,588.40,203.19,285.66,1,-1,-1,-1
757,94,862.12,628.92,282.42,233.10,1,-1,-1,-1
757,95,1229.44,636.03,263.12,228.84,1,-1,-1,-1
757,96,1048.69,590.66,219.70,281.39,1,-1,-1,-1
757,97,1646.15,697.42,214.76,173.00,1,-1,-1,-1
758,55,1438.38,548.97,181.74,312.87,1,-1,-1,-1
758,57,1431.29,549.80,163.73,302.89,1,-1,-1,-1
758,77,1406.07,618.89,364.14,262.82,1,-1,-1,-1
758,80,1064.55,632.86,333.02,244.86,1,-1,-1,-1
758,83,1245.74,632.13,267.72,236.27,1,-1,-1,-1
758,84,470.85,662.94,269.48,207.84,1,-1,-1,-1
758,85,570.98,643.14,292.61,234.75,1,-1,-1,-1
758,87,412.52,674.41,278.35,192.26,1,-1,-1,-1
758,88,22.62,612.63,329.39,268.04,1,-1,-1,-1
758,90,1441.29,547.54,226.12,314.48,1,-1,-1,-1
758,91,1479.36,647.26,375.71,225.15,1,-1,-1,-1
758,92,668.81,587.69,198.86,283.21,1,-1,-1,-1
758,93,130.35,588.40,203.19,285.66,1,-1,-1,-1
758,94,866.24,627.84,264.34,232.62,1,-1,-1,-1
758,95,1223.29,640.16,276.75,227.02,1,-1,-1,-1
758,96,1051.74,591.75,207.79,279.31,1,-1,-1,-1
758,97,1646.15,697.42,214.76,173.00,1,-1,-1,-1
759,55,1434.15,550.85,173.34,310.94,1,-1,-1,-1
759,57,1431.29,549.80,163.73,302.89,1,-1,-1,-1
759,77,1406.07,618.89,364.14,262.82,1,-1,-1,-1
759,80,1062.08,632.72,332.54,245.18,1,-1,-1,-1
759,83,1245.74,632.13,267.72,236.27,1,-1,-1,-1
759,84,461.11,665.21,235.07,202.87,1,-1,-1,-1
759,85,573.25,630.60,286.45,247.92,1,-1,-1,-1
759,87,412.52,674.41,278.35,192.26,1,-1,-1,-1
759,88,20.04,609.49,329.83,269.80,1,-1,-1,-1
759,90,1441.29,547.54,226.12,314.48,1,-1,-1,-1
759,91,1478.16,642.45,355.22,231.25,1,-1,-1,-1
759,92,644.18,591.40,221.55,279.09,1,-1,-1,-1
759,93,130.35,588.40,203.19,285.66,1,-1,-1,-1
759,94,870.94,627.47,256.58,232.44,1,-1,-1,-1
759,95,1223.29,640.16,276.75,227.02,1,-1,-1,-1
759,96,1050.16,589.47,223.92,283.68,1,-1,-1,-1
759,97,1646.15,697.42,214.76,173.00,1,-1,-1,-1
759,98,1644.85,682.20,235.57,183.02,1,-1,-1,-1
760,55,1434.15,550.85,173.34,310.94,1,-1,-1,-1
760,57,1431.29,549.80,163.73,302.89,1,-1,-1,-1
760,77,1406.07,618.89,364.14,262.82,1,-1,-1,-1
760,80,1058.56,623.66,337.67,255.12,1,-1,-1,-1
760,83,1245.74,632.13,267.72,236.27,1,-1,-1,-1
760,84,469.91,640.38,252.65,231.80,1,-1,-1,-1
760,85,570.17,619.25,285.22,259.40,1,-1,-1,-1
760,87,412.52,674.41,278.35,192.26,1,-1,-1,-1
760,88,17.56,611.24,330.79,268.70,1,-1,-1,-1
760,90,1441.29,547.54,226.12,314.48,1,-1,-1,-1
760,91,1469.30,631.04,367.94,244.79,1,-1,-1,-1
760,92,642.97,591.33,222.02,279.57,1,-1,-1,-1
760,93,130.35,588.40,203.19,285.66,1,-1,-1,-1
760,94,868.57,633.18,263.56,230.96,1,-1,-1,-1
760,95,1223.29,640.16,276.75,227.02,1,-1,-1,-1
760,96,1050.16,589.47,223.92,283.68,1,-1,-1,-1
760,97,1646.15,697.42,214.76,173.00,1,-1,-1,-1
760,98,1644.85,682.20,235.57,183.02,1,-1,-1,-1
761,55,1347.84,570.44,256.18,292.89,1,-1,-1,-1
761,57,1431.29,549.80,163.73,302.89,1,-1,-1,-1
761,80,1058.54,624.02,336.00,254.11,1,-1,-1,-1
761,83,1245.74,632.13,267.72,236.27,1,-1,-1,-1
761,84,472.93,642.11,262.02,231.08,1,-1,-1,-1
761,85,581.16,615.45,274.53,261.21,1,-1,-1,-1
761,87,412.52,674.41,278.35,192.26,1,-1,-1,-1
761,88,14.78,612.07,332.57,269.58,1,-1,-1,-1
761,90,1441.29,547.54,226.12,314.48,1,-1,-1,-1
761,91,1468.91,626.11,367.88,248.44,1,-1,-1,-1
761,92,656.90,589.36,206.93,280.96,1,-1,-1,-1
761,93,130.35,588.40,203.19,285.66,1,-1,-1,-1
761,94,871.22,626.89,253.37,236.69,1,-1,-1,-1
761,95,1210.23,636.34,281.29,228.96,1,-1,-1,-1
761,96,1045.52,586.12,211.32,288.60,1,-1,-1,-1
761,97,1646.15,697.42,214.76,173.00,1,-1,-1,-1
761,98,1644.85,682.20,235.57,183.02,1,-1,-1,-1
762,55,1303.05,585.25,262.99,279.99,1,-1,-1,-1
762,57,1431.29,549.80,163.73,302.89,1,-1,-1,-1
762,80,1056.81,621.78,337.87,256.28,1,-1,-1,-1
762,83,1245.74,632.13,267.72,236.27,1,-1,-1,-1
762,84,465.90,612.96,253.75,258.82,1,-1,-1,-1
762,85,577.42,619.70,278.85,258.91,1,-1,-1,-1
762,87,412.52,674.41,278.35,192.26,1,-1,-1,-1
762,88,14.44,611.91,329.13,271.97,1,-1,-1,-1
762,90,1441.29,547.54,226.12,314.48,1,-1,-1,-1
762,91,1466.24,623.49,370.74,250.59,1,-1,-1,-1
762,92,624.15,587.41,239.19,284.72,1,-1,-1,-1
762,93,130.35,588.40,203.19,285.66,1,-1,-1,-1
762,94,870.69,626.32,255.63,237.08,1,-1,-1,-1
762,95,1210.23,636.34,281.29,228.96,1,-1,-1,-1
762,96,1043.32,585.14,198.40,288.64,1,-1,-1,-1
762,97,1646.15,697.42,214.76,173.00,1,-1,-1,-1
762,98,1644.85,682.20,235.57,183.02,1,-1,-1,-1
763,55,1278.13,572.79,287.97,291.38,1,-1,-1,-1
763,57,1431.29,549.80,163.73,302.89,1,-1,-1,-1
763,80,1055.17,619.72,335.60,260.72,1,-1,-1,-1
763,83,1245.74,632.13,267.72,236.27,1,-1,-1,-1
763,84,464.36,609.68,249.55,261.60,1,-1,-1,-1
763,85,580.84,622.51,277.35,256.41,1,-1,-1,-1
763,87,412.52,674.41,278.35,192.26,1,-1,-1,-1
763,88,11.38,611.95,332.38,271.50,1,-1,-1,-1
763,90,1441.29,547.54,226.12,314.48,1,-1,-1,-1
763,91,1431.15,605.63,379.88,272.01,1,-1,-1,-1
763,92,630.72,588.18,233.14,284.01,1,-1,-1,-1
763,93,130.35,588.40,203.19,285.66,1,-1,-1,-1
763,94,869.41,625.50,254.99,236.83,1,-1,-1,-1
763,95,1210.23,636.34,281.29,228.96,1,-1,-1,-1
763,96,1043.07,578.62,205.38,294.31,1,-1,-1,-1
763,97,1646.15,697.42,214.76,173.00,1,-1,-1,-1
763,98,1644.85,682.20,235.57,183.02,1,-1,-1,-1
764,55,1305.21,578.30,258.66,287.38,1,-1,-1,-1
764,80,1057.14,634.07,332.41,249.98,1,-1,-1,-1
764,83,1245.74,632.13,267.72,236.27,1,-1,-1,-1
764,84,462.64,619.66,229.20,248.09,1,-1,-1,-1
764,85,587.92,618.30,270.35,258.93,1,-1,-1,-1
764,87,412.52,674.41,278.35,192.26,1,-1,-1,-1
764,88,3.92,610.74,346.01,273.73,1,-1,-1,-1
764,90,1441.29,547.54,226.12,314.48,1,-1,-1,-1
764,91,1431.60,630.36,383.81,247.15,1,-1,-1,-1
764,92,647.78,587.88,213.23,283.11,1,-1,-1,-1
764,93,130.35,588.40,203.19,285.66,1,-1,-1,-1
764,94,868.56,624.92,259.63,237.27,1,-1,-1,-1
764,95,1210.23,636.34,281.29,228.96,1,-1,-1,-1
764,96,1031.03,577.33,210.09,292.08,1,-1,-1,-1
764,97,1646.15,697.42,214.76,173.00,1,-1,-1,-1
764,98,1644.85,682.20,235.57,183.02,1,-1,-1,-1
765,55,1317.76,577.18,244.86,287.38,1,-1,-1,-1
765,80,1060.07,636.28,328.30,250.17,1,-1,-1,-1
765,83,1245.74,632.13,267.72,236.27,1,-1,-1,-1
765,84,452.93,663.95,235.74,205.49,1,-1,-1,-1
765,85,583.89,624.70,273.18,254.43,1,-1,-1,-1
765,87,412.52,674.41,278.35,192.26,1,-1,-1,-1
765,88,4.51,609.43,345.70,275.64,1,-1,-1,-1
765,90,1441.29,547.54,226.12,314.48,1,-1,-1,-1
765,91,1413.92,588.67,411.47,286.13,1,-1,-1,-1
765,92,656.54,588.49,205.41,281.16,1,-1,-1,-1
765,93,130.35,588.40,203.19,285.66,1,-1,-1,-1
765,94,870.52,622.49,257.72,241.12,1,-1,-1,-1
765,95,1210.23,636.34,281.29,228.96,1,-1,-1,-1
765,96,1035.33,577.39,216.14,294.83,1,-1,-1,-1
765,97,1646.15,697.42,214.76,173.00,1,-1,-1,-1
765,98,1644.85,682.20,235.57,183.02,1,-1,-1,-1
766,55,1335.55,589.78,224.01,271.55,1,-1,-1,-1
766,80,1057.80,632.84,331.37,252.98,1,-1,-1,-1
766,83,1245.74,632.13,267.72,236.27,1,-1,-1,-1
766,84,466.47,672.76,216.98,195.06,1,-1,-1,-1
766,85,583.50,630.72,276.56,248.39,1,-1,-1,-1
766,87,412.52,674.41,278.35,192.26,1,-1,-1,-1
766,88,13.16,611.20,336.00,271.56,1,-1,-1,-1
766,90,1441.29,547.54,226.12,314.48,1,-1,-1,-1
766,91,1399.89,601.12,414.93,273.72,1,-1,-1,-1
766,92,662.77,588.39,203.74,280.48,1,-1,-1,-1
766,93,130.35,588.40,203.19,285.66,1,-1,-1,-1
766,94,868.86,632.18,274.21,232.58,1,-1,-1,-1
766,95,1210.23,636.34,281.29,228.96,1,-1,-1,-1
766,96,1066.56,550.57,160.92,295.23,1,-1,-1,-1
766,97,1646.15,697.42,214.76,173.00,1,-1,-1,-1
766,98,1644.85,682.20,235.57,183.02,1,-1,-1,-1
767,55,1336.68,621.61,209.68,240.08,1,-1,-1,-1
767,80,1055.93,628.18,334.38,261.01,1,-1,-1,-1
767,83,1245.74,632.13,267.72,236.27,1,-1,-1,-1
767,84,466.73,678.75,218.63,188.95,1,-1,-1,-1
767,85,581.54,647.06,287.01,232.82,1,-1,-1,-1
767,87,412.52,674.41,278.35,192.26,1,-1,-1,-1
767,88,13.30,609.79,333.33,270.93,1,-1,-1,-1
767,90,1441.29,547.54,226.12,314.48,1,-1,-1,-1
767,91,1411.89,549.12,253.34,311.26,1,-1,-1,-1
767,92,626.20,590.42,246.44,281.75,1,-1,-1,-1
767,93,130.35,588.40,203.19,285.66,1,-1,-1,-1
767,94,872.42,641.68,278.66,223.09,1,-1,-1,-1
767,95,1060.78,585.75,222.57,284.14,1,-1,-1,-1
767,96,1072.07,552.20,163.93,295.36,1,-1,-1,-1
767,97,1646.15,697.42,214.76,173.00,1,-1,-1,-1
767,98,1434.46,613.74,404.92,260.61,1,-1,-1,-1
768,55,1337.92,622.08,214.29,237.06,1,-1,-1,-1
768,80,1056.42,624.62,337.71,265.48,1,-1,-1,-1
768,83,1245.74,632.13,267.72,236.27,1,-1,-1,-1
768,84,393.48,684.92,281.73,183.79,1,-1,-1,-1
768,85,577.91,640.67,285.27,239.43,1,-1,-1,-1
768,87,412.52,674.41,278.35,192.26,1,-1,-1,-1
768,88,11.13,619.23,335.94,263.22,1,-1,-1,-1
768,90,1441.29,547.54,226.12,314.48,1,-1,-1,-1
768,91,1413.91,546.97,232.83,303.34,1,-1,-1,-1
768,92,633.77,594.21,238.37,278.25,1,-1,-1,-1
768,93,130.35,588.40,203.19,285.66,1,-1,-1,-1
768,94,872.64,639.39,279.08,225.78,1,-1,-1,-1
768,95,1060.78,585.75,222.57,284.14,1,-1,-1,-1
768,96,1072.07,552.20,163.93,295.36,1,-1,-1,-1
768,97,1646.15,697.42,214.76,173.00,1,-1,-1,-1
768,98,1417.40,616.82,415.83,256.96,1,-1,-1,-1
769,55,1340.56,601.51,206.85,258.44,1,-1,-1,-1
769,80,1061.53,638.01,329.41,249.45,1,-1,-1,-1
769,83,1245.74,632.13,267.72,236.27,1,-1,-1,-1
769,84,385.77,686.52,287.27,182.07,1,-1,-1,-1
769,85,572.92,630.81,287.43,249.55,1,-1,-1,-1
769,87,412.52,674.41,278.35,192.26,1,-1,-1,-1
769,88,17.64,626.59,329.88,254.54,1,-1,-1,-1
769,90,1441.29,547.54,226.12,314.48,1,-1,-1,-1
769,91,1421.06,594.53,384.77,278.77,1,-1,-1,-1
769,92,634.66,592.93,233.37,280.31,1,-1,-1,-1
769,94,872.50,636.48,275.17,228.87,1,-1,-1,-1
769,95,1060.78,585.75,222.57,284.14,1,-1,-1,-1
769,96,1047.90,580.90,193.86,287.93,1,-1,-1,-1
769,97,1646.15,697.42,214.76,173.00,1,-1,-1,-1
769,98,1632.35,698.18,249.79,169.39,1,-1,-1,-1
770,55,1326.47,625.54,219.83,234.92,1,-1,-1,-1
770,80,1062.06,639.26,325.76,243.14,1,-1,-1,-1
770,83,1245.74,632.13,267.72,236.27,1,-1,-1,-1
770,84,383.69,686.46,290.44,182.55,1,-1,-1,-1
770,85,569.47,631.11,293.29,249.47,1,-1,-1,-1
770,87,412.52,674.41,278.35,192.26,1,-1,-1,-1
770,88,24.52,631.55,324.26,249.04,1,-1,-1,-1
770,90,1441.29,547.54,226.12,314.48,1,-1,-1,-1
770,91,1425.64,584.06,403.46,292.28,1,-1,-1,-1
770,92,631.35,591.97,238.64,281.15,1,-1,-1,-1
770,94,873.17,636.56,270.25,228.11,1,-1,-1,-1
770,95,1060.78,585.75,222.57,284.14,1,-1,-1,-1
770,96,1046.52,582.74,192.50,288.30,1,-1,-1,-1
770,97,1646.15,697.42,214.76,173.00,1,-1,-1,-1
770,98,1632.35,698.18,249.79,169.39,1,-1,-1,-1
771,55,1310.23,625.63,239.88,234.01,1,-1,-1,-1
771,80,1059.95,635.52,331.30,247.10,1,-1,-1,-1
771,84,383.70,686.26,290.28,183.02,1,-1,-1,-1
771,85,569.79,619.85,290.29,260.94,1,-1,-1,-1
771,87,412.52,674.41,278.35,192.26,1,-1,-1,-1
771,88,22.75,621.96,327.95,260.10,1,-1,-1,-1
771,90,1441.29,547.54,226.12,314.48,1,-1,-1,-1
771,91,1427.47,572.93,404.15,304.29,1,-1,-1,-1
771,92,631.35,591.97,238.64,281.15,1,-1,-1,-1
771,94,872.68,632.94,267.27,231.80,1,-1,-1,-1
771,95,1060.78,585.75,222.57,284.14,1,-1,-1,-1
771,96,1046.08,582.00,207.85,290.10,1,-1,-1,-1
771,97,1646.15,697.42,214.76,173.00,1,-1,-1,-1
771,98,1632.35,698.18,249.79,169.39,1,-1,-1,-1
772,55,1299.48,628.46,251.30,231.88,1,-1,-1,-1
772,80,1059.62,631.22,334.17,252.30,1,-1,-1,-1
772,84,382.38,684.87,295.90,185.35,1,-1,-1,-1
772,85,565.44,613.91,293.81,267.06,1,-1,-1,-1
772,87,412.52,674.41,278.35,192.26,1,-1,-1,-1
772,88,28.21,626.98,314.51,251.40,1,-1,-1,-1
772,90,1441.29,547.54,226.12,314.48,1,-1,-1,-1
772,91,1428.95,565.07,400.84,311.89,1,-1,-1,-1
772,92,627.17,593.97,240.41,280.89,1,-1,-1,-1
772,94,1040.09,603.35,315.29,274.69,1,-1,-1,-1
772,95,894.14,621.30,249.25,243.68,1,-1,-1,-1
772,96,1046.50,585.46,206.81,287.26,1,-1,-1,-1
772,97,1646.15,697.42,214.76,173.00,1,-1,-1,-1
772,98,1632.35,698.18,249.79,169.39,1,-1,-1,-1
772,99,146.39,590.22,200.72,279.75,1,-1,-1,-1
773,55,1300.58,627.06,250.08,232.28,1,-1,-1,-1
773,80,1058.85,632.08,336.54,250.71,1,-1,-1,-1
773,84,383.84,687.03,284.08,182.86,1,-1,-1,-1
773,85,565.44,613.91,293.81,267.06,1,-1,-1,-1
773,87,412.52,674.41,278.35,192.26,1,-1,-1,-1
773,88,31.54,629.62,318.46,250.27,1,-1,-1,-1
773,90,1441.29,547.54,226.12,314.48,1,-1,-1,-1
773,91,1429.88,563.33,412.13,312.22,1,-1,-1,-1
773,92,632.10,594.67,234.96,279.32,1,-1,-1,-1
773,94,1055.71,603.02,322.93,275.53,1,-1,-1,-1
773,95,876.16,625.22,253.30,239.09,1,-1,-1,-1
773,96,1046.85,586.85,203.35,286.40,1,-1,-1,-1
773,97,1646.15,697.42,214.76,173.00,1,-1,-1,-1
773,98,1632.35,698.18,249.79,169.39,1,-1,-1,-1
773,99,141.46,554.00,206.97,313.59,1,-1,-1,-1
774,55,1302.75,625.81,244.25,233.51,1,-1,-1,-1
774,80,1057.22,633.36,338.36,249.30,1,-1,-1,-1
774,84,384.44,685.13,282.96,184.66,1,-1,-1,-1
774,85,576.72,598.98,283.54,280.76,1,-1,-1,-1
774,87,412.52,674.41,278.35,192.26,1,-1,-1,-1
774,88,21.33,574.78,336.34,299.17,1,-1,-1,-1
774,90,1441.29,547.54,226.12,314.48,1,-1,-1,-1
774,91,1431.10,568.21,407.26,306.80,1,-1,-1,-1
774,92,625.61,597.87,240.73,276.96,1,-1,-1,-1
774,94,1055.71,603.02,322.93,275.53,1,-1,-1,-1
774,95,873.05,631.16,267.16,233.85,1,-1,-1,-1
774,96,1046.85,586.85,203.35,286.40,1,-1,-1,-1
774,97,1646.15,697.42,214.76,173.00,1,-1,-1,-1
774,98,1632.35,698.18,249.79,169.39,1,-1,-1,-1
774,99,169.12,508.87,217.09,355.65,1,-1,-1,-1
775,55,1302.93,628.25,236.88,232.43,1,-1,-1,-1
775,80,1055.22,635.77,341.68,249.03,1,-1,-1,-1
775,84,382.83,683.83,297.64,187.08,1,-1,-1,-1
775,85,575.91,544.01,171.24,325.53,1,-1,-1,-1
775,87,412.52,674.41,278.35,192.26,1,-1,-1,-1
775,88,6.43,522.17,431.75,352.10,1,-1,-1,-1
775,90,1441.29,547.54,226.12,314.48,1,-1,-1,-1
775,91,1431.35,571.82,392.98,303.38,1,-1,-1,-1
775,92,580.43,598.32,284.93,281.30,1,-1,-1,-1
775,94,1042.15,590.24,234.03,284.24,1,-1,-1,-1
775,95,872.25,630.35,273.33,235.13,1,-1,-1,-1
775,96,1041.05,590.94,186.27,278.31,1,-1,-1,-1
775,97,1646.15,697.42,214.76,173.00,1,-1,-1,-1
775,98,1632.35,698.18,249.79,169.39,1,-1,-1,-1
775,99,160.77,515.84,276.95,355.28,1,-1,-1,-1
775,103,1217.27,641.30,272.45,226.02,1,-1,-1,-1
776,55,1299.20,628.85,236.01,231.64,1,-1,-1,-1
776,80,1055.54,640.98,339.70,242.14,1,-1,-1,-1
776,84,382.83,683.83,297.64,187.08,1,-1,-1,-1
776,85,575.91,544.01,171.24,325.53,1,-1,-1,-1
776,87,412.52,674.41,278.35,192.26,1,-1,-1,-1
776,88,6.43,522.17,431.75,352.10,1,-1,-1,-1
776,90,1441.29,547.54,226.12,314.48,1,-1,-1,-1
776,91,1432.50,580.03,387.67,296.08,1,-1,-1,-1
776,92,613.81,541.19,192.39,329.02,1,-1,-1,-1
776,94,1038.77,587.55,224.94,285.94,1,-1,-1,-1
776,95,873.96,630.96,269.22,235.16,1,-1,-1,-1
776,96,1036.08,589.61,189.44,278.46,1,-1,-1,-1
776,97,1646.15,697.42,214.76,173.00,1,-1,-1,-1
776,98,1632.35,698.18,249.79,169.39,1,-1,-1,-1
776,99,174.89,541.57,324.35,324.70,1,-1,-1,-1
776,103,1217.27,641.30,272.45,226.02,1,-1,-1,-1
776,104,8.19,683.86,345.27,194.64,1,-1,-1,-1
777,55,1306.27,625.43,229.81,233.77,1,-1,-1,-1
777,80,1053.87,640.37,339.70,240.45,1,-1,-1,-1
777,84,451.04,595.09,321.02,275.25,1,-1,-1,-1
777,85,510.02,580.17,277.83,292.06,1,-1,-1,-1
777,87,412.52,674.41,278.35,192.26,1,-1,-1,-1
777,88,6.43,522.17,431.75,352.10,1,-1,-1,-1
777,90,1441.29,547.54,226.12,314.48,1,-1,-1,-1
777,91,1432.83,587.02,385.23,289.98,1,-1,-1,-1
777,92,647.12,538.67,174.20,331.15,1,-1,-1,-1
777,94,1035.81,588.18,195.78,279.50,1,-1,-1,-1
777,95,871.03,631.57,269.11,233.84,1,-1,-1,-1
777,96,1036.08,589.61,189.44,278.46,1,-1,-1,-1
777,97,1646.15,697.42,214.76,173.00,1,-1,-1,-1
777,98,1632.35,698.18,249.79,169.39,1,-1,-1,-1
777,99,253.15,572.38,270.39,291.28,1,-1,-1,-1
777,100,576.50,657.20,308.49,222.95,1,-1,-1,-1
777,103,1217.27,641.30,272.45,226.02,1,-1,-1,-1
777,104,9.21,682.86,339.15,196.01,1,-1,-1,-1
778,55,1301.45,627.19,231.48,232.38,1,-1,-1,-1
778,80,1052.27,638.69,341.47,239.50,1,-1,-1,-1
778,84,464.72,605.03,392.98,270.07,1,-1,-1,-1
778,85,462.10,579.13,318.37,295.70,1,-1,-1,-1
778,87,412.52,674.41,278.35,192.26,1,-1,-1,-1
778,88,104.05,545.81,270.83,323.94,1,-1,-1,-1
778,90,1441.29,547.54,226.12,314.48,1,-1,-1,-1
778,91,1430.90,581.95,390.68,293.89,1,-1,-1,-1
778,92,669.63,496.34,190.30,370.70,1,-1,-1,-1
778,94,1038.55,589.45,189.88,278.31,1,-1,-1,-1
778,95,871.48,627.84,261.51,236.26,1,-1,-1,-1
778,96,1040.59,586.69,229.27,286.45,1,-1,-1,-1
778,97,1646.15,697.42,214.76,173.00,1,-1,-1,-1
778,98,1632.35,698.18,249.79,169.39,1,-1,-1,-1
778,99,260.48,668.70,289.21,197.79,1,-1,-1,-1
778,100,579.14,616.37,291.45,259.50,1,-1,-1,-1
778,103,1218.15,636.82,274.21,228.61,1,-1,-1,-1
778,104,7.06,676.75,344.16,203.82,1,-1,-1,-1
779,55,1282.96,624.35,258.00,234.32,1,-1,-1,-1
779,80,1054.00,633.31,340.10,243.05,1,-1,-1,-1
779,84,464.72,605.03,392.98,270.07,1,-1,-1,-1
779,85,484.32,495.29,385.80,372.24,1,-1,-1,-1
779,87,412.52,674.41,278.35,192.26,1,-1,-1,-1
779,88,49.34,533.15,450.08,330.78,1,-1,-1,-1
779,90,1441.29,547.54,226.12,314.48,1,-1,-1,-1
779,91,1430.66,587.30,390.83,286.40,1,-1,-1,-1
779,92,669.63,496.34,190.30,370.70,1,-1,-1,-1
779,94,1039.58,581.92,191.19,286.41,1,-1,-1,-1
779,95,872.43,613.93,266.96,248.37,1,-1,-1,-1
779,96,1040.59,586.69,229.27,286.45,1,-1,-1,-1
779,98,1632.35,698.18,249.79,169.39,1,-1,-1,-1
779,99,260.48,668.70,289.21,197.79,1,-1,-1,-1
779,100,573.42,630.56,303.37,242.99,1,-1,-1,-1
779,103,1218.15,636.82,274.21,228.61,1,-1,-1,-1
779,104,7.11,662.56,354.52,219.73,1,-1,-1,-1
780,55,1273.98,623.34,262.41,234.91,1,-1,-1,-1
780,80,1055.20,629.10,344.21,249.00,1,-1,-1,-1
780,84,581.41,515.71,337.82,354.65,1,-1,-1,-1
780,85,459.98,585.25,406.38,288.16,1,-1,-1,-1
780,87,412.52,674.41,278.35,192.26,1,-1,-1,-1
780,88,5.14,554.49,368.84,315.51,1,-1,-1,-1
780,90,1441.29,547.54,226.12,314.48,1,-1,-1,-1
780,91,1432.32,586.33,389.29,288.18,1,-1,-1,-1
780,92,669.63,496.34,190.30,370.70,1,-1,-1,-1
780,94,898.75,581.65,192.46,281.31,1,-1,-1,-1
780,95,872.29,624.90,255.74,238.51,1,-1,-1,-1
780,96,1040.59,586.69,229.27,286.45,1,-1,-1,-1
780,98,1632.35,698.18,249.79,169.39,1,-1,-1,-1
780,99,55.08,542.68,482.54,322.05,1,-1,-1,-1
780,100,572.89,644.63,324.74,230.26,1,-1,-1,-1
780,103,1218.15,636.82,274.21,228.61,1,-1,-1,-1
780,104,5.38,644.34,362.44,240.44,1,-1,-1,-1
781,55,1277.71,622.58,255.98,235.11,1,-1,-1,-1
781,80,1050.51,629.95,346.20,249.47,1,-1,-1,-1
781,84,480.04,522.24,333.40,346.59,1,-1,-1,-1
781,85,464.20,528.61,301.60,345.09,1,-1,-1,-1
781,87,412.52,674.41,278.35,192.26,1,-1,-1,-1
781,88,5.14,554.49,368.84,315.51,1,-1,-1,-1
781,90,1441.29,547.54,226.12,314.48,1,-1,-1,-1
781,91,1433.57,588.18,391.42,286.59,1,-1,-1,-1
781,92,669.63,496.34,190.30,370.70,1,-1,-1,-1
781,94,689.84,555.95,269.00,307.00,1,-1,-1,-1
781,95,873.46,618.77,270.20,242.79,1,-1,-1,-1
781,96,1040.59,586.69,229.27,286.45,1,-1,-1,-1
781,98,1632.35,698.18,249.79,169.39,1,-1,-1,-1
781,99,58.22,525.46,470.38,337.69,1,-1,-1,-1
781,100,580.56,640.62,338.08,235.14,1,-1,-1,-1
781,103,1219.56,629.34,277.09,232.62,1,-1,-1,-1
781,104,6.46,642.61,361.59,242.72,1,-1,-1,-1
782,55,1294.77,620.47,234.08,236.88,1,-1,-1,-1
782,80,893.12,609.75,308.31,255.54,1,-1,-1,-1
782,84,480.04,522.24,333.40,346.59,1,-1,-1,-1
782,85,454.60,498.55,287.69,372.62,1,-1,-1,-1
782,87,412.52,674.41,278.35,192.26,1,-1,-1,-1
782,88,1.19,498.02,359.39,376.84,1,-1,-1,-1
782,90,1441.29,547.54,226.12,314.48,1,-1,-1,-1
782,91,1434.00,586.36,397.14,287.76,1,-1,-1,-1
782,92,669.63,496.34,190.30,370.70,1,-1,-1,-1
782,94,594.35,550.01,317.60,325.43,1,-1,-1,-1
782,95,874.92,607.31,283.66,255.15,1,-1,-1,-1
782,96,1041.38,554.60,213.49,313.18,1,-1,-1,-1
782,98,1632.35,698.18,249.79,169.39,1,-1,-1,-1
782,99,140.98,533.43,322.90,328.83,1,-1,-1,-1
782,100,585.23,667.72,329.83,210.97,1,-1,-1,-1
782,103,1068.40,638.24,337.28,240.11,1,-1,-1,-1
782,104,10.79,646.11,357.44,240.06,1,-1,-1,-1
783,55,1285.13,620.15,245.29,238.20,1,-1,-1,-1
783,80,893.12,609.75,308.31,255.54,1,-1,-1,-1
783,84,480.04,522.24,333.40,346.59,1,-1,-1,-1
783,85,462.36,501.32,288.73,370.33,1,-1,-1,-1
783,87,412.52,674.41,278.35,192.26,1,-1,-1,-1
783,88,5.64,454.87,349.67,420.41,1,-1,-1,-1
783,90,1441.29,547.54,226.12,314.48,1,-1,-1,-1
783,91,1434.84,581.69,397.22,292.68,1,-1,-1,-1
783,92,669.63,496.34,190.30,370.70,1,-1,-1,-1
783,94,586.27,551.27,315.04,325.91,1,-1,-1,-1
783,95,873.54,593.63,292.60,267.64,1,-1,-1,-1
783,96,1063.56,499.14,190.45,360.35,1,-1,-1,-1
783,98,1632.35,698.18,249.79,169.39,1,-1,-1,-1
783,99,59.33,457.69,354.77,408.62,1,-1,-1,-1
783,100,587.08,670.62,316.07,208.41,1,-1,-1,-1
783,103,1052.50,633.43,344.71,244.74,1,-1,-1,-1
783,104,5.10,664.84,362.07,222.09,1,-1,-1,-1
784,55,1433.50,593.36,413.58,269.58,1,-1,-1,-1
784,80,877.72,586.21,227.92,274.04,1,-1,-1,-1
784,84,553.55,517.69,340.14,351.92,1,-1,-1,-1
784,85,424.12,517.12,356.07,346.29,1,-1,-1,-1
784,87,412.52,674.41,278.35,192.26,1,-1,-1,-1
784,88,9.64,437.09,355.08,441.97,1,-1,-1,-1
784,90,1441.29,547.54,226.12,314.48,1,-1,-1,-1
784,91,1438.48,580.22,398.75,289.67,1,-1,-1,-1
784,92,669.63,496.34,190.30,370.70,1,-1,-1,-1
784,94,583.82,545.61,315.98,329.77,1,-1,-1,-1
784,95,876.95,586.59,289.13,270.26,1,-1,-1,-1
784,96,1043.48,462.82,331.22,406.56,1,-1,-1,-1
784,98,1632.35,698.18,249.79,169.39,1,-1,-1,-1
784,99,59.33,457.69,354.77,408.62,1,-1,-1,-1
784,100,596.12,672.19,307.23,205.86,1,-1,-1,-1
784,103,1286.09,623.34,216.78,234.31,1,-1,-1,-1
784,104,5.10,664.84,362.07,222.09,1,-1,-1,-1
785,55,1433.50,593.36,413.58,269.58,1,-1,-1,-1
785,80,877.72,586.21,227.92,274.04,1,-1,-1,-1
785,84,589.92,466.27,306.29,403.50,1,-1,-1,-1
785,85,414.50,592.21,338.91,274.07,1,-1,-1,-1
785,88,9.64,437.09,355.08,441.97,1,-1,-1,-1
785,90,1441.29,547.54,226.12,314.48,1,-1,-1,-1
785,91,1451.53,604.56,434.74,258.30,1,-1,-1,-1
785,92,669.63,496.34,190.30,370.70,1,-1,-1,-1
785,94,407.24,655.53,292.83,212.15,1,-1,-1,-1
785,95,852.87,569.31,295.72,291.09,1,-1,-1,-1
785,96,1042.67,617.41,362.39,261.01,1,-1,-1,-1
785,98,1632.35,698.18,249.79,169.39,1,-1,-1,-1
785,99,59.33,457.69,354.77,408.62,1,-1,-1,-1
785,100,591.97,673.11,317.26,205.61,1,-1,-1,-1
785,103,1306.03,622.27,206.58,234.31,1,-1,-1,-1
785,104,7.36,605.75,362.65,273.66,1,-1,-1,-1
786,55,1433.50,593.36,413.58,269.58,1,-1,-1,-1
786,80,869.09,526.22,248.18,334.73,1,-1,-1,-1
786,84,597.74,439.95,304.75,432.60,1,-1,-1,-1
786,85,414.50,592.21,338.91,274.07,1,-1,-1,-1
786,88,182.01,465.97,194.18,401.58,1,-1,-1,-1
786,90,1441.29,547.54,226.12,314.48,1,-1,-1,-1
786,91,1443.29,584.86,406.03,283.10,1,-1,-1,-1
786,92,669.63,496.34,190.30,370.70,1,-1,-1,-1
786,94,389.76,666.36,287.68,201.63,1,-1,-1,-1
786,95,1020.36,538.45,345.98,331.10,1,-1,-1,-1
786,96,1053.24,632.60,351.29,246.42,1,-1,-1,-1
786,98,1632.35,698.18,249.79,169.39,1,-1,-1,-1
786,99,59.33,457.69,354.77,408.62,1,-1,-1,-1
786,100,592.85,618.23,325.46,259.31,1,-1,-1,-1
786,103,1311.80,623.39,202.65,232.84,1,-1,-1,-1
786,104,7.36,605.75,362.65,273.66,1,-1,-1,-1
787,55,1493.40,621.18,371.66,246.24,1,-1,-1,-1
787,80,869.75,504.60,225.61,357.73,1,-1,-1,-1
787,84,592.78,434.21,297.33,438.22,1,-1,-1,-1
787,85,416.87,595.78,332.46,269.60,1,-1,-1,-1
787,88,185.09,492.36,193.33,377.83,1,-1,-1,-1
787,91,1435.50,591.76,244.68,275.47,1,-1,-1,-1
787,92,669.63,496.34,190.30,370.70,1,-1,-1,-1
787,94,380.72,670.61,284.48,197.65,1,-1,-1,-1
787,95,1025.63,521.35,361.32,348.21,1,-1,-1,-1
787,96,1048.55,627.76,354.76,251.28,1,-1,-1,-1
787,98,1632.35,698.18,249.79,169.39,1,-1,-1,-1
787,99,59.33,457.69,354.77,408.62,1,-1,-1,-1
787,100,590.23,643.29,316.53,234.47,1,-1,-1,-1
787,103,1428.55,555.56,173.68,303.19,1,-1,-1,-1
787,104,1.77,544.97,368.61,333.09,1,-1,-1,-1
788,55,1456.37,639.85,404.58,225.15,1,-1,-1,-1
788,80,860.23,520.67,247.75,342.57,1,-1,-1,-1
788,84,590.40,446.46,282.92,424.99,1,-1,-1,-1
788,85,441.21,602.62,305.79,262.80,1,-1,-1,-1
788,88,193.17,527.29,185.25,341.84,1,-1,-1,-1
788,91,1431.99,583.13,227.70,283.24,1,-1,-1,-1
788,92,669.63,496.34,190.30,370.70,1,-1,-1,-1
788,94,369.51,672.57,208.76,187.92,1,-1,-1,-1
788,95,1005.40,509.73,285.69,360.40,1,-1,-1,-1
788,96,1041.25,633.11,353.69,243.70,1,-1,-1,-1
788,98,1632.35,698.18,249.79,169.39,1,-1,-1,-1
788,99,59.33,457.69,354.77,408.62,1,-1,-1,-1
788,100,590.39,612.05,292.01,264.18,1,-1,-1,-1
788,103,1436.23,542.97,194.78,320.75,1,-1,-1,-1
788,104,2.28,615.99,359.98,261.34,1,-1,-1,-1
789,55,1432.30,468.19,419.57,398.81,1,-1,-1,-1
789,80,855.91,560.27,206.40,304.63,1,-1,-1,-1
789,84,582.68,517.13,290.07,354.08,1,-1,-1,-1
789,85,441.21,602.62,305.79,262.80,1,-1,-1,-1
789,88,193.17,527.29,185.25,341.84,1,-1,-1,-1
789,91,1288.55,555.10,260.07,302.39,1,-1,-1,-1
789,92,669.63,496.34,190.30,370.70,1,-1,-1,-1
789,94,369.51,672.57,208.76,187.92,1,-1,-1,-1
789,95,1016.92,434.91,258.14,432.59,1,-1,-1,-1
789,96,1062.80,624.84,320.39,246.14,1,-1,-1,-1
789,98,1632.35,698.18,249.79,169.39,1,-1,-1,-1
789,99,59.33,457.69,354.77,408.62,1,-1,-1,-1
789,100,585.64,615.37,298.47,261.29,1,-1,-1,-1
789,103,1369.86,549.25,251.71,308.15,1,-1,-1,-1
789,104,2.39,586.65,353.01,292.28,1,-1,-1,-1
790,55,1439.91,460.44,405.00,407.24,1,-1,-1,-1
790,80,852.21,564.30,200.67,299.63,1,-1,-1,-1
790,84,687.78,561.03,182.59,307.32,1,-1,-1,-1
790,85,441.21,602.62,305.79,262.80,1,-1,-1,-1
790,88,174.68,581.85,199.33,288.15,1,-1,-1,-1
790,91,1226.58,616.25,240.98,242.23,1,-1,-1,-1
790,92,669.63,496.34,190.30,370.70,1,-1,-1,-1
790,94,369.51,672.57,208.76,187.92,1,-1,-1,-1
790,95,1004.43,420.24,238.56,449.48,1,-1,-1,-1
790,96,1076.38,599.21,304.08,271.20,1,-1,-1,-1
790,98,1632.35,698.18,249.79,169.39,1,-1,-1,-1
790,99,59.33,457.69,354.77,408.62,1,-1,-1,-1
790,100,575.75,593.83,292.77,273.69,1,-1,-1,-1
790,103,1417.80,547.76,239.82,317.99,1,-1,-1,-1
790,104,2.29,597.19,349.01,280.59,1,-1,-1,-1
790,106,1376.82,542.03,192.14,315.93,1,-1,-1,-1
791,55,1443.73,512.57,402.13,354.85,1,-1,-1,-1
791,80,848.01,580.70,219.89,283.31,1,-1,-1,-1
791,84,687.78,561.03,182.59,307.32,1,-1,-1,-1
791,85,442.89,603.11,316.12,264.10,1,-1,-1,-1
791,88,163.17,583.43,211.18,283.83,1,-1,-1,-1
791,91,1209.00,606.12,249.72,252.40,1,-1,-1,-1
791,92,669.63,496.34,190.30,370.70,1,-1,-1,-1
791,94,36.95,648.60,341.74,230.94,1,-1,-1,-1
791,95,1016.69,551.92,325.19,321.40,1,-1,-1,-1
791,96,1074.60,592.68,297.07,278.87,1,-1,-1,-1
791,98,1632.35,698.18,249.79,169.39,1,-1,-1,-1
791,99,59.33,457.69,354.77,408.62,1,-1,-1,-1
791,100,675.74,587.35,189.23,278.66,1,-1,-1,-1
791,103,1417.80,547.76,239.82,317.99,1,-1,-1,-1
791,104,1.98,597.60,349.25,280.35,1,-1,-1,-1
791,105,570.62,648.53,292.34,225.90,1,-1,-1,-1
791,106,1376.82,542.03,192.14,315.93,1,-1,-1,-1
792,55,1443.32,551.28,401.58,313.33,1,-1,-1,-1
792,80,847.74,594.91,230.33,268.61,1,-1,-1,-1
792,84,687.78,561.03,182.59,307.32,1,-1,-1,-1
792,85,447.59,598.89,308.75,269.18,1,-1,-1,-1
792,88,140.53,580.13,228.43,290.02,1,-1,-1,-1
792,91,1143.53,593.12,306.02,268.96,1,-1,-1,-1
792,92,669.63,496.34,190.30,370.70,1,-1,-1,-1
792,94,6.31,647.59,341.10,228.08,1,-1,-1,-1
792,95,1018.06,518.25,295.13,356.33,1,-1,-1,-1
792,96,1098.49,618.37,273.72,252.38,1,-1,-1,-1
792,98,1632.35,698.18,249.79,169.39,1,-1,-1,-1
792,99,59.33,457.69,354.77,408.62,1,-1,-1,-1
792,100,666.55,598.18,197.69,268.75,1,-1,-1,-1
792,103,1441.34,635.34,375.28,233.84,1,-1,-1,-1
792,104,0.20,679.35,358.64,201.99,1,-1,-1,-1
792,105,566.31,649.98,299.49,224.93,1,-1,-1,-1
792,106,1376.82,542.03,192.14,315.93,1,-1,-1,-1
793,55,1438.44,570.60,391.94,294.51,1,-1,-1,-1
793,80,848.33,598.13,242.36,264.68,1,-1,-1,-1
793,84,687.78,561.03,182.59,307.32,1,-1,-1,-1
793,85,446.70,595.78,312.40,270.58,1,-1,-1,-1
793,88,140.53,580.13,228.43,290.02,1,-1,-1,-1
793,91,1144.82,591.45,295.10,271.50,1,-1,-1,-1
793,92,669.63,496.34,190.30,370.70,1,-1,-1,-1
793,94,3.18,639.26,339.63,237.59,1,-1,-1,-1
793,95,1024.27,540.80,284.01,331.91,1,-1,-1,-1
793,96,1094.35,628.62,274.35,240.91,1,-1,-1,-1
793,98,1632.35,698.18,249.79,169.39,1,-1,-1,-1
793,99,59.33,457.69,354.77,408.62,1,-1,-1,-1
793,100,659.42,608.15,204.06,259.64,1,-1,-1,-1
793,103,1323.10,608.91,260.82,242.78,1,-1,-1,-1
793,104,0.02,667.68,350.12,214.06,1,-1,-1,-1
793,105,567.21,648.65,298.96,226.41,1,-1,-1,-1
793,106,1557.47,592.30,268.63,264.84,1,-1,-1,-1
794,55,1420.58,444.39,267.21,421.46,1,-1,-1,-1
794,80,1012.35,620.58,334.42,252.32,1,-1,-1,-1
794,84,831.53,592.77,219.70,269.75,1,-1,-1,-1
794,85,513.89,595.99,224.68,269.67,1,-1,-1,-1
794,88,140.53,580.13,228.43,290.02,1,-1,-1,-1
794,91,1149.73,601.31,293.69,259.01,1,-1,-1,-1
794,92,669.63,496.34,190.30,370.70,1,-1,-1,-1
794,94,3.47,658.71,334.42,216.39,1,-1,-1,-1
794,95,1204.33,594.60,245.51,260.65,1,-1,-1,-1
794,96,1081.83,621.99,293.64,247.88,1,-1,-1,-1
794,98,1632.35,698.18,249.79,169.39,1,-1,-1,-1
794,99,59.33,457.69,354.77,408.62,1,-1,-1,-1
794,100,659.42,608.15,204.06,259.64,1,-1,-1,-1
794,103,1294.90,600.78,269.50,246.70,1,-1,-1,-1
794,104,0.00,688.69,350.60,193.24,1,-1,-1,-1
794,105,565.98,620.43,294.47,254.04,1,-1,-1,-1
794,106,1439.24,444.08,334.00,413.57,1,-1,-1,-1
794,107,147.30,579.75,213.48,292.90,1,-1,-1,-1
795,55,1444.07,399.22,205.02,468.03,1,-1,-1,-1
795,80,1021.31,585.31,302.60,288.37,1,-1,-1,-1
795,84,844.62,594.28,218.62,265.81,1,-1,-1,-1
795,85,535.53,602.60,198.24,264.54,1,-1,-1,-1
795,88,140.53,580.13,228.43,290.02,1,-1,-1,-1
795,91,1149.55,611.23,286.87,248.21,1,-1,-1,-1
795,92,669.63,496.34,190.30,370.70,1,-1,-1,-1
795,94,3.50,663.44,331.16,210.85,1,-1,-1,-1
795,95,1216.97,613.43,232.97,239.18,1,-1,-1,-1
795,96,1028.14,631.60,347.87,241.84,1,-1,-1,-1
795,98,1632.35,698.18,249.79,169.39,1,-1,-1,-1
795,99,59.33,457.69,354.77,408.62,1,-1,-1,-1
795,100,669.91,604.53,190.63,264.24,1,-1,-1,-1
795,103,1289.74,604.84,254.33,240.92,1,-1,-1,-1
795,104,0.00,696.58,349.01,185.40,1,-1,-1,-1
795,105,562.66,617.72,294.99,256.88,1,-1,-1,-1
795,106,1449.79,553.95,374.00,312.28,1,-1,-1,-1
795,107,144.27,577.37,212.57,296.01,1,-1,-1,-1
796,55,1444.07,399.22,205.02,468.03,1,-1,-1,-1
796,80,1067.76,635.78,305.64,233.39,1,-1,-1,-1
796,84,845.57,594.23,224.60,266.49,1,-1,-1,-1
796,85,529.99,601.99,213.36,267.42,1,-1,-1,-1
796,88,140.53,580.13,228.43,290.02,1,-1,-1,-1
796,91,1149.55,611.23,286.87,248.21,1,-1,-1,-1
796,92,669.63,496.34,190.30,370.70,1,-1,-1,-1
796,94,2.50,606.62,333.50,270.02,1,-1,-1,-1
796,95,1216.97,613.43,232.97,239.18,1,-1,-1,-1
796,96,1023.76,585.24,287.41,288.46,1,-1,-1,-1
796,98,1632.35,698.18,249.79,169.39,1,-1,-1,-1
796,99,59.33,457.69,354.77,408.62,1,-1,-1,-1
796,100,674.81,601.01,181.77,267.40,1,-1,-1,-1
796,103,1277.94,605.69,264.74,242.56,1,-1,-1,-1
796,104,0.00,696.58,349.01,185.40,1,-1,-1,-1
796,105,560.67,633.24,292.62,240.20,1,-1,-1,-1
796,106,1446.51,586.54,403.41,274.72,1,-1,-1,-1
796,107,131.17,579.80,223.62,294.34,1,-1,-1,-1
797,55,1444.07,399.22,205.02,468.03,1,-1,-1,-1
797,80,1067.76,635.78,305.64,233.39,1,-1,-1,-1
797,84,841.84,594.39,245.01,265.16,1,-1,-1,-1
797,85,532.73,606.17,202.94,262.95,1,-1,-1,-1
797,88,140.53,580.13,228.43,290.02,1,-1,-1,-1
797,91,1110.64,651.85,272.21,212.93,1,-1,-1,-1
797,92,669.63,496.34,190.30,370.70,1,-1,-1,-1
797,94,2.64,600.48,332.91,275.13,1,-1,-1,-1
797,95,1442.63,586.16,328.41,275.63,1,-1,-1,-1
797,96,1022.59,578.12,276.47,292.81,1,-1,-1,-1
797,98,1632.35,698.18,249.79,169.39,1,-1,-1,-1
797,99,59.33,457.69,354.77,408.62,1,-1,-1,-1
797,100,676.78,599.44,177.89,267.97,1,-1,-1,-1
797,103,1260.37,620.80,286.57,227.00,1,-1,-1,-1
797,104,0.00,696.58,349.01,185.40,1,-1,-1,-1
797,105,558.29,633.66,294.56,237.96,1,-1,-1,-1
797,106,1448.28,593.75,391.21,266.78,1,-1,-1,-1
797,107,124.65,581.72,229.89,291.38,1,-1,-1,-1
798,55,1444.07,399.22,205.02,468.03,1,-1,-1,-1
798,80,1067.76,635.78,305.64,233.39,1,-1,-1,-1
798,84,840.50,595.07,232.02,264.18,1,-1,-1,-1
798,85,462.00,608.62,266.85,257.72,1,-1,-1,-1
798,88,140.53,580.13,228.43,290.02,1,-1,-1,-1
798,91,1099.65,651.57,283.02,213.59,1,-1,-1,-1
798,92,669.63,496.34,190.30,370.70,1,-1,-1,-1
798,94,2.83,616.37,332.46,256.90,1,-1,-1,-1
798,95,1462.86,552.15,257.61,300.35,1,-1,-1,-1
798,96,1023.51,578.02,273.57,292.26,1,-1,-1,-1
798,98,1632.35,698.18,249.79,169.39,1,-1,-1,-1
798,99,59.33,457.69,354.77,408.62,1,-1,-1,-1
798,100,644.14,597.24,208.95,270.55,1,-1,-1,-1
798,103,1249.93,622.72,288.06,226.69,1,-1,-1,-1
798,104,0.00,696.58,349.01,185.40,1,-1,-1,-1
798,105,556.88,606.65,294.84,264.66,1,-1,-1,-1
798,106,1448.55,662.17,380.23,202.52,1,-1,-1,-1
798,107,128.53,581.54,223.05,291.25,1,-1,-1,-1
799,55,1444.07,399.22,205.02,468.03,1,-1,-1,-1
799,80,1067.76,635.78,305.64,233.39,1,-1,-1,-1
799,84,841.80,595.32,216.25,261.67,1,-1,-1,-1
799,85,522.93,613.50,200.44,253.21,1,-1,-1,-1
799,88,14.05,631.56,332.49,246.89,1,-1,-1,-1
799,91,1098.56,655.04,279.49,207.84,1,-1,-1,-1
799,92,669.63,496.34,190.30,370.70,1,-1,-1,-1
799,94,2.77,617.76,328.59,255.22,1,-1,-1,-1
799,95,1560.20,661.30,264.01,190.59,1,-1,-1,-1
799,96,1010.24,573.99,274.33,296.13,1,-1,-1,-1
799,98,1632.35,698.18,249.79,169.39,1,-1,-1,-1
799,99,59.33,457.69,354.77,408.62,1,-1,-1,-1
799,100,558.78,633.15,288.01,237.08,1,-1,-1,-1
799,103,1268.68,657.60,284.15,194.76,1,-1,-1,-1
799,104,0.00,696.58,349.01,185.40,1,-1,-1,-1
799,105,547.93,598.15,299.72,272.03,1,-1,-1,-1
799,106,1446.95,656.59,358.53,206.49,1,-1,-1,-1
799,107,125.79,582.46,221.83,289.43,1,-1,-1,-1
799,108,1439.68,572.84,298.24,285.15,1,-1,-1,-1
800,55,1444.07,399.22,205.02,468.03,1,-1,-1,-1
800,80,1093.01,655.78,296.52,207.81,1,-1,-1,-1
800,84,841.57,595.23,208.94,259.33,1,-1,-1,-1
800,85,522.93,613.50,200.44,253.21,1,-1,-1,-1
800,88,14.05,631.56,332.49,246.89,1,-1,-1,-1
800,91,1004.15,581.96,285.98,286.96,1,-1,-1,-1
800,92,669.63,496.34,190.30,370.70,1,-1,-1,-1
800,94,0.28,604.44,343.53,274.47,1,-1,-1,-1
800,95,1567.79,670.17,263.86,180.23,1,-1,-1,-1
800,96,1007.96,573.01,270.43,296.27,1,-1,-1,-1
800,99,59.33,457.69,354.77,408.62,1,-1,-1,-1
800,100,558.78,633.15,288.01,237.08,1,-1,-1,-1
800,103,1260.49,670.31,278.55,182.49,1,-1,-1,-1
800,104,0.00,696.58,349.01,185.40,1,-1,-1,-1
800,105,545.27,625.20,304.68,245.62,1,-1,-1,-1
800,106,1445.54,665.44,372.30,197.03,1,-1,-1,-1
800,107,125.79,582.46,221.83,289.43,1,-1,-1,-1
800,108,1451.83,576.95,229.26,281.85,1,-1,-1,-1
801,55,1444.07,399.22,205.02,468.03,1,-1,-1,-1
801,80,1109.49,663.24,289.70,200.45,1,-1,-1,-1
801,84,847.19,591.67,197.31,259.98,1,-1,-1,-1
801,85,534.35,613.74,186.17,253.00,1,-1,-1,-1
801,88,14.05,631.56,332.49,246.89,1,-1,-1,-1
801,91,1004.15,581.96,285.98,286.96,1,-1,-1,-1
801,92,669.63,496.34,190.30,370.70,1,-1,-1,-1
801,94,2.85,596.56,331.21,274.10,1,-1,-1,-1
801,95,1509.87,641.15,321.41,212.51,1,-1,-1,-1
801,96,990.28,576.00,289.41,292.70,1,-1,-1,-1
801,99,59.33,457.69,354.77,408.62,1,-1,-1,-1
801,100,659.26,597.42,187.55,266.09,1,-1,-1,-1
801,103,1262.72,667.41,286.52,178.24,1,-1,-1,-1
801,104,0.00,696.58,349.01,185.40,1,-1,-1,-1
801,105,545.84,624.10,303.58,245.22,1,-1,-1,-1
801,106,1445.16,658.20,376.91,203.35,1,-1,-1,-1
801,107,125.79,582.46,221.83,289.43,1,-1,-1,-1
801,108,1443.76,576.22,231.98,282.36,1,-1,-1,-1
802,55,1444.07,399.22,205.02,468.03,1,-1,-1,-1
802,80,1109.30,659.32,301.98,204.06,1,-1,-1,-1
802,84,833.08,588.04,216.01,265.10,1,-1,-1,-1
802,85,535.14,614.40,188.32,251.30,1,-1,-1,-1
802,88,14.05,631.56,332.49,246.89,1,-1,-1,-1
802,91,1004.15,581.96,285.98,286.96,1,-1,-1,-1
802,92,669.63,496.34,190.30,370.70,1,-1,-1,-1
802,94,0.29,617.13,337.76,259.02,1,-1,-1,-1
802,95,1509.87,641.15,321.41,212.51,1,-1,-1,-1
802,96,992.95,578.85,284.22,288.28,1,-1,-1,-1
802,99,59.33,457.69,354.77,408.62,1,-1,-1,-1
802,100,651.35,610.09,206.34,252.23,1,-1,-1,-1
802,103,1269.75,653.89,270.84,191.35,1,-1,-1,-1
802,104,0.00,696.58,349.01,185.40,1,-1,-1,-1
802,105,546.51,637.40,313.77,231.49,1,-1,-1,-1
802,106,1450.80,636.96,370.62,220.40,1,-1,-1,-1
802,107,125.79,582.46,221.83,289.43,1,-1,-1,-1
802,108,1444.08,571.59,228.34,285.74,1,-1,-1,-1
803,55,1444.07,399.22,205.02,468.03,1,-1,-1,-1
803,80,1106.97,658.94,302.98,204.28,1,-1,-1,-1
803,84,831.82,579.10,220.20,273.29,1,-1,-1,-1
803,85,513.37,613.78,194.85,247.29,1,-1,-1,-1
803,88,14.05,631.56,332.49,246.89,1,-1,-1,-1
803,91,1004.15,581.96,285.98,286.96,1,-1,-1,-1
803,92,669.63,496.34,190.30,370.70,1,-1,-1,-1
803,94,0.03,604.00,337.93,271.66,1,-1,-1,-1
803,95,1509.87,641.15,321.41,212.51,1,-1,-1,-1
803,96,993.71,591.87,269.68,273.54,1,-1,-1,-1
803,99,59.33,457.69,354.77,408.62,1,-1,-1,-1
803,100,684.10,607.82,166.15,250.11,1,-1,-1,-1
803,103,1284.74,612.91,247.11,230.46,1,-1,-1,-1
803,104,0.00,696.58,349.01,185.40,1,-1,-1,-1
803,105,547.43,640.03,311.29,228.89,1,-1,-1,-1
803,106,1460.99,624.83,365.46,233.59,1,-1,-1,-1
803,107,120.96,586.72,217.46,282.15,1,-1,-1,-1
803,108,1443.92,560.21,255.75,296.84,1,-1,-1,-1
804,55,1444.07,399.22,205.02,468.03,1,-1,-1,-1
804,80,1085.87,625.84,287.50,236.91,1,-1,-1,-1
804,84,819.22,506.64,238.77,346.79,1,-1,-1,-1
804,85,544.77,455.97,287.18,411.04,1,-1,-1,-1
804,88,126.86,565.09,366.40,292.05,1,-1,-1,-1
804,91,1004.15,581.96,285.98,286.96,1,-1,-1,-1
804,92,669.63,496.34,190.30,370.70,1,-1,-1,-1
804,94,1.02,615.61,332.07,258.50,1,-1,-1,-1
804,95,1478.98,654.75,341.31,202.15,1,-1,-1,-1
804,96,998.97,535.03,308.16,330.94,1,-1,-1,-1
804,99,59.33,457.69,354.77,408.62,1,-1,-1,-1
804,100,662.94,599.28,202.47,261.08,1,-1,-1,-1
804,103,1271.67,552.44,264.04,292.82,1,-1,-1,-1
804,104,0.00,696.58,349.01,185.40,1,-1,-1,-1
804,105,545.48,634.50,306.40,234.72,1,-1,-1,-1
804,106,1521.52,568.67,301.55,281.17,1,-1,-1,-1
804,107,131.52,525.74,203.23,332.40,1,-1,-1,-1
804,108,1418.57,436.99,290.00,417.43,1,-1,-1,-1
805,55,1444.07,399.22,205.02,468.03,1,-1,-1,-1
805,80,1066.98,591.87,302.93,271.82,1,-1,-1,-1
805,84,809.54,486.81,260.16,368.77,1,-1,-1,-1
805,85,544.10,454.13,304.15,411.44,1,-1,-1,-1
805,88,126.86,565.09,366.40,292.05,1,-1,-1,-1
805,91,1004.15,581.96,285.98,286.96,1,-1,-1,-1
805,92,669.63,496.34,190.30,370.70,1,-1,-1,-1
805,94,0.10,558.95,319.30,314.18,1,-1,-1,-1
805,95,1432.09,428.44,339.02,425.78,1,-1,-1,-1
805,96,974.00,485.28,323.51,375.25,1,-1,-1,-1
805,99,59.33,457.69,354.77,408.62,1,-1,-1,-1
805,100,628.68,585.06,239.53,278.27,1,-1,-1,-1
805,103,1254.90,531.12,273.62,314.00,1,-1,-1,-1
805,104,0.00,696.58,349.01,185.40,1,-1,-1,-1
805,105,536.69,624.47,314.94,244.39,1,-1,-1,-1
805,106,1528.31,523.85,260.20,325.22,1,-1,-1,-1
805,107,82.15,463.37,238.52,396.83,1,-1,-1,-1
805,108,1416.51,403.33,235.45,449.53,1,-1,-1,-1
806,55,1444.07,399.22,205.02,468.03,1,-1,-1,-1
806,80,1147.64,602.56,316.78,246.02,1,-1,-1,-1
806,84,961.86,421.53,283.97,438.62,1,-1,-1,-1
806,85,541.41,483.86,305.66,380.55,1,-1,-1,-1
806,88,13.57,578.27,322.23,292.64,1,-1,-1,-1
806,91,824.65,504.35,265.41,352.29,1,-1,-1,-1
806,92,669.63,496.34,190.30,370.70,1,-1,-1,-1
806,94,0.01,556.53,202.37,315.60,1,-1,-1,-1
806,95,1419.99,404.76,311.31,447.87,1,-1,-1,-1
806,96,1082.24,550.83,271.99,314.80,1,-1,-1,-1
806,99,59.33,457.69,354.77,408.62,1,-1,-1,-1
806,100,628.68,585.06,239.53,278.27,1,-1,-1,-1
806,103,1264.70,592.20,265.12,250.92,1,-1,-1,-1
806,104,0.00,696.58,349.01,185.40,1,-1,-1,-1
806,105,535.08,617.26,317.91,252.65,1,-1,-1,-1
806,106,1466.59,557.46,342.68,297.24,1,-1,-1,-1
806,107,8.99,421.57,305.43,453.45,1,-1,-1,-1
806,108,1424.73,403.45,217.40,446.23,1,-1,-1,-1
806,109,355.63,516.93,390.59,338.82,1,-1,-1,-1
807,55,1444.07,399.22,205.02,468.03,1,-1,-1,-1
807,80,1136.35,585.93,297.46,260.36,1,-1,-1,-1
807,84,971.16,398.63,359.89,457.88,1,-1,-1,-1
807,85,315.37,492.12,380.42,366.88,1,-1,-1,-1
807,88,1.64,606.78,314.48,268.06,1,-1,-1,-1
807,91,800.76,533.98,277.68,317.25,1,-1,-1,-1
807,92,669.63,496.34,190.30,370.70,1,-1,-1,-1
807,94,74.85,549.04,252.35,318.77,1,-1,-1,-1
807,95,1419.99,404.76,311.31,447.87,1,-1,-1,-1
807,96,1109.37,541.56,256.70,313.94,1,-1,-1,-1
807,99,59.33,457.69,354.77,408.62,1,-1,-1,-1
807,100,628.68,585.06,239.53,278.27,1,-1,-1,-1
807,103,1252.61,585.23,283.66,258.15,1,-1,-1,-1
807,104,0.00,627.10,326.54,254.15,1,-1,-1,-1
807,105,535.08,617.26,317.91,252.65,1,-1,-1,-1
807,106,1465.64,550.16,352.24,301.42,1,-1,-1,-1
807,107,1.62,415.53,310.66,449.10,1,-1,-1,-1
807,108,1388.18,445.08,360.54,409.99,1,-1,-1,-1
807,109,349.04,496.06,353.50,363.67,1,-1,-1,-1
808,55,1444.07,399.22,205.02,468.03,1,-1,-1,-1
808,80,1342.14,472.95,379.39,384.49,1,-1,-1,-1
808,84,971.03,435.66,375.97,422.22,1,-1,-1,-1
808,85,315.37,492.12,380.42,366.88,1,-1,-1,-1
808,88,1.64,606.78,314.48,268.06,1,-1,-1,-1
808,91,796.29,579.14,297.14,270.17,1,-1,-1,-1
808,92,669.63,496.34,190.30,370.70,1,-1,-1,-1
808,94,8.85,527.38,359.90,337.19,1,-1,-1,-1
808,95,1419.99,404.76,311.31,447.87,1,-1,-1,-1
808,96,1055.03,512.54,343.52,340.73,1,-1,-1,-1
808,99,59.33,457.69,354.77,408.62,1,-1,-1,-1
808,100,628.68,585.06,239.53,278.27,1,-1,-1,-1
808,103,1255.72,573.15,273.99,269.51,1,-1,-1,-1
808,104,0.00,623.11,327.15,258.53,1,-1,-1,-1
808,105,535.08,617.26,317.91,252.65,1,-1,-1,-1
808,106,1480.05,532.76,339.16,316.77,1,-1,-1,-1
808,107,0.48,401.14,304.36,473.16,1,-1,-1,-1
808,108,1455.70,522.08,346.64,329.55,1,-1,-1,-1
808,109,355.41,488.99,321.59,369.84,1,-1,-1,-1
809,55,1444.07,399.22,205.02,468.03,1,-1,-1,-1
809,80,1342.14,472.95,379.39,384.49,1,-1,-1,-1
809,84,977.09,455.67,364.88,412.18,1,-1,-1,-1
809,85,126.21,497.51,382.66,358.72,1,-1,-1,-1
809,88,1.64,606.78,314.48,268.06,1,-1,-1,-1
809,91,800.56,530.26,279.45,317.24,1,-1,-1,-1
809,94,8.85,527.38,359.90,337.19,1,-1,-1,-1
809,95,1419.99,404.76,311.31,447.87,1,-1,-1,-1
809,96,1155.49,551.27,252.22,298.48,1,-1,-1,-1
809,99,59.33,457.69,354.77,408.62,1,-1,-1,-1
809,100,628.68,585.06,239.53,278.27,1,-1,-1,-1
809,103,1222.52,563.91,293.33,268.51,1,-1,-1,-1
809,104,0.00,623.11,327.15,258.53,1,-1,-1,-1
809,105,526.33,518.89,315.19,347.11,1,-1,-1,-1
809,106,1292.54,561.84,274.91,272.83,1,-1,-1,-1
809,107,0.05,433.14,299.32,448.09,1,-1,-1,-1
809,108,1476.35,400.10,341.00,449.99,1,-1,-1,-1
809,109,396.38,526.29,293.19,330.60,1,-1,-1,-1
810,55,1444.07,399.22,205.02,468.03,1,-1,-1,-1
810,80,1448.92,486.51,355.00,366.03,1,-1,-1,-1
810,84,978.92,444.08,364.84,425.57,1,-1,-1,-1
810,85,126.21,497.51,382.66,358.72,1,-1,-1,-1
810,88,1.64,606.78,314.48,268.06,1,-1,-1,-1
810,91,809.61,516.72,268.57,333.27,1,-1,-1,-1
810,94,8.85,527.38,359.90,337.19,1,-1,-1,-1
810,95,1419.99,404.76,311.31,447.87,1,-1,-1,-1
810,96,1155.49,551.27,252.22,298.48,1,-1,-1,-1
810,99,59.33,457.69,354.77,408.62,1,-1,-1,-1
810,100,628.68,585.06,239.53,278.27,1,-1,-1,-1
810,103,1233.39,563.96,273.35,280.44,1,-1,-1,-1
810,104,0.00,623.11,327.15,258.53,1,-1,-1,-1
810,105,529.87,491.40,305.87,374.78,1,-1,-1,-1
810,106,1392.23,366.52,316.12,489.37,1,-1,-1,-1
810,107,0.00,465.54,313.01,413.11,1,-1,-1,-1
810,108,1455.60,475.75,353.88,377.30,1,-1,-1,-1
810,109,386.41,542.77,296.82,312.68,1,-1,-1,-1
811,55,1444.07,399.22,205.02,468.03,1,-1,-1,-1
811,80,1448.92,486.51,355.00,366.03,1,-1,-1,-1
811,84,968.02,433.08,366.47,436.81,1,-1,-1,-1
811,85,126.21,497.51,382.66,358.72,1,-1,-1,-1
811,88,1.64,606.78,314.48,268.06,1,-1,-1,-1
811,91,811.19,504.34,245.45,349.08,1,-1,-1,-1
811,94,8.85,527.38,359.90,337.19,1,-1,-1,-1
811,95,1419.99,404.76,311.31,447.87,1,-1,-1,-1
811,96,1143.47,505.98,260.86,346.99,1,-1,-1,-1
811,99,59.33,457.69,354.77,408.62,1,-1,-1,-1
811,100,628.68,585.06,239.53,278.27,1,-1,-1,-1
811,103,1248.40,484.63,245.83,358.72,1,-1,-1,-1
811,104,0.00,623.11,327.15,258.53,1,-1,-1,-1
811,105,527.23,471.08,304.24,397.79,1,-1,-1,-1
811,106,1390.98,401.44,377.04,455.04,1,-1,-1,-1
811,107,0.00,458.56,322.24,421.54,1,-1,-1,-1
811,108,1457.86,474.17,351.88,379.16,1,-1,-1,-1
811,109,362.27,528.18,295.27,330.87,1,-1,-1,-1
812,55,1444.07,399.22,205.02,468.03,1,-1,-1,-1
812,80,1448.92,486.51,355.00,366.03,1,-1,-1,-1
812,84,949.70,432.99,375.51,438.95,1,-1,-1,-1
812,85,126.21,497.51,382.66,358.72,1,-1,-1,-1
812,88,1.64,606.78,314.48,268.06,1,-1,-1,-1
812,91,798.27,517.97,250.89,338.08,1,-1,-1,-1
812,94,8.85,527.38,359.90,337.19,1,-1,-1,-1
812,95,1419.99,404.76,311.31,447.87,1,-1,-1,-1
812,96,1153.13,555.53,268.47,302.54,1,-1,-1,-1
812,99,59.33,457.69,354.77,408.62,1,-1,-1,-1
812,100,521.75,491.77,316.25,378.73,1,-1,-1,-1
812,103,1247.81,497.01,223.24,341.70,1,-1,-1,-1
812,104,0.00,623.11,327.15,258.53,1,-1,-1,-1
812,105,511.59,481.11,319.50,391.47,1,-1,-1,-1
812,106,1354.52,419.79,275.52,435.06,1,-1,-1,-1
812,107,0.00,449.42,309.23,428.67,1,-1,-1,-1
812,108,1446.50,479.20,365.25,372.28,1,-1,-1,-1
812,109,324.12,516.22,313.77,339.73,1,-1,-1,-1
813,55,1444.07,399.22,205.02,468.03,1,-1,-1,-1
813,80,1448.92,486.51,355.00,366.03,1,-1,-1,-1
813,84,946.96,439.35,374.98,430.52,1,-1,-1,-1
813,85,126.21,497.51,382.66,358.72,1,-1,-1,-1
813,88,1.64,606.78,314.48,268.06,1,-1,-1,-1
813,91,785.60,541.21,263.55,313.61,1,-1,-1,-1
813,94,288.29,520.78,323.23,336.36,1,-1,-1,-1
813,95,1419.99,404.76,311.31,447.87,1,-1,-1,-1
813,96,1109.92,563.13,312.79,298.17,1,-1,-1,-1
813,99,59.33,457.69,354.77,408.62,1,-1,-1,-1
813,100,500.40,489.63,333.90,380.18,1,-1,-1,-1
813,103,1313.03,438.23,356.13,415.28,1,-1,-1,-1
813,104,0.00,623.11,327.15,258.53,1,-1,-1,-1
813,105,511.59,481.11,319.50,391.47,1,-1,-1,-1
813,106,1329.98,434.72,298.98,420.58,1,-1,-1,-1
813,107,0.01,445.86,305.64,429.96,1,-1,-1,-1
813,108,1444.58,474.98,367.23,377.58,1,-1,-1,-1
813,109,330.70,510.26,313.87,353.06,1,-1,-1,-1
814,55,1444.07,399.22,205.02,468.03,1,-1,-1,-1
814,80,1448.92,486.51,355.00,366.03,1,-1,-1,-1
814,84,939.99,484.67,377.22,382.68,1,-1,-1,-1
814,85,126.21,497.51,382.66,358.72,1,-1,-1,-1
814,88,1.64,606.78,314.48,268.06,1,-1,-1,-1
814,91,777.54,588.56,278.66,269.64,1,-1,-1,-1
814,94,333.83,528.61,336.32,333.98,1,-1,-1,-1
814,95,1419.99,404.76,311.31,447.87,1,-1,-1,-1
814,96,1087.30,578.20,331.43,281.91,1,-1,-1,-1
814,100,494.68,501.02,337.33,371.06,1,-1,-1,-1
814,103,1313.03,438.23,356.13,415.28,1,-1,-1,-1
814,104,0.00,623.11,327.15,258.53,1,-1,-1,-1
814,105,511.59,481.11,319.50,391.47,1,-1,-1,-1
814,106,1331.64,453.86,354.93,406.06,1,-1,-1,-1
814,107,0.36,458.87,337.27,416.45,1,-1,-1,-1
814,108,1417.42,479.75,388.58,378.98,1,-1,-1,-1
814,109,326.06,595.27,294.33,266.34,1,-1,-1,-1
815,55,1444.07,399.22,205.02,468.03,1,-1,-1,-1
815,80,1448.92,486.51,355.00,366.03,1,-1,-1,-1
815,84,928.17,517.32,387.62,347.81,1,-1,-1,-1
815,85,126.21,497.51,382.66,358.72,1,-1,-1,-1
815,88,1.64,606.78,314.48,268.06,1,-1,-1,-1
815,91,782.44,604.45,254.50,255.84,1,-1,-1,-1
815,94,359.31,540.90,284.11,321.98,1,-1,-1,-1
815,95,1419.99,404.76,311.31,447.87,1,-1,-1,-1
815,96,1080.03,608.87,349.67,252.53,1,-1,-1,-1
815,100,498.45,512.03,325.16,360.15,1,-1,-1,-1
815,103,1328.65,467.04,382.55,392.37,1,-1,-1,-1
815,104,0.00,623.11,327.15,258.53,1,-1,-1,-1
815,105,511.59,481.11,319.50,391.47,1,-1,-1,-1
815,106,1327.82,465.69,361.55,392.33,1,-1,-1,-1
815,107,0.51,479.21,322.11,395.95,1,-1,-1,-1
815,108,1425.50,490.94,376.02,365.46,1,-1,-1,-1
815,109,319.81,625.76,250.83,234.70,1,-1,-1,-1
816,55,1444.07,399.22,205.02,468.03,1,-1,-1,-1
816,80,1448.92,486.51,355.00,366.03,1,-1,-1,-1
816,84,902.02,538.42,238.83,319.01,1,-1,-1,-1
816,85,126.21,497.51,382.66,358.72,1,-1,-1,-1
816,88,1.64,606.78,314.48,268.06,1,-1,-1,-1
816,91,776.72,605.60,259.62,255.86,1,-1,-1,-1
816,94,323.94,558.47,289.66,305.43,1,-1,-1,-1
816,95,1419.99,404.76,311.31,447.87,1,-1,-1,-1
816,96,941.09,560.14,386.08,307.34,1,-1,-1,-1
816,100,498.94,528.27,324.20,342.53,1,-1,-1,-1
816,103,1328.62,497.05,404.34,362.45,1,-1,-1,-1
816,104,0.00,623.11,327.15,258.53,1,-1,-1,-1
816,105,511.59,481.11,319.50,391.47,1,-1,-1,-1
816,106,1327.82,465.69,361.55,392.33,1,-1,-1,-1
816,107,0.29,483.58,317.93,389.22,1,-1,-1,-1
816,108,1430.26,516.45,372.87,339.01,1,-1,-1,-1
816,109,319.81,625.76,250.83,234.70,1,-1,-1,-1
817,55,1444.07,399.22,205.02,468.03,1,-1,-1,-1
817,80,1448.92,486.51,355.00,366.03,1,-1,-1,-1
817,84,902.02,538.42,238.83,319.01,1,-1,-1,-1
817,85,126.21,497.51,382.66,358.72,1,-1,-1,-1
817,88,1.64,606.78,314.48,268.06,1,-1,-1,-1
817,91,777.62,602.36,268.90,259.88,1,-1,-1,-1
817,94,322.61,571.22,294.05,293.34,1,-1,-1,-1
817,95,1419.99,404.76,311.31,447.87,1,-1,-1,-1
817,96,918.91,565.90,400.03,303.35,1,-1,-1,-1
817,100,495.29,539.77,330.09,328.44,1,-1,-1,-1
817,103,1329.65,513.88,421.39,345.47,1,-1,-1,-1
817,104,0.00,623.11,327.15,258.53,1,-1,-1,-1
817,105,511.59,481.11,319.50,391.47,1,-1,-1,-1
817,106,1327.82,465.69,361.55,392.33,1,-1,-1,-1
817,107,1.20,530.51,318.05,339.73,1,-1,-1,-1
817,108,1422.51,534.14,375.13,320.37,1,-1,-1,-1
817,109,319.81,625.76,250.83,234.70,1,-1,-1,-1
818,55,1444.07,399.22,205.02,468.03,1,-1,-1,-1
818,80,1448.92,486.51,355.00,366.03,1,-1,-1,-1
818,84,911.54,568.53,386.21,302.41,1,-1,-1,-1
818,85,126.21,497.51,382.66,358.72,1,-1,-1,-1
818,88,1.64,606.78,314.48,268.06,1,-1,-1,-1
818,91,778.37,596.46,279.74,263.53,1,-1,-1,-1
818,94,317.30,580.93,302.15,282.82,1,-1,-1,-1
818,95,1419.99,404.76,311.31,447.87,1,-1,-1,-1
818,96,1036.22,613.29,327.91,250.25,1,-1,-1,-1
818,100,496.36,550.72,329.67,316.94,1,-1,-1,-1
818,103,1332.38,528.42,447.90,331.69,1,-1,-1,-1
818,104,0.00,623.11,327.15,258.53,1,-1,-1,-1
818,105,511.59,481.11,319.50,391.47,1,-1,-1,-1
818,106,1327.82,465.69,361.55,392.33,1,-1,-1,-1
818,107,1.63,552.27,318.57,318.27,1,-1,-1,-1
818,108,1422.51,534.14,375.13,320.37,1,-1,-1,-1
818,109,319.81,625.76,250.83,234.70,1,-1,-1,-1
819,55,1444.07,399.22,205.02,468.03,1,-1,-1,-1
819,80,1448.92,486.51,355.00,366.03,1,-1,-1,-1
819,84,913.92,573.42,405.73,299.78,1,-1,-1,-1
819,85,126.21,497.51,382.66,358.72,1,-1,-1,-1
819,88,1.64,606.78,314.48,268.06,1,-1,-1,-1
819,91,779.49,599.49,277.85,260.89,1,-1,-1,-1
819,94,325.14,587.07,286.43,278.09,1,-1,-1,-1
819,95,1419.99,404.76,311.31,447.87,1,-1,-1,-1
819,96,1048.09,620.41,334.73,245.21,1,-1,-1,-1
819,100,496.36,550.72,329.67,316.94,1,-1,-1,-1
819,103,1333.82,548.33,460.06,312.12,1,-1,-1,-1
819,104,0.00,623.11,327.15,258.53,1,-1,-1,-1
819,105,511.59,481.11,319.50,391.47,1,-1,-1,-1
819,106,1330.66,531.33,433.68,329.31,1,-1,-1,-1
819,107,1.65,563.91,320.86,307.56,1,-1,-1,-1
819,108,1416.50,553.10,378.15,304.62,1,-1,-1,-1
819,109,319.81,625.76,250.83,234.70,1,-1,-1,-1
820,55,1444.07,399.22,205.02,468.03,1,-1,-1,-1
820,80,1448.92,486.51,355.00,366.03,1,-1,-1,-1
820,84,913.24,570.23,419.17,301.41,1,-1,-1,-1
820,85,126.21,497.51,382.66,358.72,1,-1,-1,-1
820,88,1.64,606.78,314.48,268.06,1,-1,-1,-1
820,91,781.31,600.70,279.22,259.39,1,-1,-1,-1
820,94,325.90,586.31,268.16,280.73,1,-1,-1,-1
820,95,1419.99,404.76,311.31,447.87,1,-1,-1,-1
820,96,1053.27,619.63,328.48,245.19,1,-1,-1,-1
820,100,513.13,561.14,324.96,310.96,1,-1,-1,-1
820,103,1333.82,548.33,460.06,312.12,1,-1,-1,-1
820,104,0.00,623.11,327.15,258.53,1,-1,-1,-1
820,105,511.59,481.11,319.50,391.47,1,-1,-1,-1
820,106,1330.66,531.33,433.68,329.31,1,-1,-1,-1
820,107,1.11,545.14,323.72,329.62,1,-1,-1,-1
820,108,1329.71,542.77,458.51,318.19,1,-1,-1,-1
820,109,319.81,625.76,250.83,234.70,1,-1,-1,-1
821,55,1444.07,399.22,205.02,468.03,1,-1,-1,-1
821,80,1448.92,486.51,355.00,366.03,1,-1,-1,-1
821,84,917.27,563.62,433.68,304.09,1,-1,-1,-1
821,85,126.21,497.51,382.66,358.72,1,-1,-1,-1
821,88,1.64,606.78,314.48,268.06,1,-1,-1,-1
821,91,784.15,614.10,303.20,246.33,1,-1,-1,-1
821,94,321.05,585.26,277.23,280.38,1,-1,-1,-1
821,95,1419.99,404.76,311.31,447.87,1,-1,-1,-1
821,96,1096.81,625.30,309.96,241.37,1,-1,-1,-1
821,100,502.01,576.25,341.39,295.78,1,-1,-1,-1
821,103,1306.21,545.94,280.86,312.80,1,-1,-1,-1
821,104,0.00,623.11,327.15,258.53,1,-1,-1,-1
821,105,511.59,481.11,319.50,391.47,1,-1,-1,-1
821,106,1275.06,594.31,249.07,262.42,1,-1,-1,-1
821,107,1.09,555.15,321.38,319.51,1,-1,-1,-1
821,108,1334.77,544.54,456.28,321.65,1,-1,-1,-1
821,109,319.81,625.76,250.83,234.70,1,-1,-1,-1
822,55,1444.07,399.22,205.02,468.03,1,-1,-1,-1
822,80,1448.92,486.51,355.00,366.03,1,-1,-1,-1
822,84,916.70,567.71,439.56,299.96,1,-1,-1,-1
822,85,126.21,497.51,382.66,358.72,1,-1,-1,-1
822,88,1.64,606.78,314.48,268.06,1,-1,-1,-1
822,91,785.40,595.10,318.09,267.78,1,-1,-1,-1
822,94,323.48,587.72,288.69,274.65,1,-1,-1,-1
822,95,1419.99,404.76,311.31,447.87,1,-1,-1,-1
822,96,1096.81,625.30,309.96,241.37,1,-1,-1,-1
822,100,499.83,573.44,334.30,296.18,1,-1,-1,-1
822,103,1262.01,589.18,259.58,270.41,1,-1,-1,-1
822,104,0.00,623.11,327.15,258.53,1,-1,-1,-1
822,105,511.59,481.11,319.50,391.47,1,-1,-1,-1
822,106,1275.06,594.31,249.07,262.42,1,-1,-1,-1
822,107,0.82,560.03,322.56,314.67,1,-1,-1,-1
822,108,1342.05,544.73,444.49,323.37,1,-1,-1,-1
822,109,319.81,625.76,250.83,234.70,1,-1,-1,-1
823,55,1444.07,399.22,205.02,468.03,1,-1,-1,-1
823,80,1448.92,486.51,355.00,366.03,1,-1,-1,-1
823,84,796.73,565.63,265.66,290.75,1,-1,-1,-1
823,85,126.21,497.51,382.66,358.72,1,-1,-1,-1
823,88,1.64,606.78,314.48,268.06,1,-1,-1,-1
823,91,790.83,618.04,330.83,246.32,1,-1,-1,-1
823,94,333.51,597.12,300.99,268.25,1,-1,-1,-1
823,95,1419.99,404.76,311.31,447.87,1,-1,-1,-1
823,96,1079.40,605.45,333.75,262.08,1,-1,-1,-1
823,100,497.65,579.85,349.18,292.09,1,-1,-1,-1
823,103,1264.55,590.19,284.17,272.84,1,-1,-1,-1
823,104,0.00,623.11,327.15,258.53,1,-1,-1,-1
823,105,511.59,481.11,319.50,391.47,1,-1,-1,-1
823,106,1275.06,594.31,249.07,262.42,1,-1,-1,-1
823,107,1.21,576.90,355.12,293.78,1,-1,-1,-1
823,108,1394.41,559.32,394.92,303.58,1,-1,-1,-1
823,109,319.81,625.76,250.83,234.70,1,-1,-1,-1
824,55,1444.07,399.22,205.02,468.03,1,-1,-1,-1
824,80,1448.92,486.51,355.00,366.03,1,-1,-1,-1
824,84,834.02,541.92,161.70,308.49,1,-1,-1,-1
824,85,126.21,497.51,382.66,358.72,1,-1,-1,-1
824,88,1.64,606.78,314.48,268.06,1,-1,-1,-1
824,91,817.75,625.41,294.01,242.04,1,-1,-1,-1
824,94,314.28,610.12,336.31,257.26,1,-1,-1,-1
824,95,1419.99,404.76,311.31,447.87,1,-1,-1,-1
824,96,1079.40,605.45,333.75,262.08,1,-1,-1,-1
824,100,503.07,595.25,349.84,276.62,1,-1,-1,-1
824,103,1173.10,605.63,350.35,261.07,1,-1,-1,-1
824,104,0.00,623.11,327.15,258.53,1,-1,-1,-1
824,105,511.59,481.11,319.50,391.47,1,-1,-1,-1
824,106,957.91,593.55,398.59,280.06,1,-1,-1,-1
824,107,0.44,586.59,364.18,288.68,1,-1,-1,-1
824,108,1353.92,572.65,431.15,301.15,1,-1,-1,-1
824,109,319.81,625.76,250.83,234.70,1,-1,-1,-1
825,55,1444.07,399.22,205.02,468.03,1,-1,-1,-1
825,80,1448.92,486.51,355.00,366.03,1,-1,-1,-1
825,84,834.02,541.92,161.70,308.49,1,-1,-1,-1
825,85,126.21,497.51,382.66,358.72,1,-1,-1,-1
825,88,1.64,606.78,314.48,268.06,1,-1,-1,-1
825,91,811.62,626.93,298.77,242.38,1,-1,-1,-1
825,94,314.28,610.12,336.31,257.26,1,-1,-1,-1
825,95,1419.99,404.76,311.31,447.87,1,-1,-1,-1
825,96,1098.84,615.06,362.37,249.37,1,-1,-1,-1
825,100,500.15,606.50,356.87,267.82,1,-1,-1,-1
825,103,1231.41,615.17,325.92,240.87,1,-1,-1,-1
825,104,0.00,623.11,327.15,258.53,1,-1,-1,-1
825,105,511.59,481.11,319.50,391.47,1,-1,-1,-1
825,106,888.28,625.00,309.86,246.59,1,-1,-1,-1
825,107,0.04,588.56,371.86,286.97,1,-1,-1,-1
825,108,1335.67,587.90,454.66,286.44,1,-1,-1,-1
825,109,319.81,625.76,250.83,234.70,1,-1,-1,-1
826,80,1448.92,486.51,355.00,366.03,1,-1,-1,-1
826,84,834.02,541.92,161.70,308.49,1,-1,-1,-1
826,85,126.21,497.51,382.66,358.72,1,-1,-1,-1
826,88,1.64,606.78,314.48,268.06,1,-1,-1,-1
826,91,817.22,628.49,295.20,241.57,1,-1,-1,-1
826,94,308.90,624.46,368.57,243.54,1,-1,-1,-1
826,95,1419.99,404.76,311.31,447.87,1,-1,-1,-1
826,96,1096.26,615.00,362.30,250.72,1,-1,-1,-1
826,100,517.21,617.02,330.25,255.32,1,-1,-1,-1
826,103,1231.41,615.17,325.92,240.87,1,-1,-1,-1
826,104,0.00,623.11,327.15,258.53,1,-1,-1,-1
826,105,511.59,481.11,319.50,391.47,1,-1,-1,-1
826,106,827.89,631.01,335.95,242.24,1,-1,-1,-1
826,107,0.00,592.96,362.18,281.91,1,-1,-1,-1
826,108,1364.79,593.04,437.75,281.45,1,-1,-1,-1
826,109,319.81,625.76,250.83,234.70,1,-1,-1,-1
826,111,837.05,538.00,145.31,308.56,1,-1,-1,-1
827,80,1448.92,486.51,355.00,366.03,1,-1,-1,-1
827,84,834.02,541.92,161.70,308.49,1,-1,-1,-1
827,85,126.21,497.51,382.66,358.72,1,-1,-1,-1
827,88,1.64,606.78,314.48,268.06,1,-1,-1,-1
827,91,830.38,633.62,315.43,240.11,1,-1,-1,-1
827,94,306.98,624.78,376.46,244.67,1,-1,-1,-1
827,95,1419.99,404.76,311.31,447.87,1,-1,-1,-1
827,96,1097.76,620.71,362.95,247.50,1,-1,-1,-1
827,100,512.43,619.25,332.49,254.42,1,-1,-1,-1
827,103,1231.41,615.17,325.92,240.87,1,-1,-1,-1
827,104,2.24,599.43,344.33,275.32,1,-1,-1,-1
827,105,511.59,481.11,319.50,391.47,1,-1,-1,-1
827,106,833.37,545.16,158.30,295.46,1,-1,-1,-1
827,107,0.00,597.29,360.38,280.30,1,-1,-1,-1
827,108,1372.33,598.41,426.40,278.39,1,-1,-1,-1
827,109,319.81,625.76,250.83,234.70,1,-1,-1,-1
827,111,835.93,536.01,152.95,307.76,1,-1,-1,-1
828,80,1448.92,486.51,355.00,366.03,1,-1,-1,-1
828,84,834.02,541.92,161.70,308.49,1,-1,-1,-1
828,85,126.21,497.51,382.66,358.72,1,-1,-1,-1
828,88,1.64,606.78,314.48,268.06,1,-1,-1,-1
828,91,824.19,634.82,325.02,240.79,1,-1,-1,-1
828,94,302.38,628.31,397.74,243.97,1,-1,-1,-1
828,95,1419.99,404.76,311.31,447.87,1,-1,-1,-1
828,96,901.75,619.82,441.91,252.13,1,-1,-1,-1
828,100,498.59,621.41,347.96,253.68,1,-1,-1,-1
828,103,1231.41,615.17,325.92,240.87,1,-1,-1,-1
828,104,2.83,598.43,343.24,274.12,1,-1,-1,-1
828,105,511.59,481.11,319.50,391.47,1,-1,-1,-1
828,106,835.56,534.87,134.00,301.44,1,-1,-1,-1
828,107,0.00,597.29,360.38,280.30,1,-1,-1,-1
828,108,1381.73,605.34,410.26,270.09,1,-1,-1,-1
828,109,319.81,625.76,250.83,234.70,1,-1,-1,-1
828,111,855.17,620.92,304.11,250.13,1,-1,-1,-1
829,80,1448.92,486.51,355.00,366.03,1,-1,-1,-1
829,84,834.02,541.92,161.70,308.49,1,-1,-1,-1
829,85,126.21,497.51,382.66,358.72,1,-1,-1,-1
829,88,1.64,606.78,314.48,268.06,1,-1,-1,-1
829,91,834.51,638.22,312.64,237.20,1,-1,-1,-1
829,94,302.38,628.31,397.74,243.97,1,-1,-1,-1
829,95,1419.99,404.76,311.31,447.87,1,-1,-1,-1
829,96,913.02,615.29,422.86,260.12,1,-1,-1,-1
829,100,502.06,623.90,344.58,254.43,1,-1,-1,-1
829,103,1215.90,644.74,313.83,225.89,1,-1,-1,-1
829,104,2.69,602.25,351.05,271.20,1,-1,-1,-1
829,105,511.59,481.11,319.50,391.47,1,-1,-1,-1
829,106,834.88,536.76,128.19,303.33,1,-1,-1,-1
829,107,0.00,597.29,360.38,280.30,1,-1,-1,-1
829,108,1366.47,609.46,427.13,268.15,1,-1,-1,-1
829,109,319.81,625.76,250.83,234.70,1,-1,-1,-1
829,111,888.49,634.82,277.06,237.02,1,-1,-1,-1
830,80,1448.92,486.51,355.00,366.03,1,-1,-1,-1
830,84,834.02,541.92,161.70,308.49,1,-1,-1,-1
830,85,126.21,497.51,382.66,358.72,1,-1,-1,-1
830,88,1.64,606.78,314.48,268.06,1,-1,-1,-1
830,91,889.68,638.16,276.20,235.23,1,-1,-1,-1
830,94,302.38,628.31,397.74,243.97,1,-1,-1,-1
830,95,1419.99,404.76,311.31,447.87,1,-1,-1,-1
830,96,915.21,620.47,415.65,254.99,1,-1,-1,-1
830,100,492.39,624.74,354.62,254.09,1,-1,-1,-1
830,103,1218.01,650.44,312.27,221.76,1,-1,-1,-1
830,104,2.67,604.90,358.25,268.05,1,-1,-1,-1
830,105,511.59,481.11,319.50,391.47,1,-1,-1,-1
830,106,834.31,538.08,131.79,301.09,1,-1,-1,-1
830,107,0.00,597.29,360.38,280.30,1,-1,-1,-1
830,108,1365.59,610.60,422.01,268.00,1,-1,-1,-1
830,109,319.81,625.76,250.83,234.70,1,-1,-1,-1
830,111,888.49,634.82,277.06,237.02,1,-1,-1,-1
831,80,1448.92,486.51,355.00,366.03,1,-1,-1,-1
831,84,834.02,541.92,161.70,308.49,1,-1,-1,-1
831,85,126.21,497.51,382.66,358.72,1,-1,-1,-1
831,88,1.64,606.78,314.48,268.06,1,-1,-1,-1
831,91,908.04,640.14,262.57,233.34,1,-1,-1,-1
831,94,302.38,628.31,397.74,243.97,1,-1,-1,-1
831,95,1419.99,404.76,311.31,447.87,1,-1,-1,-1
831,96,920.89,624.85,407.55,248.60,1,-1,-1,-1
831,100,503.75,624.42,350.01,254.99,1,-1,-1,-1
831,103,1241.08,652.10,326.32,221.69,1,-1,-1,-1
831,104,2.64,605.74,364.72,266.93,1,-1,-1,-1
831,105,511.59,481.11,319.50,391.47,1,-1,-1,-1
831,106,832.33,541.45,135.75,297.94,1,-1,-1,-1
831,107,0.00,597.29,360.38,280.30,1,-1,-1,-1
831,108,1365.82,613.83,423.13,265.16,1,-1,-1,-1
831,109,319.81,625.76,250.83,234.70,1,-1,-1,-1
831,111,888.49,634.82,277.06,237.02,1,-1,-1,-1
832,80,1448.92,486.51,355.00,366.03,1,-1,-1,-1
832,84,834.02,541.92,161.70,308.49,1,-1,-1,-1
832,85,126.21,497.51,382.66,358.72,1,-1,-1,-1
832,88,1.64,606.78,314.48,268.06,1,-1,-1,-1
832,91,902.20,640.87,273.45,234.49,1,-1,-1,-1
832,94,277.37,633.62,415.37,243.56,1,-1,-1,-1
832,95,1419.99,404.76,311.31,447.87,1,-1,-1,-1
832,96,913.73,625.38,415.81,249.97,1,-1,-1,-1
832,100,504.47,625.51,347.44,254.97,1,-1,-1,-1
832,103,1241.06,654.47,332.21,219.97,1,-1,-1,-1
832,104,2.69,604.55,369.12,268.82,1,-1,-1,-1
832,105,511.59,481.11,319.50,391.47,1,-1,-1,-1
832,106,831.22,540.62,143.49,309.33,1,-1,-1,-1
832,107,0.00,597.29,360.38,280.30,1,-1,-1,-1
832,108,1367.75,611.00,419.25,269.49,1,-1,-1,-1
832,109,319.81,625.76,250.83,234.70,1,-1,-1,-1
832,111,888.49,634.82,277.06,237.02,1,-1,-1,-1
833,80,1448.92,486.51,355.00,366.03,1,-1,-1,-1
833,84,834.02,541.92,161.70,308.49,1,-1,-1,-1
833,85,126.21,497.51,382.66,358.72,1,-1,-1,-1
833,88,1.64,606.78,314.48,268.06,1,-1,-1,-1
833,91,902.20,640.87,273.45,234.49,1,-1,-1,-1
833,94,275.70,636.12,417.94,242.61,1,-1,-1,-1
833,95,1419.99,404.76,311.31,447.87,1,-1,-1,-1
833,96,959.29,616.12,385.78,257.41,1,-1,-1,-1
833,100,484.69,628.78,357.06,251.49,1,-1,-1,-1
833,103,1244.71,653.82,331.50,220.61,1,-1,-1,-1
833,104,2.56,604.33,374.30,271.73,1,-1,-1,-1
833,105,511.59,481.11,319.50,391.47,1,-1,-1,-1
833,106,828.23,541.07,146.05,309.28,1,-1,-1,-1
833,107,0.00,597.29,360.38,280.30,1,-1,-1,-1
833,108,1363.58,607.84,428.53,277.32,1,-1,-1,-1
833,109,319.81,625.76,250.83,234.70,1,-1,-1,-1
833,111,888.49,634.82,277.06,237.02,1,-1,-1,-1
834,80,1448.92,486.51,355.00,366.03,1,-1,-1,-1
834,84,834.02,541.92,161.70,308.49,1,-1,-1,-1
834,85,126.21,497.51,382.66,358.72,1,-1,-1,-1
834,88,1.64,606.78,314.48,268.06,1,-1,-1,-1
834,91,902.20,640.87,273.45,234.49,1,-1,-1,-1
834,94,277.53,640.12,410.56,240.54,1,-1,-1,-1
834,95,1419.99,404.76,311.31,447.87,1,-1,-1,-1
834,96,959.29,616.12,385.78,257.41,1,-1,-1,-1
834,100,564.41,625.78,276.29,255.92,1,-1,-1,-1
834,103,1237.37,655.35,347.63,220.33,1,-1,-1,-1
834,104,3.04,604.38,388.75,274.58,1,-1,-1,-1
834,105,511.59,481.11,319.50,391.47,1,-1,-1,-1
834,106,830.26,541.98,148.80,316.32,1,-1,-1,-1
834,107,0.00,597.29,360.38,280.30,1,-1,-1,-1
834,108,1345.77,607.46,452.60,283.98,1,-1,-1,-1
834,109,319.81,625.76,250.83,234.70,1,-1,-1,-1
834,111,888.49,634.82,277.06,237.02,1,-1,-1,-1
835,80,1448.92,486.51,355.00,366.03,1,-1,-1,-1
835,84,834.02,541.92,161.70,308.49,1,-1,-1,-1
835,85,126.21,497.51,382.66,358.72,1,-1,-1,-1
835,88,1.64,606.78,314.48,268.06,1,-1,-1,-1
835,91,902.20,640.87,273.45,234.49,1,-1,-1,-1
835,94,277.53,640.12,410.56,240.54,1,-1,-1,-1
835,95,1419.99,404.76,311.31,447.87,1,-1,-1,-1
835,96,959.29,616.12,385.78,257.41,1,-1,-1,-1
835,100,533.82,624.97,313.09,257.74,1,-1,-1,-1
835,103,1234.98,656.08,351.31,220.85,1,-1,-1,-1
835,104,2.86,601.02,395.31,279.58,1,-1,-1,-1
835,105,511.59,481.11,319.50,391.47,1,-1,-1,-1
835,106,830.40,540.97,150.84,321.58,1,-1,-1,-1
835,107,0.00,597.29,360.38,280.30,1,-1,-1,-1
835,108,1339.15,604.00,461.82,288.68,1,-1,-1,-1
835,109,319.81,625.76,250.83,234.70,1,-1,-1,-1
835,111,888.49,634.82,277.06,237.02,1,-1,-1,-1
836,80,1448.92,486.51,355.00,366.03,1,-1,-1,-1
836,84,834.02,541.92,161.70,308.49,1,-1,-1,-1
836,85,126.21,497.51,382.66,358.72,1,-1,-1,-1
836,88,1.64,606.78,314.48,268.06,1,-1,-1,-1
836,91,902.20,640.87,273.45,234.49,1,-1,-1,-1
836,94,277.53,640.12,410.56,240.54,1,-1,-1,-1
836,95,1419.99,404.76,311.31,447.87,1,-1,-1,-1
836,96,959.29,616.12,385.78,257.41,1,-1,-1,-1
836,100,557.06,625.68,289.56,257.78,1,-1,-1,-1
836,103,1244.31,658.56,340.11,217.31,1,-1,-1,-1
836,104,2.63,600.85,401.11,280.72,1,-1,-1,-1
836,105,511.59,481.11,319.50,391.47,1,-1,-1,-1
836,106,834.69,541.89,152.61,318.26,1,-1,-1,-1
836,107,0.00,597.29,360.38,280.30,1,-1,-1,-1
836,108,1361.02,599.55,445.63,291.31,1,-1,-1,-1
836,109,319.81,625.76,250.83,234.70,1,-1,-1,-1
836,111,888.49,634.82,277.06,237.02,1,-1,-1,-1
837,80,1448.92,486.51,355.00,366.03,1,-1,-1,-1
837,84,834.02,541.92,161.70,308.49,1,-1,-1,-1
837,85,126.21,497.51,382.66,358.72,1,-1,-1,-1
837,88,1.64,606.78,314.48,268.06,1,-1,-1,-1
837,91,902.20,640.87,273.45,234.49,1,-1,-1,-1
837,94,277.53,640.12,410.56,240.54,1,-1,-1,-1
837,96,959.29,616.12,385.78,257.41,1,-1,-1,-1
837,100,532.93,625.91,322.61,259.70,1,-1,-1,-1
837,103,1248.77,660.56,330.38,217.72,1,-1,-1,-1
837,104,2.68,599.18,408.02,283.01,1,-1,-1,-1
837,105,511.59,481.11,319.50,391.47,1,-1,-1,-1
837,106,841.96,541.84,154.67,325.46,1,-1,-1,-1
837,107,0.00,597.29,360.38,280.30,1,-1,-1,-1
837,108,1345.63,595.87,469.52,299.18,1,-1,-1,-1
837,109,319.81,625.76,250.83,234.70,1,-1,-1,-1
837,111,888.49,634.82,277.06,237.02,1,-1,-1,-1
838,80,1448.92,486.51,355.00,366.03,1,-1,-1,-1
838,84,834.02,541.92,161.70,308.49,1,-1,-1,-1
838,85,126.21,497.51,382.66,358.72,1,-1,-1,-1
838,91,902.20,640.87,273.45,234.49,1,-1,-1,-1
838,94,277.53,640.12,410.56,240.54,1,-1,-1,-1
838,96,959.29,616.12,385.78,257.41,1,-1,-1,-1
838,100,573.30,625.94,283.77,260.83,1,-1,-1,-1
838,103,1245.25,661.14,339.47,217.61,1,-1,-1,-1
838,104,3.11,597.64,412.39,286.16,1,-1,-1,-1
838,105,511.59,481.11,319.50,391.47,1,-1,-1,-1
838,106,847.76,543.04,158.96,324.67,1,-1,-1,-1
838,107,0.00,597.29,360.38,280.30,1,-1,-1,-1
838,108,1306.18,597.13,498.57,299.94,1,-1,-1,-1
838,109,319.81,625.76,250.83,234.70,1,-1,-1,-1
838,111,888.49,634.82,277.06,237.02,1,-1,-1,-1
839,80,1448.92,486.51,355.00,366.03,1,-1,-1,-1
839,84,834.02,541.92,161.70,308.49,1,-1,-1,-1
839,85,126.21,497.51,382.66,358.72,1,-1,-1,-1
839,91,902.20,640.87,273.45,234.49,1,-1,-1,-1
839,94,284.71,637.30,413.85,244.45,1,-1,-1,-1
839,96,1018.53,624.47,372.01,256.73,1,-1,-1,-1
839,100,575.16,625.69,287.56,261.79,1,-1,-1,-1
839,103,1243.83,661.10,349.81,219.42,1,-1,-1,-1
839,104,3.02,595.06,419.79,291.58,1,-1,-1,-1
839,105,511.59,481.11,319.50,391.47,1,-1,-1,-1
839,106,849.41,539.84,180.93,331.01,1,-1,-1,-1
839,107,0.00,597.29,360.38,280.30,1,-1,-1,-1
839,108,1322.30,599.50,490.08,298.49,1,-1,-1,-1
839,109,319.81,625.76,250.83,234.70,1,-1,-1,-1
839,111,888.49,634.82,277.06,237.02,1,-1,-1,-1
839,112,1607.07,596.05,285.21,272.48,1,-1,-1,-1
840,80,1448.92,486.51,355.00,366.03,1,-1,-1,-1
840,84,834.02,541.92,161.70,308.49,1,-1,-1,-1
840,91,902.20,640.87,273.45,234.49,1,-1,-1,-1
840,94,284.71,637.30,413.85,244.45,1,-1,-1,-1
840,96,990.88,627.30,403.64,257.07,1,-1,-1,-1
840,100,565.42,626.80,298.14,260.91,1,-1,-1,-1
840,103,1261.22,661.82,352.15,219.28,1,-1,-1,-1
840,104,2.40,591.08,425.73,296.21,1,-1,-1,-1
840,105,511.59,481.11,319.50,391.47,1,-1,-1,-1
840,106,848.48,545.90,193.95,326.56,1,-1,-1,-1
840,107,0.00,597.29,360.38,280.30,1,-1,-1,-1
840,108,1311.97,597.18,511.20,300.97,1,-1,-1,-1
840,109,319.81,625.76,250.83,234.70,1,-1,-1,-1
840,111,888.49,634.82,277.06,237.02,1,-1,-1,-1
840,112,1607.07,596.05,285.21,272.48,1,-1,-1,-1
841,84,834.02,541.92,161.70,308.49,1,-1,-1,-1
841,91,902.20,640.87,273.45,234.49,1,-1,-1,-1
841,94,284.71,637.30,413.85,244.45,1,-1,-1,-1
841,96,990.88,627.30,403.64,257.07,1,-1,-1,-1
841,100,524.30,626.85,345.02,260.29,1,-1,-1,-1
841,103,1273.88,663.09,344.56,220.27,1,-1,-1,-1
841,104,2.35,590.23,428.40,298.20,1,-1,-1,-1
841,105,511.59,481.11,319.50,391.47,1,-1,-1,-1
841,106,852.68,554.58,193.69,317.85,1,-1,-1,-1
841,107,0.00,597.29,360.38,280.30,1,-1,-1,-1
841,108,1361.21,595.08,463.46,301.92,1,-1,-1,-1
841,109,319.81,625.76,250.83,234.70,1,-1,-1,-1
841,111,888.49,634.82,277.06,237.02,1,-1,-1,-1
841,112,1608.48,600.46,306.96,271.39,1,-1,-1,-1
842,84,834.02,541.92,161.70,308.49,1,-1,-1,-1
842,91,902.20,640.87,273.45,234.49,1,-1,-1,-1
842,94,309.32,650.24,409.47,231.45,1,-1,-1,-1
842,96,990.88,627.30,403.64,257.07,1,-1,-1,-1
842,100,525.69,624.86,346.75,261.50,1,-1,-1,-1
842,103,1268.27,664.18,350.81,221.29,1,-1,-1,-1
842,104,2.71,588.62,430.17,298.45,1,-1,-1,-1
842,105,511.59,481.11,319.50,391.47,1,-1,-1,-1
842,106,845.89,555.61,194.26,318.49,1,-1,-1,-1
842,107,0.00,597.29,360.38,280.30,1,-1,-1,-1
842,108,1353.04,592.56,478.23,304.93,1,-1,-1,-1
842,109,319.81,625.76,250.83,234.70,1,-1,-1,-1
842,111,888.49,634.82,277.06,237.02,1,-1,-1,-1
842,112,1605.47,603.63,313.45,265.29,1,-1,-1,-1
843,84,834.02,541.92,161.70,308.49,1,-1,-1,-1
843,91,902.20,640.87,273.45,234.49,1,-1,-1,-1
843,94,302.74,644.38,412.88,236.36,1,-1,-1,-1
843,96,990.88,627.30,403.64,257.07,1,-1,-1,-1
843,100,505.44,625.36,367.68,260.56,1,-1,-1,-1
843,103,1271.29,664.83,361.54,222.14,1,-1,-1,-1
843,104,2.43,589.74,433.54,297.91,1,-1,-1,-1
843,106,844.48,555.77,185.27,317.47,1,-1,-1,-1
843,107,0.00,597.29,360.38,280.30,1,-1,-1,-1
843,108,1378.88,594.01,490.15,301.83,1,-1,-1,-1
843,109,319.81,625.76,250.83,234.70,1,-1,-1,-1
843,111,888.49,634.82,277.06,237.02,1,-1,-1,-1
843,112,1605.47,603.63,313.45,265.29,1,-1,-1,-1
844,84,834.02,541.92,161.70,308.49,1,-1,-1,-1
844,91,902.20,640.87,273.45,234.49,1,-1,-1,-1
844,94,303.15,648.96,402.86,232.56,1,-1,-1,-1
844,96,938.93,645.40,312.68,237.77,1,-1,-1,-1
844,100,335.03,650.85,400.40,232.69,1,-1,-1,-1
844,103,1288.55,664.16,338.72,223.46,1,-1,-1,-1
844,104,2.44,587.49,437.12,299.98,1,-1,-1,-1
844,106,840.35,557.14,176.54,317.96,1,-1,-1,-1
844,107,0.00,597.29,360.38,280.30,1,-1,-1,-1
844,108,1372.67,589.77,516.00,308.20,1,-1,-1,-1
844,109,319.81,625.76,250.83,234.70,1,-1,-1,-1
844,111,888.49,634.82,277.06,237.02,1,-1,-1,-1
844,112,1605.47,603.63,313.45,265.29,1,-1,-1,-1
845,84,834.02,541.92,161.70,308.49,1,-1,-1,-1
845,91,1025.46,633.95,342.98,254.43,1,-1,-1,-1
845,94,313.42,653.32,407.17,230.17,1,-1,-1,-1
845,96,930.80,647.81,306.15,235.13,1,-1,-1,-1
845,100,305.52,650.41,404.07,232.80,1,-1,-1,-1
845,103,1296.91,664.42,328.11,221.79,1,-1,-1,-1
845,104,1.99,585.42,438.95,302.69,1,-1,-1,-1
845,106,845.05,571.25,165.02,302.70,1,-1,-1,-1
845,107,0.00,597.29,360.38,280.30,1,-1,-1,-1
845,108,1369.99,586.33,500.66,316.78,1,-1,-1,-1
845,109,319.81,625.76,250.83,234.70,1,-1,-1,-1
845,111,888.49,634.82,277.06,237.02,1,-1,-1,-1
845,112,1662.58,661.53,255.39,213.69,1,-1,-1,-1
846,84,834.02,541.92,161.70,308.49,1,-1,-1,-1
846,91,942.17,634.95,426.71,261.81,1,-1,-1,-1
846,94,315.53,651.20,407.17,232.32,1,-1,-1,-1
846,96,936.52,644.80,290.99,238.26,1,-1,-1,-1
846,100,303.99,649.73,403.62,233.21,1,-1,-1,-1
846,103,1295.65,662.56,331.06,222.62,1,-1,-1,-1
846,104,2.43,584.11,438.42,304.42,1,-1,-1,-1
846,106,844.56,567.96,179.34,306.30,1,-1,-1,-1
846,107,0.00,597.29,360.38,280.30,1,-1,-1,-1
846,108,1362.33,584.59,488.21,316.54,1,-1,-1,-1
846,111,888.49,634.82,277.06,237.02,1,-1,-1,-1
846,112,1666.95,669.34,251.07,208.88,1,-1,-1,-1
847,84,834.02,541.92,161.70,308.49,1,-1,-1,-1
847,91,936.46,636.59,431.11,260.79,1,-1,-1,-1
847,94,312.49,650.10,409.94,233.75,1,-1,-1,-1
847,96,930.19,642.56,295.99,242.94,1,-1,-1,-1
847,100,300.92,648.32,408.31,235.39,1,-1,-1,-1
847,103,1292.98,656.30,334.50,229.01,1,-1,-1,-1
847,104,1.56,580.36,440.51,310.21,1,-1,-1,-1
847,106,808.27,566.22,230.49,310.30,1,-1,-1,-1
847,107,0.00,597.29,360.38,280.30,1,-1,-1,-1
847,108,1366.62,584.91,486.13,315.26,1,-1,-1,-1
847,111,888.49,634.82,277.06,237.02,1,-1,-1,-1
847,112,1655.65,668.51,262.12,215.24,1,-1,-1,-1
847,113,569.28,622.96,369.60,266.32,1,-1,-1,-1
848,84,834.02,541.92,161.70,308.49,1,-1,-1,-1
848,91,937.87,634.19,441.10,261.82,1,-1,-1,-1
848,94,314.07,650.72,412.98,233.55,1,-1,-1,-1
848,96,932.48,641.16,306.10,245.09,1,-1,-1,-1
848,100,297.75,648.27,413.57,236.03,1,-1,-1,-1
848,103,1288.52,654.26,340.90,231.35,1,-1,-1,-1
848,104,1.02,579.86,441.10,310.65,1,-1,-1,-1
848,106,797.73,568.23,265.59,308.13,1,-1,-1,-1
848,107,0.00,597.29,360.38,280.30,1,-1,-1,-1
848,108,1371.72,582.98,474.25,317.74,1,-1,-1,-1
848,111,888.49,634.82,277.06,237.02,1,-1,-1,-1
848,112,1661.95,668.34,256.09,218.60,1,-1,-1,-1
848,113,579.50,622.96,350.64,266.61,1,-1,-1,-1
849,84,834.02,541.92,161.70,308.49,1,-1,-1,-1
849,91,937.74,634.95,460.74,260.29,1,-1,-1,-1
849,94,317.45,649.71,414.11,233.15,1,-1,-1,-1
849,96,926.04,636.96,296.14,248.78,1,-1,-1,-1
849,100,300.27,649.34,411.79,233.45,1,-1,-1,-1
849,103,1296.37,644.49,334.55,238.09,1,-1,-1,-1
849,104,1.67,571.65,442.00,316.10,1,-1,-1,-1
849,106,783.54,564.94,273.07,309.08,1,-1,-1,-1
849,107,0.00,597.29,360.38,280.30,1,-1,-1,-1
849,108,1366.36,581.51,480.47,318.81,1,-1,-1,-1
849,111,888.49,634.82,277.06,237.02,1,-1,-1,-1
849,112,1658.93,661.71,259.70,223.39,1,-1,-1,-1
849,113,579.50,622.96,350.64,266.61,1,-1,-1,-1
850,84,834.02,541.92,161.70,308.49,1,-1,-1,-1
850,91,1013.29,633.91,404.75,255.23,1,-1,-1,-1
850,94,317.45,649.71,414.11,233.15,1,-1,-1,-1
850,96,931.78,631.82,288.74,251.80,1,-1,-1,-1
850,100,301.06,649.12,413.09,231.70,1,-1,-1,-1
850,103,1298.84,644.85,330.58,237.98,1,-1,-1,-1
850,104,1.89,569.07,442.52,318.95,1,-1,-1,-1
850,106,780.85,566.26,251.67,306.66,1,-1,-1,-1
850,107,0.00,597.29,360.38,280.30,1,-1,-1,-1
850,108,1368.77,575.11,475.39,324.00,1,-1,-1,-1
850,111,888.49,634.82,277.06,237.02,1,-1,-1,-1
850,112,1658.44,658.01,260.28,225.70,1,-1,-1,-1
850,113,583.94,619.90,326.58,267.96,1,-1,-1,-1
851,84,834.02,541.92,161.70,308.49,1,-1,-1,-1
851,91,950.88,635.29,440.34,256.84,1,-1,-1,-1
851,94,317.95,649.79,412.28,231.84,1,-1,-1,-1
851,96,933.50,627.02,291.86,255.78,1,-1,-1,-1
851,100,300.87,648.85,410.77,232.11,1,-1,-1,-1
851,103,1326.51,658.76,328.11,222.46,1,-1,-1,-1
851,104,1.45,568.51,442.21,318.89,1,-1,-1,-1
851,106,781.27,563.52,230.18,309.53,1,-1,-1,-1
851,107,0.00,597.29,360.38,280.30,1,-1,-1,-1
851,108,1375.77,572.11,468.39,328.43,1,-1,-1,-1
851,111,888.49,634.82,277.06,237.02,1,-1,-1,-1
851,112,1660.45,647.85,258.12,235.82,1,-1,-1,-1
851,113,588.69,618.10,315.95,268.59,1,-1,-1,-1
851,114,1248.06,632.45,256.05,251.39,1,-1,-1,-1
852,84,834.02,541.92,161.70,308.49,1,-1,-1,-1
852,91,947.87,633.49,462.49,258.19,1,-1,-1,-1
852,94,321.60,650.69,408.64,231.29,1,-1,-1,-1
852,96,931.61,622.43,307.03,259.05,1,-1,-1,-1
852,100,296.77,648.27,418.52,233.35,1,-1,-1,-1
852,103,1278.73,638.28,365.81,245.45,1,-1,-1,-1
852,104,2.28,565.73,442.16,321.74,1,-1,-1,-1
852,106,769.26,555.82,208.80,318.01,1,-1,-1,-1
852,107,0.00,597.29,360.38,280.30,1,-1,-1,-1
852,108,1368.86,569.10,479.42,330.68,1,-1,-1,-1
852,111,888.49,634.82,277.06,237.02,1,-1,-1,-1
852,112,1659.50,643.94,259.18,238.74,1,-1,-1,-1
852,113,584.53,617.63,330.87,268.57,1,-1,-1,-1
852,114,1267.63,627.55,241.50,254.73,1,-1,-1,-1
853,84,834.02,541.92,161.70,308.49,1,-1,-1,-1
853,91,948.39,633.04,478.30,256.14,1,-1,-1,-1
853,94,320.69,648.58,412.35,231.65,1,-1,-1,-1
853,96,933.14,621.39,300.15,257.85,1,-1,-1,-1
853,100,281.15,646.67,431.70,233.31,1,-1,-1,-1
853,103,1273.75,633.17,379.90,251.03,1,-1,-1,-1
853,104,2.86,563.67,444.19,324.81,1,-1,-1,-1
853,106,757.23,548.22,210.84,327.20,1,-1,-1,-1
853,107,0.00,597.29,360.38,280.30,1,-1,-1,-1
853,108,1366.56,567.81,479.85,329.56,1,-1,-1,-1
853,111,888.49,634.82,277.06,237.02,1,-1,-1,-1
853,112,1662.17,641.29,256.71,240.85,1,-1,-1,-1
853,113,584.53,617.63,330.87,268.57,1,-1,-1,-1
853,114,1267.63,627.55,241.50,254.73,1,-1,-1,-1
854,84,834.02,541.92,161.70,308.49,1,-1,-1,-1
854,91,956.07,630.18,492.17,256.83,1,-1,-1,-1
854,94,324.45,649.01,413.69,228.26,1,-1,-1,-1
854,96,957.21,617.24,274.54,260.74,1,-1,-1,-1
854,100,299.05,646.68,422.85,227.73,1,-1,-1,-1
854,103,1273.75,633.17,379.90,251.03,1,-1,-1,-1
854,104,6.96,561.66,446.04,319.32,1,-1,-1,-1
854,106,779.43,536.77,176.04,335.27,1,-1,-1,-1
854,107,0.00,597.29,360.38,280.30,1,-1,-1,-1
854,108,1400.64,552.90,458.57,343.51,1,-1,-1,-1
854,111,888.49,634.82,277.06,237.02,1,-1,-1,-1
854,112,1662.40,633.60,256.63,250.98,1,-1,-1,-1
854,113,584.53,617.63,330.87,268.57,1,-1,-1,-1
854,114,1267.63,627.55,241.50,254.73,1,-1,-1,-1
855,91,960.16,627.19,506.64,258.95,1,-1,-1,-1
855,94,321.50,648.53,415.63,228.45,1,-1,-1,-1
855,96,981.10,612.86,258.44,264.62,1,-1,-1,-1
855,100,303.33,648.76,418.87,225.28,1,-1,-1,-1
855,103,1270.92,616.15,400.37,266.17,1,-1,-1,-1
855,104,8.91,558.26,448.14,319.27,1,-1,-1,-1
855,106,761.10,528.55,176.95,344.55,1,-1,-1,-1
855,107,0.00,597.29,360.38,280.30,1,-1,-1,-1
855,108,1422.36,548.17,447.45,343.20,1,-1,-1,-1
855,111,888.49,634.82,277.06,237.02,1,-1,-1,-1
855,112,1672.90,626.86,246.30,254.78,1,-1,-1,-1
855,113,719.66,623.17,250.74,256.44,1,-1,-1,-1
855,114,1273.55,617.30,395.90,268.95,1,-1,-1,-1
856,91,969.86,623.07,507.76,261.24,1,-1,-1,-1
856,94,321.50,648.53,415.63,228.45,1,-1,-1,-1
856,96,986.78,608.25,255.19,269.46,1,-1,-1,-1
856,100,302.84,643.32,437.15,231.36,1,-1,-1,-1
856,103,1270.92,616.15,400.37,266.17,1,-1,-1,-1
856,104,13.97,552.64,451.26,322.64,1,-1,-1,-1
856,106,755.96,524.16,177.58,349.80,1,-1,-1,-1
856,107,0.00,597.29,360.38,280.30,1,-1,-1,-1
856,108,1361.27,543.32,519.41,343.04,1,-1,-1,-1
856,111,888.49,634.82,277.06,237.02,1,-1,-1,-1
856,112,1683.95,624.29,235.57,256.85,1,-1,-1,-1
856,113,741.15,602.53,211.39,278.48,1,-1,-1,-1
856,114,1290.14,601.47,418.46,279.63,1,-1,-1,-1
856,115,518.19,653.17,382.76,229.10,1,-1,-1,-1
857,91,984.27,614.92,510.13,269.43,1,-1,-1,-1
857,94,354.35,645.43,408.05,232.00,1,-1,-1,-1
857,96,1009.89,603.07,219.19,273.72,1,-1,-1,-1
857,100,313.67,642.38,425.31,230.16,1,-1,-1,-1
857,103,1297.34,601.05,379.40,277.15,1,-1,-1,-1
857,104,15.06,551.72,455.64,323.06,1,-1,-1,-1
857,106,744.36,512.70,181.43,358.34,1,-1,-1,-1
857,107,0.00,597.29,360.38,280.30,1,-1,-1,-1
857,108,1350.61,537.91,538.48,349.65,1,-1,-1,-1
857,111,888.49,634.82,277.06,237.02,1,-1,-1,-1
857,112,1700.49,621.92,219.46,263.84,1,-1,-1,-1
857,113,734.72,599.61,214.56,279.13,1,-1,-1,-1
857,114,1290.14,601.47,418.46,279.63,1,-1,-1,-1
857,115,520.64,655.36,383.37,227.71,1,-1,-1,-1
858,91,993.19,607.50,508.66,277.40,1,-1,-1,-1
858,94,362.90,643.84,405.14,231.96,1,-1,-1,-1
858,96,996.06,595.90,239.06,282.00,1,-1,-1,-1
858,100,521.19,598.61,409.78,286.01,1,-1,-1,-1
858,103,1327.62,598.38,359.24,281.12,1,-1,-1,-1
858,104,27.25,551.18,442.81,321.84,1,-1,-1,-1
858,106,732.98,500.40,173.04,365.55,1,-1,-1,-1
858,108,1374.73,531.33,518.77,355.60,1,-1,-1,-1
858,111,888.49,634.82,277.06,237.02,1,-1,-1,-1
858,112,1709.47,616.11,210.48,267.51,1,-1,-1,-1
858,113,739.12,590.18,214.33,290.42,1,-1,-1,-1
858,114,1290.14,601.47,418.46,279.63,1,-1,-1,-1
858,115,535.38,651.23,365.24,228.43,1,-1,-1,-1
859,91,1001.77,598.37,508.35,287.89,1,-1,-1,-1
859,94,366.37,645.15,394.85,232.02,1,-1,-1,-1
859,96,986.78,588.59,250.62,291.30,1,-1,-1,-1
859,100,572.24,587.23,380.88,298.87,1,-1,-1,-1
859,103,1378.25,600.65,319.75,276.67,1,-1,-1,-1
859,104,31.25,546.21,438.44,327.04,1,-1,-1,-1
859,106,654.57,472.69,240.33,401.50,1,-1,-1,-1
859,108,1416.29,523.99,482.55,362.29,1,-1,-1,-1
859,111,888.49,634.82,277.06,237.02,1,-1,-1,-1
859,112,1729.93,605.44,189.94,275.13,1,-1,-1,-1
859,113,727.35,584.98,225.74,298.00,1,-1,-1,-1
859,114,1290.14,601.47,418.46,279.63,1,-1,-1,-1
859,115,535.38,651.23,365.24,228.43,1,-1,-1,-1
860,91,1001.36,595.05,506.82,291.81,1,-1,-1,-1
860,94,345.18,644.66,390.75,231.12,1,-1,-1,-1
860,96,981.78,581.77,251.45,298.27,1,-1,-1,-1
860,100,572.24,587.23,380.88,298.87,1,-1,-1,-1
860,103,1391.95,598.63,301.36,278.36,1,-1,-1,-1
860,104,31.67,544.29,438.64,328.96,1,-1,-1,-1
860,106,625.95,454.98,238.76,421.26,1,-1,-1,-1
860,108,1426.99,515.07,477.11,370.46,1,-1,-1,-1
860,112,1711.89,588.02,208.09,294.53,1,-1,-1,-1
860,113,727.35,584.98,225.74,298.00,1,-1,-1,-1
860,114,1290.14,601.47,418.46,279.63,1,-1,-1,-1
860,115,550.82,588.41,396.32,302.25,1,-1,-1,-1
860,116,334.38,622.42,392.84,249.43,1,-1,-1,-1
861,91,1001.00,589.90,508.31,295.98,1,-1,-1,-1
861,94,335.29,649.35,384.06,223.33,1,-1,-1,-1
861,96,965.25,575.36,271.73,304.52,1,-1,-1,-1
861,100,572.24,587.23,380.88,298.87,1,-1,-1,-1
861,103,1405.57,595.10,273.35,282.41,1,-1,-1,-1
861,104,34.04,541.67,433.79,331.30,1,-1,-1,-1
861,106,593.99,444.33,265.32,435.23,1,-1,-1,-1
861,108,1437.20,509.42,465.13,375.67,1,-1,-1,-1
861,112,1711.89,588.02,208.09,294.53,1,-1,-1,-1
861,113,560.23,580.28,394.43,310.84,1,-1,-1,-1
861,114,1290.14,601.47,418.46,279.63,1,-1,-1,-1
861,115,596.67,578.36,358.35,309.28,1,-1,-1,-1
861,116,321.92,639.45,417.12,229.65,1,-1,-1,-1
862,91,994.23,582.28,522.53,305.40,1,-1,-1,-1
862,94,326.94,643.19,416.78,224.14,1,-1,-1,-1
862,96,942.07,563.92,299.04,318.09,1,-1,-1,-1
862,100,572.24,587.23,380.88,298.87,1,-1,-1,-1
862,103,1399.96,595.69,289.98,282.66,1,-1,-1,-1
862,104,34.36,539.32,432.51,333.86,1,-1,-1,-1
862,106,567.19,439.56,278.41,440.57,1,-1,-1,-1
862,108,1442.87,500.26,465.08,383.67,1,-1,-1,-1
862,112,1742.25,574.50,177.71,298.21,1,-1,-1,-1
862,113,552.94,576.02,401.13,314.08,1,-1,-1,-1
862,114,1290.14,601.47,418.46,279.63,1,-1,-1,-1
862,115,612.62,572.43,342.39,313.71,1,-1,-1,-1
862,116,321.92,639.45,417.12,229.65,1,-1,-1,-1
863,91,999.80,575.33,517.37,313.19,1,-1,-1,-1
863,94,357.82,450.52,456.48,423.06,1,-1,-1,-1
863,96,942.03,552.10,306.58,328.77,1,-1,-1,-1
863,100,572.24,587.23,380.88,298.87,1,-1,-1,-1
863,103,1398.61,595.92,298.69,283.19,1,-1,-1,-1
863,104,33.29,533.10,435.20,339.63,1,-1,-1,-1
863,106,523.37,430.33,300.79,449.17,1,-1,-1,-1
863,108,1437.54,490.92,472.32,394.16,1,-1,-1,-1
863,112,1759.66,551.61,160.33,319.33,1,-1,-1,-1
863,113,556.22,572.11,398.11,318.27,1,-1,-1,-1
863,114,1290.14,601.47,418.46,279.63,1,-1,-1,-1
863,115,612.62,572.43,342.39,313.71,1,-1,-1,-1
863,116,321.92,639.45,417.12,229.65,1,-1,-1,-1
864,91,1021.62,549.10,503.11,337.42,1,-1,-1,-1
864,94,357.82,450.52,456.48,423.06,1,-1,-1,-1
864,96,974.15,539.10,289.80,336.02,1,-1,-1,-1
864,100,572.24,587.23,380.88,298.87,1,-1,-1,-1
864,103,1354.33,630.30,337.98,248.58,1,-1,-1,-1
864,104,22.27,525.93,444.41,346.83,1,-1,-1,-1
864,106,449.67,400.96,325.18,466.24,1,-1,-1,-1
864,108,1472.38,470.62,441.72,411.48,1,-1,-1,-1
864,112,1759.66,551.61,160.33,319.33,1,-1,-1,-1
864,113,560.63,568.81,387.73,310.14,1,-1,-1,-1
864,114,1290.14,601.47,418.46,279.63,1,-1,-1,-1
864,115,633.19,560.59,319.70,324.04,1,-1,-1,-1
864,116,307.18,630.97,473.00,239.52,1,-1,-1,-1
865,91,1076.13,534.55,454.31,349.41,1,-1,-1,-1
865,94,357.82,450.52,456.48,423.06,1,-1,-1,-1
865,96,988.73,531.57,270.08,336.96,1,-1,-1,-1
865,100,572.24,587.23,380.88,298.87,1,-1,-1,-1
865,103,1394.23,623.19,300.98,244.84,1,-1,-1,-1
865,104,20.16,519.38,441.11,355.86,1,-1,-1,-1
865,106,346.40,387.15,387.69,484.04,1,-1,-1,-1
865,108,1487.70,459.36,427.99,421.37,1,-1,-1,-1
865,112,1709.15,507.74,210.85,374.38,1,-1,-1,-1
865,113,584.04,557.69,360.09,321.65,1,-1,-1,-1
865,114,1290.14,601.47,418.46,279.63,1,-1,-1,-1
865,115,633.19,560.59,319.70,324.04,1,-1,-1,-1
865,116,307.18,630.97,473.00,239.52,1,-1,-1,-1
866,91,1084.19,520.60,445.73,364.10,1,-1,-1,-1
866,94,357.82,450.52,456.48,423.06,1,-1,-1,-1
866,96,1000.57,524.01,265.42,344.74,1,-1,-1,-1
866,100,572.24,587.23,380.88,298.87,1,-1,-1,-1
866,103,1407.40,622.37,280.71,237.54,1,-1,-1,-1
866,104,21.11,516.36,432.12,359.58,1,-1,-1,-1
866,106,363.46,372.17,329.69,499.92,1,-1,-1,-1
866,108,1495.27,451.81,421.97,426.39,1,-1,-1,-1
866,112,1694.55,460.27,225.45,423.14,1,-1,-1,-1
866,113,571.66,548.67,369.82,336.88,1,-1,-1,-1
866,114,1290.14,601.47,418.46,279.63,1,-1,-1,-1
866,115,633.19,560.59,319.70,324.04,1,-1,-1,-1
866,116,307.18,630.97,473.00,239.52,1,-1,-1,-1
867,91,1133.78,506.67,400.47,375.35,1,-1,-1,-1
867,94,357.82,450.52,456.48,423.06,1,-1,-1,-1
867,96,1015.30,513.40,258.10,360.10,1,-1,-1,-1
867,100,572.24,587.23,380.88,298.87,1,-1,-1,-1
867,103,1409.16,618.00,273.91,241.21,1,-1,-1,-1
867,104,21.22,507.32,426.96,368.55,1,-1,-1,-1
867,106,312.51,370.94,339.28,502.01,1,-1,-1,-1
867,108,1514.07,443.54,405.65,439.87,1,-1,-1,-1
867,112,1694.55,460.27,225.45,423.14,1,-1,-1,-1
867,113,585.86,544.04,353.57,340.21,1,-1,-1,-1
867,114,1290.14,601.47,418.46,279.63,1,-1,-1,-1
867,115,633.19,560.59,319.70,324.04,1,-1,-1,-1
867,116,430.59,628.49,378.82,243.37,1,-1,-1,-1
868,91,1142.51,493.38,383.76,386.62,1,-1,-1,-1
868,94,357.82,450.52,456.48,423.06,1,-1,-1,-1
868,96,1026.87,503.33,255.69,368.13,1,-1,-1,-1
868,100,572.24,587.23,380.88,298.87,1,-1,-1,-1
868,103,1409.16,618.00,273.91,241.21,1,-1,-1,-1
868,104,25.14,499.76,417.63,372.05,1,-1,-1,-1
868,106,274.34,370.54,333.66,505.20,1,-1,-1,-1
868,108,1578.23,433.54,341.59,446.11,1,-1,-1,-1
868,112,1740.85,481.54,179.10,395.03,1,-1,-1,-1
868,113,594.91,540.70,345.67,342.88,1,-1,-1,-1
868,114,1290.14,601.47,418.46,279.63,1,-1,-1,-1
868,115,383.92,606.17,444.75,265.61,1,-1,-1,-1
868,116,415.11,621.85,404.22,248.31,1,-1,-1,-1
869,91,1169.15,471.45,355.02,402.83,1,-1,-1,-1
869,94,357.82,450.52,456.48,423.06,1,-1,-1,-1
869,96,1086.03,491.87,214.06,375.73,1,-1,-1,-1
869,100,572.24,587.23,380.88,298.87,1,-1,-1,-1
869,103,1409.16,618.00,273.91,241.21,1,-1,-1,-1
869,104,53.71,462.13,406.87,401.26,1,-1,-1,-1
869,106,198.99,386.23,350.58,486.44,1,-1,-1,-1
869,108,1627.81,423.51,292.17,454.83,1,-1,-1,-1
869,112,1790.47,443.88,129.53,424.15,1,-1,-1,-1
869,113,628.84,525.83,328.29,352.65,1,-1,-1,-1
869,114,1290.14,601.47,418.46,279.63,1,-1,-1,-1
869,115,343.84,607.63,462.58,262.42,1,-1,-1,-1
869,116,369.75,634.39,402.29,233.39,1,-1,-1,-1
870,91,1185.79,466.63,319.52,393.21,1,-1,-1,-1
870,94,357.82,450.52,456.48,423.06,1,-1,-1,-1
870,96,1086.42,483.24,207.78,368.31,1,-1,-1,-1
870,100,572.24,587.23,380.88,298.87,1,-1,-1,-1
870,103,1448.25,577.11,229.19,266.14,1,-1,-1,-1
870,104,53.71,462.13,406.87,401.26,1,-1,-1,-1
870,106,261.59,391.27,264.31,470.72,1,-1,-1,-1
870,108,1674.84,440.57,245.15,414.73,1,-1,-1,-1
870,112,1790.47,443.88,129.53,424.15,1,-1,-1,-1
870,113,645.64,526.87,317.62,341.28,1,-1,-1,-1
870,114,1312.82,592.93,260.33,245.09,1,-1,-1,-1
870,115,343.84,607.63,462.58,262.42,1,-1,-1,-1
870,116,369.75,634.39,402.29,233.39,1,-1,-1,-1
871,91,1232.92,457.39,253.79,391.43,1,-1,-1,-1
871,94,357.82,450.52,456.48,423.06,1,-1,-1,-1
871,96,1083.69,482.23,215.93,356.05,1,-1,-1,-1
871,100,1496.68,438.48,271.53,409.08,1,-1,-1,-1
871,103,1424.86,552.64,225.26,280.84,1,-1,-1,-1
871,104,53.71,462.13,406.87,401.26,1,-1,-1,-1
871,106,261.59,391.27,264.31,470.72,1,-1,-1,-1
871,108,1676.85,444.58,242.06,392.40,1,-1,-1,-1
871,112,1630.39,434.35,288.63,410.85,1,-1,-1,-1
871,113,664.20,520.08,302.05,334.17,1,-1,-1,-1
871,114,1312.82,592.93,260.33,245.09,1,-1,-1,-1
871,115,489.64,612.10,368.09,224.80,1,-1,-1,-1
871,116,482.46,651.87,335.59,180.83,1,-1,-1,-1
871,117,146.91,390.55,381.52,460.13,1,-1,-1,-1
872,91,1199.53,460.72,292.11,376.86,1,-1,-1,-1
872,94,357.82,450.52,456.48,423.06,1,-1,-1,-1
872,96,1078.49,483.55,223.92,347.69,1,-1,-1,-1
872,100,1619.04,443.30,285.79,379.64,1,-1,-1,-1
872,103,1399.86,546.71,294.47,270.57,1,-1,-1,-1
872,104,53.71,462.13,406.87,401.26,1,-1,-1,-1
872,106,261.59,391.27,264.31,470.72,1,-1,-1,-1
872,108,1676.85,444.58,242.06,392.40,1,-1,-1,-1
872,112,1579.23,429.14,264.82,405.56,1,-1,-1,-1
872,113,677.29,521.68,293.02,321.33,1,-1,-1,-1
872,114,1312.82,592.93,260.33,245.09,1,-1,-1,-1
872,115,489.64,612.10,368.09,224.80,1,-1,-1,-1
872,116,569.90,640.41,264.78,175.67,1,-1,-1,-1
872,117,186.91,384.53,352.56,458.87,1,-1,-1,-1
873,91,1214.32,497.19,268.32,335.20,1,-1,-1,-1
873,94,357.82,450.52,456.48,423.06,1,-1,-1,-1
873,96,1079.36,482.34,222.40,340.73,1,-1,-1,-1
873,100,1640.57,448.28,249.82,365.22,1,-1,-1,-1
873,103,1386.37,539.11,235.33,269.86,1,-1,-1,-1
873,104,53.71,462.13,406.87,401.26,1,-1,-1,-1
873,106,261.59,391.27,264.31,470.72,1,-1,-1,-1
873,108,1676.85,444.58,242.06,392.40,1,-1,-1,-1
873,112,1581.08,429.49,235.97,397.04,1,-1,-1,-1
873,113,703.42,516.55,270.03,320.75,1,-1,-1,-1
873,114,1249.11,562.10,239.08,261.07,1,-1,-1,-1
873,115,489.64,612.10,368.09,224.80,1,-1,-1,-1
873,116,600.20,639.23,191.67,165.91,1,-1,-1,-1
873,117,197.14,383.72,342.64,455.00,1,-1,-1,-1
874,91,1233.03,450.92,251.57,381.24,1,-1,-1,-1
874,94,357.82,450.52,456.48,423.06,1,-1,-1,-1
874,96,1091.74,467.54,219.65,352.21,1,-1,-1,-1
874,100,1688.62,439.50,205.13,367.71,1,-1,-1,-1
874,103,1414.86,527.57,196.06,280.86,1,-1,-1,-1
874,104,325.76,469.87,271.82,355.69,1,-1,-1,-1
874,106,261.59,391.27,264.31,470.72,1,-1,-1,-1
874,108,1676.85,444.58,242.06,392.40,1,-1,-1,-1
874,112,1601.59,422.02,211.75,404.73,1,-1,-1,-1
874,113,714.53,503.53,267.74,336.24,1,-1,-1,-1
874,114,1249.11,562.10,239.08,261.07,1,-1,-1,-1
874,115,489.64,612.10,368.09,224.80,1,-1,-1,-1
874,116,633.64,631.76,167.98,182.05,1,-1,-1,-1
874,117,202.41,375.75,351.52,463.68,1,-1,-1,-1
875,91,1242.13,434.63,247.34,398.49,1,-1,-1,-1
875,94,357.82,450.52,456.48,423.06,1,-1,-1,-1
875,96,1108.33,463.11,217.05,356.59,1,-1,-1,-1
875,100,1708.48,432.61,189.61,375.86,1,-1,-1,-1
875,103,1424.71,518.40,182.70,292.06,1,-1,-1,-1
875,104,325.76,469.87,271.82,355.69,1,-1,-1,-1
875,106,206.54,409.25,306.22,431.63,1,-1,-1,-1
875,108,1676.85,444.58,242.06,392.40,1,-1,-1,-1
875,112,1607.23,420.78,206.99,405.24,1,-1,-1,-1
875,113,809.14,499.70,176.19,336.84,1,-1,-1,-1
875,114,1249.11,562.10,239.08,261.07,1,-1,-1,-1
875,115,707.34,564.05,241.32,266.55,1,-1,-1,-1
875,116,636.99,634.13,176.92,181.03,1,-1,-1,-1
875,117,275.58,360.51,306.10,467.46,1,-1,-1,-1
876,91,1245.91,428.52,241.72,403.68,1,-1,-1,-1
876,94,357.82,450.52,456.48,423.06,1,-1,-1,-1
876,96,1135.99,460.00,203.31,358.26,1,-1,-1,-1
876,100,1725.24,427.67,167.61,380.54,1,-1,-1,-1
876,103,1435.45,505.51,168.66,303.96,1,-1,-1,-1
876,104,325.76,469.87,271.82,355.69,1,-1,-1,-1
876,106,202.05,347.15,347.49,497.17,1,-1,-1,-1
876,108,1676.85,444.58,242.06,392.40,1,-1,-1,-1
876,112,1611.02,416.21,204.44,408.89,1,-1,-1,-1
876,113,815.30,493.70,175.39,344.31,1,-1,-1,-1
876,114,1249.11,562.10,239.08,261.07,1,-1,-1,-1
876,115,733.94,547.44,237.15,283.80,1,-1,-1,-1
876,116,638.43,632.44,181.18,186.29,1,-1,-1,-1
876,117,402.12,577.17,221.40,243.03,1,-1,-1,-1
877,91,1248.24,423.30,244.18,409.13,1,-1,-1,-1
877,94,357.82,450.52,456.48,423.06,1,-1,-1,-1
877,96,1166.52,453.30,186.43,362.41,1,-1,-1,-1
877,100,1737.55,422.76,161.31,386.04,1,-1,-1,-1
877,103,1474.82,501.33,130.44,309.70,1,-1,-1,-1
877,104,388.34,525.92,241.44,295.26,1,-1,-1,-1
877,106,201.55,292.91,325.04,548.76,1,-1,-1,-1
877,108,1676.85,444.58,242.06,392.40,1,-1,-1,-1
877,112,1612.74,415.86,200.72,410.64,1,-1,-1,-1
877,113,823.36,486.61,172.61,346.33,1,-1,-1,-1
877,114,1177.02,466.26,189.55,349.78,1,-1,-1,-1
877,115,733.94,547.44,237.15,283.80,1,-1,-1,-1
877,116,640.72,632.20,187.34,189.63,1,-1,-1,-1
877,117,411.23,593.58,221.61,227.43,1,-1,-1,-1
878,91,1247.01,416.25,243.00,414.70,1,-1,-1,-1
878,94,357.82,450.52,456.48,423.06,1,-1,-1,-1
878,96,1178.82,449.13,189.13,365.28,1,-1,-1,-1
878,100,1741.68,413.84,161.61,392.75,1,-1,-1,-1
878,103,1492.02,495.64,120.67,312.47,1,-1,-1,-1
878,104,409.59,582.24,232.94,238.39,1,-1,-1,-1
878,106,199.51,239.72,354.03,605.79,1,-1,-1,-1
878,108,1676.85,444.58,242.06,392.40,1,-1,-1,-1
878,112,1608.82,413.23,222.11,409.32,1,-1,-1,-1
878,113,823.36,486.61,172.61,346.33,1,-1,-1,-1
878,114,1177.02,466.26,189.55,349.78,1,-1,-1,-1
878,115,733.94,547.44,237.15,283.80,1,-1,-1,-1
878,116,642.23,628.46,197.18,190.70,1,-1,-1,-1
878,117,411.23,593.58,221.61,227.43,1,-1,-1,-1
879,91,1288.80,406.59,203.75,425.55,1,-1,-1,-1
879,94,357.82,450.52,456.48,423.06,1,-1,-1,-1
879,96,1210.47,443.53,193.17,373.14,1,-1,-1,-1
879,100,1743.05,403.68,175.28,406.87,1,-1,-1,-1
879,103,1512.53,491.17,119.93,317.65,1,-1,-1,-1
879,104,424.36,570.21,229.93,244.75,1,-1,-1,-1
879,106,202.42,227.33,334.94,617.16,1,-1,-1,-1
879,108,1676.85,444.58,242.06,392.40,1,-1,-1,-1
879,112,1607.97,414.80,218.67,407.47,1,-1,-1,-1
879,113,823.36,486.61,172.61,346.33,1,-1,-1,-1
879,114,1177.02,466.26,189.55,349.78,1,-1,-1,-1
879,115,733.94,547.44,237.15,283.80,1,-1,-1,-1
879,116,645.27,626.08,210.46,191.90,1,-1,-1,-1
879,117,457.00,568.78,197.73,236.86,1,-1,-1,-1
879,118,805.79,471.37,217.98,357.83,1,-1,-1,-1
879,120,397.74,448.85,149.97,375.21,1,-1,-1,-1
880,91,1301.26,405.38,189.99,424.88,1,-1,-1,-1
880,94,357.82,450.52,456.48,423.06,1,-1,-1,-1
880,96,1239.17,441.60,164.53,380.46,1,-1,-1,-1
880,100,1744.99,397.16,174.84,414.03,1,-1,-1,-1
880,103,1520.43,490.38,123.03,318.74,1,-1,-1,-1
880,104,424.36,570.21,229.93,244.75,1,-1,-1,-1
880,106,206.14,247.00,336.34,593.79,1,-1,-1,-1
880,108,1676.85,444.58,242.06,392.40,1,-1,-1,-1
880,112,1609.82,418.15,217.14,403.42,1,-1,-1,-1
880,113,834.78,466.97,161.53,361.59,1,-1,-1,-1
880,114,1177.02,466.26,189.55,349.78,1,-1,-1,-1
880,115,733.94,547.44,237.15,283.80,1,-1,-1,-1
880,116,660.51,626.24,188.88,186.86,1,-1,-1,-1
880,117,471.63,559.25,189.86,245.96,1,-1,-1,-1
880,118,855.45,466.01,183.60,353.04,1,-1,-1,-1
880,119,402.15,447.78,158.07,369.87,1,-1,-1,-1
880,120,399.61,441.96,153.41,381.79,1,-1,-1,-1
881,91,1303.26,403.55,188.05,425.56,1,-1,-1,-1
881,94,357.82,450.52,456.48,423.06,1,-1,-1,-1
881,96,1243.49,441.80,170.50,380.66,1,-1,-1,-1
881,100,1745.18,393.55,174.80,417.99,1,-1,-1,-1
881,103,1526.33,492.59,124.91,317.86,1,-1,-1,-1
881,104,424.36,570.21,229.93,244.75,1,-1,-1,-1
881,106,221.47,272.99,316.04,565.57,1,-1,-1,-1
881,108,1676.85,444.58,242.06,392.40,1,-1,-1,-1
881,112,1614.84,426.39,207.42,396.72,1,-1,-1,-1
881,113,847.21,457.25,156.56,374.89,1,-1,-1,-1
881,114,1177.02,466.26,189.55,349.78,1,-1,-1,-1
881,115,733.94,547.44,237.15,283.80,1,-1,-1,-1
881,116,680.00,623.10,169.57,190.32,1,-1,-1,-1
881,117,483.20,554.15,183.94,252.47,1,-1,-1,-1
881,118,895.97,462.83,158.44,351.46,1,-1,-1,-1
881,119,402.15,447.78,158.07,369.87,1,-1,-1,-1
881,120,420.80,449.34,138.03,369.23,1,-1,-1,-1
882,91,1286.57,403.24,209.45,424.92,1,-1,-1,-1
882,94,357.82,450.52,456.48,423.06,1,-1,-1,-1
882,96,1244.88,444.50,197.74,379.37,1,-1,-1,-1
882,100,1743.41,393.26,176.59,418.24,1,-1,-1,-1
882,103,1530.48,496.80,131.22,312.72,1,-1,-1,-1
882,104,461.13,554.86,214.74,252.88,1,-1,-1,-1
882,106,224.16,297.42,308.80,545.61,1,-1,-1,-1
882,108,1676.85,444.58,242.06,392.40,1,-1,-1,-1
882,112,1612.28,432.00,208.74,389.53,1,-1,-1,-1
882,113,848.54,454.94,153.74,375.17,1,-1,-1,-1
882,114,1177.02,466.26,189.55,349.78,1,-1,-1,-1
882,115,733.94,547.44,237.15,283.80,1,-1,-1,-1
882,116,689.98,620.73,164.67,193.46,1,-1,-1,-1
882,117,483.20,554.15,183.94,252.47,1,-1,-1,-1
882,118,911.47,462.93,151.12,348.83,1,-1,-1,-1
882,119,402.15,447.78,158.07,369.87,1,-1,-1,-1
882,120,400.16,445.53,163.39,372.72,1,-1,-1,-1
883,91,1261.91,405.27,234.59,421.63,1,-1,-1,-1
883,94,357.82,450.52,456.48,423.06,1,-1,-1,-1
883,96,1243.23,434.10,216.06,389.07,1,-1,-1,-1
883,100,1742.10,393.54,177.90,417.15,1,-1,-1,-1
883,103,1531.78,500.63,136.89,309.91,1,-1,-1,-1
883,104,459.29,552.36,221.56,256.33,1,-1,-1,-1
883,106,221.97,300.73,307.08,541.92,1,-1,-1,-1
883,108,1676.85,444.58,242.06,392.40,1,-1,-1,-1
883,112,1612.40,440.09,199.18,379.12,1,-1,-1,-1
883,113,848.31,451.20,155.59,378.85,1,-1,-1,-1
883,114,1177.02,466.26,189.55,349.78,1,-1,-1,-1
883,115,733.94,547.44,237.15,283.80,1,-1,-1,-1
883,116,707.49,621.23,156.50,192.08,1,-1,-1,-1
883,117,483.20,554.15,183.94,252.47,1,-1,-1,-1
883,118,909.42,461.50,183.39,350.46,1,-1,-1,-1
883,119,402.15,447.78,158.07,369.87,1,-1,-1,-1
883,120,393.72,448.21,173.12,371.62,1,-1,-1,-1
884,91,1270.55,425.89,216.19,401.44,1,-1,-1,-1
884,94,357.82,450.52,456.48,423.06,1,-1,-1,-1
884,96,1292.23,432.32,188.24,386.60,1,-1,-1,-1
884,100,1737.78,394.57,182.22,421.90,1,-1,-1,-1
884,103,1531.53,502.01,154.48,307.78,1,-1,-1,-1
884,104,459.44,556.70,227.12,256.83,1,-1,-1,-1
884,106,214.87,299.24,306.14,542.88,1,-1,-1,-1
884,108,1676.85,444.58,242.06,392.40,1,-1,-1,-1
884,112,1597.49,448.18,203.55,372.56,1,-1,-1,-1
884,113,840.31,450.78,186.71,379.86,1,-1,-1,-1
884,114,1177.02,466.26,189.55,349.78,1,-1,-1,-1
884,115,733.94,547.44,237.15,283.80,1,-1,-1,-1
884,116,743.62,610.69,186.78,204.01,1,-1,-1,-1
884,117,483.20,554.15,183.94,252.47,1,-1,-1,-1
884,118,900.94,467.80,252.37,344.44,1,-1,-1,-1
884,119,402.15,447.78,158.07,369.87,1,-1,-1,-1
884,120,409.15,454.10,157.26,366.46,1,-1,-1,-1
885,91,1257.93,417.21,228.50,412.58,1,-1,-1,-1
885,94,357.82,450.52,456.48,423.06,1,-1,-1,-1
885,96,1303.69,439.93,176.00,376.46,1,-1,-1,-1
885,100,1735.90,394.99,184.10,425.46,1,-1,-1,-1
885,103,1521.46,503.34,178.72,305.40,1,-1,-1,-1
885,104,458.59,555.68,229.92,263.25,1,-1,-1,-1
885,106,206.94,287.65,310.47,552.49,1,-1,-1,-1
885,108,1676.85,444.58,242.06,392.40,1,-1,-1,-1
885,112,1584.27,452.92,209.34,368.22,1,-1,-1,-1
885,113,834.59,450.42,192.55,382.15,1,-1,-1,-1
885,114,1177.02,466.26,189.55,349.78,1,-1,-1,-1
885,115,733.94,547.44,237.15,283.80,1,-1,-1,-1
885,116,744.24,603.92,191.57,212.27,1,-1,-1,-1
885,117,483.20,554.15,183.94,252.47,1,-1,-1,-1
885,118,905.84,469.83,252.71,345.00,1,-1,-1,-1
885,119,402.15,447.78,158.07,369.87,1,-1,-1,-1
885,120,396.42,460.29,168.74,360.21,1,-1,-1,-1
886,91,1262.25,417.41,212.77,412.26,1,-1,-1,-1
886,94,357.82,450.52,456.48,423.06,1,-1,-1,-1
886,96,1319.35,441.14,154.63,368.18,1,-1,-1,-1
886,100,1731.43,390.99,188.34,428.94,1,-1,-1,-1
886,103,1522.58,503.97,163.17,305.51,1,-1,-1,-1
886,104,460.13,559.51,228.70,259.43,1,-1,-1,-1
886,106,201.92,283.45,313.12,556.27,1,-1,-1,-1
886,108,1676.85,444.58,242.06,392.40,1,-1,-1,-1
886,112,1572.69,456.65,211.77,364.23,1,-1,-1,-1
886,113,825.12,449.71,192.26,381.05,1,-1,-1,-1
886,114,1177.02,466.26,189.55,349.78,1,-1,-1,-1
886,115,733.94,547.44,237.15,283.80,1,-1,-1,-1
886,116,744.24,603.92,191.57,212.27,1,-1,-1,-1
886,117,483.20,554.15,183.94,252.47,1,-1,-1,-1
886,118,921.89,471.97,237.49,350.08,1,-1,-1,-1
886,119,402.15,447.78,158.07,369.87,1,-1,-1,-1
886,120,402.28,461.87,158.82,359.93,1,-1,-1,-1
887,91,1257.62,416.81,212.78,413.05,1,-1,-1,-1
887,94,357.82,450.52,456.48,423.06,1,-1,-1,-1
887,96,1333.34,438.62,143.07,363.05,1,-1,-1,-1
887,100,1722.47,387.36,197.02,427.88,1,-1,-1,-1
887,103,1525.47,502.00,163.13,306.87,1,-1,-1,-1
887,104,475.61,556.78,217.91,262.67,1,-1,-1,-1
887,106,197.54,279.48,316.72,559.73,1,-1,-1,-1
887,108,1676.85,444.58,242.06,392.40,1,-1,-1,-1
887,112,1556.13,455.04,181.92,363.33,1,-1,-1,-1
887,113,826.28,450.83,185.61,382.25,1,-1,-1,-1
887,114,1177.02,466.26,189.55,349.78,1,-1,-1,-1
887,115,733.94,547.44,237.15,283.80,1,-1,-1,-1
887,116,730.43,598.66,192.38,222.04,1,-1,-1,-1
887,117,483.20,554.15,183.94,252.47,1,-1,-1,-1
887,118,940.73,469.21,210.63,354.52,1,-1,-1,-1
887,119,402.15,447.78,158.07,369.87,1,-1,-1,-1
887,120,388.54,462.76,173.60,359.10,1,-1,-1,-1
887,121,728.81,602.26,184.65,215.90,1,-1,-1,-1
888,91,1250.04,418.77,218.31,409.76,1,-1,-1,-1
888,94,357.82,450.52,456.48,423.06,1,-1,-1,-1
888,96,1333.74,436.59,147.96,369.31,1,-1,-1,-1
888,100,1712.64,385.16,192.02,427.14,1,-1,-1,-1
888,103,1525.47,502.00,163.13,306.87,1,-1,-1,-1
888,104,498.24,552.28,201.81,268.43,1,-1,-1,-1
888,106,190.85,278.05,323.62,561.93,1,-1,-1,-1
888,108,1676.85,444.58,242.06,392.40,1,-1,-1,-1
888,112,1534.03,456.80,202.66,362.55,1,-1,-1,-1
888,113,824.83,449.63,183.00,383.32,1,-1,-1,-1
888,114,1177.02,466.26,189.55,349.78,1,-1,-1,-1
888,115,733.94,547.44,237.15,283.80,1,-1,-1,-1
888,116,730.43,598.66,192.38,222.04,1,-1,-1,-1
888,117,483.20,554.15,183.94,252.47,1,-1,-1,-1
888,118,945.07,468.07,201.50,353.64,1,-1,-1,-1
888,119,402.15,447.78,158.07,369.87,1,-1,-1,-1
888,120,388.13,466.33,171.74,356.75,1,-1,-1,-1
888,121,728.59,605.12,180.54,213.56,1,-1,-1,-1
889,91,1231.41,419.61,172.45,407.68,1,-1,-1,-1
889,94,357.82,450.52,456.48,423.06,1,-1,-1,-1
889,96,1350.41,436.20,146.23,382.75,1,-1,-1,-1
889,100,1692.12,383.30,216.00,431.93,1,-1,-1,-1
889,103,1525.47,502.00,163.13,306.87,1,-1,-1,-1
889,104,516.13,542.09,188.18,279.10,1,-1,-1,-1
889,106,172.78,279.60,336.86,562.65,1,-1,-1,-1
889,108,1676.85,444.58,242.06,392.40,1,-1,-1,-1
889,112,1521.59,461.64,176.10,357.78,1,-1,-1,-1
889,113,838.19,450.85,160.63,383.47,1,-1,-1,-1
889,114,1177.02,466.26,189.55,349.78,1,-1,-1,-1
889,115,733.94,547.44,237.15,283.80,1,-1,-1,-1
889,116,729.94,613.33,178.49,204.09,1,-1,-1,-1
889,117,483.20,554.15,183.94,252.47,1,-1,-1,-1
889,118,1003.08,459.51,135.39,363.95,1,-1,-1,-1
889,119,402.15,447.78,158.07,369.87,1,-1,-1,-1
889,120,387.18,468.19,173.54,357.18,1,-1,-1,-1
889,121,728.59,605.12,180.54,213.56,1,-1,-1,-1
890,91,1217.78,418.46,166.19,410.48,1,-1,-1,-1
890,94,357.82,450.52,456.48,423.06,1,-1,-1,-1
890,96,1359.07,439.71,159.48,375.51,1,-1,-1,-1
890,100,1680.63,383.02,215.44,431.88,1,-1,-1,-1
890,103,1423.67,468.38,242.66,340.41,1,-1,-1,-1
890,104,528.89,537.48,238.82,283.66,1,-1,-1,-1
890,106,166.18,284.88,341.69,559.85,1,-1,-1,-1
890,108,1676.85,444.58,242.06,392.40,1,-1,-1,-1
890,112,1504.72,465.10,171.65,351.65,1,-1,-1,-1
890,113,854.49,452.05,137.42,384.53,1,-1,-1,-1
890,114,1177.02,466.26,189.55,349.78,1,-1,-1,-1
890,115,733.94,547.44,237.15,283.80,1,-1,-1,-1
890,116,739.65,527.82,211.92,290.41,1,-1,-1,-1
890,117,483.20,554.15,183.94,252.47,1,-1,-1,-1
890,118,1033.99,456.25,114.82,367.99,1,-1,-1,-1
890,119,402.15,447.78,158.07,369.87,1,-1,-1,-1
890,120,386.45,467.18,188.04,358.89,1,-1,-1,-1
890,121,784.70,523.57,169.23,300.91,1,-1,-1,-1
891,91,1203.64,422.00,155.40,407.59,1,-1,-1,-1
891,94,357.82,450.52,456.48,423.06,1,-1,-1,-1
891,96,1356.71,442.30,194.83,375.86,1,-1,-1,-1
891,100,1645.16,382.53,239.03,434.62,1,-1,-1,-1
891,103,1423.67,468.38,242.66,340.41,1,-1,-1,-1
891,104,539.11,535.10,212.03,286.10,1,-1,-1,-1
891,106,153.90,297.50,352.19,548.78,1,-1,-1,-1
891,108,1676.85,444.58,242.06,392.40,1,-1,-1,-1
891,112,1484.04,466.31,187.88,346.56,1,-1,-1,-1
891,113,861.14,451.19,129.92,384.48,1,-1,-1,-1
891,114,1177.02,466.26,189.55,349.78,1,-1,-1,-1
891,115,733.94,547.44,237.15,283.80,1,-1,-1,-1
891,116,739.65,527.82,211.92,290.41,1,-1,-1,-1
891,117,483.20,554.15,183.94,252.47,1,-1,-1,-1
891,118,1046.01,456.45,116.32,363.43,1,-1,-1,-1
891,119,402.15,447.78,158.07,369.87,1,-1,-1,-1
891,120,379.64,465.75,179.82,362.88,1,-1,-1,-1
891,121,803.80,510.23,143.21,309.78,1,-1,-1,-1
892,91,1185.59,425.97,158.40,401.73,1,-1,-1,-1
892,94,357.82,450.52,456.48,423.06,1,-1,-1,-1
892,96,1357.70,444.05,223.14,375.15,1,-1,-1,-1
892,100,1615.25,387.41,257.01,433.69,1,-1,-1,-1
892,103,1423.67,468.38,242.66,340.41,1,-1,-1,-1
892,104,560.26,533.37,157.86,287.88,1,-1,-1,-1
892,106,142.78,311.45,373.53,534.09,1,-1,-1,-1
892,108,1676.85,444.58,242.06,392.40,1,-1,-1,-1
892,112,1464.48,480.42,199.17,327.16,1,-1,-1,-1
892,113,869.45,453.03,127.88,379.56,1,-1,-1,-1
892,114,1177.02,466.26,189.55,349.78,1,-1,-1,-1
892,115,733.94,547.44,237.15,283.80,1,-1,-1,-1
892,116,580.58,539.93,243.18,279.71,1,-1,-1,-1
892,117,483.20,554.15,183.94,252.47,1,-1,-1,-1
892,118,1045.42,456.71,139.94,363.74,1,-1,-1,-1
892,119,402.15,447.78,158.07,369.87,1,-1,-1,-1
892,120,386.22,464.62,165.54,364.43,1,-1,-1,-1
892,121,798.97,507.26,143.19,312.14,1,-1,-1,-1
892,122,1275.90,488.66,155.74,330.12,1,-1,-1,-1
893,91,1169.93,432.78,159.91,396.20,1,-1,-1,-1
893,94,357.82,450.52,456.48,423.06,1,-1,-1,-1
893,96,1353.06,447.64,237.08,369.74,1,-1,-1,-1
893,100,1583.31,392.26,279.41,431.40,1,-1,-1,-1
893,103,1434.70,487.90,185.01,319.31,1,-1,-1,-1
893,104,557.05,531.75,144.39,288.48,1,-1,-1,-1
893,106,130.39,321.73,383.51,527.25,1,-1,-1,-1
893,108,1676.85,444.58,242.06,392.40,1,-1,-1,-1
893,112,1464.03,498.74,172.41,304.58,1,-1,-1,-1
893,113,877.45,456.81,128.43,375.40,1,-1,-1,-1
893,114,1177.02,466.26,189.55,349.78,1,-1,-1,-1
893,115,733.94,547.44,237.15,283.80,1,-1,-1,-1
893,116,580.58,539.93,243.18,279.71,1,-1,-1,-1
893,117,483.20,554.15,183.94,252.47,1,-1,-1,-1
893,118,1040.10,456.52,176.81,365.62,1,-1,-1,-1
893,119,402.15,447.78,158.07,369.87,1,-1,-1,-1
893,120,400.33,464.58,146.45,364.59,1,-1,-1,-1
893,121,791.96,505.34,147.76,310.95,1,-1,-1,-1
893,122,1253.85,490.21,182.65,331.96,1,-1,-1,-1
894,91,1146.34,446.35,164.91,383.13,1,-1,-1,-1
894,96,1354.45,455.31,280.35,371.01,1,-1,-1,-1
894,100,1565.36,401.81,287.72,421.66,1,-1,-1,-1
894,103,1358.61,497.32,186.97,323.21,1,-1,-1,-1
894,104,549.02,535.15,165.83,288.00,1,-1,-1,-1
894,106,121.11,322.61,385.47,529.52,1,-1,-1,-1
894,108,1676.85,444.58,242.06,392.40,1,-1,-1,-1
894,112,1478.73,518.08,161.21,283.81,1,-1,-1,-1
894,113,872.64,469.69,154.39,366.59,1,-1,-1,-1
894,114,1177.02,466.26,189.55,349.78,1,-1,-1,-1
894,115,733.94,547.44,237.15,283.80,1,-1,-1,-1
894,116,580.58,539.93,243.18,279.71,1,-1,-1,-1
894,117,483.20,554.15,183.94,252.47,1,-1,-1,-1
894,118,1034.11,466.67,211.92,357.78,1,-1,-1,-1
894,119,402.15,447.78,158.07,369.87,1,-1,-1,-1
894,120,393.49,452.83,158.21,378.46,1,-1,-1,-1
894,121,790.66,501.67,145.82,321.46,1,-1,-1,-1
894,122,1241.93,491.04,167.49,334.61,1,-1,-1,-1
895,91,1135.94,452.52,166.04,378.95,1,-1,-1,-1
895,96,1361.52,460.88,228.55,364.90,1,-1,-1,-1
895,100,1561.63,403.44,282.78,418.95,1,-1,-1,-1
895,103,1357.68,501.06,176.31,321.47,1,-1,-1,-1
895,104,537.63,537.48,203.61,286.52,1,-1,-1,-1
895,106,116.98,333.33,398.77,519.57,1,-1,-1,-1
895,108,1676.85,444.58,242.06,392.40,1,-1,-1,-1
895,112,1483.05,520.92,143.33,282.32,1,-1,-1,-1
895,113,869.22,478.34,171.39,359.43,1,-1,-1,-1
895,114,1177.02,466.26,189.55,349.78,1,-1,-1,-1
895,115,733.94,547.44,237.15,283.80,1,-1,-1,-1
895,116,580.58,539.93,243.18,279.71,1,-1,-1,-1
895,117,483.20,554.15,183.94,252.47,1,-1,-1,-1
895,118,1034.20,473.92,230.48,354.50,1,-1,-1,-1
895,119,402.15,447.78,158.07,369.87,1,-1,-1,-1
895,120,389.26,467.00,169.02,363.11,1,-1,-1,-1
895,121,790.01,501.70,149.30,322.41,1,-1,-1,-1
895,122,1254.57,491.80,141.29,330.78,1,-1,-1,-1
896,91,1121.56,456.04,173.42,376.67,1,-1,-1,-1
896,96,1383.61,497.47,176.65,322.73,1,-1,-1,-1
896,100,1548.25,406.01,288.19,413.16,1,-1,-1,-1
896,103,1369.51,502.29,154.37,317.72,1,-1,-1,-1
896,104,520.02,541.61,233.20,281.31,1,-1,-1,-1
896,106,115.35,336.22,405.77,519.76,1,-1,-1,-1
896,108,1676.85,444.58,242.06,392.40,1,-1,-1,-1
896,112,1407.57,461.88,227.52,362.56,1,-1,-1,-1
896,113,869.58,483.79,181.51,354.69,1,-1,-1,-1
896,114,1177.02,466.26,189.55,349.78,1,-1,-1,-1
896,115,733.94,547.44,237.15,283.80,1,-1,-1,-1
896,116,580.58,539.93,243.18,279.71,1,-1,-1,-1
896,117,483.20,554.15,183.94,252.47,1,-1,-1,-1
896,118,1034.38,476.77,232.73,354.19,1,-1,-1,-1
896,119,402.15,447.78,158.07,369.87,1,-1,-1,-1
896,120,390.98,468.28,198.83,365.98,1,-1,-1,-1
896,121,792.85,501.94,147.21,320.65,1,-1,-1,-1
896,122,1250.27,492.32,147.35,332.61,1,-1,-1,-1
897,91,1114.02,459.58,174.02,371.50,1,-1,-1,-1
897,96,1382.30,454.89,246.67,370.75,1,-1,-1,-1
897,100,1536.23,402.67,286.11,420.07,1,-1,-1,-1
897,103,1366.67,499.70,163.64,320.30,1,-1,-1,-1
897,104,540.37,545.38,222.29,277.19,1,-1,-1,-1
897,106,117.11,333.75,413.63,520.71,1,-1,-1,-1
897,108,1676.85,444.58,242.06,392.40,1,-1,-1,-1
897,112,1407.57,461.88,227.52,362.56,1,-1,-1,-1
897,113,869.04,487.82,192.87,349.92,1,-1,-1,-1
897,114,1177.02,466.26,189.55,349.78,1,-1,-1,-1
897,115,733.94,547.44,237.15,283.80,1,-1,-1,-1
897,116,580.58,539.93,243.18,279.71,1,-1,-1,-1
897,117,483.20,554.15,183.94,252.47,1,-1,-1,-1
897,118,1045.71,468.58,235.96,363.21,1,-1,-1,-1
897,119,402.15,447.78,158.07,369.87,1,-1,-1,-1
897,120,392.61,469.84,208.72,365.06,1,-1,-1,-1
897,121,796.77,501.21,149.33,320.71,1,-1,-1,-1
897,122,1233.38,491.59,167.97,334.56,1,-1,-1,-1
897,123,1514.73,402.06,167.16,408.33,1,-1,-1,-1
898,91,1122.72,464.39,161.28,367.50,1,-1,-1,-1
898,96,1512.77,406.15,254.81,416.78,1,-1,-1,-1
898,100,1534.96,399.29,263.50,421.04,1,-1,-1,-1
898,103,1367.79,501.72,157.57,324.45,1,-1,-1,-1
898,104,543.40,547.48,216.87,277.26,1,-1,-1,-1
898,106,132.75,336.05,412.68,516.71,1,-1,-1,-1
898,108,1676.85,444.58,242.06,392.40,1,-1,-1,-1
898,112,1444.71,448.33,173.72,370.08,1,-1,-1,-1
898,113,873.30,488.59,194.87,349.09,1,-1,-1,-1
898,114,1177.02,466.26,189.55,349.78,1,-1,-1,-1
898,115,733.94,547.44,237.15,283.80,1,-1,-1,-1
898,116,580.58,539.93,243.18,279.71,1,-1,-1,-1
898,117,483.20,554.15,183.94,252.47,1,-1,-1,-1
898,118,1070.36,470.28,193.33,356.80,1,-1,-1,-1
898,119,402.15,447.78,158.07,369.87,1,-1,-1,-1
898,120,385.83,472.92,218.58,363.46,1,-1,-1,-1
898,121,800.21,500.18,150.04,323.84,1,-1,-1,-1
898,122,1243.29,491.33,160.41,334.05,1,-1,-1,-1
898,123,1521.09,399.35,147.49,423.98,1,-1,-1,-1
899,91,1112.63,465.86,154.21,368.25,1,-1,-1,-1
899,96,1512.77,406.15,254.81,416.78,1,-1,-1,-1
899,100,1534.96,399.29,263.50,421.04,1,-1,-1,-1
899,103,1359.45,502.37,133.92,312.07,1,-1,-1,-1
899,104,575.47,547.07,189.54,277.63,1,-1,-1,-1
899,106,250.63,332.10,331.43,517.11,1,-1,-1,-1
899,108,1676.85,444.58,242.06,392.40,1,-1,-1,-1
899,112,1410.05,498.66,180.26,326.59,1,-1,-1,-1
899,113,895.93,493.02,175.55,347.68,1,-1,-1,-1
899,114,1177.02,466.26,189.55,349.78,1,-1,-1,-1
899,115,733.94,547.44,237.15,283.80,1,-1,-1,-1
899,116,580.58,539.93,243.18,279.71,1,-1,-1,-1
899,117,483.20,554.15,183.94,252.47,1,-1,-1,-1
899,118,1070.36,470.28,193.33,356.80,1,-1,-1,-1
899,119,402.15,447.78,158.07,369.87,1,-1,-1,-1
899,120,377.67,446.96,224.11,390.14,1,-1,-1,-1
899,121,806.67,498.15,133.25,331.08,1,-1,-1,-1
899,122,1264.08,490.99,152.11,333.35,1,-1,-1,-1
899,123,1477.99,397.85,174.04,432.42,1,-1,-1,-1
900,91,1107.38,464.92,157.66,370.35,1,-1,-1,-1
900,96,1512.77,406.15,254.81,416.78,1,-1,-1,-1
900,100,1534.96,399.29,263.50,421.04,1,-1,-1,-1
900,103,1326.77,503.21,154.46,317.86,1,-1,-1,-1
900,104,613.67,546.18,152.77,278.40,1,-1,-1,-1
900,106,299.95,329.13,291.03,522.74,1,-1,-1,-1
900,108,1676.85,444.58,242.06,392.40,1,-1,-1,-1
900,112,1411.58,504.89,172.97,319.01,1,-1,-1,-1
900,113,901.63,493.65,164.81,346.32,1,-1,-1,-1
900,114,1177.02,466.26,189.55,349.78,1,-1,-1,-1
900,115,733.94,547.44,237.15,283.80,1,-1,-1,-1
900,116,580.58,539.93,243.18,279.71,1,-1,-1,-1
900,117,483.20,554.15,183.94,252.47,1,-1,-1,-1
900,118,1070.36,470.28,193.33,356.80,1,-1,-1,-1
900,119,402.15,447.78,158.07,369.87,1,-1,-1,-1
900,120,358.83,356.70,239.55,485.65,1,-1,-1,-1
900,121,807.43,497.02,125.94,334.20,1,-1,-1,-1
900,122,1258.65,491.72,177.79,334.18,1,-1,-1,-1
900,123,1480.20,393.97,197.50,435.43,1,-1,-1,-1
901,91,1101.67,467.27,153.40,368.10,1,-1,-1,-1
901,96,1512.77,406.15,254.81,416.78,1,-1,-1,-1
901,100,1504.74,446.05,159.75,380.80,1,-1,-1,-1
901,103,1315.08,505.60,158.01,315.80,1,-1,-1,-1
901,104,628.09,542.71,143.05,282.00,1,-1,-1,-1
901,106,297.20,323.86,298.02,527.85,1,-1,-1,-1
901,108,1676.85,444.58,242.06,392.40,1,-1,-1,-1
901,112,1416.26,508.69,164.03,304.15,1,-1,-1,-1
901,113,906.73,494.48,154.34,346.82,1,-1,-1,-1
901,114,1177.02,466.26,189.55,349.78,1,-1,-1,-1
901,115,733.94,547.44,237.15,283.80,1,-1,-1,-1
901,116,580.58,539.93,243.18,279.71,1,-1,-1,-1
901,117,483.20,554.15,183.94,252.47,1,-1,-1,-1
901,118,1070.36,470.28,193.33,356.80,1,-1,-1,-1
901,119,402.15,447.78,158.07,369.87,1,-1,-1,-1
901,120,358.83,356.70,239.55,485.65,1,-1,-1,-1
901,121,807.40,494.93,125.91,340.93,1,-1,-1,-1
901,122,1253.21,491.42,163.66,338.37,1,-1,-1,-1
901,123,1479.90,404.87,173.08,429.73,1,-1,-1,-1
902,91,1095.94,468.31,159.24,367.00,1,-1,-1,-1
902,96,1512.77,406.15,254.81,416.78,1,-1,-1,-1
902,100,1506.29,455.75,170.12,368.51,1,-1,-1,-1
902,103,1309.35,506.85,164.03,310.78,1,-1,-1,-1
902,104,643.75,539.58,132.24,287.43,1,-1,-1,-1
902,106,293.22,318.13,324.52,535.60,1,-1,-1,-1
902,112,1416.26,508.69,164.03,304.15,1,-1,-1,-1
902,113,909.23,495.44,145.46,342.94,1,-1,-1,-1
902,114,1177.02,466.26,189.55,349.78,1,-1,-1,-1
902,115,733.94,547.44,237.15,283.80,1,-1,-1,-1
902,116,580.58,539.93,243.18,279.71,1,-1,-1,-1
902,117,483.20,554.15,183.94,252.47,1,-1,-1,-1
902,118,1118.95,472.46,138.93,354.78,1,-1,-1,-1
902,119,402.15,447.78,158.07,369.87,1,-1,-1,-1
902,120,358.83,356.70,239.55,485.65,1,-1,-1,-1
902,121,805.44,493.30,125.78,340.33,1,-1,-1,-1
902,122,1248.39,494.58,154.41,333.51,1,-1,-1,-1
902,123,1412.06,396.44,219.12,437.18,1,-1,-1,-1
903,91,1088.10,471.39,163.70,366.20,1,-1,-1,-1
903,96,1512.77,406.15,254.81,416.78,1,-1,-1,-1
903,100,1505.00,455.42,184.79,363.38,1,-1,-1,-1
903,103,1279.46,501.06,190.81,325.22,1,-1,-1,-1
903,104,661.70,538.05,114.89,286.36,1,-1,-1,-1
903,106,295.77,314.67,348.51,542.17,1,-1,-1,-1
903,112,1416.26,508.69,164.03,304.15,1,-1,-1,-1
903,113,902.01,498.29,146.78,340.50,1,-1,-1,-1
903,114,1177.02,466.26,189.55,349.78,1,-1,-1,-1
903,115,733.94,547.44,237.15,283.80,1,-1,-1,-1
903,116,580.58,539.93,243.18,279.71,1,-1,-1,-1
903,117,483.20,554.15,183.94,252.47,1,-1,-1,-1
903,118,1120.12,476.14,146.18,357.29,1,-1,-1,-1
903,119,402.15,447.78,158.07,369.87,1,-1,-1,-1
903,120,358.83,356.70,239.55,485.65,1,-1,-1,-1
903,121,801.87,492.98,125.15,340.04,1,-1,-1,-1
903,122,1243.39,495.96,159.37,330.29,1,-1,-1,-1
903,123,1403.48,398.39,209.45,437.77,1,-1,-1,-1
904,91,1080.57,472.89,153.45,361.83,1,-1,-1,-1
904,96,1512.77,406.15,254.81,416.78,1,-1,-1,-1
904,100,1493.26,461.13,204.97,360.73,1,-1,-1,-1
904,103,1250.94,500.53,214.27,328.84,1,-1,-1,-1
904,104,665.10,539.58,112.70,290.46,1,-1,-1,-1
904,106,304.49,320.57,367.50,540.70,1,-1,-1,-1
904,112,1416.26,508.69,164.03,304.15,1,-1,-1,-1
904,113,904.60,500.84,139.12,339.24,1,-1,-1,-1
904,114,1177.02,466.26,189.55,349.78,1,-1,-1,-1
904,115,733.94,547.44,237.15,283.80,1,-1,-1,-1
904,116,580.58,539.93,243.18,279.71,1,-1,-1,-1
904,117,483.20,554.15,183.94,252.47,1,-1,-1,-1
904,118,1123.59,480.46,149.93,349.57,1,-1,-1,-1
904,119,402.15,447.78,158.07,369.87,1,-1,-1,-1
904,120,358.83,356.70,239.55,485.65,1,-1,-1,-1
904,121,800.45,494.45,121.61,341.60,1,-1,-1,-1
904,122,1239.33,498.84,181.75,329.62,1,-1,-1,-1
904,123,1376.52,403.62,229.39,431.42,1,-1,-1,-1
905,91,1067.25,482.12,144.76,358.12,1,-1,-1,-1
905,96,1512.77,406.15,254.81,416.78,1,-1,-1,-1
905,100,1506.55,472.36,187.47,356.74,1,-1,-1,-1
905,103,1250.94,500.53,214.27,328.84,1,-1,-1,-1
905,104,656.41,539.15,146.08,295.52,1,-1,-1,-1
905,106,452.11,324.96,280.63,532.27,1,-1,-1,-1
905,112,1411.83,498.76,176.77,319.96,1,-1,-1,-1
905,113,906.02,511.54,131.72,330.60,1,-1,-1,-1
905,114,1177.02,466.26,189.55,349.78,1,-1,-1,-1
905,115,733.94,547.44,237.15,283.80,1,-1,-1,-1
905,116,580.58,539.93,243.18,279.71,1,-1,-1,-1
905,117,483.20,554.15,183.94,252.47,1,-1,-1,-1
905,118,1133.94,483.13,126.53,348.84,1,-1,-1,-1
905,119,402.15,447.78,158.07,369.87,1,-1,-1,-1
905,120,358.83,356.70,239.55,485.65,1,-1,-1,-1
905,121,796.68,495.75,121.95,341.01,1,-1,-1,-1
905,122,1236.38,501.13,162.26,334.71,1,-1,-1,-1
905,123,1342.82,414.60,243.94,420.57,1,-1,-1,-1
906,91,1061.47,488.73,142.83,352.00,1,-1,-1,-1
906,96,1512.77,406.15,254.81,416.78,1,-1,-1,-1
906,100,1519.73,476.10,170.06,348.78,1,-1,-1,-1
906,103,1250.94,500.53,214.27,328.84,1,-1,-1,-1
906,104,651.05,538.56,157.82,296.47,1,-1,-1,-1
906,106,509.88,337.98,273.48,522.41,1,-1,-1,-1
906,112,1425.37,501.13,164.84,321.44,1,-1,-1,-1
906,113,893.01,517.71,144.48,326.59,1,-1,-1,-1
906,114,1177.02,466.26,189.55,349.78,1,-1,-1,-1
906,115,733.94,547.44,237.15,283.80,1,-1,-1,-1
906,116,580.58,539.93,243.18,279.71,1,-1,-1,-1
906,117,483.20,554.15,183.94,252.47,1,-1,-1,-1
906,118,1136.42,486.42,121.00,346.61,1,-1,-1,-1
906,119,402.15,447.78,158.07,369.87,1,-1,-1,-1
906,120,358.83,356.70,239.55,485.65,1,-1,-1,-1
906,121,794.25,495.96,118.90,342.05,1,-1,-1,-1
906,122,1224.59,502.83,150.78,328.69,1,-1,-1,-1
906,123,1286.96,416.03,288.25,424.34,1,-1,-1,-1
907,91,1056.63,494.22,141.47,347.03,1,-1,-1,-1
907,96,1512.77,406.15,254.81,416.78,1,-1,-1,-1
907,100,1526.58,477.35,160.56,346.33,1,-1,-1,-1
907,103,1207.48,536.57,106.53,291.06,1,-1,-1,-1
907,104,599.66,537.76,249.60,298.61,1,-1,-1,-1
907,106,538.73,356.25,314.32,502.82,1,-1,-1,-1
907,112,1447.97,502.60,164.52,323.80,1,-1,-1,-1
907,113,881.11,524.23,157.77,317.54,1,-1,-1,-1
907,114,1177.02,466.26,189.55,349.78,1,-1,-1,-1
907,116,580.58,539.93,243.18,279.71,1,-1,-1,-1
907,117,483.20,554.15,183.94,252.47,1,-1,-1,-1
907,118,1140.49,489.21,116.55,342.57,1,-1,-1,-1
907,119,402.15,447.78,158.07,369.87,1,-1,-1,-1
907,120,358.83,356.70,239.55,485.65,1,-1,-1,-1
907,121,794.86,496.87,118.24,340.43,1,-1,-1,-1
907,122,1217.25,509.66,154.63,320.03,1,-1,-1,-1
907,123,1271.86,417.54,292.49,424.48,1,-1,-1,-1
907,124,479.74,490.58,138.98,354.72,1,-1,-1,-1
908,91,1052.32,497.23,143.23,342.69,1,-1,-1,-1
908,96,1512.77,406.15,254.81,416.78,1,-1,-1,-1
908,100,1531.06,478.70,149.33,345.61,1,-1,-1,-1
908,103,1207.48,536.57,106.53,291.06,1,-1,-1,-1
908,104,633.29,518.77,220.49,321.48,1,-1,-1,-1
908,106,540.99,375.93,326.36,477.77,1,-1,-1,-1
908,112,1452.46,503.53,171.02,321.05,1,-1,-1,-1
908,113,887.18,528.21,158.39,315.56,1,-1,-1,-1
908,116,580.58,539.93,243.18,279.71,1,-1,-1,-1
908,117,483.20,554.15,183.94,252.47,1,-1,-1,-1
908,118,1140.28,491.75,126.41,342.73,1,-1,-1,-1
908,119,402.15,447.78,158.07,369.87,1,-1,-1,-1
908,120,358.83,356.70,239.55,485.65,1,-1,-1,-1
908,121,785.46,495.84,128.76,341.87,1,-1,-1,-1
908,122,1230.45,512.43,140.21,316.00,1,-1,-1,-1
908,123,1261.82,417.75,294.64,423.42,1,-1,-1,-1
908,124,478.59,494.47,157.35,355.17,1,-1,-1,-1
909,91,1049.52,500.32,137.57,339.81,1,-1,-1,-1
909,96,1512.77,406.15,254.81,416.78,1,-1,-1,-1
909,100,1534.98,479.53,159.47,345.08,1,-1,-1,-1
909,103,1207.48,536.57,106.53,291.06,1,-1,-1,-1
909,104,633.29,518.77,220.49,321.48,1,-1,-1,-1
909,106,546.16,380.56,360.64,473.85,1,-1,-1,-1
909,112,1456.52,507.99,155.30,320.91,1,-1,-1,-1
909,113,887.18,528.21,158.39,315.56,1,-1,-1,-1
909,116,580.58,539.93,243.18,279.71,1,-1,-1,-1
909,117,483.20,554.15,183.94,252.47,1,-1,-1,-1
909,118,1143.39,494.78,144.67,342.31,1,-1,-1,-1
909,119,402.15,447.78,158.07,369.87,1,-1,-1,-1
909,120,358.83,356.70,239.55,485.65,1,-1,-1,-1
909,121,770.59,499.94,142.21,321.05,1,-1,-1,-1
909,122,1232.37,517.16,119.78,310.39,1,-1,-1,-1
909,123,1263.65,431.41,256.94,405.89,1,-1,-1,-1
909,124,477.27,496.66,181.78,354.63,1,-1,-1,-1
910,91,1045.18,505.25,131.22,336.75,1,-1,-1,-1
910,96,1512.77,406.15,254.81,416.78,1,-1,-1,-1
910,100,1545.76,479.78,170.11,345.87,1,-1,-1,-1
910,103,1207.48,536.57,106.53,291.06,1,-1,-1,-1
910,104,633.29,518.77,220.49,321.48,1,-1,-1,-1
910,106,570.42,400.43,448.41,457.33,1,-1,-1,-1
910,112,1466.45,511.40,169.44,313.32,1,-1,-1,-1
910,113,887.18,528.21,158.39,315.56,1,-1,-1,-1
910,116,580.58,539.93,243.18,279.71,1,-1,-1,-1
910,117,483.20,554.15,183.94,252.47,1,-1,-1,-1
910,118,1144.04,499.31,125.40,338.45,1,-1,-1,-1
910,119,402.15,447.78,158.07,369.87,1,-1,-1,-1
910,120,358.83,356.70,239.55,485.65,1,-1,-1,-1
910,121,770.59,499.94,142.21,321.05,1,-1,-1,-1
910,122,1234.62,523.84,113.31,301.32,1,-1,-1,-1
910,123,1258.50,418.06,208.00,421.53,1,-1,-1,-1
910,124,471.28,500.89,189.56,353.26,1,-1,-1,-1
910,125,916.51,535.14,130.73,296.55,1,-1,-1,-1
911,91,1043.96,506.14,156.02,335.54,1,-1,-1,-1
911,96,1512.77,406.15,254.81,416.78,1,-1,-1,-1
911,100,1552.03,480.95,174.44,346.91,1,-1,-1,-1
911,103,1207.48,536.57,106.53,291.06,1,-1,-1,-1
911,104,633.29,518.77,220.49,321.48,1,-1,-1,-1
911,106,596.01,407.14,446.20,456.49,1,-1,-1,-1
911,112,1464.95,513.36,180.30,313.20,1,-1,-1,-1
911,113,887.18,528.21,158.39,315.56,1,-1,-1,-1
911,116,580.58,539.93,243.18,279.71,1,-1,-1,-1
911,117,483.20,554.15,183.94,252.47,1,-1,-1,-1
911,118,1154.30,505.41,112.89,331.10,1,-1,-1,-1
911,120,358.83,356.70,239.55,485.65,1,-1,-1,-1
911,121,770.59,499.94,142.21,321.05,1,-1,-1,-1
911,122,1221.96,521.81,127.18,305.82,1,-1,-1,-1
911,123,1244.58,419.19,192.80,419.08,1,-1,-1,-1
911,124,470.42,503.14,185.12,345.90,1,-1,-1,-1
911,125,913.23,536.84,128.57,303.52,1,-1,-1,-1
912,91,1037.67,506.73,134.19,334.11,1,-1,-1,-1
912,96,1512.77,406.15,254.81,416.78,1,-1,-1,-1
912,100,1556.65,484.62,169.34,346.42,1,-1,-1,-1
912,103,1207.48,536.57,106.53,291.06,1,-1,-1,-1
912,104,633.29,518.77,220.49,321.48,1,-1,-1,-1
912,106,737.90,407.28,314.58,453.44,1,-1,-1,-1
912,112,1482.88,511.82,150.91,313.92,1,-1,-1,-1
912,113,957.23,574.89,106.27,257.43,1,-1,-1,-1
912,116,580.58,539.93,243.18,279.71,1,-1,-1,-1
912,118,1151.71,503.66,122.62,333.21,1,-1,-1,-1
912,120,358.83,356.70,239.55,485.65,1,-1,-1,-1
912,121,770.59,499.94,142.21,321.05,1,-1,-1,-1
912,122,1221.96,521.81,127.18,305.82,1,-1,-1,-1
912,123,1236.96,414.28,157.14,429.93,1,-1,-1,-1
912,124,477.19,502.80,183.93,346.67,1,-1,-1,-1
912,125,904.38,535.49,139.28,300.65,1,-1,-1,-1
912,126,1424.68,555.59,123.27,269.20,1,-1,-1,-1
913,91,1031.77,506.79,134.08,333.40,1,-1,-1,-1
913,96,1512.77,406.15,254.81,416.78,1,-1,-1,-1
913,100,1558.86,488.36,169.38,341.21,1,-1,-1,-1
913,103,1120.74,533.44,100.67,281.90,1,-1,-1,-1
913,104,633.29,518.77,220.49,321.48,1,-1,-1,-1
913,106,721.84,412.27,353.70,451.36,1,-1,-1,-1
913,112,1483.93,510.63,143.82,316.21,1,-1,-1,-1
913,113,968.45,582.33,107.85,243.79,1,-1,-1,-1
913,116,580.58,539.93,243.18,279.71,1,-1,-1,-1
913,118,1166.39,503.26,123.41,333.17,1,-1,-1,-1
913,120,358.83,356.70,239.55,485.65,1,-1,-1,-1
913,121,755.45,495.58,149.57,341.49,1,-1,-1,-1
913,122,1221.96,521.81,127.18,305.82,1,-1,-1,-1
913,123,1204.12,413.24,145.27,431.33,1,-1,-1,-1
913,124,487.18,502.39,173.50,347.27,1,-1,-1,-1
913,125,904.38,535.49,139.28,300.65,1,-1,-1,-1
913,126,1418.94,556.00,124.40,270.94,1,-1,-1,-1
914,91,1021.67,505.31,138.69,332.74,1,-1,-1,-1
914,96,1512.77,406.15,254.81,416.78,1,-1,-1,-1
914,100,1560.83,496.59,168.96,333.19,1,-1,-1,-1
914,103,1101.42,536.19,108.22,289.16,1,-1,-1,-1
914,104,726.13,503.66,165.84,329.80,1,-1,-1,-1
914,106,802.70,405.11,282.67,460.45,1,-1,-1,-1
914,112,1486.37,509.40,127.13,316.70,1,-1,-1,-1
914,113,968.45,582.33,107.85,243.79,1,-1,-1,-1
914,116,580.58,539.93,243.18,279.71,1,-1,-1,-1
914,118,1174.43,505.95,108.08,330.83,1,-1,-1,-1
914,120,358.83,356.70,239.55,485.65,1,-1,-1,-1
914,121,758.53,490.26,154.96,346.71,1,-1,-1,-1
914,122,1221.96,521.81,127.18,305.82,1,-1,-1,-1
914,123,1194.63,416.88,144.60,428.49,1,-1,-1,-1
914,124,501.22,502.74,146.77,344.06,1,-1,-1,-1
914,125,904.38,535.49,139.28,300.65,1,-1,-1,-1
914,126,1412.34,558.13,130.65,269.27,1,-1,-1,-1
915,91,1016.30,509.29,133.44,312.97,1,-1,-1,-1
915,96,1512.77,406.15,254.81,416.78,1,-1,-1,-1
915,100,1567.73,500.74,153.91,329.30,1,-1,-1,-1
915,103,1072.86,537.11,108.69,279.11,1,-1,-1,-1
915,104,726.13,503.66,165.84,329.80,1,-1,-1,-1
915,106,876.12,392.37,245.82,464.84,1,-1,-1,-1
915,112,1481.28,507.50,148.34,324.80,1,-1,-1,-1
915,113,968.45,582.33,107.85,243.79,1,-1,-1,-1
915,116,580.58,539.93,243.18,279.71,1,-1,-1,-1
915,118,1174.43,505.95,108.08,330.83,1,-1,-1,-1
915,120,358.83,356.70,239.55,485.65,1,-1,-1,-1
915,121,761.90,488.84,134.23,354.15,1,-1,-1,-1
915,122,1200.96,515.80,135.76,325.76,1,-1,-1,-1
915,123,1117.51,420.24,181.81,412.33,1,-1,-1,-1
915,124,515.46,504.05,127.11,344.48,1,-1,-1,-1
915,125,904.38,535.49,139.28,300.65,1,-1,-1,-1
915,126,1399.52,560.42,130.64,268.66,1,-1,-1,-1
916,91,997.02,512.15,175.74,321.50,1,-1,-1,-1
916,96,1512.77,406.15,254.81,416.78,1,-1,-1,-1
916,100,1568.49,502.44,148.65,326.84,1,-1,-1,-1
916,103,1072.86,537.11,108.69,279.11,1,-1,-1,-1
916,104,726.13,503.66,165.84,329.80,1,-1,-1,-1
916,106,885.83,380.25,286.69,476.24,1,-1,-1,-1
916,112,1475.38,507.62,149.86,324.07,1,-1,-1,-1
916,113,968.45,582.33,107.85,243.79,1,-1,-1,-1
916,116,580.58,539.93,243.18,279.71,1,-1,-1,-1
916,118,1174.43,505.95,108.08,330.83,1,-1,-1,-1
916,120,358.83,356.70,239.55,485.65,1,-1,-1,-1
916,121,759.73,487.61,136.56,355.40,1,-1,-1,-1
916,122,1196.92,515.55,135.24,323.96,1,-1,-1,-1
916,123,1082.04,425.79,237.50,416.92,1,-1,-1,-1
916,124,519.34,506.46,123.88,339.12,1,-1,-1,-1
916,125,904.38,535.49,139.28,300.65,1,-1,-1,-1
916,126,1392.27,561.85,129.28,267.55,1,-1,-1,-1
917,91,997.02,512.15,175.74,321.50,1,-1,-1,-1
917,96,1512.77,406.15,254.81,416.78,1,-1,-1,-1
917,100,1568.58,504.47,145.68,325.54,1,-1,-1,-1
917,103,1072.86,537.11,108.69,279.11,1,-1,-1,-1
917,104,726.13,503.66,165.84,329.80,1,-1,-1,-1
917,106,908.78,370.09,327.68,490.95,1,-1,-1,-1
917,112,1470.77,510.99,143.45,319.50,1,-1,-1,-1
917,113,968.45,582.33,107.85,243.79,1,-1,-1,-1
917,116,580.58,539.93,243.18,279.71,1,-1,-1,-1
917,118,1174.43,505.95,108.08,330.83,1,-1,-1,-1
917,120,358.83,356.70,239.55,485.65,1,-1,-1,-1
917,121,755.69,486.39,139.92,355.23,1,-1,-1,-1
917,122,1202.42,519.41,126.12,320.76,1,-1,-1,-1
917,123,1087.95,432.44,229.87,412.20,1,-1,-1,-1
917,124,521.38,507.50,119.88,339.46,1,-1,-1,-1
917,125,877.92,546.83,130.17,284.04,1,-1,-1,-1
917,126,1388.50,564.96,137.19,265.81,1,-1,-1,-1
918,91,997.02,512.15,175.74,321.50,1,-1,-1,-1
918,96,1512.77,406.15,254.81,416.78,1,-1,-1,-1
918,100,1567.20,505.87,140.49,322.40,1,-1,-1,-1
918,103,1072.86,537.11,108.69,279.11,1,-1,-1,-1
918,104,726.13,503.66,165.84,329.80,1,-1,-1,-1
918,106,914.13,358.70,347.17,508.27,1,-1,-1,-1
918,112,1469.66,511.92,126.07,317.32,1,-1,-1,-1
918,113,968.45,582.33,107.85,243.79,1,-1,-1,-1
918,116,580.58,539.93,243.18,279.71,1,-1,-1,-1
918,118,1174.43,505.95,108.08,330.83,1,-1,-1,-1
918,120,358.83,356.70,239.55,485.65,1,-1,-1,-1
918,121,752.22,487.26,146.03,356.66,1,-1,-1,-1
918,122,1205.21,522.25,119.37,316.50,1,-1,-1,-1
918,123,1062.56,434.51,215.44,403.51,1,-1,-1,-1
918,124,523.06,509.61,117.74,336.91,1,-1,-1,-1
918,125,865.66,556.38,137.59,274.78,1,-1,-1,-1
918,126,1385.51,565.90,116.17,264.22,1,-1,-1,-1
919,91,997.02,512.15,175.74,321.50,1,-1,-1,-1
919,96,1512.77,406.15,254.81,416.78,1,-1,-1,-1
919,100,1564.14,505.33,133.48,321.99,1,-1,-1,-1
919,103,1072.86,537.11,108.69,279.11,1,-1,-1,-1
919,104,726.13,503.66,165.84,329.80,1,-1,-1,-1
919,106,911.68,353.27,369.59,512.43,1,-1,-1,-1
919,112,1462.14,511.26,126.06,319.99,1,-1,-1,-1
919,113,968.45,582.33,107.85,243.79,1,-1,-1,-1
919,116,580.58,539.93,243.18,279.71,1,-1,-1,-1
919,118,1174.43,505.95,108.08,330.83,1,-1,-1,-1
919,120,358.83,356.70,239.55,485.65,1,-1,-1,-1
919,121,747.27,487.91,155.12,356.63,1,-1,-1,-1
919,122,1196.37,525.65,127.62,306.94,1,-1,-1,-1
919,123,1050.46,442.39,229.91,394.19,1,-1,-1,-1
919,124,523.71,512.12,121.43,335.84,1,-1,-1,-1
919,125,863.20,560.11,133.31,277.33,1,-1,-1,-1
919,126,1383.41,567.18,112.38,263.37,1,-1,-1,-1
920,91,965.52,562.43,186.67,292.07,1,-1,-1,-1
920,96,1512.77,406.15,254.81,416.78,1,-1,-1,-1
920,100,1557.76,504.41,135.32,327.22,1,-1,-1,-1
920,103,1072.86,537.11,108.69,279.11,1,-1,-1,-1
920,104,726.13,503.66,165.84,329.80,1,-1,-1,-1
920,106,946.81,342.59,328.11,523.52,1,-1,-1,-1
920,112,1458.87,509.69,128.29,324.70,1,-1,-1,-1
920,113,968.45,582.33,107.85,243.79,1,-1,-1,-1
920,116,580.58,539.93,243.18,279.71,1,-1,-1,-1
920,118,1174.43,505.95,108.08,330.83,1,-1,-1,-1
920,120,358.83,356.70,239.55,485.65,1,-1,-1,-1
920,121,739.26,490.38,181.80,358.18,1,-1,-1,-1
920,122,1196.01,527.87,127.74,313.65,1,-1,-1,-1
920,123,1050.46,442.39,229.91,394.19,1,-1,-1,-1
920,124,519.64,516.38,135.17,331.54,1,-1,-1,-1
920,125,856.55,564.70,126.00,277.12,1,-1,-1,-1
920,126,1374.89,565.69,120.18,266.90,1,-1,-1,-1
921,91,974.46,551.37,152.26,299.93,1,-1,-1,-1
921,96,1512.77,406.15,254.81,416.78,1,-1,-1,-1
921,100,1554.11,506.25,134.22,325.92,1,-1,-1,-1
921,103,1072.86,537.11,108.69,279.11,1,-1,-1,-1
921,104,726.13,503.66,165.84,329.80,1,-1,-1,-1
921,106,971.17,330.46,300.98,538.09,1,-1,-1,-1
921,112,1458.06,508.05,125.83,327.86,1,-1,-1,-1
921,113,968.45,582.33,107.85,243.79,1,-1,-1,-1
921,116,580.58,539.93,243.18,279.71,1,-1,-1,-1
921,118,1174.43,505.95,108.08,330.83,1,-1,-1,-1
921,120,358.83,356.70,239.55,485.65,1,-1,-1,-1
921,121,747.13,491.41,176.19,359.56,1,-1,-1,-1
921,122,1199.04,528.15,122.80,315.42,1,-1,-1,-1
921,123,1050.46,442.39,229.91,394.19,1,-1,-1,-1
921,124,515.80,520.66,140.44,327.77,1,-1,-1,-1
921,125,855.74,565.45,119.62,276.81,1,-1,-1,-1
921,126,1372.87,565.71,120.11,268.58,1,-1,-1,-1
922,91,985.79,543.94,112.24,304.16,1,-1,-1,-1
922,96,1512.77,406.15,254.81,416.78,1,-1,-1,-1
922,100,1551.32,508.54,134.82,325.84,1,-1,-1,-1
922,103,1072.86,537.11,108.69,279.11,1,-1,-1,-1
922,104,726.13,503.66,165.84,329.80,1,-1,-1,-1
922,106,998.85,327.61,269.35,540.35,1,-1,-1,-1
922,112,1459.38,505.73,125.25,331.97,1,-1,-1,-1
922,113,968.45,582.33,107.85,243.79,1,-1,-1,-1
922,116,580.58,539.93,243.18,279.71,1,-1,-1,-1
922,118,1174.43,505.95,108.08,330.83,1,-1,-1,-1
922,120,358.83,356.70,239.55,485.65,1,-1,-1,-1
922,121,765.80,491.03,148.88,362.28,1,-1,-1,-1
922,122,1192.87,528.39,129.96,316.55,1,-1,-1,-1
922,123,1050.46,442.39,229.91,394.19,1,-1,-1,-1
922,124,513.96,522.42,141.79,326.58,1,-1,-1,-1
922,125,849.30,566.25,118.87,272.52,1,-1,-1,-1
922,126,1372.85,566.46,115.92,268.57,1,-1,-1,-1
923,91,980.92,548.05,102.56,299.09,1,-1,-1,-1
923,96,1512.77,406.15,254.81,416.78,1,-1,-1,-1
923,100,1552.00,513.24,133.05,321.91,1,-1,-1,-1
923,103,1072.86,537.11,108.69,279.11,1,-1,-1,-1
923,104,726.13,503.66,165.84,329.80,1,-1,-1,-1
923,106,1004.79,318.09,261.86,550.60,1,-1,-1,-1
923,112,1458.80,503.51,124.22,333.06,1,-1,-1,-1
923,113,968.45,582.33,107.85,243.79,1,-1,-1,-1
923,118,1174.43,505.95,108.08,330.83,1,-1,-1,-1
923,120,358.83,356.70,239.55,485.65,1,-1,-1,-1
923,121,764.90,492.76,146.49,360.68,1,-1,-1,-1
923,122,1197.44,529.63,120.82,315.80,1,-1,-1,-1
923,123,1050.46,442.39,229.91,394.19,1,-1,-1,-1
923,124,513.06,525.63,143.25,324.23,1,-1,-1,-1
923,125,851.05,564.52,113.19,275.96,1,-1,-1,-1
923,126,1373.13,566.70,114.12,269.74,1,-1,-1,-1
924,91,975.22,550.89,93.79,290.81,1,-1,-1,-1
924,96,1512.77,406.15,254.81,416.78,1,-1,-1,-1
924,100,1550.52,518.78,131.85,316.01,1,-1,-1,-1
924,103,1072.86,537.11,108.69,279.11,1,-1,-1,-1
924,104,726.13,503.66,165.84,329.80,1,-1,-1,-1
924,106,997.09,312.61,267.88,555.38,1,-1,-1,-1
924,112,1456.15,502.04,129.12,334.48,1,-1,-1,-1
924,113,968.45,582.33,107.85,243.79,1,-1,-1,-1
924,118,1174.43,505.95,108.08,330.83,1,-1,-1,-1
924,120,358.83,356.70,239.55,485.65,1,-1,-1,-1
924,121,764.62,493.50,144.26,360.60,1,-1,-1,-1
924,122,1199.11,530.27,115.71,316.72,1,-1,-1,-1
924,123,999.49,440.56,166.47,409.55,1,-1,-1,-1
924,124,512.40,527.66,138.95,323.04,1,-1,-1,-1
924,125,855.48,565.66,100.54,272.59,1,-1,-1,-1
924,126,1373.09,566.77,110.95,268.90,1,-1,-1,-1
925,91,960.33,551.88,96.97,285.59,1,-1,-1,-1
925,96,1512.77,406.15,254.81,416.78,1,-1,-1,-1
925,100,1547.00,526.48,125.69,308.34,1,-1,-1,-1
925,103,1072.86,537.11,108.69,279.11,1,-1,-1,-1
925,104,726.13,503.66,165.84,329.80,1,-1,-1,-1
925,106,1076.42,306.49,208.26,566.82,1,-1,-1,-1
925,112,1451.25,496.99,147.74,341.62,1,-1,-1,-1
925,113,968.45,582.33,107.85,243.79,1,-1,-1,-1
925,118,1215.40,526.18,102.38,313.85,1,-1,-1,-1
925,120,358.83,356.70,239.55,485.65,1,-1,-1,-1
925,121,770.06,491.95,133.15,364.24,1,-1,-1,-1
925,122,1164.55,527.50,141.74,329.86,1,-1,-1,-1
925,123,969.09,449.14,147.89,404.53,1,-1,-1,-1
925,124,521.23,528.12,132.18,321.28,1,-1,-1,-1
925,125,849.71,568.00,102.33,271.01,1,-1,-1,-1
925,126,1370.26,569.09,105.53,265.00,1,-1,-1,-1
926,91,947.33,552.91,97.24,285.03,1,-1,-1,-1
926,96,1512.77,406.15,254.81,416.78,1,-1,-1,-1
926,100,1546.94,534.29,119.07,301.35,1,-1,-1,-1
926,103,1072.86,537.11,108.69,279.11,1,-1,-1,-1
926,104,726.13,503.66,165.84,329.80,1,-1,-1,-1
926,106,1091.78,305.80,210.63,566.97,1,-1,-1,-1
926,112,1447.60,497.13,134.57,341.28,1,-1,-1,-1
926,113,1037.17,603.58,127.96,230.03,1,-1,-1,-1
926,118,1235.13,530.50,102.11,302.90,1,-1,-1,-1
926,120,358.83,356.70,239.55,485.65,1,-1,-1,-1
926,121,775.07,494.12,117.81,358.06,1,-1,-1,-1
926,122,1164.55,527.50,141.74,329.86,1,-1,-1,-1
926,123,953.20,450.91,153.84,401.60,1,-1,-1,-1
926,124,528.76,528.28,125.66,320.21,1,-1,-1,-1
926,125,848.84,569.76,96.71,272.94,1,-1,-1,-1
926,126,1365.69,570.17,102.62,264.80,1,-1,-1,-1
927,91,929.16,540.42,110.57,305.00,1,-1,-1,-1
927,96,1512.77,406.15,254.81,416.78,1,-1,-1,-1
927,100,1535.89,538.70,126.66,298.72,1,-1,-1,-1
927,103,1072.86,537.11,108.69,279.11,1,-1,-1,-1
927,104,726.13,503.66,165.84,329.80,1,-1,-1,-1
927,106,1098.11,305.76,215.20,562.43,1,-1,-1,-1
927,112,1443.26,496.08,138.79,345.63,1,-1,-1,-1
927,113,1051.62,610.73,117.14,226.42,1,-1,-1,-1
927,118,1240.24,531.27,110.19,302.07,1,-1,-1,-1
927,120,358.83,356.70,239.55,485.65,1,-1,-1,-1
927,121,780.88,494.12,117.45,357.37,1,-1,-1,-1
927,122,1164.55,527.50,141.74,329.86,1,-1,-1,-1
927,123,945.74,448.24,150.87,404.65,1,-1,-1,-1
927,124,533.07,528.37,122.82,319.98,1,-1,-1,-1
927,125,849.00,569.31,93.46,268.13,1,-1,-1,-1
927,126,1362.40,571.60,95.15,262.88,1,-1,-1,-1
928,91,929.16,540.42,110.57,305.00,1,-1,-1,-1
928,96,1512.77,406.15,254.81,416.78,1,-1,-1,-1
928,100,1529.41,544.96,125.04,293.90,1,-1,-1,-1
928,103,1072.86,537.11,108.69,279.11,1,-1,-1,-1
928,104,726.13,503.66,165.84,329.80,1,-1,-1,-1
928,106,1106.16,303.99,230.45,561.25,1,-1,-1,-1
928,112,1443.28,495.69,135.86,346.86,1,-1,-1,-1
928,113,1050.40,612.20,123.69,227.19,1,-1,-1,-1
928,118,1239.17,531.86,125.99,303.07,1,-1,-1,-1
928,120,358.83,356.70,239.55,485.65,1,-1,-1,-1
928,121,784.82,493.53,117.40,357.60,1,-1,-1,-1
928,122,1189.41,522.20,164.61,323.87,1,-1,-1,-1
928,123,910.63,450.14,184.54,405.32,1,-1,-1,-1
928,124,536.65,528.79,123.31,321.83,1,-1,-1,-1
928,125,845.12,568.19,99.45,268.08,1,-1,-1,-1
928,126,1361.11,572.00,91.88,262.32,1,-1,-1,-1
929,91,929.16,540.42,110.57,305.00,1,-1,-1,-1
929,100,1526.00,546.34,120.95,289.94,1,-1,-1,-1
929,103,1072.86,537.11,108.69,279.11,1,-1,-1,-1
929,104,726.13,503.66,165.84,329.80,1,-1,-1,-1
929,106,1114.61,304.29,261.63,562.28,1,-1,-1,-1
929,112,1442.81,495.21,137.16,347.06,1,-1,-1,-1
929,113,1054.55,609.93,111.97,226.76,1,-1,-1,-1
929,118,1230.43,532.22,150.00,307.80,1,-1,-1,-1
929,120,358.83,356.70,239.55,485.65,1,-1,-1,-1
929,121,785.57,492.84,115.02,360.34,1,-1,-1,-1
929,122,1182.07,523.52,193.82,329.13,1,-1,-1,-1
929,123,898.78,452.02,193.18,403.92,1,-1,-1,-1
929,124,534.90,528.32,129.12,322.29,1,-1,-1,-1
929,125,843.80,567.69,106.20,269.89,1,-1,-1,-1
929,126,1359.06,569.18,95.03,263.63,1,-1,-1,-1
930,91,958.91,551.45,126.01,288.92,1,-1,-1,-1
930,100,1516.63,544.79,121.82,289.49,1,-1,-1,-1
930,103,1072.86,537.11,108.69,279.11,1,-1,-1,-1
930,104,726.13,503.66,165.84,329.80,1,-1,-1,-1
930,106,1125.57,308.26,260.91,553.41,1,-1,-1,-1
930,112,1437.29,496.12,133.67,346.79,1,-1,-1,-1
930,113,1078.16,606.44,84.53,227.38,1,-1,-1,-1
930,118,1225.99,536.34,161.04,307.55,1,-1,-1,-1
930,120,358.83,356.70,239.55,485.65,1,-1,-1,-1
930,121,782.27,491.33,129.84,359.20,1,-1,-1,-1
930,122,1195.43,531.92,193.45,317.04,1,-1,-1,-1
930,123,882.72,454.41,176.52,402.72,1,-1,-1,-1
930,124,527.47,529.00,138.48,319.01,1,-1,-1,-1
930,125,843.80,567.69,106.20,269.89,1,-1,-1,-1
930,126,1347.49,570.20,95.30,262.25,1,-1,-1,-1
931,91,962.00,541.40,122.40,291.58,1,-1,-1,-1
931,100,1511.82,544.29,125.40,290.81,1,-1,-1,-1
931,103,1072.86,537.11,108.69,279.11,1,-1,-1,-1
931,104,726.13,503.66,165.84,329.80,1,-1,-1,-1
931,106,1129.19,312.28,252.66,549.54,1,-1,-1,-1
931,112,1435.58,498.83,127.39,343.09,1,-1,-1,-1
931,113,1084.33,604.66,80.91,227.86,1,-1,-1,-1
931,118,1244.39,537.74,143.86,305.95,1,-1,-1,-1
931,121,777.17,490.37,130.55,357.95,1,-1,-1,-1
931,122,1195.43,531.92,193.45,317.04,1,-1,-1,-1
931,123,881.40,453.40,166.54,402.14,1,-1,-1,-1
931,124,524.30,531.33,141.01,315.43,1,-1,-1,-1
931,125,843.80,567.69,106.20,269.89,1,-1,-1,-1
931,126,1343.71,567.98,94.34,266.69,1,-1,-1,-1
931,127,1127.37,562.79,127.74,277.41,1,-1,-1,-1
932,91,958.75,540.52,119.71,293.76,1,-1,-1,-1
932,100,1513.50,543.34,122.03,289.42,1,-1,-1,-1
932,103,1072.86,537.11,108.69,279.11,1,-1,-1,-1
932,104,726.13,503.66,165.84,329.80,1,-1,-1,-1
932,106,1132.83,316.57,245.41,546.44,1,-1,-1,-1
932,112,1431.35,498.87,126.03,342.46,1,-1,-1,-1
932,113,1091.60,603.48,80.46,228.65,1,-1,-1,-1
932,118,1245.62,534.27,149.75,311.73,1,-1,-1,-1
932,121,773.62,490.66,136.70,360.18,1,-1,-1,-1
932,122,1195.43,531.92,193.45,317.04,1,-1,-1,-1
932,123,880.75,454.35,160.90,395.97,1,-1,-1,-1
932,124,523.16,532.44,142.04,313.26,1,-1,-1,-1
932,125,843.80,567.69,106.20,269.89,1,-1,-1,-1
932,126,1337.43,568.91,99.15,264.80,1,-1,-1,-1
932,127,1131.71,560.52,122.26,290.77,1,-1,-1,-1
933,91,950.75,540.20,122.75,303.42,1,-1,-1,-1
933,100,1511.00,541.92,126.59,287.90,1,-1,-1,-1
933,103,1072.86,537.11,108.69,279.11,1,-1,-1,-1
933,104,726.13,503.66,165.84,329.80,1,-1,-1,-1
933,106,1140.49,317.79,236.45,545.21,1,-1,-1,-1
933,112,1425.55,498.35,134.18,342.20,1,-1,-1,-1
933,113,1094.52,602.91,76.86,229.82,1,-1,-1,-1
933,118,1245.62,534.27,149.75,311.73,1,-1,-1,-1
933,121,768.72,491.58,137.84,357.33,1,-1,-1,-1
933,122,1195.43,531.92,193.45,317.04,1,-1,-1,-1
933,123,874.86,453.44,160.69,397.51,1,-1,-1,-1
933,124,522.17,534.54,144.52,309.60,1,-1,-1,-1
933,125,843.80,567.69,106.20,269.89,1,-1,-1,-1
933,126,1308.31,542.74,124.66,294.72,1,-1,-1,-1
933,127,1134.79,557.29,115.17,289.38,1,-1,-1,-1
934,91,950.02,543.39,120.77,301.79,1,-1,-1,-1
934,100,1508.68,543.43,135.99,286.95,1,-1,-1,-1
934,103,1072.86,537.11,108.69,279.11,1,-1,-1,-1
934,104,726.13,503.66,165.84,329.80,1,-1,-1,-1
934,106,1146.41,320.25,231.58,542.55,1,-1,-1,-1
934,112,1420.27,494.62,134.50,344.52,1,-1,-1,-1
934,113,1095.91,602.59,81.87,232.04,1,-1,-1,-1
934,118,1245.62,534.27,149.75,311.73,1,-1,-1,-1
934,121,763.97,492.77,132.56,353.23,1,-1,-1,-1
934,122,1195.43,531.92,193.45,317.04,1,-1,-1,-1
934,123,865.91,451.62,159.66,399.64,1,-1,-1,-1
934,124,519.66,535.64,147.86,309.06,1,-1,-1,-1
934,125,843.80,567.69,106.20,269.89,1,-1,-1,-1
934,126,1307.94,537.87,123.29,299.83,1,-1,-1,-1
934,127,1129.96,549.59,119.23,294.64,1,-1,-1,-1
935,91,950.15,547.45,113.56,294.00,1,-1,-1,-1
935,100,1503.23,547.77,154.05,285.88,1,-1,-1,-1
935,103,1072.86,537.11,108.69,279.11,1,-1,-1,-1
935,104,726.13,503.66,165.84,329.80,1,-1,-1,-1
935,106,1156.65,328.38,215.07,532.96,1,-1,-1,-1
935,112,1413.55,488.09,141.92,352.56,1,-1,-1,-1
935,113,1095.91,602.59,81.87,232.04,1,-1,-1,-1
935,118,1245.62,534.27,149.75,311.73,1,-1,-1,-1
935,121,754.68,491.93,139.99,354.96,1,-1,-1,-1
935,122,1195.43,531.92,193.45,317.04,1,-1,-1,-1
935,123,862.25,451.31,157.23,399.42,1,-1,-1,-1
935,124,519.73,536.75,142.41,304.86,1,-1,-1,-1
935,125,843.80,567.69,106.20,269.89,1,-1,-1,-1
935,126,1306.31,534.75,125.83,303.93,1,-1,-1,-1
935,127,1096.18,552.22,141.08,288.25,1,-1,-1,-1
936,91,952.06,550.66,112.22,288.64,1,-1,-1,-1
936,100,1501.74,549.54,160.19,283.94,1,-1,-1,-1
936,103,1072.86,537.11,108.69,279.11,1,-1,-1,-1
936,104,726.13,503.66,165.84,329.80,1,-1,-1,-1
936,106,1158.16,332.01,212.34,530.68,1,-1,-1,-1
936,112,1405.47,485.34,145.49,352.96,1,-1,-1,-1
936,113,1095.91,602.59,81.87,232.04,1,-1,-1,-1
936,118,1245.62,534.27,149.75,311.73,1,-1,-1,-1
936,121,749.42,492.46,137.70,347.31,1,-1,-1,-1
936,122,1195.43,531.92,193.45,317.04,1,-1,-1,-1
936,123,857.24,453.16,153.04,395.11,1,-1,-1,-1
936,124,520.16,535.57,141.36,304.73,1,-1,-1,-1
936,125,843.80,567.69,106.20,269.89,1,-1,-1,-1
936,126,1307.23,530.08,131.00,308.06,1,-1,-1,-1
936,127,1090.64,550.06,146.02,291.46,1,-1,-1,-1
937,91,950.69,550.73,121.98,287.17,1,-1,-1,-1
937,100,1507.01,551.65,155.06,283.16,1,-1,-1,-1
937,103,1072.86,537.11,108.69,279.11,1,-1,-1,-1
937,104,726.13,503.66,165.84,329.80,1,-1,-1,-1
937,106,1156.68,337.27,210.53,521.44,1,-1,-1,-1
937,112,1392.57,484.70,153.78,351.57,1,-1,-1,-1
937,113,1095.91,602.59,81.87,232.04,1,-1,-1,-1
937,118,1245.62,534.27,149.75,311.73,1,-1,-1,-1
937,121,737.76,491.72,145.33,347.92,1,-1,-1,-1
937,122,1195.43,531.92,193.45,317.04,1,-1,-1,-1
937,123,848.00,454.92,157.29,391.76,1,-1,-1,-1
937,124,521.98,535.44,138.92,303.37,1,-1,-1,-1
937,125,843.80,567.69,106.20,269.89,1,-1,-1,-1
937,126,1311.40,530.10,126.45,307.64,1,-1,-1,-1
937,127,1092.61,549.03,141.69,292.67,1,-1,-1,-1
938,91,951.65,550.72,132.77,283.83,1,-1,-1,-1
938,100,1509.06,554.56,150.16,281.66,1,-1,-1,-1
938,103,1072.86,537.11,108.69,279.11,1,-1,-1,-1
938,104,726.13,503.66,165.84,329.80,1,-1,-1,-1
938,106,1158.18,343.86,206.37,512.40,1,-1,-1,-1
938,112,1392.42,481.75,137.53,356.38,1,-1,-1,-1
938,113,1095.91,602.59,81.87,232.04,1,-1,-1,-1
938,118,1245.62,534.27,149.75,311.73,1,-1,-1,-1
938,121,714.85,493.07,157.89,345.40,1,-1,-1,-1
938,122,1195.43,531.92,193.45,317.04,1,-1,-1,-1
938,123,839.17,456.85,166.12,392.46,1,-1,-1,-1
938,124,525.91,535.06,135.87,303.52,1,-1,-1,-1
938,125,843.80,567.69,106.20,269.89,1,-1,-1,-1
938,126,1309.02,530.27,131.76,306.96,1,-1,-1,-1
938,127,1099.00,547.95,139.76,294.02,1,-1,-1,-1
939,91,944.90,549.38,140.73,284.12,1,-1,-1,-1
939,100,1491.54,554.80,164.27,281.31,1,-1,-1,-1
939,103,1072.86,537.11,108.69,279.11,1,-1,-1,-1
939,104,726.13,503.66,165.84,329.80,1,-1,-1,-1
939,106,1158.38,352.06,196.23,492.06,1,-1,-1,-1
939,112,1369.42,482.07,164.91,358.19,1,-1,-1,-1
939,113,1095.91,602.59,81.87,232.04,1,-1,-1,-1
939,118,1279.60,533.33,169.89,312.42,1,-1,-1,-1
939,121,689.81,493.57,177.61,343.41,1,-1,-1,-1
939,122,1276.39,511.68,243.11,333.57,1,-1,-1,-1
939,123,836.28,457.59,170.16,392.14,1,-1,-1,-1
939,124,527.14,535.63,136.93,304.23,1,-1,-1,-1
939,125,843.80,567.69,106.20,269.89,1,-1,-1,-1
939,126,1309.02,530.27,131.76,306.96,1,-1,-1,-1
939,127,1103.21,547.98,125.77,291.60,1,-1,-1,-1
940,91,933.20,550.20,136.63,285.49,1,-1,-1,-1
940,100,1510.20,551.19,144.47,284.14,1,-1,-1,-1
940,103,1072.86,537.11,108.69,279.11,1,-1,-1,-1
940,104,726.13,503.66,165.84,329.80,1,-1,-1,-1
940,106,1167.21,363.69,187.28,488.34,1,-1,-1,-1
940,112,1361.49,483.12,183.77,360.59,1,-1,-1,-1
940,113,1095.91,602.59,81.87,232.04,1,-1,-1,-1
940,118,1246.76,551.78,129.79,295.15,1,-1,-1,-1
940,121,652.99,495.23,223.69,342.36,1,-1,-1,-1
940,122,1276.39,511.68,243.11,333.57,1,-1,-1,-1
940,123,825.70,461.11,187.46,389.08,1,-1,-1,-1
940,124,529.68,539.81,137.41,297.32,1,-1,-1,-1
940,125,843.80,567.69,106.20,269.89,1,-1,-1,-1
940,126,1302.17,555.86,136.91,280.28,1,-1,-1,-1
940,127,1095.14,548.44,137.74,295.81,1,-1,-1,-1
941,91,928.69,550.80,136.38,286.62,1,-1,-1,-1
941,100,1519.80,550.16,131.01,283.00,1,-1,-1,-1
941,103,1072.86,537.11,108.69,279.11,1,-1,-1,-1
941,104,726.13,503.66,165.84,329.80,1,-1,-1,-1
941,106,1165.76,370.25,180.43,478.73,1,-1,-1,-1
941,112,1345.97,483.59,204.07,356.88,1,-1,-1,-1
941,113,1095.91,602.59,81.87,232.04,1,-1,-1,-1
941,118,1246.76,551.78,129.79,295.15,1,-1,-1,-1
941,121,634.67,497.18,233.63,345.94,1,-1,-1,-1
941,122,1276.39,511.68,243.11,333.57,1,-1,-1,-1
941,123,831.23,462.31,184.08,385.17,1,-1,-1,-1
941,124,530.95,541.32,133.41,296.18,1,-1,-1,-1
941,125,757.16,561.52,149.56,262.47,1,-1,-1,-1
941,126,1297.99,566.34,118.92,265.31,1,-1,-1,-1
941,127,1089.24,550.25,142.14,290.80,1,-1,-1,-1
942,91,932.47,553.53,129.94,284.57,1,-1,-1,-1
942,100,1522.10,550.21,124.92,283.90,1,-1,-1,-1
942,103,1072.86,537.11,108.69,279.11,1,-1,-1,-1
942,104,726.13,503.66,165.84,329.80,1,-1,-1,-1
942,106,1164.63,374.55,183.25,477.16,1,-1,-1,-1
942,112,1358.23,482.97,192.15,355.52,1,-1,-1,-1
942,113,1095.91,602.59,81.87,232.04,1,-1,-1,-1
942,118,1246.76,551.78,129.79,295.15,1,-1,-1,-1
942,121,630.23,499.39,231.12,343.74,1,-1,-1,-1
942,122,1276.39,511.68,243.11,333.57,1,-1,-1,-1
942,123,818.61,463.14,195.13,380.54,1,-1,-1,-1
942,124,531.36,540.74,130.60,298.15,1,-1,-1,-1
942,125,753.78,560.68,128.13,264.78,1,-1,-1,-1
942,126,1298.91,567.39,108.93,262.23,1,-1,-1,-1
942,127,1086.85,550.91,142.20,290.21,1,-1,-1,-1
943,91,933.86,552.45,124.31,285.82,1,-1,-1,-1
943,100,1517.77,550.80,124.08,286.93,1,-1,-1,-1
943,103,1072.86,537.11,108.69,279.11,1,-1,-1,-1
943,104,726.13,503.66,165.84,329.80,1,-1,-1,-1
943,106,1161.12,380.55,183.41,472.54,1,-1,-1,-1
943,112,1339.73,483.72,207.26,356.85,1,-1,-1,-1
943,113,1095.91,602.59,81.87,232.04,1,-1,-1,-1
943,118,1246.76,551.78,129.79,295.15,1,-1,-1,-1
943,121,619.95,499.67,230.90,343.68,1,-1,-1,-1
943,122,1332.95,487.26,182.16,354.98,1,-1,-1,-1
943,123,807.69,463.80,196.25,381.76,1,-1,-1,-1
943,124,527.78,539.95,133.40,296.92,1,-1,-1,-1
943,125,755.53,565.32,119.36,258.26,1,-1,-1,-1
943,126,1294.43,569.21,114.89,263.29,1,-1,-1,-1
943,127,1085.96,551.85,139.98,289.98,1,-1,-1,-1
943,128,1873.31,809.70,46.69,270.30,1,-1,-1,-1
944,91,933.54,550.65,121.88,286.34,1,-1,-1,-1
944,100,1507.27,551.29,131.33,286.28,1,-1,-1,-1
944,103,1072.86,537.11,108.69,279.11,1,-1,-1,-1
944,104,726.13,503.66,165.84,329.80,1,-1,-1,-1
944,106,1160.01,382.55,180.74,472.83,1,-1,-1,-1
944,112,1339.73,483.72,207.26,356.85,1,-1,-1,-1
944,113,1095.91,602.59,81.87,232.04,1,-1,-1,-1
944,118,1246.76,551.78,129.79,295.15,1,-1,-1,-1
944,121,606.84,498.73,230.21,343.32,1,-1,-1,-1
944,122,1334.97,484.70,156.16,358.65,1,-1,-1,-1
944,123,809.10,461.29,191.64,385.25,1,-1,-1,-1
944,124,520.08,538.13,138.40,297.96,1,-1,-1,-1
944,125,749.89,562.19,115.24,267.40,1,-1,-1,-1
944,126,1293.93,570.79,120.60,263.93,1,-1,-1,-1
944,127,1086.29,552.98,138.28,288.25,1,-1,-1,-1
944,128,1868.75,800.30,51.25,279.70,1,-1,-1,-1
945,91,923.50,548.22,120.54,288.64,1,-1,-1,-1
945,100,1497.15,550.43,137.34,288.76,1,-1,-1,-1
945,103,1072.86,537.11,108.69,279.11,1,-1,-1,-1
945,106,1160.57,388.03,189.91,465.19,1,-1,-1,-1
945,112,1370.28,520.53,164.51,316.99,1,-1,-1,-1
945,113,1095.91,602.59,81.87,232.04,1,-1,-1,-1
945,118,1246.76,551.78,129.79,295.15,1,-1,-1,-1
945,121,601.68,494.55,203.11,346.72,1,-1,-1,-1
945,122,1317.58,485.55,155.76,356.96,1,-1,-1,-1
945,123,805.55,461.05,181.29,387.99,1,-1,-1,-1
945,124,502.76,536.65,144.98,298.80,1,-1,-1,-1
945,125,727.95,558.80,124.63,269.50,1,-1,-1,-1
945,126,1293.93,570.79,120.60,263.93,1,-1,-1,-1
945,127,1088.35,553.75,124.41,286.52,1,-1,-1,-1
945,128,1860.76,782.28,59.24,297.72,1,-1,-1,-1
946,91,914.44,549.75,147.31,291.99,1,-1,-1,-1
946,100,1494.59,549.70,134.23,289.91,1,-1,-1,-1
946,106,1153.19,388.89,191.69,464.22,1,-1,-1,-1
946,112,1379.75,525.30,157.57,312.93,1,-1,-1,-1
946,113,1095.91,602.59,81.87,232.04,1,-1,-1,-1
946,118,1246.76,551.78,129.79,295.15,1,-1,-1,-1
946,121,590.94,491.60,190.58,352.11,1,-1,-1,-1
946,122,1311.65,485.02,150.81,360.18,1,-1,-1,-1
946,123,802.90,457.52,175.05,392.07,1,-1,-1,-1
946,124,489.74,539.04,148.53,300.87,1,-1,-1,-1
946,125,718.02,558.42,120.76,279.13,1,-1,-1,-1
946,126,1293.93,570.79,120.60,263.93,1,-1,-1,-1
946,127,1084.01,555.77,127.62,284.94,1,-1,-1,-1
946,128,1857.25,746.55,62.75,333.45,1,-1,-1,-1
947,91,913.27,550.60,152.06,291.48,1,-1,-1,-1
947,100,1496.48,549.26,128.71,292.10,1,-1,-1,-1
947,106,1145.61,388.13,176.99,464.20,1,-1,-1,-1
947,112,1380.86,525.86,155.36,312.75,1,-1,-1,-1
947,113,1095.91,602.59,81.87,232.04,1,-1,-1,-1
947,118,1246.76,551.78,129.79,295.15,1,-1,-1,-1
947,121,583.97,491.63,176.48,354.25,1,-1,-1,-1
947,122,1304.27,483.83,154.72,361.64,1,-1,-1,-1
947,123,799.23,454.06,172.15,397.26,1,-1,-1,-1
947,124,479.61,538.52,151.16,302.73,1,-1,-1,-1
947,125,712.12,559.87,113.63,276.01,1,-1,-1,-1
947,126,1293.93,570.79,120.60,263.93,1,-1,-1,-1
947,127,1066.81,555.79,136.75,286.34,1,-1,-1,-1
947,128,1851.35,723.86,68.65,356.14,1,-1,-1,-1
948,91,906.21,553.70,142.80,287.79,1,-1,-1,-1
948,100,1503.21,550.85,119.35,289.62,1,-1,-1,-1
948,106,1140.95,392.11,178.07,459.53,1,-1,-1,-1
948,112,1380.71,526.89,152.72,313.36,1,-1,-1,-1
948,113,1095.91,602.59,81.87,232.04,1,-1,-1,-1
948,118,1246.76,551.78,129.79,295.15,1,-1,-1,-1
948,121,584.29,489.41,171.49,357.50,1,-1,-1,-1
948,122,1292.64,482.43,165.42,363.60,1,-1,-1,-1
948,123,789.28,453.78,173.19,399.19,1,-1,-1,-1
948,124,474.77,537.34,150.48,302.82,1,-1,-1,-1
948,125,704.65,558.87,113.87,280.03,1,-1,-1,-1
948,126,1293.93,570.79,120.60,263.93,1,-1,-1,-1
948,127,1059.96,555.83,155.05,287.92,1,-1,-1,-1
948,128,1851.35,723.86,68.65,356.14,1,-1,-1,-1
949,91,905.09,553.87,138.26,285.67,1,-1,-1,-1
949,100,1502.50,550.81,116.25,288.65,1,-1,-1,-1
949,106,1139.46,394.81,165.34,455.24,1,-1,-1,-1
949,112,1381.38,524.75,151.58,319.21,1,-1,-1,-1
949,113,1095.91,602.59,81.87,232.04,1,-1,-1,-1
949,118,966.00,573.38,125.53,259.44,1,-1,-1,-1
949,121,588.22,486.50,156.51,361.28,1,-1,-1,-1
949,122,1289.27,481.67,156.64,365.20,1,-1,-1,-1
949,123,784.12,456.95,174.80,395.76,1,-1,-1,-1
949,124,467.86,537.05,148.10,303.32,1,-1,-1,-1
949,125,694.05,557.07,115.90,279.73,1,-1,-1,-1
949,126,1293.93,570.79,120.60,263.93,1,-1,-1,-1
949,127,1060.23,561.01,143.00,281.63,1,-1,-1,-1
949,128,1851.35,723.86,68.65,356.14,1,-1,-1,-1
950,91,939.20,568.76,114.29,266.19,1,-1,-1,-1
950,100,1498.29,550.05,120.08,292.35,1,-1,-1,-1
950,106,1134.33,399.69,159.79,452.67,1,-1,-1,-1
950,112,1383.58,524.01,145.25,324.16,1,-1,-1,-1
950,113,1095.91,602.59,81.87,232.04,1,-1,-1,-1
950,118,897.91,550.19,130.51,291.25,1,-1,-1,-1
950,121,572.86,483.74,160.15,365.23,1,-1,-1,-1
950,122,1285.14,479.27,155.69,370.04,1,-1,-1,-1
950,123,780.04,456.27,169.44,396.46,1,-1,-1,-1
950,124,454.64,535.45,146.76,306.46,1,-1,-1,-1
950,125,680.26,555.07,111.04,288.57,1,-1,-1,-1
950,126,1293.93,570.79,120.60,263.93,1,-1,-1,-1
950,127,1058.20,557.04,130.13,287.56,1,-1,-1,-1
950,128,1851.35,723.86,68.65,356.14,1,-1,-1,-1
951,91,944.82,567.95,106.51,266.86,1,-1,-1,-1
951,100,1495.54,549.46,122.98,294.10,1,-1,-1,-1
951,106,1128.17,403.40,160.02,453.02,1,-1,-1,-1
951,112,1384.19,522.52,146.48,326.78,1,-1,-1,-1
951,113,1121.87,583.49,132.14,264.53,1,-1,-1,-1
951,118,885.93,547.63,132.50,293.52,1,-1,-1,-1
951,121,556.61,480.59,168.87,367.25,1,-1,-1,-1
951,122,1284.91,478.61,146.76,372.32,1,-1,-1,-1
951,123,775.77,456.93,170.03,398.19,1,-1,-1,-1
951,124,447.09,534.83,162.06,307.41,1,-1,-1,-1
951,125,678.21,555.04,106.52,287.57,1,-1,-1,-1
951,126,1293.93,570.79,120.60,263.93,1,-1,-1,-1
951,127,1053.11,555.16,128.99,289.27,1,-1,-1,-1
951,128,1851.35,723.86,68.65,356.14,1,-1,-1,-1
952,91,945.47,564.86,109.05,271.60,1,-1,-1,-1
952,100,1493.42,548.91,122.98,294.33,1,-1,-1,-1
952,106,1126.08,407.40,158.20,448.33,1,-1,-1,-1
952,112,1384.12,521.01,152.50,328.95,1,-1,-1,-1
952,113,1121.87,583.49,132.14,264.53,1,-1,-1,-1
952,118,884.36,546.33,125.20,293.16,1,-1,-1,-1
952,121,564.66,478.15,153.79,368.44,1,-1,-1,-1
952,122,1284.16,477.76,146.67,373.32,1,-1,-1,-1
952,123,773.49,451.12,166.30,405.55,1,-1,-1,-1
952,124,441.47,532.87,151.21,309.38,1,-1,-1,-1
952,125,676.28,552.39,102.06,289.69,1,-1,-1,-1
952,126,1293.93,570.79,120.60,263.93,1,-1,-1,-1
952,127,1048.87,554.78,131.84,291.40,1,-1,-1,-1
952,128,1851.35,723.86,68.65,356.14,1,-1,-1,-1
953,91,945.78,563.86,109.72,273.72,1,-1,-1,-1
953,100,1491.19,548.21,122.05,295.45,1,-1,-1,-1
953,106,1124.16,409.41,156.99,446.50,1,-1,-1,-1
953,112,1384.92,518.94,153.53,330.22,1,-1,-1,-1
953,113,1121.87,583.49,132.14,264.53,1,-1,-1,-1
953,118,883.10,544.43,122.35,296.06,1,-1,-1,-1
953,121,547.10,476.81,165.67,370.28,1,-1,-1,-1
953,122,1281.23,473.86,150.32,377.41,1,-1,-1,-1
953,123,765.91,448.60,168.71,407.26,1,-1,-1,-1
953,124,434.37,532.22,152.22,311.44,1,-1,-1,-1
953,125,670.15,549.58,104.05,292.30,1,-1,-1,-1
953,126,1293.93,570.79,120.60,263.93,1,-1,-1,-1
953,127,1047.53,552.39,134.76,293.34,1,-1,-1,-1
953,128,1851.35,723.86,68.65,356.14,1,-1,-1,-1
954,91,944.01,563.29,110.61,276.01,1,-1,-1,-1
954,100,1491.66,548.06,122.07,299.21,1,-1,-1,-1
954,106,1121.55,412.88,153.83,447.01,1,-1,-1,-1
954,112,1387.63,517.44,153.76,333.35,1,-1,-1,-1
954,113,1121.87,583.49,132.14,264.53,1,-1,-1,-1
954,118,879.96,544.07,124.09,299.61,1,-1,-1,-1
954,121,539.13,478.20,169.91,372.94,1,-1,-1,-1
954,122,1280.40,473.30,153.86,379.45,1,-1,-1,-1
954,123,762.37,447.26,170.22,412.70,1,-1,-1,-1
954,124,425.10,530.68,152.48,314.76,1,-1,-1,-1
954,125,664.49,548.56,105.93,296.21,1,-1,-1,-1
954,126,1293.93,570.79,120.60,263.93,1,-1,-1,-1
954,127,1038.96,551.94,147.67,296.26,1,-1,-1,-1
954,128,1851.35,723.86,68.65,356.14,1,-1,-1,-1
955,91,941.30,559.74,103.45,277.23,1,-1,-1,-1
955,100,1490.09,542.07,116.60,304.24,1,-1,-1,-1
955,106,1114.33,410.92,153.43,449.04,1,-1,-1,-1
955,112,1389.62,513.25,153.99,337.30,1,-1,-1,-1
955,113,1121.87,583.49,132.14,264.53,1,-1,-1,-1
955,118,864.43,539.25,133.84,305.50,1,-1,-1,-1
955,121,540.45,471.80,152.13,377.78,1,-1,-1,-1
955,122,1278.84,470.67,160.72,381.93,1,-1,-1,-1
955,123,755.63,442.50,168.16,417.04,1,-1,-1,-1
955,124,410.56,526.76,166.62,320.27,1,-1,-1,-1
955,125,649.14,546.99,108.59,298.83,1,-1,-1,-1
955,126,1293.93,570.79,120.60,263.93,1,-1,-1,-1
955,127,1032.52,548.02,153.84,299.55,1,-1,-1,-1
955,128,1851.35,723.86,68.65,356.14,1,-1,-1,-1
956,91,940.01,556.77,104.78,279.57,1,-1,-1,-1
956,100,1489.85,539.93,114.23,307.90,1,-1,-1,-1
956,106,1109.54,408.62,152.21,449.13,1,-1,-1,-1
956,112,1390.90,509.15,147.04,340.90,1,-1,-1,-1
956,113,1121.87,583.49,132.14,264.53,1,-1,-1,-1
956,118,857.23,537.72,136.36,308.93,1,-1,-1,-1
956,121,530.13,467.70,157.57,383.50,1,-1,-1,-1
956,122,1277.90,468.87,160.64,383.08,1,-1,-1,-1
956,123,743.92,437.14,176.18,423.23,1,-1,-1,-1
956,124,400.98,525.12,169.84,321.42,1,-1,-1,-1
956,125,641.40,543.96,111.90,300.53,1,-1,-1,-1
956,126,1293.93,570.79,120.60,263.93,1,-1,-1,-1
956,127,1037.54,547.40,145.78,296.83,1,-1,-1,-1
956,128,1851.35,723.86,68.65,356.14,1,-1,-1,-1
957,91,934.47,553.61,103.97,281.99,1,-1,-1,-1
957,100,1487.97,537.81,112.81,310.20,1,-1,-1,-1
957,106,1097.62,408.66,159.27,443.80,1,-1,-1,-1
957,112,1391.76,506.98,142.77,342.80,1,-1,-1,-1
957,113,1121.87,583.49,132.14,264.53,1,-1,-1,-1
957,118,854.09,536.94,138.46,308.78,1,-1,-1,-1
957,121,516.38,464.92,164.18,385.35,1,-1,-1,-1
957,122,1275.15,465.99,155.95,385.74,1,-1,-1,-1
957,123,737.15,434.72,179.44,424.85,1,-1,-1,-1
957,124,395.32,523.12,170.13,322.07,1,-1,-1,-1
957,125,637.04,543.35,110.46,297.81,1,-1,-1,-1
957,126,1293.93,570.79,120.60,263.93,1,-1,-1,-1
957,127,1034.47,546.27,144.07,298.72,1,-1,-1,-1
957,128,1851.35,723.86,68.65,356.14,1,-1,-1,-1
958,91,933.44,550.33,98.30,285.80,1,-1,-1,-1
958,100,1487.12,535.15,108.91,311.73,1,-1,-1,-1
958,106,1099.64,409.49,151.50,445.76,1,-1,-1,-1
958,112,1392.47,505.22,137.43,344.52,1,-1,-1,-1
958,113,1121.87,583.49,132.14,264.53,1,-1,-1,-1
958,118,852.75,533.81,136.45,308.77,1,-1,-1,-1
958,121,511.29,464.09,160.70,385.75,1,-1,-1,-1
958,122,1274.59,464.53,159.21,387.24,1,-1,-1,-1
958,123,731.95,432.09,182.69,427.92,1,-1,-1,-1
958,124,383.42,521.01,178.13,325.13,1,-1,-1,-1
958,125,631.64,540.64,106.87,300.95,1,-1,-1,-1
958,126,1293.93,570.79,120.60,263.93,1,-1,-1,-1
958,127,1033.40,544.97,138.53,302.49,1,-1,-1,-1
958,128,1851.35,723.86,68.65,356.14,1,-1,-1,-1
959,91,932.45,550.21,96.19,286.96,1,-1,-1,-1
959,100,1488.34,534.51,105.41,313.28,1,-1,-1,-1
959,106,1093.56,409.20,153.79,447.60,1,-1,-1,-1
959,112,1395.61,502.99,126.66,344.99,1,-1,-1,-1
959,113,1121.87,583.49,132.14,264.53,1,-1,-1,-1
959,118,851.74,532.56,133.12,308.91,1,-1,-1,-1
959,121,511.25,464.57,153.93,386.34,1,-1,-1,-1
959,122,1273.84,461.09,157.63,391.97,1,-1,-1,-1
959,123,733.73,431.41,175.47,428.11,1,-1,-1,-1
959,124,378.02,518.76,163.68,328.99,1,-1,-1,-1
959,125,626.60,539.46,105.28,304.91,1,-1,-1,-1
959,126,1293.93,570.79,120.60,263.93,1,-1,-1,-1
959,127,1025.64,544.74,140.56,300.69,1,-1,-1,-1
959,128,1851.35,723.86,68.65,356.14,1,-1,-1,-1
960,91,922.18,549.68,99.85,286.72,1,-1,-1,-1
960,100,1484.87,533.52,103.41,318.78,1,-1,-1,-1
960,106,1089.11,410.55,148.30,448.17,1,-1,-1,-1
960,112,1399.48,501.23,130.37,350.90,1,-1,-1,-1
960,113,1121.87,583.49,132.14,264.53,1,-1,-1,-1
960,118,840.98,529.12,142.07,318.34,1,-1,-1,-1
960,121,501.04,462.87,156.61,388.58,1,-1,-1,-1
960,122,1270.52,458.83,160.85,397.73,1,-1,-1,-1
960,123,722.32,429.65,179.95,435.58,1,-1,-1,-1
960,124,365.62,518.02,162.28,329.12,1,-1,-1,-1
960,125,615.84,541.00,111.05,305.49,1,-1,-1,-1
960,126,1293.93,570.79,120.60,263.93,1,-1,-1,-1
960,127,1012.58,541.84,146.41,306.20,1,-1,-1,-1
960,128,1851.35,723.86,68.65,356.14,1,-1,-1,-1
960,129,1860.45,816.76,59.54,263.24,1,-1,-1,-1
961,91,916.38,550.78,100.56,287.57,1,-1,-1,-1
961,100,1481.60,532.99,106.41,321.46,1,-1,-1,-1
961,106,1080.66,414.37,151.03,444.56,1,-1,-1,-1
961,112,1400.88,501.19,133.08,352.46,1,-1,-1,-1
961,113,1121.87,583.49,132.14,264.53,1,-1,-1,-1
961,118,833.03,528.68,148.61,319.57,1,-1,-1,-1
961,121,493.04,462.35,158.00,388.06,1,-1,-1,-1
961,122,1269.12,457.73,161.40,399.57,1,-1,-1,-1
961,123,714.64,422.64,183.07,444.53,1,-1,-1,-1
961,124,357.26,518.94,158.94,328.96,1,-1,-1,-1
961,125,600.72,539.13,120.77,307.28,1,-1,-1,-1
961,126,1293.93,570.79,120.60,263.93,1,-1,-1,-1
961,127,1018.26,541.43,128.30,308.64,1,-1,-1,-1
961,128,1851.35,723.86,68.65,356.14,1,-1,-1,-1
961,129,1860.45,816.76,59.54,263.24,1,-1,-1,-1
962,91,913.07,550.82,102.15,290.27,1,-1,-1,-1
962,100,1478.52,534.47,106.94,317.54,1,-1,-1,-1
962,106,1075.34,417.25,149.97,442.66,1,-1,-1,-1
962,112,1403.54,501.38,130.69,351.69,1,-1,-1,-1
962,113,1121.87,583.49,132.14,264.53,1,-1,-1,-1
962,118,827.06,527.22,147.81,320.79,1,-1,-1,-1
962,121,490.37,460.78,155.54,391.78,1,-1,-1,-1
962,122,1264.77,455.62,165.97,402.75,1,-1,-1,-1
962,123,711.91,420.46,177.37,446.42,1,-1,-1,-1
962,124,348.84,519.12,145.05,328.84,1,-1,-1,-1
962,125,596.04,537.29,121.14,310.60,1,-1,-1,-1
962,126,1293.93,570.79,120.60,263.93,1,-1,-1,-1
962,127,1015.39,541.14,119.92,308.76,1,-1,-1,-1
962,128,1851.35,723.86,68.65,356.14,1,-1,-1,-1
962,129,1860.45,816.76,59.54,263.24,1,-1,-1,-1
963,91,907.14,549.87,105.27,290.76,1,-1,-1,-1
963,100,1474.18,534.76,110.35,316.23,1,-1,-1,-1
963,106,1066.66,419.13,150.68,441.57,1,-1,-1,-1
963,112,1405.27,500.78,129.16,353.87,1,-1,-1,-1
963,113,1121.87,583.49,132.14,264.53,1,-1,-1,-1
963,118,815.62,528.94,153.09,317.10,1,-1,-1,-1
963,121,486.91,457.10,152.04,397.21,1,-1,-1,-1
963,122,1263.36,455.97,161.66,401.12,1,-1,-1,-1
963,123,709.26,418.08,177.67,447.96,1,-1,-1,-1
963,124,347.08,520.33,141.86,328.96,1,-1,-1,-1
963,125,606.17,537.06,108.76,308.91,1,-1,-1,-1
963,126,1293.93,570.79,120.60,263.93,1,-1,-1,-1
963,127,1011.66,545.58,119.77,303.02,1,-1,-1,-1
963,128,1851.35,723.86,68.65,356.14,1,-1,-1,-1
963,129,1860.45,816.76,59.54,263.24,1,-1,-1,-1
964,91,897.21,548.97,113.23,296.11,1,-1,-1,-1
964,100,1471.50,535.74,114.48,311.92,1,-1,-1,-1
964,106,1056.21,422.85,154.60,438.57,1,-1,-1,-1
964,112,1401.35,500.89,134.88,353.46,1,-1,-1,-1
964,113,1058.73,438.82,156.06,422.77,1,-1,-1,-1
964,118,815.31,528.52,135.89,319.51,1,-1,-1,-1
964,121,478.61,456.99,159.99,398.71,1,-1,-1,-1
964,122,1260.32,453.41,159.39,404.80,1,-1,-1,-1
964,123,705.05,417.74,175.56,448.29,1,-1,-1,-1
964,124,345.88,520.83,140.57,329.27,1,-1,-1,-1
964,125,599.74,538.01,112.93,305.91,1,-1,-1,-1
964,126,1293.93,570.79,120.60,263.93,1,-1,-1,-1
964,127,1014.22,548.84,119.40,303.14,1,-1,-1,-1
964,128,1851.35,723.86,68.65,356.14,1,-1,-1,-1
964,129,1860.45,816.76,59.54,263.24,1,-1,-1,-1
965,91,885.20,546.47,121.65,298.30,1,-1,-1,-1
965,100,1467.73,534.07,121.45,312.41,1,-1,-1,-1
965,106,1093.07,570.88,112.75,286.71,1,-1,-1,-1
965,112,1409.10,500.51,136.40,349.82,1,-1,-1,-1
965,113,1041.02,431.86,152.99,428.75,1,-1,-1,-1
965,118,812.44,528.47,128.09,322.49,1,-1,-1,-1
965,121,463.88,455.78,167.78,394.35,1,-1,-1,-1
965,122,1236.99,450.75,163.17,408.50,1,-1,-1,-1
965,123,696.00,416.95,184.17,448.29,1,-1,-1,-1
965,124,332.38,522.93,152.59,326.22,1,-1,-1,-1
965,125,592.57,537.45,118.19,306.38,1,-1,-1,-1
965,126,1293.93,570.79,120.60,263.93,1,-1,-1,-1
965,127,1010.16,548.00,125.48,304.26,1,-1,-1,-1
965,128,1851.35,723.86,68.65,356.14,1,-1,-1,-1
965,129,1860.45,816.76,59.54,263.24,1,-1,-1,-1
966,91,883.52,545.82,122.64,301.13,1,-1,-1,-1
966,100,1467.00,533.48,116.45,309.26,1,-1,-1,-1
966,106,1093.40,587.42,112.27,270.15,1,-1,-1,-1
966,112,1408.58,499.12,159.19,353.36,1,-1,-1,-1
966,113,1031.08,433.45,167.52,429.65,1,-1,-1,-1
966,118,811.31,531.43,126.53,319.92,1,-1,-1,-1
966,121,446.97,454.23,183.23,399.61,1,-1,-1,-1
966,122,1224.38,448.08,169.43,411.78,1,-1,-1,-1
966,123,686.05,419.05,200.69,448.88,1,-1,-1,-1
966,124,338.90,524.99,141.28,323.47,1,-1,-1,-1
966,125,591.79,538.85,118.96,309.41,1,-1,-1,-1
966,126,1293.93,570.79,120.60,263.93,1,-1,-1,-1
966,127,1004.60,570.34,134.56,281.32,1,-1,-1,-1
966,128,1851.35,723.86,68.65,356.14,1,-1,-1,-1
966,129,1860.45,816.76,59.54,263.24,1,-1,-1,-1
966,130,788.47,531.14,127.20,318.19,1,-1,-1,-1
967,91,878.43,545.45,130.64,301.70,1,-1,-1,-1
967,100,1453.08,532.79,136.92,318.39,1,-1,-1,-1
967,106,1099.21,589.13,108.59,270.71,1,-1,-1,-1
967,112,1410.67,499.22,157.99,356.49,1,-1,-1,-1
967,113,1022.27,438.55,160.48,426.50,1,-1,-1,-1
967,118,807.35,533.72,132.43,316.55,1,-1,-1,-1
967,121,445.67,454.99,183.10,398.45,1,-1,-1,-1
967,122,1225.51,448.99,167.61,412.54,1,-1,-1,-1
967,123,669.42,419.11,220.40,446.51,1,-1,-1,-1
967,124,342.14,524.74,133.97,325.64,1,-1,-1,-1
967,125,589.47,536.31,118.18,313.08,1,-1,-1,-1
967,126,1293.93,570.79,120.60,263.93,1,-1,-1,-1
967,127,1004.60,570.34,134.56,281.32,1,-1,-1,-1
967,128,1851.35,723.86,68.65,356.14,1,-1,-1,-1
967,129,1860.45,816.76,59.54,263.24,1,-1,-1,-1
967,130,788.47,531.14,127.20,318.19,1,-1,-1,-1
968,91,878.37,545.98,134.61,303.71,1,-1,-1,-1
968,100,1454.77,533.99,135.67,317.88,1,-1,-1,-1
968,106,1103.09,593.86,106.76,264.02,1,-1,-1,-1
968,112,1404.05,498.57,178.47,360.32,1,-1,-1,-1
968,113,1015.40,434.86,161.70,432.22,1,-1,-1,-1
968,118,797.71,536.60,147.14,315.29,1,-1,-1,-1
968,121,453.71,453.51,174.65,404.64,1,-1,-1,-1
968,122,1228.26,449.86,166.58,415.91,1,-1,-1,-1
968,123,666.66,422.40,224.87,438.36,1,-1,-1,-1
968,124,332.17,524.78,136.64,332.19,1,-1,-1,-1
968,125,592.82,536.82,112.28,311.69,1,-1,-1,-1
968,126,1293.93,570.79,120.60,263.93,1,-1,-1,-1
968,127,1004.60,570.34,134.56,281.32,1,-1,-1,-1
968,128,1851.35,723.86,68.65,356.14,1,-1,-1,-1
968,129,1860.45,816.76,59.54,263.24,1,-1,-1,-1
968,130,788.47,531.14,127.20,318.19,1,-1,-1,-1
969,91,883.80,544.90,131.50,305.21,1,-1,-1,-1
969,100,1465.98,530.16,160.61,318.57,1,-1,-1,-1
969,106,1100.92,594.04,112.64,261.12,1,-1,-1,-1
969,112,1399.62,498.99,188.07,356.31,1,-1,-1,-1
969,113,1011.67,433.57,166.33,433.86,1,-1,-1,-1
969,118,804.24,536.12,140.29,315.83,1,-1,-1,-1
969,121,452.67,452.68,179.76,408.83,1,-1,-1,-1
969,122,1220.88,449.81,177.29,413.92,1,-1,-1,-1
969,123,656.63,423.54,234.76,442.17,1,-1,-1,-1
969,124,323.22,525.56,141.48,331.80,1,-1,-1,-1
969,125,589.99,536.36,113.12,316.60,1,-1,-1,-1
969,126,1293.93,570.79,120.60,263.93,1,-1,-1,-1
969,127,1004.60,570.34,134.56,281.32,1,-1,-1,-1
969,128,1851.35,723.86,68.65,356.14,1,-1,-1,-1
969,129,1860.45,816.76,59.54,263.24,1,-1,-1,-1
969,130,788.47,531.14,127.20,318.19,1,-1,-1,-1
970,91,900.80,541.29,143.83,308.21,1,-1,-1,-1
970,100,1465.98,530.16,160.61,318.57,1,-1,-1,-1
970,106,1107.10,592.22,120.37,259.99,1,-1,-1,-1
970,112,1417.87,491.75,239.19,368.21,1,-1,-1,-1
970,113,1003.84,433.36,182.79,431.65,1,-1,-1,-1
970,118,805.75,535.81,146.72,324.77,1,-1,-1,-1
970,121,440.56,451.11,204.51,408.68,1,-1,-1,-1
970,122,1231.04,448.71,183.06,410.25,1,-1,-1,-1
970,123,657.66,425.77,296.76,445.83,1,-1,-1,-1
970,124,299.16,525.55,173.21,333.45,1,-1,-1,-1
970,125,590.72,535.05,127.74,318.11,1,-1,-1,-1
970,126,1293.93,570.79,120.60,263.93,1,-1,-1,-1
970,127,1004.60,570.34,134.56,281.32,1,-1,-1,-1
970,128,1851.35,723.86,68.65,356.14,1,-1,-1,-1
970,129,1860.45,816.76,59.54,263.24,1,-1,-1,-1
970,130,788.47,531.14,127.20,318.19,1,-1,-1,-1
971,91,903.63,539.01,133.26,313.19,1,-1,-1,-1
971,100,1465.98,530.16,160.61,318.57,1,-1,-1,-1
971,106,1107.61,592.16,123.89,259.52,1,-1,-1,-1
971,112,1411.67,489.94,270.13,373.36,1,-1,-1,-1
971,113,1000.36,431.58,190.81,434.40,1,-1,-1,-1
971,118,806.88,535.94,150.26,321.41,1,-1,-1,-1
971,121,414.23,446.85,241.26,411.64,1,-1,-1,-1
971,122,1232.29,448.94,193.66,410.87,1,-1,-1,-1
971,123,657.42,427.37,297.28,443.03,1,-1,-1,-1
971,124,295.79,523.80,190.97,334.92,1,-1,-1,-1
971,125,578.23,531.59,152.78,319.33,1,-1,-1,-1
971,126,1293.93,570.79,120.60,263.93,1,-1,-1,-1
971,127,1004.60,570.34,134.56,281.32,1,-1,-1,-1
971,128,1851.35,723.86,68.65,356.14,1,-1,-1,-1
971,129,1860.45,816.76,59.54,263.24,1,-1,-1,-1
971,130,788.47,531.14,127.20,318.19,1,-1,-1,-1
972,91,903.43,537.52,127.00,313.36,1,-1,-1,-1
972,100,1465.98,530.16,160.61,318.57,1,-1,-1,-1
972,106,1111.71,591.08,123.31,263.78,1,-1,-1,-1
972,112,1412.77,484.41,286.12,378.26,1,-1,-1,-1
972,113,996.82,428.55,181.03,438.32,1,-1,-1,-1
972,118,802.48,534.46,152.01,321.72,1,-1,-1,-1
972,121,403.72,446.37,269.86,411.42,1,-1,-1,-1
972,122,1236.02,447.73,207.04,416.87,1,-1,-1,-1
972,123,676.65,426.79,278.86,444.69,1,-1,-1,-1
972,124,298.92,523.90,195.81,334.62,1,-1,-1,-1
972,125,569.32,530.40,168.89,320.03,1,-1,-1,-1
972,126,1293.93,570.79,120.60,263.93,1,-1,-1,-1
972,127,1004.60,570.34,134.56,281.32,1,-1,-1,-1
972,128,1851.35,723.86,68.65,356.14,1,-1,-1,-1
972,129,1860.45,816.76,59.54,263.24,1,-1,-1,-1
972,130,788.47,531.14,127.20,318.19,1,-1,-1,-1
973,91,746.31,489.19,222.62,379.39,1,-1,-1,-1
973,100,1465.98,530.16,160.61,318.57,1,-1,-1,-1
973,106,1113.02,590.60,128.36,258.86,1,-1,-1,-1
973,112,1429.94,482.13,275.70,377.13,1,-1,-1,-1
973,113,995.53,426.89,194.12,438.14,1,-1,-1,-1
973,118,795.67,531.97,166.91,324.72,1,-1,-1,-1
973,121,392.32,443.00,291.08,413.61,1,-1,-1,-1
973,122,1240.40,438.24,216.51,430.47,1,-1,-1,-1
973,123,707.78,425.84,250.92,444.19,1,-1,-1,-1
973,124,307.59,521.61,191.69,336.45,1,-1,-1,-1
973,125,572.15,535.03,175.59,318.24,1,-1,-1,-1
973,126,1293.93,570.79,120.60,263.93,1,-1,-1,-1
973,127,909.26,539.77,136.22,313.28,1,-1,-1,-1
973,128,1851.35,723.86,68.65,356.14,1,-1,-1,-1
973,129,1860.45,816.76,59.54,263.24,1,-1,-1,-1
973,130,788.47,531.14,127.20,318.19,1,-1,-1,-1
974,91,735.31,448.45,237.72,424.97,1,-1,-1,-1
974,100,1439.17,482.89,265.05,376.63,1,-1,-1,-1
974,106,1098.57,590.72,151.66,262.79,1,-1,-1,-1
974,112,1431.26,477.80,281.30,384.12,1,-1,-1,-1
974,113,999.79,427.84,186.54,437.42,1,-1,-1,-1
974,118,789.03,529.86,190.27,328.91,1,-1,-1,-1
974,121,378.13,439.91,307.48,419.95,1,-1,-1,-1
974,122,1241.32,436.15,230.21,431.87,1,-1,-1,-1
974,123,730.06,422.93,239.14,449.73,1,-1,-1,-1
974,124,317.46,515.86,182.73,342.10,1,-1,-1,-1
974,125,546.45,513.92,207.58,342.08,1,-1,-1,-1
974,126,1293.93,570.79,120.60,263.93,1,-1,-1,-1
974,127,900.04,536.81,155.17,313.61,1,-1,-1,-1
974,128,1851.35,723.86,68.65,356.14,1,-1,-1,-1
974,129,1860.45,816.76,59.54,263.24,1,-1,-1,-1
974,130,788.47,531.14,127.20,318.19,1,-1,-1,-1
975,91,735.31,448.45,237.72,424.97,1,-1,-1,-1
975,100,1447.99,470.70,256.59,394.50,1,-1,-1,-1
975,106,1108.17,592.04,154.22,261.85,1,-1,-1,-1
975,112,1431.26,477.80,281.30,384.12,1,-1,-1,-1
975,113,995.29,427.16,196.96,440.65,1,-1,-1,-1
975,118,774.51,532.33,220.84,328.33,1,-1,-1,-1
975,121,362.70,430.66,339.89,434.12,1,-1,-1,-1
975,122,1233.04,431.71,254.45,441.73,1,-1,-1,-1
975,123,724.01,494.61,254.30,381.93,1,-1,-1,-1
975,124,305.71,513.45,179.31,350.63,1,-1,-1,-1
975,125,541.28,513.74,207.32,344.57,1,-1,-1,-1
975,127,885.02,534.89,175.55,320.23,1,-1,-1,-1
975,128,1851.35,723.86,68.65,356.14,1,-1,-1,-1
975,129,1860.45,816.76,59.54,263.24,1,-1,-1,-1
975,130,788.47,531.14,127.20,318.19,1,-1,-1,-1
975,131,688.02,552.53,157.26,305.02,1,-1,-1,-1
976,91,703.23,415.51,261.64,467.31,1,-1,-1,-1
976,100,1430.89,463.72,287.16,406.83,1,-1,-1,-1
976,106,1106.26,592.34,160.23,266.58,1,-1,-1,-1
976,112,1429.24,465.74,289.89,406.06,1,-1,-1,-1
976,113,991.41,426.34,205.47,447.97,1,-1,-1,-1
976,118,771.61,525.46,218.12,343.35,1,-1,-1,-1
976,121,366.00,428.36,322.21,440.45,1,-1,-1,-1
976,122,1223.70,429.60,267.50,447.80,1,-1,-1,-1
976,123,819.39,526.85,207.14,336.23,1,-1,-1,-1
976,124,282.62,512.74,193.00,355.72,1,-1,-1,-1
976,125,542.80,518.59,204.07,343.88,1,-1,-1,-1
976,127,855.16,531.80,196.14,326.79,1,-1,-1,-1
976,128,1851.35,723.86,68.65,356.14,1,-1,-1,-1
976,129,1860.45,816.76,59.54,263.24,1,-1,-1,-1
976,130,788.47,531.14,127.20,318.19,1,-1,-1,-1
976,131,703.84,480.06,246.70,401.11,1,-1,-1,-1
977,91,684.57,408.11,279.01,476.22,1,-1,-1,-1
977,100,1430.89,463.72,287.16,406.83,1,-1,-1,-1
977,106,1098.06,589.37,171.23,275.30,1,-1,-1,-1
977,112,1438.52,461.58,287.60,412.02,1,-1,-1,-1
977,113,990.94,424.42,217.25,453.38,1,-1,-1,-1
977,118,774.63,520.51,212.71,349.83,1,-1,-1,-1
977,121,364.99,428.82,317.52,444.82,1,-1,-1,-1
977,122,1213.90,426.18,324.06,451.37,1,-1,-1,-1
977,123,819.39,526.85,207.14,336.23,1,-1,-1,-1
977,124,269.83,511.43,200.53,359.58,1,-1,-1,-1
977,125,543.15,518.94,203.34,346.71,1,-1,-1,-1
977,127,862.82,528.61,189.74,332.27,1,-1,-1,-1
977,128,1851.35,723.86,68.65,356.14,1,-1,-1,-1
977,129,1860.45,816.76,59.54,263.24,1,-1,-1,-1
977,130,788.47,531.14,127.20,318.19,1,-1,-1,-1
977,131,703.84,480.06,246.70,401.11,1,-1,-1,-1
978,91,679.54,404.57,268.74,481.88,1,-1,-1,-1
978,100,1429.90,459.03,294.23,417.23,1,-1,-1,-1
978,106,1098.51,587.58,173.74,281.29,1,-1,-1,-1
978,112,1438.52,461.58,287.60,412.02,1,-1,-1,-1
978,113,995.07,423.51,216.99,456.82,1,-1,-1,-1
978,118,786.84,517.11,210.84,352.26,1,-1,-1,-1
978,121,367.53,429.67,304.40,448.84,1,-1,-1,-1
978,122,1208.27,426.43,288.40,453.38,1,-1,-1,-1
978,123,819.39,526.85,207.14,336.23,1,-1,-1,-1
978,124,254.57,508.07,201.37,364.85,1,-1,-1,-1
978,125,545.00,516.00,187.28,351.47,1,-1,-1,-1
978,127,826.71,523.20,201.71,342.65,1,-1,-1,-1
978,129,1860.45,816.76,59.54,263.24,1,-1,-1,-1
978,130,788.47,531.14,127.20,318.19,1,-1,-1,-1
978,131,703.05,467.69,247.23,417.99,1,-1,-1,-1
979,91,628.51,396.55,310.54,487.63,1,-1,-1,-1
979,100,1423.05,454.39,311.68,423.38,1,-1,-1,-1
979,106,1104.59,585.92,165.14,285.89,1,-1,-1,-1
979,112,1438.52,461.58,287.60,412.02,1,-1,-1,-1
979,113,996.47,423.36,218.02,458.83,1,-1,-1,-1
979,118,770.90,506.19,222.91,368.81,1,-1,-1,-1
979,121,386.74,427.70,284.55,453.45,1,-1,-1,-1
979,122,1207.70,426.79,284.25,453.60,1,-1,-1,-1
979,123,847.69,521.15,204.11,346.34,1,-1,-1,-1
979,124,237.91,505.46,206.63,368.99,1,-1,-1,-1
979,125,530.57,511.25,201.22,360.90,1,-1,-1,-1
979,127,823.23,516.13,206.89,353.97,1,-1,-1,-1
979,129,1860.45,816.76,59.54,263.24,1,-1,-1,-1
979,130,788.47,531.14,127.20,318.19,1,-1,-1,-1
979,131,703.05,467.69,247.23,417.99,1,-1,-1,-1
980,91,629.60,385.46,301.39,506.14,1,-1,-1,-1
980,100,1419.86,450.57,325.70,428.15,1,-1,-1,-1
980,106,1114.37,582.86,157.39,290.76,1,-1,-1,-1
980,112,1438.52,461.58,287.60,412.02,1,-1,-1,-1
980,113,995.53,424.59,215.22,458.23,1,-1,-1,-1
980,118,772.74,479.49,217.23,401.84,1,-1,-1,-1
980,121,392.13,425.04,293.00,461.59,1,-1,-1,-1
980,122,1203.36,421.71,309.99,460.19,1,-1,-1,-1
980,123,843.96,517.92,195.52,345.59,1,-1,-1,-1
980,124,211.44,500.81,217.46,378.67,1,-1,-1,-1
980,125,522.02,526.39,197.73,348.77,1,-1,-1,-1
980,127,826.44,521.35,181.33,348.11,1,-1,-1,-1
980,129,1860.45,816.76,59.54,263.24,1,-1,-1,-1
980,130,788.47,531.14,127.20,318.19,1,-1,-1,-1
980,131,703.05,467.69,247.23,417.99,1,-1,-1,-1
981,91,625.50,383.03,317.54,511.31,1,-1,-1,-1
981,100,1403.60,448.68,344.17,433.69,1,-1,-1,-1
981,106,1111.82,577.06,171.10,297.36,1,-1,-1,-1
981,112,1438.52,461.58,287.60,412.02,1,-1,-1,-1
981,113,991.81,420.90,214.81,463.20,1,-1,-1,-1
981,118,758.20,477.73,226.47,408.24,1,-1,-1,-1
981,121,390.94,422.15,295.75,465.34,1,-1,-1,-1
981,122,1202.41,419.56,316.07,464.35,1,-1,-1,-1
981,123,845.13,518.23,191.61,347.63,1,-1,-1,-1
981,124,197.50,499.66,228.63,378.99,1,-1,-1,-1
981,125,516.54,532.15,198.47,345.30,1,-1,-1,-1
981,127,801.65,509.28,219.83,362.48,1,-1,-1,-1
981,129,1860.45,816.76,59.54,263.24,1,-1,-1,-1
981,130,788.47,531.14,127.20,318.19,1,-1,-1,-1
981,131,703.05,467.69,247.23,417.99,1,-1,-1,-1
982,91,617.98,386.40,337.90,505.54,1,-1,-1,-1
982,100,1423.84,447.70,325.72,435.31,1,-1,-1,-1
982,106,1119.61,579.48,181.72,294.98,1,-1,-1,-1
982,112,1438.52,461.58,287.60,412.02,1,-1,-1,-1
982,113,994.95,417.79,210.96,467.84,1,-1,-1,-1
982,118,758.42,493.44,227.78,388.61,1,-1,-1,-1
982,121,384.91,420.90,311.11,469.17,1,-1,-1,-1
982,122,1200.43,417.57,318.88,469.68,1,-1,-1,-1
982,123,851.53,518.24,198.83,351.97,1,-1,-1,-1
982,124,181.53,497.25,246.62,381.79,1,-1,-1,-1
982,125,516.66,547.04,221.22,329.60,1,-1,-1,-1
982,127,801.65,509.28,219.83,362.48,1,-1,-1,-1
982,129,1860.45,816.76,59.54,263.24,1,-1,-1,-1
982,130,788.47,531.14,127.20,318.19,1,-1,-1,-1
982,131,703.05,467.69,247.23,417.99,1,-1,-1,-1
983,91,462.17,462.31,295.99,409.01,1,-1,-1,-1
983,100,1430.69,445.90,317.87,438.48,1,-1,-1,-1
983,106,1121.30,574.24,193.38,301.42,1,-1,-1,-1
983,112,1438.52,461.58,287.60,412.02,1,-1,-1,-1
983,113,997.08,416.69,208.63,467.99,1,-1,-1,-1
983,118,635.46,398.46,327.27,493.18,1,-1,-1,-1
983,121,376.59,421.57,322.77,469.10,1,-1,-1,-1
983,122,1199.17,416.95,337.42,467.61,1,-1,-1,-1
983,123,851.94,527.49,203.73,346.06,1,-1,-1,-1
983,124,162.54,499.93,271.54,383.55,1,-1,-1,-1
983,125,502.70,557.80,250.79,320.94,1,-1,-1,-1
983,127,769.65,512.93,225.08,365.12,1,-1,-1,-1
983,129,1860.45,816.76,59.54,263.24,1,-1,-1,-1
983,130,788.47,531.14,127.20,318.19,1,-1,-1,-1
983,131,966.97,421.52,210.79,463.99,1,-1,-1,-1
984,91,625.11,556.53,177.04,328.10,1,-1,-1,-1
984,100,1433.04,444.68,315.81,439.27,1,-1,-1,-1
984,106,1114.78,569.47,199.73,306.52,1,-1,-1,-1
984,112,1438.52,461.58,287.60,412.02,1,-1,-1,-1
984,113,998.95,413.24,202.32,470.90,1,-1,-1,-1
984,118,597.53,386.72,364.04,508.87,1,-1,-1,-1
984,121,452.27,535.71,252.77,344.64,1,-1,-1,-1
984,122,1201.57,416.72,354.08,468.96,1,-1,-1,-1
984,123,842.93,508.27,207.41,364.87,1,-1,-1,-1
984,124,147.69,503.58,289.63,380.61,1,-1,-1,-1
984,125,499.54,564.86,245.82,314.16,1,-1,-1,-1
984,127,764.77,485.09,222.58,395.17,1,-1,-1,-1
984,129,1860.45,816.76,59.54,263.24,1,-1,-1,-1
984,130,788.47,531.14,127.20,318.19,1,-1,-1,-1
984,131,966.97,421.52,210.79,463.99,1,-1,-1,-1
985,91,602.37,566.42,201.84,313.72,1,-1,-1,-1
985,100,1443.11,443.32,305.23,438.96,1,-1,-1,-1
985,106,1118.61,570.60,192.64,304.24,1,-1,-1,-1
985,112,1438.52,461.58,287.60,412.02,1,-1,-1,-1
985,113,999.94,411.48,207.59,471.26,1,-1,-1,-1
985,118,597.53,386.72,364.04,508.87,1,-1,-1,-1
985,121,361.23,433.33,353.97,455.48,1,-1,-1,-1
985,122,1205.40,411.94,355.91,474.96,1,-1,-1,-1
985,123,833.09,530.71,205.34,341.02,1,-1,-1,-1
985,124,132.01,500.94,313.65,385.79,1,-1,-1,-1
985,125,503.81,565.52,228.83,313.60,1,-1,-1,-1
985,127,754.25,491.09,237.12,389.91,1,-1,-1,-1
985,129,1860.45,816.76,59.54,263.24,1,-1,-1,-1
985,130,788.47,531.14,127.20,318.19,1,-1,-1,-1
985,131,966.97,421.52,210.79,463.99,1,-1,-1,-1
985,132,563.35,384.19,374.04,512.54,1,-1,-1,-1
986,91,518.65,563.86,201.78,313.12,1,-1,-1,-1
986,100,1448.92,442.74,298.93,439.78,1,-1,-1,-1
986,106,1120.79,570.51,190.34,305.40,1,-1,-1,-1
986,112,1438.52,461.58,287.60,412.02,1,-1,-1,-1
986,113,998.75,414.51,208.94,470.74,1,-1,-1,-1
986,118,624.01,549.22,189.90,335.53,1,-1,-1,-1
986,121,344.47,423.58,350.36,462.82,1,-1,-1,-1
986,122,1206.22,409.98,354.34,476.56,1,-1,-1,-1
986,123,839.15,529.76,194.05,342.84,1,-1,-1,-1
986,124,131.91,499.16,321.68,387.42,1,-1,-1,-1
986,125,493.85,555.75,205.91,321.18,1,-1,-1,-1
986,127,756.79,493.12,232.79,386.33,1,-1,-1,-1
986,129,1860.45,816.76,59.54,263.24,1,-1,-1,-1
986,130,788.47,531.14,127.20,318.19,1,-1,-1,-1
986,131,966.97,421.52,210.79,463.99,1,-1,-1,-1
986,132,586.13,379.91,376.05,517.31,1,-1,-1,-1
987,91,522.62,562.47,195.37,312.16,1,-1,-1,-1
987,100,1442.62,442.78,306.64,439.37,1,-1,-1,-1
987,106,1117.56,569.88,192.69,306.50,1,-1,-1,-1
987,112,1438.52,461.58,287.60,412.02,1,-1,-1,-1
987,113,995.48,411.93,206.83,475.71,1,-1,-1,-1
987,118,616.31,569.07,182.82,308.78,1,-1,-1,-1
987,121,339.15,421.56,371.48,461.95,1,-1,-1,-1
987,122,1212.11,408.76,356.54,477.69,1,-1,-1,-1
987,123,856.29,532.17,179.64,341.21,1,-1,-1,-1
987,124,133.40,494.13,320.99,391.81,1,-1,-1,-1
987,125,495.01,551.71,205.95,323.35,1,-1,-1,-1
987,127,760.26,492.26,228.37,387.64,1,-1,-1,-1
987,129,1860.45,816.76,59.54,263.24,1,-1,-1,-1
987,130,788.47,531.14,127.20,318.19,1,-1,-1,-1
987,131,966.97,421.52,210.79,463.99,1,-1,-1,-1
987,132,601.45,382.38,369.44,515.07,1,-1,-1,-1
988,91,522.62,562.47,195.37,312.16,1,-1,-1,-1
988,100,1448.34,441.24,301.01,440.01,1,-1,-1,-1
988,106,1109.77,566.00,196.71,309.62,1,-1,-1,-1
988,112,1438.52,461.58,287.60,412.02,1,-1,-1,-1
988,113,993.44,410.89,212.79,475.50,1,-1,-1,-1
988,118,616.31,569.07,182.82,308.78,1,-1,-1,-1
988,121,348.65,422.87,341.63,457.35,1,-1,-1,-1
988,122,1213.69,407.64,353.51,478.78,1,-1,-1,-1
988,123,851.85,545.52,193.09,327.94,1,-1,-1,-1
988,124,137.90,490.78,316.42,391.46,1,-1,-1,-1
988,125,528.05,565.04,194.36,310.47,1,-1,-1,-1
988,127,744.48,489.16,247.53,391.79,1,-1,-1,-1
988,129,1860.45,816.76,59.54,263.24,1,-1,-1,-1
988,130,788.47,531.14,127.20,318.19,1,-1,-1,-1
988,131,966.97,421.52,210.79,463.99,1,-1,-1,-1
988,132,599.17,382.09,377.32,513.97,1,-1,-1,-1
989,91,522.62,562.47,195.37,312.16,1,-1,-1,-1
989,100,1458.76,441.31,292.28,440.53,1,-1,-1,-1
989,106,1113.59,563.77,191.55,309.69,1,-1,-1,-1
989,112,1438.52,461.58,287.60,412.02,1,-1,-1,-1
989,113,1004.55,409.90,203.41,474.66,1,-1,-1,-1
989,118,616.31,569.07,182.82,308.78,1,-1,-1,-1
989,121,360.89,421.41,346.53,460.24,1,-1,-1,-1
989,122,1215.51,405.69,360.75,479.27,1,-1,-1,-1
989,123,856.23,520.71,191.78,352.38,1,-1,-1,-1
989,124,144.60,495.20,306.72,384.72,1,-1,-1,-1
989,125,512.47,555.54,233.09,322.22,1,-1,-1,-1
989,127,749.84,491.43,239.54,390.79,1,-1,-1,-1
989,129,1860.45,816.76,59.54,263.24,1,-1,-1,-1
989,130,788.47,531.14,127.20,318.19,1,-1,-1,-1
989,131,966.97,421.52,210.79,463.99,1,-1,-1,-1
989,132,610.29,384.09,366.85,507.45,1,-1,-1,-1
990,91,505.68,535.51,221.53,333.39,1,-1,-1,-1
990,100,1460.71,439.16,296.63,442.14,1,-1,-1,-1
990,106,1113.68,562.45,201.86,309.65,1,-1,-1,-1
990,112,1438.52,461.58,287.60,412.02,1,-1,-1,-1
990,113,1011.34,411.12,210.15,472.10,1,-1,-1,-1
990,118,621.29,544.55,299.78,339.95,1,-1,-1,-1
990,121,364.24,424.15,316.14,453.60,1,-1,-1,-1
990,122,1223.54,404.95,384.22,478.38,1,-1,-1,-1
990,123,844.19,505.75,195.27,368.22,1,-1,-1,-1
990,124,174.98,495.93,273.09,375.55,1,-1,-1,-1
990,125,593.97,569.09,215.41,304.54,1,-1,-1,-1
990,127,741.05,514.60,246.64,366.23,1,-1,-1,-1
990,129,1860.45,816.76,59.54,263.24,1,-1,-1,-1
990,130,788.47,531.14,127.20,318.19,1,-1,-1,-1
990,131,966.97,421.52,210.79,463.99,1,-1,-1,-1
990,132,626.79,381.72,341.44,503.80,1,-1,-1,-1
991,91,502.40,513.68,197.52,346.83,1,-1,-1,-1
991,100,1460.36,439.44,299.04,440.56,1,-1,-1,-1
991,106,1114.54,564.92,205.81,306.48,1,-1,-1,-1
991,112,1438.52,461.58,287.60,412.02,1,-1,-1,-1
991,113,1014.91,414.88,216.41,466.54,1,-1,-1,-1
991,118,606.48,562.19,327.98,326.46,1,-1,-1,-1
991,121,363.77,426.83,296.74,450.47,1,-1,-1,-1
991,122,1221.53,404.82,384.99,478.04,1,-1,-1,-1
991,123,862.95,512.76,171.45,360.02,1,-1,-1,-1
991,124,161.85,497.48,269.60,376.40,1,-1,-1,-1
991,125,594.75,570.97,235.41,306.73,1,-1,-1,-1
991,127,739.10,526.65,229.86,354.65,1,-1,-1,-1
991,130,788.47,531.14,127.20,318.19,1,-1,-1,-1
991,131,966.97,421.52,210.79,463.99,1,-1,-1,-1
991,132,612.80,383.45,337.37,507.84,1,-1,-1,-1
992,91,510.19,509.83,181.88,346.89,1,-1,-1,-1
992,100,1446.60,437.91,314.50,441.18,1,-1,-1,-1
992,106,1118.02,563.44,204.21,308.78,1,-1,-1,-1
992,112,1438.52,461.58,287.60,412.02,1,-1,-1,-1
992,113,1012.43,418.21,216.19,460.55,1,-1,-1,-1
992,118,606.48,562.19,327.98,326.46,1,-1,-1,-1
992,121,354.12,427.65,300.20,455.44,1,-1,-1,-1
992,122,1225.37,404.97,365.05,477.99,1,-1,-1,-1
992,123,878.33,516.20,154.07,352.72,1,-1,-1,-1
992,124,146.05,498.42,267.66,381.28,1,-1,-1,-1
992,125,593.87,563.97,245.17,318.94,1,-1,-1,-1
992,127,757.26,502.97,214.23,375.91,1,-1,-1,-1
992,130,788.47,531.14,127.20,318.19,1,-1,-1,-1
992,131,966.97,421.52,210.79,463.99,1,-1,-1,-1
992,132,604.91,380.38,324.52,519.76,1,-1,-1,-1
993,91,467.12,503.64,227.73,370.24,1,-1,-1,-1
993,100,1464.96,438.30,297.00,440.75,1,-1,-1,-1
993,106,1118.01,562.62,206.10,310.57,1,-1,-1,-1
993,112,1438.52,461.58,287.60,412.02,1,-1,-1,-1
993,113,1018.50,424.90,211.69,456.23,1,-1,-1,-1
993,118,606.48,562.19,327.98,326.46,1,-1,-1,-1
993,121,351.84,429.28,303.73,457.99,1,-1,-1,-1
993,122,1228.66,404.84,375.01,478.27,1,-1,-1,-1
993,123,882.32,516.21,150.09,355.10,1,-1,-1,-1
993,124,141.28,500.09,266.22,382.75,1,-1,-1,-1
993,125,592.41,554.34,257.53,326.29,1,-1,-1,-1
993,127,782.42,504.55,191.72,373.47,1,-1,-1,-1
993,130,788.47,531.14,127.20,318.19,1,-1,-1,-1
993,131,966.97,421.52,210.79,463.99,1,-1,-1,-1
993,132,604.61,381.65,319.29,519.44,1,-1,-1,-1
994,91,469.66,504.95,219.31,374.31,1,-1,-1,-1
994,100,1467.28,437.82,296.14,439.64,1,-1,-1,-1
994,106,1122.59,560.79,203.33,312.01,1,-1,-1,-1
994,112,1438.52,461.58,287.60,412.02,1,-1,-1,-1
994,113,1009.79,429.82,222.44,454.09,1,-1,-1,-1
994,118,606.48,562.19,327.98,326.46,1,-1,-1,-1
994,121,351.39,430.25,310.51,455.15,1,-1,-1,-1
994,122,1225.93,404.39,359.89,479.57,1,-1,-1,-1
994,123,885.41,516.72,143.93,355.46,1,-1,-1,-1
994,124,142.60,500.77,267.34,381.36,1,-1,-1,-1
994,125,587.64,551.56,261.05,324.07,1,-1,-1,-1
994,127,790.60,510.06,185.11,366.64,1,-1,-1,-1
994,130,788.47,531.14,127.20,318.19,1,-1,-1,-1
994,131,966.97,421.52,210.79,463.99,1,-1,-1,-1
994,132,605.74,384.74,316.83,515.79,1,-1,-1,-1
995,91,466.73,502.82,217.93,372.46,1,-1,-1,-1
995,100,1483.78,436.21,289.04,442.00,1,-1,-1,-1
995,106,1131.84,558.29,203.75,311.50,1,-1,-1,-1
995,112,1438.52,461.58,287.60,412.02,1,-1,-1,-1
995,113,1021.38,420.88,209.91,462.11,1,-1,-1,-1
995,118,606.48,562.19,327.98,326.46,1,-1,-1,-1
995,121,358.10,424.89,304.53,456.21,1,-1,-1,-1
995,122,1239.98,404.06,390.09,476.41,1,-1,-1,-1
995,123,889.01,514.74,142.53,357.14,1,-1,-1,-1
995,124,155.64,503.37,270.85,374.19,1,-1,-1,-1
995,125,599.51,583.37,243.74,295.44,1,-1,-1,-1
995,127,768.18,499.53,211.91,378.88,1,-1,-1,-1
995,130,788.47,531.14,127.20,318.19,1,-1,-1,-1
995,131,966.97,421.52,210.79,463.99,1,-1,-1,-1
995,132,611.66,380.39,310.88,514.59,1,-1,-1,-1
996,91,462.63,501.90,222.50,371.54,1,-1,-1,-1
996,100,1484.78,437.55,298.84,440.13,1,-1,-1,-1
996,106,1139.66,554.71,199.96,313.27,1,-1,-1,-1
996,112,1438.52,461.58,287.60,412.02,1,-1,-1,-1
996,113,1025.14,418.97,201.95,461.17,1,-1,-1,-1
996,118,606.48,562.19,327.98,326.46,1,-1,-1,-1
996,121,362.02,421.95,302.31,459.23,1,-1,-1,-1
996,122,1248.73,406.62,364.27,474.97,1,-1,-1,-1
996,123,895.85,513.00,143.52,358.67,1,-1,-1,-1
996,124,155.68,501.18,265.21,378.19,1,-1,-1,-1
996,125,608.41,585.83,241.83,292.70,1,-1,-1,-1
996,127,774.87,496.80,208.92,383.00,1,-1,-1,-1
996,130,788.47,531.14,127.20,318.19,1,-1,-1,-1
996,131,966.97,421.52,210.79,463.99,1,-1,-1,-1
996,132,618.05,381.23,315.87,510.32,1,-1,-1,-1
997,91,499.61,506.31,192.13,361.12,1,-1,-1,-1
997,100,1486.06,443.14,301.81,434.72,1,-1,-1,-1
997,106,1142.24,556.02,203.82,312.78,1,-1,-1,-1
997,112,1438.52,461.58,287.60,412.02,1,-1,-1,-1
997,113,1027.58,421.83,202.98,456.72,1,-1,-1,-1
997,118,606.48,562.19,327.98,326.46,1,-1,-1,-1
997,121,367.61,418.64,295.17,463.85,1,-1,-1,-1
997,122,1253.45,406.97,386.80,475.06,1,-1,-1,-1
997,123,893.38,504.38,153.07,365.60,1,-1,-1,-1
997,124,161.76,502.47,269.59,375.99,1,-1,-1,-1
997,125,611.95,586.04,235.38,292.28,1,-1,-1,-1
997,127,772.86,492.17,220.91,388.31,1,-1,-1,-1
997,131,966.97,421.52,210.79,463.99,1,-1,-1,-1
997,132,620.63,379.01,319.23,511.77,1,-1,-1,-1
998,91,525.46,506.33,165.96,353.55,1,-1,-1,-1
998,100,1485.16,437.12,302.88,440.71,1,-1,-1,-1
998,106,1168.18,560.03,184.52,305.27,1,-1,-1,-1
998,112,1438.52,461.58,287.60,412.02,1,-1,-1,-1
998,113,1029.14,399.56,243.11,479.22,1,-1,-1,-1
998,118,606.48,562.19,327.98,326.46,1,-1,-1,-1
998,121,376.02,416.88,293.16,462.02,1,-1,-1,-1
998,122,1275.08,406.44,322.36,475.30,1,-1,-1,-1
998,123,882.42,502.54,166.95,365.28,1,-1,-1,-1
998,124,169.54,500.19,261.06,379.07,1,-1,-1,-1
998,125,611.95,586.04,235.38,292.28,1,-1,-1,-1
998,127,745.17,485.32,252.35,392.33,1,-1,-1,-1
998,131,966.97,421.52,210.79,463.99,1,-1,-1,-1
998,132,625.39,376.10,315.58,515.83,1,-1,-1,-1
999,91,513.01,502.75,194.39,361.59,1,-1,-1,-1
999,100,1491.49,436.41,295.68,442.47,1,-1,-1,-1
999,106,1180.47,560.76,181.27,303.35,1,-1,-1,-1
999,112,1438.52,461.58,287.60,412.02,1,-1,-1,-1
999,113,1026.42,370.98,203.57,506.55,1,-1,-1,-1
999,118,982.93,500.77,202.50,375.83,1,-1,-1,-1
999,121,378.58,415.29,294.97,466.30,1,-1,-1,-1
999,122,1301.14,405.13,290.41,475.10,1,-1,-1,-1
999,123,883.61,498.03,176.67,367.38,1,-1,-1,-1
999,124,180.74,498.52,259.38,377.76,1,-1,-1,-1
999,125,623.67,562.59,217.82,316.09,1,-1,-1,-1
999,127,803.89,485.12,207.43,390.19,1,-1,-1,-1
999,131,966.97,421.52,210.79,463.99,1,-1,-1,-1
999,132,633.54,375.67,323.84,516.26,1,-1,-1,-1
1000,91,514.31,503.81,215.10,368.48,1,-1,-1,-1
1000,100,1532.24,445.12,262.39,433.01,1,-1,-1,-1
1000,106,1184.03,562.81,184.99,301.13,1,-1,-1,-1
1000,112,1530.55,442.87,260.25,435.75,1,-1,-1,-1
1000,113,1026.74,388.46,219.05,494.37,1,-1,-1,-1
1000,118,1022.22,400.12,227.17,484.13,1,-1,-1,-1
1000,121,391.45,413.60,300.76,467.19,1,-1,-1,-1
1000,122,1350.42,403.06,252.24,475.95,1,-1,-1,-1
1000,123,883.67,501.36,191.45,365.60,1,-1,-1,-1
1000,124,184.03,495.82,270.25,380.65,1,-1,-1,-1
1000,125,623.67,562.59,217.82,316.09,1,-1,-1,-1
1000,127,816.62,491.85,200.14,384.07,1,-1,-1,-1
1000,131,966.97,421.52,210.79,463.99,1,-1,-1,-1
1000,132,647.74,372.66,322.22,519.22,1,-1,-1,-1
1001,91,518.88,503.04,216.98,370.60,1,-1,-1,-1
1001,100,1532.24,445.12,262.39,433.01,1,-1,-1,-1
1001,106,1185.30,563.59,188.79,295.32,1,-1,-1,-1
1001,112,1550.65,443.02,221.53,428.93,1,-1,-1,-1
1001,113,1033.14,397.11,228.79,487.30,1,-1,-1,-1
1001,118,1022.22,400.12,227.17,484.13,1,-1,-1,-1
1001,121,396.76,413.32,298.24,465.55,1,-1,-1,-1
1001,122,1359.44,404.89,258.89,473.06,1,-1,-1,-1
1001,123,892.62,503.21,178.64,361.83,1,-1,-1,-1
1001,124,184.03,495.82,270.25,380.65,1,-1,-1,-1
1001,125,623.67,562.59,217.82,316.09,1,-1,-1,-1
1001,127,818.52,499.28,200.75,378.02,1,-1,-1,-1
1001,131,966.97,421.52,210.79,463.99,1,-1,-1,-1
1001,132,652.66,374.39,320.51,516.85,1,-1,-1,-1
1002,91,520.81,503.28,216.22,373.40,1,-1,-1,-1
1002,100,1571.78,449.99,234.36,418.40,1,-1,-1,-1
1002,106,1187.55,572.30,184.62,288.45,1,-1,-1,-1
1002,112,1550.65,443.02,221.53,428.93,1,-1,-1,-1
1002,113,1033.18,398.56,244.04,485.64,1,-1,-1,-1
1002,118,1034.41,396.67,243.71,488.31,1,-1,-1,-1
1002,121,399.47,416.29,310.58,463.44,1,-1,-1,-1
1002,122,1380.14,403.47,262.77,474.87,1,-1,-1,-1
1002,123,896.23,506.65,172.15,358.01,1,-1,-1,-1
1002,124,184.03,495.82,270.25,380.65,1,-1,-1,-1
1002,125,623.67,562.59,217.82,316.09,1,-1,-1,-1
1002,127,815.26,505.19,206.11,371.95,1,-1,-1,-1
1002,131,966.97,421.52,210.79,463.99,1,-1,-1,-1
1002,132,657.02,374.52,329.93,518.31,1,-1,-1,-1
1003,91,527.44,502.74,219.42,373.07,1,-1,-1,-1
1003,100,1574.85,453.58,254.90,411.41,1,-1,-1,-1
1003,106,1187.30,564.54,184.72,291.66,1,-1,-1,-1
1003,112,1435.81,407.47,265.28,464.79,1,-1,-1,-1
1003,113,1046.18,382.13,279.83,498.58,1,-1,-1,-1
1003,118,1034.41,396.67,243.71,488.31,1,-1,-1,-1
1003,121,412.18,419.71,299.68,455.84,1,-1,-1,-1
1003,122,1413.30,493.09,189.70,373.68,1,-1,-1,-1
1003,123,908.66,509.58,172.71,352.69,1,-1,-1,-1
1003,124,201.54,496.59,271.73,379.68,1,-1,-1,-1
1003,125,623.67,562.59,217.82,316.09,1,-1,-1,-1
1003,127,813.16,509.40,217.43,362.63,1,-1,-1,-1
1003,131,966.97,421.52,210.79,463.99,1,-1,-1,-1
1003,132,667.03,374.50,320.26,515.74,1,-1,-1,-1
1004,91,528.11,502.69,219.74,373.03,1,-1,-1,-1
1004,100,1575.16,453.94,256.95,410.71,1,-1,-1,-1
1004,106,1187.27,563.77,184.73,291.98,1,-1,-1,-1
1004,112,1424.33,403.92,269.65,468.38,1,-1,-1,-1
1004,113,1047.48,380.48,283.41,499.88,1,-1,-1,-1
1004,118,1034.41,396.67,243.71,488.31,1,-1,-1,-1
1004,121,413.45,420.05,298.59,455.07,1,-1,-1,-1
1004,122,1416.62,502.05,182.39,363.56,1,-1,-1,-1
1004,123,909.90,509.88,172.76,352.16,1,-1,-1,-1
1004,124,203.29,496.67,271.87,379.58,1,-1,-1,-1
1004,125,623.67,562.59,217.82,316.09,1,-1,-1,-1
1004,127,812.95,509.82,218.56,361.70,1,-1,-1,-1
1004,131,966.97,421.52,210.79,463.99,1,-1,-1,-1
1004,132,668.03,374.50,319.30,515.49,1,-1,-1,-1
